Year,GrandPrix,Round,Country,Location,Time,Driver,DriverNumber,LapTime,LapNumber,Stint,PitOutTime,DriverFullName,PitInTime,Sector1Time,Sector2Time,Sector3Time,Sector1SessionTime,Sector2SessionTime,Sector3SessionTime,SpeedI1,SpeedI2,SpeedFL,SpeedST,IsPersonalBest,Compound,TyreLife,FreshTyre,Team,LapStartTime,LapStartDate,TrackStatus,Position,Deleted,DeletedReason,FastF1Generated,IsAccurate,AirTemp,Humidity,Pressure,Rainfall,TrackTemp,WindDirection,WindSpeed,HasGreen,HasYellow,HasSafetyCar,HasRedFlag,HasVSC,HasVSCEnding,GapToLeader,IntervalToPositionAhead,GapToLeaderSeconds,IntervalToPositionAheadSeconds,TimeSeconds,LapTimeSeconds,PitInTimeSeconds,PitOutTimeSeconds,Sector1TimeSeconds,Sector2TimeSeconds,Sector3TimeSeconds,Sector1SessionTimeSeconds,Sector2SessionTimeSeconds,Sector3SessionTimeSeconds,LapStartTimeSeconds
2019,Bahrain Grand Prix,2,Bahrain,Sakhir,0 days 00:35:16.901000,GAS,10,0 days 00:01:45.321000,1.0,1.0,,Pierre Gasly,,,0 days 00:00:45.050000,0 days 00:00:24.597000,,0 days 00:34:52.360000,0 days 00:35:17.110000,233.0,240.0,276.0,238.0,False,SOFT,4.0,False,Red Bull Racing,0 days 00:33:31.386000,,12,12.0,False,,False,False,26.1,54.5,1003.3,False,29.2,16,2.3,True,True,False,False,False,False,+7.758,+0.730,7.758,0.73,2116.901,105.321,,,,45.05,24.597,,2092.36,2117.11,2011.386
2019,Bahrain Grand Prix,2,Bahrain,Sakhir,0 days 00:36:56.017000,GAS,10,0 days 00:01:39.116000,2.0,1.0,,Pierre Gasly,,0 days 00:00:31.173000,0 days 00:00:43.410000,0 days 00:00:24.533000,0 days 00:35:48.088000,0 days 00:36:31.498000,0 days 00:36:56.031000,236.0,243.0,277.0,288.0,True,SOFT,5.0,False,Red Bull Racing,0 days 00:35:16.901000,,12,12.0,False,,False,True,26.1,53.9,1003.5,False,29.3,22,2.3,True,True,False,False,False,False,+10.280,+1.002,10.28,1.002,2216.017,99.116,,,31.173,43.41,24.533,2148.088,2191.498,2216.031,2116.901
2019,Bahrain Grand Prix,2,Bahrain,Sakhir,0 days 00:38:34.811000,GAS,10,0 days 00:01:38.794000,3.0,1.0,,Pierre Gasly,,0 days 00:00:31.088000,0 days 00:00:43.260000,0 days 00:00:24.446000,0 days 00:37:27.119000,0 days 00:38:10.379000,0 days 00:38:34.825000,237.0,241.0,288.0,297.0,True,SOFT,6.0,False,Red Bull Racing,0 days 00:36:56.017000,,1,12.0,False,,False,True,26.2,53.6,1003.4,False,29.3,11,1.6,True,False,False,False,False,False,+12.153,+0.748,12.153,0.748,2314.811,98.794,,,31.088,43.26,24.446,2247.119,2290.379,2314.825,2216.017
2019,Bahrain Grand Prix,2,Bahrain,Sakhir,0 days 00:40:14.814000,GAS,10,0 days 00:01:40.003000,4.0,1.0,,Pierre Gasly,,0 days 00:00:30.658000,0 days 00:00:44.753000,0 days 00:00:24.592000,0 days 00:39:05.483000,0 days 00:39:50.236000,0 days 00:40:14.828000,237.0,240.0,286.0,318.0,False,SOFT,7.0,False,Red Bull Racing,0 days 00:38:34.811000,,12,11.0,False,,False,True,26.2,53.8,1003.4,False,29.3,36,1.9,True,True,False,False,False,False,+14.821,+0.507,14.821,0.507,2414.814,100.003,,,30.658,44.753,24.592,2345.483,2390.236,2414.828,2314.811
2019,Bahrain Grand Prix,2,Bahrain,Sakhir,0 days 00:41:53.388000,GAS,10,0 days 00:01:38.574000,5.0,1.0,,Pierre Gasly,,0 days 00:00:30.852000,0 days 00:00:43.327000,0 days 00:00:24.395000,0 days 00:40:45.680000,0 days 00:41:29.007000,0 days 00:41:53.402000,237.0,245.0,287.0,313.0,True,SOFT,8.0,False,Red Bull Racing,0 days 00:40:14.814000,,1,11.0,False,,False,True,26.2,54.0,1003.5,False,29.2,41,3.1,True,False,False,False,False,False,+15.247,+0.582,15.247,0.582,2513.388,98.574,,,30.852,43.327,24.395,2445.68,2489.007,2513.402,2414.814
2019,Bahrain Grand Prix,2,Bahrain,Sakhir,0 days 00:43:32.731000,GAS,10,0 days 00:01:39.343000,6.0,1.0,,Pierre Gasly,,0 days 00:00:30.859000,0 days 00:00:43.662000,0 days 00:00:24.822000,0 days 00:42:24.261000,0 days 00:43:07.923000,0 days 00:43:32.745000,233.0,238.0,290.0,319.0,False,SOFT,9.0,False,Red Bull Racing,0 days 00:41:53.388000,,12,11.0,False,,False,True,26.2,54.2,1003.5,False,29.3,59,3.4,True,True,False,False,False,False,+17.741,+0.472,17.741,0.472,2612.731,99.343,,,30.859,43.662,24.822,2544.261,2587.923,2612.745,2513.388
2019,Bahrain Grand Prix,2,Bahrain,Sakhir,0 days 00:45:12.843000,GAS,10,0 days 00:01:40.112000,7.0,1.0,,Pierre Gasly,,0 days 00:00:31.091000,0 days 00:00:44.741000,0 days 00:00:24.280000,0 days 00:44:03.836000,0 days 00:44:48.577000,0 days 00:45:12.857000,227.0,242.0,291.0,323.0,False,SOFT,10.0,False,Red Bull Racing,0 days 00:43:32.731000,,1,12.0,False,,False,True,26.2,54.3,1003.4,False,29.2,3,2.3,True,False,False,False,False,False,+20.785,+0.430,20.785,0.43,2712.843,100.112,,,31.091,44.741,24.28,2643.836,2688.577,2712.857,2612.731
2019,Bahrain Grand Prix,2,Bahrain,Sakhir,0 days 00:46:52.032000,GAS,10,0 days 00:01:39.189000,8.0,1.0,,Pierre Gasly,,0 days 00:00:31.139000,0 days 00:00:43.515000,0 days 00:00:24.535000,0 days 00:45:43.996000,0 days 00:46:27.511000,0 days 00:46:52.046000,232.0,247.0,289.0,299.0,False,SOFT,11.0,False,Red Bull Racing,0 days 00:45:12.843000,,1,12.0,False,,False,True,26.2,54.2,1003.6,False,29.1,40,2.9,True,False,False,False,False,False,+22.182,+0.439,22.182,0.439,2812.032,99.189,,,31.139,43.515,24.535,2743.996,2787.511,2812.046,2712.843
2019,Bahrain Grand Prix,2,Bahrain,Sakhir,0 days 00:48:34.229000,GAS,10,0 days 00:01:42.197000,9.0,1.0,,Pierre Gasly,0 days 00:48:33.019000,0 days 00:00:30.940000,0 days 00:00:44.230000,0 days 00:00:27.027000,0 days 00:47:22.986000,0 days 00:48:07.216000,0 days 00:48:34.243000,237.0,248.0,,324.0,False,SOFT,12.0,False,Red Bull Racing,0 days 00:46:52.032000,,1,13.0,False,,False,False,26.2,54.4,1003.6,False,29.1,49,2.9,True,False,False,False,False,False,+24.742,+0.742,24.742,0.742,2914.229,102.197,2913.019,,30.94,44.23,27.027,2842.986,2887.216,2914.243,2812.032
2019,Bahrain Grand Prix,2,Bahrain,Sakhir,0 days 00:50:33.876000,GAS,10,0 days 00:01:59.647000,10.0,2.0,0 days 00:49:00.214000,Pierre Gasly,,0 days 00:00:54.237000,0 days 00:00:41.858000,0 days 00:00:23.552000,0 days 00:49:28.480000,0 days 00:50:10.338000,0 days 00:50:33.890000,239.0,247.0,291.0,217.0,False,SOFT,1.0,True,Red Bull Racing,0 days 00:48:34.229000,,1,17.0,False,,False,False,26.2,54.3,1003.6,False,28.9,41,2.7,True,False,False,False,False,False,+49.560,+0.415,49.56,0.415,3033.876,119.647,,2940.214,54.237,41.858,23.552,2968.48,3010.338,3033.89,2914.229
2019,Bahrain Grand Prix,2,Bahrain,Sakhir,0 days 00:52:11.055000,GAS,10,0 days 00:01:37.179000,11.0,2.0,,Pierre Gasly,,0 days 00:00:31.193000,0 days 00:00:42.211000,0 days 00:00:23.775000,0 days 00:51:05.083000,0 days 00:51:47.294000,0 days 00:52:11.069000,235.0,249.0,290.0,323.0,True,SOFT,2.0,True,Red Bull Racing,0 days 00:50:33.876000,,1,17.0,False,,False,True,26.1,54.9,1003.6,False,28.8,22,1.9,True,False,False,False,False,False,+49.546,+0.446,49.546,0.446,3131.055,97.179,,,31.193,42.211,23.775,3065.083,3107.294,3131.069,3033.876
2019,Bahrain Grand Prix,2,Bahrain,Sakhir,0 days 00:53:47.548000,GAS,10,0 days 00:01:36.493000,12.0,2.0,,Pierre Gasly,,0 days 00:00:30.389000,0 days 00:00:42.253000,0 days 00:00:23.851000,0 days 00:52:41.458000,0 days 00:53:23.711000,0 days 00:53:47.562000,235.0,247.0,280.0,324.0,True,SOFT,3.0,True,Red Bull Racing,0 days 00:52:11.055000,,12,14.0,False,,False,True,26.1,55.0,1003.5,False,28.8,33,1.7,True,True,False,False,False,False,+48.532,+1.020,48.532,1.02,3227.548,96.493,,,30.389,42.253,23.851,3161.458,3203.711,3227.562,3131.055
2019,Bahrain Grand Prix,2,Bahrain,Sakhir,0 days 00:55:24.367000,GAS,10,0 days 00:01:36.819000,13.0,2.0,,Pierre Gasly,,0 days 00:00:30.639000,0 days 00:00:42.222000,0 days 00:00:23.958000,0 days 00:54:18.201000,0 days 00:55:00.423000,0 days 00:55:24.381000,234.0,247.0,278.0,300.0,False,SOFT,4.0,True,Red Bull Racing,0 days 00:53:47.548000,,1,13.0,False,,False,True,26.1,54.9,1003.6,False,28.8,31,2.5,True,False,False,False,False,False,+44.193,+1.187,44.193,1.187,3324.367,96.819,,,30.639,42.222,23.958,3258.201,3300.423,3324.381,3227.548
2019,Bahrain Grand Prix,2,Bahrain,Sakhir,0 days 00:57:00.934000,GAS,10,0 days 00:01:36.567000,14.0,2.0,,Pierre Gasly,,0 days 00:00:30.493000,0 days 00:00:42.233000,0 days 00:00:23.841000,0 days 00:55:54.874000,0 days 00:56:37.107000,0 days 00:57:00.948000,236.0,253.0,286.0,300.0,False,SOFT,5.0,True,Red Bull Racing,0 days 00:55:24.367000,,1,13.0,False,,False,True,26.1,55.2,1003.7,False,28.9,352,1.6,True,False,False,False,False,False,+26.953,+0.884,26.953,0.884,3420.934,96.567,,,30.493,42.233,23.841,3354.874,3397.107,3420.948,3324.367
2019,Bahrain Grand Prix,2,Bahrain,Sakhir,0 days 00:58:38.601000,GAS,10,0 days 00:01:37.667000,15.0,2.0,,Pierre Gasly,,0 days 00:00:30.683000,0 days 00:00:42.987000,0 days 00:00:23.997000,0 days 00:57:31.631000,0 days 00:58:14.618000,0 days 00:58:38.615000,237.0,250.0,286.0,315.0,False,SOFT,6.0,True,Red Bull Racing,0 days 00:57:00.934000,,1,13.0,False,,False,True,26.1,55.2,1003.7,False,28.8,26,2.1,True,False,False,False,False,False,+29.493,+0.765,29.493,0.765,3518.601,97.667,,,30.683,42.987,23.997,3451.631,3494.618,3518.615,3420.934
2019,Bahrain Grand Prix,2,Bahrain,Sakhir,0 days 01:00:16.166000,GAS,10,0 days 00:01:37.565000,16.0,2.0,,Pierre Gasly,,0 days 00:00:30.728000,0 days 00:00:42.971000,0 days 00:00:23.866000,0 days 00:59:09.343000,0 days 00:59:52.314000,0 days 01:00:16.180000,237.0,247.0,291.0,316.0,False,SOFT,7.0,True,Red Bull Racing,0 days 00:58:38.601000,,1,13.0,False,,False,True,26.1,55.3,1003.7,False,28.8,17,2.0,True,False,False,False,False,False,+32.251,+0.506,32.251,0.506,3616.166,97.565,,,30.728,42.971,23.866,3549.343,3592.314,3616.18,3518.601
2019,Bahrain Grand Prix,2,Bahrain,Sakhir,0 days 01:01:54.236000,GAS,10,0 days 00:01:38.070000,17.0,2.0,,Pierre Gasly,,0 days 00:00:31.162000,0 days 00:00:43.059000,0 days 00:00:23.849000,0 days 01:00:47.342000,0 days 01:01:30.401000,0 days 01:01:54.250000,234.0,251.0,278.0,326.0,False,SOFT,8.0,True,Red Bull Racing,0 days 01:00:16.166000,,1,11.0,False,,False,True,26.1,55.5,1003.7,False,28.7,34,2.4,True,False,False,False,False,False,+35.050,+3.048,35.05,3.048,3714.236,98.07,,,31.162,43.059,23.849,3647.342,3690.401,3714.25,3616.166
2019,Bahrain Grand Prix,2,Bahrain,Sakhir,0 days 01:03:31.709000,GAS,10,0 days 00:01:37.473000,18.0,2.0,,Pierre Gasly,,0 days 00:00:30.835000,0 days 00:00:42.823000,0 days 00:00:23.815000,0 days 01:02:25.085000,0 days 01:03:07.908000,0 days 01:03:31.723000,237.0,243.0,278.0,294.0,False,SOFT,9.0,True,Red Bull Racing,0 days 01:01:54.236000,,1,11.0,False,,False,True,26.1,55.2,1003.7,False,28.7,27,2.1,True,False,False,False,False,False,+37.065,+2.376,37.065,2.376,3811.709,97.473,,,30.835,42.823,23.815,3745.085,3787.908,3811.723,3714.236
2019,Bahrain Grand Prix,2,Bahrain,Sakhir,0 days 01:05:09.761000,GAS,10,0 days 00:01:38.052000,19.0,2.0,,Pierre Gasly,,0 days 00:00:30.822000,0 days 00:00:43.092000,0 days 00:00:24.138000,0 days 01:04:02.545000,0 days 01:04:45.637000,0 days 01:05:09.775000,236.0,237.0,277.0,297.0,False,SOFT,10.0,True,Red Bull Racing,0 days 01:03:31.709000,,1,11.0,False,,False,True,26.1,54.8,1003.7,False,28.8,85,2.2,True,False,False,False,False,False,+39.339,+2.059,39.339,2.059,3909.761,98.052,,,30.822,43.092,24.138,3842.545,3885.637,3909.775,3811.709
2019,Bahrain Grand Prix,2,Bahrain,Sakhir,0 days 01:06:47.442000,GAS,10,0 days 00:01:37.681000,20.0,2.0,,Pierre Gasly,,0 days 00:00:30.761000,0 days 00:00:42.982000,0 days 00:00:23.938000,0 days 01:05:40.536000,0 days 01:06:23.518000,0 days 01:06:47.456000,238.0,252.0,278.0,298.0,False,SOFT,11.0,True,Red Bull Racing,0 days 01:05:09.761000,,1,11.0,False,,False,True,26.2,53.6,1003.7,False,29.0,345,2.5,True,False,False,False,False,False,+40.971,+1.240,40.971,1.24,4007.442,97.681,,,30.761,42.982,23.938,3940.536,3983.518,4007.456,3909.761
2019,Bahrain Grand Prix,2,Bahrain,Sakhir,0 days 01:08:25.065000,GAS,10,0 days 00:01:37.623000,21.0,2.0,,Pierre Gasly,,0 days 00:00:30.875000,0 days 00:00:42.680000,0 days 00:00:24.068000,0 days 01:07:18.331000,0 days 01:08:01.011000,0 days 01:08:25.079000,237.0,252.0,289.0,300.0,False,SOFT,12.0,True,Red Bull Racing,0 days 01:06:47.442000,,1,11.0,False,,False,True,26.3,53.4,1003.5,False,29.0,31,3.0,True,False,False,False,False,False,+42.651,+0.661,42.651,0.661,4105.065,97.623,,,30.875,42.68,24.068,4038.331,4081.011,4105.079,4007.442
2019,Bahrain Grand Prix,2,Bahrain,Sakhir,0 days 01:10:03.152000,GAS,10,0 days 00:01:38.087000,22.0,2.0,,Pierre Gasly,,0 days 00:00:30.532000,0 days 00:00:43.682000,0 days 00:00:23.873000,0 days 01:08:55.611000,0 days 01:09:39.293000,0 days 01:10:03.166000,237.0,252.0,277.0,327.0,False,SOFT,13.0,True,Red Bull Racing,0 days 01:08:25.065000,,1,10.0,False,,False,True,26.3,52.8,1003.5,False,28.8,50,2.2,True,False,False,False,False,False,+44.580,+7.231,44.58,7.231,4203.152,98.087,,,30.532,43.682,23.873,4135.611,4179.293,4203.166,4105.065
2019,Bahrain Grand Prix,2,Bahrain,Sakhir,0 days 01:11:41.581000,GAS,10,0 days 00:01:38.429000,23.0,2.0,,Pierre Gasly,,0 days 00:00:31.009000,0 days 00:00:43.411000,0 days 00:00:24.009000,0 days 01:10:34.175000,0 days 01:11:17.586000,0 days 01:11:41.595000,237.0,243.0,277.0,300.0,False,SOFT,14.0,True,Red Bull Racing,0 days 01:10:03.152000,,1,10.0,False,,False,True,26.4,51.9,1003.6,False,28.9,59,2.1,True,False,False,False,False,False,+46.903,+7.478,46.903,7.478,4301.581,98.429,,,31.009,43.411,24.009,4234.175,4277.586,4301.595,4203.152
2019,Bahrain Grand Prix,2,Bahrain,Sakhir,0 days 01:13:19.546000,GAS,10,0 days 00:01:37.965000,24.0,2.0,,Pierre Gasly,,0 days 00:00:30.935000,0 days 00:00:43.139000,0 days 00:00:23.891000,0 days 01:12:12.530000,0 days 01:12:55.669000,0 days 01:13:19.560000,237.0,241.0,279.0,296.0,False,SOFT,15.0,True,Red Bull Racing,0 days 01:11:41.581000,,1,10.0,False,,False,True,26.4,51.3,1003.3,False,28.9,9,2.9,True,False,False,False,False,False,+48.647,+10.117,48.647,10.117,4399.546,97.965,,,30.935,43.139,23.891,4332.53,4375.669,4399.56,4301.581
2019,Bahrain Grand Prix,2,Bahrain,Sakhir,0 days 01:14:57.565000,GAS,10,0 days 00:01:38.019000,25.0,2.0,,Pierre Gasly,,0 days 00:00:30.973000,0 days 00:00:42.991000,0 days 00:00:24.055000,0 days 01:13:50.533000,0 days 01:14:33.524000,0 days 01:14:57.579000,236.0,245.0,278.0,297.0,False,SOFT,16.0,True,Red Bull Racing,0 days 01:13:19.546000,,1,9.0,False,,False,True,26.5,51.3,1003.4,False,28.9,37,2.2,True,False,False,False,False,False,+50.382,+6.808,50.382,6.808,4497.565,98.019,,,30.973,42.991,24.055,4430.533,4473.524,4497.579,4399.546
2019,Bahrain Grand Prix,2,Bahrain,Sakhir,0 days 01:16:35.525000,GAS,10,0 days 00:01:37.960000,26.0,2.0,,Pierre Gasly,,0 days 00:00:30.929000,0 days 00:00:43.133000,0 days 00:00:23.898000,0 days 01:15:28.508000,0 days 01:16:11.641000,0 days 01:16:35.539000,236.0,237.0,278.0,298.0,False,SOFT,17.0,True,Red Bull Racing,0 days 01:14:57.565000,,1,9.0,False,,False,True,26.5,50.9,1003.4,False,28.8,39,2.1,True,False,False,False,False,False,+52.043,+5.935,52.043,5.935,4595.525,97.96,,,30.929,43.133,23.898,4528.508,4571.641,4595.539,4497.565
2019,Bahrain Grand Prix,2,Bahrain,Sakhir,0 days 01:18:13.585000,GAS,10,0 days 00:01:38.060000,27.0,2.0,,Pierre Gasly,,0 days 00:00:30.964000,0 days 00:00:43.190000,0 days 00:00:23.906000,0 days 01:17:06.503000,0 days 01:17:49.693000,0 days 01:18:13.599000,235.0,242.0,279.0,301.0,False,SOFT,18.0,True,Red Bull Racing,0 days 01:16:35.525000,,1,9.0,False,,False,True,26.5,50.4,1003.3,False,28.8,44,2.5,True,False,False,False,False,False,+53.138,+5.195,53.138,5.195,4693.585,98.06,,,30.964,43.19,23.906,4626.503,4669.693,4693.599,4595.525
2019,Bahrain Grand Prix,2,Bahrain,Sakhir,0 days 01:19:52.337000,GAS,10,0 days 00:01:38.752000,28.0,2.0,,Pierre Gasly,,0 days 00:00:31.180000,0 days 00:00:43.521000,0 days 00:00:24.051000,0 days 01:18:44.779000,0 days 01:19:28.300000,0 days 01:19:52.351000,236.0,246.0,278.0,303.0,False,SOFT,19.0,True,Red Bull Racing,0 days 01:18:13.585000,,1,9.0,False,,False,True,26.5,49.0,1003.2,False,28.8,40,3.2,True,False,False,False,False,False,+54.644,+4.772,54.644,4.772,4792.337,98.752,,,31.18,43.521,24.051,4724.779,4768.3,4792.351,4693.585
2019,Bahrain Grand Prix,2,Bahrain,Sakhir,0 days 01:21:30.534000,GAS,10,0 days 00:01:38.197000,29.0,2.0,,Pierre Gasly,,0 days 00:00:30.983000,0 days 00:00:43.148000,0 days 00:00:24.066000,0 days 01:20:23.334000,0 days 01:21:06.482000,0 days 01:21:30.548000,236.0,244.0,279.0,302.0,False,SOFT,20.0,True,Red Bull Racing,0 days 01:19:52.337000,,1,9.0,False,,False,True,26.6,48.9,1003.3,False,28.9,12,2.3,True,False,False,False,False,False,+56.092,+4.279,56.092,4.279,4890.534,98.197,,,30.983,43.148,24.066,4823.334,4866.482,4890.548,4792.337
2019,Bahrain Grand Prix,2,Bahrain,Sakhir,0 days 01:23:08.936000,GAS,10,0 days 00:01:38.402000,30.0,2.0,,Pierre Gasly,,0 days 00:00:30.879000,0 days 00:00:43.622000,0 days 00:00:23.901000,0 days 01:22:01.427000,0 days 01:22:45.049000,0 days 01:23:08.950000,237.0,238.0,279.0,304.0,False,SOFT,21.0,True,Red Bull Racing,0 days 01:21:30.534000,,1,9.0,False,,False,True,26.6,48.9,1003.4,False,28.7,22,2.9,True,False,False,False,False,False,+57.452,+3.144,57.452,3.144,4988.936,98.402,,,30.879,43.622,23.901,4921.427,4965.049,4988.95,4890.534
2019,Bahrain Grand Prix,2,Bahrain,Sakhir,0 days 01:24:47.625000,GAS,10,0 days 00:01:38.689000,31.0,2.0,,Pierre Gasly,,0 days 00:00:30.913000,0 days 00:00:43.767000,0 days 00:00:24.009000,0 days 01:23:39.863000,0 days 01:24:23.630000,0 days 01:24:47.639000,236.0,240.0,279.0,304.0,False,SOFT,22.0,True,Red Bull Racing,0 days 01:23:08.936000,,1,9.0,False,,False,True,26.6,49.2,1003.4,False,28.6,50,2.5,True,False,False,False,False,False,+59.467,+3.337,59.467,3.337,5087.625,98.689,,,30.913,43.767,24.009,5019.863,5063.63,5087.639,4988.936
2019,Bahrain Grand Prix,2,Bahrain,Sakhir,0 days 01:26:25.978000,GAS,10,0 days 00:01:38.353000,32.0,2.0,,Pierre Gasly,,0 days 00:00:30.858000,0 days 00:00:43.477000,0 days 00:00:24.018000,0 days 01:25:18.497000,0 days 01:26:01.974000,0 days 01:26:25.992000,236.0,245.0,279.0,303.0,False,SOFT,23.0,True,Red Bull Racing,0 days 01:24:47.625000,,1,9.0,False,,False,True,26.6,49.4,1003.3,False,28.6,9,2.4,True,False,False,False,False,False,+60.652,+2.948,60.652,2.948,5185.978,98.353,,,30.858,43.477,24.018,5118.497,5161.974,5185.992,5087.625
2019,Bahrain Grand Prix,2,Bahrain,Sakhir,0 days 01:28:04.785000,GAS,10,0 days 00:01:38.807000,33.0,2.0,,Pierre Gasly,,0 days 00:00:31.065000,0 days 00:00:43.564000,0 days 00:00:24.178000,0 days 01:26:57.057000,0 days 01:27:40.621000,0 days 01:28:04.799000,237.0,245.0,280.0,304.0,False,SOFT,24.0,True,Red Bull Racing,0 days 01:26:25.978000,,1,7.0,False,,False,True,26.6,49.7,1003.2,False,28.4,19,2.6,True,False,False,False,False,False,+62.825,+1.147,62.825,1.147,5284.785,98.807,,,31.065,43.564,24.178,5217.057,5260.621,5284.799,5185.978
2019,Bahrain Grand Prix,2,Bahrain,Sakhir,0 days 01:29:43.191000,GAS,10,0 days 00:01:38.406000,34.0,2.0,,Pierre Gasly,,0 days 00:00:30.961000,0 days 00:00:43.450000,0 days 00:00:23.995000,0 days 01:28:35.760000,0 days 01:29:19.210000,0 days 01:29:43.205000,235.0,239.0,280.0,305.0,False,SOFT,25.0,True,Red Bull Racing,0 days 01:28:04.785000,,1,7.0,False,,False,True,26.6,49.9,1003.2,False,28.4,54,2.6,True,False,False,False,False,False,+64.139,+6.012,64.139,6.012,5383.191,98.406,,,30.961,43.45,23.995,5315.76,5359.21,5383.205,5284.785
2019,Bahrain Grand Prix,2,Bahrain,Sakhir,0 days 01:31:22.040000,GAS,10,0 days 00:01:38.849000,35.0,2.0,,Pierre Gasly,,0 days 00:00:31.101000,0 days 00:00:43.696000,0 days 00:00:24.052000,0 days 01:30:14.306000,0 days 01:30:58.002000,0 days 01:31:22.054000,236.0,243.0,280.0,304.0,False,SOFT,26.0,True,Red Bull Racing,0 days 01:29:43.191000,,1,6.0,False,,False,True,26.5,50.0,1003.4,False,28.3,357,2.9,True,False,False,False,False,False,+66.071,+9.603,66.071,9.603,5482.04,98.849,,,31.101,43.696,24.052,5414.306,5458.002,5482.054,5383.191
2019,Bahrain Grand Prix,2,Bahrain,Sakhir,0 days 01:33:00.716000,GAS,10,0 days 00:01:38.676000,36.0,2.0,,Pierre Gasly,,0 days 00:00:31.172000,0 days 00:00:43.384000,0 days 00:00:24.120000,0 days 01:31:53.226000,0 days 01:32:36.610000,0 days 01:33:00.730000,238.0,240.0,280.0,301.0,False,SOFT,27.0,True,Red Bull Racing,0 days 01:31:22.040000,,1,6.0,False,,False,True,26.5,50.5,1003.3,False,28.3,43,3.1,True,False,False,False,False,False,+66.715,+11.849,66.715,11.849,5580.716,98.676,,,31.172,43.384,24.12,5513.226,5556.61,5580.73,5482.04
2019,Bahrain Grand Prix,2,Bahrain,Sakhir,0 days 01:34:39.249000,GAS,10,0 days 00:01:38.533000,37.0,2.0,,Pierre Gasly,,0 days 00:00:31.018000,0 days 00:00:43.548000,0 days 00:00:23.967000,0 days 01:33:31.748000,0 days 01:34:15.296000,0 days 01:34:39.263000,239.0,247.0,279.0,303.0,False,SOFT,28.0,True,Red Bull Racing,0 days 01:33:00.716000,,12,6.0,False,,False,True,26.5,50.8,1003.4,False,28.3,17,2.8,True,True,False,False,False,False,+47.798,+14.195,47.798,14.195,5679.249,98.533,,,31.018,43.548,23.967,5611.748,5655.296,5679.263,5580.716
2019,Bahrain Grand Prix,2,Bahrain,Sakhir,0 days 01:36:18.424000,GAS,10,0 days 00:01:39.175000,38.0,2.0,,Pierre Gasly,,0 days 00:00:31.116000,0 days 00:00:43.837000,0 days 00:00:24.222000,0 days 01:35:10.379000,0 days 01:35:54.216000,0 days 01:36:18.438000,236.0,243.0,279.0,304.0,False,SOFT,29.0,True,Red Bull Racing,0 days 01:34:39.249000,,1,6.0,False,,False,True,26.5,50.9,1003.2,False,28.2,55,3.0,True,False,False,False,False,False,+53.568,+20.918,53.568,20.918,5778.424,99.175,,,31.116,43.837,24.222,5710.379,5754.216,5778.438,5679.249
2019,Bahrain Grand Prix,2,Bahrain,Sakhir,0 days 01:38:00.318000,GAS,10,0 days 00:01:41.894000,39.0,2.0,,Pierre Gasly,0 days 01:37:58.575000,0 days 00:00:31.250000,0 days 00:00:43.722000,0 days 00:00:26.922000,0 days 01:36:49.688000,0 days 01:37:33.410000,0 days 01:38:00.332000,238.0,245.0,,303.0,False,SOFT,30.0,True,Red Bull Racing,0 days 01:36:18.424000,,1,5.0,False,,False,False,26.4,51.3,1003.3,False,28.1,52,2.8,True,False,False,False,False,False,+58.437,+20.290,58.437,20.29,5880.318,101.894,5878.575,,31.25,43.722,26.922,5809.688,5853.41,5880.332,5778.424
2019,Bahrain Grand Prix,2,Bahrain,Sakhir,0 days 01:39:57.638000,GAS,10,0 days 00:01:57.320000,40.0,3.0,0 days 01:38:23.153000,Pierre Gasly,,0 days 00:00:51.601000,0 days 00:00:42.181000,0 days 00:00:23.538000,0 days 01:38:51.933000,0 days 01:39:34.114000,0 days 01:39:57.652000,240.0,250.0,281.0,223.0,False,MEDIUM,1.0,True,Red Bull Racing,0 days 01:38:00.318000,,12,11.0,False,,False,False,26.4,51.5,1003.3,False,28.0,45,2.4,True,True,False,False,False,False,+83.900,+2.471,83.9,2.471,5997.638,117.32,,5903.153,51.601,42.181,23.538,5931.933,5974.114,5997.652,5880.318
2019,Bahrain Grand Prix,2,Bahrain,Sakhir,0 days 01:41:33.082000,GAS,10,0 days 00:01:35.444000,41.0,3.0,,Pierre Gasly,,0 days 00:00:30.304000,0 days 00:00:41.828000,0 days 00:00:23.312000,0 days 01:40:27.956000,0 days 01:41:09.784000,0 days 01:41:33.096000,240.0,250.0,283.0,302.0,True,MEDIUM,2.0,True,Red Bull Racing,0 days 01:39:57.638000,,1,11.0,False,,False,True,26.4,51.8,1003.2,False,28.0,23,3.3,True,False,False,False,False,False,+84.923,+3.607,84.923,3.607,6093.082,95.444,,,30.304,41.828,23.312,6027.956,6069.784,6093.096,5997.638
2019,Bahrain Grand Prix,2,Bahrain,Sakhir,0 days 01:43:08.373000,GAS,10,0 days 00:01:35.291000,42.0,3.0,,Pierre Gasly,,0 days 00:00:30.045000,0 days 00:00:41.806000,0 days 00:00:23.440000,0 days 01:42:03.141000,0 days 01:42:44.947000,0 days 01:43:08.387000,240.0,252.0,282.0,305.0,True,MEDIUM,3.0,True,Red Bull Racing,0 days 01:41:33.082000,,12,11.0,False,,False,True,26.3,51.7,1003.3,False,28.0,53,2.7,True,True,False,False,False,False,+85.571,+1.811,85.571,1.811,6188.373,95.291,,,30.045,41.806,23.44,6123.141,6164.947,6188.387,6093.082
2019,Bahrain Grand Prix,2,Bahrain,Sakhir,0 days 01:44:44.153000,GAS,10,0 days 00:01:35.780000,43.0,3.0,,Pierre Gasly,,0 days 00:00:30.155000,0 days 00:00:41.886000,0 days 00:00:23.739000,0 days 01:43:38.542000,0 days 01:44:20.428000,0 days 01:44:44.167000,241.0,248.0,293.0,307.0,False,MEDIUM,4.0,True,Red Bull Racing,0 days 01:43:08.373000,,1,11.0,False,,False,True,26.3,51.8,1003.2,False,28.0,47,2.8,True,False,False,False,False,False,+86.094,+0.487,86.094,0.487,6284.153,95.78,,,30.155,41.886,23.739,6218.542,6260.428,6284.167,6188.373
2019,Bahrain Grand Prix,2,Bahrain,Sakhir,0 days 01:46:20.102000,GAS,10,0 days 00:01:35.949000,44.0,3.0,,Pierre Gasly,,0 days 00:00:30.174000,0 days 00:00:42.284000,0 days 00:00:23.491000,0 days 01:45:14.341000,0 days 01:45:56.625000,0 days 01:46:20.116000,240.0,245.0,282.0,329.0,False,MEDIUM,5.0,True,Red Bull Racing,0 days 01:44:44.153000,,1,10.0,False,,False,True,26.3,52.0,1003.1,False,28.0,69,3.2,True,False,False,False,False,False,+86.506,+9.918,86.506,9.918,6380.102,95.949,,,30.174,42.284,23.491,6314.341,6356.625,6380.116,6284.153
2019,Bahrain Grand Prix,2,Bahrain,Sakhir,0 days 01:47:55.626000,GAS,10,0 days 00:01:35.524000,45.0,3.0,,Pierre Gasly,,0 days 00:00:30.240000,0 days 00:00:41.771000,0 days 00:00:23.513000,0 days 01:46:50.356000,0 days 01:47:32.127000,0 days 01:47:55.640000,239.0,248.0,281.0,305.0,False,MEDIUM,6.0,True,Red Bull Racing,0 days 01:46:20.102000,,1,10.0,False,,False,True,26.3,52.5,1003.4,False,27.8,59,2.5,True,False,False,False,False,False,+86.048,+7.827,86.048,7.827,6475.626,95.524,,,30.24,41.771,23.513,6410.356,6452.127,6475.64,6380.102
2019,Bahrain Grand Prix,2,Bahrain,Sakhir,0 days 01:49:31.016000,GAS,10,0 days 00:01:35.390000,46.0,3.0,,Pierre Gasly,,0 days 00:00:30.273000,0 days 00:00:41.752000,0 days 00:00:23.365000,0 days 01:48:25.913000,0 days 01:49:07.665000,0 days 01:49:31.030000,240.0,251.0,281.0,305.0,False,MEDIUM,7.0,True,Red Bull Racing,0 days 01:47:55.626000,,1,10.0,False,,False,True,26.2,52.8,1003.2,False,27.7,63,2.8,True,False,False,False,False,False,+83.477,+5.937,83.477,5.937,6571.016,95.39,,,30.273,41.752,23.365,6505.913,6547.665,6571.03,6475.626
2019,Bahrain Grand Prix,2,Bahrain,Sakhir,0 days 01:51:06.687000,GAS,10,0 days 00:01:35.671000,47.0,3.0,,Pierre Gasly,,0 days 00:00:30.175000,0 days 00:00:41.944000,0 days 00:00:23.552000,0 days 01:50:01.205000,0 days 01:50:43.149000,0 days 01:51:06.701000,240.0,252.0,282.0,305.0,False,MEDIUM,8.0,True,Red Bull Racing,0 days 01:49:31.016000,,1,10.0,False,,False,True,26.2,52.9,1003.4,False,27.7,39,2.6,True,False,False,False,False,False,+79.313,+4.307,79.313,4.307,6666.687,95.671,,,30.175,41.944,23.552,6601.205,6643.149,6666.701,6571.016
2019,Bahrain Grand Prix,2,Bahrain,Sakhir,0 days 01:52:42.898000,GAS,10,0 days 00:01:36.211000,48.0,3.0,,Pierre Gasly,,0 days 00:00:30.428000,0 days 00:00:42.090000,0 days 00:00:23.693000,0 days 01:51:37.129000,0 days 01:52:19.219000,0 days 01:52:42.912000,238.0,256.0,282.0,307.0,False,MEDIUM,9.0,True,Red Bull Racing,0 days 01:51:06.687000,,1,10.0,False,,False,True,26.2,53.2,1003.3,False,27.6,33,3.3,True,False,False,False,False,False,+75.675,+3.427,75.675,3.427,6762.898,96.211,,,30.428,42.09,23.693,6697.129,6739.219,6762.912,6666.687
2019,Bahrain Grand Prix,2,Bahrain,Sakhir,0 days 01:54:19.146000,GAS,10,0 days 00:01:36.248000,49.0,3.0,,Pierre Gasly,,0 days 00:00:30.589000,0 days 00:00:42.097000,0 days 00:00:23.562000,0 days 01:53:13.501000,0 days 01:53:55.598000,0 days 01:54:19.160000,237.0,252.0,282.0,306.0,False,MEDIUM,10.0,True,Red Bull Racing,0 days 01:52:42.898000,,1,10.0,False,,False,True,26.2,53.3,1003.4,False,27.6,56,3.3,True,False,False,False,False,False,+75.137,+2.232,75.137,2.232,6859.146,96.248,,,30.589,42.097,23.562,6793.501,6835.598,6859.16,6762.898
2019,Bahrain Grand Prix,2,Bahrain,Sakhir,0 days 01:55:55.208000,GAS,10,0 days 00:01:36.062000,50.0,3.0,,Pierre Gasly,,0 days 00:00:30.384000,0 days 00:00:41.990000,0 days 00:00:23.688000,0 days 01:54:49.544000,0 days 01:55:31.534000,0 days 01:55:55.222000,240.0,258.0,284.0,306.0,False,MEDIUM,11.0,True,Red Bull Racing,0 days 01:54:19.146000,,1,10.0,False,,False,True,26.1,53.8,1003.1,False,27.5,60,2.9,True,False,False,False,False,False,+74.901,+0.866,74.901,0.866,6955.208,96.062,,,30.384,41.99,23.688,6889.544,6931.534,6955.222,6859.146
2019,Bahrain Grand Prix,2,Bahrain,Sakhir,0 days 01:57:31.916000,GAS,10,0 days 00:01:36.708000,51.0,3.0,,Pierre Gasly,,0 days 00:00:30.543000,0 days 00:00:42.357000,0 days 00:00:23.808000,0 days 01:56:25.765000,0 days 01:57:08.122000,0 days 01:57:31.930000,239.0,253.0,296.0,305.0,False,MEDIUM,12.0,True,Red Bull Racing,0 days 01:55:55.208000,,1,10.0,False,,False,True,26.1,53.7,1003.4,False,27.5,57,2.9,True,False,False,False,False,False,+75.251,+0.509,75.251,0.509,7051.916,96.708,,,30.543,42.357,23.808,6985.765,7028.122,7051.93,6955.208
2019,Bahrain Grand Prix,2,Bahrain,Sakhir,0 days 01:59:07.671000,GAS,10,0 days 00:01:35.755000,52.0,3.0,,Pierre Gasly,,0 days 00:00:30.250000,0 days 00:00:42.179000,0 days 00:00:23.326000,0 days 01:58:02.180000,0 days 01:58:44.359000,0 days 01:59:07.685000,240.0,256.0,283.0,329.0,False,MEDIUM,13.0,True,Red Bull Racing,0 days 01:57:31.916000,,1,9.0,False,,False,True,26.1,53.7,1003.3,False,27.5,44,2.5,True,False,False,False,False,False,+72.960,+4.636,72.96,4.636,7147.671,95.755,,,30.25,42.179,23.326,7082.18,7124.359,7147.685,7051.916
2019,Bahrain Grand Prix,2,Bahrain,Sakhir,0 days 02:00:43.536000,GAS,10,0 days 00:01:35.865000,53.0,3.0,,Pierre Gasly,,0 days 00:00:30.162000,0 days 00:00:42.065000,0 days 00:00:23.638000,0 days 01:59:37.847000,0 days 02:00:19.912000,0 days 02:00:43.550000,241.0,252.0,290.0,303.0,False,MEDIUM,14.0,True,Red Bull Racing,0 days 01:59:07.671000,,1,9.0,False,,False,True,26.1,53.9,1003.3,False,27.6,52,2.6,True,False,False,False,False,False,+72.187,+3.066,72.187,3.066,7243.536,95.865,,,30.162,42.065,23.638,7177.847,7219.912,7243.55,7147.671
2019,Bahrain Grand Prix,2,Bahrain,Sakhir,0 days 02:02:20.006000,GAS,10,0 days 00:01:36.470000,54.0,3.0,,Pierre Gasly,,0 days 00:00:30.905000,0 days 00:00:42.127000,0 days 00:00:23.438000,0 days 02:01:14.455000,0 days 02:01:56.582000,0 days 02:02:20.020000,239.0,253.0,238.0,317.0,False,MEDIUM,15.0,True,Red Bull Racing,0 days 02:00:43.536000,,124,8.0,False,,False,False,26.1,54.0,1003.3,False,27.6,39,3.0,True,True,True,False,False,False,+71.721,+2.487,71.721,2.487,7340.006,96.47,,,30.905,42.127,23.438,7274.455,7316.582,7340.02,7243.536
2019,Bahrain Grand Prix,2,Bahrain,Sakhir,0 days 02:04:38.612000,GAS,10,0 days 00:02:18.606000,55.0,3.0,,Pierre Gasly,,0 days 00:00:47.100000,0 days 00:00:58.126000,0 days 00:00:33.380000,0 days 02:03:07.120000,0 days 02:04:05.246000,0 days 02:04:38.626000,141.0,149.0,193.0,156.0,False,MEDIUM,16.0,True,Red Bull Racing,0 days 02:02:20.006000,,4,8.0,False,,False,False,26.1,53.9,1003.0,False,27.5,13,2.9,False,False,True,False,False,False,+100.247,+3.825,100.247,3.825,7478.612,138.606,,,47.1,58.126,33.38,7387.12,7445.246,7478.626,7340.006
2019,Bahrain Grand Prix,2,Bahrain,Sakhir,0 days 02:06:50.519000,GAS,10,0 days 00:02:11.907000,56.0,3.0,,Pierre Gasly,,0 days 00:00:42.167000,0 days 00:00:56.152000,0 days 00:00:33.588000,0 days 02:05:20.793000,0 days 02:06:16.945000,0 days 02:06:50.533000,138.0,174.0,195.0,198.0,False,MEDIUM,17.0,True,Red Bull Racing,0 days 02:04:38.612000,,4,8.0,False,,False,False,26.1,53.7,1003.1,False,27.6,41,3.2,False,False,True,False,False,False,+89.646,+3.549,89.646,3.549,7610.519,131.907,,,42.167,56.152,33.588,7520.793,7576.945,7610.533,7478.612
2019,Bahrain Grand Prix,2,Bahrain,Sakhir,0 days 02:08:50.969000,GAS,10,0 days 00:02:00.450000,57.0,3.0,,Pierre Gasly,,0 days 00:00:40.679000,0 days 00:00:53.798000,0 days 00:00:25.973000,0 days 02:07:31.212000,0 days 02:08:25.010000,0 days 02:08:50.983000,187.0,188.0,283.0,234.0,False,MEDIUM,18.0,True,Red Bull Racing,0 days 02:06:50.519000,,4,8.0,False,,False,False,26.1,54.1,1003.1,False,27.4,56,3.0,False,False,True,False,False,False,+58.276,+10.765,58.276,10.765,7730.969,120.45,,,40.679,53.798,25.973,7651.212,7705.01,7730.983,7610.519
2019,Bahrain Grand Prix,2,Bahrain,Sakhir,0 days 00:35:15.760000,PER,11,0 days 00:01:44.180000,1.0,1.0,,Sergio Perez,,,0 days 00:00:44.609000,0 days 00:00:24.313000,,0 days 00:34:51.498000,0 days 00:35:15.953000,225.0,253.0,280.0,247.0,False,SOFT,1.0,True,Racing Point,0 days 00:33:31.386000,,12,10.0,False,,False,False,26.1,54.5,1003.3,False,29.2,16,2.3,True,True,False,False,False,False,+6.647,+0.638,6.647,0.638,2115.76,104.18,,,,44.609,24.313,,2091.498,2115.953,2011.386
2019,Bahrain Grand Prix,2,Bahrain,Sakhir,0 days 00:36:54.592000,PER,11,0 days 00:01:38.832000,2.0,1.0,,Sergio Perez,,0 days 00:00:31.067000,0 days 00:00:43.439000,0 days 00:00:24.326000,0 days 00:35:46.857000,0 days 00:36:30.296000,0 days 00:36:54.622000,233.0,239.0,285.0,312.0,True,SOFT,2.0,True,Racing Point,0 days 00:35:15.760000,,21,10.0,False,,False,True,26.1,53.9,1003.5,False,29.3,22,2.3,True,True,False,False,False,False,+8.890,+0.550,8.89,0.55,2214.592,98.832,,,31.067,43.439,24.326,2146.857,2190.296,2214.622,2115.76
2019,Bahrain Grand Prix,2,Bahrain,Sakhir,0 days 00:38:33.543000,PER,11,0 days 00:01:38.951000,3.0,1.0,,Sergio Perez,,0 days 00:00:31.146000,0 days 00:00:43.316000,0 days 00:00:24.489000,0 days 00:37:25.768000,0 days 00:38:09.084000,0 days 00:38:33.573000,235.0,251.0,291.0,310.0,False,SOFT,3.0,True,Racing Point,0 days 00:36:54.592000,,1,10.0,False,,False,True,26.2,53.6,1003.4,False,29.3,11,1.6,True,False,False,False,False,False,+10.901,+0.767,10.901,0.767,2313.543,98.951,,,31.146,43.316,24.489,2245.768,2289.084,2313.573,2214.592
2019,Bahrain Grand Prix,2,Bahrain,Sakhir,0 days 00:40:14.290000,PER,11,0 days 00:01:40.747000,4.0,1.0,,Sergio Perez,,0 days 00:00:31.023000,0 days 00:00:45.101000,0 days 00:00:24.623000,0 days 00:39:04.596000,0 days 00:39:49.697000,0 days 00:40:14.320000,234.0,240.0,289.0,313.0,False,SOFT,4.0,True,Racing Point,0 days 00:38:33.543000,,12,10.0,False,,False,True,26.2,53.8,1003.4,False,29.3,36,1.9,True,True,False,False,False,False,+14.314,+0.595,14.314,0.595,2414.29,100.747,,,31.023,45.101,24.623,2344.596,2389.697,2414.32,2313.543
2019,Bahrain Grand Prix,2,Bahrain,Sakhir,0 days 00:41:52.793000,PER,11,0 days 00:01:38.503000,5.0,1.0,,Sergio Perez,,0 days 00:00:30.926000,0 days 00:00:43.128000,0 days 00:00:24.449000,0 days 00:40:45.246000,0 days 00:41:28.374000,0 days 00:41:52.823000,234.0,250.0,289.0,324.0,True,SOFT,5.0,True,Racing Point,0 days 00:40:14.290000,,1,10.0,False,,False,True,26.2,54.0,1003.5,False,29.2,41,3.1,True,False,False,False,False,False,+14.665,+0.912,14.665,0.912,2512.793,98.503,,,30.926,43.128,24.449,2445.246,2488.374,2512.823,2414.29
2019,Bahrain Grand Prix,2,Bahrain,Sakhir,0 days 00:43:32.242000,PER,11,0 days 00:01:39.449000,6.0,1.0,,Sergio Perez,,0 days 00:00:30.820000,0 days 00:00:43.878000,0 days 00:00:24.751000,0 days 00:42:23.643000,0 days 00:43:07.521000,0 days 00:43:32.272000,234.0,234.0,294.0,323.0,False,SOFT,6.0,True,Racing Point,0 days 00:41:52.793000,,12,10.0,False,,False,True,26.2,54.2,1003.5,False,29.3,59,3.4,True,True,False,False,False,False,+17.269,+0.413,17.269,0.413,2612.242,99.449,,,30.82,43.878,24.751,2543.643,2587.521,2612.272,2512.793
2019,Bahrain Grand Prix,2,Bahrain,Sakhir,0 days 00:45:10.553000,PER,11,0 days 00:01:38.311000,7.0,1.0,,Sergio Perez,,0 days 00:00:30.482000,0 days 00:00:43.453000,0 days 00:00:24.376000,0 days 00:44:02.754000,0 days 00:44:46.207000,0 days 00:45:10.583000,234.0,253.0,282.0,338.0,True,SOFT,7.0,True,Racing Point,0 days 00:43:32.242000,,1,9.0,False,,False,True,26.2,54.3,1003.4,False,29.2,3,2.3,True,False,False,False,False,False,+18.463,+1.161,18.463,1.161,2710.553,98.311,,,30.482,43.453,24.376,2642.754,2686.207,2710.583,2612.242
2019,Bahrain Grand Prix,2,Bahrain,Sakhir,0 days 00:46:51.950000,PER,11,0 days 00:01:41.397000,8.0,1.0,,Sergio Perez,0 days 00:46:50.247000,0 days 00:00:30.960000,0 days 00:00:43.380000,0 days 00:00:27.057000,0 days 00:45:41.543000,0 days 00:46:24.923000,0 days 00:46:51.980000,233.0,235.0,,307.0,False,SOFT,8.0,True,Racing Point,0 days 00:45:10.553000,,1,11.0,False,,False,False,26.2,54.2,1003.6,False,29.1,40,2.9,True,False,False,False,False,False,+19.722,+1.680,19.722,1.68,2811.95,101.397,2810.247,,30.96,43.38,27.057,2741.543,2784.923,2811.98,2710.553
2019,Bahrain Grand Prix,2,Bahrain,Sakhir,0 days 00:48:50.362000,PER,11,0 days 00:01:58.412000,9.0,2.0,0 days 00:47:17.391000,Sergio Perez,,0 days 00:00:53.245000,0 days 00:00:41.383000,0 days 00:00:23.784000,0 days 00:47:45.225000,0 days 00:48:26.608000,0 days 00:48:50.392000,234.0,251.0,282.0,224.0,False,MEDIUM,1.0,True,Racing Point,0 days 00:46:51.950000,,1,17.0,False,,False,False,26.2,54.3,1003.5,False,29.1,355,2.4,True,False,False,False,False,False,+43.277,+17.746,43.277,17.746,2930.362,118.412,,2837.391,53.245,41.383,23.784,2865.225,2906.608,2930.392,2811.95
2019,Bahrain Grand Prix,2,Bahrain,Sakhir,0 days 00:50:27.028000,PER,11,0 days 00:01:36.666000,10.0,2.0,,Sergio Perez,,0 days 00:00:30.588000,0 days 00:00:42.242000,0 days 00:00:23.836000,0 days 00:49:20.980000,0 days 00:50:03.222000,0 days 00:50:27.058000,234.0,251.0,282.0,304.0,True,MEDIUM,2.0,True,Racing Point,0 days 00:48:50.362000,,1,15.0,False,,False,True,26.2,54.3,1003.6,False,28.9,41,2.7,True,False,False,False,False,False,+42.678,+1.954,42.678,1.954,3027.028,96.666,,,30.588,42.242,23.836,2960.98,3003.222,3027.058,2930.362
2019,Bahrain Grand Prix,2,Bahrain,Sakhir,0 days 00:52:04.354000,PER,11,0 days 00:01:37.326000,11.0,2.0,,Sergio Perez,,0 days 00:00:30.703000,0 days 00:00:42.462000,0 days 00:00:24.161000,0 days 00:50:57.761000,0 days 00:51:40.223000,0 days 00:52:04.384000,234.0,253.0,288.0,307.0,False,MEDIUM,3.0,True,Racing Point,0 days 00:50:27.028000,,1,11.0,False,,False,True,26.1,54.9,1003.6,False,28.8,22,1.9,True,False,False,False,False,False,+42.831,+0.351,42.831,0.351,3124.354,97.326,,,30.703,42.462,24.161,3057.761,3100.223,3124.384,3027.028
2019,Bahrain Grand Prix,2,Bahrain,Sakhir,0 days 00:53:41.768000,PER,11,0 days 00:01:37.414000,12.0,2.0,,Sergio Perez,,0 days 00:00:30.425000,0 days 00:00:42.741000,0 days 00:00:24.248000,0 days 00:52:34.809000,0 days 00:53:17.550000,0 days 00:53:41.798000,233.0,250.0,281.0,322.0,False,MEDIUM,4.0,True,Racing Point,0 days 00:52:04.354000,,12,10.0,False,,False,True,26.1,55.0,1003.5,False,28.8,33,1.7,True,True,False,False,False,False,+42.758,+3.704,42.758,3.704,3221.768,97.414,,,30.425,42.741,24.248,3154.809,3197.55,3221.798,3124.354
2019,Bahrain Grand Prix,2,Bahrain,Sakhir,0 days 00:55:19.046000,PER,11,0 days 00:01:37.278000,13.0,2.0,,Sergio Perez,,0 days 00:00:30.785000,0 days 00:00:42.398000,0 days 00:00:24.095000,0 days 00:54:12.583000,0 days 00:54:54.981000,0 days 00:55:19.076000,233.0,252.0,281.0,308.0,False,MEDIUM,5.0,True,Racing Point,0 days 00:53:41.768000,,1,9.0,False,,False,True,26.1,54.9,1003.6,False,28.8,31,2.5,True,False,False,False,False,False,+38.887,+4.679,38.887,4.679,3319.046,97.278,,,30.785,42.398,24.095,3252.583,3294.981,3319.076,3221.768
2019,Bahrain Grand Prix,2,Bahrain,Sakhir,0 days 00:56:57.427000,PER,11,0 days 00:01:38.381000,14.0,2.0,,Sergio Perez,,0 days 00:00:31.271000,0 days 00:00:42.932000,0 days 00:00:24.178000,0 days 00:55:50.347000,0 days 00:56:33.279000,0 days 00:56:57.457000,235.0,254.0,282.0,307.0,False,MEDIUM,6.0,True,Racing Point,0 days 00:55:19.046000,,1,11.0,False,,False,True,26.1,55.2,1003.7,False,28.9,352,1.6,True,False,False,False,False,False,+23.434,+1.529,23.434,1.529,3417.427,98.381,,,31.271,42.932,24.178,3350.347,3393.279,3417.457,3319.046
2019,Bahrain Grand Prix,2,Bahrain,Sakhir,0 days 00:58:35.347000,PER,11,0 days 00:01:37.920000,15.0,2.0,,Sergio Perez,,0 days 00:00:30.871000,0 days 00:00:42.908000,0 days 00:00:24.141000,0 days 00:57:28.328000,0 days 00:58:11.236000,0 days 00:58:35.377000,233.0,250.0,282.0,306.0,False,MEDIUM,7.0,True,Racing Point,0 days 00:56:57.427000,,1,11.0,False,,False,True,26.1,55.2,1003.7,False,28.8,26,2.1,True,False,False,False,False,False,+26.223,+2.769,26.223,2.769,3515.347,97.92,,,30.871,42.908,24.141,3448.328,3491.236,3515.377,3417.427
2019,Bahrain Grand Prix,2,Bahrain,Sakhir,0 days 01:00:13.411000,PER,11,0 days 00:01:38.064000,16.0,2.0,,Sergio Perez,,0 days 00:00:31.042000,0 days 00:00:42.975000,0 days 00:00:24.047000,0 days 00:59:06.419000,0 days 00:59:49.394000,0 days 01:00:13.441000,233.0,251.0,282.0,295.0,False,MEDIUM,8.0,True,Racing Point,0 days 00:58:35.347000,,1,11.0,False,,False,True,26.1,55.3,1003.7,False,28.8,17,2.0,True,False,False,False,False,False,+29.459,+3.129,29.459,3.129,3613.411,98.064,,,31.042,42.975,24.047,3546.419,3589.394,3613.441,3515.347
2019,Bahrain Grand Prix,2,Bahrain,Sakhir,0 days 01:01:51.166000,PER,11,0 days 00:01:37.755000,17.0,2.0,,Sergio Perez,,0 days 00:00:30.966000,0 days 00:00:42.720000,0 days 00:00:24.069000,0 days 01:00:44.407000,0 days 01:01:27.127000,0 days 01:01:51.196000,235.0,251.0,282.0,308.0,False,MEDIUM,9.0,True,Racing Point,0 days 01:00:13.411000,,1,10.0,False,,False,True,26.1,55.5,1003.7,False,28.7,34,2.4,True,False,False,False,False,False,+32.002,+3.590,32.002,3.59,3711.166,97.755,,,30.966,42.72,24.069,3644.407,3687.127,3711.196,3613.411
2019,Bahrain Grand Prix,2,Bahrain,Sakhir,0 days 01:03:29.318000,PER,11,0 days 00:01:38.152000,18.0,2.0,,Sergio Perez,,0 days 00:00:30.978000,0 days 00:00:43.076000,0 days 00:00:24.098000,0 days 01:02:22.174000,0 days 01:03:05.250000,0 days 01:03:29.348000,234.0,252.0,281.0,302.0,False,MEDIUM,10.0,True,Racing Point,0 days 01:01:51.166000,,1,10.0,False,,False,True,26.1,55.3,1003.7,False,28.7,2,2.7,True,False,False,False,False,False,+34.689,+4.028,34.689,4.028,3809.318,98.152,,,30.978,43.076,24.098,3742.174,3785.25,3809.348,3711.166
2019,Bahrain Grand Prix,2,Bahrain,Sakhir,0 days 01:05:07.687000,PER,11,0 days 00:01:38.369000,19.0,2.0,,Sergio Perez,,0 days 00:00:30.870000,0 days 00:00:43.271000,0 days 00:00:24.228000,0 days 01:04:00.218000,0 days 01:04:43.489000,0 days 01:05:07.717000,235.0,251.0,281.0,302.0,False,MEDIUM,11.0,True,Racing Point,0 days 01:03:29.318000,,1,10.0,False,,False,True,26.1,54.8,1003.7,False,28.8,85,2.2,True,False,False,False,False,False,+37.280,+4.965,37.28,4.965,3907.687,98.369,,,30.87,43.271,24.228,3840.218,3883.489,3907.717,3809.318
2019,Bahrain Grand Prix,2,Bahrain,Sakhir,0 days 01:06:46.186000,PER,11,0 days 00:01:38.499000,20.0,2.0,,Sergio Perez,,0 days 00:00:30.908000,0 days 00:00:43.382000,0 days 00:00:24.209000,0 days 01:05:38.625000,0 days 01:06:22.007000,0 days 01:06:46.216000,234.0,246.0,281.0,304.0,False,MEDIUM,12.0,True,Racing Point,0 days 01:05:07.687000,,1,10.0,False,,False,True,26.2,53.6,1003.7,False,29.0,345,2.5,True,False,False,False,False,False,+39.731,+5.605,39.731,5.605,4006.186,98.499,,,30.908,43.382,24.209,3938.625,3982.007,4006.216,3907.687
2019,Bahrain Grand Prix,2,Bahrain,Sakhir,0 days 01:08:24.433000,PER,11,0 days 00:01:38.247000,21.0,2.0,,Sergio Perez,,0 days 00:00:31.054000,0 days 00:00:43.025000,0 days 00:00:24.168000,0 days 01:07:17.270000,0 days 01:08:00.295000,0 days 01:08:24.463000,234.0,249.0,282.0,300.0,False,MEDIUM,13.0,True,Racing Point,0 days 01:06:46.186000,,1,10.0,False,,False,True,26.3,53.4,1003.5,False,29.0,31,3.0,True,False,False,False,False,False,+41.990,+6.204,41.99,6.204,4104.433,98.247,,,31.054,43.025,24.168,4037.27,4080.295,4104.463,4006.186
2019,Bahrain Grand Prix,2,Bahrain,Sakhir,0 days 01:10:04.342000,PER,11,0 days 00:01:39.909000,22.0,2.0,,Sergio Perez,,0 days 00:00:31.144000,0 days 00:00:44.443000,0 days 00:00:24.322000,0 days 01:08:55.607000,0 days 01:09:40.050000,0 days 01:10:04.372000,234.0,246.0,283.0,309.0,False,MEDIUM,14.0,True,Racing Point,0 days 01:08:24.433000,,1,11.0,False,,False,True,26.3,52.8,1003.5,False,28.8,50,2.2,True,False,False,False,False,False,+45.799,+1.219,45.799,1.219,4204.342,99.909,,,31.144,44.443,24.322,4135.607,4180.05,4204.372,4104.433
2019,Bahrain Grand Prix,2,Bahrain,Sakhir,0 days 01:11:43.603000,PER,11,0 days 00:01:39.261000,23.0,2.0,,Sergio Perez,,0 days 00:00:31.408000,0 days 00:00:43.714000,0 days 00:00:24.139000,0 days 01:10:35.780000,0 days 01:11:19.494000,0 days 01:11:43.633000,235.0,250.0,281.0,301.0,False,MEDIUM,15.0,True,Racing Point,0 days 01:10:04.342000,,1,11.0,False,,False,True,26.4,51.9,1003.6,False,28.9,59,2.1,True,False,False,False,False,False,+48.948,+2.045,48.948,2.045,4303.603,99.261,,,31.408,43.714,24.139,4235.78,4279.494,4303.633,4204.342
2019,Bahrain Grand Prix,2,Bahrain,Sakhir,0 days 01:13:22.265000,PER,11,0 days 00:01:38.662000,24.0,2.0,,Sergio Perez,,0 days 00:00:31.153000,0 days 00:00:43.306000,0 days 00:00:24.203000,0 days 01:12:14.786000,0 days 01:12:58.092000,0 days 01:13:22.295000,234.0,250.0,282.0,307.0,False,MEDIUM,16.0,True,Racing Point,0 days 01:11:43.603000,,1,11.0,False,,False,True,26.4,51.3,1003.3,False,28.9,9,2.9,True,False,False,False,False,False,+51.378,+2.731,51.378,2.731,4402.265,98.662,,,31.153,43.306,24.203,4334.786,4378.092,4402.295,4303.603
2019,Bahrain Grand Prix,2,Bahrain,Sakhir,0 days 01:15:01.490000,PER,11,0 days 00:01:39.225000,25.0,2.0,,Sergio Perez,,0 days 00:00:31.308000,0 days 00:00:43.537000,0 days 00:00:24.380000,0 days 01:13:53.603000,0 days 01:14:37.140000,0 days 01:15:01.520000,234.0,249.0,282.0,309.0,False,MEDIUM,17.0,True,Racing Point,0 days 01:13:22.265000,,1,10.0,False,,False,True,26.5,51.3,1003.4,False,28.9,37,2.2,True,False,False,False,False,False,+54.324,+3.942,54.324,3.942,4501.49,99.225,,,31.308,43.537,24.38,4433.603,4477.14,4501.52,4402.265
2019,Bahrain Grand Prix,2,Bahrain,Sakhir,0 days 01:16:40.417000,PER,11,0 days 00:01:38.927000,26.0,2.0,,Sergio Perez,,0 days 00:00:31.069000,0 days 00:00:43.539000,0 days 00:00:24.319000,0 days 01:15:32.589000,0 days 01:16:16.128000,0 days 01:16:40.447000,235.0,251.0,282.0,305.0,False,MEDIUM,18.0,True,Racing Point,0 days 01:15:01.490000,,1,10.0,False,,False,True,26.5,50.9,1003.4,False,28.8,39,2.1,True,False,False,False,False,False,+56.955,+4.912,56.955,4.912,4600.417,98.927,,,31.069,43.539,24.319,4532.589,4576.128,4600.447,4501.49
2019,Bahrain Grand Prix,2,Bahrain,Sakhir,0 days 01:18:19.807000,PER,11,0 days 00:01:39.390000,27.0,2.0,,Sergio Perez,,0 days 00:00:31.300000,0 days 00:00:43.693000,0 days 00:00:24.397000,0 days 01:17:11.747000,0 days 01:17:55.440000,0 days 01:18:19.837000,235.0,248.0,282.0,306.0,False,MEDIUM,19.0,True,Racing Point,0 days 01:16:40.417000,,1,10.0,False,,False,True,26.5,50.4,1003.3,False,28.8,44,2.5,True,False,False,False,False,False,+59.374,+6.236,59.374,6.236,4699.807,99.39,,,31.3,43.693,24.397,4631.747,4675.44,4699.837,4600.417
2019,Bahrain Grand Prix,2,Bahrain,Sakhir,0 days 01:19:59.436000,PER,11,0 days 00:01:39.629000,28.0,2.0,,Sergio Perez,,0 days 00:00:31.212000,0 days 00:00:44.051000,0 days 00:00:24.366000,0 days 01:18:51.049000,0 days 01:19:35.100000,0 days 01:19:59.466000,235.0,251.0,281.0,307.0,False,MEDIUM,20.0,True,Racing Point,0 days 01:18:19.807000,,1,10.0,False,,False,True,26.5,49.0,1003.2,False,28.8,40,3.2,True,False,False,False,False,False,+61.764,+7.120,61.764,7.12,4799.436,99.629,,,31.212,44.051,24.366,4731.049,4775.1,4799.466,4699.807
2019,Bahrain Grand Prix,2,Bahrain,Sakhir,0 days 01:21:38.613000,PER,11,0 days 00:01:39.177000,29.0,2.0,,Sergio Perez,,0 days 00:00:31.169000,0 days 00:00:43.591000,0 days 00:00:24.417000,0 days 01:20:30.635000,0 days 01:21:14.226000,0 days 01:21:38.643000,234.0,248.0,282.0,304.0,False,MEDIUM,21.0,True,Racing Point,0 days 01:19:59.436000,,1,10.0,False,,False,True,26.6,48.8,1003.4,False,28.8,27,3.0,True,False,False,False,False,False,+64.185,+8.093,64.185,8.093,4898.613,99.177,,,31.169,43.591,24.417,4830.635,4874.226,4898.643,4799.436
2019,Bahrain Grand Prix,2,Bahrain,Sakhir,0 days 01:23:17.960000,PER,11,0 days 00:01:39.347000,30.0,2.0,,Sergio Perez,,0 days 00:00:31.163000,0 days 00:00:43.834000,0 days 00:00:24.350000,0 days 01:22:09.806000,0 days 01:22:53.640000,0 days 01:23:17.990000,236.0,245.0,282.0,303.0,False,MEDIUM,22.0,True,Racing Point,0 days 01:21:38.613000,,1,10.0,False,,False,True,26.6,48.9,1003.4,False,28.7,22,2.9,True,False,False,False,False,False,+66.492,+9.040,66.492,9.04,4997.96,99.347,,,31.163,43.834,24.35,4929.806,4973.64,4997.99,4898.613
2019,Bahrain Grand Prix,2,Bahrain,Sakhir,0 days 01:24:57.252000,PER,11,0 days 00:01:39.292000,31.0,2.0,,Sergio Perez,,0 days 00:00:31.065000,0 days 00:00:43.916000,0 days 00:00:24.311000,0 days 01:23:49.055000,0 days 01:24:32.971000,0 days 01:24:57.282000,236.0,250.0,282.0,307.0,False,MEDIUM,23.0,True,Racing Point,0 days 01:23:17.960000,,1,10.0,False,,False,True,26.6,49.2,1003.4,False,28.6,50,2.5,True,False,False,False,False,False,+69.108,+9.641,69.108,9.641,5097.252,99.292,,,31.065,43.916,24.311,5029.055,5072.971,5097.282,4997.96
2019,Bahrain Grand Prix,2,Bahrain,Sakhir,0 days 01:26:37.051000,PER,11,0 days 00:01:39.799000,32.0,2.0,,Sergio Perez,,0 days 00:00:31.105000,0 days 00:00:43.979000,0 days 00:00:24.715000,0 days 01:25:28.387000,0 days 01:26:12.366000,0 days 01:26:37.081000,237.0,252.0,281.0,308.0,False,MEDIUM,24.0,True,Racing Point,0 days 01:24:57.252000,,1,10.0,False,,False,True,26.6,49.5,1003.2,False,28.5,36,3.1,True,False,False,False,False,False,+71.734,+20.746,71.734,20.746,5197.051,99.799,,,31.105,43.979,24.715,5128.387,5172.366,5197.081,5097.252
2019,Bahrain Grand Prix,2,Bahrain,Sakhir,0 days 01:28:20.908000,PER,11,0 days 00:01:43.857000,33.0,2.0,,Sergio Perez,0 days 01:28:19.212000,0 days 00:00:31.864000,0 days 00:00:44.401000,0 days 00:00:27.592000,0 days 01:27:08.945000,0 days 01:27:53.346000,0 days 01:28:20.938000,235.0,251.0,,308.0,False,MEDIUM,25.0,True,Racing Point,0 days 01:26:37.051000,,1,11.0,False,,False,False,26.6,49.7,1003.2,False,28.4,19,2.6,True,False,False,False,False,False,+76.235,+3.028,76.235,3.028,5300.908,103.857,5299.212,,31.864,44.401,27.592,5228.945,5273.346,5300.938,5197.051
2019,Bahrain Grand Prix,2,Bahrain,Sakhir,0 days 01:30:21.246000,PER,11,0 days 00:02:00.338000,34.0,3.0,0 days 01:28:46.028000,Sergio Perez,,0 days 00:00:53.938000,0 days 00:00:42.641000,0 days 00:00:23.759000,0 days 01:29:14.876000,0 days 01:29:57.517000,0 days 01:30:21.276000,238.0,252.0,284.0,226.0,False,MEDIUM,1.0,True,Racing Point,0 days 01:28:20.908000,,1,15.0,False,,False,False,26.6,49.9,1003.2,False,28.4,54,2.6,True,False,False,False,False,False,1 L,+13.304,,13.304,5421.246,120.338,,5326.028,53.938,42.641,23.759,5354.876,5397.517,5421.276,5300.908
2019,Bahrain Grand Prix,2,Bahrain,Sakhir,0 days 01:31:58.102000,PER,11,0 days 00:01:36.856000,35.0,3.0,,Sergio Perez,,0 days 00:00:30.854000,0 days 00:00:42.326000,0 days 00:00:23.676000,0 days 01:30:52.130000,0 days 01:31:34.456000,0 days 01:31:58.132000,238.0,253.0,285.0,302.0,False,MEDIUM,2.0,True,Racing Point,0 days 01:30:21.246000,,1,15.0,False,,False,True,26.5,50.2,1003.4,False,28.3,50,2.3,True,False,False,False,False,False,1 L,+11.134,,11.134,5518.102,96.856,,,30.854,42.326,23.676,5452.13,5494.456,5518.132,5421.246
2019,Bahrain Grand Prix,2,Bahrain,Sakhir,0 days 01:33:34.824000,PER,11,0 days 00:01:36.722000,36.0,3.0,,Sergio Perez,,0 days 00:00:30.615000,0 days 00:00:42.376000,0 days 00:00:23.731000,0 days 01:32:28.747000,0 days 01:33:11.123000,0 days 01:33:34.854000,238.0,253.0,283.0,301.0,False,MEDIUM,3.0,True,Racing Point,0 days 01:31:58.102000,,1,15.0,False,,False,True,26.5,50.5,1003.3,False,28.3,65,2.0,True,False,False,False,False,False,+100.842,+8.635,100.842,8.635,5614.824,96.722,,,30.615,42.376,23.731,5548.747,5591.123,5614.854,5518.102
2019,Bahrain Grand Prix,2,Bahrain,Sakhir,0 days 01:35:12.072000,PER,11,0 days 00:01:37.248000,37.0,3.0,,Sergio Perez,,0 days 00:00:30.830000,0 days 00:00:42.648000,0 days 00:00:23.770000,0 days 01:34:05.684000,0 days 01:34:48.332000,0 days 01:35:12.102000,239.0,255.0,284.0,309.0,False,MEDIUM,4.0,True,Racing Point,0 days 01:33:34.824000,,12,15.0,False,,False,True,26.5,50.8,1003.4,False,28.3,17,2.8,True,True,False,False,False,False,+80.649,+6.462,80.649,6.462,5712.072,97.248,,,30.83,42.648,23.77,5645.684,5688.332,5712.102,5614.824
2019,Bahrain Grand Prix,2,Bahrain,Sakhir,0 days 01:36:49.324000,PER,11,0 days 00:01:37.252000,38.0,3.0,,Sergio Perez,,0 days 00:00:30.841000,0 days 00:00:42.614000,0 days 00:00:23.797000,0 days 01:35:42.943000,0 days 01:36:25.557000,0 days 01:36:49.354000,238.0,254.0,284.0,302.0,False,MEDIUM,5.0,True,Racing Point,0 days 01:35:12.072000,,1,14.0,False,,False,True,26.5,51.0,1003.4,False,28.1,28,2.3,True,False,False,False,False,False,+84.494,+2.624,84.494,2.624,5809.324,97.252,,,30.841,42.614,23.797,5742.943,5785.557,5809.354,5712.072
2019,Bahrain Grand Prix,2,Bahrain,Sakhir,0 days 01:38:26.036000,PER,11,0 days 00:01:36.712000,39.0,3.0,,Sergio Perez,,0 days 00:00:30.812000,0 days 00:00:42.240000,0 days 00:00:23.660000,0 days 01:37:20.166000,0 days 01:38:02.406000,0 days 01:38:26.066000,239.0,254.0,284.0,306.0,False,MEDIUM,6.0,True,Racing Point,0 days 01:36:49.324000,,1,13.0,False,,False,True,26.4,51.3,1003.3,False,28.1,52,2.8,True,False,False,False,False,False,+86.715,+28.278,86.715,28.278,5906.036,96.712,,,30.812,42.24,23.66,5840.166,5882.406,5906.066,5809.324
2019,Bahrain Grand Prix,2,Bahrain,Sakhir,0 days 01:40:02.664000,PER,11,0 days 00:01:36.628000,40.0,3.0,,Sergio Perez,,0 days 00:00:30.812000,0 days 00:00:42.143000,0 days 00:00:23.673000,,0 days 01:39:39.021000,0 days 01:40:02.694000,238.0,254.0,285.0,308.0,True,MEDIUM,7.0,True,Racing Point,0 days 01:38:26.036000,,12,13.0,False,,False,True,26.4,51.5,1003.3,False,28.0,45,2.4,True,True,False,False,False,False,+88.942,+7.513,88.942,7.513,6002.664,96.628,,,30.812,42.143,23.673,,5979.021,6002.694,5906.036
2019,Bahrain Grand Prix,2,Bahrain,Sakhir,0 days 01:41:39.105000,PER,11,0 days 00:01:36.441000,41.0,3.0,,Sergio Perez,,0 days 00:00:30.593000,0 days 00:00:42.318000,0 days 00:00:23.530000,0 days 01:40:33.287000,0 days 01:41:15.605000,0 days 01:41:39.135000,239.0,257.0,284.0,306.0,True,MEDIUM,8.0,True,Racing Point,0 days 01:40:02.664000,,1,12.0,False,,False,True,26.4,51.8,1003.2,False,28.0,23,3.3,True,False,False,False,False,False,+90.954,+6.031,90.954,6.031,6099.105,96.441,,,30.593,42.318,23.53,6033.287,6075.605,6099.135,6002.664
2019,Bahrain Grand Prix,2,Bahrain,Sakhir,0 days 01:43:15.524000,PER,11,0 days 00:01:36.419000,42.0,3.0,,Sergio Perez,,0 days 00:00:30.490000,0 days 00:00:42.239000,0 days 00:00:23.690000,0 days 01:42:09.625000,0 days 01:42:51.864000,0 days 01:43:15.554000,237.0,254.0,285.0,308.0,True,MEDIUM,9.0,True,Racing Point,0 days 01:41:39.105000,,12,12.0,False,,False,True,26.3,51.7,1003.3,False,28.0,53,2.7,True,True,False,False,False,False,+92.731,+7.160,92.731,7.16,6195.524,96.419,,,30.49,42.239,23.69,6129.625,6171.864,6195.554,6099.105
2019,Bahrain Grand Prix,2,Bahrain,Sakhir,0 days 01:44:52.092000,PER,11,0 days 00:01:36.568000,43.0,3.0,,Sergio Perez,,0 days 00:00:30.575000,0 days 00:00:42.209000,0 days 00:00:23.784000,0 days 01:43:46.129000,0 days 01:44:28.338000,0 days 01:44:52.122000,237.0,257.0,284.0,301.0,False,MEDIUM,10.0,True,Racing Point,0 days 01:43:15.524000,,1,12.0,False,,False,True,26.3,51.8,1003.2,False,28.0,47,2.8,True,False,False,False,False,False,+93.997,+8.390,93.997,8.39,6292.092,96.568,,,30.575,42.209,23.784,6226.129,6268.338,6292.122,6195.524
2019,Bahrain Grand Prix,2,Bahrain,Sakhir,0 days 01:46:30.390000,PER,11,0 days 00:01:38.298000,44.0,3.0,,Sergio Perez,,0 days 00:00:30.500000,0 days 00:00:43.789000,0 days 00:00:24.009000,0 days 01:45:22.622000,0 days 01:46:06.411000,0 days 01:46:30.420000,238.0,255.0,292.0,309.0,False,MEDIUM,11.0,True,Racing Point,0 days 01:44:52.092000,,1,12.0,False,,False,True,26.3,52.0,1003.1,False,28.0,69,3.2,True,False,False,False,False,False,1 L,+8.681,,8.681,6390.39,98.298,,,30.5,43.789,24.009,6322.622,6366.411,6390.42,6292.092
2019,Bahrain Grand Prix,2,Bahrain,Sakhir,0 days 01:48:08.261000,PER,11,0 days 00:01:37.871000,45.0,3.0,,Sergio Perez,,0 days 00:00:31.320000,0 days 00:00:42.714000,0 days 00:00:23.837000,0 days 01:47:01.740000,0 days 01:47:44.454000,0 days 01:48:08.291000,239.0,256.0,293.0,252.0,False,MEDIUM,12.0,True,Racing Point,0 days 01:46:30.390000,,1,12.0,False,,False,True,26.3,52.5,1003.4,False,27.8,59,2.5,True,False,False,False,False,False,1 L,+9.469,,9.469,6488.261,97.871,,,31.32,42.714,23.837,6421.74,6464.454,6488.291,6390.39
2019,Bahrain Grand Prix,2,Bahrain,Sakhir,0 days 01:49:44.609000,PER,11,0 days 00:01:36.348000,46.0,3.0,,Sergio Perez,,0 days 00:00:30.299000,0 days 00:00:42.439000,0 days 00:00:23.610000,0 days 01:48:38.590000,0 days 01:49:21.029000,0 days 01:49:44.639000,236.0,252.0,284.0,316.0,True,MEDIUM,13.0,True,Racing Point,0 days 01:48:08.261000,,1,12.0,False,,False,True,26.2,52.8,1003.2,False,27.7,63,2.8,True,False,False,False,False,False,+97.083,+8.555,97.083,8.555,6584.609,96.348,,,30.299,42.439,23.61,6518.59,6561.029,6584.639,6488.261
2019,Bahrain Grand Prix,2,Bahrain,Sakhir,0 days 01:51:21.071000,PER,11,0 days 00:01:36.462000,47.0,3.0,,Sergio Perez,,0 days 00:00:30.475000,0 days 00:00:42.148000,0 days 00:00:23.839000,0 days 01:50:15.114000,0 days 01:50:57.262000,0 days 01:51:21.101000,239.0,255.0,283.0,309.0,False,MEDIUM,14.0,True,Racing Point,0 days 01:49:44.609000,,1,12.0,False,,False,True,26.2,52.9,1003.4,False,27.7,39,2.6,True,False,False,False,False,False,+90.876,+7.817,90.876,7.817,6681.071,96.462,,,30.475,42.148,23.839,6615.114,6657.262,6681.101,6584.609
2019,Bahrain Grand Prix,2,Bahrain,Sakhir,0 days 01:52:57.600000,PER,11,0 days 00:01:36.529000,48.0,3.0,,Sergio Perez,,0 days 00:00:30.340000,0 days 00:00:42.626000,0 days 00:00:23.563000,0 days 01:51:51.441000,0 days 01:52:34.067000,0 days 01:52:57.630000,238.0,255.0,285.0,307.0,False,MEDIUM,15.0,True,Racing Point,0 days 01:51:21.071000,,1,12.0,False,,False,True,26.2,53.2,1003.3,False,27.6,33,3.3,True,False,False,False,False,False,+90.388,+6.665,90.388,6.665,6777.6,96.529,,,30.34,42.626,23.563,6711.441,6754.067,6777.63,6681.071
2019,Bahrain Grand Prix,2,Bahrain,Sakhir,0 days 01:54:34.227000,PER,11,0 days 00:01:36.627000,49.0,3.0,,Sergio Perez,,0 days 00:00:30.475000,0 days 00:00:42.405000,0 days 00:00:23.747000,0 days 01:53:28.105000,0 days 01:54:10.510000,0 days 01:54:34.257000,238.0,254.0,285.0,305.0,False,MEDIUM,16.0,True,Racing Point,0 days 01:52:57.600000,,1,12.0,False,,False,True,26.1,53.5,1003.2,False,27.5,58,2.9,True,False,False,False,False,False,+90.231,+5.728,90.231,5.728,6874.227,96.627,,,30.475,42.405,23.747,6808.105,6850.51,6874.257,6777.6
2019,Bahrain Grand Prix,2,Bahrain,Sakhir,0 days 01:56:10.695000,PER,11,0 days 00:01:36.468000,50.0,3.0,,Sergio Perez,,0 days 00:00:30.413000,0 days 00:00:42.306000,0 days 00:00:23.749000,0 days 01:55:04.670000,0 days 01:55:46.976000,0 days 01:56:10.725000,238.0,257.0,284.0,310.0,False,MEDIUM,17.0,True,Racing Point,0 days 01:54:34.227000,,1,12.0,False,,False,True,26.1,53.8,1003.1,False,27.5,60,2.9,True,False,False,False,False,False,+90.388,+4.645,90.388,4.645,6970.695,96.468,,,30.413,42.306,23.749,6904.67,6946.976,6970.725,6874.227
2019,Bahrain Grand Prix,2,Bahrain,Sakhir,0 days 01:57:47.025000,PER,11,0 days 00:01:36.330000,51.0,3.0,,Sergio Perez,,0 days 00:00:30.273000,0 days 00:00:42.357000,0 days 00:00:23.700000,0 days 01:56:40.998000,0 days 01:57:23.355000,0 days 01:57:47.055000,239.0,256.0,284.0,305.0,True,MEDIUM,18.0,True,Racing Point,0 days 01:56:10.695000,,1,12.0,False,,False,True,26.1,53.7,1003.4,False,27.5,57,2.9,True,False,False,False,False,False,+90.313,+3.126,90.313,3.126,7067.025,96.33,,,30.273,42.357,23.7,7000.998,7043.355,7067.055,6970.695
2019,Bahrain Grand Prix,2,Bahrain,Sakhir,0 days 01:59:24.178000,PER,11,0 days 00:01:37.153000,52.0,3.0,,Sergio Perez,,0 days 00:00:30.561000,0 days 00:00:42.601000,0 days 00:00:23.991000,0 days 01:58:17.616000,0 days 01:59:00.217000,0 days 01:59:24.208000,236.0,252.0,282.0,306.0,False,MEDIUM,19.0,True,Racing Point,0 days 01:57:47.025000,,1,12.0,False,,False,True,26.1,53.7,1003.3,False,27.5,44,2.5,True,False,False,False,False,False,+89.458,+2.895,89.458,2.895,7164.178,97.153,,,30.561,42.601,23.991,7097.616,7140.217,7164.208,7067.025
2019,Bahrain Grand Prix,2,Bahrain,Sakhir,0 days 02:01:01.370000,PER,11,0 days 00:01:37.192000,53.0,3.0,,Sergio Perez,,0 days 00:00:30.436000,0 days 00:00:42.740000,0 days 00:00:24.016000,0 days 01:59:54.644000,0 days 02:00:37.384000,0 days 02:01:01.400000,238.0,254.0,281.0,307.0,False,MEDIUM,20.0,True,Racing Point,0 days 01:59:24.178000,,12,12.0,False,,False,True,26.1,53.9,1003.3,False,27.6,52,2.6,True,True,False,False,False,False,+89.987,+2.100,89.987,2.1,7261.37,97.192,,,30.436,42.74,24.016,7194.644,7237.384,7261.4,7164.178
2019,Bahrain Grand Prix,2,Bahrain,Sakhir,0 days 02:02:50.187000,PER,11,0 days 00:01:48.817000,54.0,3.0,,Sergio Perez,,0 days 00:00:30.762000,0 days 00:00:42.514000,0 days 00:00:35.541000,0 days 02:01:32.162000,0 days 02:02:14.676000,0 days 02:02:50.217000,239.0,256.0,256.0,302.0,False,MEDIUM,21.0,True,Racing Point,0 days 02:01:01.370000,,24,10.0,False,,False,False,26.1,53.8,1003.2,False,27.6,40,2.7,False,True,True,False,False,False,+101.842,+4.045,101.842,4.045,7370.187,108.817,,,30.762,42.514,35.541,7292.162,7334.676,7370.217,7261.37
2019,Bahrain Grand Prix,2,Bahrain,Sakhir,0 days 02:04:59.649000,PER,11,0 days 00:02:09.462000,55.0,3.0,,Sergio Perez,,0 days 00:00:38.165000,0 days 00:00:56.976000,0 days 00:00:34.321000,0 days 02:03:28.382000,0 days 02:04:25.358000,0 days 02:04:59.679000,218.0,157.0,194.0,227.0,False,MEDIUM,22.0,True,Racing Point,0 days 02:02:50.187000,,4,10.0,False,,False,False,26.1,53.9,1003.0,False,27.5,13,2.9,False,False,True,False,False,False,+121.068,+2.766,121.068,2.766,7499.649,129.462,,,38.165,56.976,34.321,7408.382,7465.358,7499.679,7370.187
2019,Bahrain Grand Prix,2,Bahrain,Sakhir,0 days 02:06:56.048000,PER,11,0 days 00:01:56.399000,56.0,3.0,,Sergio Perez,,0 days 00:00:41.215000,0 days 00:00:46.316000,0 days 00:00:28.868000,0 days 02:05:40.894000,0 days 02:06:27.210000,0 days 02:06:56.078000,218.0,244.0,230.0,224.0,False,MEDIUM,23.0,True,Racing Point,0 days 02:04:59.649000,,4,10.0,False,,False,False,26.1,53.8,1003.1,False,27.6,24,3.4,False,False,True,False,False,False,+95.558,+1.751,95.558,1.751,7616.048,116.399,,,41.215,46.316,28.868,7540.894,7587.21,7616.078,7499.649
2019,Bahrain Grand Prix,2,Bahrain,Sakhir,0 days 02:08:56.571000,PER,11,0 days 00:02:00.523000,57.0,3.0,,Sergio Perez,,0 days 00:00:40.242000,0 days 00:00:52.711000,0 days 00:00:27.570000,0 days 02:07:36.320000,0 days 02:08:29.031000,0 days 02:08:56.601000,155.0,185.0,240.0,231.0,False,MEDIUM,24.0,True,Racing Point,0 days 02:06:56.048000,,4,10.0,False,,False,False,26.1,54.1,1003.2,False,27.4,19,2.5,False,False,True,False,False,False,+63.701,+0.974,63.701,0.974,7736.571,120.523,,,40.242,52.711,27.57,7656.32,7709.031,7736.601,7616.048
2019,Bahrain Grand Prix,2,Bahrain,Sakhir,0 days 00:35:11.046000,LEC,16,0 days 00:01:39.466000,1.0,1.0,,Charles Leclerc,,,0 days 00:00:42.805000,0 days 00:00:23.773000,,0 days 00:34:47.340000,0 days 00:35:11.172000,242.0,256.0,283.0,263.0,False,SOFT,4.0,False,Ferrari,0 days 00:33:31.386000,,12,3.0,False,,False,False,26.1,54.5,1003.3,False,29.2,16,2.3,True,True,False,False,False,False,+1.936,+0.535,1.936,0.535,2111.046,99.466,,,,42.805,23.773,,2087.34,2111.172,2011.386
2019,Bahrain Grand Prix,2,Bahrain,Sakhir,0 days 00:36:47.648000,LEC,16,0 days 00:01:36.602000,2.0,1.0,,Charles Leclerc,,0 days 00:00:30.754000,0 days 00:00:42.160000,0 days 00:00:23.688000,0 days 00:35:41.833000,0 days 00:36:23.993000,0 days 00:36:47.681000,237.0,250.0,280.0,304.0,True,SOFT,5.0,False,Ferrari,0 days 00:35:11.046000,,21,2.0,False,,False,True,26.1,53.9,1003.5,False,29.3,22,2.3,True,True,False,False,False,False,+1.928,+1.928,1.928,1.928,2207.648,96.602,,,30.754,42.16,23.688,2141.833,2183.993,2207.681,2111.046
2019,Bahrain Grand Prix,2,Bahrain,Sakhir,0 days 00:38:24.031000,LEC,16,0 days 00:01:36.383000,3.0,1.0,,Charles Leclerc,,0 days 00:00:30.557000,0 days 00:00:42.091000,0 days 00:00:23.735000,0 days 00:37:18.238000,0 days 00:38:00.329000,0 days 00:38:24.064000,237.0,255.0,281.0,298.0,True,SOFT,6.0,False,Ferrari,0 days 00:36:47.648000,,1,2.0,False,,False,True,26.1,53.7,1003.5,False,29.3,70,3.0,True,False,False,False,False,False,+1.348,+1.348,1.348,1.348,2304.031,96.383,,,30.557,42.091,23.735,2238.238,2280.329,2304.064,2207.648
2019,Bahrain Grand Prix,2,Bahrain,Sakhir,0 days 00:40:00.905000,LEC,16,0 days 00:01:36.874000,4.0,1.0,,Charles Leclerc,,0 days 00:00:30.496000,0 days 00:00:42.222000,0 days 00:00:24.156000,0 days 00:38:54.560000,0 days 00:39:36.782000,0 days 00:40:00.938000,236.0,258.0,287.0,299.0,False,SOFT,7.0,False,Ferrari,0 days 00:38:24.031000,,12,2.0,False,,False,True,26.2,53.8,1003.4,False,29.3,36,1.9,True,True,False,False,False,False,+0.917,+0.917,0.917,0.917,2400.905,96.874,,,30.496,42.222,24.156,2334.56,2376.782,2400.938,2304.031
2019,Bahrain Grand Prix,2,Bahrain,Sakhir,0 days 00:41:38.119000,LEC,16,0 days 00:01:37.214000,5.0,1.0,,Charles Leclerc,,0 days 00:00:30.629000,0 days 00:00:42.568000,0 days 00:00:24.017000,0 days 00:40:31.567000,0 days 00:41:14.135000,0 days 00:41:38.152000,234.0,255.0,291.0,326.0,False,SOFT,8.0,False,Ferrari,0 days 00:40:00.905000,,1,2.0,False,,False,True,26.2,54.0,1003.5,False,29.2,41,3.1,True,False,False,False,False,False,+0.593,+0.593,0.593,0.593,2498.119,97.214,,,30.629,42.568,24.017,2431.567,2474.135,2498.152,2400.905
2019,Bahrain Grand Prix,2,Bahrain,Sakhir,0 days 00:43:15.030000,LEC,16,0 days 00:01:36.911000,6.0,1.0,,Charles Leclerc,,0 days 00:00:30.488000,0 days 00:00:42.533000,0 days 00:00:23.890000,0 days 00:42:08.640000,0 days 00:42:51.173000,0 days 00:43:15.063000,233.0,252.0,280.0,329.0,False,SOFT,9.0,False,Ferrari,0 days 00:41:38.119000,,12,1.0,False,,False,True,26.2,53.9,1003.5,False,29.2,29,3.1,True,True,False,False,False,False,LAP 6,LAP 6,,,2595.03,96.911,,,30.488,42.533,23.89,2528.64,2571.173,2595.063,2498.119
2019,Bahrain Grand Prix,2,Bahrain,Sakhir,0 days 00:44:52.098000,LEC,16,0 days 00:01:37.068000,7.0,1.0,,Charles Leclerc,,0 days 00:00:30.735000,0 days 00:00:42.483000,0 days 00:00:23.850000,0 days 00:43:45.798000,0 days 00:44:28.281000,0 days 00:44:52.131000,233.0,248.0,280.0,293.0,False,SOFT,10.0,False,Ferrari,0 days 00:43:15.030000,,1,1.0,False,,False,True,26.2,54.3,1003.4,False,29.2,3,2.3,True,False,False,False,False,False,LAP 7,LAP 7,,,2692.098,97.068,,,30.735,42.483,23.85,2625.798,2668.281,2692.131,2595.03
2019,Bahrain Grand Prix,2,Bahrain,Sakhir,0 days 00:46:29.887000,LEC,16,0 days 00:01:37.789000,8.0,1.0,,Charles Leclerc,,0 days 00:00:30.855000,0 days 00:00:42.945000,0 days 00:00:23.989000,0 days 00:45:22.986000,0 days 00:46:05.931000,0 days 00:46:29.920000,236.0,253.0,280.0,296.0,False,SOFT,11.0,False,Ferrari,0 days 00:44:52.098000,,1,1.0,False,,False,True,26.2,54.2,1003.6,False,29.1,40,2.9,True,False,False,False,False,False,LAP 8,LAP 8,,,2789.887,97.789,,,30.855,42.945,23.989,2722.986,2765.931,2789.92,2692.098
2019,Bahrain Grand Prix,2,Bahrain,Sakhir,0 days 00:48:07.092000,LEC,16,0 days 00:01:37.205000,9.0,1.0,,Charles Leclerc,,0 days 00:00:30.738000,0 days 00:00:42.502000,0 days 00:00:23.965000,0 days 00:47:00.658000,0 days 00:47:43.160000,0 days 00:48:07.125000,237.0,257.0,280.0,301.0,False,SOFT,12.0,False,Ferrari,0 days 00:46:29.887000,,1,1.0,False,,False,True,26.2,54.3,1003.5,False,29.1,355,2.4,True,False,False,False,False,False,LAP 9,LAP 9,,,2887.092,97.205,,,30.738,42.502,23.965,2820.658,2863.16,2887.125,2789.887
2019,Bahrain Grand Prix,2,Bahrain,Sakhir,0 days 00:49:44.363000,LEC,16,0 days 00:01:37.271000,10.0,1.0,,Charles Leclerc,,0 days 00:00:30.708000,0 days 00:00:42.650000,0 days 00:00:23.913000,0 days 00:48:37.833000,0 days 00:49:20.483000,0 days 00:49:44.396000,239.0,255.0,280.0,300.0,False,SOFT,13.0,False,Ferrari,0 days 00:48:07.092000,,1,1.0,False,,False,True,26.2,54.3,1003.6,False,28.9,41,2.7,True,False,False,False,False,False,LAP 10,LAP 10,,,2984.363,97.271,,,30.708,42.65,23.913,2917.833,2960.483,2984.396,2887.092
2019,Bahrain Grand Prix,2,Bahrain,Sakhir,0 days 00:51:21.556000,LEC,16,0 days 00:01:37.193000,11.0,1.0,,Charles Leclerc,,0 days 00:00:30.855000,0 days 00:00:42.434000,0 days 00:00:23.904000,0 days 00:50:15.251000,0 days 00:50:57.685000,0 days 00:51:21.589000,239.0,252.0,280.0,300.0,False,SOFT,14.0,False,Ferrari,0 days 00:49:44.363000,,1,1.0,False,,False,True,26.1,54.7,1003.5,False,28.9,53,3.1,True,False,False,False,False,False,LAP 11,LAP 11,,,3081.556,97.193,,,30.855,42.434,23.904,3015.251,3057.685,3081.589,2984.363
2019,Bahrain Grand Prix,2,Bahrain,Sakhir,0 days 00:52:59.008000,LEC,16,0 days 00:01:37.452000,12.0,1.0,,Charles Leclerc,,0 days 00:00:30.819000,0 days 00:00:42.624000,0 days 00:00:24.009000,0 days 00:51:52.408000,0 days 00:52:35.032000,0 days 00:52:59.041000,237.0,252.0,281.0,300.0,False,SOFT,15.0,False,Ferrari,0 days 00:51:21.556000,,1,1.0,False,,False,True,26.1,55.1,1003.5,False,28.8,334,2.5,True,False,False,False,False,False,LAP 12,LAP 12,,,3179.008,97.452,,,30.819,42.624,24.009,3112.408,3155.032,3179.041,3081.556
2019,Bahrain Grand Prix,2,Bahrain,Sakhir,0 days 00:54:39.004000,LEC,16,0 days 00:01:39.996000,13.0,1.0,,Charles Leclerc,0 days 00:54:37.316000,0 days 00:00:30.918000,0 days 00:00:42.546000,0 days 00:00:26.532000,0 days 00:53:29.959000,0 days 00:54:12.505000,0 days 00:54:39.037000,239.0,255.0,,302.0,False,SOFT,16.0,False,Ferrari,0 days 00:52:59.008000,,12,1.0,False,,False,False,26.1,54.9,1003.6,False,28.8,31,2.5,True,True,False,False,False,False,LAP 13,LAP 13,,,3279.004,99.996,3277.316,,30.918,42.546,26.532,3209.959,3252.505,3279.037,3179.008
2019,Bahrain Grand Prix,2,Bahrain,Sakhir,0 days 00:56:35.207000,LEC,16,0 days 00:01:56.203000,14.0,2.0,0 days 00:55:01.824000,Charles Leclerc,,0 days 00:00:51.874000,0 days 00:00:40.970000,0 days 00:00:23.359000,0 days 00:55:30.911000,0 days 00:56:11.881000,0 days 00:56:35.240000,243.0,258.0,283.0,206.0,False,MEDIUM,1.0,True,Ferrari,0 days 00:54:39.004000,,1,3.0,False,,False,False,26.1,55.2,1003.6,False,28.8,4,2.5,True,False,False,False,False,False,+17.257,+1.218,17.257,1.218,3395.207,116.203,,3301.824,51.874,40.97,23.359,3330.911,3371.881,3395.24,3279.004
2019,Bahrain Grand Prix,2,Bahrain,Sakhir,0 days 00:58:09.121000,LEC,16,0 days 00:01:33.914000,15.0,2.0,,Charles Leclerc,,0 days 00:00:29.650000,0 days 00:00:41.136000,0 days 00:00:23.128000,0 days 00:57:04.890000,0 days 00:57:46.026000,0 days 00:58:09.154000,240.0,259.0,282.0,303.0,True,MEDIUM,2.0,True,Ferrari,0 days 00:56:35.207000,,1,1.0,False,,False,True,26.1,55.1,1003.8,False,28.8,29,1.8,True,False,False,False,False,False,LAP 15,LAP 15,,,3489.121,93.914,,,29.65,41.136,23.128,3424.89,3466.026,3489.154,3395.207
2019,Bahrain Grand Prix,2,Bahrain,Sakhir,0 days 00:59:43.950000,LEC,16,0 days 00:01:34.829000,16.0,2.0,,Charles Leclerc,,0 days 00:00:30.202000,0 days 00:00:41.364000,0 days 00:00:23.263000,0 days 00:58:39.356000,0 days 00:59:20.720000,0 days 00:59:43.983000,237.0,257.0,282.0,298.0,False,MEDIUM,3.0,True,Ferrari,0 days 00:58:09.121000,,1,1.0,False,,False,True,26.1,55.3,1003.7,False,28.8,17,2.0,True,False,False,False,False,False,LAP 16,LAP 16,,,3583.95,94.829,,,30.202,41.364,23.263,3519.356,3560.72,3583.983,3489.121
2019,Bahrain Grand Prix,2,Bahrain,Sakhir,0 days 01:01:19.161000,LEC,16,0 days 00:01:35.211000,17.0,2.0,,Charles Leclerc,,0 days 00:00:30.066000,0 days 00:00:41.747000,0 days 00:00:23.398000,0 days 01:00:14.049000,0 days 01:00:55.796000,0 days 01:01:19.194000,238.0,252.0,282.0,298.0,False,MEDIUM,4.0,True,Ferrari,0 days 00:59:43.950000,,1,1.0,False,,False,True,26.1,55.5,1003.7,False,28.8,47,2.1,True,False,False,False,False,False,LAP 17,LAP 17,,,3679.161,95.211,,,30.066,41.747,23.398,3614.049,3655.796,3679.194,3583.95
2019,Bahrain Grand Prix,2,Bahrain,Sakhir,0 days 01:02:54.628000,LEC,16,0 days 00:01:35.467000,18.0,2.0,,Charles Leclerc,,0 days 00:00:30.259000,0 days 00:00:41.802000,0 days 00:00:23.406000,0 days 01:01:49.453000,0 days 01:02:31.255000,0 days 01:02:54.661000,239.0,258.0,281.0,299.0,False,MEDIUM,5.0,True,Ferrari,0 days 01:01:19.161000,,1,1.0,False,,False,True,26.1,55.3,1003.7,False,28.7,2,2.7,True,False,False,False,False,False,LAP 18,LAP 18,,,3774.628,95.467,,,30.259,41.802,23.406,3709.453,3751.255,3774.661,3679.161
2019,Bahrain Grand Prix,2,Bahrain,Sakhir,0 days 01:04:30.401000,LEC,16,0 days 00:01:35.773000,19.0,2.0,,Charles Leclerc,,0 days 00:00:30.453000,0 days 00:00:41.765000,0 days 00:00:23.555000,0 days 01:03:25.114000,0 days 01:04:06.879000,0 days 01:04:30.434000,238.0,255.0,281.0,297.0,False,MEDIUM,6.0,True,Ferrari,0 days 01:02:54.628000,,1,1.0,False,,False,True,26.1,54.8,1003.7,False,28.8,85,2.2,True,False,False,False,False,False,LAP 19,LAP 19,,,3870.401,95.773,,,30.453,41.765,23.555,3805.114,3846.879,3870.434,3774.628
2019,Bahrain Grand Prix,2,Bahrain,Sakhir,0 days 01:06:06.452000,LEC,16,0 days 00:01:36.051000,20.0,2.0,,Charles Leclerc,,0 days 00:00:30.377000,0 days 00:00:42.030000,0 days 00:00:23.644000,0 days 01:05:00.811000,0 days 01:05:42.841000,0 days 01:06:06.485000,239.0,254.0,282.0,296.0,False,MEDIUM,7.0,True,Ferrari,0 days 01:04:30.401000,,1,1.0,False,,False,True,26.1,54.0,1003.7,False,28.8,59,2.3,True,False,False,False,False,False,LAP 20,LAP 20,,,3966.452,96.051,,,30.377,42.03,23.644,3900.811,3942.841,3966.485,3870.401
2019,Bahrain Grand Prix,2,Bahrain,Sakhir,0 days 01:07:42.440000,LEC,16,0 days 00:01:35.988000,21.0,2.0,,Charles Leclerc,,0 days 00:00:30.462000,0 days 00:00:41.956000,0 days 00:00:23.570000,0 days 01:06:36.947000,0 days 01:07:18.903000,0 days 01:07:42.473000,237.0,253.0,282.0,296.0,False,MEDIUM,8.0,True,Ferrari,0 days 01:06:06.452000,,1,1.0,False,,False,True,26.3,53.4,1003.5,False,29.0,31,3.0,True,False,False,False,False,False,LAP 21,LAP 21,,,4062.44,95.988,,,30.462,41.956,23.57,3996.947,4038.903,4062.473,3966.452
2019,Bahrain Grand Prix,2,Bahrain,Sakhir,0 days 01:09:18.547000,LEC,16,0 days 00:01:36.107000,22.0,2.0,,Charles Leclerc,,0 days 00:00:30.501000,0 days 00:00:42.065000,0 days 00:00:23.541000,0 days 01:08:12.974000,0 days 01:08:55.039000,0 days 01:09:18.580000,235.0,256.0,282.0,292.0,False,MEDIUM,9.0,True,Ferrari,0 days 01:07:42.440000,,1,1.0,False,,False,True,26.3,53.1,1003.6,False,28.8,30,2.2,True,False,False,False,False,False,LAP 22,LAP 22,,,4158.547,96.107,,,30.501,42.065,23.541,4092.974,4135.039,4158.58,4062.44
2019,Bahrain Grand Prix,2,Bahrain,Sakhir,0 days 01:10:54.650000,LEC,16,0 days 00:01:36.103000,23.0,2.0,,Charles Leclerc,,0 days 00:00:30.492000,0 days 00:00:42.090000,0 days 00:00:23.521000,0 days 01:09:49.072000,0 days 01:10:31.162000,0 days 01:10:54.683000,238.0,255.0,282.0,290.0,False,MEDIUM,10.0,True,Ferrari,0 days 01:09:18.547000,,1,1.0,False,,False,True,26.3,52.2,1003.6,False,28.9,63,2.5,True,False,False,False,False,False,LAP 23,LAP 23,,,4254.65,96.103,,,30.492,42.09,23.521,4189.072,4231.162,4254.683,4158.547
2019,Bahrain Grand Prix,2,Bahrain,Sakhir,0 days 01:12:30.875000,LEC,16,0 days 00:01:36.225000,24.0,2.0,,Charles Leclerc,,0 days 00:00:30.465000,0 days 00:00:42.142000,0 days 00:00:23.618000,0 days 01:11:25.148000,0 days 01:12:07.290000,0 days 01:12:30.908000,236.0,255.0,284.0,294.0,False,MEDIUM,11.0,True,Ferrari,0 days 01:10:54.650000,,1,1.0,False,,False,True,26.4,51.3,1003.3,False,28.9,9,2.9,True,False,False,False,False,False,LAP 24,LAP 24,,,4350.875,96.225,,,30.465,42.142,23.618,4285.148,4327.29,4350.908,4254.65
2019,Bahrain Grand Prix,2,Bahrain,Sakhir,0 days 01:14:07.159000,LEC,16,0 days 00:01:36.284000,25.0,2.0,,Charles Leclerc,,0 days 00:00:30.299000,0 days 00:00:42.439000,0 days 00:00:23.546000,0 days 01:13:01.207000,0 days 01:13:43.646000,0 days 01:14:07.192000,238.0,255.0,283.0,299.0,False,MEDIUM,12.0,True,Ferrari,0 days 01:12:30.875000,,1,1.0,False,,False,True,26.5,51.3,1003.5,False,28.9,12,1.9,True,False,False,False,False,False,LAP 25,LAP 25,,,4447.159,96.284,,,30.299,42.439,23.546,4381.207,4423.646,4447.192,4350.875
2019,Bahrain Grand Prix,2,Bahrain,Sakhir,0 days 01:15:43.462000,LEC,16,0 days 00:01:36.303000,26.0,2.0,,Charles Leclerc,,0 days 00:00:30.476000,0 days 00:00:42.169000,0 days 00:00:23.658000,0 days 01:14:37.668000,0 days 01:15:19.837000,0 days 01:15:43.495000,239.0,256.0,282.0,295.0,False,MEDIUM,13.0,True,Ferrari,0 days 01:14:07.159000,,1,1.0,False,,False,True,26.5,51.3,1003.4,False,28.9,31,2.7,True,False,False,False,False,False,LAP 26,LAP 26,,,4543.462,96.303,,,30.476,42.169,23.658,4477.668,4519.837,4543.495,4447.159
2019,Bahrain Grand Prix,2,Bahrain,Sakhir,0 days 01:17:20.429000,LEC,16,0 days 00:01:36.967000,27.0,2.0,,Charles Leclerc,,0 days 00:00:30.734000,0 days 00:00:42.258000,0 days 00:00:23.975000,0 days 01:16:14.229000,0 days 01:16:56.487000,0 days 01:17:20.462000,238.0,258.0,282.0,295.0,False,MEDIUM,14.0,True,Ferrari,0 days 01:15:43.462000,,1,1.0,False,,False,True,26.5,50.9,1003.4,False,28.8,39,2.1,True,False,False,False,False,False,LAP 27,LAP 27,,,4640.429,96.967,,,30.734,42.258,23.975,4574.229,4616.487,4640.462,4543.462
2019,Bahrain Grand Prix,2,Bahrain,Sakhir,0 days 01:18:57.665000,LEC,16,0 days 00:01:37.236000,28.0,2.0,,Charles Leclerc,,0 days 00:00:30.556000,0 days 00:00:42.878000,0 days 00:00:23.802000,0 days 01:17:51.018000,0 days 01:18:33.896000,0 days 01:18:57.698000,239.0,251.0,282.0,297.0,False,MEDIUM,15.0,True,Ferrari,0 days 01:17:20.429000,,1,1.0,False,,False,True,26.5,50.0,1003.3,False,28.8,30,2.4,True,False,False,False,False,False,LAP 28,LAP 28,,,4737.665,97.236,,,30.556,42.878,23.802,4671.018,4713.896,4737.698,4640.429
2019,Bahrain Grand Prix,2,Bahrain,Sakhir,0 days 01:20:34.429000,LEC,16,0 days 00:01:36.764000,29.0,2.0,,Charles Leclerc,,0 days 00:00:30.634000,0 days 00:00:42.243000,0 days 00:00:23.887000,0 days 01:19:28.332000,0 days 01:20:10.575000,0 days 01:20:34.462000,239.0,252.0,281.0,291.0,False,MEDIUM,16.0,True,Ferrari,0 days 01:18:57.665000,,1,1.0,False,,False,True,26.6,48.9,1003.3,False,28.9,12,2.3,True,False,False,False,False,False,LAP 29,LAP 29,,,4834.429,96.764,,,30.634,42.243,23.887,4768.332,4810.575,4834.462,4737.665
2019,Bahrain Grand Prix,2,Bahrain,Sakhir,0 days 01:22:11.461000,LEC,16,0 days 00:01:37.032000,30.0,2.0,,Charles Leclerc,,0 days 00:00:30.656000,0 days 00:00:42.697000,0 days 00:00:23.679000,0 days 01:21:05.118000,0 days 01:21:47.815000,0 days 01:22:11.494000,239.0,250.0,283.0,294.0,False,MEDIUM,17.0,True,Ferrari,0 days 01:20:34.429000,,1,1.0,False,,False,True,26.6,48.8,1003.4,False,28.8,27,3.0,True,False,False,False,False,False,LAP 30,LAP 30,,,4931.461,97.032,,,30.656,42.697,23.679,4865.118,4907.815,4931.494,4834.429
2019,Bahrain Grand Prix,2,Bahrain,Sakhir,0 days 01:23:48.138000,LEC,16,0 days 00:01:36.677000,31.0,2.0,,Charles Leclerc,,0 days 00:00:30.493000,0 days 00:00:42.450000,0 days 00:00:23.734000,0 days 01:22:41.987000,0 days 01:23:24.437000,0 days 01:23:48.171000,239.0,253.0,282.0,293.0,False,MEDIUM,18.0,True,Ferrari,0 days 01:22:11.461000,,1,1.0,False,,False,True,26.6,49.1,1003.3,False,28.6,41,2.5,True,False,False,False,False,False,LAP 31,LAP 31,,,5028.138,96.677,,,30.493,42.45,23.734,4961.987,5004.437,5028.171,4931.461
2019,Bahrain Grand Prix,2,Bahrain,Sakhir,0 days 01:25:25.305000,LEC,16,0 days 00:01:37.167000,32.0,2.0,,Charles Leclerc,,0 days 00:00:30.784000,0 days 00:00:42.576000,0 days 00:00:23.807000,0 days 01:24:18.955000,0 days 01:25:01.531000,0 days 01:25:25.338000,237.0,253.0,283.0,298.0,False,MEDIUM,19.0,True,Ferrari,0 days 01:23:48.138000,,1,1.0,False,,False,True,26.6,49.2,1003.4,False,28.6,50,2.5,True,False,False,False,False,False,LAP 32,LAP 32,,,5125.305,97.167,,,30.784,42.576,23.807,5058.955,5101.531,5125.338,5028.138
2019,Bahrain Grand Prix,2,Bahrain,Sakhir,0 days 01:27:01.940000,LEC,16,0 days 00:01:36.635000,33.0,2.0,,Charles Leclerc,,0 days 00:00:30.463000,0 days 00:00:42.428000,0 days 00:00:23.744000,0 days 01:25:55.801000,0 days 01:26:38.229000,0 days 01:27:01.973000,240.0,255.0,283.0,296.0,False,MEDIUM,20.0,True,Ferrari,0 days 01:25:25.305000,,1,1.0,False,,False,True,26.6,49.5,1003.2,False,28.5,36,3.1,True,False,False,False,False,False,LAP 33,LAP 33,,,5221.94,96.635,,,30.463,42.428,23.744,5155.801,5198.229,5221.973,5125.305
2019,Bahrain Grand Prix,2,Bahrain,Sakhir,0 days 01:28:39.034000,LEC,16,0 days 00:01:37.094000,34.0,2.0,,Charles Leclerc,,0 days 00:00:30.603000,0 days 00:00:42.580000,0 days 00:00:23.911000,0 days 01:27:32.576000,0 days 01:28:15.156000,0 days 01:28:39.067000,238.0,251.0,283.0,293.0,False,MEDIUM,21.0,True,Ferrari,0 days 01:27:01.940000,,1,1.0,False,,False,True,26.6,49.9,1003.2,False,28.4,38,2.6,True,False,False,False,False,False,LAP 34,LAP 34,,,5319.034,97.094,,,30.603,42.58,23.911,5252.576,5295.156,5319.067,5221.94
2019,Bahrain Grand Prix,2,Bahrain,Sakhir,0 days 01:30:15.950000,LEC,16,0 days 00:01:36.916000,35.0,2.0,,Charles Leclerc,,0 days 00:00:30.742000,0 days 00:00:42.489000,0 days 00:00:23.685000,0 days 01:29:09.809000,0 days 01:29:52.298000,0 days 01:30:15.983000,238.0,252.0,283.0,297.0,False,MEDIUM,22.0,True,Ferrari,0 days 01:28:39.034000,,1,1.0,False,,False,True,26.6,49.9,1003.2,False,28.4,54,2.6,True,False,False,False,False,False,LAP 35,LAP 35,,,5415.95,96.916,,,30.742,42.489,23.685,5349.809,5392.298,5415.983,5319.034
2019,Bahrain Grand Prix,2,Bahrain,Sakhir,0 days 01:31:56.397000,LEC,16,0 days 00:01:40.447000,36.0,2.0,,Charles Leclerc,0 days 01:31:54.685000,0 days 00:00:30.934000,0 days 00:00:43.170000,0 days 00:00:26.343000,0 days 01:30:46.917000,0 days 01:31:30.087000,0 days 01:31:56.430000,238.0,257.0,,295.0,False,MEDIUM,23.0,True,Ferrari,0 days 01:30:15.950000,,1,1.0,False,,False,False,26.5,50.2,1003.4,False,28.3,50,2.3,True,False,False,False,False,False,LAP 36,LAP 36,,,5516.397,100.447,5514.685,,30.934,43.17,26.343,5446.917,5490.087,5516.43,5415.95
2019,Bahrain Grand Prix,2,Bahrain,Sakhir,0 days 01:33:51.413000,LEC,16,0 days 00:01:55.016000,37.0,3.0,0 days 01:32:19.047000,Charles Leclerc,,0 days 00:00:51.178000,0 days 00:00:40.955000,0 days 00:00:22.883000,0 days 01:32:47.608000,0 days 01:33:28.563000,0 days 01:33:51.446000,239.0,257.0,286.0,214.0,False,MEDIUM,1.0,True,Ferrari,0 days 01:31:56.397000,,1,1.0,False,,False,False,26.5,50.5,1003.3,False,28.3,65,2.0,True,False,False,False,False,False,LAP 37,LAP 37,,,5631.413,115.016,,5539.047,51.178,40.955,22.883,5567.608,5608.563,5631.446,5516.397
2019,Bahrain Grand Prix,2,Bahrain,Sakhir,0 days 01:35:24.824000,LEC,16,0 days 00:01:33.411000,38.0,3.0,,Charles Leclerc,,0 days 00:00:29.684000,0 days 00:00:40.734000,0 days 00:00:22.993000,0 days 01:34:21.130000,0 days 01:35:01.864000,0 days 01:35:24.857000,245.0,266.0,284.0,305.0,True,MEDIUM,2.0,True,Ferrari,0 days 01:33:51.413000,,12,1.0,False,,False,True,26.5,50.8,1003.4,False,28.3,17,2.8,True,True,False,False,False,False,LAP 38,LAP 38,,,5724.824,93.411,,,29.684,40.734,22.993,5661.13,5701.864,5724.857,5631.413
2019,Bahrain Grand Prix,2,Bahrain,Sakhir,0 days 01:36:59.320000,LEC,16,0 days 00:01:34.496000,39.0,3.0,,Charles Leclerc,,0 days 00:00:30.056000,0 days 00:00:41.230000,0 days 00:00:23.210000,0 days 01:35:54.913000,0 days 01:36:36.143000,0 days 01:36:59.353000,240.0,256.0,284.0,293.0,False,MEDIUM,3.0,True,Ferrari,0 days 01:35:24.824000,,1,1.0,False,,False,True,26.5,51.0,1003.4,False,28.1,28,2.3,True,False,False,False,False,False,LAP 39,LAP 39,,,5819.32,94.496,,,30.056,41.23,23.21,5754.913,5796.143,5819.353,5724.824
2019,Bahrain Grand Prix,2,Bahrain,Sakhir,0 days 01:38:33.716000,LEC,16,0 days 00:01:34.396000,40.0,3.0,,Charles Leclerc,,0 days 00:00:30.048000,0 days 00:00:41.124000,0 days 00:00:23.224000,0 days 01:37:29.401000,0 days 01:38:10.525000,0 days 01:38:33.749000,243.0,256.0,285.0,296.0,False,MEDIUM,4.0,True,Ferrari,0 days 01:36:59.320000,,1,1.0,False,,False,True,26.4,51.5,1003.3,False,28.0,45,2.4,True,False,False,False,False,False,LAP 40,LAP 40,,,5913.716,94.396,,,30.048,41.124,23.224,5849.401,5890.525,5913.749,5819.32
2019,Bahrain Grand Prix,2,Bahrain,Sakhir,0 days 01:40:08.146000,LEC,16,0 days 00:01:34.430000,41.0,3.0,,Charles Leclerc,,0 days 00:00:30.049000,0 days 00:00:41.237000,0 days 00:00:23.144000,0 days 01:39:03.798000,0 days 01:39:45.035000,0 days 01:40:08.179000,242.0,259.0,285.0,293.0,False,MEDIUM,5.0,True,Ferrari,0 days 01:38:33.716000,,12,1.0,False,,False,True,26.4,51.5,1003.3,False,28.0,45,2.4,True,True,False,False,False,False,LAP 41,LAP 41,,,6008.146,94.43,,,30.049,41.237,23.144,5943.798,5985.035,6008.179,5913.716
2019,Bahrain Grand Prix,2,Bahrain,Sakhir,0 days 01:41:42.800000,LEC,16,0 days 00:01:34.654000,42.0,3.0,,Charles Leclerc,,0 days 00:00:29.990000,0 days 00:00:41.448000,0 days 00:00:23.216000,0 days 01:40:38.169000,0 days 01:41:19.617000,0 days 01:41:42.833000,239.0,257.0,283.0,295.0,False,MEDIUM,6.0,True,Ferrari,0 days 01:40:08.146000,,1,1.0,False,,False,True,26.4,51.8,1003.2,False,28.0,23,3.3,True,False,False,False,False,False,LAP 42,LAP 42,,,6102.8,94.654,,,29.99,41.448,23.216,6038.169,6079.617,6102.833,6008.146
2019,Bahrain Grand Prix,2,Bahrain,Sakhir,0 days 01:43:18.103000,LEC,16,0 days 00:01:35.303000,43.0,3.0,,Charles Leclerc,,0 days 00:00:30.442000,0 days 00:00:41.435000,0 days 00:00:23.426000,0 days 01:42:13.275000,0 days 01:42:54.710000,0 days 01:43:18.136000,237.0,252.0,282.0,289.0,False,MEDIUM,7.0,True,Ferrari,0 days 01:41:42.800000,,12,1.0,False,,False,True,26.3,51.7,1003.3,False,28.0,53,2.7,True,True,False,False,False,False,LAP 43,LAP 43,,,6198.103,95.303,,,30.442,41.435,23.426,6133.275,6174.71,6198.136,6102.8
2019,Bahrain Grand Prix,2,Bahrain,Sakhir,0 days 01:44:53.590000,LEC,16,0 days 00:01:35.487000,44.0,3.0,,Charles Leclerc,,0 days 00:00:30.406000,0 days 00:00:41.580000,0 days 00:00:23.501000,0 days 01:43:48.542000,0 days 01:44:30.122000,0 days 01:44:53.623000,239.0,259.0,283.0,289.0,False,MEDIUM,8.0,True,Ferrari,0 days 01:43:18.103000,,1,1.0,False,,False,True,26.3,51.8,1003.2,False,28.0,47,2.8,True,False,False,False,False,False,LAP 44,LAP 44,,,6293.59,95.487,,,30.406,41.58,23.501,6228.542,6270.122,6293.623,6198.103
2019,Bahrain Grand Prix,2,Bahrain,Sakhir,0 days 01:46:29.631000,LEC,16,0 days 00:01:36.041000,45.0,3.0,,Charles Leclerc,,0 days 00:00:30.203000,0 days 00:00:41.974000,0 days 00:00:23.864000,0 days 01:45:23.826000,0 days 01:46:05.800000,0 days 01:46:29.664000,239.0,245.0,270.0,295.0,False,MEDIUM,9.0,True,Ferrari,0 days 01:44:53.590000,,1,1.0,False,,False,True,26.3,52.3,1003.3,False,27.8,62,2.6,True,False,False,False,False,False,LAP 45,LAP 45,,,6389.631,96.041,,,30.203,41.974,23.864,6323.826,6365.8,6389.664,6293.59
2019,Bahrain Grand Prix,2,Bahrain,Sakhir,0 days 01:48:07.687000,LEC,16,0 days 00:01:38.056000,46.0,3.0,,Charles Leclerc,,0 days 00:00:31.469000,0 days 00:00:42.284000,0 days 00:00:24.303000,0 days 01:47:01.133000,0 days 01:47:43.417000,0 days 01:48:07.720000,228.0,242.0,253.0,274.0,False,MEDIUM,10.0,True,Ferrari,0 days 01:46:29.631000,,1,1.0,False,,False,True,26.3,52.5,1003.4,False,27.8,59,2.5,True,False,False,False,False,False,LAP 46,LAP 46,,,6487.687,98.056,,,31.469,42.284,24.303,6421.133,6463.417,6487.72,6389.631
2019,Bahrain Grand Prix,2,Bahrain,Sakhir,0 days 01:49:47.483000,LEC,16,0 days 00:01:39.796000,47.0,3.0,,Charles Leclerc,,0 days 00:00:32.145000,0 days 00:00:43.205000,0 days 00:00:24.446000,0 days 01:48:39.865000,0 days 01:49:23.070000,0 days 01:49:47.516000,218.0,227.0,262.0,263.0,False,MEDIUM,11.0,True,Ferrari,0 days 01:48:07.687000,,1,1.0,False,,False,True,26.2,52.8,1003.2,False,27.7,63,2.8,True,False,False,False,False,False,LAP 47,LAP 47,,,6587.483,99.796,,,32.145,43.205,24.446,6519.865,6563.07,6587.516,6487.687
2019,Bahrain Grand Prix,2,Bahrain,Sakhir,0 days 01:51:27.909000,LEC,16,0 days 00:01:40.426000,48.0,3.0,,Charles Leclerc,,0 days 00:00:32.378000,0 days 00:00:43.238000,0 days 00:00:24.810000,0 days 01:50:19.894000,0 days 01:51:03.132000,0 days 01:51:27.942000,215.0,227.0,265.0,258.0,False,MEDIUM,12.0,True,Ferrari,0 days 01:49:47.483000,,1,2.0,False,,False,True,26.2,52.9,1003.4,False,27.7,39,2.6,True,False,False,False,False,False,+0.600,+0.600,0.6,0.6,6687.909,100.426,,,32.378,43.238,24.81,6619.894,6663.132,6687.942,6587.483
2019,Bahrain Grand Prix,2,Bahrain,Sakhir,0 days 01:53:08.579000,LEC,16,0 days 00:01:40.670000,49.0,3.0,,Charles Leclerc,,0 days 00:00:32.428000,0 days 00:00:43.305000,0 days 00:00:24.937000,0 days 01:52:00.370000,0 days 01:52:43.675000,0 days 01:53:08.612000,213.0,224.0,255.0,278.0,False,MEDIUM,13.0,True,Ferrari,0 days 01:51:27.909000,,1,2.0,False,,False,True,26.2,53.2,1003.3,False,27.6,33,3.3,True,False,False,False,False,False,+4.436,+4.436,4.436,4.436,6788.579,100.67,,,32.428,43.305,24.937,6720.37,6763.675,6788.612,6687.909
2019,Bahrain Grand Prix,2,Bahrain,Sakhir,0 days 01:54:50.896000,LEC,16,0 days 00:01:42.317000,50.0,3.0,,Charles Leclerc,,0 days 00:00:33.324000,0 days 00:00:43.977000,0 days 00:00:25.016000,0 days 01:53:41.936000,0 days 01:54:25.913000,0 days 01:54:50.929000,210.0,218.0,274.0,247.0,False,MEDIUM,14.0,True,Ferrari,0 days 01:53:08.579000,,1,2.0,False,,False,True,26.1,53.5,1003.2,False,27.5,58,2.9,True,False,False,False,False,False,+10.534,+10.534,10.534,10.534,6890.896,102.317,,,33.324,43.977,25.016,6821.936,6865.913,6890.929,6788.579
2019,Bahrain Grand Prix,2,Bahrain,Sakhir,0 days 01:56:31.123000,LEC,16,0 days 00:01:40.227000,51.0,3.0,,Charles Leclerc,,0 days 00:00:32.029000,0 days 00:00:43.469000,0 days 00:00:24.729000,0 days 01:55:22.958000,0 days 01:56:06.427000,0 days 01:56:31.156000,219.0,219.0,261.0,255.0,False,MEDIUM,15.0,True,Ferrari,0 days 01:54:50.896000,,1,2.0,False,,False,True,26.1,53.8,1003.1,False,27.5,60,2.9,True,False,False,False,False,False,+14.292,+14.292,14.292,14.292,6991.123,100.227,,,32.029,43.469,24.729,6922.958,6966.427,6991.156,6890.896
2019,Bahrain Grand Prix,2,Bahrain,Sakhir,0 days 01:58:12.608000,LEC,16,0 days 00:01:41.485000,52.0,3.0,,Charles Leclerc,,0 days 00:00:32.896000,0 days 00:00:43.925000,0 days 00:00:24.664000,0 days 01:57:04.052000,0 days 01:57:47.977000,0 days 01:58:12.641000,204.0,208.0,259.0,235.0,False,MEDIUM,16.0,True,Ferrari,0 days 01:56:31.123000,,1,2.0,False,,False,True,26.1,53.7,1003.4,False,27.5,57,2.9,True,False,False,False,False,False,+17.775,+17.775,17.775,17.775,7092.608,101.485,,,32.896,43.925,24.664,7024.052,7067.977,7092.641,6991.123
2019,Bahrain Grand Prix,2,Bahrain,Sakhir,0 days 01:59:54.152000,LEC,16,0 days 00:01:41.544000,53.0,3.0,,Charles Leclerc,,0 days 00:00:33.031000,0 days 00:00:43.662000,0 days 00:00:24.851000,0 days 01:58:45.672000,0 days 01:59:29.334000,0 days 01:59:54.185000,215.0,211.0,262.0,208.0,False,MEDIUM,17.0,True,Ferrari,0 days 01:58:12.608000,,1,2.0,False,,False,True,26.1,53.9,1003.3,False,27.6,30,2.3,True,False,False,False,False,False,+22.672,+22.672,22.672,22.672,7194.152,101.544,,,33.031,43.662,24.851,7125.672,7169.334,7194.185,7092.608
2019,Bahrain Grand Prix,2,Bahrain,Sakhir,0 days 02:01:34.715000,LEC,16,0 days 00:01:40.563000,54.0,3.0,,Charles Leclerc,,0 days 00:00:32.432000,0 days 00:00:43.567000,0 days 00:00:24.564000,0 days 02:00:26.617000,0 days 02:01:10.184000,0 days 02:01:34.748000,216.0,219.0,259.0,242.0,False,MEDIUM,18.0,True,Ferrari,0 days 01:59:54.152000,,12,3.0,False,,False,True,26.1,54.0,1003.3,False,27.6,39,3.0,True,True,False,False,False,False,+26.403,+4.199,26.403,4.199,7294.715,100.563,,,32.432,43.567,24.564,7226.617,7270.184,7294.748,7194.152
2019,Bahrain Grand Prix,2,Bahrain,Sakhir,0 days 02:03:34.325000,LEC,16,0 days 00:01:59.610000,55.0,3.0,,Charles Leclerc,,0 days 00:00:32.314000,0 days 00:00:53.815000,0 days 00:00:33.481000,0 days 02:02:07.062000,0 days 02:03:00.877000,0 days 02:03:34.358000,216.0,184.0,221.0,242.0,False,MEDIUM,19.0,True,Ferrari,0 days 02:01:34.715000,,24,3.0,False,,False,False,26.1,53.8,1003.2,False,27.6,40,2.7,False,True,True,False,False,False,+36.149,+6.163,36.149,6.163,7414.325,119.61,,,32.314,53.815,33.481,7327.062,7380.877,7414.358,7294.715
2019,Bahrain Grand Prix,2,Bahrain,Sakhir,0 days 02:05:46.960000,LEC,16,0 days 00:02:12.635000,56.0,3.0,,Charles Leclerc,,0 days 00:00:41.728000,0 days 00:00:57.156000,0 days 00:00:33.751000,0 days 02:04:16.086000,0 days 02:05:13.242000,0 days 02:05:46.993000,133.0,185.0,215.0,208.0,False,MEDIUM,20.0,True,Ferrari,0 days 02:03:34.325000,,4,3.0,False,,False,False,26.1,53.9,1003.1,False,27.5,25,3.4,False,False,True,False,False,False,+26.281,+5.306,26.281,5.306,7546.96,132.635,,,41.728,57.156,33.751,7456.086,7513.242,7546.993,7414.325
2019,Bahrain Grand Prix,2,Bahrain,Sakhir,0 days 02:07:59.006000,LEC,16,0 days 00:02:12.046000,57.0,3.0,,Charles Leclerc,,0 days 00:00:40.529000,0 days 00:00:57.065000,0 days 00:00:34.452000,0 days 02:06:27.522000,0 days 02:07:24.587000,0 days 02:07:59.039000,164.0,157.0,205.0,207.0,False,MEDIUM,21.0,True,Ferrari,0 days 02:05:46.960000,,4,3.0,False,,False,False,26.1,53.8,1003.1,False,27.6,24,3.4,False,False,True,False,False,False,+5.854,+2.872,5.854,2.872,7679.006,132.046,,,40.529,57.065,34.452,7587.522,7644.587,7679.039,7546.96
2019,Bahrain Grand Prix,2,Bahrain,Sakhir,0 days 00:35:44.500000,STR,18,0 days 00:02:12.920000,1.0,1.0,,Lance Stroll,0 days 00:35:42.805000,,0 days 00:01:00.729000,0 days 00:00:32.755000,,0 days 00:35:11.824000,0 days 00:35:44.598000,139.0,186.0,,235.0,False,SOFT,1.0,True,Racing Point,0 days 00:33:31.386000,,12,19.0,False,,False,False,26.1,54.5,1003.3,False,29.2,16,2.3,True,True,False,False,False,False,+31.721,+21.529,31.721,21.529,2144.5,132.92,2142.805,,,60.729,32.755,,2111.824,2144.598,2011.386
2019,Bahrain Grand Prix,2,Bahrain,Sakhir,0 days 00:37:51.611000,STR,18,0 days 00:02:07.111000,2.0,2.0,0 days 00:36:17.118000,Lance Stroll,,0 days 00:01:01.407000,0 days 00:00:42.037000,0 days 00:00:23.667000,0 days 00:36:45.935000,0 days 00:37:27.972000,0 days 00:37:51.639000,238.0,260.0,281.0,218.0,False,MEDIUM,1.0,True,Racing Point,0 days 00:35:44.500000,,12,19.0,False,,False,False,26.1,53.9,1003.5,False,29.3,22,2.3,True,True,False,False,False,False,+65.891,+51.517,65.891,51.517,2271.611,127.111,,2177.118,61.407,42.037,23.667,2205.935,2247.972,2271.639,2144.5
2019,Bahrain Grand Prix,2,Bahrain,Sakhir,0 days 00:39:29.427000,STR,18,0 days 00:01:37.816000,3.0,2.0,,Lance Stroll,,0 days 00:00:31.112000,0 days 00:00:42.462000,0 days 00:00:24.242000,0 days 00:38:22.751000,0 days 00:39:05.213000,0 days 00:39:29.455000,234.0,252.0,281.0,218.0,True,MEDIUM,2.0,True,Racing Point,0 days 00:37:51.611000,,12,19.0,False,,False,True,26.2,53.6,1003.4,False,29.3,11,1.6,True,True,False,False,False,False,+66.745,+49.166,66.745,49.166,2369.427,97.816,,,31.112,42.462,24.242,2302.751,2345.213,2369.455,2271.611
2019,Bahrain Grand Prix,2,Bahrain,Sakhir,0 days 00:41:07.756000,STR,18,0 days 00:01:38.329000,4.0,2.0,,Lance Stroll,,0 days 00:00:31.039000,0 days 00:00:42.980000,0 days 00:00:24.310000,0 days 00:40:00.494000,0 days 00:40:43.474000,0 days 00:41:07.784000,231.0,249.0,280.0,306.0,False,MEDIUM,3.0,True,Racing Point,0 days 00:39:29.427000,,1,19.0,False,,False,True,26.2,54.0,1003.4,False,29.3,10,1.9,True,False,False,False,False,False,+67.742,+25.391,67.742,25.391,2467.756,98.329,,,31.039,42.98,24.31,2400.494,2443.474,2467.784,2369.427
2019,Bahrain Grand Prix,2,Bahrain,Sakhir,0 days 00:42:45.672000,STR,18,0 days 00:01:37.916000,5.0,2.0,,Lance Stroll,,0 days 00:00:31.045000,0 days 00:00:42.818000,0 days 00:00:24.053000,0 days 00:41:38.829000,0 days 00:42:21.647000,0 days 00:42:45.700000,234.0,247.0,281.0,295.0,False,MEDIUM,4.0,True,Racing Point,0 days 00:41:07.756000,,12,18.0,False,,False,True,26.2,53.9,1003.5,False,29.2,29,3.1,True,True,False,False,False,False,+67.511,+43.569,67.511,43.569,2565.672,97.916,,,31.045,42.818,24.053,2498.829,2541.647,2565.7,2467.756
2019,Bahrain Grand Prix,2,Bahrain,Sakhir,0 days 00:44:23.583000,STR,18,0 days 00:01:37.911000,6.0,2.0,,Lance Stroll,,0 days 00:00:31.018000,0 days 00:00:42.715000,0 days 00:00:24.178000,0 days 00:43:16.718000,0 days 00:43:59.433000,0 days 00:44:23.611000,232.0,251.0,280.0,303.0,False,MEDIUM,5.0,True,Racing Point,0 days 00:42:45.672000,,1,18.0,False,,False,True,26.2,54.2,1003.5,False,29.3,59,3.4,True,False,False,False,False,False,+68.548,+40.346,68.548,40.346,2663.583,97.911,,,31.018,42.715,24.178,2596.718,2639.433,2663.611,2565.672
2019,Bahrain Grand Prix,2,Bahrain,Sakhir,0 days 00:46:01.933000,STR,18,0 days 00:01:38.350000,7.0,2.0,,Lance Stroll,,0 days 00:00:31.002000,0 days 00:00:43.186000,0 days 00:00:24.162000,0 days 00:44:54.613000,0 days 00:45:37.799000,0 days 00:46:01.961000,231.0,250.0,281.0,296.0,False,MEDIUM,6.0,True,Racing Point,0 days 00:44:23.583000,,1,18.0,False,,False,True,26.2,54.3,1003.5,False,29.2,15,2.3,True,False,False,False,False,False,+69.834,+38.558,69.834,38.558,2761.933,98.35,,,31.002,43.186,24.162,2694.613,2737.799,2761.961,2663.583
2019,Bahrain Grand Prix,2,Bahrain,Sakhir,0 days 00:47:40.346000,STR,18,0 days 00:01:38.413000,8.0,2.0,,Lance Stroll,,0 days 00:00:31.425000,0 days 00:00:42.881000,0 days 00:00:24.107000,0 days 00:46:33.386000,0 days 00:47:16.267000,0 days 00:47:40.374000,229.0,250.0,280.0,305.0,False,MEDIUM,7.0,True,Racing Point,0 days 00:46:01.933000,,1,18.0,False,,False,True,26.2,54.3,1003.5,False,29.1,355,2.4,True,False,False,False,False,False,+70.457,+50.735,70.457,50.735,2860.346,98.413,,,31.425,42.881,24.107,2793.386,2836.267,2860.374,2761.933
2019,Bahrain Grand Prix,2,Bahrain,Sakhir,0 days 00:49:19.614000,STR,18,0 days 00:01:39.268000,9.0,2.0,,Lance Stroll,,0 days 00:00:31.242000,0 days 00:00:43.791000,0 days 00:00:24.235000,0 days 00:48:11.616000,0 days 00:48:55.407000,0 days 00:49:19.642000,232.0,249.0,280.0,294.0,False,MEDIUM,8.0,True,Racing Point,0 days 00:47:40.346000,,1,18.0,False,,False,True,26.2,54.4,1003.6,False,29.1,49,2.9,True,False,False,False,False,False,+72.516,+47.774,72.516,47.774,2959.614,99.268,,,31.242,43.791,24.235,2891.616,2935.407,2959.642,2860.346
2019,Bahrain Grand Prix,2,Bahrain,Sakhir,0 days 00:50:57.996000,STR,18,0 days 00:01:38.382000,10.0,2.0,,Lance Stroll,,0 days 00:00:31.137000,0 days 00:00:42.898000,0 days 00:00:24.347000,0 days 00:49:50.779000,0 days 00:50:33.677000,0 days 00:50:58.024000,231.0,251.0,280.0,306.0,False,MEDIUM,9.0,True,Racing Point,0 days 00:49:19.614000,,1,18.0,False,,False,True,26.1,54.7,1003.5,False,28.9,53,3.1,True,False,False,False,False,False,+73.629,+24.069,73.629,24.069,3057.996,98.382,,,31.137,42.898,24.347,2990.779,3033.677,3058.024,2959.614
2019,Bahrain Grand Prix,2,Bahrain,Sakhir,0 days 00:52:36.274000,STR,18,0 days 00:01:38.278000,11.0,2.0,,Lance Stroll,,0 days 00:00:31.262000,0 days 00:00:42.905000,0 days 00:00:24.111000,0 days 00:51:29.286000,0 days 00:52:12.191000,0 days 00:52:36.302000,231.0,251.0,280.0,298.0,False,MEDIUM,10.0,True,Racing Point,0 days 00:50:57.996000,,1,18.0,False,,False,True,26.1,55.1,1003.5,False,28.8,334,2.5,True,False,False,False,False,False,+74.720,+32.240,74.72,32.24,3156.274,98.278,,,31.262,42.905,24.111,3089.286,3132.191,3156.302,3057.996
2019,Bahrain Grand Prix,2,Bahrain,Sakhir,0 days 00:54:14.484000,STR,18,0 days 00:01:38.210000,12.0,2.0,,Lance Stroll,,0 days 00:00:31.048000,0 days 00:00:43.058000,0 days 00:00:24.104000,0 days 00:53:07.350000,0 days 00:53:50.408000,0 days 00:54:14.512000,232.0,250.0,280.0,305.0,False,MEDIUM,11.0,True,Racing Point,0 days 00:52:36.274000,,12,18.0,False,,False,True,26.1,55.0,1003.5,False,28.8,33,1.7,True,True,False,False,False,False,+75.473,+28.043,75.473,28.043,3254.484,98.21,,,31.048,43.058,24.104,3187.35,3230.408,3254.512,3156.274
2019,Bahrain Grand Prix,2,Bahrain,Sakhir,0 days 00:55:52.977000,STR,18,0 days 00:01:38.493000,13.0,2.0,,Lance Stroll,,0 days 00:00:31.080000,0 days 00:00:43.215000,0 days 00:00:24.198000,0 days 00:54:45.592000,0 days 00:55:28.807000,0 days 00:55:53.005000,230.0,252.0,281.0,301.0,False,MEDIUM,12.0,True,Racing Point,0 days 00:54:14.484000,,1,18.0,False,,False,True,26.1,55.2,1003.6,False,28.8,4,2.5,True,False,False,False,False,False,+72.817,+4.519,72.817,4.519,3352.977,98.493,,,31.08,43.215,24.198,3285.592,3328.807,3353.005,3254.484
2019,Bahrain Grand Prix,2,Bahrain,Sakhir,0 days 00:57:31.383000,STR,18,0 days 00:01:38.406000,14.0,2.0,,Lance Stroll,,0 days 00:00:30.979000,0 days 00:00:43.200000,0 days 00:00:24.227000,0 days 00:56:23.984000,0 days 00:57:07.184000,0 days 00:57:31.411000,231.0,252.0,281.0,306.0,False,MEDIUM,13.0,True,Racing Point,0 days 00:55:52.977000,,1,18.0,False,,False,True,26.1,55.1,1003.8,False,28.8,29,1.8,True,False,False,False,False,False,+56.162,+5.612,56.162,5.612,3451.383,98.406,,,30.979,43.2,24.227,3383.984,3427.184,3451.411,3352.977
2019,Bahrain Grand Prix,2,Bahrain,Sakhir,0 days 00:59:10.354000,STR,18,0 days 00:01:38.971000,15.0,2.0,,Lance Stroll,,0 days 00:00:31.213000,0 days 00:00:43.419000,0 days 00:00:24.339000,0 days 00:58:02.624000,0 days 00:58:46.043000,0 days 00:59:10.382000,232.0,250.0,280.0,299.0,False,MEDIUM,14.0,True,Racing Point,0 days 00:57:31.383000,,1,18.0,False,,False,True,26.1,55.2,1003.7,False,28.8,26,2.1,True,False,False,False,False,False,+61.222,+6.908,61.222,6.908,3550.354,98.971,,,31.213,43.419,24.339,3482.624,3526.043,3550.382,3451.383
2019,Bahrain Grand Prix,2,Bahrain,Sakhir,0 days 01:00:49.133000,STR,18,0 days 00:01:38.779000,16.0,2.0,,Lance Stroll,,0 days 00:00:31.140000,0 days 00:00:43.273000,0 days 00:00:24.366000,0 days 00:59:41.522000,0 days 01:00:24.795000,0 days 01:00:49.161000,233.0,251.0,281.0,306.0,False,MEDIUM,15.0,True,Racing Point,0 days 00:59:10.354000,,1,18.0,False,,False,True,26.1,55.5,1003.7,False,28.8,47,2.1,True,False,False,False,False,False,+65.174,+7.333,65.174,7.333,3649.133,98.779,,,31.14,43.273,24.366,3581.522,3624.795,3649.161,3550.354
2019,Bahrain Grand Prix,2,Bahrain,Sakhir,0 days 01:02:28.277000,STR,18,0 days 00:01:39.144000,17.0,2.0,,Lance Stroll,,0 days 00:00:31.177000,0 days 00:00:43.735000,0 days 00:00:24.232000,0 days 01:01:20.338000,0 days 01:02:04.073000,0 days 01:02:28.305000,231.0,251.0,281.0,298.0,False,MEDIUM,16.0,True,Racing Point,0 days 01:00:49.133000,,1,18.0,False,,False,True,26.1,55.5,1003.7,False,28.7,34,2.4,True,False,False,False,False,False,+69.107,+7.649,69.107,7.649,3748.277,99.144,,,31.177,43.735,24.232,3680.338,3724.073,3748.305,3649.133
2019,Bahrain Grand Prix,2,Bahrain,Sakhir,0 days 01:04:07.425000,STR,18,0 days 00:01:39.148000,18.0,2.0,,Lance Stroll,,0 days 00:00:31.255000,0 days 00:00:43.529000,0 days 00:00:24.364000,0 days 01:02:59.560000,0 days 01:03:43.089000,0 days 01:04:07.453000,231.0,247.0,280.0,307.0,False,MEDIUM,17.0,True,Racing Point,0 days 01:02:28.277000,,1,18.0,False,,False,True,26.1,55.2,1003.7,False,28.7,27,2.1,True,False,False,False,False,False,+72.789,+7.802,72.789,7.802,3847.425,99.148,,,31.255,43.529,24.364,3779.56,3823.089,3847.453,3748.277
2019,Bahrain Grand Prix,2,Bahrain,Sakhir,0 days 01:05:47.791000,STR,18,0 days 00:01:40.366000,19.0,2.0,,Lance Stroll,,0 days 00:00:31.395000,0 days 00:00:44.534000,0 days 00:00:24.437000,0 days 01:04:38.848000,0 days 01:05:23.382000,0 days 01:05:47.819000,231.0,246.0,281.0,300.0,False,MEDIUM,18.0,True,Racing Point,0 days 01:04:07.425000,,1,18.0,False,,False,True,26.1,54.0,1003.7,False,28.8,59,2.3,True,False,False,False,False,False,+77.387,+8.953,77.387,8.953,3947.791,100.366,,,31.395,44.534,24.437,3878.848,3923.382,3947.819,3847.425
2019,Bahrain Grand Prix,2,Bahrain,Sakhir,0 days 01:07:27.304000,STR,18,0 days 00:01:39.513000,20.0,2.0,,Lance Stroll,,0 days 00:00:31.347000,0 days 00:00:43.580000,0 days 00:00:24.586000,0 days 01:06:19.166000,0 days 01:07:02.746000,0 days 01:07:27.332000,228.0,247.0,281.0,304.0,False,MEDIUM,19.0,True,Racing Point,0 days 01:05:47.791000,,1,18.0,False,,False,True,26.2,53.6,1003.7,False,29.0,345,2.5,True,False,False,False,False,False,+80.845,+8.861,80.845,8.861,4047.304,99.513,,,31.347,43.58,24.586,3979.166,4022.746,4047.332,3947.791
2019,Bahrain Grand Prix,2,Bahrain,Sakhir,0 days 01:09:07.035000,STR,18,0 days 00:01:39.731000,21.0,2.0,,Lance Stroll,,0 days 00:00:31.371000,0 days 00:00:43.888000,0 days 00:00:24.472000,0 days 01:07:58.703000,0 days 01:08:42.591000,0 days 01:09:07.063000,232.0,249.0,282.0,303.0,False,MEDIUM,20.0,True,Racing Point,0 days 01:07:27.304000,,1,18.0,False,,False,True,26.3,53.1,1003.6,False,28.8,30,2.2,True,False,False,False,False,False,+84.589,+8.950,84.589,8.95,4147.035,99.731,,,31.371,43.888,24.472,4078.703,4122.591,4147.063,4047.304
2019,Bahrain Grand Prix,2,Bahrain,Sakhir,0 days 01:10:47.332000,STR,18,0 days 00:01:40.297000,22.0,2.0,,Lance Stroll,,0 days 00:00:31.394000,0 days 00:00:44.390000,0 days 00:00:24.513000,0 days 01:09:38.457000,0 days 01:10:22.847000,0 days 01:10:47.360000,232.0,247.0,281.0,303.0,False,MEDIUM,21.0,True,Racing Point,0 days 01:09:07.035000,,1,18.0,False,,False,True,26.3,52.2,1003.6,False,28.9,63,2.5,True,False,False,False,False,False,+88.778,+8.766,88.778,8.766,4247.332,100.297,,,31.394,44.39,24.513,4178.457,4222.847,4247.36,4147.035
2019,Bahrain Grand Prix,2,Bahrain,Sakhir,0 days 01:12:30.699000,STR,18,0 days 00:01:43.367000,23.0,2.0,,Lance Stroll,0 days 01:12:29.013000,0 days 00:00:31.602000,0 days 00:00:43.848000,0 days 00:00:27.917000,0 days 01:11:18.962000,0 days 01:12:02.810000,0 days 01:12:30.727000,233.0,248.0,,305.0,False,MEDIUM,22.0,True,Racing Point,0 days 01:10:47.332000,,1,19.0,False,,False,False,26.4,51.9,1003.6,False,28.9,59,2.1,True,False,False,False,False,False,+93.106,+9.366,93.106,9.366,4350.699,103.367,4349.013,,31.602,43.848,27.917,4278.962,4322.81,4350.727,4247.332
2019,Bahrain Grand Prix,2,Bahrain,Sakhir,0 days 01:14:32.510000,STR,18,0 days 00:02:01.811000,24.0,3.0,0 days 01:12:55.613000,Lance Stroll,,0 days 00:00:54.630000,0 days 00:00:43.089000,0 days 00:00:24.092000,0 days 01:13:25.357000,0 days 01:14:08.446000,0 days 01:14:32.538000,236.0,252.0,283.0,221.0,False,MEDIUM,1.0,True,Racing Point,0 days 01:12:30.699000,,1,19.0,False,,False,False,26.5,51.3,1003.5,False,28.9,12,1.9,True,False,False,False,False,False,1 L,+20.917,,20.917,4472.51,121.811,,4375.613,54.63,43.089,24.092,4405.357,4448.446,4472.538,4350.699
2019,Bahrain Grand Prix,2,Bahrain,Sakhir,0 days 01:16:10.096000,STR,18,0 days 00:01:37.586000,25.0,3.0,,Lance Stroll,,0 days 00:00:30.995000,0 days 00:00:42.682000,0 days 00:00:23.909000,0 days 01:15:03.533000,0 days 01:15:46.215000,0 days 01:16:10.124000,234.0,246.0,284.0,302.0,True,MEDIUM,2.0,True,Racing Point,0 days 01:14:32.510000,,1,18.0,False,,False,True,26.5,51.3,1003.4,False,28.9,31,2.7,True,False,False,False,False,False,1 L,+30.691,,30.691,4570.096,97.586,,,30.995,42.682,23.909,4503.533,4546.215,4570.124,4472.51
2019,Bahrain Grand Prix,2,Bahrain,Sakhir,0 days 01:17:47.950000,STR,18,0 days 00:01:37.854000,26.0,3.0,,Lance Stroll,,0 days 00:00:30.945000,0 days 00:00:42.849000,0 days 00:00:24.060000,0 days 01:16:41.069000,0 days 01:17:23.918000,0 days 01:17:47.978000,227.0,252.0,284.0,301.0,False,MEDIUM,3.0,True,Racing Point,0 days 01:16:10.096000,,1,18.0,False,,False,True,26.5,50.4,1003.3,False,28.8,44,2.5,True,False,False,False,False,False,1 L,+31.314,,31.314,4667.95,97.854,,,30.945,42.849,24.06,4601.069,4643.918,4667.978,4570.096
2019,Bahrain Grand Prix,2,Bahrain,Sakhir,0 days 01:19:25.707000,STR,18,0 days 00:01:37.757000,27.0,3.0,,Lance Stroll,,0 days 00:00:30.943000,0 days 00:00:42.756000,0 days 00:00:24.058000,0 days 01:18:18.921000,0 days 01:19:01.677000,0 days 01:19:25.735000,231.0,253.0,283.0,307.0,False,MEDIUM,4.0,True,Racing Point,0 days 01:17:47.950000,,1,18.0,False,,False,True,26.5,50.0,1003.3,False,28.8,30,2.4,True,False,False,False,False,False,1 L,+5.714,,5.714,4765.707,97.757,,,30.943,42.756,24.058,4698.921,4741.677,4765.735,4667.95
2019,Bahrain Grand Prix,2,Bahrain,Sakhir,0 days 01:21:03.687000,STR,18,0 days 00:01:37.980000,28.0,3.0,,Lance Stroll,,0 days 00:00:30.872000,0 days 00:00:42.991000,0 days 00:00:24.117000,0 days 01:19:56.607000,0 days 01:20:39.598000,0 days 01:21:03.715000,233.0,255.0,284.0,306.0,False,MEDIUM,5.0,True,Racing Point,0 days 01:19:25.707000,,1,17.0,False,,False,True,26.6,48.9,1003.3,False,28.9,12,2.3,True,False,False,False,False,False,1 L,+5.849,,5.849,4863.687,97.98,,,30.872,42.991,24.117,4796.607,4839.598,4863.715,4765.707
2019,Bahrain Grand Prix,2,Bahrain,Sakhir,0 days 01:22:41.601000,STR,18,0 days 00:01:37.914000,29.0,3.0,,Lance Stroll,,0 days 00:00:30.844000,0 days 00:00:42.922000,0 days 00:00:24.148000,0 days 01:21:34.559000,0 days 01:22:17.481000,0 days 01:22:41.629000,236.0,252.0,292.0,305.0,False,MEDIUM,6.0,True,Racing Point,0 days 01:21:03.687000,,1,17.0,False,,False,True,26.6,48.9,1003.4,False,28.7,22,2.9,True,False,False,False,False,False,1 L,+5.450,,5.45,4961.601,97.914,,,30.844,42.922,24.148,4894.559,4937.481,4961.629,4863.687
2019,Bahrain Grand Prix,2,Bahrain,Sakhir,0 days 01:24:20.330000,STR,18,0 days 00:01:38.729000,30.0,3.0,,Lance Stroll,,0 days 00:00:30.642000,0 days 00:00:43.668000,0 days 00:00:24.419000,0 days 01:23:12.271000,0 days 01:23:55.939000,0 days 01:24:20.358000,234.0,243.0,293.0,313.0,False,MEDIUM,7.0,True,Racing Point,0 days 01:22:41.601000,,1,17.0,False,,False,True,26.6,49.1,1003.3,False,28.6,41,2.5,True,False,False,False,False,False,1 L,+5.579,,5.579,5060.33,98.729,,,30.642,43.668,24.419,4992.271,5035.939,5060.358,4961.601
2019,Bahrain Grand Prix,2,Bahrain,Sakhir,0 days 01:25:57.367000,STR,18,0 days 00:01:37.037000,31.0,3.0,,Lance Stroll,,0 days 00:00:30.277000,0 days 00:00:42.735000,0 days 00:00:24.025000,0 days 01:24:50.635000,0 days 01:25:33.370000,0 days 01:25:57.395000,234.0,252.0,282.0,333.0,True,MEDIUM,8.0,True,Racing Point,0 days 01:24:20.330000,,1,17.0,False,,False,True,26.6,49.4,1003.3,False,28.6,9,2.4,True,False,False,False,False,False,1 L,+3.044,,3.044,5157.367,97.037,,,30.277,42.735,24.025,5090.635,5133.37,5157.395,5060.33
2019,Bahrain Grand Prix,2,Bahrain,Sakhir,0 days 01:27:35.189000,STR,18,0 days 00:01:37.822000,32.0,3.0,,Lance Stroll,,0 days 00:00:30.934000,0 days 00:00:42.874000,0 days 00:00:24.014000,0 days 01:26:28.329000,0 days 01:27:11.203000,0 days 01:27:35.217000,232.0,252.0,283.0,297.0,False,MEDIUM,9.0,True,Racing Point,0 days 01:25:57.367000,,1,17.0,False,,False,True,26.6,49.7,1003.2,False,28.4,19,2.6,True,False,False,False,False,False,1 L,+2.648,,2.648,5255.189,97.822,,,30.934,42.874,24.014,5188.329,5231.203,5255.217,5157.367
2019,Bahrain Grand Prix,2,Bahrain,Sakhir,0 days 01:29:12.814000,STR,18,0 days 00:01:37.625000,33.0,3.0,,Lance Stroll,,0 days 00:00:30.795000,0 days 00:00:42.781000,0 days 00:00:24.049000,0 days 01:28:06.012000,0 days 01:28:48.793000,0 days 01:29:12.842000,236.0,253.0,283.0,298.0,False,MEDIUM,10.0,True,Racing Point,0 days 01:27:35.189000,,1,17.0,False,,False,True,26.6,49.9,1003.2,False,28.4,38,2.6,True,False,False,False,False,False,1 L,+1.967,,1.967,5352.814,97.625,,,30.795,42.781,24.049,5286.012,5328.793,5352.842,5255.189
2019,Bahrain Grand Prix,2,Bahrain,Sakhir,0 days 01:30:51.517000,STR,18,0 days 00:01:38.703000,34.0,3.0,,Lance Stroll,,0 days 00:00:31.164000,0 days 00:00:43.360000,0 days 00:00:24.179000,0 days 01:29:44.006000,0 days 01:30:27.366000,0 days 01:30:51.545000,235.0,248.0,284.0,310.0,False,MEDIUM,11.0,True,Racing Point,0 days 01:29:12.814000,,1,17.0,False,,False,True,26.5,50.0,1003.4,False,28.3,357,2.9,True,False,False,False,False,False,1 L,+1.232,,1.232,5451.517,98.703,,,31.164,43.36,24.179,5384.006,5427.366,5451.545,5352.814
2019,Bahrain Grand Prix,2,Bahrain,Sakhir,0 days 01:32:29.236000,STR,18,0 days 00:01:37.719000,35.0,3.0,,Lance Stroll,,0 days 00:00:30.626000,0 days 00:00:42.843000,0 days 00:00:24.250000,0 days 01:31:22.171000,0 days 01:32:05.014000,0 days 01:32:29.264000,235.0,254.0,284.0,309.0,False,MEDIUM,12.0,True,Racing Point,0 days 01:30:51.517000,,1,17.0,False,,False,True,26.5,50.2,1003.4,False,28.3,50,2.3,True,False,False,False,False,False,1 L,+1.116,,1.116,5549.236,97.719,,,30.626,42.843,24.25,5482.171,5525.014,5549.264,5451.517
2019,Bahrain Grand Prix,2,Bahrain,Sakhir,0 days 01:34:07.620000,STR,18,0 days 00:01:38.384000,36.0,3.0,,Lance Stroll,,0 days 00:00:30.809000,0 days 00:00:43.216000,0 days 00:00:24.359000,0 days 01:33:00.073000,0 days 01:33:43.289000,0 days 01:34:07.648000,237.0,252.0,292.0,305.0,False,MEDIUM,13.0,True,Racing Point,0 days 01:32:29.236000,,1,17.0,False,,False,True,26.5,50.5,1003.3,False,28.3,65,2.0,True,False,False,False,False,False,1 L,+0.993,,0.993,5647.62,98.384,,,30.809,43.216,24.359,5580.073,5623.289,5647.648,5549.236
2019,Bahrain Grand Prix,2,Bahrain,Sakhir,0 days 01:35:46.291000,STR,18,0 days 00:01:38.671000,37.0,3.0,,Lance Stroll,,0 days 00:00:30.916000,0 days 00:00:43.794000,0 days 00:00:23.961000,0 days 01:34:38.564000,0 days 01:35:22.358000,0 days 01:35:46.319000,213.0,254.0,283.0,324.0,False,MEDIUM,14.0,True,Racing Point,0 days 01:34:07.620000,,12,16.0,False,,False,True,26.5,50.9,1003.2,False,28.2,55,3.0,True,True,False,False,False,False,1 L,+34.212,,34.212,5746.291,98.671,,,30.916,43.794,23.961,5678.564,5722.358,5746.319,5647.62
2019,Bahrain Grand Prix,2,Bahrain,Sakhir,0 days 01:37:24.581000,STR,18,0 days 00:01:38.290000,38.0,3.0,,Lance Stroll,,0 days 00:00:31.499000,0 days 00:00:42.905000,0 days 00:00:23.886000,0 days 01:36:17.818000,0 days 01:37:00.723000,0 days 01:37:24.609000,236.0,253.0,283.0,297.0,False,MEDIUM,15.0,True,Racing Point,0 days 01:35:46.291000,,1,16.0,False,,False,True,26.5,51.0,1003.4,False,28.1,28,2.3,True,False,False,False,False,False,1 L,+39.760,,39.76,5844.581,98.29,,,31.499,42.905,23.886,5777.818,5820.723,5844.609,5746.291
2019,Bahrain Grand Prix,2,Bahrain,Sakhir,0 days 01:39:01.921000,STR,18,0 days 00:01:37.340000,39.0,3.0,,Lance Stroll,,0 days 00:00:30.759000,0 days 00:00:42.654000,0 days 00:00:23.927000,0 days 01:37:55.368000,0 days 01:38:38.022000,0 days 01:39:01.949000,235.0,253.0,284.0,304.0,False,MEDIUM,16.0,True,Racing Point,0 days 01:37:24.581000,,12,16.0,False,,False,True,26.4,51.5,1003.3,False,28.0,45,2.4,True,True,False,False,False,False,1 L,+10.602,,10.602,5941.921,97.34,,,30.759,42.654,23.927,5875.368,5918.022,5941.949,5844.581
2019,Bahrain Grand Prix,2,Bahrain,Sakhir,0 days 01:40:39.829000,STR,18,0 days 00:01:37.908000,40.0,3.0,,Lance Stroll,,0 days 00:00:30.908000,0 days 00:00:42.879000,0 days 00:00:24.121000,0 days 01:39:32.857000,0 days 01:40:15.736000,0 days 01:40:39.857000,237.0,250.0,283.0,307.0,False,MEDIUM,17.0,True,Racing Point,0 days 01:39:01.921000,,1,16.0,False,,False,True,26.4,51.7,1003.2,False,28.0,31,2.6,True,False,False,False,False,False,1 L,+13.569,,13.569,6039.829,97.908,,,30.908,42.879,24.121,5972.857,6015.736,6039.857,5941.921
2019,Bahrain Grand Prix,2,Bahrain,Sakhir,0 days 01:42:17.932000,STR,18,0 days 00:01:38.103000,41.0,3.0,,Lance Stroll,,0 days 00:00:31.176000,0 days 00:00:42.954000,0 days 00:00:23.973000,0 days 01:41:11.033000,0 days 01:41:53.987000,0 days 01:42:17.960000,236.0,253.0,283.0,308.0,False,MEDIUM,18.0,True,Racing Point,0 days 01:40:39.829000,,1,16.0,False,,False,True,26.4,51.8,1003.2,False,28.0,23,3.3,True,False,False,False,False,False,1 L,+16.432,,16.432,6137.932,98.103,,,31.176,42.954,23.973,6071.033,6113.987,6137.96,6039.829
2019,Bahrain Grand Prix,2,Bahrain,Sakhir,0 days 01:43:58.233000,STR,18,0 days 00:01:40.301000,42.0,3.0,,Lance Stroll,,0 days 00:00:31.109000,0 days 00:00:44.327000,0 days 00:00:24.865000,0 days 01:42:49.069000,0 days 01:43:33.396000,0 days 01:43:58.261000,231.0,249.0,292.0,302.0,False,MEDIUM,19.0,True,Racing Point,0 days 01:42:17.932000,,12,16.0,False,,False,True,26.3,51.8,1003.2,False,28.0,22,3.4,True,True,False,False,False,False,1 L,+19.357,,19.357,6238.233,100.301,,,31.109,44.327,24.865,6169.069,6213.396,6238.261,6137.932
2019,Bahrain Grand Prix,2,Bahrain,Sakhir,0 days 01:45:36.720000,STR,18,0 days 00:01:38.487000,43.0,3.0,,Lance Stroll,,0 days 00:00:31.188000,0 days 00:00:43.150000,0 days 00:00:24.149000,0 days 01:44:29.449000,0 days 01:45:12.599000,0 days 01:45:36.748000,227.0,252.0,283.0,269.0,False,MEDIUM,20.0,True,Racing Point,0 days 01:43:58.233000,,1,16.0,False,,False,True,26.3,52.0,1003.1,False,28.0,69,3.2,True,False,False,False,False,False,1 L,+20.709,,20.709,6336.72,98.487,,,31.188,43.15,24.149,6269.449,6312.599,6336.748,6238.233
2019,Bahrain Grand Prix,2,Bahrain,Sakhir,0 days 01:47:15.788000,STR,18,0 days 00:01:39.068000,44.0,3.0,,Lance Stroll,,0 days 00:00:30.818000,0 days 00:00:43.980000,0 days 00:00:24.270000,0 days 01:46:07.566000,0 days 01:46:51.546000,0 days 01:47:15.816000,237.0,247.0,285.0,306.0,False,MEDIUM,21.0,True,Racing Point,0 days 01:45:36.720000,,1,16.0,False,,False,True,26.3,52.3,1003.3,False,27.8,62,2.6,True,False,False,False,False,False,1 L,+22.989,,22.989,6435.788,99.068,,,30.818,43.98,24.27,6367.566,6411.546,6435.816,6336.72
2019,Bahrain Grand Prix,2,Bahrain,Sakhir,0 days 01:48:53.812000,STR,18,0 days 00:01:38.024000,45.0,3.0,,Lance Stroll,,0 days 00:00:30.863000,0 days 00:00:43.036000,0 days 00:00:24.125000,0 days 01:47:46.679000,0 days 01:48:29.715000,0 days 01:48:53.840000,235.0,251.0,284.0,311.0,False,MEDIUM,22.0,True,Racing Point,0 days 01:47:15.788000,,1,16.0,False,,False,True,26.3,52.7,1003.2,False,27.7,63,3.1,True,False,False,False,False,False,1 L,+23.281,,23.281,6533.812,98.024,,,30.863,43.036,24.125,6466.679,6509.715,6533.84,6435.788
2019,Bahrain Grand Prix,2,Bahrain,Sakhir,0 days 01:50:31.799000,STR,18,0 days 00:01:37.987000,46.0,3.0,,Lance Stroll,,0 days 00:00:30.918000,0 days 00:00:42.930000,0 days 00:00:24.139000,0 days 01:49:24.758000,0 days 01:50:07.688000,0 days 01:50:31.827000,237.0,252.0,284.0,305.0,False,MEDIUM,23.0,True,Racing Point,0 days 01:48:53.812000,,1,16.0,False,,False,True,26.2,52.9,1003.4,False,27.7,39,2.6,True,False,False,False,False,False,1 L,+24.263,,24.263,6631.799,97.987,,,30.918,42.93,24.139,6564.758,6607.688,6631.827,6533.812
2019,Bahrain Grand Prix,2,Bahrain,Sakhir,0 days 01:52:10.044000,STR,18,0 days 00:01:38.245000,47.0,3.0,,Lance Stroll,,0 days 00:00:30.950000,0 days 00:00:43.146000,0 days 00:00:24.149000,0 days 01:51:02.777000,0 days 01:51:45.923000,0 days 01:52:10.072000,238.0,251.0,284.0,300.0,False,MEDIUM,24.0,True,Racing Point,0 days 01:50:31.799000,,1,16.0,False,,False,True,26.2,53.0,1003.3,False,27.7,60,2.9,True,False,False,False,False,False,1 L,+25.105,,25.105,6730.044,98.245,,,30.95,43.146,24.149,6662.777,6705.923,6730.072,6631.799
2019,Bahrain Grand Prix,2,Bahrain,Sakhir,0 days 01:53:48.243000,STR,18,0 days 00:01:38.199000,48.0,3.0,,Lance Stroll,,0 days 00:00:30.887000,0 days 00:00:43.003000,0 days 00:00:24.309000,0 days 01:52:40.959000,0 days 01:53:23.962000,0 days 01:53:48.271000,237.0,252.0,283.0,300.0,False,MEDIUM,25.0,True,Racing Point,0 days 01:52:10.044000,,1,16.0,False,,False,True,26.2,53.3,1003.4,False,27.6,56,3.3,True,False,False,False,False,False,1 L,+26.460,,26.46,6828.243,98.199,,,30.887,43.003,24.309,6760.959,6803.962,6828.271,6730.044
2019,Bahrain Grand Prix,2,Bahrain,Sakhir,0 days 01:55:26.462000,STR,18,0 days 00:01:38.219000,49.0,3.0,,Lance Stroll,,0 days 00:00:30.760000,0 days 00:00:43.195000,0 days 00:00:24.264000,0 days 01:54:19.031000,0 days 01:55:02.226000,0 days 01:55:26.490000,238.0,252.0,284.0,306.0,False,MEDIUM,26.0,True,Racing Point,0 days 01:53:48.243000,,1,16.0,False,,False,True,26.1,53.5,1003.2,False,27.5,58,2.9,True,False,False,False,False,False,1 L,+27.722,,27.722,6926.462,98.219,,,30.76,43.195,24.264,6859.031,6902.226,6926.49,6828.243
2019,Bahrain Grand Prix,2,Bahrain,Sakhir,0 days 01:57:04.825000,STR,18,0 days 00:01:38.363000,50.0,3.0,,Lance Stroll,,0 days 00:00:30.862000,0 days 00:00:43.281000,0 days 00:00:24.220000,0 days 01:55:57.352000,0 days 01:56:40.633000,0 days 01:57:04.853000,239.0,252.0,284.0,309.0,False,MEDIUM,27.0,True,Racing Point,0 days 01:55:26.462000,,1,16.0,False,,False,True,26.1,53.6,1003.0,False,27.5,19,3.6,True,False,False,False,False,False,1 L,+28.730,,28.73,7024.825,98.363,,,30.862,43.281,24.22,6957.352,7000.633,7024.853,6926.462
2019,Bahrain Grand Prix,2,Bahrain,Sakhir,0 days 01:58:43.401000,STR,18,0 days 00:01:38.576000,51.0,3.0,,Lance Stroll,,0 days 00:00:30.934000,0 days 00:00:43.338000,0 days 00:00:24.304000,0 days 01:57:35.787000,0 days 01:58:19.125000,0 days 01:58:43.429000,239.0,250.0,285.0,308.0,False,MEDIUM,28.0,True,Racing Point,0 days 01:57:04.825000,,1,16.0,False,,False,True,26.1,53.7,1003.3,False,27.5,44,2.5,True,False,False,False,False,False,1 L,+30.111,,30.111,7123.401,98.576,,,30.934,43.338,24.304,7055.787,7099.125,7123.429,7024.825
2019,Bahrain Grand Prix,2,Bahrain,Sakhir,0 days 02:00:21.871000,STR,18,0 days 00:01:38.470000,52.0,3.0,,Lance Stroll,,0 days 00:00:30.852000,0 days 00:00:43.380000,0 days 00:00:24.238000,0 days 01:59:14.281000,0 days 01:59:57.661000,0 days 02:00:21.899000,239.0,254.0,286.0,310.0,False,MEDIUM,29.0,True,Racing Point,0 days 01:58:43.401000,,1,16.0,False,,False,True,26.1,53.9,1003.3,False,27.6,30,2.3,True,False,False,False,False,False,1 L,+31.505,,31.505,7221.871,98.47,,,30.852,43.38,24.238,7154.281,7197.661,7221.899,7123.401
2019,Bahrain Grand Prix,2,Bahrain,Sakhir,0 days 02:02:00.758000,STR,18,0 days 00:01:38.887000,53.0,3.0,,Lance Stroll,,0 days 00:00:31.079000,0 days 00:00:43.567000,0 days 00:00:24.241000,0 days 02:00:52.978000,0 days 02:01:36.545000,0 days 02:02:00.786000,234.0,249.0,285.0,313.0,False,MEDIUM,30.0,True,Racing Point,0 days 02:00:21.871000,,12,16.0,False,,False,True,26.1,54.0,1003.3,False,27.6,39,3.0,True,True,False,False,False,False,1 L,+72.712,,72.712,7320.758,98.887,,,31.079,43.567,24.241,7252.978,7296.545,7320.786,7221.871
2019,Bahrain Grand Prix,2,Bahrain,Sakhir,0 days 02:04:11.949000,STR,18,0 days 00:02:11.191000,54.0,3.0,,Lance Stroll,,0 days 00:00:40.107000,0 days 00:00:57.504000,0 days 00:00:33.580000,0 days 02:02:40.893000,0 days 02:03:38.397000,0 days 02:04:11.977000,172.0,203.0,168.0,291.0,False,MEDIUM,31.0,True,Racing Point,0 days 02:02:00.758000,,24,14.0,False,,False,False,26.1,53.9,1003.0,False,27.5,13,2.9,False,True,True,False,False,False,1 L,+46.595,,46.595,7451.949,131.191,,,40.107,57.504,33.58,7360.893,7418.397,7451.977,7320.758
2019,Bahrain Grand Prix,2,Bahrain,Sakhir,0 days 02:06:26.077000,STR,18,0 days 00:02:14.128000,55.0,3.0,,Lance Stroll,,0 days 00:00:41.926000,0 days 00:00:55.674000,0 days 00:00:36.528000,0 days 02:04:53.903000,0 days 02:05:49.577000,0 days 02:06:26.105000,194.0,208.0,195.0,204.0,False,MEDIUM,32.0,True,Racing Point,0 days 02:04:11.949000,,4,14.0,False,,False,False,26.1,53.7,1003.1,False,27.6,41,3.2,False,False,True,False,False,False,1 L,+48.094,,48.094,7586.077,134.128,,,41.926,55.674,36.528,7493.903,7549.577,7586.105,7451.949
2019,Bahrain Grand Prix,2,Bahrain,Sakhir,0 days 02:08:13.084000,STR,18,0 days 00:01:47.007000,56.0,3.0,,Lance Stroll,,0 days 00:00:35.125000,0 days 00:00:45.801000,0 days 00:00:26.081000,0 days 02:07:01.230000,0 days 02:07:47.031000,0 days 02:08:13.112000,211.0,220.0,258.0,240.0,False,MEDIUM,33.0,True,Racing Point,0 days 02:06:26.077000,,4,14.0,False,,False,False,26.1,54.1,1003.1,False,27.4,56,3.0,False,False,True,False,False,False,1 L,+17.864,,17.864,7693.084,107.007,,,35.125,45.801,26.081,7621.23,7667.031,7693.112,7586.077
2019,Bahrain Grand Prix,2,Bahrain,Sakhir,0 days 00:35:14.121000,MAG,20,0 days 00:01:42.541000,1.0,1.0,,Kevin Magnussen,,,0 days 00:00:43.660000,0 days 00:00:24.249000,,0 days 00:34:49.952000,0 days 00:35:14.341000,237.0,248.0,276.0,253.0,False,SOFT,4.0,False,Haas F1 Team,0 days 00:33:31.386000,,12,7.0,False,,False,False,26.1,54.5,1003.3,False,29.2,16,2.3,True,True,False,False,False,False,+4.981,+0.728,4.981,0.728,2114.121,102.541,,,,43.66,24.249,,2089.952,2114.341,2011.386
2019,Bahrain Grand Prix,2,Bahrain,Sakhir,0 days 00:36:52.991000,MAG,20,0 days 00:01:38.870000,2.0,1.0,,Kevin Magnussen,,0 days 00:00:31.251000,0 days 00:00:43.290000,0 days 00:00:24.329000,0 days 00:35:45.425000,0 days 00:36:28.715000,0 days 00:36:53.044000,236.0,251.0,277.0,296.0,True,SOFT,5.0,False,Haas F1 Team,0 days 00:35:14.121000,,21,7.0,False,,False,True,26.1,53.9,1003.5,False,29.3,22,2.3,True,True,False,False,False,False,+7.254,+0.742,7.254,0.742,2212.991,98.87,,,31.251,43.29,24.329,2145.425,2188.715,2213.044,2114.121
2019,Bahrain Grand Prix,2,Bahrain,Sakhir,0 days 00:38:31.819000,MAG,20,0 days 00:01:38.828000,3.0,1.0,,Kevin Magnussen,,0 days 00:00:31.073000,0 days 00:00:43.331000,0 days 00:00:24.424000,0 days 00:37:24.117000,0 days 00:38:07.448000,0 days 00:38:31.872000,234.0,245.0,284.0,294.0,True,SOFT,6.0,False,Haas F1 Team,0 days 00:36:52.991000,,1,7.0,False,,False,True,26.2,53.6,1003.4,False,29.3,11,1.6,True,False,False,False,False,False,+9.145,+0.986,9.145,0.986,2311.819,98.828,,,31.073,43.331,24.424,2244.117,2287.448,2311.872,2212.991
2019,Bahrain Grand Prix,2,Bahrain,Sakhir,0 days 00:40:10.923000,MAG,20,0 days 00:01:39.104000,4.0,1.0,,Kevin Magnussen,,0 days 00:00:31.283000,0 days 00:00:43.533000,0 days 00:00:24.288000,0 days 00:39:03.155000,0 days 00:39:46.688000,0 days 00:40:10.976000,234.0,247.0,274.0,311.0,False,SOFT,7.0,False,Haas F1 Team,0 days 00:38:31.819000,,12,6.0,False,,False,True,26.2,53.8,1003.4,False,29.3,36,1.9,True,True,False,False,False,False,+10.876,+2.289,10.876,2.289,2410.923,99.104,,,31.283,43.533,24.288,2343.155,2386.688,2410.976,2311.819
2019,Bahrain Grand Prix,2,Bahrain,Sakhir,0 days 00:41:49.840000,MAG,20,0 days 00:01:38.917000,5.0,1.0,,Kevin Magnussen,,0 days 00:00:31.494000,0 days 00:00:43.036000,0 days 00:00:24.387000,0 days 00:40:42.470000,0 days 00:41:25.506000,0 days 00:41:49.893000,235.0,247.0,275.0,290.0,False,SOFT,8.0,False,Haas F1 Team,0 days 00:40:10.923000,,1,6.0,False,,False,True,26.2,54.0,1003.5,False,29.2,41,3.1,True,False,False,False,False,False,+11.648,+3.332,11.648,3.332,2509.84,98.917,,,31.494,43.036,24.387,2442.47,2485.506,2509.893,2410.923
2019,Bahrain Grand Prix,2,Bahrain,Sakhir,0 days 00:43:31.873000,MAG,20,0 days 00:01:42.033000,6.0,1.0,,Kevin Magnussen,,0 days 00:00:31.821000,0 days 00:00:45.577000,0 days 00:00:24.635000,0 days 00:42:21.714000,0 days 00:43:07.291000,0 days 00:43:31.926000,223.0,237.0,284.0,292.0,False,SOFT,9.0,False,Haas F1 Team,0 days 00:41:49.840000,,12,9.0,False,,False,True,26.2,53.9,1003.5,False,29.2,29,3.1,True,True,False,False,False,False,+16.856,+0.886,16.856,0.886,2611.873,102.033,,,31.821,45.577,24.635,2541.714,2587.291,2611.926,2509.84
2019,Bahrain Grand Prix,2,Bahrain,Sakhir,0 days 00:45:11.706000,MAG,20,0 days 00:01:39.833000,7.0,1.0,,Kevin Magnussen,,0 days 00:00:31.688000,0 days 00:00:43.834000,0 days 00:00:24.311000,0 days 00:44:03.614000,0 days 00:44:47.448000,0 days 00:45:11.759000,230.0,240.0,277.0,314.0,False,SOFT,10.0,False,Haas F1 Team,0 days 00:43:31.873000,,1,10.0,False,,False,True,26.2,54.3,1003.4,False,29.2,3,2.3,True,False,False,False,False,False,+19.591,+1.128,19.591,1.128,2711.706,99.833,,,31.688,43.834,24.311,2643.614,2687.448,2711.759,2611.873
2019,Bahrain Grand Prix,2,Bahrain,Sakhir,0 days 00:46:50.981000,MAG,20,0 days 00:01:39.275000,8.0,1.0,,Kevin Magnussen,,0 days 00:00:31.386000,0 days 00:00:43.400000,0 days 00:00:24.489000,0 days 00:45:43.145000,0 days 00:46:26.545000,0 days 00:46:51.034000,235.0,241.0,275.0,289.0,False,SOFT,11.0,False,Haas F1 Team,0 days 00:45:11.706000,,1,9.0,False,,False,True,26.2,54.2,1003.6,False,29.1,40,2.9,True,False,False,False,False,False,+21.067,+1.345,21.067,1.345,2810.981,99.275,,,31.386,43.4,24.489,2743.145,2786.545,2811.034,2711.706
2019,Bahrain Grand Prix,2,Bahrain,Sakhir,0 days 00:48:31.112000,MAG,20,0 days 00:01:40.131000,9.0,1.0,,Kevin Magnussen,,0 days 00:00:31.730000,0 days 00:00:43.997000,0 days 00:00:24.404000,0 days 00:47:22.764000,0 days 00:48:06.761000,0 days 00:48:31.165000,220.0,245.0,277.0,298.0,False,SOFT,12.0,False,Haas F1 Team,0 days 00:46:50.981000,,1,10.0,False,,False,True,26.2,54.3,1003.5,False,29.1,355,2.4,True,False,False,False,False,False,+24.000,+0.914,24.0,0.914,2911.112,100.131,,,31.73,43.997,24.404,2842.764,2886.761,2911.165,2810.981
2019,Bahrain Grand Prix,2,Bahrain,Sakhir,0 days 00:50:12.648000,MAG,20,0 days 00:01:41.536000,10.0,1.0,,Kevin Magnussen,0 days 00:50:10.943000,0 days 00:00:31.493000,0 days 00:00:42.971000,0 days 00:00:27.072000,0 days 00:49:02.658000,0 days 00:49:45.629000,0 days 00:50:12.701000,234.0,251.0,,288.0,False,SOFT,13.0,False,Haas F1 Team,0 days 00:48:31.112000,,1,11.0,False,,False,False,26.2,54.3,1003.6,False,28.9,41,2.7,True,False,False,False,False,False,+25.703,+1.294,25.703,1.294,3012.648,101.536,3010.943,,31.493,42.971,27.072,2942.658,2985.629,3012.701,2911.112
2019,Bahrain Grand Prix,2,Bahrain,Sakhir,0 days 00:52:09.486000,MAG,20,0 days 00:01:56.838000,11.0,2.0,0 days 00:50:35.900000,Kevin Magnussen,,0 days 00:00:51.572000,0 days 00:00:41.547000,0 days 00:00:23.719000,0 days 00:51:04.273000,0 days 00:51:45.820000,0 days 00:52:09.539000,236.0,255.0,276.0,221.0,False,MEDIUM,1.0,True,Haas F1 Team,0 days 00:50:12.648000,,1,15.0,False,,False,False,26.1,54.9,1003.6,False,28.8,22,1.9,True,False,False,False,False,False,+47.915,+1.986,47.915,1.986,3129.486,116.838,,3035.9,51.572,41.547,23.719,3064.273,3105.82,3129.539,3012.648
2019,Bahrain Grand Prix,2,Bahrain,Sakhir,0 days 00:53:46.519000,MAG,20,0 days 00:01:37.033000,12.0,2.0,,Kevin Magnussen,,0 days 00:00:30.695000,0 days 00:00:41.897000,0 days 00:00:24.441000,0 days 00:52:40.234000,0 days 00:53:22.131000,0 days 00:53:46.572000,238.0,254.0,282.0,285.0,True,MEDIUM,2.0,True,Haas F1 Team,0 days 00:52:09.486000,,12,12.0,False,,False,True,26.1,55.0,1003.5,False,28.8,33,1.7,True,True,False,False,False,False,+47.512,+0.082,47.512,0.082,3226.519,97.033,,,30.695,41.897,24.441,3160.234,3202.131,3226.572,3129.486
2019,Bahrain Grand Prix,2,Bahrain,Sakhir,0 days 00:55:23.191000,MAG,20,0 days 00:01:36.672000,13.0,2.0,,Kevin Magnussen,,0 days 00:00:30.602000,0 days 00:00:42.114000,0 days 00:00:23.956000,0 days 00:54:17.174000,0 days 00:54:59.288000,0 days 00:55:23.244000,237.0,246.0,276.0,298.0,True,MEDIUM,3.0,True,Haas F1 Team,0 days 00:53:46.519000,,1,12.0,False,,False,True,26.1,54.9,1003.6,False,28.8,31,2.5,True,False,False,False,False,False,+43.006,+2.996,43.006,2.996,3323.191,96.672,,,30.602,42.114,23.956,3257.174,3299.288,3323.244,3226.519
2019,Bahrain Grand Prix,2,Bahrain,Sakhir,0 days 00:57:00.093000,MAG,20,0 days 00:01:36.902000,14.0,2.0,,Kevin Magnussen,,0 days 00:00:30.884000,0 days 00:00:42.208000,0 days 00:00:23.810000,0 days 00:55:54.128000,0 days 00:56:36.336000,0 days 00:57:00.146000,235.0,255.0,276.0,289.0,False,MEDIUM,4.0,True,Haas F1 Team,0 days 00:55:23.191000,,1,12.0,False,,False,True,26.1,55.2,1003.7,False,28.9,352,1.6,True,False,False,False,False,False,+26.069,+2.635,26.069,2.635,3420.093,96.902,,,30.884,42.208,23.81,3354.128,3396.336,3420.146,3323.191
2019,Bahrain Grand Prix,2,Bahrain,Sakhir,0 days 00:58:37.877000,MAG,20,0 days 00:01:37.784000,15.0,2.0,,Kevin Magnussen,,0 days 00:00:30.962000,0 days 00:00:42.928000,0 days 00:00:23.894000,0 days 00:57:31.108000,0 days 00:58:14.036000,0 days 00:58:37.930000,236.0,249.0,276.0,291.0,False,MEDIUM,5.0,True,Haas F1 Team,0 days 00:57:00.093000,,1,12.0,False,,False,True,26.1,55.2,1003.7,False,28.8,26,2.1,True,False,False,False,False,False,+28.728,+2.505,28.728,2.505,3517.877,97.784,,,30.962,42.928,23.894,3451.108,3494.036,3517.93,3420.093
2019,Bahrain Grand Prix,2,Bahrain,Sakhir,0 days 01:00:15.715000,MAG,20,0 days 00:01:37.838000,16.0,2.0,,Kevin Magnussen,,0 days 00:00:30.919000,0 days 00:00:42.768000,0 days 00:00:24.151000,0 days 00:59:08.849000,0 days 00:59:51.617000,0 days 01:00:15.768000,233.0,245.0,277.0,290.0,False,MEDIUM,6.0,True,Haas F1 Team,0 days 00:58:37.877000,,1,12.0,False,,False,True,26.1,55.3,1003.7,False,28.8,17,2.0,True,False,False,False,False,False,+31.745,+2.286,31.745,2.286,3615.715,97.838,,,30.919,42.768,24.151,3548.849,3591.617,3615.768,3517.877
2019,Bahrain Grand Prix,2,Bahrain,Sakhir,0 days 01:01:55.339000,MAG,20,0 days 00:01:39.624000,17.0,2.0,,Kevin Magnussen,,0 days 00:00:31.867000,0 days 00:00:43.360000,0 days 00:00:24.397000,0 days 01:00:47.635000,0 days 01:01:30.995000,0 days 01:01:55.392000,234.0,248.0,284.0,297.0,False,MEDIUM,7.0,True,Haas F1 Team,0 days 01:00:15.715000,,1,12.0,False,,False,True,26.1,55.5,1003.7,False,28.7,34,2.4,True,False,False,False,False,False,+36.178,+1.128,36.178,1.128,3715.339,99.624,,,31.867,43.36,24.397,3647.635,3690.995,3715.392,3615.715
2019,Bahrain Grand Prix,2,Bahrain,Sakhir,0 days 01:03:35.107000,MAG,20,0 days 00:01:39.768000,18.0,2.0,,Kevin Magnussen,,0 days 00:00:32.290000,0 days 00:00:43.250000,0 days 00:00:24.228000,0 days 01:02:27.682000,0 days 01:03:10.932000,0 days 01:03:35.160000,235.0,246.0,276.0,318.0,False,MEDIUM,8.0,True,Haas F1 Team,0 days 01:01:55.339000,,1,13.0,False,,False,True,26.1,55.2,1003.7,False,28.7,27,2.1,True,False,False,False,False,False,+40.453,+1.204,40.453,1.204,3815.107,99.768,,,32.29,43.25,24.228,3747.682,3790.932,3815.16,3715.339
2019,Bahrain Grand Prix,2,Bahrain,Sakhir,0 days 01:05:14.207000,MAG,20,0 days 00:01:39.100000,19.0,2.0,,Kevin Magnussen,,0 days 00:00:31.317000,0 days 00:00:43.164000,0 days 00:00:24.619000,0 days 01:04:06.477000,0 days 01:04:49.641000,0 days 01:05:14.260000,234.0,247.0,275.0,290.0,False,MEDIUM,9.0,True,Haas F1 Team,0 days 01:03:35.107000,,1,13.0,False,,False,True,26.1,54.8,1003.7,False,28.8,85,2.2,True,False,False,False,False,False,+43.772,+1.583,43.772,1.583,3914.207,99.1,,,31.317,43.164,24.619,3846.477,3889.641,3914.26,3815.107
2019,Bahrain Grand Prix,2,Bahrain,Sakhir,0 days 01:06:52.848000,MAG,20,0 days 00:01:38.641000,20.0,2.0,,Kevin Magnussen,,0 days 00:00:31.159000,0 days 00:00:43.058000,0 days 00:00:24.424000,0 days 01:05:45.419000,0 days 01:06:28.477000,0 days 01:06:52.901000,235.0,252.0,284.0,293.0,False,MEDIUM,10.0,True,Haas F1 Team,0 days 01:05:14.207000,,1,13.0,False,,False,True,26.2,53.6,1003.7,False,29.0,345,2.5,True,False,False,False,False,False,+46.400,+0.870,46.4,0.87,4012.848,98.641,,,31.159,43.058,24.424,3945.419,3988.477,4012.901,3914.207
2019,Bahrain Grand Prix,2,Bahrain,Sakhir,0 days 01:08:31.414000,MAG,20,0 days 00:01:38.566000,21.0,2.0,,Kevin Magnussen,,0 days 00:00:31.055000,0 days 00:00:43.110000,0 days 00:00:24.401000,0 days 01:07:23.956000,0 days 01:08:07.066000,0 days 01:08:31.467000,231.0,254.0,285.0,292.0,False,MEDIUM,11.0,True,Haas F1 Team,0 days 01:06:52.848000,,1,13.0,False,,False,True,26.3,53.1,1003.6,False,28.8,30,2.2,True,False,False,False,False,False,+48.979,+0.810,48.979,0.81,4111.414,98.566,,,31.055,43.11,24.401,4043.956,4087.066,4111.467,4012.848
2019,Bahrain Grand Prix,2,Bahrain,Sakhir,0 days 01:10:10.279000,MAG,20,0 days 00:01:38.865000,22.0,2.0,,Kevin Magnussen,,0 days 00:00:30.797000,0 days 00:00:43.620000,0 days 00:00:24.448000,0 days 01:09:02.264000,0 days 01:09:45.884000,0 days 01:10:10.332000,235.0,254.0,286.0,303.0,False,MEDIUM,12.0,True,Haas F1 Team,0 days 01:08:31.414000,,1,13.0,False,,False,True,26.3,52.8,1003.5,False,28.8,50,2.2,True,False,False,False,False,False,+51.746,+0.774,51.746,0.774,4210.279,98.865,,,30.797,43.62,24.448,4142.264,4185.884,4210.332,4111.414
2019,Bahrain Grand Prix,2,Bahrain,Sakhir,0 days 01:11:49.047000,MAG,20,0 days 00:01:38.768000,23.0,2.0,,Kevin Magnussen,,0 days 00:00:31.129000,0 days 00:00:43.306000,0 days 00:00:24.333000,0 days 01:10:41.461000,0 days 01:11:24.767000,0 days 01:11:49.100000,235.0,250.0,286.0,316.0,False,MEDIUM,13.0,True,Haas F1 Team,0 days 01:10:10.279000,,1,13.0,False,,False,True,26.4,51.9,1003.6,False,28.9,59,2.1,True,False,False,False,False,False,+54.407,+0.874,54.407,0.874,4309.047,98.768,,,31.129,43.306,24.333,4241.461,4284.767,4309.1,4210.279
2019,Bahrain Grand Prix,2,Bahrain,Sakhir,0 days 01:13:27.815000,MAG,20,0 days 00:01:38.768000,24.0,2.0,,Kevin Magnussen,,0 days 00:00:30.926000,0 days 00:00:43.483000,0 days 00:00:24.359000,0 days 01:12:20.026000,0 days 01:13:03.509000,0 days 01:13:27.868000,235.0,250.0,286.0,306.0,False,MEDIUM,14.0,True,Haas F1 Team,0 days 01:11:49.047000,,1,13.0,False,,False,True,26.4,51.3,1003.3,False,28.9,9,2.9,True,False,False,False,False,False,+56.944,+0.847,56.944,0.847,4407.815,98.768,,,30.926,43.483,24.359,4340.026,4383.509,4407.868,4309.047
2019,Bahrain Grand Prix,2,Bahrain,Sakhir,0 days 01:15:06.414000,MAG,20,0 days 00:01:38.599000,25.0,2.0,,Kevin Magnussen,,0 days 00:00:30.909000,0 days 00:00:43.088000,0 days 00:00:24.602000,0 days 01:13:58.777000,0 days 01:14:41.865000,0 days 01:15:06.467000,234.0,253.0,283.0,318.0,False,MEDIUM,15.0,True,Haas F1 Team,0 days 01:13:27.815000,,1,11.0,False,,False,True,26.5,51.3,1003.4,False,28.9,37,2.2,True,False,False,False,False,False,+59.251,+0.695,59.251,0.695,4506.414,98.599,,,30.909,43.088,24.602,4438.777,4481.865,4506.467,4407.815
2019,Bahrain Grand Prix,2,Bahrain,Sakhir,0 days 01:16:45.628000,MAG,20,0 days 00:01:39.214000,26.0,2.0,,Kevin Magnussen,,0 days 00:00:30.910000,0 days 00:00:43.979000,0 days 00:00:24.325000,0 days 01:15:37.377000,0 days 01:16:21.356000,0 days 01:16:45.681000,237.0,241.0,276.0,303.0,False,MEDIUM,16.0,True,Haas F1 Team,0 days 01:15:06.414000,,1,11.0,False,,False,True,26.5,50.9,1003.4,False,28.8,39,2.1,True,False,False,False,False,False,+62.138,+5.183,62.138,5.183,4605.628,99.214,,,30.91,43.979,24.325,4537.377,4581.356,4605.681,4506.414
2019,Bahrain Grand Prix,2,Bahrain,Sakhir,0 days 01:18:24.957000,MAG,20,0 days 00:01:39.329000,27.0,2.0,,Kevin Magnussen,,0 days 00:00:31.367000,0 days 00:00:43.446000,0 days 00:00:24.516000,0 days 01:17:17.048000,0 days 01:18:00.494000,0 days 01:18:25.010000,237.0,250.0,276.0,292.0,False,MEDIUM,17.0,True,Haas F1 Team,0 days 01:16:45.628000,,1,11.0,False,,False,True,26.5,50.4,1003.3,False,28.8,44,2.5,True,False,False,False,False,False,+64.497,+5.123,64.497,5.123,4704.957,99.329,,,31.367,43.446,24.516,4637.048,4680.494,4705.01,4605.628
2019,Bahrain Grand Prix,2,Bahrain,Sakhir,0 days 01:20:04.440000,MAG,20,0 days 00:01:39.483000,28.0,2.0,,Kevin Magnussen,,0 days 00:00:31.476000,0 days 00:00:43.379000,0 days 00:00:24.628000,0 days 01:18:56.486000,0 days 01:19:39.865000,0 days 01:20:04.493000,236.0,244.0,276.0,294.0,False,MEDIUM,18.0,True,Haas F1 Team,0 days 01:18:24.957000,,1,11.0,False,,False,True,26.5,49.0,1003.2,False,28.8,40,3.2,True,False,False,False,False,False,+66.745,+4.981,66.745,4.981,4804.44,99.483,,,31.476,43.379,24.628,4736.486,4779.865,4804.493,4704.957
2019,Bahrain Grand Prix,2,Bahrain,Sakhir,0 days 01:21:44.024000,MAG,20,0 days 00:01:39.584000,29.0,2.0,,Kevin Magnussen,,0 days 00:00:31.486000,0 days 00:00:43.667000,0 days 00:00:24.431000,0 days 01:20:35.979000,0 days 01:21:19.646000,0 days 01:21:44.077000,233.0,249.0,277.0,292.0,False,MEDIUM,19.0,True,Haas F1 Team,0 days 01:20:04.440000,,1,11.0,False,,False,True,26.6,48.8,1003.4,False,28.8,27,3.0,True,False,False,False,False,False,+69.574,+5.389,69.574,5.389,4904.024,99.584,,,31.486,43.667,24.431,4835.979,4879.646,4904.077,4804.44
2019,Bahrain Grand Prix,2,Bahrain,Sakhir,0 days 01:23:24.322000,MAG,20,0 days 00:01:40.298000,30.0,2.0,,Kevin Magnussen,,0 days 00:00:31.931000,0 days 00:00:43.888000,0 days 00:00:24.479000,0 days 01:22:16.008000,0 days 01:22:59.896000,0 days 01:23:24.375000,232.0,247.0,277.0,285.0,False,MEDIUM,20.0,True,Haas F1 Team,0 days 01:21:44.024000,,1,12.0,False,,False,True,26.6,48.9,1003.4,False,28.7,22,2.9,True,False,False,False,False,False,+72.832,+2.596,72.832,2.596,5004.322,100.298,,,31.931,43.888,24.479,4936.008,4979.896,5004.375,4904.024
2019,Bahrain Grand Prix,2,Bahrain,Sakhir,0 days 01:25:04,MAG,20,0 days 00:01:39.678000,31.0,2.0,,Kevin Magnussen,,0 days 00:00:31.547000,0 days 00:00:43.481000,0 days 00:00:24.650000,0 days 01:23:55.922000,0 days 01:24:39.403000,0 days 01:25:04.053000,236.0,250.0,276.0,292.0,False,MEDIUM,21.0,True,Haas F1 Team,0 days 01:23:24.322000,,1,12.0,False,,False,True,26.6,49.2,1003.4,False,28.6,50,2.5,True,False,False,False,False,False,+75.828,+4.439,75.828,4.439,5104.0,99.678,,,31.547,43.481,24.65,5035.922,5079.403,5104.053,5004.322
2019,Bahrain Grand Prix,2,Bahrain,Sakhir,0 days 01:26:43.345000,MAG,20,0 days 00:01:39.345000,32.0,2.0,,Kevin Magnussen,,0 days 00:00:31.369000,0 days 00:00:43.616000,0 days 00:00:24.360000,0 days 01:25:35.422000,0 days 01:26:19.038000,0 days 01:26:43.398000,237.0,249.0,278.0,295.0,False,MEDIUM,22.0,True,Haas F1 Team,0 days 01:25:04,,1,12.0,False,,False,True,26.6,49.5,1003.2,False,28.5,36,3.1,True,False,False,False,False,False,+78.018,+27.030,78.018,27.03,5203.345,99.345,,,31.369,43.616,24.36,5135.422,5179.038,5203.398,5104.0
2019,Bahrain Grand Prix,2,Bahrain,Sakhir,0 days 01:28:24.055000,MAG,20,0 days 00:01:40.710000,33.0,2.0,,Kevin Magnussen,,0 days 00:00:31.563000,0 days 00:00:44.246000,0 days 00:00:24.901000,0 days 01:27:14.961000,0 days 01:27:59.207000,0 days 01:28:24.108000,235.0,246.0,285.0,302.0,False,MEDIUM,23.0,True,Haas F1 Team,0 days 01:26:43.345000,,1,13.0,False,,False,True,26.6,49.7,1003.2,False,28.4,19,2.6,True,False,False,False,False,False,+82.115,+1.045,82.115,1.045,5304.055,100.71,,,31.563,44.246,24.901,5234.961,5279.207,5304.108,5203.345
2019,Bahrain Grand Prix,2,Bahrain,Sakhir,0 days 01:30:03.352000,MAG,20,0 days 00:01:39.297000,34.0,2.0,,Kevin Magnussen,,0 days 00:00:31.178000,0 days 00:00:43.594000,0 days 00:00:24.525000,0 days 01:28:55.286000,0 days 01:29:38.880000,0 days 01:30:03.405000,237.0,248.0,277.0,306.0,False,MEDIUM,24.0,True,Haas F1 Team,0 days 01:28:24.055000,,1,11.0,False,,False,True,26.6,49.9,1003.2,False,28.4,54,2.6,True,False,False,False,False,False,+84.286,+1.690,84.286,1.69,5403.352,99.297,,,31.178,43.594,24.525,5335.286,5378.88,5403.405,5304.055
2019,Bahrain Grand Prix,2,Bahrain,Sakhir,0 days 01:31:44.005000,MAG,20,0 days 00:01:40.653000,35.0,2.0,,Kevin Magnussen,,0 days 00:00:31.732000,0 days 00:00:44.230000,0 days 00:00:24.691000,0 days 01:30:35.137000,0 days 01:31:19.367000,0 days 01:31:44.058000,236.0,244.0,276.0,292.0,False,MEDIUM,25.0,True,Haas F1 Team,0 days 01:30:03.352000,,1,12.0,False,,False,True,26.5,50.2,1003.4,False,28.3,50,2.3,True,False,False,False,False,False,+88.020,+2.117,88.02,2.117,5504.005,100.653,,,31.732,44.23,24.691,5435.137,5479.367,5504.058,5403.352
2019,Bahrain Grand Prix,2,Bahrain,Sakhir,0 days 01:33:24.981000,MAG,20,0 days 00:01:40.976000,36.0,2.0,,Kevin Magnussen,,0 days 00:00:32.101000,0 days 00:00:44.255000,0 days 00:00:24.620000,0 days 01:32:16.159000,0 days 01:33:00.414000,0 days 01:33:25.034000,227.0,250.0,277.0,294.0,False,MEDIUM,26.0,True,Haas F1 Team,0 days 01:31:44.005000,,1,13.0,False,,False,True,26.5,50.5,1003.3,False,28.3,43,3.1,True,False,False,False,False,False,+90.967,+2.452,90.967,2.452,5604.981,100.976,,,32.101,44.255,24.62,5536.159,5580.414,5605.034,5504.005
2019,Bahrain Grand Prix,2,Bahrain,Sakhir,0 days 01:35:04.878000,MAG,20,0 days 00:01:39.897000,37.0,2.0,,Kevin Magnussen,,0 days 00:00:31.688000,0 days 00:00:43.682000,0 days 00:00:24.527000,0 days 01:33:56.722000,0 days 01:34:40.404000,0 days 01:35:04.931000,237.0,246.0,279.0,290.0,False,MEDIUM,27.0,True,Haas F1 Team,0 days 01:33:24.981000,,12,13.0,False,,False,True,26.5,50.8,1003.4,False,28.3,17,2.8,True,True,False,False,False,False,+73.427,+4.928,73.427,4.928,5704.878,99.897,,,31.688,43.682,24.527,5636.722,5680.404,5704.931,5604.981
2019,Bahrain Grand Prix,2,Bahrain,Sakhir,0 days 01:36:49.376000,MAG,20,0 days 00:01:44.498000,38.0,2.0,,Kevin Magnussen,0 days 01:36:47.691000,0 days 00:00:32.435000,0 days 00:00:44.651000,0 days 00:00:27.412000,0 days 01:35:37.366000,0 days 01:36:22.017000,0 days 01:36:49.429000,234.0,244.0,,302.0,False,MEDIUM,28.0,True,Haas F1 Team,0 days 01:35:04.878000,,1,15.0,False,,False,False,26.5,51.0,1003.4,False,28.1,28,2.3,True,False,False,False,False,False,+81.870,+1.883,81.87,1.883,5809.376,104.498,5807.691,,32.435,44.651,27.412,5737.366,5782.017,5809.429,5704.878
2019,Bahrain Grand Prix,2,Bahrain,Sakhir,0 days 01:38:48.462000,MAG,20,0 days 00:01:59.086000,39.0,3.0,0 days 01:37:13.693000,Kevin Magnussen,,0 days 00:00:52.896000,0 days 00:00:42.405000,0 days 00:00:23.785000,0 days 01:37:42.325000,0 days 01:38:24.730000,0 days 01:38:48.515000,240.0,247.0,278.0,222.0,False,SOFT,4.0,False,Haas F1 Team,0 days 01:36:49.376000,,12,14.0,False,,False,False,26.4,51.3,1003.3,False,28.1,52,2.8,True,True,False,False,False,False,1 L,+22.398,,22.398,5928.462,119.086,,5833.693,52.896,42.405,23.785,5862.325,5904.73,5928.515,5809.376
2019,Bahrain Grand Prix,2,Bahrain,Sakhir,0 days 01:40:25.047000,MAG,20,0 days 00:01:36.585000,40.0,3.0,,Kevin Magnussen,,0 days 00:00:30.859000,0 days 00:00:42.043000,0 days 00:00:23.683000,0 days 01:39:19.374000,0 days 01:40:01.417000,0 days 01:40:25.100000,240.0,248.0,278.0,290.0,True,SOFT,5.0,False,Haas F1 Team,0 days 01:38:48.462000,,21,14.0,False,,False,True,26.4,51.5,1003.3,False,28.0,45,2.4,True,True,False,False,False,False,1 L,+29.866,,29.866,6025.047,96.585,,,30.859,42.043,23.683,5959.374,6001.417,6025.1,5928.462
2019,Bahrain Grand Prix,2,Bahrain,Sakhir,0 days 01:42:00.939000,MAG,20,0 days 00:01:35.892000,41.0,3.0,,Kevin Magnussen,,0 days 00:00:30.630000,0 days 00:00:41.675000,0 days 00:00:23.587000,0 days 01:40:55.730000,0 days 01:41:37.405000,0 days 01:42:00.992000,239.0,256.0,279.0,295.0,True,SOFT,6.0,False,Haas F1 Team,0 days 01:40:25.047000,,1,14.0,False,,False,True,26.4,51.8,1003.2,False,28.0,23,3.3,True,False,False,False,False,False,1 L,+6.002,,6.002,6120.939,95.892,,,30.63,41.675,23.587,6055.73,6097.405,6120.992,6025.047
2019,Bahrain Grand Prix,2,Bahrain,Sakhir,0 days 01:43:38.933000,MAG,20,0 days 00:01:37.994000,42.0,3.0,,Kevin Magnussen,,0 days 00:00:31.431000,0 days 00:00:42.672000,0 days 00:00:23.891000,0 days 01:42:32.423000,0 days 01:43:15.095000,0 days 01:43:38.986000,238.0,246.0,278.0,300.0,False,SOFT,7.0,False,Haas F1 Team,0 days 01:42:00.939000,,12,15.0,False,,False,True,26.3,51.8,1003.2,False,28.0,22,3.4,True,True,False,False,False,False,1 L,+2.022,,2.022,6218.933,97.994,,,31.431,42.672,23.891,6152.423,6195.095,6218.986,6120.939
2019,Bahrain Grand Prix,2,Bahrain,Sakhir,0 days 01:45:16.037000,MAG,20,0 days 00:01:37.104000,43.0,3.0,,Kevin Magnussen,,0 days 00:00:30.966000,0 days 00:00:42.132000,0 days 00:00:24.006000,0 days 01:44:09.952000,0 days 01:44:52.084000,0 days 01:45:16.090000,238.0,252.0,278.0,293.0,False,SOFT,8.0,False,Haas F1 Team,0 days 01:43:38.933000,,1,15.0,False,,False,True,26.3,51.8,1003.2,False,28.0,47,2.8,True,False,False,False,False,False,1 L,+2.882,,2.882,6316.037,97.104,,,30.966,42.132,24.006,6249.952,6292.084,6316.09,6218.933
2019,Bahrain Grand Prix,2,Bahrain,Sakhir,0 days 01:46:52.825000,MAG,20,0 days 00:01:36.788000,44.0,3.0,,Kevin Magnussen,,0 days 00:00:30.855000,0 days 00:00:42.278000,0 days 00:00:23.655000,0 days 01:45:46.945000,0 days 01:46:29.223000,0 days 01:46:52.878000,237.0,251.0,279.0,295.0,False,SOFT,9.0,False,Haas F1 Team,0 days 01:45:16.037000,,1,15.0,False,,False,True,26.3,52.3,1003.3,False,27.8,62,2.6,True,False,False,False,False,False,1 L,+3.520,,3.52,6412.825,96.788,,,30.855,42.278,23.655,6346.945,6389.223,6412.878,6316.037
2019,Bahrain Grand Prix,2,Bahrain,Sakhir,0 days 01:48:30.559000,MAG,20,0 days 00:01:37.734000,45.0,3.0,,Kevin Magnussen,,0 days 00:00:31.016000,0 days 00:00:42.669000,0 days 00:00:24.049000,0 days 01:47:23.894000,0 days 01:48:06.563000,0 days 01:48:30.612000,237.0,247.0,278.0,295.0,False,SOFT,10.0,False,Haas F1 Team,0 days 01:46:52.825000,,1,15.0,False,,False,True,26.3,52.7,1003.2,False,27.7,63,3.1,True,False,False,False,False,False,1 L,+4.730,,4.73,6510.559,97.734,,,31.016,42.669,24.049,6443.894,6486.563,6510.612,6412.825
2019,Bahrain Grand Prix,2,Bahrain,Sakhir,0 days 01:50:07.559000,MAG,20,0 days 00:01:37,46.0,3.0,,Kevin Magnussen,,0 days 00:00:31.007000,0 days 00:00:42.347000,0 days 00:00:23.646000,0 days 01:49:01.619000,0 days 01:49:43.966000,0 days 01:50:07.612000,238.0,250.0,279.0,296.0,False,SOFT,11.0,False,Haas F1 Team,0 days 01:48:30.559000,,1,15.0,False,,False,True,26.2,52.8,1003.2,False,27.7,63,2.8,True,False,False,False,False,False,1 L,+5.760,,5.76,6607.559,97.0,,,31.007,42.347,23.646,6541.619,6583.966,6607.612,6510.559
2019,Bahrain Grand Prix,2,Bahrain,Sakhir,0 days 01:51:44.966000,MAG,20,0 days 00:01:37.407000,47.0,3.0,,Kevin Magnussen,,0 days 00:00:31.030000,0 days 00:00:42.658000,0 days 00:00:23.719000,0 days 01:50:38.642000,0 days 01:51:21.300000,0 days 01:51:45.019000,238.0,251.0,278.0,295.0,False,SOFT,12.0,False,Haas F1 Team,0 days 01:50:07.559000,,1,15.0,False,,False,True,26.2,53.0,1003.3,False,27.7,60,2.9,True,False,False,False,False,False,1 L,+7.311,,7.311,6704.966,97.407,,,31.03,42.658,23.719,6638.642,6681.3,6705.019,6607.559
2019,Bahrain Grand Prix,2,Bahrain,Sakhir,0 days 01:53:21.802000,MAG,20,0 days 00:01:36.836000,48.0,3.0,,Kevin Magnussen,,0 days 00:00:30.880000,0 days 00:00:42.325000,0 days 00:00:23.631000,0 days 01:52:15.899000,0 days 01:52:58.224000,0 days 01:53:21.855000,238.0,252.0,279.0,294.0,False,SOFT,13.0,False,Haas F1 Team,0 days 01:51:44.966000,,1,15.0,False,,False,True,26.2,53.2,1003.3,False,27.6,33,3.3,True,False,False,False,False,False,1 L,+7.625,,7.625,6801.802,96.836,,,30.88,42.325,23.631,6735.899,6778.224,6801.855,6704.966
2019,Bahrain Grand Prix,2,Bahrain,Sakhir,0 days 01:54:58.764000,MAG,20,0 days 00:01:36.962000,49.0,3.0,,Kevin Magnussen,,0 days 00:00:31.110000,0 days 00:00:42.253000,0 days 00:00:23.599000,0 days 01:53:52.965000,0 days 01:54:35.218000,0 days 01:54:58.817000,237.0,254.0,278.0,294.0,False,SOFT,14.0,False,Haas F1 Team,0 days 01:53:21.802000,,1,15.0,False,,False,True,26.1,53.5,1003.2,False,27.5,58,2.9,True,False,False,False,False,False,1 L,+8.118,,8.118,6898.764,96.962,,,31.11,42.253,23.599,6832.965,6875.218,6898.817,6801.802
2019,Bahrain Grand Prix,2,Bahrain,Sakhir,0 days 01:56:36.118000,MAG,20,0 days 00:01:37.354000,50.0,3.0,,Kevin Magnussen,,0 days 00:00:30.831000,0 days 00:00:42.535000,0 days 00:00:23.988000,0 days 01:55:29.648000,0 days 01:56:12.183000,0 days 01:56:36.171000,239.0,251.0,279.0,295.0,False,SOFT,15.0,False,Haas F1 Team,0 days 01:54:58.764000,,1,15.0,False,,False,True,26.1,53.6,1003.0,False,27.5,19,3.6,True,False,False,False,False,False,1 L,+9.487,,9.487,6996.118,97.354,,,30.831,42.535,23.988,6929.648,6972.183,6996.171,6898.764
2019,Bahrain Grand Prix,2,Bahrain,Sakhir,0 days 01:58:13.282000,MAG,20,0 days 00:01:37.164000,51.0,3.0,,Kevin Magnussen,,0 days 00:00:30.914000,0 days 00:00:42.294000,0 days 00:00:23.956000,0 days 01:57:07.085000,0 days 01:57:49.379000,0 days 01:58:13.335000,238.0,253.0,287.0,296.0,False,SOFT,16.0,False,Haas F1 Team,0 days 01:56:36.118000,,1,15.0,False,,False,True,26.1,53.7,1003.4,False,27.5,57,2.9,True,False,False,False,False,False,1 L,+10.640,,10.64,7093.282,97.164,,,30.914,42.294,23.956,7027.085,7069.379,7093.335,6996.118
2019,Bahrain Grand Prix,2,Bahrain,Sakhir,0 days 01:59:50.398000,MAG,20,0 days 00:01:37.116000,52.0,3.0,,Kevin Magnussen,,0 days 00:00:31.191000,0 days 00:00:42.173000,0 days 00:00:23.752000,0 days 01:58:44.526000,0 days 01:59:26.699000,0 days 01:59:50.451000,238.0,253.0,279.0,314.0,False,SOFT,17.0,False,Haas F1 Team,0 days 01:58:13.282000,,1,15.0,False,,False,True,26.1,53.9,1003.3,False,27.6,30,2.3,True,False,False,False,False,False,1 L,+11.404,,11.404,7190.398,97.116,,,31.191,42.173,23.752,7124.526,7166.699,7190.451,7093.282
2019,Bahrain Grand Prix,2,Bahrain,Sakhir,0 days 02:01:27.306000,MAG,20,0 days 00:01:36.908000,53.0,3.0,,Kevin Magnussen,,0 days 00:00:30.975000,0 days 00:00:42.256000,0 days 00:00:23.677000,0 days 02:00:21.426000,0 days 02:01:03.682000,0 days 02:01:27.359000,239.0,252.0,280.0,295.0,False,SOFT,18.0,False,Haas F1 Team,0 days 01:59:50.398000,,12,15.0,False,,False,True,26.1,53.9,1003.3,False,27.6,52,2.6,True,True,False,False,False,False,1 L,+12.315,,12.315,7287.306,96.908,,,30.975,42.256,23.677,7221.426,7263.682,7287.359,7190.398
2019,Bahrain Grand Prix,2,Bahrain,Sakhir,0 days 02:03:24.901000,MAG,20,0 days 00:01:57.595000,54.0,3.0,,Kevin Magnussen,,0 days 00:00:31.547000,0 days 00:00:53.519000,0 days 00:00:32.529000,0 days 02:01:58.906000,0 days 02:02:52.425000,0 days 02:03:24.954000,238.0,205.0,158.0,266.0,False,SOFT,19.0,False,Haas F1 Team,0 days 02:01:27.306000,,24,13.0,False,,False,False,26.1,53.8,1003.2,False,27.6,40,2.7,False,True,True,False,False,False,1 L,+12.231,,12.231,7404.901,117.595,,,31.547,53.519,32.529,7318.906,7372.425,7404.954,7287.306
2019,Bahrain Grand Prix,2,Bahrain,Sakhir,0 days 02:05:37.460000,MAG,20,0 days 00:02:12.559000,55.0,3.0,,Kevin Magnussen,,0 days 00:00:42.089000,0 days 00:00:57.840000,0 days 00:00:32.630000,0 days 02:04:07.043000,0 days 02:05:04.883000,0 days 02:05:37.513000,99.0,224.0,253.0,225.0,False,SOFT,20.0,False,Haas F1 Team,0 days 02:03:24.901000,,4,13.0,False,,False,False,26.1,53.9,1003.1,False,27.5,25,3.4,False,False,True,False,False,False,1 L,+11.636,,11.636,7537.46,132.559,,,42.089,57.84,32.63,7447.043,7504.883,7537.513,7404.901
2019,Bahrain Grand Prix,2,Bahrain,Sakhir,0 days 02:07:55.422000,MAG,20,0 days 00:02:17.962000,56.0,3.0,,Kevin Magnussen,,0 days 00:00:40.311000,0 days 00:01:00.980000,0 days 00:00:36.671000,0 days 02:06:17.824000,0 days 02:07:18.804000,0 days 02:07:55.475000,149.0,138.0,220.0,227.0,False,SOFT,21.0,False,Haas F1 Team,0 days 02:05:37.460000,,4,13.0,False,,False,False,26.1,53.8,1003.1,False,27.6,24,3.4,False,False,True,False,False,False,1 L,+0.944,,0.944,7675.422,137.962,,,40.311,60.98,36.671,7577.824,7638.804,7675.475,7537.46
2019,Bahrain Grand Prix,2,Bahrain,Sakhir,0 days 00:35:17.609000,ALB,23,0 days 00:01:46.029000,1.0,1.0,,Alexander Albon,,,0 days 00:00:44.364000,0 days 00:00:24.998000,,0 days 00:34:52.648000,0 days 00:35:17.837000,232.0,247.0,276.0,217.0,False,SOFT,4.0,False,Toro Rosso,0 days 00:33:31.386000,,12,13.0,False,,False,False,26.1,54.5,1003.3,False,29.2,16,2.3,True,True,False,False,False,False,+8.462,+0.704,8.462,0.704,2117.609,106.029,,,,44.364,24.998,,2092.648,2117.837,2011.386
2019,Bahrain Grand Prix,2,Bahrain,Sakhir,0 days 00:36:57.319000,ALB,23,0 days 00:01:39.710000,2.0,1.0,,Alexander Albon,,0 days 00:00:31.733000,0 days 00:00:43.460000,0 days 00:00:24.517000,0 days 00:35:49.367000,0 days 00:36:32.827000,0 days 00:36:57.344000,235.0,242.0,276.0,303.0,True,SOFT,5.0,False,Toro Rosso,0 days 00:35:17.609000,,12,14.0,False,,False,True,26.1,53.9,1003.5,False,29.3,22,2.3,True,True,False,False,False,False,+11.576,+0.843,11.576,0.843,2217.319,99.71,,,31.733,43.46,24.517,2149.367,2192.827,2217.344,2117.609
2019,Bahrain Grand Prix,2,Bahrain,Sakhir,0 days 00:38:35.874000,ALB,23,0 days 00:01:38.555000,3.0,1.0,,Alexander Albon,,0 days 00:00:31.087000,0 days 00:00:43.122000,0 days 00:00:24.346000,0 days 00:37:28.431000,0 days 00:38:11.553000,0 days 00:38:35.899000,235.0,246.0,291.0,289.0,True,SOFT,6.0,False,Toro Rosso,0 days 00:36:57.319000,,1,14.0,False,,False,True,26.2,53.6,1003.4,False,29.3,11,1.6,True,False,False,False,False,False,+13.231,+0.544,13.231,0.544,2315.874,98.555,,,31.087,43.122,24.346,2248.431,2291.553,2315.899,2217.319
2019,Bahrain Grand Prix,2,Bahrain,Sakhir,0 days 00:40:15.706000,ALB,23,0 days 00:01:39.832000,4.0,1.0,,Alexander Albon,,0 days 00:00:30.641000,0 days 00:00:44.247000,0 days 00:00:24.944000,0 days 00:39:06.540000,0 days 00:39:50.787000,0 days 00:40:15.731000,235.0,231.0,292.0,335.0,False,SOFT,7.0,False,Toro Rosso,0 days 00:38:35.874000,,12,13.0,False,,False,True,26.2,53.8,1003.4,False,29.3,36,1.9,True,True,False,False,False,False,+15.738,+0.347,15.738,0.347,2415.706,99.832,,,30.641,44.247,24.944,2346.54,2390.787,2415.731,2315.874
2019,Bahrain Grand Prix,2,Bahrain,Sakhir,0 days 00:41:54.848000,ALB,23,0 days 00:01:39.142000,5.0,1.0,,Alexander Albon,,0 days 00:00:30.947000,0 days 00:00:43.624000,0 days 00:00:24.571000,0 days 00:40:46.678000,0 days 00:41:30.302000,0 days 00:41:54.873000,234.0,247.0,284.0,340.0,False,SOFT,8.0,False,Toro Rosso,0 days 00:40:15.706000,,1,13.0,False,,False,True,26.2,54.0,1003.5,False,29.2,41,3.1,True,False,False,False,False,False,+16.698,+0.866,16.698,0.866,2514.848,99.142,,,30.947,43.624,24.571,2446.678,2490.302,2514.873,2415.706
2019,Bahrain Grand Prix,2,Bahrain,Sakhir,0 days 00:43:33.672000,ALB,23,0 days 00:01:38.824000,6.0,1.0,,Alexander Albon,,0 days 00:00:30.777000,0 days 00:00:43.231000,0 days 00:00:24.816000,0 days 00:42:25.650000,0 days 00:43:08.881000,0 days 00:43:33.697000,235.0,246.0,289.0,326.0,False,SOFT,9.0,False,Toro Rosso,0 days 00:41:54.848000,,12,13.0,False,,False,True,26.2,54.2,1003.5,False,29.3,59,3.4,True,True,False,False,False,False,+18.674,+0.455,18.674,0.455,2613.672,98.824,,,30.777,43.231,24.816,2545.65,2588.881,2613.697,2514.848
2019,Bahrain Grand Prix,2,Bahrain,Sakhir,0 days 00:45:13.747000,ALB,23,0 days 00:01:40.075000,7.0,1.0,,Alexander Albon,,0 days 00:00:30.657000,0 days 00:00:44.823000,0 days 00:00:24.595000,0 days 00:44:04.354000,0 days 00:44:49.177000,0 days 00:45:13.772000,234.0,247.0,285.0,327.0,False,SOFT,10.0,False,Toro Rosso,0 days 00:43:33.672000,,1,13.0,False,,False,True,26.2,54.3,1003.4,False,29.2,3,2.3,True,False,False,False,False,False,+21.666,+0.881,21.666,0.881,2713.747,100.075,,,30.657,44.823,24.595,2644.354,2689.177,2713.772,2613.672
2019,Bahrain Grand Prix,2,Bahrain,Sakhir,0 days 00:46:52.693000,ALB,23,0 days 00:01:38.946000,8.0,1.0,,Alexander Albon,,0 days 00:00:30.799000,0 days 00:00:43.619000,0 days 00:00:24.528000,0 days 00:45:44.571000,0 days 00:46:28.190000,0 days 00:46:52.718000,235.0,250.0,288.0,316.0,False,SOFT,11.0,False,Toro Rosso,0 days 00:45:13.747000,,1,13.0,False,,False,True,26.2,54.2,1003.6,False,29.1,40,2.9,True,False,False,False,False,False,+22.835,+0.653,22.835,0.653,2812.693,98.946,,,30.799,43.619,24.528,2744.571,2788.19,2812.718,2713.747
2019,Bahrain Grand Prix,2,Bahrain,Sakhir,0 days 00:48:35.303000,ALB,23,0 days 00:01:42.610000,9.0,1.0,,Alexander Albon,0 days 00:48:33.692000,0 days 00:00:31.067000,0 days 00:00:44.046000,0 days 00:00:27.497000,0 days 00:47:23.785000,0 days 00:48:07.831000,0 days 00:48:35.328000,235.0,251.0,,316.0,False,SOFT,12.0,False,Toro Rosso,0 days 00:46:52.693000,,1,14.0,False,,False,False,26.2,54.4,1003.6,False,29.1,49,2.9,True,False,False,False,False,False,+25.531,+0.789,25.531,0.789,2915.303,102.61,2913.692,,31.067,44.046,27.497,2843.785,2887.831,2915.328,2812.693
2019,Bahrain Grand Prix,2,Bahrain,Sakhir,0 days 00:50:33.523000,ALB,23,0 days 00:01:58.220000,10.0,2.0,0 days 00:48:59.235000,Alexander Albon,,0 days 00:00:52.628000,0 days 00:00:41.909000,0 days 00:00:23.683000,0 days 00:49:27.956000,0 days 00:50:09.865000,0 days 00:50:33.548000,236.0,249.0,277.0,219.0,False,SOFT,1.0,True,Toro Rosso,0 days 00:48:35.303000,,1,16.0,False,,False,False,26.2,54.3,1003.6,False,28.9,41,2.7,True,False,False,False,False,False,+49.145,+23.442,49.145,23.442,3033.523,118.22,,2939.235,52.628,41.909,23.683,2967.956,3009.865,3033.548,2915.303
2019,Bahrain Grand Prix,2,Bahrain,Sakhir,0 days 00:52:10.662000,ALB,23,0 days 00:01:37.139000,11.0,2.0,,Alexander Albon,,0 days 00:00:31.256000,0 days 00:00:41.969000,0 days 00:00:23.914000,0 days 00:51:04.804000,0 days 00:51:46.773000,0 days 00:52:10.687000,237.0,249.0,279.0,300.0,True,SOFT,2.0,True,Toro Rosso,0 days 00:50:33.523000,,1,16.0,False,,False,True,26.1,54.9,1003.6,False,28.8,22,1.9,True,False,False,False,False,False,+49.100,+1.185,49.1,1.185,3130.662,97.139,,,31.256,41.969,23.914,3064.804,3106.773,3130.687,3033.523
2019,Bahrain Grand Prix,2,Bahrain,Sakhir,0 days 00:53:48.460000,ALB,23,0 days 00:01:37.798000,12.0,2.0,,Alexander Albon,,0 days 00:00:31.153000,0 days 00:00:42.504000,0 days 00:00:24.141000,0 days 00:52:41.840000,0 days 00:53:24.344000,0 days 00:53:48.485000,238.0,243.0,287.0,304.0,False,SOFT,3.0,True,Toro Rosso,0 days 00:52:10.662000,,12,15.0,False,,False,True,26.1,55.0,1003.5,False,28.8,33,1.7,True,True,False,False,False,False,+49.474,+0.942,49.474,0.942,3228.46,97.798,,,31.153,42.504,24.141,3161.84,3204.344,3228.485,3130.662
2019,Bahrain Grand Prix,2,Bahrain,Sakhir,0 days 00:55:25.222000,ALB,23,0 days 00:01:36.762000,13.0,2.0,,Alexander Albon,,0 days 00:00:30.469000,0 days 00:00:42.360000,0 days 00:00:23.933000,0 days 00:54:18.954000,0 days 00:55:01.314000,0 days 00:55:25.247000,235.0,248.0,287.0,296.0,True,SOFT,4.0,True,Toro Rosso,0 days 00:53:48.460000,,1,14.0,False,,False,True,26.1,54.9,1003.6,False,28.8,31,2.5,True,False,False,False,False,False,+45.087,+0.894,45.087,0.894,3325.222,96.762,,,30.469,42.36,23.933,3258.954,3301.314,3325.247,3228.46
2019,Bahrain Grand Prix,2,Bahrain,Sakhir,0 days 00:57:02.153000,ALB,23,0 days 00:01:36.931000,14.0,2.0,,Alexander Albon,,0 days 00:00:30.392000,0 days 00:00:42.559000,0 days 00:00:23.980000,0 days 00:55:55.639000,0 days 00:56:38.198000,0 days 00:57:02.178000,236.0,250.0,279.0,303.0,False,SOFT,5.0,True,Toro Rosso,0 days 00:55:25.222000,,1,14.0,False,,False,True,26.1,55.2,1003.7,False,28.9,352,1.6,True,False,False,False,False,False,+28.143,+1.190,28.143,1.19,3422.153,96.931,,,30.392,42.559,23.98,3355.639,3398.198,3422.178,3325.222
2019,Bahrain Grand Prix,2,Bahrain,Sakhir,0 days 00:58:39.421000,ALB,23,0 days 00:01:37.268000,15.0,2.0,,Alexander Albon,,0 days 00:00:30.651000,0 days 00:00:42.704000,0 days 00:00:23.913000,0 days 00:57:32.829000,0 days 00:58:15.533000,0 days 00:58:39.446000,237.0,249.0,288.0,296.0,False,SOFT,6.0,True,Toro Rosso,0 days 00:57:02.153000,,1,14.0,False,,False,True,26.1,55.2,1003.7,False,28.8,26,2.1,True,False,False,False,False,False,+30.321,+0.828,30.321,0.828,3519.421,97.268,,,30.651,42.704,23.913,3452.829,3495.533,3519.446,3422.153
2019,Bahrain Grand Prix,2,Bahrain,Sakhir,0 days 01:00:17.122000,ALB,23,0 days 00:01:37.701000,16.0,2.0,,Alexander Albon,,0 days 00:00:30.491000,0 days 00:00:43.113000,0 days 00:00:24.097000,0 days 00:59:09.937000,0 days 00:59:53.050000,0 days 01:00:17.147000,237.0,251.0,288.0,320.0,False,SOFT,7.0,True,Toro Rosso,0 days 00:58:39.421000,,1,14.0,False,,False,True,26.1,55.3,1003.7,False,28.8,17,2.0,True,False,False,False,False,False,+33.192,+0.941,33.192,0.941,3617.122,97.701,,,30.491,43.113,24.097,3549.937,3593.05,3617.147,3519.421
2019,Bahrain Grand Prix,2,Bahrain,Sakhir,0 days 01:01:55.755000,ALB,23,0 days 00:01:38.633000,17.0,2.0,,Alexander Albon,,0 days 00:00:30.670000,0 days 00:00:43.688000,0 days 00:00:24.275000,0 days 01:00:47.817000,0 days 01:01:31.505000,0 days 01:01:55.780000,224.0,254.0,289.0,321.0,False,SOFT,8.0,True,Toro Rosso,0 days 01:00:17.122000,,1,13.0,False,,False,True,26.1,55.5,1003.7,False,28.7,34,2.4,True,False,False,False,False,False,+36.619,+0.441,36.619,0.441,3715.755,98.633,,,30.67,43.688,24.275,3647.817,3691.505,3715.78,3617.122
2019,Bahrain Grand Prix,2,Bahrain,Sakhir,0 days 01:03:33.901000,ALB,23,0 days 00:01:38.146000,18.0,2.0,,Alexander Albon,,0 days 00:00:30.941000,0 days 00:00:43.034000,0 days 00:00:24.171000,0 days 01:02:26.721000,0 days 01:03:09.755000,0 days 01:03:33.926000,237.0,249.0,277.0,335.0,False,SOFT,9.0,True,Toro Rosso,0 days 01:01:55.755000,,1,12.0,False,,False,True,26.1,55.2,1003.7,False,28.7,27,2.1,True,False,False,False,False,False,+39.249,+2.184,39.249,2.184,3813.901,98.146,,,30.941,43.034,24.171,3746.721,3789.755,3813.926,3715.755
2019,Bahrain Grand Prix,2,Bahrain,Sakhir,0 days 01:05:12.609000,ALB,23,0 days 00:01:38.708000,19.0,2.0,,Alexander Albon,,0 days 00:00:31.159000,0 days 00:00:43.354000,0 days 00:00:24.195000,0 days 01:04:05.085000,0 days 01:04:48.439000,0 days 01:05:12.634000,236.0,249.0,278.0,297.0,False,SOFT,10.0,True,Toro Rosso,0 days 01:03:33.901000,,1,12.0,False,,False,True,26.1,54.8,1003.7,False,28.8,85,2.2,True,False,False,False,False,False,+42.189,+2.850,42.189,2.85,3912.609,98.708,,,31.159,43.354,24.195,3845.085,3888.439,3912.634,3813.901
2019,Bahrain Grand Prix,2,Bahrain,Sakhir,0 days 01:06:52.003000,ALB,23,0 days 00:01:39.394000,20.0,2.0,,Alexander Albon,,0 days 00:00:31.125000,0 days 00:00:43.892000,0 days 00:00:24.377000,0 days 01:05:43.759000,0 days 01:06:27.651000,0 days 01:06:52.028000,236.0,251.0,278.0,298.0,False,SOFT,11.0,True,Toro Rosso,0 days 01:05:12.609000,,1,12.0,False,,False,True,26.2,53.6,1003.7,False,29.0,345,2.5,True,False,False,False,False,False,+45.530,+4.559,45.53,4.559,4012.003,99.394,,,31.125,43.892,24.377,3943.759,3987.651,4012.028,3912.609
2019,Bahrain Grand Prix,2,Bahrain,Sakhir,0 days 01:08:30.628000,ALB,23,0 days 00:01:38.625000,21.0,2.0,,Alexander Albon,,0 days 00:00:31.141000,0 days 00:00:43.245000,0 days 00:00:24.239000,0 days 01:07:23.169000,0 days 01:08:06.414000,0 days 01:08:30.653000,237.0,247.0,278.0,302.0,False,SOFT,12.0,True,Toro Rosso,0 days 01:06:52.003000,,1,12.0,False,,False,True,26.3,53.4,1003.5,False,29.0,31,3.0,True,False,False,False,False,False,+48.169,+5.518,48.169,5.518,4110.628,98.625,,,31.141,43.245,24.239,4043.169,4086.414,4110.653,4012.003
2019,Bahrain Grand Prix,2,Bahrain,Sakhir,0 days 01:10:09.541000,ALB,23,0 days 00:01:38.913000,22.0,2.0,,Alexander Albon,,0 days 00:00:31.051000,0 days 00:00:43.686000,0 days 00:00:24.176000,0 days 01:09:01.704000,0 days 01:09:45.390000,0 days 01:10:09.566000,237.0,250.0,278.0,304.0,False,SOFT,13.0,True,Toro Rosso,0 days 01:08:30.628000,,1,12.0,False,,False,True,26.3,52.8,1003.5,False,28.8,50,2.2,True,False,False,False,False,False,+50.972,+5.173,50.972,5.173,4209.541,98.913,,,31.051,43.686,24.176,4141.704,4185.39,4209.566,4110.628
2019,Bahrain Grand Prix,2,Bahrain,Sakhir,0 days 01:11:48.207000,ALB,23,0 days 00:01:38.666000,23.0,2.0,,Alexander Albon,,0 days 00:00:31.128000,0 days 00:00:43.319000,0 days 00:00:24.219000,0 days 01:10:40.694000,0 days 01:11:24.013000,0 days 01:11:48.232000,236.0,248.0,278.0,303.0,False,SOFT,14.0,True,Toro Rosso,0 days 01:10:09.541000,,1,12.0,False,,False,True,26.4,51.9,1003.6,False,28.9,59,2.1,True,False,False,False,False,False,+53.533,+4.585,53.533,4.585,4308.207,98.666,,,31.128,43.319,24.219,4240.694,4284.013,4308.232,4209.541
2019,Bahrain Grand Prix,2,Bahrain,Sakhir,0 days 01:13:27.002000,ALB,23,0 days 00:01:38.795000,24.0,2.0,,Alexander Albon,,0 days 00:00:31.256000,0 days 00:00:43.322000,0 days 00:00:24.217000,0 days 01:12:19.488000,0 days 01:13:02.810000,0 days 01:13:27.027000,237.0,247.0,278.0,300.0,False,SOFT,15.0,True,Toro Rosso,0 days 01:11:48.207000,,1,12.0,False,,False,True,26.4,51.3,1003.3,False,28.9,9,2.9,True,False,False,False,False,False,+56.097,+4.719,56.097,4.719,4407.002,98.795,,,31.256,43.322,24.217,4339.488,4382.81,4407.027,4308.207
2019,Bahrain Grand Prix,2,Bahrain,Sakhir,0 days 01:15:08.440000,ALB,23,0 days 00:01:41.438000,25.0,2.0,,Alexander Albon,0 days 01:15:06.774000,0 days 00:00:30.985000,0 days 00:00:43.303000,0 days 00:00:27.150000,0 days 01:13:58.012000,0 days 01:14:41.315000,0 days 01:15:08.465000,235.0,250.0,,304.0,False,SOFT,16.0,True,Toro Rosso,0 days 01:13:27.002000,,1,12.0,False,,False,False,26.5,51.3,1003.4,False,28.9,37,2.2,True,False,False,False,False,False,+58.556,+4.232,58.556,4.232,4508.44,101.438,4506.774,,30.985,43.303,27.15,4438.012,4481.315,4508.465,4407.002
2019,Bahrain Grand Prix,2,Bahrain,Sakhir,0 days 01:17:08.075000,ALB,23,0 days 00:01:59.635000,26.0,3.0,0 days 01:15:31.574000,Alexander Albon,,0 days 00:00:53.003000,0 days 00:00:43.049000,0 days 00:00:23.583000,0 days 01:16:01.468000,0 days 01:16:44.517000,0 days 01:17:08.100000,235.0,248.0,280.0,221.0,False,MEDIUM,1.0,True,Toro Rosso,0 days 01:15:08.440000,,1,15.0,False,,False,False,26.5,50.9,1003.4,False,28.8,39,2.1,True,False,False,False,False,False,+84.602,+11.312,84.602,11.312,4628.075,119.635,,4531.574,53.003,43.049,23.583,4561.468,4604.517,4628.1,4508.44
2019,Bahrain Grand Prix,2,Bahrain,Sakhir,0 days 01:18:45.081000,ALB,23,0 days 00:01:37.006000,27.0,3.0,,Alexander Albon,,0 days 00:00:30.740000,0 days 00:00:42.413000,0 days 00:00:23.853000,0 days 01:17:38.840000,0 days 01:18:21.253000,0 days 01:18:45.106000,239.0,253.0,279.0,304.0,False,MEDIUM,2.0,True,Toro Rosso,0 days 01:17:08.075000,,1,15.0,False,,False,True,26.5,50.0,1003.3,False,28.8,30,2.4,True,False,False,False,False,False,+84.637,+9.050,84.637,9.05,4725.081,97.006,,,30.74,42.413,23.853,4658.84,4701.253,4725.106,4628.075
2019,Bahrain Grand Prix,2,Bahrain,Sakhir,0 days 01:20:22.099000,ALB,23,0 days 00:01:37.018000,28.0,3.0,,Alexander Albon,,0 days 00:00:30.984000,0 days 00:00:42.435000,0 days 00:00:23.599000,0 days 01:19:16.090000,0 days 01:19:58.525000,0 days 01:20:22.124000,238.0,251.0,280.0,304.0,False,MEDIUM,3.0,True,Toro Rosso,0 days 01:18:45.081000,,1,15.0,False,,False,True,26.5,49.0,1003.2,False,28.8,40,3.2,True,False,False,False,False,False,+84.422,+7.440,84.422,7.44,4822.099,97.018,,,30.984,42.435,23.599,4756.09,4798.525,4822.124,4725.081
2019,Bahrain Grand Prix,2,Bahrain,Sakhir,0 days 01:21:59.152000,ALB,23,0 days 00:01:37.053000,29.0,3.0,,Alexander Albon,,0 days 00:00:30.849000,0 days 00:00:42.500000,0 days 00:00:23.704000,0 days 01:20:52.973000,0 days 01:21:35.473000,0 days 01:21:59.177000,237.0,251.0,279.0,299.0,False,MEDIUM,4.0,True,Toro Rosso,0 days 01:20:22.099000,,1,15.0,False,,False,True,26.6,48.8,1003.4,False,28.8,27,3.0,True,False,False,False,False,False,+84.715,+6.192,84.715,6.192,4919.152,97.053,,,30.849,42.5,23.704,4852.973,4895.473,4919.177,4822.099
2019,Bahrain Grand Prix,2,Bahrain,Sakhir,0 days 01:23:35.954000,ALB,23,0 days 00:01:36.802000,30.0,3.0,,Alexander Albon,,0 days 00:00:30.859000,0 days 00:00:42.294000,0 days 00:00:23.649000,0 days 01:22:30.036000,0 days 01:23:12.330000,0 days 01:23:35.979000,238.0,249.0,280.0,304.0,False,MEDIUM,5.0,True,Toro Rosso,0 days 01:21:59.152000,,1,15.0,False,,False,True,26.6,49.1,1003.3,False,28.6,41,2.5,True,False,False,False,False,False,+84.477,+4.736,84.477,4.736,5015.954,96.802,,,30.859,42.294,23.649,4950.036,4992.33,5015.979,4919.152
2019,Bahrain Grand Prix,2,Bahrain,Sakhir,0 days 01:25:13.127000,ALB,23,0 days 00:01:37.173000,31.0,3.0,,Alexander Albon,,0 days 00:00:30.663000,0 days 00:00:42.738000,0 days 00:00:23.772000,0 days 01:24:06.642000,0 days 01:24:49.380000,0 days 01:25:13.152000,239.0,250.0,280.0,303.0,False,MEDIUM,6.0,True,Toro Rosso,0 days 01:23:35.954000,,1,15.0,False,,False,True,26.6,49.2,1003.4,False,28.6,50,2.5,True,False,False,False,False,False,+84.973,+3.148,84.973,3.148,5113.127,97.173,,,30.663,42.738,23.772,5046.642,5089.38,5113.152,5015.954
2019,Bahrain Grand Prix,2,Bahrain,Sakhir,0 days 01:26:50.676000,ALB,23,0 days 00:01:37.549000,32.0,3.0,,Alexander Albon,,0 days 00:00:30.806000,0 days 00:00:42.967000,0 days 00:00:23.776000,0 days 01:25:43.958000,0 days 01:26:26.925000,0 days 01:26:50.701000,238.0,250.0,280.0,301.0,False,MEDIUM,7.0,True,Toro Rosso,0 days 01:25:13.127000,,1,15.0,False,,False,True,26.6,49.5,1003.2,False,28.5,36,3.1,True,False,False,False,False,False,+85.356,+2.076,85.356,2.076,5210.676,97.549,,,30.806,42.967,23.776,5143.958,5186.925,5210.701,5113.127
2019,Bahrain Grand Prix,2,Bahrain,Sakhir,0 days 01:28:27.999000,ALB,23,0 days 00:01:37.323000,33.0,3.0,,Alexander Albon,,0 days 00:00:30.699000,0 days 00:00:42.852000,0 days 00:00:23.772000,0 days 01:27:21.400000,0 days 01:28:04.252000,0 days 01:28:28.024000,238.0,250.0,283.0,301.0,False,MEDIUM,8.0,True,Toro Rosso,0 days 01:26:50.676000,,1,15.0,False,,False,True,26.6,49.7,1003.2,False,28.4,19,2.6,True,False,False,False,False,False,+86.056,+0.817,86.056,0.817,5307.999,97.323,,,30.699,42.852,23.772,5241.4,5284.252,5308.024,5210.676
2019,Bahrain Grand Prix,2,Bahrain,Sakhir,0 days 01:30:06.798000,ALB,23,0 days 00:01:38.799000,34.0,3.0,,Alexander Albon,,0 days 00:00:30.883000,0 days 00:00:43.957000,0 days 00:00:23.959000,0 days 01:28:58.907000,0 days 01:29:42.864000,0 days 01:30:06.823000,237.0,248.0,280.0,309.0,False,MEDIUM,9.0,True,Toro Rosso,0 days 01:28:27.999000,,1,13.0,False,,False,True,26.6,49.9,1003.2,False,28.4,54,2.6,True,False,False,False,False,False,+87.747,+1.750,87.747,1.75,5406.798,98.799,,,30.883,43.957,23.959,5338.907,5382.864,5406.823,5307.999
2019,Bahrain Grand Prix,2,Bahrain,Sakhir,0 days 01:31:44.916000,ALB,23,0 days 00:01:38.118000,35.0,3.0,,Alexander Albon,,0 days 00:00:31.009000,0 days 00:00:43.046000,0 days 00:00:24.063000,0 days 01:30:37.832000,0 days 01:31:20.878000,0 days 01:31:44.941000,238.0,249.0,280.0,299.0,False,MEDIUM,10.0,True,Toro Rosso,0 days 01:30:06.798000,,1,13.0,False,,False,True,26.5,50.2,1003.4,False,28.3,50,2.3,True,False,False,False,False,False,+88.952,+0.932,88.952,0.932,5504.916,98.118,,,31.009,43.046,24.063,5437.832,5480.878,5504.941,5406.798
2019,Bahrain Grand Prix,2,Bahrain,Sakhir,0 days 01:33:22.510000,ALB,23,0 days 00:01:37.594000,36.0,3.0,,Alexander Albon,,0 days 00:00:30.901000,0 days 00:00:42.819000,0 days 00:00:23.874000,0 days 01:32:15.842000,0 days 01:32:58.661000,0 days 01:33:22.535000,238.0,250.0,281.0,304.0,False,MEDIUM,11.0,True,Toro Rosso,0 days 01:31:44.916000,,1,12.0,False,,False,True,26.5,50.5,1003.3,False,28.3,43,3.1,True,False,False,False,False,False,+88.515,+2.034,88.515,2.034,5602.51,97.594,,,30.901,42.819,23.874,5535.842,5578.661,5602.535,5504.916
2019,Bahrain Grand Prix,2,Bahrain,Sakhir,0 days 01:34:59.935000,ALB,23,0 days 00:01:37.425000,37.0,3.0,,Alexander Albon,,0 days 00:00:30.779000,0 days 00:00:42.919000,0 days 00:00:23.727000,0 days 01:33:53.314000,0 days 01:34:36.233000,0 days 01:34:59.960000,240.0,249.0,281.0,299.0,False,MEDIUM,12.0,True,Toro Rosso,0 days 01:33:22.510000,,12,12.0,False,,False,True,26.5,50.8,1003.4,False,28.3,17,2.8,True,True,False,False,False,False,+68.499,+1.210,68.499,1.21,5699.935,97.425,,,30.779,42.919,23.727,5633.314,5676.233,5699.96,5602.51
2019,Bahrain Grand Prix,2,Bahrain,Sakhir,0 days 01:36:37.755000,ALB,23,0 days 00:01:37.820000,38.0,3.0,,Alexander Albon,,0 days 00:00:30.730000,0 days 00:00:43.160000,0 days 00:00:23.930000,0 days 01:35:30.690000,0 days 01:36:13.850000,0 days 01:36:37.780000,240.0,247.0,290.0,303.0,False,MEDIUM,13.0,True,Toro Rosso,0 days 01:34:59.935000,,1,12.0,False,,False,True,26.5,51.0,1003.4,False,28.1,28,2.3,True,False,False,False,False,False,+72.945,+0.671,72.945,0.671,5797.755,97.82,,,30.73,43.16,23.93,5730.69,5773.85,5797.78,5699.935
2019,Bahrain Grand Prix,2,Bahrain,Sakhir,0 days 01:38:14.507000,ALB,23,0 days 00:01:36.752000,39.0,3.0,,Alexander Albon,,0 days 00:00:30.422000,0 days 00:00:42.656000,0 days 00:00:23.674000,0 days 01:37:08.202000,0 days 01:37:50.858000,0 days 01:38:14.532000,240.0,250.0,281.0,327.0,True,MEDIUM,14.0,True,Toro Rosso,0 days 01:36:37.755000,,1,11.0,False,,False,True,26.4,51.3,1003.3,False,28.1,52,2.8,True,False,False,False,False,False,+75.169,+16.732,75.169,16.732,5894.507,96.752,,,30.422,42.656,23.674,5828.202,5870.858,5894.532,5797.755
2019,Bahrain Grand Prix,2,Bahrain,Sakhir,0 days 01:39:52.375000,ALB,23,0 days 00:01:37.868000,40.0,3.0,,Alexander Albon,,0 days 00:00:31.226000,0 days 00:00:42.897000,0 days 00:00:23.745000,0 days 01:38:45.758000,0 days 01:39:28.655000,0 days 01:39:52.400000,239.0,245.0,280.0,303.0,False,MEDIUM,15.0,True,Toro Rosso,0 days 01:38:14.507000,,12,10.0,False,,False,True,26.4,51.5,1003.3,False,28.0,45,2.4,True,True,False,False,False,False,+78.632,+8.175,78.632,8.175,5992.375,97.868,,,31.226,42.897,23.745,5925.758,5968.655,5992.4,5894.507
2019,Bahrain Grand Prix,2,Bahrain,Sakhir,0 days 01:41:29.484000,ALB,23,0 days 00:01:37.109000,41.0,3.0,,Alexander Albon,,0 days 00:00:30.851000,0 days 00:00:42.647000,0 days 00:00:23.611000,0 days 01:40:23.251000,0 days 01:41:05.898000,0 days 01:41:29.509000,238.0,245.0,281.0,298.0,False,MEDIUM,16.0,True,Toro Rosso,0 days 01:39:52.375000,,1,10.0,False,,False,True,26.4,51.7,1003.2,False,28.0,31,2.6,True,False,False,False,False,False,+81.316,+8.786,81.316,8.786,6089.484,97.109,,,30.851,42.647,23.611,6023.251,6065.898,6089.509,5992.375
2019,Bahrain Grand Prix,2,Bahrain,Sakhir,0 days 01:43:06.576000,ALB,23,0 days 00:01:37.092000,42.0,3.0,,Alexander Albon,,0 days 00:00:30.798000,0 days 00:00:42.530000,0 days 00:00:23.764000,0 days 01:42:00.307000,0 days 01:42:42.837000,0 days 01:43:06.601000,239.0,245.0,280.0,300.0,False,MEDIUM,17.0,True,Toro Rosso,0 days 01:41:29.484000,,12,10.0,False,,False,True,26.3,51.7,1003.3,False,28.0,53,2.7,True,True,False,False,False,False,+83.760,+9.440,83.76,9.44,6186.576,97.092,,,30.798,42.53,23.764,6120.307,6162.837,6186.601,6089.484
2019,Bahrain Grand Prix,2,Bahrain,Sakhir,0 days 01:44:43.719000,ALB,23,0 days 00:01:37.143000,43.0,3.0,,Alexander Albon,,0 days 00:00:30.698000,0 days 00:00:42.583000,0 days 00:00:23.862000,0 days 01:43:37.299000,0 days 01:44:19.882000,0 days 01:44:43.744000,239.0,248.0,281.0,303.0,False,MEDIUM,18.0,True,Toro Rosso,0 days 01:43:06.576000,,1,10.0,False,,False,True,26.3,51.8,1003.2,False,28.0,47,2.8,True,False,False,False,False,False,+85.607,+10.491,85.607,10.491,6283.719,97.143,,,30.698,42.583,23.862,6217.299,6259.882,6283.744,6186.576
2019,Bahrain Grand Prix,2,Bahrain,Sakhir,0 days 01:46:21.757000,ALB,23,0 days 00:01:38.038000,44.0,3.0,,Alexander Albon,,0 days 00:00:31.354000,0 days 00:00:42.753000,0 days 00:00:23.931000,0 days 01:45:15.098000,0 days 01:45:57.851000,0 days 01:46:21.782000,238.0,256.0,281.0,304.0,False,MEDIUM,19.0,True,Toro Rosso,0 days 01:44:43.719000,,1,11.0,False,,False,True,26.3,52.0,1003.1,False,28.0,69,3.2,True,False,False,False,False,False,+88.157,+1.651,88.157,1.651,6381.757,98.038,,,31.354,42.753,23.931,6315.098,6357.851,6381.782,6283.719
2019,Bahrain Grand Prix,2,Bahrain,Sakhir,0 days 01:47:58.848000,ALB,23,0 days 00:01:37.091000,45.0,3.0,,Alexander Albon,,0 days 00:00:30.707000,0 days 00:00:42.487000,0 days 00:00:23.897000,0 days 01:46:52.489000,0 days 01:47:34.976000,0 days 01:47:58.873000,240.0,249.0,280.0,304.0,False,MEDIUM,20.0,True,Toro Rosso,0 days 01:46:21.757000,,1,11.0,False,,False,True,26.3,52.5,1003.4,False,27.8,59,2.5,True,False,False,False,False,False,+89.265,+3.217,89.265,3.217,6478.848,97.091,,,30.707,42.487,23.897,6412.489,6454.976,6478.873,6381.757
2019,Bahrain Grand Prix,2,Bahrain,Sakhir,0 days 01:49:36.075000,ALB,23,0 days 00:01:37.227000,46.0,3.0,,Alexander Albon,,0 days 00:00:30.663000,0 days 00:00:42.634000,0 days 00:00:23.930000,0 days 01:48:29.536000,0 days 01:49:12.170000,0 days 01:49:36.100000,238.0,247.0,280.0,305.0,False,MEDIUM,21.0,True,Toro Rosso,0 days 01:47:58.848000,,1,11.0,False,,False,True,26.2,52.8,1003.2,False,27.7,63,2.8,True,False,False,False,False,False,+88.528,+5.051,88.528,5.051,6576.075,97.227,,,30.663,42.634,23.93,6509.536,6552.17,6576.1,6478.848
2019,Bahrain Grand Prix,2,Bahrain,Sakhir,0 days 01:51:13.262000,ALB,23,0 days 00:01:37.187000,47.0,3.0,,Alexander Albon,,0 days 00:00:30.708000,0 days 00:00:42.500000,0 days 00:00:23.979000,0 days 01:50:06.808000,0 days 01:50:49.308000,0 days 01:51:13.287000,238.0,248.0,281.0,301.0,False,MEDIUM,22.0,True,Toro Rosso,0 days 01:49:36.075000,,1,11.0,False,,False,True,26.2,52.9,1003.4,False,27.7,39,2.6,True,False,False,False,False,False,+85.881,+6.568,85.881,6.568,6673.262,97.187,,,30.708,42.5,23.979,6606.808,6649.308,6673.287,6576.075
2019,Bahrain Grand Prix,2,Bahrain,Sakhir,0 days 01:52:50.957000,ALB,23,0 days 00:01:37.695000,48.0,3.0,,Alexander Albon,,0 days 00:00:30.643000,0 days 00:00:43.103000,0 days 00:00:23.949000,0 days 01:51:43.930000,0 days 01:52:27.033000,0 days 01:52:50.982000,239.0,248.0,280.0,306.0,False,MEDIUM,23.0,True,Toro Rosso,0 days 01:51:13.262000,,1,11.0,False,,False,True,26.2,53.2,1003.3,False,27.6,33,3.3,True,False,False,False,False,False,+83.723,+8.048,83.723,8.048,6770.957,97.695,,,30.643,43.103,23.949,6703.93,6747.033,6770.982,6673.262
2019,Bahrain Grand Prix,2,Bahrain,Sakhir,0 days 01:54:28.515000,ALB,23,0 days 00:01:37.558000,49.0,3.0,,Alexander Albon,,0 days 00:00:30.761000,0 days 00:00:42.841000,0 days 00:00:23.956000,0 days 01:53:21.743000,0 days 01:54:04.584000,0 days 01:54:28.540000,240.0,252.0,281.0,305.0,False,MEDIUM,24.0,True,Toro Rosso,0 days 01:52:50.957000,,1,11.0,False,,False,True,26.2,53.3,1003.4,False,27.6,56,3.3,True,False,False,False,False,False,+84.503,+9.366,84.503,9.366,6868.515,97.558,,,30.761,42.841,23.956,6801.743,6844.584,6868.54,6770.957
2019,Bahrain Grand Prix,2,Bahrain,Sakhir,0 days 01:56:06.064000,ALB,23,0 days 00:01:37.549000,50.0,3.0,,Alexander Albon,,0 days 00:00:30.713000,0 days 00:00:42.950000,0 days 00:00:23.886000,0 days 01:54:59.253000,0 days 01:55:42.203000,0 days 01:56:06.089000,239.0,253.0,281.0,304.0,False,MEDIUM,25.0,True,Toro Rosso,0 days 01:54:28.515000,,1,11.0,False,,False,True,26.1,53.8,1003.1,False,27.5,60,2.9,True,False,False,False,False,False,+85.743,+10.842,85.743,10.842,6966.064,97.549,,,30.713,42.95,23.886,6899.253,6942.203,6966.089,6868.515
2019,Bahrain Grand Prix,2,Bahrain,Sakhir,0 days 01:57:43.910000,ALB,23,0 days 00:01:37.846000,51.0,3.0,,Alexander Albon,,0 days 00:00:30.784000,0 days 00:00:43.099000,0 days 00:00:23.963000,0 days 01:56:36.873000,0 days 01:57:19.972000,0 days 01:57:43.935000,240.0,254.0,283.0,306.0,False,MEDIUM,26.0,True,Toro Rosso,0 days 01:56:06.064000,,1,11.0,False,,False,True,26.1,53.7,1003.4,False,27.5,57,2.9,True,False,False,False,False,False,+87.187,+12.445,87.187,12.445,7063.91,97.846,,,30.784,43.099,23.963,6996.873,7039.972,7063.935,6966.064
2019,Bahrain Grand Prix,2,Bahrain,Sakhir,0 days 01:59:21.286000,ALB,23,0 days 00:01:37.376000,52.0,3.0,,Alexander Albon,,0 days 00:00:30.773000,0 days 00:00:42.806000,0 days 00:00:23.797000,0 days 01:58:14.708000,0 days 01:58:57.514000,0 days 01:59:21.311000,240.0,251.0,281.0,307.0,False,MEDIUM,27.0,True,Toro Rosso,0 days 01:57:43.910000,,1,11.0,False,,False,True,26.1,53.7,1003.3,False,27.5,44,2.5,True,False,False,False,False,False,+86.563,+11.209,86.563,11.209,7161.286,97.376,,,30.773,42.806,23.797,7094.708,7137.514,7161.311,7063.91
2019,Bahrain Grand Prix,2,Bahrain,Sakhir,0 days 02:00:59.268000,ALB,23,0 days 00:01:37.982000,53.0,3.0,,Alexander Albon,,0 days 00:00:30.912000,0 days 00:00:43.165000,0 days 00:00:23.905000,0 days 01:59:52.223000,0 days 02:00:35.388000,0 days 02:00:59.293000,237.0,251.0,281.0,305.0,False,MEDIUM,28.0,True,Toro Rosso,0 days 01:59:21.286000,,12,11.0,False,,False,True,26.1,53.9,1003.3,False,27.6,52,2.6,True,True,False,False,False,False,+87.887,+11.204,87.887,11.204,7259.268,97.982,,,30.912,43.165,23.905,7192.223,7235.388,7259.293,7161.286
2019,Bahrain Grand Prix,2,Bahrain,Sakhir,0 days 02:02:46.144000,ALB,23,0 days 00:01:46.876000,54.0,3.0,,Alexander Albon,,0 days 00:00:31.119000,0 days 00:00:42.845000,0 days 00:00:32.912000,0 days 02:01:30.412000,0 days 02:02:13.257000,0 days 02:02:46.169000,239.0,256.0,255.0,290.0,False,MEDIUM,29.0,True,Toro Rosso,0 days 02:00:59.268000,,24,9.0,False,,False,False,26.1,53.8,1003.2,False,27.6,40,2.7,False,True,True,False,False,False,+97.797,+26.076,97.797,26.076,7366.144,106.876,,,31.119,42.845,32.912,7290.412,7333.257,7366.169,7259.268
2019,Bahrain Grand Prix,2,Bahrain,Sakhir,0 days 02:04:56.788000,ALB,23,0 days 00:02:10.644000,55.0,3.0,,Alexander Albon,,0 days 00:00:40.786000,0 days 00:00:57.192000,0 days 00:00:32.666000,0 days 02:03:26.955000,0 days 02:04:24.147000,0 days 02:04:56.813000,224.0,130.0,191.0,195.0,False,MEDIUM,30.0,True,Toro Rosso,0 days 02:02:46.144000,,4,9.0,False,,False,False,26.1,53.9,1003.0,False,27.5,13,2.9,False,False,True,False,False,False,+118.302,+18.055,118.302,18.055,7496.788,130.644,,,40.786,57.192,32.666,7406.955,7464.147,7496.813,7366.144
2019,Bahrain Grand Prix,2,Bahrain,Sakhir,0 days 02:06:54.207000,ALB,23,0 days 00:01:57.419000,56.0,3.0,,Alexander Albon,,0 days 00:00:42.038000,0 days 00:00:46.213000,0 days 00:00:29.168000,0 days 02:05:38.851000,0 days 02:06:25.064000,0 days 02:06:54.232000,215.0,226.0,253.0,238.0,False,MEDIUM,31.0,True,Toro Rosso,0 days 02:04:56.788000,,4,9.0,False,,False,False,26.1,53.8,1003.1,False,27.6,24,3.4,False,False,True,False,False,False,+93.807,+4.161,93.807,4.161,7614.207,117.419,,,42.038,46.213,29.168,7538.851,7585.064,7614.232,7496.788
2019,Bahrain Grand Prix,2,Bahrain,Sakhir,0 days 02:08:55.572000,ALB,23,0 days 00:02:01.365000,57.0,3.0,,Alexander Albon,,0 days 00:00:40.590000,0 days 00:00:53.540000,0 days 00:00:27.235000,0 days 02:07:34.822000,0 days 02:08:28.362000,0 days 02:08:55.597000,167.0,194.0,255.0,255.0,False,MEDIUM,32.0,True,Toro Rosso,0 days 02:06:54.207000,,4,9.0,False,,False,False,26.1,54.1,1003.2,False,27.4,19,2.5,False,False,True,False,False,False,+62.727,+4.451,62.727,4.451,7735.572,121.365,,,40.59,53.54,27.235,7654.822,7708.362,7735.597,7614.207
2019,Bahrain Grand Prix,2,Bahrain,Sakhir,0 days 00:35:18.145000,KVY,26,0 days 00:01:46.565000,1.0,1.0,,Daniil Kvyat,,,0 days 00:00:44.759000,0 days 00:00:24.907000,,0 days 00:34:53.311000,0 days 00:35:18.363000,221.0,224.0,291.0,220.0,False,SOFT,1.0,True,Toro Rosso,0 days 00:33:31.386000,,12,16.0,False,,False,False,26.1,54.5,1003.3,False,29.2,16,2.3,True,True,False,False,False,False,+9.069,+0.191,9.069,0.191,2118.145,106.565,,,,44.759,24.907,,2093.311,2118.363,2011.386
2019,Bahrain Grand Prix,2,Bahrain,Sakhir,0 days 00:36:57.973000,KVY,26,0 days 00:01:39.828000,2.0,1.0,,Daniil Kvyat,,0 days 00:00:31.949000,0 days 00:00:43.462000,0 days 00:00:24.417000,0 days 00:35:50.094000,0 days 00:36:33.556000,0 days 00:36:57.973000,228.0,244.0,278.0,256.0,True,SOFT,2.0,True,Toro Rosso,0 days 00:35:18.145000,,12,15.0,False,,False,True,26.1,53.9,1003.5,False,29.3,22,2.3,True,True,False,False,False,False,+12.237,+0.661,12.237,0.661,2217.973,99.828,,,31.949,43.462,24.417,2150.094,2193.556,2217.973,2118.145
2019,Bahrain Grand Prix,2,Bahrain,Sakhir,0 days 00:38:36.743000,KVY,26,0 days 00:01:38.770000,3.0,1.0,,Daniil Kvyat,,0 days 00:00:30.985000,0 days 00:00:43.345000,0 days 00:00:24.440000,0 days 00:37:28.958000,0 days 00:38:12.303000,0 days 00:38:36.743000,235.0,247.0,288.0,299.0,True,SOFT,3.0,True,Toro Rosso,0 days 00:36:57.973000,,1,15.0,False,,False,True,26.2,53.6,1003.4,False,29.3,11,1.6,True,False,False,False,False,False,+14.085,+0.854,14.085,0.854,2316.743,98.77,,,30.985,43.345,24.44,2248.958,2292.303,2316.743,2217.973
2019,Bahrain Grand Prix,2,Bahrain,Sakhir,0 days 00:40:16.144000,KVY,26,0 days 00:01:39.401000,4.0,1.0,,Daniil Kvyat,,0 days 00:00:30.514000,0 days 00:00:43.858000,0 days 00:00:25.029000,0 days 00:39:07.257000,0 days 00:39:51.115000,0 days 00:40:16.144000,235.0,242.0,291.0,330.0,False,SOFT,4.0,True,Toro Rosso,0 days 00:38:36.743000,,12,14.0,False,,False,True,26.2,53.8,1003.4,False,29.3,36,1.9,True,True,False,False,False,False,+16.168,+0.430,16.168,0.43,2416.144,99.401,,,30.514,43.858,25.029,2347.257,2391.115,2416.144,2316.743
2019,Bahrain Grand Prix,2,Bahrain,Sakhir,0 days 00:41:55.544000,KVY,26,0 days 00:01:39.400000,5.0,1.0,,Daniil Kvyat,,0 days 00:00:31.035000,0 days 00:00:43.583000,0 days 00:00:24.782000,0 days 00:40:47.179000,0 days 00:41:30.762000,0 days 00:41:55.544000,228.0,248.0,286.0,314.0,False,SOFT,5.0,True,Toro Rosso,0 days 00:40:16.144000,,1,14.0,False,,False,True,26.2,54.0,1003.5,False,29.2,41,3.1,True,False,False,False,False,False,+17.399,+0.701,17.399,0.701,2515.544,99.4,,,31.035,43.583,24.782,2447.179,2490.762,2515.544,2416.144
2019,Bahrain Grand Prix,2,Bahrain,Sakhir,0 days 00:43:34.161000,KVY,26,0 days 00:01:38.617000,6.0,1.0,,Daniil Kvyat,,0 days 00:00:30.805000,0 days 00:00:43.115000,0 days 00:00:24.697000,0 days 00:42:26.349000,0 days 00:43:09.464000,0 days 00:43:34.161000,233.0,245.0,290.0,329.0,True,SOFT,6.0,True,Toro Rosso,0 days 00:41:55.544000,,12,14.0,False,,False,True,26.2,54.2,1003.5,False,29.3,59,3.4,True,True,False,False,False,False,+19.164,+0.490,19.164,0.49,2614.161,98.617,,,30.805,43.115,24.697,2546.349,2589.464,2614.161,2515.544
2019,Bahrain Grand Prix,2,Bahrain,Sakhir,0 days 00:45:14.438000,KVY,26,0 days 00:01:40.277000,7.0,1.0,,Daniil Kvyat,,0 days 00:00:30.810000,0 days 00:00:44.396000,0 days 00:00:25.071000,0 days 00:44:04.971000,0 days 00:44:49.367000,0 days 00:45:14.438000,231.0,239.0,286.0,311.0,False,SOFT,7.0,True,Toro Rosso,0 days 00:43:34.161000,,1,14.0,False,,False,True,26.2,54.3,1003.4,False,29.2,3,2.3,True,False,False,False,False,False,+22.358,+0.692,22.358,0.692,2714.438,100.277,,,30.81,44.396,25.071,2644.971,2689.367,2714.438,2614.161
2019,Bahrain Grand Prix,2,Bahrain,Sakhir,0 days 00:46:53.521000,KVY,26,0 days 00:01:39.083000,8.0,1.0,,Daniil Kvyat,,0 days 00:00:30.875000,0 days 00:00:43.479000,0 days 00:00:24.729000,0 days 00:45:45.313000,0 days 00:46:28.792000,0 days 00:46:53.521000,234.0,242.0,287.0,319.0,False,SOFT,8.0,True,Toro Rosso,0 days 00:45:14.438000,,1,14.0,False,,False,True,26.2,54.2,1003.6,False,29.1,40,2.9,True,False,False,False,False,False,+23.662,+0.827,23.662,0.827,2813.521,99.083,,,30.875,43.479,24.729,2745.313,2788.792,2813.521,2714.438
2019,Bahrain Grand Prix,2,Bahrain,Sakhir,0 days 00:48:32.935000,KVY,26,0 days 00:01:39.414000,9.0,1.0,,Daniil Kvyat,,0 days 00:00:30.875000,0 days 00:00:43.823000,0 days 00:00:24.716000,,0 days 00:48:08.219000,0 days 00:48:32.935000,234.0,243.0,285.0,306.0,False,SOFT,9.0,True,Toro Rosso,0 days 00:46:53.521000,,1,11.0,False,,False,True,26.2,54.4,1003.6,False,29.1,49,2.9,True,False,False,False,False,False,+25.857,+0.326,25.857,0.326,2912.935,99.414,,,30.875,43.823,24.716,,2888.219,2912.935,2813.521
2019,Bahrain Grand Prix,2,Bahrain,Sakhir,0 days 00:50:11.112000,KVY,26,0 days 00:01:38.177000,10.0,1.0,,Daniil Kvyat,,0 days 00:00:30.741000,0 days 00:00:42.925000,0 days 00:00:24.511000,0 days 00:49:03.676000,0 days 00:49:46.601000,0 days 00:50:11.112000,232.0,244.0,278.0,324.0,True,SOFT,10.0,True,Toro Rosso,0 days 00:48:32.935000,,1,8.0,False,,False,True,26.2,54.3,1003.6,False,28.9,41,2.7,True,False,False,False,False,False,+26.737,+1.034,26.737,1.034,3011.112,98.177,,,30.741,42.925,24.511,2943.676,2986.601,3011.112,2912.935
2019,Bahrain Grand Prix,2,Bahrain,Sakhir,0 days 00:51:49.936000,KVY,26,0 days 00:01:38.824000,11.0,1.0,,Daniil Kvyat,,0 days 00:00:31.086000,0 days 00:00:43.509000,0 days 00:00:24.229000,0 days 00:50:42.198000,0 days 00:51:25.707000,0 days 00:51:49.936000,233.0,243.0,277.0,304.0,False,SOFT,11.0,True,Toro Rosso,0 days 00:50:11.112000,,1,8.0,False,,False,True,26.1,54.9,1003.6,False,28.8,22,1.9,True,False,False,False,False,False,+28.365,+17.470,28.365,17.47,3109.936,98.824,,,31.086,43.509,24.229,3042.198,3085.707,3109.936,3011.112
2019,Bahrain Grand Prix,2,Bahrain,Sakhir,0 days 00:53:46.850000,KVY,26,0 days 00:01:56.914000,12.0,1.0,,Daniil Kvyat,0 days 00:53:45.229000,0 days 00:00:31.638000,0 days 00:00:54.752000,0 days 00:00:30.524000,0 days 00:52:21.574000,0 days 00:53:16.326000,0 days 00:53:46.850000,235.0,220.0,,296.0,False,SOFT,12.0,True,Toro Rosso,0 days 00:51:49.936000,,12,13.0,False,,False,False,26.1,55.1,1003.5,False,28.8,334,2.5,True,True,False,False,False,False,+44.976,+0.218,44.976,0.218,3226.85,116.914,3225.229,,31.638,54.752,30.524,3141.574,3196.326,3226.85,3109.936
2019,Bahrain Grand Prix,2,Bahrain,Sakhir,0 days 00:55:46.554000,KVY,26,0 days 00:01:59.704000,13.0,2.0,0 days 00:54:11.666000,Daniil Kvyat,,0 days 00:00:54.291000,0 days 00:00:41.907000,0 days 00:00:23.506000,0 days 00:54:41.141000,0 days 00:55:23.048000,0 days 00:55:46.554000,237.0,245.0,279.0,219.0,False,MEDIUM,1.0,True,Toro Rosso,0 days 00:53:46.850000,,1,16.0,False,,False,False,26.1,54.9,1003.6,False,28.8,31,2.5,True,False,False,False,False,False,+66.387,+3.968,66.387,3.968,3346.554,119.704,,3251.666,54.291,41.907,23.506,3281.141,3323.048,3346.554,3226.85
2019,Bahrain Grand Prix,2,Bahrain,Sakhir,0 days 00:57:22.367000,KVY,26,0 days 00:01:35.813000,14.0,2.0,,Daniil Kvyat,,0 days 00:00:30.413000,0 days 00:00:41.671000,0 days 00:00:23.729000,0 days 00:56:16.967000,0 days 00:56:58.638000,0 days 00:57:22.367000,239.0,245.0,278.0,300.0,True,MEDIUM,2.0,True,Toro Rosso,0 days 00:55:46.554000,,1,16.0,False,,False,True,26.1,55.2,1003.7,False,28.9,352,1.6,True,False,False,False,False,False,+47.136,+1.279,47.136,1.279,3442.367,95.813,,,30.413,41.671,23.729,3376.967,3418.638,3442.367,3346.554
2019,Bahrain Grand Prix,2,Bahrain,Sakhir,0 days 00:58:59.531000,KVY,26,0 days 00:01:37.164000,15.0,2.0,,Daniil Kvyat,,0 days 00:00:30.533000,0 days 00:00:43.032000,0 days 00:00:23.599000,0 days 00:57:52.900000,0 days 00:58:35.932000,0 days 00:58:59.531000,237.0,242.0,279.0,305.0,False,MEDIUM,3.0,True,Toro Rosso,0 days 00:57:22.367000,,1,15.0,False,,False,True,26.1,55.2,1003.7,False,28.8,26,2.1,True,False,False,False,False,False,+50.393,+20.072,50.393,20.072,3539.531,97.164,,,30.533,43.032,23.599,3472.9,3515.932,3539.531,3442.367
2019,Bahrain Grand Prix,2,Bahrain,Sakhir,0 days 01:00:37.083000,KVY,26,0 days 00:01:37.552000,16.0,2.0,,Daniil Kvyat,,0 days 00:00:30.768000,0 days 00:00:43.077000,0 days 00:00:23.707000,0 days 00:59:30.299000,0 days 01:00:13.376000,0 days 01:00:37.083000,237.0,242.0,280.0,300.0,False,MEDIUM,4.0,True,Toro Rosso,0 days 00:58:59.531000,,1,15.0,False,,False,True,26.1,55.5,1003.7,False,28.8,47,2.1,True,False,False,False,False,False,+53.121,+26.791,53.121,26.791,3637.083,97.552,,,30.768,43.077,23.707,3570.299,3613.376,3637.083,3539.531
2019,Bahrain Grand Prix,2,Bahrain,Sakhir,0 days 01:02:15.382000,KVY,26,0 days 00:01:38.299000,17.0,2.0,,Daniil Kvyat,,0 days 00:00:31.305000,0 days 00:00:43.240000,0 days 00:00:23.754000,0 days 01:01:08.388000,0 days 01:01:51.628000,0 days 01:02:15.382000,239.0,243.0,279.0,297.0,False,MEDIUM,5.0,True,Toro Rosso,0 days 01:00:37.083000,,1,15.0,False,,False,True,26.1,55.5,1003.7,False,28.7,34,2.4,True,False,False,False,False,False,+56.202,+1.812,56.202,1.812,3735.382,98.299,,,31.305,43.24,23.754,3668.388,3711.628,3735.382,3637.083
2019,Bahrain Grand Prix,2,Bahrain,Sakhir,0 days 01:03:52.745000,KVY,26,0 days 00:01:37.363000,18.0,2.0,,Daniil Kvyat,,0 days 00:00:30.824000,0 days 00:00:42.590000,0 days 00:00:23.949000,0 days 01:02:46.206000,0 days 01:03:28.796000,0 days 01:03:52.745000,237.0,244.0,278.0,303.0,False,MEDIUM,6.0,True,Toro Rosso,0 days 01:02:15.382000,,1,15.0,False,,False,True,26.1,55.2,1003.7,False,28.7,27,2.1,True,False,False,False,False,False,+58.097,+2.772,58.097,2.772,3832.745,97.363,,,30.824,42.59,23.949,3766.206,3808.796,3832.745,3735.382
2019,Bahrain Grand Prix,2,Bahrain,Sakhir,0 days 01:05:30.540000,KVY,26,0 days 00:01:37.795000,19.0,2.0,,Daniil Kvyat,,0 days 00:00:30.914000,0 days 00:00:42.993000,0 days 00:00:23.888000,0 days 01:04:23.659000,0 days 01:05:06.652000,0 days 01:05:30.540000,237.0,241.0,278.0,303.0,False,MEDIUM,7.0,True,Toro Rosso,0 days 01:03:52.745000,,1,15.0,False,,False,True,26.1,54.0,1003.7,False,28.8,59,2.3,True,False,False,False,False,False,+60.122,+3.688,60.122,3.688,3930.54,97.795,,,30.914,42.993,23.888,3863.659,3906.652,3930.54,3832.745
2019,Bahrain Grand Prix,2,Bahrain,Sakhir,0 days 01:07:08.361000,KVY,26,0 days 00:01:37.821000,20.0,2.0,,Daniil Kvyat,,0 days 00:00:30.924000,0 days 00:00:43.036000,0 days 00:00:23.861000,0 days 01:06:01.464000,0 days 01:06:44.500000,0 days 01:07:08.361000,238.0,246.0,279.0,301.0,False,MEDIUM,8.0,True,Toro Rosso,0 days 01:05:30.540000,,1,15.0,False,,False,True,26.2,53.6,1003.7,False,29.0,345,2.5,True,False,False,False,False,False,+61.893,+4.466,61.893,4.466,4028.361,97.821,,,30.924,43.036,23.861,3961.464,4004.5,4028.361,3930.54
2019,Bahrain Grand Prix,2,Bahrain,Sakhir,0 days 01:08:46.152000,KVY,26,0 days 00:01:37.791000,21.0,2.0,,Daniil Kvyat,,0 days 00:00:30.789000,0 days 00:00:43.103000,0 days 00:00:23.899000,0 days 01:07:39.150000,0 days 01:08:22.253000,0 days 01:08:46.152000,238.0,246.0,279.0,301.0,False,MEDIUM,9.0,True,Toro Rosso,0 days 01:07:08.361000,,1,15.0,False,,False,True,26.3,53.1,1003.6,False,28.8,30,2.2,True,False,False,False,False,False,+63.692,+4.780,63.692,4.78,4126.152,97.791,,,30.789,43.103,23.899,4059.15,4102.253,4126.152,4028.361
2019,Bahrain Grand Prix,2,Bahrain,Sakhir,0 days 01:10:23.967000,KVY,26,0 days 00:01:37.815000,22.0,2.0,,Daniil Kvyat,,0 days 00:00:30.946000,0 days 00:00:43.001000,0 days 00:00:23.868000,0 days 01:09:17.098000,0 days 01:10:00.099000,0 days 01:10:23.967000,238.0,243.0,279.0,302.0,False,MEDIUM,10.0,True,Toro Rosso,0 days 01:08:46.152000,,1,15.0,False,,False,True,26.3,52.8,1003.5,False,28.8,50,2.2,True,False,False,False,False,False,+65.405,+4.482,65.405,4.482,4223.967,97.815,,,30.946,43.001,23.868,4157.098,4200.099,4223.967,4126.152
2019,Bahrain Grand Prix,2,Bahrain,Sakhir,0 days 01:12:01.831000,KVY,26,0 days 00:01:37.864000,23.0,2.0,,Daniil Kvyat,,0 days 00:00:30.912000,0 days 00:00:43.087000,0 days 00:00:23.865000,0 days 01:10:54.879000,0 days 01:11:37.966000,0 days 01:12:01.831000,238.0,243.0,278.0,302.0,False,MEDIUM,11.0,True,Toro Rosso,0 days 01:10:23.967000,,1,15.0,False,,False,True,26.4,51.9,1003.6,False,28.9,59,2.1,True,False,False,False,False,False,+67.161,+4.201,67.161,4.201,4321.831,97.864,,,30.912,43.087,23.865,4254.879,4297.966,4321.831,4223.967
2019,Bahrain Grand Prix,2,Bahrain,Sakhir,0 days 01:13:39.749000,KVY,26,0 days 00:01:37.918000,24.0,2.0,,Daniil Kvyat,,0 days 00:00:30.789000,0 days 00:00:43.175000,0 days 00:00:23.954000,0 days 01:12:32.620000,0 days 01:13:15.795000,0 days 01:13:39.749000,238.0,245.0,279.0,303.0,False,MEDIUM,12.0,True,Toro Rosso,0 days 01:12:01.831000,,1,15.0,False,,False,True,26.5,51.3,1003.5,False,28.9,12,1.9,True,False,False,False,False,False,+68.846,+4.361,68.846,4.361,4419.749,97.918,,,30.789,43.175,23.954,4352.62,4395.795,4419.749,4321.831
2019,Bahrain Grand Prix,2,Bahrain,Sakhir,0 days 01:15:18.173000,KVY,26,0 days 00:01:38.424000,25.0,2.0,,Daniil Kvyat,,0 days 00:00:30.880000,0 days 00:00:43.216000,0 days 00:00:24.328000,0 days 01:14:10.629000,0 days 01:14:53.845000,0 days 01:15:18.173000,237.0,241.0,277.0,303.0,False,MEDIUM,13.0,True,Toro Rosso,0 days 01:13:39.749000,,1,15.0,False,,False,True,26.5,51.3,1003.4,False,28.9,37,2.2,True,False,False,False,False,False,+70.986,+4.310,70.986,4.31,4518.173,98.424,,,30.88,43.216,24.328,4450.629,4493.845,4518.173,4419.749
2019,Bahrain Grand Prix,2,Bahrain,Sakhir,0 days 01:16:56.781000,KVY,26,0 days 00:01:38.608000,26.0,2.0,,Daniil Kvyat,,0 days 00:00:31.019000,0 days 00:00:43.303000,0 days 00:00:24.286000,0 days 01:15:49.192000,0 days 01:16:32.495000,0 days 01:16:56.781000,239.0,241.0,277.0,300.0,False,MEDIUM,14.0,True,Toro Rosso,0 days 01:15:18.173000,,1,14.0,False,,False,True,26.5,50.9,1003.4,False,28.8,39,2.1,True,False,False,False,False,False,+73.290,+4.384,73.29,4.384,4616.781,98.608,,,31.019,43.303,24.286,4549.192,4592.495,4616.781,4518.173
2019,Bahrain Grand Prix,2,Bahrain,Sakhir,0 days 01:18:36.033000,KVY,26,0 days 00:01:39.252000,27.0,2.0,,Daniil Kvyat,,0 days 00:00:31.181000,0 days 00:00:43.973000,0 days 00:00:24.098000,0 days 01:17:27.962000,0 days 01:18:11.935000,0 days 01:18:36.033000,237.0,247.0,279.0,301.0,False,MEDIUM,15.0,True,Toro Rosso,0 days 01:16:56.781000,,1,14.0,False,,False,True,26.5,50.0,1003.3,False,28.8,30,2.4,True,False,False,False,False,False,+75.587,+5.248,75.587,5.248,4716.033,99.252,,,31.181,43.973,24.098,4647.962,4691.935,4716.033,4616.781
2019,Bahrain Grand Prix,2,Bahrain,Sakhir,0 days 01:20:14.665000,KVY,26,0 days 00:01:38.632000,28.0,2.0,,Daniil Kvyat,,0 days 00:00:31.167000,0 days 00:00:43.499000,0 days 00:00:23.966000,0 days 01:19:07.200000,0 days 01:19:50.699000,0 days 01:20:14.665000,237.0,242.0,279.0,303.0,False,MEDIUM,16.0,True,Toro Rosso,0 days 01:18:36.033000,,1,14.0,False,,False,True,26.5,49.0,1003.2,False,28.8,40,3.2,True,False,False,False,False,False,+76.982,+5.395,76.982,5.395,4814.665,98.632,,,31.167,43.499,23.966,4747.2,4790.699,4814.665,4716.033
2019,Bahrain Grand Prix,2,Bahrain,Sakhir,0 days 01:21:52.961000,KVY,26,0 days 00:01:38.296000,29.0,2.0,,Daniil Kvyat,,0 days 00:00:31.087000,0 days 00:00:43.329000,0 days 00:00:23.880000,0 days 01:20:45.752000,0 days 01:21:29.081000,0 days 01:21:52.961000,235.0,246.0,280.0,304.0,False,MEDIUM,17.0,True,Toro Rosso,0 days 01:20:14.665000,,1,14.0,False,,False,True,26.6,48.8,1003.4,False,28.8,27,3.0,True,False,False,False,False,False,+78.523,+5.259,78.523,5.259,4912.961,98.296,,,31.087,43.329,23.88,4845.752,4889.081,4912.961,4814.665
2019,Bahrain Grand Prix,2,Bahrain,Sakhir,0 days 01:23:31.221000,KVY,26,0 days 00:01:38.260000,30.0,2.0,,Daniil Kvyat,,0 days 00:00:30.920000,0 days 00:00:43.361000,0 days 00:00:23.979000,0 days 01:22:23.881000,0 days 01:23:07.242000,0 days 01:23:31.221000,238.0,249.0,280.0,304.0,False,MEDIUM,18.0,True,Toro Rosso,0 days 01:21:52.961000,,1,14.0,False,,False,True,26.6,49.1,1003.3,False,28.6,41,2.5,True,False,False,False,False,False,+79.741,+4.783,79.741,4.783,5011.221,98.26,,,30.92,43.361,23.979,4943.881,4987.242,5011.221,4912.961
2019,Bahrain Grand Prix,2,Bahrain,Sakhir,0 days 01:25:09.987000,KVY,26,0 days 00:01:38.766000,31.0,2.0,,Daniil Kvyat,,0 days 00:00:30.925000,0 days 00:00:43.548000,0 days 00:00:24.293000,0 days 01:24:02.146000,0 days 01:24:45.694000,0 days 01:25:09.987000,238.0,248.0,278.0,303.0,False,MEDIUM,19.0,True,Toro Rosso,0 days 01:23:31.221000,,1,14.0,False,,False,True,26.6,49.2,1003.4,False,28.6,50,2.5,True,False,False,False,False,False,+81.825,+4.591,81.825,4.591,5109.987,98.766,,,30.925,43.548,24.293,5042.146,5085.694,5109.987,5011.221
2019,Bahrain Grand Prix,2,Bahrain,Sakhir,0 days 01:26:48.601000,KVY,26,0 days 00:01:38.614000,32.0,2.0,,Daniil Kvyat,,0 days 00:00:31.129000,0 days 00:00:43.605000,0 days 00:00:23.880000,0 days 01:25:41.116000,0 days 01:26:24.721000,0 days 01:26:48.601000,237.0,242.0,280.0,304.0,False,MEDIUM,20.0,True,Toro Rosso,0 days 01:25:09.987000,,1,14.0,False,,False,True,26.6,49.5,1003.2,False,28.5,36,3.1,True,False,False,False,False,False,+83.280,+4.549,83.28,4.549,5208.601,98.614,,,31.129,43.605,23.88,5141.116,5184.721,5208.601,5109.987
2019,Bahrain Grand Prix,2,Bahrain,Sakhir,0 days 01:28:27.196000,KVY,26,0 days 00:01:38.595000,33.0,2.0,,Daniil Kvyat,,0 days 00:00:30.897000,0 days 00:00:43.473000,0 days 00:00:24.225000,0 days 01:27:19.498000,0 days 01:28:02.971000,0 days 01:28:27.196000,239.0,242.0,280.0,304.0,False,MEDIUM,21.0,True,Toro Rosso,0 days 01:26:48.601000,,1,14.0,False,,False,True,26.6,49.7,1003.2,False,28.4,19,2.6,True,False,False,False,False,False,+85.239,+3.124,85.239,3.124,5307.196,98.595,,,30.897,43.473,24.225,5239.498,5282.971,5307.196,5208.601
2019,Bahrain Grand Prix,2,Bahrain,Sakhir,0 days 01:30:07.936000,KVY,26,0 days 00:01:40.740000,34.0,2.0,,Daniil Kvyat,,0 days 00:00:31.239000,0 days 00:00:44.681000,0 days 00:00:24.820000,0 days 01:28:58.435000,0 days 01:29:43.116000,0 days 01:30:07.936000,238.0,246.0,287.0,307.0,False,MEDIUM,22.0,True,Toro Rosso,0 days 01:28:27.196000,,1,14.0,False,,False,True,26.6,49.9,1003.2,False,28.4,54,2.6,True,False,False,False,False,False,+88.912,+1.165,88.912,1.165,5407.936,100.74,,,31.239,44.681,24.82,5338.435,5383.116,5407.936,5307.196
2019,Bahrain Grand Prix,2,Bahrain,Sakhir,0 days 01:31:46.996000,KVY,26,0 days 00:01:39.060000,35.0,2.0,,Daniil Kvyat,,0 days 00:00:30.905000,0 days 00:00:43.947000,0 days 00:00:24.208000,0 days 01:30:38.841000,0 days 01:31:22.788000,0 days 01:31:46.996000,238.0,245.0,279.0,324.0,False,MEDIUM,23.0,True,Toro Rosso,0 days 01:30:07.936000,,1,14.0,False,,False,True,26.5,50.2,1003.4,False,28.3,50,2.3,True,False,False,False,False,False,+91.025,+2.073,91.025,2.073,5506.996,99.06,,,30.905,43.947,24.208,5438.841,5482.788,5506.996,5407.936
2019,Bahrain Grand Prix,2,Bahrain,Sakhir,0 days 01:33:26.206000,KVY,26,0 days 00:01:39.210000,36.0,2.0,,Daniil Kvyat,,0 days 00:00:31.012000,0 days 00:00:43.965000,0 days 00:00:24.233000,0 days 01:32:18.008000,0 days 01:33:01.973000,0 days 01:33:26.206000,240.0,245.0,280.0,302.0,False,MEDIUM,24.0,True,Toro Rosso,0 days 01:31:46.996000,,1,14.0,False,,False,True,26.5,50.5,1003.3,False,28.3,43,3.1,True,False,False,False,False,False,+92.207,+1.240,92.207,1.24,5606.206,99.21,,,31.012,43.965,24.233,5538.008,5581.973,5606.206,5506.996
2019,Bahrain Grand Prix,2,Bahrain,Sakhir,0 days 01:35:05.590000,KVY,26,0 days 00:01:39.384000,37.0,2.0,,Daniil Kvyat,,0 days 00:00:31.215000,0 days 00:00:43.768000,0 days 00:00:24.401000,0 days 01:33:57.421000,0 days 01:34:41.189000,0 days 01:35:05.590000,239.0,246.0,290.0,306.0,False,MEDIUM,25.0,True,Toro Rosso,0 days 01:33:26.206000,,12,14.0,False,,False,True,26.5,50.8,1003.4,False,28.3,17,2.8,True,True,False,False,False,False,+74.187,+0.760,74.187,0.76,5705.59,99.384,,,31.215,43.768,24.401,5637.421,5681.189,5705.59,5606.206
2019,Bahrain Grand Prix,2,Bahrain,Sakhir,0 days 01:36:47.400000,KVY,26,0 days 00:01:41.810000,38.0,2.0,,Daniil Kvyat,0 days 01:36:45.707000,0 days 00:00:30.938000,0 days 00:00:43.766000,0 days 00:00:27.106000,0 days 01:35:36.528000,0 days 01:36:20.294000,0 days 01:36:47.400000,238.0,244.0,,330.0,False,MEDIUM,26.0,True,Toro Rosso,0 days 01:35:05.590000,,1,13.0,False,,False,False,26.5,51.0,1003.4,False,28.1,28,2.3,True,False,False,False,False,False,+79.987,+7.042,79.987,7.042,5807.4,101.81,5805.707,,30.938,43.766,27.106,5736.528,5780.294,5807.4,5705.59
2019,Bahrain Grand Prix,2,Bahrain,Sakhir,0 days 01:38:51.327000,KVY,26,0 days 00:02:03.927000,39.0,3.0,0 days 01:37:16.607000,Daniil Kvyat,,0 days 00:00:57.753000,0 days 00:00:43.026000,0 days 00:00:23.148000,0 days 01:37:45.153000,0 days 01:38:28.179000,0 days 01:38:51.327000,228.0,249.0,282.0,221.0,False,SOFT,1.0,True,Toro Rosso,0 days 01:36:47.400000,,12,15.0,False,,False,False,26.4,51.3,1003.3,False,28.1,52,2.8,True,True,False,False,False,False,1 L,+2.881,,2.881,5931.327,123.927,,5836.607,57.753,43.026,23.148,5865.153,5908.179,5931.327,5807.4
2019,Bahrain Grand Prix,2,Bahrain,Sakhir,0 days 01:40:26.261000,KVY,26,0 days 00:01:34.934000,40.0,3.0,,Daniil Kvyat,,0 days 00:00:30.240000,0 days 00:00:41.384000,0 days 00:00:23.310000,0 days 01:39:21.567000,0 days 01:40:02.951000,0 days 01:40:26.261000,240.0,247.0,282.0,302.0,True,SOFT,2.0,True,Toro Rosso,0 days 01:38:51.327000,,21,15.0,False,,False,True,26.4,51.5,1003.3,False,28.0,45,2.4,True,True,False,False,False,False,1 L,+1.234,,1.234,6026.261,94.934,,,30.24,41.384,23.31,5961.567,6002.951,6026.261,5931.327
2019,Bahrain Grand Prix,2,Bahrain,Sakhir,0 days 01:42:01.462000,KVY,26,0 days 00:01:35.201000,41.0,3.0,,Daniil Kvyat,,0 days 00:00:30.042000,0 days 00:00:41.682000,0 days 00:00:23.477000,0 days 01:40:56.303000,0 days 01:41:37.985000,0 days 01:42:01.462000,242.0,252.0,293.0,305.0,False,SOFT,3.0,True,Toro Rosso,0 days 01:40:26.261000,,1,15.0,False,,False,True,26.4,51.8,1003.2,False,28.0,23,3.3,True,False,False,False,False,False,1 L,+0.581,,0.581,6121.462,95.201,,,30.042,41.682,23.477,6056.303,6097.985,6121.462,6026.261
2019,Bahrain Grand Prix,2,Bahrain,Sakhir,0 days 01:43:36.908000,KVY,26,0 days 00:01:35.446000,42.0,3.0,,Daniil Kvyat,,0 days 00:00:30.058000,0 days 00:00:41.982000,0 days 00:00:23.406000,0 days 01:42:31.520000,0 days 01:43:13.502000,0 days 01:43:36.908000,241.0,244.0,279.0,296.0,False,SOFT,4.0,True,Toro Rosso,0 days 01:42:01.462000,,12,14.0,False,,False,True,26.3,51.8,1003.2,False,28.0,22,3.4,True,True,False,False,False,False,1 L,+6.735,,6.735,6216.908,95.446,,,30.058,41.982,23.406,6151.52,6193.502,6216.908,6121.462
2019,Bahrain Grand Prix,2,Bahrain,Sakhir,0 days 01:45:13.147000,KVY,26,0 days 00:01:36.239000,43.0,3.0,,Daniil Kvyat,,0 days 00:00:30.663000,0 days 00:00:41.862000,0 days 00:00:23.714000,0 days 01:44:07.571000,0 days 01:44:49.433000,0 days 01:45:13.147000,239.0,244.0,279.0,300.0,False,SOFT,5.0,True,Toro Rosso,0 days 01:43:36.908000,,1,14.0,False,,False,True,26.3,51.8,1003.2,False,28.0,47,2.8,True,False,False,False,False,False,1 L,+7.666,,7.666,6313.147,96.239,,,30.663,41.862,23.714,6247.571,6289.433,6313.147,6216.908
2019,Bahrain Grand Prix,2,Bahrain,Sakhir,0 days 01:46:49.301000,KVY,26,0 days 00:01:36.154000,44.0,3.0,,Daniil Kvyat,,0 days 00:00:30.481000,0 days 00:00:42.216000,0 days 00:00:23.457000,0 days 01:45:43.628000,0 days 01:46:25.844000,0 days 01:46:49.301000,239.0,244.0,280.0,302.0,False,SOFT,6.0,True,Toro Rosso,0 days 01:45:13.147000,,1,14.0,False,,False,True,26.3,52.3,1003.3,False,27.8,62,2.6,True,False,False,False,False,False,1 L,+8.269,,8.269,6409.301,96.154,,,30.481,42.216,23.457,6343.628,6385.844,6409.301,6313.147
2019,Bahrain Grand Prix,2,Bahrain,Sakhir,0 days 01:48:25.822000,KVY,26,0 days 00:01:36.521000,45.0,3.0,,Daniil Kvyat,,0 days 00:00:30.648000,0 days 00:00:42.352000,0 days 00:00:23.521000,0 days 01:47:19.949000,0 days 01:48:02.301000,0 days 01:48:25.822000,240.0,246.0,279.0,302.0,False,SOFT,7.0,True,Toro Rosso,0 days 01:46:49.301000,,1,14.0,False,,False,True,26.3,52.5,1003.4,False,27.8,59,2.5,True,False,False,False,False,False,1 L,+8.897,,8.897,6505.822,96.521,,,30.648,42.352,23.521,6439.949,6482.301,6505.822,6409.301
2019,Bahrain Grand Prix,2,Bahrain,Sakhir,0 days 01:50:01.791000,KVY,26,0 days 00:01:35.969000,46.0,3.0,,Daniil Kvyat,,0 days 00:00:30.503000,0 days 00:00:42.038000,0 days 00:00:23.428000,0 days 01:48:56.325000,0 days 01:49:38.363000,0 days 01:50:01.791000,241.0,249.0,280.0,302.0,False,SOFT,8.0,True,Toro Rosso,0 days 01:48:25.822000,,1,14.0,False,,False,True,26.2,52.8,1003.2,False,27.7,63,2.8,True,False,False,False,False,False,1 L,+8.921,,8.921,6601.791,95.969,,,30.503,42.038,23.428,6536.325,6578.363,6601.791,6505.822
2019,Bahrain Grand Prix,2,Bahrain,Sakhir,0 days 01:51:37.648000,KVY,26,0 days 00:01:35.857000,47.0,3.0,,Daniil Kvyat,,0 days 00:00:30.425000,0 days 00:00:41.986000,0 days 00:00:23.446000,0 days 01:50:32.216000,0 days 01:51:14.202000,0 days 01:51:37.648000,240.0,245.0,280.0,303.0,False,SOFT,9.0,True,Toro Rosso,0 days 01:50:01.791000,,1,14.0,False,,False,True,26.2,53.0,1003.3,False,27.7,60,2.9,True,False,False,False,False,False,1 L,+8.402,,8.402,6697.648,95.857,,,30.425,41.986,23.446,6632.216,6674.202,6697.648,6601.791
2019,Bahrain Grand Prix,2,Bahrain,Sakhir,0 days 01:53:14.173000,KVY,26,0 days 00:01:36.525000,48.0,3.0,,Daniil Kvyat,,0 days 00:00:30.607000,0 days 00:00:42.404000,0 days 00:00:23.514000,0 days 01:52:08.255000,0 days 01:52:50.659000,0 days 01:53:14.173000,240.0,245.0,280.0,302.0,False,SOFT,10.0,True,Toro Rosso,0 days 01:51:37.648000,,1,14.0,False,,False,True,26.2,53.2,1003.3,False,27.6,33,3.3,True,False,False,False,False,False,1 L,+8.511,,8.511,6794.173,96.525,,,30.607,42.404,23.514,6728.255,6770.659,6794.173,6697.648
2019,Bahrain Grand Prix,2,Bahrain,Sakhir,0 days 01:54:50.610000,KVY,26,0 days 00:01:36.437000,49.0,3.0,,Daniil Kvyat,,0 days 00:00:30.412000,0 days 00:00:42.230000,0 days 00:00:23.795000,0 days 01:53:44.585000,0 days 01:54:26.815000,0 days 01:54:50.610000,240.0,245.0,287.0,303.0,False,SOFT,11.0,True,Toro Rosso,0 days 01:53:14.173000,,1,14.0,False,,False,True,26.1,53.5,1003.2,False,27.5,58,2.9,True,False,False,False,False,False,1 L,+9.003,,9.003,6890.61,96.437,,,30.412,42.23,23.795,6824.585,6866.815,6890.61,6794.173
2019,Bahrain Grand Prix,2,Bahrain,Sakhir,0 days 01:56:26.626000,KVY,26,0 days 00:01:36.016000,50.0,3.0,,Daniil Kvyat,,0 days 00:00:30.307000,0 days 00:00:42.274000,0 days 00:00:23.435000,0 days 01:55:20.917000,0 days 01:56:03.191000,0 days 01:56:26.626000,240.0,250.0,280.0,321.0,False,SOFT,12.0,True,Toro Rosso,0 days 01:54:50.610000,,1,14.0,False,,False,True,26.1,53.8,1003.1,False,27.5,60,2.9,True,False,False,False,False,False,1 L,+8.706,,8.706,6986.626,96.016,,,30.307,42.274,23.435,6920.917,6963.191,6986.626,6890.61
2019,Bahrain Grand Prix,2,Bahrain,Sakhir,0 days 01:58:02.670000,KVY,26,0 days 00:01:36.044000,51.0,3.0,,Daniil Kvyat,,0 days 00:00:30.401000,0 days 00:00:42.182000,0 days 00:00:23.461000,0 days 01:56:57.027000,0 days 01:57:39.209000,0 days 01:58:02.670000,240.0,248.0,281.0,303.0,False,SOFT,13.0,True,Toro Rosso,0 days 01:56:26.626000,,1,14.0,False,,False,True,26.1,53.7,1003.4,False,27.5,57,2.9,True,False,False,False,False,False,1 L,+8.911,,8.911,7082.67,96.044,,,30.401,42.182,23.461,7017.027,7059.209,7082.67,6986.626
2019,Bahrain Grand Prix,2,Bahrain,Sakhir,0 days 01:59:38.987000,KVY,26,0 days 00:01:36.317000,52.0,3.0,,Daniil Kvyat,,0 days 00:00:30.439000,0 days 00:00:42.466000,0 days 00:00:23.412000,0 days 01:58:33.109000,0 days 01:59:15.575000,0 days 01:59:38.987000,241.0,249.0,281.0,303.0,False,SOFT,14.0,True,Toro Rosso,0 days 01:58:02.670000,,1,14.0,False,,False,True,26.1,53.9,1003.3,False,27.6,30,2.3,True,False,False,False,False,False,1 L,+9.335,,9.335,7178.987,96.317,,,30.439,42.466,23.412,7113.109,7155.575,7178.987,7082.67
2019,Bahrain Grand Prix,2,Bahrain,Sakhir,0 days 02:01:14.991000,KVY,26,0 days 00:01:36.004000,53.0,3.0,,Daniil Kvyat,,0 days 00:00:30.398000,0 days 00:00:42.008000,0 days 00:00:23.598000,0 days 02:00:09.385000,0 days 02:00:51.393000,0 days 02:01:14.991000,241.0,247.0,280.0,303.0,False,SOFT,15.0,True,Toro Rosso,0 days 01:59:38.987000,,12,14.0,False,,False,True,26.1,53.9,1003.3,False,27.6,52,2.6,True,True,False,False,False,False,1 L,+9.200,,9.2,7274.991,96.004,,,30.398,42.008,23.598,7209.385,7251.393,7274.991,7178.987
2019,Bahrain Grand Prix,2,Bahrain,Sakhir,0 days 02:03:12.807000,KVY,26,0 days 00:01:57.816000,54.0,3.0,,Daniil Kvyat,,0 days 00:00:30.899000,0 days 00:00:48.411000,0 days 00:00:38.506000,0 days 02:01:45.890000,0 days 02:02:34.301000,0 days 02:03:12.807000,242.0,123.0,167.0,303.0,False,SOFT,16.0,True,Toro Rosso,0 days 02:01:14.991000,,24,12.0,False,,False,False,26.1,53.8,1003.2,False,27.6,40,2.7,False,True,True,False,False,False,1 L,+15.554,,15.554,7392.807,117.816,,,30.899,48.411,38.506,7305.89,7354.301,7392.807,7274.991
2019,Bahrain Grand Prix,2,Bahrain,Sakhir,0 days 02:05:26.193000,KVY,26,0 days 00:02:13.386000,55.0,3.0,,Daniil Kvyat,,0 days 00:00:42.357000,0 days 00:00:56.110000,0 days 00:00:34.919000,0 days 02:03:55.164000,0 days 02:04:51.274000,0 days 02:05:26.193000,118.0,187.0,222.0,193.0,False,SOFT,17.0,True,Toro Rosso,0 days 02:03:12.807000,,4,12.0,False,,False,False,26.1,53.9,1003.1,False,27.5,25,3.4,False,False,True,False,False,False,1 L,+19.333,,19.333,7526.193,133.386,,,42.357,56.11,34.919,7435.164,7491.274,7526.193,7392.807
2019,Bahrain Grand Prix,2,Bahrain,Sakhir,0 days 02:07:54.481000,KVY,26,0 days 00:02:28.288000,56.0,3.0,,Daniil Kvyat,,0 days 00:00:49.569000,0 days 00:01:02.364000,0 days 00:00:36.355000,0 days 02:06:15.762000,0 days 02:07:18.126000,0 days 02:07:54.481000,125.0,150.0,230.0,177.0,False,SOFT,18.0,True,Toro Rosso,0 days 02:05:26.193000,,4,12.0,False,,False,False,26.1,53.8,1003.1,False,27.6,24,3.4,False,False,True,False,False,False,1 L,+45.336,,45.336,7674.481,148.288,,,49.569,62.364,36.355,7575.762,7638.126,7674.481,7526.193
2019,Bahrain Grand Prix,2,Bahrain,Sakhir,0 days 00:35:16.129000,HUL,27,0 days 00:01:44.549000,1.0,1.0,,Nico Hulkenberg,,,0 days 00:00:44.269000,0 days 00:00:24.138000,,0 days 00:34:52.053000,0 days 00:35:16.354000,233.0,243.0,285.0,234.0,False,SOFT,1.0,True,Renault,0 days 00:33:31.386000,,12,11.0,False,,False,False,26.1,54.5,1003.3,False,29.2,16,2.3,True,True,False,False,False,False,+7.028,+0.381,7.028,0.381,2116.129,104.549,,,,44.269,24.138,,2092.053,2116.354,2011.386
2019,Bahrain Grand Prix,2,Bahrain,Sakhir,0 days 00:36:54.979000,HUL,27,0 days 00:01:38.850000,2.0,1.0,,Nico Hulkenberg,,0 days 00:00:31.166000,0 days 00:00:43.430000,0 days 00:00:24.254000,0 days 00:35:47.323000,0 days 00:36:30.753000,0 days 00:36:55.007000,235.0,237.0,285.0,306.0,True,SOFT,2.0,True,Renault,0 days 00:35:16.129000,,12,11.0,False,,False,True,26.1,53.9,1003.5,False,29.3,22,2.3,True,True,False,False,False,False,+9.278,+0.388,9.278,0.388,2214.979,98.85,,,31.166,43.43,24.254,2147.323,2190.753,2215.007,2116.129
2019,Bahrain Grand Prix,2,Bahrain,Sakhir,0 days 00:38:34.044000,HUL,27,0 days 00:01:39.065000,3.0,1.0,,Nico Hulkenberg,,0 days 00:00:31.330000,0 days 00:00:43.344000,0 days 00:00:24.391000,0 days 00:37:26.337000,0 days 00:38:09.681000,0 days 00:38:34.072000,229.0,248.0,292.0,293.0,False,SOFT,3.0,True,Renault,0 days 00:36:54.979000,,1,11.0,False,,False,True,26.2,53.6,1003.4,False,29.3,11,1.6,True,False,False,False,False,False,+11.405,+0.504,11.405,0.504,2314.044,99.065,,,31.33,43.344,24.391,2246.337,2289.681,2314.072,2214.979
2019,Bahrain Grand Prix,2,Bahrain,Sakhir,0 days 00:40:13.742000,HUL,27,0 days 00:01:39.698000,4.0,1.0,,Nico Hulkenberg,,0 days 00:00:30.553000,0 days 00:00:44.770000,0 days 00:00:24.375000,0 days 00:39:04.625000,0 days 00:39:49.395000,0 days 00:40:13.770000,231.0,247.0,279.0,300.0,False,SOFT,4.0,True,Renault,0 days 00:38:34.044000,,12,9.0,False,,False,True,26.2,53.8,1003.4,False,29.3,36,1.9,True,True,False,False,False,False,+13.719,+1.146,13.719,1.146,2413.742,99.698,,,30.553,44.77,24.375,2344.625,2389.395,2413.77,2314.044
2019,Bahrain Grand Prix,2,Bahrain,Sakhir,0 days 00:41:51.881000,HUL,27,0 days 00:01:38.139000,5.0,1.0,,Nico Hulkenberg,,0 days 00:00:30.808000,0 days 00:00:42.938000,0 days 00:00:24.393000,0 days 00:40:44.578000,0 days 00:41:27.516000,0 days 00:41:51.909000,231.0,247.0,290.0,310.0,True,SOFT,5.0,True,Renault,0 days 00:40:13.742000,,1,9.0,False,,False,True,26.2,54.0,1003.5,False,29.2,41,3.1,True,False,False,False,False,False,+13.753,+0.860,13.753,0.86,2511.881,98.139,,,30.808,42.938,24.393,2444.578,2487.516,2511.909,2413.742
2019,Bahrain Grand Prix,2,Bahrain,Sakhir,0 days 00:43:30.963000,HUL,27,0 days 00:01:39.082000,6.0,1.0,,Nico Hulkenberg,,0 days 00:00:30.798000,0 days 00:00:43.997000,0 days 00:00:24.287000,0 days 00:42:22.707000,0 days 00:43:06.704000,0 days 00:43:30.991000,231.0,248.0,290.0,314.0,False,SOFT,6.0,True,Renault,0 days 00:41:51.881000,,12,8.0,False,,False,True,26.2,54.2,1003.5,False,29.3,59,3.4,True,True,False,False,False,False,+15.970,+0.581,15.97,0.581,2610.963,99.082,,,30.798,43.997,24.287,2542.707,2586.704,2610.991,2511.881
2019,Bahrain Grand Prix,2,Bahrain,Sakhir,0 days 00:45:09.367000,HUL,27,0 days 00:01:38.404000,7.0,1.0,,Nico Hulkenberg,,0 days 00:00:31.114000,0 days 00:00:43.079000,0 days 00:00:24.211000,0 days 00:44:02.105000,0 days 00:44:45.184000,0 days 00:45:09.395000,233.0,250.0,289.0,291.0,False,SOFT,7.0,True,Renault,0 days 00:43:30.963000,,1,8.0,False,,False,True,26.2,54.3,1003.4,False,29.2,3,2.3,True,False,False,False,False,False,+17.302,+0.735,17.302,0.735,2709.367,98.404,,,31.114,43.079,24.211,2642.105,2685.184,2709.395,2610.963
2019,Bahrain Grand Prix,2,Bahrain,Sakhir,0 days 00:46:47.893000,HUL,27,0 days 00:01:38.526000,8.0,1.0,,Nico Hulkenberg,,0 days 00:00:31.131000,0 days 00:00:42.953000,0 days 00:00:24.442000,0 days 00:45:40.526000,0 days 00:46:23.479000,0 days 00:46:47.921000,231.0,248.0,289.0,318.0,False,SOFT,8.0,True,Renault,0 days 00:45:09.367000,,1,8.0,False,,False,True,26.2,54.2,1003.6,False,29.1,40,2.9,True,False,False,False,False,False,+18.042,+0.953,18.042,0.953,2807.893,98.526,,,31.131,42.953,24.442,2740.526,2783.479,2807.921,2709.367
2019,Bahrain Grand Prix,2,Bahrain,Sakhir,0 days 00:48:25.849000,HUL,27,0 days 00:01:37.956000,9.0,1.0,,Nico Hulkenberg,,0 days 00:00:30.792000,0 days 00:00:42.916000,0 days 00:00:24.248000,0 days 00:47:18.713000,0 days 00:48:01.629000,0 days 00:48:25.877000,234.0,247.0,288.0,315.0,True,SOFT,9.0,True,Renault,0 days 00:46:47.893000,,1,7.0,False,,False,True,26.2,54.3,1003.5,False,29.1,355,2.4,True,False,False,False,False,False,+18.784,+0.639,18.784,0.639,2905.849,97.956,,,30.792,42.916,24.248,2838.713,2881.629,2905.877,2807.893
2019,Bahrain Grand Prix,2,Bahrain,Sakhir,0 days 00:50:03.158000,HUL,27,0 days 00:01:37.309000,10.0,1.0,,Nico Hulkenberg,,0 days 00:00:30.442000,0 days 00:00:42.776000,0 days 00:00:24.091000,0 days 00:48:56.319000,0 days 00:49:39.095000,0 days 00:50:03.186000,232.0,246.0,281.0,315.0,True,SOFT,10.0,True,Renault,0 days 00:48:25.849000,,1,7.0,False,,False,True,26.2,54.3,1003.6,False,28.9,41,2.7,True,False,False,False,False,False,+18.797,+2.057,18.797,2.057,3003.158,97.309,,,30.442,42.776,24.091,2936.319,2979.095,3003.186,2905.849
2019,Bahrain Grand Prix,2,Bahrain,Sakhir,0 days 00:51:41.246000,HUL,27,0 days 00:01:38.088000,11.0,1.0,,Nico Hulkenberg,,0 days 00:00:31.056000,0 days 00:00:42.912000,0 days 00:00:24.120000,0 days 00:50:34.242000,0 days 00:51:17.154000,0 days 00:51:41.274000,231.0,247.0,280.0,296.0,False,SOFT,11.0,True,Renault,0 days 00:50:03.158000,,1,7.0,False,,False,True,26.1,54.9,1003.6,False,28.8,22,1.9,True,False,False,False,False,False,+19.688,+1.997,19.688,1.997,3101.246,98.088,,,31.056,42.912,24.12,3034.242,3077.154,3101.274,3003.158
2019,Bahrain Grand Prix,2,Bahrain,Sakhir,0 days 00:53:21.999000,HUL,27,0 days 00:01:40.753000,12.0,1.0,,Nico Hulkenberg,0 days 00:53:20.304000,0 days 00:00:30.779000,0 days 00:00:42.891000,0 days 00:00:27.083000,0 days 00:52:12.053000,0 days 00:52:54.944000,0 days 00:53:22.027000,234.0,250.0,,299.0,False,SOFT,12.0,True,Renault,0 days 00:51:41.246000,,12,6.0,False,,False,False,26.1,55.1,1003.5,False,28.8,334,2.5,True,True,False,False,False,False,+20.402,+1.744,20.402,1.744,3201.999,100.753,3200.304,,30.779,42.891,27.083,3132.053,3174.944,3202.027,3101.246
2019,Bahrain Grand Prix,2,Bahrain,Sakhir,0 days 00:55:19.265000,HUL,27,0 days 00:01:57.266000,13.0,2.0,0 days 00:53:45.801000,Nico Hulkenberg,,0 days 00:00:51.783000,0 days 00:00:41.743000,0 days 00:00:23.740000,0 days 00:54:13.810000,0 days 00:54:55.553000,0 days 00:55:19.293000,234.0,251.0,294.0,227.0,False,SOFT,1.0,True,Renault,0 days 00:53:21.999000,,1,10.0,False,,False,False,26.1,54.9,1003.6,False,28.8,31,2.5,True,False,False,False,False,False,+39.161,+0.274,39.161,0.274,3319.265,117.266,,3225.801,51.783,41.743,23.74,3253.81,3295.553,3319.293,3201.999
2019,Bahrain Grand Prix,2,Bahrain,Sakhir,0 days 00:56:54.480000,HUL,27,0 days 00:01:35.215000,14.0,2.0,,Nico Hulkenberg,,0 days 00:00:29.834000,0 days 00:00:41.758000,0 days 00:00:23.623000,0 days 00:55:49.127000,0 days 00:56:30.885000,0 days 00:56:54.508000,234.0,253.0,281.0,327.0,True,SOFT,2.0,True,Renault,0 days 00:55:19.265000,,1,9.0,False,,False,True,26.1,55.2,1003.7,False,28.9,352,1.6,True,False,False,False,False,False,+20.480,+3.181,20.48,3.181,3414.48,95.215,,,29.834,41.758,23.623,3349.127,3390.885,3414.508,3319.265
2019,Bahrain Grand Prix,2,Bahrain,Sakhir,0 days 00:58:31.226000,HUL,27,0 days 00:01:36.746000,15.0,2.0,,Nico Hulkenberg,,0 days 00:00:30.688000,0 days 00:00:42.198000,0 days 00:00:23.860000,0 days 00:57:25.196000,0 days 00:58:07.394000,0 days 00:58:31.254000,232.0,251.0,282.0,295.0,False,SOFT,3.0,True,Renault,0 days 00:56:54.480000,,1,9.0,False,,False,True,26.1,55.2,1003.7,False,28.8,26,2.1,True,False,False,False,False,False,+22.103,+1.066,22.103,1.066,3511.226,96.746,,,30.688,42.198,23.86,3445.196,3487.394,3511.254,3414.48
2019,Bahrain Grand Prix,2,Bahrain,Sakhir,0 days 01:00:08.331000,HUL,27,0 days 00:01:37.105000,16.0,2.0,,Nico Hulkenberg,,0 days 00:00:30.707000,0 days 00:00:42.640000,0 days 00:00:23.758000,0 days 00:59:01.961000,0 days 00:59:44.601000,0 days 01:00:08.359000,224.0,249.0,281.0,300.0,False,SOFT,4.0,True,Renault,0 days 00:58:31.226000,,1,8.0,False,,False,True,26.1,55.3,1003.7,False,28.8,17,2.0,True,False,False,False,False,False,+24.377,+2.652,24.377,2.652,3608.331,97.105,,,30.707,42.64,23.758,3541.961,3584.601,3608.359,3511.226
2019,Bahrain Grand Prix,2,Bahrain,Sakhir,0 days 01:01:45.504000,HUL,27,0 days 00:01:37.173000,17.0,2.0,,Nico Hulkenberg,,0 days 00:00:30.650000,0 days 00:00:42.453000,0 days 00:00:24.070000,0 days 01:00:39.009000,0 days 01:01:21.462000,0 days 01:01:45.532000,234.0,248.0,281.0,299.0,False,SOFT,5.0,True,Renault,0 days 01:00:08.331000,,1,8.0,False,,False,True,26.1,55.5,1003.7,False,28.7,34,2.4,True,False,False,False,False,False,+26.334,+1.909,26.334,1.909,3705.504,97.173,,,30.65,42.453,24.07,3639.009,3681.462,3705.532,3608.331
2019,Bahrain Grand Prix,2,Bahrain,Sakhir,0 days 01:03:22.635000,HUL,27,0 days 00:01:37.131000,18.0,2.0,,Nico Hulkenberg,,0 days 00:00:30.913000,0 days 00:00:42.440000,0 days 00:00:23.778000,0 days 01:02:16.445000,0 days 01:02:58.885000,0 days 01:03:22.663000,233.0,252.0,282.0,300.0,False,SOFT,6.0,True,Renault,0 days 01:01:45.504000,,1,8.0,False,,False,True,26.1,55.3,1003.7,False,28.7,2,2.7,True,False,False,False,False,False,+28.011,+1.535,28.011,1.535,3802.635,97.131,,,30.913,42.44,23.778,3736.445,3778.885,3802.663,3705.504
2019,Bahrain Grand Prix,2,Bahrain,Sakhir,0 days 01:04:59.693000,HUL,27,0 days 00:01:37.058000,19.0,2.0,,Nico Hulkenberg,,0 days 00:00:30.553000,0 days 00:00:42.569000,0 days 00:00:23.936000,0 days 01:03:53.216000,0 days 01:04:35.785000,0 days 01:04:59.721000,234.0,251.0,289.0,300.0,False,SOFT,7.0,True,Renault,0 days 01:03:22.635000,,1,8.0,False,,False,True,26.1,54.8,1003.7,False,28.8,85,2.2,True,False,False,False,False,False,+29.323,+0.864,29.323,0.864,3899.693,97.058,,,30.553,42.569,23.936,3833.216,3875.785,3899.721,3802.635
2019,Bahrain Grand Prix,2,Bahrain,Sakhir,0 days 01:06:37.761000,HUL,27,0 days 00:01:38.068000,20.0,2.0,,Nico Hulkenberg,,0 days 00:00:30.541000,0 days 00:00:43.401000,0 days 00:00:24.126000,0 days 01:05:30.262000,0 days 01:06:13.663000,0 days 01:06:37.789000,229.0,249.0,291.0,315.0,False,SOFT,8.0,True,Renault,0 days 01:04:59.693000,,1,8.0,False,,False,True,26.2,53.6,1003.7,False,29.0,345,2.5,True,False,False,False,False,False,+31.345,+0.540,31.345,0.54,3997.761,98.068,,,30.541,43.401,24.126,3930.262,3973.663,3997.789,3899.693
2019,Bahrain Grand Prix,2,Bahrain,Sakhir,0 days 01:08:14.824000,HUL,27,0 days 00:01:37.063000,21.0,2.0,,Nico Hulkenberg,,0 days 00:00:30.722000,0 days 00:00:42.416000,0 days 00:00:23.925000,0 days 01:07:08.511000,0 days 01:07:50.927000,0 days 01:08:14.852000,233.0,251.0,282.0,329.0,False,SOFT,9.0,True,Renault,0 days 01:06:37.761000,,1,7.0,False,,False,True,26.3,53.4,1003.5,False,29.0,31,3.0,True,False,False,False,False,False,+32.380,+4.983,32.38,4.983,4094.824,97.063,,,30.722,42.416,23.925,4028.511,4070.927,4094.852,3997.761
2019,Bahrain Grand Prix,2,Bahrain,Sakhir,0 days 01:09:52.444000,HUL,27,0 days 00:01:37.620000,22.0,2.0,,Nico Hulkenberg,,0 days 00:00:30.971000,0 days 00:00:42.720000,0 days 00:00:23.929000,0 days 01:08:45.823000,0 days 01:09:28.543000,0 days 01:09:52.472000,233.0,248.0,282.0,297.0,False,SOFT,10.0,True,Renault,0 days 01:08:14.824000,,1,7.0,False,,False,True,26.3,52.8,1003.5,False,28.8,50,2.2,True,False,False,False,False,False,+33.891,+3.149,33.891,3.149,4192.444,97.62,,,30.971,42.72,23.929,4125.823,4168.543,4192.472,4094.824
2019,Bahrain Grand Prix,2,Bahrain,Sakhir,0 days 01:11:30.384000,HUL,27,0 days 00:01:37.940000,23.0,2.0,,Nico Hulkenberg,,0 days 00:00:30.961000,0 days 00:00:42.961000,0 days 00:00:24.018000,0 days 01:10:23.433000,0 days 01:11:06.394000,0 days 01:11:30.412000,234.0,247.0,283.0,299.0,False,SOFT,11.0,True,Renault,0 days 01:09:52.444000,,1,7.0,False,,False,True,26.4,51.9,1003.6,False,28.9,59,2.1,True,False,False,False,False,False,+35.735,+1.121,35.735,1.121,4290.384,97.94,,,30.961,42.961,24.018,4223.433,4266.394,4290.412,4192.444
2019,Bahrain Grand Prix,2,Bahrain,Sakhir,0 days 01:13:09.637000,HUL,27,0 days 00:01:39.253000,24.0,2.0,,Nico Hulkenberg,,0 days 00:00:30.943000,0 days 00:00:43.668000,0 days 00:00:24.642000,0 days 01:12:01.355000,0 days 01:12:45.023000,0 days 01:13:09.665000,234.0,243.0,290.0,299.0,False,SOFT,12.0,True,Renault,0 days 01:11:30.384000,,1,6.0,False,,False,True,26.4,51.3,1003.3,False,28.9,9,2.9,True,False,False,False,False,False,+38.784,+0.254,38.784,0.254,4389.637,99.253,,,30.943,43.668,24.642,4321.355,4365.023,4389.665,4290.384
2019,Bahrain Grand Prix,2,Bahrain,Sakhir,0 days 01:14:47.163000,HUL,27,0 days 00:01:37.526000,25.0,2.0,,Nico Hulkenberg,,0 days 00:00:30.589000,0 days 00:00:43.043000,0 days 00:00:23.894000,0 days 01:13:40.254000,0 days 01:14:23.297000,0 days 01:14:47.191000,233.0,248.0,282.0,316.0,False,SOFT,13.0,True,Renault,0 days 01:13:09.637000,,1,6.0,False,,False,True,26.5,51.3,1003.4,False,28.9,37,2.2,True,False,False,False,False,False,+40.000,+16.310,40.0,16.31,4487.163,97.526,,,30.589,43.043,23.894,4420.254,4463.297,4487.191,4389.637
2019,Bahrain Grand Prix,2,Bahrain,Sakhir,0 days 01:16:25.088000,HUL,27,0 days 00:01:37.925000,26.0,2.0,,Nico Hulkenberg,,0 days 00:00:30.880000,0 days 00:00:43.003000,0 days 00:00:24.042000,0 days 01:15:18.071000,0 days 01:16:01.074000,0 days 01:16:25.116000,232.0,249.0,282.0,297.0,False,SOFT,14.0,True,Renault,0 days 01:14:47.163000,,1,6.0,False,,False,True,26.5,51.3,1003.4,False,28.9,31,2.7,True,False,False,False,False,False,+41.621,+16.609,41.621,16.609,4585.088,97.925,,,30.88,43.003,24.042,4518.071,4561.074,4585.116,4487.163
2019,Bahrain Grand Prix,2,Bahrain,Sakhir,0 days 01:18:03.601000,HUL,27,0 days 00:01:38.513000,27.0,2.0,,Nico Hulkenberg,,0 days 00:00:31.141000,0 days 00:00:43.202000,0 days 00:00:24.170000,0 days 01:16:56.257000,0 days 01:17:39.459000,0 days 01:18:03.629000,232.0,246.0,282.0,297.0,False,SOFT,15.0,True,Renault,0 days 01:16:25.088000,,1,6.0,False,,False,True,26.5,50.4,1003.3,False,28.8,44,2.5,True,False,False,False,False,False,+43.168,+17.102,43.168,17.102,4683.601,98.513,,,31.141,43.202,24.17,4616.257,4659.459,4683.629,4585.088
2019,Bahrain Grand Prix,2,Bahrain,Sakhir,0 days 01:19:42.225000,HUL,27,0 days 00:01:38.624000,28.0,2.0,,Nico Hulkenberg,,0 days 00:00:31.198000,0 days 00:00:43.317000,0 days 00:00:24.109000,0 days 01:18:34.827000,0 days 01:19:18.144000,0 days 01:19:42.253000,233.0,248.0,282.0,298.0,False,SOFT,16.0,True,Renault,0 days 01:18:03.601000,,1,6.0,False,,False,True,26.5,49.0,1003.2,False,28.8,40,3.2,True,False,False,False,False,False,+44.555,+17.781,44.555,17.781,4782.225,98.624,,,31.198,43.317,24.109,4714.827,4758.144,4782.253,4683.601
2019,Bahrain Grand Prix,2,Bahrain,Sakhir,0 days 01:21:20.630000,HUL,27,0 days 00:01:38.405000,29.0,2.0,,Nico Hulkenberg,,0 days 00:00:30.999000,0 days 00:00:43.218000,0 days 00:00:24.188000,0 days 01:20:13.252000,0 days 01:20:56.470000,0 days 01:21:20.658000,233.0,250.0,281.0,300.0,False,SOFT,17.0,True,Renault,0 days 01:19:42.225000,,1,6.0,False,,False,True,26.6,48.9,1003.3,False,28.9,12,2.3,True,False,False,False,False,False,+46.201,+18.339,46.201,18.339,4880.63,98.405,,,30.999,43.218,24.188,4813.252,4856.47,4880.658,4782.225
2019,Bahrain Grand Prix,2,Bahrain,Sakhir,0 days 01:22:59.058000,HUL,27,0 days 00:01:38.428000,30.0,2.0,,Nico Hulkenberg,,0 days 00:00:31.004000,0 days 00:00:43.115000,0 days 00:00:24.309000,0 days 01:21:51.662000,0 days 01:22:34.777000,0 days 01:22:59.086000,234.0,249.0,282.0,299.0,False,SOFT,18.0,True,Renault,0 days 01:21:20.630000,,1,6.0,False,,False,True,26.6,48.9,1003.4,False,28.7,22,2.9,True,False,False,False,False,False,+47.589,+18.235,47.589,18.235,4979.058,98.428,,,31.004,43.115,24.309,4911.662,4954.777,4979.086,4880.63
2019,Bahrain Grand Prix,2,Bahrain,Sakhir,0 days 01:24:37.642000,HUL,27,0 days 00:01:38.584000,31.0,2.0,,Nico Hulkenberg,,0 days 00:00:30.950000,0 days 00:00:43.387000,0 days 00:00:24.247000,0 days 01:23:30.036000,0 days 01:24:13.423000,0 days 01:24:37.670000,232.0,248.0,282.0,299.0,False,SOFT,19.0,True,Renault,0 days 01:22:59.058000,,1,6.0,False,,False,True,26.6,49.2,1003.4,False,28.6,50,2.5,True,False,False,False,False,False,+49.501,+17.972,49.501,17.972,5077.642,98.584,,,30.95,43.387,24.247,5010.036,5053.423,5077.67,4979.058
2019,Bahrain Grand Prix,2,Bahrain,Sakhir,0 days 01:26:18.894000,HUL,27,0 days 00:01:41.252000,32.0,2.0,,Nico Hulkenberg,0 days 01:26:17.185000,0 days 00:00:30.947000,0 days 00:00:43.421000,0 days 00:00:26.884000,0 days 01:25:08.617000,0 days 01:25:52.038000,0 days 01:26:18.922000,232.0,251.0,,300.0,False,SOFT,20.0,True,Renault,0 days 01:24:37.642000,,1,6.0,False,,False,False,26.6,49.4,1003.3,False,28.6,9,2.4,True,False,False,False,False,False,+50.988,+17.481,50.988,17.481,5178.894,101.252,5177.185,,30.947,43.421,26.884,5108.617,5152.038,5178.922,5077.642
2019,Bahrain Grand Prix,2,Bahrain,Sakhir,0 days 01:28:18.141000,HUL,27,0 days 00:01:59.247000,33.0,3.0,0 days 01:26:42.459000,Nico Hulkenberg,,0 days 00:00:51.962000,0 days 00:00:42.898000,0 days 00:00:24.387000,0 days 01:27:10.884000,0 days 01:27:53.782000,0 days 01:28:18.169000,233.0,240.0,291.0,227.0,False,MEDIUM,1.0,True,Renault,0 days 01:26:18.894000,,1,10.0,False,,False,False,26.6,49.7,1003.2,False,28.4,19,2.6,True,False,False,False,False,False,+76.231,+3.387,76.231,3.387,5298.141,119.247,,5202.459,51.962,42.898,24.387,5230.884,5273.782,5298.169,5178.894
2019,Bahrain Grand Prix,2,Bahrain,Sakhir,0 days 01:29:54.688000,HUL,27,0 days 00:01:36.547000,34.0,3.0,,Nico Hulkenberg,,0 days 00:00:30.258000,0 days 00:00:42.422000,0 days 00:00:23.867000,0 days 01:28:48.427000,0 days 01:29:30.849000,0 days 01:29:54.716000,229.0,243.0,285.0,316.0,False,MEDIUM,2.0,True,Renault,0 days 01:28:18.141000,,1,9.0,False,,False,True,26.6,49.9,1003.2,False,28.4,54,2.6,True,False,False,False,False,False,+75.660,+1.972,75.66,1.972,5394.688,96.547,,,30.258,42.422,23.867,5328.427,5370.849,5394.716,5298.141
2019,Bahrain Grand Prix,2,Bahrain,Sakhir,0 days 01:31:32.577000,HUL,27,0 days 00:01:37.889000,35.0,3.0,,Nico Hulkenberg,,0 days 00:00:31.050000,0 days 00:00:42.878000,0 days 00:00:23.961000,0 days 01:30:25.766000,0 days 01:31:08.644000,0 days 01:31:32.605000,229.0,245.0,285.0,296.0,False,MEDIUM,3.0,True,Renault,0 days 01:29:54.688000,,1,8.0,False,,False,True,26.5,50.2,1003.4,False,28.3,50,2.3,True,False,False,False,False,False,+76.634,+2.074,76.634,2.074,5492.577,97.889,,,31.05,42.878,23.961,5425.766,5468.644,5492.605,5394.688
2019,Bahrain Grand Prix,2,Bahrain,Sakhir,0 days 01:33:10.440000,HUL,27,0 days 00:01:37.863000,36.0,3.0,,Nico Hulkenberg,,0 days 00:00:31.113000,0 days 00:00:42.949000,0 days 00:00:23.801000,0 days 01:32:03.718000,0 days 01:32:46.667000,0 days 01:33:10.468000,229.0,250.0,285.0,300.0,False,MEDIUM,4.0,True,Renault,0 days 01:31:32.577000,,1,8.0,False,,False,True,26.5,50.5,1003.3,False,28.3,43,3.1,True,False,False,False,False,False,+76.462,+2.238,76.462,2.238,5590.44,97.863,,,31.113,42.949,23.801,5523.718,5566.667,5590.468,5492.577
2019,Bahrain Grand Prix,2,Bahrain,Sakhir,0 days 01:34:47.811000,HUL,27,0 days 00:01:37.371000,37.0,3.0,,Nico Hulkenberg,,0 days 00:00:30.839000,0 days 00:00:42.739000,0 days 00:00:23.793000,0 days 01:33:41.307000,0 days 01:34:24.046000,0 days 01:34:47.839000,232.0,250.0,285.0,299.0,False,MEDIUM,5.0,True,Renault,0 days 01:33:10.440000,,12,8.0,False,,False,True,26.5,50.8,1003.4,False,28.3,17,2.8,True,True,False,False,False,False,+56.391,+1.448,56.391,1.448,5687.811,97.371,,,30.839,42.739,23.793,5621.307,5664.046,5687.839,5590.44
2019,Bahrain Grand Prix,2,Bahrain,Sakhir,0 days 01:36:25.001000,HUL,27,0 days 00:01:37.190000,38.0,3.0,,Nico Hulkenberg,,0 days 00:00:30.918000,0 days 00:00:42.591000,0 days 00:00:23.681000,0 days 01:35:18.757000,0 days 01:36:01.348000,0 days 01:36:25.029000,234.0,254.0,295.0,301.0,False,MEDIUM,6.0,True,Renault,0 days 01:34:47.811000,,1,8.0,False,,False,True,26.5,50.9,1003.2,False,28.2,55,3.0,True,False,False,False,False,False,+60.216,+0.599,60.216,0.599,5785.001,97.19,,,30.918,42.591,23.681,5718.757,5761.348,5785.029,5687.811
2019,Bahrain Grand Prix,2,Bahrain,Sakhir,0 days 01:38:01.730000,HUL,27,0 days 00:01:36.729000,39.0,3.0,,Nico Hulkenberg,,0 days 00:00:30.909000,0 days 00:00:42.194000,0 days 00:00:23.626000,0 days 01:36:55.938000,0 days 01:37:38.132000,0 days 01:38:01.758000,233.0,253.0,285.0,333.0,False,MEDIUM,7.0,True,Renault,0 days 01:36:25.001000,,1,6.0,False,,False,True,26.4,51.3,1003.3,False,28.1,52,2.8,True,False,False,False,False,False,+62.410,+3.973,62.41,3.973,5881.73,96.729,,,30.909,42.194,23.626,5815.938,5858.132,5881.758,5785.001
2019,Bahrain Grand Prix,2,Bahrain,Sakhir,0 days 01:39:38.974000,HUL,27,0 days 00:01:37.244000,40.0,3.0,,Nico Hulkenberg,,0 days 00:00:30.777000,0 days 00:00:42.599000,0 days 00:00:23.868000,0 days 01:38:32.535000,0 days 01:39:15.134000,0 days 01:39:39.002000,231.0,247.0,283.0,297.0,False,MEDIUM,8.0,True,Renault,0 days 01:38:01.730000,,12,5.0,False,,False,True,26.4,51.5,1003.3,False,28.0,45,2.4,True,True,False,False,False,False,+65.246,+25.262,65.246,25.262,5978.974,97.244,,,30.777,42.599,23.868,5912.535,5955.134,5979.002,5881.73
2019,Bahrain Grand Prix,2,Bahrain,Sakhir,0 days 01:41:16.324000,HUL,27,0 days 00:01:37.350000,41.0,3.0,,Nico Hulkenberg,,0 days 00:00:30.993000,0 days 00:00:42.536000,0 days 00:00:23.821000,0 days 01:40:09.995000,0 days 01:40:52.531000,0 days 01:41:16.352000,233.0,249.0,283.0,298.0,False,MEDIUM,9.0,True,Renault,0 days 01:39:38.974000,,1,5.0,False,,False,True,26.4,51.7,1003.2,False,28.0,31,2.6,True,False,False,False,False,False,+68.168,+26.406,68.168,26.406,6076.324,97.35,,,30.993,42.536,23.821,6009.995,6052.531,6076.352,5978.974
2019,Bahrain Grand Prix,2,Bahrain,Sakhir,0 days 01:42:52.848000,HUL,27,0 days 00:01:36.524000,42.0,3.0,,Nico Hulkenberg,,0 days 00:00:30.740000,0 days 00:00:42.044000,0 days 00:00:23.740000,0 days 01:41:47.092000,0 days 01:42:29.136000,0 days 01:42:52.876000,235.0,251.0,284.0,298.0,False,MEDIUM,10.0,True,Renault,0 days 01:41:16.324000,,12,5.0,False,,False,True,26.3,51.7,1003.3,False,28.0,53,2.7,True,True,False,False,False,False,+70.054,+26.750,70.054,26.75,6172.848,96.524,,,30.74,42.044,23.74,6107.092,6149.136,6172.876,6076.324
2019,Bahrain Grand Prix,2,Bahrain,Sakhir,0 days 01:44:29.979000,HUL,27,0 days 00:01:37.131000,43.0,3.0,,Nico Hulkenberg,,0 days 00:00:31.304000,0 days 00:00:42.137000,0 days 00:00:23.690000,0 days 01:43:24.180000,0 days 01:44:06.317000,0 days 01:44:30.007000,232.0,254.0,285.0,286.0,False,MEDIUM,11.0,True,Renault,0 days 01:42:52.848000,,21,6.0,False,,False,True,26.3,51.8,1003.2,False,28.0,47,2.8,True,True,False,False,False,False,+71.889,+1.628,71.889,1.628,6269.979,97.131,,,31.304,42.137,23.69,6204.18,6246.317,6270.007,6172.848
2019,Bahrain Grand Prix,2,Bahrain,Sakhir,0 days 01:46:06.474000,HUL,27,0 days 00:01:36.495000,44.0,3.0,,Nico Hulkenberg,,0 days 00:00:30.537000,0 days 00:00:42.209000,0 days 00:00:23.749000,0 days 01:45:00.544000,0 days 01:45:42.753000,0 days 01:46:06.502000,235.0,253.0,285.0,299.0,False,MEDIUM,12.0,True,Renault,0 days 01:44:29.979000,,1,6.0,False,,False,True,26.3,52.0,1003.1,False,28.0,69,3.2,True,False,False,False,False,False,+72.893,+2.029,72.893,2.029,6366.474,96.495,,,30.537,42.209,23.749,6300.544,6342.753,6366.502,6269.979
2019,Bahrain Grand Prix,2,Bahrain,Sakhir,0 days 01:47:42.820000,HUL,27,0 days 00:01:36.346000,45.0,3.0,,Nico Hulkenberg,,0 days 00:00:30.700000,0 days 00:00:41.981000,0 days 00:00:23.665000,0 days 01:46:37.202000,0 days 01:47:19.183000,0 days 01:47:42.848000,235.0,250.0,285.0,300.0,False,MEDIUM,13.0,True,Renault,0 days 01:46:06.474000,,1,6.0,False,,False,True,26.3,52.5,1003.4,False,27.8,59,2.5,True,False,False,False,False,False,+73.261,+2.693,73.261,2.693,6462.82,96.346,,,30.7,41.981,23.665,6397.202,6439.183,6462.848,6366.474
2019,Bahrain Grand Prix,2,Bahrain,Sakhir,0 days 01:49:18.877000,HUL,27,0 days 00:01:36.057000,46.0,3.0,,Nico Hulkenberg,,0 days 00:00:30.396000,0 days 00:00:41.898000,0 days 00:00:23.763000,0 days 01:48:13.244000,0 days 01:48:55.142000,0 days 01:49:18.905000,236.0,251.0,285.0,302.0,False,MEDIUM,14.0,True,Renault,0 days 01:47:42.820000,,1,6.0,False,,False,True,26.3,52.7,1003.2,False,27.7,63,3.1,True,False,False,False,False,False,+71.353,+2.984,71.353,2.984,6558.877,96.057,,,30.396,41.898,23.763,6493.244,6535.142,6558.905,6462.82
2019,Bahrain Grand Prix,2,Bahrain,Sakhir,0 days 01:50:55.271000,HUL,27,0 days 00:01:36.394000,47.0,3.0,,Nico Hulkenberg,,0 days 00:00:30.523000,0 days 00:00:42.220000,0 days 00:00:23.651000,0 days 01:49:49.428000,0 days 01:50:31.648000,0 days 01:50:55.299000,234.0,252.0,285.0,300.0,False,MEDIUM,15.0,True,Renault,0 days 01:49:18.877000,,1,6.0,False,,False,True,26.2,52.9,1003.4,False,27.7,39,2.6,True,False,False,False,False,False,+67.908,+3.659,67.908,3.659,6655.271,96.394,,,30.523,42.22,23.651,6589.428,6631.648,6655.299,6558.877
2019,Bahrain Grand Prix,2,Bahrain,Sakhir,0 days 01:52:31.461000,HUL,27,0 days 00:01:36.190000,48.0,3.0,,Nico Hulkenberg,,0 days 00:00:30.446000,0 days 00:00:42.101000,0 days 00:00:23.643000,0 days 01:51:25.745000,0 days 01:52:07.846000,0 days 01:52:31.489000,236.0,252.0,284.0,300.0,False,MEDIUM,16.0,True,Renault,0 days 01:50:55.271000,,1,6.0,False,,False,True,26.2,53.2,1003.3,False,27.6,33,3.3,True,False,False,False,False,False,+64.248,+4.005,64.248,4.005,6751.461,96.19,,,30.446,42.101,23.643,6685.745,6727.846,6751.489,6655.271
2019,Bahrain Grand Prix,2,Bahrain,Sakhir,0 days 01:54:08.240000,HUL,27,0 days 00:01:36.779000,49.0,3.0,,Nico Hulkenberg,,0 days 00:00:30.548000,0 days 00:00:42.323000,0 days 00:00:23.908000,0 days 01:53:02.037000,0 days 01:53:44.360000,0 days 01:54:08.268000,236.0,247.0,284.0,300.0,False,MEDIUM,17.0,True,Renault,0 days 01:52:31.461000,,1,6.0,False,,False,True,26.2,53.3,1003.4,False,27.6,56,3.3,True,False,False,False,False,False,+64.241,+4.721,64.241,4.721,6848.24,96.779,,,30.548,42.323,23.908,6782.037,6824.36,6848.268,6751.461
2019,Bahrain Grand Prix,2,Bahrain,Sakhir,0 days 01:55:44.510000,HUL,27,0 days 00:01:36.270000,50.0,3.0,,Nico Hulkenberg,,0 days 00:00:30.472000,0 days 00:00:42.035000,0 days 00:00:23.763000,0 days 01:54:38.740000,0 days 01:55:20.775000,0 days 01:55:44.538000,237.0,252.0,285.0,301.0,False,MEDIUM,18.0,True,Renault,0 days 01:54:08.240000,,1,6.0,False,,False,True,26.1,53.8,1003.1,False,27.5,60,2.9,True,False,False,False,False,False,+64.205,+4.913,64.205,4.913,6944.51,96.27,,,30.472,42.035,23.763,6878.74,6920.775,6944.538,6848.24
2019,Bahrain Grand Prix,2,Bahrain,Sakhir,0 days 01:57:20.841000,HUL,27,0 days 00:01:36.331000,51.0,3.0,,Nico Hulkenberg,,0 days 00:00:30.436000,0 days 00:00:42.125000,0 days 00:00:23.770000,0 days 01:56:14.974000,0 days 01:56:57.099000,0 days 01:57:20.869000,236.0,253.0,286.0,300.0,False,MEDIUM,19.0,True,Renault,0 days 01:55:44.510000,,1,6.0,False,,False,True,26.1,53.6,1003.0,False,27.5,19,3.6,True,False,False,False,False,False,+64.136,+4.834,64.136,4.834,7040.841,96.331,,,30.436,42.125,23.77,6974.974,7017.099,7040.869,6944.51
2019,Bahrain Grand Prix,2,Bahrain,Sakhir,0 days 01:58:58.200000,HUL,27,0 days 00:01:37.359000,52.0,3.0,,Nico Hulkenberg,,0 days 00:00:30.968000,0 days 00:00:42.614000,0 days 00:00:23.777000,0 days 01:57:51.837000,0 days 01:58:34.451000,0 days 01:58:58.228000,235.0,254.0,284.0,303.0,False,MEDIUM,20.0,True,Renault,0 days 01:57:20.841000,,1,6.0,False,,False,True,26.1,53.7,1003.3,False,27.5,44,2.5,True,False,False,False,False,False,+63.490,+6.409,63.49,6.409,7138.2,97.359,,,30.968,42.614,23.777,7071.837,7114.451,7138.228,7040.841
2019,Bahrain Grand Prix,2,Bahrain,Sakhir,0 days 02:00:35.486000,HUL,27,0 days 00:01:37.286000,53.0,3.0,,Nico Hulkenberg,,0 days 00:00:30.622000,0 days 00:00:42.859000,0 days 00:00:23.805000,0 days 01:59:28.850000,0 days 02:00:11.709000,0 days 02:00:35.514000,235.0,252.0,284.0,300.0,False,MEDIUM,21.0,True,Renault,0 days 01:58:58.200000,,1,6.0,False,,False,True,26.1,53.9,1003.3,False,27.6,52,2.6,True,False,False,False,False,False,+64.116,+7.499,64.116,7.499,7235.486,97.286,,,30.622,42.859,23.805,7168.85,7211.709,7235.514,7138.2
2019,Bahrain Grand Prix,2,Bahrain,Sakhir,0 days 02:03:05.486000,HUL,27,,54.0,3.0,,Nico Hulkenberg,,,,,,,,,,,,,MEDIUM,22.0,True,Renault,0 days 02:00:35.486000,,124,,False,,True,False,26.1,54.0,1003.3,False,27.6,39,3.0,True,True,True,False,False,False,+63.698,+7.514,63.698,7.514,7385.486,,,,,,,,,,7235.486
2019,Bahrain Grand Prix,2,Bahrain,Sakhir,0 days 00:35:15.115000,RIC,3,0 days 00:01:43.535000,1.0,1.0,,Daniel Ricciardo,,,0 days 00:00:44.498000,0 days 00:00:24.020000,,0 days 00:34:51.152000,0 days 00:35:15.256000,236.0,243.0,283.0,232.0,False,SOFT,1.0,True,Renault,0 days 00:33:31.386000,,12,9.0,False,,False,False,26.1,54.5,1003.3,False,29.2,16,2.3,True,True,False,False,False,False,+6.009,+0.462,6.009,0.462,2115.115,103.535,,,,44.498,24.02,,2091.152,2115.256,2011.386
2019,Bahrain Grand Prix,2,Bahrain,Sakhir,0 days 00:36:54.064000,RIC,3,0 days 00:01:38.949000,2.0,1.0,,Daniel Ricciardo,,0 days 00:00:31.321000,0 days 00:00:43.406000,0 days 00:00:24.222000,0 days 00:35:46.480000,0 days 00:36:29.886000,0 days 00:36:54.108000,235.0,242.0,280.0,308.0,True,SOFT,2.0,True,Renault,0 days 00:35:15.115000,,21,9.0,False,,False,True,26.1,53.9,1003.5,False,29.3,22,2.3,True,True,False,False,False,False,+8.340,+0.598,8.34,0.598,2214.064,98.949,,,31.321,43.406,24.222,2146.48,2189.886,2214.108,2115.115
2019,Bahrain Grand Prix,2,Bahrain,Sakhir,0 days 00:38:32.766000,RIC,3,0 days 00:01:38.702000,3.0,1.0,,Daniel Ricciardo,,0 days 00:00:31.184000,0 days 00:00:43.227000,0 days 00:00:24.291000,0 days 00:37:25.292000,0 days 00:38:08.519000,0 days 00:38:32.810000,233.0,244.0,293.0,302.0,True,SOFT,3.0,True,Renault,0 days 00:36:54.064000,,1,9.0,False,,False,True,26.2,53.6,1003.4,False,29.3,11,1.6,True,False,False,False,False,False,+10.134,+0.444,10.134,0.444,2312.766,98.702,,,31.184,43.227,24.291,2245.292,2288.519,2312.81,2214.064
2019,Bahrain Grand Prix,2,Bahrain,Sakhir,0 days 00:40:11.708000,RIC,3,0 days 00:01:38.942000,4.0,1.0,,Daniel Ricciardo,,0 days 00:00:30.914000,0 days 00:00:43.695000,0 days 00:00:24.333000,0 days 00:39:03.724000,0 days 00:39:47.419000,0 days 00:40:11.752000,232.0,246.0,287.0,332.0,False,SOFT,4.0,True,Renault,0 days 00:38:32.766000,,12,7.0,False,,False,True,26.2,53.8,1003.4,False,29.3,36,1.9,True,True,False,False,False,False,+11.720,+0.844,11.72,0.844,2411.708,98.942,,,30.914,43.695,24.333,2343.724,2387.419,2411.752,2312.766
2019,Bahrain Grand Prix,2,Bahrain,Sakhir,0 days 00:41:50.288000,RIC,3,0 days 00:01:38.580000,5.0,1.0,,Daniel Ricciardo,,0 days 00:00:30.928000,0 days 00:00:43.409000,0 days 00:00:24.243000,0 days 00:40:42.680000,0 days 00:41:26.089000,0 days 00:41:50.332000,223.0,244.0,289.0,318.0,True,SOFT,5.0,True,Renault,0 days 00:40:11.708000,,1,7.0,False,,False,True,26.2,54.0,1003.5,False,29.2,41,3.1,True,False,False,False,False,False,+12.159,+0.511,12.159,0.511,2510.288,98.58,,,30.928,43.409,24.243,2442.68,2486.089,2510.332,2411.708
2019,Bahrain Grand Prix,2,Bahrain,Sakhir,0 days 00:43:28.811000,RIC,3,0 days 00:01:38.523000,6.0,1.0,,Daniel Ricciardo,,0 days 00:00:31.227000,0 days 00:00:43.123000,0 days 00:00:24.173000,0 days 00:42:21.559000,0 days 00:43:04.682000,0 days 00:43:28.855000,233.0,247.0,279.0,326.0,True,SOFT,6.0,True,Renault,0 days 00:41:50.288000,,12,6.0,False,,False,True,26.2,53.9,1003.5,False,29.2,29,3.1,True,True,False,False,False,False,+13.773,+4.675,13.773,4.675,2608.811,98.523,,,31.227,43.123,24.173,2541.559,2584.682,2608.855,2510.288
2019,Bahrain Grand Prix,2,Bahrain,Sakhir,0 days 00:45:07,RIC,3,0 days 00:01:38.189000,7.0,1.0,,Daniel Ricciardo,,0 days 00:00:31.130000,0 days 00:00:42.972000,0 days 00:00:24.087000,0 days 00:43:59.985000,0 days 00:44:42.957000,0 days 00:45:07.044000,232.0,245.0,279.0,294.0,True,SOFT,7.0,True,Renault,0 days 00:43:28.811000,,1,6.0,False,,False,True,26.2,54.3,1003.4,False,29.2,3,2.3,True,False,False,False,False,False,+14.894,+5.563,14.894,5.563,2707.0,98.189,,,31.13,42.972,24.087,2639.985,2682.957,2707.044,2608.811
2019,Bahrain Grand Prix,2,Bahrain,Sakhir,0 days 00:46:44.922000,RIC,3,0 days 00:01:37.922000,8.0,1.0,,Daniel Ricciardo,,0 days 00:00:31.031000,0 days 00:00:42.786000,0 days 00:00:24.105000,0 days 00:45:38.075000,0 days 00:46:20.861000,0 days 00:46:44.966000,234.0,246.0,279.0,294.0,True,SOFT,8.0,True,Renault,0 days 00:45:07,,1,6.0,False,,False,True,26.2,54.2,1003.6,False,29.1,40,2.9,True,False,False,False,False,False,+15.031,+5.825,15.031,5.825,2804.922,97.922,,,31.031,42.786,24.105,2738.075,2780.861,2804.966,2707.0
2019,Bahrain Grand Prix,2,Bahrain,Sakhir,0 days 00:48:23.080000,RIC,3,0 days 00:01:38.158000,9.0,1.0,,Daniel Ricciardo,,0 days 00:00:31.177000,0 days 00:00:42.794000,0 days 00:00:24.187000,0 days 00:47:16.143000,0 days 00:47:58.937000,0 days 00:48:23.124000,233.0,247.0,279.0,295.0,False,SOFT,9.0,True,Renault,0 days 00:46:44.922000,,1,6.0,False,,False,True,26.2,54.3,1003.5,False,29.1,355,2.4,True,False,False,False,False,False,+15.979,+6.497,15.979,6.497,2903.08,98.158,,,31.177,42.794,24.187,2836.143,2878.937,2903.124,2804.922
2019,Bahrain Grand Prix,2,Bahrain,Sakhir,0 days 00:50:01.105000,RIC,3,0 days 00:01:38.025000,10.0,1.0,,Daniel Ricciardo,,0 days 00:00:31.026000,0 days 00:00:42.838000,0 days 00:00:24.161000,0 days 00:48:54.150000,0 days 00:49:36.988000,0 days 00:50:01.149000,234.0,246.0,280.0,292.0,False,SOFT,10.0,True,Renault,0 days 00:48:23.080000,,1,6.0,False,,False,True,26.2,54.3,1003.6,False,28.9,41,2.7,True,False,False,False,False,False,+16.740,+6.872,16.74,6.872,3001.105,98.025,,,31.026,42.838,24.161,2934.15,2976.988,3001.149,2903.08
2019,Bahrain Grand Prix,2,Bahrain,Sakhir,0 days 00:51:39.251000,RIC,3,0 days 00:01:38.146000,11.0,1.0,,Daniel Ricciardo,,0 days 00:00:30.923000,0 days 00:00:42.895000,0 days 00:00:24.328000,0 days 00:50:32.072000,0 days 00:51:14.967000,0 days 00:51:39.295000,233.0,247.0,279.0,298.0,False,SOFT,11.0,True,Renault,0 days 00:50:01.105000,,1,6.0,False,,False,True,26.1,54.9,1003.6,False,28.8,22,1.9,True,False,False,False,False,False,+17.691,+6.796,17.691,6.796,3099.251,98.146,,,30.923,42.895,24.328,3032.072,3074.967,3099.295,3001.105
2019,Bahrain Grand Prix,2,Bahrain,Sakhir,0 days 00:53:17.667000,RIC,3,0 days 00:01:38.416000,12.0,1.0,,Daniel Ricciardo,,0 days 00:00:31.120000,0 days 00:00:43.200000,0 days 00:00:24.096000,0 days 00:52:10.415000,0 days 00:52:53.615000,0 days 00:53:17.711000,233.0,244.0,281.0,298.0,False,SOFT,12.0,True,Renault,0 days 00:51:39.251000,,12,5.0,False,,False,True,26.1,55.1,1003.5,False,28.8,334,2.5,True,True,False,False,False,False,+18.658,+9.931,18.658,9.931,3197.667,98.416,,,31.12,43.2,24.096,3130.415,3173.615,3197.711,3099.251
2019,Bahrain Grand Prix,2,Bahrain,Sakhir,0 days 00:54:55.727000,RIC,3,0 days 00:01:38.060000,13.0,1.0,,Daniel Ricciardo,,0 days 00:00:31.060000,0 days 00:00:42.883000,0 days 00:00:24.117000,0 days 00:53:48.771000,0 days 00:54:31.654000,0 days 00:54:55.771000,235.0,244.0,279.0,299.0,False,SOFT,13.0,True,Renault,0 days 00:53:17.667000,,1,4.0,False,,False,True,26.1,54.9,1003.6,False,28.8,31,2.5,True,False,False,False,False,False,+15.559,+14.349,15.559,14.349,3295.727,98.06,,,31.06,42.883,24.117,3228.771,3271.654,3295.771,3197.667
2019,Bahrain Grand Prix,2,Bahrain,Sakhir,0 days 00:56:34.010000,RIC,3,0 days 00:01:38.283000,14.0,1.0,,Daniel Ricciardo,,0 days 00:00:31.007000,0 days 00:00:43.067000,0 days 00:00:24.209000,0 days 00:55:26.778000,0 days 00:56:09.845000,0 days 00:56:34.054000,234.0,246.0,279.0,299.0,False,SOFT,14.0,True,Renault,0 days 00:54:55.727000,,1,2.0,False,,False,True,26.1,55.2,1003.7,False,28.9,352,1.6,True,False,False,False,False,False,+16.039,+16.039,16.039,16.039,3394.01,98.283,,,31.007,43.067,24.209,3326.778,3369.845,3394.054,3295.727
2019,Bahrain Grand Prix,2,Bahrain,Sakhir,0 days 00:58:12.977000,RIC,3,0 days 00:01:38.967000,15.0,1.0,,Daniel Ricciardo,,0 days 00:00:31.397000,0 days 00:00:43.376000,0 days 00:00:24.194000,0 days 00:57:05.451000,0 days 00:57:48.827000,0 days 00:58:13.021000,235.0,245.0,280.0,299.0,False,SOFT,15.0,True,Renault,0 days 00:56:34.010000,,1,2.0,False,,False,True,26.1,55.1,1003.8,False,28.8,29,1.8,True,False,False,False,False,False,+3.843,+3.843,3.843,3.843,3492.977,98.967,,,31.397,43.376,24.194,3425.451,3468.827,3493.021,3394.01
2019,Bahrain Grand Prix,2,Bahrain,Sakhir,0 days 00:59:52.732000,RIC,3,0 days 00:01:39.755000,16.0,1.0,,Daniel Ricciardo,,0 days 00:00:31.463000,0 days 00:00:43.888000,0 days 00:00:24.404000,0 days 00:58:44.484000,0 days 00:59:28.372000,0 days 00:59:52.776000,234.0,243.0,280.0,287.0,False,SOFT,16.0,True,Renault,0 days 00:58:12.977000,,1,4.0,False,,False,True,26.1,55.3,1003.7,False,28.8,17,2.0,True,False,False,False,False,False,+8.769,+1.831,8.769,1.831,3592.732,99.755,,,31.463,43.888,24.404,3524.484,3568.372,3592.776,3492.977
2019,Bahrain Grand Prix,2,Bahrain,Sakhir,0 days 01:01:31.452000,RIC,3,0 days 00:01:38.720000,17.0,1.0,,Daniel Ricciardo,,0 days 00:00:30.995000,0 days 00:00:43.233000,0 days 00:00:24.492000,0 days 01:00:23.771000,0 days 01:01:07.004000,0 days 01:01:31.496000,233.0,244.0,279.0,301.0,False,SOFT,17.0,True,Renault,0 days 00:59:52.732000,,1,4.0,False,,False,True,26.1,55.5,1003.7,False,28.7,34,2.4,True,False,False,False,False,False,+12.272,+5.252,12.272,5.252,3691.452,98.72,,,30.995,43.233,24.492,3623.771,3667.004,3691.496,3592.732
2019,Bahrain Grand Prix,2,Bahrain,Sakhir,0 days 01:03:12.125000,RIC,3,0 days 00:01:40.673000,18.0,1.0,,Daniel Ricciardo,,0 days 00:00:31.759000,0 days 00:00:44.428000,0 days 00:00:24.486000,0 days 01:02:03.255000,0 days 01:02:47.683000,0 days 01:03:12.169000,233.0,241.0,281.0,299.0,False,SOFT,18.0,True,Renault,0 days 01:01:31.452000,,1,6.0,False,,False,True,26.1,55.3,1003.7,False,28.7,2,2.7,True,False,False,False,False,False,+17.495,+1.401,17.495,1.401,3792.125,100.673,,,31.759,44.428,24.486,3723.255,3767.683,3792.169,3691.452
2019,Bahrain Grand Prix,2,Bahrain,Sakhir,0 days 01:04:51.320000,RIC,3,0 days 00:01:39.195000,19.0,1.0,,Daniel Ricciardo,,0 days 00:00:31.062000,0 days 00:00:43.670000,0 days 00:00:24.463000,0 days 01:03:43.231000,0 days 01:04:26.901000,0 days 01:04:51.364000,232.0,239.0,279.0,304.0,False,SOFT,19.0,True,Renault,0 days 01:03:12.125000,,1,6.0,False,,False,True,26.1,54.8,1003.7,False,28.8,85,2.2,True,False,False,False,False,False,+20.903,+3.878,20.903,3.878,3891.32,99.195,,,31.062,43.67,24.463,3823.231,3866.901,3891.364,3792.125
2019,Bahrain Grand Prix,2,Bahrain,Sakhir,0 days 01:06:30.858000,RIC,3,0 days 00:01:39.538000,20.0,1.0,,Daniel Ricciardo,,0 days 00:00:31.276000,0 days 00:00:43.727000,0 days 00:00:24.535000,0 days 01:05:22.640000,0 days 01:06:06.367000,0 days 01:06:30.902000,231.0,244.0,280.0,299.0,False,SOFT,20.0,True,Renault,0 days 01:04:51.320000,,1,6.0,False,,False,True,26.1,54.0,1003.7,False,28.8,59,2.3,True,False,False,False,False,False,+24.394,+6.353,24.394,6.353,3990.858,99.538,,,31.276,43.727,24.535,3922.64,3966.367,3990.902,3891.32
2019,Bahrain Grand Prix,2,Bahrain,Sakhir,0 days 01:08:09.856000,RIC,3,0 days 00:01:38.998000,21.0,1.0,,Daniel Ricciardo,,0 days 00:00:31.247000,0 days 00:00:43.328000,0 days 00:00:24.423000,0 days 01:07:02.149000,0 days 01:07:45.477000,0 days 01:08:09.900000,234.0,245.0,279.0,301.0,False,SOFT,21.0,True,Renault,0 days 01:06:30.858000,,1,6.0,False,,False,True,26.3,53.4,1003.5,False,29.0,31,3.0,True,False,False,False,False,False,+27.397,+8.686,27.397,8.686,4089.856,98.998,,,31.247,43.328,24.423,4022.149,4065.477,4089.9,3990.858
2019,Bahrain Grand Prix,2,Bahrain,Sakhir,0 days 01:09:49.305000,RIC,3,0 days 00:01:39.449000,22.0,1.0,,Daniel Ricciardo,,0 days 00:00:31.417000,0 days 00:00:43.500000,0 days 00:00:24.532000,0 days 01:08:41.317000,0 days 01:09:24.817000,0 days 01:09:49.349000,234.0,242.0,279.0,300.0,False,SOFT,22.0,True,Renault,0 days 01:08:09.856000,,1,6.0,False,,False,True,26.3,52.8,1003.5,False,28.8,50,2.2,True,False,False,False,False,False,+30.742,+11.001,30.742,11.001,4189.305,99.449,,,31.417,43.5,24.532,4121.317,4164.817,4189.349,4089.856
2019,Bahrain Grand Prix,2,Bahrain,Sakhir,0 days 01:11:29.280000,RIC,3,0 days 00:01:39.975000,23.0,1.0,,Daniel Ricciardo,,0 days 00:00:31.356000,0 days 00:00:44.042000,0 days 00:00:24.577000,0 days 01:10:20.705000,0 days 01:11:04.747000,0 days 01:11:29.324000,234.0,237.0,280.0,301.0,False,SOFT,23.0,True,Renault,0 days 01:09:49.305000,,1,6.0,False,,False,True,26.3,52.2,1003.6,False,28.9,63,2.5,True,False,False,False,False,False,+34.614,+13.576,34.614,13.576,4289.28,99.975,,,31.356,44.042,24.577,4220.705,4264.747,4289.324,4189.305
2019,Bahrain Grand Prix,2,Bahrain,Sakhir,0 days 01:13:12.012000,RIC,3,0 days 00:01:42.732000,24.0,1.0,,Daniel Ricciardo,0 days 01:13:10.336000,0 days 00:00:31.387000,0 days 00:00:43.901000,0 days 00:00:27.444000,0 days 01:12:00.711000,0 days 01:12:44.612000,0 days 01:13:12.056000,236.0,241.0,,301.0,False,SOFT,24.0,True,Renault,0 days 01:11:29.280000,,1,9.0,False,,False,False,26.4,51.3,1003.3,False,28.9,9,2.9,True,False,False,False,False,False,+38.530,+16.243,38.53,16.243,4392.012,102.732,4390.336,,31.387,43.901,27.444,4320.711,4364.612,4392.056,4289.28
2019,Bahrain Grand Prix,2,Bahrain,Sakhir,0 days 01:15:12.085000,RIC,3,0 days 00:02:00.073000,25.0,2.0,0 days 01:13:35.987000,Daniel Ricciardo,,0 days 00:00:53.054000,0 days 00:00:43.085000,0 days 00:00:23.934000,0 days 01:14:05.110000,0 days 01:14:48.195000,0 days 01:15:12.129000,233.0,245.0,281.0,225.0,False,MEDIUM,1.0,True,Renault,0 days 01:13:12.012000,,1,13.0,False,,False,False,26.5,51.3,1003.4,False,28.9,37,2.2,True,False,False,False,False,False,+64.919,+6.363,64.919,6.363,4512.085,120.073,,4415.987,53.054,43.085,23.934,4445.11,4488.195,4512.129,4392.012
2019,Bahrain Grand Prix,2,Bahrain,Sakhir,0 days 01:16:49.918000,RIC,3,0 days 00:01:37.833000,26.0,2.0,,Daniel Ricciardo,,0 days 00:00:31.100000,0 days 00:00:42.664000,0 days 00:00:24.069000,0 days 01:15:43.229000,0 days 01:16:25.893000,0 days 01:16:49.962000,235.0,248.0,280.0,301.0,True,MEDIUM,2.0,True,Renault,0 days 01:15:12.085000,,1,12.0,False,,False,True,26.5,50.9,1003.4,False,28.8,39,2.1,True,False,False,False,False,False,+66.445,+4.307,66.445,4.307,4609.918,97.833,,,31.1,42.664,24.069,4543.229,4585.893,4609.962,4512.085
2019,Bahrain Grand Prix,2,Bahrain,Sakhir,0 days 01:18:27.945000,RIC,3,0 days 00:01:38.027000,27.0,2.0,,Daniel Ricciardo,,0 days 00:00:31.246000,0 days 00:00:42.921000,0 days 00:00:23.860000,0 days 01:17:21.208000,0 days 01:18:04.129000,0 days 01:18:27.989000,236.0,247.0,283.0,300.0,False,MEDIUM,3.0,True,Renault,0 days 01:16:49.918000,,1,12.0,False,,False,True,26.5,50.4,1003.3,False,28.8,44,2.5,True,False,False,False,False,False,+67.517,+3.020,67.517,3.02,4707.945,98.027,,,31.246,42.921,23.86,4641.208,4684.129,4707.989,4609.918
2019,Bahrain Grand Prix,2,Bahrain,Sakhir,0 days 01:20:05.918000,RIC,3,0 days 00:01:37.973000,28.0,2.0,,Daniel Ricciardo,,0 days 00:00:31.226000,0 days 00:00:42.982000,0 days 00:00:23.765000,0 days 01:18:59.215000,0 days 01:19:42.197000,0 days 01:20:05.962000,235.0,244.0,283.0,300.0,False,MEDIUM,4.0,True,Renault,0 days 01:18:27.945000,,1,12.0,False,,False,True,26.5,49.0,1003.2,False,28.8,40,3.2,True,False,False,False,False,False,+68.254,+1.509,68.254,1.509,4805.918,97.973,,,31.226,42.982,23.765,4739.215,4782.197,4805.962,4707.945
2019,Bahrain Grand Prix,2,Bahrain,Sakhir,0 days 01:21:44.285000,RIC,3,0 days 00:01:38.367000,29.0,2.0,,Daniel Ricciardo,,0 days 00:00:31.147000,0 days 00:00:43.048000,0 days 00:00:24.172000,0 days 01:20:37.109000,0 days 01:21:20.157000,0 days 01:21:44.329000,235.0,242.0,293.0,301.0,False,MEDIUM,5.0,True,Renault,0 days 01:20:05.918000,,1,12.0,False,,False,True,26.6,48.8,1003.4,False,28.8,27,3.0,True,False,False,False,False,False,+69.906,+0.332,69.906,0.332,4904.285,98.367,,,31.147,43.048,24.172,4837.109,4880.157,4904.329,4805.918
2019,Bahrain Grand Prix,2,Bahrain,Sakhir,0 days 01:23:21.702000,RIC,3,0 days 00:01:37.417000,30.0,2.0,,Daniel Ricciardo,,0 days 00:00:30.657000,0 days 00:00:42.928000,0 days 00:00:23.832000,0 days 01:22:14.986000,0 days 01:22:57.914000,0 days 01:23:21.746000,235.0,246.0,282.0,319.0,True,MEDIUM,6.0,True,Renault,0 days 01:21:44.285000,,1,11.0,False,,False,True,26.6,48.9,1003.4,False,28.7,22,2.9,True,False,False,False,False,False,+70.236,+3.744,70.236,3.744,5001.702,97.417,,,30.657,42.928,23.832,4934.986,4977.914,5001.746,4904.285
2019,Bahrain Grand Prix,2,Bahrain,Sakhir,0 days 01:24:59.532000,RIC,3,0 days 00:01:37.830000,31.0,2.0,,Daniel Ricciardo,,0 days 00:00:30.954000,0 days 00:00:42.866000,0 days 00:00:24.010000,0 days 01:23:52.700000,0 days 01:24:35.566000,0 days 01:24:59.576000,237.0,247.0,282.0,301.0,False,MEDIUM,7.0,True,Renault,0 days 01:23:21.702000,,1,11.0,False,,False,True,26.6,49.2,1003.4,False,28.6,50,2.5,True,False,False,False,False,False,+71.389,+2.281,71.389,2.281,5099.532,97.83,,,30.954,42.866,24.01,5032.7,5075.566,5099.576,5001.702
2019,Bahrain Grand Prix,2,Bahrain,Sakhir,0 days 01:26:37.420000,RIC,3,0 days 00:01:37.888000,32.0,2.0,,Daniel Ricciardo,,0 days 00:00:31.041000,0 days 00:00:43.003000,0 days 00:00:23.844000,0 days 01:25:30.617000,0 days 01:26:13.620000,0 days 01:26:37.464000,235.0,253.0,293.0,302.0,False,MEDIUM,8.0,True,Renault,0 days 01:24:59.532000,,1,11.0,False,,False,True,26.6,49.5,1003.2,False,28.5,36,3.1,True,False,False,False,False,False,+72.156,+0.422,72.156,0.422,5197.42,97.888,,,31.041,43.003,23.844,5130.617,5173.62,5197.464,5099.532
2019,Bahrain Grand Prix,2,Bahrain,Sakhir,0 days 01:28:14.789000,RIC,3,0 days 00:01:37.369000,33.0,2.0,,Daniel Ricciardo,,0 days 00:00:30.425000,0 days 00:00:42.944000,0 days 00:00:24,0 days 01:27:07.889000,0 days 01:27:50.833000,0 days 01:28:14.833000,237.0,244.0,282.0,321.0,True,MEDIUM,9.0,True,Renault,0 days 01:26:37.420000,,1,9.0,False,,False,True,26.6,49.7,1003.2,False,28.4,19,2.6,True,False,False,False,False,False,+72.844,+11.166,72.844,11.166,5294.789,97.369,,,30.425,42.944,24.0,5227.889,5270.833,5294.833,5197.42
2019,Bahrain Grand Prix,2,Bahrain,Sakhir,0 days 01:29:52.724000,RIC,3,0 days 00:01:37.935000,34.0,2.0,,Daniel Ricciardo,,0 days 00:00:31.203000,0 days 00:00:42.788000,0 days 00:00:23.944000,0 days 01:28:46.036000,0 days 01:29:28.824000,0 days 01:29:52.768000,236.0,243.0,283.0,300.0,False,MEDIUM,10.0,True,Renault,0 days 01:28:14.789000,,1,8.0,False,,False,True,26.6,49.9,1003.2,False,28.4,54,2.6,True,False,False,False,False,False,+73.688,+15.561,73.688,15.561,5392.724,97.935,,,31.203,42.788,23.944,5326.036,5368.824,5392.768,5294.789
2019,Bahrain Grand Prix,2,Bahrain,Sakhir,0 days 01:31:30.515000,RIC,3,0 days 00:01:37.791000,35.0,2.0,,Daniel Ricciardo,,0 days 00:00:30.821000,0 days 00:00:43.157000,0 days 00:00:23.813000,0 days 01:30:23.589000,0 days 01:31:06.746000,0 days 01:31:30.559000,237.0,251.0,282.0,301.0,False,MEDIUM,11.0,True,Renault,0 days 01:29:52.724000,,1,7.0,False,,False,True,26.5,50.2,1003.4,False,28.3,50,2.3,True,False,False,False,False,False,+74.560,+8.489,74.56,8.489,5490.515,97.791,,,30.821,43.157,23.813,5423.589,5466.746,5490.559,5392.724
2019,Bahrain Grand Prix,2,Bahrain,Sakhir,0 days 01:33:08.211000,RIC,3,0 days 00:01:37.696000,36.0,2.0,,Daniel Ricciardo,,0 days 00:00:30.975000,0 days 00:00:42.747000,0 days 00:00:23.974000,0 days 01:32:01.534000,0 days 01:32:44.281000,0 days 01:33:08.255000,237.0,249.0,282.0,300.0,False,MEDIUM,12.0,True,Renault,0 days 01:31:30.515000,,1,7.0,False,,False,True,26.5,50.5,1003.3,False,28.3,43,3.1,True,False,False,False,False,False,+74.224,+7.509,74.224,7.509,5588.211,97.696,,,30.975,42.747,23.974,5521.534,5564.281,5588.255,5490.515
2019,Bahrain Grand Prix,2,Bahrain,Sakhir,0 days 01:34:46.373000,RIC,3,0 days 00:01:38.162000,37.0,2.0,,Daniel Ricciardo,,0 days 00:00:31.142000,0 days 00:00:42.961000,0 days 00:00:24.059000,0 days 01:33:39.397000,0 days 01:34:22.358000,0 days 01:34:46.417000,234.0,248.0,283.0,298.0,False,MEDIUM,13.0,True,Renault,0 days 01:33:08.211000,,12,7.0,False,,False,True,26.5,50.8,1003.4,False,28.3,17,2.8,True,True,False,False,False,False,+54.943,+7.145,54.943,7.145,5686.373,98.162,,,31.142,42.961,24.059,5619.397,5662.358,5686.417,5588.211
2019,Bahrain Grand Prix,2,Bahrain,Sakhir,0 days 01:36:24.456000,RIC,3,0 days 00:01:38.083000,38.0,2.0,,Daniel Ricciardo,,0 days 00:00:30.993000,0 days 00:00:43.256000,0 days 00:00:23.834000,0 days 01:35:17.410000,0 days 01:36:00.666000,0 days 01:36:24.500000,236.0,245.0,283.0,299.0,False,MEDIUM,14.0,True,Renault,0 days 01:34:46.373000,,1,7.0,False,,False,True,26.5,50.9,1003.2,False,28.2,55,3.0,True,False,False,False,False,False,+59.617,+6.049,59.617,6.049,5784.456,98.083,,,30.993,43.256,23.834,5717.41,5760.666,5784.5,5686.373
2019,Bahrain Grand Prix,2,Bahrain,Sakhir,0 days 01:38:03.031000,RIC,3,0 days 00:01:38.575000,39.0,2.0,,Daniel Ricciardo,,0 days 00:00:31.585000,0 days 00:00:43.088000,0 days 00:00:23.902000,0 days 01:36:56.085000,0 days 01:37:39.173000,0 days 01:38:03.075000,231.0,251.0,285.0,306.0,False,MEDIUM,15.0,True,Renault,0 days 01:36:24.456000,,1,7.0,False,,False,True,26.4,51.3,1003.3,False,28.1,52,2.8,True,False,False,False,False,False,+63.712,+1.302,63.712,1.302,5883.031,98.575,,,31.585,43.088,23.902,5816.085,5859.173,5883.075,5784.456
2019,Bahrain Grand Prix,2,Bahrain,Sakhir,0 days 01:39:40.604000,RIC,3,0 days 00:01:37.573000,40.0,2.0,,Daniel Ricciardo,,0 days 00:00:30.944000,0 days 00:00:42.837000,0 days 00:00:23.792000,0 days 01:38:34.019000,0 days 01:39:16.856000,0 days 01:39:40.648000,233.0,249.0,284.0,298.0,False,MEDIUM,16.0,True,Renault,0 days 01:38:03.031000,,12,6.0,False,,False,True,26.4,51.5,1003.3,False,28.0,45,2.4,True,True,False,False,False,False,+66.877,+1.631,66.877,1.631,5980.604,97.573,,,30.944,42.837,23.792,5914.019,5956.856,5980.648,5883.031
2019,Bahrain Grand Prix,2,Bahrain,Sakhir,0 days 01:41:18.532000,RIC,3,0 days 00:01:37.928000,41.0,2.0,,Daniel Ricciardo,,0 days 00:00:30.969000,0 days 00:00:42.982000,0 days 00:00:23.977000,0 days 01:40:11.617000,0 days 01:40:54.599000,0 days 01:41:18.576000,233.0,250.0,292.0,297.0,False,MEDIUM,17.0,True,Renault,0 days 01:39:40.604000,,1,7.0,False,,False,True,26.4,51.7,1003.2,False,28.0,31,2.6,True,False,False,False,False,False,+70.412,+1.113,70.412,1.113,6078.532,97.928,,,30.969,42.982,23.977,6011.617,6054.599,6078.576,5980.604
2019,Bahrain Grand Prix,2,Bahrain,Sakhir,0 days 01:42:55.229000,RIC,3,0 days 00:01:36.697000,42.0,2.0,,Daniel Ricciardo,,0 days 00:00:30.532000,0 days 00:00:42.306000,0 days 00:00:23.859000,0 days 01:41:49.108000,0 days 01:42:31.414000,0 days 01:42:55.273000,234.0,251.0,284.0,319.0,True,MEDIUM,18.0,True,Renault,0 days 01:41:18.532000,,12,7.0,False,,False,True,26.3,51.7,1003.3,False,28.0,53,2.7,True,True,False,False,False,False,+72.433,+1.731,72.433,1.731,6175.229,96.697,,,30.532,42.306,23.859,6109.108,6151.414,6175.273,6078.532
2019,Bahrain Grand Prix,2,Bahrain,Sakhir,0 days 01:44:31.945000,RIC,3,0 days 00:01:36.716000,43.0,2.0,,Daniel Ricciardo,,0 days 00:00:30.684000,0 days 00:00:42.236000,0 days 00:00:23.796000,0 days 01:43:25.957000,0 days 01:44:08.193000,0 days 01:44:31.989000,234.0,252.0,285.0,301.0,False,MEDIUM,19.0,True,Renault,0 days 01:42:55.229000,,21,7.0,False,,False,True,26.3,51.8,1003.2,False,28.0,47,2.8,True,True,False,False,False,False,+73.855,+1.966,73.855,1.966,6271.945,96.716,,,30.684,42.236,23.796,6205.957,6248.193,6271.989,6175.229
2019,Bahrain Grand Prix,2,Bahrain,Sakhir,0 days 01:46:10.167000,RIC,3,0 days 00:01:38.222000,44.0,2.0,,Daniel Ricciardo,,0 days 00:00:31.340000,0 days 00:00:42.841000,0 days 00:00:24.041000,0 days 01:45:03.329000,0 days 01:45:46.170000,0 days 01:46:10.211000,237.0,250.0,285.0,309.0,False,MEDIUM,20.0,True,Renault,0 days 01:44:31.945000,,1,8.0,False,,False,True,26.3,52.0,1003.1,False,28.0,69,3.2,True,False,False,False,False,False,+76.588,+1.057,76.588,1.057,6370.167,98.222,,,31.34,42.841,24.041,6303.329,6346.17,6370.211,6271.945
2019,Bahrain Grand Prix,2,Bahrain,Sakhir,0 days 01:47:47.788000,RIC,3,0 days 00:01:37.621000,45.0,2.0,,Daniel Ricciardo,,0 days 00:00:31.073000,0 days 00:00:42.529000,0 days 00:00:24.019000,0 days 01:46:41.284000,0 days 01:47:23.813000,0 days 01:47:47.832000,234.0,250.0,284.0,310.0,False,MEDIUM,21.0,True,Renault,0 days 01:46:10.167000,,1,9.0,False,,False,True,26.3,52.5,1003.4,False,27.8,59,2.5,True,False,False,False,False,False,+78.221,+1.645,78.221,1.645,6467.788,97.621,,,31.073,42.529,24.019,6401.284,6443.813,6467.832,6370.167
2019,Bahrain Grand Prix,2,Bahrain,Sakhir,0 days 01:49:25.070000,RIC,3,0 days 00:01:37.282000,46.0,2.0,,Daniel Ricciardo,,0 days 00:00:30.658000,0 days 00:00:42.678000,0 days 00:00:23.946000,0 days 01:48:18.490000,0 days 01:49:01.168000,0 days 01:49:25.114000,234.0,250.0,284.0,300.0,False,MEDIUM,22.0,True,Renault,0 days 01:47:47.788000,,1,9.0,False,,False,True,26.3,52.7,1003.2,False,27.7,63,3.1,True,False,False,False,False,False,+77.540,+2.274,77.54,2.274,6565.07,97.282,,,30.658,42.678,23.946,6498.49,6541.168,6565.114,6467.788
2019,Bahrain Grand Prix,2,Bahrain,Sakhir,0 days 01:51:02.377000,RIC,3,0 days 00:01:37.307000,47.0,2.0,,Daniel Ricciardo,,0 days 00:00:30.669000,0 days 00:00:42.562000,0 days 00:00:24.076000,0 days 01:49:55.783000,0 days 01:50:38.345000,0 days 01:51:02.421000,233.0,251.0,284.0,298.0,False,MEDIUM,23.0,True,Renault,0 days 01:49:25.070000,,1,9.0,False,,False,True,26.2,52.9,1003.4,False,27.7,39,2.6,True,False,False,False,False,False,+75.006,+3.168,75.006,3.168,6662.377,97.307,,,30.669,42.562,24.076,6595.783,6638.345,6662.421,6565.07
2019,Bahrain Grand Prix,2,Bahrain,Sakhir,0 days 01:52:39.467000,RIC,3,0 days 00:01:37.090000,48.0,2.0,,Daniel Ricciardo,,0 days 00:00:30.713000,0 days 00:00:42.419000,0 days 00:00:23.958000,0 days 01:51:33.134000,0 days 01:52:15.553000,0 days 01:52:39.511000,234.0,249.0,283.0,297.0,False,MEDIUM,24.0,True,Renault,0 days 01:51:02.377000,,1,9.0,False,,False,True,26.2,53.2,1003.3,False,27.6,33,3.3,True,False,False,False,False,False,+72.248,+3.694,72.248,3.694,6759.467,97.09,,,30.713,42.419,23.958,6693.134,6735.553,6759.511,6662.377
2019,Bahrain Grand Prix,2,Bahrain,Sakhir,0 days 01:54:16.907000,RIC,3,0 days 00:01:37.440000,49.0,2.0,,Daniel Ricciardo,,0 days 00:00:30.758000,0 days 00:00:42.580000,0 days 00:00:24.102000,0 days 01:53:10.269000,0 days 01:53:52.849000,0 days 01:54:16.951000,234.0,248.0,284.0,298.0,False,MEDIUM,25.0,True,Renault,0 days 01:52:39.467000,,1,9.0,False,,False,True,26.2,53.3,1003.4,False,27.6,56,3.3,True,False,False,False,False,False,+72.905,+4.656,72.905,4.656,6856.907,97.44,,,30.758,42.58,24.102,6790.269,6832.849,6856.951,6759.467
2019,Bahrain Grand Prix,2,Bahrain,Sakhir,0 days 01:55:54.339000,RIC,3,0 days 00:01:37.432000,50.0,2.0,,Daniel Ricciardo,,0 days 00:00:30.786000,0 days 00:00:42.616000,0 days 00:00:24.030000,0 days 01:54:47.737000,0 days 01:55:30.353000,0 days 01:55:54.383000,234.0,250.0,285.0,299.0,False,MEDIUM,26.0,True,Renault,0 days 01:54:16.907000,,1,9.0,False,,False,True,26.1,53.8,1003.1,False,27.5,60,2.9,True,False,False,False,False,False,+74.035,+5.489,74.035,5.489,6954.339,97.432,,,30.786,42.616,24.03,6887.737,6930.353,6954.383,6856.907
2019,Bahrain Grand Prix,2,Bahrain,Sakhir,0 days 01:57:31.451000,RIC,3,0 days 00:01:37.112000,51.0,2.0,,Daniel Ricciardo,,0 days 00:00:30.673000,0 days 00:00:42.551000,0 days 00:00:23.888000,0 days 01:56:25.056000,0 days 01:57:07.607000,0 days 01:57:31.495000,235.0,249.0,285.0,310.0,False,MEDIUM,27.0,True,Renault,0 days 01:55:54.339000,,1,9.0,False,,False,True,26.1,53.7,1003.4,False,27.5,57,2.9,True,False,False,False,False,False,+74.742,+5.485,74.742,5.485,7051.451,97.112,,,30.673,42.551,23.888,6985.056,7027.607,7051.495,6954.339
2019,Bahrain Grand Prix,2,Bahrain,Sakhir,0 days 01:59:10.068000,RIC,3,0 days 00:01:38.617000,52.0,2.0,,Daniel Ricciardo,,0 days 00:00:31.249000,0 days 00:00:43.291000,0 days 00:00:24.077000,0 days 01:58:02.744000,0 days 01:58:46.035000,0 days 01:59:10.112000,237.0,245.0,283.0,309.0,False,MEDIUM,28.0,True,Renault,0 days 01:57:31.451000,,1,10.0,False,,False,True,26.1,53.7,1003.3,False,27.5,44,2.5,True,False,False,False,False,False,+75.354,+2.394,75.354,2.394,7150.068,98.617,,,31.249,43.291,24.077,7082.744,7126.035,7150.112,7051.451
2019,Bahrain Grand Prix,2,Bahrain,Sakhir,0 days 02:00:48.062000,RIC,3,0 days 00:01:37.994000,53.0,2.0,,Daniel Ricciardo,,0 days 00:00:30.977000,0 days 00:00:43.025000,0 days 00:00:23.992000,0 days 01:59:41.089000,0 days 02:00:24.114000,0 days 02:00:48.106000,232.0,244.0,282.0,297.0,False,MEDIUM,29.0,True,Renault,0 days 01:59:10.068000,,12,10.0,False,,False,True,26.1,53.9,1003.3,False,27.6,52,2.6,True,True,False,False,False,False,+76.683,+4.496,76.683,4.496,7248.062,97.994,,,30.977,43.025,23.992,7181.089,7224.114,7248.106,7150.068
2019,Bahrain Grand Prix,2,Bahrain,Sakhir,0 days 02:03:18.062000,RIC,3,,54.0,2.0,,Daniel Ricciardo,,,,,,,,,,,,,MEDIUM,30.0,True,Renault,0 days 02:00:48.062000,,24,,False,,True,False,26.1,54.0,1003.3,False,27.6,39,3.0,False,True,True,False,False,False,+76.574,+12.876,76.574,12.876,7398.062,,,,,,,,,,7248.062
2019,Bahrain Grand Prix,2,Bahrain,Sakhir,0 days 00:35:12.750000,VER,33,0 days 00:01:41.170000,1.0,1.0,,Max Verstappen,,,0 days 00:00:43.258000,0 days 00:00:24.244000,,0 days 00:34:49.244000,0 days 00:35:12.895000,233.0,247.0,275.0,262.0,False,SOFT,4.0,False,Red Bull Racing,0 days 00:33:31.386000,,12,5.0,False,,False,False,26.1,54.5,1003.3,False,29.2,16,2.3,True,True,False,False,False,False,+3.605,+1.216,3.605,1.216,2112.75,101.17,,,,43.258,24.244,,2089.244,2112.895,2011.386
2019,Bahrain Grand Prix,2,Bahrain,Sakhir,0 days 00:36:51.468000,VER,33,0 days 00:01:38.718000,2.0,1.0,,Max Verstappen,,0 days 00:00:31.094000,0 days 00:00:43.412000,0 days 00:00:24.212000,0 days 00:35:43.874000,0 days 00:36:27.286000,0 days 00:36:51.498000,234.0,243.0,277.0,299.0,True,SOFT,5.0,False,Red Bull Racing,0 days 00:35:12.750000,,21,5.0,False,,False,True,26.1,53.9,1003.5,False,29.3,22,2.3,True,True,False,False,False,False,+5.729,+0.758,5.729,0.758,2211.468,98.718,,,31.094,43.412,24.212,2143.874,2187.286,2211.498,2112.75
2019,Bahrain Grand Prix,2,Bahrain,Sakhir,0 days 00:38:30.215000,VER,33,0 days 00:01:38.747000,3.0,1.0,,Max Verstappen,,0 days 00:00:30.817000,0 days 00:00:43.771000,0 days 00:00:24.159000,0 days 00:37:22.315000,0 days 00:38:06.086000,0 days 00:38:30.245000,234.0,245.0,277.0,294.0,False,SOFT,6.0,False,Red Bull Racing,0 days 00:36:51.468000,,1,5.0,False,,False,True,26.1,53.7,1003.5,False,29.3,70,3.0,True,False,False,False,False,False,+7.513,+1.472,7.513,1.472,2310.215,98.747,,,30.817,43.771,24.159,2242.315,2286.086,2310.245,2211.468
2019,Bahrain Grand Prix,2,Bahrain,Sakhir,0 days 00:40:08.623000,VER,33,0 days 00:01:38.408000,4.0,1.0,,Max Verstappen,,0 days 00:00:31.223000,0 days 00:00:42.938000,0 days 00:00:24.247000,0 days 00:39:01.468000,0 days 00:39:44.406000,0 days 00:40:08.653000,230.0,247.0,276.0,304.0,True,SOFT,7.0,False,Red Bull Racing,0 days 00:38:30.215000,,12,5.0,False,,False,True,26.2,53.8,1003.4,False,29.3,36,1.9,True,True,False,False,False,False,+8.587,+1.660,8.587,1.66,2408.623,98.408,,,31.223,42.938,24.247,2341.468,2384.406,2408.653,2310.215
2019,Bahrain Grand Prix,2,Bahrain,Sakhir,0 days 00:41:46.494000,VER,33,0 days 00:01:37.871000,5.0,1.0,,Max Verstappen,,0 days 00:00:30.871000,0 days 00:00:42.796000,0 days 00:00:24.204000,0 days 00:40:39.524000,0 days 00:41:22.320000,0 days 00:41:46.524000,234.0,244.0,277.0,293.0,True,SOFT,8.0,False,Red Bull Racing,0 days 00:40:08.623000,,1,5.0,False,,False,True,26.2,54.0,1003.5,False,29.2,41,3.1,True,False,False,False,False,False,+8.909,+1.628,8.909,1.628,2506.494,97.871,,,30.871,42.796,24.204,2439.524,2482.32,2506.524,2408.623
2019,Bahrain Grand Prix,2,Bahrain,Sakhir,0 days 00:43:24.143000,VER,33,0 days 00:01:37.649000,6.0,1.0,,Max Verstappen,,0 days 00:00:30.906000,0 days 00:00:42.634000,0 days 00:00:24.109000,0 days 00:42:17.430000,0 days 00:43:00.064000,0 days 00:43:24.173000,235.0,248.0,277.0,294.0,True,SOFT,9.0,False,Red Bull Racing,0 days 00:41:46.494000,,12,5.0,False,,False,True,26.2,53.9,1003.5,False,29.2,29,3.1,True,True,False,False,False,False,+9.098,+2.106,9.098,2.106,2604.143,97.649,,,30.906,42.634,24.109,2537.43,2580.064,2604.173,2506.494
2019,Bahrain Grand Prix,2,Bahrain,Sakhir,0 days 00:45:01.446000,VER,33,0 days 00:01:37.303000,7.0,1.0,,Max Verstappen,,0 days 00:00:30.611000,0 days 00:00:42.633000,0 days 00:00:24.059000,0 days 00:43:54.784000,0 days 00:44:37.417000,0 days 00:45:01.476000,235.0,246.0,277.0,295.0,True,SOFT,10.0,False,Red Bull Racing,0 days 00:43:24.143000,,1,5.0,False,,False,True,26.2,54.3,1003.4,False,29.2,3,2.3,True,False,False,False,False,False,+9.331,+2.248,9.331,2.248,2701.446,97.303,,,30.611,42.633,24.059,2634.784,2677.417,2701.476,2604.143
2019,Bahrain Grand Prix,2,Bahrain,Sakhir,0 days 00:46:39.105000,VER,33,0 days 00:01:37.659000,8.0,1.0,,Max Verstappen,,0 days 00:00:30.834000,0 days 00:00:42.742000,0 days 00:00:24.083000,0 days 00:45:32.310000,0 days 00:46:15.052000,0 days 00:46:39.135000,234.0,245.0,278.0,298.0,False,SOFT,11.0,False,Red Bull Racing,0 days 00:45:01.446000,,1,5.0,False,,False,True,26.2,54.2,1003.6,False,29.1,40,2.9,True,False,False,False,False,False,+9.206,+2.267,9.206,2.267,2799.105,97.659,,,30.834,42.742,24.083,2732.31,2775.052,2799.135,2701.446
2019,Bahrain Grand Prix,2,Bahrain,Sakhir,0 days 00:48:16.594000,VER,33,0 days 00:01:37.489000,9.0,1.0,,Max Verstappen,,0 days 00:00:30.787000,0 days 00:00:42.501000,0 days 00:00:24.201000,0 days 00:47:09.922000,0 days 00:47:52.423000,0 days 00:48:16.624000,235.0,249.0,277.0,299.0,False,SOFT,12.0,False,Red Bull Racing,0 days 00:46:39.105000,,1,5.0,False,,False,True,26.2,54.3,1003.5,False,29.1,355,2.4,True,False,False,False,False,False,+9.482,+2.462,9.482,2.462,2896.594,97.489,,,30.787,42.501,24.201,2829.922,2872.423,2896.624,2799.105
2019,Bahrain Grand Prix,2,Bahrain,Sakhir,0 days 00:49:54.244000,VER,33,0 days 00:01:37.650000,10.0,1.0,,Max Verstappen,,0 days 00:00:30.856000,0 days 00:00:42.719000,0 days 00:00:24.075000,0 days 00:48:47.480000,0 days 00:49:30.199000,0 days 00:49:54.274000,234.0,248.0,278.0,296.0,False,SOFT,13.0,False,Red Bull Racing,0 days 00:48:16.594000,,1,5.0,False,,False,True,26.2,54.3,1003.6,False,28.9,41,2.7,True,False,False,False,False,False,+9.868,+2.432,9.868,2.432,2994.244,97.65,,,30.856,42.719,24.075,2927.48,2970.199,2994.274,2896.594
2019,Bahrain Grand Prix,2,Bahrain,Sakhir,0 days 00:51:34.877000,VER,33,0 days 00:01:40.633000,11.0,1.0,,Max Verstappen,0 days 00:51:33.169000,0 days 00:00:30.906000,0 days 00:00:43.032000,0 days 00:00:26.695000,0 days 00:50:25.180000,0 days 00:51:08.212000,0 days 00:51:34.907000,234.0,246.0,,297.0,False,SOFT,14.0,False,Red Bull Racing,0 days 00:49:54.244000,,1,5.0,False,,False,False,26.1,54.9,1003.6,False,28.8,22,1.9,True,False,False,False,False,False,+10.895,+2.488,10.895,2.488,3094.877,100.633,3093.169,,30.906,43.032,26.695,3025.18,3068.212,3094.907,2994.244
2019,Bahrain Grand Prix,2,Bahrain,Sakhir,0 days 00:53:31.297000,VER,33,0 days 00:01:56.420000,12.0,2.0,0 days 00:51:57.704000,Max Verstappen,,0 days 00:00:50.878000,0 days 00:00:41.506000,0 days 00:00:24.036000,0 days 00:52:25.785000,0 days 00:53:07.291000,0 days 00:53:31.327000,235.0,248.0,285.0,217.0,False,MEDIUM,1.0,True,Red Bull Racing,0 days 00:51:34.877000,,12,8.0,False,,False,False,26.1,55.1,1003.5,False,28.8,334,2.5,True,True,False,False,False,False,+32.303,+0.112,32.303,0.112,3211.297,116.42,,3117.704,50.878,41.506,24.036,3145.785,3187.291,3211.327,3094.877
2019,Bahrain Grand Prix,2,Bahrain,Sakhir,0 days 00:55:06.684000,VER,33,0 days 00:01:35.387000,13.0,2.0,,Max Verstappen,,0 days 00:00:30.261000,0 days 00:00:41.594000,0 days 00:00:23.532000,0 days 00:54:01.588000,0 days 00:54:43.182000,0 days 00:55:06.714000,235.0,248.0,280.0,311.0,True,MEDIUM,2.0,True,Red Bull Racing,0 days 00:53:31.297000,,1,5.0,False,,False,True,26.1,54.9,1003.6,False,28.8,31,2.5,True,False,False,False,False,False,+26.519,+25.309,26.519,25.309,3306.684,95.387,,,30.261,41.594,23.532,3241.588,3283.182,3306.714,3211.297
2019,Bahrain Grand Prix,2,Bahrain,Sakhir,0 days 00:56:43.961000,VER,33,0 days 00:01:37.277000,14.0,2.0,,Max Verstappen,,0 days 00:00:31.026000,0 days 00:00:42.418000,0 days 00:00:23.833000,0 days 00:55:37.740000,0 days 00:56:20.158000,0 days 00:56:43.991000,238.0,245.0,286.0,305.0,False,MEDIUM,3.0,True,Red Bull Racing,0 days 00:55:06.684000,,1,6.0,False,,False,True,26.1,55.2,1003.7,False,28.9,352,1.6,True,False,False,False,False,False,+9.981,+1.015,9.981,1.015,3403.961,97.277,,,31.026,42.418,23.833,3337.74,3380.158,3403.991,3306.684
2019,Bahrain Grand Prix,2,Bahrain,Sakhir,0 days 00:58:20.158000,VER,33,0 days 00:01:36.197000,15.0,2.0,,Max Verstappen,,0 days 00:00:30.177000,0 days 00:00:42.197000,0 days 00:00:23.823000,0 days 00:57:14.168000,0 days 00:57:56.365000,0 days 00:58:20.188000,237.0,246.0,278.0,316.0,False,MEDIUM,4.0,True,Red Bull Racing,0 days 00:56:43.961000,,1,6.0,False,,False,True,26.1,55.1,1003.8,False,28.8,29,1.8,True,False,False,False,False,False,+11.018,+1.385,11.018,1.385,3500.158,96.197,,,30.177,42.197,23.823,3434.168,3476.365,3500.188,3403.961
2019,Bahrain Grand Prix,2,Bahrain,Sakhir,0 days 00:59:57.069000,VER,33,0 days 00:01:36.911000,16.0,2.0,,Max Verstappen,,0 days 00:00:30.888000,0 days 00:00:42.128000,0 days 00:00:23.895000,0 days 00:58:51.076000,0 days 00:59:33.204000,0 days 00:59:57.099000,233.0,243.0,278.0,292.0,False,MEDIUM,5.0,True,Red Bull Racing,0 days 00:58:20.158000,,1,6.0,False,,False,True,26.1,55.3,1003.7,False,28.8,17,2.0,True,False,False,False,False,False,+13.096,+1.716,13.096,1.716,3597.069,96.911,,,30.888,42.128,23.895,3531.076,3573.204,3597.099,3500.158
2019,Bahrain Grand Prix,2,Bahrain,Sakhir,0 days 01:01:33.821000,VER,33,0 days 00:01:36.752000,17.0,2.0,,Max Verstappen,,0 days 00:00:30.600000,0 days 00:00:42.177000,0 days 00:00:23.975000,0 days 01:00:27.699000,0 days 01:01:09.876000,0 days 01:01:33.851000,234.0,244.0,278.0,292.0,False,MEDIUM,6.0,True,Red Bull Racing,0 days 00:59:57.069000,,1,6.0,False,,False,True,26.1,55.5,1003.7,False,28.7,34,2.4,True,False,False,False,False,False,+14.636,+1.799,14.636,1.799,3693.821,96.752,,,30.6,42.177,23.975,3627.699,3669.876,3693.851,3597.069
2019,Bahrain Grand Prix,2,Bahrain,Sakhir,0 days 01:03:10.735000,VER,33,0 days 00:01:36.914000,18.0,2.0,,Max Verstappen,,0 days 00:00:30.592000,0 days 00:00:42.546000,0 days 00:00:23.776000,0 days 01:02:04.443000,0 days 01:02:46.989000,0 days 01:03:10.765000,235.0,245.0,279.0,294.0,False,MEDIUM,7.0,True,Red Bull Racing,0 days 01:01:33.821000,,1,5.0,False,,False,True,26.1,55.3,1003.7,False,28.7,2,2.7,True,False,False,False,False,False,+16.094,+2.077,16.094,2.077,3790.735,96.914,,,30.592,42.546,23.776,3724.443,3766.989,3790.765,3693.821
2019,Bahrain Grand Prix,2,Bahrain,Sakhir,0 days 01:04:47.441000,VER,33,0 days 00:01:36.706000,19.0,2.0,,Max Verstappen,,0 days 00:00:30.623000,0 days 00:00:42.304000,0 days 00:00:23.779000,0 days 01:03:41.388000,0 days 01:04:23.692000,0 days 01:04:47.471000,237.0,245.0,278.0,295.0,False,MEDIUM,8.0,True,Red Bull Racing,0 days 01:03:10.735000,,1,5.0,False,,False,True,26.1,54.8,1003.7,False,28.8,85,2.2,True,False,False,False,False,False,+17.025,+2.222,17.025,2.222,3887.441,96.706,,,30.623,42.304,23.779,3821.388,3863.692,3887.471,3790.735
2019,Bahrain Grand Prix,2,Bahrain,Sakhir,0 days 01:06:24.508000,VER,33,0 days 00:01:37.067000,20.0,2.0,,Max Verstappen,,0 days 00:00:30.754000,0 days 00:00:42.532000,0 days 00:00:23.781000,0 days 01:05:18.225000,0 days 01:06:00.757000,0 days 01:06:24.538000,233.0,247.0,279.0,297.0,False,MEDIUM,9.0,True,Red Bull Racing,0 days 01:04:47.441000,,1,5.0,False,,False,True,26.1,54.0,1003.7,False,28.8,59,2.3,True,False,False,False,False,False,+18.041,+2.847,18.041,2.847,3984.508,97.067,,,30.754,42.532,23.781,3918.225,3960.757,3984.538,3887.441
2019,Bahrain Grand Prix,2,Bahrain,Sakhir,0 days 01:08:01.169000,VER,33,0 days 00:01:36.661000,21.0,2.0,,Max Verstappen,,0 days 00:00:30.587000,0 days 00:00:42.270000,0 days 00:00:23.804000,0 days 01:06:55.125000,0 days 01:07:37.395000,0 days 01:08:01.199000,237.0,248.0,279.0,297.0,False,MEDIUM,10.0,True,Red Bull Racing,0 days 01:06:24.508000,,1,5.0,False,,False,True,26.3,53.4,1003.5,False,29.0,31,3.0,True,False,False,False,False,False,+18.711,+2.941,18.711,2.941,4081.169,96.661,,,30.587,42.27,23.804,4015.125,4057.395,4081.199,3984.508
2019,Bahrain Grand Prix,2,Bahrain,Sakhir,0 days 01:09:38.307000,VER,33,0 days 00:01:37.138000,22.0,2.0,,Max Verstappen,,0 days 00:00:30.726000,0 days 00:00:42.391000,0 days 00:00:24.021000,0 days 01:08:31.925000,0 days 01:09:14.316000,0 days 01:09:38.337000,237.0,244.0,279.0,300.0,False,MEDIUM,11.0,True,Red Bull Racing,0 days 01:08:01.169000,,1,5.0,False,,False,True,26.3,52.8,1003.5,False,28.8,50,2.2,True,False,False,False,False,False,+19.741,+3.532,19.741,3.532,4178.307,97.138,,,30.726,42.391,24.021,4111.925,4154.316,4178.337,4081.169
2019,Bahrain Grand Prix,2,Bahrain,Sakhir,0 days 01:11:15.706000,VER,33,0 days 00:01:37.399000,23.0,2.0,,Max Verstappen,,0 days 00:00:30.919000,0 days 00:00:42.554000,0 days 00:00:23.926000,0 days 01:10:09.256000,0 days 01:10:51.810000,0 days 01:11:15.736000,235.0,246.0,279.0,296.0,False,MEDIUM,12.0,True,Red Bull Racing,0 days 01:09:38.307000,,1,5.0,False,,False,True,26.3,52.2,1003.6,False,28.9,63,2.5,True,False,False,False,False,False,+21.038,+4.265,21.038,4.265,4275.706,97.399,,,30.919,42.554,23.926,4209.256,4251.81,4275.736,4178.307
2019,Bahrain Grand Prix,2,Bahrain,Sakhir,0 days 01:12:53.188000,VER,33,0 days 00:01:37.482000,24.0,2.0,,Max Verstappen,,0 days 00:00:31.015000,0 days 00:00:42.602000,0 days 00:00:23.865000,0 days 01:11:46.751000,0 days 01:12:29.353000,0 days 01:12:53.218000,238.0,249.0,279.0,300.0,False,MEDIUM,13.0,True,Red Bull Racing,0 days 01:11:15.706000,,1,5.0,False,,False,True,26.4,51.3,1003.3,False,28.9,9,2.9,True,False,False,False,False,False,+22.287,+4.798,22.287,4.798,4373.188,97.482,,,31.015,42.602,23.865,4306.751,4349.353,4373.218,4275.706
2019,Bahrain Grand Prix,2,Bahrain,Sakhir,0 days 01:14:30.865000,VER,33,0 days 00:01:37.677000,25.0,2.0,,Max Verstappen,,0 days 00:00:31.008000,0 days 00:00:42.725000,0 days 00:00:23.944000,0 days 01:13:24.226000,0 days 01:14:06.951000,0 days 01:14:30.895000,237.0,248.0,279.0,299.0,False,MEDIUM,14.0,True,Red Bull Racing,0 days 01:12:53.188000,,1,5.0,False,,False,True,26.5,51.3,1003.4,False,28.9,37,2.2,True,False,False,False,False,False,+23.690,+5.168,23.69,5.168,4470.865,97.677,,,31.008,42.725,23.944,4404.226,4446.951,4470.895,4373.188
2019,Bahrain Grand Prix,2,Bahrain,Sakhir,0 days 01:16:08.491000,VER,33,0 days 00:01:37.626000,26.0,2.0,,Max Verstappen,,0 days 00:00:30.936000,0 days 00:00:42.656000,0 days 00:00:24.034000,0 days 01:15:01.831000,0 days 01:15:44.487000,0 days 01:16:08.521000,236.0,247.0,279.0,295.0,False,MEDIUM,15.0,True,Red Bull Racing,0 days 01:14:30.865000,,1,5.0,False,,False,True,26.5,51.3,1003.4,False,28.9,31,2.7,True,False,False,False,False,False,+25.012,+5.445,25.012,5.445,4568.491,97.626,,,30.936,42.656,24.034,4501.831,4544.487,4568.521,4470.865
2019,Bahrain Grand Prix,2,Bahrain,Sakhir,0 days 01:17:46.511000,VER,33,0 days 00:01:38.020000,27.0,2.0,,Max Verstappen,,0 days 00:00:30.811000,0 days 00:00:43.088000,0 days 00:00:24.121000,0 days 01:16:39.332000,0 days 01:17:22.420000,0 days 01:17:46.541000,235.0,245.0,279.0,295.0,False,MEDIUM,16.0,True,Red Bull Racing,0 days 01:16:08.491000,,1,5.0,False,,False,True,26.5,50.4,1003.3,False,28.8,44,2.5,True,False,False,False,False,False,+26.066,+6.085,26.066,6.085,4666.511,98.02,,,30.811,43.088,24.121,4599.332,4642.42,4666.541,4568.491
2019,Bahrain Grand Prix,2,Bahrain,Sakhir,0 days 01:19:24.455000,VER,33,0 days 00:01:37.944000,28.0,2.0,,Max Verstappen,,0 days 00:00:30.880000,0 days 00:00:42.976000,0 days 00:00:24.088000,0 days 01:18:17.421000,0 days 01:19:00.397000,0 days 01:19:24.485000,237.0,248.0,279.0,297.0,False,MEDIUM,17.0,True,Red Bull Racing,0 days 01:17:46.511000,,1,5.0,False,,False,True,26.5,50.0,1003.3,False,28.8,30,2.4,True,False,False,False,False,False,+26.774,+5.914,26.774,5.914,4764.455,97.944,,,30.88,42.976,24.088,4697.421,4740.397,4764.485,4666.511
2019,Bahrain Grand Prix,2,Bahrain,Sakhir,0 days 01:21:02.299000,VER,33,0 days 00:01:37.844000,29.0,2.0,,Max Verstappen,,0 days 00:00:30.782000,0 days 00:00:43.057000,0 days 00:00:24.005000,0 days 01:19:55.267000,0 days 01:20:38.324000,0 days 01:21:02.329000,236.0,249.0,280.0,303.0,False,MEDIUM,18.0,True,Red Bull Racing,0 days 01:19:24.455000,,1,5.0,False,,False,True,26.6,48.9,1003.3,False,28.9,12,2.3,True,False,False,False,False,False,+27.862,+6.534,27.862,6.534,4862.299,97.844,,,30.782,43.057,24.005,4795.267,4838.324,4862.329,4764.455
2019,Bahrain Grand Prix,2,Bahrain,Sakhir,0 days 01:22:40.840000,VER,33,0 days 00:01:38.541000,30.0,2.0,,Max Verstappen,,0 days 00:00:31.328000,0 days 00:00:43.020000,0 days 00:00:24.193000,0 days 01:21:33.657000,0 days 01:22:16.677000,0 days 01:22:40.870000,236.0,247.0,279.0,299.0,False,MEDIUM,19.0,True,Red Bull Racing,0 days 01:21:02.299000,,1,5.0,False,,False,True,26.6,48.9,1003.4,False,28.7,22,2.9,True,False,False,False,False,False,+29.354,+7.542,29.354,7.542,4960.84,98.541,,,31.328,43.02,24.193,4893.657,4936.677,4960.87,4862.299
2019,Bahrain Grand Prix,2,Bahrain,Sakhir,0 days 01:24:19.687000,VER,33,0 days 00:01:38.847000,31.0,2.0,,Max Verstappen,,0 days 00:00:31.203000,0 days 00:00:43.495000,0 days 00:00:24.149000,0 days 01:23:12.073000,0 days 01:23:55.568000,0 days 01:24:19.717000,240.0,251.0,279.0,301.0,False,MEDIUM,20.0,True,Red Bull Racing,0 days 01:22:40.840000,,1,5.0,False,,False,True,26.6,49.1,1003.3,False,28.6,41,2.5,True,False,False,False,False,False,+31.529,+9.074,31.529,9.074,5059.687,98.847,,,31.203,43.495,24.149,4992.073,5035.568,5059.717,4960.84
2019,Bahrain Grand Prix,2,Bahrain,Sakhir,0 days 01:26:01.227000,VER,33,0 days 00:01:41.540000,32.0,2.0,,Max Verstappen,0 days 01:25:59.566000,0 days 00:00:31.532000,0 days 00:00:43.389000,0 days 00:00:26.619000,0 days 01:24:51.249000,0 days 01:25:34.638000,0 days 01:26:01.257000,237.0,248.0,,306.0,False,MEDIUM,21.0,True,Red Bull Racing,0 days 01:24:19.687000,,1,5.0,False,,False,False,26.6,49.4,1003.3,False,28.6,9,2.4,True,False,False,False,False,False,+33.507,+10.298,33.507,10.298,5161.227,101.54,5159.566,,31.532,43.389,26.619,5091.249,5134.638,5161.257,5059.687
2019,Bahrain Grand Prix,2,Bahrain,Sakhir,0 days 01:28:00.636000,VER,33,0 days 00:01:59.409000,33.0,3.0,0 days 01:26:26.386000,Max Verstappen,,0 days 00:00:53.263000,0 days 00:00:42.666000,0 days 00:00:23.480000,0 days 01:26:54.520000,0 days 01:27:37.186000,0 days 01:28:00.666000,238.0,241.0,282.0,223.0,False,MEDIUM,1.0,True,Red Bull Racing,0 days 01:26:01.227000,,1,6.0,False,,False,False,26.6,49.7,1003.2,False,28.4,19,2.6,True,False,False,False,False,False,+58.689,+2.655,58.689,2.655,5280.636,119.409,,5186.386,53.263,42.666,23.48,5214.52,5257.186,5280.666,5161.227
2019,Bahrain Grand Prix,2,Bahrain,Sakhir,0 days 01:29:37.076000,VER,33,0 days 00:01:36.440000,34.0,3.0,,Max Verstappen,,0 days 00:00:30.615000,0 days 00:00:41.828000,0 days 00:00:23.997000,0 days 01:28:31.281000,0 days 01:29:13.109000,0 days 01:29:37.106000,239.0,251.0,287.0,297.0,False,MEDIUM,2.0,True,Red Bull Racing,0 days 01:28:00.636000,,1,5.0,False,,False,True,26.6,49.9,1003.2,False,28.4,54,2.6,True,False,False,False,False,False,+58.053,+43.974,58.053,43.974,5377.076,96.44,,,30.615,41.828,23.997,5311.281,5353.109,5377.106,5280.636
2019,Bahrain Grand Prix,2,Bahrain,Sakhir,0 days 01:31:12.430000,VER,33,0 days 00:01:35.354000,35.0,3.0,,Max Verstappen,,0 days 00:00:30.085000,0 days 00:00:41.884000,0 days 00:00:23.385000,0 days 01:30:07.191000,0 days 01:30:49.075000,0 days 01:31:12.460000,240.0,244.0,281.0,314.0,True,MEDIUM,3.0,True,Red Bull Racing,0 days 01:29:37.076000,,1,5.0,False,,False,True,26.5,50.0,1003.4,False,28.3,357,2.9,True,False,False,False,False,False,+56.468,+23.121,56.468,23.121,5472.43,95.354,,,30.085,41.884,23.385,5407.191,5449.075,5472.46,5377.076
2019,Bahrain Grand Prix,2,Bahrain,Sakhir,0 days 01:32:48.865000,VER,33,0 days 00:01:36.435000,36.0,3.0,,Max Verstappen,,0 days 00:00:30.775000,0 days 00:00:41.861000,0 days 00:00:23.799000,0 days 01:31:43.235000,0 days 01:32:25.096000,0 days 01:32:48.895000,237.0,238.0,280.0,296.0,False,MEDIUM,4.0,True,Red Bull Racing,0 days 01:31:12.430000,,1,5.0,False,,False,True,26.5,50.5,1003.3,False,28.3,43,3.1,True,False,False,False,False,False,+54.866,+25.987,54.866,25.987,5568.865,96.435,,,30.775,41.861,23.799,5503.235,5545.096,5568.895,5472.43
2019,Bahrain Grand Prix,2,Bahrain,Sakhir,0 days 01:34:25.046000,VER,33,0 days 00:01:36.181000,37.0,3.0,,Max Verstappen,,0 days 00:00:30.552000,0 days 00:00:42.053000,0 days 00:00:23.576000,0 days 01:33:19.447000,0 days 01:34:01.500000,0 days 01:34:25.076000,240.0,245.0,280.0,297.0,False,MEDIUM,5.0,True,Red Bull Racing,0 days 01:32:48.865000,,1,5.0,False,,False,True,26.5,50.5,1003.3,False,28.3,65,2.0,True,False,False,False,False,False,+33.603,+27.446,33.603,27.446,5665.046,96.181,,,30.552,42.053,23.576,5599.447,5641.5,5665.076,5568.865
2019,Bahrain Grand Prix,2,Bahrain,Sakhir,0 days 01:36:01.122000,VER,33,0 days 00:01:36.076000,38.0,3.0,,Max Verstappen,,0 days 00:00:30.551000,0 days 00:00:41.994000,0 days 00:00:23.531000,0 days 01:34:55.627000,0 days 01:35:37.621000,0 days 01:36:01.152000,237.0,250.0,282.0,299.0,False,MEDIUM,6.0,True,Red Bull Racing,0 days 01:34:25.046000,,12,5.0,False,,False,True,26.5,50.9,1003.2,False,28.2,55,3.0,True,True,False,False,False,False,+36.281,+3.631,36.281,3.631,5761.122,96.076,,,30.551,41.994,23.531,5695.627,5737.621,5761.152,5665.046
2019,Bahrain Grand Prix,2,Bahrain,Sakhir,0 days 01:37:37.482000,VER,33,0 days 00:01:36.360000,39.0,3.0,,Max Verstappen,,0 days 00:00:30.531000,0 days 00:00:42.481000,0 days 00:00:23.348000,0 days 01:36:31.683000,0 days 01:37:14.164000,0 days 01:37:37.512000,240.0,246.0,281.0,301.0,False,MEDIUM,7.0,True,Red Bull Racing,0 days 01:36:01.122000,,1,4.0,False,,False,True,26.4,51.3,1003.3,False,28.1,52,2.8,True,False,False,False,False,False,+38.147,+4.011,38.147,4.011,5857.482,96.36,,,30.531,42.481,23.348,5791.683,5834.164,5857.512,5761.122
2019,Bahrain Grand Prix,2,Bahrain,Sakhir,0 days 01:39:13.722000,VER,33,0 days 00:01:36.240000,40.0,3.0,,Max Verstappen,,0 days 00:00:30.604000,0 days 00:00:42.153000,0 days 00:00:23.483000,0 days 01:38:08.116000,0 days 01:38:50.269000,0 days 01:39:13.752000,239.0,247.0,281.0,301.0,False,MEDIUM,8.0,True,Red Bull Racing,0 days 01:37:37.482000,,12,4.0,False,,False,True,26.4,51.5,1003.3,False,28.0,45,2.4,True,True,False,False,False,False,+39.984,+4.345,39.984,4.345,5953.722,96.24,,,30.604,42.153,23.483,5888.116,5930.269,5953.752,5857.482
2019,Bahrain Grand Prix,2,Bahrain,Sakhir,0 days 01:40:49.927000,VER,33,0 days 00:01:36.205000,41.0,3.0,,Max Verstappen,,0 days 00:00:30.649000,0 days 00:00:41.973000,0 days 00:00:23.583000,0 days 01:39:44.401000,0 days 01:40:26.374000,0 days 01:40:49.957000,238.0,245.0,281.0,298.0,False,MEDIUM,9.0,True,Red Bull Racing,0 days 01:39:13.722000,,1,4.0,False,,False,True,26.4,51.7,1003.2,False,28.0,31,2.6,True,False,False,False,False,False,+41.762,+4.482,41.762,4.482,6049.927,96.205,,,30.649,41.973,23.583,5984.401,6026.374,6049.957,5953.722
2019,Bahrain Grand Prix,2,Bahrain,Sakhir,0 days 01:42:26.121000,VER,33,0 days 00:01:36.194000,42.0,3.0,,Max Verstappen,,0 days 00:00:30.718000,0 days 00:00:41.872000,0 days 00:00:23.604000,0 days 01:41:20.675000,0 days 01:42:02.547000,0 days 01:42:26.151000,238.0,247.0,280.0,297.0,False,MEDIUM,10.0,True,Red Bull Racing,0 days 01:40:49.927000,,1,4.0,False,,False,True,26.4,51.8,1003.2,False,28.0,23,3.3,True,False,False,False,False,False,+43.304,+6.490,43.304,6.49,6146.121,96.194,,,30.718,41.872,23.604,6080.675,6122.547,6146.151,6049.927
2019,Bahrain Grand Prix,2,Bahrain,Sakhir,0 days 01:44:02.222000,VER,33,0 days 00:01:36.101000,43.0,3.0,,Max Verstappen,,0 days 00:00:30.604000,0 days 00:00:42.059000,0 days 00:00:23.438000,0 days 01:42:56.755000,0 days 01:43:38.814000,0 days 01:44:02.252000,238.0,247.0,282.0,301.0,False,MEDIUM,11.0,True,Red Bull Racing,0 days 01:42:26.121000,,12,4.0,False,,False,True,26.3,51.8,1003.2,False,28.0,22,3.4,True,True,False,False,False,False,+44.118,+4.620,44.118,4.62,6242.222,96.101,,,30.604,42.059,23.438,6176.755,6218.814,6242.252,6146.121
2019,Bahrain Grand Prix,2,Bahrain,Sakhir,0 days 01:45:38.169000,VER,33,0 days 00:01:35.947000,44.0,3.0,,Max Verstappen,,0 days 00:00:30.562000,0 days 00:00:41.948000,0 days 00:00:23.437000,0 days 01:44:32.814000,0 days 01:45:14.762000,0 days 01:45:38.199000,237.0,250.0,281.0,303.0,False,MEDIUM,12.0,True,Red Bull Racing,0 days 01:44:02.222000,,1,4.0,False,,False,True,26.3,52.0,1003.1,False,28.0,69,3.2,True,False,False,False,False,False,+44.573,+4.389,44.573,4.389,6338.169,95.947,,,30.562,41.948,23.437,6272.814,6314.762,6338.199,6242.222
2019,Bahrain Grand Prix,2,Bahrain,Sakhir,0 days 01:47:13.946000,VER,33,0 days 00:01:35.777000,45.0,3.0,,Max Verstappen,,0 days 00:00:30.531000,0 days 00:00:41.845000,0 days 00:00:23.401000,0 days 01:46:08.730000,0 days 01:46:50.575000,0 days 01:47:13.976000,238.0,248.0,282.0,303.0,False,MEDIUM,13.0,True,Red Bull Racing,0 days 01:45:38.169000,,1,4.0,False,,False,True,26.3,52.3,1003.3,False,27.8,62,2.6,True,False,False,False,False,False,+44.375,+4.253,44.375,4.253,6433.946,95.777,,,30.531,41.845,23.401,6368.73,6410.575,6433.976,6338.169
2019,Bahrain Grand Prix,2,Bahrain,Sakhir,0 days 01:48:49.889000,VER,33,0 days 00:01:35.943000,46.0,3.0,,Max Verstappen,,0 days 00:00:30.522000,0 days 00:00:41.815000,0 days 00:00:23.606000,0 days 01:47:44.498000,0 days 01:48:26.313000,0 days 01:48:49.919000,239.0,249.0,281.0,300.0,False,MEDIUM,14.0,True,Red Bull Racing,0 days 01:47:13.946000,,1,4.0,False,,False,True,26.3,52.7,1003.2,False,27.7,63,3.1,True,False,False,False,False,False,+42.346,+4.512,42.346,4.512,6529.889,95.943,,,30.522,41.815,23.606,6464.498,6506.313,6529.919,6433.946
2019,Bahrain Grand Prix,2,Bahrain,Sakhir,0 days 01:50:25.200000,VER,33,0 days 00:01:35.311000,47.0,3.0,,Max Verstappen,,0 days 00:00:30.403000,0 days 00:00:41.472000,0 days 00:00:23.436000,0 days 01:49:20.322000,0 days 01:50:01.794000,0 days 01:50:25.230000,239.0,249.0,281.0,300.0,True,MEDIUM,15.0,True,Red Bull Racing,0 days 01:48:49.889000,,1,4.0,False,,False,True,26.2,52.8,1003.2,False,27.7,63,2.8,True,False,False,False,False,False,+37.823,+4.466,37.823,4.466,6625.2,95.311,,,30.403,41.472,23.436,6560.322,6601.794,6625.23,6529.889
2019,Bahrain Grand Prix,2,Bahrain,Sakhir,0 days 01:52:00.919000,VER,33,0 days 00:01:35.719000,48.0,3.0,,Max Verstappen,,0 days 00:00:30.371000,0 days 00:00:41.771000,0 days 00:00:23.577000,0 days 01:50:55.601000,0 days 01:51:37.372000,0 days 01:52:00.949000,238.0,251.0,281.0,300.0,False,MEDIUM,16.0,True,Red Bull Racing,0 days 01:50:25.200000,,1,4.0,False,,False,True,26.2,53.0,1003.3,False,27.7,60,2.9,True,False,False,False,False,False,+33.691,+4.871,33.691,4.871,6720.919,95.719,,,30.371,41.771,23.577,6655.601,6697.372,6720.949,6625.2
2019,Bahrain Grand Prix,2,Bahrain,Sakhir,0 days 01:53:37.470000,VER,33,0 days 00:01:36.551000,49.0,3.0,,Max Verstappen,,0 days 00:00:30.713000,0 days 00:00:42.244000,0 days 00:00:23.594000,0 days 01:52:31.662000,0 days 01:53:13.906000,0 days 01:53:37.500000,240.0,252.0,281.0,300.0,False,MEDIUM,17.0,True,Red Bull Racing,0 days 01:52:00.919000,,1,4.0,False,,False,True,26.2,53.3,1003.4,False,27.6,56,3.3,True,False,False,False,False,False,+33.459,+6.054,33.459,6.054,6817.47,96.551,,,30.713,42.244,23.594,6751.662,6793.906,6817.5,6720.919
2019,Bahrain Grand Prix,2,Bahrain,Sakhir,0 days 01:55:13.440000,VER,33,0 days 00:01:35.970000,50.0,3.0,,Max Verstappen,,0 days 00:00:30.506000,0 days 00:00:41.854000,0 days 00:00:23.610000,0 days 01:54:08.006000,0 days 01:54:49.860000,0 days 01:55:13.470000,238.0,252.0,281.0,300.0,False,MEDIUM,18.0,True,Red Bull Racing,0 days 01:53:37.470000,,1,4.0,False,,False,True,26.1,53.5,1003.2,False,27.5,58,2.9,True,False,False,False,False,False,+33.115,+6.613,33.115,6.613,6913.44,95.97,,,30.506,41.854,23.61,6848.006,6889.86,6913.47,6817.47
2019,Bahrain Grand Prix,2,Bahrain,Sakhir,0 days 01:56:49.472000,VER,33,0 days 00:01:36.032000,51.0,3.0,,Max Verstappen,,0 days 00:00:30.675000,0 days 00:00:41.868000,0 days 00:00:23.489000,0 days 01:55:44.145000,0 days 01:56:26.013000,0 days 01:56:49.502000,240.0,252.0,282.0,300.0,False,MEDIUM,19.0,True,Red Bull Racing,0 days 01:55:13.440000,,1,4.0,False,,False,True,26.1,53.6,1003.0,False,27.5,19,3.6,True,False,False,False,False,False,+32.749,+7.013,32.749,7.013,7009.472,96.032,,,30.675,41.868,23.489,6944.145,6986.013,7009.502,6913.44
2019,Bahrain Grand Prix,2,Bahrain,Sakhir,0 days 01:58:25.541000,VER,33,0 days 00:01:36.069000,52.0,3.0,,Max Verstappen,,0 days 00:00:30.355000,0 days 00:00:42.222000,0 days 00:00:23.492000,0 days 01:57:19.857000,0 days 01:58:02.079000,0 days 01:58:25.571000,240.0,255.0,282.0,302.0,False,MEDIUM,20.0,True,Red Bull Racing,0 days 01:56:49.472000,,1,4.0,False,,False,True,26.1,53.7,1003.4,False,27.5,57,2.9,True,False,False,False,False,False,+30.823,+7.389,30.823,7.389,7105.541,96.069,,,30.355,42.222,23.492,7039.857,7082.079,7105.571,7009.472
2019,Bahrain Grand Prix,2,Bahrain,Sakhir,0 days 02:00:01.552000,VER,33,0 days 00:01:36.011000,53.0,3.0,,Max Verstappen,,0 days 00:00:30.417000,0 days 00:00:42.076000,0 days 00:00:23.518000,0 days 01:58:55.988000,0 days 01:59:38.064000,0 days 02:00:01.582000,241.0,254.0,283.0,302.0,False,MEDIUM,21.0,True,Red Bull Racing,0 days 01:58:25.541000,,1,4.0,False,,False,True,26.1,53.9,1003.3,False,27.6,30,2.3,True,False,False,False,False,False,+30.175,+7.503,30.175,7.503,7201.552,96.011,,,30.417,42.076,23.518,7135.988,7178.064,7201.582,7105.541
2019,Bahrain Grand Prix,2,Bahrain,Sakhir,0 days 02:01:37.784000,VER,33,0 days 00:01:36.232000,54.0,3.0,,Max Verstappen,,0 days 00:00:30.438000,0 days 00:00:42.123000,0 days 00:00:23.671000,0 days 02:00:32.020000,0 days 02:01:14.143000,0 days 02:01:37.814000,240.0,255.0,278.0,304.0,False,MEDIUM,22.0,True,Red Bull Racing,0 days 02:00:01.552000,,12,4.0,False,,False,True,26.1,54.0,1003.3,False,27.6,39,3.0,True,True,False,False,False,False,+29.578,+3.175,29.578,3.175,7297.784,96.232,,,30.438,42.123,23.671,7232.02,7274.143,7297.814,7201.552
2019,Bahrain Grand Prix,2,Bahrain,Sakhir,0 days 02:03:36.840000,VER,33,0 days 00:01:59.056000,55.0,3.0,,Max Verstappen,,0 days 00:00:31.193000,0 days 00:00:54.470000,0 days 00:00:33.393000,0 days 02:02:09.007000,0 days 02:03:03.477000,0 days 02:03:36.870000,240.0,169.0,198.0,272.0,False,MEDIUM,23.0,True,Red Bull Racing,0 days 02:01:37.784000,,24,4.0,False,,False,False,26.1,53.8,1003.2,False,27.6,40,2.7,False,True,True,False,False,False,+38.328,+2.179,38.328,2.179,7416.84,119.056,,,31.193,54.47,33.393,7329.007,7383.477,7416.87,7297.784
2019,Bahrain Grand Prix,2,Bahrain,Sakhir,0 days 02:05:48.672000,VER,33,0 days 00:02:11.832000,56.0,3.0,,Max Verstappen,,0 days 00:00:41.577000,0 days 00:00:56.775000,0 days 00:00:33.480000,0 days 02:04:18.447000,0 days 02:05:15.222000,0 days 02:05:48.702000,184.0,185.0,237.0,218.0,False,MEDIUM,24.0,True,Red Bull Racing,0 days 02:03:36.840000,,4,4.0,False,,False,False,26.1,53.9,1003.1,False,27.5,25,3.4,False,False,True,False,False,False,+28.178,+1.897,28.178,1.897,7548.672,131.832,,,41.577,56.775,33.48,7458.447,7515.222,7548.702,7416.84
2019,Bahrain Grand Prix,2,Bahrain,Sakhir,0 days 02:07:59.283000,VER,33,0 days 00:02:10.611000,57.0,3.0,,Max Verstappen,,0 days 00:00:41.672000,0 days 00:00:56.166000,0 days 00:00:32.773000,0 days 02:06:30.374000,0 days 02:07:26.540000,0 days 02:07:59.313000,114.0,163.0,211.0,230.0,False,MEDIUM,25.0,True,Red Bull Racing,0 days 02:05:48.672000,,4,4.0,False,,False,False,26.1,53.8,1003.1,False,27.6,24,3.4,False,False,True,False,False,False,+6.151,+0.297,6.151,0.297,7679.283,130.611,,,41.672,56.166,32.773,7590.374,7646.54,7679.313,7548.672
2019,Bahrain Grand Prix,2,Bahrain,Sakhir,0 days 00:35:17.693000,NOR,4,0 days 00:01:46.113000,1.0,1.0,,Lando Norris,,,0 days 00:00:46.400000,0 days 00:00:24.664000,,0 days 00:34:53.124000,0 days 00:35:17.837000,219.0,244.0,284.0,236.0,False,SOFT,4.0,False,McLaren,0 days 00:33:31.386000,,12,14.0,False,,False,False,26.1,54.5,1003.3,False,29.2,16,2.3,True,True,False,False,False,False,+8.599,+0.137,8.599,0.137,2117.693,106.113,,,,46.4,24.664,,2093.124,2117.837,2011.386
2019,Bahrain Grand Prix,2,Bahrain,Sakhir,0 days 00:36:56.447000,NOR,4,0 days 00:01:38.754000,2.0,1.0,,Lando Norris,,0 days 00:00:31.156000,0 days 00:00:43.188000,0 days 00:00:24.410000,0 days 00:35:48.901000,0 days 00:36:32.089000,0 days 00:36:56.499000,233.0,241.0,282.0,305.0,True,SOFT,5.0,False,McLaren,0 days 00:35:17.693000,,12,13.0,False,,False,True,26.1,53.9,1003.5,False,29.3,22,2.3,True,True,False,False,False,False,+10.733,+0.453,10.733,0.453,2216.447,98.754,,,31.156,43.188,24.41,2148.901,2192.089,2216.499,2117.693
2019,Bahrain Grand Prix,2,Bahrain,Sakhir,0 days 00:38:35.326000,NOR,4,0 days 00:01:38.879000,3.0,1.0,,Lando Norris,,0 days 00:00:30.922000,0 days 00:00:43.406000,0 days 00:00:24.551000,0 days 00:37:27.421000,0 days 00:38:10.827000,0 days 00:38:35.378000,237.0,246.0,292.0,303.0,False,SOFT,6.0,False,McLaren,0 days 00:36:56.447000,,1,13.0,False,,False,True,26.2,53.6,1003.4,False,29.3,11,1.6,True,False,False,False,False,False,+12.687,+0.534,12.687,0.534,2315.326,98.879,,,30.922,43.406,24.551,2247.421,2290.827,2315.378,2216.447
2019,Bahrain Grand Prix,2,Bahrain,Sakhir,0 days 00:40:15.367000,NOR,4,0 days 00:01:40.041000,4.0,1.0,,Lando Norris,,0 days 00:00:30.400000,0 days 00:00:44.762000,0 days 00:00:24.879000,0 days 00:39:05.778000,0 days 00:39:50.540000,0 days 00:40:15.419000,236.0,239.0,290.0,324.0,False,SOFT,7.0,False,McLaren,0 days 00:38:35.326000,,12,12.0,False,,False,True,26.2,53.8,1003.4,False,29.3,36,1.9,True,True,False,False,False,False,+15.391,+0.570,15.391,0.57,2415.367,100.041,,,30.4,44.762,24.879,2345.778,2390.54,2415.419,2315.326
2019,Bahrain Grand Prix,2,Bahrain,Sakhir,0 days 00:41:53.955000,NOR,4,0 days 00:01:38.588000,5.0,1.0,,Lando Norris,,0 days 00:00:30.715000,0 days 00:00:43.382000,0 days 00:00:24.491000,0 days 00:40:46.134000,0 days 00:41:29.516000,0 days 00:41:54.007000,235.0,246.0,290.0,324.0,True,SOFT,8.0,False,McLaren,0 days 00:40:15.367000,,1,12.0,False,,False,True,26.2,54.0,1003.5,False,29.2,41,3.1,True,False,False,False,False,False,+15.832,+0.585,15.832,0.585,2513.955,98.588,,,30.715,43.382,24.491,2446.134,2489.516,2514.007,2415.367
2019,Bahrain Grand Prix,2,Bahrain,Sakhir,0 days 00:43:33.202000,NOR,4,0 days 00:01:39.247000,6.0,1.0,,Lando Norris,,0 days 00:00:30.634000,0 days 00:00:43.705000,0 days 00:00:24.908000,0 days 00:42:24.641000,0 days 00:43:08.346000,0 days 00:43:33.254000,233.0,240.0,292.0,325.0,False,SOFT,9.0,False,McLaren,0 days 00:41:53.955000,,12,12.0,False,,False,True,26.2,54.2,1003.5,False,29.3,59,3.4,True,True,False,False,False,False,+18.219,+0.478,18.219,0.478,2613.202,99.247,,,30.634,43.705,24.908,2544.641,2588.346,2613.254,2513.955
2019,Bahrain Grand Prix,2,Bahrain,Sakhir,0 days 00:45:12.441000,NOR,4,0 days 00:01:39.239000,7.0,1.0,,Lando Norris,,0 days 00:00:30.515000,0 days 00:00:44.177000,0 days 00:00:24.547000,0 days 00:44:03.769000,0 days 00:44:47.946000,0 days 00:45:12.493000,225.0,245.0,285.0,331.0,False,SOFT,10.0,False,McLaren,0 days 00:43:33.202000,,1,11.0,False,,False,True,26.2,54.3,1003.4,False,29.2,3,2.3,True,False,False,False,False,False,+20.355,+0.764,20.355,0.764,2712.441,99.239,,,30.515,44.177,24.547,2643.769,2687.946,2712.493,2613.202
2019,Bahrain Grand Prix,2,Bahrain,Sakhir,0 days 00:46:51.599000,NOR,4,0 days 00:01:39.158000,8.0,1.0,,Lando Norris,,0 days 00:00:31.041000,0 days 00:00:43.482000,0 days 00:00:24.635000,0 days 00:45:43.534000,0 days 00:46:27.016000,0 days 00:46:51.651000,232.0,247.0,288.0,316.0,False,SOFT,11.0,False,McLaren,0 days 00:45:12.441000,,1,10.0,False,,False,True,26.2,54.2,1003.6,False,29.1,40,2.9,True,False,False,False,False,False,+21.743,+0.676,21.743,0.676,2811.599,99.158,,,31.041,43.482,24.635,2743.534,2787.016,2811.651,2712.441
2019,Bahrain Grand Prix,2,Bahrain,Sakhir,0 days 00:48:30.194000,NOR,4,0 days 00:01:38.595000,9.0,1.0,,Lando Norris,,0 days 00:00:30.995000,0 days 00:00:43.038000,0 days 00:00:24.562000,0 days 00:47:22.646000,0 days 00:48:05.684000,0 days 00:48:30.246000,231.0,248.0,277.0,326.0,False,SOFT,12.0,False,McLaren,0 days 00:46:51.599000,,1,9.0,False,,False,True,26.2,54.3,1003.5,False,29.1,355,2.4,True,False,False,False,False,False,+23.086,+4.941,23.086,4.941,2910.194,98.595,,,30.995,43.038,24.562,2842.646,2885.684,2910.246,2811.599
2019,Bahrain Grand Prix,2,Bahrain,Sakhir,0 days 00:50:11.465000,NOR,4,0 days 00:01:41.271000,10.0,1.0,,Lando Norris,0 days 00:50:09.839000,0 days 00:00:30.918000,0 days 00:00:43.050000,0 days 00:00:27.303000,0 days 00:49:01.164000,0 days 00:49:44.214000,0 days 00:50:11.517000,229.0,246.0,,293.0,False,SOFT,13.0,False,McLaren,0 days 00:48:30.194000,,1,9.0,False,,False,False,26.2,54.3,1003.6,False,28.9,41,2.7,True,False,False,False,False,False,+24.409,+5.612,24.409,5.612,3011.465,101.271,3009.839,,30.918,43.05,27.303,2941.164,2984.214,3011.517,2910.194
2019,Bahrain Grand Prix,2,Bahrain,Sakhir,0 days 00:52:07.483000,NOR,4,0 days 00:01:56.018000,11.0,2.0,0 days 00:50:33.966000,Lando Norris,,0 days 00:00:50.721000,0 days 00:00:41.621000,0 days 00:00:23.676000,0 days 00:51:02.238000,0 days 00:51:43.859000,0 days 00:52:07.535000,234.0,241.0,280.0,221.0,False,MEDIUM,1.0,True,McLaren,0 days 00:50:11.465000,,1,14.0,False,,False,False,26.1,54.9,1003.6,False,28.8,22,1.9,True,False,False,False,False,False,+45.929,+3.449,45.929,3.449,3127.483,116.018,,3033.966,50.721,41.621,23.676,3062.238,3103.859,3127.535,3011.465
2019,Bahrain Grand Prix,2,Bahrain,Sakhir,0 days 00:53:43.774000,NOR,4,0 days 00:01:36.291000,12.0,2.0,,Lando Norris,,0 days 00:00:30.107000,0 days 00:00:42.515000,0 days 00:00:23.669000,0 days 00:52:37.642000,0 days 00:53:20.157000,0 days 00:53:43.826000,232.0,240.0,279.0,298.0,True,MEDIUM,2.0,True,McLaren,0 days 00:52:07.483000,,12,11.0,False,,False,True,26.1,55.0,1003.5,False,28.8,33,1.7,True,True,False,False,False,False,+44.758,+2.000,44.758,2.0,3223.774,96.291,,,30.107,42.515,23.669,3157.642,3200.157,3223.826,3127.483
2019,Bahrain Grand Prix,2,Bahrain,Sakhir,0 days 00:55:20.131000,NOR,4,0 days 00:01:36.357000,13.0,2.0,,Lando Norris,,0 days 00:00:30.422000,0 days 00:00:41.994000,0 days 00:00:23.941000,0 days 00:54:14.248000,0 days 00:54:56.242000,0 days 00:55:20.183000,238.0,248.0,290.0,302.0,False,MEDIUM,3.0,True,McLaren,0 days 00:53:43.774000,,1,11.0,False,,False,True,26.1,54.9,1003.6,False,28.8,31,2.5,True,False,False,False,False,False,+40.010,+0.849,40.01,0.849,3320.131,96.357,,,30.422,41.994,23.941,3254.248,3296.242,3320.183,3223.774
2019,Bahrain Grand Prix,2,Bahrain,Sakhir,0 days 00:56:55.908000,NOR,4,0 days 00:01:35.777000,14.0,2.0,,Lando Norris,,0 days 00:00:29.832000,0 days 00:00:42.167000,0 days 00:00:23.778000,0 days 00:55:50.015000,0 days 00:56:32.182000,0 days 00:56:55.960000,234.0,253.0,280.0,320.0,True,MEDIUM,4.0,True,McLaren,0 days 00:55:20.131000,,1,10.0,False,,False,True,26.1,55.2,1003.7,False,28.9,352,1.6,True,False,False,False,False,False,+21.905,+1.425,21.905,1.425,3415.908,95.777,,,29.832,42.167,23.778,3350.015,3392.182,3415.96,3320.131
2019,Bahrain Grand Prix,2,Bahrain,Sakhir,0 days 00:58:32.586000,NOR,4,0 days 00:01:36.678000,15.0,2.0,,Lando Norris,,0 days 00:00:30.366000,0 days 00:00:42.279000,0 days 00:00:24.033000,0 days 00:57:26.326000,0 days 00:58:08.605000,0 days 00:58:32.638000,234.0,246.0,280.0,297.0,False,MEDIUM,5.0,True,McLaren,0 days 00:56:55.908000,,1,10.0,False,,False,True,26.1,55.2,1003.7,False,28.8,26,2.1,True,False,False,False,False,False,+23.454,+1.351,23.454,1.351,3512.586,96.678,,,30.366,42.279,24.033,3446.326,3488.605,3512.638,3415.908
2019,Bahrain Grand Prix,2,Bahrain,Sakhir,0 days 01:00:10.402000,NOR,4,0 days 00:01:37.816000,16.0,2.0,,Lando Norris,,0 days 00:00:30.518000,0 days 00:00:43.040000,0 days 00:00:24.258000,0 days 00:59:03.156000,0 days 00:59:46.196000,0 days 01:00:10.454000,233.0,234.0,288.0,300.0,False,MEDIUM,6.0,True,McLaren,0 days 00:58:32.586000,,1,9.0,False,,False,True,26.1,55.3,1003.7,False,28.8,17,2.0,True,False,False,False,False,False,+26.473,+0.143,26.473,0.143,3610.402,97.816,,,30.518,43.04,24.258,3543.156,3586.196,3610.454,3512.586
2019,Bahrain Grand Prix,2,Bahrain,Sakhir,0 days 01:01:47.587000,NOR,4,0 days 00:01:37.185000,17.0,2.0,,Lando Norris,,0 days 00:00:30.406000,0 days 00:00:42.591000,0 days 00:00:24.188000,0 days 01:00:40.860000,0 days 01:01:23.451000,0 days 01:01:47.639000,235.0,249.0,280.0,317.0,False,MEDIUM,7.0,True,McLaren,0 days 01:00:10.402000,,1,9.0,False,,False,True,26.1,55.5,1003.7,False,28.7,34,2.4,True,False,False,False,False,False,+28.412,+2.078,28.412,2.078,3707.587,97.185,,,30.406,42.591,24.188,3640.86,3683.451,3707.639,3610.402
2019,Bahrain Grand Prix,2,Bahrain,Sakhir,0 days 01:03:25.301000,NOR,4,0 days 00:01:37.714000,18.0,2.0,,Lando Norris,,0 days 00:00:30.750000,0 days 00:00:42.880000,0 days 00:00:24.084000,0 days 01:02:18.389000,0 days 01:03:01.269000,0 days 01:03:25.353000,232.0,243.0,279.0,296.0,False,MEDIUM,8.0,True,McLaren,0 days 01:01:47.587000,,1,9.0,False,,False,True,26.1,55.3,1003.7,False,28.7,2,2.7,True,False,False,False,False,False,+30.661,+2.650,30.661,2.65,3805.301,97.714,,,30.75,42.88,24.084,3738.389,3781.269,3805.353,3707.587
2019,Bahrain Grand Prix,2,Bahrain,Sakhir,0 days 01:05:02.729000,NOR,4,0 days 00:01:37.428000,19.0,2.0,,Lando Norris,,0 days 00:00:30.669000,0 days 00:00:42.563000,0 days 00:00:24.196000,0 days 01:03:56.022000,0 days 01:04:38.585000,0 days 01:05:02.781000,234.0,253.0,279.0,298.0,False,MEDIUM,9.0,True,McLaren,0 days 01:03:25.301000,,1,9.0,False,,False,True,26.1,54.8,1003.7,False,28.8,85,2.2,True,False,False,False,False,False,+32.315,+2.992,32.315,2.992,3902.729,97.428,,,30.669,42.563,24.196,3836.022,3878.585,3902.781,3805.301
2019,Bahrain Grand Prix,2,Bahrain,Sakhir,0 days 01:06:40.590000,NOR,4,0 days 00:01:37.861000,20.0,2.0,,Lando Norris,,0 days 00:00:30.680000,0 days 00:00:42.936000,0 days 00:00:24.245000,0 days 01:05:33.461000,0 days 01:06:16.397000,0 days 01:06:40.642000,233.0,248.0,280.0,294.0,False,MEDIUM,10.0,True,McLaren,0 days 01:05:02.729000,,1,9.0,False,,False,True,26.2,53.6,1003.7,False,29.0,345,2.5,True,False,False,False,False,False,+34.126,+2.781,34.126,2.781,4000.59,97.861,,,30.68,42.936,24.245,3933.461,3976.397,4000.642,3902.729
2019,Bahrain Grand Prix,2,Bahrain,Sakhir,0 days 01:08:18.240000,NOR,4,0 days 00:01:37.650000,21.0,2.0,,Lando Norris,,0 days 00:00:30.855000,0 days 00:00:42.676000,0 days 00:00:24.119000,0 days 01:07:11.497000,0 days 01:07:54.173000,0 days 01:08:18.292000,233.0,254.0,280.0,299.0,False,MEDIUM,11.0,True,McLaren,0 days 01:06:40.590000,,1,9.0,False,,False,True,26.3,53.4,1003.5,False,29.0,31,3.0,True,False,False,False,False,False,+35.786,+2.165,35.786,2.165,4098.24,97.65,,,30.855,42.676,24.119,4031.497,4074.173,4098.292,4000.59
2019,Bahrain Grand Prix,2,Bahrain,Sakhir,0 days 01:09:55.910000,NOR,4,0 days 00:01:37.670000,22.0,2.0,,Lando Norris,,0 days 00:00:30.743000,0 days 00:00:42.812000,0 days 00:00:24.115000,0 days 01:08:49.035000,0 days 01:09:31.847000,0 days 01:09:55.962000,233.0,248.0,279.0,300.0,False,MEDIUM,12.0,True,McLaren,0 days 01:08:18.240000,,1,9.0,False,,False,True,26.3,52.8,1003.5,False,28.8,50,2.2,True,False,False,False,False,False,+37.349,+2.141,37.349,2.141,4195.91,97.67,,,30.743,42.812,24.115,4129.035,4171.847,4195.962,4098.24
2019,Bahrain Grand Prix,2,Bahrain,Sakhir,0 days 01:11:34.088000,NOR,4,0 days 00:01:38.178000,23.0,2.0,,Lando Norris,,0 days 00:00:30.856000,0 days 00:00:42.974000,0 days 00:00:24.348000,0 days 01:10:26.818000,0 days 01:11:09.792000,0 days 01:11:34.140000,235.0,253.0,280.0,298.0,False,MEDIUM,13.0,True,McLaren,0 days 01:09:55.910000,,1,9.0,False,,False,True,26.4,51.9,1003.6,False,28.9,59,2.1,True,False,False,False,False,False,+39.425,+1.401,39.425,1.401,4294.088,98.178,,,30.856,42.974,24.348,4226.818,4269.792,4294.14,4195.91
2019,Bahrain Grand Prix,2,Bahrain,Sakhir,0 days 01:13:11.927000,NOR,4,0 days 00:01:37.839000,24.0,2.0,,Lando Norris,,0 days 00:00:30.803000,0 days 00:00:42.843000,0 days 00:00:24.193000,0 days 01:12:04.943000,0 days 01:12:47.786000,0 days 01:13:11.979000,235.0,254.0,290.0,298.0,False,MEDIUM,14.0,True,McLaren,0 days 01:11:34.088000,,1,8.0,False,,False,True,26.4,51.3,1003.3,False,28.9,9,2.9,True,False,False,False,False,False,+41.074,+0.924,41.074,0.924,4391.927,97.839,,,30.803,42.843,24.193,4324.943,4367.786,4391.979,4294.088
2019,Bahrain Grand Prix,2,Bahrain,Sakhir,0 days 01:14:50.703000,NOR,4,0 days 00:01:38.776000,25.0,2.0,,Lando Norris,,0 days 00:00:30.508000,0 days 00:00:43.809000,0 days 00:00:24.459000,0 days 01:13:42.487000,0 days 01:14:26.296000,0 days 01:14:50.755000,237.0,249.0,292.0,317.0,False,MEDIUM,15.0,True,McLaren,0 days 01:13:11.927000,,1,8.0,False,,False,True,26.5,51.3,1003.4,False,28.9,37,2.2,True,False,False,False,False,False,+43.574,+0.677,43.574,0.677,4490.703,98.776,,,30.508,43.809,24.459,4422.487,4466.296,4490.755,4391.927
2019,Bahrain Grand Prix,2,Bahrain,Sakhir,0 days 01:16:28.713000,NOR,4,0 days 00:01:38.010000,26.0,2.0,,Lando Norris,,0 days 00:00:30.637000,0 days 00:00:43.010000,0 days 00:00:24.363000,0 days 01:15:21.392000,0 days 01:16:04.402000,0 days 01:16:28.765000,234.0,255.0,280.0,326.0,False,MEDIUM,16.0,True,McLaren,0 days 01:14:50.703000,,1,7.0,False,,False,True,26.5,51.3,1003.4,False,28.9,31,2.7,True,False,False,False,False,False,+45.241,+3.620,45.241,3.62,4588.713,98.01,,,30.637,43.01,24.363,4521.392,4564.402,4588.765,4490.703
2019,Bahrain Grand Prix,2,Bahrain,Sakhir,0 days 01:18:07.274000,NOR,4,0 days 00:01:38.561000,27.0,2.0,,Lando Norris,,0 days 00:00:30.881000,0 days 00:00:43.283000,0 days 00:00:24.397000,0 days 01:16:59.646000,0 days 01:17:42.929000,0 days 01:18:07.326000,234.0,240.0,280.0,293.0,False,MEDIUM,17.0,True,McLaren,0 days 01:16:28.713000,,1,7.0,False,,False,True,26.5,50.4,1003.3,False,28.8,44,2.5,True,False,False,False,False,False,+46.832,+3.664,46.832,3.664,4687.274,98.561,,,30.881,43.283,24.397,4619.646,4662.929,4687.326,4588.713
2019,Bahrain Grand Prix,2,Bahrain,Sakhir,0 days 01:19:45.893000,NOR,4,0 days 00:01:38.619000,28.0,2.0,,Lando Norris,,0 days 00:00:31.023000,0 days 00:00:43.347000,0 days 00:00:24.249000,0 days 01:18:38.349000,0 days 01:19:21.696000,0 days 01:19:45.945000,236.0,240.0,280.0,298.0,False,MEDIUM,18.0,True,McLaren,0 days 01:18:07.274000,,1,7.0,False,,False,True,26.5,49.0,1003.2,False,28.8,40,3.2,True,False,False,False,False,False,+48.216,+3.661,48.216,3.661,4785.893,98.619,,,31.023,43.347,24.249,4718.349,4761.696,4785.945,4687.274
2019,Bahrain Grand Prix,2,Bahrain,Sakhir,0 days 01:21:24.087000,NOR,4,0 days 00:01:38.194000,29.0,2.0,,Lando Norris,,0 days 00:00:30.865000,0 days 00:00:43.178000,0 days 00:00:24.151000,0 days 01:20:16.810000,0 days 01:20:59.988000,0 days 01:21:24.139000,235.0,242.0,281.0,299.0,False,MEDIUM,19.0,True,McLaren,0 days 01:19:45.893000,,1,7.0,False,,False,True,26.6,48.9,1003.3,False,28.9,12,2.3,True,False,False,False,False,False,+49.658,+3.457,49.658,3.457,4884.087,98.194,,,30.865,43.178,24.151,4816.81,4859.988,4884.139,4785.893
2019,Bahrain Grand Prix,2,Bahrain,Sakhir,0 days 01:23:02.446000,NOR,4,0 days 00:01:38.359000,30.0,2.0,,Lando Norris,,0 days 00:00:30.924000,0 days 00:00:43.240000,0 days 00:00:24.195000,0 days 01:21:55.063000,0 days 01:22:38.303000,0 days 01:23:02.498000,236.0,244.0,281.0,298.0,False,MEDIUM,20.0,True,McLaren,0 days 01:21:24.087000,,1,7.0,False,,False,True,26.6,48.9,1003.4,False,28.7,22,2.9,True,False,False,False,False,False,+50.972,+3.383,50.972,3.383,4982.446,98.359,,,30.924,43.24,24.195,4915.063,4958.303,4982.498,4884.087
2019,Bahrain Grand Prix,2,Bahrain,Sakhir,0 days 01:24:40.760000,NOR,4,0 days 00:01:38.314000,31.0,2.0,,Lando Norris,,0 days 00:00:31.080000,0 days 00:00:43.108000,0 days 00:00:24.126000,0 days 01:23:33.578000,0 days 01:24:16.686000,0 days 01:24:40.812000,234.0,244.0,281.0,299.0,False,MEDIUM,21.0,True,McLaren,0 days 01:23:02.446000,,1,7.0,False,,False,True,26.6,49.2,1003.4,False,28.6,50,2.5,True,False,False,False,False,False,+52.613,+3.112,52.613,3.112,5080.76,98.314,,,31.08,43.108,24.126,5013.578,5056.686,5080.812,4982.446
2019,Bahrain Grand Prix,2,Bahrain,Sakhir,0 days 01:26:19.260000,NOR,4,0 days 00:01:38.500000,32.0,2.0,,Lando Norris,,0 days 00:00:31.191000,0 days 00:00:43.110000,0 days 00:00:24.199000,0 days 01:25:12.003000,0 days 01:25:55.113000,0 days 01:26:19.312000,236.0,251.0,281.0,299.0,False,MEDIUM,22.0,True,McLaren,0 days 01:24:40.760000,,1,7.0,False,,False,True,26.6,49.4,1003.3,False,28.6,9,2.4,True,False,False,False,False,False,+53.943,+2.955,53.943,2.955,5179.26,98.5,,,31.191,43.11,24.199,5112.003,5155.113,5179.312,5080.76
2019,Bahrain Grand Prix,2,Bahrain,Sakhir,0 days 01:27:57.986000,NOR,4,0 days 00:01:38.726000,33.0,2.0,,Lando Norris,,0 days 00:00:30.975000,0 days 00:00:43.492000,0 days 00:00:24.259000,0 days 01:26:50.287000,0 days 01:27:33.779000,0 days 01:27:58.038000,234.0,241.0,281.0,297.0,False,MEDIUM,23.0,True,McLaren,0 days 01:26:19.260000,,1,5.0,False,,False,True,26.6,49.7,1003.2,False,28.4,19,2.6,True,False,False,False,False,False,+56.034,+31.803,56.034,31.803,5277.986,98.726,,,30.975,43.492,24.259,5210.287,5253.779,5278.038,5179.26
2019,Bahrain Grand Prix,2,Bahrain,Sakhir,0 days 01:29:39.944000,NOR,4,0 days 00:01:41.958000,34.0,2.0,,Lando Norris,0 days 01:29:38.250000,0 days 00:00:31.488000,0 days 00:00:43.291000,0 days 00:00:27.179000,0 days 01:28:29.526000,0 days 01:29:12.817000,0 days 01:29:39.996000,234.0,251.0,,300.0,False,MEDIUM,24.0,True,McLaren,0 days 01:27:57.986000,,1,6.0,False,,False,False,26.6,49.9,1003.2,False,28.4,54,2.6,True,False,False,False,False,False,+58.127,+0.074,58.127,0.074,5379.944,101.958,5378.25,,31.488,43.291,27.179,5309.526,5352.817,5379.996,5277.986
2019,Bahrain Grand Prix,2,Bahrain,Sakhir,0 days 01:31:37.535000,NOR,4,0 days 00:01:57.591000,35.0,3.0,0 days 01:30:02.999000,Lando Norris,,0 days 00:00:51.481000,0 days 00:00:42.463000,0 days 00:00:23.647000,0 days 01:30:31.477000,0 days 01:31:13.940000,0 days 01:31:37.587000,236.0,239.0,281.0,228.0,False,SOFT,16.0,False,McLaren,0 days 01:29:39.944000,,1,9.0,False,,False,False,26.5,50.0,1003.4,False,28.3,357,2.9,True,False,False,False,False,False,+81.576,+4.942,81.576,4.942,5497.535,117.591,,5402.999,51.481,42.463,23.647,5431.477,5473.94,5497.587,5379.944
2019,Bahrain Grand Prix,2,Bahrain,Sakhir,0 days 01:33:14.166000,NOR,4,0 days 00:01:36.631000,36.0,3.0,,Lando Norris,,0 days 00:00:30.462000,0 days 00:00:42.369000,0 days 00:00:23.800000,0 days 01:32:08.049000,0 days 01:32:50.418000,0 days 01:33:14.218000,239.0,242.0,282.0,303.0,False,SOFT,17.0,False,McLaren,0 days 01:31:37.535000,,1,9.0,False,,False,True,26.5,50.5,1003.3,False,28.3,43,3.1,True,False,False,False,False,False,+80.176,+3.714,80.176,3.714,5594.166,96.631,,,30.462,42.369,23.8,5528.049,5570.418,5594.218,5497.535
2019,Bahrain Grand Prix,2,Bahrain,Sakhir,0 days 01:34:51.015000,NOR,4,0 days 00:01:36.849000,37.0,3.0,,Lando Norris,,0 days 00:00:30.715000,0 days 00:00:42.414000,0 days 00:00:23.720000,0 days 01:33:44.933000,0 days 01:34:27.347000,0 days 01:34:51.067000,236.0,239.0,282.0,298.0,False,SOFT,18.0,False,McLaren,0 days 01:33:14.166000,,12,9.0,False,,False,True,26.5,50.8,1003.4,False,28.3,17,2.8,True,True,False,False,False,False,+59.582,+3.191,59.582,3.191,5691.015,96.849,,,30.715,42.414,23.72,5624.933,5667.347,5691.067,5594.166
2019,Bahrain Grand Prix,2,Bahrain,Sakhir,0 days 01:36:28.344000,NOR,4,0 days 00:01:37.329000,38.0,3.0,,Lando Norris,,0 days 00:00:30.552000,0 days 00:00:43.032000,0 days 00:00:23.745000,0 days 01:35:21.619000,0 days 01:36:04.651000,0 days 01:36:28.396000,237.0,236.0,282.0,299.0,False,SOFT,19.0,False,McLaren,0 days 01:34:51.015000,,1,9.0,False,,False,True,26.5,50.9,1003.2,False,28.2,55,3.0,True,False,False,False,False,False,+63.504,+3.288,63.504,3.288,5788.344,97.329,,,30.552,43.032,23.745,5721.619,5764.651,5788.396,5691.015
2019,Bahrain Grand Prix,2,Bahrain,Sakhir,0 days 01:38:05.396000,NOR,4,0 days 00:01:37.052000,39.0,3.0,,Lando Norris,,0 days 00:00:30.869000,0 days 00:00:42.556000,0 days 00:00:23.627000,0 days 01:36:59.265000,0 days 01:37:41.821000,0 days 01:38:05.448000,237.0,245.0,282.0,301.0,False,SOFT,20.0,False,McLaren,0 days 01:36:28.344000,,1,8.0,False,,False,True,26.4,51.3,1003.3,False,28.1,52,2.8,True,False,False,False,False,False,+66.070,+2.358,66.07,2.358,5885.396,97.052,,,30.869,42.556,23.627,5819.265,5861.821,5885.448,5788.344
2019,Bahrain Grand Prix,2,Bahrain,Sakhir,0 days 01:39:41.906000,NOR,4,0 days 00:01:36.510000,40.0,3.0,,Lando Norris,,0 days 00:00:30.344000,0 days 00:00:42.484000,0 days 00:00:23.682000,0 days 01:38:35.792000,0 days 01:39:18.276000,0 days 01:39:41.958000,239.0,245.0,283.0,303.0,False,SOFT,21.0,False,McLaren,0 days 01:38:05.396000,,12,7.0,False,,False,True,26.4,51.5,1003.3,False,28.0,45,2.4,True,True,False,False,False,False,+68.178,+1.301,68.178,1.301,5981.906,96.51,,,30.344,42.484,23.682,5915.792,5958.276,5981.958,5885.396
2019,Bahrain Grand Prix,2,Bahrain,Sakhir,0 days 01:41:19.699000,NOR,4,0 days 00:01:37.793000,41.0,3.0,,Lando Norris,,0 days 00:00:31.301000,0 days 00:00:42.595000,0 days 00:00:23.897000,0 days 01:40:13.259000,0 days 01:40:55.854000,0 days 01:41:19.751000,236.0,242.0,283.0,298.0,False,SOFT,22.0,False,McLaren,0 days 01:39:41.906000,,1,8.0,False,,False,True,26.4,51.7,1003.2,False,28.0,31,2.6,True,False,False,False,False,False,+71.544,+1.132,71.544,1.132,6079.699,97.793,,,31.301,42.595,23.897,6013.259,6055.854,6079.751,5981.906
2019,Bahrain Grand Prix,2,Bahrain,Sakhir,0 days 01:42:56.256000,NOR,4,0 days 00:01:36.557000,42.0,3.0,,Lando Norris,,0 days 00:00:30.486000,0 days 00:00:42.325000,0 days 00:00:23.746000,0 days 01:41:50.237000,0 days 01:42:32.562000,0 days 01:42:56.308000,237.0,245.0,290.0,303.0,False,SOFT,23.0,False,McLaren,0 days 01:41:19.699000,,12,8.0,False,,False,True,26.3,51.7,1003.3,False,28.0,53,2.7,True,True,False,False,False,False,+73.485,+1.052,73.485,1.052,6176.256,96.557,,,30.486,42.325,23.746,6110.237,6152.562,6176.308,6079.699
2019,Bahrain Grand Prix,2,Bahrain,Sakhir,0 days 01:44:32.484000,NOR,4,0 days 00:01:36.228000,43.0,3.0,,Lando Norris,,0 days 00:00:30.373000,0 days 00:00:42.279000,0 days 00:00:23.576000,0 days 01:43:26.681000,0 days 01:44:08.960000,0 days 01:44:32.536000,235.0,251.0,296.0,319.0,False,SOFT,24.0,False,McLaren,0 days 01:42:56.256000,,21,8.0,False,,False,True,26.3,51.8,1003.2,False,28.0,47,2.8,True,True,False,False,False,False,+74.436,+0.581,74.436,0.581,6272.484,96.228,,,30.373,42.279,23.576,6206.681,6248.96,6272.536,6176.256
2019,Bahrain Grand Prix,2,Bahrain,Sakhir,0 days 01:46:09.124000,NOR,4,0 days 00:01:36.640000,44.0,3.0,,Lando Norris,,0 days 00:00:30.417000,0 days 00:00:42.352000,0 days 00:00:23.871000,0 days 01:45:02.953000,0 days 01:45:45.305000,0 days 01:46:09.176000,239.0,257.0,282.0,330.0,False,SOFT,25.0,False,McLaren,0 days 01:44:32.484000,,1,7.0,False,,False,True,26.3,52.0,1003.1,False,28.0,69,3.2,True,False,False,False,False,False,+75.531,+2.638,75.531,2.638,6369.124,96.64,,,30.417,42.352,23.871,6302.953,6345.305,6369.176,6272.484
2019,Bahrain Grand Prix,2,Bahrain,Sakhir,0 days 01:47:45.558000,NOR,4,0 days 00:01:36.434000,45.0,3.0,,Lando Norris,,0 days 00:00:30.593000,0 days 00:00:41.997000,0 days 00:00:23.844000,0 days 01:46:39.769000,0 days 01:47:21.766000,0 days 01:47:45.610000,235.0,249.0,283.0,296.0,False,SOFT,26.0,False,McLaren,0 days 01:46:09.124000,,1,7.0,False,,False,True,26.3,52.5,1003.4,False,27.8,59,2.5,True,False,False,False,False,False,+75.989,+2.728,75.989,2.728,6465.558,96.434,,,30.593,41.997,23.844,6399.769,6441.766,6465.61,6369.124
2019,Bahrain Grand Prix,2,Bahrain,Sakhir,0 days 01:49:22.168000,NOR,4,0 days 00:01:36.610000,46.0,3.0,,Lando Norris,,0 days 00:00:30.748000,0 days 00:00:42.200000,0 days 00:00:23.662000,0 days 01:48:16.358000,0 days 01:48:58.558000,0 days 01:49:22.220000,236.0,247.0,283.0,302.0,False,SOFT,27.0,False,McLaren,0 days 01:47:45.558000,,1,7.0,False,,False,True,26.3,52.7,1003.2,False,27.7,63,3.1,True,False,False,False,False,False,+74.637,+3.284,74.637,3.284,6562.168,96.61,,,30.748,42.2,23.662,6496.358,6538.558,6562.22,6465.558
2019,Bahrain Grand Prix,2,Bahrain,Sakhir,0 days 01:50:58.449000,NOR,4,0 days 00:01:36.281000,47.0,3.0,,Lando Norris,,0 days 00:00:30.421000,0 days 00:00:42.116000,0 days 00:00:23.744000,0 days 01:49:52.641000,0 days 01:50:34.757000,0 days 01:50:58.501000,237.0,248.0,283.0,301.0,False,SOFT,28.0,False,McLaren,0 days 01:49:22.168000,,1,7.0,False,,False,True,26.2,52.9,1003.4,False,27.7,39,2.6,True,False,False,False,False,False,+71.077,+3.169,71.077,3.169,6658.449,96.281,,,30.421,42.116,23.744,6592.641,6634.757,6658.501,6562.168
2019,Bahrain Grand Prix,2,Bahrain,Sakhir,0 days 01:52:34.890000,NOR,4,0 days 00:01:36.441000,48.0,3.0,,Lando Norris,,0 days 00:00:30.645000,0 days 00:00:42.111000,0 days 00:00:23.685000,0 days 01:51:29.146000,0 days 01:52:11.257000,0 days 01:52:34.942000,236.0,245.0,282.0,301.0,False,SOFT,29.0,False,McLaren,0 days 01:50:58.449000,,1,7.0,False,,False,True,26.2,53.2,1003.3,False,27.6,33,3.3,True,False,False,False,False,False,+67.668,+3.420,67.668,3.42,6754.89,96.441,,,30.645,42.111,23.685,6689.146,6731.257,6754.942,6658.449
2019,Bahrain Grand Prix,2,Bahrain,Sakhir,0 days 01:54:11.576000,NOR,4,0 days 00:01:36.686000,49.0,3.0,,Lando Norris,,0 days 00:00:30.524000,0 days 00:00:42.389000,0 days 00:00:23.773000,0 days 01:53:05.466000,0 days 01:53:47.855000,0 days 01:54:11.628000,239.0,250.0,283.0,301.0,False,SOFT,30.0,False,McLaren,0 days 01:52:34.890000,,1,7.0,False,,False,True,26.2,53.3,1003.4,False,27.6,56,3.3,True,False,False,False,False,False,+67.573,+3.332,67.573,3.332,6851.576,96.686,,,30.524,42.389,23.773,6785.466,6827.855,6851.628,6754.89
2019,Bahrain Grand Prix,2,Bahrain,Sakhir,0 days 01:55:48.114000,NOR,4,0 days 00:01:36.538000,50.0,3.0,,Lando Norris,,0 days 00:00:30.436000,0 days 00:00:42.271000,0 days 00:00:23.831000,0 days 01:54:42.064000,0 days 01:55:24.335000,0 days 01:55:48.166000,238.0,253.0,284.0,301.0,False,SOFT,31.0,False,McLaren,0 days 01:54:11.576000,,1,7.0,False,,False,True,26.1,53.8,1003.1,False,27.5,60,2.9,True,False,False,False,False,False,+67.806,+3.601,67.806,3.601,6948.114,96.538,,,30.436,42.271,23.831,6882.064,6924.335,6948.166,6851.576
2019,Bahrain Grand Prix,2,Bahrain,Sakhir,0 days 01:57:25.207000,NOR,4,0 days 00:01:37.093000,51.0,3.0,,Lando Norris,,0 days 00:00:30.708000,0 days 00:00:42.530000,0 days 00:00:23.855000,0 days 01:56:18.874000,0 days 01:57:01.404000,0 days 01:57:25.259000,238.0,252.0,283.0,298.0,False,SOFT,32.0,False,McLaren,0 days 01:55:48.114000,,1,7.0,False,,False,True,26.1,53.6,1003.0,False,27.5,19,3.6,True,False,False,False,False,False,+68.490,+4.354,68.49,4.354,7045.207,97.093,,,30.708,42.53,23.855,6978.874,7021.404,7045.259,6948.114
2019,Bahrain Grand Prix,2,Bahrain,Sakhir,0 days 01:59:02.180000,NOR,4,0 days 00:01:36.973000,52.0,3.0,,Lando Norris,,0 days 00:00:30.681000,0 days 00:00:42.419000,0 days 00:00:23.873000,0 days 01:57:55.940000,0 days 01:58:38.359000,0 days 01:59:02.232000,236.0,257.0,284.0,302.0,False,SOFT,33.0,False,McLaren,0 days 01:57:25.207000,,1,7.0,False,,False,True,26.1,53.7,1003.3,False,27.5,44,2.5,True,False,False,False,False,False,+67.473,+3.983,67.473,3.983,7142.18,96.973,,,30.681,42.419,23.873,7075.94,7118.359,7142.232,7045.207
2019,Bahrain Grand Prix,2,Bahrain,Sakhir,0 days 02:00:39.567000,NOR,4,0 days 00:01:37.387000,53.0,3.0,,Lando Norris,,0 days 00:00:30.843000,0 days 00:00:42.860000,0 days 00:00:23.684000,0 days 01:59:33.075000,0 days 02:00:15.935000,0 days 02:00:39.619000,234.0,260.0,283.0,301.0,False,SOFT,34.0,False,McLaren,0 days 01:59:02.180000,,1,7.0,False,,False,True,26.1,53.9,1003.3,False,27.6,52,2.6,True,False,False,False,False,False,+68.196,+4.080,68.196,4.08,7239.567,97.387,,,30.843,42.86,23.684,7173.075,7215.935,7239.619,7142.18
2019,Bahrain Grand Prix,2,Bahrain,Sakhir,0 days 02:02:16.522000,NOR,4,0 days 00:01:36.955000,54.0,3.0,,Lando Norris,,0 days 00:00:30.901000,0 days 00:00:42.282000,0 days 00:00:23.772000,0 days 02:01:10.520000,0 days 02:01:52.802000,0 days 02:02:16.574000,230.0,255.0,283.0,295.0,False,SOFT,35.0,False,McLaren,0 days 02:00:39.567000,,124,6.0,False,,False,False,26.1,54.0,1003.3,False,27.6,39,3.0,True,True,True,False,False,False,+68.326,+12.269,68.326,12.269,7336.522,96.955,,,30.901,42.282,23.772,7270.52,7312.802,7336.574,7239.567
2019,Bahrain Grand Prix,2,Bahrain,Sakhir,0 days 02:04:32.291000,NOR,4,0 days 00:02:15.769000,55.0,3.0,,Lando Norris,,0 days 00:00:44.776000,0 days 00:00:56.872000,0 days 00:00:34.121000,0 days 02:03:01.350000,0 days 02:03:58.222000,0 days 02:04:32.343000,163.0,201.0,213.0,105.0,False,SOFT,36.0,False,McLaren,0 days 02:02:16.522000,,4,6.0,False,,False,False,26.1,53.9,1003.0,False,27.5,13,2.9,False,False,True,False,False,False,+94.199,+18.051,94.199,18.051,7472.291,135.769,,,44.776,56.872,34.121,7381.35,7438.222,7472.343,7336.522
2019,Bahrain Grand Prix,2,Bahrain,Sakhir,0 days 02:06:42.848000,NOR,4,0 days 00:02:10.557000,56.0,3.0,,Lando Norris,,0 days 00:00:40.829000,0 days 00:00:56.672000,0 days 00:00:33.056000,0 days 02:05:13.172000,0 days 02:06:09.844000,0 days 02:06:42.900000,194.0,174.0,179.0,260.0,False,SOFT,37.0,False,McLaren,0 days 02:04:32.291000,,4,6.0,False,,False,False,26.1,53.7,1003.1,False,27.6,41,3.2,False,False,True,False,False,False,+81.696,+14.532,81.696,14.532,7602.848,130.557,,,40.829,56.672,33.056,7513.172,7569.844,7602.9,7472.291
2019,Bahrain Grand Prix,2,Bahrain,Sakhir,0 days 02:08:38.629000,NOR,4,0 days 00:01:55.781000,57.0,3.0,,Lando Norris,,0 days 00:00:38.938000,0 days 00:00:50.929000,0 days 00:00:25.914000,0 days 02:07:21.838000,0 days 02:08:12.767000,0 days 02:08:38.681000,229.0,216.0,228.0,248.0,False,SOFT,38.0,False,McLaren,0 days 02:06:42.848000,,4,6.0,False,,False,False,26.1,54.1,1003.1,False,27.4,56,3.0,False,False,True,False,False,False,+45.711,+9.815,45.711,9.815,7718.629,115.781,,,38.938,50.929,25.914,7641.838,7692.767,7718.681,7602.848
2019,Bahrain Grand Prix,2,Bahrain,Sakhir,0 days 00:35:11.521000,HAM,44,0 days 00:01:39.941000,1.0,1.0,,Lewis Hamilton,,,0 days 00:00:42.993000,0 days 00:00:23.801000,,0 days 00:34:48.556000,0 days 00:35:11.659000,239.0,251.0,277.0,264.0,False,SOFT,4.0,False,Mercedes,0 days 00:33:31.386000,,12,4.0,False,,False,False,26.1,54.5,1003.3,False,29.2,16,2.3,True,True,False,False,False,False,+2.389,+0.453,2.389,0.453,2111.521,99.941,,,,42.993,23.801,,2088.556,2111.659,2011.386
2019,Bahrain Grand Prix,2,Bahrain,Sakhir,0 days 00:36:49.514000,HAM,44,0 days 00:01:37.993000,2.0,1.0,,Lewis Hamilton,,0 days 00:00:31.473000,0 days 00:00:42.727000,0 days 00:00:23.793000,0 days 00:35:43.030000,0 days 00:36:25.757000,0 days 00:36:49.550000,235.0,245.0,280.0,305.0,True,SOFT,5.0,False,Mercedes,0 days 00:35:11.521000,,21,3.0,False,,False,True,26.1,53.9,1003.5,False,29.3,22,2.3,True,True,False,False,False,False,+3.792,+1.864,3.792,1.864,2209.514,97.993,,,31.473,42.727,23.793,2143.03,2185.757,2209.55,2111.521
2019,Bahrain Grand Prix,2,Bahrain,Sakhir,0 days 00:38:26.273000,HAM,44,0 days 00:01:36.759000,3.0,1.0,,Lewis Hamilton,,0 days 00:00:30.677000,0 days 00:00:42.383000,0 days 00:00:23.699000,0 days 00:37:20.227000,0 days 00:38:02.610000,0 days 00:38:26.309000,233.0,247.0,279.0,287.0,True,SOFT,6.0,False,Mercedes,0 days 00:36:49.514000,,1,3.0,False,,False,True,26.1,53.7,1003.5,False,29.3,70,3.0,True,False,False,False,False,False,+3.586,+2.238,3.586,2.238,2306.273,96.759,,,30.677,42.383,23.699,2240.227,2282.61,2306.309,2209.514
2019,Bahrain Grand Prix,2,Bahrain,Sakhir,0 days 00:40:03.842000,HAM,44,0 days 00:01:37.569000,4.0,1.0,,Lewis Hamilton,,0 days 00:00:30.920000,0 days 00:00:42.480000,0 days 00:00:24.169000,0 days 00:38:57.229000,0 days 00:39:39.709000,0 days 00:40:03.878000,234.0,241.0,278.0,285.0,False,SOFT,7.0,False,Mercedes,0 days 00:38:26.273000,,12,3.0,False,,False,True,26.2,53.8,1003.4,False,29.3,36,1.9,True,True,False,False,False,False,+3.814,+2.897,3.814,2.897,2403.842,97.569,,,30.92,42.48,24.169,2337.229,2379.709,2403.878,2306.273
2019,Bahrain Grand Prix,2,Bahrain,Sakhir,0 days 00:41:40.809000,HAM,44,0 days 00:01:36.967000,5.0,1.0,,Lewis Hamilton,,0 days 00:00:30.881000,0 days 00:00:42.314000,0 days 00:00:23.772000,0 days 00:40:34.759000,0 days 00:41:17.073000,0 days 00:41:40.845000,236.0,244.0,280.0,289.0,False,SOFT,8.0,False,Mercedes,0 days 00:40:03.842000,,1,3.0,False,,False,True,26.2,54.0,1003.5,False,29.2,41,3.1,True,False,False,False,False,False,+3.238,+2.645,3.238,2.645,2500.809,96.967,,,30.881,42.314,23.772,2434.759,2477.073,2500.845,2403.842
2019,Bahrain Grand Prix,2,Bahrain,Sakhir,0 days 00:43:17.838000,HAM,44,0 days 00:01:37.029000,6.0,1.0,,Lewis Hamilton,,0 days 00:00:30.666000,0 days 00:00:42.419000,0 days 00:00:23.944000,0 days 00:42:11.511000,0 days 00:42:53.930000,0 days 00:43:17.874000,236.0,241.0,280.0,301.0,False,SOFT,9.0,False,Mercedes,0 days 00:41:40.809000,,12,3.0,False,,False,True,26.2,53.9,1003.5,False,29.2,29,3.1,True,True,False,False,False,False,+2.805,+1.631,2.805,1.631,2597.838,97.029,,,30.666,42.419,23.944,2531.511,2573.93,2597.874,2500.809
2019,Bahrain Grand Prix,2,Bahrain,Sakhir,0 days 00:44:55.475000,HAM,44,0 days 00:01:37.637000,7.0,1.0,,Lewis Hamilton,,0 days 00:00:30.659000,0 days 00:00:43.040000,0 days 00:00:23.938000,0 days 00:43:48.533000,0 days 00:44:31.573000,0 days 00:44:55.511000,234.0,245.0,279.0,290.0,False,SOFT,10.0,False,Mercedes,0 days 00:43:17.838000,,1,3.0,False,,False,True,26.2,54.3,1003.4,False,29.2,3,2.3,True,False,False,False,False,False,+3.373,+1.722,3.373,1.722,2695.475,97.637,,,30.659,43.04,23.938,2628.533,2671.573,2695.511,2597.838
2019,Bahrain Grand Prix,2,Bahrain,Sakhir,0 days 00:46:32.970000,HAM,44,0 days 00:01:37.495000,8.0,1.0,,Lewis Hamilton,,0 days 00:00:30.813000,0 days 00:00:42.610000,0 days 00:00:24.072000,0 days 00:45:26.324000,0 days 00:46:08.934000,0 days 00:46:33.006000,234.0,247.0,280.0,285.0,False,SOFT,11.0,False,Mercedes,0 days 00:44:55.475000,,1,3.0,False,,False,True,26.2,54.2,1003.6,False,29.1,40,2.9,True,False,False,False,False,False,+3.086,+1.531,3.086,1.531,2792.97,97.495,,,30.813,42.61,24.072,2726.324,2768.934,2793.006,2695.475
2019,Bahrain Grand Prix,2,Bahrain,Sakhir,0 days 00:48:10.278000,HAM,44,0 days 00:01:37.308000,9.0,1.0,,Lewis Hamilton,,0 days 00:00:30.761000,0 days 00:00:42.589000,0 days 00:00:23.958000,0 days 00:47:03.767000,0 days 00:47:46.356000,0 days 00:48:10.314000,234.0,248.0,280.0,290.0,False,SOFT,12.0,False,Mercedes,0 days 00:46:32.970000,,1,3.0,False,,False,True,26.2,54.3,1003.5,False,29.1,355,2.4,True,False,False,False,False,False,+3.185,+1.211,3.185,1.211,2890.278,97.308,,,30.761,42.589,23.958,2823.767,2866.356,2890.314,2792.97
2019,Bahrain Grand Prix,2,Bahrain,Sakhir,0 days 00:49:48.629000,HAM,44,0 days 00:01:38.351000,10.0,1.0,,Lewis Hamilton,,0 days 00:00:30.622000,0 days 00:00:43.680000,0 days 00:00:24.049000,0 days 00:48:40.936000,0 days 00:49:24.616000,0 days 00:49:48.665000,234.0,248.0,279.0,288.0,False,SOFT,13.0,False,Mercedes,0 days 00:48:10.278000,,1,3.0,False,,False,True,26.2,54.3,1003.6,False,28.9,41,2.7,True,False,False,False,False,False,+4.262,+1.740,4.262,1.74,2988.629,98.351,,,30.622,43.68,24.049,2920.936,2964.616,2988.665,2890.278
2019,Bahrain Grand Prix,2,Bahrain,Sakhir,0 days 00:51:25.945000,HAM,44,0 days 00:01:37.316000,11.0,1.0,,Lewis Hamilton,,0 days 00:00:30.647000,0 days 00:00:42.773000,0 days 00:00:23.896000,0 days 00:50:19.312000,0 days 00:51:02.085000,0 days 00:51:25.981000,229.0,246.0,281.0,298.0,False,SOFT,14.0,False,Mercedes,0 days 00:49:48.629000,,1,3.0,False,,False,True,26.1,54.7,1003.5,False,28.9,53,3.1,True,False,False,False,False,False,+4.394,+1.244,4.394,1.244,3085.945,97.316,,,30.647,42.773,23.896,3019.312,3062.085,3085.981,2988.629
2019,Bahrain Grand Prix,2,Bahrain,Sakhir,0 days 00:53:03.228000,HAM,44,0 days 00:01:37.283000,12.0,1.0,,Lewis Hamilton,,0 days 00:00:30.615000,0 days 00:00:42.716000,0 days 00:00:23.952000,0 days 00:51:56.596000,0 days 00:52:39.312000,0 days 00:53:03.264000,229.0,249.0,288.0,301.0,False,SOFT,15.0,False,Mercedes,0 days 00:51:25.945000,,12,3.0,False,,False,True,26.1,55.1,1003.5,False,28.8,334,2.5,True,True,False,False,False,False,+4.250,+0.903,4.25,0.903,3183.228,97.283,,,30.615,42.716,23.952,3116.596,3159.312,3183.264,3085.945
2019,Bahrain Grand Prix,2,Bahrain,Sakhir,0 days 00:54:43.948000,HAM,44,0 days 00:01:40.720000,13.0,1.0,,Lewis Hamilton,0 days 00:54:42.260000,0 days 00:00:30.870000,0 days 00:00:43.096000,0 days 00:00:26.754000,0 days 00:53:34.134000,0 days 00:54:17.230000,0 days 00:54:43.984000,228.0,249.0,,315.0,False,SOFT,16.0,False,Mercedes,0 days 00:53:03.228000,,21,3.0,False,,False,False,26.1,54.9,1003.6,False,28.8,31,2.5,True,True,False,False,False,False,+4.796,+1.210,4.796,1.21,3283.948,100.72,3282.26,,30.87,43.096,26.754,3214.134,3257.23,3283.984,3183.228
2019,Bahrain Grand Prix,2,Bahrain,Sakhir,0 days 00:56:38.233000,HAM,44,0 days 00:01:54.285000,14.0,2.0,0 days 00:55:06.495000,Lewis Hamilton,,0 days 00:00:50.318000,0 days 00:00:40.970000,0 days 00:00:22.997000,0 days 00:55:34.302000,0 days 00:56:15.272000,0 days 00:56:38.269000,238.0,249.0,281.0,222.0,False,SOFT,1.0,True,Mercedes,0 days 00:54:43.948000,,1,4.0,False,,False,False,26.1,55.2,1003.6,False,28.8,4,2.5,True,False,False,False,False,False,+20.278,+3.021,20.278,3.021,3398.233,114.285,,3306.495,50.318,40.97,22.997,3334.302,3375.272,3398.269,3283.948
2019,Bahrain Grand Prix,2,Bahrain,Sakhir,0 days 00:58:13.084000,HAM,44,0 days 00:01:34.851000,15.0,2.0,,Lewis Hamilton,,0 days 00:00:30.039000,0 days 00:00:41.342000,0 days 00:00:23.470000,0 days 00:57:08.308000,0 days 00:57:49.650000,0 days 00:58:13.120000,236.0,246.0,295.0,300.0,True,SOFT,2.0,True,Mercedes,0 days 00:56:38.233000,,1,3.0,False,,False,True,26.1,55.1,1003.8,False,28.8,29,1.8,True,False,False,False,False,False,+4.021,+0.178,4.021,0.178,3493.084,94.851,,,30.039,41.342,23.47,3428.308,3469.65,3493.12,3398.233
2019,Bahrain Grand Prix,2,Bahrain,Sakhir,0 days 00:59:47.728000,HAM,44,0 days 00:01:34.644000,16.0,2.0,,Lewis Hamilton,,0 days 00:00:29.853000,0 days 00:00:41.445000,0 days 00:00:23.346000,0 days 00:58:42.973000,0 days 00:59:24.418000,0 days 00:59:47.764000,238.0,247.0,281.0,308.0,True,SOFT,3.0,True,Mercedes,0 days 00:58:13.084000,,1,2.0,False,,False,True,26.1,55.3,1003.7,False,28.8,17,2.0,True,False,False,False,False,False,+3.773,+3.773,3.773,3.773,3587.728,94.644,,,29.853,41.445,23.346,3522.973,3564.418,3587.764,3493.084
2019,Bahrain Grand Prix,2,Bahrain,Sakhir,0 days 01:01:23.232000,HAM,44,0 days 00:01:35.504000,17.0,2.0,,Lewis Hamilton,,0 days 00:00:30.148000,0 days 00:00:41.874000,0 days 00:00:23.482000,0 days 01:00:17.912000,0 days 01:00:59.786000,0 days 01:01:23.268000,235.0,247.0,281.0,294.0,False,SOFT,4.0,True,Mercedes,0 days 00:59:47.728000,,1,2.0,False,,False,True,26.1,55.5,1003.7,False,28.8,47,2.1,True,False,False,False,False,False,+4.064,+4.064,4.064,4.064,3683.232,95.504,,,30.148,41.874,23.482,3617.912,3659.786,3683.268,3587.728
2019,Bahrain Grand Prix,2,Bahrain,Sakhir,0 days 01:02:59.184000,HAM,44,0 days 00:01:35.952000,18.0,2.0,,Lewis Hamilton,,0 days 00:00:30.311000,0 days 00:00:42.190000,0 days 00:00:23.451000,0 days 01:01:53.579000,0 days 01:02:35.769000,0 days 01:02:59.220000,236.0,247.0,281.0,289.0,False,SOFT,5.0,True,Mercedes,0 days 01:01:23.232000,,1,2.0,False,,False,True,26.1,55.3,1003.7,False,28.7,2,2.7,True,False,False,False,False,False,+4.552,+4.552,4.552,4.552,3779.184,95.952,,,30.311,42.19,23.451,3713.579,3755.769,3779.22,3683.232
2019,Bahrain Grand Prix,2,Bahrain,Sakhir,0 days 01:04:35.660000,HAM,44,0 days 00:01:36.476000,19.0,2.0,,Lewis Hamilton,,0 days 00:00:30.374000,0 days 00:00:41.896000,0 days 00:00:24.206000,0 days 01:03:29.594000,0 days 01:04:11.490000,0 days 01:04:35.696000,236.0,247.0,275.0,295.0,False,SOFT,6.0,True,Mercedes,0 days 01:02:59.184000,,1,2.0,False,,False,True,26.1,54.8,1003.7,False,28.8,85,2.2,True,False,False,False,False,False,+5.217,+5.217,5.217,5.217,3875.66,96.476,,,30.374,41.896,24.206,3809.594,3851.49,3875.696,3779.184
2019,Bahrain Grand Prix,2,Bahrain,Sakhir,0 days 01:06:12.022000,HAM,44,0 days 00:01:36.362000,20.0,2.0,,Lewis Hamilton,,0 days 00:00:30.514000,0 days 00:00:42.239000,0 days 00:00:23.609000,0 days 01:05:06.210000,0 days 01:05:48.449000,0 days 01:06:12.058000,238.0,246.0,280.0,296.0,False,SOFT,7.0,True,Mercedes,0 days 01:04:35.660000,,1,2.0,False,,False,True,26.1,54.0,1003.7,False,28.8,59,2.3,True,False,False,False,False,False,+5.562,+5.562,5.562,5.562,3972.022,96.362,,,30.514,42.239,23.609,3906.21,3948.449,3972.058,3875.66
2019,Bahrain Grand Prix,2,Bahrain,Sakhir,0 days 01:07:48.662000,HAM,44,0 days 00:01:36.640000,21.0,2.0,,Lewis Hamilton,,0 days 00:00:30.515000,0 days 00:00:42.522000,0 days 00:00:23.603000,0 days 01:06:42.573000,0 days 01:07:25.095000,0 days 01:07:48.698000,236.0,250.0,280.0,296.0,False,SOFT,8.0,True,Mercedes,0 days 01:06:12.022000,,1,2.0,False,,False,True,26.3,53.4,1003.5,False,29.0,31,3.0,True,False,False,False,False,False,+6.212,+6.212,6.212,6.212,4068.662,96.64,,,30.515,42.522,23.603,4002.573,4045.095,4068.698,3972.022
2019,Bahrain Grand Prix,2,Bahrain,Sakhir,0 days 01:09:25.270000,HAM,44,0 days 00:01:36.608000,22.0,2.0,,Lewis Hamilton,,0 days 00:00:30.560000,0 days 00:00:42.531000,0 days 00:00:23.517000,0 days 01:08:19.258000,0 days 01:09:01.789000,0 days 01:09:25.306000,231.0,247.0,280.0,298.0,False,SOFT,9.0,True,Mercedes,0 days 01:07:48.662000,,1,2.0,False,,False,True,26.3,53.1,1003.6,False,28.8,30,2.2,True,False,False,False,False,False,+6.714,+6.714,6.714,6.714,4165.27,96.608,,,30.56,42.531,23.517,4099.258,4141.789,4165.306,4068.662
2019,Bahrain Grand Prix,2,Bahrain,Sakhir,0 days 01:11:03.122000,HAM,44,0 days 00:01:37.852000,23.0,2.0,,Lewis Hamilton,,0 days 00:00:31.140000,0 days 00:00:42.830000,0 days 00:00:23.882000,0 days 01:09:56.446000,0 days 01:10:39.276000,0 days 01:11:03.158000,233.0,260.0,288.0,302.0,False,SOFT,10.0,True,Mercedes,0 days 01:09:25.270000,,1,3.0,False,,False,True,26.3,52.2,1003.6,False,28.9,63,2.5,True,False,False,False,False,False,+8.496,+0.961,8.496,0.961,4263.122,97.852,,,31.14,42.83,23.882,4196.446,4239.276,4263.158,4165.27
2019,Bahrain Grand Prix,2,Bahrain,Sakhir,0 days 01:12:40.139000,HAM,44,0 days 00:01:37.017000,24.0,2.0,,Lewis Hamilton,,0 days 00:00:30.417000,0 days 00:00:42.586000,0 days 00:00:24.014000,0 days 01:11:33.575000,0 days 01:12:16.161000,0 days 01:12:40.175000,236.0,252.0,281.0,321.0,False,SOFT,11.0,True,Mercedes,0 days 01:11:03.122000,,1,3.0,False,,False,True,26.4,51.3,1003.3,False,28.9,9,2.9,True,False,False,False,False,False,+9.247,+1.219,9.247,1.219,4360.139,97.017,,,30.417,42.586,24.014,4293.575,4336.161,4360.175,4263.122
2019,Bahrain Grand Prix,2,Bahrain,Sakhir,0 days 01:14:17.074000,HAM,44,0 days 00:01:36.935000,25.0,2.0,,Lewis Hamilton,,0 days 00:00:30.429000,0 days 00:00:42.753000,0 days 00:00:23.753000,0 days 01:13:10.604000,0 days 01:13:53.357000,0 days 01:14:17.110000,236.0,247.0,282.0,292.0,False,SOFT,12.0,True,Mercedes,0 days 01:12:40.139000,,1,3.0,False,,False,True,26.5,51.3,1003.5,False,28.9,12,1.9,True,False,False,False,False,False,+9.911,+1.876,9.911,1.876,4457.074,96.935,,,30.429,42.753,23.753,4390.604,4433.357,4457.11,4360.139
2019,Bahrain Grand Prix,2,Bahrain,Sakhir,0 days 01:15:53.910000,HAM,44,0 days 00:01:36.836000,26.0,2.0,,Lewis Hamilton,,0 days 00:00:30.640000,0 days 00:00:42.493000,0 days 00:00:23.703000,0 days 01:14:47.750000,0 days 01:15:30.243000,0 days 01:15:53.946000,236.0,246.0,281.0,290.0,False,SOFT,13.0,True,Mercedes,0 days 01:14:17.074000,,1,3.0,False,,False,True,26.5,51.3,1003.4,False,28.9,31,2.7,True,False,False,False,False,False,+10.442,+2.440,10.442,2.44,4553.91,96.836,,,30.64,42.493,23.703,4487.75,4530.243,4553.946,4457.074
2019,Bahrain Grand Prix,2,Bahrain,Sakhir,0 days 01:17:30.994000,HAM,44,0 days 00:01:37.084000,27.0,2.0,,Lewis Hamilton,,0 days 00:00:30.450000,0 days 00:00:42.717000,0 days 00:00:23.917000,0 days 01:16:24.396000,0 days 01:17:07.113000,0 days 01:17:31.030000,236.0,246.0,281.0,299.0,False,SOFT,14.0,True,Mercedes,0 days 01:15:53.910000,,1,3.0,False,,False,True,26.5,50.4,1003.3,False,28.8,44,2.5,True,False,False,False,False,False,+10.560,+2.259,10.56,2.259,4650.994,97.084,,,30.45,42.717,23.917,4584.396,4627.113,4651.03,4553.91
2019,Bahrain Grand Prix,2,Bahrain,Sakhir,0 days 01:19:08.223000,HAM,44,0 days 00:01:37.229000,28.0,2.0,,Lewis Hamilton,,0 days 00:00:30.417000,0 days 00:00:42.961000,0 days 00:00:23.851000,0 days 01:18:01.447000,0 days 01:18:44.408000,0 days 01:19:08.259000,238.0,249.0,281.0,298.0,False,SOFT,15.0,True,Mercedes,0 days 01:17:30.994000,,1,3.0,False,,False,True,26.5,50.0,1003.3,False,28.8,30,2.4,True,False,False,False,False,False,+10.552,+2.340,10.552,2.34,4748.223,97.229,,,30.417,42.961,23.851,4681.447,4724.408,4748.259,4650.994
2019,Bahrain Grand Prix,2,Bahrain,Sakhir,0 days 01:20:45.709000,HAM,44,0 days 00:01:37.486000,29.0,2.0,,Lewis Hamilton,,0 days 00:00:30.731000,0 days 00:00:42.914000,0 days 00:00:23.841000,0 days 01:19:38.990000,0 days 01:20:21.904000,0 days 01:20:45.745000,236.0,246.0,281.0,293.0,False,SOFT,16.0,True,Mercedes,0 days 01:19:08.223000,,1,3.0,False,,False,True,26.6,48.9,1003.3,False,28.9,12,2.3,True,False,False,False,False,False,+11.280,+2.898,11.28,2.898,4845.709,97.486,,,30.731,42.914,23.841,4778.99,4821.904,4845.745,4748.223
2019,Bahrain Grand Prix,2,Bahrain,Sakhir,0 days 01:22:22.834000,HAM,44,0 days 00:01:37.125000,30.0,2.0,,Lewis Hamilton,,0 days 00:00:30.654000,0 days 00:00:42.715000,0 days 00:00:23.756000,0 days 01:21:16.399000,0 days 01:21:59.114000,0 days 01:22:22.870000,238.0,252.0,282.0,293.0,False,SOFT,17.0,True,Mercedes,0 days 01:20:45.709000,,1,3.0,False,,False,True,26.6,48.8,1003.4,False,28.8,27,3.0,True,False,False,False,False,False,+11.368,+3.123,11.368,3.123,4942.834,97.125,,,30.654,42.715,23.756,4876.399,4919.114,4942.87,4845.709
2019,Bahrain Grand Prix,2,Bahrain,Sakhir,0 days 01:24:00.281000,HAM,44,0 days 00:01:37.447000,31.0,2.0,,Lewis Hamilton,,0 days 00:00:30.536000,0 days 00:00:43.050000,0 days 00:00:23.861000,0 days 01:22:53.406000,0 days 01:23:36.456000,0 days 01:24:00.317000,238.0,250.0,282.0,295.0,False,SOFT,18.0,True,Mercedes,0 days 01:22:22.834000,,1,3.0,False,,False,True,26.6,49.1,1003.3,False,28.6,41,2.5,True,False,False,False,False,False,+12.137,+3.410,12.137,3.41,5040.281,97.447,,,30.536,43.05,23.861,4973.406,5016.456,5040.317,4942.834
2019,Bahrain Grand Prix,2,Bahrain,Sakhir,0 days 01:25:38.367000,HAM,44,0 days 00:01:38.086000,32.0,2.0,,Lewis Hamilton,,0 days 00:00:30.941000,0 days 00:00:43.415000,0 days 00:00:23.730000,0 days 01:24:31.258000,0 days 01:25:14.673000,0 days 01:25:38.403000,237.0,246.0,282.0,299.0,False,SOFT,19.0,True,Mercedes,0 days 01:24:00.281000,,1,3.0,False,,False,True,26.6,49.4,1003.3,False,28.6,9,2.4,True,False,False,False,False,False,+13.056,+4.519,13.056,4.519,5138.367,98.086,,,30.941,43.415,23.73,5071.258,5114.673,5138.403,5040.281
2019,Bahrain Grand Prix,2,Bahrain,Sakhir,0 days 01:27:15.534000,HAM,44,0 days 00:01:37.167000,33.0,2.0,,Lewis Hamilton,,0 days 00:00:30.585000,0 days 00:00:42.756000,0 days 00:00:23.826000,0 days 01:26:08.988000,0 days 01:26:51.744000,0 days 01:27:15.570000,240.0,250.0,282.0,300.0,False,SOFT,20.0,True,Mercedes,0 days 01:25:38.367000,,1,3.0,False,,False,True,26.6,49.5,1003.2,False,28.5,36,3.1,True,False,False,False,False,False,+13.588,+4.682,13.588,4.682,5235.534,97.167,,,30.585,42.756,23.826,5168.988,5211.744,5235.57,5138.367
2019,Bahrain Grand Prix,2,Bahrain,Sakhir,0 days 01:28:55.691000,HAM,44,0 days 00:01:40.157000,34.0,2.0,,Lewis Hamilton,0 days 01:28:53.961000,0 days 00:00:30.644000,0 days 00:00:42.866000,0 days 00:00:26.647000,0 days 01:27:46.214000,0 days 01:28:29.080000,0 days 01:28:55.727000,239.0,246.0,,296.0,False,SOFT,21.0,True,Mercedes,0 days 01:27:15.534000,,1,3.0,False,,False,False,26.6,49.9,1003.2,False,28.4,38,2.6,True,False,False,False,False,False,+14.079,+5.442,14.079,5.442,5335.691,100.157,5333.961,,30.644,42.866,26.647,5266.214,5309.08,5335.727,5235.534
2019,Bahrain Grand Prix,2,Bahrain,Sakhir,0 days 01:30:49.293000,HAM,44,0 days 00:01:53.602000,35.0,3.0,0 days 01:29:18.291000,Lewis Hamilton,,0 days 00:00:50.407000,0 days 00:00:40.414000,0 days 00:00:22.781000,0 days 01:29:46.134000,0 days 01:30:26.548000,0 days 01:30:49.329000,239.0,255.0,284.0,224.0,False,MEDIUM,1.0,True,Mercedes,0 days 01:28:55.691000,,1,4.0,False,,False,False,26.5,50.0,1003.4,False,28.3,357,2.9,True,False,False,False,False,False,+33.347,+23.721,33.347,23.721,5449.293,113.602,,5358.291,50.407,40.414,22.781,5386.134,5426.548,5449.329,5335.691
2019,Bahrain Grand Prix,2,Bahrain,Sakhir,0 days 01:32:22.821000,HAM,44,0 days 00:01:33.528000,36.0,3.0,,Lewis Hamilton,,0 days 00:00:29.775000,0 days 00:00:40.716000,0 days 00:00:23.037000,0 days 01:31:19.104000,0 days 01:31:59.820000,0 days 01:32:22.857000,238.0,256.0,293.0,294.0,True,MEDIUM,2.0,True,Mercedes,0 days 01:30:49.293000,,1,4.0,False,,False,True,26.5,50.2,1003.4,False,28.3,50,2.3,True,False,False,False,False,False,+28.879,+0.802,28.879,0.802,5542.821,93.528,,,29.775,40.716,23.037,5479.104,5519.82,5542.857,5449.293
2019,Bahrain Grand Prix,2,Bahrain,Sakhir,0 days 01:33:57.543000,HAM,44,0 days 00:01:34.722000,37.0,3.0,,Lewis Hamilton,,0 days 00:00:29.181000,0 days 00:00:42.240000,0 days 00:00:23.301000,0 days 01:32:52.038000,0 days 01:33:34.278000,0 days 01:33:57.579000,235.0,249.0,295.0,330.0,False,MEDIUM,3.0,True,Mercedes,0 days 01:32:22.821000,,1,3.0,False,,False,True,26.5,50.5,1003.3,False,28.3,65,2.0,True,False,False,False,False,False,+6.163,+0.006,6.163,0.006,5637.543,94.722,,,29.181,42.24,23.301,5572.038,5614.278,5637.579,5542.821
2019,Bahrain Grand Prix,2,Bahrain,Sakhir,0 days 01:35:31.925000,HAM,44,0 days 00:01:34.382000,38.0,3.0,,Lewis Hamilton,,0 days 00:00:29.265000,0 days 00:00:41.640000,0 days 00:00:23.477000,0 days 01:34:26.844000,0 days 01:35:08.484000,0 days 01:35:31.961000,233.0,248.0,281.0,321.0,False,MEDIUM,4.0,True,Mercedes,0 days 01:33:57.543000,,12,2.0,False,,False,True,26.5,50.9,1003.2,False,28.2,55,3.0,True,True,False,False,False,False,+7.079,+7.079,7.079,7.079,5731.925,94.382,,,29.265,41.64,23.477,5666.844,5708.484,5731.961,5637.543
2019,Bahrain Grand Prix,2,Bahrain,Sakhir,0 days 01:37:07.172000,HAM,44,0 days 00:01:35.247000,39.0,3.0,,Lewis Hamilton,,0 days 00:00:30.218000,0 days 00:00:41.789000,0 days 00:00:23.240000,0 days 01:36:02.179000,0 days 01:36:43.968000,0 days 01:37:07.208000,239.0,247.0,282.0,282.0,False,MEDIUM,5.0,True,Mercedes,0 days 01:35:31.925000,,1,2.0,False,,False,True,26.5,51.0,1003.4,False,28.1,28,2.3,True,False,False,False,False,False,+7.843,+7.843,7.843,7.843,5827.172,95.247,,,30.218,41.789,23.24,5762.179,5803.968,5827.208,5731.925
2019,Bahrain Grand Prix,2,Bahrain,Sakhir,0 days 01:38:42.487000,HAM,44,0 days 00:01:35.315000,40.0,3.0,,Lewis Hamilton,,0 days 00:00:30.193000,0 days 00:00:41.818000,0 days 00:00:23.304000,0 days 01:37:37.401000,0 days 01:38:19.219000,0 days 01:38:42.523000,238.0,247.0,282.0,286.0,False,MEDIUM,6.0,True,Mercedes,0 days 01:37:07.172000,,1,2.0,False,,False,True,26.4,51.5,1003.3,False,28.0,45,2.4,True,False,False,False,False,False,+8.752,+8.752,8.752,8.752,5922.487,95.315,,,30.193,41.818,23.304,5857.401,5899.219,5922.523,5827.172
2019,Bahrain Grand Prix,2,Bahrain,Sakhir,0 days 01:40:17.906000,HAM,44,0 days 00:01:35.419000,41.0,3.0,,Lewis Hamilton,,0 days 00:00:30.338000,0 days 00:00:41.803000,0 days 00:00:23.278000,0 days 01:39:12.861000,0 days 01:39:54.664000,0 days 01:40:17.942000,238.0,249.0,281.0,285.0,False,MEDIUM,7.0,True,Mercedes,0 days 01:38:42.487000,,12,2.0,False,,False,True,26.4,51.5,1003.3,False,28.0,45,2.4,True,True,False,False,False,False,+9.742,+9.742,9.742,9.742,6017.906,95.419,,,30.338,41.803,23.278,5952.861,5994.664,6017.942,5922.487
2019,Bahrain Grand Prix,2,Bahrain,Sakhir,0 days 01:41:53.241000,HAM,44,0 days 00:01:35.335000,42.0,3.0,,Lewis Hamilton,,0 days 00:00:30.352000,0 days 00:00:41.778000,0 days 00:00:23.205000,0 days 01:40:48.294000,0 days 01:41:30.072000,0 days 01:41:53.277000,238.0,249.0,282.0,293.0,False,MEDIUM,8.0,True,Mercedes,0 days 01:40:17.906000,,1,2.0,False,,False,True,26.4,51.8,1003.2,False,28.0,23,3.3,True,False,False,False,False,False,+10.436,+10.436,10.436,10.436,6113.241,95.335,,,30.352,41.778,23.205,6048.294,6090.072,6113.277,6017.906
2019,Bahrain Grand Prix,2,Bahrain,Sakhir,0 days 01:43:27.944000,HAM,44,0 days 00:01:34.703000,43.0,3.0,,Lewis Hamilton,,0 days 00:00:30.066000,0 days 00:00:41.370000,0 days 00:00:23.267000,0 days 01:42:23.343000,0 days 01:43:04.713000,0 days 01:43:27.980000,239.0,250.0,281.0,298.0,False,MEDIUM,9.0,True,Mercedes,0 days 01:41:53.241000,,12,2.0,False,,False,True,26.3,51.8,1003.2,False,28.0,22,3.4,True,True,False,False,False,False,+9.836,+9.836,9.836,9.836,6207.944,94.703,,,30.066,41.37,23.267,6143.343,6184.713,6207.98,6113.241
2019,Bahrain Grand Prix,2,Bahrain,Sakhir,0 days 01:45:03.022000,HAM,44,0 days 00:01:35.078000,44.0,3.0,,Lewis Hamilton,,0 days 00:00:30.095000,0 days 00:00:41.750000,0 days 00:00:23.233000,0 days 01:43:58.075000,0 days 01:44:39.825000,0 days 01:45:03.058000,240.0,252.0,281.0,295.0,False,MEDIUM,10.0,True,Mercedes,0 days 01:43:27.944000,,1,2.0,False,,False,True,26.3,51.8,1003.2,False,28.0,47,2.8,True,False,False,False,False,False,+9.426,+9.426,9.426,9.426,6303.022,95.078,,,30.095,41.75,23.233,6238.075,6279.825,6303.058,6207.944
2019,Bahrain Grand Prix,2,Bahrain,Sakhir,0 days 01:46:38.135000,HAM,44,0 days 00:01:35.113000,45.0,3.0,,Lewis Hamilton,,0 days 00:00:30.177000,0 days 00:00:41.764000,0 days 00:00:23.172000,0 days 01:45:33.235000,0 days 01:46:14.999000,0 days 01:46:38.171000,239.0,250.0,282.0,294.0,False,MEDIUM,11.0,True,Mercedes,0 days 01:45:03.022000,,1,2.0,False,,False,True,26.3,52.3,1003.3,False,27.8,62,2.6,True,False,False,False,False,False,+8.563,+8.563,8.563,8.563,6398.135,95.113,,,30.177,41.764,23.172,6333.235,6374.999,6398.171,6303.022
2019,Bahrain Grand Prix,2,Bahrain,Sakhir,0 days 01:48:14.522000,HAM,44,0 days 00:01:36.387000,46.0,3.0,,Lewis Hamilton,,0 days 00:00:30.189000,0 days 00:00:42.325000,0 days 00:00:23.873000,0 days 01:47:08.360000,0 days 01:47:50.685000,0 days 01:48:14.558000,238.0,254.0,278.0,296.0,False,MEDIUM,12.0,True,Mercedes,0 days 01:46:38.135000,,1,2.0,False,,False,True,26.3,52.5,1003.4,False,27.8,59,2.5,True,False,False,False,False,False,+6.960,+6.960,6.96,6.96,6494.522,96.387,,,30.189,42.325,23.873,6428.36,6470.685,6494.558,6398.135
2019,Bahrain Grand Prix,2,Bahrain,Sakhir,0 days 01:49:50.188000,HAM,44,0 days 00:01:35.666000,47.0,3.0,,Lewis Hamilton,,0 days 00:00:30.313000,0 days 00:00:42.008000,0 days 00:00:23.345000,0 days 01:48:44.871000,0 days 01:49:26.879000,0 days 01:49:50.224000,242.0,250.0,284.0,305.0,False,MEDIUM,13.0,True,Mercedes,0 days 01:48:14.522000,,1,2.0,False,,False,True,26.2,52.8,1003.2,False,27.7,63,2.8,True,False,False,False,False,False,+2.822,+2.822,2.822,2.822,6590.188,95.666,,,30.313,42.008,23.345,6524.871,6566.879,6590.224,6494.522
2019,Bahrain Grand Prix,2,Bahrain,Sakhir,0 days 01:51:27.225000,HAM,44,0 days 00:01:37.037000,48.0,3.0,,Lewis Hamilton,,0 days 00:00:30.263000,0 days 00:00:42.823000,0 days 00:00:23.951000,0 days 01:50:20.487000,0 days 01:51:03.310000,0 days 01:51:27.261000,237.0,236.0,282.0,299.0,False,MEDIUM,14.0,True,Mercedes,0 days 01:49:50.188000,,1,1.0,False,,False,True,26.2,52.9,1003.4,False,27.7,39,2.6,True,False,False,False,False,False,LAP 48,LAP 48,,,6687.225,97.037,,,30.263,42.823,23.951,6620.487,6663.31,6687.261,6590.188
2019,Bahrain Grand Prix,2,Bahrain,Sakhir,0 days 01:53:04.027000,HAM,44,0 days 00:01:36.802000,49.0,3.0,,Lewis Hamilton,,0 days 00:00:30.802000,0 days 00:00:42.310000,0 days 00:00:23.690000,0 days 01:51:58.063000,0 days 01:52:40.373000,0 days 01:53:04.063000,238.0,247.0,278.0,287.0,False,MEDIUM,15.0,True,Mercedes,0 days 01:51:27.225000,,1,1.0,False,,False,True,26.2,53.2,1003.3,False,27.6,33,3.3,True,False,False,False,False,False,LAP 49,LAP 49,,,6784.027,96.802,,,30.802,42.31,23.69,6718.063,6760.373,6784.063,6687.225
2019,Bahrain Grand Prix,2,Bahrain,Sakhir,0 days 01:54:40.333000,HAM,44,0 days 00:01:36.306000,50.0,3.0,,Lewis Hamilton,,0 days 00:00:30.713000,0 days 00:00:42.046000,0 days 00:00:23.547000,0 days 01:53:34.776000,0 days 01:54:16.822000,0 days 01:54:40.369000,236.0,243.0,279.0,286.0,False,MEDIUM,16.0,True,Mercedes,0 days 01:53:04.027000,,1,1.0,False,,False,True,26.1,53.5,1003.2,False,27.5,58,2.9,True,False,False,False,False,False,LAP 50,LAP 50,,,6880.333,96.306,,,30.713,42.046,23.547,6814.776,6856.822,6880.369,6784.027
2019,Bahrain Grand Prix,2,Bahrain,Sakhir,0 days 01:56:16.736000,HAM,44,0 days 00:01:36.403000,51.0,3.0,,Lewis Hamilton,,0 days 00:00:30.583000,0 days 00:00:42.178000,0 days 00:00:23.642000,0 days 01:55:10.952000,0 days 01:55:53.130000,0 days 01:56:16.772000,236.0,247.0,279.0,298.0,False,MEDIUM,17.0,True,Mercedes,0 days 01:54:40.333000,,1,1.0,False,,False,True,26.1,53.8,1003.1,False,27.5,60,2.9,True,False,False,False,False,False,LAP 51,LAP 51,,,6976.736,96.403,,,30.583,42.178,23.642,6910.952,6953.13,6976.772,6880.333
2019,Bahrain Grand Prix,2,Bahrain,Sakhir,0 days 01:57:54.694000,HAM,44,0 days 00:01:37.958000,52.0,3.0,,Lewis Hamilton,,0 days 00:00:30.578000,0 days 00:00:43.574000,0 days 00:00:23.806000,0 days 01:56:47.350000,0 days 01:57:30.924000,0 days 01:57:54.730000,236.0,246.0,288.0,283.0,False,MEDIUM,18.0,True,Mercedes,0 days 01:56:16.736000,,1,1.0,False,,False,True,26.1,53.7,1003.4,False,27.5,57,2.9,True,False,False,False,False,False,LAP 52,LAP 52,,,7074.694,97.958,,,30.578,43.574,23.806,7007.35,7050.924,7074.73,6976.736
2019,Bahrain Grand Prix,2,Bahrain,Sakhir,0 days 01:59:31.388000,HAM,44,0 days 00:01:36.694000,53.0,3.0,,Lewis Hamilton,,0 days 00:00:30.302000,0 days 00:00:42.705000,0 days 00:00:23.687000,0 days 01:58:25.032000,0 days 01:59:07.737000,0 days 01:59:31.424000,234.0,246.0,280.0,297.0,False,MEDIUM,19.0,True,Mercedes,0 days 01:57:54.694000,,1,1.0,False,,False,True,26.1,53.9,1003.3,False,27.6,30,2.3,True,False,False,False,False,False,LAP 53,LAP 53,,,7171.388,96.694,,,30.302,42.705,23.687,7105.032,7147.737,7171.424,7074.694
2019,Bahrain Grand Prix,2,Bahrain,Sakhir,0 days 02:01:08.209000,HAM,44,0 days 00:01:36.821000,54.0,3.0,,Lewis Hamilton,,0 days 00:00:30.735000,0 days 00:00:42.378000,0 days 00:00:23.708000,0 days 02:00:02.159000,0 days 02:00:44.537000,0 days 02:01:08.245000,237.0,248.0,280.0,285.0,False,MEDIUM,20.0,True,Mercedes,0 days 01:59:31.388000,,12,1.0,False,,False,True,26.1,53.9,1003.3,False,27.6,52,2.6,True,True,False,False,False,False,LAP 54,LAP 54,,,7268.209,96.821,,,30.735,42.378,23.708,7202.159,7244.537,7268.245,7171.388
2019,Bahrain Grand Prix,2,Bahrain,Sakhir,0 days 02:02:58.178000,HAM,44,0 days 00:01:49.969000,55.0,3.0,,Lewis Hamilton,,0 days 00:00:31.518000,0 days 00:00:46.574000,0 days 00:00:31.877000,0 days 02:01:39.763000,0 days 02:02:26.337000,0 days 02:02:58.214000,238.0,113.0,203.0,255.0,False,MEDIUM,21.0,True,Mercedes,0 days 02:01:08.209000,,24,1.0,False,,False,False,26.1,53.8,1003.2,False,27.6,40,2.7,False,True,True,False,False,False,LAP 55,LAP 55,,,7378.178,109.969,,,31.518,46.574,31.877,7299.763,7346.337,7378.214,7268.209
2019,Bahrain Grand Prix,2,Bahrain,Sakhir,0 days 02:05:20.661000,HAM,44,0 days 00:02:22.483000,56.0,3.0,,Lewis Hamilton,,0 days 00:00:44.835000,0 days 00:01:02.645000,0 days 00:00:35.003000,0 days 02:03:43.049000,0 days 02:04:45.694000,0 days 02:05:20.697000,161.0,124.0,217.0,207.0,False,MEDIUM,22.0,True,Mercedes,0 days 02:02:58.178000,,4,1.0,False,,False,False,26.1,53.9,1003.1,False,27.5,25,3.4,False,False,True,False,False,False,LAP 56,LAP 56,,,7520.661,142.483,,,44.835,62.645,35.003,7423.049,7485.694,7520.697,7378.178
2019,Bahrain Grand Prix,2,Bahrain,Sakhir,0 days 02:07:52.888000,HAM,44,,57.0,3.0,,Lewis Hamilton,,0 days 00:00:51.629000,0 days 00:01:04.113000,0 days 00:00:36.472000,0 days 02:06:12.376000,0 days 02:07:16.452000,0 days 02:07:53.146000,143.0,132.0,253.0,210.0,False,MEDIUM,23.0,True,Mercedes,0 days 02:05:20.661000,,4,1.0,False,,False,False,26.1,53.8,1003.1,False,27.6,24,3.4,False,False,True,False,False,False,LAP 57,LAP 57,,,7672.888,,,,51.629,64.113,36.472,7572.376,7636.452,7673.146,7520.661
2019,Bahrain Grand Prix,2,Bahrain,Sakhir,0 days 00:35:09.122000,VET,5,0 days 00:01:37.542000,1.0,1.0,,Sebastian Vettel,,,0 days 00:00:41.422000,0 days 00:00:23.828000,,0 days 00:34:45.352000,0 days 00:35:09.327000,237.0,251.0,280.0,258.0,False,SOFT,4.0,False,Ferrari,0 days 00:33:31.386000,,12,1.0,False,,False,False,26.1,54.5,1003.3,False,29.2,16,2.3,True,True,False,False,False,False,LAP 1,LAP 1,,,2109.122,97.542,,,,41.422,23.828,,2085.352,2109.327,2011.386
2019,Bahrain Grand Prix,2,Bahrain,Sakhir,0 days 00:36:45.727000,VET,5,0 days 00:01:36.605000,2.0,1.0,,Sebastian Vettel,,0 days 00:00:30.628000,0 days 00:00:42.006000,0 days 00:00:23.971000,0 days 00:35:39.786000,0 days 00:36:21.792000,0 days 00:36:45.763000,238.0,251.0,279.0,298.0,True,SOFT,5.0,False,Ferrari,0 days 00:35:09.122000,,21,1.0,False,,False,True,26.1,53.9,1003.5,False,29.3,22,2.3,True,True,False,False,False,False,LAP 2,LAP 2,,,2205.727,96.605,,,30.628,42.006,23.971,2139.786,2181.792,2205.763,2109.122
2019,Bahrain Grand Prix,2,Bahrain,Sakhir,0 days 00:38:22.688000,VET,5,0 days 00:01:36.961000,3.0,1.0,,Sebastian Vettel,,0 days 00:00:30.704000,0 days 00:00:42.287000,0 days 00:00:23.970000,0 days 00:37:16.467000,0 days 00:37:58.754000,0 days 00:38:22.724000,239.0,248.0,280.0,295.0,False,SOFT,6.0,False,Ferrari,0 days 00:36:45.727000,,1,1.0,False,,False,True,26.1,53.7,1003.5,False,29.3,70,3.0,True,False,False,False,False,False,LAP 3,LAP 3,,,2302.688,96.961,,,30.704,42.287,23.97,2236.467,2278.754,2302.724,2205.727
2019,Bahrain Grand Prix,2,Bahrain,Sakhir,0 days 00:40:00.017000,VET,5,0 days 00:01:37.329000,4.0,1.0,,Sebastian Vettel,,0 days 00:00:30.848000,0 days 00:00:42.396000,0 days 00:00:24.085000,0 days 00:38:53.572000,0 days 00:39:35.968000,0 days 00:40:00.053000,238.0,249.0,280.0,296.0,False,SOFT,7.0,False,Ferrari,0 days 00:38:22.688000,,12,1.0,False,,False,True,26.2,53.8,1003.4,False,29.3,36,1.9,True,True,False,False,False,False,LAP 4,LAP 4,,,2400.017,97.329,,,30.848,42.396,24.085,2333.572,2375.968,2400.053,2302.688
2019,Bahrain Grand Prix,2,Bahrain,Sakhir,0 days 00:41:37.571000,VET,5,0 days 00:01:37.554000,5.0,1.0,,Sebastian Vettel,,0 days 00:00:30.955000,0 days 00:00:42.518000,0 days 00:00:24.081000,0 days 00:40:31.008000,0 days 00:41:13.526000,0 days 00:41:37.607000,237.0,245.0,280.0,296.0,False,SOFT,8.0,False,Ferrari,0 days 00:40:00.017000,,1,1.0,False,,False,True,26.2,54.0,1003.5,False,29.2,41,3.1,True,False,False,False,False,False,LAP 5,LAP 5,,,2497.571,97.554,,,30.955,42.518,24.081,2431.008,2473.526,2497.607,2400.017
2019,Bahrain Grand Prix,2,Bahrain,Sakhir,0 days 00:43:16.201000,VET,5,0 days 00:01:38.630000,6.0,1.0,,Sebastian Vettel,,0 days 00:00:31.493000,0 days 00:00:42.793000,0 days 00:00:24.344000,0 days 00:42:09.100000,0 days 00:42:51.893000,0 days 00:43:16.237000,240.0,247.0,281.0,294.0,False,SOFT,9.0,False,Ferrari,0 days 00:41:37.571000,,12,2.0,False,,False,True,26.2,53.9,1003.5,False,29.2,29,3.1,True,True,False,False,False,False,+1.174,+1.174,1.174,1.174,2596.201,98.63,,,31.493,42.793,24.344,2529.1,2571.893,2596.237,2497.571
2019,Bahrain Grand Prix,2,Bahrain,Sakhir,0 days 00:44:53.751000,VET,5,0 days 00:01:37.550000,7.0,1.0,,Sebastian Vettel,,0 days 00:00:30.986000,0 days 00:00:42.462000,0 days 00:00:24.102000,0 days 00:43:47.223000,0 days 00:44:29.685000,0 days 00:44:53.787000,235.0,248.0,280.0,295.0,False,SOFT,10.0,False,Ferrari,0 days 00:43:16.201000,,1,2.0,False,,False,True,26.2,54.3,1003.4,False,29.2,3,2.3,True,False,False,False,False,False,+1.651,+1.651,1.651,1.651,2693.751,97.55,,,30.986,42.462,24.102,2627.223,2669.685,2693.787,2596.201
2019,Bahrain Grand Prix,2,Bahrain,Sakhir,0 days 00:46:31.447000,VET,5,0 days 00:01:37.696000,8.0,1.0,,Sebastian Vettel,,0 days 00:00:31.009000,0 days 00:00:42.415000,0 days 00:00:24.272000,0 days 00:45:24.796000,0 days 00:46:07.211000,0 days 00:46:31.483000,237.0,248.0,279.0,297.0,False,SOFT,11.0,False,Ferrari,0 days 00:44:53.751000,,1,2.0,False,,False,True,26.2,54.2,1003.6,False,29.1,40,2.9,True,False,False,False,False,False,+1.555,+1.555,1.555,1.555,2791.447,97.696,,,31.009,42.415,24.272,2724.796,2767.211,2791.483,2693.751
2019,Bahrain Grand Prix,2,Bahrain,Sakhir,0 days 00:48:09.065000,VET,5,0 days 00:01:37.618000,9.0,1.0,,Sebastian Vettel,,0 days 00:00:30.905000,0 days 00:00:42.669000,0 days 00:00:24.044000,0 days 00:47:02.388000,0 days 00:47:45.057000,0 days 00:48:09.101000,236.0,251.0,281.0,295.0,False,SOFT,12.0,False,Ferrari,0 days 00:46:31.447000,,1,2.0,False,,False,True,26.2,54.3,1003.5,False,29.1,355,2.4,True,False,False,False,False,False,+1.974,+1.974,1.974,1.974,2889.065,97.618,,,30.905,42.669,24.044,2822.388,2865.057,2889.101,2791.447
2019,Bahrain Grand Prix,2,Bahrain,Sakhir,0 days 00:49:46.896000,VET,5,0 days 00:01:37.831000,10.0,1.0,,Sebastian Vettel,,0 days 00:00:30.809000,0 days 00:00:42.528000,0 days 00:00:24.494000,0 days 00:48:39.910000,0 days 00:49:22.438000,0 days 00:49:46.932000,239.0,253.0,278.0,299.0,False,SOFT,13.0,False,Ferrari,0 days 00:48:09.065000,,1,2.0,False,,False,True,26.2,54.3,1003.6,False,28.9,41,2.7,True,False,False,False,False,False,+2.522,+2.522,2.522,2.522,2986.896,97.831,,,30.809,42.528,24.494,2919.91,2962.438,2986.932,2889.065
2019,Bahrain Grand Prix,2,Bahrain,Sakhir,0 days 00:51:24.705000,VET,5,0 days 00:01:37.809000,11.0,1.0,,Sebastian Vettel,,0 days 00:00:30.816000,0 days 00:00:42.744000,0 days 00:00:24.249000,0 days 00:50:17.748000,0 days 00:51:00.492000,0 days 00:51:24.741000,239.0,251.0,280.0,299.0,False,SOFT,14.0,False,Ferrari,0 days 00:49:46.896000,,1,2.0,False,,False,True,26.1,54.7,1003.5,False,28.9,53,3.1,True,False,False,False,False,False,+3.150,+3.150,3.15,3.15,3084.705,97.809,,,30.816,42.744,24.249,3017.748,3060.492,3084.741,2986.896
2019,Bahrain Grand Prix,2,Bahrain,Sakhir,0 days 00:53:02.356000,VET,5,0 days 00:01:37.651000,12.0,1.0,,Sebastian Vettel,,0 days 00:00:30.875000,0 days 00:00:42.641000,0 days 00:00:24.135000,0 days 00:51:55.616000,0 days 00:52:38.257000,0 days 00:53:02.392000,239.0,250.0,281.0,297.0,False,SOFT,15.0,False,Ferrari,0 days 00:51:24.705000,,12,2.0,False,,False,True,26.1,55.1,1003.5,False,28.8,334,2.5,True,True,False,False,False,False,+3.347,+3.347,3.347,3.347,3182.356,97.651,,,30.875,42.641,24.135,3115.616,3158.257,3182.392,3084.705
2019,Bahrain Grand Prix,2,Bahrain,Sakhir,0 days 00:54:40.159000,VET,5,0 days 00:01:37.803000,13.0,1.0,,Sebastian Vettel,,0 days 00:00:31.060000,0 days 00:00:42.645000,0 days 00:00:24.098000,0 days 00:53:33.452000,0 days 00:54:16.097000,0 days 00:54:40.195000,238.0,254.0,281.0,301.0,False,SOFT,16.0,False,Ferrari,0 days 00:53:02.356000,,21,2.0,False,,False,True,26.1,54.9,1003.6,False,28.8,31,2.5,True,True,False,False,False,False,+3.586,+3.586,3.586,3.586,3280.159,97.803,,,31.06,42.645,24.098,3213.452,3256.097,3280.195,3182.356
2019,Bahrain Grand Prix,2,Bahrain,Sakhir,0 days 00:56:20.593000,VET,5,0 days 00:01:40.434000,14.0,1.0,,Sebastian Vettel,0 days 00:56:18.891000,0 days 00:00:30.871000,0 days 00:00:42.888000,0 days 00:00:26.675000,0 days 00:55:11.066000,0 days 00:55:53.954000,0 days 00:56:20.629000,239.0,255.0,,301.0,False,SOFT,17.0,False,Ferrari,0 days 00:54:40.159000,,1,1.0,False,,False,False,26.1,55.2,1003.6,False,28.8,4,2.5,True,False,False,False,False,False,LAP 14,LAP 14,,,3380.593,100.434,3378.891,,30.871,42.888,26.675,3311.066,3353.954,3380.629,3280.159
2019,Bahrain Grand Prix,2,Bahrain,Sakhir,0 days 00:58:15.704000,VET,5,0 days 00:01:55.111000,15.0,2.0,0 days 00:56:43.311000,Sebastian Vettel,,0 days 00:00:50.471000,0 days 00:00:41.101000,0 days 00:00:23.539000,0 days 00:57:11.100000,0 days 00:57:52.201000,0 days 00:58:15.740000,241.0,257.0,281.0,215.0,False,MEDIUM,1.0,True,Ferrari,0 days 00:56:20.593000,,1,4.0,False,,False,False,26.1,55.1,1003.8,False,28.8,29,1.8,True,False,False,False,False,False,+6.580,+2.559,6.58,2.559,3495.704,115.111,,3403.311,50.471,41.101,23.539,3431.1,3472.201,3495.74,3380.593
2019,Bahrain Grand Prix,2,Bahrain,Sakhir,0 days 00:59:50.888000,VET,5,0 days 00:01:35.184000,16.0,2.0,,Sebastian Vettel,,0 days 00:00:30.094000,0 days 00:00:41.636000,0 days 00:00:23.454000,0 days 00:58:45.834000,0 days 00:59:27.470000,0 days 00:59:50.924000,241.0,252.0,282.0,301.0,True,MEDIUM,2.0,True,Ferrari,0 days 00:58:15.704000,,1,3.0,False,,False,True,26.1,55.3,1003.7,False,28.8,17,2.0,True,False,False,False,False,False,+6.938,+3.165,6.938,3.165,3590.888,95.184,,,30.094,41.636,23.454,3525.834,3567.47,3590.924,3495.704
2019,Bahrain Grand Prix,2,Bahrain,Sakhir,0 days 01:01:26.185000,VET,5,0 days 00:01:35.297000,17.0,2.0,,Sebastian Vettel,,0 days 00:00:30.051000,0 days 00:00:41.637000,0 days 00:00:23.609000,0 days 01:00:20.975000,0 days 01:01:02.612000,0 days 01:01:26.221000,241.0,249.0,281.0,295.0,False,MEDIUM,3.0,True,Ferrari,0 days 00:59:50.888000,,1,3.0,False,,False,True,26.1,55.5,1003.7,False,28.8,47,2.1,True,False,False,False,False,False,+7.020,+2.956,7.02,2.956,3686.185,95.297,,,30.051,41.637,23.609,3620.975,3662.612,3686.221,3590.888
2019,Bahrain Grand Prix,2,Bahrain,Sakhir,0 days 01:03:01.837000,VET,5,0 days 00:01:35.652000,18.0,2.0,,Sebastian Vettel,,0 days 00:00:30.141000,0 days 00:00:41.920000,0 days 00:00:23.591000,0 days 01:01:56.362000,0 days 01:02:38.282000,0 days 01:03:01.873000,241.0,250.0,282.0,293.0,False,MEDIUM,4.0,True,Ferrari,0 days 01:01:26.185000,,1,3.0,False,,False,True,26.1,55.3,1003.7,False,28.7,2,2.7,True,False,False,False,False,False,+7.211,+2.659,7.211,2.659,3781.837,95.652,,,30.141,41.92,23.591,3716.362,3758.282,3781.873,3686.185
2019,Bahrain Grand Prix,2,Bahrain,Sakhir,0 days 01:04:37.384000,VET,5,0 days 00:01:35.547000,19.0,2.0,,Sebastian Vettel,,0 days 00:00:30.141000,0 days 00:00:41.774000,0 days 00:00:23.632000,,0 days 01:04:13.788000,0 days 01:04:37.420000,240.0,246.0,282.0,294.0,False,MEDIUM,5.0,True,Ferrari,0 days 01:03:01.837000,,1,3.0,False,,False,True,26.1,54.8,1003.7,False,28.8,85,2.2,True,False,False,False,False,False,+6.987,+1.770,6.987,1.77,3877.384,95.547,,,30.141,41.774,23.632,,3853.788,3877.42,3781.837
2019,Bahrain Grand Prix,2,Bahrain,Sakhir,0 days 01:06:13.504000,VET,5,0 days 00:01:36.120000,20.0,2.0,,Sebastian Vettel,,0 days 00:00:30.286000,0 days 00:00:42.040000,0 days 00:00:23.794000,0 days 01:05:07.706000,0 days 01:05:49.746000,0 days 01:06:13.540000,241.0,252.0,283.0,293.0,False,MEDIUM,6.0,True,Ferrari,0 days 01:04:37.384000,,1,3.0,False,,False,True,26.1,54.0,1003.7,False,28.8,59,2.3,True,False,False,False,False,False,+7.056,+1.494,7.056,1.494,3973.504,96.12,,,30.286,42.04,23.794,3907.706,3949.746,3973.54,3877.384
2019,Bahrain Grand Prix,2,Bahrain,Sakhir,0 days 01:07:49.682000,VET,5,0 days 00:01:36.178000,21.0,2.0,,Sebastian Vettel,,0 days 00:00:30.385000,0 days 00:00:41.909000,0 days 00:00:23.884000,0 days 01:06:43.925000,0 days 01:07:25.834000,0 days 01:07:49.718000,241.0,255.0,291.0,295.0,False,MEDIUM,7.0,True,Ferrari,0 days 01:06:13.504000,,1,3.0,False,,False,True,26.3,53.4,1003.5,False,29.0,31,3.0,True,False,False,False,False,False,+7.275,+1.063,7.275,1.063,4069.682,96.178,,,30.385,41.909,23.884,4003.925,4045.834,4069.718,3973.504
2019,Bahrain Grand Prix,2,Bahrain,Sakhir,0 days 01:09:26.177000,VET,5,0 days 00:01:36.495000,22.0,2.0,,Sebastian Vettel,,0 days 00:00:30.173000,0 days 00:00:42.382000,0 days 00:00:23.940000,0 days 01:08:19.891000,0 days 01:09:02.273000,0 days 01:09:26.213000,241.0,246.0,290.0,323.0,False,MEDIUM,8.0,True,Ferrari,0 days 01:07:49.682000,,1,3.0,False,,False,True,26.3,53.1,1003.6,False,28.8,30,2.2,True,False,False,False,False,False,+7.661,+0.947,7.661,0.947,4166.177,96.495,,,30.173,42.382,23.94,4099.891,4142.273,4166.213,4069.682
2019,Bahrain Grand Prix,2,Bahrain,Sakhir,0 days 01:11:02.192000,VET,5,0 days 00:01:36.015000,23.0,2.0,,Sebastian Vettel,,0 days 00:00:30.048000,0 days 00:00:42.352000,0 days 00:00:23.615000,0 days 01:09:56.261000,0 days 01:10:38.613000,0 days 01:11:02.228000,242.0,248.0,281.0,318.0,False,MEDIUM,9.0,True,Ferrari,0 days 01:09:26.177000,,1,2.0,False,,False,True,26.3,52.2,1003.6,False,28.9,63,2.5,True,False,False,False,False,False,+7.535,+7.535,7.535,7.535,4262.192,96.015,,,30.048,42.352,23.615,4196.261,4238.613,4262.228,4166.177
2019,Bahrain Grand Prix,2,Bahrain,Sakhir,0 days 01:12:38.920000,VET,5,0 days 00:01:36.728000,24.0,2.0,,Sebastian Vettel,,0 days 00:00:30.761000,0 days 00:00:42.281000,0 days 00:00:23.686000,0 days 01:11:32.989000,0 days 01:12:15.270000,0 days 01:12:38.956000,237.0,254.0,281.0,296.0,False,MEDIUM,10.0,True,Ferrari,0 days 01:11:02.192000,,1,2.0,False,,False,True,26.4,51.3,1003.3,False,28.9,9,2.9,True,False,False,False,False,False,+8.028,+8.028,8.028,8.028,4358.92,96.728,,,30.761,42.281,23.686,4292.989,4335.27,4358.956,4262.192
2019,Bahrain Grand Prix,2,Bahrain,Sakhir,0 days 01:14:15.197000,VET,5,0 days 00:01:36.277000,25.0,2.0,,Sebastian Vettel,,0 days 00:00:30.404000,0 days 00:00:42.243000,0 days 00:00:23.630000,0 days 01:13:09.360000,0 days 01:13:51.603000,0 days 01:14:15.233000,239.0,248.0,282.0,295.0,False,MEDIUM,11.0,True,Ferrari,0 days 01:12:38.920000,,1,2.0,False,,False,True,26.5,51.3,1003.5,False,28.9,12,1.9,True,False,False,False,False,False,+8.035,+8.035,8.035,8.035,4455.197,96.277,,,30.404,42.243,23.63,4389.36,4431.603,4455.233,4358.92
2019,Bahrain Grand Prix,2,Bahrain,Sakhir,0 days 01:15:51.480000,VET,5,0 days 00:01:36.283000,26.0,2.0,,Sebastian Vettel,,0 days 00:00:30.470000,0 days 00:00:41.930000,0 days 00:00:23.883000,0 days 01:14:45.703000,0 days 01:15:27.633000,0 days 01:15:51.516000,239.0,250.0,279.0,296.0,False,MEDIUM,12.0,True,Ferrari,0 days 01:14:15.197000,,1,2.0,False,,False,True,26.5,51.3,1003.4,False,28.9,31,2.7,True,False,False,False,False,False,+8.002,+8.002,8.002,8.002,4551.48,96.283,,,30.47,41.93,23.883,4485.703,4527.633,4551.516,4455.197
2019,Bahrain Grand Prix,2,Bahrain,Sakhir,0 days 01:17:28.731000,VET,5,0 days 00:01:37.251000,27.0,2.0,,Sebastian Vettel,,0 days 00:00:30.607000,0 days 00:00:42.862000,0 days 00:00:23.782000,0 days 01:16:22.123000,0 days 01:17:04.985000,0 days 01:17:28.767000,241.0,250.0,282.0,299.0,False,MEDIUM,13.0,True,Ferrari,0 days 01:15:51.480000,,1,2.0,False,,False,True,26.5,50.9,1003.4,False,28.8,39,2.1,True,False,False,False,False,False,+8.301,+8.301,8.301,8.301,4648.731,97.251,,,30.607,42.862,23.782,4582.123,4624.985,4648.767,4551.48
2019,Bahrain Grand Prix,2,Bahrain,Sakhir,0 days 01:19:05.880000,VET,5,0 days 00:01:37.149000,28.0,2.0,,Sebastian Vettel,,0 days 00:00:30.641000,0 days 00:00:42.614000,0 days 00:00:23.894000,0 days 01:17:59.408000,0 days 01:18:42.022000,0 days 01:19:05.916000,242.0,254.0,282.0,300.0,False,MEDIUM,14.0,True,Ferrari,0 days 01:17:28.731000,,1,2.0,False,,False,True,26.5,50.0,1003.3,False,28.8,30,2.4,True,False,False,False,False,False,+8.212,+8.212,8.212,8.212,4745.88,97.149,,,30.641,42.614,23.894,4679.408,4722.022,4745.916,4648.731
2019,Bahrain Grand Prix,2,Bahrain,Sakhir,0 days 01:20:42.815000,VET,5,0 days 00:01:36.935000,29.0,2.0,,Sebastian Vettel,,0 days 00:00:30.719000,0 days 00:00:42.248000,0 days 00:00:23.968000,0 days 01:19:36.635000,0 days 01:20:18.883000,0 days 01:20:42.851000,241.0,254.0,281.0,299.0,False,MEDIUM,15.0,True,Ferrari,0 days 01:19:05.880000,,1,2.0,False,,False,True,26.6,48.9,1003.3,False,28.9,12,2.3,True,False,False,False,False,False,+8.382,+8.382,8.382,8.382,4842.815,96.935,,,30.719,42.248,23.968,4776.635,4818.883,4842.851,4745.88
2019,Bahrain Grand Prix,2,Bahrain,Sakhir,0 days 01:22:19.714000,VET,5,0 days 00:01:36.899000,30.0,2.0,,Sebastian Vettel,,0 days 00:00:30.601000,0 days 00:00:42.425000,0 days 00:00:23.873000,0 days 01:21:13.452000,0 days 01:21:55.877000,0 days 01:22:19.750000,240.0,256.0,282.0,299.0,False,MEDIUM,16.0,True,Ferrari,0 days 01:20:42.815000,,1,2.0,False,,False,True,26.6,48.8,1003.4,False,28.8,27,3.0,True,False,False,False,False,False,+8.245,+8.245,8.245,8.245,4939.714,96.899,,,30.601,42.425,23.873,4873.452,4915.877,4939.75,4842.815
2019,Bahrain Grand Prix,2,Bahrain,Sakhir,0 days 01:23:56.874000,VET,5,0 days 00:01:37.160000,31.0,2.0,,Sebastian Vettel,,0 days 00:00:30.873000,0 days 00:00:42.300000,0 days 00:00:23.987000,0 days 01:22:50.623000,0 days 01:23:32.923000,0 days 01:23:56.910000,240.0,251.0,281.0,299.0,False,MEDIUM,17.0,True,Ferrari,0 days 01:22:19.714000,,1,2.0,False,,False,True,26.6,49.1,1003.3,False,28.6,41,2.5,True,False,False,False,False,False,+8.727,+8.727,8.727,8.727,5036.874,97.16,,,30.873,42.3,23.987,4970.623,5012.923,5036.91,4939.714
2019,Bahrain Grand Prix,2,Bahrain,Sakhir,0 days 01:25:33.845000,VET,5,0 days 00:01:36.971000,32.0,2.0,,Sebastian Vettel,,0 days 00:00:30.519000,0 days 00:00:42.573000,0 days 00:00:23.879000,0 days 01:24:27.429000,0 days 01:25:10.002000,0 days 01:25:33.881000,241.0,253.0,282.0,298.0,False,MEDIUM,18.0,True,Ferrari,0 days 01:23:56.874000,,1,2.0,False,,False,True,26.6,49.4,1003.3,False,28.6,9,2.4,True,False,False,False,False,False,+8.537,+8.537,8.537,8.537,5133.845,96.971,,,30.519,42.573,23.879,5067.429,5110.002,5133.881,5036.874
2019,Bahrain Grand Prix,2,Bahrain,Sakhir,0 days 01:27:10.853000,VET,5,0 days 00:01:37.008000,33.0,2.0,,Sebastian Vettel,,0 days 00:00:30.609000,0 days 00:00:42.552000,0 days 00:00:23.847000,0 days 01:26:04.490000,0 days 01:26:47.042000,0 days 01:27:10.889000,242.0,254.0,282.0,301.0,False,MEDIUM,19.0,True,Ferrari,0 days 01:25:33.845000,,1,2.0,False,,False,True,26.6,49.5,1003.2,False,28.5,36,3.1,True,False,False,False,False,False,+8.906,+8.906,8.906,8.906,5230.853,97.008,,,30.609,42.552,23.847,5164.49,5207.042,5230.889,5133.845
2019,Bahrain Grand Prix,2,Bahrain,Sakhir,0 days 01:28:47.680000,VET,5,0 days 00:01:36.827000,34.0,2.0,,Sebastian Vettel,,0 days 00:00:30.634000,0 days 00:00:42.301000,0 days 00:00:23.892000,0 days 01:27:41.523000,0 days 01:28:23.824000,0 days 01:28:47.716000,242.0,251.0,282.0,298.0,False,MEDIUM,20.0,True,Ferrari,0 days 01:27:10.853000,,1,2.0,False,,False,True,26.6,49.9,1003.2,False,28.4,38,2.6,True,False,False,False,False,False,+8.637,+8.637,8.637,8.637,5327.68,96.827,,,30.634,42.301,23.892,5261.523,5303.824,5327.716,5230.853
2019,Bahrain Grand Prix,2,Bahrain,Sakhir,0 days 01:30:28.207000,VET,5,0 days 00:01:40.527000,35.0,2.0,,Sebastian Vettel,0 days 01:30:26.520000,0 days 00:00:30.891000,0 days 00:00:42.884000,0 days 00:00:26.752000,0 days 01:29:18.607000,0 days 01:30:01.491000,0 days 01:30:28.243000,242.0,256.0,,301.0,False,MEDIUM,21.0,True,Ferrari,0 days 01:28:47.680000,,1,2.0,False,,False,False,26.6,49.9,1003.2,False,28.4,54,2.6,True,False,False,False,False,False,+9.626,+9.626,9.626,9.626,5428.207,100.527,5426.52,,30.891,42.884,26.752,5358.607,5401.491,5428.243,5327.68
2019,Bahrain Grand Prix,2,Bahrain,Sakhir,0 days 01:32:22.053000,VET,5,0 days 00:01:53.846000,36.0,3.0,0 days 01:30:50.722000,Sebastian Vettel,,0 days 00:00:50.265000,0 days 00:00:40.593000,0 days 00:00:22.988000,0 days 01:31:18.508000,0 days 01:31:59.101000,0 days 01:32:22.089000,243.0,259.0,284.0,229.0,False,MEDIUM,1.0,True,Ferrari,0 days 01:30:28.207000,,1,3.0,False,,False,False,26.5,50.2,1003.4,False,28.3,50,2.3,True,False,False,False,False,False,+28.077,+3.621,28.077,3.621,5542.053,113.846,,5450.722,50.265,40.593,22.988,5478.508,5519.101,5542.089,5428.207
2019,Bahrain Grand Prix,2,Bahrain,Sakhir,0 days 01:33:56.971000,VET,5,0 days 00:01:34.918000,37.0,3.0,,Sebastian Vettel,,0 days 00:00:29.899000,0 days 00:00:41.478000,0 days 00:00:23.541000,0 days 01:32:51.988000,0 days 01:33:33.466000,0 days 01:33:57.007000,246.0,261.0,288.0,305.0,True,MEDIUM,2.0,True,Ferrari,0 days 01:32:22.053000,,1,2.0,False,,False,True,26.5,50.5,1003.3,False,28.3,65,2.0,True,False,False,False,False,False,+5.559,+5.559,5.559,5.559,5636.971,94.918,,,29.899,41.478,23.541,5571.988,5613.466,5637.007,5542.053
2019,Bahrain Grand Prix,2,Bahrain,Sakhir,0 days 01:36:00.464000,VET,5,0 days 00:02:03.493000,38.0,3.0,,Sebastian Vettel,0 days 01:35:59.609000,0 days 00:00:39.797000,0 days 00:00:50.683000,0 days 00:00:33.013000,0 days 01:34:36.804000,0 days 01:35:27.487000,0 days 01:36:00.500000,69.0,186.0,,310.0,False,MEDIUM,3.0,True,Ferrari,0 days 01:33:56.971000,,12,4.0,False,,False,False,26.5,50.9,1003.2,False,28.2,55,3.0,True,True,False,False,False,False,+32.650,+25.571,32.65,25.571,5760.464,123.493,5759.609,,39.797,50.683,33.013,5676.804,5727.487,5760.5,5636.971
2019,Bahrain Grand Prix,2,Bahrain,Sakhir,0 days 01:38:06.476000,VET,5,0 days 00:02:06.012000,39.0,4.0,0 days 01:36:32.993000,Sebastian Vettel,,0 days 00:01:00.952000,0 days 00:00:41.722000,0 days 00:00:23.338000,0 days 01:37:01.452000,0 days 01:37:43.174000,0 days 01:38:06.512000,241.0,257.0,284.0,212.0,False,SOFT,4.0,False,Ferrari,0 days 01:36:00.464000,,1,9.0,False,,False,False,26.4,51.3,1003.3,False,28.1,52,2.8,True,False,False,False,False,False,+67.154,+1.084,67.154,1.084,5886.476,126.012,,5792.993,60.952,41.722,23.338,5821.452,5863.174,5886.512,5760.464
2019,Bahrain Grand Prix,2,Bahrain,Sakhir,0 days 01:39:42.406000,VET,5,0 days 00:01:35.930000,40.0,4.0,,Sebastian Vettel,,0 days 00:00:30.320000,0 days 00:00:41.802000,0 days 00:00:23.808000,0 days 01:38:36.832000,0 days 01:39:18.634000,0 days 01:39:42.442000,243.0,250.0,295.0,300.0,False,SOFT,5.0,False,Ferrari,0 days 01:38:06.476000,,12,8.0,False,,False,True,26.4,51.5,1003.3,False,28.0,45,2.4,True,True,False,False,False,False,+68.727,+0.549,68.727,0.549,5982.406,95.93,,,30.32,41.802,23.808,5916.832,5958.634,5982.442,5886.476
2019,Bahrain Grand Prix,2,Bahrain,Sakhir,0 days 01:41:17.449000,VET,5,0 days 00:01:35.043000,41.0,4.0,,Sebastian Vettel,,0 days 00:00:29.862000,0 days 00:00:41.748000,0 days 00:00:23.433000,0 days 01:40:12.304000,0 days 01:40:54.052000,0 days 01:41:17.485000,242.0,257.0,284.0,330.0,False,SOFT,6.0,False,Ferrari,0 days 01:39:42.406000,,1,6.0,False,,False,True,26.4,51.7,1003.2,False,28.0,31,2.6,True,False,False,False,False,False,+69.299,+1.131,69.299,1.131,6077.449,95.043,,,29.862,41.748,23.433,6012.304,6054.052,6077.485,5982.406
2019,Bahrain Grand Prix,2,Bahrain,Sakhir,0 days 01:42:53.461000,VET,5,0 days 00:01:36.012000,42.0,4.0,,Sebastian Vettel,,0 days 00:00:30.325000,0 days 00:00:41.745000,0 days 00:00:23.942000,0 days 01:41:47.810000,0 days 01:42:29.555000,0 days 01:42:53.497000,243.0,252.0,294.0,299.0,False,SOFT,7.0,False,Ferrari,0 days 01:41:17.449000,,12,6.0,False,,False,True,26.3,51.7,1003.3,False,28.0,53,2.7,True,True,False,False,False,False,+70.702,+0.648,70.702,0.648,6173.461,96.012,,,30.325,41.745,23.942,6107.81,6149.555,6173.497,6077.449
2019,Bahrain Grand Prix,2,Bahrain,Sakhir,0 days 01:44:28.356000,VET,5,0 days 00:01:34.895000,43.0,4.0,,Sebastian Vettel,,0 days 00:00:29.817000,0 days 00:00:41.675000,0 days 00:00:23.403000,0 days 01:43:23.314000,0 days 01:44:04.989000,0 days 01:44:28.392000,239.0,250.0,284.0,331.0,True,SOFT,8.0,False,Ferrari,0 days 01:42:53.461000,,21,5.0,False,,False,True,26.3,51.8,1003.2,False,28.0,47,2.8,True,True,False,False,False,False,+70.261,+26.143,70.261,26.143,6268.356,94.895,,,29.817,41.675,23.403,6203.314,6244.989,6268.392,6173.461
2019,Bahrain Grand Prix,2,Bahrain,Sakhir,0 days 01:46:04.458000,VET,5,0 days 00:01:36.102000,44.0,4.0,,Sebastian Vettel,,0 days 00:00:30.513000,0 days 00:00:42.046000,0 days 00:00:23.543000,0 days 01:44:58.905000,0 days 01:45:40.951000,0 days 01:46:04.494000,238.0,243.0,282.0,293.0,False,SOFT,9.0,False,Ferrari,0 days 01:44:28.356000,,1,5.0,False,,False,True,26.3,52.0,1003.1,False,28.0,69,3.2,True,False,False,False,False,False,+70.864,+26.291,70.864,26.291,6364.458,96.102,,,30.513,42.046,23.543,6298.905,6340.951,6364.494,6268.356
2019,Bahrain Grand Prix,2,Bahrain,Sakhir,0 days 01:47:40.137000,VET,5,0 days 00:01:35.679000,45.0,4.0,,Sebastian Vettel,,0 days 00:00:30.493000,0 days 00:00:41.774000,0 days 00:00:23.412000,0 days 01:46:34.987000,0 days 01:47:16.761000,0 days 01:47:40.173000,241.0,251.0,283.0,298.0,False,SOFT,10.0,False,Ferrari,0 days 01:46:04.458000,,1,5.0,False,,False,True,26.3,52.5,1003.4,False,27.8,59,2.5,True,False,False,False,False,False,+70.568,+26.193,70.568,26.193,6460.137,95.679,,,30.493,41.774,23.412,6394.987,6436.761,6460.173,6364.458
2019,Bahrain Grand Prix,2,Bahrain,Sakhir,0 days 01:49:15.903000,VET,5,0 days 00:01:35.766000,46.0,4.0,,Sebastian Vettel,,0 days 00:00:30.447000,0 days 00:00:41.819000,0 days 00:00:23.500000,0 days 01:48:10.620000,0 days 01:48:52.439000,0 days 01:49:15.939000,241.0,257.0,283.0,289.0,False,SOFT,11.0,False,Ferrari,0 days 01:47:40.137000,,1,5.0,False,,False,True,26.3,52.7,1003.2,False,27.7,63,3.1,True,False,False,False,False,False,+68.369,+26.023,68.369,26.023,6555.903,95.766,,,30.447,41.819,23.5,6490.62,6532.439,6555.939,6460.137
2019,Bahrain Grand Prix,2,Bahrain,Sakhir,0 days 01:50:51.623000,VET,5,0 days 00:01:35.720000,47.0,4.0,,Sebastian Vettel,,0 days 00:00:30.491000,0 days 00:00:41.835000,0 days 00:00:23.394000,0 days 01:49:46.430000,0 days 01:50:28.265000,0 days 01:50:51.659000,241.0,253.0,282.0,299.0,False,SOFT,12.0,False,Ferrari,0 days 01:49:15.903000,,1,5.0,False,,False,True,26.2,52.9,1003.4,False,27.7,39,2.6,True,False,False,False,False,False,+64.249,+26.426,64.249,26.426,6651.623,95.72,,,30.491,41.835,23.394,6586.43,6628.265,6651.659,6555.903
2019,Bahrain Grand Prix,2,Bahrain,Sakhir,0 days 01:52:27.465000,VET,5,0 days 00:01:35.842000,48.0,4.0,,Sebastian Vettel,,0 days 00:00:30.397000,0 days 00:00:41.910000,0 days 00:00:23.535000,0 days 01:51:22.056000,0 days 01:52:03.966000,0 days 01:52:27.501000,243.0,254.0,282.0,298.0,False,SOFT,13.0,False,Ferrari,0 days 01:50:51.623000,,1,5.0,False,,False,True,26.2,53.0,1003.3,False,27.7,60,2.9,True,False,False,False,False,False,+60.243,+26.552,60.243,26.552,6747.465,95.842,,,30.397,41.91,23.535,6682.056,6723.966,6747.501,6651.623
2019,Bahrain Grand Prix,2,Bahrain,Sakhir,0 days 01:54:03.528000,VET,5,0 days 00:01:36.063000,49.0,4.0,,Sebastian Vettel,,0 days 00:00:30.498000,0 days 00:00:42.042000,0 days 00:00:23.523000,0 days 01:52:57.999000,0 days 01:53:40.041000,0 days 01:54:03.564000,241.0,251.0,282.0,298.0,False,SOFT,14.0,False,Ferrari,0 days 01:52:27.465000,,1,5.0,False,,False,True,26.2,53.3,1003.4,False,27.6,56,3.3,True,False,False,False,False,False,+59.520,+26.061,59.52,26.061,6843.528,96.063,,,30.498,42.042,23.523,6777.999,6820.041,6843.564,6747.465
2019,Bahrain Grand Prix,2,Bahrain,Sakhir,0 days 01:55:39.605000,VET,5,0 days 00:01:36.077000,50.0,4.0,,Sebastian Vettel,,0 days 00:00:30.584000,0 days 00:00:41.762000,0 days 00:00:23.731000,0 days 01:54:34.148000,0 days 01:55:15.910000,0 days 01:55:39.641000,241.0,254.0,283.0,300.0,False,SOFT,15.0,False,Ferrari,0 days 01:54:03.528000,,1,5.0,False,,False,True,26.1,53.8,1003.1,False,27.5,60,2.9,True,False,False,False,False,False,+59.292,+26.177,59.292,26.177,6939.605,96.077,,,30.584,41.762,23.731,6874.148,6915.91,6939.641,6843.528
2019,Bahrain Grand Prix,2,Bahrain,Sakhir,0 days 01:57:16.030000,VET,5,0 days 00:01:36.425000,51.0,4.0,,Sebastian Vettel,,0 days 00:00:30.607000,0 days 00:00:42.026000,0 days 00:00:23.792000,0 days 01:56:10.248000,0 days 01:56:52.274000,0 days 01:57:16.066000,241.0,252.0,281.0,300.0,False,SOFT,16.0,False,Ferrari,0 days 01:55:39.605000,,1,5.0,False,,False,True,26.1,53.6,1003.0,False,27.5,19,3.6,True,False,False,False,False,False,+59.302,+26.553,59.302,26.553,7036.03,96.425,,,30.607,42.026,23.792,6970.248,7012.274,7036.066,6939.605
2019,Bahrain Grand Prix,2,Bahrain,Sakhir,0 days 01:58:51.794000,VET,5,0 days 00:01:35.764000,52.0,4.0,,Sebastian Vettel,,0 days 00:00:30.295000,0 days 00:00:41.874000,0 days 00:00:23.595000,0 days 01:57:46.361000,0 days 01:58:28.235000,0 days 01:58:51.830000,242.0,255.0,283.0,300.0,False,SOFT,17.0,False,Ferrari,0 days 01:57:16.030000,,1,5.0,False,,False,True,26.1,53.7,1003.3,False,27.5,44,2.5,True,False,False,False,False,False,+57.081,+26.258,57.081,26.258,7131.794,95.764,,,30.295,41.874,23.595,7066.361,7108.235,7131.83,7036.03
2019,Bahrain Grand Prix,2,Bahrain,Sakhir,0 days 02:00:27.988000,VET,5,0 days 00:01:36.194000,53.0,4.0,,Sebastian Vettel,,0 days 00:00:30.530000,0 days 00:00:41.991000,0 days 00:00:23.673000,0 days 01:59:22.360000,0 days 02:00:04.351000,0 days 02:00:28.024000,243.0,258.0,283.0,300.0,False,SOFT,18.0,False,Ferrari,0 days 01:58:51.794000,,1,5.0,False,,False,True,26.1,53.9,1003.3,False,27.6,30,2.3,True,False,False,False,False,False,+56.617,+26.442,56.617,26.442,7227.988,96.194,,,30.53,41.991,23.673,7162.36,7204.351,7228.024,7131.794
2019,Bahrain Grand Prix,2,Bahrain,Sakhir,0 days 02:02:04.251000,VET,5,0 days 00:01:36.263000,54.0,4.0,,Sebastian Vettel,,0 days 00:00:30.318000,0 days 00:00:42.181000,0 days 00:00:23.764000,0 days 02:00:58.342000,0 days 02:01:40.523000,0 days 02:02:04.287000,243.0,250.0,283.0,301.0,False,SOFT,19.0,False,Ferrari,0 days 02:00:27.988000,,12,5.0,False,,False,True,26.1,54.0,1003.3,False,27.6,39,3.0,True,True,False,False,False,False,+56.057,+26.479,56.057,26.479,7324.251,96.263,,,30.318,42.181,23.764,7258.342,7300.523,7324.287,7227.988
2019,Bahrain Grand Prix,2,Bahrain,Sakhir,0 days 02:04:14.743000,VET,5,0 days 00:02:10.492000,55.0,4.0,,Sebastian Vettel,,0 days 00:00:40.730000,0 days 00:00:56.159000,0 days 00:00:33.603000,0 days 02:02:45.017000,0 days 02:03:41.176000,0 days 02:04:14.779000,190.0,158.0,177.0,281.0,False,SOFT,20.0,False,Ferrari,0 days 02:02:04.251000,,24,5.0,False,,False,False,26.1,53.9,1003.0,False,27.5,13,2.9,False,True,True,False,False,False,+76.148,+37.820,76.148,37.82,7454.743,130.492,,,40.73,56.159,33.603,7365.017,7421.176,7454.779,7324.251
2019,Bahrain Grand Prix,2,Bahrain,Sakhir,0 days 02:06:27.772000,VET,5,0 days 00:02:13.029000,56.0,4.0,,Sebastian Vettel,,0 days 00:00:42.183000,0 days 00:00:56.779000,0 days 00:00:34.067000,0 days 02:04:56.962000,0 days 02:05:53.741000,0 days 02:06:27.808000,132.0,161.0,226.0,220.0,False,SOFT,21.0,False,Ferrari,0 days 02:04:14.743000,,4,5.0,False,,False,False,26.1,53.7,1003.1,False,27.6,41,3.2,False,False,True,False,False,False,+67.164,+38.986,67.164,38.986,7587.772,133.029,,,42.183,56.779,34.067,7496.962,7553.741,7587.808,7454.743
2019,Bahrain Grand Prix,2,Bahrain,Sakhir,0 days 02:08:28.943000,VET,5,0 days 00:02:01.171000,57.0,4.0,,Sebastian Vettel,,0 days 00:00:40.768000,0 days 00:00:51.688000,0 days 00:00:28.715000,0 days 02:07:08.576000,0 days 02:08:00.264000,0 days 02:08:28.979000,181.0,195.0,215.0,219.0,False,SOFT,22.0,False,Ferrari,0 days 02:06:27.772000,,4,5.0,False,,False,False,26.1,54.1,1003.1,False,27.4,56,3.0,False,False,True,False,False,False,+35.896,+29.745,35.896,29.745,7708.943,121.171,,,40.768,51.688,28.715,7628.576,7680.264,7708.979,7587.772
2019,Bahrain Grand Prix,2,Bahrain,Sakhir,0 days 00:35:13.366000,SAI,55,0 days 00:01:41.786000,1.0,1.0,,Carlos Sainz,,,0 days 00:00:43.553000,0 days 00:00:24.248000,,0 days 00:34:49.444000,0 days 00:35:13.518000,233.0,249.0,282.0,260.0,False,SOFT,4.0,False,McLaren,0 days 00:33:31.386000,,12,6.0,False,,False,False,26.1,54.5,1003.3,False,29.2,16,2.3,True,True,False,False,False,False,+4.253,+0.648,4.253,0.648,2113.366,101.786,,,,43.553,24.248,,2089.444,2113.518,2011.386
2019,Bahrain Grand Prix,2,Bahrain,Sakhir,0 days 00:36:52.235000,SAI,55,0 days 00:01:38.869000,2.0,1.0,,Carlos Sainz,,0 days 00:00:31.197000,0 days 00:00:43.291000,0 days 00:00:24.381000,0 days 00:35:44.613000,0 days 00:36:27.904000,0 days 00:36:52.285000,234.0,248.0,280.0,292.0,True,SOFT,5.0,False,McLaren,0 days 00:35:13.366000,,21,6.0,False,,False,True,26.1,53.9,1003.5,False,29.3,22,2.3,True,True,False,False,False,False,+6.512,+0.783,6.512,0.783,2212.235,98.869,,,31.197,43.291,24.381,2144.613,2187.904,2212.285,2113.366
2019,Bahrain Grand Prix,2,Bahrain,Sakhir,0 days 00:38:30.805000,SAI,55,0 days 00:01:38.570000,3.0,1.0,,Carlos Sainz,,0 days 00:00:30.860000,0 days 00:00:43.417000,0 days 00:00:24.293000,0 days 00:37:23.145000,0 days 00:38:06.562000,0 days 00:38:30.855000,234.0,244.0,290.0,298.0,True,SOFT,6.0,False,McLaren,0 days 00:36:52.235000,,1,6.0,False,,False,True,26.2,53.6,1003.4,False,29.3,11,1.6,True,False,False,False,False,False,+8.159,+0.646,8.159,0.646,2310.805,98.57,,,30.86,43.417,24.293,2243.145,2286.562,2310.855,2212.235
2019,Bahrain Grand Prix,2,Bahrain,Sakhir,0 days 00:40:45.843000,SAI,55,0 days 00:02:15.038000,4.0,1.0,,Carlos Sainz,0 days 00:40:44.156000,0 days 00:00:31.098000,0 days 00:01:00.660000,0 days 00:00:43.280000,0 days 00:39:01.953000,0 days 00:40:02.613000,0 days 00:40:45.893000,204.0,173.0,,321.0,False,SOFT,7.0,False,McLaren,0 days 00:38:30.805000,,12,18.0,False,,False,False,26.2,53.8,1003.4,False,29.3,36,1.9,True,True,False,False,False,False,+42.351,+20.217,42.351,20.217,2445.843,135.038,2444.156,,31.098,60.66,43.28,2341.953,2402.613,2445.893,2310.805
2019,Bahrain Grand Prix,2,Bahrain,Sakhir,0 days 00:43:03.927000,SAI,55,0 days 00:02:18.084000,5.0,2.0,0 days 00:41:29.623000,Carlos Sainz,,0 days 00:01:12.901000,0 days 00:00:41.659000,0 days 00:00:23.524000,0 days 00:41:58.794000,0 days 00:42:40.453000,0 days 00:43:03.977000,235.0,252.0,279.0,223.0,False,MEDIUM,1.0,True,McLaren,0 days 00:40:45.843000,,12,20.0,False,,False,False,26.2,54.0,1003.5,False,29.2,41,3.1,True,True,False,False,False,False,+85.759,+13.778,85.759,13.778,2583.927,138.084,,2489.623,72.901,41.659,23.524,2518.794,2560.453,2583.977,2445.843
2019,Bahrain Grand Prix,2,Bahrain,Sakhir,0 days 00:44:39.769000,SAI,55,0 days 00:01:35.842000,6.0,2.0,,Carlos Sainz,,0 days 00:00:30.480000,0 days 00:00:41.702000,0 days 00:00:23.660000,0 days 00:43:34.457000,0 days 00:44:16.159000,0 days 00:44:39.819000,236.0,251.0,280.0,291.0,True,MEDIUM,2.0,True,McLaren,0 days 00:43:03.927000,,1,20.0,False,,False,True,26.2,54.3,1003.4,False,29.2,3,2.3,True,False,False,False,False,False,+84.735,+10.739,84.735,10.739,2679.769,95.842,,,30.48,41.702,23.66,2614.457,2656.159,2679.819,2583.927
2019,Bahrain Grand Prix,2,Bahrain,Sakhir,0 days 00:46:16.531000,SAI,55,0 days 00:01:36.762000,7.0,2.0,,Carlos Sainz,,0 days 00:00:30.769000,0 days 00:00:42.133000,0 days 00:00:23.860000,0 days 00:45:10.588000,0 days 00:45:52.721000,0 days 00:46:16.581000,234.0,250.0,279.0,290.0,False,MEDIUM,3.0,True,McLaren,0 days 00:44:39.769000,,1,20.0,False,,False,True,26.2,54.3,1003.5,False,29.2,15,2.3,True,False,False,False,False,False,+84.428,+9.066,84.428,9.066,2776.531,96.762,,,30.769,42.133,23.86,2710.588,2752.721,2776.581,2679.769
2019,Bahrain Grand Prix,2,Bahrain,Sakhir,0 days 00:47:53.334000,SAI,55,0 days 00:01:36.803000,8.0,2.0,,Carlos Sainz,,0 days 00:00:30.793000,0 days 00:00:42.110000,0 days 00:00:23.900000,0 days 00:46:47.374000,0 days 00:47:29.484000,0 days 00:47:53.384000,234.0,248.0,279.0,294.0,False,MEDIUM,4.0,True,McLaren,0 days 00:46:16.531000,,1,20.0,False,,False,True,26.2,54.3,1003.5,False,29.1,355,2.4,True,False,False,False,False,False,+83.448,+7.548,83.448,7.548,2873.334,96.803,,,30.793,42.11,23.9,2807.374,2849.484,2873.384,2776.531
2019,Bahrain Grand Prix,2,Bahrain,Sakhir,0 days 00:49:30.857000,SAI,55,0 days 00:01:37.523000,9.0,2.0,,Carlos Sainz,,0 days 00:00:30.848000,0 days 00:00:42.745000,0 days 00:00:23.930000,0 days 00:48:24.232000,0 days 00:49:06.977000,0 days 00:49:30.907000,234.0,250.0,279.0,296.0,False,MEDIUM,5.0,True,McLaren,0 days 00:47:53.334000,,1,20.0,False,,False,True,26.2,54.3,1003.6,False,28.9,41,2.7,True,False,False,False,False,False,+83.757,+6.241,83.757,6.241,2970.857,97.523,,,30.848,42.745,23.93,2904.232,2946.977,2970.907,2873.334
2019,Bahrain Grand Prix,2,Bahrain,Sakhir,0 days 00:51:08.132000,SAI,55,0 days 00:01:37.275000,10.0,2.0,,Carlos Sainz,,0 days 00:00:30.833000,0 days 00:00:42.229000,0 days 00:00:24.213000,0 days 00:50:01.740000,0 days 00:50:43.969000,0 days 00:51:08.182000,234.0,252.0,279.0,293.0,False,MEDIUM,6.0,True,McLaren,0 days 00:49:30.857000,,1,20.0,False,,False,True,26.1,54.7,1003.5,False,28.9,53,3.1,True,False,False,False,False,False,+83.764,+4.530,83.764,4.53,3068.132,97.275,,,30.833,42.229,24.213,3001.74,3043.969,3068.182,2970.857
2019,Bahrain Grand Prix,2,Bahrain,Sakhir,0 days 00:52:45.943000,SAI,55,0 days 00:01:37.811000,11.0,2.0,,Carlos Sainz,,0 days 00:00:30.901000,0 days 00:00:42.883000,0 days 00:00:24.027000,0 days 00:51:39.083000,0 days 00:52:21.966000,0 days 00:52:45.993000,234.0,252.0,279.0,297.0,False,MEDIUM,7.0,True,McLaren,0 days 00:51:08.132000,,1,20.0,False,,False,True,26.1,55.1,1003.5,False,28.8,334,2.5,True,False,False,False,False,False,+84.386,+2.969,84.386,2.969,3165.943,97.811,,,30.901,42.883,24.027,3099.083,3141.966,3165.993,3068.132
2019,Bahrain Grand Prix,2,Bahrain,Sakhir,0 days 00:54:23.640000,SAI,55,0 days 00:01:37.697000,12.0,2.0,,Carlos Sainz,,0 days 00:00:30.977000,0 days 00:00:42.478000,0 days 00:00:24.242000,0 days 00:53:16.970000,0 days 00:53:59.448000,0 days 00:54:23.690000,236.0,252.0,278.0,297.0,False,MEDIUM,8.0,True,McLaren,0 days 00:52:45.943000,,12,20.0,False,,False,True,26.1,55.0,1003.5,False,28.8,33,1.7,True,True,False,False,False,False,+84.613,+2.029,84.613,2.029,3263.64,97.697,,,30.977,42.478,24.242,3196.97,3239.448,3263.69,3165.943
2019,Bahrain Grand Prix,2,Bahrain,Sakhir,0 days 00:56:01.904000,SAI,55,0 days 00:01:38.264000,13.0,2.0,,Carlos Sainz,,0 days 00:00:31.127000,0 days 00:00:42.830000,0 days 00:00:24.307000,0 days 00:54:54.817000,0 days 00:55:37.647000,0 days 00:56:01.954000,232.0,253.0,278.0,296.0,False,MEDIUM,9.0,True,McLaren,0 days 00:54:23.640000,,1,20.0,False,,False,True,26.1,55.2,1003.6,False,28.8,4,2.5,True,False,False,False,False,False,+81.730,+1.733,81.73,1.733,3361.904,98.264,,,31.127,42.83,24.307,3294.817,3337.647,3361.954,3263.64
2019,Bahrain Grand Prix,2,Bahrain,Sakhir,0 days 00:57:40.305000,SAI,55,0 days 00:01:38.401000,14.0,2.0,,Carlos Sainz,,0 days 00:00:31.130000,0 days 00:00:43.018000,0 days 00:00:24.253000,0 days 00:56:33.084000,0 days 00:57:16.102000,0 days 00:57:40.355000,232.0,252.0,278.0,298.0,False,MEDIUM,10.0,True,McLaren,0 days 00:56:01.904000,,1,20.0,False,,False,True,26.1,55.1,1003.8,False,28.8,29,1.8,True,False,False,False,False,False,+65.072,+1.629,65.072,1.629,3460.305,98.401,,,31.13,43.018,24.253,3393.084,3436.102,3460.355,3361.904
2019,Bahrain Grand Prix,2,Bahrain,Sakhir,0 days 00:59:18.921000,SAI,55,0 days 00:01:38.616000,15.0,2.0,,Carlos Sainz,,0 days 00:00:31.213000,0 days 00:00:43.156000,0 days 00:00:24.247000,0 days 00:58:11.568000,0 days 00:58:54.724000,0 days 00:59:18.971000,232.0,251.0,278.0,296.0,False,MEDIUM,11.0,True,McLaren,0 days 00:57:40.305000,,1,20.0,False,,False,True,26.1,55.2,1003.7,False,28.8,26,2.1,True,False,False,False,False,False,+69.778,+1.474,69.778,1.474,3558.921,98.616,,,31.213,43.156,24.247,3491.568,3534.724,3558.971,3460.305
2019,Bahrain Grand Prix,2,Bahrain,Sakhir,0 days 01:00:57.791000,SAI,55,0 days 00:01:38.870000,16.0,2.0,,Carlos Sainz,,0 days 00:00:30.924000,0 days 00:00:43.191000,0 days 00:00:24.755000,0 days 00:59:49.895000,0 days 01:00:33.086000,0 days 01:00:57.841000,235.0,250.0,285.0,300.0,False,MEDIUM,12.0,True,McLaren,0 days 00:59:18.921000,,1,19.0,False,,False,True,26.1,55.5,1003.7,False,28.8,47,2.1,True,False,False,False,False,False,+73.846,+0.407,73.846,0.407,3657.791,98.87,,,30.924,43.191,24.755,3589.895,3633.086,3657.841,3558.921
2019,Bahrain Grand Prix,2,Bahrain,Sakhir,0 days 01:02:36.210000,SAI,55,0 days 00:01:38.419000,17.0,2.0,,Carlos Sainz,,0 days 00:00:30.949000,0 days 00:00:43.309000,0 days 00:00:24.161000,0 days 01:01:28.790000,0 days 01:02:12.099000,0 days 01:02:36.260000,232.0,249.0,278.0,315.0,False,MEDIUM,13.0,True,McLaren,0 days 01:00:57.791000,,1,19.0,False,,False,True,26.1,55.3,1003.7,False,28.7,2,2.7,True,False,False,False,False,False,+77.026,+7.919,77.026,7.919,3756.21,98.419,,,30.949,43.309,24.161,3688.79,3732.099,3756.26,3657.791
2019,Bahrain Grand Prix,2,Bahrain,Sakhir,0 days 01:04:14.928000,SAI,55,0 days 00:01:38.718000,18.0,2.0,,Carlos Sainz,,0 days 00:00:31.207000,0 days 00:00:43.218000,0 days 00:00:24.293000,0 days 01:03:07.467000,0 days 01:03:50.685000,0 days 01:04:14.978000,231.0,251.0,278.0,297.0,False,MEDIUM,14.0,True,McLaren,0 days 01:02:36.210000,,1,19.0,False,,False,True,26.1,55.2,1003.7,False,28.7,27,2.1,True,False,False,False,False,False,+80.278,+7.489,80.278,7.489,3854.928,98.718,,,31.207,43.218,24.293,3787.467,3830.685,3854.978,3756.21
2019,Bahrain Grand Prix,2,Bahrain,Sakhir,0 days 01:05:53.637000,SAI,55,0 days 00:01:38.709000,19.0,2.0,,Carlos Sainz,,0 days 00:00:31.144000,0 days 00:00:43.267000,0 days 00:00:24.298000,0 days 01:04:46.122000,0 days 01:05:29.389000,0 days 01:05:53.687000,233.0,250.0,278.0,298.0,False,MEDIUM,15.0,True,McLaren,0 days 01:04:14.928000,,1,19.0,False,,False,True,26.1,54.0,1003.7,False,28.8,59,2.3,True,False,False,False,False,False,+83.216,+5.829,83.216,5.829,3953.637,98.709,,,31.144,43.267,24.298,3886.122,3929.389,3953.687,3854.928
2019,Bahrain Grand Prix,2,Bahrain,Sakhir,0 days 01:07:32.710000,SAI,55,0 days 00:01:39.073000,20.0,2.0,,Carlos Sainz,,0 days 00:00:31.331000,0 days 00:00:43.307000,0 days 00:00:24.435000,0 days 01:06:25.018000,0 days 01:07:08.325000,0 days 01:07:32.760000,233.0,247.0,277.0,297.0,False,MEDIUM,16.0,True,McLaren,0 days 01:05:53.637000,,1,19.0,False,,False,True,26.3,53.4,1003.5,False,29.0,31,3.0,True,False,False,False,False,False,+86.228,+5.383,86.228,5.383,4052.71,99.073,,,31.331,43.307,24.435,3985.018,4028.325,4052.76,3953.637
2019,Bahrain Grand Prix,2,Bahrain,Sakhir,0 days 01:09:11.523000,SAI,55,0 days 00:01:38.813000,21.0,2.0,,Carlos Sainz,,0 days 00:00:31.251000,0 days 00:00:43.281000,0 days 00:00:24.281000,0 days 01:08:04.011000,0 days 01:08:47.292000,0 days 01:09:11.573000,232.0,252.0,279.0,297.0,False,MEDIUM,17.0,True,McLaren,0 days 01:07:32.710000,,1,19.0,False,,False,True,26.3,53.1,1003.6,False,28.8,30,2.2,True,False,False,False,False,False,+89.063,+4.474,89.063,4.474,4151.523,98.813,,,31.251,43.281,24.281,4084.011,4127.292,4151.573,4052.71
2019,Bahrain Grand Prix,2,Bahrain,Sakhir,0 days 01:10:50.455000,SAI,55,0 days 00:01:38.932000,22.0,2.0,,Carlos Sainz,,0 days 00:00:31.102000,0 days 00:00:43.398000,0 days 00:00:24.432000,0 days 01:09:42.675000,0 days 01:10:26.073000,0 days 01:10:50.505000,232.0,249.0,278.0,297.0,False,MEDIUM,18.0,True,McLaren,0 days 01:09:11.523000,,1,19.0,False,,False,True,26.3,52.2,1003.6,False,28.9,63,2.5,True,False,False,False,False,False,+91.887,+3.109,91.887,3.109,4250.455,98.932,,,31.102,43.398,24.432,4182.675,4226.073,4250.505,4151.523
2019,Bahrain Grand Prix,2,Bahrain,Sakhir,0 days 01:12:29.767000,SAI,55,0 days 00:01:39.312000,23.0,2.0,,Carlos Sainz,,0 days 00:00:31.315000,0 days 00:00:43.598000,0 days 00:00:24.399000,0 days 01:11:21.820000,0 days 01:12:05.418000,0 days 01:12:29.817000,232.0,251.0,279.0,299.0,False,MEDIUM,19.0,True,McLaren,0 days 01:10:50.455000,,1,18.0,False,,False,True,26.4,51.9,1003.6,False,28.9,59,2.1,True,False,False,False,False,False,+95.099,+1.993,95.099,1.993,4349.767,99.312,,,31.315,43.598,24.399,4281.82,4325.418,4349.817,4250.455
2019,Bahrain Grand Prix,2,Bahrain,Sakhir,0 days 01:14:14.333000,SAI,55,0 days 00:01:44.566000,24.0,2.0,,Carlos Sainz,0 days 01:14:12.642000,0 days 00:00:33.293000,0 days 00:00:44.055000,0 days 00:00:27.218000,0 days 01:13:03.110000,0 days 01:13:47.165000,0 days 01:14:14.383000,233.0,250.0,,298.0,False,MEDIUM,20.0,True,McLaren,0 days 01:12:29.767000,,1,18.0,False,,False,False,26.5,51.3,1003.5,False,28.9,12,1.9,True,False,False,False,False,False,1 L,+12.658,,12.658,4454.333,104.566,4452.642,,33.293,44.055,27.218,4383.11,4427.165,4454.383,4349.767
2019,Bahrain Grand Prix,2,Bahrain,Sakhir,0 days 01:16:12.749000,SAI,55,0 days 00:01:58.416000,25.0,3.0,0 days 01:14:37.665000,Carlos Sainz,,0 days 00:00:52.321000,0 days 00:00:42.335000,0 days 00:00:23.760000,0 days 01:15:06.704000,0 days 01:15:49.039000,0 days 01:16:12.799000,234.0,257.0,282.0,220.0,False,HARD,2.0,False,McLaren,0 days 01:14:14.333000,,1,19.0,False,,False,False,26.5,51.3,1003.4,False,28.9,31,2.7,True,False,False,False,False,False,1 L,+2.642,,2.642,4572.749,118.416,,4477.665,52.321,42.335,23.76,4506.704,4549.039,4572.799,4454.333
2019,Bahrain Grand Prix,2,Bahrain,Sakhir,0 days 01:17:49.946000,SAI,55,0 days 00:01:37.197000,26.0,3.0,,Carlos Sainz,,0 days 00:00:30.735000,0 days 00:00:42.388000,0 days 00:00:24.074000,0 days 01:16:43.534000,0 days 01:17:25.922000,0 days 01:17:49.996000,237.0,255.0,280.0,297.0,False,HARD,3.0,False,McLaren,0 days 01:16:12.749000,,1,19.0,False,,False,True,26.5,50.4,1003.3,False,28.8,44,2.5,True,False,False,False,False,False,1 L,+1.975,,1.975,4669.946,97.197,,,30.735,42.388,24.074,4603.534,4645.922,4669.996,4572.749
2019,Bahrain Grand Prix,2,Bahrain,Sakhir,0 days 01:19:27.234000,SAI,55,0 days 00:01:37.288000,27.0,3.0,,Carlos Sainz,,0 days 00:00:30.741000,0 days 00:00:42.498000,0 days 00:00:24.049000,0 days 01:18:20.737000,0 days 01:19:03.235000,0 days 01:19:27.284000,238.0,255.0,282.0,299.0,False,HARD,4.0,False,McLaren,0 days 01:17:49.946000,,1,19.0,False,,False,True,26.5,50.0,1003.3,False,28.8,30,2.4,True,False,False,False,False,False,1 L,+1.521,,1.521,4767.234,97.288,,,30.741,42.498,24.049,4700.737,4743.235,4767.284,4669.946
2019,Bahrain Grand Prix,2,Bahrain,Sakhir,0 days 01:21:05.213000,SAI,55,0 days 00:01:37.979000,28.0,3.0,,Carlos Sainz,,0 days 00:00:30.874000,0 days 00:00:42.783000,0 days 00:00:24.322000,0 days 01:19:58.158000,0 days 01:20:40.941000,0 days 01:21:05.263000,233.0,253.0,291.0,301.0,False,HARD,5.0,False,McLaren,0 days 01:19:27.234000,,1,19.0,False,,False,True,26.6,48.9,1003.3,False,28.9,12,2.3,True,False,False,False,False,False,1 L,+0.694,,0.694,4865.213,97.979,,,30.874,42.783,24.322,4798.158,4840.941,4865.263,4767.234
2019,Bahrain Grand Prix,2,Bahrain,Sakhir,0 days 01:22:43.339000,SAI,55,0 days 00:01:38.126000,29.0,3.0,,Carlos Sainz,,0 days 00:00:30.543000,0 days 00:00:43.064000,0 days 00:00:24.519000,0 days 01:21:35.806000,0 days 01:22:18.870000,0 days 01:22:43.389000,238.0,252.0,288.0,322.0,False,HARD,6.0,False,McLaren,0 days 01:21:05.213000,,1,19.0,False,,False,True,26.6,48.9,1003.4,False,28.7,22,2.9,True,False,False,False,False,False,1 L,+0.652,,0.652,4963.339,98.126,,,30.543,43.064,24.519,4895.806,4938.87,4963.389,4865.213
2019,Bahrain Grand Prix,2,Bahrain,Sakhir,0 days 01:24:22.225000,SAI,55,0 days 00:01:38.886000,30.0,3.0,,Carlos Sainz,,0 days 00:00:31.035000,0 days 00:00:43.283000,0 days 00:00:24.568000,0 days 01:23:14.424000,0 days 01:23:57.707000,0 days 01:24:22.275000,236.0,254.0,288.0,316.0,False,HARD,7.0,False,McLaren,0 days 01:22:43.339000,,1,19.0,False,,False,True,26.6,49.1,1003.3,False,28.6,41,2.5,True,False,False,False,False,False,1 L,+0.617,,0.617,5062.225,98.886,,,31.035,43.283,24.568,4994.424,5037.707,5062.275,4963.339
2019,Bahrain Grand Prix,2,Bahrain,Sakhir,0 days 01:25:59.528000,SAI,55,0 days 00:01:37.303000,31.0,3.0,,Carlos Sainz,,0 days 00:00:30.409000,0 days 00:00:42.756000,0 days 00:00:24.138000,0 days 01:24:52.684000,0 days 01:25:35.440000,0 days 01:25:59.578000,236.0,257.0,290.0,331.0,False,HARD,8.0,False,McLaren,0 days 01:24:22.225000,,1,18.0,False,,False,True,26.6,49.4,1003.3,False,28.6,9,2.4,True,False,False,False,False,False,1 L,+2.196,,2.196,5159.528,97.303,,,30.409,42.756,24.138,5092.684,5135.44,5159.578,5062.225
2019,Bahrain Grand Prix,2,Bahrain,Sakhir,0 days 01:27:36.707000,SAI,55,0 days 00:01:37.179000,32.0,3.0,,Carlos Sainz,,0 days 00:00:30.276000,0 days 00:00:42.831000,0 days 00:00:24.072000,0 days 01:26:29.854000,0 days 01:27:12.685000,0 days 01:27:36.757000,236.0,256.0,283.0,316.0,False,HARD,9.0,False,McLaren,0 days 01:25:59.528000,,1,18.0,False,,False,True,26.6,49.7,1003.2,False,28.4,19,2.6,True,False,False,False,False,False,1 L,+1.519,,1.519,5256.707,97.179,,,30.276,42.831,24.072,5189.854,5232.685,5256.757,5159.528
2019,Bahrain Grand Prix,2,Bahrain,Sakhir,0 days 01:29:14.506000,SAI,55,0 days 00:01:37.799000,33.0,3.0,,Carlos Sainz,,0 days 00:00:30.911000,0 days 00:00:42.762000,0 days 00:00:24.126000,0 days 01:28:07.668000,0 days 01:28:50.430000,0 days 01:29:14.556000,232.0,255.0,282.0,300.0,False,HARD,10.0,False,McLaren,0 days 01:27:36.707000,,1,18.0,False,,False,True,26.6,49.9,1003.2,False,28.4,38,2.6,True,False,False,False,False,False,1 L,+1.688,,1.688,5354.506,97.799,,,30.911,42.762,24.126,5287.668,5330.43,5354.556,5256.707
2019,Bahrain Grand Prix,2,Bahrain,Sakhir,0 days 01:30:53.485000,SAI,55,0 days 00:01:38.979000,34.0,3.0,,Carlos Sainz,,0 days 00:00:31.854000,0 days 00:00:43.113000,0 days 00:00:24.012000,0 days 01:29:46.410000,0 days 01:30:29.523000,0 days 01:30:53.535000,178.0,260.0,282.0,301.0,False,HARD,11.0,False,McLaren,0 days 01:29:14.506000,,1,18.0,False,,False,True,26.5,50.0,1003.4,False,28.3,357,2.9,True,False,False,False,False,False,1 L,+1.958,,1.958,5453.485,98.979,,,31.854,43.113,24.012,5386.41,5429.523,5453.535,5354.506
2019,Bahrain Grand Prix,2,Bahrain,Sakhir,0 days 01:32:31.078000,SAI,55,0 days 00:01:37.593000,35.0,3.0,,Carlos Sainz,,0 days 00:00:30.854000,0 days 00:00:42.794000,0 days 00:00:23.945000,0 days 01:31:24.389000,0 days 01:32:07.183000,0 days 01:32:31.128000,237.0,256.0,282.0,298.0,False,HARD,12.0,False,McLaren,0 days 01:30:53.485000,,1,18.0,False,,False,True,26.5,50.5,1003.3,False,28.3,43,3.1,True,False,False,False,False,False,1 L,+1.834,,1.834,5551.078,97.593,,,30.854,42.794,23.945,5484.389,5527.183,5551.128,5453.485
2019,Bahrain Grand Prix,2,Bahrain,Sakhir,0 days 01:34:09.153000,SAI,55,0 days 00:01:38.075000,36.0,3.0,,Carlos Sainz,,0 days 00:00:30.977000,0 days 00:00:42.926000,0 days 00:00:24.172000,0 days 01:33:02.105000,0 days 01:33:45.031000,0 days 01:34:09.203000,234.0,256.0,281.0,300.0,False,HARD,13.0,False,McLaren,0 days 01:32:31.078000,,1,18.0,False,,False,True,26.5,50.5,1003.3,False,28.3,65,2.0,True,False,False,False,False,False,1 L,+1.485,,1.485,5649.153,98.075,,,30.977,42.926,24.172,5582.105,5625.031,5649.203,5551.078
2019,Bahrain Grand Prix,2,Bahrain,Sakhir,0 days 01:35:48.524000,SAI,55,0 days 00:01:39.371000,37.0,3.0,,Carlos Sainz,,0 days 00:00:30.883000,0 days 00:00:44.374000,0 days 00:00:24.114000,0 days 01:34:40.086000,0 days 01:35:24.460000,0 days 01:35:48.574000,238.0,253.0,292.0,301.0,False,HARD,14.0,False,McLaren,0 days 01:34:09.153000,,12,18.0,False,,False,True,26.5,50.9,1003.2,False,28.2,55,3.0,True,True,False,False,False,False,1 L,+0.805,,0.805,5748.524,99.371,,,30.883,44.374,24.114,5680.086,5724.46,5748.574,5649.153
2019,Bahrain Grand Prix,2,Bahrain,Sakhir,0 days 01:37:27.894000,SAI,55,0 days 00:01:39.370000,38.0,3.0,,Carlos Sainz,,0 days 00:00:31.294000,0 days 00:00:43.502000,0 days 00:00:24.574000,0 days 01:36:19.868000,0 days 01:37:03.370000,0 days 01:37:27.944000,238.0,253.0,292.0,329.0,False,HARD,15.0,False,McLaren,0 days 01:35:48.524000,,1,18.0,False,,False,True,26.5,51.0,1003.4,False,28.1,28,2.3,True,False,False,False,False,False,1 L,+0.827,,0.827,5847.894,99.37,,,31.294,43.502,24.574,5779.868,5823.37,5847.944,5748.524
2019,Bahrain Grand Prix,2,Bahrain,Sakhir,0 days 01:39:06.839000,SAI,55,0 days 00:01:38.945000,39.0,3.0,,Carlos Sainz,,0 days 00:00:30.942000,0 days 00:00:43.501000,0 days 00:00:24.502000,0 days 01:37:58.886000,0 days 01:38:42.387000,0 days 01:39:06.889000,239.0,257.0,283.0,324.0,False,HARD,16.0,False,McLaren,0 days 01:37:27.894000,,12,18.0,False,,False,True,26.4,51.5,1003.3,False,28.0,45,2.4,True,True,False,False,False,False,1 L,+1.211,,1.211,5946.839,98.945,,,30.942,43.501,24.502,5878.886,5922.387,5946.889,5847.894
2019,Bahrain Grand Prix,2,Bahrain,Sakhir,0 days 01:40:48.149000,SAI,55,0 days 00:01:41.310000,40.0,3.0,,Carlos Sainz,0 days 01:40:46.462000,0 days 00:00:31.033000,0 days 00:00:42.862000,0 days 00:00:27.415000,0 days 01:39:37.922000,0 days 01:40:20.784000,0 days 01:40:48.199000,237.0,246.0,,297.0,False,HARD,17.0,False,McLaren,0 days 01:39:06.839000,,1,18.0,False,,False,False,26.4,51.7,1003.2,False,28.0,31,2.6,True,False,False,False,False,False,1 L,+1.320,,1.32,6048.149,101.31,6046.462,,31.033,42.862,27.415,5977.922,6020.784,6048.199,5946.839
2019,Bahrain Grand Prix,2,Bahrain,Sakhir,0 days 01:42:44.201000,SAI,55,0 days 00:01:56.052000,41.0,4.0,0 days 01:41:11.459000,Carlos Sainz,,0 days 00:00:51.338000,0 days 00:00:41.371000,0 days 00:00:23.343000,0 days 01:41:39.537000,0 days 01:42:20.908000,0 days 01:42:44.251000,237.0,258.0,283.0,225.0,False,SOFT,4.0,False,McLaren,0 days 01:40:48.149000,,1,19.0,False,,False,False,26.4,51.8,1003.2,False,28.0,23,3.3,True,False,False,False,False,False,1 L,+5.160,,5.16,6164.201,116.052,,6071.459,51.338,41.371,23.343,6099.537,6140.908,6164.251,6048.149
2019,Bahrain Grand Prix,2,Bahrain,Sakhir,0 days 01:44:19.787000,SAI,55,0 days 00:01:35.586000,42.0,4.0,,Carlos Sainz,,0 days 00:00:30.324000,0 days 00:00:41.742000,0 days 00:00:23.520000,0 days 01:43:14.575000,0 days 01:43:56.317000,0 days 01:44:19.837000,238.0,257.0,284.0,295.0,True,SOFT,5.0,False,McLaren,0 days 01:42:44.201000,,12,19.0,False,,False,True,26.3,51.8,1003.2,False,28.0,22,3.4,True,True,False,False,False,False,1 L,+1.466,,1.466,6259.787,95.586,,,30.324,41.742,23.52,6194.575,6236.317,6259.837,6164.201
2019,Bahrain Grand Prix,2,Bahrain,Sakhir,0 days 01:45:56.223000,SAI,55,0 days 00:01:36.436000,43.0,4.0,,Carlos Sainz,,0 days 00:00:30.421000,0 days 00:00:42.472000,0 days 00:00:23.543000,0 days 01:44:50.258000,0 days 01:45:32.730000,0 days 01:45:56.273000,239.0,259.0,281.0,301.0,False,SOFT,6.0,False,McLaren,0 days 01:44:19.787000,,1,18.0,False,,False,True,26.3,52.0,1003.1,False,28.0,69,3.2,True,False,False,False,False,False,1 L,+13.380,,13.38,6356.223,96.436,,,30.421,42.472,23.543,6290.258,6332.73,6356.273,6259.787
2019,Bahrain Grand Prix,2,Bahrain,Sakhir,0 days 01:47:31.928000,SAI,55,0 days 00:01:35.705000,44.0,4.0,,Carlos Sainz,,0 days 00:00:30.482000,0 days 00:00:41.731000,0 days 00:00:23.492000,0 days 01:46:26.755000,0 days 01:47:08.486000,0 days 01:47:31.978000,237.0,256.0,284.0,298.0,False,SOFT,7.0,False,McLaren,0 days 01:45:56.223000,,1,18.0,False,,False,True,26.3,52.5,1003.4,False,27.8,59,2.5,True,False,False,False,False,False,1 L,+10.495,,10.495,6451.928,95.705,,,30.482,41.731,23.492,6386.755,6428.486,6451.978,6356.223
2019,Bahrain Grand Prix,2,Bahrain,Sakhir,0 days 01:49:08.397000,SAI,55,0 days 00:01:36.469000,45.0,4.0,,Carlos Sainz,,0 days 00:00:30.490000,0 days 00:00:42.422000,0 days 00:00:23.557000,0 days 01:48:02.468000,0 days 01:48:44.890000,0 days 01:49:08.447000,236.0,255.0,282.0,298.0,False,SOFT,8.0,False,McLaren,0 days 01:47:31.928000,,1,18.0,False,,False,True,26.3,52.7,1003.2,False,27.7,63,3.1,True,False,False,False,False,False,1 L,+7.950,,7.95,6548.397,96.469,,,30.49,42.422,23.557,6482.468,6524.89,6548.447,6451.928
2019,Bahrain Grand Prix,2,Bahrain,Sakhir,0 days 01:50:44.698000,SAI,55,0 days 00:01:36.301000,46.0,4.0,,Carlos Sainz,,0 days 00:00:30.554000,0 days 00:00:42.306000,0 days 00:00:23.441000,0 days 01:49:39.001000,0 days 01:50:21.307000,0 days 01:50:44.748000,237.0,257.0,282.0,299.0,False,SOFT,9.0,False,McLaren,0 days 01:49:08.397000,,1,18.0,False,,False,True,26.2,52.9,1003.4,False,27.7,39,2.6,True,False,False,False,False,False,1 L,+5.454,,5.454,6644.698,96.301,,,30.554,42.306,23.441,6579.001,6621.307,6644.748,6548.397
2019,Bahrain Grand Prix,2,Bahrain,Sakhir,0 days 01:52:20.923000,SAI,55,0 days 00:01:36.225000,47.0,4.0,,Carlos Sainz,,0 days 00:00:30.648000,0 days 00:00:41.934000,0 days 00:00:23.643000,0 days 01:51:15.396000,0 days 01:51:57.330000,0 days 01:52:20.973000,237.0,257.0,281.0,299.0,False,SOFT,10.0,False,McLaren,0 days 01:50:44.698000,,1,18.0,False,,False,True,26.2,53.0,1003.3,False,27.7,60,2.9,True,False,False,False,False,False,1 L,+2.486,,2.486,6740.923,96.225,,,30.648,41.934,23.643,6675.396,6717.33,6740.973,6644.698
2019,Bahrain Grand Prix,2,Bahrain,Sakhir,0 days 01:53:58.326000,SAI,55,0 days 00:01:37.403000,48.0,4.0,,Carlos Sainz,,0 days 00:00:30.694000,0 days 00:00:42.329000,0 days 00:00:24.380000,0 days 01:52:51.667000,0 days 01:53:33.996000,0 days 01:53:58.376000,238.0,247.0,298.0,299.0,False,SOFT,11.0,False,McLaren,0 days 01:52:20.923000,,1,18.0,False,,False,True,26.2,53.3,1003.4,False,27.6,56,3.3,True,False,False,False,False,False,1 L,+0.273,,0.273,6838.326,97.403,,,30.694,42.329,24.38,6771.667,6813.996,6838.376,6740.923
2019,Bahrain Grand Prix,2,Bahrain,Sakhir,0 days 01:55:34.045000,SAI,55,0 days 00:01:35.719000,49.0,4.0,,Carlos Sainz,,0 days 00:00:30.264000,0 days 00:00:41.938000,0 days 00:00:23.517000,0 days 01:54:28.640000,0 days 01:55:10.578000,0 days 01:55:34.095000,235.0,259.0,283.0,321.0,False,SOFT,12.0,False,McLaren,0 days 01:53:58.326000,,1,17.0,False,,False,True,26.1,53.8,1003.1,False,27.5,60,2.9,True,False,False,False,False,False,1 L,+7.580,,7.58,6934.045,95.719,,,30.264,41.938,23.517,6868.64,6910.578,6934.095,6838.326
2019,Bahrain Grand Prix,2,Bahrain,Sakhir,0 days 01:57:10.161000,SAI,55,0 days 00:01:36.116000,50.0,4.0,,Carlos Sainz,,0 days 00:00:30.556000,0 days 00:00:41.916000,0 days 00:00:23.644000,0 days 01:56:04.651000,0 days 01:56:46.567000,0 days 01:57:10.211000,238.0,259.0,283.0,298.0,False,SOFT,13.0,False,McLaren,0 days 01:55:34.045000,,1,17.0,False,,False,True,26.1,53.6,1003.0,False,27.5,19,3.6,True,False,False,False,False,False,1 L,+5.332,,5.332,7030.161,96.116,,,30.556,41.916,23.644,6964.651,7006.567,7030.211,6934.045
2019,Bahrain Grand Prix,2,Bahrain,Sakhir,0 days 01:58:46.396000,SAI,55,0 days 00:01:36.235000,51.0,4.0,,Carlos Sainz,,0 days 00:00:30.312000,0 days 00:00:42.143000,0 days 00:00:23.780000,0 days 01:57:40.523000,0 days 01:58:22.666000,0 days 01:58:46.446000,240.0,260.0,283.0,300.0,False,SOFT,14.0,False,McLaren,0 days 01:57:10.161000,,1,17.0,False,,False,True,26.1,53.7,1003.3,False,27.5,44,2.5,True,False,False,False,False,False,1 L,+2.988,,2.988,7126.396,96.235,,,30.312,42.143,23.78,7060.523,7102.666,7126.446,7030.161
2019,Bahrain Grand Prix,2,Bahrain,Sakhir,0 days 02:00:22.896000,SAI,55,0 days 00:01:36.500000,52.0,4.0,,Carlos Sainz,,0 days 00:00:30.449000,0 days 00:00:42.135000,0 days 00:00:23.916000,0 days 01:59:16.895000,0 days 01:59:59.030000,0 days 02:00:22.946000,239.0,260.0,284.0,300.0,False,SOFT,15.0,False,McLaren,0 days 01:58:46.396000,,1,17.0,False,,False,True,26.1,53.9,1003.3,False,27.6,30,2.3,True,False,False,False,False,False,1 L,+1.015,,1.015,7222.896,96.5,,,30.449,42.135,23.916,7156.895,7199.03,7222.946,7126.396
2019,Bahrain Grand Prix,2,Bahrain,Sakhir,0 days 02:02:07.720000,SAI,55,0 days 00:01:44.824000,53.0,4.0,,Carlos Sainz,0 days 02:02:06.036000,0 days 00:00:30.676000,0 days 00:00:44.664000,0 days 00:00:29.484000,0 days 02:00:53.622000,0 days 02:01:38.286000,0 days 02:02:07.770000,236.0,221.0,,301.0,False,SOFT,16.0,False,McLaren,0 days 02:00:22.896000,,12,17.0,False,,False,False,26.1,54.0,1003.3,False,27.6,39,3.0,True,True,False,False,False,False,1 L,+3.891,,3.891,7327.72,104.824,7326.036,,30.676,44.664,29.484,7253.622,7298.286,7327.77,7222.896
2019,Bahrain Grand Prix,2,Bahrain,Sakhir,0 days 00:35:19.306000,RUS,63,0 days 00:01:47.726000,1.0,1.0,,George Russell,,,0 days 00:00:44.449000,0 days 00:00:24.871000,,0 days 00:34:54.730000,0 days 00:35:19.467000,235.0,241.0,282.0,210.0,False,SOFT,1.0,True,Williams,0 days 00:33:31.386000,,12,18.0,False,,False,False,26.1,54.5,1003.3,False,29.2,16,2.3,True,True,False,False,False,False,+10.192,+0.427,10.192,0.427,2119.306,107.726,,,,44.449,24.871,,2094.73,2119.467,2011.386
2019,Bahrain Grand Prix,2,Bahrain,Sakhir,0 days 00:37:00.058000,RUS,63,0 days 00:01:40.752000,2.0,1.0,,George Russell,,0 days 00:00:31.790000,0 days 00:00:44.285000,0 days 00:00:24.677000,0 days 00:35:51.123000,0 days 00:36:35.408000,0 days 00:37:00.085000,222.0,238.0,289.0,257.0,True,SOFT,2.0,True,Williams,0 days 00:35:19.306000,,12,18.0,False,,False,True,26.1,53.9,1003.5,False,29.3,22,2.3,True,True,False,False,False,False,+14.374,+0.200,14.374,0.2,2220.058,100.752,,,31.79,44.285,24.677,2151.123,2195.408,2220.085,2119.306
2019,Bahrain Grand Prix,2,Bahrain,Sakhir,0 days 00:38:40.834000,RUS,63,0 days 00:01:40.776000,3.0,1.0,,George Russell,,0 days 00:00:31.924000,0 days 00:00:44.011000,0 days 00:00:24.841000,0 days 00:37:32.009000,0 days 00:38:16.020000,0 days 00:38:40.861000,231.0,243.0,287.0,305.0,False,SOFT,3.0,True,Williams,0 days 00:37:00.058000,,1,18.0,False,,False,True,26.2,53.6,1003.4,False,29.3,11,1.6,True,False,False,False,False,False,+18.173,+0.594,18.173,0.594,2320.834,100.776,,,31.924,44.011,24.841,2252.009,2296.02,2320.861,2220.058
2019,Bahrain Grand Prix,2,Bahrain,Sakhir,0 days 00:40:21.254000,RUS,63,0 days 00:01:40.420000,4.0,1.0,,George Russell,,0 days 00:00:31.273000,0 days 00:00:44.511000,0 days 00:00:24.636000,0 days 00:39:12.134000,0 days 00:39:56.645000,0 days 00:40:21.281000,231.0,244.0,278.0,312.0,True,SOFT,4.0,True,Williams,0 days 00:38:40.834000,,12,16.0,False,,False,True,26.2,53.8,1003.4,False,29.3,36,1.9,True,True,False,False,False,False,+21.230,+4.633,21.23,4.633,2421.254,100.42,,,31.273,44.511,24.636,2352.134,2396.645,2421.281,2320.834
2019,Bahrain Grand Prix,2,Bahrain,Sakhir,0 days 00:42:01.192000,RUS,63,0 days 00:01:39.938000,5.0,1.0,,George Russell,,0 days 00:00:31.522000,0 days 00:00:43.689000,0 days 00:00:24.727000,0 days 00:40:52.803000,0 days 00:41:36.492000,0 days 00:42:01.219000,229.0,240.0,277.0,303.0,True,SOFT,5.0,True,Williams,0 days 00:40:21.254000,,1,16.0,False,,False,True,26.2,54.0,1003.5,False,29.2,41,3.1,True,False,False,False,False,False,+23.011,+5.116,23.011,5.116,2521.192,99.938,,,31.522,43.689,24.727,2452.803,2496.492,2521.219,2421.254
2019,Bahrain Grand Prix,2,Bahrain,Sakhir,0 days 00:43:43.242000,RUS,63,0 days 00:01:42.050000,6.0,1.0,,George Russell,,0 days 00:00:31.624000,0 days 00:00:45.282000,0 days 00:00:25.144000,0 days 00:42:32.843000,0 days 00:43:18.125000,0 days 00:43:43.269000,221.0,237.0,278.0,296.0,False,SOFT,6.0,True,Williams,0 days 00:42:01.192000,,12,17.0,False,,False,True,26.2,54.2,1003.5,False,29.3,59,3.4,True,True,False,False,False,False,+28.202,+0.958,28.202,0.958,2623.242,102.05,,,31.624,45.282,25.144,2552.843,2598.125,2623.269,2521.192
2019,Bahrain Grand Prix,2,Bahrain,Sakhir,0 days 00:45:23.359000,RUS,63,0 days 00:01:40.117000,7.0,1.0,,George Russell,,0 days 00:00:31.406000,0 days 00:00:43.926000,0 days 00:00:24.785000,0 days 00:44:14.675000,0 days 00:44:58.601000,0 days 00:45:23.386000,232.0,241.0,285.0,314.0,False,SOFT,7.0,True,Williams,0 days 00:43:43.242000,,1,17.0,False,,False,True,26.2,54.3,1003.4,False,29.2,3,2.3,True,False,False,False,False,False,+31.276,+1.027,31.276,1.027,2723.359,100.117,,,31.406,43.926,24.785,2654.675,2698.601,2723.386,2623.242
2019,Bahrain Grand Prix,2,Bahrain,Sakhir,0 days 00:47:03.297000,RUS,63,0 days 00:01:39.938000,8.0,1.0,,George Russell,,0 days 00:00:31.241000,0 days 00:00:43.803000,0 days 00:00:24.894000,0 days 00:45:54.627000,0 days 00:46:38.430000,0 days 00:47:03.324000,230.0,241.0,286.0,299.0,False,SOFT,8.0,True,Williams,0 days 00:45:23.359000,,1,17.0,False,,False,True,26.2,54.2,1003.6,False,29.1,40,2.9,True,False,False,False,False,False,+33.430,+0.815,33.43,0.815,2823.297,99.938,,,31.241,43.803,24.894,2754.627,2798.43,2823.324,2723.359
2019,Bahrain Grand Prix,2,Bahrain,Sakhir,0 days 00:48:43.778000,RUS,63,0 days 00:01:40.481000,9.0,1.0,,George Russell,,0 days 00:00:31.390000,0 days 00:00:44.079000,0 days 00:00:25.012000,0 days 00:47:34.714000,0 days 00:48:18.793000,0 days 00:48:43.805000,233.0,241.0,283.0,306.0,False,SOFT,9.0,True,Williams,0 days 00:47:03.297000,,1,16.0,False,,False,True,26.2,54.4,1003.6,False,29.1,49,2.9,True,False,False,False,False,False,+36.687,+0.851,36.687,0.851,2923.778,100.481,,,31.39,44.079,25.012,2854.714,2898.793,2923.805,2823.297
2019,Bahrain Grand Prix,2,Bahrain,Sakhir,0 days 00:50:24.338000,RUS,63,0 days 00:01:40.560000,10.0,1.0,,George Russell,,0 days 00:00:31.500000,0 days 00:00:44.116000,0 days 00:00:24.944000,0 days 00:49:15.305000,0 days 00:49:59.421000,0 days 00:50:24.365000,233.0,241.0,278.0,311.0,False,SOFT,10.0,True,Williams,0 days 00:48:43.778000,,1,13.0,False,,False,True,26.2,54.3,1003.6,False,28.9,41,2.7,True,False,False,False,False,False,+39.966,+1.196,39.966,1.196,3024.338,100.56,,,31.5,44.116,24.944,2955.305,2999.421,3024.365,2923.778
2019,Bahrain Grand Prix,2,Bahrain,Sakhir,0 days 00:52:05.851000,RUS,63,0 days 00:01:41.513000,11.0,1.0,,George Russell,,0 days 00:00:31.758000,0 days 00:00:44.902000,0 days 00:00:24.853000,0 days 00:50:56.123000,0 days 00:51:41.025000,0 days 00:52:05.878000,232.0,236.0,280.0,296.0,False,SOFT,11.0,True,Williams,0 days 00:50:24.338000,,1,12.0,False,,False,True,26.1,54.9,1003.6,False,28.8,22,1.9,True,False,False,False,False,False,+44.295,+1.815,44.295,1.815,3125.851,101.513,,,31.758,44.902,24.853,3056.123,3101.025,3125.878,3024.338
2019,Bahrain Grand Prix,2,Bahrain,Sakhir,0 days 00:53:48.911000,RUS,63,0 days 00:01:43.060000,12.0,1.0,,George Russell,0 days 00:53:47.212000,0 days 00:00:31.356000,0 days 00:00:44.093000,0 days 00:00:27.611000,0 days 00:52:37.234000,0 days 00:53:21.327000,0 days 00:53:48.938000,233.0,245.0,,307.0,False,SOFT,12.0,True,Williams,0 days 00:52:05.851000,,12,16.0,False,,False,False,26.1,55.0,1003.5,False,28.8,33,1.7,True,True,False,False,False,False,+47.430,+2.454,47.43,2.454,3228.911,103.06,3227.212,,31.356,44.093,27.611,3157.234,3201.327,3228.938,3125.851
2019,Bahrain Grand Prix,2,Bahrain,Sakhir,0 days 00:55:48.465000,RUS,63,0 days 00:01:59.554000,13.0,2.0,0 days 00:54:12.591000,George Russell,,0 days 00:00:52.738000,0 days 00:00:42.922000,0 days 00:00:23.894000,0 days 00:54:41.676000,0 days 00:55:24.598000,0 days 00:55:48.492000,233.0,247.0,279.0,222.0,False,MEDIUM,1.0,True,Williams,0 days 00:53:48.911000,,1,17.0,False,,False,False,26.1,54.9,1003.6,False,28.8,31,2.5,True,False,False,False,False,False,+68.298,+1.911,68.298,1.911,3348.465,119.554,,3252.591,52.738,42.922,23.894,3281.676,3324.598,3348.492,3228.911
2019,Bahrain Grand Prix,2,Bahrain,Sakhir,0 days 00:57:25.778000,RUS,63,0 days 00:01:37.313000,14.0,2.0,,George Russell,,0 days 00:00:30.747000,0 days 00:00:42.538000,0 days 00:00:24.028000,0 days 00:56:19.239000,0 days 00:57:01.777000,0 days 00:57:25.805000,231.0,245.0,279.0,297.0,True,MEDIUM,2.0,True,Williams,0 days 00:55:48.465000,,1,17.0,False,,False,True,26.1,55.2,1003.7,False,28.9,352,1.6,True,False,False,False,False,False,+50.550,+3.414,50.55,3.414,3445.778,97.313,,,30.747,42.538,24.028,3379.239,3421.777,3445.805,3348.465
2019,Bahrain Grand Prix,2,Bahrain,Sakhir,0 days 00:59:03.451000,RUS,63,0 days 00:01:37.673000,15.0,2.0,,George Russell,,0 days 00:00:30.782000,0 days 00:00:42.738000,0 days 00:00:24.153000,0 days 00:57:56.587000,0 days 00:58:39.325000,0 days 00:59:03.478000,234.0,245.0,279.0,295.0,False,MEDIUM,3.0,True,Williams,0 days 00:57:25.778000,,1,17.0,False,,False,True,26.1,55.2,1003.7,False,28.8,26,2.1,True,False,False,False,False,False,+54.314,+2.638,54.314,2.638,3543.451,97.673,,,30.782,42.738,24.153,3476.587,3519.325,3543.478,3445.778
2019,Bahrain Grand Prix,2,Bahrain,Sakhir,0 days 01:00:41.808000,RUS,63,0 days 00:01:38.357000,16.0,2.0,,George Russell,,0 days 00:00:30.914000,0 days 00:00:43.153000,0 days 00:00:24.290000,0 days 00:59:34.392000,0 days 01:00:17.545000,0 days 01:00:41.835000,235.0,247.0,279.0,302.0,False,MEDIUM,4.0,True,Williams,0 days 00:59:03.451000,,1,17.0,False,,False,True,26.1,55.5,1003.7,False,28.8,47,2.1,True,False,False,False,False,False,+57.841,+2.384,57.841,2.384,3641.808,98.357,,,30.914,43.153,24.29,3574.392,3617.545,3641.835,3543.451
2019,Bahrain Grand Prix,2,Bahrain,Sakhir,0 days 01:02:20.628000,RUS,63,0 days 00:01:38.820000,17.0,2.0,,George Russell,,0 days 00:00:31.035000,0 days 00:00:43.563000,0 days 00:00:24.222000,0 days 01:01:12.870000,0 days 01:01:56.433000,0 days 01:02:20.655000,232.0,247.0,281.0,302.0,False,MEDIUM,5.0,True,Williams,0 days 01:00:41.808000,,1,17.0,False,,False,True,26.1,55.5,1003.7,False,28.7,34,2.4,True,False,False,False,False,False,+61.458,+1.490,61.458,1.49,3740.628,98.82,,,31.035,43.563,24.222,3672.87,3716.433,3740.655,3641.808
2019,Bahrain Grand Prix,2,Bahrain,Sakhir,0 days 01:03:59.634000,RUS,63,0 days 00:01:39.006000,18.0,2.0,,George Russell,,0 days 00:00:30.893000,0 days 00:00:43.607000,0 days 00:00:24.506000,0 days 01:02:51.548000,0 days 01:03:35.155000,0 days 01:03:59.661000,229.0,235.0,278.0,304.0,False,MEDIUM,6.0,True,Williams,0 days 01:02:20.628000,,1,17.0,False,,False,True,26.1,55.2,1003.7,False,28.7,27,2.1,True,False,False,False,False,False,+64.987,+1.401,64.987,1.401,3839.634,99.006,,,30.893,43.607,24.506,3771.548,3815.155,3839.661,3740.628
2019,Bahrain Grand Prix,2,Bahrain,Sakhir,0 days 01:05:38.845000,RUS,63,0 days 00:01:39.211000,19.0,2.0,,George Russell,,0 days 00:00:31.097000,0 days 00:00:43.855000,0 days 00:00:24.259000,0 days 01:04:30.758000,0 days 01:05:14.613000,0 days 01:05:38.872000,230.0,238.0,280.0,300.0,False,MEDIUM,7.0,True,Williams,0 days 01:03:59.634000,,1,17.0,False,,False,True,26.1,54.0,1003.7,False,28.8,59,2.3,True,False,False,False,False,False,+68.434,+1.216,68.434,1.216,3938.845,99.211,,,31.097,43.855,24.259,3870.758,3914.613,3938.872,3839.634
2019,Bahrain Grand Prix,2,Bahrain,Sakhir,0 days 01:07:18.420000,RUS,63,0 days 00:01:39.575000,20.0,2.0,,George Russell,,0 days 00:00:31.226000,0 days 00:00:43.815000,0 days 00:00:24.534000,0 days 01:06:10.098000,0 days 01:06:53.913000,0 days 01:07:18.447000,225.0,241.0,287.0,299.0,False,MEDIUM,8.0,True,Williams,0 days 01:05:38.845000,,1,17.0,False,,False,True,26.2,53.6,1003.7,False,29.0,345,2.5,True,False,False,False,False,False,+71.984,+0.873,71.984,0.873,4038.42,99.575,,,31.226,43.815,24.534,3970.098,4013.913,4038.447,3938.845
2019,Bahrain Grand Prix,2,Bahrain,Sakhir,0 days 01:08:58.060000,RUS,63,0 days 00:01:39.640000,21.0,2.0,,George Russell,,0 days 00:00:31.046000,0 days 00:00:44.180000,0 days 00:00:24.414000,0 days 01:07:49.493000,0 days 01:08:33.673000,0 days 01:08:58.087000,235.0,241.0,288.0,323.0,False,MEDIUM,9.0,True,Williams,0 days 01:07:18.420000,,1,17.0,False,,False,True,26.3,53.1,1003.6,False,28.8,30,2.2,True,False,False,False,False,False,+75.639,+0.712,75.639,0.712,4138.06,99.64,,,31.046,44.18,24.414,4069.493,4113.673,4138.087,4038.42
2019,Bahrain Grand Prix,2,Bahrain,Sakhir,0 days 01:10:37.438000,RUS,63,0 days 00:01:39.378000,22.0,2.0,,George Russell,,0 days 00:00:31.162000,0 days 00:00:43.743000,0 days 00:00:24.473000,0 days 01:09:29.249000,0 days 01:10:12.992000,0 days 01:10:37.465000,228.0,240.0,279.0,327.0,False,MEDIUM,10.0,True,Williams,0 days 01:08:58.060000,,1,16.0,False,,False,True,26.3,52.2,1003.6,False,28.9,63,2.5,True,False,False,False,False,False,+78.872,+13.467,78.872,13.467,4237.438,99.378,,,31.162,43.743,24.473,4169.249,4212.992,4237.465,4138.06
2019,Bahrain Grand Prix,2,Bahrain,Sakhir,0 days 01:12:17.306000,RUS,63,0 days 00:01:39.868000,23.0,2.0,,George Russell,,0 days 00:00:31.487000,0 days 00:00:43.880000,0 days 00:00:24.501000,0 days 01:11:08.952000,0 days 01:11:52.832000,0 days 01:12:17.333000,228.0,239.0,280.0,306.0,False,MEDIUM,11.0,True,Williams,0 days 01:10:37.438000,,1,16.0,False,,False,True,26.4,51.9,1003.6,False,28.9,59,2.1,True,False,False,False,False,False,+82.646,+15.485,82.646,15.485,4337.306,99.868,,,31.487,43.88,24.501,4268.952,4312.832,4337.333,4237.438
2019,Bahrain Grand Prix,2,Bahrain,Sakhir,0 days 01:13:56.964000,RUS,63,0 days 00:01:39.658000,24.0,2.0,,George Russell,,0 days 00:00:31.332000,0 days 00:00:43.859000,0 days 00:00:24.467000,0 days 01:12:48.665000,0 days 01:13:32.524000,0 days 01:13:56.991000,227.0,239.0,279.0,305.0,False,MEDIUM,12.0,True,Williams,0 days 01:12:17.306000,,1,16.0,False,,False,True,26.5,51.3,1003.5,False,28.9,12,1.9,True,False,False,False,False,False,+86.066,+17.220,86.066,17.22,4436.964,99.658,,,31.332,43.859,24.467,4368.665,4412.524,4436.991,4337.306
2019,Bahrain Grand Prix,2,Bahrain,Sakhir,0 days 01:15:36.850000,RUS,63,0 days 00:01:39.886000,25.0,2.0,,George Russell,,0 days 00:00:31.319000,0 days 00:00:44.164000,0 days 00:00:24.403000,0 days 01:14:28.310000,0 days 01:15:12.474000,0 days 01:15:36.877000,227.0,239.0,280.0,302.0,False,MEDIUM,13.0,True,Williams,0 days 01:13:56.964000,,1,16.0,False,,False,True,26.5,51.3,1003.4,False,28.9,31,2.7,True,False,False,False,False,False,+89.677,+31.121,89.677,31.121,4536.85,99.886,,,31.319,44.164,24.403,4468.31,4512.474,4536.877,4436.964
2019,Bahrain Grand Prix,2,Bahrain,Sakhir,0 days 01:17:19.156000,RUS,63,0 days 00:01:42.306000,26.0,2.0,,George Russell,0 days 01:17:17.439000,0 days 00:00:31.268000,0 days 00:00:43.902000,0 days 00:00:27.136000,0 days 01:16:08.145000,0 days 01:16:52.047000,0 days 01:17:19.183000,235.0,244.0,,304.0,False,MEDIUM,14.0,True,Williams,0 days 01:15:36.850000,,1,16.0,False,,False,False,26.5,50.9,1003.4,False,28.8,39,2.1,True,False,False,False,False,False,+93.182,+8.580,93.182,8.58,4639.156,102.306,4637.439,,31.268,43.902,27.136,4568.145,4612.047,4639.183,4536.85
2019,Bahrain Grand Prix,2,Bahrain,Sakhir,0 days 01:19:20.002000,RUS,63,0 days 00:02:00.846000,27.0,3.0,0 days 01:17:42.443000,George Russell,,0 days 00:00:53.640000,0 days 00:00:43.211000,0 days 00:00:23.995000,0 days 01:18:12.823000,0 days 01:18:56.034000,0 days 01:19:20.029000,234.0,238.0,281.0,223.0,False,MEDIUM,1.0,True,Williams,0 days 01:17:19.156000,,1,17.0,False,,False,False,26.5,50.0,1003.3,False,28.8,30,2.4,True,False,False,False,False,False,1 L,+17.532,,17.532,4760.002,120.846,,4662.443,53.64,43.211,23.995,4692.823,4736.034,4760.029,4639.156
2019,Bahrain Grand Prix,2,Bahrain,Sakhir,0 days 01:20:57.849000,RUS,63,0 days 00:01:37.847000,28.0,3.0,,George Russell,,0 days 00:00:30.975000,0 days 00:00:43.024000,0 days 00:00:23.848000,0 days 01:19:51.004000,0 days 01:20:34.028000,0 days 01:20:57.876000,235.0,237.0,282.0,294.0,False,MEDIUM,2.0,True,Williams,0 days 01:19:20.002000,,1,16.0,False,,False,True,26.6,48.9,1003.3,False,28.9,12,2.3,True,False,False,False,False,False,1 L,+35.756,,35.756,4857.849,97.847,,,30.975,43.024,23.848,4791.004,4834.028,4857.876,4760.002
2019,Bahrain Grand Prix,2,Bahrain,Sakhir,0 days 01:22:36.201000,RUS,63,0 days 00:01:38.352000,29.0,3.0,,George Russell,,0 days 00:00:31.157000,0 days 00:00:43.154000,0 days 00:00:24.041000,0 days 01:21:29.033000,0 days 01:22:12.187000,0 days 01:22:36.228000,236.0,239.0,280.0,295.0,False,MEDIUM,3.0,True,Williams,0 days 01:20:57.849000,,1,16.0,False,,False,True,26.6,48.9,1003.4,False,28.7,22,2.9,True,False,False,False,False,False,1 L,+37.053,,37.053,4956.201,98.352,,,31.157,43.154,24.041,4889.033,4932.187,4956.228,4857.849
2019,Bahrain Grand Prix,2,Bahrain,Sakhir,0 days 01:24:14.801000,RUS,63,0 days 00:01:38.600000,30.0,3.0,,George Russell,,0 days 00:00:30.992000,0 days 00:00:43.479000,0 days 00:00:24.129000,0 days 01:23:07.220000,0 days 01:23:50.699000,0 days 01:24:14.828000,236.0,237.0,281.0,297.0,False,MEDIUM,4.0,True,Williams,0 days 01:22:36.201000,,1,16.0,False,,False,True,26.6,49.1,1003.3,False,28.6,41,2.5,True,False,False,False,False,False,1 L,+38.850,,38.85,5054.801,98.6,,,30.992,43.479,24.129,4987.22,5030.699,5054.828,4956.201
2019,Bahrain Grand Prix,2,Bahrain,Sakhir,0 days 01:25:54.330000,RUS,63,0 days 00:01:39.529000,31.0,3.0,,George Russell,,0 days 00:00:31.258000,0 days 00:00:44.219000,0 days 00:00:24.052000,0 days 01:24:46.086000,0 days 01:25:30.305000,0 days 01:25:54.357000,234.0,237.0,281.0,299.0,False,MEDIUM,5.0,True,Williams,0 days 01:24:14.801000,,1,16.0,False,,False,True,26.6,49.4,1003.3,False,28.6,9,2.4,True,False,False,False,False,False,1 L,+41.208,,41.208,5154.33,99.529,,,31.258,44.219,24.052,5086.086,5130.305,5154.357,5054.801
2019,Bahrain Grand Prix,2,Bahrain,Sakhir,0 days 01:27:32.550000,RUS,63,0 days 00:01:38.220000,32.0,3.0,,George Russell,,0 days 00:00:31.085000,0 days 00:00:43.154000,0 days 00:00:23.981000,0 days 01:26:25.442000,0 days 01:27:08.596000,0 days 01:27:32.577000,236.0,241.0,281.0,299.0,False,MEDIUM,6.0,True,Williams,0 days 01:25:54.330000,,1,16.0,False,,False,True,26.6,49.7,1003.2,False,28.4,19,2.6,True,False,False,False,False,False,1 L,+41.878,,41.878,5252.55,98.22,,,31.085,43.154,23.981,5185.442,5228.596,5252.577,5154.33
2019,Bahrain Grand Prix,2,Bahrain,Sakhir,0 days 01:29:10.851000,RUS,63,0 days 00:01:38.301000,33.0,3.0,,George Russell,,0 days 00:00:31.008000,0 days 00:00:43.197000,0 days 00:00:24.096000,0 days 01:28:03.585000,0 days 01:28:46.782000,0 days 01:29:10.878000,235.0,238.0,282.0,302.0,False,MEDIUM,7.0,True,Williams,0 days 01:27:32.550000,,1,16.0,False,,False,True,26.6,49.9,1003.2,False,28.4,38,2.6,True,False,False,False,False,False,1 L,+52.669,,52.669,5350.851,98.301,,,31.008,43.197,24.096,5283.585,5326.782,5350.878,5252.55
2019,Bahrain Grand Prix,2,Bahrain,Sakhir,0 days 01:30:50.268000,RUS,63,0 days 00:01:39.417000,34.0,3.0,,George Russell,,0 days 00:00:31.332000,0 days 00:00:43.401000,0 days 00:00:24.684000,0 days 01:29:42.210000,0 days 01:30:25.611000,0 days 01:30:50.295000,234.0,242.0,289.0,299.0,False,MEDIUM,8.0,True,Williams,0 days 01:29:10.851000,,1,16.0,False,,False,True,26.5,50.0,1003.4,False,28.3,357,2.9,True,False,False,False,False,False,1 L,+29.039,,29.039,5450.268,99.417,,,31.332,43.401,24.684,5382.21,5425.611,5450.295,5350.851
2019,Bahrain Grand Prix,2,Bahrain,Sakhir,0 days 01:32:28.134000,RUS,63,0 days 00:01:37.866000,35.0,3.0,,George Russell,,0 days 00:00:30.530000,0 days 00:00:43.263000,0 days 00:00:24.073000,0 days 01:31:20.825000,0 days 01:32:04.088000,0 days 01:32:28.161000,236.0,237.0,281.0,322.0,False,MEDIUM,9.0,True,Williams,0 days 01:30:50.268000,,1,16.0,False,,False,True,26.5,50.2,1003.4,False,28.3,50,2.3,True,False,False,False,False,False,1 L,+30.014,,30.014,5548.134,97.866,,,30.53,43.263,24.073,5480.825,5524.088,5548.161,5450.268
2019,Bahrain Grand Prix,2,Bahrain,Sakhir,0 days 01:34:06.669000,RUS,63,0 days 00:01:38.535000,36.0,3.0,,George Russell,,0 days 00:00:31.239000,0 days 00:00:43.222000,0 days 00:00:24.074000,0 days 01:32:59.400000,0 days 01:33:42.622000,0 days 01:34:06.696000,238.0,240.0,281.0,298.0,False,MEDIUM,10.0,True,Williams,0 days 01:32:28.134000,,1,16.0,False,,False,True,26.5,50.5,1003.3,False,28.3,65,2.0,True,False,False,False,False,False,1 L,+31.836,,31.836,5646.669,98.535,,,31.239,43.222,24.074,5579.4,5622.622,5646.696,5548.134
2019,Bahrain Grand Prix,2,Bahrain,Sakhir,0 days 01:35:47.762000,RUS,63,0 days 00:01:41.093000,37.0,3.0,,George Russell,,0 days 00:00:31.353000,0 days 00:00:45.553000,0 days 00:00:24.187000,0 days 01:34:38.049000,0 days 01:35:23.602000,0 days 01:35:47.789000,201.0,236.0,282.0,303.0,False,MEDIUM,11.0,True,Williams,0 days 01:34:06.669000,,12,17.0,False,,False,True,26.5,50.9,1003.2,False,28.2,55,3.0,True,True,False,False,False,False,1 L,+1.466,,1.466,5747.762,101.093,,,31.353,45.553,24.187,5678.049,5723.602,5747.789,5646.669
2019,Bahrain Grand Prix,2,Bahrain,Sakhir,0 days 01:37:27.109000,RUS,63,0 days 00:01:39.347000,38.0,3.0,,George Russell,,0 days 00:00:31.488000,0 days 00:00:43.780000,0 days 00:00:24.079000,0 days 01:36:19.277000,0 days 01:37:03.057000,0 days 01:37:27.136000,229.0,240.0,282.0,300.0,False,MEDIUM,12.0,True,Williams,0 days 01:35:47.762000,,1,17.0,False,,False,True,26.5,51.0,1003.4,False,28.1,28,2.3,True,False,False,False,False,False,1 L,+2.522,,2.522,5847.109,99.347,,,31.488,43.78,24.079,5779.277,5823.057,5847.136,5747.762
2019,Bahrain Grand Prix,2,Bahrain,Sakhir,0 days 01:39:05.635000,RUS,63,0 days 00:01:38.526000,39.0,3.0,,George Russell,,0 days 00:00:31.330000,0 days 00:00:43.207000,0 days 00:00:23.989000,0 days 01:37:58.466000,0 days 01:38:41.673000,0 days 01:39:05.662000,233.0,245.0,282.0,304.0,False,MEDIUM,13.0,True,Williams,0 days 01:37:27.109000,,12,17.0,False,,False,True,26.4,51.5,1003.3,False,28.0,45,2.4,True,True,False,False,False,False,1 L,+3.706,,3.706,5945.635,98.526,,,31.33,43.207,23.989,5878.466,5921.673,5945.662,5847.109
2019,Bahrain Grand Prix,2,Bahrain,Sakhir,0 days 01:40:44.090000,RUS,63,0 days 00:01:38.455000,40.0,3.0,,George Russell,,0 days 00:00:31.198000,0 days 00:00:43.188000,0 days 00:00:24.069000,0 days 01:39:36.860000,0 days 01:40:20.048000,0 days 01:40:44.117000,234.0,243.0,282.0,304.0,False,MEDIUM,14.0,True,Williams,0 days 01:39:05.635000,,1,17.0,False,,False,True,26.4,51.7,1003.2,False,28.0,31,2.6,True,False,False,False,False,False,1 L,+4.255,,4.255,6044.09,98.455,,,31.198,43.188,24.069,5976.86,6020.048,6044.117,5945.635
2019,Bahrain Grand Prix,2,Bahrain,Sakhir,0 days 01:42:24.444000,RUS,63,0 days 00:01:40.354000,41.0,3.0,,George Russell,,0 days 00:00:32.477000,0 days 00:00:43.547000,0 days 00:00:24.330000,0 days 01:41:16.594000,0 days 01:42:00.141000,0 days 01:42:24.471000,236.0,246.0,281.0,284.0,False,MEDIUM,15.0,True,Williams,0 days 01:40:44.090000,,1,17.0,False,,False,True,26.4,51.8,1003.2,False,28.0,23,3.3,True,False,False,False,False,False,1 L,+6.499,,6.499,6144.444,100.354,,,32.477,43.547,24.33,6076.594,6120.141,6144.471,6044.09
2019,Bahrain Grand Prix,2,Bahrain,Sakhir,0 days 01:44:04.209000,RUS,63,0 days 00:01:39.765000,42.0,3.0,,George Russell,,0 days 00:00:31.415000,0 days 00:00:44.172000,0 days 00:00:24.178000,0 days 01:42:55.886000,0 days 01:43:40.058000,0 days 01:44:04.236000,235.0,240.0,281.0,300.0,False,MEDIUM,16.0,True,Williams,0 days 01:42:24.444000,,12,17.0,False,,False,True,26.3,51.8,1003.2,False,28.0,22,3.4,True,True,False,False,False,False,1 L,+5.940,,5.94,6244.209,99.765,,,31.415,44.172,24.178,6175.886,6220.058,6244.236,6144.444
2019,Bahrain Grand Prix,2,Bahrain,Sakhir,0 days 01:45:42.831000,RUS,63,0 days 00:01:38.622000,43.0,3.0,,George Russell,,0 days 00:00:31.109000,0 days 00:00:43.398000,0 days 00:00:24.115000,0 days 01:44:35.345000,0 days 01:45:18.743000,0 days 01:45:42.858000,235.0,241.0,283.0,305.0,False,MEDIUM,17.0,True,Williams,0 days 01:44:04.209000,,1,17.0,False,,False,True,26.3,52.0,1003.1,False,28.0,69,3.2,True,False,False,False,False,False,1 L,+6.108,,6.108,6342.831,98.622,,,31.109,43.398,24.115,6275.345,6318.743,6342.858,6244.209
2019,Bahrain Grand Prix,2,Bahrain,Sakhir,0 days 01:47:21.449000,RUS,63,0 days 00:01:38.618000,44.0,3.0,,George Russell,,0 days 00:00:31.147000,0 days 00:00:43.264000,0 days 00:00:24.207000,0 days 01:46:14.005000,0 days 01:46:57.269000,0 days 01:47:21.476000,238.0,241.0,282.0,301.0,False,MEDIUM,18.0,True,Williams,0 days 01:45:42.831000,,1,17.0,False,,False,True,26.3,52.3,1003.3,False,27.8,62,2.6,True,False,False,False,False,False,1 L,+5.644,,5.644,6441.449,98.618,,,31.147,43.264,24.207,6374.005,6417.269,6441.476,6342.831
2019,Bahrain Grand Prix,2,Bahrain,Sakhir,0 days 01:49:00.453000,RUS,63,0 days 00:01:39.004000,45.0,3.0,,George Russell,,0 days 00:00:31.226000,0 days 00:00:43.554000,0 days 00:00:24.224000,0 days 01:47:52.702000,0 days 01:48:36.256000,0 days 01:49:00.480000,235.0,243.0,281.0,302.0,False,MEDIUM,19.0,True,Williams,0 days 01:47:21.449000,,1,17.0,False,,False,True,26.3,52.7,1003.2,False,27.7,63,3.1,True,False,False,False,False,False,1 L,+6.626,,6.626,6540.453,99.004,,,31.226,43.554,24.224,6472.702,6516.256,6540.48,6441.449
2019,Bahrain Grand Prix,2,Bahrain,Sakhir,0 days 01:50:39.243000,RUS,63,0 days 00:01:38.790000,46.0,3.0,,George Russell,,0 days 00:00:31.129000,0 days 00:00:43.509000,0 days 00:00:24.152000,0 days 01:49:31.609000,0 days 01:50:15.118000,0 days 01:50:39.270000,237.0,241.0,283.0,304.0,False,MEDIUM,20.0,True,Williams,0 days 01:49:00.453000,,1,17.0,False,,False,True,26.2,52.9,1003.4,False,27.7,39,2.6,True,False,False,False,False,False,1 L,+7.439,,7.439,6639.243,98.79,,,31.129,43.509,24.152,6571.609,6615.118,6639.27,6540.453
2019,Bahrain Grand Prix,2,Bahrain,Sakhir,0 days 01:52:18.434000,RUS,63,0 days 00:01:39.191000,47.0,3.0,,George Russell,,0 days 00:00:31.292000,0 days 00:00:43.626000,0 days 00:00:24.273000,0 days 01:51:10.562000,0 days 01:51:54.188000,0 days 01:52:18.461000,236.0,242.0,282.0,303.0,False,MEDIUM,21.0,True,Williams,0 days 01:50:39.243000,,1,17.0,False,,False,True,26.2,53.0,1003.3,False,27.7,60,2.9,True,False,False,False,False,False,1 L,+8.379,,8.379,6738.434,99.191,,,31.292,43.626,24.273,6670.562,6714.188,6738.461,6639.243
2019,Bahrain Grand Prix,2,Bahrain,Sakhir,0 days 01:53:58.120000,RUS,63,0 days 00:01:39.686000,48.0,3.0,,George Russell,,0 days 00:00:31.403000,0 days 00:00:43.862000,0 days 00:00:24.421000,0 days 01:52:49.864000,0 days 01:53:33.726000,0 days 01:53:58.147000,237.0,239.0,282.0,302.0,False,MEDIUM,22.0,True,Williams,0 days 01:52:18.434000,,1,17.0,False,,False,True,26.2,53.3,1003.4,False,27.6,56,3.3,True,False,False,False,False,False,1 L,+9.869,,9.869,6838.12,99.686,,,31.403,43.862,24.421,6769.864,6813.726,6838.147,6738.434
2019,Bahrain Grand Prix,2,Bahrain,Sakhir,0 days 01:55:37.962000,RUS,63,0 days 00:01:39.842000,49.0,3.0,,George Russell,,0 days 00:00:31.714000,0 days 00:00:43.797000,0 days 00:00:24.331000,0 days 01:54:29.861000,0 days 01:55:13.658000,0 days 01:55:37.989000,232.0,245.0,282.0,298.0,False,MEDIUM,23.0,True,Williams,0 days 01:53:58.120000,,1,18.0,False,,False,True,26.1,53.8,1003.1,False,27.5,60,2.9,True,False,False,False,False,False,1 L,+3.914,,3.914,6937.962,99.842,,,31.714,43.797,24.331,6869.861,6913.658,6937.989,6838.12
2019,Bahrain Grand Prix,2,Bahrain,Sakhir,0 days 01:57:19.578000,RUS,63,0 days 00:01:41.616000,50.0,3.0,,George Russell,,0 days 00:00:32.546000,0 days 00:00:44.615000,0 days 00:00:24.455000,0 days 01:56:10.535000,0 days 01:56:55.150000,0 days 01:57:19.605000,237.0,237.0,283.0,305.0,False,MEDIUM,24.0,True,Williams,0 days 01:55:37.962000,,1,18.0,False,,False,True,26.1,53.6,1003.0,False,27.5,19,3.6,True,False,False,False,False,False,1 L,+9.416,,9.416,7039.578,101.616,,,32.546,44.615,24.455,6970.535,7015.15,7039.605,6937.962
2019,Bahrain Grand Prix,2,Bahrain,Sakhir,0 days 01:59:00.717000,RUS,63,0 days 00:01:41.139000,51.0,3.0,,George Russell,,0 days 00:00:32.620000,0 days 00:00:44.219000,0 days 00:00:24.300000,0 days 01:57:52.225000,0 days 01:58:36.444000,0 days 01:59:00.744000,236.0,241.0,283.0,304.0,False,MEDIUM,25.0,True,Williams,0 days 01:57:19.578000,,1,18.0,False,,False,True,26.1,53.7,1003.3,False,27.5,44,2.5,True,False,False,False,False,False,1 L,+14.320,,14.32,7140.717,101.139,,,32.62,44.219,24.3,7072.225,7116.444,7140.744,7039.578
2019,Bahrain Grand Prix,2,Bahrain,Sakhir,0 days 02:00:42.921000,RUS,63,0 days 00:01:42.204000,52.0,3.0,,George Russell,,0 days 00:00:33.642000,0 days 00:00:44.116000,0 days 00:00:24.446000,0 days 01:59:34.386000,0 days 02:00:18.502000,0 days 02:00:42.948000,236.0,240.0,282.0,305.0,False,MEDIUM,26.0,True,Williams,0 days 01:59:00.717000,,1,18.0,False,,False,True,26.1,53.9,1003.3,False,27.6,52,2.6,True,False,False,False,False,False,1 L,+20.011,,20.011,7242.921,102.204,,,33.642,44.116,24.446,7174.386,7218.502,7242.948,7140.717
2019,Bahrain Grand Prix,2,Bahrain,Sakhir,0 days 02:02:26.589000,RUS,63,0 days 00:01:43.668000,53.0,3.0,,George Russell,,0 days 00:00:32.905000,0 days 00:00:43.907000,0 days 00:00:26.856000,0 days 02:01:15.853000,0 days 02:01:59.760000,0 days 02:02:26.616000,235.0,246.0,217.0,248.0,False,MEDIUM,27.0,True,Williams,0 days 02:00:42.921000,,124,18.0,False,,False,False,26.1,54.0,1003.3,False,27.6,39,3.0,True,True,True,False,False,False,1 L,+21.428,,21.428,7346.589,103.668,,,32.905,43.907,26.856,7275.853,7319.76,7346.616,7242.921
2019,Bahrain Grand Prix,2,Bahrain,Sakhir,0 days 02:04:41.444000,RUS,63,0 days 00:02:14.855000,54.0,3.0,,George Russell,,0 days 00:00:44.008000,0 days 00:00:56.682000,0 days 00:00:34.165000,0 days 02:03:10.624000,0 days 02:04:07.306000,0 days 02:04:41.471000,202.0,223.0,231.0,199.0,False,MEDIUM,28.0,True,Williams,0 days 02:02:26.589000,,4,15.0,False,,False,False,26.1,53.9,1003.0,False,27.5,13,2.9,False,False,True,False,False,False,1 L,+30.460,,30.46,7481.444,134.855,,,44.008,56.682,34.165,7390.624,7447.306,7481.471,7346.589
2019,Bahrain Grand Prix,2,Bahrain,Sakhir,0 days 02:06:51.334000,RUS,63,0 days 00:02:09.890000,55.0,3.0,,George Russell,,0 days 00:00:41.975000,0 days 00:00:55.797000,0 days 00:00:32.118000,0 days 02:05:23.446000,0 days 02:06:19.243000,0 days 02:06:51.361000,200.0,123.0,197.0,267.0,False,MEDIUM,29.0,True,Williams,0 days 02:04:41.444000,,4,15.0,False,,False,False,26.1,53.7,1003.1,False,27.6,41,3.2,False,False,True,False,False,False,1 L,+25.324,,25.324,7611.334,129.89,,,41.975,55.797,32.118,7523.446,7579.243,7611.361,7481.444
2019,Bahrain Grand Prix,2,Bahrain,Sakhir,0 days 02:08:52.595000,RUS,63,0 days 00:02:01.261000,56.0,3.0,,George Russell,,0 days 00:00:40.906000,0 days 00:00:53.683000,0 days 00:00:26.672000,0 days 02:07:32.267000,0 days 02:08:25.950000,0 days 02:08:52.622000,196.0,183.0,282.0,218.0,False,MEDIUM,30.0,True,Williams,0 days 02:06:51.334000,,4,15.0,False,,False,False,26.1,54.1,1003.1,False,27.4,56,3.0,False,False,True,False,False,False,1 L,+39.625,,39.625,7732.595,121.261,,,40.906,53.683,26.672,7652.267,7705.95,7732.622,7611.334
2019,Bahrain Grand Prix,2,Bahrain,Sakhir,0 days 00:35:14.677000,RAI,7,0 days 00:01:43.097000,1.0,1.0,,Kimi Räikkönen,,,0 days 00:00:43.863000,0 days 00:00:24.353000,,0 days 00:34:50.372000,0 days 00:35:14.836000,225.0,246.0,278.0,242.0,False,SOFT,4.0,False,Alfa Romeo Racing,0 days 00:33:31.386000,,12,8.0,False,,False,False,26.1,54.5,1003.3,False,29.2,16,2.3,True,True,False,False,False,False,+5.547,+0.566,5.547,0.566,2114.677,103.097,,,,43.863,24.353,,2090.372,2114.836,2011.386
2019,Bahrain Grand Prix,2,Bahrain,Sakhir,0 days 00:36:53.469000,RAI,7,0 days 00:01:38.792000,2.0,1.0,,Kimi Räikkönen,,0 days 00:00:31.277000,0 days 00:00:43.033000,0 days 00:00:24.482000,0 days 00:35:45.989000,0 days 00:36:29.022000,0 days 00:36:53.504000,236.0,252.0,279.0,309.0,True,SOFT,5.0,False,Alfa Romeo Racing,0 days 00:35:14.677000,,21,8.0,False,,False,True,26.1,53.9,1003.5,False,29.3,22,2.3,True,True,False,False,False,False,+7.742,+0.488,7.742,0.488,2213.469,98.792,,,31.277,43.033,24.482,2145.989,2189.022,2213.504,2114.677
2019,Bahrain Grand Prix,2,Bahrain,Sakhir,0 days 00:38:32.351000,RAI,7,0 days 00:01:38.882000,3.0,1.0,,Kimi Räikkönen,,0 days 00:00:31.039000,0 days 00:00:43.241000,0 days 00:00:24.602000,0 days 00:37:24.543000,0 days 00:38:07.784000,0 days 00:38:32.386000,237.0,249.0,287.0,279.0,False,SOFT,6.0,False,Alfa Romeo Racing,0 days 00:36:53.469000,,1,8.0,False,,False,True,26.2,53.6,1003.4,False,29.3,11,1.6,True,False,False,False,False,False,+9.690,+0.545,9.69,0.545,2312.351,98.882,,,31.039,43.241,24.602,2244.543,2287.784,2312.386,2213.469
2019,Bahrain Grand Prix,2,Bahrain,Sakhir,0 days 00:40:12.569000,RAI,7,0 days 00:01:40.218000,4.0,1.0,,Kimi Räikkönen,,0 days 00:00:30.916000,0 days 00:00:44.568000,0 days 00:00:24.734000,0 days 00:39:03.302000,0 days 00:39:47.870000,0 days 00:40:12.604000,216.0,248.0,286.0,325.0,False,SOFT,7.0,False,Alfa Romeo Racing,0 days 00:38:32.351000,,12,8.0,False,,False,True,26.2,53.8,1003.4,False,29.3,36,1.9,True,True,False,False,False,False,+12.573,+0.853,12.573,0.853,2412.569,100.218,,,30.916,44.568,24.734,2343.302,2387.87,2412.604,2312.351
2019,Bahrain Grand Prix,2,Bahrain,Sakhir,0 days 00:41:51.029000,RAI,7,0 days 00:01:38.460000,5.0,1.0,,Kimi Räikkönen,,0 days 00:00:30.619000,0 days 00:00:43.400000,0 days 00:00:24.441000,0 days 00:40:43.223000,0 days 00:41:26.623000,0 days 00:41:51.064000,236.0,244.0,288.0,317.0,True,SOFT,8.0,False,Alfa Romeo Racing,0 days 00:40:12.569000,,1,8.0,False,,False,True,26.2,54.0,1003.5,False,29.2,41,3.1,True,False,False,False,False,False,+12.893,+0.734,12.893,0.734,2511.029,98.46,,,30.619,43.4,24.441,2443.223,2486.623,2511.064,2412.569
2019,Bahrain Grand Prix,2,Bahrain,Sakhir,0 days 00:43:30.434000,RAI,7,0 days 00:01:39.405000,6.0,1.0,,Kimi Räikkönen,,0 days 00:00:31.006000,0 days 00:00:44.092000,0 days 00:00:24.307000,0 days 00:42:22.070000,0 days 00:43:06.162000,0 days 00:43:30.469000,234.0,251.0,278.0,320.0,False,SOFT,9.0,False,Alfa Romeo Racing,0 days 00:41:51.029000,,12,7.0,False,,False,True,26.2,53.9,1003.5,False,29.2,29,3.1,True,True,False,False,False,False,+15.389,+1.616,15.389,1.616,2610.434,99.405,,,31.006,44.092,24.307,2542.07,2586.162,2610.469,2511.029
2019,Bahrain Grand Prix,2,Bahrain,Sakhir,0 days 00:45:08.677000,RAI,7,0 days 00:01:38.243000,7.0,1.0,,Kimi Räikkönen,,0 days 00:00:31.088000,0 days 00:00:42.952000,0 days 00:00:24.203000,0 days 00:44:01.557000,0 days 00:44:44.509000,0 days 00:45:08.712000,233.0,249.0,278.0,305.0,True,SOFT,10.0,False,Alfa Romeo Racing,0 days 00:43:30.434000,,1,7.0,False,,False,True,26.2,54.3,1003.4,False,29.2,3,2.3,True,False,False,False,False,False,+16.567,+1.673,16.567,1.673,2708.677,98.243,,,31.088,42.952,24.203,2641.557,2684.509,2708.712,2610.434
2019,Bahrain Grand Prix,2,Bahrain,Sakhir,0 days 00:46:46.987000,RAI,7,0 days 00:01:38.310000,8.0,1.0,,Kimi Räikkönen,,0 days 00:00:31.019000,0 days 00:00:43.033000,0 days 00:00:24.258000,0 days 00:45:39.731000,0 days 00:46:22.764000,0 days 00:46:47.022000,234.0,250.0,278.0,297.0,False,SOFT,11.0,False,Alfa Romeo Racing,0 days 00:45:08.677000,,1,7.0,False,,False,True,26.2,54.2,1003.6,False,29.1,40,2.9,True,False,False,False,False,False,+17.089,+2.058,17.089,2.058,2806.987,98.31,,,31.019,43.033,24.258,2739.731,2782.764,2807.022,2708.677
2019,Bahrain Grand Prix,2,Bahrain,Sakhir,0 days 00:48:27.683000,RAI,7,0 days 00:01:40.696000,9.0,1.0,,Kimi Räikkönen,0 days 00:48:26.121000,0 days 00:00:31.016000,0 days 00:00:42.897000,0 days 00:00:26.783000,0 days 00:47:18.038000,0 days 00:48:00.935000,0 days 00:48:27.718000,235.0,252.0,,299.0,False,SOFT,12.0,False,Alfa Romeo Racing,0 days 00:46:46.987000,,1,8.0,False,,False,False,26.2,54.3,1003.5,False,29.1,355,2.4,True,False,False,False,False,False,+18.145,+2.166,18.145,2.166,2907.683,100.696,2906.121,,31.016,42.897,26.783,2838.038,2880.935,2907.718,2806.987
2019,Bahrain Grand Prix,2,Bahrain,Sakhir,0 days 00:50:25.091000,RAI,7,0 days 00:01:57.408000,10.0,2.0,0 days 00:48:51.645000,Kimi Räikkönen,,0 days 00:00:52.112000,0 days 00:00:41.573000,0 days 00:00:23.723000,0 days 00:49:19.830000,0 days 00:50:01.403000,0 days 00:50:25.126000,237.0,252.0,279.0,221.0,False,MEDIUM,1.0,True,Alfa Romeo Racing,0 days 00:48:27.683000,,1,14.0,False,,False,False,26.2,54.3,1003.6,False,28.9,41,2.7,True,False,False,False,False,False,+40.724,+0.758,40.724,0.758,3025.091,117.408,,2931.645,52.112,41.573,23.723,2959.83,3001.403,3025.126,2907.683
2019,Bahrain Grand Prix,2,Bahrain,Sakhir,0 days 00:52:01.343000,RAI,7,0 days 00:01:36.252000,11.0,2.0,,Kimi Räikkönen,,0 days 00:00:30.344000,0 days 00:00:42.259000,0 days 00:00:23.649000,0 days 00:50:55.470000,0 days 00:51:37.729000,0 days 00:52:01.378000,236.0,254.0,278.0,304.0,True,MEDIUM,2.0,True,Alfa Romeo Racing,0 days 00:50:25.091000,,1,10.0,False,,False,True,26.1,54.9,1003.6,False,28.8,22,1.9,True,False,False,False,False,False,+39.776,+28.881,39.776,28.881,3121.343,96.252,,,30.344,42.259,23.649,3055.47,3097.729,3121.378,3025.091
2019,Bahrain Grand Prix,2,Bahrain,Sakhir,0 days 00:53:38.070000,RAI,7,0 days 00:01:36.727000,12.0,2.0,,Kimi Räikkönen,,0 days 00:00:30.598000,0 days 00:00:42.485000,0 days 00:00:23.644000,0 days 00:52:31.976000,0 days 00:53:14.461000,0 days 00:53:38.105000,237.0,251.0,279.0,296.0,False,MEDIUM,3.0,True,Alfa Romeo Racing,0 days 00:52:01.343000,,12,9.0,False,,False,True,26.1,55.0,1003.5,False,28.8,33,1.7,True,True,False,False,False,False,+39.054,+18.652,39.054,18.652,3218.07,96.727,,,30.598,42.485,23.644,3151.976,3194.461,3218.105,3121.343
2019,Bahrain Grand Prix,2,Bahrain,Sakhir,0 days 00:55:14.380000,RAI,7,0 days 00:01:36.310000,13.0,2.0,,Kimi Räikkönen,,0 days 00:00:30.530000,0 days 00:00:41.992000,0 days 00:00:23.788000,0 days 00:54:08.635000,0 days 00:54:50.627000,0 days 00:55:14.415000,236.0,254.0,278.0,300.0,False,MEDIUM,4.0,True,Alfa Romeo Racing,0 days 00:53:38.070000,,1,8.0,False,,False,True,26.1,54.9,1003.6,False,28.8,31,2.5,True,False,False,False,False,False,+34.208,+3.984,34.208,3.984,3314.38,96.31,,,30.53,41.992,23.788,3248.635,3290.627,3314.415,3218.07
2019,Bahrain Grand Prix,2,Bahrain,Sakhir,0 days 00:56:51.311000,RAI,7,0 days 00:01:36.931000,14.0,2.0,,Kimi Räikkönen,,0 days 00:00:30.601000,0 days 00:00:42.347000,0 days 00:00:23.983000,0 days 00:55:45.016000,0 days 00:56:27.363000,0 days 00:56:51.346000,235.0,255.0,278.0,297.0,False,MEDIUM,5.0,True,Alfa Romeo Racing,0 days 00:55:14.380000,,1,8.0,False,,False,True,26.1,55.2,1003.7,False,28.9,352,1.6,True,False,False,False,False,False,+17.299,+1.216,17.299,1.216,3411.311,96.931,,,30.601,42.347,23.983,3345.016,3387.363,3411.346,3314.38
2019,Bahrain Grand Prix,2,Bahrain,Sakhir,0 days 00:58:28.524000,RAI,7,0 days 00:01:37.213000,15.0,2.0,,Kimi Räikkönen,,0 days 00:00:30.684000,0 days 00:00:42.625000,0 days 00:00:23.904000,0 days 00:57:22.030000,0 days 00:58:04.655000,0 days 00:58:28.559000,237.0,256.0,277.0,300.0,False,MEDIUM,6.0,True,Alfa Romeo Racing,0 days 00:56:51.311000,,1,7.0,False,,False,True,26.1,55.1,1003.8,False,28.8,29,1.8,True,False,False,False,False,False,+19.380,+8.362,19.38,8.362,3508.524,97.213,,,30.684,42.625,23.904,3442.03,3484.655,3508.559,3411.311
2019,Bahrain Grand Prix,2,Bahrain,Sakhir,0 days 01:00:05.697000,RAI,7,0 days 00:01:37.173000,16.0,2.0,,Kimi Räikkönen,,0 days 00:00:30.791000,0 days 00:00:42.419000,0 days 00:00:23.963000,0 days 00:58:59.350000,0 days 00:59:41.769000,0 days 01:00:05.732000,235.0,250.0,278.0,298.0,False,MEDIUM,7.0,True,Alfa Romeo Racing,0 days 00:58:28.524000,,1,7.0,False,,False,True,26.1,55.3,1003.7,False,28.8,17,2.0,True,False,False,False,False,False,+21.725,+8.629,21.725,8.629,3605.697,97.173,,,30.791,42.419,23.963,3539.35,3581.769,3605.732,3508.524
2019,Bahrain Grand Prix,2,Bahrain,Sakhir,0 days 01:01:43.614000,RAI,7,0 days 00:01:37.917000,17.0,2.0,,Kimi Räikkönen,,0 days 00:00:31.025000,0 days 00:00:42.635000,0 days 00:00:24.257000,0 days 01:00:36.757000,0 days 01:01:19.392000,0 days 01:01:43.649000,237.0,247.0,277.0,299.0,False,MEDIUM,8.0,True,Alfa Romeo Racing,0 days 01:00:05.697000,,1,7.0,False,,False,True,26.1,55.5,1003.7,False,28.7,34,2.4,True,False,False,False,False,False,+24.425,+9.789,24.425,9.789,3703.614,97.917,,,31.025,42.635,24.257,3636.757,3679.392,3703.649,3605.697
2019,Bahrain Grand Prix,2,Bahrain,Sakhir,0 days 01:03:21.119000,RAI,7,0 days 00:01:37.505000,18.0,2.0,,Kimi Räikkönen,,0 days 00:00:30.946000,0 days 00:00:42.737000,0 days 00:00:23.822000,0 days 01:02:14.595000,0 days 01:02:57.332000,0 days 01:03:21.154000,235.0,256.0,278.0,299.0,False,MEDIUM,9.0,True,Alfa Romeo Racing,0 days 01:01:43.614000,,1,7.0,False,,False,True,26.1,55.3,1003.7,False,28.7,2,2.7,True,False,False,False,False,False,+26.476,+8.981,26.476,8.981,3801.119,97.505,,,30.946,42.737,23.822,3734.595,3777.332,3801.154,3703.614
2019,Bahrain Grand Prix,2,Bahrain,Sakhir,0 days 01:04:58.878000,RAI,7,0 days 00:01:37.759000,19.0,2.0,,Kimi Räikkönen,,0 days 00:00:30.965000,0 days 00:00:42.854000,0 days 00:00:23.940000,0 days 01:03:52.119000,0 days 01:04:34.973000,0 days 01:04:58.913000,235.0,252.0,278.0,296.0,False,MEDIUM,10.0,True,Alfa Romeo Racing,0 days 01:03:21.119000,,1,7.0,False,,False,True,26.1,54.8,1003.7,False,28.8,85,2.2,True,False,False,False,False,False,+28.459,+7.556,28.459,7.556,3898.878,97.759,,,30.965,42.854,23.94,3832.119,3874.973,3898.913,3801.119
2019,Bahrain Grand Prix,2,Bahrain,Sakhir,0 days 01:06:37.275000,RAI,7,0 days 00:01:38.397000,20.0,2.0,,Kimi Räikkönen,,0 days 00:00:31.227000,0 days 00:00:42.972000,0 days 00:00:24.198000,0 days 01:05:30.140000,0 days 01:06:13.112000,0 days 01:06:37.310000,239.0,253.0,278.0,298.0,False,MEDIUM,11.0,True,Alfa Romeo Racing,0 days 01:04:58.878000,,1,7.0,False,,False,True,26.2,53.6,1003.7,False,29.0,345,2.5,True,False,False,False,False,False,+30.805,+6.411,30.805,6.411,3997.275,98.397,,,31.227,42.972,24.198,3930.14,3973.112,3997.31,3898.878
2019,Bahrain Grand Prix,2,Bahrain,Sakhir,0 days 01:08:16.050000,RAI,7,0 days 00:01:38.775000,21.0,2.0,,Kimi Räikkönen,,0 days 00:00:31.365000,0 days 00:00:43.106000,0 days 00:00:24.304000,0 days 01:07:08.675000,0 days 01:07:51.781000,0 days 01:08:16.085000,222.0,254.0,286.0,304.0,False,MEDIUM,12.0,True,Alfa Romeo Racing,0 days 01:06:37.275000,,1,8.0,False,,False,True,26.3,53.4,1003.5,False,29.0,31,3.0,True,False,False,False,False,False,+33.621,+1.241,33.621,1.241,4096.05,98.775,,,31.365,43.106,24.304,4028.675,4071.781,4096.085,3997.275
2019,Bahrain Grand Prix,2,Bahrain,Sakhir,0 days 01:09:53.770000,RAI,7,0 days 00:01:37.720000,22.0,2.0,,Kimi Räikkönen,,0 days 00:00:30.505000,0 days 00:00:42.898000,0 days 00:00:24.317000,0 days 01:08:46.590000,0 days 01:09:29.488000,0 days 01:09:53.805000,238.0,252.0,280.0,319.0,False,MEDIUM,13.0,True,Alfa Romeo Racing,0 days 01:08:16.050000,,1,8.0,False,,False,True,26.3,52.8,1003.5,False,28.8,50,2.2,True,False,False,False,False,False,+35.208,+1.317,35.208,1.317,4193.77,97.72,,,30.505,42.898,24.317,4126.59,4169.488,4193.805,4096.05
2019,Bahrain Grand Prix,2,Bahrain,Sakhir,0 days 01:11:32.695000,RAI,7,0 days 00:01:38.925000,23.0,2.0,,Kimi Räikkönen,,0 days 00:00:31.178000,0 days 00:00:43.405000,0 days 00:00:24.342000,0 days 01:10:24.983000,0 days 01:11:08.388000,0 days 01:11:32.730000,237.0,248.0,278.0,298.0,False,MEDIUM,14.0,True,Alfa Romeo Racing,0 days 01:09:53.770000,,1,8.0,False,,False,True,26.4,51.9,1003.6,False,28.9,59,2.1,True,False,False,False,False,False,+38.024,+2.289,38.024,2.289,4292.695,98.925,,,31.178,43.405,24.342,4224.983,4268.388,4292.73,4193.77
2019,Bahrain Grand Prix,2,Bahrain,Sakhir,0 days 01:13:11.043000,RAI,7,0 days 00:01:38.348000,24.0,2.0,,Kimi Räikkönen,,0 days 00:00:31.088000,0 days 00:00:42.954000,0 days 00:00:24.306000,0 days 01:12:03.818000,0 days 01:12:46.772000,0 days 01:13:11.078000,238.0,251.0,280.0,295.0,False,MEDIUM,15.0,True,Alfa Romeo Racing,0 days 01:11:32.695000,,1,7.0,False,,False,True,26.4,51.3,1003.3,False,28.9,9,2.9,True,False,False,False,False,False,+40.150,+1.620,40.15,1.62,4391.043,98.348,,,31.088,42.954,24.306,4323.818,4366.772,4391.078,4292.695
2019,Bahrain Grand Prix,2,Bahrain,Sakhir,0 days 01:14:50.076000,RAI,7,0 days 00:01:39.033000,25.0,2.0,,Kimi Räikkönen,,0 days 00:00:30.999000,0 days 00:00:43.718000,0 days 00:00:24.316000,0 days 01:13:42.077000,0 days 01:14:25.795000,0 days 01:14:50.111000,237.0,251.0,279.0,301.0,False,MEDIUM,16.0,True,Alfa Romeo Racing,0 days 01:13:11.043000,,1,7.0,False,,False,True,26.5,51.3,1003.4,False,28.9,37,2.2,True,False,False,False,False,False,+42.897,+2.897,42.897,2.897,4490.076,99.033,,,30.999,43.718,24.316,4422.077,4465.795,4490.111,4391.043
2019,Bahrain Grand Prix,2,Bahrain,Sakhir,0 days 01:16:29.549000,RAI,7,0 days 00:01:39.473000,26.0,2.0,,Kimi Räikkönen,,0 days 00:00:31.518000,0 days 00:00:43.656000,0 days 00:00:24.299000,0 days 01:15:21.629000,0 days 01:16:05.285000,0 days 01:16:29.584000,236.0,251.0,288.0,299.0,False,MEDIUM,17.0,True,Alfa Romeo Racing,0 days 01:14:50.076000,,1,8.0,False,,False,True,26.5,51.3,1003.4,False,28.9,31,2.7,True,False,False,False,False,False,+46.108,+0.867,46.108,0.867,4589.549,99.473,,,31.518,43.656,24.299,4521.629,4565.285,4589.584,4490.076
2019,Bahrain Grand Prix,2,Bahrain,Sakhir,0 days 01:18:08.390000,RAI,7,0 days 00:01:38.841000,27.0,2.0,,Kimi Räikkönen,,0 days 00:00:30.936000,0 days 00:00:43.346000,0 days 00:00:24.559000,0 days 01:17:00.520000,0 days 01:17:43.866000,0 days 01:18:08.425000,235.0,249.0,279.0,316.0,False,MEDIUM,18.0,True,Alfa Romeo Racing,0 days 01:16:29.549000,,1,8.0,False,,False,True,26.5,50.4,1003.3,False,28.8,44,2.5,True,False,False,False,False,False,+47.943,+1.111,47.943,1.111,4688.39,98.841,,,30.936,43.346,24.559,4620.52,4663.866,4688.425,4589.549
2019,Bahrain Grand Prix,2,Bahrain,Sakhir,0 days 01:19:47.558000,RAI,7,0 days 00:01:39.168000,28.0,2.0,,Kimi Räikkönen,,0 days 00:00:31.204000,0 days 00:00:43.559000,0 days 00:00:24.405000,0 days 01:18:39.629000,0 days 01:19:23.188000,0 days 01:19:47.593000,238.0,251.0,279.0,299.0,False,MEDIUM,19.0,True,Alfa Romeo Racing,0 days 01:18:08.390000,,1,8.0,False,,False,True,26.5,49.0,1003.2,False,28.8,40,3.2,True,False,False,False,False,False,+49.872,+1.656,49.872,1.656,4787.558,99.168,,,31.204,43.559,24.405,4719.629,4763.188,4787.593,4688.39
2019,Bahrain Grand Prix,2,Bahrain,Sakhir,0 days 01:21:26.259000,RAI,7,0 days 00:01:38.701000,29.0,2.0,,Kimi Räikkönen,,0 days 00:00:31.061000,0 days 00:00:43.176000,0 days 00:00:24.464000,0 days 01:20:18.654000,0 days 01:21:01.830000,0 days 01:21:26.294000,236.0,249.0,278.0,296.0,False,MEDIUM,20.0,True,Alfa Romeo Racing,0 days 01:19:47.558000,,1,8.0,False,,False,True,26.6,48.9,1003.3,False,28.9,12,2.3,True,False,False,False,False,False,+51.813,+2.155,51.813,2.155,4886.259,98.701,,,31.061,43.176,24.464,4818.654,4861.83,4886.294,4787.558
2019,Bahrain Grand Prix,2,Bahrain,Sakhir,0 days 01:23:05.791000,RAI,7,0 days 00:01:39.532000,30.0,2.0,,Kimi Räikkönen,,0 days 00:00:31.563000,0 days 00:00:43.483000,0 days 00:00:24.486000,0 days 01:21:57.857000,0 days 01:22:41.340000,0 days 01:23:05.826000,238.0,248.0,279.0,298.0,False,MEDIUM,21.0,True,Alfa Romeo Racing,0 days 01:21:26.259000,,1,8.0,False,,False,True,26.6,48.9,1003.4,False,28.7,22,2.9,True,False,False,False,False,False,+54.308,+3.336,54.308,3.336,4985.791,99.532,,,31.563,43.483,24.486,4917.857,4961.34,4985.826,4886.259
2019,Bahrain Grand Prix,2,Bahrain,Sakhir,0 days 01:24:44.283000,RAI,7,0 days 00:01:38.492000,31.0,2.0,,Kimi Räikkönen,,0 days 00:00:30.899000,0 days 00:00:43.394000,0 days 00:00:24.199000,0 days 01:23:36.725000,0 days 01:24:20.119000,0 days 01:24:44.318000,237.0,246.0,280.0,298.0,False,MEDIUM,22.0,True,Alfa Romeo Racing,0 days 01:23:05.791000,,1,8.0,False,,False,True,26.6,49.2,1003.4,False,28.6,50,2.5,True,False,False,False,False,False,+56.130,+3.517,56.13,3.517,5084.283,98.492,,,30.899,43.394,24.199,5016.725,5060.119,5084.318,4985.791
2019,Bahrain Grand Prix,2,Bahrain,Sakhir,0 days 01:26:23.029000,RAI,7,0 days 00:01:38.746000,32.0,2.0,,Kimi Räikkönen,,0 days 00:00:31.099000,0 days 00:00:43.262000,0 days 00:00:24.385000,0 days 01:25:15.417000,0 days 01:25:58.679000,0 days 01:26:23.064000,236.0,245.0,279.0,293.0,False,MEDIUM,23.0,True,Alfa Romeo Racing,0 days 01:24:44.283000,,1,8.0,False,,False,True,26.6,49.4,1003.3,False,28.6,9,2.4,True,False,False,False,False,False,+57.704,+3.761,57.704,3.761,5183.029,98.746,,,31.099,43.262,24.385,5115.417,5158.679,5183.064,5084.283
2019,Bahrain Grand Prix,2,Bahrain,Sakhir,0 days 01:28:06.375000,RAI,7,0 days 00:01:43.346000,33.0,2.0,,Kimi Räikkönen,0 days 01:28:04.800000,0 days 00:00:31.195000,0 days 00:00:44.512000,0 days 00:00:27.639000,0 days 01:26:54.259000,0 days 01:27:38.771000,0 days 01:28:06.410000,239.0,248.0,,300.0,False,MEDIUM,24.0,True,Alfa Romeo Racing,0 days 01:26:23.029000,,1,8.0,False,,False,False,26.6,49.7,1003.2,False,28.4,19,2.6,True,False,False,False,False,False,+61.678,+2.989,61.678,2.989,5286.375,103.346,5284.8,,31.195,44.512,27.639,5214.259,5258.771,5286.41,5183.029
2019,Bahrain Grand Prix,2,Bahrain,Sakhir,0 days 01:30:05.052000,RAI,7,0 days 00:01:58.677000,34.0,3.0,0 days 01:28:30.306000,Kimi Räikkönen,,0 days 00:00:52.512000,0 days 00:00:42.563000,0 days 00:00:23.602000,0 days 01:28:58.922000,0 days 01:29:41.485000,0 days 01:30:05.087000,244.0,253.0,279.0,222.0,False,SOFT,4.0,False,Alfa Romeo Racing,0 days 01:28:06.375000,,1,12.0,False,,False,False,26.6,49.9,1003.2,False,28.4,54,2.6,True,False,False,False,False,False,+85.997,+1.711,85.997,1.711,5405.052,118.677,,5310.306,52.512,42.563,23.602,5338.922,5381.485,5405.087,5286.375
2019,Bahrain Grand Prix,2,Bahrain,Sakhir,0 days 01:31:41.865000,RAI,7,0 days 00:01:36.813000,35.0,3.0,,Kimi Räikkönen,,0 days 00:00:30.421000,0 days 00:00:42.745000,0 days 00:00:23.647000,0 days 01:30:35.508000,0 days 01:31:18.253000,0 days 01:31:41.900000,240.0,253.0,281.0,299.0,False,SOFT,5.0,False,Alfa Romeo Racing,0 days 01:30:05.052000,,1,11.0,False,,False,True,26.5,50.2,1003.4,False,28.3,50,2.3,True,False,False,False,False,False,+85.903,+1.354,85.903,1.354,5501.865,96.813,,,30.421,42.745,23.647,5435.508,5478.253,5501.9,5405.052
2019,Bahrain Grand Prix,2,Bahrain,Sakhir,0 days 01:33:18.683000,RAI,7,0 days 00:01:36.818000,36.0,3.0,,Kimi Räikkönen,,0 days 00:00:30.444000,0 days 00:00:42.724000,0 days 00:00:23.650000,0 days 01:32:12.344000,0 days 01:32:55.068000,0 days 01:33:18.718000,241.0,252.0,279.0,297.0,False,SOFT,6.0,False,Alfa Romeo Racing,0 days 01:31:41.865000,,1,10.0,False,,False,True,26.5,50.5,1003.3,False,28.3,43,3.1,True,False,False,False,False,False,+84.678,+4.502,84.678,4.502,5598.683,96.818,,,30.444,42.724,23.65,5532.344,5575.068,5598.718,5501.865
2019,Bahrain Grand Prix,2,Bahrain,Sakhir,0 days 01:34:54.650000,RAI,7,0 days 00:01:35.967000,37.0,3.0,,Kimi Räikkönen,,0 days 00:00:30.367000,0 days 00:00:42.072000,0 days 00:00:23.528000,0 days 01:33:49.085000,0 days 01:34:31.157000,0 days 01:34:54.685000,239.0,246.0,280.0,288.0,True,SOFT,7.0,False,Alfa Romeo Racing,0 days 01:33:18.683000,,12,10.0,False,,False,True,26.5,50.8,1003.4,False,28.3,17,2.8,True,True,False,False,False,False,+63.207,+3.625,63.207,3.625,5694.65,95.967,,,30.367,42.072,23.528,5629.085,5671.157,5694.685,5598.683
2019,Bahrain Grand Prix,2,Bahrain,Sakhir,0 days 01:36:31.261000,RAI,7,0 days 00:01:36.611000,38.0,3.0,,Kimi Räikkönen,,0 days 00:00:30.493000,0 days 00:00:42.430000,0 days 00:00:23.688000,0 days 01:35:25.178000,0 days 01:36:07.608000,0 days 01:36:31.296000,240.0,241.0,280.0,290.0,False,SOFT,8.0,False,Alfa Romeo Racing,0 days 01:34:54.650000,,1,10.0,False,,False,True,26.5,51.0,1003.4,False,28.1,28,2.3,True,False,False,False,False,False,+66.412,+2.908,66.412,2.908,5791.261,96.611,,,30.493,42.43,23.688,5725.178,5767.608,5791.296,5694.65
2019,Bahrain Grand Prix,2,Bahrain,Sakhir,0 days 01:38:07.813000,RAI,7,0 days 00:01:36.552000,39.0,3.0,,Kimi Räikkönen,,0 days 00:00:30.631000,0 days 00:00:42.196000,0 days 00:00:23.725000,0 days 01:37:01.927000,0 days 01:37:44.123000,0 days 01:38:07.848000,239.0,253.0,281.0,296.0,False,SOFT,9.0,False,Alfa Romeo Racing,0 days 01:36:31.261000,,1,10.0,False,,False,True,26.4,51.3,1003.3,False,28.1,52,2.8,True,False,False,False,False,False,+68.480,+1.326,68.48,1.326,5887.813,96.552,,,30.631,42.196,23.725,5821.927,5864.123,5887.848,5791.261
2019,Bahrain Grand Prix,2,Bahrain,Sakhir,0 days 01:39:44.195000,RAI,7,0 days 00:01:36.382000,40.0,3.0,,Kimi Räikkönen,,0 days 00:00:30.567000,0 days 00:00:42.196000,0 days 00:00:23.619000,0 days 01:38:38.415000,0 days 01:39:20.611000,0 days 01:39:44.230000,239.0,247.0,281.0,295.0,False,SOFT,10.0,False,Alfa Romeo Racing,0 days 01:38:07.813000,,12,9.0,False,,False,True,26.4,51.5,1003.3,False,28.0,45,2.4,True,True,False,False,False,False,+70.457,+1.730,70.457,1.73,5984.195,96.382,,,30.567,42.196,23.619,5918.415,5960.611,5984.23,5887.813
2019,Bahrain Grand Prix,2,Bahrain,Sakhir,0 days 01:41:20.692000,RAI,7,0 days 00:01:36.497000,41.0,3.0,,Kimi Räikkönen,,0 days 00:00:30.363000,0 days 00:00:42.312000,0 days 00:00:23.822000,0 days 01:40:14.593000,0 days 01:40:56.905000,0 days 01:41:20.727000,240.0,249.0,282.0,297.0,False,SOFT,11.0,False,Alfa Romeo Racing,0 days 01:39:44.195000,,1,9.0,False,,False,True,26.4,51.7,1003.2,False,28.0,31,2.6,True,False,False,False,False,False,+72.530,+0.986,72.53,0.986,6080.692,96.497,,,30.363,42.312,23.822,6014.593,6056.905,6080.727,5984.195
2019,Bahrain Grand Prix,2,Bahrain,Sakhir,0 days 01:42:57.098000,RAI,7,0 days 00:01:36.406000,42.0,3.0,,Kimi Räikkönen,,0 days 00:00:30.478000,0 days 00:00:42.114000,0 days 00:00:23.814000,0 days 01:41:51.205000,0 days 01:42:33.319000,0 days 01:42:57.133000,236.0,246.0,289.0,295.0,False,SOFT,12.0,False,Alfa Romeo Racing,0 days 01:41:20.692000,,12,9.0,False,,False,True,26.3,51.7,1003.3,False,28.0,53,2.7,True,True,False,False,False,False,+74.320,+0.835,74.32,0.835,6177.098,96.406,,,30.478,42.114,23.814,6111.205,6153.319,6177.133,6080.692
2019,Bahrain Grand Prix,2,Bahrain,Sakhir,0 days 01:44:33.182000,RAI,7,0 days 00:01:36.084000,43.0,3.0,,Kimi Räikkönen,,0 days 00:00:29.997000,0 days 00:00:42.359000,0 days 00:00:23.728000,0 days 01:43:27.130000,0 days 01:44:09.489000,0 days 01:44:33.217000,240.0,250.0,292.0,319.0,False,SOFT,13.0,False,Alfa Romeo Racing,0 days 01:42:57.098000,,21,9.0,False,,False,True,26.3,51.8,1003.2,False,28.0,47,2.8,True,True,False,False,False,False,+75.116,+0.680,75.116,0.68,6273.182,96.084,,,29.997,42.359,23.728,6207.13,6249.489,6273.217,6177.098
2019,Bahrain Grand Prix,2,Bahrain,Sakhir,0 days 01:46:10.523000,RAI,7,0 days 00:01:37.341000,44.0,3.0,,Kimi Räikkönen,,0 days 00:00:30.459000,0 days 00:00:42.771000,0 days 00:00:24.111000,0 days 01:45:03.676000,0 days 01:45:46.447000,0 days 01:46:10.558000,241.0,248.0,292.0,325.0,False,SOFT,14.0,False,Alfa Romeo Racing,0 days 01:44:33.182000,,1,9.0,False,,False,True,26.3,52.0,1003.1,False,28.0,69,3.2,True,False,False,False,False,False,+76.972,+0.384,76.972,0.384,6370.523,97.341,,,30.459,42.771,24.111,6303.676,6346.447,6370.558,6273.182
2019,Bahrain Grand Prix,2,Bahrain,Sakhir,0 days 01:47:46.112000,RAI,7,0 days 00:01:35.589000,45.0,3.0,,Kimi Räikkönen,,0 days 00:00:29.897000,0 days 00:00:41.879000,0 days 00:00:23.813000,0 days 01:46:40.455000,0 days 01:47:22.334000,0 days 01:47:46.147000,238.0,257.0,291.0,332.0,True,SOFT,15.0,False,Alfa Romeo Racing,0 days 01:46:10.523000,,1,8.0,False,,False,True,26.3,52.5,1003.4,False,27.8,59,2.5,True,False,False,False,False,False,+76.576,+0.587,76.576,0.587,6466.112,95.589,,,29.897,41.879,23.813,6400.455,6442.334,6466.147,6370.523
2019,Bahrain Grand Prix,2,Bahrain,Sakhir,0 days 01:49:22.772000,RAI,7,0 days 00:01:36.660000,46.0,3.0,,Kimi Räikkönen,,0 days 00:00:30.449000,0 days 00:00:42.329000,0 days 00:00:23.882000,0 days 01:48:16.596000,0 days 01:48:58.925000,0 days 01:49:22.807000,238.0,256.0,290.0,330.0,False,SOFT,16.0,False,Alfa Romeo Racing,0 days 01:47:46.112000,,1,8.0,False,,False,True,26.3,52.7,1003.2,False,27.7,63,3.1,True,False,False,False,False,False,+75.266,+0.629,75.266,0.629,6562.772,96.66,,,30.449,42.329,23.882,6496.596,6538.925,6562.807,6466.112
2019,Bahrain Grand Prix,2,Bahrain,Sakhir,0 days 01:50:59.188000,RAI,7,0 days 00:01:36.416000,47.0,3.0,,Kimi Räikkönen,,0 days 00:00:30.338000,0 days 00:00:42.133000,0 days 00:00:23.945000,0 days 01:49:53.145000,0 days 01:50:35.278000,0 days 01:50:59.223000,236.0,257.0,289.0,319.0,False,SOFT,17.0,False,Alfa Romeo Racing,0 days 01:49:22.772000,,1,8.0,False,,False,True,26.2,52.9,1003.4,False,27.7,39,2.6,True,False,False,False,False,False,+71.838,+0.761,71.838,0.761,6659.188,96.416,,,30.338,42.133,23.945,6593.145,6635.278,6659.223,6562.772
2019,Bahrain Grand Prix,2,Bahrain,Sakhir,0 days 01:52:35.750000,RAI,7,0 days 00:01:36.562000,48.0,3.0,,Kimi Räikkönen,,0 days 00:00:30.514000,0 days 00:00:42.185000,0 days 00:00:23.863000,0 days 01:51:29.737000,0 days 01:52:11.922000,0 days 01:52:35.785000,236.0,256.0,289.0,317.0,False,SOFT,18.0,False,Alfa Romeo Racing,0 days 01:50:59.188000,,1,8.0,False,,False,True,26.2,53.2,1003.3,False,27.6,33,3.3,True,False,False,False,False,False,+68.554,+0.886,68.554,0.886,6755.75,96.562,,,30.514,42.185,23.863,6689.737,6731.922,6755.785,6659.188
2019,Bahrain Grand Prix,2,Bahrain,Sakhir,0 days 01:54:12.221000,RAI,7,0 days 00:01:36.471000,49.0,3.0,,Kimi Räikkönen,,0 days 00:00:30.103000,0 days 00:00:42.365000,0 days 00:00:24.003000,0 days 01:53:05.888000,0 days 01:53:48.253000,0 days 01:54:12.256000,241.0,261.0,292.0,321.0,False,SOFT,19.0,False,Alfa Romeo Racing,0 days 01:52:35.750000,,1,8.0,False,,False,True,26.2,53.3,1003.4,False,27.6,56,3.3,True,False,False,False,False,False,+68.249,+0.676,68.249,0.676,6852.221,96.471,,,30.103,42.365,24.003,6785.888,6828.253,6852.256,6755.75
2019,Bahrain Grand Prix,2,Bahrain,Sakhir,0 days 01:55:48.819000,RAI,7,0 days 00:01:36.598000,50.0,3.0,,Kimi Räikkönen,,0 days 00:00:30.322000,0 days 00:00:42.377000,0 days 00:00:23.899000,0 days 01:54:42.578000,0 days 01:55:24.955000,0 days 01:55:48.854000,235.0,252.0,293.0,327.0,False,SOFT,20.0,False,Alfa Romeo Racing,0 days 01:54:12.221000,,1,8.0,False,,False,True,26.1,53.8,1003.1,False,27.5,60,2.9,True,False,False,False,False,False,+68.546,+0.740,68.546,0.74,6948.819,96.598,,,30.322,42.377,23.899,6882.578,6924.955,6948.854,6852.221
2019,Bahrain Grand Prix,2,Bahrain,Sakhir,0 days 01:57:25.944000,RAI,7,0 days 00:01:37.125000,51.0,3.0,,Kimi Räikkönen,,0 days 00:00:30.289000,0 days 00:00:42.890000,0 days 00:00:23.946000,0 days 01:56:19.143000,0 days 01:57:02.033000,0 days 01:57:25.979000,237.0,253.0,291.0,326.0,False,SOFT,21.0,False,Alfa Romeo Racing,0 days 01:55:48.819000,,1,8.0,False,,False,True,26.1,53.6,1003.0,False,27.5,19,3.6,True,False,False,False,False,False,+69.257,+0.767,69.257,0.767,7045.944,97.125,,,30.289,42.89,23.946,6979.143,7022.033,7045.979,6948.819
2019,Bahrain Grand Prix,2,Bahrain,Sakhir,0 days 01:59:03.013000,RAI,7,0 days 00:01:37.069000,52.0,3.0,,Kimi Räikkönen,,0 days 00:00:30.338000,0 days 00:00:42.662000,0 days 00:00:24.069000,0 days 01:57:56.317000,0 days 01:58:38.979000,0 days 01:59:03.048000,237.0,254.0,290.0,324.0,False,SOFT,22.0,False,Alfa Romeo Racing,0 days 01:57:25.944000,,1,8.0,False,,False,True,26.1,53.7,1003.3,False,27.5,44,2.5,True,False,False,False,False,False,+68.324,+0.851,68.324,0.851,7143.013,97.069,,,30.338,42.662,24.069,7076.317,7118.979,7143.048,7045.944
2019,Bahrain Grand Prix,2,Bahrain,Sakhir,0 days 02:00:40.466000,RAI,7,0 days 00:01:37.453000,53.0,3.0,,Kimi Räikkönen,,0 days 00:00:30.457000,0 days 00:00:43.149000,0 days 00:00:23.847000,0 days 01:59:33.505000,0 days 02:00:16.654000,0 days 02:00:40.501000,236.0,256.0,291.0,321.0,False,SOFT,23.0,False,Alfa Romeo Racing,0 days 01:59:03.013000,,1,8.0,False,,False,True,26.1,53.9,1003.3,False,27.6,52,2.6,True,False,False,False,False,False,+69.121,+0.925,69.121,0.925,7240.466,97.453,,,30.457,43.149,23.847,7173.505,7216.654,7240.501,7143.013
2019,Bahrain Grand Prix,2,Bahrain,Sakhir,0 days 02:02:17.411000,RAI,7,0 days 00:01:36.945000,54.0,3.0,,Kimi Räikkönen,,0 days 00:00:30.593000,0 days 00:00:42.452000,0 days 00:00:23.900000,0 days 02:01:11.094000,0 days 02:01:53.546000,0 days 02:02:17.446000,238.0,256.0,285.0,321.0,False,SOFT,24.0,False,Alfa Romeo Racing,0 days 02:00:40.466000,,124,7.0,False,,False,False,26.1,54.0,1003.3,False,27.6,39,3.0,True,True,True,False,False,False,+69.234,+0.908,69.234,0.908,7337.411,96.945,,,30.593,42.452,23.9,7271.094,7313.546,7337.446,7240.466
2019,Bahrain Grand Prix,2,Bahrain,Sakhir,0 days 02:04:34.738000,RAI,7,0 days 00:02:17.327000,55.0,3.0,,Kimi Räikkönen,,0 days 00:00:46.253000,0 days 00:00:57.251000,0 days 00:00:33.823000,0 days 02:03:03.699000,0 days 02:04:00.950000,0 days 02:04:34.773000,160.0,153.0,207.0,123.0,False,SOFT,25.0,False,Alfa Romeo Racing,0 days 02:02:17.411000,,4,7.0,False,,False,False,26.1,53.9,1003.0,False,27.5,13,2.9,False,False,True,False,False,False,+96.422,+2.223,96.422,2.223,7474.738,137.327,,,46.253,57.251,33.823,7383.699,7440.95,7474.773,7337.411
2019,Bahrain Grand Prix,2,Bahrain,Sakhir,0 days 02:06:46.829000,RAI,7,0 days 00:02:12.091000,56.0,3.0,,Kimi Räikkönen,,0 days 00:00:41.560000,0 days 00:00:56.667000,0 days 00:00:33.864000,0 days 02:05:16.333000,0 days 02:06:13,0 days 02:06:46.864000,134.0,172.0,207.0,209.0,False,SOFT,26.0,False,Alfa Romeo Racing,0 days 02:04:34.738000,,4,7.0,False,,False,False,26.1,53.7,1003.1,False,27.6,41,3.2,False,False,True,False,False,False,+86.097,+4.401,86.097,4.401,7606.829,132.091,,,41.56,56.667,33.864,7516.333,7573.0,7606.864,7474.738
2019,Bahrain Grand Prix,2,Bahrain,Sakhir,0 days 02:08:40.345000,RAI,7,0 days 00:01:53.516000,57.0,3.0,,Kimi Räikkönen,,0 days 00:00:37.421000,0 days 00:00:49.636000,0 days 00:00:26.459000,0 days 02:07:24.285000,0 days 02:08:13.921000,0 days 02:08:40.380000,208.0,195.0,253.0,259.0,False,SOFT,27.0,False,Alfa Romeo Racing,0 days 02:06:46.829000,,4,7.0,False,,False,False,26.1,54.1,1003.1,False,27.4,56,3.0,False,False,True,False,False,False,+47.511,+1.800,47.511,1.8,7720.345,113.516,,,37.421,49.636,26.459,7644.285,7693.921,7720.38,7606.829
2019,Bahrain Grand Prix,2,Bahrain,Sakhir,0 days 00:35:10.524000,BOT,77,0 days 00:01:38.944000,1.0,1.0,,Valtteri Bottas,,,0 days 00:00:42.430000,0 days 00:00:23.703000,,0 days 00:34:46.899000,0 days 00:35:10.662000,239.0,246.0,279.0,259.0,False,SOFT,4.0,False,Mercedes,0 days 00:33:31.386000,,12,2.0,False,,False,False,26.1,54.5,1003.3,False,29.2,16,2.3,True,True,False,False,False,False,+1.401,+1.401,1.401,1.401,2110.524,98.944,,,,42.43,23.703,,2086.899,2110.662,2011.386
2019,Bahrain Grand Prix,2,Bahrain,Sakhir,0 days 00:36:50.697000,BOT,77,0 days 00:01:40.173000,2.0,1.0,,Valtteri Bottas,,0 days 00:00:32.451000,0 days 00:00:43.818000,0 days 00:00:23.904000,0 days 00:35:43.026000,0 days 00:36:26.844000,0 days 00:36:50.748000,227.0,243.0,279.0,296.0,True,SOFT,5.0,False,Mercedes,0 days 00:35:10.524000,,21,4.0,False,,False,True,26.1,53.9,1003.5,False,29.3,22,2.3,True,True,False,False,False,False,+4.971,+1.179,4.971,1.179,2210.697,100.173,,,32.451,43.818,23.904,2143.026,2186.844,2210.748,2110.524
2019,Bahrain Grand Prix,2,Bahrain,Sakhir,0 days 00:38:28.738000,BOT,77,0 days 00:01:38.041000,3.0,1.0,,Valtteri Bottas,,0 days 00:00:31.066000,0 days 00:00:43.150000,0 days 00:00:23.825000,0 days 00:37:21.814000,0 days 00:38:04.964000,0 days 00:38:28.789000,229.0,246.0,278.0,296.0,True,SOFT,6.0,False,Mercedes,0 days 00:36:50.697000,,1,4.0,False,,False,True,26.1,53.7,1003.5,False,29.3,70,3.0,True,False,False,False,False,False,+6.041,+2.455,6.041,2.455,2308.738,98.041,,,31.066,43.15,23.825,2241.814,2284.964,2308.789,2210.697
2019,Bahrain Grand Prix,2,Bahrain,Sakhir,0 days 00:40:06.950000,BOT,77,0 days 00:01:38.212000,4.0,1.0,,Valtteri Bottas,,0 days 00:00:31.010000,0 days 00:00:43.102000,0 days 00:00:24.100000,0 days 00:38:59.799000,0 days 00:39:42.901000,0 days 00:40:07.001000,235.0,249.0,278.0,300.0,False,SOFT,7.0,False,Mercedes,0 days 00:38:28.738000,,12,4.0,False,,False,True,26.2,53.8,1003.4,False,29.3,36,1.9,True,True,False,False,False,False,+6.927,+3.113,6.927,3.113,2406.95,98.212,,,31.01,43.102,24.1,2339.799,2382.901,2407.001,2308.738
2019,Bahrain Grand Prix,2,Bahrain,Sakhir,0 days 00:41:44.855000,BOT,77,0 days 00:01:37.905000,5.0,1.0,,Valtteri Bottas,,0 days 00:00:31.320000,0 days 00:00:42.673000,0 days 00:00:23.912000,0 days 00:40:38.321000,0 days 00:41:20.994000,0 days 00:41:44.906000,236.0,244.0,279.0,291.0,True,SOFT,8.0,False,Mercedes,0 days 00:40:06.950000,,1,4.0,False,,False,True,26.2,54.0,1003.5,False,29.2,41,3.1,True,False,False,False,False,False,+7.281,+4.043,7.281,4.043,2504.855,97.905,,,31.32,42.673,23.912,2438.321,2480.994,2504.906,2406.95
2019,Bahrain Grand Prix,2,Bahrain,Sakhir,0 days 00:43:22.026000,BOT,77,0 days 00:01:37.171000,6.0,1.0,,Valtteri Bottas,,0 days 00:00:30.843000,0 days 00:00:42.383000,0 days 00:00:23.945000,0 days 00:42:15.749000,0 days 00:42:58.132000,0 days 00:43:22.077000,234.0,249.0,279.0,289.0,True,SOFT,9.0,False,Mercedes,0 days 00:41:44.855000,,12,4.0,False,,False,True,26.2,53.9,1003.5,False,29.2,29,3.1,True,True,False,False,False,False,+6.992,+4.187,6.992,4.187,2602.026,97.171,,,30.843,42.383,23.945,2535.749,2578.132,2602.077,2504.855
2019,Bahrain Grand Prix,2,Bahrain,Sakhir,0 days 00:44:59.187000,BOT,77,0 days 00:01:37.161000,7.0,1.0,,Valtteri Bottas,,0 days 00:00:30.779000,0 days 00:00:42.440000,0 days 00:00:23.942000,0 days 00:43:52.856000,0 days 00:44:35.296000,0 days 00:44:59.238000,233.0,249.0,279.0,289.0,True,SOFT,10.0,False,Mercedes,0 days 00:43:22.026000,,1,4.0,False,,False,True,26.2,54.3,1003.4,False,29.2,3,2.3,True,False,False,False,False,False,+7.083,+3.710,7.083,3.71,2699.187,97.161,,,30.779,42.44,23.942,2632.856,2675.296,2699.238,2602.026
2019,Bahrain Grand Prix,2,Bahrain,Sakhir,0 days 00:46:36.826000,BOT,77,0 days 00:01:37.639000,8.0,1.0,,Valtteri Bottas,,0 days 00:00:31.126000,0 days 00:00:42.556000,0 days 00:00:23.957000,0 days 00:45:30.364000,0 days 00:46:12.920000,0 days 00:46:36.877000,235.0,246.0,280.0,291.0,False,SOFT,11.0,False,Mercedes,0 days 00:44:59.187000,,1,4.0,False,,False,True,26.2,54.2,1003.6,False,29.1,40,2.9,True,False,False,False,False,False,+6.939,+3.853,6.939,3.853,2796.826,97.639,,,31.126,42.556,23.957,2730.364,2772.92,2796.877,2699.187
2019,Bahrain Grand Prix,2,Bahrain,Sakhir,0 days 00:48:14.123000,BOT,77,0 days 00:01:37.297000,9.0,1.0,,Valtteri Bottas,,0 days 00:00:30.846000,0 days 00:00:42.413000,0 days 00:00:24.038000,0 days 00:47:07.723000,0 days 00:47:50.136000,0 days 00:48:14.174000,234.0,248.0,278.0,293.0,False,SOFT,12.0,False,Mercedes,0 days 00:46:36.826000,,1,4.0,False,,False,True,26.2,54.3,1003.5,False,29.1,355,2.4,True,False,False,False,False,False,+7.020,+3.835,7.02,3.835,2894.123,97.297,,,30.846,42.413,24.038,2827.723,2870.136,2894.174,2796.826
2019,Bahrain Grand Prix,2,Bahrain,Sakhir,0 days 00:49:51.803000,BOT,77,0 days 00:01:37.680000,10.0,1.0,,Valtteri Bottas,,0 days 00:00:30.956000,0 days 00:00:42.772000,0 days 00:00:23.952000,0 days 00:48:45.130000,0 days 00:49:27.902000,0 days 00:49:51.854000,235.0,245.0,279.0,294.0,False,SOFT,13.0,False,Mercedes,0 days 00:48:14.123000,,1,4.0,False,,False,True,26.2,54.3,1003.6,False,28.9,41,2.7,True,False,False,False,False,False,+7.436,+3.174,7.436,3.174,2991.803,97.68,,,30.956,42.772,23.952,2925.13,2967.902,2991.854,2894.123
2019,Bahrain Grand Prix,2,Bahrain,Sakhir,0 days 00:51:29.961000,BOT,77,0 days 00:01:38.158000,11.0,1.0,,Valtteri Bottas,,0 days 00:00:30.802000,0 days 00:00:43.356000,0 days 00:00:24,0 days 00:50:22.656000,0 days 00:51:06.012000,0 days 00:51:30.012000,234.0,246.0,280.0,292.0,False,SOFT,14.0,False,Mercedes,0 days 00:49:51.803000,,1,4.0,False,,False,True,26.1,54.7,1003.5,False,28.9,53,3.1,True,False,False,False,False,False,+8.407,+4.013,8.407,4.013,3089.961,98.158,,,30.802,43.356,24.0,3022.656,3066.012,3090.012,2991.803
2019,Bahrain Grand Prix,2,Bahrain,Sakhir,0 days 00:53:10.146000,BOT,77,0 days 00:01:40.185000,12.0,1.0,,Valtteri Bottas,0 days 00:53:08.437000,0 days 00:00:31.024000,0 days 00:00:42.756000,0 days 00:00:26.405000,0 days 00:52:01.036000,0 days 00:52:43.792000,0 days 00:53:10.197000,235.0,246.0,,298.0,False,SOFT,15.0,False,Mercedes,0 days 00:51:29.961000,,12,4.0,False,,False,False,26.1,55.1,1003.5,False,28.8,334,2.5,True,True,False,False,False,False,+8.727,+4.477,8.727,4.477,3190.146,100.185,3188.437,,31.024,42.756,26.405,3121.036,3163.792,3190.197,3089.961
2019,Bahrain Grand Prix,2,Bahrain,Sakhir,0 days 00:55:07.176000,BOT,77,0 days 00:01:57.030000,13.0,2.0,0 days 00:53:33.300000,Valtteri Bottas,,0 days 00:00:51.726000,0 days 00:00:41.801000,0 days 00:00:23.503000,0 days 00:54:01.923000,0 days 00:54:43.724000,0 days 00:55:07.227000,239.0,254.0,292.0,222.0,False,MEDIUM,1.0,True,Mercedes,0 days 00:53:10.146000,,1,6.0,False,,False,False,26.1,54.9,1003.6,False,28.8,31,2.5,True,False,False,False,False,False,+27.062,+0.543,27.062,0.543,3307.176,117.03,,3213.3,51.726,41.801,23.503,3241.923,3283.724,3307.227,3190.146
2019,Bahrain Grand Prix,2,Bahrain,Sakhir,0 days 00:56:42.962000,BOT,77,0 days 00:01:35.786000,14.0,2.0,,Valtteri Bottas,,0 days 00:00:30.208000,0 days 00:00:42.087000,0 days 00:00:23.491000,0 days 00:55:37.435000,0 days 00:56:19.522000,0 days 00:56:43.013000,232.0,251.0,281.0,306.0,True,MEDIUM,2.0,True,Mercedes,0 days 00:55:07.176000,,1,5.0,False,,False,True,26.1,55.2,1003.7,False,28.9,352,1.6,True,False,False,False,False,False,+8.966,+4.727,8.966,4.727,3402.962,95.786,,,30.208,42.087,23.491,3337.435,3379.522,3403.013,3307.176
2019,Bahrain Grand Prix,2,Bahrain,Sakhir,0 days 00:58:18.760000,BOT,77,0 days 00:01:35.798000,15.0,2.0,,Valtteri Bottas,,0 days 00:00:30.264000,0 days 00:00:42.055000,0 days 00:00:23.479000,0 days 00:57:13.277000,0 days 00:57:55.332000,0 days 00:58:18.811000,235.0,246.0,280.0,291.0,False,MEDIUM,3.0,True,Mercedes,0 days 00:56:42.962000,,1,5.0,False,,False,True,26.1,55.1,1003.8,False,28.8,29,1.8,True,False,False,False,False,False,+9.633,+3.053,9.633,3.053,3498.76,95.798,,,30.264,42.055,23.479,3433.277,3475.332,3498.811,3402.962
2019,Bahrain Grand Prix,2,Bahrain,Sakhir,0 days 00:59:55.332000,BOT,77,0 days 00:01:36.572000,16.0,2.0,,Valtteri Bottas,,0 days 00:00:30.308000,0 days 00:00:42.669000,0 days 00:00:23.595000,0 days 00:58:49.119000,0 days 00:59:31.788000,0 days 00:59:55.383000,228.0,244.0,281.0,298.0,False,MEDIUM,4.0,True,Mercedes,0 days 00:58:18.760000,,1,5.0,False,,False,True,26.1,55.3,1003.7,False,28.8,17,2.0,True,False,False,False,False,False,+11.380,+2.611,11.38,2.611,3595.332,96.572,,,30.308,42.669,23.595,3529.119,3571.788,3595.383,3498.76
2019,Bahrain Grand Prix,2,Bahrain,Sakhir,0 days 01:01:31.988000,BOT,77,0 days 00:01:36.656000,17.0,2.0,,Valtteri Bottas,,0 days 00:00:30.350000,0 days 00:00:42.587000,0 days 00:00:23.719000,0 days 01:00:25.733000,0 days 01:01:08.320000,0 days 01:01:32.039000,228.0,246.0,285.0,299.0,False,MEDIUM,5.0,True,Mercedes,0 days 00:59:55.332000,,1,5.0,False,,False,True,26.1,55.5,1003.7,False,28.7,34,2.4,True,False,False,False,False,False,+12.837,+0.565,12.837,0.565,3691.988,96.656,,,30.35,42.587,23.719,3625.733,3668.32,3692.039,3595.332
2019,Bahrain Grand Prix,2,Bahrain,Sakhir,0 days 01:03:08.648000,BOT,77,0 days 00:01:36.660000,18.0,2.0,,Valtteri Bottas,,0 days 00:00:30.482000,0 days 00:00:42.648000,0 days 00:00:23.530000,0 days 01:02:02.521000,0 days 01:02:45.169000,0 days 01:03:08.699000,233.0,248.0,281.0,307.0,False,MEDIUM,6.0,True,Mercedes,0 days 01:01:31.988000,,1,4.0,False,,False,True,26.1,55.3,1003.7,False,28.7,2,2.7,True,False,False,False,False,False,+14.017,+6.806,14.017,6.806,3788.648,96.66,,,30.482,42.648,23.53,3722.521,3765.169,3788.699,3691.988
2019,Bahrain Grand Prix,2,Bahrain,Sakhir,0 days 01:04:45.203000,BOT,77,0 days 00:01:36.555000,19.0,2.0,,Valtteri Bottas,,0 days 00:00:30.532000,0 days 00:00:42.536000,0 days 00:00:23.487000,0 days 01:03:39.231000,0 days 01:04:21.767000,0 days 01:04:45.254000,233.0,248.0,281.0,299.0,False,MEDIUM,7.0,True,Mercedes,0 days 01:03:08.648000,,1,4.0,False,,False,True,26.1,54.8,1003.7,False,28.8,85,2.2,True,False,False,False,False,False,+14.803,+7.816,14.803,7.816,3885.203,96.555,,,30.532,42.536,23.487,3819.231,3861.767,3885.254,3788.648
2019,Bahrain Grand Prix,2,Bahrain,Sakhir,0 days 01:06:21.646000,BOT,77,0 days 00:01:36.443000,20.0,2.0,,Valtteri Bottas,,0 days 00:00:30.406000,0 days 00:00:42.535000,0 days 00:00:23.502000,0 days 01:05:15.660000,0 days 01:05:58.195000,0 days 01:06:21.697000,230.0,248.0,282.0,300.0,False,MEDIUM,8.0,True,Mercedes,0 days 01:04:45.203000,,1,4.0,False,,False,True,26.1,54.0,1003.7,False,28.8,59,2.3,True,False,False,False,False,False,+15.194,+8.138,15.194,8.138,3981.646,96.443,,,30.406,42.535,23.502,3915.66,3958.195,3981.697,3885.203
2019,Bahrain Grand Prix,2,Bahrain,Sakhir,0 days 01:07:58.215000,BOT,77,0 days 00:01:36.569000,21.0,2.0,,Valtteri Bottas,,0 days 00:00:30.516000,0 days 00:00:42.436000,0 days 00:00:23.617000,0 days 01:06:52.213000,0 days 01:07:34.649000,0 days 01:07:58.266000,229.0,247.0,281.0,298.0,False,MEDIUM,9.0,True,Mercedes,0 days 01:06:21.646000,,1,4.0,False,,False,True,26.3,53.4,1003.5,False,29.0,31,3.0,True,False,False,False,False,False,+15.770,+8.495,15.77,8.495,4078.215,96.569,,,30.516,42.436,23.617,4012.213,4054.649,4078.266,3981.646
2019,Bahrain Grand Prix,2,Bahrain,Sakhir,0 days 01:09:34.758000,BOT,77,0 days 00:01:36.543000,22.0,2.0,,Valtteri Bottas,,0 days 00:00:30.824000,0 days 00:00:42.214000,0 days 00:00:23.505000,0 days 01:08:29.090000,0 days 01:09:11.304000,0 days 01:09:34.809000,236.0,245.0,281.0,293.0,False,MEDIUM,10.0,True,Mercedes,0 days 01:07:58.215000,,1,4.0,False,,False,True,26.3,52.8,1003.5,False,28.8,50,2.2,True,False,False,False,False,False,+16.209,+8.548,16.209,8.548,4174.758,96.543,,,30.824,42.214,23.505,4109.09,4151.304,4174.809,4078.215
2019,Bahrain Grand Prix,2,Bahrain,Sakhir,0 days 01:11:11.426000,BOT,77,0 days 00:01:36.668000,23.0,2.0,,Valtteri Bottas,,0 days 00:00:30.666000,0 days 00:00:42.381000,0 days 00:00:23.621000,0 days 01:10:05.475000,0 days 01:10:47.856000,0 days 01:11:11.477000,238.0,246.0,281.0,292.0,False,MEDIUM,11.0,True,Mercedes,0 days 01:09:34.758000,,1,4.0,False,,False,True,26.3,52.2,1003.6,False,28.9,63,2.5,True,False,False,False,False,False,+16.773,+8.277,16.773,8.277,4271.426,96.668,,,30.666,42.381,23.621,4205.475,4247.856,4271.477,4174.758
2019,Bahrain Grand Prix,2,Bahrain,Sakhir,0 days 01:12:48.379000,BOT,77,0 days 00:01:36.953000,24.0,2.0,,Valtteri Bottas,,0 days 00:00:30.821000,0 days 00:00:42.442000,0 days 00:00:23.690000,0 days 01:11:42.298000,0 days 01:12:24.740000,0 days 01:12:48.430000,238.0,247.0,281.0,300.0,False,MEDIUM,12.0,True,Mercedes,0 days 01:11:11.426000,,1,4.0,False,,False,True,26.4,51.3,1003.3,False,28.9,9,2.9,True,False,False,False,False,False,+17.489,+8.242,17.489,8.242,4368.379,96.953,,,30.821,42.442,23.69,4302.298,4344.74,4368.43,4271.426
2019,Bahrain Grand Prix,2,Bahrain,Sakhir,0 days 01:14:25.686000,BOT,77,0 days 00:01:37.307000,25.0,2.0,,Valtteri Bottas,,0 days 00:00:30.556000,0 days 00:00:43.016000,0 days 00:00:23.735000,0 days 01:13:18.986000,0 days 01:14:02.002000,0 days 01:14:25.737000,237.0,246.0,281.0,294.0,False,MEDIUM,13.0,True,Mercedes,0 days 01:12:48.379000,,1,4.0,False,,False,True,26.5,51.3,1003.5,False,28.9,12,1.9,True,False,False,False,False,False,+18.522,+8.611,18.522,8.611,4465.686,97.307,,,30.556,43.016,23.735,4398.986,4442.002,4465.737,4368.379
2019,Bahrain Grand Prix,2,Bahrain,Sakhir,0 days 01:16:03.034000,BOT,77,0 days 00:01:37.348000,26.0,2.0,,Valtteri Bottas,,0 days 00:00:30.550000,0 days 00:00:42.991000,0 days 00:00:23.807000,0 days 01:14:56.287000,0 days 01:15:39.278000,0 days 01:16:03.085000,238.0,250.0,281.0,295.0,False,MEDIUM,14.0,True,Mercedes,0 days 01:14:25.686000,,1,4.0,False,,False,True,26.5,51.3,1003.4,False,28.9,31,2.7,True,False,False,False,False,False,+19.567,+9.125,19.567,9.125,4563.034,97.348,,,30.55,42.991,23.807,4496.287,4539.278,4563.085,4465.686
2019,Bahrain Grand Prix,2,Bahrain,Sakhir,0 days 01:17:40.424000,BOT,77,0 days 00:01:37.390000,27.0,2.0,,Valtteri Bottas,,0 days 00:00:30.730000,0 days 00:00:42.770000,0 days 00:00:23.890000,0 days 01:16:33.815000,0 days 01:17:16.585000,0 days 01:17:40.475000,236.0,244.0,279.0,299.0,False,MEDIUM,15.0,True,Mercedes,0 days 01:16:03.034000,,1,4.0,False,,False,True,26.5,50.4,1003.3,False,28.8,44,2.5,True,False,False,False,False,False,+19.981,+9.421,19.981,9.421,4660.424,97.39,,,30.73,42.77,23.89,4593.815,4636.585,4660.475,4563.034
2019,Bahrain Grand Prix,2,Bahrain,Sakhir,0 days 01:19:18.537000,BOT,77,0 days 00:01:38.113000,28.0,2.0,,Valtteri Bottas,,0 days 00:00:31.103000,0 days 00:00:43.260000,0 days 00:00:23.750000,0 days 01:18:11.578000,0 days 01:18:54.838000,0 days 01:19:18.588000,238.0,247.0,280.0,292.0,False,MEDIUM,16.0,True,Mercedes,0 days 01:17:40.424000,,1,4.0,False,,False,True,26.5,50.0,1003.3,False,28.8,30,2.4,True,False,False,False,False,False,+20.860,+10.308,20.86,10.308,4758.537,98.113,,,31.103,43.26,23.75,4691.578,4734.838,4758.588,4660.424
2019,Bahrain Grand Prix,2,Bahrain,Sakhir,0 days 01:20:55.763000,BOT,77,0 days 00:01:37.226000,29.0,2.0,,Valtteri Bottas,,0 days 00:00:30.871000,0 days 00:00:42.624000,0 days 00:00:23.731000,0 days 01:19:49.459000,0 days 01:20:32.083000,0 days 01:20:55.814000,236.0,245.0,280.0,296.0,False,MEDIUM,17.0,True,Mercedes,0 days 01:19:18.537000,,1,4.0,False,,False,True,26.6,48.9,1003.3,False,28.9,12,2.3,True,False,False,False,False,False,+21.328,+10.048,21.328,10.048,4855.763,97.226,,,30.871,42.624,23.731,4789.459,4832.083,4855.814,4758.537
2019,Bahrain Grand Prix,2,Bahrain,Sakhir,0 days 01:22:33.283000,BOT,77,0 days 00:01:37.520000,30.0,2.0,,Valtteri Bottas,,0 days 00:00:30.981000,0 days 00:00:42.859000,0 days 00:00:23.680000,0 days 01:21:26.795000,0 days 01:22:09.654000,0 days 01:22:33.334000,237.0,247.0,281.0,296.0,False,MEDIUM,18.0,True,Mercedes,0 days 01:20:55.763000,,1,4.0,False,,False,True,26.6,48.9,1003.4,False,28.7,22,2.9,True,False,False,False,False,False,+21.812,+10.444,21.812,10.444,4953.283,97.52,,,30.981,42.859,23.68,4886.795,4929.654,4953.334,4855.763
2019,Bahrain Grand Prix,2,Bahrain,Sakhir,0 days 01:24:10.604000,BOT,77,0 days 00:01:37.321000,31.0,2.0,,Valtteri Bottas,,0 days 00:00:30.868000,0 days 00:00:42.745000,0 days 00:00:23.708000,0 days 01:23:04.202000,0 days 01:23:46.947000,0 days 01:24:10.655000,238.0,249.0,280.0,295.0,False,MEDIUM,19.0,True,Mercedes,0 days 01:22:33.283000,,1,4.0,False,,False,True,26.6,49.1,1003.3,False,28.6,41,2.5,True,False,False,False,False,False,+22.455,+10.318,22.455,10.318,5050.604,97.321,,,30.868,42.745,23.708,4984.202,5026.947,5050.655,4953.283
2019,Bahrain Grand Prix,2,Bahrain,Sakhir,0 days 01:25:48.526000,BOT,77,0 days 00:01:37.922000,32.0,2.0,,Valtteri Bottas,,0 days 00:00:31.040000,0 days 00:00:43.176000,0 days 00:00:23.706000,0 days 01:24:41.695000,0 days 01:25:24.871000,0 days 01:25:48.577000,238.0,249.0,280.0,301.0,False,MEDIUM,20.0,True,Mercedes,0 days 01:24:10.604000,,1,4.0,False,,False,True,26.6,49.4,1003.3,False,28.6,9,2.4,True,False,False,False,False,False,+23.209,+10.153,23.209,10.153,5148.526,97.922,,,31.04,43.176,23.706,5081.695,5124.871,5148.577,5050.604
2019,Bahrain Grand Prix,2,Bahrain,Sakhir,0 days 01:27:26.182000,BOT,77,0 days 00:01:37.656000,33.0,2.0,,Valtteri Bottas,,0 days 00:00:30.928000,0 days 00:00:42.906000,0 days 00:00:23.822000,0 days 01:26:19.505000,0 days 01:27:02.411000,0 days 01:27:26.233000,238.0,249.0,281.0,297.0,False,MEDIUM,21.0,True,Mercedes,0 days 01:25:48.526000,,1,4.0,False,,False,True,26.6,49.5,1003.2,False,28.5,36,3.1,True,False,False,False,False,False,+24.231,+10.643,24.231,10.643,5246.182,97.656,,,30.928,42.906,23.822,5179.505,5222.411,5246.233,5148.526
2019,Bahrain Grand Prix,2,Bahrain,Sakhir,0 days 01:29:03.620000,BOT,77,0 days 00:01:37.438000,34.0,2.0,,Valtteri Bottas,,0 days 00:00:30.809000,0 days 00:00:42.832000,0 days 00:00:23.797000,0 days 01:27:57.042000,0 days 01:28:39.874000,0 days 01:29:03.671000,237.0,247.0,282.0,295.0,False,MEDIUM,22.0,True,Mercedes,0 days 01:27:26.182000,,1,4.0,False,,False,True,26.6,49.9,1003.2,False,28.4,38,2.6,True,False,False,False,False,False,+24.580,+10.501,24.58,10.501,5343.62,97.438,,,30.809,42.832,23.797,5277.042,5319.874,5343.671,5246.182
2019,Bahrain Grand Prix,2,Bahrain,Sakhir,0 days 01:30:40.516000,BOT,77,0 days 00:01:36.896000,35.0,2.0,,Valtteri Bottas,,0 days 00:00:30.675000,0 days 00:00:42.562000,0 days 00:00:23.659000,0 days 01:29:34.346000,0 days 01:30:16.908000,0 days 01:30:40.567000,238.0,247.0,282.0,296.0,False,MEDIUM,23.0,True,Mercedes,0 days 01:29:03.620000,,1,3.0,False,,False,True,26.5,50.0,1003.4,False,28.3,357,2.9,True,False,False,False,False,False,+24.562,+14.936,24.562,14.936,5440.516,96.896,,,30.675,42.562,23.659,5374.346,5416.908,5440.567,5343.62
2019,Bahrain Grand Prix,2,Bahrain,Sakhir,0 days 01:32:18.444000,BOT,77,0 days 00:01:37.928000,36.0,2.0,,Valtteri Bottas,,0 days 00:00:30.887000,0 days 00:00:43.273000,0 days 00:00:23.768000,0 days 01:31:11.454000,0 days 01:31:54.727000,0 days 01:32:18.495000,239.0,249.0,282.0,295.0,False,MEDIUM,24.0,True,Mercedes,0 days 01:30:40.516000,,1,2.0,False,,False,True,26.5,50.2,1003.4,False,28.3,50,2.3,True,False,False,False,False,False,+24.456,+24.456,24.456,24.456,5538.444,97.928,,,30.887,43.273,23.768,5471.454,5514.727,5538.495,5440.516
2019,Bahrain Grand Prix,2,Bahrain,Sakhir,0 days 01:34:00.157000,BOT,77,0 days 00:01:41.713000,37.0,2.0,,Valtteri Bottas,0 days 01:33:58.444000,0 days 00:00:31.297000,0 days 00:00:43.347000,0 days 00:00:27.069000,0 days 01:32:49.792000,0 days 01:33:33.139000,0 days 01:34:00.208000,240.0,246.0,,302.0,False,MEDIUM,25.0,True,Mercedes,0 days 01:32:18.444000,,1,4.0,False,,False,False,26.5,50.5,1003.3,False,28.3,65,2.0,True,False,False,False,False,False,+6.157,+0.598,6.157,0.598,5640.157,101.713,5638.444,,31.297,43.347,27.069,5569.792,5613.139,5640.208,5538.444
2019,Bahrain Grand Prix,2,Bahrain,Sakhir,0 days 01:35:57.702000,BOT,77,0 days 00:01:57.545000,38.0,2.0,0 days 01:34:22.851000,Valtteri Bottas,,0 days 00:00:51.664000,0 days 00:00:42.077000,0 days 00:00:23.804000,0 days 01:34:51.872000,0 days 01:35:33.949000,0 days 01:35:57.753000,241.0,247.0,284.0,220.0,False,MEDIUM,26.0,True,Mercedes,0 days 01:34:00.157000,,12,3.0,False,,False,False,26.5,50.9,1003.2,False,28.2,55,3.0,True,True,False,False,False,False,+32.876,+0.226,32.876,0.226,5757.702,117.545,,5662.851,51.664,42.077,23.804,5691.872,5733.949,5757.753,5640.157
2019,Bahrain Grand Prix,2,Bahrain,Sakhir,0 days 01:37:33.459000,BOT,77,0 days 00:01:35.757000,39.0,2.0,,Valtteri Bottas,,0 days 00:00:30.200000,0 days 00:00:42.097000,0 days 00:00:23.460000,0 days 01:36:27.953000,0 days 01:37:10.050000,0 days 01:37:33.510000,242.0,248.0,283.0,306.0,True,MEDIUM,27.0,True,Mercedes,0 days 01:35:57.702000,,1,3.0,False,,False,True,26.4,51.3,1003.3,False,28.1,52,2.8,True,False,False,False,False,False,+34.136,+26.293,34.136,26.293,5853.459,95.757,,,30.2,42.097,23.46,5787.953,5830.05,5853.51,5757.702
2019,Bahrain Grand Prix,2,Bahrain,Sakhir,0 days 01:39:09.363000,BOT,77,0 days 00:01:35.904000,40.0,3.0,,Valtteri Bottas,,0 days 00:00:30.512000,0 days 00:00:42.089000,0 days 00:00:23.303000,0 days 01:38:04.022000,0 days 01:38:46.111000,0 days 01:39:09.414000,238.0,250.0,284.0,292.0,False,SOFT,2.0,False,Mercedes,0 days 01:37:33.459000,,12,3.0,False,,False,True,26.4,51.5,1003.3,False,28.0,45,2.4,True,True,False,False,False,False,+35.639,+26.887,35.639,26.887,5949.363,95.904,,,30.512,42.089,23.303,5884.022,5926.111,5949.414,5853.459
2019,Bahrain Grand Prix,2,Bahrain,Sakhir,0 days 01:40:45.402000,BOT,77,0 days 00:01:36.039000,41.0,3.0,,Valtteri Bottas,,0 days 00:00:30.478000,0 days 00:00:42.110000,0 days 00:00:23.451000,0 days 01:39:39.892000,0 days 01:40:22.002000,0 days 01:40:45.453000,241.0,246.0,291.0,297.0,False,SOFT,3.0,False,Mercedes,0 days 01:39:09.363000,,1,3.0,False,,False,True,26.4,51.7,1003.2,False,28.0,31,2.6,True,False,False,False,False,False,+37.280,+27.538,37.28,27.538,6045.402,96.039,,,30.478,42.11,23.451,5979.892,6022.002,6045.453,5949.363
2019,Bahrain Grand Prix,2,Bahrain,Sakhir,0 days 01:42:19.611000,BOT,77,0 days 00:01:34.209000,42.0,3.0,,Valtteri Bottas,,0 days 00:00:29.526000,0 days 00:00:41.312000,0 days 00:00:23.371000,0 days 01:41:14.979000,0 days 01:41:56.291000,0 days 01:42:19.662000,243.0,256.0,283.0,325.0,True,SOFT,4.0,False,Mercedes,0 days 01:40:45.402000,,1,3.0,False,,False,True,26.4,51.8,1003.2,False,28.0,23,3.3,True,False,False,False,False,False,+36.814,+26.378,36.814,26.378,6139.611,94.209,,,29.526,41.312,23.371,6074.979,6116.291,6139.662,6045.402
2019,Bahrain Grand Prix,2,Bahrain,Sakhir,0 days 01:43:57.602000,BOT,77,0 days 00:01:37.991000,43.0,3.0,,Valtteri Bottas,,0 days 00:00:30.798000,0 days 00:00:43.492000,0 days 00:00:23.701000,0 days 01:42:50.460000,0 days 01:43:33.952000,0 days 01:43:57.653000,238.0,248.0,282.0,295.0,False,SOFT,5.0,False,Mercedes,0 days 01:42:19.611000,,12,3.0,False,,False,True,26.3,51.8,1003.2,False,28.0,22,3.4,True,True,False,False,False,False,+39.498,+29.662,39.498,29.662,6237.602,97.991,,,30.798,43.492,23.701,6170.46,6213.952,6237.653,6139.611
2019,Bahrain Grand Prix,2,Bahrain,Sakhir,0 days 01:45:33.782000,BOT,77,0 days 00:01:36.180000,44.0,3.0,,Valtteri Bottas,,0 days 00:00:30.757000,0 days 00:00:42.081000,0 days 00:00:23.342000,0 days 01:44:28.410000,0 days 01:45:10.491000,0 days 01:45:33.833000,239.0,244.0,281.0,292.0,False,SOFT,6.0,False,Mercedes,0 days 01:43:57.602000,,1,3.0,False,,False,True,26.3,52.0,1003.1,False,28.0,69,3.2,True,False,False,False,False,False,+40.184,+30.758,40.184,30.758,6333.782,96.18,,,30.757,42.081,23.342,6268.41,6310.491,6333.833,6237.602
2019,Bahrain Grand Prix,2,Bahrain,Sakhir,0 days 01:47:09.691000,BOT,77,0 days 00:01:35.909000,45.0,3.0,,Valtteri Bottas,,0 days 00:00:30.481000,0 days 00:00:42.133000,0 days 00:00:23.295000,0 days 01:46:04.314000,0 days 01:46:46.447000,0 days 01:47:09.742000,238.0,246.0,282.0,298.0,False,SOFT,7.0,False,Mercedes,0 days 01:45:33.782000,,1,3.0,False,,False,True,26.3,52.3,1003.3,False,27.8,62,2.6,True,False,False,False,False,False,+40.122,+31.559,40.122,31.559,6429.691,95.909,,,30.481,42.133,23.295,6364.314,6406.447,6429.742,6333.782
2019,Bahrain Grand Prix,2,Bahrain,Sakhir,0 days 01:48:45.361000,BOT,77,0 days 00:01:35.670000,46.0,3.0,,Valtteri Bottas,,0 days 00:00:30.374000,0 days 00:00:41.953000,0 days 00:00:23.343000,0 days 01:47:40.116000,0 days 01:48:22.069000,0 days 01:48:45.412000,238.0,246.0,284.0,298.0,False,SOFT,8.0,False,Mercedes,0 days 01:47:09.691000,,1,3.0,False,,False,True,26.3,52.7,1003.2,False,27.7,63,3.1,True,False,False,False,False,False,+37.834,+30.874,37.834,30.874,6525.361,95.67,,,30.374,41.953,23.343,6460.116,6502.069,6525.412,6429.691
2019,Bahrain Grand Prix,2,Bahrain,Sakhir,0 days 01:50:20.717000,BOT,77,0 days 00:01:35.356000,47.0,3.0,,Valtteri Bottas,,0 days 00:00:30.417000,0 days 00:00:41.765000,0 days 00:00:23.174000,0 days 01:49:15.829000,0 days 01:49:57.594000,0 days 01:50:20.768000,241.0,246.0,285.0,301.0,False,SOFT,9.0,False,Mercedes,0 days 01:48:45.361000,,1,3.0,False,,False,True,26.2,52.8,1003.2,False,27.7,63,2.8,True,False,False,False,False,False,+33.357,+30.535,33.357,30.535,6620.717,95.356,,,30.417,41.765,23.174,6555.829,6597.594,6620.768,6525.361
2019,Bahrain Grand Prix,2,Bahrain,Sakhir,0 days 01:51:56.034000,BOT,77,0 days 00:01:35.317000,48.0,3.0,,Valtteri Bottas,,0 days 00:00:30.268000,0 days 00:00:41.854000,0 days 00:00:23.195000,0 days 01:50:51.036000,0 days 01:51:32.890000,0 days 01:51:56.085000,240.0,252.0,284.0,296.0,False,SOFT,10.0,False,Mercedes,0 days 01:50:20.717000,,1,3.0,False,,False,True,26.2,53.0,1003.3,False,27.7,60,2.9,True,False,False,False,False,False,+28.820,+28.220,28.82,28.22,6716.034,95.317,,,30.268,41.854,23.195,6651.036,6692.89,6716.085,6620.717
2019,Bahrain Grand Prix,2,Bahrain,Sakhir,0 days 01:53:31.402000,BOT,77,0 days 00:01:35.368000,49.0,3.0,,Valtteri Bottas,,0 days 00:00:30.381000,0 days 00:00:41.714000,0 days 00:00:23.273000,0 days 01:52:26.466000,0 days 01:53:08.180000,0 days 01:53:31.453000,241.0,253.0,284.0,306.0,False,SOFT,11.0,False,Mercedes,0 days 01:51:56.034000,,1,3.0,False,,False,True,26.2,53.3,1003.4,False,27.6,56,3.3,True,False,False,False,False,False,+27.405,+22.969,27.405,22.969,6811.402,95.368,,,30.381,41.714,23.273,6746.466,6788.18,6811.453,6716.034
2019,Bahrain Grand Prix,2,Bahrain,Sakhir,0 days 01:55:06.808000,BOT,77,0 days 00:01:35.406000,50.0,3.0,,Valtteri Bottas,,0 days 00:00:30.461000,0 days 00:00:41.667000,0 days 00:00:23.278000,0 days 01:54:01.914000,0 days 01:54:43.581000,0 days 01:55:06.859000,239.0,252.0,284.0,297.0,False,SOFT,12.0,False,Mercedes,0 days 01:53:31.402000,,1,3.0,False,,False,True,26.1,53.5,1003.2,False,27.5,58,2.9,True,False,False,False,False,False,+26.502,+15.968,26.502,15.968,6906.808,95.406,,,30.461,41.667,23.278,6841.914,6883.581,6906.859,6811.402
2019,Bahrain Grand Prix,2,Bahrain,Sakhir,0 days 01:56:42.446000,BOT,77,0 days 00:01:35.638000,51.0,3.0,,Valtteri Bottas,,0 days 00:00:30.303000,0 days 00:00:41.867000,0 days 00:00:23.468000,0 days 01:55:37.162000,0 days 01:56:19.029000,0 days 01:56:42.497000,240.0,246.0,284.0,301.0,False,SOFT,13.0,False,Mercedes,0 days 01:55:06.808000,,1,3.0,False,,False,True,26.1,53.6,1003.0,False,27.5,19,3.6,True,False,False,False,False,False,+25.736,+11.444,25.736,11.444,7002.446,95.638,,,30.303,41.867,23.468,6937.162,6979.029,7002.497,6906.808
2019,Bahrain Grand Prix,2,Bahrain,Sakhir,0 days 01:58:18.142000,BOT,77,0 days 00:01:35.696000,52.0,3.0,,Valtteri Bottas,,0 days 00:00:30.223000,0 days 00:00:42.196000,0 days 00:00:23.277000,0 days 01:57:12.720000,0 days 01:57:54.916000,0 days 01:58:18.193000,242.0,250.0,284.0,305.0,False,SOFT,14.0,False,Mercedes,0 days 01:56:42.446000,,1,3.0,False,,False,True,26.1,53.7,1003.4,False,27.5,57,2.9,True,False,False,False,False,False,+23.434,+5.659,23.434,5.659,7098.142,95.696,,,30.223,42.196,23.277,7032.72,7074.916,7098.193,7002.446
2019,Bahrain Grand Prix,2,Bahrain,Sakhir,0 days 01:59:54.602000,BOT,77,0 days 00:01:36.460000,53.0,3.0,,Valtteri Bottas,,0 days 00:00:30.375000,0 days 00:00:42.401000,0 days 00:00:23.684000,0 days 01:58:48.568000,0 days 01:59:30.969000,0 days 01:59:54.653000,241.0,246.0,294.0,299.0,False,SOFT,15.0,False,Mercedes,0 days 01:58:18.142000,,1,3.0,False,,False,True,26.1,53.9,1003.3,False,27.6,30,2.3,True,False,False,False,False,False,+23.277,+0.605,23.277,0.605,7194.602,96.46,,,30.375,42.401,23.684,7128.568,7170.969,7194.653,7098.142
2019,Bahrain Grand Prix,2,Bahrain,Sakhir,0 days 02:01:30.399000,BOT,77,0 days 00:01:35.797000,54.0,3.0,,Valtteri Bottas,,0 days 00:00:30.144000,0 days 00:00:42.286000,0 days 00:00:23.367000,0 days 02:00:24.797000,0 days 02:01:07.083000,0 days 02:01:30.450000,241.0,247.0,282.0,314.0,False,SOFT,16.0,False,Mercedes,0 days 01:59:54.602000,,12,2.0,False,,False,True,26.1,54.0,1003.3,False,27.6,39,3.0,True,True,False,False,False,False,+22.204,+22.204,22.204,22.204,7290.399,95.797,,,30.144,42.286,23.367,7224.797,7267.083,7290.45,7194.602
2019,Bahrain Grand Prix,2,Bahrain,Sakhir,0 days 02:03:28.153000,BOT,77,0 days 00:01:57.754000,55.0,3.0,,Valtteri Bottas,,0 days 00:00:31.083000,0 days 00:00:56.596000,0 days 00:00:30.075000,0 days 02:02:01.533000,0 days 02:02:58.129000,0 days 02:03:28.204000,240.0,212.0,211.0,263.0,False,SOFT,17.0,False,Mercedes,0 days 02:01:30.399000,,24,2.0,False,,False,False,26.1,53.8,1003.2,False,27.6,40,2.7,False,True,True,False,False,False,+29.986,+29.986,29.986,29.986,7408.153,117.754,,,31.083,56.596,30.075,7321.533,7378.129,7408.204,7290.399
2019,Bahrain Grand Prix,2,Bahrain,Sakhir,0 days 02:05:41.778000,BOT,77,0 days 00:02:13.625000,56.0,3.0,,Valtteri Bottas,,0 days 00:00:42.443000,0 days 00:00:57.589000,0 days 00:00:33.593000,0 days 02:04:10.647000,0 days 02:05:08.236000,0 days 02:05:41.829000,139.0,197.0,207.0,229.0,False,SOFT,18.0,False,Mercedes,0 days 02:03:28.153000,,4,2.0,False,,False,False,26.1,53.9,1003.1,False,27.5,25,3.4,False,False,True,False,False,False,+20.975,+20.975,20.975,20.975,7541.778,133.625,,,42.443,57.589,33.593,7450.647,7508.236,7541.829,7408.153
2019,Bahrain Grand Prix,2,Bahrain,Sakhir,0 days 02:07:55.855000,BOT,77,0 days 00:02:14.077000,57.0,3.0,,Valtteri Bottas,,0 days 00:00:36.670000,0 days 00:01:01.579000,0 days 00:00:35.828000,0 days 02:06:18.499000,0 days 02:07:20.078000,0 days 02:07:55.906000,179.0,135.0,252.0,279.0,False,SOFT,19.0,False,Mercedes,0 days 02:05:41.778000,,4,2.0,False,,False,False,26.1,53.8,1003.1,False,27.6,24,3.4,False,False,True,False,False,False,+2.982,+2.982,2.982,2.982,7675.855,134.077,,,36.67,61.579,35.828,7578.499,7640.078,7675.906,7541.778
2019,Bahrain Grand Prix,2,Bahrain,Sakhir,0 days 00:35:51.544000,GRO,8,0 days 00:02:19.964000,1.0,1.0,,Romain Grosjean,0 days 00:35:49.928000,,0 days 00:00:57.463000,0 days 00:00:39.367000,,0 days 00:35:12.241000,0 days 00:35:51.656000,170.0,153.0,,222.0,False,SOFT,4.0,False,Haas F1 Team,0 days 00:33:31.386000,,12,20.0,False,,False,False,26.1,54.5,1003.3,False,29.2,16,2.3,True,True,False,False,False,False,+39.153,+7.432,39.153,7.432,2151.544,139.964,2149.928,,,57.463,39.367,,2112.241,2151.656,2011.386
2019,Bahrain Grand Prix,2,Bahrain,Sakhir,0 days 00:37:56.559000,GRO,8,0 days 00:02:05.015000,2.0,2.0,0 days 00:36:21.899000,Romain Grosjean,,0 days 00:00:59.108000,0 days 00:00:42.289000,0 days 00:00:23.618000,0 days 00:36:50.704000,0 days 00:37:32.993000,0 days 00:37:56.611000,236.0,247.0,275.0,213.0,False,MEDIUM,1.0,True,Haas F1 Team,0 days 00:35:51.544000,,12,20.0,False,,False,False,26.1,53.9,1003.5,False,29.3,22,2.3,True,True,False,False,False,False,+70.810,+4.919,70.81,4.919,2276.559,125.015,,2181.899,59.108,42.289,23.618,2210.704,2252.993,2276.611,2151.544
2019,Bahrain Grand Prix,2,Bahrain,Sakhir,0 days 00:39:33.821000,GRO,8,0 days 00:01:37.262000,3.0,2.0,,Romain Grosjean,,0 days 00:00:30.869000,0 days 00:00:42.323000,0 days 00:00:24.070000,0 days 00:38:27.480000,0 days 00:39:09.803000,0 days 00:39:33.873000,237.0,252.0,274.0,292.0,True,MEDIUM,2.0,True,Haas F1 Team,0 days 00:37:56.559000,,12,20.0,False,,False,True,26.2,53.8,1003.4,False,29.3,36,1.9,True,True,False,False,False,False,+71.107,+4.362,71.107,4.362,2373.821,97.262,,,30.869,42.323,24.07,2307.48,2349.803,2373.873,2276.559
2019,Bahrain Grand Prix,2,Bahrain,Sakhir,0 days 00:41:11.774000,GRO,8,0 days 00:01:37.953000,4.0,2.0,,Romain Grosjean,,0 days 00:00:30.996000,0 days 00:00:42.755000,0 days 00:00:24.202000,0 days 00:40:04.869000,0 days 00:40:47.624000,0 days 00:41:11.826000,234.0,242.0,273.0,290.0,False,MEDIUM,3.0,True,Haas F1 Team,0 days 00:39:33.821000,,1,20.0,False,,False,True,26.2,54.0,1003.4,False,29.3,10,1.9,True,False,False,False,False,False,+71.725,+3.983,71.725,3.983,2471.774,97.953,,,30.996,42.755,24.202,2404.869,2447.624,2471.826,2373.821
2019,Bahrain Grand Prix,2,Bahrain,Sakhir,0 days 00:42:50.177000,GRO,8,0 days 00:01:38.403000,5.0,2.0,,Romain Grosjean,,0 days 00:00:31.269000,0 days 00:00:42.894000,0 days 00:00:24.240000,0 days 00:41:43.095000,0 days 00:42:25.989000,0 days 00:42:50.229000,235.0,247.0,274.0,291.0,False,MEDIUM,4.0,True,Haas F1 Team,0 days 00:41:11.774000,,12,19.0,False,,False,True,26.2,53.9,1003.5,False,29.2,29,3.1,True,True,False,False,False,False,+71.981,+4.470,71.981,4.47,2570.177,98.403,,,31.269,42.894,24.24,2503.095,2545.989,2570.229,2471.774
2019,Bahrain Grand Prix,2,Bahrain,Sakhir,0 days 00:44:29.057000,GRO,8,0 days 00:01:38.880000,6.0,2.0,,Romain Grosjean,,0 days 00:00:31.512000,0 days 00:00:43.029000,0 days 00:00:24.339000,0 days 00:43:21.741000,0 days 00:44:04.770000,0 days 00:44:29.109000,235.0,248.0,274.0,291.0,False,MEDIUM,5.0,True,Haas F1 Team,0 days 00:42:50.177000,,1,19.0,False,,False,True,26.2,54.2,1003.5,False,29.3,59,3.4,True,False,False,False,False,False,+73.996,+5.448,73.996,5.448,2669.057,98.88,,,31.512,43.029,24.339,2601.741,2644.77,2669.109,2570.177
2019,Bahrain Grand Prix,2,Bahrain,Sakhir,0 days 00:46:07.494000,GRO,8,0 days 00:01:38.437000,7.0,2.0,,Romain Grosjean,,0 days 00:00:31.254000,0 days 00:00:42.931000,0 days 00:00:24.252000,0 days 00:45:00.363000,0 days 00:45:43.294000,0 days 00:46:07.546000,235.0,246.0,274.0,291.0,False,MEDIUM,6.0,True,Haas F1 Team,0 days 00:44:29.057000,,1,19.0,False,,False,True,26.2,54.3,1003.5,False,29.2,15,2.3,True,False,False,False,False,False,+75.362,+5.528,75.362,5.528,2767.494,98.437,,,31.254,42.931,24.252,2700.363,2743.294,2767.546,2669.057
2019,Bahrain Grand Prix,2,Bahrain,Sakhir,0 days 00:47:45.815000,GRO,8,0 days 00:01:38.321000,8.0,2.0,,Romain Grosjean,,0 days 00:00:31.326000,0 days 00:00:42.900000,0 days 00:00:24.095000,0 days 00:46:38.872000,0 days 00:47:21.772000,0 days 00:47:45.867000,233.0,245.0,274.0,291.0,False,MEDIUM,7.0,True,Haas F1 Team,0 days 00:46:07.494000,,1,19.0,False,,False,True,26.2,54.3,1003.5,False,29.1,355,2.4,True,False,False,False,False,False,+75.900,+5.443,75.9,5.443,2865.815,98.321,,,31.326,42.9,24.095,2798.872,2841.772,2865.867,2767.494
2019,Bahrain Grand Prix,2,Bahrain,Sakhir,0 days 00:49:24.671000,GRO,8,0 days 00:01:38.856000,9.0,2.0,,Romain Grosjean,,0 days 00:00:30.953000,0 days 00:00:43.020000,0 days 00:00:24.883000,0 days 00:48:16.820000,0 days 00:48:59.840000,0 days 00:49:24.723000,235.0,247.0,269.0,291.0,False,MEDIUM,8.0,True,Haas F1 Team,0 days 00:47:45.815000,,1,19.0,False,,False,True,26.2,54.4,1003.6,False,29.1,49,2.9,True,False,False,False,False,False,+77.516,+5.000,77.516,5.0,2964.671,98.856,,,30.953,43.02,24.883,2896.82,2939.84,2964.723,2865.815
2019,Bahrain Grand Prix,2,Bahrain,Sakhir,0 days 00:51:03.636000,GRO,8,0 days 00:01:38.965000,10.0,2.0,,Romain Grosjean,,0 days 00:00:31.282000,0 days 00:00:43.146000,0 days 00:00:24.537000,0 days 00:49:56.005000,0 days 00:50:39.151000,0 days 00:51:03.688000,232.0,248.0,273.0,292.0,False,MEDIUM,9.0,True,Haas F1 Team,0 days 00:49:24.671000,,1,19.0,False,,False,True,26.1,54.7,1003.5,False,28.9,53,3.1,True,False,False,False,False,False,+79.234,+5.605,79.234,5.605,3063.636,98.965,,,31.282,43.146,24.537,2996.005,3039.151,3063.688,2964.671
2019,Bahrain Grand Prix,2,Bahrain,Sakhir,0 days 00:52:42.998000,GRO,8,0 days 00:01:39.362000,11.0,2.0,,Romain Grosjean,,0 days 00:00:31.586000,0 days 00:00:43.455000,0 days 00:00:24.321000,0 days 00:51:35.274000,0 days 00:52:18.729000,0 days 00:52:43.050000,232.0,246.0,275.0,292.0,False,MEDIUM,10.0,True,Haas F1 Team,0 days 00:51:03.636000,,1,19.0,False,,False,True,26.1,55.1,1003.5,False,28.8,334,2.5,True,False,False,False,False,False,+81.417,+6.697,81.417,6.697,3162.998,99.362,,,31.586,43.455,24.321,3095.274,3138.729,3163.05,3063.636
2019,Bahrain Grand Prix,2,Bahrain,Sakhir,0 days 00:54:21.625000,GRO,8,0 days 00:01:38.627000,12.0,2.0,,Romain Grosjean,,0 days 00:00:31.092000,0 days 00:00:43.310000,0 days 00:00:24.225000,0 days 00:53:14.142000,0 days 00:53:57.452000,0 days 00:54:21.677000,234.0,246.0,274.0,291.0,False,MEDIUM,11.0,True,Haas F1 Team,0 days 00:52:42.998000,,12,19.0,False,,False,True,26.1,55.0,1003.5,False,28.8,33,1.7,True,True,False,False,False,False,+82.584,+7.111,82.584,7.111,3261.625,98.627,,,31.092,43.31,24.225,3194.142,3237.452,3261.677,3162.998
2019,Bahrain Grand Prix,2,Bahrain,Sakhir,0 days 00:56:00.187000,GRO,8,0 days 00:01:38.562000,13.0,2.0,,Romain Grosjean,,0 days 00:00:31.102000,0 days 00:00:43.122000,0 days 00:00:24.338000,0 days 00:54:52.779000,0 days 00:55:35.901000,0 days 00:56:00.239000,233.0,247.0,274.0,294.0,False,MEDIUM,12.0,True,Haas F1 Team,0 days 00:54:21.625000,,1,19.0,False,,False,True,26.1,55.2,1003.6,False,28.8,4,2.5,True,False,False,False,False,False,+79.997,+7.180,79.997,7.18,3360.187,98.562,,,31.102,43.122,24.338,3292.779,3335.901,3360.239,3261.625
2019,Bahrain Grand Prix,2,Bahrain,Sakhir,0 days 00:57:38.693000,GRO,8,0 days 00:01:38.506000,14.0,2.0,,Romain Grosjean,,0 days 00:00:31.310000,0 days 00:00:43.082000,0 days 00:00:24.114000,0 days 00:56:31.549000,0 days 00:57:14.631000,0 days 00:57:38.745000,235.0,249.0,274.0,292.0,False,MEDIUM,13.0,True,Haas F1 Team,0 days 00:56:00.187000,,1,19.0,False,,False,True,26.1,55.1,1003.8,False,28.8,29,1.8,True,False,False,False,False,False,+63.443,+7.281,63.443,7.281,3458.693,98.506,,,31.31,43.082,24.114,3391.549,3434.631,3458.745,3360.187
2019,Bahrain Grand Prix,2,Bahrain,Sakhir,0 days 00:59:17.463000,GRO,8,0 days 00:01:38.770000,15.0,2.0,,Romain Grosjean,,0 days 00:00:31.236000,0 days 00:00:43.229000,0 days 00:00:24.305000,0 days 00:58:09.981000,0 days 00:58:53.210000,0 days 00:59:17.515000,233.0,250.0,275.0,293.0,False,MEDIUM,14.0,True,Haas F1 Team,0 days 00:57:38.693000,,1,19.0,False,,False,True,26.1,55.2,1003.7,False,28.8,26,2.1,True,False,False,False,False,False,+68.304,+7.082,68.304,7.082,3557.463,98.77,,,31.236,43.229,24.305,3489.981,3533.21,3557.515,3458.693
2019,Bahrain Grand Prix,2,Bahrain,Sakhir,0 days 01:01:00.342000,GRO,8,0 days 00:01:42.879000,16.0,2.0,,Romain Grosjean,0 days 01:00:58.679000,0 days 00:00:31.337000,0 days 00:00:43.817000,0 days 00:00:27.725000,0 days 00:59:48.852000,0 days 01:00:32.669000,0 days 01:01:00.394000,233.0,239.0,,293.0,False,MEDIUM,15.0,True,Haas F1 Team,0 days 00:59:17.463000,,1,20.0,False,,False,False,26.1,55.5,1003.7,False,28.8,47,2.1,True,False,False,False,False,False,+73.439,+8.265,73.439,8.265,3660.342,102.879,3658.679,,31.337,43.817,27.725,3588.852,3632.669,3660.394,3557.463
2019,Bahrain Grand Prix,2,Bahrain,Sakhir,0 days 00:35:18.878000,KUB,88,0 days 00:01:47.298000,1.0,1.0,,Robert Kubica,,,0 days 00:00:44.745000,0 days 00:00:24.965000,,0 days 00:34:53.959000,0 days 00:35:19.035000,216.0,242.0,282.0,214.0,False,MEDIUM,1.0,True,Williams,0 days 00:33:31.386000,,12,17.0,False,,False,False,26.1,54.5,1003.3,False,29.2,16,2.3,True,True,False,False,False,False,+9.765,+0.696,9.765,0.696,2118.878,107.298,,,,44.745,24.965,,2093.959,2119.035,2011.386
2019,Bahrain Grand Prix,2,Bahrain,Sakhir,0 days 00:36:59.919000,KUB,88,0 days 00:01:41.041000,2.0,1.0,,Robert Kubica,,0 days 00:00:31.913000,0 days 00:00:43.964000,0 days 00:00:25.164000,0 days 00:35:50.812000,0 days 00:36:34.776000,0 days 00:36:59.940000,230.0,246.0,276.0,288.0,True,MEDIUM,2.0,True,Williams,0 days 00:35:18.878000,,12,17.0,False,,False,True,26.1,53.9,1003.5,False,29.3,22,2.3,True,True,False,False,False,False,+14.174,+1.450,14.174,1.45,2219.919,101.041,,,31.913,43.964,25.164,2150.812,2194.776,2219.94,2118.878
2019,Bahrain Grand Prix,2,Bahrain,Sakhir,0 days 00:38:40.294000,KUB,88,0 days 00:01:40.375000,3.0,1.0,,Robert Kubica,,0 days 00:00:31.746000,0 days 00:00:43.895000,0 days 00:00:24.734000,0 days 00:37:31.686000,0 days 00:38:15.581000,0 days 00:38:40.315000,225.0,242.0,275.0,287.0,True,MEDIUM,3.0,True,Williams,0 days 00:36:59.919000,,1,17.0,False,,False,True,26.2,53.6,1003.4,False,29.3,11,1.6,True,False,False,False,False,False,+17.579,+3.060,17.579,3.06,2320.294,100.375,,,31.746,43.895,24.734,2251.686,2295.581,2320.315,2219.919
2019,Bahrain Grand Prix,2,Bahrain,Sakhir,0 days 00:40:22.132000,KUB,88,0 days 00:01:41.838000,4.0,1.0,,Robert Kubica,,0 days 00:00:32.558000,0 days 00:00:44.285000,0 days 00:00:24.995000,0 days 00:39:12.873000,0 days 00:39:57.158000,0 days 00:40:22.153000,224.0,236.0,285.0,285.0,False,MEDIUM,4.0,True,Williams,0 days 00:38:40.294000,,12,17.0,False,,False,True,26.2,53.8,1003.4,False,29.3,36,1.9,True,True,False,False,False,False,+22.134,+0.904,22.134,0.904,2422.132,101.838,,,32.558,44.285,24.995,2352.873,2397.158,2422.153,2320.294
2019,Bahrain Grand Prix,2,Bahrain,Sakhir,0 days 00:42:02.090000,KUB,88,0 days 00:01:39.958000,5.0,1.0,,Robert Kubica,,0 days 00:00:31.254000,0 days 00:00:43.941000,0 days 00:00:24.763000,0 days 00:40:53.407000,0 days 00:41:37.348000,0 days 00:42:02.111000,223.0,239.0,285.0,320.0,True,MEDIUM,5.0,True,Williams,0 days 00:40:22.132000,,1,17.0,False,,False,True,26.2,54.0,1003.5,False,29.2,41,3.1,True,False,False,False,False,False,+23.942,+0.931,23.942,0.931,2522.09,99.958,,,31.254,43.941,24.763,2453.407,2497.348,2522.111,2422.132
2019,Bahrain Grand Prix,2,Bahrain,Sakhir,0 days 00:43:42.299000,KUB,88,0 days 00:01:40.209000,6.0,1.0,,Robert Kubica,,0 days 00:00:31.303000,0 days 00:00:44.136000,0 days 00:00:24.770000,0 days 00:42:33.414000,0 days 00:43:17.550000,0 days 00:43:42.320000,233.0,239.0,276.0,322.0,False,MEDIUM,6.0,True,Williams,0 days 00:42:02.090000,,12,16.0,False,,False,True,26.2,54.2,1003.5,False,29.3,59,3.4,True,True,False,False,False,False,+27.244,+7.292,27.244,7.292,2622.299,100.209,,,31.303,44.136,24.77,2553.414,2597.55,2622.32,2522.09
2019,Bahrain Grand Prix,2,Bahrain,Sakhir,0 days 00:45:22.370000,KUB,88,0 days 00:01:40.071000,7.0,1.0,,Robert Kubica,,0 days 00:00:31.697000,0 days 00:00:43.535000,0 days 00:00:24.839000,0 days 00:44:14.017000,0 days 00:44:57.552000,0 days 00:45:22.391000,233.0,243.0,276.0,293.0,False,MEDIUM,7.0,True,Williams,0 days 00:43:42.299000,,1,16.0,False,,False,True,26.2,54.3,1003.4,False,29.2,3,2.3,True,False,False,False,False,False,+30.249,+7.493,30.249,7.493,2722.37,100.071,,,31.697,43.535,24.839,2654.017,2697.552,2722.391,2622.299
2019,Bahrain Grand Prix,2,Bahrain,Sakhir,0 days 00:47:02.519000,KUB,88,0 days 00:01:40.149000,8.0,1.0,,Robert Kubica,,0 days 00:00:31.614000,0 days 00:00:43.572000,0 days 00:00:24.963000,0 days 00:45:54.005000,0 days 00:46:37.577000,0 days 00:47:02.540000,233.0,243.0,277.0,295.0,False,MEDIUM,8.0,True,Williams,0 days 00:45:22.370000,,1,16.0,False,,False,True,26.2,54.2,1003.6,False,29.1,40,2.9,True,False,False,False,False,False,+32.615,+12.893,32.615,12.893,2822.519,100.149,,,31.614,43.572,24.963,2754.005,2797.577,2822.54,2722.37
2019,Bahrain Grand Prix,2,Bahrain,Sakhir,0 days 00:48:42.948000,KUB,88,0 days 00:01:40.429000,9.0,1.0,,Robert Kubica,,0 days 00:00:31.637000,0 days 00:00:43.901000,0 days 00:00:24.891000,0 days 00:47:34.177000,0 days 00:48:18.078000,0 days 00:48:42.969000,233.0,245.0,277.0,293.0,False,MEDIUM,9.0,True,Williams,0 days 00:47:02.519000,,1,15.0,False,,False,True,26.2,54.4,1003.6,False,29.1,49,2.9,True,False,False,False,False,False,+35.836,+10.305,35.836,10.305,2922.948,100.429,,,31.637,43.901,24.891,2854.177,2898.078,2922.969,2822.519
2019,Bahrain Grand Prix,2,Bahrain,Sakhir,0 days 00:50:23.153000,KUB,88,0 days 00:01:40.205000,10.0,1.0,,Robert Kubica,,0 days 00:00:31.621000,0 days 00:00:43.684000,0 days 00:00:24.900000,0 days 00:49:14.590000,0 days 00:49:58.274000,0 days 00:50:23.174000,234.0,242.0,276.0,294.0,False,MEDIUM,10.0,True,Williams,0 days 00:48:42.948000,,1,12.0,False,,False,True,26.2,54.3,1003.6,False,28.9,41,2.7,True,False,False,False,False,False,+38.770,+13.067,38.77,13.067,3023.153,100.205,,,31.621,43.684,24.9,2954.59,2998.274,3023.174,2922.948
2019,Bahrain Grand Prix,2,Bahrain,Sakhir,0 days 00:52:06.816000,KUB,88,0 days 00:01:43.663000,11.0,1.0,,Robert Kubica,0 days 00:52:05.260000,0 days 00:00:31.641000,0 days 00:00:44.249000,0 days 00:00:27.773000,0 days 00:50:54.815000,0 days 00:51:39.064000,0 days 00:52:06.837000,234.0,242.0,,295.0,False,MEDIUM,11.0,True,Williams,0 days 00:50:23.153000,,1,13.0,False,,False,False,26.1,54.9,1003.6,False,28.8,22,1.9,True,False,False,False,False,False,+42.480,+2.704,42.48,2.704,3126.816,103.663,3125.26,,31.641,44.249,27.773,3054.815,3099.064,3126.837,3023.153
2019,Bahrain Grand Prix,2,Bahrain,Sakhir,0 days 00:54:04.687000,KUB,88,0 days 00:01:57.871000,12.0,2.0,0 days 00:52:29.750000,Robert Kubica,,0 days 00:00:51.663000,0 days 00:00:42.208000,0 days 00:00:24,0 days 00:52:58.500000,0 days 00:53:40.708000,0 days 00:54:04.708000,237.0,247.0,280.0,222.0,False,SOFT,1.0,True,Williams,0 days 00:52:06.816000,,12,17.0,False,,False,False,26.1,55.0,1003.5,False,28.8,33,1.7,True,True,False,False,False,False,+65.672,+18.242,65.672,18.242,3244.687,117.871,,3149.75,51.663,42.208,24.0,3178.5,3220.708,3244.708,3126.816
2019,Bahrain Grand Prix,2,Bahrain,Sakhir,0 days 00:55:42.590000,KUB,88,0 days 00:01:37.903000,13.0,2.0,,Robert Kubica,,0 days 00:00:31.155000,0 days 00:00:42.575000,0 days 00:00:24.173000,0 days 00:54:35.863000,0 days 00:55:18.438000,0 days 00:55:42.611000,233.0,245.0,278.0,303.0,True,SOFT,2.0,True,Williams,0 days 00:54:04.687000,,1,15.0,False,,False,True,26.1,55.2,1003.6,False,28.8,4,2.5,True,False,False,False,False,False,+62.419,+17.332,62.419,17.332,3342.59,97.903,,,31.155,42.575,24.173,3275.863,3318.438,3342.611,3244.687
2019,Bahrain Grand Prix,2,Bahrain,Sakhir,0 days 00:57:21.088000,KUB,88,0 days 00:01:38.498000,14.0,2.0,,Robert Kubica,,0 days 00:00:31.330000,0 days 00:00:42.871000,0 days 00:00:24.297000,0 days 00:56:13.941000,0 days 00:56:56.812000,0 days 00:57:21.109000,234.0,244.0,278.0,288.0,False,SOFT,3.0,True,Williams,0 days 00:55:42.590000,,1,15.0,False,,False,True,26.1,55.2,1003.7,False,28.9,352,1.6,True,False,False,False,False,False,+45.857,+18.932,45.857,18.932,3441.088,98.498,,,31.33,42.871,24.297,3373.941,3416.812,3441.109,3342.59
2019,Bahrain Grand Prix,2,Bahrain,Sakhir,0 days 00:59:00.782000,KUB,88,0 days 00:01:39.694000,15.0,2.0,,Robert Kubica,,0 days 00:00:31.301000,0 days 00:00:43.940000,0 days 00:00:24.453000,0 days 00:57:52.410000,0 days 00:58:36.350000,0 days 00:59:00.803000,236.0,244.0,287.0,290.0,False,SOFT,4.0,True,Williams,0 days 00:57:21.088000,,1,16.0,False,,False,True,26.1,55.2,1003.7,False,28.8,26,2.1,True,False,False,False,False,False,+51.676,+1.283,51.676,1.283,3540.782,99.694,,,31.301,43.94,24.453,3472.41,3516.35,3540.803,3441.088
2019,Bahrain Grand Prix,2,Bahrain,Sakhir,0 days 01:00:39.425000,KUB,88,0 days 00:01:38.643000,16.0,2.0,,Robert Kubica,,0 days 00:00:30.772000,0 days 00:00:43.358000,0 days 00:00:24.513000,0 days 00:59:31.575000,0 days 01:00:14.933000,0 days 01:00:39.446000,235.0,242.0,279.0,316.0,False,SOFT,5.0,True,Williams,0 days 00:59:00.782000,,1,16.0,False,,False,True,26.1,55.5,1003.7,False,28.8,47,2.1,True,False,False,False,False,False,+55.457,+2.336,55.457,2.336,3639.425,98.643,,,30.772,43.358,24.513,3571.575,3614.933,3639.446,3540.782
2019,Bahrain Grand Prix,2,Bahrain,Sakhir,0 days 01:02:19.148000,KUB,88,0 days 00:01:39.723000,17.0,2.0,,Robert Kubica,,0 days 00:00:31.528000,0 days 00:00:43.804000,0 days 00:00:24.391000,0 days 01:01:10.974000,0 days 01:01:54.778000,0 days 01:02:19.169000,236.0,245.0,279.0,295.0,False,SOFT,6.0,True,Williams,0 days 01:00:39.425000,,1,16.0,False,,False,True,26.1,55.5,1003.7,False,28.7,34,2.4,True,False,False,False,False,False,+59.968,+3.766,59.968,3.766,3739.148,99.723,,,31.528,43.804,24.391,3670.974,3714.778,3739.169,3639.425
2019,Bahrain Grand Prix,2,Bahrain,Sakhir,0 days 01:03:58.230000,KUB,88,0 days 00:01:39.082000,18.0,2.0,,Robert Kubica,,0 days 00:00:31.295000,0 days 00:00:43.335000,0 days 00:00:24.452000,0 days 01:02:50.464000,0 days 01:03:33.799000,0 days 01:03:58.251000,236.0,243.0,279.0,298.0,False,SOFT,7.0,True,Williams,0 days 01:02:19.148000,,1,16.0,False,,False,True,26.1,55.2,1003.7,False,28.7,27,2.1,True,False,False,False,False,False,+63.586,+5.489,63.586,5.489,3838.23,99.082,,,31.295,43.335,24.452,3770.464,3813.799,3838.251,3739.148
2019,Bahrain Grand Prix,2,Bahrain,Sakhir,0 days 01:05:37.632000,KUB,88,0 days 00:01:39.402000,19.0,2.0,,Robert Kubica,,0 days 00:00:31.324000,0 days 00:00:43.670000,0 days 00:00:24.408000,0 days 01:04:29.575000,0 days 01:05:13.245000,0 days 01:05:37.653000,237.0,239.0,279.0,293.0,False,SOFT,8.0,True,Williams,0 days 01:03:58.230000,,1,16.0,False,,False,True,26.1,54.0,1003.7,False,28.8,59,2.3,True,False,False,False,False,False,+67.218,+7.096,67.218,7.096,3937.632,99.402,,,31.324,43.67,24.408,3869.575,3913.245,3937.653,3838.23
2019,Bahrain Grand Prix,2,Bahrain,Sakhir,0 days 01:07:17.582000,KUB,88,0 days 00:01:39.950000,20.0,2.0,,Robert Kubica,,0 days 00:00:31.541000,0 days 00:00:43.938000,0 days 00:00:24.471000,0 days 01:06:09.194000,0 days 01:06:53.132000,0 days 01:07:17.603000,235.0,241.0,278.0,298.0,False,SOFT,9.0,True,Williams,0 days 01:05:37.632000,,1,16.0,False,,False,True,26.2,53.6,1003.7,False,29.0,345,2.5,True,False,False,False,False,False,+71.111,+9.218,71.111,9.218,4037.582,99.95,,,31.541,43.938,24.471,3969.194,4013.132,4037.603,3937.632
2019,Bahrain Grand Prix,2,Bahrain,Sakhir,0 days 01:08:57.386000,KUB,88,0 days 00:01:39.804000,21.0,2.0,,Robert Kubica,,0 days 00:00:31.582000,0 days 00:00:43.870000,0 days 00:00:24.352000,0 days 01:07:49.185000,0 days 01:08:33.055000,0 days 01:08:57.407000,228.0,241.0,279.0,297.0,False,SOFT,10.0,True,Williams,0 days 01:07:17.582000,,1,16.0,False,,False,True,26.3,53.1,1003.6,False,28.8,30,2.2,True,False,False,False,False,False,+74.927,+11.235,74.927,11.235,4137.386,99.804,,,31.582,43.87,24.352,4069.185,4113.055,4137.407,4037.582
2019,Bahrain Grand Prix,2,Bahrain,Sakhir,0 days 01:10:38.548000,KUB,88,0 days 00:01:41.162000,22.0,2.0,,Robert Kubica,,0 days 00:00:32.428000,0 days 00:00:43.937000,0 days 00:00:24.797000,0 days 01:09:29.835000,0 days 01:10:13.772000,0 days 01:10:38.569000,229.0,248.0,286.0,297.0,False,SOFT,11.0,True,Williams,0 days 01:08:57.386000,,1,17.0,False,,False,True,26.3,52.2,1003.6,False,28.9,63,2.5,True,False,False,False,False,False,+80.012,+1.140,80.012,1.14,4238.548,101.162,,,32.428,43.937,24.797,4169.835,4213.772,4238.569,4137.386
2019,Bahrain Grand Prix,2,Bahrain,Sakhir,0 days 01:12:18.378000,KUB,88,0 days 00:01:39.830000,23.0,2.0,,Robert Kubica,,0 days 00:00:31.196000,0 days 00:00:43.852000,0 days 00:00:24.782000,0 days 01:11:09.765000,0 days 01:11:53.617000,0 days 01:12:18.399000,232.0,238.0,286.0,323.0,False,SOFT,12.0,True,Williams,0 days 01:10:38.548000,,1,17.0,False,,False,True,26.4,51.9,1003.6,False,28.9,59,2.1,True,False,False,False,False,False,+83.740,+1.094,83.74,1.094,4338.378,99.83,,,31.196,43.852,24.782,4269.765,4313.617,4338.399,4238.548
2019,Bahrain Grand Prix,2,Bahrain,Sakhir,0 days 01:13:58.955000,KUB,88,0 days 00:01:40.577000,24.0,2.0,,Robert Kubica,,0 days 00:00:31.251000,0 days 00:00:44.406000,0 days 00:00:24.920000,0 days 01:12:49.650000,0 days 01:13:34.056000,0 days 01:13:58.976000,233.0,242.0,279.0,323.0,False,SOFT,13.0,True,Williams,0 days 01:12:18.378000,,1,17.0,False,,False,True,26.5,51.3,1003.5,False,28.9,12,1.9,True,False,False,False,False,False,+88.056,+1.990,88.056,1.99,4438.955,100.577,,,31.251,44.406,24.92,4369.65,4414.056,4438.976,4338.378
2019,Bahrain Grand Prix,2,Bahrain,Sakhir,0 days 01:15:39.430000,KUB,88,0 days 00:01:40.475000,25.0,2.0,,Robert Kubica,,0 days 00:00:31.573000,0 days 00:00:44.180000,0 days 00:00:24.722000,0 days 01:14:30.549000,0 days 01:15:14.729000,0 days 01:15:39.451000,235.0,244.0,279.0,303.0,False,SOFT,14.0,True,Williams,0 days 01:13:58.955000,,1,17.0,False,,False,True,26.5,51.3,1003.4,False,28.9,31,2.7,True,False,False,False,False,False,+92.252,+2.575,92.252,2.575,4539.43,100.475,,,31.573,44.18,24.722,4470.549,4514.729,4539.451,4438.955
2019,Bahrain Grand Prix,2,Bahrain,Sakhir,0 days 01:17:21.488000,KUB,88,0 days 00:01:42.058000,26.0,2.0,,Robert Kubica,,0 days 00:00:31.810000,0 days 00:00:44.260000,0 days 00:00:25.988000,0 days 01:16:11.261000,0 days 01:16:55.521000,0 days 01:17:21.509000,235.0,241.0,288.0,293.0,False,SOFT,15.0,True,Williams,0 days 01:15:39.430000,,1,17.0,False,,False,True,26.5,50.9,1003.4,False,28.8,39,2.1,True,False,False,False,False,False,1 L,+4.865,,4.865,4641.488,102.058,,,31.81,44.26,25.988,4571.261,4615.521,4641.509,4539.43
2019,Bahrain Grand Prix,2,Bahrain,Sakhir,0 days 01:19:05.317000,KUB,88,0 days 00:01:43.829000,27.0,2.0,,Robert Kubica,0 days 01:19:03.618000,0 days 00:00:31.360000,0 days 00:00:44.683000,0 days 00:00:27.786000,0 days 01:17:52.869000,0 days 01:18:37.552000,0 days 01:19:05.338000,236.0,245.0,,324.0,False,SOFT,16.0,True,Williams,0 days 01:17:21.488000,,1,16.0,False,,False,False,26.5,50.0,1003.3,False,28.8,30,2.4,True,False,False,False,False,False,1 L,+17.400,,17.4,4745.317,103.829,4743.618,,31.36,44.683,27.786,4672.869,4717.552,4745.338,4641.488
2019,Bahrain Grand Prix,2,Bahrain,Sakhir,0 days 01:21:04.532000,KUB,88,0 days 00:01:59.215000,28.0,3.0,0 days 01:19:28.211000,Robert Kubica,,0 days 00:00:52.001000,0 days 00:00:43.021000,0 days 00:00:24.193000,0 days 01:19:57.339000,0 days 01:20:40.360000,0 days 01:21:04.553000,237.0,253.0,288.0,223.0,False,MEDIUM,2.0,False,Williams,0 days 01:19:05.317000,,1,18.0,False,,False,False,26.6,48.9,1003.3,False,28.9,12,2.3,True,False,False,False,False,False,1 L,+0.860,,0.86,4864.532,119.215,,4768.211,52.001,43.021,24.193,4797.339,4840.36,4864.553,4745.317
2019,Bahrain Grand Prix,2,Bahrain,Sakhir,0 days 01:22:42.712000,KUB,88,0 days 00:01:38.180000,29.0,3.0,,Robert Kubica,,0 days 00:00:30.538000,0 days 00:00:43.234000,0 days 00:00:24.408000,0 days 01:21:35.091000,0 days 01:22:18.325000,0 days 01:22:42.733000,236.0,245.0,282.0,324.0,False,MEDIUM,3.0,False,Williams,0 days 01:21:04.532000,,1,18.0,False,,False,True,26.6,48.9,1003.4,False,28.7,22,2.9,True,False,False,False,False,False,1 L,+1.071,,1.071,4962.712,98.18,,,30.538,43.234,24.408,4895.091,4938.325,4962.733,4864.532
2019,Bahrain Grand Prix,2,Bahrain,Sakhir,0 days 01:24:21.640000,KUB,88,0 days 00:01:38.928000,30.0,3.0,,Robert Kubica,,0 days 00:00:31.245000,0 days 00:00:43.391000,0 days 00:00:24.292000,0 days 01:23:13.978000,0 days 01:23:57.369000,0 days 01:24:21.661000,234.0,245.0,281.0,293.0,False,MEDIUM,4.0,False,Williams,0 days 01:22:42.712000,,1,18.0,False,,False,True,26.6,49.1,1003.3,False,28.6,41,2.5,True,False,False,False,False,False,1 L,+1.263,,1.263,5061.64,98.928,,,31.245,43.391,24.292,4993.978,5037.369,5061.661,4962.712
2019,Bahrain Grand Prix,2,Bahrain,Sakhir,0 days 01:26:01.487000,KUB,88,0 days 00:01:39.847000,31.0,3.0,,Robert Kubica,,0 days 00:00:31.703000,0 days 00:00:43.776000,0 days 00:00:24.368000,0 days 01:24:53.364000,0 days 01:25:37.140000,0 days 01:26:01.508000,236.0,243.0,282.0,295.0,False,MEDIUM,5.0,False,Williams,0 days 01:24:21.640000,,1,19.0,False,,False,True,26.6,49.4,1003.3,False,28.6,9,2.4,True,False,False,False,False,False,1 L,+1.926,,1.926,5161.487,99.847,,,31.703,43.776,24.368,5093.364,5137.14,5161.508,5061.64
2019,Bahrain Grand Prix,2,Bahrain,Sakhir,0 days 01:27:40.454000,KUB,88,0 days 00:01:38.967000,32.0,3.0,,Robert Kubica,,0 days 00:00:31.074000,0 days 00:00:43.577000,0 days 00:00:24.316000,0 days 01:26:32.582000,0 days 01:27:16.159000,0 days 01:27:40.475000,236.0,245.0,282.0,305.0,False,MEDIUM,6.0,False,Williams,0 days 01:26:01.487000,,1,19.0,False,,False,True,26.6,49.7,1003.2,False,28.4,19,2.6,True,False,False,False,False,False,1 L,+3.743,,3.743,5260.454,98.967,,,31.074,43.577,24.316,5192.582,5236.159,5260.475,5161.487
2019,Bahrain Grand Prix,2,Bahrain,Sakhir,0 days 01:29:19.821000,KUB,88,0 days 00:01:39.367000,33.0,3.0,,Robert Kubica,,0 days 00:00:31.210000,0 days 00:00:43.696000,0 days 00:00:24.461000,0 days 01:28:11.685000,0 days 01:28:55.381000,0 days 01:29:19.842000,236.0,246.0,281.0,303.0,False,MEDIUM,7.0,False,Williams,0 days 01:27:40.454000,,1,19.0,False,,False,True,26.6,49.9,1003.2,False,28.4,38,2.6,True,False,False,False,False,False,1 L,+5.311,,5.311,5359.821,99.367,,,31.21,43.696,24.461,5291.685,5335.381,5359.842,5260.454
2019,Bahrain Grand Prix,2,Bahrain,Sakhir,0 days 01:30:59.229000,KUB,88,0 days 00:01:39.408000,34.0,3.0,,Robert Kubica,,0 days 00:00:31.429000,0 days 00:00:43.662000,0 days 00:00:24.317000,0 days 01:29:51.271000,0 days 01:30:34.933000,0 days 01:30:59.250000,237.0,245.0,281.0,292.0,False,MEDIUM,8.0,False,Williams,0 days 01:29:19.821000,,1,19.0,False,,False,True,26.5,50.0,1003.4,False,28.3,357,2.9,True,False,False,False,False,False,1 L,+5.736,,5.736,5459.229,99.408,,,31.429,43.662,24.317,5391.271,5434.933,5459.25,5359.821
2019,Bahrain Grand Prix,2,Bahrain,Sakhir,0 days 01:32:38.660000,KUB,88,0 days 00:01:39.431000,35.0,3.0,,Robert Kubica,,0 days 00:00:31.493000,0 days 00:00:43.555000,0 days 00:00:24.383000,0 days 01:31:30.743000,0 days 01:32:14.298000,0 days 01:32:38.681000,237.0,244.0,281.0,302.0,False,MEDIUM,9.0,False,Williams,0 days 01:30:59.229000,,1,19.0,False,,False,True,26.5,50.5,1003.3,False,28.3,43,3.1,True,False,False,False,False,False,1 L,+7.574,,7.574,5558.66,99.431,,,31.493,43.555,24.383,5490.743,5534.298,5558.681,5459.229
2019,Bahrain Grand Prix,2,Bahrain,Sakhir,0 days 01:34:18.467000,KUB,88,0 days 00:01:39.807000,36.0,3.0,,Robert Kubica,,0 days 00:00:31.429000,0 days 00:00:44.108000,0 days 00:00:24.270000,0 days 01:33:10.110000,0 days 01:33:54.218000,0 days 01:34:18.488000,236.0,243.0,281.0,297.0,False,MEDIUM,10.0,False,Williams,0 days 01:32:38.660000,,1,19.0,False,,False,True,26.5,50.5,1003.3,False,28.3,65,2.0,True,False,False,False,False,False,1 L,+9.319,,9.319,5658.467,99.807,,,31.429,44.108,24.27,5590.11,5634.218,5658.488,5558.66
2019,Bahrain Grand Prix,2,Bahrain,Sakhir,0 days 01:35:59.542000,KUB,88,0 days 00:01:41.075000,37.0,3.0,,Robert Kubica,,0 days 00:00:31.351000,0 days 00:00:45.091000,0 days 00:00:24.633000,0 days 01:34:49.839000,0 days 01:35:34.930000,0 days 01:35:59.563000,236.0,246.0,282.0,299.0,False,MEDIUM,11.0,False,Williams,0 days 01:34:18.467000,,12,19.0,False,,False,True,26.5,50.9,1003.2,False,28.2,55,3.0,True,True,False,False,False,False,1 L,+10.976,,10.976,5759.542,101.075,,,31.351,45.091,24.633,5689.839,5734.93,5759.563,5658.467
2019,Bahrain Grand Prix,2,Bahrain,Sakhir,0 days 01:37:40.133000,KUB,88,0 days 00:01:40.591000,38.0,3.0,,Robert Kubica,,0 days 00:00:31.253000,0 days 00:00:44.899000,0 days 00:00:24.439000,0 days 01:36:30.816000,0 days 01:37:15.715000,0 days 01:37:40.154000,237.0,242.0,281.0,306.0,False,MEDIUM,12.0,False,Williams,0 days 01:35:59.542000,,1,19.0,False,,False,True,26.4,51.3,1003.3,False,28.1,52,2.8,True,False,False,False,False,False,1 L,+12.194,,12.194,5860.133,100.591,,,31.253,44.899,24.439,5790.816,5835.715,5860.154,5759.542
2019,Bahrain Grand Prix,2,Bahrain,Sakhir,0 days 01:39:19.881000,KUB,88,0 days 00:01:39.748000,39.0,3.0,,Robert Kubica,,0 days 00:00:31.414000,0 days 00:00:43.837000,0 days 00:00:24.497000,0 days 01:38:11.568000,0 days 01:38:55.405000,0 days 01:39:19.902000,239.0,241.0,281.0,294.0,False,MEDIUM,13.0,False,Williams,0 days 01:37:40.133000,,12,19.0,False,,False,True,26.4,51.5,1003.3,False,28.0,45,2.4,True,True,False,False,False,False,1 L,+13.038,,13.038,5959.881,99.748,,,31.414,43.837,24.497,5891.568,5935.405,5959.902,5860.133
2019,Bahrain Grand Prix,2,Bahrain,Sakhir,0 days 01:40:59.269000,KUB,88,0 days 00:01:39.388000,40.0,3.0,,Robert Kubica,,0 days 00:00:31.445000,0 days 00:00:43.572000,0 days 00:00:24.371000,0 days 01:39:51.347000,0 days 01:40:34.919000,0 days 01:40:59.290000,237.0,243.0,282.0,303.0,False,MEDIUM,14.0,False,Williams,0 days 01:39:19.881000,,1,19.0,False,,False,True,26.4,51.7,1003.2,False,28.0,31,2.6,True,False,False,False,False,False,1 L,+13.861,,13.861,6059.269,99.388,,,31.445,43.572,24.371,5991.347,6034.919,6059.29,5959.881
2019,Bahrain Grand Prix,2,Bahrain,Sakhir,0 days 01:42:39.048000,KUB,88,0 days 00:01:39.779000,41.0,3.0,,Robert Kubica,,0 days 00:00:31.437000,0 days 00:00:43.945000,0 days 00:00:24.397000,0 days 01:41:30.727000,0 days 01:42:14.672000,0 days 01:42:39.069000,237.0,245.0,282.0,303.0,False,MEDIUM,15.0,False,Williams,0 days 01:40:59.269000,,1,18.0,False,,False,True,26.3,51.7,1003.3,False,28.0,53,2.7,True,False,False,False,False,False,1 L,+14.609,,14.609,6159.048,99.779,,,31.437,43.945,24.397,6090.727,6134.672,6159.069,6059.269
2019,Bahrain Grand Prix,2,Bahrain,Sakhir,0 days 01:44:18.331000,KUB,88,0 days 00:01:39.283000,42.0,3.0,,Robert Kubica,,0 days 00:00:31.388000,0 days 00:00:43.581000,0 days 00:00:24.314000,0 days 01:43:10.457000,0 days 01:43:54.038000,0 days 01:44:18.352000,237.0,245.0,282.0,301.0,False,MEDIUM,16.0,False,Williams,0 days 01:42:39.048000,,12,18.0,False,,False,True,26.3,51.8,1003.2,False,28.0,22,3.4,True,True,False,False,False,False,1 L,+14.122,,14.122,6258.331,99.283,,,31.388,43.581,24.314,6190.457,6234.038,6258.352,6159.048
2019,Bahrain Grand Prix,2,Bahrain,Sakhir,0 days 01:45:58.523000,KUB,88,0 days 00:01:40.192000,43.0,3.0,,Robert Kubica,,0 days 00:00:31.216000,0 days 00:00:44.405000,0 days 00:00:24.571000,0 days 01:44:49.568000,0 days 01:45:33.973000,0 days 01:45:58.544000,236.0,240.0,283.0,299.0,False,MEDIUM,17.0,False,Williams,0 days 01:44:18.331000,,1,19.0,False,,False,True,26.3,52.0,1003.1,False,28.0,69,3.2,True,False,False,False,False,False,1 L,+2.313,,2.313,6358.523,100.192,,,31.216,44.405,24.571,6289.568,6333.973,6358.544,6258.331
2019,Bahrain Grand Prix,2,Bahrain,Sakhir,0 days 01:47:37.912000,KUB,88,0 days 00:01:39.389000,44.0,3.0,,Robert Kubica,,0 days 00:00:31.484000,0 days 00:00:43.554000,0 days 00:00:24.351000,0 days 01:46:30.028000,0 days 01:47:13.582000,0 days 01:47:37.933000,238.0,241.0,282.0,300.0,False,MEDIUM,18.0,False,Williams,0 days 01:45:58.523000,,1,19.0,False,,False,True,26.3,52.5,1003.4,False,27.8,59,2.5,True,False,False,False,False,False,1 L,+5.974,,5.974,6457.912,99.389,,,31.484,43.554,24.351,6390.028,6433.582,6457.933,6358.523
2019,Bahrain Grand Prix,2,Bahrain,Sakhir,0 days 01:49:19.748000,KUB,88,0 days 00:01:41.836000,45.0,3.0,,Robert Kubica,,0 days 00:00:31.307000,0 days 00:00:45.075000,0 days 00:00:25.454000,0 days 01:48:09.240000,0 days 01:48:54.315000,0 days 01:49:19.769000,239.0,246.0,291.0,304.0,False,MEDIUM,19.0,False,Williams,0 days 01:47:37.912000,,1,19.0,False,,False,True,26.3,52.7,1003.2,False,27.7,63,3.1,True,False,False,False,False,False,1 L,+11.388,,11.388,6559.748,101.836,,,31.307,45.075,25.454,6489.24,6534.315,6559.769,6457.912
2019,Bahrain Grand Prix,2,Bahrain,Sakhir,0 days 01:51:03.234000,KUB,88,0 days 00:01:43.486000,46.0,3.0,,Robert Kubica,,0 days 00:00:31.085000,0 days 00:00:46.121000,0 days 00:00:26.280000,0 days 01:49:50.854000,0 days 01:50:36.975000,0 days 01:51:03.255000,235.0,247.0,291.0,312.0,False,MEDIUM,20.0,False,Williams,0 days 01:49:19.748000,,1,19.0,False,,False,True,26.2,52.9,1003.4,False,27.7,39,2.6,True,False,False,False,False,False,1 L,+18.571,,18.571,6663.234,103.486,,,31.085,46.121,26.28,6590.854,6636.975,6663.255,6559.748
2019,Bahrain Grand Prix,2,Bahrain,Sakhir,0 days 01:52:43.888000,KUB,88,0 days 00:01:40.654000,47.0,3.0,,Robert Kubica,,0 days 00:00:31.049000,0 days 00:00:43.802000,0 days 00:00:25.803000,0 days 01:51:34.304000,0 days 01:52:18.106000,0 days 01:52:43.909000,236.0,245.0,290.0,301.0,False,MEDIUM,21.0,False,Williams,0 days 01:51:03.234000,,1,19.0,False,,False,True,26.2,53.2,1003.3,False,27.6,33,3.3,True,False,False,False,False,False,1 L,+23.002,,23.002,6763.888,100.654,,,31.049,43.802,25.803,6694.304,6738.106,6763.909,6663.234
2019,Bahrain Grand Prix,2,Bahrain,Sakhir,0 days 01:54:23.289000,KUB,88,0 days 00:01:39.401000,48.0,3.0,,Robert Kubica,,0 days 00:00:30.936000,0 days 00:00:43.768000,0 days 00:00:24.697000,0 days 01:53:14.845000,0 days 01:53:58.613000,0 days 01:54:23.310000,238.0,248.0,282.0,322.0,False,MEDIUM,22.0,False,Williams,0 days 01:52:43.888000,,1,19.0,False,,False,True,26.2,53.3,1003.4,False,27.6,56,3.3,True,False,False,False,False,False,1 L,+25.172,,25.172,6863.289,99.401,,,30.936,43.768,24.697,6794.845,6838.613,6863.31,6763.888
2019,Bahrain Grand Prix,2,Bahrain,Sakhir,0 days 01:56:02.879000,KUB,88,0 days 00:01:39.590000,49.0,3.0,,Robert Kubica,,0 days 00:00:31.205000,0 days 00:00:43.862000,0 days 00:00:24.523000,0 days 01:54:54.515000,0 days 01:55:38.377000,0 days 01:56:02.900000,241.0,247.0,283.0,306.0,False,MEDIUM,23.0,False,Williams,0 days 01:54:23.289000,,1,19.0,False,,False,True,26.1,53.8,1003.1,False,27.5,60,2.9,True,False,False,False,False,False,1 L,+24.922,,24.922,6962.879,99.59,,,31.205,43.862,24.523,6894.515,6938.377,6962.9,6863.289
2019,Bahrain Grand Prix,2,Bahrain,Sakhir,0 days 01:57:42.822000,KUB,88,0 days 00:01:39.943000,50.0,3.0,,Robert Kubica,,0 days 00:00:31.444000,0 days 00:00:43.994000,0 days 00:00:24.505000,0 days 01:56:34.344000,0 days 01:57:18.338000,0 days 01:57:42.843000,239.0,247.0,284.0,305.0,False,MEDIUM,24.0,False,Williams,0 days 01:56:02.879000,,1,19.0,False,,False,True,26.1,53.7,1003.4,False,27.5,57,2.9,True,False,False,False,False,False,1 L,+23.245,,23.245,7062.822,99.943,,,31.444,43.994,24.505,6994.344,7038.338,7062.843,6962.879
2019,Bahrain Grand Prix,2,Bahrain,Sakhir,0 days 01:59:26.811000,KUB,88,0 days 00:01:43.989000,51.0,3.0,,Robert Kubica,,0 days 00:00:33.290000,0 days 00:00:45.998000,0 days 00:00:24.701000,0 days 01:58:16.133000,0 days 01:59:02.131000,0 days 01:59:26.832000,237.0,242.0,283.0,197.0,False,MEDIUM,25.0,False,Williams,0 days 01:57:42.822000,,1,19.0,False,,False,True,26.1,53.7,1003.3,False,27.5,44,2.5,True,False,False,False,False,False,1 L,+26.092,,26.092,7166.811,103.989,,,33.29,45.998,24.701,7096.133,7142.131,7166.832,7062.822
2019,Bahrain Grand Prix,2,Bahrain,Sakhir,0 days 02:01:10.453000,KUB,88,0 days 00:01:43.642000,52.0,3.0,,Robert Kubica,,0 days 00:00:31.533000,0 days 00:00:47.338000,0 days 00:00:24.771000,0 days 01:59:58.365000,0 days 02:00:45.703000,0 days 02:01:10.474000,237.0,229.0,283.0,305.0,False,MEDIUM,26.0,False,Williams,0 days 01:59:26.811000,,12,19.0,False,,False,True,26.1,53.9,1003.3,False,27.6,52,2.6,True,True,False,False,False,False,2 L,+27.539,,27.539,7270.453,103.642,,,31.533,47.338,24.771,7198.365,7245.703,7270.474,7166.811
2019,Bahrain Grand Prix,2,Bahrain,Sakhir,0 days 02:03:11.530000,KUB,88,0 days 00:02:01.077000,53.0,3.0,,Robert Kubica,,0 days 00:00:32.042000,0 days 00:00:48.179000,0 days 00:00:40.856000,0 days 02:01:42.516000,0 days 02:02:30.695000,0 days 02:03:11.551000,240.0,175.0,173.0,282.0,False,MEDIUM,27.0,False,Williams,0 days 02:01:10.453000,,24,19.0,False,,False,False,26.1,53.8,1003.2,False,27.6,40,2.7,False,True,True,False,False,False,2 L,+66.009,,66.009,7391.53,121.077,,,32.042,48.179,40.856,7302.516,7350.695,7391.551,7270.453
2019,Bahrain Grand Prix,2,Bahrain,Sakhir,0 days 02:05:24.671000,KUB,88,0 days 00:02:13.141000,54.0,3.0,,Robert Kubica,,0 days 00:00:41.388000,0 days 00:00:57.435000,0 days 00:00:34.318000,0 days 02:03:52.939000,0 days 02:04:50.374000,0 days 02:05:24.692000,134.0,163.0,160.0,196.0,False,MEDIUM,28.0,False,Williams,0 days 02:03:11.530000,,4,16.0,False,,False,False,26.1,53.9,1003.1,False,27.5,25,3.4,False,False,True,False,False,False,2 L,+42.722,,42.722,7524.671,133.141,,,41.388,57.435,34.318,7432.939,7490.374,7524.692,7391.53
2019,Bahrain Grand Prix,2,Bahrain,Sakhir,0 days 02:07:53.643000,KUB,88,0 days 00:02:28.972000,55.0,3.0,,Robert Kubica,,0 days 00:00:49.676000,0 days 00:01:02.804000,0 days 00:00:36.492000,0 days 02:06:14.368000,0 days 02:07:17.172000,0 days 02:07:53.664000,183.0,126.0,245.0,177.0,False,MEDIUM,29.0,False,Williams,0 days 02:05:24.671000,,4,16.0,False,,False,False,26.1,53.8,1003.1,False,27.6,24,3.4,False,False,True,False,False,False,2 L,+62.717,,62.717,7673.643,148.972,,,49.676,62.804,36.492,7574.368,7637.172,7673.664,7524.671
2019,Bahrain Grand Prix,2,Bahrain,Sakhir,0 days 00:35:17.992000,GIO,99,0 days 00:01:46.412000,1.0,1.0,,Antonio Giovinazzi,,,0 days 00:00:44.512000,0 days 00:00:24.528000,,0 days 00:34:53.514000,0 days 00:35:18.224000,237.0,249.0,283.0,211.0,False,SOFT,1.0,True,Alfa Romeo Racing,0 days 00:33:31.386000,,12,15.0,False,,False,False,26.1,54.5,1003.3,False,29.2,16,2.3,True,True,False,False,False,False,+8.878,+0.279,8.878,0.279,2117.992,106.412,,,,44.512,24.528,,2093.514,2118.224,2011.386
2019,Bahrain Grand Prix,2,Bahrain,Sakhir,0 days 00:36:58.444000,GIO,99,0 days 00:01:40.452000,2.0,1.0,,Antonio Giovinazzi,,0 days 00:00:32.248000,0 days 00:00:43.717000,0 days 00:00:24.487000,0 days 00:35:50.257000,0 days 00:36:33.974000,0 days 00:36:58.461000,219.0,258.0,281.0,300.0,True,SOFT,2.0,True,Alfa Romeo Racing,0 days 00:35:17.992000,,12,16.0,False,,False,True,26.1,53.9,1003.5,False,29.3,22,2.3,True,True,False,False,False,False,+12.724,+0.487,12.724,0.487,2218.444,100.452,,,32.248,43.717,24.487,2150.257,2193.974,2218.461,2117.992
2019,Bahrain Grand Prix,2,Bahrain,Sakhir,0 days 00:38:37.171000,GIO,99,0 days 00:01:38.727000,3.0,1.0,,Antonio Giovinazzi,,0 days 00:00:31.016000,0 days 00:00:43.271000,0 days 00:00:24.440000,0 days 00:37:29.477000,0 days 00:38:12.748000,0 days 00:38:37.188000,235.0,258.0,289.0,301.0,True,SOFT,3.0,True,Alfa Romeo Racing,0 days 00:36:58.444000,,1,16.0,False,,False,True,26.2,53.6,1003.4,False,29.3,11,1.6,True,False,False,False,False,False,+14.519,+0.434,14.519,0.434,2317.171,98.727,,,31.016,43.271,24.44,2249.477,2292.748,2317.188,2218.444
2019,Bahrain Grand Prix,2,Bahrain,Sakhir,0 days 00:40:16.572000,GIO,99,0 days 00:01:39.401000,4.0,1.0,,Antonio Giovinazzi,,0 days 00:00:30.900000,0 days 00:00:43.534000,0 days 00:00:24.967000,0 days 00:39:08.088000,0 days 00:39:51.622000,0 days 00:40:16.589000,235.0,249.0,290.0,292.0,False,SOFT,4.0,True,Alfa Romeo Racing,0 days 00:38:37.171000,,12,15.0,False,,False,True,26.2,53.8,1003.4,False,29.3,36,1.9,True,True,False,False,False,False,+16.597,+0.429,16.597,0.429,2416.572,99.401,,,30.9,43.534,24.967,2348.088,2391.622,2416.589,2317.171
2019,Bahrain Grand Prix,2,Bahrain,Sakhir,0 days 00:41:56.028000,GIO,99,0 days 00:01:39.456000,5.0,1.0,,Antonio Giovinazzi,,0 days 00:00:31.191000,0 days 00:00:43.408000,0 days 00:00:24.857000,0 days 00:40:47.780000,0 days 00:41:31.188000,0 days 00:41:56.045000,232.0,251.0,288.0,288.0,False,SOFT,5.0,True,Alfa Romeo Racing,0 days 00:40:16.572000,,1,15.0,False,,False,True,26.2,54.0,1003.5,False,29.2,41,3.1,True,False,False,False,False,False,+17.895,+0.496,17.895,0.496,2516.028,99.456,,,31.191,43.408,24.857,2447.78,2491.188,2516.045,2416.572
2019,Bahrain Grand Prix,2,Bahrain,Sakhir,0 days 00:43:34.953000,GIO,99,0 days 00:01:38.925000,6.0,1.0,,Antonio Giovinazzi,,0 days 00:00:30.785000,0 days 00:00:43.454000,0 days 00:00:24.686000,0 days 00:42:26.830000,0 days 00:43:10.284000,0 days 00:43:34.970000,235.0,249.0,288.0,318.0,False,SOFT,6.0,True,Alfa Romeo Racing,0 days 00:41:56.028000,,12,15.0,False,,False,True,26.2,54.2,1003.5,False,29.3,59,3.4,True,True,False,False,False,False,+19.952,+0.788,19.952,0.788,2614.953,98.925,,,30.785,43.454,24.686,2546.83,2590.284,2614.97,2516.028
2019,Bahrain Grand Prix,2,Bahrain,Sakhir,0 days 00:45:14.821000,GIO,99,0 days 00:01:39.868000,7.0,1.0,,Antonio Giovinazzi,,0 days 00:00:30.770000,0 days 00:00:43.880000,0 days 00:00:25.218000,0 days 00:44:05.740000,0 days 00:44:49.620000,0 days 00:45:14.838000,237.0,248.0,290.0,325.0,False,SOFT,7.0,True,Alfa Romeo Racing,0 days 00:43:34.953000,,1,15.0,False,,False,True,26.2,54.3,1003.4,False,29.2,3,2.3,True,False,False,False,False,False,+22.756,+0.398,22.756,0.398,2714.821,99.868,,,30.77,43.88,25.218,2645.74,2689.62,2714.838,2614.953
2019,Bahrain Grand Prix,2,Bahrain,Sakhir,0 days 00:46:54.159000,GIO,99,0 days 00:01:39.338000,8.0,1.0,,Antonio Giovinazzi,,0 days 00:00:30.925000,0 days 00:00:43.497000,0 days 00:00:24.916000,0 days 00:45:45.763000,0 days 00:46:29.260000,0 days 00:46:54.176000,237.0,253.0,289.0,298.0,False,SOFT,8.0,True,Alfa Romeo Racing,0 days 00:45:14.821000,,1,15.0,False,,False,True,26.2,54.2,1003.6,False,29.1,40,2.9,True,False,False,False,False,False,+24.305,+0.643,24.305,0.643,2814.159,99.338,,,30.925,43.497,24.916,2745.763,2789.26,2814.176,2714.821
2019,Bahrain Grand Prix,2,Bahrain,Sakhir,0 days 00:48:33.501000,GIO,99,0 days 00:01:39.342000,9.0,1.0,,Antonio Giovinazzi,,0 days 00:00:30.920000,0 days 00:00:43.648000,0 days 00:00:24.774000,0 days 00:47:25.096000,0 days 00:48:08.744000,0 days 00:48:33.518000,236.0,242.0,289.0,316.0,False,SOFT,9.0,True,Alfa Romeo Racing,0 days 00:46:54.159000,,1,12.0,False,,False,True,26.2,54.4,1003.6,False,29.1,49,2.9,True,False,False,False,False,False,+26.437,+0.580,26.437,0.58,2913.501,99.342,,,30.92,43.648,24.774,2845.096,2888.744,2913.518,2814.159
2019,Bahrain Grand Prix,2,Bahrain,Sakhir,0 days 00:50:11.733000,GIO,99,0 days 00:01:38.232000,10.0,1.0,,Antonio Giovinazzi,,0 days 00:00:30.873000,0 days 00:00:42.892000,0 days 00:00:24.467000,0 days 00:49:04.391000,0 days 00:49:47.283000,0 days 00:50:11.750000,235.0,256.0,287.0,318.0,True,SOFT,10.0,True,Alfa Romeo Racing,0 days 00:48:33.501000,,1,10.0,False,,False,True,26.2,54.3,1003.6,False,28.9,41,2.7,True,False,False,False,False,False,+27.394,+0.657,27.394,0.657,3011.733,98.232,,,30.873,42.892,24.467,2944.391,2987.283,3011.75,2913.501
2019,Bahrain Grand Prix,2,Bahrain,Sakhir,0 days 00:51:50.726000,GIO,99,0 days 00:01:38.993000,11.0,1.0,,Antonio Giovinazzi,,0 days 00:00:31.206000,0 days 00:00:43.177000,0 days 00:00:24.610000,0 days 00:50:42.956000,0 days 00:51:26.133000,0 days 00:51:50.743000,236.0,253.0,286.0,294.0,False,SOFT,11.0,True,Alfa Romeo Racing,0 days 00:50:11.733000,,1,9.0,False,,False,True,26.1,54.9,1003.6,False,28.8,22,1.9,True,False,False,False,False,False,+29.194,+0.829,29.194,0.829,3110.726,98.993,,,31.206,43.177,24.61,3042.956,3086.133,3110.743,3011.733
2019,Bahrain Grand Prix,2,Bahrain,Sakhir,0 days 00:53:31.213000,GIO,99,0 days 00:01:40.487000,12.0,1.0,,Antonio Giovinazzi,,0 days 00:00:31.031000,0 days 00:00:45.068000,0 days 00:00:24.388000,0 days 00:52:21.774000,0 days 00:53:06.842000,0 days 00:53:31.230000,230.0,246.0,278.0,312.0,False,SOFT,12.0,True,Alfa Romeo Racing,0 days 00:51:50.726000,,12,7.0,False,,False,True,26.1,55.1,1003.5,False,28.8,334,2.5,True,True,False,False,False,False,+32.191,+11.789,32.191,11.789,3211.213,100.487,,,31.031,45.068,24.388,3141.774,3186.842,3211.23,3110.726
2019,Bahrain Grand Prix,2,Bahrain,Sakhir,0 days 00:55:10.401000,GIO,99,0 days 00:01:39.188000,13.0,1.0,,Antonio Giovinazzi,,0 days 00:00:31.669000,0 days 00:00:43.126000,0 days 00:00:24.393000,0 days 00:54:02.899000,0 days 00:54:46.025000,0 days 00:55:10.418000,235.0,255.0,278.0,292.0,False,SOFT,13.0,True,Alfa Romeo Racing,0 days 00:53:31.213000,,1,7.0,False,,False,True,26.1,54.9,1003.6,False,28.8,31,2.5,True,False,False,False,False,False,+30.224,+3.162,30.224,3.162,3310.401,99.188,,,31.669,43.126,24.393,3242.899,3286.025,3310.418,3211.213
2019,Bahrain Grand Prix,2,Bahrain,Sakhir,0 days 00:56:50.099000,GIO,99,0 days 00:01:39.698000,14.0,1.0,,Antonio Giovinazzi,,0 days 00:00:31.244000,0 days 00:00:44.101000,0 days 00:00:24.353000,0 days 00:55:41.662000,0 days 00:56:25.763000,0 days 00:56:50.116000,237.0,249.0,277.0,299.0,False,SOFT,14.0,True,Alfa Romeo Racing,0 days 00:55:10.401000,,1,7.0,False,,False,True,26.1,55.2,1003.7,False,28.9,352,1.6,True,False,False,False,False,False,+16.083,+6.102,16.083,6.102,3410.099,99.698,,,31.244,44.101,24.353,3341.662,3385.763,3410.116,3310.401
2019,Bahrain Grand Prix,2,Bahrain,Sakhir,0 days 00:58:30.179000,GIO,99,0 days 00:01:40.080000,15.0,1.0,,Antonio Giovinazzi,,0 days 00:00:31.365000,0 days 00:00:44.111000,0 days 00:00:24.604000,0 days 00:57:21.481000,0 days 00:58:05.592000,0 days 00:58:30.196000,236.0,250.0,278.0,298.0,False,SOFT,15.0,True,Alfa Romeo Racing,0 days 00:56:50.099000,,1,8.0,False,,False,True,26.1,55.1,1003.8,False,28.8,29,1.8,True,False,False,False,False,False,+21.037,+1.657,21.037,1.657,3510.179,100.08,,,31.365,44.111,24.604,3441.481,3485.592,3510.196,3410.099
2019,Bahrain Grand Prix,2,Bahrain,Sakhir,0 days 01:00:13.117000,GIO,99,0 days 00:01:42.938000,16.0,1.0,,Antonio Giovinazzi,0 days 01:00:11.473000,0 days 00:00:31.496000,0 days 00:00:43.955000,0 days 00:00:27.487000,0 days 00:59:01.692000,0 days 00:59:45.647000,0 days 01:00:13.134000,233.0,247.0,,300.0,False,SOFT,16.0,True,Alfa Romeo Racing,0 days 00:58:30.179000,,1,10.0,False,,False,False,26.1,55.3,1003.7,False,28.8,17,2.0,True,False,False,False,False,False,+26.330,+1.953,26.33,1.953,3613.117,102.938,3611.473,,31.496,43.955,27.487,3541.692,3585.647,3613.134,3510.179
2019,Bahrain Grand Prix,2,Bahrain,Sakhir,0 days 01:02:13.564000,GIO,99,0 days 00:02:00.447000,17.0,2.0,0 days 01:00:39.220000,Antonio Giovinazzi,,0 days 00:00:54.818000,0 days 00:00:42,0 days 00:00:23.629000,0 days 01:01:07.952000,0 days 01:01:49.952000,0 days 01:02:13.581000,238.0,250.0,280.0,222.0,False,MEDIUM,1.0,True,Alfa Romeo Racing,0 days 01:00:13.117000,,1,14.0,False,,False,False,26.1,55.5,1003.7,False,28.7,34,2.4,True,False,False,False,False,False,+54.390,+18.212,54.39,18.212,3733.564,120.447,,3639.22,54.818,42.0,23.629,3667.952,3709.952,3733.581,3613.117
2019,Bahrain Grand Prix,2,Bahrain,Sakhir,0 days 01:03:49.964000,GIO,99,0 days 00:01:36.400000,18.0,2.0,,Antonio Giovinazzi,,0 days 00:00:30.707000,0 days 00:00:41.908000,0 days 00:00:23.785000,0 days 01:02:44.288000,0 days 01:03:26.196000,0 days 01:03:49.981000,238.0,250.0,279.0,298.0,True,MEDIUM,2.0,True,Alfa Romeo Racing,0 days 01:02:13.564000,,1,14.0,False,,False,True,26.1,55.2,1003.7,False,28.7,27,2.1,True,False,False,False,False,False,+55.325,+14.872,55.325,14.872,3829.964,96.4,,,30.707,41.908,23.785,3764.288,3806.196,3829.981,3733.564
2019,Bahrain Grand Prix,2,Bahrain,Sakhir,0 days 01:05:26.848000,GIO,99,0 days 00:01:36.884000,19.0,2.0,,Antonio Giovinazzi,,0 days 00:00:30.919000,0 days 00:00:42.233000,0 days 00:00:23.732000,0 days 01:04:20.900000,0 days 01:05:03.133000,0 days 01:05:26.865000,239.0,254.0,279.0,300.0,False,MEDIUM,3.0,True,Alfa Romeo Racing,0 days 01:03:49.964000,,1,14.0,False,,False,True,26.1,54.8,1003.7,False,28.8,85,2.2,True,False,False,False,False,False,+56.434,+12.662,56.434,12.662,3926.848,96.884,,,30.919,42.233,23.732,3860.9,3903.133,3926.865,3829.964
2019,Bahrain Grand Prix,2,Bahrain,Sakhir,0 days 01:07:03.891000,GIO,99,0 days 00:01:37.043000,20.0,2.0,,Antonio Giovinazzi,,0 days 00:00:30.888000,0 days 00:00:42.407000,0 days 00:00:23.748000,0 days 01:05:57.753000,0 days 01:06:40.160000,0 days 01:07:03.908000,238.0,247.0,280.0,300.0,False,MEDIUM,4.0,True,Alfa Romeo Racing,0 days 01:05:26.848000,,1,14.0,False,,False,True,26.2,53.6,1003.7,False,29.0,345,2.5,True,False,False,False,False,False,+57.427,+11.027,57.427,11.027,4023.891,97.043,,,30.888,42.407,23.748,3957.753,4000.16,4023.908,3926.848
2019,Bahrain Grand Prix,2,Bahrain,Sakhir,0 days 01:08:41.369000,GIO,99,0 days 00:01:37.478000,21.0,2.0,,Antonio Giovinazzi,,0 days 00:00:30.865000,0 days 00:00:42.833000,0 days 00:00:23.780000,0 days 01:07:34.773000,0 days 01:08:17.606000,0 days 01:08:41.386000,238.0,251.0,279.0,299.0,False,MEDIUM,5.0,True,Alfa Romeo Racing,0 days 01:07:03.891000,,1,14.0,False,,False,True,26.3,53.1,1003.6,False,28.8,30,2.2,True,False,False,False,False,False,+58.912,+9.933,58.912,9.933,4121.369,97.478,,,30.865,42.833,23.78,4054.773,4097.606,4121.386,4023.891
2019,Bahrain Grand Prix,2,Bahrain,Sakhir,0 days 01:10:19.486000,GIO,99,0 days 00:01:38.117000,22.0,2.0,,Antonio Giovinazzi,,0 days 00:00:30.948000,0 days 00:00:43.283000,0 days 00:00:23.886000,0 days 01:09:12.334000,0 days 01:09:55.617000,0 days 01:10:19.503000,237.0,252.0,279.0,300.0,False,MEDIUM,6.0,True,Alfa Romeo Racing,0 days 01:08:41.369000,,1,14.0,False,,False,True,26.3,52.8,1003.5,False,28.8,50,2.2,True,False,False,False,False,False,+60.923,+9.177,60.923,9.177,4219.486,98.117,,,30.948,43.283,23.886,4152.334,4195.617,4219.503,4121.369
2019,Bahrain Grand Prix,2,Bahrain,Sakhir,0 days 01:11:57.631000,GIO,99,0 days 00:01:38.145000,23.0,2.0,,Antonio Giovinazzi,,0 days 00:00:31.170000,0 days 00:00:42.951000,0 days 00:00:24.024000,0 days 01:10:50.673000,0 days 01:11:33.624000,0 days 01:11:57.648000,239.0,250.0,278.0,299.0,False,MEDIUM,7.0,True,Alfa Romeo Racing,0 days 01:10:19.486000,,1,14.0,False,,False,True,26.4,51.9,1003.6,False,28.9,59,2.1,True,False,False,False,False,False,+62.960,+8.553,62.96,8.553,4317.631,98.145,,,31.17,42.951,24.024,4250.673,4293.624,4317.648,4219.486
2019,Bahrain Grand Prix,2,Bahrain,Sakhir,0 days 01:13:35.384000,GIO,99,0 days 00:01:37.753000,24.0,2.0,,Antonio Giovinazzi,,0 days 00:00:31.101000,0 days 00:00:42.649000,0 days 00:00:24.003000,0 days 01:12:28.749000,0 days 01:13:11.398000,0 days 01:13:35.401000,237.0,251.0,279.0,299.0,False,MEDIUM,8.0,True,Alfa Romeo Racing,0 days 01:11:57.631000,,1,14.0,False,,False,True,26.5,51.3,1003.5,False,28.9,12,1.9,True,False,False,False,False,False,+64.485,+25.955,64.485,25.955,4415.384,97.753,,,31.101,42.649,24.003,4348.749,4391.398,4415.401,4317.631
2019,Bahrain Grand Prix,2,Bahrain,Sakhir,0 days 01:15:13.853000,GIO,99,0 days 00:01:38.469000,25.0,2.0,,Antonio Giovinazzi,,0 days 00:00:31.306000,0 days 00:00:43.039000,0 days 00:00:24.124000,0 days 01:14:06.707000,0 days 01:14:49.746000,0 days 01:15:13.870000,238.0,250.0,279.0,299.0,False,MEDIUM,9.0,True,Alfa Romeo Racing,0 days 01:13:35.384000,,1,14.0,False,,False,True,26.5,51.3,1003.4,False,28.9,37,2.2,True,False,False,False,False,False,+66.676,+1.757,66.676,1.757,4513.853,98.469,,,31.306,43.039,24.124,4446.707,4489.746,4513.87,4415.384
2019,Bahrain Grand Prix,2,Bahrain,Sakhir,0 days 01:16:52.391000,GIO,99,0 days 00:01:38.538000,26.0,2.0,,Antonio Giovinazzi,,0 days 00:00:31.239000,0 days 00:00:43.024000,0 days 00:00:24.275000,0 days 01:15:45.109000,0 days 01:16:28.133000,0 days 01:16:52.408000,238.0,249.0,278.0,298.0,False,MEDIUM,10.0,True,Alfa Romeo Racing,0 days 01:15:13.853000,,1,13.0,False,,False,True,26.5,50.9,1003.4,False,28.8,39,2.1,True,False,False,False,False,False,+68.906,+2.461,68.906,2.461,4612.391,98.538,,,31.239,43.024,24.275,4545.109,4588.133,4612.408,4513.853
2019,Bahrain Grand Prix,2,Bahrain,Sakhir,0 days 01:18:30.780000,GIO,99,0 days 00:01:38.389000,27.0,2.0,,Antonio Giovinazzi,,0 days 00:00:30.990000,0 days 00:00:43.343000,0 days 00:00:24.056000,0 days 01:17:23.398000,0 days 01:18:06.741000,0 days 01:18:30.797000,239.0,251.0,280.0,301.0,False,MEDIUM,11.0,True,Alfa Romeo Racing,0 days 01:16:52.391000,,1,13.0,False,,False,True,26.5,50.0,1003.3,False,28.8,30,2.4,True,False,False,False,False,False,+70.339,+2.822,70.339,2.822,4710.78,98.389,,,30.99,43.343,24.056,4643.398,4686.741,4710.797,4612.391
2019,Bahrain Grand Prix,2,Bahrain,Sakhir,0 days 01:20:09.265000,GIO,99,0 days 00:01:38.485000,28.0,2.0,,Antonio Giovinazzi,,0 days 00:00:31.407000,0 days 00:00:43.189000,0 days 00:00:23.889000,0 days 01:19:02.204000,0 days 01:19:45.393000,0 days 01:20:09.282000,238.0,250.0,280.0,299.0,False,MEDIUM,12.0,True,Alfa Romeo Racing,0 days 01:18:30.780000,,1,13.0,False,,False,True,26.5,49.0,1003.2,False,28.8,40,3.2,True,False,False,False,False,False,+71.587,+3.333,71.587,3.333,4809.265,98.485,,,31.407,43.189,23.889,4742.204,4785.393,4809.282,4710.78
2019,Bahrain Grand Prix,2,Bahrain,Sakhir,0 days 01:21:47.700000,GIO,99,0 days 00:01:38.435000,29.0,2.0,,Antonio Giovinazzi,,0 days 00:00:31.305000,0 days 00:00:43.043000,0 days 00:00:24.087000,0 days 01:20:40.587000,0 days 01:21:23.630000,0 days 01:21:47.717000,236.0,249.0,280.0,300.0,False,MEDIUM,13.0,True,Alfa Romeo Racing,0 days 01:20:09.265000,,1,13.0,False,,False,True,26.6,48.8,1003.4,False,28.8,27,3.0,True,False,False,False,False,False,+73.264,+3.358,73.264,3.358,4907.7,98.435,,,31.305,43.043,24.087,4840.587,4883.63,4907.717,4809.265
2019,Bahrain Grand Prix,2,Bahrain,Sakhir,0 days 01:23:26.434000,GIO,99,0 days 00:01:38.734000,30.0,2.0,,Antonio Giovinazzi,,0 days 00:00:31.287000,0 days 00:00:43.366000,0 days 00:00:24.081000,0 days 01:22:19.004000,0 days 01:23:02.370000,0 days 01:23:26.451000,238.0,255.0,280.0,299.0,False,MEDIUM,14.0,True,Alfa Romeo Racing,0 days 01:21:47.700000,,1,13.0,False,,False,True,26.6,48.9,1003.4,False,28.7,22,2.9,True,False,False,False,False,False,+74.958,+2.126,74.958,2.126,5006.434,98.734,,,31.287,43.366,24.081,4939.004,4982.37,5006.451,4907.7
2019,Bahrain Grand Prix,2,Bahrain,Sakhir,0 days 01:25:05.385000,GIO,99,0 days 00:01:38.951000,31.0,2.0,,Antonio Giovinazzi,,0 days 00:00:31.098000,0 days 00:00:43.552000,0 days 00:00:24.301000,0 days 01:23:57.549000,0 days 01:24:41.101000,0 days 01:25:05.402000,239.0,252.0,280.0,299.0,False,MEDIUM,15.0,True,Alfa Romeo Racing,0 days 01:23:26.434000,,1,13.0,False,,False,True,26.6,49.2,1003.4,False,28.6,50,2.5,True,False,False,False,False,False,+77.234,+1.406,77.234,1.406,5105.385,98.951,,,31.098,43.552,24.301,5037.549,5081.101,5105.402,5006.434
2019,Bahrain Grand Prix,2,Bahrain,Sakhir,0 days 01:26:44.010000,GIO,99,0 days 00:01:38.625000,32.0,2.0,,Antonio Giovinazzi,,0 days 00:00:31.224000,0 days 00:00:43.019000,0 days 00:00:24.382000,0 days 01:25:36.626000,0 days 01:26:19.645000,0 days 01:26:44.027000,237.0,256.0,290.0,298.0,False,MEDIUM,16.0,True,Alfa Romeo Racing,0 days 01:25:05.385000,,1,13.0,False,,False,True,26.6,49.5,1003.2,False,28.5,36,3.1,True,False,False,False,False,False,+78.731,+0.713,78.731,0.713,5204.01,98.625,,,31.224,43.019,24.382,5136.626,5179.645,5204.027,5105.385
2019,Bahrain Grand Prix,2,Bahrain,Sakhir,0 days 01:28:23.022000,GIO,99,0 days 00:01:39.012000,33.0,2.0,,Antonio Giovinazzi,,0 days 00:00:31.394000,0 days 00:00:43.496000,0 days 00:00:24.122000,0 days 01:27:15.421000,0 days 01:27:58.917000,0 days 01:28:23.039000,234.0,248.0,281.0,321.0,False,MEDIUM,17.0,True,Alfa Romeo Racing,0 days 01:26:44.010000,,1,12.0,False,,False,True,26.6,49.7,1003.2,False,28.4,19,2.6,True,False,False,False,False,False,+81.070,+4.835,81.07,4.835,5303.022,99.012,,,31.394,43.496,24.122,5235.421,5278.917,5303.039,5204.01
2019,Bahrain Grand Prix,2,Bahrain,Sakhir,0 days 01:30:01.642000,GIO,99,0 days 00:01:38.620000,34.0,2.0,,Antonio Giovinazzi,,0 days 00:00:31.153000,0 days 00:00:43.285000,0 days 00:00:24.182000,0 days 01:28:54.192000,0 days 01:29:37.477000,0 days 01:30:01.659000,237.0,247.0,281.0,296.0,False,MEDIUM,18.0,True,Alfa Romeo Racing,0 days 01:28:23.022000,,1,10.0,False,,False,True,26.6,49.9,1003.2,False,28.4,54,2.6,True,False,False,False,False,False,+82.596,+24.469,82.596,24.469,5401.642,98.62,,,31.153,43.285,24.182,5334.192,5377.477,5401.659,5303.022
2019,Bahrain Grand Prix,2,Bahrain,Sakhir,0 days 01:31:40.512000,GIO,99,0 days 00:01:38.870000,35.0,2.0,,Antonio Giovinazzi,,0 days 00:00:31.328000,0 days 00:00:43.451000,0 days 00:00:24.091000,0 days 01:30:32.987000,0 days 01:31:16.438000,0 days 01:31:40.529000,239.0,254.0,281.0,300.0,False,MEDIUM,19.0,True,Alfa Romeo Racing,0 days 01:30:01.642000,,1,10.0,False,,False,True,26.5,50.2,1003.4,False,28.3,50,2.3,True,False,False,False,False,False,+84.549,+2.973,84.549,2.973,5500.512,98.87,,,31.328,43.451,24.091,5432.987,5476.438,5500.529,5401.642
2019,Bahrain Grand Prix,2,Bahrain,Sakhir,0 days 01:33:20.476000,GIO,99,0 days 00:01:39.964000,36.0,2.0,,Antonio Giovinazzi,,0 days 00:00:31.146000,0 days 00:00:44.771000,0 days 00:00:24.047000,0 days 01:32:11.675000,0 days 01:32:56.446000,0 days 01:33:20.493000,240.0,252.0,281.0,300.0,False,MEDIUM,20.0,True,Alfa Romeo Racing,0 days 01:31:40.512000,,1,11.0,False,,False,True,26.5,50.5,1003.3,False,28.3,43,3.1,True,False,False,False,False,False,+86.481,+1.803,86.481,1.803,5600.476,99.964,,,31.146,44.771,24.047,5531.675,5576.446,5600.493,5500.512
2019,Bahrain Grand Prix,2,Bahrain,Sakhir,0 days 01:34:58.727000,GIO,99,0 days 00:01:38.251000,37.0,2.0,,Antonio Giovinazzi,,0 days 00:00:31.115000,0 days 00:00:43.207000,0 days 00:00:23.929000,0 days 01:33:51.608000,0 days 01:34:34.815000,0 days 01:34:58.744000,240.0,251.0,281.0,301.0,False,MEDIUM,21.0,True,Alfa Romeo Racing,0 days 01:33:20.476000,,12,11.0,False,,False,True,26.5,50.8,1003.4,False,28.3,17,2.8,True,True,False,False,False,False,+67.289,+4.082,67.289,4.082,5698.727,98.251,,,31.115,43.207,23.929,5631.608,5674.815,5698.744,5600.476
2019,Bahrain Grand Prix,2,Bahrain,Sakhir,0 days 01:36:37.121000,GIO,99,0 days 00:01:38.394000,38.0,2.0,,Antonio Giovinazzi,,0 days 00:00:31.139000,0 days 00:00:43.387000,0 days 00:00:23.868000,0 days 01:35:29.883000,0 days 01:36:13.270000,0 days 01:36:37.138000,240.0,251.0,281.0,300.0,False,MEDIUM,22.0,True,Alfa Romeo Racing,0 days 01:34:58.727000,,1,11.0,False,,False,True,26.5,51.0,1003.4,False,28.1,28,2.3,True,False,False,False,False,False,+72.274,+5.862,72.274,5.862,5797.121,98.394,,,31.139,43.387,23.868,5729.883,5773.27,5797.138,5698.727
2019,Bahrain Grand Prix,2,Bahrain,Sakhir,0 days 01:38:16.338000,GIO,99,0 days 00:01:39.217000,39.0,2.0,,Antonio Giovinazzi,,0 days 00:00:31.491000,0 days 00:00:43.582000,0 days 00:00:24.144000,0 days 01:37:08.629000,0 days 01:37:52.211000,0 days 01:38:16.355000,237.0,249.0,281.0,301.0,False,MEDIUM,23.0,True,Alfa Romeo Racing,0 days 01:36:37.121000,,1,12.0,False,,False,True,26.4,51.3,1003.3,False,28.1,52,2.8,True,False,False,False,False,False,+77.001,+1.832,77.001,1.832,5896.338,99.217,,,31.491,43.582,24.144,5828.629,5872.211,5896.355,5797.121
2019,Bahrain Grand Prix,2,Bahrain,Sakhir,0 days 01:39:57.776000,GIO,99,0 days 00:01:41.438000,40.0,2.0,,Antonio Giovinazzi,0 days 01:39:56.173000,0 days 00:00:31.625000,0 days 00:00:43.055000,0 days 00:00:26.758000,0 days 01:38:47.980000,0 days 01:39:31.035000,0 days 01:39:57.793000,241.0,256.0,,300.0,False,MEDIUM,24.0,True,Alfa Romeo Racing,0 days 01:38:16.338000,,12,12.0,False,,False,False,26.4,51.5,1003.3,False,28.0,45,2.4,True,True,False,False,False,False,+81.429,+2.797,81.429,2.797,5997.776,101.438,5996.173,,31.625,43.055,26.758,5927.98,5971.035,5997.793,5896.338
2019,Bahrain Grand Prix,2,Bahrain,Sakhir,0 days 01:41:54.917000,GIO,99,0 days 00:01:57.141000,41.0,2.0,0 days 01:40:20.958000,Antonio Giovinazzi,,0 days 00:00:51.826000,0 days 00:00:41.978000,0 days 00:00:23.337000,0 days 01:40:49.619000,0 days 01:41:31.597000,0 days 01:41:54.934000,239.0,259.0,283.0,227.0,False,MEDIUM,25.0,True,Alfa Romeo Racing,0 days 01:39:57.776000,,1,13.0,False,,False,False,26.4,51.8,1003.2,False,28.0,23,3.3,True,False,False,False,False,False,1 L,+15.808,,15.808,6114.917,117.141,,6020.958,51.826,41.978,23.337,6049.619,6091.597,6114.934,5997.776
2019,Bahrain Grand Prix,2,Bahrain,Sakhir,0 days 01:43:30.154000,GIO,99,0 days 00:01:35.237000,42.0,3.0,,Antonio Giovinazzi,,0 days 00:00:30.366000,0 days 00:00:41.437000,0 days 00:00:23.434000,0 days 01:42:25.300000,0 days 01:43:06.737000,0 days 01:43:30.171000,241.0,256.0,283.0,300.0,True,SOFT,1.0,True,Alfa Romeo Racing,0 days 01:41:54.917000,,12,13.0,False,,False,True,26.3,51.8,1003.2,False,28.0,22,3.4,True,True,False,False,False,False,1 L,+14.621,,14.621,6210.154,95.237,,,30.366,41.437,23.434,6145.3,6186.737,6210.171,6114.917
2019,Bahrain Grand Prix,2,Bahrain,Sakhir,0 days 01:45:05.465000,GIO,99,0 days 00:01:35.311000,43.0,3.0,,Antonio Giovinazzi,,0 days 00:00:30.215000,0 days 00:00:41.770000,0 days 00:00:23.326000,0 days 01:44:00.386000,0 days 01:44:42.156000,0 days 01:45:05.482000,243.0,254.0,283.0,302.0,False,SOFT,2.0,True,Alfa Romeo Racing,0 days 01:43:30.154000,,1,13.0,False,,False,True,26.3,51.8,1003.2,False,28.0,47,2.8,True,False,False,False,False,False,1 L,+13.367,,13.367,6305.465,95.311,,,30.215,41.77,23.326,6240.386,6282.156,6305.482,6210.154
2019,Bahrain Grand Prix,2,Bahrain,Sakhir,0 days 01:46:41.016000,GIO,99,0 days 00:01:35.551000,44.0,3.0,,Antonio Giovinazzi,,0 days 00:00:30.411000,0 days 00:00:41.797000,0 days 00:00:23.343000,0 days 01:45:35.893000,0 days 01:46:17.690000,0 days 01:46:41.033000,241.0,259.0,283.0,302.0,False,SOFT,3.0,True,Alfa Romeo Racing,0 days 01:45:05.465000,,1,13.0,False,,False,True,26.3,52.3,1003.3,False,27.8,62,2.6,True,False,False,False,False,False,1 L,+10.591,,10.591,6401.016,95.551,,,30.411,41.797,23.343,6335.893,6377.69,6401.033,6305.465
2019,Bahrain Grand Prix,2,Bahrain,Sakhir,0 days 01:48:16.908000,GIO,99,0 days 00:01:35.892000,45.0,3.0,,Antonio Giovinazzi,,0 days 00:00:30.431000,0 days 00:00:41.994000,0 days 00:00:23.467000,0 days 01:47:11.464000,0 days 01:47:53.458000,0 days 01:48:16.925000,242.0,260.0,283.0,303.0,False,SOFT,4.0,True,Alfa Romeo Racing,0 days 01:46:41.016000,,1,13.0,False,,False,True,26.3,52.5,1003.4,False,27.8,59,2.5,True,False,False,False,False,False,1 L,+8.604,,8.604,6496.908,95.892,,,30.431,41.994,23.467,6431.464,6473.458,6496.925,6401.016
2019,Bahrain Grand Prix,2,Bahrain,Sakhir,0 days 01:49:52.859000,GIO,99,0 days 00:01:35.951000,46.0,3.0,,Antonio Giovinazzi,,0 days 00:00:30.535000,0 days 00:00:41.949000,0 days 00:00:23.467000,0 days 01:48:47.460000,0 days 01:49:29.409000,0 days 01:49:52.876000,241.0,257.0,282.0,303.0,False,SOFT,5.0,True,Alfa Romeo Racing,0 days 01:48:16.908000,,1,13.0,False,,False,True,26.2,52.8,1003.2,False,27.7,63,2.8,True,False,False,False,False,False,1 L,+8.242,,8.242,6592.859,95.951,,,30.535,41.949,23.467,6527.46,6569.409,6592.876,6496.908
2019,Bahrain Grand Prix,2,Bahrain,Sakhir,0 days 01:51:29.226000,GIO,99,0 days 00:01:36.367000,47.0,3.0,,Antonio Giovinazzi,,0 days 00:00:30.628000,0 days 00:00:42.135000,0 days 00:00:23.604000,0 days 01:50:23.504000,0 days 01:51:05.639000,0 days 01:51:29.243000,241.0,258.0,284.0,302.0,False,SOFT,6.0,True,Alfa Romeo Racing,0 days 01:49:52.859000,,1,13.0,False,,False,True,26.2,53.0,1003.3,False,27.7,60,2.9,True,False,False,False,False,False,1 L,+8.160,,8.16,6689.226,96.367,,,30.628,42.135,23.604,6623.504,6665.639,6689.243,6592.859
2019,Bahrain Grand Prix,2,Bahrain,Sakhir,0 days 01:53:05.652000,GIO,99,0 days 00:01:36.426000,48.0,3.0,,Antonio Giovinazzi,,0 days 00:00:30.634000,0 days 00:00:42.112000,0 days 00:00:23.680000,0 days 01:51:59.877000,0 days 01:52:41.989000,0 days 01:53:05.669000,240.0,257.0,282.0,307.0,False,SOFT,7.0,True,Alfa Romeo Racing,0 days 01:51:29.226000,,1,13.0,False,,False,True,26.2,53.2,1003.3,False,27.6,33,3.3,True,False,False,False,False,False,1 L,+8.040,,8.04,6785.652,96.426,,,30.634,42.112,23.68,6719.877,6761.989,6785.669,6689.226
2019,Bahrain Grand Prix,2,Bahrain,Sakhir,0 days 01:54:41.616000,GIO,99,0 days 00:01:35.964000,49.0,3.0,,Antonio Giovinazzi,,0 days 00:00:30.564000,0 days 00:00:41.918000,0 days 00:00:23.482000,0 days 01:53:36.233000,0 days 01:54:18.151000,0 days 01:54:41.633000,242.0,259.0,284.0,303.0,False,SOFT,8.0,True,Alfa Romeo Racing,0 days 01:53:05.652000,,1,13.0,False,,False,True,26.1,53.5,1003.2,False,27.5,58,2.9,True,False,False,False,False,False,1 L,+7.386,,7.386,6881.616,95.964,,,30.564,41.918,23.482,6816.233,6858.151,6881.633,6785.652
2019,Bahrain Grand Prix,2,Bahrain,Sakhir,0 days 01:56:17.903000,GIO,99,0 days 00:01:36.287000,50.0,3.0,,Antonio Giovinazzi,,0 days 00:00:30.495000,0 days 00:00:42.212000,0 days 00:00:23.580000,0 days 01:55:12.128000,0 days 01:55:54.340000,0 days 01:56:17.920000,241.0,257.0,283.0,303.0,False,SOFT,9.0,True,Alfa Romeo Racing,0 days 01:54:41.616000,,1,13.0,False,,False,True,26.1,53.8,1003.1,False,27.5,60,2.9,True,False,False,False,False,False,1 L,+7.205,,7.205,6977.903,96.287,,,30.495,42.212,23.58,6912.128,6954.34,6977.92,6881.616
2019,Bahrain Grand Prix,2,Bahrain,Sakhir,0 days 01:57:53.746000,GIO,99,0 days 00:01:35.843000,51.0,3.0,,Antonio Giovinazzi,,0 days 00:00:30.269000,0 days 00:00:42.109000,0 days 00:00:23.465000,0 days 01:56:48.189000,0 days 01:57:30.298000,0 days 01:57:53.763000,241.0,257.0,283.0,304.0,False,SOFT,10.0,True,Alfa Romeo Racing,0 days 01:56:17.903000,,1,13.0,False,,False,True,26.1,53.7,1003.4,False,27.5,57,2.9,True,False,False,False,False,False,+97.030,+6.717,97.03,6.717,7073.746,95.843,,,30.269,42.109,23.465,7008.189,7050.298,7073.763,6977.903
2019,Bahrain Grand Prix,2,Bahrain,Sakhir,0 days 01:59:29.645000,GIO,99,0 days 00:01:35.899000,52.0,3.0,,Antonio Giovinazzi,,0 days 00:00:30.415000,0 days 00:00:41.987000,0 days 00:00:23.497000,0 days 01:58:24.178000,0 days 01:59:06.165000,0 days 01:59:29.662000,241.0,259.0,282.0,302.0,False,SOFT,11.0,True,Alfa Romeo Racing,0 days 01:57:53.746000,,1,13.0,False,,False,True,26.1,53.9,1003.3,False,27.6,30,2.3,True,False,False,False,False,False,+94.928,+5.470,94.928,5.47,7169.645,95.899,,,30.415,41.987,23.497,7104.178,7146.165,7169.662,7073.746
2019,Bahrain Grand Prix,2,Bahrain,Sakhir,0 days 02:01:05.779000,GIO,99,0 days 00:01:36.134000,53.0,3.0,,Antonio Giovinazzi,,0 days 00:00:30.523000,0 days 00:00:42.028000,0 days 00:00:23.583000,0 days 02:00:00.185000,0 days 02:00:42.213000,0 days 02:01:05.796000,241.0,257.0,282.0,303.0,False,SOFT,12.0,True,Alfa Romeo Racing,0 days 01:59:29.645000,,12,13.0,False,,False,True,26.1,53.9,1003.3,False,27.6,52,2.6,True,True,False,False,False,False,+94.403,+4.416,94.403,4.416,7265.779,96.134,,,30.523,42.028,23.583,7200.185,7242.213,7265.796,7169.645
2019,Bahrain Grand Prix,2,Bahrain,Sakhir,0 days 02:02:56.348000,GIO,99,0 days 00:01:50.569000,54.0,3.0,,Antonio Giovinazzi,,0 days 00:00:31.031000,0 days 00:00:42.877000,0 days 00:00:36.661000,0 days 02:01:36.827000,0 days 02:02:19.704000,0 days 02:02:56.365000,242.0,198.0,258.0,286.0,False,SOFT,13.0,True,Alfa Romeo Racing,0 days 02:01:05.779000,,24,11.0,False,,False,False,26.1,53.8,1003.2,False,27.6,40,2.7,False,True,True,False,False,False,+108.021,+6.179,108.021,6.179,7376.348,110.569,,,31.031,42.877,36.661,7296.827,7339.704,7376.365,7265.779
2019,Bahrain Grand Prix,2,Bahrain,Sakhir,0 days 02:05:06.720000,GIO,99,0 days 00:02:10.372000,55.0,3.0,,Antonio Giovinazzi,,0 days 00:00:40.340000,0 days 00:00:57.177000,0 days 00:00:32.855000,0 days 02:03:36.705000,0 days 02:04:33.882000,0 days 02:05:06.737000,156.0,158.0,205.0,184.0,False,SOFT,14.0,True,Alfa Romeo Racing,0 days 02:02:56.348000,,4,11.0,False,,False,False,26.1,53.9,1003.1,False,27.5,25,3.4,False,False,True,False,False,False,+128.616,+7.548,128.616,7.548,7506.72,130.372,,,40.34,57.177,32.855,7416.705,7473.882,7506.737,7376.348
2019,Bahrain Grand Prix,2,Bahrain,Sakhir,0 days 02:07:08.836000,GIO,99,0 days 00:02:02.116000,56.0,3.0,,Antonio Giovinazzi,,0 days 00:00:42.093000,0 days 00:00:55.735000,0 days 00:00:24.288000,0 days 02:05:48.830000,0 days 02:06:44.565000,0 days 02:07:08.853000,164.0,234.0,280.0,202.0,False,SOFT,15.0,True,Alfa Romeo Racing,0 days 02:05:06.720000,,4,11.0,False,,False,False,26.1,53.8,1003.1,False,27.6,24,3.4,False,False,True,False,False,False,+108.594,+13.036,108.594,13.036,7628.836,122.116,,,42.093,55.735,24.288,7548.83,7604.565,7628.853,7506.72
2019,Bahrain Grand Prix,2,Bahrain,Sakhir,0 days 02:08:57.474000,GIO,99,0 days 00:01:48.638000,57.0,3.0,,Antonio Giovinazzi,,0 days 00:00:31.840000,0 days 00:00:49.509000,0 days 00:00:27.289000,0 days 02:07:40.693000,0 days 02:08:30.202000,0 days 02:08:57.491000,241.0,203.0,238.0,287.0,False,SOFT,16.0,True,Alfa Romeo Racing,0 days 02:07:08.836000,,4,11.0,False,,False,False,26.1,54.1,1003.2,False,27.4,19,2.5,False,False,True,False,False,False,+64.620,+0.919,64.62,0.919,7737.474,108.638,,,31.84,49.509,27.289,7660.693,7710.202,7737.491,7628.836
