Year,GrandPrix,Round,Country,Location,Time,Driver,DriverNumber,LapTime,LapNumber,Stint,PitOutTime,DriverFullName,PitInTime,Sector1Time,Sector2Time,Sector3Time,Sector1SessionTime,Sector2SessionTime,Sector3SessionTime,SpeedI1,SpeedI2,SpeedFL,SpeedST,IsPersonalBest,Compound,TyreLife,FreshTyre,Team,LapStartTime,LapStartDate,TrackStatus,Position,Deleted,DeletedReason,FastF1Generated,IsAccurate,AirTemp,Humidity,Pressure,Rainfall,TrackTemp,WindDirection,WindSpeed,HasGreen,HasYellow,HasSafetyCar,HasRedFlag,HasVSC,HasVSCEnding,GapToLeader,IntervalToPositionAhead,GapToLeaderSeconds,IntervalToPositionAheadSeconds,TimeSeconds,LapTimeSeconds,PitInTimeSeconds,PitOutTimeSeconds,Sector1TimeSeconds,Sector2TimeSeconds,Sector3TimeSeconds,Sector1SessionTimeSeconds,Sector2SessionTimeSeconds,Sector3SessionTimeSeconds,LapStartTimeSeconds
2019,French Grand Prix,8,France,Le Castellet,0 days 00:35:14.213000,GAS,10,0 days 00:01:49.061000,1.0,1.0,,Pierre Gasly,,,0 days 00:00:30.795000,0 days 00:00:44.047000,,0 days 00:34:30.290000,0 days 00:35:14.469000,108.0,276.0,286.0,316.0,False,SOFT,4.0,False,Red Bull Racing,0 days 00:33:25.039000,,1,8.0,False,,False,False,26.4,41.4,966.7,False,55.9,120,1.8,True,False,False,False,False,False,+7.053,+0.647,7.053,0.647,2114.213,109.061,,,,30.795,44.047,,2070.29,2114.469,2005.039
2019,French Grand Prix,8,France,Le Castellet,0 days 00:36:53.595000,GAS,10,0 days 00:01:39.382000,2.0,1.0,,Pierre Gasly,,0 days 00:00:25.476000,0 days 00:00:30.380000,0 days 00:00:43.526000,0 days 00:35:39.713000,0 days 00:36:10.093000,0 days 00:36:53.619000,110.0,275.0,286.0,303.0,True,SOFT,5.0,False,Red Bull Racing,0 days 00:35:14.213000,,1,8.0,False,,False,True,26.4,41.4,966.7,False,56.1,93,1.8,True,False,False,False,False,False,+9.009,+0.740,9.009,0.74,2213.595,99.382,,,25.476,30.38,43.526,2139.713,2170.093,2213.619,2114.213
2019,French Grand Prix,8,France,Le Castellet,0 days 00:38:32.461000,GAS,10,0 days 00:01:38.866000,3.0,1.0,,Pierre Gasly,,0 days 00:00:25.501000,0 days 00:00:29.863000,0 days 00:00:43.502000,0 days 00:37:19.120000,0 days 00:37:48.983000,0 days 00:38:32.485000,109.0,276.0,298.0,318.0,True,SOFT,6.0,False,Red Bull Racing,0 days 00:36:53.595000,,1,8.0,False,,False,True,26.3,41.8,966.7,False,57.0,77,2.1,True,False,False,False,False,False,+11.219,+0.864,11.219,0.864,2312.461,98.866,,,25.501,29.863,43.502,2239.12,2268.983,2312.485,2213.595
2019,French Grand Prix,8,France,Le Castellet,0 days 00:40:11.062000,GAS,10,0 days 00:01:38.601000,4.0,1.0,,Pierre Gasly,,0 days 00:00:25.194000,0 days 00:00:29.844000,0 days 00:00:43.563000,0 days 00:38:57.679000,0 days 00:39:27.523000,0 days 00:40:11.086000,107.0,275.0,297.0,321.0,True,SOFT,7.0,False,Red Bull Racing,0 days 00:38:32.461000,,1,8.0,False,,False,True,26.7,40.4,966.8,False,56.6,83,1.1,True,False,False,False,False,False,+13.517,+1.218,13.517,1.218,2411.062,98.601,,,25.194,29.844,43.563,2337.679,2367.523,2411.086,2312.461
2019,French Grand Prix,8,France,Le Castellet,0 days 00:41:50.167000,GAS,10,0 days 00:01:39.105000,5.0,1.0,,Pierre Gasly,,0 days 00:00:24.987000,0 days 00:00:30.205000,0 days 00:00:43.913000,0 days 00:40:36.073000,0 days 00:41:06.278000,0 days 00:41:50.191000,110.0,274.0,295.0,302.0,False,SOFT,8.0,False,Red Bull Racing,0 days 00:40:11.062000,,1,8.0,False,,False,True,26.8,40.2,966.7,False,56.6,151,1.5,True,False,False,False,False,False,+16.585,+1.082,16.585,1.082,2510.167,99.105,,,24.987,30.205,43.913,2436.073,2466.278,2510.191,2411.062
2019,French Grand Prix,8,France,Le Castellet,0 days 00:43:28.344000,GAS,10,0 days 00:01:38.177000,6.0,1.0,,Pierre Gasly,,0 days 00:00:24.879000,0 days 00:00:30.164000,0 days 00:00:43.134000,0 days 00:42:15.070000,0 days 00:42:45.234000,0 days 00:43:28.368000,110.0,274.0,286.0,298.0,True,SOFT,9.0,False,Red Bull Racing,0 days 00:41:50.167000,,1,8.0,False,,False,True,26.7,41.4,966.7,False,56.4,48,2.1,True,False,False,False,False,False,+18.740,+1.435,18.74,1.435,2608.344,98.177,,,24.879,30.164,43.134,2535.07,2565.234,2608.368,2510.167
2019,French Grand Prix,8,France,Le Castellet,0 days 00:45:06.474000,GAS,10,0 days 00:01:38.130000,7.0,1.0,,Pierre Gasly,,0 days 00:00:25.028000,0 days 00:00:29.835000,0 days 00:00:43.267000,0 days 00:43:53.396000,0 days 00:44:23.231000,0 days 00:45:06.498000,112.0,274.0,285.0,302.0,True,SOFT,10.0,False,Red Bull Racing,0 days 00:43:28.344000,,1,8.0,False,,False,True,27.0,41.1,966.7,False,56.6,176,1.4,True,False,False,False,False,False,+20.561,+1.614,20.561,1.614,2706.474,98.13,,,25.028,29.835,43.267,2633.396,2663.231,2706.498,2608.344
2019,French Grand Prix,8,France,Le Castellet,0 days 00:46:44.456000,GAS,10,0 days 00:01:37.982000,8.0,1.0,,Pierre Gasly,,0 days 00:00:24.981000,0 days 00:00:29.880000,0 days 00:00:43.121000,0 days 00:45:31.479000,0 days 00:46:01.359000,0 days 00:46:44.480000,111.0,274.0,284.0,304.0,True,SOFT,11.0,False,Red Bull Racing,0 days 00:45:06.474000,,1,8.0,False,,False,True,27.3,40.3,966.7,False,56.8,184,1.1,True,False,False,False,False,False,+22.605,+2.315,22.605,2.315,2804.456,97.982,,,24.981,29.88,43.121,2731.479,2761.359,2804.48,2706.474
2019,French Grand Prix,8,France,Le Castellet,0 days 00:48:22.004000,GAS,10,0 days 00:01:37.548000,9.0,1.0,,Pierre Gasly,,0 days 00:00:24.768000,0 days 00:00:29.837000,0 days 00:00:42.943000,0 days 00:47:09.248000,0 days 00:47:39.085000,0 days 00:48:22.028000,112.0,273.0,285.0,303.0,True,SOFT,12.0,False,Red Bull Racing,0 days 00:46:44.456000,,1,8.0,False,,False,True,27.8,39.0,966.7,False,57.2,164,0.9,True,False,False,False,False,False,+24.405,+2.626,24.405,2.626,2902.004,97.548,,,24.768,29.837,42.943,2829.248,2859.085,2902.028,2804.456
2019,French Grand Prix,8,France,Le Castellet,0 days 00:49:59.652000,GAS,10,0 days 00:01:37.648000,10.0,1.0,,Pierre Gasly,,0 days 00:00:24.833000,0 days 00:00:29.680000,0 days 00:00:43.135000,0 days 00:48:46.861000,0 days 00:49:16.541000,0 days 00:49:59.676000,110.0,275.0,285.0,301.0,False,SOFT,13.0,False,Red Bull Racing,0 days 00:48:22.004000,,1,8.0,False,,False,True,27.7,37.9,966.7,False,55.4,132,1.8,True,False,False,False,False,False,+26.332,+2.773,26.332,2.773,2999.652,97.648,,,24.833,29.68,43.135,2926.861,2956.541,2999.676,2902.004
2019,French Grand Prix,8,France,Le Castellet,0 days 00:51:37.542000,GAS,10,0 days 00:01:37.890000,11.0,1.0,,Pierre Gasly,,0 days 00:00:24.820000,0 days 00:00:29.700000,0 days 00:00:43.370000,0 days 00:50:24.496000,0 days 00:50:54.196000,0 days 00:51:37.566000,110.0,274.0,285.0,303.0,False,SOFT,14.0,False,Red Bull Racing,0 days 00:49:59.652000,,1,8.0,False,,False,True,27.6,38.4,966.6,False,55.4,103,1.6,True,False,False,False,False,False,+28.719,+3.044,28.719,3.044,3097.542,97.89,,,24.82,29.7,43.37,3024.496,3054.196,3097.566,2999.652
2019,French Grand Prix,8,France,Le Castellet,0 days 00:53:15.445000,GAS,10,0 days 00:01:37.903000,12.0,1.0,,Pierre Gasly,,0 days 00:00:24.901000,0 days 00:00:29.893000,0 days 00:00:43.109000,0 days 00:52:02.467000,0 days 00:52:32.360000,0 days 00:53:15.469000,111.0,273.0,285.0,303.0,False,SOFT,15.0,False,Red Bull Racing,0 days 00:51:37.542000,,1,8.0,False,,False,True,27.3,38.8,966.6,False,55.6,87,2.1,True,False,False,False,False,False,+31.167,+3.476,31.167,3.476,3195.445,97.903,,,24.901,29.893,43.109,3122.467,3152.36,3195.469,3097.542
2019,French Grand Prix,8,France,Le Castellet,0 days 00:54:53.253000,GAS,10,0 days 00:01:37.808000,13.0,1.0,,Pierre Gasly,,0 days 00:00:24.781000,0 days 00:00:30.041000,0 days 00:00:42.986000,0 days 00:53:40.250000,0 days 00:54:10.291000,0 days 00:54:53.277000,110.0,273.0,285.0,303.0,False,SOFT,16.0,False,Red Bull Racing,0 days 00:53:15.445000,,1,8.0,False,,False,True,27.3,38.7,966.6,False,55.6,31,1.7,True,False,False,False,False,False,+33.650,+4.096,33.65,4.096,3293.253,97.808,,,24.781,30.041,42.986,3220.25,3250.291,3293.277,3195.445
2019,French Grand Prix,8,France,Le Castellet,0 days 00:56:30.634000,GAS,10,0 days 00:01:37.381000,14.0,1.0,,Pierre Gasly,,0 days 00:00:24.766000,0 days 00:00:29.824000,0 days 00:00:42.791000,0 days 00:55:18.043000,0 days 00:55:47.867000,0 days 00:56:30.658000,110.0,273.0,284.0,305.0,True,SOFT,17.0,False,Red Bull Racing,0 days 00:54:53.253000,,1,8.0,False,,False,True,27.4,38.3,966.6,False,55.1,116,0.9,True,False,False,False,False,False,+36.206,+4.403,36.206,4.403,3390.634,97.381,,,24.766,29.824,42.791,3318.043,3347.867,3390.658,3293.253
2019,French Grand Prix,8,France,Le Castellet,0 days 00:58:08.116000,GAS,10,0 days 00:01:37.482000,15.0,1.0,,Pierre Gasly,,0 days 00:00:24.785000,0 days 00:00:29.870000,0 days 00:00:42.827000,0 days 00:56:55.443000,0 days 00:57:25.313000,0 days 00:58:08.140000,112.0,273.0,283.0,299.0,False,SOFT,18.0,False,Red Bull Racing,0 days 00:56:30.634000,,1,8.0,False,,False,True,27.6,37.8,966.5,False,55.1,119,2.3,True,False,False,False,False,False,+38.886,+4.585,38.886,4.585,3488.116,97.482,,,24.785,29.87,42.827,3415.443,3445.313,3488.14,3390.634
2019,French Grand Prix,8,France,Le Castellet,0 days 00:59:45.471000,GAS,10,0 days 00:01:37.355000,16.0,1.0,,Pierre Gasly,,0 days 00:00:24.741000,0 days 00:00:29.741000,0 days 00:00:42.873000,0 days 00:58:32.881000,0 days 00:59:02.622000,0 days 00:59:45.495000,113.0,274.0,283.0,297.0,True,SOFT,19.0,False,Red Bull Racing,0 days 00:58:08.116000,,1,8.0,False,,False,True,27.2,38.6,966.6,False,54.8,106,2.6,True,False,False,False,False,False,+41.216,+5.113,41.216,5.113,3585.471,97.355,,,24.741,29.741,42.873,3512.881,3542.622,3585.495,3488.116
2019,French Grand Prix,8,France,Le Castellet,0 days 01:01:43.101000,GAS,10,0 days 00:01:57.630000,17.0,1.0,,Pierre Gasly,0 days 01:01:13.660000,0 days 00:00:24.918000,0 days 00:00:29.876000,0 days 00:01:02.836000,0 days 01:00:10.413000,0 days 01:00:40.289000,0 days 01:01:43.125000,112.0,274.0,,296.0,False,SOFT,20.0,False,Red Bull Racing,0 days 00:59:45.471000,,1,15.0,False,,False,False,27.4,38.4,966.6,False,55.4,107,1.1,True,False,False,False,False,False,+42.934,+5.561,42.934,5.561,3703.101,117.63,3673.66,,24.918,29.876,62.836,3610.413,3640.289,3703.125,3585.471
2019,French Grand Prix,8,France,Le Castellet,0 days 01:03:25.729000,GAS,10,0 days 00:01:42.628000,18.0,2.0,0 days 01:01:43.776000,Pierre Gasly,,0 days 00:00:28.523000,0 days 00:00:30.764000,0 days 00:00:43.341000,0 days 01:02:11.648000,0 days 01:02:42.412000,0 days 01:03:25.753000,103.0,274.0,285.0,305.0,False,HARD,1.0,True,Red Bull Racing,0 days 01:01:43.101000,,1,15.0,False,,False,False,27.7,37.1,966.6,False,56.0,59,1.5,True,False,False,False,False,False,+71.125,+1.550,71.125,1.55,3805.729,102.628,,3703.776,28.523,30.764,43.341,3731.648,3762.412,3805.753,3703.101
2019,French Grand Prix,8,France,Le Castellet,0 days 01:05:02.833000,GAS,10,0 days 00:01:37.104000,19.0,2.0,,Pierre Gasly,,0 days 00:00:24.575000,0 days 00:00:29.767000,0 days 00:00:42.762000,0 days 01:03:50.328000,0 days 01:04:20.095000,0 days 01:05:02.857000,109.0,275.0,288.0,300.0,True,HARD,2.0,True,Red Bull Racing,0 days 01:03:25.729000,,1,15.0,False,,False,True,27.3,38.2,966.5,False,54.1,89,2.1,True,False,False,False,False,False,+73.217,+1.370,73.217,1.37,3902.833,97.104,,,24.575,29.767,42.762,3830.328,3860.095,3902.857,3805.729
2019,French Grand Prix,8,France,Le Castellet,0 days 01:06:39.550000,GAS,10,0 days 00:01:36.717000,20.0,2.0,,Pierre Gasly,,0 days 00:00:24.606000,0 days 00:00:29.442000,0 days 00:00:42.669000,0 days 01:05:27.463000,0 days 01:05:56.905000,0 days 01:06:39.574000,110.0,276.0,288.0,304.0,True,HARD,3.0,True,Red Bull Racing,0 days 01:05:02.833000,,1,15.0,False,,False,True,27.5,37.8,966.6,False,56.1,106,1.2,True,False,False,False,False,False,+75.029,+1.222,75.029,1.222,3999.55,96.717,,,24.606,29.442,42.669,3927.463,3956.905,3999.574,3902.833
2019,French Grand Prix,8,France,Le Castellet,0 days 01:08:16.419000,GAS,10,0 days 00:01:36.869000,21.0,2.0,,Pierre Gasly,,0 days 00:00:24.656000,0 days 00:00:29.514000,0 days 00:00:42.699000,0 days 01:07:04.230000,0 days 01:07:33.744000,0 days 01:08:16.443000,109.0,275.0,288.0,302.0,False,HARD,4.0,True,Red Bull Racing,0 days 01:06:39.550000,,1,15.0,False,,False,True,27.8,36.8,966.6,False,56.0,80,2.2,True,False,False,False,False,False,+76.073,+1.301,76.073,1.301,4096.419,96.869,,,24.656,29.514,42.699,4024.23,4053.744,4096.443,3999.55
2019,French Grand Prix,8,France,Le Castellet,0 days 01:09:52.922000,GAS,10,0 days 00:01:36.503000,22.0,2.0,,Pierre Gasly,,0 days 00:00:24.414000,0 days 00:00:29.427000,0 days 00:00:42.662000,0 days 01:08:40.857000,0 days 01:09:10.284000,0 days 01:09:52.946000,109.0,278.0,300.0,305.0,True,HARD,5.0,True,Red Bull Racing,0 days 01:08:16.419000,,12,15.0,False,,False,True,27.8,36.7,966.6,False,56.0,93,2.0,True,True,False,False,False,False,+77.896,+1.112,77.896,1.112,4192.922,96.503,,,24.414,29.427,42.662,4120.857,4150.284,4192.946,4096.419
2019,French Grand Prix,8,France,Le Castellet,0 days 01:11:29.619000,GAS,10,0 days 00:01:36.697000,23.0,2.0,,Pierre Gasly,,0 days 00:00:24.523000,0 days 00:00:29.389000,0 days 00:00:42.785000,0 days 01:10:17.469000,0 days 01:10:46.858000,0 days 01:11:29.643000,104.0,279.0,300.0,324.0,False,HARD,6.0,True,Red Bull Racing,0 days 01:09:52.922000,,1,15.0,False,,False,True,27.5,37.2,966.5,False,56.3,108,3.3,True,False,False,False,False,False,+79.889,+0.991,79.889,0.991,4289.619,96.697,,,24.523,29.389,42.785,4217.469,4246.858,4289.643,4192.922
2019,French Grand Prix,8,France,Le Castellet,0 days 01:13:06.885000,GAS,10,0 days 00:01:37.266000,24.0,2.0,,Pierre Gasly,,0 days 00:00:24.547000,0 days 00:00:29.858000,0 days 00:00:42.861000,0 days 01:11:54.190000,0 days 01:12:24.048000,0 days 01:13:06.909000,107.0,276.0,289.0,302.0,False,HARD,7.0,True,Red Bull Racing,0 days 01:11:29.619000,,1,15.0,False,,False,True,27.2,37.4,966.6,False,55.2,114,3.2,True,False,False,False,False,False,+81.835,+1.387,81.835,1.387,4386.885,97.266,,,24.547,29.858,42.861,4314.19,4344.048,4386.909,4289.619
2019,French Grand Prix,8,France,Le Castellet,0 days 01:14:44.004000,GAS,10,0 days 00:01:37.119000,25.0,2.0,,Pierre Gasly,,0 days 00:00:24.716000,0 days 00:00:29.837000,0 days 00:00:42.566000,0 days 01:13:31.625000,0 days 01:14:01.462000,0 days 01:14:44.028000,110.0,275.0,289.0,301.0,False,HARD,8.0,True,Red Bull Racing,0 days 01:13:06.885000,,1,14.0,False,,False,True,26.9,38.1,966.5,False,54.9,102,3.7,True,False,False,False,False,False,+60.135,+1.811,60.135,1.811,4484.004,97.119,,,24.716,29.837,42.566,4411.625,4441.462,4484.028,4386.885
2019,French Grand Prix,8,France,Le Castellet,0 days 01:16:20.749000,GAS,10,0 days 00:01:36.745000,26.0,2.0,,Pierre Gasly,,0 days 00:00:24.594000,0 days 00:00:29.623000,0 days 00:00:42.528000,0 days 01:15:08.622000,0 days 01:15:38.245000,0 days 01:16:20.773000,110.0,277.0,287.0,299.0,False,HARD,9.0,True,Red Bull Racing,0 days 01:14:44.004000,,1,14.0,False,,False,True,26.6,39.0,966.6,False,54.1,12,1.6,True,False,False,False,False,False,+62.283,+2.120,62.283,2.12,4580.749,96.745,,,24.594,29.623,42.528,4508.622,4538.245,4580.773,4484.004
2019,French Grand Prix,8,France,Le Castellet,0 days 01:17:57.814000,GAS,10,0 days 00:01:37.065000,27.0,2.0,,Pierre Gasly,,0 days 00:00:24.533000,0 days 00:00:29.674000,0 days 00:00:42.858000,0 days 01:16:45.306000,0 days 01:17:14.980000,0 days 01:17:57.838000,109.0,278.0,302.0,299.0,False,HARD,10.0,True,Red Bull Racing,0 days 01:16:20.749000,,1,14.0,False,,False,True,27.0,37.9,966.6,False,53.2,85,2.4,True,False,False,False,False,False,+64.952,+0.731,64.952,0.731,4677.814,97.065,,,24.533,29.674,42.858,4605.306,4634.98,4677.838,4580.749
2019,French Grand Prix,8,France,Le Castellet,0 days 01:19:34.509000,GAS,10,0 days 00:01:36.695000,28.0,2.0,,Pierre Gasly,,0 days 00:00:24.633000,0 days 00:00:29.355000,0 days 00:00:42.707000,0 days 01:18:22.471000,0 days 01:18:51.826000,0 days 01:19:34.533000,110.0,274.0,287.0,329.0,False,HARD,11.0,True,Red Bull Racing,0 days 01:17:57.814000,,1,13.0,False,,False,True,27.1,37.4,966.6,False,52.0,115,2.2,True,False,False,False,False,False,+67.167,+2.349,67.167,2.349,4774.509,96.695,,,24.633,29.355,42.707,4702.471,4731.826,4774.533,4677.814
2019,French Grand Prix,8,France,Le Castellet,0 days 01:21:10.983000,GAS,10,0 days 00:01:36.474000,29.0,2.0,,Pierre Gasly,,0 days 00:00:24.463000,0 days 00:00:29.612000,0 days 00:00:42.399000,0 days 01:19:58.996000,0 days 01:20:28.608000,0 days 01:21:11.007000,112.0,276.0,287.0,300.0,True,HARD,12.0,True,Red Bull Racing,0 days 01:19:34.509000,,1,13.0,False,,False,True,27.2,37.1,966.6,False,52.0,124,1.5,True,False,False,False,False,False,+69.122,+2.324,69.122,2.324,4870.983,96.474,,,24.463,29.612,42.399,4798.996,4828.608,4871.007,4774.509
2019,French Grand Prix,8,France,Le Castellet,0 days 01:22:47.420000,GAS,10,0 days 00:01:36.437000,30.0,2.0,,Pierre Gasly,,0 days 00:00:24.390000,0 days 00:00:29.582000,0 days 00:00:42.465000,0 days 01:21:35.397000,0 days 01:22:04.979000,0 days 01:22:47.444000,112.0,276.0,286.0,298.0,True,HARD,13.0,True,Red Bull Racing,0 days 01:21:10.983000,,1,13.0,False,,False,True,27.3,36.7,966.7,False,52.6,104,2.4,True,False,False,False,False,False,+71.513,+2.514,71.513,2.514,4967.42,96.437,,,24.39,29.582,42.465,4895.397,4924.979,4967.444,4870.983
2019,French Grand Prix,8,France,Le Castellet,0 days 01:24:24.047000,GAS,10,0 days 00:01:36.627000,31.0,2.0,,Pierre Gasly,,0 days 00:00:24.492000,0 days 00:00:29.775000,0 days 00:00:42.360000,0 days 01:23:11.936000,0 days 01:23:41.711000,0 days 01:24:24.071000,110.0,276.0,285.0,299.0,False,HARD,14.0,True,Red Bull Racing,0 days 01:22:47.420000,,1,13.0,False,,False,True,27.2,37.2,966.6,False,53.8,58,1.7,True,False,False,False,False,False,+74.109,+2.439,74.109,2.439,5064.047,96.627,,,24.492,29.775,42.36,4991.936,5021.711,5064.071,4967.42
2019,French Grand Prix,8,France,Le Castellet,0 days 01:26:01.461000,GAS,10,0 days 00:01:37.414000,32.0,2.0,,Pierre Gasly,,0 days 00:00:24.768000,0 days 00:00:29.473000,0 days 00:00:43.173000,0 days 01:24:48.839000,0 days 01:25:18.312000,0 days 01:26:01.485000,108.0,278.0,299.0,324.0,False,HARD,15.0,True,Red Bull Racing,0 days 01:24:24.047000,,1,12.0,False,,False,True,27.5,36.5,966.7,False,55.5,25,1.2,True,False,False,False,False,False,+77.286,+1.450,77.286,1.45,5161.461,97.414,,,24.768,29.473,43.173,5088.839,5118.312,5161.485,5064.047
2019,French Grand Prix,8,France,Le Castellet,0 days 01:27:38.224000,GAS,10,0 days 00:01:36.763000,33.0,2.0,,Pierre Gasly,,0 days 00:00:24.458000,0 days 00:00:29.902000,0 days 00:00:42.403000,0 days 01:26:25.943000,0 days 01:26:55.845000,0 days 01:27:38.248000,109.0,275.0,286.0,301.0,False,HARD,16.0,True,Red Bull Racing,0 days 01:26:01.461000,,1,12.0,False,,False,True,27.5,36.6,966.7,False,55.5,76,1.4,True,False,False,False,False,False,+79.061,+1.932,79.061,1.932,5258.224,96.763,,,24.458,29.902,42.403,5185.943,5215.845,5258.248,5161.461
2019,French Grand Prix,8,France,Le Castellet,0 days 01:29:15.364000,GAS,10,0 days 00:01:37.140000,34.0,2.0,,Pierre Gasly,,0 days 00:00:24.624000,0 days 00:00:29.841000,0 days 00:00:42.675000,0 days 01:28:02.872000,0 days 01:28:32.713000,0 days 01:29:15.388000,109.0,275.0,286.0,299.0,False,HARD,17.0,True,Red Bull Racing,0 days 01:27:38.224000,,1,12.0,False,,False,True,27.6,36.6,966.7,False,56.2,15,1.7,True,False,False,False,False,False,+81.102,+2.983,81.102,2.983,5355.364,97.14,,,24.624,29.841,42.675,5282.872,5312.713,5355.388,5258.224
2019,French Grand Prix,8,France,Le Castellet,0 days 01:30:52.427000,GAS,10,0 days 00:01:37.063000,35.0,2.0,,Pierre Gasly,,0 days 00:00:24.686000,0 days 00:00:29.570000,0 days 00:00:42.807000,0 days 01:29:40.074000,0 days 01:30:09.644000,0 days 01:30:52.451000,109.0,279.0,298.0,325.0,False,HARD,18.0,True,Red Bull Racing,0 days 01:29:15.364000,,12,12.0,False,,False,True,27.6,36.7,966.6,False,55.4,79,1.1,True,True,False,False,False,False,+83.971,+1.346,83.971,1.346,5452.427,97.063,,,24.686,29.57,42.807,5380.074,5409.644,5452.451,5355.364
2019,French Grand Prix,8,France,Le Castellet,0 days 01:32:29.078000,GAS,10,0 days 00:01:36.651000,36.0,2.0,,Pierre Gasly,,0 days 00:00:24.565000,0 days 00:00:29.640000,0 days 00:00:42.446000,0 days 01:31:17.016000,0 days 01:31:46.656000,0 days 01:32:29.102000,110.0,277.0,288.0,302.0,False,HARD,19.0,True,Red Bull Racing,0 days 01:30:52.427000,,1,12.0,False,,False,True,27.7,36.9,966.7,False,54.1,102,1.4,True,False,False,False,False,False,+86.435,+1.632,86.435,1.632,5549.078,96.651,,,24.565,29.64,42.446,5477.016,5506.656,5549.102,5452.427
2019,French Grand Prix,8,France,Le Castellet,0 days 01:34:05.009000,GAS,10,0 days 00:01:35.931000,37.0,2.0,,Pierre Gasly,,0 days 00:00:24.233000,0 days 00:00:29.589000,0 days 00:00:42.109000,0 days 01:32:53.335000,0 days 01:33:22.924000,0 days 01:34:05.033000,110.0,277.0,287.0,300.0,True,HARD,20.0,True,Red Bull Racing,0 days 01:32:29.078000,,1,12.0,False,,False,True,27.4,37.2,966.7,False,51.6,79,1.2,True,False,False,False,False,False,+88.306,+2.043,88.306,2.043,5645.009,95.931,,,24.233,29.589,42.109,5573.335,5602.924,5645.033,5549.078
2019,French Grand Prix,8,France,Le Castellet,0 days 01:35:40.954000,GAS,10,0 days 00:01:35.945000,38.0,2.0,,Pierre Gasly,,0 days 00:00:24.281000,0 days 00:00:29.580000,0 days 00:00:42.084000,0 days 01:34:29.314000,0 days 01:34:58.894000,0 days 01:35:40.978000,109.0,277.0,287.0,300.0,False,HARD,21.0,True,Red Bull Racing,0 days 01:34:05.009000,,1,12.0,False,,False,True,27.2,37.1,966.8,False,53.9,121,2.4,True,False,False,False,False,False,+90.162,+2.385,90.162,2.385,5740.954,95.945,,,24.281,29.58,42.084,5669.314,5698.894,5740.978,5645.009
2019,French Grand Prix,8,France,Le Castellet,0 days 01:37:16.806000,GAS,10,0 days 00:01:35.852000,39.0,2.0,,Pierre Gasly,,0 days 00:00:24.221000,0 days 00:00:29.480000,0 days 00:00:42.151000,0 days 01:36:05.199000,0 days 01:36:34.679000,0 days 01:37:16.830000,108.0,277.0,286.0,301.0,True,HARD,22.0,True,Red Bull Racing,0 days 01:35:40.954000,,1,11.0,False,,False,True,26.8,38.9,966.6,False,53.1,84,1.8,True,False,False,False,False,False,+91.598,+2.806,91.598,2.806,5836.806,95.852,,,24.221,29.48,42.151,5765.199,5794.679,5836.83,5740.954
2019,French Grand Prix,8,France,Le Castellet,0 days 01:38:52.299000,GAS,10,0 days 00:01:35.493000,40.0,2.0,,Pierre Gasly,,0 days 00:00:24.135000,0 days 00:00:29.362000,0 days 00:00:41.996000,0 days 01:37:40.965000,0 days 01:38:10.327000,0 days 01:38:52.323000,114.0,277.0,287.0,301.0,True,HARD,23.0,True,Red Bull Racing,0 days 01:37:16.806000,,1,11.0,False,,False,True,26.5,39.6,966.7,False,52.6,77,1.5,True,False,False,False,False,False,+92.221,+2.965,92.221,2.965,5932.299,95.493,,,24.135,29.362,41.996,5860.965,5890.327,5932.323,5836.806
2019,French Grand Prix,8,France,Le Castellet,0 days 01:40:29.466000,GAS,10,0 days 00:01:37.167000,41.0,2.0,,Pierre Gasly,,0 days 00:00:24.216000,0 days 00:00:30.606000,0 days 00:00:42.345000,0 days 01:39:16.539000,0 days 01:39:47.145000,0 days 01:40:29.490000,110.0,280.0,288.0,257.0,False,HARD,24.0,True,Red Bull Racing,0 days 01:38:52.299000,,1,11.0,False,,False,True,26.8,39.0,966.7,False,53.8,38,1.4,True,False,False,False,False,False,1 L,+4.738,,4.738,6029.466,97.167,,,24.216,30.606,42.345,5956.539,5987.145,6029.49,5932.299
2019,French Grand Prix,8,France,Le Castellet,0 days 01:42:04.616000,GAS,10,0 days 00:01:35.150000,42.0,2.0,,Pierre Gasly,,0 days 00:00:24.019000,0 days 00:00:29.192000,0 days 00:00:41.939000,0 days 01:40:53.509000,0 days 01:41:22.701000,0 days 01:42:04.640000,112.0,278.0,287.0,306.0,True,HARD,25.0,True,Red Bull Racing,0 days 01:40:29.466000,,1,11.0,False,,False,True,26.3,39.8,966.7,False,53.9,109,1.3,True,False,False,False,False,False,1 L,+4.928,,4.928,6124.616,95.15,,,24.019,29.192,41.939,6053.509,6082.701,6124.64,6029.466
2019,French Grand Prix,8,France,Le Castellet,0 days 01:43:40.035000,GAS,10,0 days 00:01:35.419000,43.0,2.0,,Pierre Gasly,,0 days 00:00:24.080000,0 days 00:00:29.392000,0 days 00:00:41.947000,0 days 01:42:28.720000,0 days 01:42:58.112000,0 days 01:43:40.059000,112.0,277.0,287.0,300.0,False,HARD,26.0,True,Red Bull Racing,0 days 01:42:04.616000,,1,11.0,False,,False,True,26.4,40.1,966.8,False,53.9,81,2.1,True,False,False,False,False,False,1 L,+5.238,,5.238,6220.035,95.419,,,24.08,29.392,41.947,6148.72,6178.112,6220.059,6124.616
2019,French Grand Prix,8,France,Le Castellet,0 days 01:45:16.212000,GAS,10,0 days 00:01:36.177000,44.0,2.0,,Pierre Gasly,,0 days 00:00:24.136000,0 days 00:00:29.461000,0 days 00:00:42.580000,0 days 01:44:04.195000,0 days 01:44:33.656000,0 days 01:45:16.236000,109.0,278.0,302.0,301.0,False,HARD,27.0,True,Red Bull Racing,0 days 01:43:40.035000,,1,11.0,False,,False,True,26.4,40.1,966.7,False,54.5,94,1.5,True,False,False,False,False,False,1 L,+3.909,,3.909,6316.212,96.177,,,24.136,29.461,42.58,6244.195,6273.656,6316.236,6220.035
2019,French Grand Prix,8,France,Le Castellet,0 days 01:46:52.204000,GAS,10,0 days 00:01:35.992000,45.0,2.0,,Pierre Gasly,,0 days 00:00:24.351000,0 days 00:00:29.591000,0 days 00:00:42.050000,0 days 01:45:40.587000,0 days 01:46:10.178000,0 days 01:46:52.228000,112.0,276.0,288.0,301.0,False,HARD,28.0,True,Red Bull Racing,0 days 01:45:16.212000,,1,11.0,False,,False,True,26.8,39.2,966.6,False,54.9,166,1.4,True,False,False,False,False,False,1 L,+4.904,,4.904,6412.204,95.992,,,24.351,29.591,42.05,6340.587,6370.178,6412.228,6316.212
2019,French Grand Prix,8,France,Le Castellet,0 days 01:48:27.591000,GAS,10,0 days 00:01:35.387000,46.0,2.0,,Pierre Gasly,,0 days 00:00:23.992000,0 days 00:00:29.330000,0 days 00:00:42.065000,0 days 01:47:16.220000,0 days 01:47:45.550000,0 days 01:48:27.615000,110.0,278.0,285.0,300.0,False,HARD,29.0,True,Red Bull Racing,0 days 01:46:52.204000,,1,11.0,False,,False,True,27.1,37.8,966.6,False,55.2,128,1.6,True,False,False,False,False,False,1 L,+5.456,,5.456,6507.591,95.387,,,23.992,29.33,42.065,6436.22,6465.55,6507.615,6412.204
2019,French Grand Prix,8,France,Le Castellet,0 days 01:50:03.138000,GAS,10,0 days 00:01:35.547000,47.0,2.0,,Pierre Gasly,,0 days 00:00:24.120000,0 days 00:00:29.332000,0 days 00:00:42.095000,0 days 01:48:51.735000,0 days 01:49:21.067000,0 days 01:50:03.162000,111.0,277.0,285.0,298.0,False,HARD,30.0,True,Red Bull Racing,0 days 01:48:27.591000,,1,11.0,False,,False,True,27.0,37.6,966.7,False,54.3,29,1.2,True,False,False,False,False,False,1 L,+5.898,,5.898,6603.138,95.547,,,24.12,29.332,42.095,6531.735,6561.067,6603.162,6507.591
2019,French Grand Prix,8,France,Le Castellet,0 days 01:51:38.533000,GAS,10,0 days 00:01:35.395000,48.0,2.0,,Pierre Gasly,,0 days 00:00:23.988000,0 days 00:00:29.330000,0 days 00:00:42.077000,0 days 01:50:27.150000,0 days 01:50:56.480000,0 days 01:51:38.557000,110.0,278.0,286.0,297.0,False,HARD,31.0,True,Red Bull Racing,0 days 01:50:03.138000,,12,11.0,False,,False,True,27.2,36.6,966.7,False,53.7,78,1.4,True,True,False,False,False,False,1 L,+5.598,,5.598,6698.533,95.395,,,23.988,29.33,42.077,6627.15,6656.48,6698.557,6603.138
2019,French Grand Prix,8,France,Le Castellet,0 days 01:53:24.613000,GAS,10,0 days 00:01:46.080000,49.0,2.0,,Pierre Gasly,,0 days 00:00:24.050000,0 days 00:00:29.597000,0 days 00:00:52.433000,0 days 01:52:02.607000,0 days 01:52:32.204000,0 days 01:53:24.637000,113.0,276.0,253.0,299.0,False,HARD,32.0,True,Red Bull Racing,0 days 01:51:38.533000,,1267,11.0,False,,False,False,26.8,37.7,966.7,False,55.0,86,1.8,True,True,False,False,True,True,1 L,+8.942,,8.942,6804.613,106.08,,,24.05,29.597,52.433,6722.607,6752.204,6804.637,6698.533
2019,French Grand Prix,8,France,Le Castellet,0 days 01:55:00.837000,GAS,10,0 days 00:01:36.224000,50.0,2.0,,Pierre Gasly,,0 days 00:00:24.688000,0 days 00:00:29.554000,0 days 00:00:41.982000,0 days 01:53:49.325000,0 days 01:54:18.879000,0 days 01:55:00.861000,110.0,277.0,286.0,298.0,False,HARD,33.0,True,Red Bull Racing,0 days 01:53:24.613000,,71,11.0,False,,False,False,26.7,38.6,966.7,False,54.5,158,1.4,True,False,False,False,False,True,1 L,+7.171,,7.171,6900.837,96.224,,,24.688,29.554,41.982,6829.325,6858.879,6900.861,6804.613
2019,French Grand Prix,8,France,Le Castellet,0 days 01:56:36.378000,GAS,10,0 days 00:01:35.541000,51.0,2.0,,Pierre Gasly,,0 days 00:00:24.199000,0 days 00:00:29.458000,0 days 00:00:41.884000,0 days 01:55:25.060000,0 days 01:55:54.518000,0 days 01:56:36.402000,109.0,277.0,287.0,297.0,False,HARD,34.0,True,Red Bull Racing,0 days 01:55:00.837000,,1,11.0,False,,False,True,26.9,38.4,966.7,False,54.3,51,1.1,True,False,False,False,False,False,1 L,+7.694,,7.694,6996.378,95.541,,,24.199,29.458,41.884,6925.06,6954.518,6996.402,6900.837
2019,French Grand Prix,8,France,Le Castellet,0 days 01:58:12.574000,GAS,10,0 days 00:01:36.196000,52.0,2.0,,Pierre Gasly,,0 days 00:00:24.279000,0 days 00:00:29.554000,0 days 00:00:42.363000,0 days 01:57:00.681000,0 days 01:57:30.235000,0 days 01:58:12.598000,108.0,277.0,287.0,298.0,False,HARD,35.0,True,Red Bull Racing,0 days 01:56:36.378000,,1,11.0,False,,False,True,26.9,37.0,966.7,False,53.3,18,2.3,True,False,False,False,False,False,1 L,+5.182,,5.182,7092.574,96.196,,,24.279,29.554,42.363,7020.681,7050.235,7092.598,6996.378
2019,French Grand Prix,8,France,Le Castellet,0 days 00:35:16.809000,PER,11,0 days 00:01:51.657000,1.0,1.0,,Sergio Perez,,,0 days 00:00:31.801000,0 days 00:00:44.065000,,0 days 00:34:32.865000,0 days 00:35:17.081000,107.0,281.0,289.0,292.0,False,MEDIUM,1.0,True,Racing Point,0 days 00:33:25.039000,,1,13.0,False,,False,False,26.4,41.4,966.7,False,55.9,120,1.8,True,False,False,False,False,False,+9.729,+0.667,9.729,0.667,2116.809,111.657,,,,31.801,44.065,,2072.865,2117.081,2005.039
2019,French Grand Prix,8,France,Le Castellet,0 days 00:36:56.991000,PER,11,0 days 00:01:40.182000,2.0,1.0,,Sergio Perez,,0 days 00:00:25.837000,0 days 00:00:30.360000,0 days 00:00:43.985000,0 days 00:35:42.662000,0 days 00:36:13.022000,0 days 00:36:57.007000,108.0,278.0,290.0,307.0,True,MEDIUM,2.0,True,Racing Point,0 days 00:35:16.809000,,1,13.0,False,,False,True,26.4,41.4,966.7,False,56.1,93,1.8,True,False,False,False,False,False,+12.433,+0.705,12.433,0.705,2216.991,100.182,,,25.837,30.36,43.985,2142.662,2173.022,2217.007,2116.809
2019,French Grand Prix,8,France,Le Castellet,0 days 00:38:36.194000,PER,11,0 days 00:01:39.203000,3.0,1.0,,Sergio Perez,,0 days 00:00:25.647000,0 days 00:00:29.847000,0 days 00:00:43.709000,0 days 00:37:22.654000,0 days 00:37:52.501000,0 days 00:38:36.210000,105.0,279.0,302.0,313.0,True,MEDIUM,3.0,True,Racing Point,0 days 00:36:56.991000,,1,13.0,False,,False,True,26.3,41.8,966.7,False,57.0,77,2.1,True,False,False,False,False,False,+14.987,+0.912,14.987,0.912,2316.194,99.203,,,25.647,29.847,43.709,2242.654,2272.501,2316.21,2216.991
2019,French Grand Prix,8,France,Le Castellet,0 days 00:40:14.771000,PER,11,0 days 00:01:38.577000,4.0,1.0,,Sergio Perez,,0 days 00:00:25.184000,0 days 00:00:29.936000,0 days 00:00:43.457000,0 days 00:39:01.394000,0 days 00:39:31.330000,0 days 00:40:14.787000,109.0,279.0,302.0,313.0,True,MEDIUM,4.0,True,Racing Point,0 days 00:38:36.194000,,1,13.0,False,,False,True,26.7,40.4,966.8,False,56.6,83,1.1,True,False,False,False,False,False,+17.255,+0.919,17.255,0.919,2414.771,98.577,,,25.184,29.936,43.457,2341.394,2371.33,2414.787,2316.194
2019,French Grand Prix,8,France,Le Castellet,0 days 00:41:53.735000,PER,11,0 days 00:01:38.964000,5.0,1.0,,Sergio Perez,,0 days 00:00:25.160000,0 days 00:00:29.910000,0 days 00:00:43.894000,0 days 00:40:39.947000,0 days 00:41:09.857000,0 days 00:41:53.751000,106.0,280.0,304.0,316.0,False,MEDIUM,5.0,True,Racing Point,0 days 00:40:14.771000,,1,13.0,False,,False,True,26.8,40.2,966.7,False,56.6,151,1.5,True,False,False,False,False,False,+20.239,+0.716,20.239,0.716,2513.735,98.964,,,25.16,29.91,43.894,2439.947,2469.857,2513.751,2414.771
2019,French Grand Prix,8,France,Le Castellet,0 days 00:43:32.592000,PER,11,0 days 00:01:38.857000,6.0,1.0,,Sergio Perez,,0 days 00:00:25.139000,0 days 00:00:29.938000,0 days 00:00:43.780000,0 days 00:42:18.890000,0 days 00:42:48.828000,0 days 00:43:32.608000,109.0,278.0,302.0,313.0,False,MEDIUM,6.0,True,Racing Point,0 days 00:41:53.735000,,1,13.0,False,,False,True,26.7,41.4,966.7,False,56.4,48,2.1,True,False,False,False,False,False,+23.157,+0.715,23.157,0.715,2612.592,98.857,,,25.139,29.938,43.78,2538.89,2568.828,2612.608,2513.735
2019,French Grand Prix,8,France,Le Castellet,0 days 00:45:11.607000,PER,11,0 days 00:01:39.015000,7.0,1.0,,Sergio Perez,,0 days 00:00:25.306000,0 days 00:00:29.826000,0 days 00:00:43.883000,0 days 00:43:57.914000,0 days 00:44:27.740000,0 days 00:45:11.623000,108.0,285.0,298.0,325.0,False,MEDIUM,7.0,True,Racing Point,0 days 00:43:32.592000,,1,12.0,False,,False,True,27.0,41.1,966.7,False,56.6,176,1.4,True,False,False,False,False,False,+25.825,+0.932,25.825,0.932,2711.607,99.015,,,25.306,29.826,43.883,2637.914,2667.74,2711.623,2612.592
2019,French Grand Prix,8,France,Le Castellet,0 days 00:46:50.216000,PER,11,0 days 00:01:38.609000,8.0,1.0,,Sergio Perez,,0 days 00:00:24.944000,0 days 00:00:29.917000,0 days 00:00:43.748000,0 days 00:45:36.567000,0 days 00:46:06.484000,0 days 00:46:50.232000,111.0,279.0,284.0,304.0,False,MEDIUM,8.0,True,Racing Point,0 days 00:45:11.607000,,1,12.0,False,,False,True,27.3,40.3,966.7,False,56.8,184,1.1,True,False,False,False,False,False,+28.408,+1.589,28.408,1.589,2810.216,98.609,,,24.944,29.917,43.748,2736.567,2766.484,2810.232,2711.607
2019,French Grand Prix,8,France,Le Castellet,0 days 00:48:28.587000,PER,11,0 days 00:01:38.371000,9.0,1.0,,Sergio Perez,,0 days 00:00:25.103000,0 days 00:00:29.889000,0 days 00:00:43.379000,0 days 00:47:15.335000,0 days 00:47:45.224000,0 days 00:48:28.603000,112.0,279.0,289.0,302.0,True,MEDIUM,9.0,True,Racing Point,0 days 00:46:50.216000,,1,12.0,False,,False,True,27.8,39.0,966.7,False,57.2,164,0.9,True,False,False,False,False,False,+31.004,+2.037,31.004,2.037,2908.587,98.371,,,25.103,29.889,43.379,2835.335,2865.224,2908.603,2810.216
2019,French Grand Prix,8,France,Le Castellet,0 days 00:50:06.463000,PER,11,0 days 00:01:37.876000,10.0,1.0,,Sergio Perez,,0 days 00:00:24.906000,0 days 00:00:29.765000,0 days 00:00:43.205000,0 days 00:48:53.509000,0 days 00:49:23.274000,0 days 00:50:06.479000,111.0,279.0,289.0,301.0,True,MEDIUM,10.0,True,Racing Point,0 days 00:48:28.587000,,1,12.0,False,,False,True,27.7,37.9,966.7,False,55.4,132,1.8,True,False,False,False,False,False,+33.183,+2.011,33.183,2.011,3006.463,97.876,,,24.906,29.765,43.205,2933.509,2963.274,3006.479,2908.587
2019,French Grand Prix,8,France,Le Castellet,0 days 00:51:44.056000,PER,11,0 days 00:01:37.593000,11.0,1.0,,Sergio Perez,,0 days 00:00:24.808000,0 days 00:00:29.626000,0 days 00:00:43.159000,0 days 00:50:31.287000,0 days 00:51:00.913000,0 days 00:51:44.072000,111.0,279.0,289.0,305.0,True,MEDIUM,11.0,True,Racing Point,0 days 00:50:06.463000,,1,12.0,False,,False,True,27.6,38.4,966.6,False,55.4,103,1.6,True,False,False,False,False,False,+35.277,+1.891,35.277,1.891,3104.056,97.593,,,24.808,29.626,43.159,3031.287,3060.913,3104.072,3006.463
2019,French Grand Prix,8,France,Le Castellet,0 days 00:53:21.508000,PER,11,0 days 00:01:37.452000,12.0,1.0,,Sergio Perez,,0 days 00:00:24.765000,0 days 00:00:29.629000,0 days 00:00:43.058000,0 days 00:52:08.837000,0 days 00:52:38.466000,0 days 00:53:21.524000,112.0,279.0,291.0,307.0,True,MEDIUM,12.0,True,Racing Point,0 days 00:51:44.056000,,1,12.0,False,,False,True,27.3,38.8,966.6,False,55.6,87,2.1,True,False,False,False,False,False,+37.288,+1.642,37.288,1.642,3201.508,97.452,,,24.765,29.629,43.058,3128.837,3158.466,3201.524,3104.056
2019,French Grand Prix,8,France,Le Castellet,0 days 00:54:58.740000,PER,11,0 days 00:01:37.232000,13.0,1.0,,Sergio Perez,,0 days 00:00:24.666000,0 days 00:00:29.730000,0 days 00:00:42.836000,0 days 00:53:46.190000,0 days 00:54:15.920000,0 days 00:54:58.756000,110.0,279.0,291.0,307.0,True,MEDIUM,13.0,True,Racing Point,0 days 00:53:21.508000,,1,12.0,False,,False,True,27.1,38.7,966.6,False,54.4,161,1.5,True,False,False,False,False,False,+39.191,+1.534,39.191,1.534,3298.74,97.232,,,24.666,29.73,42.836,3226.19,3255.92,3298.756,3201.508
2019,French Grand Prix,8,France,Le Castellet,0 days 00:56:35.605000,PER,11,0 days 00:01:36.865000,14.0,1.0,,Sergio Perez,,0 days 00:00:24.615000,0 days 00:00:29.471000,0 days 00:00:42.779000,0 days 00:55:23.371000,0 days 00:55:52.842000,0 days 00:56:35.621000,113.0,280.0,291.0,309.0,True,MEDIUM,14.0,True,Racing Point,0 days 00:54:58.740000,,1,12.0,False,,False,True,27.4,38.3,966.6,False,55.1,116,0.9,True,False,False,False,False,False,+41.238,+1.227,41.238,1.227,3395.605,96.865,,,24.615,29.471,42.779,3323.371,3352.842,3395.621,3298.74
2019,French Grand Prix,8,France,Le Castellet,0 days 00:58:12.929000,PER,11,0 days 00:01:37.324000,15.0,1.0,,Sergio Perez,,0 days 00:00:24.863000,0 days 00:00:29.591000,0 days 00:00:42.870000,0 days 00:57:00.484000,0 days 00:57:30.075000,0 days 00:58:12.945000,109.0,280.0,290.0,309.0,False,MEDIUM,15.0,True,Racing Point,0 days 00:56:35.605000,,1,12.0,False,,False,True,27.6,37.8,966.5,False,55.1,119,2.3,True,False,False,False,False,False,+43.761,+1.165,43.761,1.165,3492.929,97.324,,,24.863,29.591,42.87,3420.484,3450.075,3492.945,3395.605
2019,French Grand Prix,8,France,Le Castellet,0 days 00:59:50.373000,PER,11,0 days 00:01:37.444000,16.0,1.0,,Sergio Perez,,0 days 00:00:24.824000,0 days 00:00:29.716000,0 days 00:00:42.904000,0 days 00:58:37.769000,0 days 00:59:07.485000,0 days 00:59:50.389000,112.0,279.0,291.0,303.0,False,MEDIUM,16.0,True,Racing Point,0 days 00:58:12.929000,,1,11.0,False,,False,True,27.2,38.6,966.6,False,54.8,106,2.6,True,False,False,False,False,False,+46.195,+1.299,46.195,1.299,3590.373,97.444,,,24.824,29.716,42.904,3517.769,3547.485,3590.389,3492.929
2019,French Grand Prix,8,France,Le Castellet,0 days 01:01:27.725000,PER,11,0 days 00:01:37.352000,17.0,1.0,,Sergio Perez,,0 days 00:00:24.872000,0 days 00:00:29.724000,0 days 00:00:42.756000,0 days 01:00:15.261000,0 days 01:00:44.985000,0 days 01:01:27.741000,107.0,279.0,290.0,305.0,False,MEDIUM,17.0,True,Racing Point,0 days 00:59:50.373000,,1,10.0,False,,False,True,27.4,38.4,966.6,False,55.4,107,1.1,True,False,False,False,False,False,+48.180,+1.469,48.18,1.469,3687.725,97.352,,,24.872,29.724,42.756,3615.261,3644.985,3687.741,3590.373
2019,French Grand Prix,8,France,Le Castellet,0 days 01:03:31.544000,PER,11,0 days 00:02:03.819000,18.0,1.0,,Sergio Perez,0 days 01:02:54.962000,0 days 00:00:24.702000,0 days 00:00:29.429000,0 days 00:01:09.688000,0 days 01:01:52.443000,0 days 01:02:21.872000,0 days 01:03:31.560000,109.0,279.0,,313.0,False,MEDIUM,18.0,True,Racing Point,0 days 01:01:27.725000,,1,16.0,False,,False,False,27.7,37.1,966.6,False,56.0,59,1.5,True,False,False,False,False,False,+49.466,+1.190,49.466,1.19,3811.544,123.819,3774.962,,24.702,29.429,69.688,3712.443,3741.872,3811.56,3687.725
2019,French Grand Prix,8,France,Le Castellet,0 days 01:05:11.986000,PER,11,0 days 00:01:40.442000,19.0,2.0,0 days 01:03:32.338000,Sergio Perez,,0 days 00:00:28.075000,0 days 00:00:29.692000,0 days 00:00:42.675000,0 days 01:03:59.635000,0 days 01:04:29.327000,0 days 01:05:12.002000,112.0,276.0,287.0,305.0,False,HARD,1.0,True,Racing Point,0 days 01:03:31.544000,,1,16.0,False,,False,False,27.3,38.2,966.5,False,54.1,89,2.1,True,False,False,False,False,False,+82.354,+9.137,82.354,9.137,3911.986,100.442,,3812.338,28.075,29.692,42.675,3839.635,3869.327,3912.002,3811.544
2019,French Grand Prix,8,France,Le Castellet,0 days 01:06:48.436000,PER,11,0 days 00:01:36.450000,20.0,2.0,,Sergio Perez,,0 days 00:00:24.404000,0 days 00:00:29.367000,0 days 00:00:42.679000,0 days 01:05:36.406000,0 days 01:06:05.773000,0 days 01:06:48.452000,115.0,277.0,288.0,300.0,True,HARD,2.0,True,Racing Point,0 days 01:05:11.986000,,1,16.0,False,,False,True,27.5,37.8,966.6,False,56.1,106,1.2,True,False,False,False,False,False,+83.928,+8.899,83.928,8.899,4008.436,96.45,,,24.404,29.367,42.679,3936.406,3965.773,4008.452,3911.986
2019,French Grand Prix,8,France,Le Castellet,0 days 01:08:25.190000,PER,11,0 days 00:01:36.754000,21.0,2.0,,Sergio Perez,,0 days 00:00:24.477000,0 days 00:00:29.736000,0 days 00:00:42.541000,0 days 01:07:12.929000,0 days 01:07:42.665000,0 days 01:08:25.206000,111.0,277.0,287.0,295.0,False,HARD,3.0,True,Racing Point,0 days 01:06:48.436000,,1,16.0,False,,False,True,27.8,36.8,966.6,False,56.0,80,2.2,True,False,False,False,False,False,+84.832,+8.759,84.832,8.759,4105.19,96.754,,,24.477,29.736,42.541,4032.929,4062.665,4105.206,4008.436
2019,French Grand Prix,8,France,Le Castellet,0 days 01:10:01.389000,PER,11,0 days 00:01:36.199000,22.0,2.0,,Sergio Perez,,0 days 00:00:24.410000,0 days 00:00:29.509000,0 days 00:00:42.280000,0 days 01:08:49.616000,0 days 01:09:19.125000,0 days 01:10:01.405000,114.0,278.0,288.0,301.0,True,HARD,4.0,True,Racing Point,0 days 01:08:25.190000,,12,16.0,False,,False,True,27.7,36.8,966.5,False,55.9,102,3.1,True,True,False,False,False,False,+86.245,+8.349,86.245,8.349,4201.389,96.199,,,24.41,29.509,42.28,4129.616,4159.125,4201.405,4105.19
2019,French Grand Prix,8,France,Le Castellet,0 days 01:11:37.862000,PER,11,0 days 00:01:36.473000,23.0,2.0,,Sergio Perez,,0 days 00:00:24.363000,0 days 00:00:29.514000,0 days 00:00:42.596000,0 days 01:10:25.768000,0 days 01:10:55.282000,0 days 01:11:37.878000,110.0,278.0,288.0,300.0,False,HARD,5.0,True,Racing Point,0 days 01:10:01.389000,,1,16.0,False,,False,True,27.5,37.2,966.5,False,56.3,108,3.3,True,False,False,False,False,False,+88.037,+8.148,88.037,8.148,4297.862,96.473,,,24.363,29.514,42.596,4225.768,4255.282,4297.878,4201.389
2019,French Grand Prix,8,France,Le Castellet,0 days 01:13:14.373000,PER,11,0 days 00:01:36.511000,24.0,2.0,,Sergio Perez,,0 days 00:00:24.456000,0 days 00:00:29.519000,0 days 00:00:42.536000,0 days 01:12:02.334000,0 days 01:12:31.853000,0 days 01:13:14.389000,114.0,278.0,284.0,300.0,False,HARD,6.0,True,Racing Point,0 days 01:11:37.862000,,1,16.0,False,,False,True,27.2,37.4,966.6,False,55.2,114,3.2,True,False,False,False,False,False,+89.475,+7.475,89.475,7.475,4394.373,96.511,,,24.456,29.519,42.536,4322.334,4351.853,4394.389,4297.862
2019,French Grand Prix,8,France,Le Castellet,0 days 01:14:50.987000,PER,11,0 days 00:01:36.614000,25.0,2.0,,Sergio Perez,,0 days 00:00:24.573000,0 days 00:00:29.510000,0 days 00:00:42.531000,0 days 01:13:38.962000,0 days 01:14:08.472000,0 days 01:14:51.003000,113.0,278.0,288.0,299.0,False,HARD,7.0,True,Racing Point,0 days 01:13:14.373000,,1,15.0,False,,False,True,26.9,38.1,966.5,False,54.9,102,3.7,True,False,False,False,False,False,+67.129,+7.147,67.129,7.147,4490.987,96.614,,,24.573,29.51,42.531,4418.962,4448.472,4491.003,4394.373
2019,French Grand Prix,8,France,Le Castellet,0 days 01:16:27.306000,PER,11,0 days 00:01:36.319000,26.0,2.0,,Sergio Perez,,0 days 00:00:24.416000,0 days 00:00:29.484000,0 days 00:00:42.419000,0 days 01:15:15.419000,0 days 01:15:44.903000,0 days 01:16:27.322000,111.0,279.0,288.0,301.0,False,HARD,8.0,True,Racing Point,0 days 01:14:50.987000,,1,15.0,False,,False,True,26.6,39.0,966.6,False,54.1,12,1.6,True,False,False,False,False,False,+68.847,+6.564,68.847,6.564,4587.306,96.319,,,24.416,29.484,42.419,4515.419,4544.903,4587.322,4490.987
2019,French Grand Prix,8,France,Le Castellet,0 days 01:18:03.139000,PER,11,0 days 00:01:35.833000,27.0,2.0,,Sergio Perez,,0 days 00:00:24.177000,0 days 00:00:29.430000,0 days 00:00:42.226000,0 days 01:16:51.499000,0 days 01:17:20.929000,0 days 01:18:03.155000,110.0,278.0,290.0,301.0,True,HARD,9.0,True,Racing Point,0 days 01:16:27.306000,,1,15.0,False,,False,True,27.0,37.9,966.6,False,53.2,85,2.4,True,False,False,False,False,False,+70.147,+5.195,70.147,5.195,4683.139,95.833,,,24.177,29.43,42.226,4611.499,4640.929,4683.155,4587.306
2019,French Grand Prix,8,France,Le Castellet,0 days 01:19:39.268000,PER,11,0 days 00:01:36.129000,28.0,2.0,,Sergio Perez,,0 days 00:00:24.169000,0 days 00:00:29.504000,0 days 00:00:42.456000,0 days 01:18:27.324000,0 days 01:18:56.828000,0 days 01:19:39.284000,112.0,279.0,290.0,302.0,False,HARD,10.0,True,Racing Point,0 days 01:18:03.139000,,1,15.0,False,,False,True,27.1,37.4,966.6,False,52.0,115,2.2,True,False,False,False,False,False,+71.959,+3.734,71.959,3.734,4779.268,96.129,,,24.169,29.504,42.456,4707.324,4736.828,4779.284,4683.139
2019,French Grand Prix,8,France,Le Castellet,0 days 01:21:15.251000,PER,11,0 days 00:01:35.983000,29.0,2.0,,Sergio Perez,,0 days 00:00:24.223000,0 days 00:00:29.497000,0 days 00:00:42.263000,0 days 01:20:03.507000,0 days 01:20:33.004000,0 days 01:21:15.267000,114.0,280.0,290.0,304.0,False,HARD,11.0,True,Racing Point,0 days 01:19:39.268000,,1,15.0,False,,False,True,27.2,37.1,966.6,False,52.0,124,1.5,True,False,False,False,False,False,+73.401,+2.436,73.401,2.436,4875.251,95.983,,,24.223,29.497,42.263,4803.507,4833.004,4875.267,4779.268
2019,French Grand Prix,8,France,Le Castellet,0 days 01:22:51.305000,PER,11,0 days 00:01:36.054000,30.0,2.0,,Sergio Perez,,0 days 00:00:24.283000,0 days 00:00:29.351000,0 days 00:00:42.420000,0 days 01:21:39.550000,0 days 01:22:08.901000,0 days 01:22:51.321000,113.0,281.0,291.0,304.0,False,HARD,12.0,True,Racing Point,0 days 01:21:15.251000,,1,15.0,False,,False,True,27.3,36.7,966.7,False,52.6,104,2.4,True,False,False,False,False,False,+75.433,+1.187,75.433,1.187,4971.305,96.054,,,24.283,29.351,42.42,4899.55,4928.901,4971.321,4875.251
2019,French Grand Prix,8,France,Le Castellet,0 days 01:24:28.242000,PER,11,0 days 00:01:36.937000,31.0,2.0,,Sergio Perez,,0 days 00:00:24.470000,0 days 00:00:29.704000,0 days 00:00:42.763000,0 days 01:23:15.791000,0 days 01:23:45.495000,0 days 01:24:28.258000,110.0,282.0,298.0,317.0,False,HARD,13.0,True,Racing Point,0 days 01:22:51.305000,,1,14.0,False,,False,True,27.2,37.2,966.6,False,53.8,58,1.7,True,False,False,False,False,False,+78.422,+0.639,78.422,0.639,5068.242,96.937,,,24.47,29.704,42.763,4995.791,5025.495,5068.258,4971.305
2019,French Grand Prix,8,France,Le Castellet,0 days 01:26:04.277000,PER,11,0 days 00:01:36.035000,32.0,2.0,,Sergio Perez,,0 days 00:00:24.148000,0 days 00:00:29.553000,0 days 00:00:42.334000,0 days 01:24:52.406000,0 days 01:25:21.959000,0 days 01:26:04.293000,113.0,280.0,291.0,300.0,False,HARD,14.0,True,Racing Point,0 days 01:24:28.242000,,1,13.0,False,,False,True,27.5,36.5,966.7,False,55.5,25,1.2,True,False,False,False,False,False,+80.039,+2.753,80.039,2.753,5164.277,96.035,,,24.148,29.553,42.334,5092.406,5121.959,5164.293,5068.242
2019,French Grand Prix,8,France,Le Castellet,0 days 01:27:40.574000,PER,11,0 days 00:01:36.297000,33.0,2.0,,Sergio Perez,,0 days 00:00:24.304000,0 days 00:00:29.722000,0 days 00:00:42.271000,0 days 01:26:28.597000,0 days 01:26:58.319000,0 days 01:27:40.590000,111.0,278.0,290.0,303.0,False,HARD,15.0,True,Racing Point,0 days 01:26:04.277000,,1,13.0,False,,False,True,27.5,36.6,966.7,False,55.5,76,1.4,True,False,False,False,False,False,+81.440,+2.379,81.44,2.379,5260.574,96.297,,,24.304,29.722,42.271,5188.597,5218.319,5260.59,5164.277
2019,French Grand Prix,8,France,Le Castellet,0 days 01:29:17.218000,PER,11,0 days 00:01:36.644000,34.0,2.0,,Sergio Perez,,0 days 00:00:24.417000,0 days 00:00:29.719000,0 days 00:00:42.508000,0 days 01:28:05.007000,0 days 01:28:34.726000,0 days 01:29:17.234000,111.0,279.0,290.0,303.0,False,HARD,16.0,True,Racing Point,0 days 01:27:40.574000,,1,13.0,False,,False,True,27.6,36.6,966.7,False,56.2,15,1.7,True,False,False,False,False,False,+83.005,+1.903,83.005,1.903,5357.218,96.644,,,24.417,29.719,42.508,5285.007,5314.726,5357.234,5260.574
2019,French Grand Prix,8,France,Le Castellet,0 days 01:30:54.361000,PER,11,0 days 00:01:37.143000,35.0,2.0,,Sergio Perez,,0 days 00:00:24.483000,0 days 00:00:29.835000,0 days 00:00:42.825000,0 days 01:29:41.717000,0 days 01:30:11.552000,0 days 01:30:54.377000,111.0,282.0,291.0,291.0,False,HARD,17.0,True,Racing Point,0 days 01:29:17.218000,,12,13.0,False,,False,True,27.6,36.7,966.6,False,55.4,79,1.1,True,True,False,False,False,False,+85.857,+1.886,85.857,1.886,5454.361,97.143,,,24.483,29.835,42.825,5381.717,5411.552,5454.377,5357.218
2019,French Grand Prix,8,France,Le Castellet,0 days 01:32:30.755000,PER,11,0 days 00:01:36.394000,36.0,2.0,,Sergio Perez,,0 days 00:00:24.490000,0 days 00:00:29.470000,0 days 00:00:42.434000,0 days 01:31:18.867000,0 days 01:31:48.337000,0 days 01:32:30.771000,112.0,281.0,291.0,305.0,False,HARD,18.0,True,Racing Point,0 days 01:30:54.361000,,1,13.0,False,,False,True,27.7,36.9,966.7,False,54.1,102,1.4,True,False,False,False,False,False,+88.149,+1.714,88.149,1.714,5550.755,96.394,,,24.49,29.47,42.434,5478.867,5508.337,5550.771,5454.361
2019,French Grand Prix,8,France,Le Castellet,0 days 01:34:06.820000,PER,11,0 days 00:01:36.065000,37.0,2.0,,Sergio Perez,,0 days 00:00:24.372000,0 days 00:00:29.501000,0 days 00:00:42.192000,0 days 01:32:55.143000,0 days 01:33:24.644000,0 days 01:34:06.836000,112.0,281.0,292.0,300.0,False,HARD,19.0,True,Racing Point,0 days 01:32:30.755000,,1,13.0,False,,False,True,27.4,37.2,966.7,False,51.6,79,1.2,True,False,False,False,False,False,+90.173,+1.867,90.173,1.867,5646.82,96.065,,,24.372,29.501,42.192,5575.143,5604.644,5646.836,5550.755
2019,French Grand Prix,8,France,Le Castellet,0 days 01:35:42.826000,PER,11,0 days 00:01:36.006000,38.0,2.0,,Sergio Perez,,0 days 00:00:24.322000,0 days 00:00:29.499000,0 days 00:00:42.185000,0 days 01:34:31.158000,0 days 01:35:00.657000,0 days 01:35:42.842000,110.0,281.0,291.0,302.0,False,HARD,20.0,True,Racing Point,0 days 01:34:06.820000,,1,13.0,False,,False,True,27.2,37.1,966.8,False,53.9,121,2.4,True,False,False,False,False,False,+92.046,+1.884,92.046,1.884,5742.826,96.006,,,24.322,29.499,42.185,5671.158,5700.657,5742.842,5646.82
2019,French Grand Prix,8,France,Le Castellet,0 days 01:37:20.460000,PER,11,0 days 00:01:37.634000,39.0,2.0,,Sergio Perez,,0 days 00:00:24.161000,0 days 00:00:29.596000,0 days 00:00:43.877000,0 days 01:36:07.003000,0 days 01:36:36.599000,0 days 01:37:20.476000,109.0,280.0,297.0,304.0,False,HARD,21.0,True,Racing Point,0 days 01:35:42.826000,,1,12.0,False,,False,True,26.8,38.9,966.6,False,53.1,84,1.8,True,False,False,False,False,False,1 L,+3.775,,3.775,5840.46,97.634,,,24.161,29.596,43.877,5767.003,5796.599,5840.476,5742.826
2019,French Grand Prix,8,France,Le Castellet,0 days 01:38:56.585000,PER,11,0 days 00:01:36.125000,40.0,2.0,,Sergio Perez,,0 days 00:00:24.457000,0 days 00:00:29.530000,0 days 00:00:42.138000,0 days 01:37:44.933000,0 days 01:38:14.463000,0 days 01:38:56.601000,114.0,281.0,291.0,304.0,False,HARD,22.0,True,Racing Point,0 days 01:37:20.460000,,1,12.0,False,,False,True,26.9,38.6,966.7,False,52.6,73,1.1,True,False,False,False,False,False,1 L,+4.317,,4.317,5936.585,96.125,,,24.457,29.53,42.138,5864.933,5894.463,5936.601,5840.46
2019,French Grand Prix,8,France,Le Castellet,0 days 01:40:31.953000,PER,11,0 days 00:01:35.368000,41.0,2.0,,Sergio Perez,,0 days 00:00:24.065000,0 days 00:00:29.298000,0 days 00:00:42.005000,0 days 01:39:20.666000,0 days 01:39:49.964000,0 days 01:40:31.969000,114.0,281.0,291.0,303.0,True,HARD,23.0,True,Racing Point,0 days 01:38:56.585000,,1,12.0,False,,False,True,26.8,39.0,966.7,False,53.8,38,1.4,True,False,False,False,False,False,1 L,+2.519,,2.519,6031.953,95.368,,,24.065,29.298,42.005,5960.666,5989.964,6031.969,5936.585
2019,French Grand Prix,8,France,Le Castellet,0 days 01:42:06.967000,PER,11,0 days 00:01:35.014000,42.0,2.0,,Sergio Perez,,0 days 00:00:24.015000,0 days 00:00:29.175000,0 days 00:00:41.824000,0 days 01:40:55.984000,0 days 01:41:25.159000,0 days 01:42:06.983000,114.0,283.0,291.0,304.0,True,HARD,24.0,True,Racing Point,0 days 01:40:31.953000,,1,12.0,False,,False,True,26.3,39.8,966.7,False,53.9,109,1.3,True,False,False,False,False,False,1 L,+2.388,,2.388,6126.967,95.014,,,24.015,29.175,41.824,6055.984,6085.159,6126.983,6031.953
2019,French Grand Prix,8,France,Le Castellet,0 days 01:43:42.266000,PER,11,0 days 00:01:35.299000,43.0,2.0,,Sergio Perez,,0 days 00:00:23.938000,0 days 00:00:29.305000,0 days 00:00:42.056000,0 days 01:42:30.921000,0 days 01:43:00.226000,0 days 01:43:42.282000,114.0,281.0,291.0,306.0,False,HARD,25.0,True,Racing Point,0 days 01:42:06.967000,,1,12.0,False,,False,True,26.4,40.1,966.8,False,53.9,81,2.1,True,False,False,False,False,False,1 L,+2.265,,2.265,6222.266,95.299,,,23.938,29.305,42.056,6150.921,6180.226,6222.282,6126.967
2019,French Grand Prix,8,France,Le Castellet,0 days 01:45:17.389000,PER,11,0 days 00:01:35.123000,44.0,2.0,,Sergio Perez,,0 days 00:00:23.989000,0 days 00:00:29.253000,0 days 00:00:41.881000,0 days 01:44:06.271000,0 days 01:44:35.524000,0 days 01:45:17.405000,112.0,283.0,295.0,305.0,False,HARD,26.0,True,Racing Point,0 days 01:43:42.266000,,1,12.0,False,,False,True,26.4,40.1,966.7,False,54.5,94,1.5,True,False,False,False,False,False,1 L,+1.124,,1.124,6317.389,95.123,,,23.989,29.253,41.881,6246.271,6275.524,6317.405,6222.266
2019,French Grand Prix,8,France,Le Castellet,0 days 01:46:53.206000,PER,11,0 days 00:01:35.817000,45.0,2.0,,Sergio Perez,,0 days 00:00:24.680000,0 days 00:00:29.114000,0 days 00:00:42.023000,0 days 01:45:42.085000,0 days 01:46:11.199000,0 days 01:46:53.222000,106.0,282.0,293.0,326.0,False,HARD,27.0,True,Racing Point,0 days 01:45:17.389000,,1,12.0,False,,False,True,26.8,39.2,966.6,False,54.9,166,1.4,True,False,False,False,False,False,1 L,+1.069,,1.069,6413.206,95.817,,,24.68,29.114,42.023,6342.085,6371.199,6413.222,6317.389
2019,French Grand Prix,8,France,Le Castellet,0 days 01:48:28.712000,PER,11,0 days 00:01:35.506000,46.0,2.0,,Sergio Perez,,0 days 00:00:24.197000,0 days 00:00:29.425000,0 days 00:00:41.884000,0 days 01:47:17.419000,0 days 01:47:46.844000,0 days 01:48:28.728000,107.0,282.0,292.0,304.0,False,HARD,28.0,True,Racing Point,0 days 01:46:53.206000,,1,12.0,False,,False,True,27.1,37.8,966.6,False,55.2,128,1.6,True,False,False,False,False,False,1 L,+1.205,,1.205,6508.712,95.506,,,24.197,29.425,41.884,6437.419,6466.844,6508.728,6413.206
2019,French Grand Prix,8,France,Le Castellet,0 days 01:50:03.935000,PER,11,0 days 00:01:35.223000,47.0,2.0,,Sergio Perez,,0 days 00:00:24.175000,0 days 00:00:29.183000,0 days 00:00:41.865000,0 days 01:48:52.903000,0 days 01:49:22.086000,0 days 01:50:03.951000,109.0,282.0,304.0,317.0,False,HARD,29.0,True,Racing Point,0 days 01:48:28.712000,,1,12.0,False,,False,True,27.0,37.6,966.7,False,54.3,29,1.2,True,False,False,False,False,False,1 L,+0.984,,0.984,6603.935,95.223,,,24.175,29.183,41.865,6532.903,6562.086,6603.951,6508.712
2019,French Grand Prix,8,France,Le Castellet,0 days 01:51:41.320000,PER,11,0 days 00:01:37.385000,48.0,2.0,,Sergio Perez,,0 days 00:00:24.149000,0 days 00:00:29.262000,0 days 00:00:43.974000,0 days 01:50:28.100000,0 days 01:50:57.362000,0 days 01:51:41.336000,109.0,283.0,290.0,318.0,False,HARD,30.0,True,Racing Point,0 days 01:50:03.935000,,12,12.0,False,,False,True,27.2,36.6,966.7,False,53.7,78,1.4,True,True,False,False,False,False,1 L,+2.759,,2.759,6701.32,97.385,,,24.149,29.262,43.974,6628.1,6657.362,6701.336,6603.935
2019,French Grand Prix,8,France,Le Castellet,0 days 01:53:27.327000,PER,11,0 days 00:01:46.007000,49.0,2.0,,Sergio Perez,,0 days 00:00:24.992000,0 days 00:00:29.807000,0 days 00:00:51.208000,0 days 01:52:06.328000,0 days 01:52:36.135000,0 days 01:53:27.343000,109.0,279.0,253.0,297.0,False,HARD,31.0,True,Racing Point,0 days 01:51:41.320000,,1267,12.0,False,,False,False,26.8,37.7,966.7,False,55.0,86,1.8,True,True,False,False,True,True,1 L,+4.164,,4.164,6807.327,106.007,,,24.992,29.807,51.208,6726.328,6756.135,6807.343,6701.32
2019,French Grand Prix,8,France,Le Castellet,0 days 01:55:03.653000,PER,11,0 days 00:01:36.326000,50.0,2.0,,Sergio Perez,,0 days 00:00:24.771000,0 days 00:00:29.441000,0 days 00:00:42.114000,0 days 01:53:52.114000,0 days 01:54:21.555000,0 days 01:55:03.669000,112.0,279.0,289.0,301.0,False,HARD,32.0,True,Racing Point,0 days 01:53:27.327000,,1,12.0,False,,False,True,26.7,38.6,966.7,False,54.5,158,1.4,True,False,False,False,False,False,1 L,+2.836,,2.836,6903.653,96.326,,,24.771,29.441,42.114,6832.114,6861.555,6903.669,6807.327
2019,French Grand Prix,8,France,Le Castellet,0 days 01:56:40.511000,PER,11,0 days 00:01:36.858000,51.0,2.0,,Sergio Perez,,0 days 00:00:24.130000,0 days 00:00:29.449000,0 days 00:00:43.279000,0 days 01:55:27.799000,0 days 01:55:57.248000,0 days 01:56:40.527000,110.0,280.0,272.0,307.0,False,HARD,33.0,True,Racing Point,0 days 01:55:03.653000,,1,12.0,False,,False,True,26.9,38.4,966.7,False,54.3,51,1.1,True,False,False,False,False,False,1 L,+3.132,,3.132,7000.511,96.858,,,24.13,29.449,43.279,6927.799,6957.248,7000.527,6903.653
2019,French Grand Prix,8,France,Le Castellet,0 days 01:58:17.666000,PER,11,0 days 00:01:37.155000,52.0,2.0,,Sergio Perez,,0 days 00:00:25.703000,0 days 00:00:29.444000,0 days 00:00:42.008000,0 days 01:57:06.230000,0 days 01:57:35.674000,0 days 01:58:17.682000,109.0,280.0,290.0,309.0,False,HARD,34.0,True,Racing Point,0 days 01:56:40.511000,,1,12.0,False,,False,True,26.9,37.0,966.7,False,53.3,18,2.3,True,False,False,False,False,False,1 L,+5.130,,5.13,7097.666,97.155,,,25.703,29.444,42.008,7026.23,7055.674,7097.682,7000.511
2019,French Grand Prix,8,France,Le Castellet,0 days 00:35:09.606000,LEC,16,0 days 00:01:44.454000,1.0,1.0,,Charles Leclerc,,,0 days 00:00:29.843000,0 days 00:00:42.725000,,0 days 00:34:27.069000,0 days 00:35:09.927000,107.0,278.0,288.0,313.0,False,MEDIUM,4.0,False,Ferrari,0 days 00:33:25.039000,,1,3.0,False,,False,False,26.4,41.4,966.7,False,55.9,120,1.8,True,False,False,False,False,False,+2.508,+1.388,2.508,1.388,2109.606,104.454,,,,29.843,42.725,,2067.069,2109.927,2005.039
2019,French Grand Prix,8,France,Le Castellet,0 days 00:36:47.078000,LEC,16,0 days 00:01:37.472000,2.0,1.0,,Charles Leclerc,,0 days 00:00:24.724000,0 days 00:00:30.044000,0 days 00:00:42.704000,0 days 00:35:34.386000,0 days 00:36:04.430000,0 days 00:36:47.134000,103.0,277.0,289.0,304.0,True,MEDIUM,5.0,False,Ferrari,0 days 00:35:09.606000,,1,3.0,False,,False,True,26.4,41.4,966.7,False,56.1,93,1.8,True,False,False,False,False,False,+2.546,+1.144,2.546,1.144,2207.078,97.472,,,24.724,30.044,42.704,2134.386,2164.43,2207.134,2109.606
2019,French Grand Prix,8,France,Le Castellet,0 days 00:38:24.185000,LEC,16,0 days 00:01:37.107000,3.0,1.0,,Charles Leclerc,,0 days 00:00:24.659000,0 days 00:00:29.688000,0 days 00:00:42.760000,0 days 00:37:11.793000,0 days 00:37:41.481000,0 days 00:38:24.241000,109.0,279.0,289.0,306.0,True,MEDIUM,6.0,False,Ferrari,0 days 00:36:47.078000,,1,3.0,False,,False,True,26.3,41.8,966.7,False,57.0,77,2.1,True,False,False,False,False,False,+2.885,+1.274,2.885,1.274,2304.185,97.107,,,24.659,29.688,42.76,2231.793,2261.481,2304.241,2207.078
2019,French Grand Prix,8,France,Le Castellet,0 days 00:40:01.126000,LEC,16,0 days 00:01:36.941000,4.0,1.0,,Charles Leclerc,,0 days 00:00:24.493000,0 days 00:00:29.726000,0 days 00:00:42.722000,0 days 00:38:48.734000,0 days 00:39:18.460000,0 days 00:40:01.182000,106.0,277.0,288.0,306.0,True,MEDIUM,7.0,False,Ferrari,0 days 00:38:24.185000,,1,3.0,False,,False,True,26.7,40.4,966.8,False,56.6,83,1.1,True,False,False,False,False,False,+3.516,+1.832,3.516,1.832,2401.126,96.941,,,24.493,29.726,42.722,2328.734,2358.46,2401.182,2304.185
2019,French Grand Prix,8,France,Le Castellet,0 days 00:41:37.857000,LEC,16,0 days 00:01:36.731000,5.0,1.0,,Charles Leclerc,,0 days 00:00:24.453000,0 days 00:00:29.722000,0 days 00:00:42.556000,0 days 00:40:25.635000,0 days 00:40:55.357000,0 days 00:41:37.913000,108.0,277.0,287.0,305.0,True,MEDIUM,8.0,False,Ferrari,0 days 00:40:01.126000,,1,3.0,False,,False,True,26.8,40.2,966.7,False,56.6,151,1.5,True,False,False,False,False,False,+4.250,+2.269,4.25,2.269,2497.857,96.731,,,24.453,29.722,42.556,2425.635,2455.357,2497.913,2401.126
2019,French Grand Prix,8,France,Le Castellet,0 days 00:43:14.446000,LEC,16,0 days 00:01:36.589000,6.0,1.0,,Charles Leclerc,,0 days 00:00:24.364000,0 days 00:00:29.770000,0 days 00:00:42.455000,0 days 00:42:02.277000,0 days 00:42:32.047000,0 days 00:43:14.502000,109.0,277.0,288.0,305.0,True,MEDIUM,9.0,False,Ferrari,0 days 00:41:37.857000,,1,3.0,False,,False,True,26.7,41.4,966.7,False,56.4,48,2.1,True,False,False,False,False,False,+4.896,+2.545,4.896,2.545,2594.446,96.589,,,24.364,29.77,42.455,2522.277,2552.047,2594.502,2497.857
2019,French Grand Prix,8,France,Le Castellet,0 days 00:44:50.844000,LEC,16,0 days 00:01:36.398000,7.0,1.0,,Charles Leclerc,,0 days 00:00:24.378000,0 days 00:00:29.614000,0 days 00:00:42.406000,0 days 00:43:38.880000,0 days 00:44:08.494000,0 days 00:44:50.900000,107.0,277.0,288.0,305.0,True,MEDIUM,10.0,False,Ferrari,0 days 00:43:14.446000,,1,3.0,False,,False,True,26.9,41.3,966.8,False,56.3,12,1.6,True,False,False,False,False,False,+4.979,+2.800,4.979,2.8,2690.844,96.398,,,24.378,29.614,42.406,2618.88,2648.494,2690.9,2594.446
2019,French Grand Prix,8,France,Le Castellet,0 days 00:46:27.118000,LEC,16,0 days 00:01:36.274000,8.0,1.0,,Charles Leclerc,,0 days 00:00:24.312000,0 days 00:00:29.660000,0 days 00:00:42.302000,0 days 00:45:15.212000,0 days 00:45:44.872000,0 days 00:46:27.174000,112.0,276.0,286.0,305.0,True,MEDIUM,11.0,False,Ferrari,0 days 00:44:50.844000,,1,3.0,False,,False,True,27.3,40.3,966.7,False,56.8,184,1.1,True,False,False,False,False,False,+5.325,+3.077,5.325,3.077,2787.118,96.274,,,24.312,29.66,42.302,2715.212,2744.872,2787.174,2690.844
2019,French Grand Prix,8,France,Le Castellet,0 days 00:48:03.547000,LEC,16,0 days 00:01:36.429000,9.0,1.0,,Charles Leclerc,,0 days 00:00:24.249000,0 days 00:00:29.726000,0 days 00:00:42.454000,0 days 00:46:51.423000,0 days 00:47:21.149000,0 days 00:48:03.603000,111.0,276.0,287.0,303.0,False,MEDIUM,12.0,False,Ferrari,0 days 00:46:27.118000,,1,3.0,False,,False,True,27.8,39.0,966.7,False,57.2,164,0.9,True,False,False,False,False,False,+5.998,+3.564,5.998,3.564,2883.547,96.429,,,24.249,29.726,42.454,2811.423,2841.149,2883.603,2787.118
2019,French Grand Prix,8,France,Le Castellet,0 days 00:49:39.749000,LEC,16,0 days 00:01:36.202000,10.0,1.0,,Charles Leclerc,,0 days 00:00:24.327000,0 days 00:00:29.525000,0 days 00:00:42.350000,0 days 00:48:27.930000,0 days 00:48:57.455000,0 days 00:49:39.805000,111.0,278.0,286.0,303.0,True,MEDIUM,13.0,False,Ferrari,0 days 00:48:03.547000,,1,3.0,False,,False,True,27.7,38.5,966.7,False,56.9,352,1.3,True,False,False,False,False,False,+6.462,+3.819,6.462,3.819,2979.749,96.202,,,24.327,29.525,42.35,2907.93,2937.455,2979.805,2883.547
2019,French Grand Prix,8,France,Le Castellet,0 days 00:51:15.558000,LEC,16,0 days 00:01:35.809000,11.0,1.0,,Charles Leclerc,,0 days 00:00:24.145000,0 days 00:00:29.556000,0 days 00:00:42.108000,0 days 00:50:03.950000,0 days 00:50:33.506000,0 days 00:51:15.614000,111.0,277.0,287.0,304.0,True,MEDIUM,14.0,False,Ferrari,0 days 00:49:39.749000,,1,3.0,False,,False,True,27.6,38.4,966.6,False,55.4,103,1.6,True,False,False,False,False,False,+6.792,+4.194,6.792,4.194,3075.558,95.809,,,24.145,29.556,42.108,3003.95,3033.506,3075.614,2979.749
2019,French Grand Prix,8,France,Le Castellet,0 days 00:52:51.269000,LEC,16,0 days 00:01:35.711000,12.0,1.0,,Charles Leclerc,,0 days 00:00:24.224000,0 days 00:00:29.380000,0 days 00:00:42.107000,0 days 00:51:39.838000,0 days 00:52:09.218000,0 days 00:52:51.325000,114.0,277.0,289.0,304.0,True,MEDIUM,15.0,False,Ferrari,0 days 00:51:15.558000,,1,3.0,False,,False,True,27.4,38.5,966.6,False,55.4,104,1.5,True,False,False,False,False,False,+7.058,+4.385,7.058,4.385,3171.269,95.711,,,24.224,29.38,42.107,3099.838,3129.218,3171.325,3075.558
2019,French Grand Prix,8,France,Le Castellet,0 days 00:54:27.117000,LEC,16,0 days 00:01:35.848000,13.0,1.0,,Charles Leclerc,,0 days 00:00:24.129000,0 days 00:00:29.560000,0 days 00:00:42.159000,0 days 00:53:15.454000,0 days 00:53:45.014000,0 days 00:54:27.173000,111.0,276.0,287.0,302.0,False,MEDIUM,16.0,False,Ferrari,0 days 00:52:51.269000,,1,3.0,False,,False,True,27.3,38.7,966.6,False,55.6,31,1.7,True,False,False,False,False,False,+7.588,+4.839,7.588,4.839,3267.117,95.848,,,24.129,29.56,42.159,3195.454,3225.014,3267.173,3171.269
2019,French Grand Prix,8,France,Le Castellet,0 days 00:56:02.951000,LEC,16,0 days 00:01:35.834000,14.0,1.0,,Charles Leclerc,,0 days 00:00:24.178000,0 days 00:00:29.501000,0 days 00:00:42.155000,0 days 00:54:51.351000,0 days 00:55:20.852000,0 days 00:56:03.007000,112.0,278.0,287.0,302.0,False,MEDIUM,17.0,False,Ferrari,0 days 00:54:27.117000,,1,3.0,False,,False,True,27.4,38.3,966.6,False,55.1,116,0.9,True,False,False,False,False,False,+8.569,+5.564,8.569,5.564,3362.951,95.834,,,24.178,29.501,42.155,3291.351,3320.852,3363.007,3267.117
2019,French Grand Prix,8,France,Le Castellet,0 days 00:57:38.381000,LEC,16,0 days 00:01:35.430000,15.0,1.0,,Charles Leclerc,,0 days 00:00:24.011000,0 days 00:00:29.389000,0 days 00:00:42.030000,0 days 00:56:27.018000,0 days 00:56:56.407000,0 days 00:57:38.437000,114.0,276.0,287.0,303.0,True,MEDIUM,18.0,False,Ferrari,0 days 00:56:02.951000,,1,3.0,False,,False,True,27.8,37.1,966.6,False,55.7,132,2.4,True,False,False,False,False,False,+9.219,+5.822,9.219,5.822,3458.381,95.43,,,24.011,29.389,42.03,3387.018,3416.407,3458.437,3362.951
2019,French Grand Prix,8,France,Le Castellet,0 days 00:59:14.194000,LEC,16,0 days 00:01:35.813000,16.0,1.0,,Charles Leclerc,,0 days 00:00:24.279000,0 days 00:00:29.503000,0 days 00:00:42.031000,0 days 00:58:02.716000,0 days 00:58:32.219000,0 days 00:59:14.250000,113.0,277.0,286.0,299.0,False,MEDIUM,19.0,False,Ferrari,0 days 00:57:38.381000,,1,3.0,False,,False,True,27.2,38.6,966.6,False,54.8,106,2.6,True,False,False,False,False,False,+10.001,+6.057,10.001,6.057,3554.194,95.813,,,24.279,29.503,42.031,3482.716,3512.219,3554.25,3458.381
2019,French Grand Prix,8,France,Le Castellet,0 days 01:00:49.992000,LEC,16,0 days 00:01:35.798000,17.0,1.0,,Charles Leclerc,,0 days 00:00:24.215000,0 days 00:00:29.545000,0 days 00:00:42.038000,0 days 00:59:38.465000,0 days 01:00:08.010000,0 days 01:00:50.048000,109.0,277.0,287.0,299.0,False,MEDIUM,20.0,False,Ferrari,0 days 00:59:14.194000,,1,3.0,False,,False,True,27.1,38.9,966.5,False,54.7,151,1.4,True,False,False,False,False,False,+10.429,+5.995,10.429,5.995,3649.992,95.798,,,24.215,29.545,42.038,3578.465,3608.01,3650.048,3554.194
2019,French Grand Prix,8,France,Le Castellet,0 days 01:02:25.531000,LEC,16,0 days 00:01:35.539000,18.0,1.0,,Charles Leclerc,,0 days 00:00:24.211000,0 days 00:00:29.365000,0 days 00:00:41.963000,0 days 01:01:14.259000,0 days 01:01:43.624000,0 days 01:02:25.587000,110.0,278.0,287.0,303.0,False,MEDIUM,21.0,False,Ferrari,0 days 01:00:49.992000,,1,3.0,False,,False,True,27.7,37.3,966.5,False,55.9,201,2.2,True,False,False,False,False,False,+10.967,+5.976,10.967,5.976,3745.531,95.539,,,24.211,29.365,41.963,3674.259,3703.624,3745.587,3649.992
2019,French Grand Prix,8,France,Le Castellet,0 days 01:04:01.254000,LEC,16,0 days 00:01:35.723000,19.0,1.0,,Charles Leclerc,,0 days 00:00:24.184000,0 days 00:00:29.422000,0 days 00:00:42.117000,0 days 01:02:49.771000,0 days 01:03:19.193000,0 days 01:04:01.310000,111.0,278.0,282.0,303.0,False,MEDIUM,22.0,False,Ferrari,0 days 01:02:25.531000,,1,3.0,False,,False,True,27.3,38.2,966.6,False,54.1,26,1.1,True,False,False,False,False,False,+11.625,+6.178,11.625,6.178,3841.254,95.723,,,24.184,29.422,42.117,3769.771,3799.193,3841.31,3745.531
2019,French Grand Prix,8,France,Le Castellet,0 days 01:05:36.914000,LEC,16,0 days 00:01:35.660000,20.0,1.0,,Charles Leclerc,,0 days 00:00:24.182000,0 days 00:00:29.355000,0 days 00:00:42.123000,0 days 01:04:25.492000,0 days 01:04:54.847000,0 days 01:05:36.970000,108.0,278.0,287.0,304.0,False,MEDIUM,23.0,False,Ferrari,0 days 01:04:01.254000,,1,3.0,False,,False,True,27.3,38.2,966.5,False,54.1,89,2.1,True,False,False,False,False,False,+12.413,+6.401,12.413,6.401,3936.914,95.66,,,24.182,29.355,42.123,3865.492,3894.847,3936.97,3841.254
2019,French Grand Prix,8,France,Le Castellet,0 days 01:07:33.076000,LEC,16,0 days 00:01:56.162000,21.0,1.0,,Charles Leclerc,0 days 01:07:03.644000,0 days 00:00:24.459000,0 days 00:00:29.575000,0 days 00:01:02.128000,0 days 01:06:01.429000,0 days 01:06:31.004000,0 days 01:07:33.132000,113.0,277.0,,303.0,False,MEDIUM,24.0,False,Ferrari,0 days 01:05:36.914000,,1,4.0,False,,False,False,27.9,37.0,966.5,False,56.2,120,2.4,True,False,False,False,False,False,+12.475,+6.714,12.475,6.714,4053.076,116.162,4023.644,,24.459,29.575,62.128,3961.429,3991.004,4053.132,3936.914
2019,French Grand Prix,8,France,Le Castellet,0 days 01:09:12.868000,LEC,16,0 days 00:01:39.792000,22.0,2.0,0 days 01:07:35.209000,Charles Leclerc,,0 days 00:00:28.148000,0 days 00:00:29.560000,0 days 00:00:42.084000,0 days 01:08:01.280000,0 days 01:08:30.840000,0 days 01:09:12.924000,110.0,277.0,284.0,306.0,False,HARD,1.0,False,Ferrari,0 days 01:07:33.076000,,12,4.0,False,,False,False,27.8,36.7,966.6,False,56.0,93,2.0,True,True,False,False,False,False,+37.711,+14.996,37.711,14.996,4152.868,99.792,,4055.209,28.148,29.56,42.084,4081.28,4110.84,4152.924,4053.076
2019,French Grand Prix,8,France,Le Castellet,0 days 01:10:47.961000,LEC,16,0 days 00:01:35.093000,23.0,2.0,,Charles Leclerc,,0 days 00:00:23.918000,0 days 00:00:29.423000,0 days 00:00:41.752000,0 days 01:09:36.842000,0 days 01:10:06.265000,0 days 01:10:48.017000,116.0,277.0,287.0,301.0,True,HARD,2.0,False,Ferrari,0 days 01:09:12.868000,,1,4.0,False,,False,True,27.7,36.8,966.5,False,55.9,102,3.1,True,False,False,False,False,False,+38.155,+29.249,38.155,29.249,4247.961,95.093,,,23.918,29.423,41.752,4176.842,4206.265,4248.017,4152.868
2019,French Grand Prix,8,France,Le Castellet,0 days 01:12:23.183000,LEC,16,0 days 00:01:35.222000,24.0,2.0,,Charles Leclerc,,0 days 00:00:24.092000,0 days 00:00:29.361000,0 days 00:00:41.769000,0 days 01:11:12.109000,0 days 01:11:41.470000,0 days 01:12:23.239000,113.0,277.0,288.0,300.0,False,HARD,3.0,False,Ferrari,0 days 01:10:47.961000,,1,4.0,False,,False,True,27.3,37.5,966.6,False,56.2,80,3.2,True,False,False,False,False,False,+38.525,+3.966,38.525,3.966,4343.183,95.222,,,24.092,29.361,41.769,4272.109,4301.47,4343.239,4247.961
2019,French Grand Prix,8,France,Le Castellet,0 days 01:13:58.448000,LEC,16,0 days 00:01:35.265000,25.0,2.0,,Charles Leclerc,,0 days 00:00:24.186000,0 days 00:00:29.376000,0 days 00:00:41.703000,0 days 01:12:47.425000,0 days 01:13:16.801000,0 days 01:13:58.504000,111.0,277.0,287.0,301.0,False,HARD,4.0,False,Ferrari,0 days 01:12:23.183000,,1,3.0,False,,False,True,26.9,38.1,966.5,False,54.9,102,3.7,True,False,False,False,False,False,+14.602,+3.417,14.602,3.417,4438.448,95.265,,,24.186,29.376,41.703,4367.425,4396.801,4438.504,4343.183
2019,French Grand Prix,8,France,Le Castellet,0 days 01:15:33.294000,LEC,16,0 days 00:01:34.846000,26.0,2.0,,Charles Leclerc,,0 days 00:00:24.054000,0 days 00:00:29.251000,0 days 00:00:41.541000,0 days 01:14:22.558000,0 days 01:14:51.809000,0 days 01:15:33.350000,112.0,279.0,288.0,301.0,True,HARD,5.0,False,Ferrari,0 days 01:13:58.448000,,1,3.0,False,,False,True,26.7,38.6,966.5,False,54.2,112,2.8,True,False,False,False,False,False,+14.868,+2.966,14.868,2.966,4533.294,94.846,,,24.054,29.251,41.541,4462.558,4491.809,4533.35,4438.448
2019,French Grand Prix,8,France,Le Castellet,0 days 01:17:08.019000,LEC,16,0 days 00:01:34.725000,27.0,2.0,,Charles Leclerc,,0 days 00:00:23.880000,0 days 00:00:29.313000,0 days 00:00:41.532000,0 days 01:15:57.230000,0 days 01:16:26.543000,0 days 01:17:08.075000,111.0,278.0,289.0,301.0,True,HARD,6.0,False,Ferrari,0 days 01:15:33.294000,,1,3.0,False,,False,True,27.0,37.6,966.5,False,54.0,74,1.4,True,False,False,False,False,False,+15.053,+3.070,15.053,3.07,4628.019,94.725,,,23.88,29.313,41.532,4557.23,4586.543,4628.075,4533.294
2019,French Grand Prix,8,France,Le Castellet,0 days 01:18:43.007000,LEC,16,0 days 00:01:34.988000,28.0,2.0,,Charles Leclerc,,0 days 00:00:23.949000,0 days 00:00:29.404000,0 days 00:00:41.635000,0 days 01:17:32.024000,0 days 01:18:01.428000,0 days 01:18:43.063000,114.0,278.0,288.0,298.0,False,HARD,7.0,False,Ferrari,0 days 01:17:08.019000,,1,3.0,False,,False,True,27.0,37.9,966.6,False,53.2,85,2.4,True,False,False,False,False,False,+15.705,+3.869,15.705,3.869,4723.007,94.988,,,23.949,29.404,41.635,4652.024,4681.428,4723.063,4628.019
2019,French Grand Prix,8,France,Le Castellet,0 days 01:20:17.872000,LEC,16,0 days 00:01:34.865000,29.0,2.0,,Charles Leclerc,,0 days 00:00:23.890000,0 days 00:00:29.395000,0 days 00:00:41.580000,0 days 01:19:06.953000,0 days 01:19:36.348000,0 days 01:20:17.928000,114.0,278.0,288.0,298.0,False,HARD,8.0,False,Ferrari,0 days 01:18:43.007000,,1,3.0,False,,False,True,27.1,37.6,966.6,False,52.1,109,1.8,True,False,False,False,False,False,+16.042,+4.423,16.042,4.423,4817.872,94.865,,,23.89,29.395,41.58,4746.953,4776.348,4817.928,4723.007
2019,French Grand Prix,8,France,Le Castellet,0 days 01:21:52.442000,LEC,16,0 days 00:01:34.570000,30.0,2.0,,Charles Leclerc,,0 days 00:00:23.810000,0 days 00:00:29.251000,0 days 00:00:41.509000,0 days 01:20:41.738000,0 days 01:21:10.989000,0 days 01:21:52.498000,115.0,278.0,288.0,301.0,True,HARD,9.0,False,Ferrari,0 days 01:20:17.872000,,1,3.0,False,,False,True,27.2,37.1,966.6,False,52.0,124,1.5,True,False,False,False,False,False,+16.573,+4.525,16.573,4.525,4912.442,94.57,,,23.81,29.251,41.509,4841.738,4870.989,4912.498,4817.872
2019,French Grand Prix,8,France,Le Castellet,0 days 01:23:27.318000,LEC,16,0 days 00:01:34.876000,31.0,2.0,,Charles Leclerc,,0 days 00:00:23.984000,0 days 00:00:29.337000,0 days 00:00:41.555000,0 days 01:22:16.482000,0 days 01:22:45.819000,0 days 01:23:27.374000,115.0,278.0,288.0,302.0,False,HARD,10.0,False,Ferrari,0 days 01:21:52.442000,,1,3.0,False,,False,True,27.3,36.8,966.5,False,53.4,109,3.2,True,False,False,False,False,False,+17.446,+5.167,17.446,5.167,5007.318,94.876,,,23.984,29.337,41.555,4936.482,4965.819,5007.374,4912.442
2019,French Grand Prix,8,France,Le Castellet,0 days 01:25:02.665000,LEC,16,0 days 00:01:35.347000,32.0,2.0,,Charles Leclerc,,0 days 00:00:24.020000,0 days 00:00:29.427000,0 days 00:00:41.900000,0 days 01:23:51.394000,0 days 01:24:20.821000,0 days 01:25:02.721000,114.0,277.0,287.0,302.0,False,HARD,11.0,False,Ferrari,0 days 01:23:27.318000,,1,3.0,False,,False,True,27.4,36.6,966.6,False,55.3,41,1.8,True,False,False,False,False,False,+18.414,+5.948,18.414,5.948,5102.665,95.347,,,24.02,29.427,41.9,5031.394,5060.821,5102.721,5007.318
2019,French Grand Prix,8,France,Le Castellet,0 days 01:26:37.448000,LEC,16,0 days 00:01:34.783000,33.0,2.0,,Charles Leclerc,,0 days 00:00:23.927000,0 days 00:00:29.220000,0 days 00:00:41.636000,0 days 01:25:26.648000,0 days 01:25:55.868000,0 days 01:26:37.504000,115.0,279.0,289.0,302.0,False,HARD,12.0,False,Ferrari,0 days 01:25:02.665000,,1,3.0,False,,False,True,27.5,36.5,966.7,False,55.5,25,1.2,True,False,False,False,False,False,+18.315,+5.728,18.315,5.728,5197.448,94.783,,,23.927,29.22,41.636,5126.648,5155.868,5197.504,5102.665
2019,French Grand Prix,8,France,Le Castellet,0 days 01:28:12.277000,LEC,16,0 days 00:01:34.829000,34.0,2.0,,Charles Leclerc,,0 days 00:00:24.042000,0 days 00:00:29.270000,0 days 00:00:41.517000,0 days 01:27:01.546000,0 days 01:27:30.816000,0 days 01:28:12.333000,111.0,279.0,291.0,302.0,False,HARD,13.0,False,Ferrari,0 days 01:26:37.448000,,1,3.0,False,,False,True,27.7,36.3,966.7,False,56.0,140,1.7,True,False,False,False,False,False,+18.094,+6.100,18.094,6.1,5292.277,94.829,,,24.042,29.27,41.517,5221.546,5250.816,5292.333,5197.448
2019,French Grand Prix,8,France,Le Castellet,0 days 01:29:46.935000,LEC,16,0 days 00:01:34.658000,35.0,2.0,,Charles Leclerc,,0 days 00:00:24.020000,0 days 00:00:29.193000,0 days 00:00:41.445000,0 days 01:28:36.353000,0 days 01:29:05.546000,0 days 01:29:46.991000,111.0,286.0,290.0,306.0,False,HARD,14.0,False,Ferrari,0 days 01:28:12.277000,,1,3.0,False,,False,True,27.6,36.6,966.7,False,56.2,15,1.7,True,False,False,False,False,False,+18.437,+6.517,18.437,6.517,5386.935,94.658,,,24.02,29.193,41.445,5316.353,5345.546,5386.991,5292.277
2019,French Grand Prix,8,France,Le Castellet,0 days 01:31:21.609000,LEC,16,0 days 00:01:34.674000,36.0,2.0,,Charles Leclerc,,0 days 00:00:23.889000,0 days 00:00:29.243000,0 days 00:00:41.542000,0 days 01:30:10.880000,0 days 01:30:40.123000,0 days 01:31:21.665000,112.0,279.0,290.0,303.0,False,HARD,15.0,False,Ferrari,0 days 01:29:46.935000,,12,3.0,False,,False,True,27.6,36.7,966.8,False,54.7,96,1.3,True,True,False,False,False,False,+18.992,+7.065,18.992,7.065,5481.609,94.674,,,23.889,29.243,41.542,5410.88,5440.123,5481.665,5386.935
2019,French Grand Prix,8,France,Le Castellet,0 days 01:32:56.306000,LEC,16,0 days 00:01:34.697000,37.0,2.0,,Charles Leclerc,,0 days 00:00:24.094000,0 days 00:00:29.116000,0 days 00:00:41.487000,0 days 01:31:45.759000,0 days 01:32:14.875000,0 days 01:32:56.362000,109.0,279.0,287.0,306.0,False,HARD,16.0,False,Ferrari,0 days 01:31:21.609000,,1,3.0,False,,False,True,27.6,36.9,966.7,False,52.3,177,1.6,True,False,False,False,False,False,+19.648,+7.477,19.648,7.477,5576.306,94.697,,,24.094,29.116,41.487,5505.759,5534.875,5576.362,5481.609
2019,French Grand Prix,8,France,Le Castellet,0 days 01:34:30.823000,LEC,16,0 days 00:01:34.517000,38.0,2.0,,Charles Leclerc,,0 days 00:00:23.895000,0 days 00:00:29.125000,0 days 00:00:41.497000,0 days 01:33:20.257000,0 days 01:33:49.382000,0 days 01:34:30.879000,112.0,279.0,289.0,299.0,True,HARD,17.0,False,Ferrari,0 days 01:32:56.306000,,1,3.0,False,,False,True,27.4,37.2,966.7,False,51.6,79,1.2,True,False,False,False,False,False,+20.064,+7.450,20.064,7.45,5670.823,94.517,,,23.895,29.125,41.497,5600.257,5629.382,5670.879,5576.306
2019,French Grand Prix,8,France,Le Castellet,0 days 01:36:05.252000,LEC,16,0 days 00:01:34.429000,39.0,2.0,,Charles Leclerc,,0 days 00:00:23.823000,0 days 00:00:29.237000,0 days 00:00:41.369000,0 days 01:34:54.702000,0 days 01:35:23.939000,0 days 01:36:05.308000,114.0,278.0,288.0,302.0,True,HARD,18.0,False,Ferrari,0 days 01:34:30.823000,,1,3.0,False,,False,True,26.9,38.2,966.8,False,53.9,196,1.4,True,False,False,False,False,False,+20.115,+7.205,20.115,7.205,5765.252,94.429,,,23.823,29.237,41.369,5694.702,5723.939,5765.308,5670.823
2019,French Grand Prix,8,France,Le Castellet,0 days 01:37:39.080000,LEC,16,0 days 00:01:33.828000,40.0,2.0,,Charles Leclerc,,0 days 00:00:23.679000,0 days 00:00:29.027000,0 days 00:00:41.122000,0 days 01:36:28.987000,0 days 01:36:58.014000,0 days 01:37:39.136000,113.0,280.0,289.0,303.0,True,HARD,19.0,False,Ferrari,0 days 01:36:05.252000,,1,3.0,False,,False,True,26.8,38.9,966.6,False,53.1,84,1.8,True,False,False,False,False,False,+19.067,+6.695,19.067,6.695,5859.08,93.828,,,23.679,29.027,41.122,5788.987,5818.014,5859.136,5765.252
2019,French Grand Prix,8,France,Le Castellet,0 days 01:39:13.253000,LEC,16,0 days 00:01:34.173000,41.0,2.0,,Charles Leclerc,,0 days 00:00:23.794000,0 days 00:00:29.018000,0 days 00:00:41.361000,0 days 01:38:02.930000,0 days 01:38:31.948000,0 days 01:39:13.309000,115.0,280.0,292.0,302.0,False,HARD,20.0,False,Ferrari,0 days 01:37:39.080000,,1,3.0,False,,False,True,26.9,38.6,966.7,False,52.6,73,1.1,True,False,False,False,False,False,+19.582,+7.057,19.582,7.057,5953.253,94.173,,,23.794,29.018,41.361,5882.93,5911.948,5953.309,5859.08
2019,French Grand Prix,8,France,Le Castellet,0 days 01:40:47.668000,LEC,16,0 days 00:01:34.415000,42.0,2.0,,Charles Leclerc,,0 days 00:00:23.797000,0 days 00:00:29.142000,0 days 00:00:41.476000,0 days 01:39:37.106000,0 days 01:40:06.248000,0 days 01:40:47.724000,109.0,280.0,293.0,304.0,False,HARD,21.0,False,Ferrari,0 days 01:39:13.253000,,1,3.0,False,,False,True,26.8,39.0,966.7,False,53.8,38,1.4,True,False,False,False,False,False,+20.298,+6.967,20.298,6.967,6047.668,94.415,,,23.797,29.142,41.476,5977.106,6006.248,6047.724,5953.253
2019,French Grand Prix,8,France,Le Castellet,0 days 01:42:22.520000,LEC,16,0 days 00:01:34.852000,43.0,2.0,,Charles Leclerc,,0 days 00:00:24.093000,0 days 00:00:29.035000,0 days 00:00:41.724000,0 days 01:41:11.817000,0 days 01:41:40.852000,0 days 01:42:22.576000,108.0,284.0,292.0,307.0,False,HARD,22.0,False,Ferrari,0 days 01:40:47.668000,,1,3.0,False,,False,True,26.3,39.8,966.7,False,53.9,109,1.3,True,False,False,False,False,False,+20.947,+8.205,20.947,8.205,6142.52,94.852,,,24.093,29.035,41.724,6071.817,6100.852,6142.576,6047.668
2019,French Grand Prix,8,France,Le Castellet,0 days 01:43:56.824000,LEC,16,0 days 00:01:34.304000,44.0,2.0,,Charles Leclerc,,0 days 00:00:24.033000,0 days 00:00:28.853000,0 days 00:00:41.418000,0 days 01:42:46.609000,0 days 01:43:15.462000,0 days 01:43:56.880000,114.0,280.0,291.0,330.0,False,HARD,23.0,False,Ferrari,0 days 01:42:22.520000,,1,3.0,False,,False,True,26.5,39.9,966.6,False,54.5,83,2.5,True,False,False,False,False,False,+20.633,+8.434,20.633,8.434,6236.824,94.304,,,24.033,28.853,41.418,6166.609,6195.462,6236.88,6142.52
2019,French Grand Prix,8,France,Le Castellet,0 days 01:45:30.748000,LEC,16,0 days 00:01:33.924000,45.0,2.0,,Charles Leclerc,,0 days 00:00:23.867000,0 days 00:00:29.059000,0 days 00:00:40.998000,0 days 01:44:20.747000,0 days 01:44:49.806000,0 days 01:45:30.804000,111.0,285.0,289.0,308.0,False,HARD,24.0,False,Ferrari,0 days 01:43:56.824000,,1,3.0,False,,False,True,26.4,40.1,966.7,False,54.5,94,1.5,True,False,False,False,False,False,+19.635,+7.830,19.635,7.83,6330.748,93.924,,,23.867,29.059,40.998,6260.747,6289.806,6330.804,6236.824
2019,French Grand Prix,8,France,Le Castellet,0 days 01:47:04.873000,LEC,16,0 days 00:01:34.125000,46.0,2.0,,Charles Leclerc,,0 days 00:00:23.658000,0 days 00:00:29.047000,0 days 00:00:41.420000,0 days 01:45:54.462000,0 days 01:46:23.509000,0 days 01:47:04.929000,115.0,279.0,289.0,303.0,False,HARD,25.0,False,Ferrari,0 days 01:45:30.748000,,1,3.0,False,,False,True,27.0,39.0,966.8,False,55.1,182,1.1,True,False,False,False,False,False,+19.453,+6.932,19.453,6.932,6424.873,94.125,,,23.658,29.047,41.42,6354.462,6383.509,6424.929,6330.748
2019,French Grand Prix,8,France,Le Castellet,0 days 01:48:39.170000,LEC,16,0 days 00:01:34.297000,47.0,2.0,,Charles Leclerc,,0 days 00:00:23.819000,0 days 00:00:29.071000,0 days 00:00:41.407000,0 days 01:47:28.748000,0 days 01:47:57.819000,0 days 01:48:39.226000,112.0,280.0,291.0,300.0,False,HARD,26.0,False,Ferrari,0 days 01:47:04.873000,,1,3.0,False,,False,True,27.1,37.8,966.6,False,55.2,128,1.6,True,False,False,False,False,False,+19.769,+5.407,19.769,5.407,6519.17,94.297,,,23.819,29.071,41.407,6448.748,6477.819,6519.226,6424.873
2019,French Grand Prix,8,France,Le Castellet,0 days 01:50:13.474000,LEC,16,0 days 00:01:34.304000,48.0,2.0,,Charles Leclerc,,0 days 00:00:23.806000,0 days 00:00:29.096000,0 days 00:00:41.402000,0 days 01:49:03.032000,0 days 01:49:32.128000,0 days 01:50:13.530000,112.0,280.0,306.0,302.0,False,HARD,27.0,False,Ferrari,0 days 01:48:39.170000,,1,3.0,False,,False,True,27.0,37.6,966.7,False,54.3,29,1.2,True,False,False,False,False,False,+19.501,+4.206,19.501,4.206,6613.474,94.304,,,23.806,29.096,41.402,6543.032,6572.128,6613.53,6519.17
2019,French Grand Prix,8,France,Le Castellet,0 days 01:51:47.842000,LEC,16,0 days 00:01:34.368000,49.0,2.0,,Charles Leclerc,,0 days 00:00:23.843000,0 days 00:00:29.065000,0 days 00:00:41.460000,0 days 01:50:37.373000,0 days 01:51:06.438000,0 days 01:51:47.898000,109.0,281.0,291.0,305.0,False,HARD,28.0,False,Ferrari,0 days 01:50:13.474000,,12,3.0,False,,False,True,27.2,36.6,966.7,False,53.7,78,1.4,True,True,False,False,False,False,+19.162,+3.460,19.162,3.46,6707.842,94.368,,,23.843,29.065,41.46,6637.373,6666.438,6707.898,6613.474
2019,French Grand Prix,8,France,Le Castellet,0 days 01:53:33.159000,LEC,16,0 days 00:01:45.317000,50.0,2.0,,Charles Leclerc,,0 days 00:00:24.061000,0 days 00:00:28.815000,0 days 00:00:52.441000,0 days 01:52:11.959000,0 days 01:52:40.774000,0 days 01:53:33.215000,112.0,279.0,292.0,322.0,False,HARD,29.0,False,Ferrari,0 days 01:51:47.842000,,1267,3.0,False,,False,False,26.8,37.7,966.7,False,55.0,86,1.8,True,True,False,False,True,True,+24.988,+2.664,24.988,2.664,6813.159,105.317,,,24.061,28.815,52.441,6731.959,6760.774,6813.215,6707.842
2019,French Grand Prix,8,France,Le Castellet,0 days 01:55:07.142000,LEC,16,0 days 00:01:33.983000,51.0,2.0,,Charles Leclerc,,0 days 00:00:23.931000,0 days 00:00:28.961000,0 days 00:00:41.091000,0 days 01:53:57.146000,0 days 01:54:26.107000,0 days 01:55:07.198000,109.0,281.0,292.0,304.0,False,HARD,30.0,False,Ferrari,0 days 01:53:33.159000,,1,3.0,False,,False,True,26.7,38.6,966.7,False,54.5,158,1.4,True,False,False,False,False,False,+18.304,+1.716,18.304,1.716,6907.142,93.983,,,23.931,28.961,41.091,6837.146,6866.107,6907.198,6813.159
2019,French Grand Prix,8,France,Le Castellet,0 days 01:56:40.976000,LEC,16,0 days 00:01:33.834000,52.0,2.0,,Charles Leclerc,,0 days 00:00:23.715000,0 days 00:00:29.009000,0 days 00:00:41.110000,0 days 01:55:30.913000,0 days 01:55:59.922000,0 days 01:56:41.032000,109.0,283.0,308.0,304.0,False,HARD,31.0,False,Ferrari,0 days 01:55:07.142000,,1,3.0,False,,False,True,26.9,38.4,966.7,False,54.3,51,1.1,True,False,False,False,False,False,+17.584,+1.048,17.584,1.048,7000.976,93.834,,,23.715,29.009,41.11,6930.913,6959.922,7001.032,6907.142
2019,French Grand Prix,8,France,Le Castellet,0 days 01:58:15.335000,LEC,16,0 days 00:01:34.359000,53.0,2.0,,Charles Leclerc,,0 days 00:00:23.844000,0 days 00:00:28.727000,0 days 00:00:41.788000,0 days 01:57:04.876000,0 days 01:57:33.603000,0 days 01:58:15.391000,109.0,286.0,293.0,326.0,False,HARD,32.0,False,Ferrari,0 days 01:56:40.976000,,1,3.0,False,,False,True,26.9,37.0,966.7,False,53.3,18,2.3,True,False,False,False,False,False,+19.035,+0.935,19.035,0.935,7095.335,94.359,,,23.844,28.727,41.788,7024.876,7053.603,7095.391,7000.976
2019,French Grand Prix,8,France,Le Castellet,0 days 00:35:18.357000,STR,18,0 days 00:01:53.205000,1.0,1.0,,Lance Stroll,,,0 days 00:00:32.326000,0 days 00:00:44.523000,,0 days 00:34:34.137000,0 days 00:35:18.630000,99.0,282.0,279.0,320.0,False,HARD,1.0,True,Racing Point,0 days 00:33:25.039000,,1,15.0,False,,False,False,26.4,41.4,966.7,False,55.9,120,1.8,True,False,False,False,False,False,+11.154,+0.470,11.154,0.47,2118.357,113.205,,,,32.326,44.523,,2074.137,2118.63,2005.039
2019,French Grand Prix,8,France,Le Castellet,0 days 00:36:58.424000,STR,18,0 days 00:01:40.067000,2.0,1.0,,Lance Stroll,,0 days 00:00:25.764000,0 days 00:00:30.193000,0 days 00:00:44.110000,0 days 00:35:44.147000,0 days 00:36:14.340000,0 days 00:36:58.450000,110.0,281.0,292.0,323.0,True,HARD,2.0,True,Racing Point,0 days 00:35:18.357000,,1,15.0,False,,False,True,26.4,41.4,966.7,False,56.1,93,1.8,True,False,False,False,False,False,+13.885,+0.683,13.885,0.683,2218.424,100.067,,,25.764,30.193,44.11,2144.147,2174.34,2218.45,2118.357
2019,French Grand Prix,8,France,Le Castellet,0 days 00:38:37.871000,STR,18,0 days 00:01:39.447000,3.0,1.0,,Lance Stroll,,0 days 00:00:25.575000,0 days 00:00:29.580000,0 days 00:00:44.292000,0 days 00:37:24.025000,0 days 00:37:53.605000,0 days 00:38:37.897000,108.0,286.0,293.0,330.0,True,HARD,3.0,True,Racing Point,0 days 00:36:58.424000,,1,15.0,False,,False,True,26.3,41.8,966.7,False,57.0,77,2.1,True,False,False,False,False,False,+16.611,+0.909,16.611,0.909,2317.871,99.447,,,25.575,29.58,44.292,2244.025,2273.605,2317.897,2218.424
2019,French Grand Prix,8,France,Le Castellet,0 days 00:40:16.625000,STR,18,0 days 00:01:38.754000,4.0,1.0,,Lance Stroll,,0 days 00:00:25.282000,0 days 00:00:29.814000,0 days 00:00:43.658000,0 days 00:39:03.179000,0 days 00:39:32.993000,0 days 00:40:16.651000,108.0,280.0,303.0,318.0,True,HARD,4.0,True,Racing Point,0 days 00:38:37.871000,,1,15.0,False,,False,True,26.7,40.4,966.8,False,56.6,83,1.1,True,False,False,False,False,False,+19.148,+0.907,19.148,0.907,2416.625,98.754,,,25.282,29.814,43.658,2343.179,2372.993,2416.651,2317.871
2019,French Grand Prix,8,France,Le Castellet,0 days 00:41:55.280000,STR,18,0 days 00:01:38.655000,5.0,1.0,,Lance Stroll,,0 days 00:00:25.272000,0 days 00:00:29.693000,0 days 00:00:43.690000,0 days 00:40:41.923000,0 days 00:41:11.616000,0 days 00:41:55.306000,108.0,280.0,305.0,329.0,True,HARD,5.0,True,Racing Point,0 days 00:40:16.625000,,1,15.0,False,,False,True,26.8,40.2,966.7,False,56.6,151,1.5,True,False,False,False,False,False,+21.810,+0.681,21.81,0.681,2515.28,98.655,,,25.272,29.693,43.69,2441.923,2471.616,2515.306,2416.625
2019,French Grand Prix,8,France,Le Castellet,0 days 00:43:34.129000,STR,18,0 days 00:01:38.849000,6.0,1.0,,Lance Stroll,,0 days 00:00:25.296000,0 days 00:00:29.584000,0 days 00:00:43.969000,0 days 00:42:20.602000,0 days 00:42:50.186000,0 days 00:43:34.155000,110.0,281.0,305.0,332.0,False,HARD,6.0,True,Racing Point,0 days 00:41:55.280000,,1,15.0,False,,False,True,26.7,41.4,966.7,False,56.4,48,2.1,True,False,False,False,False,False,+24.737,+0.685,24.737,0.685,2614.129,98.849,,,25.296,29.584,43.969,2540.602,2570.186,2614.155,2515.28
2019,French Grand Prix,8,France,Le Castellet,0 days 00:45:13.186000,STR,18,0 days 00:01:39.057000,7.0,1.0,,Lance Stroll,,0 days 00:00:25.435000,0 days 00:00:29.573000,0 days 00:00:44.049000,0 days 00:43:59.590000,0 days 00:44:29.163000,0 days 00:45:13.212000,110.0,281.0,304.0,332.0,False,HARD,7.0,True,Racing Point,0 days 00:43:34.129000,,1,14.0,False,,False,True,27.0,41.1,966.7,False,56.6,176,1.4,True,False,False,False,False,False,+27.474,+0.693,27.474,0.693,2713.186,99.057,,,25.435,29.573,44.049,2639.59,2669.163,2713.212,2614.129
2019,French Grand Prix,8,France,Le Castellet,0 days 00:46:52.058000,STR,18,0 days 00:01:38.872000,8.0,1.0,,Lance Stroll,,0 days 00:00:25.248000,0 days 00:00:29.798000,0 days 00:00:43.826000,0 days 00:45:38.460000,0 days 00:46:08.258000,0 days 00:46:52.084000,111.0,280.0,301.0,324.0,False,HARD,8.0,True,Racing Point,0 days 00:45:13.186000,,1,14.0,False,,False,True,27.3,40.3,966.7,False,56.8,184,1.1,True,False,False,False,False,False,+30.393,+0.915,30.393,0.915,2812.058,98.872,,,25.248,29.798,43.826,2738.46,2768.258,2812.084,2713.186
2019,French Grand Prix,8,France,Le Castellet,0 days 00:48:30.494000,STR,18,0 days 00:01:38.436000,9.0,1.0,,Lance Stroll,,0 days 00:00:25.175000,0 days 00:00:29.649000,0 days 00:00:43.612000,0 days 00:47:17.259000,0 days 00:47:46.908000,0 days 00:48:30.520000,109.0,280.0,299.0,327.0,True,HARD,9.0,True,Racing Point,0 days 00:46:52.058000,,1,14.0,False,,False,True,27.8,39.0,966.7,False,57.2,164,0.9,True,False,False,False,False,False,+33.038,+0.887,33.038,0.887,2910.494,98.436,,,25.175,29.649,43.612,2837.259,2866.908,2910.52,2812.058
2019,French Grand Prix,8,France,Le Castellet,0 days 00:50:09.088000,STR,18,0 days 00:01:38.594000,10.0,1.0,,Lance Stroll,,0 days 00:00:25.180000,0 days 00:00:29.812000,0 days 00:00:43.602000,0 days 00:48:55.700000,0 days 00:49:25.512000,0 days 00:50:09.114000,111.0,280.0,300.0,311.0,False,HARD,10.0,True,Racing Point,0 days 00:48:30.494000,,1,14.0,False,,False,True,27.7,37.9,966.7,False,55.4,132,1.8,True,False,False,False,False,False,+35.942,+0.869,35.942,0.869,3009.088,98.594,,,25.18,29.812,43.602,2935.7,2965.512,3009.114,2910.494
2019,French Grand Prix,8,France,Le Castellet,0 days 00:51:47.402000,STR,18,0 days 00:01:38.314000,11.0,1.0,,Lance Stroll,,0 days 00:00:25.277000,0 days 00:00:29.690000,0 days 00:00:43.347000,0 days 00:50:34.391000,0 days 00:51:04.081000,0 days 00:51:47.428000,111.0,278.0,301.0,319.0,True,HARD,11.0,True,Racing Point,0 days 00:50:09.088000,,1,14.0,False,,False,True,27.6,38.4,966.6,False,55.4,103,1.6,True,False,False,False,False,False,+38.756,+0.767,38.756,0.767,3107.402,98.314,,,25.277,29.69,43.347,3034.391,3064.081,3107.428,3009.088
2019,French Grand Prix,8,France,Le Castellet,0 days 00:53:25.083000,STR,18,0 days 00:01:37.681000,12.0,1.0,,Lance Stroll,,0 days 00:00:25.241000,0 days 00:00:29.122000,0 days 00:00:43.318000,0 days 00:52:12.669000,0 days 00:52:41.791000,0 days 00:53:25.109000,113.0,276.0,289.0,339.0,True,HARD,12.0,True,Racing Point,0 days 00:51:47.402000,,1,13.0,False,,False,True,27.3,38.8,966.6,False,55.6,87,2.1,True,False,False,False,False,False,+40.845,+3.557,40.845,3.557,3205.083,97.681,,,25.241,29.122,43.318,3132.669,3161.791,3205.109,3107.402
2019,French Grand Prix,8,France,Le Castellet,0 days 00:55:02.898000,STR,18,0 days 00:01:37.815000,13.0,1.0,,Lance Stroll,,0 days 00:00:24.854000,0 days 00:00:29.812000,0 days 00:00:43.149000,0 days 00:53:49.963000,0 days 00:54:19.775000,0 days 00:55:02.924000,115.0,278.0,289.0,301.0,False,HARD,13.0,True,Racing Point,0 days 00:53:25.083000,,1,13.0,False,,False,True,27.1,38.7,966.6,False,54.4,161,1.5,True,False,False,False,False,False,+43.354,+4.163,43.354,4.163,3302.898,97.815,,,24.854,29.812,43.149,3229.963,3259.775,3302.924,3205.083
2019,French Grand Prix,8,France,Le Castellet,0 days 00:56:40.237000,STR,18,0 days 00:01:37.339000,14.0,1.0,,Lance Stroll,,0 days 00:00:24.803000,0 days 00:00:29.607000,0 days 00:00:42.929000,0 days 00:55:27.727000,0 days 00:55:57.334000,0 days 00:56:40.263000,115.0,278.0,289.0,306.0,True,HARD,14.0,True,Racing Point,0 days 00:55:02.898000,,1,13.0,False,,False,True,27.4,38.3,966.6,False,55.1,116,0.9,True,False,False,False,False,False,+45.864,+4.626,45.864,4.626,3400.237,97.339,,,24.803,29.607,42.929,3327.727,3357.334,3400.263,3302.898
2019,French Grand Prix,8,France,Le Castellet,0 days 00:58:17.595000,STR,18,0 days 00:01:37.358000,15.0,1.0,,Lance Stroll,,0 days 00:00:24.748000,0 days 00:00:29.735000,0 days 00:00:42.875000,0 days 00:57:05.011000,0 days 00:57:34.746000,0 days 00:58:17.621000,113.0,278.0,289.0,305.0,False,HARD,15.0,True,Racing Point,0 days 00:56:40.237000,,1,13.0,False,,False,True,27.6,37.8,966.5,False,55.1,119,2.3,True,False,False,False,False,False,+48.416,+4.655,48.416,4.655,3497.595,97.358,,,24.748,29.735,42.875,3425.011,3454.746,3497.621,3400.237
2019,French Grand Prix,8,France,Le Castellet,0 days 00:59:54.609000,STR,18,0 days 00:01:37.014000,16.0,1.0,,Lance Stroll,,0 days 00:00:24.657000,0 days 00:00:29.675000,0 days 00:00:42.682000,0 days 00:58:42.278000,0 days 00:59:11.953000,0 days 00:59:54.635000,113.0,278.0,288.0,303.0,True,HARD,16.0,True,Racing Point,0 days 00:58:17.595000,,1,12.0,False,,False,True,27.2,38.6,966.6,False,54.8,106,2.6,True,False,False,False,False,False,+50.411,+4.216,50.411,4.216,3594.609,97.014,,,24.657,29.675,42.682,3522.278,3551.953,3594.635,3497.595
2019,French Grand Prix,8,France,Le Castellet,0 days 01:01:31.721000,STR,18,0 days 00:01:37.112000,17.0,1.0,,Lance Stroll,,0 days 00:00:24.637000,0 days 00:00:29.629000,0 days 00:00:42.846000,0 days 01:00:19.272000,0 days 01:00:48.901000,0 days 01:01:31.747000,112.0,279.0,289.0,304.0,False,HARD,17.0,True,Racing Point,0 days 00:59:54.609000,,1,11.0,False,,False,True,27.4,38.4,966.6,False,55.4,107,1.1,True,False,False,False,False,False,+52.170,+3.990,52.17,3.99,3691.721,97.112,,,24.637,29.629,42.846,3619.272,3648.901,3691.747,3594.609
2019,French Grand Prix,8,France,Le Castellet,0 days 01:03:08.593000,STR,18,0 days 00:01:36.872000,18.0,1.0,,Lance Stroll,,0 days 00:00:24.727000,0 days 00:00:29.483000,0 days 00:00:42.662000,0 days 01:01:56.474000,0 days 01:02:25.957000,0 days 01:03:08.619000,111.0,279.0,290.0,307.0,True,HARD,18.0,True,Racing Point,0 days 01:01:31.721000,,1,9.0,False,,False,True,27.7,37.1,966.6,False,56.0,59,1.5,True,False,False,False,False,False,+54.033,+4.286,54.033,4.286,3788.593,96.872,,,24.727,29.483,42.662,3716.474,3745.957,3788.619,3691.721
2019,French Grand Prix,8,France,Le Castellet,0 days 01:04:45.353000,STR,18,0 days 00:01:36.760000,19.0,1.0,,Lance Stroll,,0 days 00:00:24.489000,0 days 00:00:29.679000,0 days 00:00:42.592000,0 days 01:03:33.108000,0 days 01:04:02.787000,0 days 01:04:45.379000,116.0,278.0,290.0,304.0,True,HARD,19.0,True,Racing Point,0 days 01:03:08.593000,,1,8.0,False,,False,True,27.3,38.2,966.6,False,54.1,26,1.1,True,False,False,False,False,False,+55.765,+5.080,55.765,5.08,3885.353,96.76,,,24.489,29.679,42.592,3813.108,3842.787,3885.379,3788.593
2019,French Grand Prix,8,France,Le Castellet,0 days 01:06:22.046000,STR,18,0 days 00:01:36.693000,20.0,1.0,,Lance Stroll,,0 days 00:00:24.535000,0 days 00:00:29.568000,0 days 00:00:42.590000,0 days 01:05:09.914000,0 days 01:05:39.482000,0 days 01:06:22.072000,112.0,278.0,289.0,304.0,True,HARD,20.0,True,Racing Point,0 days 01:04:45.353000,,1,8.0,False,,False,True,27.5,37.8,966.6,False,56.1,106,1.2,True,False,False,False,False,False,+57.566,+4.965,57.566,4.965,3982.046,96.693,,,24.535,29.568,42.59,3909.914,3939.482,3982.072,3885.353
2019,French Grand Prix,8,France,Le Castellet,0 days 01:07:58.778000,STR,18,0 days 00:01:36.732000,21.0,1.0,,Lance Stroll,,0 days 00:00:24.596000,0 days 00:00:29.498000,0 days 00:00:42.638000,0 days 01:06:46.668000,0 days 01:07:16.166000,0 days 01:07:58.804000,114.0,278.0,291.0,305.0,False,HARD,21.0,True,Racing Point,0 days 01:06:22.046000,,1,8.0,False,,False,True,27.8,36.8,966.6,False,56.0,80,2.2,True,False,False,False,False,False,+58.453,+4.361,58.453,4.361,4078.778,96.732,,,24.596,29.498,42.638,4006.668,4036.166,4078.804,3982.046
2019,French Grand Prix,8,France,Le Castellet,0 days 01:09:35.404000,STR,18,0 days 00:01:36.626000,22.0,1.0,,Lance Stroll,,0 days 00:00:24.575000,0 days 00:00:29.511000,0 days 00:00:42.540000,0 days 01:08:23.379000,0 days 01:08:52.890000,0 days 01:09:35.430000,113.0,279.0,289.0,306.0,True,HARD,22.0,True,Racing Point,0 days 01:07:58.778000,,12,8.0,False,,False,True,27.8,36.7,966.6,False,56.0,93,2.0,True,True,False,False,False,False,+60.282,+4.124,60.282,4.124,4175.404,96.626,,,24.575,29.511,42.54,4103.379,4132.89,4175.43,4078.778
2019,French Grand Prix,8,France,Le Castellet,0 days 01:11:12.081000,STR,18,0 days 00:01:36.677000,23.0,1.0,,Lance Stroll,,0 days 00:00:24.540000,0 days 00:00:29.616000,0 days 00:00:42.521000,0 days 01:09:59.970000,0 days 01:10:29.586000,0 days 01:11:12.107000,114.0,279.0,289.0,304.0,False,HARD,23.0,True,Racing Point,0 days 01:09:35.404000,,1,8.0,False,,False,True,27.5,37.2,966.5,False,56.3,108,3.3,True,False,False,False,False,False,+62.281,+4.127,62.281,4.127,4272.081,96.677,,,24.54,29.616,42.521,4199.97,4229.586,4272.107,4175.404
2019,French Grand Prix,8,France,Le Castellet,0 days 01:12:48.815000,STR,18,0 days 00:01:36.734000,24.0,1.0,,Lance Stroll,,0 days 00:00:24.663000,0 days 00:00:29.626000,0 days 00:00:42.445000,0 days 01:11:36.770000,0 days 01:12:06.396000,0 days 01:12:48.841000,113.0,279.0,290.0,305.0,False,HARD,24.0,True,Racing Point,0 days 01:11:12.081000,,1,8.0,False,,False,True,27.3,37.5,966.6,False,56.2,80,3.2,True,False,False,False,False,False,+63.895,+4.048,63.895,4.048,4368.815,96.734,,,24.663,29.626,42.445,4296.77,4326.396,4368.841,4272.081
2019,French Grand Prix,8,France,Le Castellet,0 days 01:14:25.475000,STR,18,0 days 00:01:36.660000,25.0,1.0,,Lance Stroll,,0 days 00:00:24.557000,0 days 00:00:29.585000,0 days 00:00:42.518000,0 days 01:13:13.398000,0 days 01:13:42.983000,0 days 01:14:25.501000,112.0,279.0,289.0,304.0,False,HARD,25.0,True,Racing Point,0 days 01:12:48.815000,,1,8.0,False,,False,True,26.9,38.1,966.5,False,54.9,102,3.7,True,False,False,False,False,False,+41.630,+3.855,41.63,3.855,4465.475,96.66,,,24.557,29.585,42.518,4393.398,4422.983,4465.501,4368.815
2019,French Grand Prix,8,France,Le Castellet,0 days 01:16:02.116000,STR,18,0 days 00:01:36.641000,26.0,1.0,,Lance Stroll,,0 days 00:00:24.490000,0 days 00:00:29.651000,0 days 00:00:42.500000,0 days 01:14:49.991000,0 days 01:15:19.642000,0 days 01:16:02.142000,111.0,280.0,290.0,304.0,False,HARD,26.0,True,Racing Point,0 days 01:14:25.475000,,1,8.0,False,,False,True,26.6,39.0,966.6,False,54.1,12,1.6,True,False,False,False,False,False,+43.687,+3.611,43.687,3.611,4562.116,96.641,,,24.49,29.651,42.5,4489.991,4519.642,4562.142,4465.475
2019,French Grand Prix,8,France,Le Castellet,0 days 01:17:38.790000,STR,18,0 days 00:01:36.674000,27.0,1.0,,Lance Stroll,,0 days 00:00:24.552000,0 days 00:00:29.586000,0 days 00:00:42.536000,0 days 01:16:26.694000,0 days 01:16:56.280000,0 days 01:17:38.816000,112.0,279.0,291.0,303.0,False,HARD,27.0,True,Racing Point,0 days 01:16:02.116000,,1,8.0,False,,False,True,27.0,37.6,966.5,False,54.0,74,1.4,True,False,False,False,False,False,+45.823,+3.475,45.823,3.475,4658.79,96.674,,,24.552,29.586,42.536,4586.694,4616.28,4658.816,4562.116
2019,French Grand Prix,8,France,Le Castellet,0 days 01:19:15.451000,STR,18,0 days 00:01:36.661000,28.0,1.0,,Lance Stroll,,0 days 00:00:24.555000,0 days 00:00:29.667000,0 days 00:00:42.439000,0 days 01:18:03.371000,0 days 01:18:33.038000,0 days 01:19:15.477000,115.0,279.0,291.0,305.0,False,HARD,28.0,True,Racing Point,0 days 01:17:38.790000,,1,8.0,False,,False,True,27.1,37.4,966.6,False,52.0,115,2.2,True,False,False,False,False,False,+48.189,+3.621,48.189,3.621,4755.451,96.661,,,24.555,29.667,42.439,4683.371,4713.038,4755.477,4658.79
2019,French Grand Prix,8,France,Le Castellet,0 days 01:20:51.986000,STR,18,0 days 00:01:36.535000,29.0,1.0,,Lance Stroll,,0 days 00:00:24.573000,0 days 00:00:29.492000,0 days 00:00:42.470000,0 days 01:19:40.050000,0 days 01:20:09.542000,0 days 01:20:52.012000,117.0,280.0,291.0,305.0,True,HARD,29.0,True,Racing Point,0 days 01:19:15.451000,,1,8.0,False,,False,True,27.1,37.6,966.6,False,52.1,109,1.8,True,False,False,False,False,False,+50.171,+3.513,50.171,3.513,4851.986,96.535,,,24.573,29.492,42.47,4780.05,4809.542,4852.012,4755.451
2019,French Grand Prix,8,France,Le Castellet,0 days 01:22:28.502000,STR,18,0 days 00:01:36.516000,30.0,1.0,,Lance Stroll,,0 days 00:00:24.489000,0 days 00:00:29.494000,0 days 00:00:42.533000,0 days 01:21:16.501000,0 days 01:21:45.995000,0 days 01:22:28.528000,116.0,280.0,290.0,304.0,True,HARD,30.0,True,Racing Point,0 days 01:20:51.986000,,1,8.0,False,,False,True,27.3,36.7,966.7,False,52.6,104,2.4,True,False,False,False,False,False,+52.651,+3.418,52.651,3.418,4948.502,96.516,,,24.489,29.494,42.533,4876.501,4905.995,4948.528,4851.986
2019,French Grand Prix,8,France,Le Castellet,0 days 01:24:05.160000,STR,18,0 days 00:01:36.658000,31.0,1.0,,Lance Stroll,,0 days 00:00:24.493000,0 days 00:00:29.627000,0 days 00:00:42.538000,0 days 01:22:53.021000,0 days 01:23:22.648000,0 days 01:24:05.186000,116.0,280.0,292.0,304.0,False,HARD,31.0,True,Racing Point,0 days 01:22:28.502000,,1,7.0,False,,False,True,27.2,37.2,966.6,False,53.8,58,1.7,True,False,False,False,False,False,+55.322,+3.530,55.322,3.53,5045.16,96.658,,,24.493,29.627,42.538,4973.021,5002.648,5045.186,4948.502
2019,French Grand Prix,8,France,Le Castellet,0 days 01:25:41.688000,STR,18,0 days 00:01:36.528000,32.0,1.0,,Lance Stroll,,0 days 00:00:24.529000,0 days 00:00:29.557000,0 days 00:00:42.442000,0 days 01:24:29.715000,0 days 01:24:59.272000,0 days 01:25:41.714000,112.0,280.0,291.0,304.0,False,HARD,32.0,True,Racing Point,0 days 01:24:05.160000,,1,7.0,False,,False,True,27.4,36.6,966.6,False,55.3,41,1.8,True,False,False,False,False,False,+57.470,+4.533,57.47,4.533,5141.688,96.528,,,24.529,29.557,42.442,5069.715,5099.272,5141.714,5045.16
2019,French Grand Prix,8,France,Le Castellet,0 days 01:27:18.508000,STR,18,0 days 00:01:36.820000,33.0,1.0,,Lance Stroll,,0 days 00:00:24.626000,0 days 00:00:29.661000,0 days 00:00:42.533000,0 days 01:26:06.340000,0 days 01:26:36.001000,0 days 01:27:18.534000,111.0,279.0,290.0,304.0,False,HARD,33.0,True,Racing Point,0 days 01:25:41.688000,,1,7.0,False,,False,True,27.5,36.6,966.7,False,55.5,76,1.4,True,False,False,False,False,False,+59.392,+4.826,59.392,4.826,5238.508,96.82,,,24.626,29.661,42.533,5166.34,5196.001,5238.534,5141.688
2019,French Grand Prix,8,France,Le Castellet,0 days 01:28:55.168000,STR,18,0 days 00:01:36.660000,34.0,1.0,,Lance Stroll,,0 days 00:00:24.597000,0 days 00:00:29.662000,0 days 00:00:42.401000,0 days 01:27:43.131000,0 days 01:28:12.793000,0 days 01:28:55.194000,108.0,279.0,290.0,305.0,False,HARD,34.0,True,Racing Point,0 days 01:27:18.508000,,1,6.0,False,,False,True,27.7,36.3,966.7,False,56.0,140,1.7,True,False,False,False,False,False,+60.974,+4.771,60.974,4.771,5335.168,96.66,,,24.597,29.662,42.401,5263.131,5292.793,5335.194,5238.508
2019,French Grand Prix,8,France,Le Castellet,0 days 01:30:31.844000,STR,18,0 days 00:01:36.676000,35.0,1.0,,Lance Stroll,,0 days 00:00:24.561000,0 days 00:00:29.577000,0 days 00:00:42.538000,0 days 01:29:19.755000,0 days 01:29:49.332000,0 days 01:30:31.870000,111.0,280.0,290.0,305.0,False,HARD,35.0,True,Racing Point,0 days 01:28:55.168000,,12,6.0,False,,False,True,27.6,36.7,966.6,False,55.4,79,1.1,True,True,False,False,False,False,+63.336,+31.571,63.336,31.571,5431.844,96.676,,,24.561,29.577,42.538,5359.755,5389.332,5431.87,5335.168
2019,French Grand Prix,8,France,Le Castellet,0 days 01:32:08.913000,STR,18,0 days 00:01:37.069000,36.0,1.0,,Lance Stroll,,0 days 00:00:24.752000,0 days 00:00:29.715000,0 days 00:00:42.602000,0 days 01:30:56.622000,0 days 01:31:26.337000,0 days 01:32:08.939000,112.0,280.0,289.0,304.0,False,HARD,36.0,True,Racing Point,0 days 01:30:31.844000,,1,6.0,False,,False,True,27.7,36.9,966.7,False,54.1,102,1.4,True,False,False,False,False,False,+66.305,+33.386,66.305,33.386,5528.913,97.069,,,24.752,29.715,42.602,5456.622,5486.337,5528.939,5431.844
2019,French Grand Prix,8,France,Le Castellet,0 days 01:33:46.224000,STR,18,0 days 00:01:37.311000,37.0,1.0,,Lance Stroll,,0 days 00:00:24.864000,0 days 00:00:29.715000,0 days 00:00:42.732000,0 days 01:32:33.803000,0 days 01:33:03.518000,0 days 01:33:46.250000,113.0,280.0,291.0,305.0,False,HARD,37.0,True,Racing Point,0 days 01:32:08.913000,,1,6.0,False,,False,True,27.6,36.9,966.7,False,52.3,177,1.6,True,False,False,False,False,False,+69.575,+35.951,69.575,35.951,5626.224,97.311,,,24.864,29.715,42.732,5553.803,5583.518,5626.25,5528.913
2019,French Grand Prix,8,France,Le Castellet,0 days 01:35:23.760000,STR,18,0 days 00:01:37.536000,38.0,1.0,,Lance Stroll,,0 days 00:00:24.855000,0 days 00:00:30.005000,0 days 00:00:42.676000,0 days 01:34:11.105000,0 days 01:34:41.110000,0 days 01:35:23.786000,110.0,280.0,291.0,306.0,False,HARD,38.0,True,Racing Point,0 days 01:33:46.224000,,1,6.0,False,,False,True,27.2,37.1,966.8,False,53.9,121,2.4,True,False,False,False,False,False,+73.009,+39.078,73.009,39.078,5723.76,97.536,,,24.855,30.005,42.676,5651.105,5681.11,5723.786,5626.224
2019,French Grand Prix,8,France,Le Castellet,0 days 01:37:22.138000,STR,18,0 days 00:01:58.378000,39.0,1.0,,Lance Stroll,0 days 01:36:52.135000,0 days 00:00:24.983000,0 days 00:00:29.902000,0 days 00:01:03.493000,0 days 01:35:48.769000,0 days 01:36:18.671000,0 days 01:37:22.164000,107.0,280.0,,305.0,False,HARD,39.0,True,Racing Point,0 days 01:35:23.760000,,1,13.0,False,,False,False,26.8,38.9,966.6,False,53.1,84,1.8,True,False,False,False,False,False,+75.813,+41.270,75.813,41.27,5842.138,118.378,5812.135,,24.983,29.902,63.493,5748.769,5778.671,5842.164,5723.76
2019,French Grand Prix,8,France,Le Castellet,0 days 01:39:01.825000,STR,18,0 days 00:01:39.687000,40.0,2.0,0 days 01:37:23.608000,Lance Stroll,,0 days 00:00:28.243000,0 days 00:00:29.663000,0 days 00:00:41.781000,0 days 01:37:50.407000,0 days 01:38:20.070000,0 days 01:39:01.851000,113.0,278.0,290.0,321.0,False,MEDIUM,1.0,True,Racing Point,0 days 01:37:22.138000,,1,13.0,False,,False,False,26.9,38.6,966.7,False,52.6,73,1.1,True,False,False,False,False,False,1 L,+5.272,,5.272,5941.825,99.687,,5843.608,28.243,29.663,41.781,5870.407,5900.07,5941.851,5842.138
2019,French Grand Prix,8,France,Le Castellet,0 days 01:40:36.830000,STR,18,0 days 00:01:35.005000,41.0,2.0,,Lance Stroll,,0 days 00:00:23.975000,0 days 00:00:29.328000,0 days 00:00:41.702000,0 days 01:39:25.826000,0 days 01:39:55.154000,0 days 01:40:36.856000,118.0,280.0,291.0,301.0,True,MEDIUM,2.0,True,Racing Point,0 days 01:39:01.825000,,1,13.0,False,,False,True,26.8,39.0,966.7,False,53.8,38,1.4,True,False,False,False,False,False,1 L,+4.916,,4.916,6036.83,95.005,,,23.975,29.328,41.702,5965.826,5995.154,6036.856,5941.825
2019,French Grand Prix,8,France,Le Castellet,0 days 01:42:11.811000,STR,18,0 days 00:01:34.981000,42.0,2.0,,Lance Stroll,,0 days 00:00:24.242000,0 days 00:00:29.199000,0 days 00:00:41.540000,0 days 01:41:01.098000,0 days 01:41:30.297000,0 days 01:42:11.837000,118.0,281.0,291.0,305.0,True,MEDIUM,3.0,True,Racing Point,0 days 01:40:36.830000,,1,13.0,False,,False,True,26.3,39.8,966.7,False,53.9,109,1.3,True,False,False,False,False,False,1 L,+4.871,,4.871,6131.811,94.981,,,24.242,29.199,41.54,6061.098,6090.297,6131.837,6036.83
2019,French Grand Prix,8,France,Le Castellet,0 days 01:43:46.739000,STR,18,0 days 00:01:34.928000,43.0,2.0,,Lance Stroll,,0 days 00:00:24.011000,0 days 00:00:29.332000,0 days 00:00:41.585000,0 days 01:42:35.848000,0 days 01:43:05.180000,0 days 01:43:46.765000,115.0,280.0,292.0,305.0,True,MEDIUM,4.0,True,Racing Point,0 days 01:42:11.811000,,1,13.0,False,,False,True,26.4,40.1,966.8,False,53.9,81,2.1,True,False,False,False,False,False,1 L,+4.529,,4.529,6226.739,94.928,,,24.011,29.332,41.585,6155.848,6185.18,6226.765,6131.811
2019,French Grand Prix,8,France,Le Castellet,0 days 01:45:21.663000,STR,18,0 days 00:01:34.924000,44.0,2.0,,Lance Stroll,,0 days 00:00:24.130000,0 days 00:00:29.288000,0 days 00:00:41.506000,0 days 01:44:10.895000,0 days 01:44:40.183000,0 days 01:45:21.689000,119.0,281.0,292.0,304.0,True,MEDIUM,5.0,True,Racing Point,0 days 01:43:46.739000,,1,13.0,False,,False,True,26.4,40.1,966.7,False,54.5,94,1.5,True,False,False,False,False,False,1 L,+4.282,,4.282,6321.663,94.924,,,24.13,29.288,41.506,6250.895,6280.183,6321.689,6226.739
2019,French Grand Prix,8,France,Le Castellet,0 days 01:46:59.217000,STR,18,0 days 00:01:37.554000,45.0,2.0,,Lance Stroll,,0 days 00:00:24.157000,0 days 00:00:29.391000,0 days 00:00:44.006000,0 days 01:45:45.846000,0 days 01:46:15.237000,0 days 01:46:59.243000,113.0,282.0,294.0,305.0,False,MEDIUM,6.0,True,Racing Point,0 days 01:45:21.663000,,1,13.0,False,,False,True,27.0,39.0,966.8,False,55.1,182,1.1,True,False,False,False,False,False,1 L,+6.022,,6.022,6419.217,97.554,,,24.157,29.391,44.006,6345.846,6375.237,6419.243,6321.663
2019,French Grand Prix,8,France,Le Castellet,0 days 01:48:34.973000,STR,18,0 days 00:01:35.756000,46.0,2.0,,Lance Stroll,,0 days 00:00:24.416000,0 days 00:00:29.376000,0 days 00:00:41.964000,0 days 01:47:23.659000,0 days 01:47:53.035000,0 days 01:48:34.999000,114.0,283.0,308.0,302.0,False,MEDIUM,7.0,True,Racing Point,0 days 01:46:59.217000,,1,13.0,False,,False,True,27.1,37.8,966.6,False,55.2,128,1.6,True,False,False,False,False,False,1 L,+6.442,,6.442,6514.973,95.756,,,24.416,29.376,41.964,6443.659,6473.035,6514.999,6419.217
2019,French Grand Prix,8,France,Le Castellet,0 days 01:50:11.025000,STR,18,0 days 00:01:36.052000,47.0,2.0,,Lance Stroll,,0 days 00:00:25.039000,0 days 00:00:29.155000,0 days 00:00:41.858000,0 days 01:49:00.038000,0 days 01:49:29.193000,0 days 01:50:11.051000,114.0,282.0,291.0,330.0,False,MEDIUM,8.0,True,Racing Point,0 days 01:48:34.973000,,1,13.0,False,,False,True,27.0,37.6,966.7,False,54.3,29,1.2,True,False,False,False,False,False,1 L,+6.988,,6.988,6611.025,96.052,,,25.039,29.155,41.858,6540.038,6569.193,6611.051,6514.973
2019,French Grand Prix,8,France,Le Castellet,0 days 01:51:46.513000,STR,18,0 days 00:01:35.488000,48.0,2.0,,Lance Stroll,,0 days 00:00:24.321000,0 days 00:00:29.284000,0 days 00:00:41.883000,0 days 01:50:35.372000,0 days 01:51:04.656000,0 days 01:51:46.539000,114.0,282.0,292.0,306.0,False,MEDIUM,9.0,True,Racing Point,0 days 01:50:11.025000,,12,13.0,False,,False,True,27.2,36.6,966.7,False,53.7,78,1.4,True,True,False,False,False,False,1 L,+5.306,,5.306,6706.513,95.488,,,24.321,29.284,41.883,6635.372,6664.656,6706.539,6611.025
2019,French Grand Prix,8,France,Le Castellet,0 days 01:53:34.400000,STR,18,0 days 00:01:47.887000,49.0,2.0,,Lance Stroll,,0 days 00:00:24.348000,0 days 00:00:30.870000,0 days 00:00:52.669000,0 days 01:52:10.887000,0 days 01:52:41.757000,0 days 01:53:34.426000,115.0,282.0,294.0,222.0,False,MEDIUM,10.0,True,Racing Point,0 days 01:51:46.513000,,1267,13.0,False,,False,False,26.8,37.7,966.7,False,55.0,86,1.8,True,True,False,False,True,True,1 L,+7.435,,7.435,6814.4,107.887,,,24.348,30.87,52.669,6730.887,6761.757,6814.426,6706.513
2019,French Grand Prix,8,France,Le Castellet,0 days 01:55:09.631000,STR,18,0 days 00:01:35.231000,50.0,2.0,,Lance Stroll,,0 days 00:00:24.318000,0 days 00:00:29.152000,0 days 00:00:41.761000,0 days 01:53:58.744000,0 days 01:54:27.896000,0 days 01:55:09.657000,114.0,283.0,291.0,304.0,False,MEDIUM,11.0,True,Racing Point,0 days 01:53:34.400000,,1,13.0,False,,False,True,26.7,38.6,966.7,False,54.5,158,1.4,True,False,False,False,False,False,1 L,+6.015,,6.015,6909.631,95.231,,,24.318,29.152,41.761,6838.744,6867.896,6909.657,6814.4
2019,French Grand Prix,8,France,Le Castellet,0 days 01:56:44.807000,STR,18,0 days 00:01:35.176000,51.0,2.0,,Lance Stroll,,0 days 00:00:24.189000,0 days 00:00:29.396000,0 days 00:00:41.591000,0 days 01:55:33.846000,0 days 01:56:03.242000,0 days 01:56:44.833000,113.0,281.0,292.0,304.0,False,MEDIUM,12.0,True,Racing Point,0 days 01:55:09.631000,,1,13.0,False,,False,True,26.9,38.4,966.7,False,54.3,51,1.1,True,False,False,False,False,False,1 L,+5.360,,5.36,7004.807,95.176,,,24.189,29.396,41.591,6933.846,6963.242,7004.833,6909.631
2019,French Grand Prix,8,France,Le Castellet,0 days 01:58:20.036000,STR,18,0 days 00:01:35.229000,52.0,2.0,,Lance Stroll,,0 days 00:00:24.112000,0 days 00:00:29.361000,0 days 00:00:41.756000,0 days 01:57:08.945000,0 days 01:57:38.306000,0 days 01:58:20.062000,111.0,280.0,292.0,305.0,False,MEDIUM,13.0,True,Racing Point,0 days 01:56:44.807000,,1,13.0,False,,False,True,26.9,37.0,966.7,False,53.3,18,2.3,True,False,False,False,False,False,1 L,+2.404,,2.404,7100.036,95.229,,,24.112,29.361,41.756,7028.945,7058.306,7100.062,7004.807
2019,French Grand Prix,8,France,Le Castellet,0 days 00:35:17.888000,MAG,20,0 days 00:01:52.736000,1.0,1.0,,Kevin Magnussen,,,0 days 00:00:32.383000,0 days 00:00:44.292000,,0 days 00:34:33.807000,0 days 00:35:18.176000,95.0,273.0,283.0,297.0,False,MEDIUM,1.0,True,Haas F1 Team,0 days 00:33:25.039000,,1,14.0,False,,False,False,26.4,41.4,966.7,False,55.9,120,1.8,True,False,False,False,False,False,+10.684,+0.955,10.684,0.955,2117.888,112.736,,,,32.383,44.292,,2073.807,2118.176,2005.039
2019,French Grand Prix,8,France,Le Castellet,0 days 00:36:57.836000,MAG,20,0 days 00:01:39.948000,2.0,1.0,,Kevin Magnussen,,0 days 00:00:25.629000,0 days 00:00:30.530000,0 days 00:00:43.789000,0 days 00:35:43.590000,0 days 00:36:14.120000,0 days 00:36:57.909000,110.0,272.0,285.0,303.0,True,MEDIUM,2.0,True,Haas F1 Team,0 days 00:35:17.888000,,1,14.0,False,,False,True,26.4,41.4,966.7,False,56.1,93,1.8,True,False,False,False,False,False,+13.202,+0.769,13.202,0.769,2217.836,99.948,,,25.629,30.53,43.789,2143.59,2174.12,2217.909,2117.888
2019,French Grand Prix,8,France,Le Castellet,0 days 00:38:36.958000,MAG,20,0 days 00:01:39.122000,3.0,1.0,,Kevin Magnussen,,0 days 00:00:25.457000,0 days 00:00:30.061000,0 days 00:00:43.604000,0 days 00:37:23.366000,0 days 00:37:53.427000,0 days 00:38:37.031000,109.0,274.0,298.0,333.0,True,MEDIUM,3.0,True,Haas F1 Team,0 days 00:36:57.836000,,1,14.0,False,,False,True,26.3,41.8,966.7,False,57.0,77,2.1,True,False,False,False,False,False,+15.702,+0.715,15.702,0.715,2316.958,99.122,,,25.457,30.061,43.604,2243.366,2273.427,2317.031,2217.836
2019,French Grand Prix,8,France,Le Castellet,0 days 00:40:15.808000,MAG,20,0 days 00:01:38.850000,4.0,1.0,,Kevin Magnussen,,0 days 00:00:25.183000,0 days 00:00:29.958000,0 days 00:00:43.709000,0 days 00:39:02.214000,0 days 00:39:32.172000,0 days 00:40:15.881000,109.0,274.0,296.0,316.0,True,MEDIUM,4.0,True,Haas F1 Team,0 days 00:38:36.958000,,1,14.0,False,,False,True,26.7,40.4,966.8,False,56.6,83,1.1,True,False,False,False,False,False,+18.241,+0.986,18.241,0.986,2415.808,98.85,,,25.183,29.958,43.709,2342.214,2372.172,2415.881,2316.958
2019,French Grand Prix,8,France,Le Castellet,0 days 00:41:54.684000,MAG,20,0 days 00:01:38.876000,5.0,1.0,,Kevin Magnussen,,0 days 00:00:25.170000,0 days 00:00:29.887000,0 days 00:00:43.819000,0 days 00:40:41.051000,0 days 00:41:10.938000,0 days 00:41:54.757000,109.0,274.0,297.0,331.0,False,MEDIUM,5.0,True,Haas F1 Team,0 days 00:40:15.808000,,1,14.0,False,,False,True,26.8,40.2,966.7,False,56.6,151,1.5,True,False,False,False,False,False,+21.129,+0.890,21.129,0.89,2514.684,98.876,,,25.17,29.887,43.819,2441.051,2470.938,2514.757,2415.808
2019,French Grand Prix,8,France,Le Castellet,0 days 00:43:33.549000,MAG,20,0 days 00:01:38.865000,6.0,1.0,,Kevin Magnussen,,0 days 00:00:25.247000,0 days 00:00:29.840000,0 days 00:00:43.778000,0 days 00:42:20.004000,0 days 00:42:49.844000,0 days 00:43:33.622000,107.0,274.0,296.0,328.0,False,MEDIUM,6.0,True,Haas F1 Team,0 days 00:41:54.684000,,1,14.0,False,,False,True,26.7,41.4,966.7,False,56.4,48,2.1,True,False,False,False,False,False,+24.052,+0.895,24.052,0.895,2613.549,98.865,,,25.247,29.84,43.778,2540.004,2569.844,2613.622,2514.684
2019,French Grand Prix,8,France,Le Castellet,0 days 00:45:12.610000,MAG,20,0 days 00:01:39.061000,7.0,1.0,,Kevin Magnussen,,0 days 00:00:25.365000,0 days 00:00:29.828000,0 days 00:00:43.868000,0 days 00:43:58.987000,0 days 00:44:28.815000,0 days 00:45:12.683000,111.0,276.0,295.0,328.0,False,MEDIUM,7.0,True,Haas F1 Team,0 days 00:43:33.549000,,1,13.0,False,,False,True,27.0,41.1,966.7,False,56.6,176,1.4,True,False,False,False,False,False,+26.781,+0.956,26.781,0.956,2712.61,99.061,,,25.365,29.828,43.868,2638.987,2668.815,2712.683,2613.549
2019,French Grand Prix,8,France,Le Castellet,0 days 00:46:51.240000,MAG,20,0 days 00:01:38.630000,8.0,1.0,,Kevin Magnussen,,0 days 00:00:25.119000,0 days 00:00:29.997000,0 days 00:00:43.514000,0 days 00:45:37.802000,0 days 00:46:07.799000,0 days 00:46:51.313000,112.0,273.0,293.0,311.0,True,MEDIUM,8.0,True,Haas F1 Team,0 days 00:45:12.610000,,1,13.0,False,,False,True,27.3,40.3,966.7,False,56.8,184,1.1,True,False,False,False,False,False,+29.478,+1.070,29.478,1.07,2811.24,98.63,,,25.119,29.997,43.514,2737.802,2767.799,2811.313,2712.61
2019,French Grand Prix,8,France,Le Castellet,0 days 00:48:29.784000,MAG,20,0 days 00:01:38.544000,9.0,1.0,,Kevin Magnussen,,0 days 00:00:25.219000,0 days 00:00:29.967000,0 days 00:00:43.358000,0 days 00:47:16.532000,0 days 00:47:46.499000,0 days 00:48:29.857000,113.0,273.0,285.0,311.0,True,MEDIUM,9.0,True,Haas F1 Team,0 days 00:46:51.240000,,1,13.0,False,,False,True,27.8,39.0,966.7,False,57.2,164,0.9,True,False,False,False,False,False,+32.151,+1.147,32.151,1.147,2909.784,98.544,,,25.219,29.967,43.358,2836.532,2866.499,2909.857,2811.24
2019,French Grand Prix,8,France,Le Castellet,0 days 00:50:08.437000,MAG,20,0 days 00:01:38.653000,10.0,1.0,,Kevin Magnussen,,0 days 00:00:25.136000,0 days 00:00:30.086000,0 days 00:00:43.431000,0 days 00:48:54.993000,0 days 00:49:25.079000,0 days 00:50:08.510000,109.0,271.0,283.0,306.0,False,MEDIUM,10.0,True,Haas F1 Team,0 days 00:48:29.784000,,1,13.0,False,,False,True,27.7,37.9,966.7,False,55.4,132,1.8,True,False,False,False,False,False,+35.073,+1.890,35.073,1.89,3008.437,98.653,,,25.136,30.086,43.431,2934.993,2965.079,3008.51,2909.784
2019,French Grand Prix,8,France,Le Castellet,0 days 00:51:46.859000,MAG,20,0 days 00:01:38.422000,11.0,1.0,,Kevin Magnussen,,0 days 00:00:25.171000,0 days 00:00:30.005000,0 days 00:00:43.246000,0 days 00:50:33.681000,0 days 00:51:03.686000,0 days 00:51:46.932000,111.0,274.0,283.0,308.0,True,MEDIUM,11.0,True,Haas F1 Team,0 days 00:50:08.437000,,1,13.0,False,,False,True,27.6,38.4,966.6,False,55.4,103,1.6,True,False,False,False,False,False,+37.989,+2.712,37.989,2.712,3106.859,98.422,,,25.171,30.005,43.246,3033.681,3063.686,3106.932,3008.437
2019,French Grand Prix,8,France,Le Castellet,0 days 00:53:26.179000,MAG,20,0 days 00:01:39.320000,12.0,1.0,,Kevin Magnussen,,0 days 00:00:25.202000,0 days 00:00:30.510000,0 days 00:00:43.608000,0 days 00:52:12.134000,0 days 00:52:42.644000,0 days 00:53:26.252000,111.0,273.0,294.0,307.0,False,MEDIUM,12.0,True,Haas F1 Team,0 days 00:51:46.859000,,1,14.0,False,,False,True,27.3,38.8,966.6,False,55.6,87,2.1,True,False,False,False,False,False,+41.952,+1.107,41.952,1.107,3206.179,99.32,,,25.202,30.51,43.608,3132.134,3162.644,3206.252,3106.859
2019,French Grand Prix,8,France,Le Castellet,0 days 00:55:05.205000,MAG,20,0 days 00:01:39.026000,13.0,1.0,,Kevin Magnussen,,0 days 00:00:25.070000,0 days 00:00:30.161000,0 days 00:00:43.795000,0 days 00:53:51.322000,0 days 00:54:21.483000,0 days 00:55:05.278000,110.0,274.0,284.0,295.0,False,MEDIUM,13.0,True,Haas F1 Team,0 days 00:53:26.179000,,1,14.0,False,,False,True,27.1,38.7,966.6,False,54.4,161,1.5,True,False,False,False,False,False,+45.569,+2.215,45.569,2.215,3305.205,99.026,,,25.07,30.161,43.795,3231.322,3261.483,3305.278,3206.179
2019,French Grand Prix,8,France,Le Castellet,0 days 00:56:44.471000,MAG,20,0 days 00:01:39.266000,14.0,1.0,,Kevin Magnussen,,0 days 00:00:25.260000,0 days 00:00:30.341000,0 days 00:00:43.665000,0 days 00:55:30.538000,0 days 00:56:00.879000,0 days 00:56:44.544000,109.0,276.0,295.0,306.0,False,MEDIUM,14.0,True,Haas F1 Team,0 days 00:55:05.205000,,1,15.0,False,,False,True,27.4,38.3,966.6,False,55.1,116,0.9,True,False,False,False,False,False,+50.133,+0.990,50.133,0.99,3404.471,99.266,,,25.26,30.341,43.665,3330.538,3360.879,3404.544,3305.205
2019,French Grand Prix,8,France,Le Castellet,0 days 00:58:24.184000,MAG,20,0 days 00:01:39.713000,15.0,1.0,,Kevin Magnussen,,0 days 00:00:25.052000,0 days 00:00:30.419000,0 days 00:00:44.242000,0 days 00:57:09.596000,0 days 00:57:40.015000,0 days 00:58:24.257000,108.0,270.0,296.0,309.0,False,MEDIUM,15.0,True,Haas F1 Team,0 days 00:56:44.471000,,1,16.0,False,,False,True,27.6,37.8,966.5,False,55.1,119,2.3,True,False,False,False,False,False,+55.056,+0.770,55.056,0.77,3504.184,99.713,,,25.052,30.419,44.242,3429.596,3460.015,3504.257,3404.471
2019,French Grand Prix,8,France,Le Castellet,0 days 01:00:22.775000,MAG,20,0 days 00:01:58.591000,16.0,1.0,,Kevin Magnussen,0 days 00:59:52.737000,0 days 00:00:25.128000,0 days 00:00:29.952000,0 days 00:01:03.511000,0 days 00:58:49.385000,0 days 00:59:19.337000,0 days 01:00:22.848000,110.0,275.0,,297.0,False,MEDIUM,16.0,True,Haas F1 Team,0 days 00:58:24.184000,,1,20.0,False,,False,False,27.1,38.9,966.5,False,54.7,151,1.4,True,False,False,False,False,False,+57.608,+0.705,57.608,0.705,3622.775,118.591,3592.737,,25.128,29.952,63.511,3529.385,3559.337,3622.848,3504.184
2019,French Grand Prix,8,France,Le Castellet,0 days 01:02:04.519000,MAG,20,0 days 00:01:41.744000,17.0,2.0,0 days 01:00:23.548000,Kevin Magnussen,,0 days 00:00:28.645000,0 days 00:00:30.215000,0 days 00:00:42.884000,0 days 01:00:51.493000,0 days 01:01:21.708000,0 days 01:02:04.592000,107.0,273.0,282.0,297.0,False,HARD,1.0,True,Haas F1 Team,0 days 01:00:22.775000,,1,20.0,False,,False,False,27.7,37.3,966.5,False,55.9,201,2.2,True,False,False,False,False,False,+84.871,+2.405,84.871,2.405,3724.519,101.744,,3623.548,28.645,30.215,42.884,3651.493,3681.708,3724.592,3622.775
2019,French Grand Prix,8,France,Le Castellet,0 days 01:03:42.539000,MAG,20,0 days 00:01:38.020000,18.0,2.0,,Kevin Magnussen,,0 days 00:00:24.801000,0 days 00:00:29.966000,0 days 00:00:43.253000,0 days 01:02:29.393000,0 days 01:02:59.359000,0 days 01:03:42.612000,113.0,273.0,300.0,300.0,True,HARD,2.0,True,Haas F1 Team,0 days 01:02:04.519000,,1,20.0,False,,False,True,27.7,37.1,966.6,False,56.0,59,1.5,True,False,False,False,False,False,+88.063,+0.583,88.063,0.583,3822.539,98.02,,,24.801,29.966,43.253,3749.393,3779.359,3822.612,3724.519
2019,French Grand Prix,8,France,Le Castellet,0 days 01:05:21.552000,MAG,20,0 days 00:01:39.013000,19.0,2.0,,Kevin Magnussen,,0 days 00:00:25.200000,0 days 00:00:29.906000,0 days 00:00:43.907000,0 days 01:04:07.812000,0 days 01:04:37.718000,0 days 01:05:21.625000,112.0,277.0,297.0,336.0,False,HARD,3.0,True,Haas F1 Team,0 days 01:03:42.539000,,1,20.0,False,,False,True,27.3,38.2,966.5,False,54.1,89,2.1,True,False,False,False,False,False,+92.020,+0.565,92.02,0.565,3921.552,99.013,,,25.2,29.906,43.907,3847.812,3877.718,3921.625,3822.539
2019,French Grand Prix,8,France,Le Castellet,0 days 01:07:01.440000,MAG,20,0 days 00:01:39.888000,20.0,2.0,,Kevin Magnussen,,0 days 00:00:25.647000,0 days 00:00:29.820000,0 days 00:00:44.421000,0 days 01:05:47.272000,0 days 01:06:17.092000,0 days 01:07:01.513000,109.0,271.0,294.0,332.0,False,HARD,4.0,True,Haas F1 Team,0 days 01:05:21.552000,,1,19.0,False,,False,True,27.9,37.0,966.5,False,56.2,120,2.4,True,False,False,False,False,False,1 L,+3.190,,3.19,4021.44,99.888,,,25.647,29.82,44.421,3947.272,3977.092,4021.513,3921.552
2019,French Grand Prix,8,France,Le Castellet,0 days 01:08:39.851000,MAG,20,0 days 00:01:38.411000,21.0,2.0,,Kevin Magnussen,,0 days 00:00:24.974000,0 days 00:00:30.252000,0 days 00:00:43.185000,0 days 01:07:26.487000,0 days 01:07:56.739000,0 days 01:08:39.924000,110.0,272.0,283.0,295.0,False,HARD,5.0,True,Haas F1 Team,0 days 01:07:01.440000,,1,19.0,False,,False,True,27.8,36.8,966.6,False,56.0,80,2.2,True,False,False,False,False,False,1 L,+1.688,,1.688,4119.851,98.411,,,24.974,30.252,43.185,4046.487,4076.739,4119.924,4021.44
2019,French Grand Prix,8,France,Le Castellet,0 days 01:10:18.130000,MAG,20,0 days 00:01:38.279000,22.0,2.0,,Kevin Magnussen,,0 days 00:00:24.978000,0 days 00:00:30.017000,0 days 00:00:43.284000,0 days 01:09:04.902000,0 days 01:09:34.919000,0 days 01:10:18.203000,111.0,273.0,284.0,297.0,False,HARD,6.0,True,Haas F1 Team,0 days 01:08:39.851000,,12,19.0,False,,False,True,27.7,36.8,966.5,False,55.9,102,3.1,True,True,False,False,False,False,1 L,+1.071,,1.071,4218.13,98.279,,,24.978,30.017,43.284,4144.902,4174.919,4218.203,4119.851
2019,French Grand Prix,8,France,Le Castellet,0 days 01:11:56.136000,MAG,20,0 days 00:01:38.006000,23.0,2.0,,Kevin Magnussen,,0 days 00:00:24.750000,0 days 00:00:29.819000,0 days 00:00:43.437000,0 days 01:10:42.953000,0 days 01:11:12.772000,0 days 01:11:56.209000,110.0,274.0,298.0,320.0,True,HARD,7.0,True,Haas F1 Team,0 days 01:10:18.130000,,1,19.0,False,,False,True,27.5,37.2,966.5,False,56.3,108,3.3,True,False,False,False,False,False,+106.396,+0.549,106.396,0.549,4316.136,98.006,,,24.75,29.819,43.437,4242.953,4272.772,4316.209,4218.13
2019,French Grand Prix,8,France,Le Castellet,0 days 01:13:34.040000,MAG,20,0 days 00:01:37.904000,24.0,2.0,,Kevin Magnussen,,0 days 00:00:25.303000,0 days 00:00:29.677000,0 days 00:00:42.924000,0 days 01:12:21.512000,0 days 01:12:51.189000,0 days 01:13:34.113000,109.0,271.0,281.0,329.0,True,HARD,8.0,True,Haas F1 Team,0 days 01:11:56.136000,,1,18.0,False,,False,True,27.2,37.4,966.6,False,55.2,114,3.2,True,False,False,False,False,False,+109.027,+13.853,109.027,13.853,4414.04,97.904,,,25.303,29.677,42.924,4341.512,4371.189,4414.113,4316.136
2019,French Grand Prix,8,France,Le Castellet,0 days 01:15:11.814000,MAG,20,0 days 00:01:37.774000,25.0,2.0,,Kevin Magnussen,,0 days 00:00:24.902000,0 days 00:00:30.057000,0 days 00:00:42.815000,0 days 01:13:59.015000,0 days 01:14:29.072000,0 days 01:15:11.887000,112.0,272.0,280.0,289.0,True,HARD,9.0,True,Haas F1 Team,0 days 01:13:34.040000,,1,18.0,False,,False,True,26.7,38.6,966.5,False,54.2,112,2.8,True,False,False,False,False,False,+87.839,+14.525,87.839,14.525,4511.814,97.774,,,24.902,30.057,42.815,4439.015,4469.072,4511.887,4414.04
2019,French Grand Prix,8,France,Le Castellet,0 days 01:16:49.021000,MAG,20,0 days 00:01:37.207000,26.0,2.0,,Kevin Magnussen,,0 days 00:00:24.686000,0 days 00:00:29.913000,0 days 00:00:42.608000,0 days 01:15:36.573000,0 days 01:16:06.486000,0 days 01:16:49.094000,110.0,272.0,282.0,297.0,True,HARD,10.0,True,Haas F1 Team,0 days 01:15:11.814000,,1,18.0,False,,False,True,26.6,39.0,966.6,False,54.1,12,1.6,True,False,False,False,False,False,+90.469,+12.550,90.469,12.55,4609.021,97.207,,,24.686,29.913,42.608,4536.573,4566.486,4609.094,4511.814
2019,French Grand Prix,8,France,Le Castellet,0 days 01:18:26.128000,MAG,20,0 days 00:01:37.107000,27.0,2.0,,Kevin Magnussen,,0 days 00:00:24.561000,0 days 00:00:30.024000,0 days 00:00:42.522000,0 days 01:17:13.655000,0 days 01:17:43.679000,0 days 01:18:26.201000,110.0,272.0,282.0,297.0,True,HARD,11.0,True,Haas F1 Team,0 days 01:16:49.021000,,1,18.0,False,,False,True,27.0,37.9,966.6,False,53.2,85,2.4,True,False,False,False,False,False,+93.043,+12.964,93.043,12.964,4706.128,97.107,,,24.561,30.024,42.522,4633.655,4663.679,4706.201,4609.021
2019,French Grand Prix,8,France,Le Castellet,0 days 01:20:03.916000,MAG,20,0 days 00:01:37.788000,28.0,2.0,,Kevin Magnussen,,0 days 00:00:24.465000,0 days 00:00:30.667000,0 days 00:00:42.656000,0 days 01:18:50.666000,0 days 01:19:21.333000,0 days 01:20:03.989000,111.0,274.0,283.0,291.0,False,HARD,12.0,True,Haas F1 Team,0 days 01:18:26.128000,,1,18.0,False,,False,True,27.1,37.6,966.6,False,52.1,109,1.8,True,False,False,False,False,False,1 L,+14.061,,14.061,4803.916,97.788,,,24.465,30.667,42.656,4730.666,4761.333,4803.989,4706.128
2019,French Grand Prix,8,France,Le Castellet,0 days 01:21:40.510000,MAG,20,0 days 00:01:36.594000,29.0,2.0,,Kevin Magnussen,,0 days 00:00:24.484000,0 days 00:00:29.781000,0 days 00:00:42.329000,0 days 01:20:28.473000,0 days 01:20:58.254000,0 days 01:21:40.583000,110.0,273.0,283.0,302.0,True,HARD,13.0,True,Haas F1 Team,0 days 01:20:03.916000,,1,18.0,False,,False,True,27.2,37.1,966.6,False,52.0,124,1.5,True,False,False,False,False,False,1 L,+12.990,,12.99,4900.51,96.594,,,24.484,29.781,42.329,4828.473,4858.254,4900.583,4803.916
2019,French Grand Prix,8,France,Le Castellet,0 days 01:23:17.500000,MAG,20,0 days 00:01:36.990000,30.0,2.0,,Kevin Magnussen,,0 days 00:00:24.601000,0 days 00:00:29.928000,0 days 00:00:42.461000,0 days 01:22:05.184000,0 days 01:22:35.112000,0 days 01:23:17.573000,113.0,272.0,282.0,300.0,False,HARD,14.0,True,Haas F1 Team,0 days 01:21:40.510000,,1,18.0,False,,False,True,27.3,36.8,966.5,False,53.4,109,3.2,True,False,False,False,False,False,1 L,+12.780,,12.78,4997.5,96.99,,,24.601,29.928,42.461,4925.184,4955.112,4997.573,4900.51
2019,French Grand Prix,8,France,Le Castellet,0 days 01:24:54.523000,MAG,20,0 days 00:01:37.023000,31.0,2.0,,Kevin Magnussen,,0 days 00:00:24.578000,0 days 00:00:29.862000,0 days 00:00:42.583000,0 days 01:23:42.151000,0 days 01:24:12.013000,0 days 01:24:54.596000,112.0,272.0,282.0,299.0,False,HARD,15.0,True,Haas F1 Team,0 days 01:23:17.500000,,1,18.0,False,,False,True,27.2,37.2,966.6,False,53.8,58,1.7,True,False,False,False,False,False,1 L,+26.708,,26.708,5094.523,97.023,,,24.578,29.862,42.583,5022.151,5052.013,5094.596,4997.5
2019,French Grand Prix,8,France,Le Castellet,0 days 01:26:33.279000,MAG,20,0 days 00:01:38.756000,32.0,2.0,,Kevin Magnussen,,0 days 00:00:24.719000,0 days 00:00:29.903000,0 days 00:00:44.134000,0 days 01:25:19.315000,0 days 01:25:49.218000,0 days 01:26:33.352000,110.0,273.0,285.0,302.0,False,HARD,16.0,True,Haas F1 Team,0 days 01:24:54.523000,,1,18.0,False,,False,True,27.5,36.5,966.7,False,55.5,25,1.2,True,False,False,False,False,False,1 L,+3.279,,3.279,5193.279,98.756,,,24.719,29.903,44.134,5119.315,5149.218,5193.352,5094.523
2019,French Grand Prix,8,France,Le Castellet,0 days 01:28:10.406000,MAG,20,0 days 00:01:37.127000,33.0,2.0,,Kevin Magnussen,,0 days 00:00:24.707000,0 days 00:00:29.912000,0 days 00:00:42.508000,0 days 01:26:58.059000,0 days 01:27:27.971000,0 days 01:28:10.479000,112.0,273.0,285.0,301.0,False,HARD,17.0,True,Haas F1 Team,0 days 01:26:33.279000,,1,18.0,False,,False,True,27.7,36.3,966.7,False,56.0,140,1.7,True,False,False,False,False,False,1 L,+2.230,,2.23,5290.406,97.127,,,24.707,29.912,42.508,5218.059,5247.971,5290.479,5193.279
2019,French Grand Prix,8,France,Le Castellet,0 days 01:29:48.535000,MAG,20,0 days 00:01:38.129000,34.0,2.0,,Kevin Magnussen,,0 days 00:00:24.668000,0 days 00:00:30.164000,0 days 00:00:43.297000,0 days 01:28:35.147000,0 days 01:29:05.311000,0 days 01:29:48.608000,111.0,272.0,285.0,299.0,False,HARD,18.0,True,Haas F1 Team,0 days 01:28:10.406000,,1,17.0,False,,False,True,27.6,36.6,966.7,False,56.2,15,1.7,True,False,False,False,False,False,1 L,+4.279,,4.279,5388.535,98.129,,,24.668,30.164,43.297,5315.147,5345.311,5388.608,5290.406
2019,French Grand Prix,8,France,Le Castellet,0 days 01:31:25.699000,MAG,20,0 days 00:01:37.164000,35.0,2.0,,Kevin Magnussen,,0 days 00:00:24.773000,0 days 00:00:29.942000,0 days 00:00:42.449000,0 days 01:30:13.381000,0 days 01:30:43.323000,0 days 01:31:25.772000,111.0,273.0,283.0,303.0,False,HARD,19.0,True,Haas F1 Team,0 days 01:29:48.535000,,12,17.0,False,,False,True,27.6,36.7,966.8,False,54.7,96,1.3,True,True,False,False,False,False,1 L,+5.341,,5.341,5485.699,97.164,,,24.773,29.942,42.449,5413.381,5443.323,5485.772,5388.535
2019,French Grand Prix,8,France,Le Castellet,0 days 01:33:02.891000,MAG,20,0 days 00:01:37.192000,36.0,2.0,,Kevin Magnussen,,0 days 00:00:24.645000,0 days 00:00:29.791000,0 days 00:00:42.756000,0 days 01:31:50.417000,0 days 01:32:20.208000,0 days 01:33:02.964000,111.0,274.0,273.0,299.0,False,HARD,20.0,True,Haas F1 Team,0 days 01:31:25.699000,,1,17.0,False,,False,True,27.6,36.9,966.7,False,52.3,177,1.6,True,False,False,False,False,False,1 L,+4.601,,4.601,5582.891,97.192,,,24.645,29.791,42.756,5510.417,5540.208,5582.964,5485.699
2019,French Grand Prix,8,France,Le Castellet,0 days 01:34:40.445000,MAG,20,0 days 00:01:37.554000,37.0,2.0,,Kevin Magnussen,,0 days 00:00:25.454000,0 days 00:00:29.850000,0 days 00:00:42.250000,0 days 01:33:28.418000,0 days 01:33:58.268000,0 days 01:34:40.518000,110.0,274.0,284.0,302.0,False,HARD,21.0,True,Haas F1 Team,0 days 01:33:02.891000,,1,17.0,False,,False,True,27.4,37.2,966.7,False,51.6,79,1.2,True,False,False,False,False,False,1 L,+6.377,,6.377,5680.445,97.554,,,25.454,29.85,42.25,5608.418,5638.268,5680.518,5582.891
2019,French Grand Prix,8,France,Le Castellet,0 days 01:36:17.167000,MAG,20,0 days 00:01:36.722000,38.0,2.0,,Kevin Magnussen,,0 days 00:00:24.518000,0 days 00:00:29.959000,0 days 00:00:42.245000,0 days 01:35:05.036000,0 days 01:35:34.995000,0 days 01:36:17.240000,110.0,272.0,283.0,302.0,False,HARD,22.0,True,Haas F1 Team,0 days 01:34:40.445000,,1,17.0,False,,False,True,26.9,38.2,966.8,False,53.9,196,1.4,True,False,False,False,False,False,1 L,+6.957,,6.957,5777.167,96.722,,,24.518,29.959,42.245,5705.036,5734.995,5777.24,5680.445
2019,French Grand Prix,8,France,Le Castellet,0 days 01:37:53.454000,MAG,20,0 days 00:01:36.287000,39.0,2.0,,Kevin Magnussen,,0 days 00:00:24.336000,0 days 00:00:29.681000,0 days 00:00:42.270000,0 days 01:36:41.576000,0 days 01:37:11.257000,0 days 01:37:53.527000,108.0,273.0,283.0,302.0,True,HARD,23.0,True,Haas F1 Team,0 days 01:36:17.167000,,1,17.0,False,,False,True,26.8,38.9,966.6,False,53.1,84,1.8,True,False,False,False,False,False,1 L,+5.188,,5.188,5873.454,96.287,,,24.336,29.681,42.27,5801.576,5831.257,5873.527,5777.167
2019,French Grand Prix,8,France,Le Castellet,0 days 01:39:30.629000,MAG,20,0 days 00:01:37.175000,40.0,2.0,,Kevin Magnussen,,0 days 00:00:24.429000,0 days 00:00:30.586000,0 days 00:00:42.160000,0 days 01:38:17.956000,0 days 01:38:48.542000,0 days 01:39:30.702000,110.0,276.0,286.0,260.0,False,HARD,24.0,True,Haas F1 Team,0 days 01:37:53.454000,,1,17.0,False,,False,True,26.9,38.6,966.7,False,52.6,73,1.1,True,False,False,False,False,False,1 L,+6.335,,6.335,5970.629,97.175,,,24.429,30.586,42.16,5897.956,5928.542,5970.702,5873.454
2019,French Grand Prix,8,France,Le Castellet,0 days 01:41:06.736000,MAG,20,0 days 00:01:36.107000,41.0,2.0,,Kevin Magnussen,,0 days 00:00:24.390000,0 days 00:00:29.701000,0 days 00:00:42.016000,0 days 01:39:55.092000,0 days 01:40:24.793000,0 days 01:41:06.809000,112.0,274.0,285.0,303.0,True,HARD,25.0,True,Haas F1 Team,0 days 01:39:30.629000,,1,17.0,False,,False,True,26.7,39.1,966.7,False,53.2,95,2.8,True,False,False,False,False,False,1 L,+6.638,,6.638,6066.736,96.107,,,24.39,29.701,42.016,5995.092,6024.793,6066.809,5970.629
2019,French Grand Prix,8,France,Le Castellet,0 days 01:42:42.991000,MAG,20,0 days 00:01:36.255000,42.0,2.0,,Kevin Magnussen,,0 days 00:00:24.474000,0 days 00:00:29.681000,0 days 00:00:42.100000,0 days 01:41:31.283000,0 days 01:42:00.964000,0 days 01:42:43.064000,113.0,274.0,283.0,299.0,False,HARD,26.0,True,Haas F1 Team,0 days 01:41:06.736000,,1,17.0,False,,False,True,26.3,39.8,966.7,False,53.9,109,1.3,True,False,False,False,False,False,1 L,+7.190,,7.19,6162.991,96.255,,,24.474,29.681,42.1,6091.283,6120.964,6163.064,6066.736
2019,French Grand Prix,8,France,Le Castellet,0 days 01:44:18.759000,MAG,20,0 days 00:01:35.768000,43.0,2.0,,Kevin Magnussen,,0 days 00:00:24.270000,0 days 00:00:29.653000,0 days 00:00:41.845000,0 days 01:43:07.334000,0 days 01:43:36.987000,0 days 01:44:18.832000,111.0,274.0,284.0,301.0,True,HARD,27.0,True,Haas F1 Team,0 days 01:42:42.991000,,1,17.0,False,,False,True,26.5,39.9,966.6,False,54.5,83,2.5,True,False,False,False,False,False,1 L,+4.551,,4.551,6258.759,95.768,,,24.27,29.653,41.845,6187.334,6216.987,6258.832,6162.991
2019,French Grand Prix,8,France,Le Castellet,0 days 01:45:54.777000,MAG,20,0 days 00:01:36.018000,44.0,2.0,,Kevin Magnussen,,0 days 00:00:24.266000,0 days 00:00:29.818000,0 days 00:00:41.934000,0 days 01:44:43.098000,0 days 01:45:12.916000,0 days 01:45:54.850000,111.0,273.0,284.0,300.0,False,HARD,28.0,True,Haas F1 Team,0 days 01:44:18.759000,,1,17.0,False,,False,True,26.4,40.1,966.7,False,54.5,94,1.5,True,False,False,False,False,False,1 L,+4.795,,4.795,6354.777,96.018,,,24.266,29.818,41.934,6283.098,6312.916,6354.85,6258.759
2019,French Grand Prix,8,France,Le Castellet,0 days 01:47:30.721000,MAG,20,0 days 00:01:35.944000,45.0,2.0,,Kevin Magnussen,,0 days 00:00:24.168000,0 days 00:00:29.818000,0 days 00:00:41.958000,0 days 01:46:19.018000,0 days 01:46:48.836000,0 days 01:47:30.794000,109.0,273.0,282.0,300.0,False,HARD,29.0,True,Haas F1 Team,0 days 01:45:54.777000,,1,17.0,False,,False,True,27.0,39.0,966.8,False,55.1,182,1.1,True,False,False,False,False,False,1 L,+3.024,,3.024,6450.721,95.944,,,24.168,29.818,41.958,6379.018,6408.836,6450.794,6354.777
2019,French Grand Prix,8,France,Le Castellet,0 days 01:49:06.823000,MAG,20,0 days 00:01:36.102000,46.0,2.0,,Kevin Magnussen,,0 days 00:00:24.427000,0 days 00:00:29.736000,0 days 00:00:41.939000,0 days 01:47:55.221000,0 days 01:48:24.957000,0 days 01:49:06.896000,108.0,273.0,282.0,299.0,False,HARD,30.0,True,Haas F1 Team,0 days 01:47:30.721000,,1,16.0,False,,False,True,26.9,38.6,966.7,False,55.1,124,1.7,True,False,False,False,False,False,1 L,+20.758,,20.758,6546.823,96.102,,,24.427,29.736,41.939,6475.221,6504.957,6546.896,6450.721
2019,French Grand Prix,8,France,Le Castellet,0 days 01:50:42.742000,MAG,20,0 days 00:01:35.919000,47.0,2.0,,Kevin Magnussen,,0 days 00:00:24.238000,0 days 00:00:29.770000,0 days 00:00:41.911000,0 days 01:49:31.134000,0 days 01:50:00.904000,0 days 01:50:42.815000,113.0,274.0,282.0,299.0,False,HARD,31.0,True,Haas F1 Team,0 days 01:49:06.823000,,1,16.0,False,,False,True,27.0,37.6,966.7,False,54.3,29,1.2,True,False,False,False,False,False,1 L,+18.916,,18.916,6642.742,95.919,,,24.238,29.77,41.911,6571.134,6600.904,6642.815,6546.823
2019,French Grand Prix,8,France,Le Castellet,0 days 01:52:18.571000,MAG,20,0 days 00:01:35.829000,48.0,2.0,,Kevin Magnussen,,0 days 00:00:24.306000,0 days 00:00:29.613000,0 days 00:00:41.910000,0 days 01:51:07.121000,0 days 01:51:36.734000,0 days 01:52:18.644000,114.0,274.0,283.0,298.0,False,HARD,32.0,True,Haas F1 Team,0 days 01:50:42.742000,,12,16.0,False,,False,True,27.0,37.3,966.6,False,54.0,102,1.4,True,True,False,False,False,False,1 L,+18.929,,18.929,6738.571,95.829,,,24.306,29.613,41.91,6667.121,6696.734,6738.644,6642.742
2019,French Grand Prix,8,France,Le Castellet,0 days 01:54:05.001000,MAG,20,0 days 00:01:46.430000,49.0,2.0,,Kevin Magnussen,,0 days 00:00:24.294000,0 days 00:00:39.753000,0 days 00:00:42.383000,0 days 01:52:42.938000,0 days 01:53:22.691000,0 days 01:54:05.074000,111.0,273.0,282.0,127.0,False,HARD,33.0,True,Haas F1 Team,0 days 01:52:18.571000,,1267,16.0,False,,False,False,26.8,37.7,966.7,False,55.0,86,1.8,True,True,False,False,True,True,1 L,+17.623,,17.623,6845.001,106.43,,,24.294,39.753,42.383,6762.938,6802.691,6845.074,6738.571
2019,French Grand Prix,8,France,Le Castellet,0 days 01:55:40.693000,MAG,20,0 days 00:01:35.692000,50.0,2.0,,Kevin Magnussen,,0 days 00:00:24.227000,0 days 00:00:29.607000,0 days 00:00:41.858000,0 days 01:54:29.301000,0 days 01:54:58.908000,0 days 01:55:40.766000,111.0,275.0,283.0,304.0,True,HARD,34.0,True,Haas F1 Team,0 days 01:54:05.001000,,1,16.0,False,,False,True,26.7,38.6,966.7,False,54.5,158,1.4,True,False,False,False,False,False,1 L,+16.476,,16.476,6940.693,95.692,,,24.227,29.607,41.858,6869.301,6898.908,6940.766,6845.001
2019,French Grand Prix,8,France,Le Castellet,0 days 01:57:18.577000,MAG,20,0 days 00:01:37.884000,51.0,2.0,,Kevin Magnussen,,0 days 00:00:24.122000,0 days 00:00:29.621000,0 days 00:00:44.141000,0 days 01:56:04.888000,0 days 01:56:34.509000,0 days 01:57:18.650000,109.0,274.0,284.0,299.0,False,HARD,35.0,True,Haas F1 Team,0 days 01:55:40.693000,,1,17.0,False,,False,True,27.1,37.0,966.7,False,54.1,120,1.9,True,False,False,False,False,False,1 L,+1.941,,1.941,7038.577,97.884,,,24.122,29.621,44.141,6964.888,6994.509,7038.65,6940.693
2019,French Grand Prix,8,France,Le Castellet,0 days 01:58:56.944000,MAG,20,0 days 00:01:38.367000,52.0,2.0,,Kevin Magnussen,,0 days 00:00:25.196000,0 days 00:00:30.285000,0 days 00:00:42.886000,0 days 01:57:43.846000,0 days 01:58:14.131000,0 days 01:58:57.017000,107.0,273.0,282.0,298.0,False,HARD,36.0,True,Haas F1 Team,0 days 01:57:18.577000,,12,17.0,False,,False,True,26.9,37.0,966.7,False,53.3,18,2.3,True,True,False,False,False,False,1 L,+4.973,,4.973,7136.944,98.367,,,25.196,30.285,42.886,7063.846,7094.131,7137.017,7038.577
2019,French Grand Prix,8,France,Le Castellet,0 days 00:35:18.723000,ALB,23,0 days 00:01:53.571000,1.0,1.0,,Alexander Albon,,,0 days 00:00:32.872000,0 days 00:00:44.534000,,0 days 00:34:34.324000,0 days 00:35:18.990000,100.0,280.0,292.0,299.0,False,MEDIUM,1.0,True,Toro Rosso,0 days 00:33:25.039000,,1,16.0,False,,False,False,26.4,41.4,966.7,False,55.9,120,1.8,True,False,False,False,False,False,+11.645,+0.491,11.645,0.491,2118.723,113.571,,,,32.872,44.534,,2074.324,2118.99,2005.039
2019,French Grand Prix,8,France,Le Castellet,0 days 00:36:58.953000,ALB,23,0 days 00:01:40.230000,2.0,1.0,,Alexander Albon,,0 days 00:00:25.905000,0 days 00:00:30.130000,0 days 00:00:44.195000,0 days 00:35:44.652000,0 days 00:36:14.782000,0 days 00:36:58.977000,113.0,281.0,291.0,316.0,True,MEDIUM,2.0,True,Toro Rosso,0 days 00:35:18.723000,,1,16.0,False,,False,True,26.4,41.4,966.7,False,56.1,93,1.8,True,False,False,False,False,False,+14.424,+0.539,14.424,0.539,2218.953,100.23,,,25.905,30.13,44.195,2144.652,2174.782,2218.977,2118.723
2019,French Grand Prix,8,France,Le Castellet,0 days 00:38:38.389000,ALB,23,0 days 00:01:39.436000,3.0,1.0,,Alexander Albon,,0 days 00:00:25.667000,0 days 00:00:29.671000,0 days 00:00:44.098000,0 days 00:37:24.644000,0 days 00:37:54.315000,0 days 00:38:38.413000,108.0,276.0,299.0,336.0,True,MEDIUM,3.0,True,Toro Rosso,0 days 00:36:58.953000,,1,16.0,False,,False,True,26.3,41.8,966.7,False,57.0,77,2.1,True,False,False,False,False,False,+17.142,+0.531,17.142,0.531,2318.389,99.436,,,25.667,29.671,44.098,2244.644,2274.315,2318.413,2218.953
2019,French Grand Prix,8,France,Le Castellet,0 days 00:40:17.319000,ALB,23,0 days 00:01:38.930000,4.0,1.0,,Alexander Albon,,0 days 00:00:25.499000,0 days 00:00:29.587000,0 days 00:00:43.844000,0 days 00:39:03.912000,0 days 00:39:33.499000,0 days 00:40:17.343000,113.0,276.0,301.0,337.0,True,MEDIUM,4.0,True,Toro Rosso,0 days 00:38:38.389000,,1,16.0,False,,False,True,26.7,40.4,966.8,False,56.6,83,1.1,True,False,False,False,False,False,+19.800,+0.652,19.8,0.652,2417.319,98.93,,,25.499,29.587,43.844,2343.912,2373.499,2417.343,2318.389
2019,French Grand Prix,8,France,Le Castellet,0 days 00:41:55.898000,ALB,23,0 days 00:01:38.579000,5.0,1.0,,Alexander Albon,,0 days 00:00:25.072000,0 days 00:00:29.677000,0 days 00:00:43.830000,0 days 00:40:42.415000,0 days 00:41:12.092000,0 days 00:41:55.922000,108.0,278.0,303.0,335.0,True,MEDIUM,5.0,True,Toro Rosso,0 days 00:40:17.319000,,1,16.0,False,,False,True,26.8,40.2,966.7,False,56.6,151,1.5,True,False,False,False,False,False,+22.386,+0.576,22.386,0.576,2515.898,98.579,,,25.072,29.677,43.83,2442.415,2472.092,2515.922,2417.319
2019,French Grand Prix,8,France,Le Castellet,0 days 00:43:34.852000,ALB,23,0 days 00:01:38.954000,6.0,1.0,,Alexander Albon,,0 days 00:00:25.211000,0 days 00:00:29.714000,0 days 00:00:44.029000,0 days 00:42:21.133000,0 days 00:42:50.847000,0 days 00:43:34.876000,108.0,278.0,300.0,331.0,False,MEDIUM,6.0,True,Toro Rosso,0 days 00:41:55.898000,,1,16.0,False,,False,True,26.7,41.4,966.7,False,56.4,48,2.1,True,False,False,False,False,False,+25.385,+0.648,25.385,0.648,2614.852,98.954,,,25.211,29.714,44.029,2541.133,2570.847,2614.876,2515.898
2019,French Grand Prix,8,France,Le Castellet,0 days 00:45:13.816000,ALB,23,0 days 00:01:38.964000,7.0,1.0,,Alexander Albon,,0 days 00:00:25.317000,0 days 00:00:29.729000,0 days 00:00:43.918000,0 days 00:44:00.193000,0 days 00:44:29.922000,0 days 00:45:13.840000,110.0,277.0,301.0,336.0,False,MEDIUM,7.0,True,Toro Rosso,0 days 00:43:34.852000,,1,15.0,False,,False,True,27.0,41.1,966.7,False,56.6,176,1.4,True,False,False,False,False,False,+28.044,+0.570,28.044,0.57,2713.816,98.964,,,25.317,29.729,43.918,2640.193,2669.922,2713.84,2614.852
2019,French Grand Prix,8,France,Le Castellet,0 days 00:46:52.676000,ALB,23,0 days 00:01:38.860000,8.0,1.0,,Alexander Albon,,0 days 00:00:25.146000,0 days 00:00:29.656000,0 days 00:00:44.058000,0 days 00:45:38.986000,0 days 00:46:08.642000,0 days 00:46:52.700000,108.0,279.0,301.0,332.0,False,MEDIUM,8.0,True,Toro Rosso,0 days 00:45:13.816000,,1,15.0,False,,False,True,27.3,40.3,966.7,False,56.8,184,1.1,True,False,False,False,False,False,+30.995,+0.602,30.995,0.602,2812.676,98.86,,,25.146,29.656,44.058,2738.986,2768.642,2812.7,2713.816
2019,French Grand Prix,8,France,Le Castellet,0 days 00:48:31.165000,ALB,23,0 days 00:01:38.489000,9.0,1.0,,Alexander Albon,,0 days 00:00:25.080000,0 days 00:00:29.688000,0 days 00:00:43.721000,0 days 00:47:17.780000,0 days 00:47:47.468000,0 days 00:48:31.189000,111.0,279.0,301.0,327.0,True,MEDIUM,9.0,True,Toro Rosso,0 days 00:46:52.676000,,1,15.0,False,,False,True,27.8,39.0,966.7,False,57.2,164,0.9,True,False,False,False,False,False,+33.696,+0.658,33.696,0.658,2911.165,98.489,,,25.08,29.688,43.721,2837.78,2867.468,2911.189,2812.676
2019,French Grand Prix,8,France,Le Castellet,0 days 00:50:09.825000,ALB,23,0 days 00:01:38.660000,10.0,1.0,,Alexander Albon,,0 days 00:00:25.250000,0 days 00:00:29.550000,0 days 00:00:43.860000,0 days 00:48:56.439000,0 days 00:49:25.989000,0 days 00:50:09.849000,111.0,280.0,299.0,328.0,False,MEDIUM,10.0,True,Toro Rosso,0 days 00:48:31.165000,,1,15.0,False,,False,True,27.7,37.9,966.7,False,55.4,132,1.8,True,False,False,False,False,False,+36.630,+0.688,36.63,0.688,3009.825,98.66,,,25.25,29.55,43.86,2936.439,2965.989,3009.849,2911.165
2019,French Grand Prix,8,France,Le Castellet,0 days 00:51:48.405000,ALB,23,0 days 00:01:38.580000,11.0,1.0,,Alexander Albon,,0 days 00:00:25.184000,0 days 00:00:29.647000,0 days 00:00:43.749000,0 days 00:50:35.033000,0 days 00:51:04.680000,0 days 00:51:48.429000,110.0,279.0,299.0,329.0,False,MEDIUM,11.0,True,Toro Rosso,0 days 00:50:09.825000,,1,15.0,False,,False,True,27.6,38.4,966.6,False,55.4,103,1.6,True,False,False,False,False,False,+39.702,+0.946,39.702,0.946,3108.405,98.58,,,25.184,29.647,43.749,3035.033,3064.68,3108.429,3009.825
2019,French Grand Prix,8,France,Le Castellet,0 days 00:53:26.724000,ALB,23,0 days 00:01:38.319000,12.0,1.0,,Alexander Albon,,0 days 00:00:24.995000,0 days 00:00:29.561000,0 days 00:00:43.763000,0 days 00:52:13.424000,0 days 00:52:42.985000,0 days 00:53:26.748000,109.0,282.0,303.0,335.0,True,MEDIUM,12.0,True,Toro Rosso,0 days 00:51:48.405000,,1,15.0,False,,False,True,27.3,38.8,966.6,False,55.6,87,2.1,True,False,False,False,False,False,+42.603,+0.651,42.603,0.651,3206.724,98.319,,,24.995,29.561,43.763,3133.424,3162.985,3206.748,3108.405
2019,French Grand Prix,8,France,Le Castellet,0 days 00:55:05.662000,ALB,23,0 days 00:01:38.938000,13.0,1.0,,Alexander Albon,,0 days 00:00:25.142000,0 days 00:00:29.788000,0 days 00:00:44.008000,0 days 00:53:51.890000,0 days 00:54:21.678000,0 days 00:55:05.686000,110.0,284.0,299.0,333.0,False,MEDIUM,13.0,True,Toro Rosso,0 days 00:53:26.724000,,1,15.0,False,,False,True,27.1,38.7,966.6,False,54.4,161,1.5,True,False,False,False,False,False,+46.179,+0.610,46.179,0.61,3305.662,98.938,,,25.142,29.788,44.008,3231.89,3261.678,3305.686,3206.724
2019,French Grand Prix,8,France,Le Castellet,0 days 00:56:43.592000,ALB,23,0 days 00:01:37.930000,14.0,1.0,,Alexander Albon,,0 days 00:00:25.398000,0 days 00:00:29.369000,0 days 00:00:43.163000,0 days 00:55:31.084000,0 days 00:56:00.453000,0 days 00:56:43.616000,109.0,272.0,284.0,337.0,True,MEDIUM,14.0,True,Toro Rosso,0 days 00:55:05.662000,,1,14.0,False,,False,True,27.4,38.3,966.6,False,55.1,116,0.9,True,False,False,False,False,False,+49.143,+3.279,49.143,3.279,3403.592,97.93,,,25.398,29.369,43.163,3331.084,3360.453,3403.616,3305.662
2019,French Grand Prix,8,France,Le Castellet,0 days 00:58:21.169000,ALB,23,0 days 00:01:37.577000,15.0,1.0,,Alexander Albon,,0 days 00:00:24.668000,0 days 00:00:29.897000,0 days 00:00:43.012000,0 days 00:57:08.284000,0 days 00:57:38.181000,0 days 00:58:21.193000,106.0,275.0,286.0,302.0,True,MEDIUM,15.0,True,Toro Rosso,0 days 00:56:43.592000,,1,14.0,False,,False,True,27.6,37.8,966.5,False,55.1,119,2.3,True,False,False,False,False,False,+51.941,+3.525,51.941,3.525,3501.169,97.577,,,24.668,29.897,43.012,3428.284,3458.181,3501.193,3403.592
2019,French Grand Prix,8,France,Le Castellet,0 days 00:59:58.682000,ALB,23,0 days 00:01:37.513000,16.0,1.0,,Alexander Albon,,0 days 00:00:24.705000,0 days 00:00:29.861000,0 days 00:00:42.947000,0 days 00:58:45.898000,0 days 00:59:15.759000,0 days 00:59:58.706000,109.0,275.0,284.0,299.0,True,MEDIUM,16.0,True,Toro Rosso,0 days 00:58:21.169000,,1,13.0,False,,False,True,27.1,38.9,966.5,False,54.7,151,1.4,True,False,False,False,False,False,+54.430,+4.019,54.43,4.019,3598.682,97.513,,,24.705,29.861,42.947,3525.898,3555.759,3598.706,3501.169
2019,French Grand Prix,8,France,Le Castellet,0 days 01:01:36.383000,ALB,23,0 days 00:01:37.701000,17.0,1.0,,Alexander Albon,,0 days 00:00:24.867000,0 days 00:00:29.777000,0 days 00:00:43.057000,0 days 01:00:23.573000,0 days 01:00:53.350000,0 days 01:01:36.407000,110.0,275.0,285.0,298.0,False,MEDIUM,17.0,True,Toro Rosso,0 days 00:59:58.682000,,1,12.0,False,,False,True,27.4,38.4,966.6,False,55.4,107,1.1,True,False,False,False,False,False,+56.763,+4.593,56.763,4.593,3696.383,97.701,,,24.867,29.777,43.057,3623.573,3653.35,3696.407,3598.682
2019,French Grand Prix,8,France,Le Castellet,0 days 01:03:13.681000,ALB,23,0 days 00:01:37.298000,18.0,1.0,,Alexander Albon,,0 days 00:00:24.673000,0 days 00:00:29.628000,0 days 00:00:42.997000,0 days 01:02:01.080000,0 days 01:02:30.708000,0 days 01:03:13.705000,111.0,275.0,285.0,305.0,True,MEDIUM,18.0,True,Toro Rosso,0 days 01:01:36.383000,,1,10.0,False,,False,True,27.7,37.1,966.6,False,56.0,59,1.5,True,False,False,False,False,False,+59.054,+5.021,59.054,5.021,3793.681,97.298,,,24.673,29.628,42.997,3721.08,3750.708,3793.705,3696.383
2019,French Grand Prix,8,France,Le Castellet,0 days 01:04:50.751000,ALB,23,0 days 00:01:37.070000,19.0,1.0,,Alexander Albon,,0 days 00:00:24.516000,0 days 00:00:29.750000,0 days 00:00:42.804000,0 days 01:03:38.221000,0 days 01:04:07.971000,0 days 01:04:50.775000,112.0,275.0,285.0,305.0,True,MEDIUM,19.0,True,Toro Rosso,0 days 01:03:13.681000,,1,10.0,False,,False,True,27.3,38.2,966.6,False,54.1,26,1.1,True,False,False,False,False,False,+61.100,+5.337,61.1,5.337,3890.751,97.07,,,24.516,29.75,42.804,3818.221,3847.971,3890.775,3793.681
2019,French Grand Prix,8,France,Le Castellet,0 days 01:06:27.761000,ALB,23,0 days 00:01:37.010000,20.0,1.0,,Alexander Albon,,0 days 00:00:24.559000,0 days 00:00:29.641000,0 days 00:00:42.810000,0 days 01:05:15.334000,0 days 01:05:44.975000,0 days 01:06:27.785000,115.0,274.0,285.0,305.0,True,MEDIUM,20.0,True,Toro Rosso,0 days 01:04:50.751000,,1,9.0,False,,False,True,27.5,37.8,966.6,False,56.1,106,1.2,True,False,False,False,False,False,+63.218,+5.652,63.218,5.652,3987.761,97.01,,,24.559,29.641,42.81,3915.334,3944.975,3987.785,3890.751
2019,French Grand Prix,8,France,Le Castellet,0 days 01:08:04.679000,ALB,23,0 days 00:01:36.918000,21.0,1.0,,Alexander Albon,,0 days 00:00:24.509000,0 days 00:00:29.585000,0 days 00:00:42.824000,0 days 01:06:52.294000,0 days 01:07:21.879000,0 days 01:08:04.703000,110.0,274.0,285.0,304.0,True,MEDIUM,21.0,True,Toro Rosso,0 days 01:06:27.761000,,1,9.0,False,,False,True,27.8,36.8,966.6,False,56.0,80,2.2,True,False,False,False,False,False,+64.292,+5.839,64.292,5.839,4084.679,96.918,,,24.509,29.585,42.824,4012.294,4041.879,4084.703,3987.761
2019,French Grand Prix,8,France,Le Castellet,0 days 01:09:41.658000,ALB,23,0 days 00:01:36.979000,22.0,1.0,,Alexander Albon,,0 days 00:00:24.635000,0 days 00:00:29.585000,0 days 00:00:42.759000,0 days 01:08:29.338000,0 days 01:08:58.923000,0 days 01:09:41.682000,113.0,275.0,285.0,303.0,False,MEDIUM,22.0,True,Toro Rosso,0 days 01:08:04.679000,,12,9.0,False,,False,True,27.8,36.7,966.6,False,56.0,93,2.0,True,True,False,False,False,False,+66.476,+6.194,66.476,6.194,4181.658,96.979,,,24.635,29.585,42.759,4109.338,4138.923,4181.682,4084.679
2019,French Grand Prix,8,France,Le Castellet,0 days 01:11:18.989000,ALB,23,0 days 00:01:37.331000,23.0,1.0,,Alexander Albon,,0 days 00:00:24.727000,0 days 00:00:29.609000,0 days 00:00:42.995000,0 days 01:10:06.409000,0 days 01:10:36.018000,0 days 01:11:19.013000,113.0,275.0,284.0,304.0,False,MEDIUM,23.0,True,Toro Rosso,0 days 01:09:41.658000,,1,9.0,False,,False,True,27.5,37.2,966.5,False,56.3,108,3.3,True,False,False,False,False,False,+69.121,+6.840,69.121,6.84,4278.989,97.331,,,24.727,29.609,42.995,4206.409,4236.018,4279.013,4181.658
2019,French Grand Prix,8,France,Le Castellet,0 days 01:12:56.224000,ALB,23,0 days 00:01:37.235000,24.0,1.0,,Alexander Albon,,0 days 00:00:24.798000,0 days 00:00:29.589000,0 days 00:00:42.848000,0 days 01:11:43.811000,0 days 01:12:13.400000,0 days 01:12:56.248000,112.0,275.0,284.0,305.0,False,MEDIUM,24.0,True,Toro Rosso,0 days 01:11:18.989000,,1,9.0,False,,False,True,27.3,37.5,966.6,False,56.2,80,3.2,True,False,False,False,False,False,+71.298,+7.343,71.298,7.343,4376.224,97.235,,,24.798,29.589,42.848,4303.811,4333.4,4376.248,4278.989
2019,French Grand Prix,8,France,Le Castellet,0 days 01:14:53.293000,ALB,23,0 days 00:01:57.069000,25.0,1.0,,Alexander Albon,0 days 01:14:23.832000,0 days 00:00:24.653000,0 days 00:00:29.644000,0 days 00:01:02.772000,0 days 01:13:20.901000,0 days 01:13:50.545000,0 days 01:14:53.317000,111.0,275.0,,304.0,False,MEDIUM,25.0,True,Toro Rosso,0 days 01:12:56.224000,,1,16.0,False,,False,False,26.9,38.1,966.5,False,54.9,102,3.7,True,False,False,False,False,False,+48.727,+7.394,48.727,7.394,4493.293,117.069,4463.832,,24.653,29.644,62.772,4400.901,4430.545,4493.317,4376.224
2019,French Grand Prix,8,France,Le Castellet,0 days 01:16:36.390000,ALB,23,0 days 00:01:43.097000,26.0,2.0,0 days 01:14:54.068000,Alexander Albon,,0 days 00:00:28.378000,0 days 00:00:31.074000,0 days 00:00:43.645000,0 days 01:15:21.695000,0 days 01:15:52.769000,0 days 01:16:36.414000,113.0,277.0,286.0,306.0,False,HARD,1.0,True,Toro Rosso,0 days 01:14:53.293000,,1,17.0,False,,False,False,26.6,39.0,966.6,False,54.1,12,1.6,True,False,False,False,False,False,+77.919,+1.154,77.919,1.154,4596.39,103.097,,4494.068,28.378,31.074,43.645,4521.695,4552.769,4596.414,4493.293
2019,French Grand Prix,8,France,Le Castellet,0 days 01:18:13.071000,ALB,23,0 days 00:01:36.681000,27.0,2.0,,Alexander Albon,,0 days 00:00:24.670000,0 days 00:00:29.578000,0 days 00:00:42.433000,0 days 01:17:01.084000,0 days 01:17:30.662000,0 days 01:18:13.095000,114.0,277.0,288.0,305.0,True,HARD,2.0,True,Toro Rosso,0 days 01:16:36.390000,,1,17.0,False,,False,True,27.0,37.9,966.6,False,53.2,85,2.4,True,False,False,False,False,False,+80.079,+1.032,80.079,1.032,4693.071,96.681,,,24.67,29.578,42.433,4621.084,4650.662,4693.095,4596.39
2019,French Grand Prix,8,France,Le Castellet,0 days 01:19:49.675000,ALB,23,0 days 00:01:36.604000,28.0,2.0,,Alexander Albon,,0 days 00:00:24.495000,0 days 00:00:29.614000,0 days 00:00:42.495000,0 days 01:18:37.590000,0 days 01:19:07.204000,0 days 01:19:49.699000,115.0,277.0,300.0,302.0,True,HARD,3.0,True,Toro Rosso,0 days 01:18:13.071000,,1,17.0,False,,False,True,27.1,37.4,966.6,False,52.0,115,2.2,True,False,False,False,False,False,+82.467,+0.773,82.467,0.773,4789.675,96.604,,,24.495,29.614,42.495,4717.59,4747.204,4789.699,4693.071
2019,French Grand Prix,8,France,Le Castellet,0 days 01:21:26.260000,ALB,23,0 days 00:01:36.585000,29.0,2.0,,Alexander Albon,,0 days 00:00:24.483000,0 days 00:00:29.687000,0 days 00:00:42.415000,0 days 01:20:14.182000,0 days 01:20:43.869000,0 days 01:21:26.284000,115.0,287.0,285.0,329.0,True,HARD,4.0,True,Toro Rosso,0 days 01:19:49.675000,,1,16.0,False,,False,True,27.2,37.1,966.6,False,52.0,124,1.5,True,False,False,False,False,False,+84.378,+10.977,84.378,10.977,4886.26,96.585,,,24.483,29.687,42.415,4814.182,4843.869,4886.284,4789.675
2019,French Grand Prix,8,France,Le Castellet,0 days 01:23:02.589000,ALB,23,0 days 00:01:36.329000,30.0,2.0,,Alexander Albon,,0 days 00:00:24.320000,0 days 00:00:29.487000,0 days 00:00:42.522000,0 days 01:21:50.604000,0 days 01:22:20.091000,0 days 01:23:02.613000,118.0,276.0,284.0,301.0,True,HARD,5.0,True,Toro Rosso,0 days 01:21:26.260000,,1,16.0,False,,False,True,27.3,36.8,966.5,False,53.4,109,3.2,True,False,False,False,False,False,+86.668,+11.235,86.668,11.235,4982.589,96.329,,,24.32,29.487,42.522,4910.604,4940.091,4982.613,4886.26
2019,French Grand Prix,8,France,Le Castellet,0 days 01:24:39.562000,ALB,23,0 days 00:01:36.973000,31.0,2.0,,Alexander Albon,,0 days 00:00:24.433000,0 days 00:00:29.696000,0 days 00:00:42.844000,0 days 01:23:27.046000,0 days 01:23:56.742000,0 days 01:24:39.586000,116.0,275.0,284.0,303.0,False,HARD,6.0,True,Toro Rosso,0 days 01:23:02.589000,,1,15.0,False,,False,True,27.2,37.2,966.6,False,53.8,58,1.7,True,False,False,False,False,False,+89.623,+11.275,89.623,11.275,5079.562,96.973,,,24.433,29.696,42.844,5007.046,5036.742,5079.586,4982.589
2019,French Grand Prix,8,France,Le Castellet,0 days 01:26:16.068000,ALB,23,0 days 00:01:36.506000,32.0,2.0,,Alexander Albon,,0 days 00:00:24.484000,0 days 00:00:29.531000,0 days 00:00:42.491000,0 days 01:25:04.070000,0 days 01:25:33.601000,0 days 01:26:16.092000,114.0,276.0,285.0,299.0,False,HARD,7.0,True,Toro Rosso,0 days 01:24:39.562000,,1,14.0,False,,False,True,27.5,36.5,966.7,False,55.5,25,1.2,True,False,False,False,False,False,+91.771,+11.784,91.771,11.784,5176.068,96.506,,,24.484,29.531,42.491,5104.07,5133.601,5176.092,5079.562
2019,French Grand Prix,8,France,Le Castellet,0 days 01:27:52.804000,ALB,23,0 days 00:01:36.736000,33.0,2.0,,Alexander Albon,,0 days 00:00:24.518000,0 days 00:00:29.607000,0 days 00:00:42.611000,0 days 01:26:40.610000,0 days 01:27:10.217000,0 days 01:27:52.828000,117.0,274.0,285.0,305.0,False,HARD,8.0,True,Toro Rosso,0 days 01:26:16.068000,,1,14.0,False,,False,True,27.5,36.6,966.7,False,55.5,76,1.4,True,False,False,False,False,False,+93.633,+12.193,93.633,12.193,5272.804,96.736,,,24.518,29.607,42.611,5200.61,5230.217,5272.828,5176.068
2019,French Grand Prix,8,France,Le Castellet,0 days 01:29:31.503000,ALB,23,0 days 00:01:38.699000,34.0,2.0,,Alexander Albon,,0 days 00:00:26.249000,0 days 00:00:29.773000,0 days 00:00:42.677000,0 days 01:28:19.077000,0 days 01:28:48.850000,0 days 01:29:31.527000,108.0,277.0,286.0,307.0,False,HARD,9.0,True,Toro Rosso,0 days 01:27:52.804000,,1,14.0,False,,False,True,27.6,36.6,966.7,False,56.2,15,1.7,True,False,False,False,False,False,1 L,+14.236,,14.236,5371.503,98.699,,,26.249,29.773,42.677,5299.077,5328.85,5371.527,5272.804
2019,French Grand Prix,8,France,Le Castellet,0 days 01:31:07.754000,ALB,23,0 days 00:01:36.251000,35.0,2.0,,Alexander Albon,,0 days 00:00:24.393000,0 days 00:00:29.466000,0 days 00:00:42.392000,0 days 01:29:55.920000,0 days 01:30:25.386000,0 days 01:31:07.778000,114.0,276.0,285.0,304.0,True,HARD,10.0,True,Toro Rosso,0 days 01:29:31.503000,,12,14.0,False,,False,True,27.6,36.7,966.8,False,54.7,96,1.3,True,True,False,False,False,False,1 L,+13.327,,13.327,5467.754,96.251,,,24.393,29.466,42.392,5395.92,5425.386,5467.778,5371.503
2019,French Grand Prix,8,France,Le Castellet,0 days 01:32:44.030000,ALB,23,0 days 00:01:36.276000,36.0,2.0,,Alexander Albon,,0 days 00:00:24.377000,0 days 00:00:29.493000,0 days 00:00:42.406000,0 days 01:31:32.155000,0 days 01:32:01.648000,0 days 01:32:44.054000,115.0,276.0,285.0,301.0,False,HARD,11.0,True,Toro Rosso,0 days 01:31:07.754000,,1,14.0,False,,False,True,27.7,36.9,966.7,False,54.1,102,1.4,True,False,False,False,False,False,1 L,+13.215,,13.215,5564.03,96.276,,,24.377,29.493,42.406,5492.155,5521.648,5564.054,5467.754
2019,French Grand Prix,8,France,Le Castellet,0 days 01:34:20.076000,ALB,23,0 days 00:01:36.046000,37.0,2.0,,Alexander Albon,,0 days 00:00:24.303000,0 days 00:00:29.401000,0 days 00:00:42.342000,0 days 01:33:08.357000,0 days 01:33:37.758000,0 days 01:34:20.100000,115.0,276.0,286.0,307.0,True,HARD,12.0,True,Toro Rosso,0 days 01:32:44.030000,,1,14.0,False,,False,True,27.4,37.2,966.7,False,51.6,79,1.2,True,False,False,False,False,False,1 L,+13.200,,13.2,5660.076,96.046,,,24.303,29.401,42.342,5588.357,5617.758,5660.1,5564.03
2019,French Grand Prix,8,France,Le Castellet,0 days 01:35:56.308000,ALB,23,0 days 00:01:36.232000,38.0,2.0,,Alexander Albon,,0 days 00:00:24.343000,0 days 00:00:29.522000,0 days 00:00:42.367000,0 days 01:34:44.443000,0 days 01:35:13.965000,0 days 01:35:56.332000,114.0,276.0,286.0,309.0,False,HARD,13.0,True,Toro Rosso,0 days 01:34:20.076000,,1,14.0,False,,False,True,26.9,38.2,966.8,False,53.9,196,1.4,True,False,False,False,False,False,1 L,+13.455,,13.455,5756.308,96.232,,,24.343,29.522,42.367,5684.443,5713.965,5756.332,5660.076
2019,French Grand Prix,8,France,Le Castellet,0 days 01:37:34.062000,ALB,23,0 days 00:01:37.754000,39.0,2.0,,Alexander Albon,,0 days 00:00:24.366000,0 days 00:00:29.898000,0 days 00:00:43.490000,0 days 01:36:20.698000,0 days 01:36:50.596000,0 days 01:37:34.086000,112.0,243.0,291.0,303.0,False,HARD,14.0,True,Toro Rosso,0 days 01:35:56.308000,,1,14.0,False,,False,True,26.8,38.9,966.6,False,53.1,84,1.8,True,False,False,False,False,False,1 L,+32.909,,32.909,5854.062,97.754,,,24.366,29.898,43.49,5780.698,5810.596,5854.086,5756.308
2019,French Grand Prix,8,France,Le Castellet,0 days 01:39:09.770000,ALB,23,0 days 00:01:35.708000,40.0,2.0,,Alexander Albon,,0 days 00:00:24.130000,0 days 00:00:29.448000,0 days 00:00:42.130000,0 days 01:37:58.216000,0 days 01:38:27.664000,0 days 01:39:09.794000,114.0,277.0,288.0,310.0,True,HARD,15.0,True,Toro Rosso,0 days 01:37:34.062000,,1,14.0,False,,False,True,26.9,38.6,966.7,False,52.6,73,1.1,True,False,False,False,False,False,1 L,+7.891,,7.891,5949.77,95.708,,,24.13,29.448,42.13,5878.216,5907.664,5949.794,5854.062
2019,French Grand Prix,8,France,Le Castellet,0 days 01:40:45.507000,ALB,23,0 days 00:01:35.737000,41.0,2.0,,Alexander Albon,,0 days 00:00:24.216000,0 days 00:00:29.343000,0 days 00:00:42.178000,0 days 01:39:34.010000,0 days 01:40:03.353000,0 days 01:40:45.531000,112.0,278.0,288.0,308.0,False,HARD,16.0,True,Toro Rosso,0 days 01:39:09.770000,,1,14.0,False,,False,True,26.8,39.0,966.7,False,53.8,38,1.4,True,False,False,False,False,False,1 L,+8.600,,8.6,6045.507,95.737,,,24.216,29.343,42.178,5974.01,6003.353,6045.531,5949.77
2019,French Grand Prix,8,France,Le Castellet,0 days 01:42:21.335000,ALB,23,0 days 00:01:35.828000,42.0,2.0,,Alexander Albon,,0 days 00:00:24.273000,0 days 00:00:29.434000,0 days 00:00:42.121000,0 days 01:41:09.804000,0 days 01:41:39.238000,0 days 01:42:21.359000,113.0,278.0,288.0,306.0,False,HARD,17.0,True,Toro Rosso,0 days 01:40:45.507000,,1,14.0,False,,False,True,26.3,39.8,966.7,False,53.9,109,1.3,True,False,False,False,False,False,1 L,+9.445,,9.445,6141.335,95.828,,,24.273,29.434,42.121,6069.804,6099.238,6141.359,6045.507
2019,French Grand Prix,8,France,Le Castellet,0 days 01:43:58.234000,ALB,23,0 days 00:01:36.899000,43.0,2.0,,Alexander Albon,,0 days 00:00:24.274000,0 days 00:00:30.313000,0 days 00:00:42.312000,0 days 01:42:45.633000,0 days 01:43:15.946000,0 days 01:43:58.258000,113.0,281.0,291.0,260.0,False,HARD,18.0,True,Toro Rosso,0 days 01:42:21.335000,,1,14.0,False,,False,True,26.5,39.9,966.6,False,54.5,83,2.5,True,False,False,False,False,False,1 L,+11.431,,11.431,6238.234,96.899,,,24.274,30.313,42.312,6165.633,6195.946,6238.258,6141.335
2019,French Grand Prix,8,France,Le Castellet,0 days 01:45:34.524000,ALB,23,0 days 00:01:36.290000,44.0,2.0,,Alexander Albon,,0 days 00:00:24.167000,0 days 00:00:29.717000,0 days 00:00:42.406000,0 days 01:44:22.425000,0 days 01:44:52.142000,0 days 01:45:34.548000,113.0,279.0,289.0,312.0,False,HARD,19.0,True,Toro Rosso,0 days 01:43:58.234000,,1,14.0,False,,False,True,26.4,40.1,966.7,False,54.5,94,1.5,True,False,False,False,False,False,1 L,+12.795,,12.795,6334.524,96.29,,,24.167,29.717,42.406,6262.425,6292.142,6334.548,6238.234
2019,French Grand Prix,8,France,Le Castellet,0 days 01:47:09.975000,ALB,23,0 days 00:01:35.451000,45.0,2.0,,Alexander Albon,,0 days 00:00:23.968000,0 days 00:00:29.451000,0 days 00:00:42.032000,0 days 01:45:58.516000,0 days 01:46:27.967000,0 days 01:47:09.999000,114.0,279.0,301.0,303.0,True,HARD,20.0,True,Toro Rosso,0 days 01:45:34.524000,,1,14.0,False,,False,True,27.0,39.0,966.8,False,55.1,182,1.1,True,False,False,False,False,False,1 L,+10.776,,10.776,6429.975,95.451,,,23.968,29.451,42.032,6358.516,6387.967,6429.999,6334.524
2019,French Grand Prix,8,France,Le Castellet,0 days 01:48:45.111000,ALB,23,0 days 00:01:35.136000,46.0,2.0,,Alexander Albon,,0 days 00:00:23.742000,0 days 00:00:29.408000,0 days 00:00:41.986000,0 days 01:47:33.741000,0 days 01:48:03.149000,0 days 01:48:45.135000,113.0,278.0,287.0,305.0,True,HARD,21.0,True,Toro Rosso,0 days 01:47:09.975000,,1,14.0,False,,False,True,27.1,37.8,966.6,False,55.2,128,1.6,True,False,False,False,False,False,1 L,+9.893,,9.893,6525.111,95.136,,,23.742,29.408,41.986,6453.741,6483.149,6525.135,6429.975
2019,French Grand Prix,8,France,Le Castellet,0 days 01:50:23.627000,ALB,23,0 days 00:01:38.516000,47.0,2.0,,Alexander Albon,,0 days 00:00:23.968000,0 days 00:00:30.428000,0 days 00:00:44.120000,0 days 01:49:09.103000,0 days 01:49:39.531000,0 days 01:50:23.651000,111.0,277.0,303.0,307.0,False,HARD,22.0,True,Toro Rosso,0 days 01:48:45.111000,,1,15.0,False,,False,True,27.0,37.6,966.7,False,54.3,29,1.2,True,False,False,False,False,False,1 L,+2.189,,2.189,6623.627,98.516,,,23.968,30.428,44.12,6549.103,6579.531,6623.651,6525.111
2019,French Grand Prix,8,France,Le Castellet,0 days 01:51:59.397000,ALB,23,0 days 00:01:35.770000,48.0,2.0,,Alexander Albon,,0 days 00:00:24.113000,0 days 00:00:29.208000,0 days 00:00:42.449000,0 days 01:50:47.764000,0 days 01:51:16.972000,0 days 01:51:59.421000,111.0,282.0,306.0,324.0,False,HARD,23.0,True,Toro Rosso,0 days 01:50:23.627000,,12,15.0,False,,False,True,27.0,37.3,966.6,False,54.0,102,1.4,True,True,False,False,False,False,1 L,+0.684,,0.684,6719.397,95.77,,,24.113,29.208,42.449,6647.764,6676.972,6719.421,6623.627
2019,French Grand Prix,8,France,Le Castellet,0 days 01:53:47.279000,ALB,23,0 days 00:01:47.882000,49.0,2.0,,Alexander Albon,,0 days 00:00:24.335000,0 days 00:00:29.297000,0 days 00:00:54.250000,0 days 01:52:23.756000,0 days 01:52:53.053000,0 days 01:53:47.303000,107.0,281.0,290.0,337.0,False,HARD,24.0,True,Toro Rosso,0 days 01:51:59.397000,,1267,15.0,False,,False,False,26.8,37.7,966.7,False,55.0,86,1.8,True,True,False,False,True,True,1 L,+1.485,,1.485,6827.279,107.882,,,24.335,29.297,54.25,6743.756,6773.053,6827.303,6719.397
2019,French Grand Prix,8,France,Le Castellet,0 days 01:55:24.138000,ALB,23,0 days 00:01:36.859000,50.0,2.0,,Alexander Albon,,0 days 00:00:25.768000,0 days 00:00:29.251000,0 days 00:00:41.840000,0 days 01:54:13.071000,0 days 01:54:42.322000,0 days 01:55:24.162000,113.0,281.0,288.0,329.0,False,HARD,25.0,True,Toro Rosso,0 days 01:53:47.279000,,1,15.0,False,,False,True,26.7,38.6,966.7,False,54.5,158,1.4,True,False,False,False,False,False,1 L,+2.711,,2.711,6924.138,96.859,,,25.768,29.251,41.84,6853.071,6882.322,6924.162,6827.279
2019,French Grand Prix,8,France,Le Castellet,0 days 01:56:59.167000,ALB,23,0 days 00:01:35.029000,51.0,2.0,,Alexander Albon,,0 days 00:00:23.824000,0 days 00:00:29.437000,0 days 00:00:41.768000,0 days 01:55:47.986000,0 days 01:56:17.423000,0 days 01:56:59.191000,115.0,279.0,289.0,308.0,True,HARD,26.0,True,Toro Rosso,0 days 01:55:24.138000,,1,15.0,False,,False,True,27.1,37.0,966.7,False,54.1,120,1.9,True,False,False,False,False,False,1 L,+2.504,,2.504,7019.167,95.029,,,23.824,29.437,41.768,6947.986,6977.423,7019.191,6924.138
2019,French Grand Prix,8,France,Le Castellet,0 days 01:58:34.658000,ALB,23,0 days 00:01:35.491000,52.0,2.0,,Alexander Albon,,0 days 00:00:24.024000,0 days 00:00:29.374000,0 days 00:00:42.093000,0 days 01:57:23.215000,0 days 01:57:52.589000,0 days 01:58:34.682000,112.0,278.0,290.0,299.0,False,HARD,27.0,True,Toro Rosso,0 days 01:56:59.167000,,1,15.0,False,,False,True,26.9,37.0,966.7,False,53.3,18,2.3,True,False,False,False,False,False,1 L,+2.356,,2.356,7114.658,95.491,,,24.024,29.374,42.093,7043.215,7072.589,7114.682,7019.167
2019,French Grand Prix,8,France,Le Castellet,0 days 00:35:21.826000,KVY,26,0 days 00:01:56.674000,1.0,1.0,,Daniil Kvyat,,,0 days 00:00:33.011000,0 days 00:00:46.293000,,0 days 00:34:35.688000,0 days 00:35:22.110000,93.0,283.0,290.0,272.0,False,HARD,1.0,True,Toro Rosso,0 days 00:33:25.039000,,1,20.0,False,,False,False,26.4,41.4,966.7,False,55.9,120,1.8,True,False,False,False,False,False,+14.725,+0.616,14.725,0.616,2121.826,116.674,,,,33.011,46.293,,2075.688,2122.11,2005.039
2019,French Grand Prix,8,France,Le Castellet,0 days 00:37:03.128000,KVY,26,0 days 00:01:41.302000,2.0,1.0,,Daniil Kvyat,,0 days 00:00:26.017000,0 days 00:00:30.636000,0 days 00:00:44.649000,0 days 00:35:47.848000,0 days 00:36:18.484000,0 days 00:37:03.133000,110.0,280.0,293.0,315.0,True,HARD,2.0,True,Toro Rosso,0 days 00:35:21.826000,,1,20.0,False,,False,True,26.3,41.8,966.8,False,56.1,57,1.2,True,False,False,False,False,False,+18.614,+0.444,18.614,0.444,2223.128,101.302,,,26.017,30.636,44.649,2147.848,2178.484,2223.133,2121.826
2019,French Grand Prix,8,France,Le Castellet,0 days 00:38:43.490000,KVY,26,0 days 00:01:40.362000,3.0,1.0,,Daniil Kvyat,,0 days 00:00:25.949000,0 days 00:00:30.019000,0 days 00:00:44.394000,0 days 00:37:29.082000,0 days 00:37:59.101000,0 days 00:38:43.495000,113.0,281.0,304.0,315.0,True,HARD,3.0,True,Toro Rosso,0 days 00:37:03.128000,,1,19.0,False,,False,True,26.3,41.8,966.7,False,57.0,77,2.1,True,False,False,False,False,False,+22.310,+0.411,22.31,0.411,2323.49,100.362,,,25.949,30.019,44.394,2249.082,2279.101,2323.495,2223.128
2019,French Grand Prix,8,France,Le Castellet,0 days 00:40:21.777000,KVY,26,0 days 00:01:38.287000,4.0,1.0,,Daniil Kvyat,,0 days 00:00:24.874000,0 days 00:00:29.747000,0 days 00:00:43.666000,0 days 00:39:08.369000,0 days 00:39:38.116000,0 days 00:40:21.782000,109.0,276.0,287.0,308.0,True,HARD,4.0,True,Toro Rosso,0 days 00:38:43.490000,,1,18.0,False,,False,True,26.7,40.4,966.8,False,56.6,83,1.1,True,False,False,False,False,False,+24.135,+1.924,24.135,1.924,2421.777,98.287,,,24.874,29.747,43.666,2348.369,2378.116,2421.782,2323.49
2019,French Grand Prix,8,France,Le Castellet,0 days 00:41:59.964000,KVY,26,0 days 00:01:38.187000,5.0,1.0,,Daniil Kvyat,,0 days 00:00:24.798000,0 days 00:00:29.908000,0 days 00:00:43.481000,0 days 00:40:46.580000,0 days 00:41:16.488000,0 days 00:41:59.969000,110.0,276.0,288.0,303.0,True,HARD,5.0,True,Toro Rosso,0 days 00:40:21.777000,,1,18.0,False,,False,True,26.9,40.6,966.6,False,56.3,26,1.4,True,False,False,False,False,False,+26.314,+1.585,26.314,1.585,2519.964,98.187,,,24.798,29.908,43.481,2446.58,2476.488,2519.969,2421.777
2019,French Grand Prix,8,France,Le Castellet,0 days 00:43:38.266000,KVY,26,0 days 00:01:38.302000,6.0,1.0,,Daniil Kvyat,,0 days 00:00:24.957000,0 days 00:00:29.883000,0 days 00:00:43.462000,0 days 00:42:24.926000,0 days 00:42:54.809000,0 days 00:43:38.271000,109.0,276.0,289.0,304.0,False,HARD,6.0,True,Toro Rosso,0 days 00:41:59.964000,,1,18.0,False,,False,True,26.7,41.4,966.7,False,56.4,48,2.1,True,False,False,False,False,False,+28.689,+1.364,28.689,1.364,2618.266,98.302,,,24.957,29.883,43.462,2544.926,2574.809,2618.271,2519.964
2019,French Grand Prix,8,France,Le Castellet,0 days 00:45:16.745000,KVY,26,0 days 00:01:38.479000,7.0,1.0,,Daniil Kvyat,,0 days 00:00:25.095000,0 days 00:00:29.799000,0 days 00:00:43.585000,0 days 00:44:03.366000,0 days 00:44:33.165000,0 days 00:45:16.750000,109.0,278.0,298.0,324.0,False,HARD,7.0,True,Toro Rosso,0 days 00:43:38.266000,,1,17.0,False,,False,True,27.0,41.1,966.7,False,56.6,176,1.4,True,False,False,False,False,False,+30.955,+0.962,30.955,0.962,2716.745,98.479,,,25.095,29.799,43.585,2643.366,2673.165,2716.75,2618.266
2019,French Grand Prix,8,France,Le Castellet,0 days 00:46:54.460000,KVY,26,0 days 00:01:37.715000,8.0,1.0,,Daniil Kvyat,,0 days 00:00:24.893000,0 days 00:00:29.405000,0 days 00:00:43.417000,0 days 00:45:41.643000,0 days 00:46:11.048000,0 days 00:46:54.465000,111.0,275.0,289.0,335.0,True,HARD,8.0,True,Toro Rosso,0 days 00:45:16.745000,,1,16.0,False,,False,True,27.3,40.3,966.7,False,56.8,184,1.1,True,False,False,False,False,False,+32.675,+1.680,32.675,1.68,2814.46,97.715,,,24.893,29.405,43.417,2741.643,2771.048,2814.465,2716.745
2019,French Grand Prix,8,France,Le Castellet,0 days 00:48:32.521000,KVY,26,0 days 00:01:38.061000,9.0,1.0,,Daniil Kvyat,,0 days 00:00:24.985000,0 days 00:00:29.701000,0 days 00:00:43.375000,0 days 00:47:19.450000,0 days 00:47:49.151000,0 days 00:48:32.526000,109.0,277.0,291.0,304.0,False,HARD,9.0,True,Toro Rosso,0 days 00:46:54.460000,,1,16.0,False,,False,True,27.8,39.0,966.7,False,57.2,164,0.9,True,False,False,False,False,False,+34.972,+1.276,34.972,1.276,2912.521,98.061,,,24.985,29.701,43.375,2839.45,2869.151,2912.526,2814.46
2019,French Grand Prix,8,France,Le Castellet,0 days 00:50:10.667000,KVY,26,0 days 00:01:38.146000,10.0,1.0,,Daniil Kvyat,,0 days 00:00:24.952000,0 days 00:00:29.653000,0 days 00:00:43.541000,0 days 00:48:57.478000,0 days 00:49:27.131000,0 days 00:50:10.672000,112.0,279.0,302.0,307.0,False,HARD,10.0,True,Toro Rosso,0 days 00:48:32.521000,,1,16.0,False,,False,True,27.7,37.9,966.7,False,55.4,132,1.8,True,False,False,False,False,False,+37.515,+0.885,37.515,0.885,3010.667,98.146,,,24.952,29.653,43.541,2937.478,2967.131,3010.672,2912.521
2019,French Grand Prix,8,France,Le Castellet,0 days 00:51:49.025000,KVY,26,0 days 00:01:38.358000,11.0,1.0,,Daniil Kvyat,,0 days 00:00:25.044000,0 days 00:00:29.549000,0 days 00:00:43.765000,0 days 00:50:35.716000,0 days 00:51:05.265000,0 days 00:51:49.030000,111.0,279.0,303.0,333.0,False,HARD,11.0,True,Toro Rosso,0 days 00:50:10.667000,,1,16.0,False,,False,True,27.6,38.4,966.6,False,55.4,103,1.6,True,False,False,False,False,False,+40.374,+0.672,40.374,0.672,3109.025,98.358,,,25.044,29.549,43.765,3035.716,3065.265,3109.03,3010.667
2019,French Grand Prix,8,France,Le Castellet,0 days 00:53:27.528000,KVY,26,0 days 00:01:38.503000,12.0,1.0,,Daniil Kvyat,,0 days 00:00:24.987000,0 days 00:00:29.633000,0 days 00:00:43.883000,0 days 00:52:14.017000,0 days 00:52:43.650000,0 days 00:53:27.533000,111.0,277.0,303.0,332.0,False,HARD,12.0,True,Toro Rosso,0 days 00:51:49.025000,,1,16.0,False,,False,True,27.3,38.8,966.6,False,55.6,87,2.1,True,False,False,False,False,False,+43.403,+0.800,43.403,0.8,3207.528,98.503,,,24.987,29.633,43.883,3134.017,3163.65,3207.533,3109.025
2019,French Grand Prix,8,France,Le Castellet,0 days 00:55:06.362000,KVY,26,0 days 00:01:38.834000,13.0,1.0,,Daniil Kvyat,,0 days 00:00:25.089000,0 days 00:00:29.500000,0 days 00:00:44.245000,0 days 00:53:52.622000,0 days 00:54:22.122000,0 days 00:55:06.367000,110.0,281.0,302.0,329.0,False,HARD,13.0,True,Toro Rosso,0 days 00:53:27.528000,,1,16.0,False,,False,True,27.1,38.7,966.6,False,54.4,161,1.5,True,False,False,False,False,False,+46.919,+0.740,46.919,0.74,3306.362,98.834,,,25.089,29.5,44.245,3232.622,3262.122,3306.367,3207.528
2019,French Grand Prix,8,France,Le Castellet,0 days 00:56:45.025000,KVY,26,0 days 00:01:38.663000,14.0,1.0,,Daniil Kvyat,,0 days 00:00:25.210000,0 days 00:00:29.402000,0 days 00:00:44.051000,0 days 00:55:31.577000,0 days 00:56:00.979000,0 days 00:56:45.030000,111.0,286.0,303.0,331.0,False,HARD,14.0,True,Toro Rosso,0 days 00:55:06.362000,,1,16.0,False,,False,True,27.4,38.3,966.6,False,55.1,116,0.9,True,False,False,False,False,False,+50.764,+0.631,50.764,0.631,3405.025,98.663,,,25.21,29.402,44.051,3331.577,3360.979,3405.03,3306.362
2019,French Grand Prix,8,France,Le Castellet,0 days 00:58:23.493000,KVY,26,0 days 00:01:38.468000,15.0,1.0,,Daniil Kvyat,,0 days 00:00:25.063000,0 days 00:00:29.959000,0 days 00:00:43.446000,0 days 00:57:10.093000,0 days 00:57:40.052000,0 days 00:58:23.498000,114.0,284.0,287.0,339.0,False,HARD,15.0,True,Toro Rosso,0 days 00:56:45.025000,,1,15.0,False,,False,True,27.6,37.8,966.5,False,55.1,119,2.3,True,False,False,False,False,False,+54.286,+2.345,54.286,2.345,3503.493,98.468,,,25.063,29.959,43.446,3430.093,3460.052,3503.498,3405.025
2019,French Grand Prix,8,France,Le Castellet,0 days 01:00:01.448000,KVY,26,0 days 00:01:37.955000,16.0,1.0,,Daniil Kvyat,,0 days 00:00:24.730000,0 days 00:00:29.852000,0 days 00:00:43.373000,0 days 00:58:48.228000,0 days 00:59:18.080000,0 days 01:00:01.453000,109.0,275.0,284.0,298.0,False,HARD,16.0,True,Toro Rosso,0 days 00:58:23.493000,,1,14.0,False,,False,True,27.1,38.9,966.5,False,54.7,151,1.4,True,False,False,False,False,False,+57.197,+2.767,57.197,2.767,3601.448,97.955,,,24.73,29.852,43.373,3528.228,3558.08,3601.453,3503.493
2019,French Grand Prix,8,France,Le Castellet,0 days 01:01:39.092000,KVY,26,0 days 00:01:37.644000,17.0,1.0,,Daniil Kvyat,,0 days 00:00:24.758000,0 days 00:00:29.808000,0 days 00:00:43.078000,0 days 01:00:26.211000,0 days 01:00:56.019000,0 days 01:01:39.097000,109.0,276.0,286.0,296.0,True,HARD,17.0,True,Toro Rosso,0 days 01:00:01.448000,,1,13.0,False,,False,True,27.4,38.4,966.6,False,55.4,107,1.1,True,False,False,False,False,False,+59.490,+2.727,59.49,2.727,3699.092,97.644,,,24.758,29.808,43.078,3626.211,3656.019,3699.097,3601.448
2019,French Grand Prix,8,France,Le Castellet,0 days 01:03:16.789000,KVY,26,0 days 00:01:37.697000,18.0,1.0,,Daniil Kvyat,,0 days 00:00:24.878000,0 days 00:00:29.686000,0 days 00:00:43.133000,0 days 01:02:03.975000,0 days 01:02:33.661000,0 days 01:03:16.794000,111.0,276.0,287.0,299.0,False,HARD,18.0,True,Toro Rosso,0 days 01:01:39.092000,,1,12.0,False,,False,True,27.7,37.1,966.6,False,56.0,59,1.5,True,False,False,False,False,False,+62.178,+3.124,62.178,3.124,3796.789,97.697,,,24.878,29.686,43.133,3723.975,3753.661,3796.794,3699.092
2019,French Grand Prix,8,France,Le Castellet,0 days 01:04:54.375000,KVY,26,0 days 00:01:37.586000,19.0,1.0,,Daniil Kvyat,,0 days 00:00:24.801000,0 days 00:00:29.727000,0 days 00:00:43.058000,0 days 01:03:41.595000,0 days 01:04:11.322000,0 days 01:04:54.380000,113.0,276.0,286.0,296.0,True,HARD,19.0,True,Toro Rosso,0 days 01:03:16.789000,,1,11.0,False,,False,True,27.3,38.2,966.6,False,54.1,26,1.1,True,False,False,False,False,False,+64.741,+3.641,64.741,3.641,3894.375,97.586,,,24.801,29.727,43.058,3821.595,3851.322,3894.38,3796.789
2019,French Grand Prix,8,France,Le Castellet,0 days 01:06:33.172000,KVY,26,0 days 00:01:38.797000,20.0,1.0,,Daniil Kvyat,,0 days 00:00:25.055000,0 days 00:00:29.897000,0 days 00:00:43.845000,0 days 01:05:19.435000,0 days 01:05:49.332000,0 days 01:06:33.177000,112.0,285.0,299.0,302.0,False,HARD,20.0,True,Toro Rosso,0 days 01:04:54.375000,,1,12.0,False,,False,True,27.5,37.8,966.6,False,56.1,106,1.2,True,False,False,False,False,False,+68.763,+0.920,68.763,0.92,3993.172,98.797,,,25.055,29.897,43.845,3919.435,3949.332,3993.177,3894.375
2019,French Grand Prix,8,France,Le Castellet,0 days 01:08:10.754000,KVY,26,0 days 00:01:37.582000,21.0,1.0,,Daniil Kvyat,,0 days 00:00:24.787000,0 days 00:00:29.415000,0 days 00:00:43.380000,0 days 01:06:57.964000,0 days 01:07:27.379000,0 days 01:08:10.759000,110.0,278.0,288.0,324.0,True,HARD,21.0,True,Toro Rosso,0 days 01:06:33.172000,,1,12.0,False,,False,True,27.8,36.8,966.6,False,56.0,80,2.2,True,False,False,False,False,False,+70.385,+1.566,70.385,1.566,4090.754,97.582,,,24.787,29.415,43.38,4017.964,4047.379,4090.759,3993.172
2019,French Grand Prix,8,France,Le Castellet,0 days 01:09:47.744000,KVY,26,0 days 00:01:36.990000,22.0,1.0,,Daniil Kvyat,,0 days 00:00:24.555000,0 days 00:00:29.582000,0 days 00:00:42.853000,0 days 01:08:35.314000,0 days 01:09:04.896000,0 days 01:09:47.749000,113.0,277.0,287.0,302.0,True,HARD,22.0,True,Toro Rosso,0 days 01:08:10.754000,,12,12.0,False,,False,True,27.8,36.7,966.6,False,56.0,93,2.0,True,True,False,False,False,False,+72.568,+1.411,72.568,1.411,4187.744,96.99,,,24.555,29.582,42.853,4115.314,4144.896,4187.749,4090.754
2019,French Grand Prix,8,France,Le Castellet,0 days 01:11:24.741000,KVY,26,0 days 00:01:36.997000,23.0,1.0,,Daniil Kvyat,,0 days 00:00:24.563000,0 days 00:00:29.510000,0 days 00:00:42.924000,0 days 01:10:12.312000,0 days 01:10:41.822000,0 days 01:11:24.746000,112.0,278.0,287.0,301.0,False,HARD,23.0,True,Toro Rosso,0 days 01:09:47.744000,,1,12.0,False,,False,True,27.5,37.2,966.5,False,56.3,108,3.3,True,False,False,False,False,False,+74.892,+1.430,74.892,1.43,4284.741,96.997,,,24.563,29.51,42.924,4212.312,4241.822,4284.746,4187.744
2019,French Grand Prix,8,France,Le Castellet,0 days 01:13:01.754000,KVY,26,0 days 00:01:37.013000,24.0,1.0,,Daniil Kvyat,,0 days 00:00:24.602000,0 days 00:00:29.617000,0 days 00:00:42.794000,0 days 01:11:49.348000,0 days 01:12:18.965000,0 days 01:13:01.759000,113.0,278.0,287.0,300.0,False,HARD,24.0,True,Toro Rosso,0 days 01:11:24.741000,,1,12.0,False,,False,True,27.2,37.4,966.6,False,55.2,114,3.2,True,False,False,False,False,False,+76.857,+1.562,76.857,1.562,4381.754,97.013,,,24.602,29.617,42.794,4309.348,4338.965,4381.759,4284.741
2019,French Grand Prix,8,France,Le Castellet,0 days 01:14:38.786000,KVY,26,0 days 00:01:37.032000,25.0,1.0,,Daniil Kvyat,,0 days 00:00:24.699000,0 days 00:00:29.563000,0 days 00:00:42.770000,0 days 01:13:26.458000,0 days 01:13:56.021000,0 days 01:14:38.791000,112.0,277.0,288.0,303.0,False,HARD,25.0,True,Toro Rosso,0 days 01:13:01.754000,,1,11.0,False,,False,True,26.9,38.1,966.5,False,54.9,102,3.7,True,False,False,False,False,False,+54.899,+1.892,54.899,1.892,4478.786,97.032,,,24.699,29.563,42.77,4406.458,4436.021,4478.791,4381.754
2019,French Grand Prix,8,France,Le Castellet,0 days 01:16:15.466000,KVY,26,0 days 00:01:36.680000,26.0,1.0,,Daniil Kvyat,,0 days 00:00:24.584000,0 days 00:00:29.386000,0 days 00:00:42.710000,0 days 01:15:03.375000,0 days 01:15:32.761000,0 days 01:16:15.471000,111.0,279.0,288.0,303.0,True,HARD,26.0,True,Toro Rosso,0 days 01:14:38.786000,,1,11.0,False,,False,True,26.6,39.0,966.6,False,54.1,12,1.6,True,False,False,False,False,False,+56.990,+1.957,56.99,1.957,4575.466,96.68,,,24.584,29.386,42.71,4503.375,4532.761,4575.471,4478.786
2019,French Grand Prix,8,France,Le Castellet,0 days 01:17:52.293000,KVY,26,0 days 00:01:36.827000,27.0,1.0,,Daniil Kvyat,,0 days 00:00:24.676000,0 days 00:00:29.561000,0 days 00:00:42.590000,0 days 01:16:40.147000,0 days 01:17:09.708000,0 days 01:17:52.298000,111.0,277.0,288.0,302.0,False,HARD,27.0,True,Toro Rosso,0 days 01:16:15.466000,,1,11.0,False,,False,True,27.0,37.6,966.5,False,54.0,74,1.4,True,False,False,False,False,False,+59.301,+1.967,59.301,1.967,4672.293,96.827,,,24.676,29.561,42.59,4600.147,4629.708,4672.298,4575.466
2019,French Grand Prix,8,France,Le Castellet,0 days 01:19:29.047000,KVY,26,0 days 00:01:36.754000,28.0,1.0,,Daniil Kvyat,,0 days 00:00:24.432000,0 days 00:00:29.654000,0 days 00:00:42.668000,0 days 01:18:16.730000,0 days 01:18:46.384000,0 days 01:19:29.052000,114.0,277.0,288.0,300.0,False,HARD,28.0,True,Toro Rosso,0 days 01:17:52.293000,,1,11.0,False,,False,True,27.1,37.4,966.6,False,52.0,115,2.2,True,False,False,False,False,False,+61.730,+2.278,61.73,2.278,4769.047,96.754,,,24.432,29.654,42.668,4696.73,4726.384,4769.052,4672.293
2019,French Grand Prix,8,France,Le Castellet,0 days 01:21:05.647000,KVY,26,0 days 00:01:36.600000,29.0,1.0,,Daniil Kvyat,,0 days 00:00:24.347000,0 days 00:00:29.617000,0 days 00:00:42.636000,0 days 01:19:53.399000,0 days 01:20:23.016000,0 days 01:21:05.652000,113.0,277.0,288.0,300.0,True,HARD,29.0,True,Toro Rosso,0 days 01:19:29.047000,,1,11.0,False,,False,True,27.2,37.1,966.6,False,52.0,124,1.5,True,False,False,False,False,False,+63.782,+2.328,63.782,2.328,4865.647,96.6,,,24.347,29.617,42.636,4793.399,4823.016,4865.652,4769.047
2019,French Grand Prix,8,France,Le Castellet,0 days 01:22:42.708000,KVY,26,0 days 00:01:37.061000,30.0,1.0,,Daniil Kvyat,,0 days 00:00:24.739000,0 days 00:00:29.658000,0 days 00:00:42.664000,0 days 01:21:30.391000,0 days 01:22:00.049000,0 days 01:22:42.713000,110.0,277.0,288.0,301.0,False,HARD,30.0,True,Toro Rosso,0 days 01:21:05.647000,,1,11.0,False,,False,True,27.3,36.7,966.7,False,52.6,104,2.4,True,False,False,False,False,False,+66.813,+2.855,66.813,2.855,4962.708,97.061,,,24.739,29.658,42.664,4890.391,4920.049,4962.713,4865.647
2019,French Grand Prix,8,France,Le Castellet,0 days 01:24:20.393000,KVY,26,0 days 00:01:37.685000,31.0,1.0,,Daniil Kvyat,,0 days 00:00:24.690000,0 days 00:00:29.988000,0 days 00:00:43.007000,0 days 01:23:07.403000,0 days 01:23:37.391000,0 days 01:24:20.398000,103.0,276.0,287.0,299.0,False,HARD,31.0,True,Toro Rosso,0 days 01:22:42.708000,,1,10.0,False,,False,True,27.2,37.2,966.6,False,53.8,58,1.7,True,False,False,False,False,False,+70.470,+4.013,70.47,4.013,5060.393,97.685,,,24.69,29.988,43.007,4987.403,5017.391,5060.398,4962.708
2019,French Grand Prix,8,France,Le Castellet,0 days 01:26:18.940000,KVY,26,0 days 00:01:58.547000,32.0,1.0,,Daniil Kvyat,0 days 01:25:49.514000,0 days 00:00:24.725000,0 days 00:00:30.506000,0 days 00:01:03.316000,0 days 01:24:45.123000,0 days 01:25:15.629000,0 days 01:26:18.945000,109.0,282.0,,300.0,False,HARD,32.0,True,Toro Rosso,0 days 01:24:20.393000,,1,16.0,False,,False,False,27.5,36.5,966.7,False,55.5,25,1.2,True,False,False,False,False,False,+74.226,+0.924,74.226,0.924,5178.94,118.547,5149.514,,24.725,30.506,63.316,5085.123,5115.629,5178.945,5060.393
2019,French Grand Prix,8,France,Le Castellet,0 days 01:28:00.033000,KVY,26,0 days 00:01:41.093000,33.0,2.0,0 days 01:26:19.738000,Daniil Kvyat,,0 days 00:00:28.549000,0 days 00:00:29.814000,0 days 00:00:42.730000,0 days 01:26:47.494000,0 days 01:27:17.308000,0 days 01:28:00.038000,113.0,277.0,286.0,295.0,False,MEDIUM,1.0,True,Toro Rosso,0 days 01:26:18.940000,,1,16.0,False,,False,False,27.5,36.6,966.7,False,55.5,76,1.4,True,False,False,False,False,False,1 L,+3.262,,3.262,5280.033,101.093,,5179.738,28.549,29.814,42.73,5207.494,5237.308,5280.038,5178.94
2019,French Grand Prix,8,France,Le Castellet,0 days 01:29:36.095000,KVY,26,0 days 00:01:36.062000,34.0,2.0,,Daniil Kvyat,,0 days 00:00:24.362000,0 days 00:00:29.414000,0 days 00:00:42.286000,0 days 01:28:24.400000,0 days 01:28:53.814000,0 days 01:29:36.100000,117.0,278.0,286.0,298.0,True,MEDIUM,2.0,True,Toro Rosso,0 days 01:28:00.033000,,1,15.0,False,,False,True,27.6,36.6,966.7,False,56.2,15,1.7,True,False,False,False,False,False,1 L,+3.098,,3.098,5376.095,96.062,,,24.362,29.414,42.286,5304.4,5333.814,5376.1,5280.033
2019,French Grand Prix,8,France,Le Castellet,0 days 01:31:11.990000,KVY,26,0 days 00:01:35.895000,35.0,2.0,,Daniil Kvyat,,0 days 00:00:24.254000,0 days 00:00:29.436000,0 days 00:00:42.205000,0 days 01:30:00.354000,0 days 01:30:29.790000,0 days 01:31:11.995000,116.0,278.0,287.0,299.0,True,MEDIUM,3.0,True,Toro Rosso,0 days 01:29:36.095000,,12,15.0,False,,False,True,27.6,36.7,966.8,False,54.7,96,1.3,True,True,False,False,False,False,1 L,+4.260,,4.26,5471.99,95.895,,,24.254,29.436,42.205,5400.354,5429.79,5471.995,5376.095
2019,French Grand Prix,8,France,Le Castellet,0 days 01:32:47.802000,KVY,26,0 days 00:01:35.812000,36.0,2.0,,Daniil Kvyat,,0 days 00:00:24.156000,0 days 00:00:29.362000,0 days 00:00:42.294000,0 days 01:31:36.151000,0 days 01:32:05.513000,0 days 01:32:47.807000,114.0,277.0,287.0,301.0,True,MEDIUM,4.0,True,Toro Rosso,0 days 01:31:11.990000,,1,15.0,False,,False,True,27.7,36.9,966.7,False,54.1,102,1.4,True,False,False,False,False,False,1 L,+3.799,,3.799,5567.802,95.812,,,24.156,29.362,42.294,5496.151,5525.513,5567.807,5471.99
2019,French Grand Prix,8,France,Le Castellet,0 days 01:34:25.008000,KVY,26,0 days 00:01:37.206000,37.0,2.0,,Daniil Kvyat,,0 days 00:00:26.017000,0 days 00:00:29.086000,0 days 00:00:42.103000,0 days 01:33:13.824000,0 days 01:33:42.910000,0 days 01:34:25.013000,113.0,279.0,291.0,325.0,False,MEDIUM,5.0,True,Toro Rosso,0 days 01:32:47.802000,,1,15.0,False,,False,True,27.4,37.2,966.7,False,51.6,79,1.2,True,False,False,False,False,False,1 L,+4.999,,4.999,5665.008,97.206,,,26.017,29.086,42.103,5593.824,5622.91,5665.013,5567.802
2019,French Grand Prix,8,France,Le Castellet,0 days 01:36:00.537000,KVY,26,0 days 00:01:35.529000,38.0,2.0,,Daniil Kvyat,,0 days 00:00:24.240000,0 days 00:00:29.260000,0 days 00:00:42.029000,0 days 01:34:49.253000,0 days 01:35:18.513000,0 days 01:36:00.542000,115.0,278.0,289.0,302.0,True,MEDIUM,6.0,True,Toro Rosso,0 days 01:34:25.008000,,1,15.0,False,,False,True,26.9,38.2,966.8,False,53.9,196,1.4,True,False,False,False,False,False,1 L,+4.265,,4.265,5760.537,95.529,,,24.24,29.26,42.029,5689.253,5718.513,5760.542,5665.008
2019,French Grand Prix,8,France,Le Castellet,0 days 01:37:35.796000,KVY,26,0 days 00:01:35.259000,39.0,2.0,,Daniil Kvyat,,0 days 00:00:24.113000,0 days 00:00:29.235000,0 days 00:00:41.911000,0 days 01:36:24.655000,0 days 01:36:53.890000,0 days 01:37:35.801000,115.0,278.0,289.0,301.0,True,MEDIUM,7.0,True,Toro Rosso,0 days 01:36:00.537000,,1,15.0,False,,False,True,26.8,38.9,966.6,False,53.1,84,1.8,True,False,False,False,False,False,1 L,+1.719,,1.719,5855.796,95.259,,,24.113,29.235,41.911,5784.655,5813.89,5855.801,5760.537
2019,French Grand Prix,8,France,Le Castellet,0 days 01:39:11.052000,KVY,26,0 days 00:01:35.256000,40.0,2.0,,Daniil Kvyat,,0 days 00:00:24.029000,0 days 00:00:29.160000,0 days 00:00:42.067000,0 days 01:37:59.830000,0 days 01:38:28.990000,0 days 01:39:11.057000,117.0,279.0,290.0,304.0,True,MEDIUM,8.0,True,Toro Rosso,0 days 01:37:35.796000,,1,15.0,False,,False,True,26.9,38.6,966.7,False,52.6,73,1.1,True,False,False,False,False,False,1 L,+1.304,,1.304,5951.052,95.256,,,24.029,29.16,42.067,5879.83,5908.99,5951.057,5855.796
2019,French Grand Prix,8,France,Le Castellet,0 days 01:40:46.455000,KVY,26,0 days 00:01:35.403000,41.0,2.0,,Daniil Kvyat,,0 days 00:00:24.054000,0 days 00:00:29.178000,0 days 00:00:42.171000,0 days 01:39:35.111000,0 days 01:40:04.289000,0 days 01:40:46.460000,113.0,280.0,292.0,308.0,False,MEDIUM,9.0,True,Toro Rosso,0 days 01:39:11.052000,,1,15.0,False,,False,True,26.8,39.0,966.7,False,53.8,38,1.4,True,False,False,False,False,False,1 L,+1.002,,1.002,6046.455,95.403,,,24.054,29.178,42.171,5975.111,6004.289,6046.46,5951.052
2019,French Grand Prix,8,France,Le Castellet,0 days 01:42:23.753000,KVY,26,0 days 00:01:37.298000,42.0,2.0,,Daniil Kvyat,,0 days 00:00:24.205000,0 days 00:00:29.331000,0 days 00:00:43.762000,0 days 01:41:10.665000,0 days 01:41:39.996000,0 days 01:42:23.758000,111.0,279.0,291.0,338.0,False,MEDIUM,10.0,True,Toro Rosso,0 days 01:40:46.455000,,1,15.0,False,,False,True,26.3,39.8,966.7,False,53.9,109,1.3,True,False,False,False,False,False,1 L,+2.454,,2.454,6143.753,97.298,,,24.205,29.331,43.762,6070.665,6099.996,6143.758,6046.455
2019,French Grand Prix,8,France,Le Castellet,0 days 01:43:58.978000,KVY,26,0 days 00:01:35.225000,43.0,2.0,,Daniil Kvyat,,0 days 00:00:24.086000,0 days 00:00:29.166000,0 days 00:00:41.973000,0 days 01:42:47.844000,0 days 01:43:17.010000,0 days 01:43:58.983000,113.0,281.0,304.0,309.0,True,MEDIUM,11.0,True,Toro Rosso,0 days 01:42:23.753000,,1,15.0,False,,False,True,26.5,39.9,966.6,False,54.5,83,2.5,True,False,False,False,False,False,1 L,+0.882,,0.882,6238.978,95.225,,,24.086,29.166,41.973,6167.844,6197.01,6238.983,6143.753
2019,French Grand Prix,8,France,Le Castellet,0 days 01:45:35.322000,KVY,26,0 days 00:01:36.344000,44.0,2.0,,Daniil Kvyat,,0 days 00:00:24.156000,0 days 00:00:29.060000,0 days 00:00:43.128000,0 days 01:44:23.139000,0 days 01:44:52.199000,0 days 01:45:35.327000,114.0,289.0,303.0,339.0,False,MEDIUM,12.0,True,Toro Rosso,0 days 01:43:58.978000,,1,15.0,False,,False,True,26.4,40.1,966.7,False,54.5,94,1.5,True,False,False,False,False,False,1 L,+0.931,,0.931,6335.322,96.344,,,24.156,29.06,43.128,6263.139,6292.199,6335.327,6238.978
2019,French Grand Prix,8,France,Le Castellet,0 days 01:47:10.603000,KVY,26,0 days 00:01:35.281000,45.0,2.0,,Daniil Kvyat,,0 days 00:00:24.167000,0 days 00:00:28.842000,0 days 00:00:42.272000,0 days 01:45:59.494000,0 days 01:46:28.336000,0 days 01:47:10.608000,111.0,284.0,306.0,326.0,False,MEDIUM,13.0,True,Toro Rosso,0 days 01:45:35.322000,,1,15.0,False,,False,True,27.0,39.0,966.8,False,55.1,182,1.1,True,False,False,False,False,False,1 L,+0.702,,0.702,6430.603,95.281,,,24.167,28.842,42.272,6359.494,6388.336,6430.608,6335.322
2019,French Grand Prix,8,France,Le Castellet,0 days 01:48:45.836000,KVY,26,0 days 00:01:35.233000,46.0,2.0,,Daniil Kvyat,,0 days 00:00:24.047000,0 days 00:00:29.044000,0 days 00:00:42.142000,0 days 01:47:34.655000,0 days 01:48:03.699000,0 days 01:48:45.841000,107.0,282.0,302.0,322.0,False,MEDIUM,14.0,True,Toro Rosso,0 days 01:47:10.603000,,1,15.0,False,,False,True,27.1,37.8,966.6,False,55.2,128,1.6,True,False,False,False,False,False,1 L,+0.882,,0.882,6525.836,95.233,,,24.047,29.044,42.142,6454.655,6483.699,6525.841,6430.603
2019,French Grand Prix,8,France,Le Castellet,0 days 01:50:21.543000,KVY,26,0 days 00:01:35.707000,47.0,2.0,,Daniil Kvyat,,0 days 00:00:24.037000,0 days 00:00:29.588000,0 days 00:00:42.082000,0 days 01:49:09.878000,0 days 01:49:39.466000,0 days 01:50:21.548000,116.0,277.0,289.0,333.0,False,MEDIUM,15.0,True,Toro Rosso,0 days 01:48:45.836000,,1,14.0,False,,False,True,27.0,37.6,966.7,False,54.3,29,1.2,True,False,False,False,False,False,1 L,+10.475,,10.475,6621.543,95.707,,,24.037,29.588,42.082,6549.878,6579.466,6621.548,6525.836
2019,French Grand Prix,8,France,Le Castellet,0 days 01:51:58.722000,KVY,26,0 days 00:01:37.179000,48.0,2.0,,Daniil Kvyat,,0 days 00:00:23.991000,0 days 00:00:29.171000,0 days 00:00:44.017000,0 days 01:50:45.539000,0 days 01:51:14.710000,0 days 01:51:58.727000,113.0,280.0,304.0,297.0,False,MEDIUM,16.0,True,Toro Rosso,0 days 01:50:21.543000,,12,14.0,False,,False,True,27.0,37.3,966.6,False,54.0,102,1.4,True,True,False,False,False,False,1 L,+12.298,,12.298,6718.722,97.179,,,23.991,29.171,44.017,6645.539,6674.71,6718.727,6621.543
2019,French Grand Prix,8,France,Le Castellet,0 days 01:53:45.753000,KVY,26,0 days 00:01:47.031000,49.0,2.0,,Daniil Kvyat,,0 days 00:00:24.318000,0 days 00:00:29.310000,0 days 00:00:53.403000,0 days 01:52:23.045000,0 days 01:52:52.355000,0 days 01:53:45.758000,109.0,285.0,290.0,327.0,False,MEDIUM,17.0,True,Toro Rosso,0 days 01:51:58.722000,,1267,14.0,False,,False,False,26.8,37.7,966.7,False,55.0,86,1.8,True,True,False,False,True,True,1 L,+11.308,,11.308,6825.753,107.031,,,24.318,29.31,53.403,6743.045,6772.355,6825.758,6718.722
2019,French Grand Prix,8,France,Le Castellet,0 days 01:55:21.380000,KVY,26,0 days 00:01:35.627000,50.0,2.0,,Daniil Kvyat,,0 days 00:00:24.172000,0 days 00:00:29.258000,0 days 00:00:42.197000,0 days 01:54:09.930000,0 days 01:54:39.188000,0 days 01:55:21.385000,109.0,282.0,291.0,299.0,False,MEDIUM,18.0,True,Toro Rosso,0 days 01:53:45.753000,,1,14.0,False,,False,True,26.7,38.6,966.7,False,54.5,158,1.4,True,False,False,False,False,False,1 L,+11.754,,11.754,6921.38,95.627,,,24.172,29.258,42.197,6849.93,6879.188,6921.385,6825.753
2019,French Grand Prix,8,France,Le Castellet,0 days 01:56:56.609000,KVY,26,0 days 00:01:35.229000,51.0,2.0,,Daniil Kvyat,,0 days 00:00:23.921000,0 days 00:00:29.177000,0 days 00:00:42.131000,0 days 01:55:45.306000,0 days 01:56:14.483000,0 days 01:56:56.614000,114.0,283.0,292.0,299.0,False,MEDIUM,19.0,True,Toro Rosso,0 days 01:55:21.380000,,1,14.0,False,,False,True,27.1,37.0,966.7,False,54.1,120,1.9,True,False,False,False,False,False,1 L,+11.792,,11.792,7016.609,95.229,,,23.921,29.177,42.131,6945.306,6974.483,7016.614,6921.38
2019,French Grand Prix,8,France,Le Castellet,0 days 01:58:32.263000,KVY,26,0 days 00:01:35.654000,52.0,2.0,,Daniil Kvyat,,0 days 00:00:24.045000,0 days 00:00:29.078000,0 days 00:00:42.531000,0 days 01:57:20.659000,0 days 01:57:49.737000,0 days 01:58:32.268000,110.0,284.0,292.0,306.0,False,MEDIUM,20.0,True,Toro Rosso,0 days 01:56:56.609000,,1,14.0,False,,False,True,26.9,37.0,966.7,False,53.3,18,2.3,True,False,False,False,False,False,1 L,+12.228,,12.228,7112.263,95.654,,,24.045,29.078,42.531,7040.659,7069.737,7112.268,7016.609
2019,French Grand Prix,8,France,Le Castellet,0 days 00:35:16.190000,HUL,27,0 days 00:01:51.038000,1.0,1.0,,Nico Hulkenberg,,,0 days 00:00:31.744000,0 days 00:00:43.829000,,0 days 00:34:32.531000,0 days 00:35:16.473000,106.0,276.0,289.0,314.0,False,HARD,1.0,True,Renault,0 days 00:33:25.039000,,1,12.0,False,,False,False,26.4,41.4,966.7,False,55.9,120,1.8,True,False,False,False,False,False,+9.062,+0.624,9.062,0.624,2116.19,111.038,,,,31.744,43.829,,2072.531,2116.473,2005.039
2019,French Grand Prix,8,France,Le Castellet,0 days 00:36:56.315000,HUL,27,0 days 00:01:40.125000,2.0,1.0,,Nico Hulkenberg,,0 days 00:00:25.795000,0 days 00:00:30.280000,0 days 00:00:44.050000,0 days 00:35:42.043000,0 days 00:36:12.323000,0 days 00:36:56.373000,111.0,277.0,289.0,307.0,True,HARD,2.0,True,Renault,0 days 00:35:16.190000,,1,12.0,False,,False,True,26.4,41.4,966.7,False,56.1,93,1.8,True,False,False,False,False,False,+11.728,+0.828,11.728,0.828,2216.315,100.125,,,25.795,30.28,44.05,2142.043,2172.323,2216.373,2116.19
2019,French Grand Prix,8,France,Le Castellet,0 days 00:38:35.341000,HUL,27,0 days 00:01:39.026000,3.0,1.0,,Nico Hulkenberg,,0 days 00:00:25.588000,0 days 00:00:29.510000,0 days 00:00:43.928000,0 days 00:37:21.961000,0 days 00:37:51.471000,0 days 00:38:35.399000,110.0,277.0,298.0,326.0,True,HARD,3.0,True,Renault,0 days 00:36:56.315000,,1,12.0,False,,False,True,26.3,41.8,966.7,False,57.0,77,2.1,True,False,False,False,False,False,+14.075,+0.913,14.075,0.913,2315.341,99.026,,,25.588,29.51,43.928,2241.961,2271.471,2315.399,2216.315
2019,French Grand Prix,8,France,Le Castellet,0 days 00:40:13.896000,HUL,27,0 days 00:01:38.555000,4.0,1.0,,Nico Hulkenberg,,0 days 00:00:25.038000,0 days 00:00:29.605000,0 days 00:00:43.912000,0 days 00:39:00.437000,0 days 00:39:30.042000,0 days 00:40:13.954000,108.0,276.0,298.0,328.0,True,HARD,4.0,True,Renault,0 days 00:38:35.341000,,1,12.0,False,,False,True,26.7,40.4,966.8,False,56.6,83,1.1,True,False,False,False,False,False,+16.336,+0.817,16.336,0.817,2413.896,98.555,,,25.038,29.605,43.912,2340.437,2370.042,2413.954,2315.341
2019,French Grand Prix,8,France,Le Castellet,0 days 00:41:53.071000,HUL,27,0 days 00:01:39.175000,5.0,1.0,,Nico Hulkenberg,,0 days 00:00:25.109000,0 days 00:00:29.877000,0 days 00:00:44.189000,0 days 00:40:39.063000,0 days 00:41:08.940000,0 days 00:41:53.129000,108.0,278.0,299.0,326.0,False,HARD,5.0,True,Renault,0 days 00:40:13.896000,,1,12.0,False,,False,True,26.8,40.2,966.7,False,56.6,151,1.5,True,False,False,False,False,False,+19.523,+0.810,19.523,0.81,2513.071,99.175,,,25.109,29.877,44.189,2439.063,2468.94,2513.129,2413.896
2019,French Grand Prix,8,France,Le Castellet,0 days 00:43:31.946000,HUL,27,0 days 00:01:38.875000,6.0,1.0,,Nico Hulkenberg,,0 days 00:00:25.118000,0 days 00:00:29.666000,0 days 00:00:44.091000,0 days 00:42:18.247000,0 days 00:42:47.913000,0 days 00:43:32.004000,109.0,277.0,294.0,325.0,False,HARD,6.0,True,Renault,0 days 00:41:53.071000,,1,12.0,False,,False,True,26.7,41.4,966.7,False,56.4,48,2.1,True,False,False,False,False,False,+22.442,+0.392,22.442,0.392,2611.946,98.875,,,25.118,29.666,44.091,2538.247,2567.913,2612.004,2513.071
2019,French Grand Prix,8,France,Le Castellet,0 days 00:45:10.323000,HUL,27,0 days 00:01:38.377000,7.0,1.0,,Nico Hulkenberg,,0 days 00:00:25.259000,0 days 00:00:29.820000,0 days 00:00:43.298000,0 days 00:43:57.263000,0 days 00:44:27.083000,0 days 00:45:10.381000,108.0,272.0,285.0,336.0,True,HARD,7.0,True,Renault,0 days 00:43:31.946000,,1,11.0,False,,False,True,27.0,41.1,966.7,False,56.6,176,1.4,True,False,False,False,False,False,+24.382,+1.403,24.382,1.403,2710.323,98.377,,,25.259,29.82,43.298,2637.263,2667.083,2710.381,2611.946
2019,French Grand Prix,8,France,Le Castellet,0 days 00:46:48.693000,HUL,27,0 days 00:01:38.370000,8.0,1.0,,Nico Hulkenberg,,0 days 00:00:24.900000,0 days 00:00:29.959000,0 days 00:00:43.511000,0 days 00:45:35.281000,0 days 00:46:05.240000,0 days 00:46:48.751000,111.0,275.0,284.0,298.0,True,HARD,8.0,True,Renault,0 days 00:45:10.323000,,1,11.0,False,,False,True,27.3,40.3,966.7,False,56.8,184,1.1,True,False,False,False,False,False,+26.819,+1.598,26.819,1.598,2808.693,98.37,,,24.9,29.959,43.511,2735.281,2765.24,2808.751,2710.323
2019,French Grand Prix,8,France,Le Castellet,0 days 00:48:26.580000,HUL,27,0 days 00:01:37.887000,9.0,1.0,,Nico Hulkenberg,,0 days 00:00:24.820000,0 days 00:00:29.960000,0 days 00:00:43.107000,0 days 00:47:13.571000,0 days 00:47:43.531000,0 days 00:48:26.638000,111.0,273.0,286.0,300.0,True,HARD,9.0,True,Renault,0 days 00:46:48.693000,,1,11.0,False,,False,True,27.8,39.0,966.7,False,57.2,164,0.9,True,False,False,False,False,False,+28.967,+1.378,28.967,1.378,2906.58,97.887,,,24.82,29.96,43.107,2833.571,2863.531,2906.638,2808.693
2019,French Grand Prix,8,France,Le Castellet,0 days 00:50:04.449000,HUL,27,0 days 00:01:37.869000,10.0,1.0,,Nico Hulkenberg,,0 days 00:00:24.863000,0 days 00:00:29.832000,0 days 00:00:43.174000,0 days 00:48:51.501000,0 days 00:49:21.333000,0 days 00:50:04.507000,110.0,275.0,293.0,301.0,True,HARD,10.0,True,Renault,0 days 00:48:26.580000,,1,11.0,False,,False,True,27.7,37.9,966.7,False,55.4,132,1.8,True,False,False,False,False,False,+31.172,+1.176,31.172,1.176,3004.449,97.869,,,24.863,29.832,43.174,2931.501,2961.333,3004.507,2906.58
2019,French Grand Prix,8,France,Le Castellet,0 days 00:51:42.208000,HUL,27,0 days 00:01:37.759000,11.0,1.0,,Nico Hulkenberg,,0 days 00:00:24.861000,0 days 00:00:29.859000,0 days 00:00:43.039000,0 days 00:50:29.368000,0 days 00:50:59.227000,0 days 00:51:42.266000,110.0,275.0,286.0,298.0,True,HARD,11.0,True,Renault,0 days 00:50:04.449000,,1,11.0,False,,False,True,27.6,38.4,966.6,False,55.4,103,1.6,True,False,False,False,False,False,+33.386,+1.375,33.386,1.375,3102.208,97.759,,,24.861,29.859,43.039,3029.368,3059.227,3102.266,3004.449
2019,French Grand Prix,8,France,Le Castellet,0 days 00:53:19.933000,HUL,27,0 days 00:01:37.725000,12.0,1.0,,Nico Hulkenberg,,0 days 00:00:24.945000,0 days 00:00:29.721000,0 days 00:00:43.059000,0 days 00:52:07.211000,0 days 00:52:36.932000,0 days 00:53:19.991000,111.0,275.0,288.0,311.0,True,HARD,12.0,True,Renault,0 days 00:51:42.208000,,1,11.0,False,,False,True,27.3,38.8,966.6,False,55.6,87,2.1,True,False,False,False,False,False,+35.646,+1.387,35.646,1.387,3199.933,97.725,,,24.945,29.721,43.059,3127.211,3156.932,3199.991,3102.208
2019,French Grand Prix,8,France,Le Castellet,0 days 00:54:57.236000,HUL,27,0 days 00:01:37.303000,13.0,1.0,,Nico Hulkenberg,,0 days 00:00:24.698000,0 days 00:00:29.797000,0 days 00:00:42.808000,0 days 00:53:44.689000,0 days 00:54:14.486000,0 days 00:54:57.294000,111.0,275.0,288.0,300.0,True,HARD,13.0,True,Renault,0 days 00:53:19.933000,,1,11.0,False,,False,True,27.1,38.7,966.6,False,54.4,161,1.5,True,False,False,False,False,False,+37.657,+1.360,37.657,1.36,3297.236,97.303,,,24.698,29.797,42.808,3224.689,3254.486,3297.294,3199.933
2019,French Grand Prix,8,France,Le Castellet,0 days 00:56:34.419000,HUL,27,0 days 00:01:37.183000,14.0,1.0,,Nico Hulkenberg,,0 days 00:00:24.719000,0 days 00:00:29.641000,0 days 00:00:42.823000,0 days 00:55:22.013000,0 days 00:55:51.654000,0 days 00:56:34.477000,111.0,277.0,287.0,302.0,True,HARD,14.0,True,Renault,0 days 00:54:57.236000,,1,11.0,False,,False,True,27.4,38.3,966.6,False,55.1,116,0.9,True,False,False,False,False,False,+40.011,+1.281,40.011,1.281,3394.419,97.183,,,24.719,29.641,42.823,3322.013,3351.654,3394.477,3297.236
2019,French Grand Prix,8,France,Le Castellet,0 days 00:58:11.808000,HUL,27,0 days 00:01:37.389000,15.0,1.0,,Nico Hulkenberg,,0 days 00:00:24.791000,0 days 00:00:29.744000,0 days 00:00:42.854000,0 days 00:56:59.268000,0 days 00:57:29.012000,0 days 00:58:11.866000,110.0,276.0,287.0,304.0,False,HARD,15.0,True,Renault,0 days 00:56:34.419000,,1,11.0,False,,False,True,27.6,37.8,966.5,False,55.1,119,2.3,True,False,False,False,False,False,+42.596,+1.175,42.596,1.175,3491.808,97.389,,,24.791,29.744,42.854,3419.268,3449.012,3491.866,3394.419
2019,French Grand Prix,8,France,Le Castellet,0 days 00:59:49.029000,HUL,27,0 days 00:01:37.221000,16.0,1.0,,Nico Hulkenberg,,0 days 00:00:24.727000,0 days 00:00:29.706000,0 days 00:00:42.788000,0 days 00:58:36.593000,0 days 00:59:06.299000,0 days 00:59:49.087000,112.0,277.0,296.0,300.0,False,HARD,16.0,True,Renault,0 days 00:58:11.808000,,1,10.0,False,,False,True,27.2,38.6,966.6,False,54.8,106,2.6,True,False,False,False,False,False,+44.896,+1.003,44.896,1.003,3589.029,97.221,,,24.727,29.706,42.788,3516.593,3546.299,3589.087,3491.808
2019,French Grand Prix,8,France,Le Castellet,0 days 01:01:26.207000,HUL,27,0 days 00:01:37.178000,17.0,1.0,,Nico Hulkenberg,,0 days 00:00:24.775000,0 days 00:00:29.564000,0 days 00:00:42.839000,0 days 01:00:13.862000,0 days 01:00:43.426000,0 days 01:01:26.265000,112.0,277.0,296.0,319.0,True,HARD,17.0,True,Renault,0 days 00:59:49.029000,,1,9.0,False,,False,True,27.4,38.4,966.6,False,55.4,107,1.1,True,False,False,False,False,False,+46.711,+0.968,46.711,0.968,3686.207,97.178,,,24.775,29.564,42.839,3613.862,3643.426,3686.265,3589.029
2019,French Grand Prix,8,France,Le Castellet,0 days 01:03:03.076000,HUL,27,0 days 00:01:36.869000,18.0,1.0,,Nico Hulkenberg,,0 days 00:00:24.686000,0 days 00:00:29.363000,0 days 00:00:42.820000,0 days 01:01:50.951000,0 days 01:02:20.314000,0 days 01:03:03.134000,111.0,277.0,297.0,323.0,True,HARD,18.0,True,Renault,0 days 01:01:26.207000,,1,8.0,False,,False,True,27.7,37.1,966.6,False,56.0,59,1.5,True,False,False,False,False,False,+48.574,+0.631,48.574,0.631,3783.076,96.869,,,24.686,29.363,42.82,3710.951,3740.314,3783.134,3686.207
2019,French Grand Prix,8,France,Le Castellet,0 days 01:04:40.227000,HUL,27,0 days 00:01:37.151000,19.0,1.0,,Nico Hulkenberg,,0 days 00:00:24.875000,0 days 00:00:29.490000,0 days 00:00:42.786000,0 days 01:03:28.009000,0 days 01:03:57.499000,0 days 01:04:40.285000,113.0,276.0,296.0,308.0,False,HARD,19.0,True,Renault,0 days 01:03:03.076000,,1,7.0,False,,False,True,27.3,38.2,966.6,False,54.1,26,1.1,True,False,False,False,False,False,+50.685,+0.851,50.685,0.851,3880.227,97.151,,,24.875,29.49,42.786,3808.009,3837.499,3880.285,3783.076
2019,French Grand Prix,8,France,Le Castellet,0 days 01:06:17.039000,HUL,27,0 days 00:01:36.812000,20.0,1.0,,Nico Hulkenberg,,0 days 00:00:24.542000,0 days 00:00:29.583000,0 days 00:00:42.687000,0 days 01:05:04.827000,0 days 01:05:34.410000,0 days 01:06:17.097000,113.0,275.0,296.0,318.0,True,HARD,20.0,True,Renault,0 days 01:04:40.227000,,1,7.0,False,,False,True,27.5,37.8,966.6,False,56.1,106,1.2,True,False,False,False,False,False,+52.601,+0.903,52.601,0.903,3977.039,96.812,,,24.542,29.583,42.687,3904.827,3934.41,3977.097,3880.227
2019,French Grand Prix,8,France,Le Castellet,0 days 01:07:54.381000,HUL,27,0 days 00:01:37.342000,21.0,1.0,,Nico Hulkenberg,,0 days 00:00:24.658000,0 days 00:00:29.576000,0 days 00:00:43.108000,0 days 01:06:41.755000,0 days 01:07:11.331000,0 days 01:07:54.439000,109.0,277.0,296.0,319.0,False,HARD,21.0,True,Renault,0 days 01:06:17.039000,,1,7.0,False,,False,True,27.9,37.0,966.5,False,56.2,120,2.4,True,False,False,False,False,False,+54.092,+0.956,54.092,0.956,4074.381,97.342,,,24.658,29.576,43.108,4001.755,4031.331,4074.439,3977.039
2019,French Grand Prix,8,France,Le Castellet,0 days 01:09:31.231000,HUL,27,0 days 00:01:36.850000,22.0,1.0,,Nico Hulkenberg,,0 days 00:00:24.488000,0 days 00:00:29.543000,0 days 00:00:42.819000,0 days 01:08:18.927000,0 days 01:08:48.470000,0 days 01:09:31.289000,111.0,277.0,297.0,314.0,False,HARD,22.0,True,Renault,0 days 01:07:54.381000,,12,7.0,False,,False,True,27.8,36.7,966.6,False,56.0,93,2.0,True,True,False,False,False,False,+56.158,+0.878,56.158,0.878,4171.231,96.85,,,24.488,29.543,42.819,4098.927,4128.47,4171.289,4074.381
2019,French Grand Prix,8,France,Le Castellet,0 days 01:11:07.900000,HUL,27,0 days 00:01:36.669000,23.0,1.0,,Nico Hulkenberg,,0 days 00:00:24.496000,0 days 00:00:29.452000,0 days 00:00:42.721000,0 days 01:09:55.785000,0 days 01:10:25.237000,0 days 01:11:07.958000,110.0,276.0,297.0,317.0,True,HARD,23.0,True,Renault,0 days 01:09:31.231000,,1,7.0,False,,False,True,27.5,37.2,966.5,False,56.3,108,3.3,True,False,False,False,False,False,+58.154,+0.832,58.154,0.832,4267.9,96.669,,,24.496,29.452,42.721,4195.785,4225.237,4267.958,4171.231
2019,French Grand Prix,8,France,Le Castellet,0 days 01:12:44.707000,HUL,27,0 days 00:01:36.807000,24.0,1.0,,Nico Hulkenberg,,0 days 00:00:24.645000,0 days 00:00:29.469000,0 days 00:00:42.693000,0 days 01:11:32.603000,0 days 01:12:02.072000,0 days 01:12:44.765000,110.0,277.0,297.0,299.0,False,HARD,24.0,True,Renault,0 days 01:11:07.900000,,1,7.0,False,,False,True,27.3,37.5,966.6,False,56.2,80,3.2,True,False,False,False,False,False,+59.832,+0.850,59.832,0.85,4364.707,96.807,,,24.645,29.469,42.693,4292.603,4322.072,4364.765,4267.9
2019,French Grand Prix,8,France,Le Castellet,0 days 01:14:21.556000,HUL,27,0 days 00:01:36.849000,25.0,1.0,,Nico Hulkenberg,,0 days 00:00:24.649000,0 days 00:00:29.305000,0 days 00:00:42.895000,0 days 01:13:09.414000,0 days 01:13:38.719000,0 days 01:14:21.614000,110.0,279.0,297.0,330.0,False,HARD,25.0,True,Renault,0 days 01:12:44.707000,,1,7.0,False,,False,True,26.9,38.1,966.5,False,54.9,102,3.7,True,False,False,False,False,False,+37.775,+0.938,37.775,0.938,4461.556,96.849,,,24.649,29.305,42.895,4389.414,4418.719,4461.614,4364.707
2019,French Grand Prix,8,France,Le Castellet,0 days 01:15:58.468000,HUL,27,0 days 00:01:36.912000,26.0,1.0,,Nico Hulkenberg,,0 days 00:00:24.657000,0 days 00:00:29.664000,0 days 00:00:42.591000,0 days 01:14:46.271000,0 days 01:15:15.935000,0 days 01:15:58.526000,107.0,277.0,296.0,307.0,False,HARD,26.0,True,Renault,0 days 01:14:21.556000,,1,7.0,False,,False,True,26.6,39.0,966.6,False,54.1,12,1.6,True,False,False,False,False,False,+40.076,+0.961,40.076,0.961,4558.468,96.912,,,24.657,29.664,42.591,4486.271,4515.935,4558.526,4461.556
2019,French Grand Prix,8,France,Le Castellet,0 days 01:17:35.246000,HUL,27,0 days 00:01:36.778000,27.0,1.0,,Nico Hulkenberg,,0 days 00:00:24.606000,0 days 00:00:29.796000,0 days 00:00:42.376000,0 days 01:16:23.132000,0 days 01:16:52.928000,0 days 01:17:35.304000,110.0,277.0,298.0,299.0,False,HARD,27.0,True,Renault,0 days 01:15:58.468000,,1,7.0,False,,False,True,27.0,37.6,966.5,False,54.0,74,1.4,True,False,False,False,False,False,+42.348,+0.980,42.348,0.98,4655.246,96.778,,,24.606,29.796,42.376,4583.132,4612.928,4655.304,4558.468
2019,French Grand Prix,8,France,Le Castellet,0 days 01:19:11.807000,HUL,27,0 days 00:01:36.561000,28.0,1.0,,Nico Hulkenberg,,0 days 00:00:24.441000,0 days 00:00:29.566000,0 days 00:00:42.554000,0 days 01:17:59.745000,0 days 01:18:29.311000,0 days 01:19:11.865000,111.0,277.0,297.0,320.0,True,HARD,28.0,True,Renault,0 days 01:17:35.246000,,1,7.0,False,,False,True,27.1,37.4,966.6,False,52.0,115,2.2,True,False,False,False,False,False,+44.568,+1.001,44.568,1.001,4751.807,96.561,,,24.441,29.566,42.554,4679.745,4709.311,4751.865,4655.246
2019,French Grand Prix,8,France,Le Castellet,0 days 01:20:48.428000,HUL,27,0 days 00:01:36.621000,29.0,1.0,,Nico Hulkenberg,,0 days 00:00:24.513000,0 days 00:00:29.438000,0 days 00:00:42.670000,0 days 01:19:36.378000,0 days 01:20:05.816000,0 days 01:20:48.486000,111.0,278.0,298.0,316.0,False,HARD,29.0,True,Renault,0 days 01:19:11.807000,,1,7.0,False,,False,True,27.1,37.6,966.6,False,52.1,109,1.8,True,False,False,False,False,False,+46.658,+0.897,46.658,0.897,4848.428,96.621,,,24.513,29.438,42.67,4776.378,4805.816,4848.486,4751.807
2019,French Grand Prix,8,France,Le Castellet,0 days 01:22:25.040000,HUL,27,0 days 00:01:36.612000,30.0,1.0,,Nico Hulkenberg,,0 days 00:00:24.586000,0 days 00:00:29.311000,0 days 00:00:42.715000,0 days 01:21:13.072000,0 days 01:21:42.383000,0 days 01:22:25.098000,111.0,278.0,297.0,317.0,False,HARD,30.0,True,Renault,0 days 01:20:48.428000,,1,7.0,False,,False,True,27.3,36.7,966.7,False,52.6,104,2.4,True,False,False,False,False,False,+49.233,+0.922,49.233,0.922,4945.04,96.612,,,24.586,29.311,42.715,4873.072,4902.383,4945.098,4848.428
2019,French Grand Prix,8,France,Le Castellet,0 days 01:24:01.605000,HUL,27,0 days 00:01:36.565000,31.0,1.0,,Nico Hulkenberg,,0 days 00:00:24.377000,0 days 00:00:29.499000,0 days 00:00:42.689000,0 days 01:22:49.475000,0 days 01:23:18.974000,0 days 01:24:01.663000,110.0,278.0,297.0,318.0,False,HARD,31.0,True,Renault,0 days 01:22:25.040000,,1,6.0,False,,False,True,27.2,37.2,966.6,False,53.8,58,1.7,True,False,False,False,False,False,+51.792,+0.942,51.792,0.942,5041.605,96.565,,,24.377,29.499,42.689,4969.475,4998.974,5041.663,4945.04
2019,French Grand Prix,8,France,Le Castellet,0 days 01:25:37.216000,HUL,27,0 days 00:01:35.611000,32.0,1.0,,Nico Hulkenberg,,0 days 00:00:23.946000,0 days 00:00:29.516000,0 days 00:00:42.149000,0 days 01:24:25.609000,0 days 01:24:55.125000,0 days 01:25:37.274000,111.0,276.0,287.0,306.0,True,HARD,32.0,True,Renault,0 days 01:24:01.605000,,1,6.0,False,,False,True,27.4,36.6,966.6,False,55.3,41,1.8,True,False,False,False,False,False,+52.937,+21.111,52.937,21.111,5137.216,95.611,,,23.946,29.516,42.149,5065.609,5095.125,5137.274,5041.605
2019,French Grand Prix,8,France,Le Castellet,0 days 01:27:13.722000,HUL,27,0 days 00:01:36.506000,33.0,1.0,,Nico Hulkenberg,,0 days 00:00:24.438000,0 days 00:00:29.675000,0 days 00:00:42.393000,0 days 01:26:01.712000,0 days 01:26:31.387000,0 days 01:27:13.780000,108.0,276.0,288.0,304.0,False,HARD,33.0,True,Renault,0 days 01:25:37.216000,,1,6.0,False,,False,True,27.5,36.6,966.7,False,55.5,76,1.4,True,False,False,False,False,False,+54.566,+22.929,54.566,22.929,5233.722,96.506,,,24.438,29.675,42.393,5161.712,5191.387,5233.78,5137.216
2019,French Grand Prix,8,France,Le Castellet,0 days 01:29:11.444000,HUL,27,0 days 00:01:57.722000,34.0,1.0,,Nico Hulkenberg,0 days 01:28:41.364000,0 days 00:00:24.590000,0 days 00:00:29.780000,,0 days 01:27:38.370000,0 days 01:28:08.150000,,110.0,277.0,,300.0,False,HARD,34.0,True,Renault,0 days 01:27:13.722000,,1,10.0,False,,False,False,27.7,36.3,966.7,False,56.0,140,1.7,True,False,False,False,False,False,+55.936,+24.668,55.936,24.668,5351.444,117.722,5321.364,,24.59,29.78,,5258.37,5288.15,,5233.722
2019,French Grand Prix,8,France,Le Castellet,0 days 01:30:51.176000,HUL,27,0 days 00:01:39.732000,35.0,2.0,0 days 01:29:16.671000,Nico Hulkenberg,,0 days 00:00:27.896000,0 days 00:00:29.418000,0 days 00:00:42.418000,0 days 01:29:39.398000,0 days 01:30:08.816000,0 days 01:30:51.234000,108.0,276.0,286.0,317.0,False,MEDIUM,5.0,False,Renault,0 days 01:29:11.444000,,12,11.0,False,,False,False,27.6,36.7,966.6,False,55.4,79,1.1,True,True,False,False,False,False,+82.625,+2.168,82.625,2.168,5451.176,99.732,,5356.671,27.896,29.418,42.418,5379.398,5408.816,5451.234,5351.444
2019,French Grand Prix,8,France,Le Castellet,0 days 01:32:27.438000,HUL,27,0 days 00:01:36.262000,36.0,2.0,,Nico Hulkenberg,,0 days 00:00:24.447000,0 days 00:00:29.467000,0 days 00:00:42.348000,0 days 01:31:15.681000,0 days 01:31:45.148000,0 days 01:32:27.496000,114.0,276.0,288.0,297.0,False,MEDIUM,6.0,False,Renault,0 days 01:30:51.176000,,1,11.0,False,,False,True,27.7,36.9,966.7,False,54.1,102,1.4,True,False,False,False,False,False,+84.803,+2.086,84.803,2.086,5547.438,96.262,,,24.447,29.467,42.348,5475.681,5505.148,5547.496,5451.176
2019,French Grand Prix,8,France,Le Castellet,0 days 01:34:02.935000,HUL,27,0 days 00:01:35.497000,37.0,2.0,,Nico Hulkenberg,,0 days 00:00:24.187000,0 days 00:00:29.436000,0 days 00:00:41.874000,0 days 01:32:51.683000,0 days 01:33:21.119000,0 days 01:34:02.993000,116.0,277.0,288.0,295.0,True,MEDIUM,7.0,False,Renault,0 days 01:32:27.438000,,1,11.0,False,,False,True,27.4,37.2,966.7,False,51.6,79,1.2,True,False,False,False,False,False,+86.263,+1.773,86.263,1.773,5642.935,95.497,,,24.187,29.436,41.874,5571.683,5601.119,5642.993,5547.438
2019,French Grand Prix,8,France,Le Castellet,0 days 01:35:38.566000,HUL,27,0 days 00:01:35.631000,38.0,2.0,,Nico Hulkenberg,,0 days 00:00:24.248000,0 days 00:00:29.473000,0 days 00:00:41.910000,0 days 01:34:27.241000,0 days 01:34:56.714000,0 days 01:35:38.624000,113.0,278.0,289.0,299.0,False,MEDIUM,8.0,False,Renault,0 days 01:34:02.935000,,1,11.0,False,,False,True,27.2,37.1,966.8,False,53.9,121,2.4,True,False,False,False,False,False,+87.777,+1.517,87.777,1.517,5738.566,95.631,,,24.248,29.473,41.91,5667.241,5696.714,5738.624,5642.935
2019,French Grand Prix,8,France,Le Castellet,0 days 01:37:13.952000,HUL,27,0 days 00:01:35.386000,39.0,2.0,,Nico Hulkenberg,,0 days 00:00:24.233000,0 days 00:00:29.320000,0 days 00:00:41.833000,0 days 01:36:02.857000,0 days 01:36:32.177000,0 days 01:37:14.010000,113.0,278.0,289.0,299.0,True,MEDIUM,9.0,False,Renault,0 days 01:35:38.566000,,1,10.0,False,,False,True,26.8,38.9,966.6,False,53.1,84,1.8,True,False,False,False,False,False,+88.792,+1.284,88.792,1.284,5833.952,95.386,,,24.233,29.32,41.833,5762.857,5792.177,5834.01,5738.566
2019,French Grand Prix,8,France,Le Castellet,0 days 01:38:49.281000,HUL,27,0 days 00:01:35.329000,40.0,2.0,,Nico Hulkenberg,,0 days 00:00:24.378000,0 days 00:00:29.282000,0 days 00:00:41.669000,0 days 01:37:38.388000,0 days 01:38:07.670000,0 days 01:38:49.339000,115.0,278.0,291.0,298.0,True,MEDIUM,10.0,False,Renault,0 days 01:37:13.952000,,1,10.0,False,,False,True,26.5,39.6,966.7,False,52.6,77,1.5,True,False,False,False,False,False,+89.256,+1.364,89.256,1.364,5929.281,95.329,,,24.378,29.282,41.669,5858.388,5887.67,5929.339,5833.952
2019,French Grand Prix,8,France,Le Castellet,0 days 01:40:24.704000,HUL,27,0 days 00:01:35.423000,41.0,2.0,,Nico Hulkenberg,,0 days 00:00:24.263000,0 days 00:00:29.292000,0 days 00:00:41.868000,0 days 01:39:13.602000,0 days 01:39:42.894000,0 days 01:40:24.762000,112.0,279.0,291.0,299.0,False,MEDIUM,11.0,False,Renault,0 days 01:38:49.281000,,1,10.0,False,,False,True,26.8,39.0,966.7,False,53.8,38,1.4,True,False,False,False,False,False,+90.994,+1.384,90.994,1.384,6024.704,95.423,,,24.263,29.292,41.868,5953.602,5982.894,6024.762,5929.281
2019,French Grand Prix,8,France,Le Castellet,0 days 01:41:59.663000,HUL,27,0 days 00:01:34.959000,42.0,2.0,,Nico Hulkenberg,,0 days 00:00:24.095000,0 days 00:00:29.132000,0 days 00:00:41.732000,0 days 01:40:48.857000,0 days 01:41:17.989000,0 days 01:41:59.721000,113.0,280.0,292.0,304.0,True,MEDIUM,12.0,False,Renault,0 days 01:40:24.704000,,1,10.0,False,,False,True,26.3,39.8,966.7,False,53.9,109,1.3,True,False,False,False,False,False,+92.255,+1.193,92.255,1.193,6119.663,94.959,,,24.095,29.132,41.732,6048.857,6077.989,6119.721,6024.704
2019,French Grand Prix,8,France,Le Castellet,0 days 01:43:34.711000,HUL,27,0 days 00:01:35.048000,43.0,2.0,,Nico Hulkenberg,,0 days 00:00:24.095000,0 days 00:00:29.190000,0 days 00:00:41.763000,,0 days 01:42:53.006000,0 days 01:43:34.769000,114.0,281.0,295.0,302.0,False,MEDIUM,13.0,False,Renault,0 days 01:41:59.663000,,1,10.0,False,,False,True,26.4,40.1,966.8,False,53.9,81,2.1,True,False,False,False,False,False,+93.155,+0.901,93.155,0.901,6214.711,95.048,,,24.095,29.19,41.763,,6173.006,6214.769,6119.663
2019,French Grand Prix,8,France,Le Castellet,0 days 01:45:12.402000,HUL,27,0 days 00:01:37.691000,44.0,2.0,,Nico Hulkenberg,,0 days 00:00:24.707000,0 days 00:00:29.326000,0 days 00:00:43.658000,0 days 01:43:59.476000,0 days 01:44:28.802000,0 days 01:45:12.460000,109.0,280.0,291.0,301.0,False,MEDIUM,14.0,False,Renault,0 days 01:43:34.711000,,1,10.0,False,,False,True,26.4,40.1,966.7,False,54.5,94,1.5,True,False,False,False,False,False,1 L,+3.010,,3.01,6312.402,97.691,,,24.707,29.326,43.658,6239.476,6268.802,6312.46,6214.711
2019,French Grand Prix,8,France,Le Castellet,0 days 01:46:47.156000,HUL,27,0 days 00:01:34.754000,45.0,2.0,,Nico Hulkenberg,,0 days 00:00:23.976000,0 days 00:00:29.016000,0 days 00:00:41.762000,0 days 01:45:36.436000,0 days 01:46:05.452000,0 days 01:46:47.214000,115.0,280.0,303.0,302.0,True,MEDIUM,15.0,False,Renault,0 days 01:45:12.402000,,1,10.0,False,,False,True,26.8,39.2,966.6,False,54.9,166,1.4,True,False,False,False,False,False,1 L,+0.938,,0.938,6407.156,94.754,,,23.976,29.016,41.762,6336.436,6365.452,6407.214,6312.402
2019,French Grand Prix,8,France,Le Castellet,0 days 01:48:21.961000,HUL,27,0 days 00:01:34.805000,46.0,2.0,,Nico Hulkenberg,,0 days 00:00:24.079000,0 days 00:00:28.858000,0 days 00:00:41.868000,0 days 01:47:11.293000,0 days 01:47:40.151000,0 days 01:48:22.019000,118.0,284.0,301.0,321.0,False,MEDIUM,16.0,False,Renault,0 days 01:46:47.156000,,1,10.0,False,,False,True,27.1,37.8,966.6,False,55.2,128,1.6,True,False,False,False,False,False,1 L,+0.909,,0.909,6501.961,94.805,,,24.079,28.858,41.868,6431.293,6460.151,6502.019,6407.156
2019,French Grand Prix,8,France,Le Castellet,0 days 01:49:57.099000,HUL,27,0 days 00:01:35.138000,47.0,2.0,,Nico Hulkenberg,,0 days 00:00:24.040000,0 days 00:00:28.825000,0 days 00:00:42.273000,0 days 01:48:46.059000,0 days 01:49:14.884000,0 days 01:49:57.157000,113.0,283.0,301.0,324.0,False,MEDIUM,17.0,False,Renault,0 days 01:48:21.961000,,1,10.0,False,,False,True,27.0,37.6,966.7,False,54.3,29,1.2,True,False,False,False,False,False,1 L,+0.495,,0.495,6597.099,95.138,,,24.04,28.825,42.273,6526.059,6554.884,6597.157,6501.961
2019,French Grand Prix,8,France,Le Castellet,0 days 01:51:32.779000,HUL,27,0 days 00:01:35.680000,48.0,2.0,,Nico Hulkenberg,,0 days 00:00:24.279000,0 days 00:00:29.073000,0 days 00:00:42.328000,0 days 01:50:21.436000,0 days 01:50:50.509000,0 days 01:51:32.837000,108.0,286.0,303.0,325.0,False,MEDIUM,18.0,False,Renault,0 days 01:49:57.099000,,12,10.0,False,,False,True,27.2,36.6,966.7,False,53.7,78,1.4,True,True,False,False,False,False,1 L,+0.576,,0.576,6692.779,95.68,,,24.279,29.073,42.328,6621.436,6650.509,6692.837,6597.099
2019,French Grand Prix,8,France,Le Castellet,0 days 01:53:17.251000,HUL,27,0 days 00:01:44.472000,49.0,2.0,,Nico Hulkenberg,,0 days 00:00:24.336000,0 days 00:00:29.322000,0 days 00:00:50.814000,0 days 01:51:57.173000,0 days 01:52:26.495000,0 days 01:53:17.309000,108.0,282.0,234.0,321.0,False,MEDIUM,19.0,False,Renault,0 days 01:51:32.779000,,1267,10.0,False,,False,False,26.8,37.7,966.7,False,55.0,86,1.8,True,True,False,False,True,True,1 L,+0.836,,0.836,6797.251,104.472,,,24.336,29.322,50.814,6717.173,6746.495,6797.309,6692.779
2019,French Grand Prix,8,France,Le Castellet,0 days 01:54:53.527000,HUL,27,0 days 00:01:36.276000,50.0,2.0,,Nico Hulkenberg,,0 days 00:00:25.460000,0 days 00:00:28.900000,0 days 00:00:41.916000,0 days 01:53:42.769000,0 days 01:54:11.669000,0 days 01:54:53.585000,112.0,283.0,302.0,319.0,False,MEDIUM,20.0,False,Renault,0 days 01:53:17.251000,,71,10.0,False,,False,False,26.8,38.1,966.6,False,54.5,94,1.4,True,False,False,False,False,True,1 L,+1.048,,1.048,6893.527,96.276,,,25.46,28.9,41.916,6822.769,6851.669,6893.585,6797.251
2019,French Grand Prix,8,France,Le Castellet,0 days 01:56:28.524000,HUL,27,0 days 00:01:34.997000,51.0,2.0,,Nico Hulkenberg,,0 days 00:00:23.960000,0 days 00:00:29.018000,0 days 00:00:42.019000,0 days 01:55:17.545000,0 days 01:55:46.563000,0 days 01:56:28.582000,110.0,281.0,305.0,321.0,False,MEDIUM,21.0,False,Renault,0 days 01:54:53.527000,,1,10.0,False,,False,True,26.9,38.4,966.7,False,54.3,51,1.1,True,False,False,False,False,False,1 L,+0.621,,0.621,6988.524,94.997,,,23.96,29.018,42.019,6917.545,6946.563,6988.582,6893.527
2019,French Grand Prix,8,France,Le Castellet,0 days 01:58:05.503000,HUL,27,0 days 00:01:36.979000,52.0,2.0,,Nico Hulkenberg,,0 days 00:00:24.241000,0 days 00:00:29.118000,0 days 00:00:43.620000,0 days 01:56:52.823000,0 days 01:57:21.941000,0 days 01:58:05.561000,110.0,290.0,277.0,327.0,False,MEDIUM,22.0,False,Renault,0 days 01:56:28.524000,,1,9.0,False,,False,True,26.9,37.0,966.7,False,53.3,18,2.3,True,False,False,False,False,False,1 L,+0.520,,0.52,7085.503,96.979,,,24.241,29.118,43.62,7012.823,7041.941,7085.561,6988.524
2019,French Grand Prix,8,France,Le Castellet,0 days 00:35:15.116000,RIC,3,0 days 00:01:49.964000,1.0,1.0,,Daniel Ricciardo,,,0 days 00:00:30.631000,0 days 00:00:44.216000,,0 days 00:34:31.076000,0 days 00:35:15.392000,104.0,281.0,292.0,312.0,False,MEDIUM,5.0,False,Renault,0 days 00:33:25.039000,,1,10.0,False,,False,False,26.4,41.4,966.7,False,55.9,120,1.8,True,False,False,False,False,False,+8.035,+0.455,8.035,0.455,2115.116,109.964,,,,30.631,44.216,,2071.076,2115.392,2005.039
2019,French Grand Prix,8,France,Le Castellet,0 days 00:36:54.963000,RIC,3,0 days 00:01:39.847000,2.0,1.0,,Daniel Ricciardo,,0 days 00:00:25.702000,0 days 00:00:30.108000,0 days 00:00:44.037000,0 days 00:35:40.878000,0 days 00:36:10.986000,0 days 00:36:55.023000,112.0,282.0,285.0,309.0,True,MEDIUM,6.0,False,Renault,0 days 00:35:15.116000,,1,10.0,False,,False,True,26.4,41.4,966.7,False,56.1,93,1.8,True,False,False,False,False,False,+10.364,+0.467,10.364,0.467,2214.963,99.847,,,25.702,30.108,44.037,2140.878,2170.986,2215.023,2115.116
2019,French Grand Prix,8,France,Le Castellet,0 days 00:38:33.897000,RIC,3,0 days 00:01:38.934000,3.0,1.0,,Daniel Ricciardo,,0 days 00:00:25.488000,0 days 00:00:29.526000,0 days 00:00:43.920000,0 days 00:37:20.511000,0 days 00:37:50.037000,0 days 00:38:33.957000,108.0,280.0,301.0,333.0,True,MEDIUM,7.0,False,Renault,0 days 00:36:54.963000,,1,10.0,False,,False,True,26.3,41.8,966.7,False,57.0,77,2.1,True,False,False,False,False,False,+12.681,+0.597,12.681,0.597,2313.897,98.934,,,25.488,29.526,43.92,2240.511,2270.037,2313.957,2214.963
2019,French Grand Prix,8,France,Le Castellet,0 days 00:40:12.606000,RIC,3,0 days 00:01:38.709000,4.0,1.0,,Daniel Ricciardo,,0 days 00:00:25.085000,0 days 00:00:29.630000,0 days 00:00:43.994000,0 days 00:38:59.042000,0 days 00:39:28.672000,0 days 00:40:12.666000,106.0,282.0,299.0,329.0,True,MEDIUM,8.0,False,Renault,0 days 00:38:33.897000,,1,10.0,False,,False,True,26.7,40.4,966.8,False,56.6,83,1.1,True,False,False,False,False,False,+15.054,+0.542,15.054,0.542,2412.606,98.709,,,25.085,29.63,43.994,2339.042,2368.672,2412.666,2313.897
2019,French Grand Prix,8,France,Le Castellet,0 days 00:41:51.811000,RIC,3,0 days 00:01:39.205000,5.0,1.0,,Daniel Ricciardo,,0 days 00:00:25.187000,0 days 00:00:30.048000,0 days 00:00:43.970000,0 days 00:40:37.853000,0 days 00:41:07.901000,0 days 00:41:51.871000,110.0,283.0,299.0,335.0,False,MEDIUM,9.0,False,Renault,0 days 00:40:12.606000,,1,10.0,False,,False,True,26.8,40.2,966.7,False,56.6,151,1.5,True,False,False,False,False,False,+18.255,+0.578,18.255,0.578,2511.811,99.205,,,25.187,30.048,43.97,2437.853,2467.901,2511.871,2412.606
2019,French Grand Prix,8,France,Le Castellet,0 days 00:43:29.756000,RIC,3,0 days 00:01:37.945000,6.0,1.0,,Daniel Ricciardo,,0 days 00:00:25.084000,0 days 00:00:29.378000,0 days 00:00:43.483000,0 days 00:42:16.955000,0 days 00:42:46.333000,0 days 00:43:29.816000,108.0,276.0,288.0,335.0,True,MEDIUM,10.0,False,Renault,0 days 00:41:51.811000,,1,9.0,False,,False,True,26.7,41.4,966.7,False,56.4,48,2.1,True,False,False,False,False,False,+20.168,+1.428,20.168,1.428,2609.756,97.945,,,25.084,29.378,43.483,2536.955,2566.333,2609.816,2511.811
2019,French Grand Prix,8,France,Le Castellet,0 days 00:45:07.850000,RIC,3,0 days 00:01:38.094000,7.0,1.0,,Daniel Ricciardo,,0 days 00:00:24.936000,0 days 00:00:29.931000,0 days 00:00:43.227000,0 days 00:43:54.752000,0 days 00:44:24.683000,0 days 00:45:07.910000,109.0,277.0,288.0,303.0,False,MEDIUM,11.0,False,Renault,0 days 00:43:29.756000,,1,9.0,False,,False,True,27.0,41.1,966.7,False,56.6,176,1.4,True,False,False,False,False,False,+21.968,+1.407,21.968,1.407,2707.85,98.094,,,24.936,29.931,43.227,2634.752,2664.683,2707.91,2609.756
2019,French Grand Prix,8,France,Le Castellet,0 days 00:46:45.862000,RIC,3,0 days 00:01:38.012000,8.0,1.0,,Daniel Ricciardo,,0 days 00:00:24.935000,0 days 00:00:29.727000,0 days 00:00:43.350000,0 days 00:45:32.845000,0 days 00:46:02.572000,0 days 00:46:45.922000,108.0,277.0,288.0,301.0,False,MEDIUM,12.0,False,Renault,0 days 00:45:07.850000,,1,9.0,False,,False,True,27.3,40.3,966.7,False,56.8,184,1.1,True,False,False,False,False,False,+24.067,+1.462,24.067,1.462,2805.862,98.012,,,24.935,29.727,43.35,2732.845,2762.572,2805.922,2707.85
2019,French Grand Prix,8,France,Le Castellet,0 days 00:48:23.279000,RIC,3,0 days 00:01:37.417000,9.0,1.0,,Daniel Ricciardo,,0 days 00:00:24.612000,0 days 00:00:29.632000,0 days 00:00:43.173000,0 days 00:47:10.534000,0 days 00:47:40.166000,0 days 00:48:23.339000,110.0,279.0,288.0,304.0,True,MEDIUM,13.0,False,Renault,0 days 00:46:45.862000,,1,9.0,False,,False,True,27.8,39.0,966.7,False,57.2,164,0.9,True,False,False,False,False,False,+25.705,+1.300,25.705,1.3,2903.279,97.417,,,24.612,29.632,43.173,2830.534,2860.166,2903.339,2805.862
2019,French Grand Prix,8,France,Le Castellet,0 days 00:50:01.014000,RIC,3,0 days 00:01:37.735000,10.0,1.0,,Daniel Ricciardo,,0 days 00:00:24.797000,0 days 00:00:29.732000,0 days 00:00:43.206000,0 days 00:48:48.136000,0 days 00:49:17.868000,0 days 00:50:01.074000,108.0,278.0,288.0,300.0,False,MEDIUM,14.0,False,Renault,0 days 00:48:23.279000,,1,9.0,False,,False,True,27.7,37.9,966.7,False,55.4,132,1.8,True,False,False,False,False,False,+27.722,+1.390,27.722,1.39,3001.014,97.735,,,24.797,29.732,43.206,2928.136,2957.868,3001.074,2903.279
2019,French Grand Prix,8,France,Le Castellet,0 days 00:51:38.590000,RIC,3,0 days 00:01:37.576000,11.0,1.0,,Daniel Ricciardo,,0 days 00:00:24.761000,0 days 00:00:29.609000,0 days 00:00:43.206000,0 days 00:50:25.835000,0 days 00:50:55.444000,0 days 00:51:38.650000,110.0,278.0,290.0,302.0,False,MEDIUM,15.0,False,Renault,0 days 00:50:01.014000,,1,9.0,False,,False,True,27.6,38.4,966.6,False,55.4,103,1.6,True,False,False,False,False,False,+29.814,+1.095,29.814,1.095,3098.59,97.576,,,24.761,29.609,43.206,3025.835,3055.444,3098.65,3001.014
2019,French Grand Prix,8,France,Le Castellet,0 days 00:53:16.174000,RIC,3,0 days 00:01:37.584000,12.0,1.0,,Daniel Ricciardo,,0 days 00:00:24.896000,0 days 00:00:29.622000,0 days 00:00:43.066000,0 days 00:52:03.546000,0 days 00:52:33.168000,0 days 00:53:16.234000,107.0,279.0,300.0,304.0,False,MEDIUM,16.0,False,Renault,0 days 00:51:38.590000,,1,9.0,False,,False,True,27.3,38.8,966.6,False,55.6,87,2.1,True,False,False,False,False,False,+32.032,+0.865,32.032,0.865,3196.174,97.584,,,24.896,29.622,43.066,3123.546,3153.168,3196.234,3098.59
2019,French Grand Prix,8,France,Le Castellet,0 days 00:54:53.893000,RIC,3,0 days 00:01:37.719000,13.0,1.0,,Daniel Ricciardo,,0 days 00:00:24.832000,0 days 00:00:29.535000,0 days 00:00:43.352000,0 days 00:53:41.066000,0 days 00:54:10.601000,0 days 00:54:53.953000,108.0,283.0,297.0,323.0,False,MEDIUM,17.0,False,Renault,0 days 00:53:16.174000,,1,9.0,False,,False,True,27.3,38.7,966.6,False,55.6,31,1.7,True,False,False,False,False,False,+34.433,+0.783,34.433,0.783,3293.893,97.719,,,24.832,29.535,43.352,3221.066,3250.601,3293.953,3196.174
2019,French Grand Prix,8,France,Le Castellet,0 days 00:56:31.408000,RIC,3,0 days 00:01:37.515000,14.0,1.0,,Daniel Ricciardo,,0 days 00:00:24.929000,0 days 00:00:29.307000,0 days 00:00:43.279000,0 days 00:55:18.882000,0 days 00:55:48.189000,0 days 00:56:31.468000,108.0,283.0,298.0,326.0,False,MEDIUM,18.0,False,Renault,0 days 00:54:53.893000,,1,9.0,False,,False,True,27.4,38.3,966.6,False,55.1,116,0.9,True,False,False,False,False,False,+37.105,+0.899,37.105,0.899,3391.408,97.515,,,24.929,29.307,43.279,3318.882,3348.189,3391.468,3293.893
2019,French Grand Prix,8,France,Le Castellet,0 days 00:58:08.795000,RIC,3,0 days 00:01:37.387000,15.0,1.0,,Daniel Ricciardo,,0 days 00:00:24.923000,0 days 00:00:29.270000,0 days 00:00:43.194000,0 days 00:56:56.391000,0 days 00:57:25.661000,0 days 00:58:08.855000,108.0,282.0,299.0,322.0,True,MEDIUM,19.0,False,Renault,0 days 00:56:31.408000,,1,9.0,False,,False,True,27.6,37.8,966.5,False,55.1,119,2.3,True,False,False,False,False,False,+39.697,+0.811,39.697,0.811,3488.795,97.387,,,24.923,29.27,43.194,3416.391,3445.661,3488.855,3391.408
2019,French Grand Prix,8,France,Le Castellet,0 days 01:00:07.070000,RIC,3,0 days 00:01:58.275000,16.0,1.0,,Daniel Ricciardo,0 days 00:59:36.813000,0 days 00:00:24.989000,0 days 00:00:29.362000,0 days 00:01:03.924000,0 days 00:58:33.844000,0 days 00:59:03.206000,0 days 01:00:07.130000,108.0,280.0,,319.0,False,MEDIUM,20.0,False,Renault,0 days 00:58:08.795000,,1,16.0,False,,False,False,27.2,38.6,966.6,False,54.8,106,2.6,True,False,False,False,False,False,+41.730,+0.835,41.73,0.835,3607.07,118.275,3576.813,,24.989,29.362,63.924,3513.844,3543.206,3607.13,3488.795
2019,French Grand Prix,8,France,Le Castellet,0 days 01:01:47,RIC,3,0 days 00:01:39.930000,17.0,2.0,0 days 01:00:07.859000,Daniel Ricciardo,,0 days 00:00:28.115000,0 days 00:00:29.658000,0 days 00:00:42.157000,0 days 01:00:35.245000,0 days 01:01:04.903000,0 days 01:01:47.060000,109.0,275.0,286.0,294.0,False,HARD,1.0,True,Renault,0 days 01:00:07.070000,,1,16.0,False,,False,False,27.4,38.4,966.6,False,55.4,107,1.1,True,False,False,False,False,False,+67.439,+6.728,67.439,6.728,3707.0,99.93,,3607.859,28.115,29.658,42.157,3635.245,3664.903,3707.06,3607.07
2019,French Grand Prix,8,France,Le Castellet,0 days 01:03:24.194000,RIC,3,0 days 00:01:37.194000,18.0,2.0,,Daniel Ricciardo,,0 days 00:00:25.056000,0 days 00:00:29.354000,0 days 00:00:42.784000,0 days 01:02:12.116000,0 days 01:02:41.470000,0 days 01:03:24.254000,110.0,275.0,286.0,328.0,True,HARD,2.0,True,Renault,0 days 01:01:47,,1,14.0,False,,False,True,27.7,37.1,966.6,False,56.0,59,1.5,True,False,False,False,False,False,+69.575,+6.205,69.575,6.205,3804.194,97.194,,,25.056,29.354,42.784,3732.116,3761.47,3804.254,3707.0
2019,French Grand Prix,8,France,Le Castellet,0 days 01:05:01.472000,RIC,3,0 days 00:01:37.278000,19.0,2.0,,Daniel Ricciardo,,0 days 00:00:24.568000,0 days 00:00:29.615000,0 days 00:00:43.095000,0 days 01:03:48.822000,0 days 01:04:18.437000,0 days 01:05:01.532000,111.0,276.0,288.0,297.0,False,HARD,3.0,True,Renault,0 days 01:03:24.194000,,1,14.0,False,,False,True,27.3,38.2,966.5,False,54.1,89,2.1,True,False,False,False,False,False,+71.847,+4.356,71.847,4.356,3901.472,97.278,,,24.568,29.615,43.095,3828.822,3858.437,3901.532,3804.194
2019,French Grand Prix,8,France,Le Castellet,0 days 01:06:38.316000,RIC,3,0 days 00:01:36.844000,20.0,2.0,,Daniel Ricciardo,,0 days 00:00:24.524000,0 days 00:00:29.509000,0 days 00:00:42.811000,0 days 01:05:26.056000,0 days 01:05:55.565000,0 days 01:06:38.376000,108.0,276.0,287.0,303.0,True,HARD,4.0,True,Renault,0 days 01:05:01.472000,,1,14.0,False,,False,True,27.5,37.8,966.6,False,56.1,106,1.2,True,False,False,False,False,False,+73.807,+3.761,73.807,3.761,3998.316,96.844,,,24.524,29.509,42.811,3926.056,3955.565,3998.376,3901.472
2019,French Grand Prix,8,France,Le Castellet,0 days 01:08:15.145000,RIC,3,0 days 00:01:36.829000,21.0,2.0,,Daniel Ricciardo,,0 days 00:00:24.342000,0 days 00:00:29.566000,0 days 00:00:42.921000,0 days 01:07:02.718000,0 days 01:07:32.284000,0 days 01:08:15.205000,110.0,276.0,286.0,300.0,True,HARD,5.0,True,Renault,0 days 01:06:38.316000,,1,14.0,False,,False,True,27.8,36.8,966.6,False,56.0,80,2.2,True,False,False,False,False,False,+74.772,+3.036,74.772,3.036,4095.145,96.829,,,24.342,29.566,42.921,4022.718,4052.284,4095.205,3998.316
2019,French Grand Prix,8,France,Le Castellet,0 days 01:09:51.966000,RIC,3,0 days 00:01:36.821000,22.0,2.0,,Daniel Ricciardo,,0 days 00:00:24.433000,0 days 00:00:29.725000,0 days 00:00:42.663000,0 days 01:08:39.638000,0 days 01:09:09.363000,0 days 01:09:52.026000,108.0,276.0,286.0,298.0,True,HARD,6.0,True,Renault,0 days 01:08:15.145000,,12,14.0,False,,False,True,27.8,36.7,966.6,False,56.0,93,2.0,True,True,False,False,False,False,+76.784,+2.757,76.784,2.757,4191.966,96.821,,,24.433,29.725,42.663,4119.638,4149.363,4192.026,4095.145
2019,French Grand Prix,8,France,Le Castellet,0 days 01:11:28.753000,RIC,3,0 days 00:01:36.787000,23.0,2.0,,Daniel Ricciardo,,0 days 00:00:24.467000,0 days 00:00:29.668000,0 days 00:00:42.652000,0 days 01:10:16.493000,0 days 01:10:46.161000,0 days 01:11:28.813000,102.0,278.0,287.0,301.0,True,HARD,7.0,True,Renault,0 days 01:09:51.966000,,1,14.0,False,,False,True,27.5,37.2,966.5,False,56.3,108,3.3,True,False,False,False,False,False,+78.898,+2.250,78.898,2.25,4288.753,96.787,,,24.467,29.668,42.652,4216.493,4246.161,4288.813,4191.966
2019,French Grand Prix,8,France,Le Castellet,0 days 01:13:05.549000,RIC,3,0 days 00:01:36.796000,24.0,2.0,,Daniel Ricciardo,,0 days 00:00:24.561000,0 days 00:00:29.506000,0 days 00:00:42.729000,0 days 01:11:53.374000,0 days 01:12:22.880000,0 days 01:13:05.609000,111.0,277.0,286.0,299.0,False,HARD,8.0,True,Renault,0 days 01:11:28.753000,,1,14.0,False,,False,True,27.2,37.4,966.6,False,55.2,114,3.2,True,False,False,False,False,False,+80.577,+1.899,80.577,1.899,4385.549,96.796,,,24.561,29.506,42.729,4313.374,4342.88,4385.609,4288.753
2019,French Grand Prix,8,France,Le Castellet,0 days 01:14:42.203000,RIC,3,0 days 00:01:36.654000,25.0,2.0,,Daniel Ricciardo,,0 days 00:00:24.519000,0 days 00:00:29.549000,0 days 00:00:42.586000,0 days 01:13:30.128000,0 days 01:13:59.677000,0 days 01:14:42.263000,108.0,278.0,289.0,304.0,True,HARD,9.0,True,Renault,0 days 01:13:05.549000,,1,13.0,False,,False,True,26.9,38.1,966.5,False,54.9,102,3.7,True,False,False,False,False,False,+58.324,+1.724,58.324,1.724,4482.203,96.654,,,24.519,29.549,42.586,4410.128,4439.677,4482.263,4385.549
2019,French Grand Prix,8,France,Le Castellet,0 days 01:16:18.629000,RIC,3,0 days 00:01:36.426000,26.0,2.0,,Daniel Ricciardo,,0 days 00:00:24.434000,0 days 00:00:29.492000,0 days 00:00:42.500000,0 days 01:15:06.697000,0 days 01:15:36.189000,0 days 01:16:18.689000,108.0,280.0,289.0,304.0,True,HARD,10.0,True,Renault,0 days 01:14:42.203000,,1,13.0,False,,False,True,26.6,39.0,966.6,False,54.1,12,1.6,True,False,False,False,False,False,+60.163,+1.068,60.163,1.068,4578.629,96.426,,,24.434,29.492,42.5,4506.697,4536.189,4578.689,4482.203
2019,French Grand Prix,8,France,Le Castellet,0 days 01:17:55.790000,RIC,3,0 days 00:01:37.161000,27.0,2.0,,Daniel Ricciardo,,0 days 00:00:24.411000,0 days 00:00:30.218000,0 days 00:00:42.532000,0 days 01:16:43.100000,0 days 01:17:13.318000,0 days 01:17:55.850000,109.0,275.0,288.0,334.0,False,HARD,11.0,True,Renault,0 days 01:16:18.629000,,1,12.0,False,,False,True,27.0,37.6,966.5,False,54.0,74,1.4,True,False,False,False,False,False,+62.784,+3.483,62.784,3.483,4675.79,97.161,,,24.411,30.218,42.532,4603.1,4633.318,4675.85,4578.629
2019,French Grand Prix,8,France,Le Castellet,0 days 01:19:32.142000,RIC,3,0 days 00:01:36.352000,28.0,2.0,,Daniel Ricciardo,,0 days 00:00:24.180000,0 days 00:00:29.577000,0 days 00:00:42.595000,0 days 01:18:20.030000,0 days 01:18:49.607000,0 days 01:19:32.202000,110.0,277.0,288.0,297.0,True,HARD,12.0,True,Renault,0 days 01:17:55.790000,,1,12.0,False,,False,True,27.1,37.4,966.6,False,52.0,115,2.2,True,False,False,False,False,False,+64.818,+3.088,64.818,3.088,4772.142,96.352,,,24.18,29.577,42.595,4700.03,4729.607,4772.202,4675.79
2019,French Grand Prix,8,France,Le Castellet,0 days 01:21:08.673000,RIC,3,0 days 00:01:36.531000,29.0,2.0,,Daniel Ricciardo,,0 days 00:00:24.214000,0 days 00:00:29.674000,0 days 00:00:42.643000,0 days 01:19:56.416000,0 days 01:20:26.090000,0 days 01:21:08.733000,112.0,277.0,288.0,298.0,False,HARD,13.0,True,Renault,0 days 01:19:32.142000,,1,12.0,False,,False,True,27.2,37.1,966.6,False,52.0,124,1.5,True,False,False,False,False,False,+66.798,+3.016,66.798,3.016,4868.673,96.531,,,24.214,29.674,42.643,4796.416,4826.09,4868.733,4772.142
2019,French Grand Prix,8,France,Le Castellet,0 days 01:22:44.899000,RIC,3,0 days 00:01:36.226000,30.0,2.0,,Daniel Ricciardo,,0 days 00:00:24.209000,0 days 00:00:29.595000,0 days 00:00:42.422000,0 days 01:21:32.942000,0 days 01:22:02.537000,0 days 01:22:44.959000,111.0,278.0,288.0,301.0,True,HARD,14.0,True,Renault,0 days 01:21:08.673000,,1,12.0,False,,False,True,27.3,36.7,966.7,False,52.6,104,2.4,True,False,False,False,False,False,+68.999,+2.186,68.999,2.186,4964.899,96.226,,,24.209,29.595,42.422,4892.942,4922.537,4964.959,4868.673
2019,French Grand Prix,8,France,Le Castellet,0 days 01:24:21.569000,RIC,3,0 days 00:01:36.670000,31.0,2.0,,Daniel Ricciardo,,0 days 00:00:24.397000,0 days 00:00:29.594000,0 days 00:00:42.679000,0 days 01:23:09.356000,0 days 01:23:38.950000,0 days 01:24:21.629000,110.0,278.0,289.0,301.0,False,HARD,15.0,True,Renault,0 days 01:22:44.899000,,1,12.0,False,,False,True,27.2,37.2,966.6,False,53.8,58,1.7,True,False,False,False,False,False,+71.670,+1.200,71.67,1.2,5061.569,96.67,,,24.397,29.594,42.679,4989.356,5018.95,5061.629,4964.899
2019,French Grand Prix,8,France,Le Castellet,0 days 01:25:57.802000,RIC,3,0 days 00:01:36.233000,32.0,2.0,,Daniel Ricciardo,,0 days 00:00:24.263000,0 days 00:00:29.398000,0 days 00:00:42.572000,0 days 01:24:45.892000,0 days 01:25:15.290000,0 days 01:25:57.862000,110.0,276.0,287.0,332.0,False,HARD,16.0,True,Renault,0 days 01:24:21.569000,,1,10.0,False,,False,True,27.5,36.5,966.7,False,55.5,25,1.2,True,False,False,False,False,False,+73.512,+5.170,73.512,5.17,5157.802,96.233,,,24.263,29.398,42.572,5085.892,5115.29,5157.862,5061.569
2019,French Grand Prix,8,France,Le Castellet,0 days 01:27:34.205000,RIC,3,0 days 00:01:36.403000,33.0,2.0,,Daniel Ricciardo,,0 days 00:00:24.274000,0 days 00:00:29.655000,0 days 00:00:42.474000,0 days 01:26:22.136000,0 days 01:26:51.791000,0 days 01:27:34.265000,110.0,276.0,287.0,299.0,False,HARD,17.0,True,Renault,0 days 01:25:57.802000,,1,10.0,False,,False,True,27.5,36.6,966.7,False,55.5,76,1.4,True,False,False,False,False,False,+75.054,+5.279,75.054,5.279,5254.205,96.403,,,24.274,29.655,42.474,5182.136,5211.791,5254.265,5157.802
2019,French Grand Prix,8,France,Le Castellet,0 days 01:29:10.332000,RIC,3,0 days 00:01:36.127000,34.0,2.0,,Daniel Ricciardo,,0 days 00:00:24.178000,0 days 00:00:29.532000,0 days 00:00:42.417000,0 days 01:27:58.443000,0 days 01:28:27.975000,0 days 01:29:10.392000,111.0,276.0,286.0,300.0,True,HARD,18.0,True,Renault,0 days 01:27:34.205000,,1,9.0,False,,False,True,27.6,36.6,966.7,False,56.2,15,1.7,True,False,False,False,False,False,+76.088,+5.245,76.088,5.245,5350.332,96.127,,,24.178,29.532,42.417,5278.443,5307.975,5350.392,5254.205
2019,French Grand Prix,8,France,Le Castellet,0 days 01:30:46.366000,RIC,3,0 days 00:01:36.034000,35.0,2.0,,Daniel Ricciardo,,0 days 00:00:24.095000,0 days 00:00:29.406000,0 days 00:00:42.533000,0 days 01:29:34.487000,0 days 01:30:03.893000,0 days 01:30:46.426000,110.0,277.0,285.0,301.0,True,HARD,19.0,True,Renault,0 days 01:29:10.332000,,12,9.0,False,,False,True,27.6,36.7,966.6,False,55.4,79,1.1,True,True,False,False,False,False,+77.793,+5.154,77.793,5.154,5446.366,96.034,,,24.095,29.406,42.533,5374.487,5403.893,5446.426,5350.332
2019,French Grand Prix,8,France,Le Castellet,0 days 01:32:22.198000,RIC,3,0 days 00:01:35.832000,36.0,2.0,,Daniel Ricciardo,,0 days 00:00:24.092000,0 days 00:00:29.383000,0 days 00:00:42.357000,0 days 01:31:10.518000,0 days 01:31:39.901000,0 days 01:32:22.258000,111.0,278.0,288.0,301.0,True,HARD,20.0,True,Renault,0 days 01:30:46.366000,,1,9.0,False,,False,True,27.7,36.9,966.7,False,54.1,102,1.4,True,False,False,False,False,False,+79.557,+4.618,79.557,4.618,5542.198,95.832,,,24.092,29.383,42.357,5470.518,5499.901,5542.258,5446.366
2019,French Grand Prix,8,France,Le Castellet,0 days 01:33:58.145000,RIC,3,0 days 00:01:35.947000,37.0,2.0,,Daniel Ricciardo,,0 days 00:00:24.098000,0 days 00:00:29.458000,0 days 00:00:42.391000,0 days 01:32:46.356000,0 days 01:33:15.814000,0 days 01:33:58.205000,113.0,277.0,288.0,300.0,False,HARD,21.0,True,Renault,0 days 01:32:22.198000,,1,9.0,False,,False,True,27.4,37.2,966.7,False,51.6,79,1.2,True,False,False,False,False,False,+81.447,+4.495,81.447,4.495,5638.145,95.947,,,24.098,29.458,42.391,5566.356,5595.814,5638.205,5542.198
2019,French Grand Prix,8,France,Le Castellet,0 days 01:35:34.245000,RIC,3,0 days 00:01:36.100000,38.0,2.0,,Daniel Ricciardo,,0 days 00:00:24.158000,0 days 00:00:29.512000,0 days 00:00:42.430000,0 days 01:34:22.363000,0 days 01:34:51.875000,0 days 01:35:34.305000,111.0,278.0,287.0,300.0,False,HARD,22.0,True,Renault,0 days 01:33:58.145000,,1,9.0,False,,False,True,27.2,37.1,966.8,False,53.9,121,2.4,True,False,False,False,False,False,+83.439,+4.347,83.439,4.347,5734.245,96.1,,,24.158,29.512,42.43,5662.363,5691.875,5734.305,5638.145
2019,French Grand Prix,8,France,Le Castellet,0 days 01:37:10.196000,RIC,3,0 days 00:01:35.951000,39.0,2.0,,Daniel Ricciardo,,0 days 00:00:24.163000,0 days 00:00:29.469000,0 days 00:00:42.319000,0 days 01:35:58.468000,0 days 01:36:27.937000,0 days 01:37:10.256000,113.0,277.0,286.0,299.0,False,HARD,23.0,True,Renault,0 days 01:35:34.245000,,1,8.0,False,,False,True,26.8,38.9,966.6,False,53.1,84,1.8,True,False,False,False,False,False,+84.993,+4.111,84.993,4.111,5830.196,95.951,,,24.163,29.469,42.319,5758.468,5787.937,5830.256,5734.245
2019,French Grand Prix,8,France,Le Castellet,0 days 01:38:45.774000,RIC,3,0 days 00:01:35.578000,40.0,2.0,,Daniel Ricciardo,,0 days 00:00:24.031000,0 days 00:00:29.375000,0 days 00:00:42.172000,0 days 01:37:34.287000,0 days 01:38:03.662000,0 days 01:38:45.834000,110.0,277.0,289.0,300.0,True,HARD,24.0,True,Renault,0 days 01:37:10.196000,,1,8.0,False,,False,True,26.5,39.6,966.7,False,52.6,77,1.5,True,False,False,False,False,False,+85.710,+3.981,85.71,3.981,5925.774,95.578,,,24.031,29.375,42.172,5854.287,5883.662,5925.834,5830.196
2019,French Grand Prix,8,France,Le Castellet,0 days 01:40:21.530000,RIC,3,0 days 00:01:35.756000,41.0,2.0,,Daniel Ricciardo,,0 days 00:00:24.040000,0 days 00:00:29.480000,0 days 00:00:42.236000,0 days 01:39:09.874000,0 days 01:39:39.354000,0 days 01:40:21.590000,111.0,277.0,288.0,298.0,False,HARD,25.0,True,Renault,0 days 01:38:45.774000,,1,8.0,False,,False,True,26.8,39.0,966.7,False,53.8,38,1.4,True,False,False,False,False,False,+87.804,+4.112,87.804,4.112,6021.53,95.756,,,24.04,29.48,42.236,5949.874,5979.354,6021.59,5925.774
2019,French Grand Prix,8,France,Le Castellet,0 days 01:41:56.680000,RIC,3,0 days 00:01:35.150000,42.0,2.0,,Daniel Ricciardo,,0 days 00:00:24.024000,0 days 00:00:29.317000,0 days 00:00:41.809000,0 days 01:40:45.614000,0 days 01:41:14.931000,0 days 01:41:56.740000,113.0,278.0,292.0,301.0,True,HARD,26.0,True,Renault,0 days 01:40:21.530000,,1,8.0,False,,False,True,26.3,39.8,966.7,False,53.9,109,1.3,True,False,False,False,False,False,+89.299,+3.225,89.299,3.225,6116.68,95.15,,,24.024,29.317,41.809,6045.614,6074.931,6116.74,6021.53
2019,French Grand Prix,8,France,Le Castellet,0 days 01:43:32.606000,RIC,3,0 days 00:01:35.926000,43.0,2.0,,Daniel Ricciardo,,0 days 00:00:24.074000,0 days 00:00:29.280000,0 days 00:00:42.572000,0 days 01:42:20.814000,0 days 01:42:50.094000,0 days 01:43:32.666000,111.0,280.0,288.0,303.0,False,HARD,27.0,True,Renault,0 days 01:41:56.680000,,1,8.0,False,,False,True,26.4,40.1,966.8,False,53.9,81,2.1,True,False,False,False,False,False,+90.967,+3.499,90.967,3.499,6212.606,95.926,,,24.074,29.28,42.572,6140.814,6170.094,6212.666,6116.68
2019,French Grand Prix,8,France,Le Castellet,0 days 01:45:07.960000,RIC,3,0 days 00:01:35.354000,44.0,2.0,,Daniel Ricciardo,,0 days 00:00:24.029000,0 days 00:00:29.313000,0 days 00:00:42.012000,0 days 01:43:56.695000,0 days 01:44:26.008000,0 days 01:45:08.020000,109.0,277.0,289.0,297.0,False,HARD,28.0,True,Renault,0 days 01:43:32.606000,,1,8.0,False,,False,True,26.4,40.1,966.7,False,54.5,94,1.5,True,False,False,False,False,False,+91.752,+3.074,91.752,3.074,6307.96,95.354,,,24.029,29.313,42.012,6236.695,6266.008,6308.02,6212.606
2019,French Grand Prix,8,France,Le Castellet,0 days 01:46:42.995000,RIC,3,0 days 00:01:35.035000,45.0,2.0,,Daniel Ricciardo,,0 days 00:00:23.923000,0 days 00:00:29.325000,0 days 00:00:41.787000,0 days 01:45:31.943000,0 days 01:46:01.268000,0 days 01:46:43.055000,110.0,278.0,289.0,298.0,True,HARD,29.0,True,Renault,0 days 01:45:07.960000,,1,8.0,False,,False,True,26.8,39.2,966.6,False,54.9,166,1.4,True,False,False,False,False,False,+91.848,+2.700,91.848,2.7,6402.995,95.035,,,23.923,29.325,41.787,6331.943,6361.268,6403.055,6307.96
2019,French Grand Prix,8,France,Le Castellet,0 days 01:48:17.948000,RIC,3,0 days 00:01:34.953000,46.0,2.0,,Daniel Ricciardo,,0 days 00:00:23.902000,0 days 00:00:29.298000,0 days 00:00:41.753000,0 days 01:47:06.957000,0 days 01:47:36.255000,0 days 01:48:18.008000,113.0,279.0,289.0,299.0,True,HARD,30.0,True,Renault,0 days 01:46:42.995000,,1,8.0,False,,False,True,27.1,37.8,966.6,False,55.2,128,1.6,True,False,False,False,False,False,+92.519,+2.207,92.519,2.207,6497.948,94.953,,,23.902,29.298,41.753,6426.957,6456.255,6498.008,6402.995
2019,French Grand Prix,8,France,Le Castellet,0 days 01:49:52.821000,RIC,3,0 days 00:01:34.873000,47.0,2.0,,Daniel Ricciardo,,0 days 00:00:23.892000,0 days 00:00:29.187000,0 days 00:00:41.794000,0 days 01:48:41.900000,0 days 01:49:11.087000,0 days 01:49:52.881000,111.0,278.0,288.0,300.0,True,HARD,31.0,True,Renault,0 days 01:48:17.948000,,1,8.0,False,,False,True,26.9,38.6,966.7,False,55.1,124,1.7,True,False,False,False,False,False,+93.357,+1.845,93.357,1.845,6592.821,94.873,,,23.892,29.187,41.794,6521.9,6551.087,6592.881,6497.948
2019,French Grand Prix,8,France,Le Castellet,0 days 01:51:31.011000,RIC,3,0 days 00:01:38.190000,48.0,2.0,,Daniel Ricciardo,,0 days 00:00:26.501000,0 days 00:00:29.859000,0 days 00:00:41.830000,0 days 01:50:19.382000,0 days 01:50:49.241000,0 days 01:51:31.071000,105.0,280.0,290.0,300.0,False,HARD,32.0,True,Renault,0 days 01:49:52.821000,,12,8.0,False,,False,True,27.2,36.6,966.7,False,53.7,78,1.4,True,True,False,False,False,False,1 L,+4.502,,4.502,6691.011,98.19,,,26.501,29.859,41.83,6619.382,6649.241,6691.071,6592.821
2019,French Grand Prix,8,France,Le Castellet,0 days 01:53:14.088000,RIC,3,0 days 00:01:43.077000,49.0,2.0,,Daniel Ricciardo,,0 days 00:00:23.979000,0 days 00:00:29.453000,0 days 00:00:49.645000,0 days 01:51:55.050000,0 days 01:52:24.503000,0 days 01:53:14.148000,110.0,279.0,245.0,296.0,False,HARD,33.0,True,Renault,0 days 01:51:31.011000,,1267,8.0,False,,False,False,26.8,37.7,966.7,False,55.0,86,1.8,True,True,False,False,True,True,1 L,+8.585,,8.585,6794.088,103.077,,,23.979,29.453,49.645,6715.05,6744.503,6794.148,6691.011
2019,French Grand Prix,8,France,Le Castellet,0 days 01:54:51.180000,RIC,3,0 days 00:01:37.092000,50.0,2.0,,Daniel Ricciardo,,0 days 00:00:25.893000,0 days 00:00:29.345000,0 days 00:00:41.854000,0 days 01:53:40.041000,0 days 01:54:09.386000,0 days 01:54:51.240000,112.0,280.0,300.0,301.0,False,HARD,34.0,True,Renault,0 days 01:53:14.088000,,71,8.0,False,,False,False,26.8,38.1,966.6,False,54.5,94,1.4,True,False,False,False,False,True,1 L,+0.671,,0.671,6891.18,97.092,,,25.893,29.345,41.854,6820.041,6849.386,6891.24,6794.088
2019,French Grand Prix,8,France,Le Castellet,0 days 01:56:27.152000,RIC,3,0 days 00:01:35.972000,51.0,2.0,,Daniel Ricciardo,,0 days 00:00:24.313000,0 days 00:00:29.372000,0 days 00:00:42.287000,0 days 01:55:15.553000,0 days 01:55:44.925000,0 days 01:56:27.212000,106.0,282.0,300.0,336.0,False,HARD,35.0,True,Renault,0 days 01:54:51.180000,,1,8.0,False,,False,True,26.9,38.4,966.7,False,54.3,51,1.1,True,False,False,False,False,False,1 L,+0.627,,0.627,6987.152,95.972,,,24.313,29.372,42.287,6915.553,6944.925,6987.212,6891.18
2019,French Grand Prix,8,France,Le Castellet,0 days 01:58:04.019000,RIC,3,0 days 00:01:36.867000,52.0,2.0,,Daniel Ricciardo,,0 days 00:00:24.417000,0 days 00:00:30.160000,0 days 00:00:42.290000,0 days 01:56:51.629000,0 days 01:57:21.789000,0 days 01:58:04.079000,110.0,284.0,287.0,334.0,False,HARD,36.0,True,Renault,0 days 01:56:27.152000,,1,7.0,False,,False,True,26.9,37.0,966.7,False,53.3,18,2.3,True,False,False,False,False,False,1 L,+8.958,,8.958,7084.019,96.867,,,24.417,30.16,42.29,7011.629,7041.789,7084.079,6987.152
2019,French Grand Prix,8,France,Le Castellet,0 days 00:35:11.124000,VER,33,0 days 00:01:45.972000,1.0,1.0,,Max Verstappen,,,0 days 00:00:30.463000,0 days 00:00:43.151000,,0 days 00:34:28.076000,0 days 00:35:11.389000,105.0,274.0,272.0,306.0,False,MEDIUM,6.0,False,Red Bull Racing,0 days 00:33:25.039000,,1,4.0,False,,False,False,26.4,41.4,966.7,False,55.9,120,1.8,True,False,False,False,False,False,+3.751,+1.243,3.751,1.243,2111.124,105.972,,,,30.463,43.151,,2068.076,2111.389,2005.039
2019,French Grand Prix,8,France,Le Castellet,0 days 00:36:48.376000,VER,33,0 days 00:01:37.252000,2.0,1.0,,Max Verstappen,,0 days 00:00:24.574000,0 days 00:00:29.980000,0 days 00:00:42.698000,0 days 00:35:35.698000,0 days 00:36:05.678000,0 days 00:36:48.376000,112.0,273.0,284.0,297.0,True,MEDIUM,7.0,False,Red Bull Racing,0 days 00:35:11.124000,,1,4.0,False,,False,True,26.4,41.4,966.7,False,56.1,93,1.8,True,False,False,False,False,False,+3.763,+1.217,3.763,1.217,2208.376,97.252,,,24.574,29.98,42.698,2135.698,2165.678,2208.376,2111.124
2019,French Grand Prix,8,France,Le Castellet,0 days 00:38:25.841000,VER,33,0 days 00:01:37.465000,3.0,1.0,,Max Verstappen,,0 days 00:00:24.742000,0 days 00:00:29.953000,0 days 00:00:42.770000,0 days 00:37:13.118000,0 days 00:37:43.071000,0 days 00:38:25.841000,112.0,274.0,284.0,297.0,False,MEDIUM,8.0,False,Red Bull Racing,0 days 00:36:48.376000,,1,4.0,False,,False,True,26.3,41.8,966.7,False,57.0,77,2.1,True,False,False,False,False,False,+4.452,+1.567,4.452,1.567,2305.841,97.465,,,24.742,29.953,42.77,2233.118,2263.071,2305.841,2208.376
2019,French Grand Prix,8,France,Le Castellet,0 days 00:40:02.946000,VER,33,0 days 00:01:37.105000,4.0,1.0,,Max Verstappen,,0 days 00:00:24.656000,0 days 00:00:29.713000,0 days 00:00:42.736000,0 days 00:38:50.497000,0 days 00:39:20.210000,0 days 00:40:02.946000,111.0,275.0,284.0,299.0,True,MEDIUM,9.0,False,Red Bull Racing,0 days 00:38:25.841000,,1,4.0,False,,False,True,26.7,40.4,966.8,False,56.6,83,1.1,True,False,False,False,False,False,+5.254,+1.738,5.254,1.738,2402.946,97.105,,,24.656,29.713,42.736,2330.497,2360.21,2402.946,2305.841
2019,French Grand Prix,8,France,Le Castellet,0 days 00:41:39.811000,VER,33,0 days 00:01:36.865000,5.0,1.0,,Max Verstappen,,0 days 00:00:24.489000,0 days 00:00:29.874000,0 days 00:00:42.502000,0 days 00:40:27.435000,0 days 00:40:57.309000,0 days 00:41:39.811000,112.0,275.0,283.0,295.0,True,MEDIUM,10.0,False,Red Bull Racing,0 days 00:40:02.946000,,1,4.0,False,,False,True,26.8,40.2,966.7,False,56.6,151,1.5,True,False,False,False,False,False,+6.117,+1.867,6.117,1.867,2499.811,96.865,,,24.489,29.874,42.502,2427.435,2457.309,2499.811,2402.946
2019,French Grand Prix,8,France,Le Castellet,0 days 00:43:16.238000,VER,33,0 days 00:01:36.427000,6.0,1.0,,Max Verstappen,,0 days 00:00:24.380000,0 days 00:00:29.733000,0 days 00:00:42.314000,0 days 00:42:04.191000,0 days 00:42:33.924000,0 days 00:43:16.238000,111.0,275.0,285.0,295.0,True,MEDIUM,11.0,False,Red Bull Racing,0 days 00:41:39.811000,,1,4.0,False,,False,True,26.7,41.4,966.7,False,56.4,48,2.1,True,False,False,False,False,False,+6.633,+1.737,6.633,1.737,2596.238,96.427,,,24.38,29.733,42.314,2524.191,2553.924,2596.238,2499.811
2019,French Grand Prix,8,France,Le Castellet,0 days 00:44:52.760000,VER,33,0 days 00:01:36.522000,7.0,1.0,,Max Verstappen,,0 days 00:00:24.430000,0 days 00:00:29.642000,0 days 00:00:42.450000,0 days 00:43:40.668000,0 days 00:44:10.310000,0 days 00:44:52.760000,116.0,274.0,285.0,298.0,False,MEDIUM,12.0,False,Red Bull Racing,0 days 00:43:16.238000,,1,4.0,False,,False,True,26.9,41.3,966.8,False,56.3,12,1.6,True,False,False,False,False,False,+6.860,+1.881,6.86,1.881,2692.76,96.522,,,24.43,29.642,42.45,2620.668,2650.31,2692.76,2596.238
2019,French Grand Prix,8,France,Le Castellet,0 days 00:46:29.378000,VER,33,0 days 00:01:36.618000,8.0,1.0,,Max Verstappen,,0 days 00:00:24.403000,0 days 00:00:29.702000,0 days 00:00:42.513000,0 days 00:45:17.163000,0 days 00:45:46.865000,0 days 00:46:29.378000,110.0,275.0,283.0,295.0,False,MEDIUM,13.0,False,Red Bull Racing,0 days 00:44:52.760000,,1,4.0,False,,False,True,27.3,40.3,966.7,False,56.8,184,1.1,True,False,False,False,False,False,+7.530,+2.205,7.53,2.205,2789.378,96.618,,,24.403,29.702,42.513,2717.163,2746.865,2789.378,2692.76
2019,French Grand Prix,8,France,Le Castellet,0 days 00:48:05.643000,VER,33,0 days 00:01:36.265000,9.0,1.0,,Max Verstappen,,0 days 00:00:24.281000,0 days 00:00:29.627000,0 days 00:00:42.357000,0 days 00:46:53.659000,0 days 00:47:23.286000,0 days 00:48:05.643000,113.0,275.0,283.0,295.0,True,MEDIUM,14.0,False,Red Bull Racing,0 days 00:46:29.378000,,1,4.0,False,,False,True,27.8,39.0,966.7,False,57.2,164,0.9,True,False,False,False,False,False,+8.022,+2.024,8.022,2.024,2885.643,96.265,,,24.281,29.627,42.357,2813.659,2843.286,2885.643,2789.378
2019,French Grand Prix,8,France,Le Castellet,0 days 00:49:41.996000,VER,33,0 days 00:01:36.353000,10.0,1.0,,Max Verstappen,,0 days 00:00:24.383000,0 days 00:00:29.522000,0 days 00:00:42.448000,0 days 00:48:30.026000,0 days 00:48:59.548000,0 days 00:49:41.996000,111.0,276.0,283.0,295.0,False,MEDIUM,15.0,False,Red Bull Racing,0 days 00:48:05.643000,,1,4.0,False,,False,True,27.7,38.5,966.7,False,56.9,352,1.3,True,False,False,False,False,False,+8.657,+2.195,8.657,2.195,2981.996,96.353,,,24.383,29.522,42.448,2910.026,2939.548,2981.996,2885.643
2019,French Grand Prix,8,France,Le Castellet,0 days 00:51:18.035000,VER,33,0 days 00:01:36.039000,11.0,1.0,,Max Verstappen,,0 days 00:00:24.387000,0 days 00:00:29.451000,0 days 00:00:42.201000,0 days 00:50:06.383000,0 days 00:50:35.834000,0 days 00:51:18.035000,113.0,275.0,284.0,296.0,True,MEDIUM,16.0,False,Red Bull Racing,0 days 00:49:41.996000,,1,4.0,False,,False,True,27.6,38.4,966.6,False,55.4,103,1.6,True,False,False,False,False,False,+9.207,+2.415,9.207,2.415,3078.035,96.039,,,24.387,29.451,42.201,3006.383,3035.834,3078.035,2981.996
2019,French Grand Prix,8,France,Le Castellet,0 days 00:52:54.044000,VER,33,0 days 00:01:36.009000,12.0,1.0,,Max Verstappen,,0 days 00:00:24.309000,0 days 00:00:29.375000,0 days 00:00:42.325000,0 days 00:51:42.344000,0 days 00:52:11.719000,0 days 00:52:54.044000,113.0,276.0,286.0,297.0,True,MEDIUM,17.0,False,Red Bull Racing,0 days 00:51:18.035000,,1,4.0,False,,False,True,27.4,38.5,966.6,False,55.4,104,1.5,True,False,False,False,False,False,+9.771,+2.713,9.771,2.713,3174.044,96.009,,,24.309,29.375,42.325,3102.344,3131.719,3174.044,3078.035
2019,French Grand Prix,8,France,Le Castellet,0 days 00:54:30.119000,VER,33,0 days 00:01:36.075000,13.0,1.0,,Max Verstappen,,0 days 00:00:24.226000,0 days 00:00:29.527000,0 days 00:00:42.322000,0 days 00:53:18.270000,0 days 00:53:47.797000,0 days 00:54:30.119000,114.0,274.0,283.0,296.0,False,MEDIUM,18.0,False,Red Bull Racing,0 days 00:52:54.044000,,1,4.0,False,,False,True,27.3,38.7,966.6,False,55.6,31,1.7,True,False,False,False,False,False,+10.512,+2.924,10.512,2.924,3270.119,96.075,,,24.226,29.527,42.322,3198.27,3227.797,3270.119,3174.044
2019,French Grand Prix,8,France,Le Castellet,0 days 00:56:05.995000,VER,33,0 days 00:01:35.876000,14.0,1.0,,Max Verstappen,,0 days 00:00:24.226000,0 days 00:00:29.377000,0 days 00:00:42.273000,,0 days 00:55:23.722000,0 days 00:56:05.995000,109.0,275.0,284.0,297.0,True,MEDIUM,19.0,False,Red Bull Racing,0 days 00:54:30.119000,,1,4.0,False,,False,True,27.4,38.3,966.6,False,55.1,116,0.9,True,False,False,False,False,False,+11.558,+2.989,11.558,2.989,3365.995,95.876,,,24.226,29.377,42.273,,3323.722,3365.995,3270.119
2019,French Grand Prix,8,France,Le Castellet,0 days 00:57:42.006000,VER,33,0 days 00:01:36.011000,15.0,1.0,,Max Verstappen,,0 days 00:00:24.230000,0 days 00:00:29.491000,0 days 00:00:42.290000,0 days 00:56:30.225000,0 days 00:56:59.716000,0 days 00:57:42.006000,113.0,274.0,283.0,295.0,False,MEDIUM,20.0,False,Red Bull Racing,0 days 00:56:05.995000,,1,4.0,False,,False,True,27.8,37.1,966.6,False,55.7,132,2.4,True,False,False,False,False,False,+12.747,+3.528,12.747,3.528,3462.006,96.011,,,24.23,29.491,42.29,3390.225,3419.716,3462.006,3365.995
2019,French Grand Prix,8,France,Le Castellet,0 days 00:59:18.044000,VER,33,0 days 00:01:36.038000,16.0,1.0,,Max Verstappen,,0 days 00:00:24.203000,0 days 00:00:29.530000,0 days 00:00:42.305000,0 days 00:58:06.209000,0 days 00:58:35.739000,0 days 00:59:18.044000,114.0,275.0,283.0,294.0,False,MEDIUM,21.0,False,Red Bull Racing,0 days 00:57:42.006000,,1,4.0,False,,False,True,27.2,38.6,966.6,False,54.8,106,2.6,True,False,False,False,False,False,+13.773,+3.772,13.773,3.772,3558.044,96.038,,,24.203,29.53,42.305,3486.209,3515.739,3558.044,3462.006
2019,French Grand Prix,8,France,Le Castellet,0 days 01:00:54.316000,VER,33,0 days 00:01:36.272000,17.0,1.0,,Max Verstappen,,0 days 00:00:24.348000,0 days 00:00:29.534000,0 days 00:00:42.390000,0 days 00:59:42.392000,0 days 01:00:11.926000,0 days 01:00:54.316000,109.0,274.0,283.0,296.0,False,MEDIUM,22.0,False,Red Bull Racing,0 days 00:59:18.044000,,1,4.0,False,,False,True,27.1,38.9,966.5,False,54.7,151,1.4,True,False,False,False,False,False,+14.692,+4.263,14.692,4.263,3654.316,96.272,,,24.348,29.534,42.39,3582.392,3611.926,3654.316,3558.044
2019,French Grand Prix,8,France,Le Castellet,0 days 01:02:30.498000,VER,33,0 days 00:01:36.182000,18.0,1.0,,Max Verstappen,,0 days 00:00:24.404000,0 days 00:00:29.516000,0 days 00:00:42.262000,0 days 01:01:18.720000,0 days 01:01:48.236000,0 days 01:02:30.498000,110.0,276.0,284.0,295.0,False,MEDIUM,23.0,False,Red Bull Racing,0 days 01:00:54.316000,,1,4.0,False,,False,True,27.7,37.3,966.5,False,55.9,201,2.2,True,False,False,False,False,False,+15.871,+4.904,15.871,4.904,3750.498,96.182,,,24.404,29.516,42.262,3678.72,3708.236,3750.498,3654.316
2019,French Grand Prix,8,France,Le Castellet,0 days 01:04:07.044000,VER,33,0 days 00:01:36.546000,19.0,1.0,,Max Verstappen,,0 days 00:00:24.307000,0 days 00:00:29.888000,0 days 00:00:42.351000,0 days 01:02:54.805000,0 days 01:03:24.693000,0 days 01:04:07.044000,110.0,273.0,285.0,296.0,False,MEDIUM,24.0,False,Red Bull Racing,0 days 01:02:30.498000,,1,4.0,False,,False,True,27.3,38.2,966.6,False,54.1,26,1.1,True,False,False,False,False,False,+17.392,+5.767,17.392,5.767,3847.044,96.546,,,24.307,29.888,42.351,3774.805,3804.693,3847.044,3750.498
2019,French Grand Prix,8,France,Le Castellet,0 days 01:06:03.072000,VER,33,0 days 00:01:56.028000,20.0,1.0,,Max Verstappen,0 days 01:05:34.455000,0 days 00:00:24.314000,0 days 00:00:29.592000,0 days 00:01:02.122000,0 days 01:04:31.358000,0 days 01:05:00.950000,0 days 01:06:03.072000,112.0,275.0,,297.0,False,MEDIUM,25.0,False,Red Bull Racing,0 days 01:04:07.044000,,1,5.0,False,,False,False,27.3,38.2,966.5,False,54.1,89,2.1,True,False,False,False,False,False,+18.436,+6.163,18.436,6.163,3963.072,116.028,3934.455,,24.314,29.592,62.122,3871.358,3900.95,3963.072,3847.044
2019,French Grand Prix,8,France,Le Castellet,0 days 01:07:43.268000,VER,33,0 days 00:01:40.196000,21.0,2.0,0 days 01:06:03.846000,Max Verstappen,,0 days 00:00:28.290000,0 days 00:00:29.702000,0 days 00:00:42.204000,0 days 01:06:31.362000,0 days 01:07:01.064000,0 days 01:07:43.268000,109.0,271.0,281.0,288.0,False,HARD,1.0,True,Red Bull Racing,0 days 01:06:03.072000,,1,5.0,False,,False,False,27.9,37.0,966.5,False,56.2,120,2.4,True,False,False,False,False,False,+42.845,+30.522,42.845,30.522,4063.268,100.196,,3963.846,28.29,29.702,42.204,3991.362,4021.064,4063.268,3963.072
2019,French Grand Prix,8,France,Le Castellet,0 days 01:09:18.643000,VER,33,0 days 00:01:35.375000,22.0,2.0,,Max Verstappen,,0 days 00:00:24.046000,0 days 00:00:29.340000,0 days 00:00:41.989000,0 days 01:08:07.314000,0 days 01:08:36.654000,0 days 01:09:18.643000,115.0,273.0,282.0,295.0,True,HARD,2.0,True,Red Bull Racing,0 days 01:07:43.268000,,12,5.0,False,,False,True,27.8,36.7,966.6,False,56.0,93,2.0,True,True,False,False,False,False,+43.439,+5.728,43.439,5.728,4158.643,95.375,,,24.046,29.34,41.989,4087.314,4116.654,4158.643,4063.268
2019,French Grand Prix,8,France,Le Castellet,0 days 01:10:54.390000,VER,33,0 days 00:01:35.747000,23.0,2.0,,Max Verstappen,,0 days 00:00:24.095000,0 days 00:00:29.533000,0 days 00:00:42.119000,0 days 01:09:42.738000,0 days 01:10:12.271000,0 days 01:10:54.390000,117.0,273.0,282.0,293.0,False,HARD,3.0,True,Red Bull Racing,0 days 01:09:18.643000,,1,5.0,False,,False,True,27.7,36.8,966.5,False,55.9,102,3.1,True,False,False,False,False,False,+44.499,+6.344,44.499,6.344,4254.39,95.747,,,24.095,29.533,42.119,4182.738,4212.271,4254.39,4158.643
2019,French Grand Prix,8,France,Le Castellet,0 days 01:12:29.847000,VER,33,0 days 00:01:35.457000,24.0,2.0,,Max Verstappen,,0 days 00:00:24.168000,0 days 00:00:29.373000,0 days 00:00:41.916000,0 days 01:11:18.558000,0 days 01:11:47.931000,0 days 01:12:29.847000,116.0,274.0,283.0,294.0,False,HARD,4.0,True,Red Bull Racing,0 days 01:10:54.390000,,1,5.0,False,,False,True,27.3,37.5,966.6,False,56.2,80,3.2,True,False,False,False,False,False,+45.122,+6.597,45.122,6.597,4349.847,95.457,,,24.168,29.373,41.916,4278.558,4307.931,4349.847,4254.39
2019,French Grand Prix,8,France,Le Castellet,0 days 01:14:05.402000,VER,33,0 days 00:01:35.555000,25.0,2.0,,Max Verstappen,,0 days 00:00:24.141000,0 days 00:00:29.449000,0 days 00:00:41.965000,0 days 01:12:53.988000,0 days 01:13:23.437000,0 days 01:14:05.402000,115.0,273.0,283.0,294.0,False,HARD,5.0,True,Red Bull Racing,0 days 01:12:29.847000,,1,4.0,False,,False,True,26.9,38.1,966.5,False,54.9,102,3.7,True,False,False,False,False,False,+21.487,+6.940,21.487,6.94,4445.402,95.555,,,24.141,29.449,41.965,4373.988,4403.437,4445.402,4349.847
2019,French Grand Prix,8,France,Le Castellet,0 days 01:15:40.650000,VER,33,0 days 00:01:35.248000,26.0,2.0,,Max Verstappen,,0 days 00:00:24.293000,0 days 00:00:29.104000,0 days 00:00:41.851000,0 days 01:14:29.695000,0 days 01:14:58.799000,0 days 01:15:40.650000,112.0,274.0,283.0,319.0,True,HARD,6.0,True,Red Bull Racing,0 days 01:14:05.402000,,1,4.0,False,,False,True,26.7,38.6,966.5,False,54.2,112,2.8,True,False,False,False,False,False,+22.143,+7.275,22.143,7.275,4540.65,95.248,,,24.293,29.104,41.851,4469.695,4498.799,4540.65,4445.402
2019,French Grand Prix,8,France,Le Castellet,0 days 01:17:15.595000,VER,33,0 days 00:01:34.945000,27.0,2.0,,Max Verstappen,,0 days 00:00:24.169000,0 days 00:00:28.877000,0 days 00:00:41.899000,0 days 01:16:04.819000,0 days 01:16:33.696000,0 days 01:17:15.595000,112.0,274.0,285.0,319.0,True,HARD,7.0,True,Red Bull Racing,0 days 01:15:40.650000,,1,4.0,False,,False,True,27.0,37.6,966.5,False,54.0,74,1.4,True,False,False,False,False,False,+22.574,+7.521,22.574,7.521,4635.595,94.945,,,24.169,28.877,41.899,4564.819,4593.696,4635.595,4540.65
2019,French Grand Prix,8,France,Le Castellet,0 days 01:18:50.669000,VER,33,0 days 00:01:35.074000,28.0,2.0,,Max Verstappen,,0 days 00:00:23.943000,0 days 00:00:29.397000,0 days 00:00:41.734000,0 days 01:17:39.538000,0 days 01:18:08.935000,0 days 01:18:50.669000,112.0,274.0,283.0,294.0,False,HARD,8.0,True,Red Bull Racing,0 days 01:17:15.595000,,1,4.0,False,,False,True,27.0,37.9,966.6,False,53.2,85,2.4,True,False,False,False,False,False,+23.309,+7.604,23.309,7.604,4730.669,95.074,,,23.943,29.397,41.734,4659.538,4688.935,4730.669,4635.595
2019,French Grand Prix,8,France,Le Castellet,0 days 01:20:25.768000,VER,33,0 days 00:01:35.099000,29.0,2.0,,Max Verstappen,,0 days 00:00:23.867000,0 days 00:00:29.580000,0 days 00:00:41.652000,0 days 01:19:14.536000,0 days 01:19:44.116000,0 days 01:20:25.768000,117.0,274.0,283.0,297.0,False,HARD,9.0,True,Red Bull Racing,0 days 01:18:50.669000,,1,4.0,False,,False,True,27.1,37.6,966.6,False,52.1,109,1.8,True,False,False,False,False,False,+23.855,+7.813,23.855,7.813,4825.768,95.099,,,23.867,29.58,41.652,4754.536,4784.116,4825.768,4730.669
2019,French Grand Prix,8,France,Le Castellet,0 days 01:22:00.275000,VER,33,0 days 00:01:34.507000,30.0,2.0,,Max Verstappen,,0 days 00:00:23.799000,0 days 00:00:29.223000,0 days 00:00:41.485000,0 days 01:20:49.567000,0 days 01:21:18.790000,0 days 01:22:00.275000,115.0,274.0,284.0,294.0,True,HARD,10.0,True,Red Bull Racing,0 days 01:20:25.768000,,1,4.0,False,,False,True,27.3,36.7,966.7,False,52.6,104,2.4,True,False,False,False,False,False,+24.339,+7.766,24.339,7.766,4920.275,94.507,,,23.799,29.223,41.485,4849.567,4878.79,4920.275,4825.768
2019,French Grand Prix,8,France,Le Castellet,0 days 01:23:35.021000,VER,33,0 days 00:01:34.746000,31.0,2.0,,Max Verstappen,,0 days 00:00:23.756000,0 days 00:00:29.360000,0 days 00:00:41.630000,0 days 01:22:24.031000,0 days 01:22:53.391000,0 days 01:23:35.021000,116.0,274.0,283.0,295.0,False,HARD,11.0,True,Red Bull Racing,0 days 01:22:00.275000,,1,4.0,False,,False,True,27.3,36.8,966.5,False,53.4,109,3.2,True,False,False,False,False,False,+25.076,+7.630,25.076,7.63,5015.021,94.746,,,23.756,29.36,41.63,4944.031,4973.391,5015.021,4920.275
2019,French Grand Prix,8,France,Le Castellet,0 days 01:25:09.708000,VER,33,0 days 00:01:34.687000,32.0,2.0,,Max Verstappen,,0 days 00:00:23.818000,0 days 00:00:29.348000,0 days 00:00:41.521000,0 days 01:23:58.839000,0 days 01:24:28.187000,0 days 01:25:09.708000,115.0,274.0,283.0,293.0,False,HARD,12.0,True,Red Bull Racing,0 days 01:23:35.021000,,1,4.0,False,,False,True,27.4,36.6,966.6,False,55.3,41,1.8,True,False,False,False,False,False,+25.385,+6.971,25.385,6.971,5109.708,94.687,,,23.818,29.348,41.521,5038.839,5068.187,5109.708,5015.021
2019,French Grand Prix,8,France,Le Castellet,0 days 01:26:44.297000,VER,33,0 days 00:01:34.589000,33.0,2.0,,Max Verstappen,,0 days 00:00:23.743000,0 days 00:00:29.303000,0 days 00:00:41.543000,0 days 01:25:33.451000,0 days 01:26:02.754000,0 days 01:26:44.297000,113.0,275.0,284.0,294.0,False,HARD,13.0,True,Red Bull Racing,0 days 01:25:09.708000,,1,4.0,False,,False,True,27.5,36.5,966.7,False,55.5,25,1.2,True,False,False,False,False,False,+25.117,+6.802,25.117,6.802,5204.297,94.589,,,23.743,29.303,41.543,5133.451,5162.754,5204.297,5109.708
2019,French Grand Prix,8,France,Le Castellet,0 days 01:28:18.829000,VER,33,0 days 00:01:34.532000,34.0,2.0,,Max Verstappen,,0 days 00:00:23.834000,0 days 00:00:29.246000,0 days 00:00:41.452000,0 days 01:27:08.131000,0 days 01:27:37.377000,0 days 01:28:18.829000,113.0,274.0,285.0,295.0,False,HARD,14.0,True,Red Bull Racing,0 days 01:26:44.297000,,1,4.0,False,,False,True,27.7,36.3,966.7,False,56.0,140,1.7,True,False,False,False,False,False,+24.567,+6.473,24.567,6.473,5298.829,94.532,,,23.834,29.246,41.452,5228.131,5257.377,5298.829,5204.297
2019,French Grand Prix,8,France,Le Castellet,0 days 01:29:53.607000,VER,33,0 days 00:01:34.778000,35.0,2.0,,Max Verstappen,,0 days 00:00:23.823000,0 days 00:00:29.355000,0 days 00:00:41.600000,0 days 01:28:42.652000,0 days 01:29:12.007000,0 days 01:29:53.607000,113.0,275.0,284.0,294.0,False,HARD,15.0,True,Red Bull Racing,0 days 01:28:18.829000,,1,4.0,False,,False,True,27.6,36.6,966.7,False,56.2,15,1.7,True,False,False,False,False,False,+25.038,+6.601,25.038,6.601,5393.607,94.778,,,23.823,29.355,41.6,5322.652,5352.007,5393.607,5298.829
2019,French Grand Prix,8,France,Le Castellet,0 days 01:31:28.377000,VER,33,0 days 00:01:34.770000,36.0,2.0,,Max Verstappen,,0 days 00:00:23.900000,0 days 00:00:29.287000,0 days 00:00:41.583000,0 days 01:30:17.507000,0 days 01:30:46.794000,0 days 01:31:28.377000,113.0,276.0,286.0,296.0,False,HARD,16.0,True,Red Bull Racing,0 days 01:29:53.607000,,12,4.0,False,,False,True,27.6,36.7,966.8,False,54.7,96,1.3,True,True,False,False,False,False,+25.703,+6.711,25.703,6.711,5488.377,94.77,,,23.9,29.287,41.583,5417.507,5446.794,5488.377,5393.607
2019,French Grand Prix,8,France,Le Castellet,0 days 01:33:03.214000,VER,33,0 days 00:01:34.837000,37.0,2.0,,Max Verstappen,,0 days 00:00:23.808000,0 days 00:00:29.267000,0 days 00:00:41.762000,0 days 01:31:52.185000,0 days 01:32:21.452000,0 days 01:33:03.214000,112.0,277.0,301.0,297.0,False,HARD,17.0,True,Red Bull Racing,0 days 01:31:28.377000,,1,4.0,False,,False,True,27.6,36.9,966.7,False,52.3,177,1.6,True,False,False,False,False,False,+26.639,+6.991,26.639,6.991,5583.214,94.837,,,23.808,29.267,41.762,5512.185,5541.452,5583.214,5488.377
2019,French Grand Prix,8,France,Le Castellet,0 days 01:34:37.376000,VER,33,0 days 00:01:34.162000,38.0,2.0,,Max Verstappen,,0 days 00:00:23.636000,0 days 00:00:29.180000,0 days 00:00:41.346000,0 days 01:33:26.850000,0 days 01:33:56.030000,0 days 01:34:37.376000,115.0,276.0,286.0,296.0,True,HARD,18.0,True,Red Bull Racing,0 days 01:33:03.214000,,1,4.0,False,,False,True,27.4,37.2,966.7,False,51.6,79,1.2,True,False,False,False,False,False,+26.564,+6.500,26.564,6.5,5677.376,94.162,,,23.636,29.18,41.346,5606.85,5636.03,5677.376,5583.214
2019,French Grand Prix,8,France,Le Castellet,0 days 01:36:12,VER,33,0 days 00:01:34.624000,39.0,2.0,,Max Verstappen,,0 days 00:00:23.859000,0 days 00:00:29.407000,0 days 00:00:41.358000,0 days 01:35:01.235000,0 days 01:35:30.642000,0 days 01:36:12,111.0,275.0,286.0,295.0,False,HARD,19.0,True,Red Bull Racing,0 days 01:34:37.376000,,1,4.0,False,,False,True,26.9,38.2,966.8,False,53.9,196,1.4,True,False,False,False,False,False,+26.803,+6.688,26.803,6.688,5772.0,94.624,,,23.859,29.407,41.358,5701.235,5730.642,5772.0,5677.376
2019,French Grand Prix,8,France,Le Castellet,0 days 01:37:46.197000,VER,33,0 days 00:01:34.197000,40.0,2.0,,Max Verstappen,,0 days 00:00:23.744000,0 days 00:00:29.270000,0 days 00:00:41.183000,0 days 01:36:35.744000,0 days 01:37:05.014000,0 days 01:37:46.197000,112.0,278.0,284.0,300.0,False,HARD,20.0,True,Red Bull Racing,0 days 01:36:12,,1,4.0,False,,False,True,26.8,38.9,966.6,False,53.1,84,1.8,True,False,False,False,False,False,+26.095,+7.028,26.095,7.028,5866.197,94.197,,,23.744,29.27,41.183,5795.744,5825.014,5866.197,5772.0
2019,French Grand Prix,8,France,Le Castellet,0 days 01:39:20.426000,VER,33,0 days 00:01:34.229000,41.0,2.0,,Max Verstappen,,0 days 00:00:23.656000,0 days 00:00:29.201000,0 days 00:00:41.372000,0 days 01:38:09.853000,0 days 01:38:39.054000,0 days 01:39:20.426000,115.0,275.0,285.0,297.0,False,HARD,21.0,True,Red Bull Racing,0 days 01:37:46.197000,,1,4.0,False,,False,True,26.9,38.6,966.7,False,52.6,73,1.1,True,False,False,False,False,False,+26.649,+7.067,26.649,7.067,5960.426,94.229,,,23.656,29.201,41.372,5889.853,5919.054,5960.426,5866.197
2019,French Grand Prix,8,France,Le Castellet,0 days 01:40:54.712000,VER,33,0 days 00:01:34.286000,42.0,2.0,,Max Verstappen,,0 days 00:00:23.666000,0 days 00:00:29.179000,0 days 00:00:41.441000,0 days 01:39:44.092000,0 days 01:40:13.271000,0 days 01:40:54.712000,112.0,276.0,285.0,295.0,False,HARD,22.0,True,Red Bull Racing,0 days 01:39:20.426000,,1,4.0,False,,False,True,26.7,39.1,966.7,False,53.2,95,2.8,True,False,False,False,False,False,+27.236,+6.938,27.236,6.938,6054.712,94.286,,,23.666,29.179,41.441,5984.092,6013.271,6054.712,5960.426
2019,French Grand Prix,8,France,Le Castellet,0 days 01:42:28.929000,VER,33,0 days 00:01:34.217000,43.0,2.0,,Max Verstappen,,0 days 00:00:23.721000,0 days 00:00:29.173000,0 days 00:00:41.323000,0 days 01:41:18.433000,0 days 01:41:47.606000,0 days 01:42:28.929000,113.0,276.0,285.0,295.0,False,HARD,23.0,True,Red Bull Racing,0 days 01:40:54.712000,,1,4.0,False,,False,True,26.3,39.8,966.7,False,53.9,109,1.3,True,False,False,False,False,False,+27.277,+6.330,27.277,6.33,6148.929,94.217,,,23.721,29.173,41.323,6078.433,6107.606,6148.929,6054.712
2019,French Grand Prix,8,France,Le Castellet,0 days 01:44:03.278000,VER,33,0 days 00:01:34.349000,44.0,2.0,,Max Verstappen,,0 days 00:00:23.712000,0 days 00:00:29.229000,0 days 00:00:41.408000,0 days 01:42:52.641000,0 days 01:43:21.870000,0 days 01:44:03.278000,117.0,276.0,286.0,295.0,False,HARD,24.0,True,Red Bull Racing,0 days 01:42:28.929000,,1,4.0,False,,False,True,26.5,39.9,966.6,False,54.5,83,2.5,True,False,False,False,False,False,+27.026,+6.393,27.026,6.393,6243.278,94.349,,,23.712,29.229,41.408,6172.641,6201.87,6243.278,6148.929
2019,French Grand Prix,8,France,Le Castellet,0 days 01:45:38.045000,VER,33,0 days 00:01:34.767000,45.0,2.0,,Max Verstappen,,0 days 00:00:23.805000,0 days 00:00:29.388000,0 days 00:00:41.574000,0 days 01:44:27.083000,0 days 01:44:56.471000,0 days 01:45:38.045000,113.0,276.0,287.0,297.0,False,HARD,25.0,True,Red Bull Racing,0 days 01:44:03.278000,,1,4.0,False,,False,True,26.4,40.1,966.7,False,54.5,94,1.5,True,False,False,False,False,False,+26.877,+7.242,26.877,7.242,6338.045,94.767,,,23.805,29.388,41.574,6267.083,6296.471,6338.045,6243.278
2019,French Grand Prix,8,France,Le Castellet,0 days 01:47:12.772000,VER,33,0 days 00:01:34.727000,46.0,2.0,,Max Verstappen,,0 days 00:00:23.716000,0 days 00:00:29.357000,0 days 00:00:41.654000,0 days 01:46:01.761000,0 days 01:46:31.118000,0 days 01:47:12.772000,114.0,277.0,289.0,298.0,False,HARD,26.0,True,Red Bull Racing,0 days 01:45:38.045000,,1,4.0,False,,False,True,27.0,39.0,966.8,False,55.1,182,1.1,True,False,False,False,False,False,+27.311,+7.858,27.311,7.858,6432.772,94.727,,,23.716,29.357,41.654,6361.761,6391.118,6432.772,6338.045
2019,French Grand Prix,8,France,Le Castellet,0 days 01:48:47.694000,VER,33,0 days 00:01:34.922000,47.0,2.0,,Max Verstappen,,0 days 00:00:24.178000,0 days 00:00:29.068000,0 days 00:00:41.676000,0 days 01:47:36.950000,0 days 01:48:06.018000,0 days 01:48:47.694000,109.0,276.0,288.0,325.0,False,HARD,27.0,True,Red Bull Racing,0 days 01:47:12.772000,,1,4.0,False,,False,True,27.1,37.8,966.6,False,55.2,128,1.6,True,False,False,False,False,False,+28.249,+8.480,28.249,8.48,6527.694,94.922,,,24.178,29.068,41.676,6456.95,6486.018,6527.694,6432.772
2019,French Grand Prix,8,France,Le Castellet,0 days 01:50:22.898000,VER,33,0 days 00:01:35.204000,48.0,2.0,,Max Verstappen,,0 days 00:00:23.857000,0 days 00:00:29.466000,0 days 00:00:41.881000,0 days 01:49:11.551000,0 days 01:49:41.017000,0 days 01:50:22.898000,112.0,279.0,288.0,298.0,False,HARD,28.0,True,Red Bull Racing,0 days 01:48:47.694000,,1,4.0,False,,False,True,27.0,37.6,966.7,False,54.3,29,1.2,True,False,False,False,False,False,+28.727,+9.226,28.727,9.226,6622.898,95.204,,,23.857,29.466,41.881,6551.551,6581.017,6622.898,6527.694
2019,French Grand Prix,8,France,Le Castellet,0 days 01:51:58.146000,VER,33,0 days 00:01:35.248000,49.0,2.0,,Max Verstappen,,0 days 00:00:23.949000,0 days 00:00:29.304000,0 days 00:00:41.995000,0 days 01:50:46.847000,0 days 01:51:16.151000,0 days 01:51:58.146000,108.0,279.0,285.0,300.0,False,HARD,29.0,True,Red Bull Racing,0 days 01:50:22.898000,,12,4.0,False,,False,True,27.0,37.3,966.6,False,54.0,102,1.4,True,True,False,False,False,False,+29.377,+10.215,29.377,10.215,6718.146,95.248,,,23.949,29.304,41.995,6646.847,6676.151,6718.146,6622.898
2019,French Grand Prix,8,France,Le Castellet,0 days 01:53:44.350000,VER,33,0 days 00:01:46.204000,50.0,2.0,,Max Verstappen,,0 days 00:00:24.067000,0 days 00:00:29.757000,0 days 00:00:52.380000,0 days 01:52:22.213000,0 days 01:52:51.970000,0 days 01:53:44.350000,111.0,275.0,284.0,295.0,False,HARD,30.0,True,Red Bull Racing,0 days 01:51:58.146000,,1267,4.0,False,,False,False,26.8,37.7,966.7,False,55.0,86,1.8,True,True,False,False,True,True,+36.022,+11.034,36.022,11.034,6824.35,106.204,,,24.067,29.757,52.38,6742.213,6771.97,6824.35,6718.146
2019,French Grand Prix,8,France,Le Castellet,0 days 01:55:19.670000,VER,33,0 days 00:01:35.320000,51.0,2.0,,Max Verstappen,,0 days 00:00:24.160000,0 days 00:00:29.489000,0 days 00:00:41.671000,0 days 01:54:08.510000,0 days 01:54:37.999000,0 days 01:55:19.670000,113.0,278.0,285.0,296.0,False,HARD,31.0,True,Red Bull Racing,0 days 01:53:44.350000,,1,4.0,False,,False,True,26.7,38.6,966.7,False,54.5,158,1.4,True,False,False,False,False,False,+30.729,+12.425,30.729,12.425,6919.67,95.32,,,24.16,29.489,41.671,6848.51,6877.999,6919.67,6824.35
2019,French Grand Prix,8,France,Le Castellet,0 days 01:56:55.292000,VER,33,0 days 00:01:35.622000,52.0,2.0,,Max Verstappen,,0 days 00:00:24.060000,0 days 00:00:29.638000,0 days 00:00:41.924000,0 days 01:55:43.730000,0 days 01:56:13.368000,0 days 01:56:55.292000,112.0,275.0,283.0,294.0,False,HARD,32.0,True,Red Bull Racing,0 days 01:55:19.670000,,1,4.0,False,,False,True,26.9,38.4,966.7,False,54.3,51,1.1,True,False,False,False,False,False,+31.610,+14.026,31.61,14.026,7015.292,95.622,,,24.06,29.638,41.924,6943.73,6973.368,7015.292,6919.67
2019,French Grand Prix,8,France,Le Castellet,0 days 01:58:31.255000,VER,33,0 days 00:01:35.963000,53.0,2.0,,Max Verstappen,,0 days 00:00:24.172000,0 days 00:00:29.660000,0 days 00:00:42.131000,0 days 01:57:19.464000,0 days 01:57:49.124000,0 days 01:58:31.255000,111.0,276.0,283.0,298.0,False,HARD,33.0,True,Red Bull Racing,0 days 01:56:55.292000,,1,4.0,False,,False,True,26.9,37.0,966.7,False,53.3,18,2.3,True,False,False,False,False,False,+34.817,+15.782,34.817,15.782,7111.255,95.963,,,24.172,29.66,42.131,7039.464,7069.124,7111.255,7015.292
2019,French Grand Prix,8,France,Le Castellet,0 days 00:35:13.090000,NOR,4,0 days 00:01:47.938000,1.0,1.0,,Lando Norris,,,0 days 00:00:30.247000,0 days 00:00:44.284000,,0 days 00:34:29.114000,0 days 00:35:13.358000,103.0,280.0,287.0,308.0,False,MEDIUM,6.0,False,McLaren,0 days 00:33:25.039000,,1,6.0,False,,False,False,26.4,41.4,966.7,False,55.9,120,1.8,True,False,False,False,False,False,+6.002,+0.941,6.002,0.941,2113.09,107.938,,,,30.247,44.284,,2069.114,2113.358,2005.039
2019,French Grand Prix,8,France,Le Castellet,0 days 00:36:52.265000,NOR,4,0 days 00:01:39.175000,2.0,1.0,,Lando Norris,,0 days 00:00:25.321000,0 days 00:00:30.363000,0 days 00:00:43.491000,0 days 00:35:38.485000,0 days 00:36:08.848000,0 days 00:36:52.339000,113.0,277.0,286.0,304.0,True,MEDIUM,7.0,False,McLaren,0 days 00:35:13.090000,,1,6.0,False,,False,True,26.4,41.4,966.7,False,56.1,93,1.8,True,False,False,False,False,False,+7.721,+1.150,7.721,1.15,2212.265,99.175,,,25.321,30.363,43.491,2138.485,2168.848,2212.339,2113.09
2019,French Grand Prix,8,France,Le Castellet,0 days 00:38:31.066000,NOR,4,0 days 00:01:38.801000,3.0,1.0,,Lando Norris,,0 days 00:00:25.254000,0 days 00:00:30.043000,0 days 00:00:43.504000,0 days 00:37:17.593000,0 days 00:37:47.636000,0 days 00:38:31.140000,113.0,278.0,286.0,300.0,True,MEDIUM,8.0,False,McLaren,0 days 00:36:52.265000,,1,6.0,False,,False,True,26.3,41.8,966.7,False,57.0,77,2.1,True,False,False,False,False,False,+9.752,+1.540,9.752,1.54,2311.066,98.801,,,25.254,30.043,43.504,2237.593,2267.636,2311.14,2212.265
2019,French Grand Prix,8,France,Le Castellet,0 days 00:40:09.192000,NOR,4,0 days 00:01:38.126000,4.0,1.0,,Lando Norris,,0 days 00:00:25.077000,0 days 00:00:29.899000,0 days 00:00:43.150000,0 days 00:38:56.217000,0 days 00:39:26.116000,0 days 00:40:09.266000,112.0,277.0,286.0,298.0,True,MEDIUM,9.0,False,McLaren,0 days 00:38:31.066000,,1,6.0,False,,False,True,26.7,40.4,966.8,False,56.6,83,1.1,True,False,False,False,False,False,+11.572,+1.626,11.572,1.626,2409.192,98.126,,,25.077,29.899,43.15,2336.217,2366.116,2409.266,2311.066
2019,French Grand Prix,8,France,Le Castellet,0 days 00:41:49.172000,NOR,4,0 days 00:01:39.980000,5.0,1.0,,Lando Norris,,0 days 00:00:25.053000,0 days 00:00:30.490000,0 days 00:00:44.437000,0 days 00:40:34.319000,0 days 00:41:04.809000,0 days 00:41:49.246000,110.0,284.0,285.0,298.0,False,MEDIUM,10.0,False,McLaren,0 days 00:40:09.192000,,1,7.0,False,,False,True,26.8,40.2,966.7,False,56.6,151,1.5,True,False,False,False,False,False,+15.503,+1.877,15.503,1.877,2509.172,99.98,,,25.053,30.49,44.437,2434.319,2464.809,2509.246,2409.192
2019,French Grand Prix,8,France,Le Castellet,0 days 00:43:26.851000,NOR,4,0 days 00:01:37.679000,6.0,1.0,,Lando Norris,,0 days 00:00:24.799000,0 days 00:00:29.948000,0 days 00:00:42.932000,0 days 00:42:14.045000,0 days 00:42:43.993000,0 days 00:43:26.925000,110.0,276.0,287.0,298.0,True,MEDIUM,11.0,False,McLaren,0 days 00:41:49.172000,,1,7.0,False,,False,True,26.7,41.4,966.7,False,56.4,48,2.1,True,False,False,False,False,False,+17.305,+2.220,17.305,2.22,2606.851,97.679,,,24.799,29.948,42.932,2534.045,2563.993,2606.925,2509.172
2019,French Grand Prix,8,France,Le Castellet,0 days 00:45:04.806000,NOR,4,0 days 00:01:37.955000,7.0,1.0,,Lando Norris,,0 days 00:00:24.938000,0 days 00:00:29.974000,0 days 00:00:43.043000,0 days 00:43:51.863000,0 days 00:44:21.837000,0 days 00:45:04.880000,113.0,275.0,286.0,300.0,False,MEDIUM,12.0,False,McLaren,0 days 00:43:26.851000,,1,7.0,False,,False,True,27.0,41.1,966.7,False,56.6,176,1.4,True,False,False,False,False,False,+18.947,+1.970,18.947,1.97,2704.806,97.955,,,24.938,29.974,43.043,2631.863,2661.837,2704.88,2606.851
2019,French Grand Prix,8,France,Le Castellet,0 days 00:46:42.064000,NOR,4,0 days 00:01:37.258000,8.0,1.0,,Lando Norris,,0 days 00:00:24.762000,0 days 00:00:29.776000,0 days 00:00:42.720000,0 days 00:45:29.642000,0 days 00:45:59.418000,0 days 00:46:42.138000,112.0,276.0,287.0,301.0,True,MEDIUM,13.0,False,McLaren,0 days 00:45:04.806000,,1,7.0,False,,False,True,27.3,40.3,966.7,False,56.8,184,1.1,True,False,False,False,False,False,+20.290,+1.553,20.29,1.553,2802.064,97.258,,,24.762,29.776,42.72,2729.642,2759.418,2802.138,2704.806
2019,French Grand Prix,8,France,Le Castellet,0 days 00:48:19.339000,NOR,4,0 days 00:01:37.275000,9.0,1.0,,Lando Norris,,0 days 00:00:24.779000,0 days 00:00:29.689000,0 days 00:00:42.807000,0 days 00:47:06.917000,0 days 00:47:36.606000,0 days 00:48:19.413000,112.0,278.0,287.0,300.0,False,MEDIUM,14.0,False,McLaren,0 days 00:46:42.064000,,1,7.0,False,,False,True,27.8,39.0,966.7,False,57.2,164,0.9,True,False,False,False,False,False,+21.779,+1.412,21.779,1.412,2899.339,97.275,,,24.779,29.689,42.807,2826.917,2856.606,2899.413,2802.064
2019,French Grand Prix,8,France,Le Castellet,0 days 00:49:56.814000,NOR,4,0 days 00:01:37.475000,10.0,1.0,,Lando Norris,,0 days 00:00:24.776000,0 days 00:00:29.722000,0 days 00:00:42.977000,0 days 00:48:44.189000,0 days 00:49:13.911000,0 days 00:49:56.888000,109.0,278.0,287.0,302.0,False,MEDIUM,15.0,False,McLaren,0 days 00:48:19.339000,,1,7.0,False,,False,True,27.7,37.9,966.7,False,55.4,132,1.8,True,False,False,False,False,False,+23.559,+1.333,23.559,1.333,2996.814,97.475,,,24.776,29.722,42.977,2924.189,2953.911,2996.888,2899.339
2019,French Grand Prix,8,France,Le Castellet,0 days 00:51:34.436000,NOR,4,0 days 00:01:37.622000,11.0,1.0,,Lando Norris,,0 days 00:00:24.690000,0 days 00:00:29.685000,0 days 00:00:43.247000,0 days 00:50:21.578000,0 days 00:50:51.263000,0 days 00:51:34.510000,112.0,278.0,288.0,302.0,False,MEDIUM,16.0,False,McLaren,0 days 00:49:56.814000,,1,7.0,False,,False,True,27.6,38.4,966.6,False,55.4,103,1.6,True,False,False,False,False,False,+25.675,+1.835,25.675,1.835,3094.436,97.622,,,24.69,29.685,43.247,3021.578,3051.263,3094.51,2996.814
2019,French Grand Prix,8,France,Le Castellet,0 days 00:53:11.921000,NOR,4,0 days 00:01:37.485000,12.0,1.0,,Lando Norris,,0 days 00:00:24.774000,0 days 00:00:29.695000,0 days 00:00:43.016000,0 days 00:51:59.284000,0 days 00:52:28.979000,0 days 00:53:11.995000,112.0,278.0,287.0,301.0,False,MEDIUM,17.0,False,McLaren,0 days 00:51:34.436000,,1,7.0,False,,False,True,27.3,38.8,966.6,False,55.6,87,2.1,True,False,False,False,False,False,+27.691,+1.866,27.691,1.866,3191.921,97.485,,,24.774,29.695,43.016,3119.284,3148.979,3191.995,3094.436
2019,French Grand Prix,8,France,Le Castellet,0 days 00:54:49.087000,NOR,4,0 days 00:01:37.166000,13.0,1.0,,Lando Norris,,0 days 00:00:24.756000,0 days 00:00:29.641000,0 days 00:00:42.769000,0 days 00:53:36.751000,0 days 00:54:06.392000,0 days 00:54:49.161000,113.0,278.0,288.0,300.0,True,MEDIUM,18.0,False,McLaren,0 days 00:53:11.921000,,1,7.0,False,,False,True,27.3,38.7,966.6,False,55.6,31,1.7,True,False,False,False,False,False,+29.554,+1.683,29.554,1.683,3289.087,97.166,,,24.756,29.641,42.769,3216.751,3246.392,3289.161,3191.921
2019,French Grand Prix,8,France,Le Castellet,0 days 00:56:26.174000,NOR,4,0 days 00:01:37.087000,14.0,1.0,,Lando Norris,,0 days 00:00:24.638000,0 days 00:00:29.587000,0 days 00:00:42.862000,0 days 00:55:13.799000,0 days 00:55:43.386000,0 days 00:56:26.248000,110.0,278.0,286.0,301.0,True,MEDIUM,19.0,False,McLaren,0 days 00:54:49.087000,,1,7.0,False,,False,True,27.4,38.3,966.6,False,55.1,116,0.9,True,False,False,False,False,False,+31.803,+1.419,31.803,1.419,3386.174,97.087,,,24.638,29.587,42.862,3313.799,3343.386,3386.248,3289.087
2019,French Grand Prix,8,France,Le Castellet,0 days 00:58:03.481000,NOR,4,0 days 00:01:37.307000,15.0,1.0,,Lando Norris,,0 days 00:00:24.837000,0 days 00:00:29.600000,0 days 00:00:42.870000,0 days 00:56:51.085000,0 days 00:57:20.685000,0 days 00:58:03.555000,108.0,278.0,286.0,301.0,False,MEDIUM,20.0,False,McLaren,0 days 00:56:26.174000,,1,7.0,False,,False,True,27.6,37.8,966.5,False,55.1,119,2.3,True,False,False,False,False,False,+34.301,+1.684,34.301,1.684,3483.481,97.307,,,24.837,29.6,42.87,3411.085,3440.685,3483.555,3386.174
2019,French Grand Prix,8,France,Le Castellet,0 days 00:59:40.311000,NOR,4,0 days 00:01:36.830000,16.0,1.0,,Lando Norris,,0 days 00:00:24.688000,0 days 00:00:29.582000,0 days 00:00:42.560000,0 days 00:58:28.243000,0 days 00:58:57.825000,0 days 00:59:40.385000,113.0,278.0,285.0,300.0,True,MEDIUM,21.0,False,McLaren,0 days 00:58:03.481000,,1,7.0,False,,False,True,27.2,38.6,966.6,False,54.8,106,2.6,True,False,False,False,False,False,+36.103,+1.562,36.103,1.562,3580.311,96.83,,,24.688,29.582,42.56,3508.243,3537.825,3580.385,3483.481
2019,French Grand Prix,8,France,Le Castellet,0 days 01:01:17.213000,NOR,4,0 days 00:01:36.902000,17.0,1.0,,Lando Norris,,0 days 00:00:24.731000,0 days 00:00:29.578000,0 days 00:00:42.593000,0 days 01:00:05.116000,0 days 01:00:34.694000,0 days 01:01:17.287000,109.0,278.0,288.0,300.0,False,MEDIUM,22.0,False,McLaren,0 days 00:59:40.311000,,1,7.0,False,,False,True,27.4,38.4,966.6,False,55.4,107,1.1,True,False,False,False,False,False,+37.667,+1.345,37.667,1.345,3677.213,96.902,,,24.731,29.578,42.593,3605.116,3634.694,3677.287,3580.311
2019,French Grand Prix,8,France,Le Castellet,0 days 01:03:14.200000,NOR,4,0 days 00:01:56.987000,18.0,1.0,,Lando Norris,0 days 01:02:44.481000,0 days 00:00:24.690000,0 days 00:00:29.578000,0 days 00:01:02.719000,0 days 01:01:41.977000,0 days 01:02:11.555000,0 days 01:03:14.274000,111.0,280.0,,303.0,False,MEDIUM,23.0,False,McLaren,0 days 01:01:17.213000,,1,11.0,False,,False,False,27.7,37.3,966.5,False,55.9,201,2.2,True,False,False,False,False,False,+38.596,+0.806,38.596,0.806,3794.2,116.987,3764.481,,24.69,29.578,62.719,3701.977,3731.555,3794.274,3677.213
2019,French Grand Prix,8,France,Le Castellet,0 days 01:04:54.968000,NOR,4,0 days 00:01:40.768000,19.0,2.0,0 days 01:03:14.962000,Lando Norris,,0 days 00:00:28.521000,0 days 00:00:29.751000,0 days 00:00:42.496000,0 days 01:03:42.795000,0 days 01:04:12.546000,0 days 01:04:55.042000,104.0,278.0,302.0,298.0,False,HARD,1.0,True,McLaren,0 days 01:03:14.200000,,1,12.0,False,,False,False,27.3,38.2,966.6,False,54.1,26,1.1,True,False,False,False,False,False,+65.531,+0.790,65.531,0.79,3894.968,100.768,,3794.962,28.521,29.751,42.496,3822.795,3852.546,3895.042,3794.2
2019,French Grand Prix,8,France,Le Castellet,0 days 01:06:32.316000,NOR,4,0 days 00:01:37.348000,20.0,2.0,,Lando Norris,,0 days 00:00:24.997000,0 days 00:00:29.183000,0 days 00:00:43.168000,0 days 01:05:20.039000,0 days 01:05:49.222000,0 days 01:06:32.390000,110.0,276.0,287.0,334.0,False,HARD,2.0,True,McLaren,0 days 01:04:54.968000,,1,11.0,False,,False,True,27.5,37.8,966.6,False,56.1,106,1.2,True,False,False,False,False,False,+67.843,+2.892,67.843,2.892,3992.316,97.348,,,24.997,29.183,43.168,3920.039,3949.222,3992.39,3894.968
2019,French Grand Prix,8,France,Le Castellet,0 days 01:08:09.153000,NOR,4,0 days 00:01:36.837000,21.0,2.0,,Lando Norris,,0 days 00:00:24.849000,0 days 00:00:29.458000,0 days 00:00:42.530000,0 days 01:06:57.239000,0 days 01:07:26.697000,0 days 01:08:09.227000,116.0,278.0,287.0,298.0,False,HARD,3.0,True,McLaren,0 days 01:06:32.316000,,1,11.0,False,,False,True,27.8,36.8,966.6,False,56.0,80,2.2,True,False,False,False,False,False,+68.819,+2.548,68.819,2.548,4089.153,96.837,,,24.849,29.458,42.53,4017.239,4046.697,4089.227,3992.316
2019,French Grand Prix,8,France,Le Castellet,0 days 01:09:46.304000,NOR,4,0 days 00:01:37.151000,22.0,2.0,,Lando Norris,,0 days 00:00:24.861000,0 days 00:00:29.621000,0 days 00:00:42.669000,0 days 01:08:34.088000,0 days 01:09:03.709000,0 days 01:09:46.378000,114.0,278.0,286.0,296.0,False,HARD,4.0,True,McLaren,0 days 01:08:09.153000,,12,11.0,False,,False,True,27.8,36.7,966.6,False,56.0,93,2.0,True,True,False,False,False,False,+71.157,+2.482,71.157,2.482,4186.304,97.151,,,24.861,29.621,42.669,4114.088,4143.709,4186.378,4089.153
2019,French Grand Prix,8,France,Le Castellet,0 days 01:11:23.297000,NOR,4,0 days 00:01:36.993000,23.0,2.0,,Lando Norris,,0 days 00:00:24.569000,0 days 00:00:29.586000,0 days 00:00:42.838000,0 days 01:10:10.947000,0 days 01:10:40.533000,0 days 01:11:23.371000,113.0,279.0,286.0,298.0,False,HARD,5.0,True,McLaren,0 days 01:09:46.304000,,1,11.0,False,,False,True,27.5,37.2,966.5,False,56.3,108,3.3,True,False,False,False,False,False,+73.462,+2.233,73.462,2.233,4283.297,96.993,,,24.569,29.586,42.838,4210.947,4240.533,4283.371,4186.304
2019,French Grand Prix,8,France,Le Castellet,0 days 01:13:00.180000,NOR,4,0 days 00:01:36.883000,24.0,2.0,,Lando Norris,,0 days 00:00:24.697000,0 days 00:00:29.661000,0 days 00:00:42.525000,0 days 01:11:48.068000,0 days 01:12:17.729000,0 days 01:13:00.254000,114.0,279.0,286.0,299.0,False,HARD,6.0,True,McLaren,0 days 01:11:23.297000,,1,11.0,False,,False,True,27.2,37.4,966.6,False,55.2,114,3.2,True,False,False,False,False,False,+75.317,+1.924,75.317,1.924,4380.18,96.883,,,24.697,29.661,42.525,4308.068,4337.729,4380.254,4283.297
2019,French Grand Prix,8,France,Le Castellet,0 days 01:14:36.858000,NOR,4,0 days 00:01:36.678000,25.0,2.0,,Lando Norris,,0 days 00:00:24.617000,0 days 00:00:29.559000,0 days 00:00:42.502000,0 days 01:13:24.871000,0 days 01:13:54.430000,0 days 01:14:36.932000,108.0,279.0,287.0,300.0,True,HARD,7.0,True,McLaren,0 days 01:13:00.180000,,1,10.0,False,,False,True,26.9,38.1,966.5,False,54.9,102,3.7,True,False,False,False,False,False,+53.007,+2.163,53.007,2.163,4476.858,96.678,,,24.617,29.559,42.502,4404.871,4434.43,4476.932,4380.18
2019,French Grand Prix,8,France,Le Castellet,0 days 01:16:13.465000,NOR,4,0 days 00:01:36.607000,26.0,2.0,,Lando Norris,,0 days 00:00:24.611000,0 days 00:00:29.437000,0 days 00:00:42.559000,0 days 01:15:01.543000,0 days 01:15:30.980000,0 days 01:16:13.539000,111.0,280.0,288.0,300.0,True,HARD,8.0,True,McLaren,0 days 01:14:36.858000,,1,10.0,False,,False,True,26.6,39.0,966.6,False,54.1,12,1.6,True,False,False,False,False,False,+55.033,+2.101,55.033,2.101,4573.465,96.607,,,24.611,29.437,42.559,4501.543,4530.98,4573.539,4476.858
2019,French Grand Prix,8,France,Le Castellet,0 days 01:17:50.308000,NOR,4,0 days 00:01:36.843000,27.0,2.0,,Lando Norris,,0 days 00:00:24.678000,0 days 00:00:29.549000,0 days 00:00:42.616000,0 days 01:16:38.217000,0 days 01:17:07.766000,0 days 01:17:50.382000,109.0,279.0,287.0,298.0,False,HARD,9.0,True,McLaren,0 days 01:16:13.465000,,1,10.0,False,,False,True,27.0,37.6,966.5,False,54.0,74,1.4,True,False,False,False,False,False,+57.334,+1.950,57.334,1.95,4670.308,96.843,,,24.678,29.549,42.616,4598.217,4627.766,4670.382,4573.465
2019,French Grand Prix,8,France,Le Castellet,0 days 01:19:26.751000,NOR,4,0 days 00:01:36.443000,28.0,2.0,,Lando Norris,,0 days 00:00:24.457000,0 days 00:00:29.552000,0 days 00:00:42.434000,0 days 01:18:14.839000,0 days 01:18:44.391000,0 days 01:19:26.825000,111.0,278.0,288.0,300.0,True,HARD,10.0,True,McLaren,0 days 01:17:50.308000,,1,10.0,False,,False,True,27.1,37.4,966.6,False,52.0,115,2.2,True,False,False,False,False,False,+59.452,+1.962,59.452,1.962,4766.751,96.443,,,24.457,29.552,42.434,4694.839,4724.391,4766.825,4670.308
2019,French Grand Prix,8,France,Le Castellet,0 days 01:21:03.274000,NOR,4,0 days 00:01:36.523000,29.0,2.0,,Lando Norris,,0 days 00:00:24.554000,0 days 00:00:29.522000,0 days 00:00:42.447000,0 days 01:19:51.379000,0 days 01:20:20.901000,0 days 01:21:03.348000,116.0,279.0,289.0,298.0,False,HARD,11.0,True,McLaren,0 days 01:19:26.751000,,1,10.0,False,,False,True,27.2,37.1,966.6,False,52.0,124,1.5,True,False,False,False,False,False,+61.454,+2.206,61.454,2.206,4863.274,96.523,,,24.554,29.522,42.447,4791.379,4820.901,4863.348,4766.751
2019,French Grand Prix,8,France,Le Castellet,0 days 01:22:39.831000,NOR,4,0 days 00:01:36.557000,30.0,2.0,,Lando Norris,,0 days 00:00:24.395000,0 days 00:00:29.467000,0 days 00:00:42.695000,0 days 01:21:27.743000,0 days 01:21:57.210000,0 days 01:22:39.905000,116.0,279.0,287.0,299.0,False,HARD,12.0,True,McLaren,0 days 01:21:03.274000,,1,10.0,False,,False,True,27.3,36.7,966.7,False,52.6,104,2.4,True,False,False,False,False,False,+63.958,+2.249,63.958,2.249,4959.831,96.557,,,24.395,29.467,42.695,4887.743,4917.21,4959.905,4863.274
2019,French Grand Prix,8,France,Le Castellet,0 days 01:24:16.322000,NOR,4,0 days 00:01:36.491000,31.0,2.0,,Lando Norris,,0 days 00:00:24.447000,0 days 00:00:29.477000,0 days 00:00:42.567000,0 days 01:23:04.352000,0 days 01:23:33.829000,0 days 01:24:16.396000,112.0,278.0,288.0,299.0,False,HARD,13.0,True,McLaren,0 days 01:22:39.831000,,1,9.0,False,,False,True,27.2,37.2,966.6,False,53.8,58,1.7,True,False,False,False,False,False,+66.457,+2.205,66.457,2.205,5056.322,96.491,,,24.447,29.477,42.567,4984.352,5013.829,5056.396,4959.831
2019,French Grand Prix,8,France,Le Castellet,0 days 01:25:52.568000,NOR,4,0 days 00:01:36.246000,32.0,2.0,,Lando Norris,,0 days 00:00:24.470000,0 days 00:00:29.512000,0 days 00:00:42.264000,0 days 01:24:40.866000,0 days 01:25:10.378000,0 days 01:25:52.642000,113.0,279.0,288.0,298.0,True,HARD,14.0,True,McLaren,0 days 01:24:16.322000,,1,9.0,False,,False,True,27.4,36.6,966.6,False,55.3,41,1.8,True,False,False,False,False,False,+68.342,+1.787,68.342,1.787,5152.568,96.246,,,24.47,29.512,42.264,5080.866,5110.378,5152.642,5056.322
2019,French Grand Prix,8,France,Le Castellet,0 days 01:27:28.869000,NOR,4,0 days 00:01:36.301000,33.0,2.0,,Lando Norris,,0 days 00:00:24.515000,0 days 00:00:29.490000,0 days 00:00:42.296000,0 days 01:26:17.157000,0 days 01:26:46.647000,0 days 01:27:28.943000,110.0,279.0,289.0,301.0,False,HARD,15.0,True,McLaren,0 days 01:25:52.568000,,1,9.0,False,,False,True,27.5,36.6,966.7,False,55.5,76,1.4,True,False,False,False,False,False,+69.775,+1.650,69.775,1.65,5248.869,96.301,,,24.515,29.49,42.296,5177.157,5206.647,5248.943,5152.568
2019,French Grand Prix,8,France,Le Castellet,0 days 01:29:05.106000,NOR,4,0 days 00:01:36.237000,34.0,2.0,,Lando Norris,,0 days 00:00:24.471000,0 days 00:00:29.506000,0 days 00:00:42.260000,0 days 01:27:53.414000,0 days 01:28:22.920000,0 days 01:29:05.180000,112.0,279.0,288.0,300.0,True,HARD,16.0,True,McLaren,0 days 01:27:28.869000,,1,8.0,False,,False,True,27.6,36.6,966.7,False,56.2,15,1.7,True,False,False,False,False,False,+70.927,+1.421,70.927,1.421,5345.106,96.237,,,24.471,29.506,42.26,5273.414,5302.92,5345.18,5248.869
2019,French Grand Prix,8,France,Le Castellet,0 days 01:30:41.122000,NOR,4,0 days 00:01:36.016000,35.0,2.0,,Lando Norris,,0 days 00:00:24.320000,0 days 00:00:29.365000,0 days 00:00:42.331000,0 days 01:29:29.500000,0 days 01:29:58.865000,0 days 01:30:41.196000,113.0,281.0,289.0,303.0,True,HARD,17.0,True,McLaren,0 days 01:29:05.106000,,12,8.0,False,,False,True,27.6,36.7,966.6,False,55.4,79,1.1,True,True,False,False,False,False,+72.639,+1.356,72.639,1.356,5441.122,96.016,,,24.32,29.365,42.331,5369.5,5398.865,5441.196,5345.106
2019,French Grand Prix,8,France,Le Castellet,0 days 01:32:17.534000,NOR,4,0 days 00:01:36.412000,36.0,2.0,,Lando Norris,,0 days 00:00:24.437000,0 days 00:00:29.521000,0 days 00:00:42.454000,0 days 01:31:05.633000,0 days 01:31:35.154000,0 days 01:32:17.608000,111.0,280.0,289.0,301.0,False,HARD,18.0,True,McLaren,0 days 01:30:41.122000,,1,8.0,False,,False,True,27.7,36.9,966.7,False,54.1,102,1.4,True,False,False,False,False,False,+74.939,+1.518,74.939,1.518,5537.534,96.412,,,24.437,29.521,42.454,5465.633,5495.154,5537.608,5441.122
2019,French Grand Prix,8,France,Le Castellet,0 days 01:33:53.599000,NOR,4,0 days 00:01:36.065000,37.0,2.0,,Lando Norris,,0 days 00:00:24.344000,0 days 00:00:29.509000,0 days 00:00:42.212000,0 days 01:32:41.952000,0 days 01:33:11.461000,0 days 01:33:53.673000,114.0,280.0,288.0,302.0,False,HARD,19.0,True,McLaren,0 days 01:32:17.534000,,1,8.0,False,,False,True,27.6,36.9,966.7,False,52.3,177,1.6,True,False,False,False,False,False,+76.952,+1.821,76.952,1.821,5633.599,96.065,,,24.344,29.509,42.212,5561.952,5591.461,5633.673,5537.534
2019,French Grand Prix,8,France,Le Castellet,0 days 01:35:29.845000,NOR,4,0 days 00:01:36.246000,38.0,2.0,,Lando Norris,,0 days 00:00:24.385000,0 days 00:00:29.597000,0 days 00:00:42.264000,0 days 01:34:18.058000,0 days 01:34:47.655000,0 days 01:35:29.919000,114.0,280.0,288.0,300.0,False,HARD,20.0,True,McLaren,0 days 01:33:53.599000,,1,8.0,False,,False,True,27.2,37.1,966.8,False,53.9,121,2.4,True,False,False,False,False,False,+79.092,+1.986,79.092,1.986,5729.845,96.246,,,24.385,29.597,42.264,5658.058,5687.655,5729.919,5633.599
2019,French Grand Prix,8,France,Le Castellet,0 days 01:37:06.025000,NOR,4,0 days 00:01:36.180000,39.0,2.0,,Lando Norris,,0 days 00:00:24.453000,0 days 00:00:29.583000,0 days 00:00:42.144000,0 days 01:35:54.372000,0 days 01:36:23.955000,0 days 01:37:06.099000,112.0,280.0,287.0,300.0,False,HARD,21.0,True,McLaren,0 days 01:35:29.845000,,1,7.0,False,,False,True,26.8,38.9,966.6,False,53.1,84,1.8,True,False,False,False,False,False,+80.882,+1.985,80.882,1.985,5826.025,96.18,,,24.453,29.583,42.144,5754.372,5783.955,5826.099,5729.845
2019,French Grand Prix,8,France,Le Castellet,0 days 01:38:41.749000,NOR,4,0 days 00:01:35.724000,40.0,2.0,,Lando Norris,,0 days 00:00:24.302000,0 days 00:00:29.482000,0 days 00:00:41.940000,0 days 01:37:30.401000,0 days 01:37:59.883000,0 days 01:38:41.823000,114.0,280.0,290.0,300.0,True,HARD,22.0,True,McLaren,0 days 01:37:06.025000,,1,7.0,False,,False,True,26.5,39.6,966.7,False,52.6,77,1.5,True,False,False,False,False,False,+81.729,+1.882,81.729,1.882,5921.749,95.724,,,24.302,29.482,41.94,5850.401,5879.883,5921.823,5826.025
2019,French Grand Prix,8,France,Le Castellet,0 days 01:40:17.377000,NOR,4,0 days 00:01:35.628000,41.0,2.0,,Lando Norris,,0 days 00:00:24.282000,0 days 00:00:29.402000,0 days 00:00:41.944000,0 days 01:39:06.105000,0 days 01:39:35.507000,0 days 01:40:17.451000,113.0,281.0,289.0,300.0,True,HARD,23.0,True,McLaren,0 days 01:38:41.749000,,1,7.0,False,,False,True,26.8,39.0,966.7,False,53.8,38,1.4,True,False,False,False,False,False,+83.692,+1.600,83.692,1.6,6017.377,95.628,,,24.282,29.402,41.944,5946.105,5975.507,6017.451,5921.749
2019,French Grand Prix,8,France,Le Castellet,0 days 01:41:53.452000,NOR,4,0 days 00:01:36.075000,42.0,2.0,,Lando Norris,,0 days 00:00:24.321000,0 days 00:00:29.356000,0 days 00:00:42.398000,0 days 01:40:41.772000,0 days 01:41:11.128000,0 days 01:41:53.526000,113.0,281.0,289.0,302.0,False,HARD,24.0,True,McLaren,0 days 01:40:17.377000,,1,7.0,False,,False,True,26.7,39.1,966.7,False,53.2,95,2.8,True,False,False,False,False,False,+86.074,+2.161,86.074,2.161,6113.452,96.075,,,24.321,29.356,42.398,6041.772,6071.128,6113.526,6017.377
2019,French Grand Prix,8,France,Le Castellet,0 days 01:43:29.045000,NOR,4,0 days 00:01:35.593000,43.0,2.0,,Lando Norris,,0 days 00:00:24.206000,0 days 00:00:29.534000,0 days 00:00:41.853000,0 days 01:42:17.732000,0 days 01:42:47.266000,0 days 01:43:29.119000,112.0,277.0,288.0,301.0,True,HARD,25.0,True,McLaren,0 days 01:41:53.452000,,1,7.0,False,,False,True,26.4,40.1,966.8,False,53.9,81,2.1,True,False,False,False,False,False,+87.468,+2.436,87.468,2.436,6209.045,95.593,,,24.206,29.534,41.853,6137.732,6167.266,6209.119,6113.452
2019,French Grand Prix,8,France,Le Castellet,0 days 01:45:04.835000,NOR,4,0 days 00:01:35.790000,44.0,2.0,,Lando Norris,,0 days 00:00:24.216000,0 days 00:00:29.592000,0 days 00:00:41.982000,0 days 01:43:53.335000,0 days 01:44:22.927000,0 days 01:45:04.909000,114.0,277.0,289.0,298.0,False,HARD,26.0,True,McLaren,0 days 01:43:29.045000,,1,7.0,False,,False,True,26.4,40.1,966.7,False,54.5,94,1.5,True,False,False,False,False,False,+88.678,+3.294,88.678,3.294,6304.835,95.79,,,24.216,29.592,41.982,6233.335,6262.927,6304.909,6209.045
2019,French Grand Prix,8,France,Le Castellet,0 days 01:46:40.240000,NOR,4,0 days 00:01:35.405000,45.0,2.0,,Lando Norris,,0 days 00:00:24.055000,0 days 00:00:29.488000,0 days 00:00:41.862000,0 days 01:45:28.964000,0 days 01:45:58.452000,0 days 01:46:40.314000,114.0,277.0,289.0,299.0,True,HARD,27.0,True,McLaren,0 days 01:45:04.835000,,1,7.0,False,,False,True,26.8,39.2,966.6,False,54.9,166,1.4,True,False,False,False,False,False,+89.148,+3.667,89.148,3.667,6400.24,95.405,,,24.055,29.488,41.862,6328.964,6358.452,6400.314,6304.835
2019,French Grand Prix,8,France,Le Castellet,0 days 01:48:15.747000,NOR,4,0 days 00:01:35.507000,46.0,2.0,,Lando Norris,,0 days 00:00:24.105000,0 days 00:00:29.567000,0 days 00:00:41.835000,0 days 01:47:04.419000,0 days 01:47:33.986000,0 days 01:48:15.821000,113.0,277.0,287.0,297.0,False,HARD,28.0,True,McLaren,0 days 01:46:40.240000,,1,7.0,False,,False,True,27.1,37.8,966.6,False,55.2,128,1.6,True,False,False,False,False,False,+90.312,+4.061,90.312,4.061,6495.747,95.507,,,24.105,29.567,41.835,6424.419,6453.986,6495.821,6400.24
2019,French Grand Prix,8,France,Le Castellet,0 days 01:49:50.944000,NOR,4,0 days 00:01:35.197000,47.0,2.0,,Lando Norris,,0 days 00:00:23.978000,0 days 00:00:29.482000,0 days 00:00:41.737000,0 days 01:48:39.799000,0 days 01:49:09.281000,0 days 01:49:51.018000,112.0,277.0,287.0,298.0,True,HARD,29.0,True,McLaren,0 days 01:48:15.747000,,1,7.0,False,,False,True,26.9,38.6,966.7,False,55.1,124,1.7,True,False,False,False,False,False,+91.512,+4.165,91.512,4.165,6590.944,95.197,,,23.978,29.482,41.737,6519.799,6549.281,6591.018,6495.747
2019,French Grand Prix,8,France,Le Castellet,0 days 01:51:26.467000,NOR,4,0 days 00:01:35.523000,48.0,2.0,,Lando Norris,,0 days 00:00:24.122000,0 days 00:00:29.501000,0 days 00:00:41.900000,0 days 01:50:15.140000,0 days 01:50:44.641000,0 days 01:51:26.541000,112.0,278.0,288.0,297.0,False,HARD,30.0,True,McLaren,0 days 01:49:50.944000,,12,7.0,False,,False,True,27.2,36.6,966.7,False,53.7,78,1.4,True,True,False,False,False,False,+92.376,+4.452,92.376,4.452,6686.467,95.523,,,24.122,29.501,41.9,6615.14,6644.641,6686.541,6590.944
2019,French Grand Prix,8,France,Le Castellet,0 days 01:53:08.189000,NOR,4,0 days 00:01:41.722000,49.0,2.0,,Lando Norris,,0 days 00:00:23.927000,0 days 00:00:29.686000,0 days 00:00:48.109000,0 days 01:51:50.468000,0 days 01:52:20.154000,0 days 01:53:08.263000,114.0,277.0,201.0,297.0,False,HARD,31.0,True,McLaren,0 days 01:51:26.467000,,126,7.0,False,,False,False,26.8,37.7,966.7,False,55.0,86,1.8,True,True,False,False,True,False,+93.554,+4.642,93.554,4.642,6788.189,101.722,,,23.927,29.686,48.109,6710.468,6740.154,6788.263,6686.467
2019,French Grand Prix,8,France,Le Castellet,0 days 01:54:50.671000,NOR,4,0 days 00:01:42.482000,50.0,2.0,,Lando Norris,,0 days 00:00:29,0 days 00:00:30.519000,0 days 00:00:42.963000,0 days 01:53:37.263000,0 days 01:54:07.782000,0 days 01:54:50.745000,116.0,253.0,288.0,297.0,False,HARD,32.0,True,McLaren,0 days 01:53:08.189000,,671,7.0,False,,False,False,26.8,38.1,966.6,False,54.5,94,1.4,True,False,False,False,True,True,1 L,+5.342,,5.342,6890.671,102.482,,,29.0,30.519,42.963,6817.263,6847.782,6890.745,6788.189
2019,French Grand Prix,8,France,Le Castellet,0 days 01:56:26.614000,NOR,4,0 days 00:01:35.943000,51.0,2.0,,Lando Norris,,0 days 00:00:24.098000,0 days 00:00:29.710000,0 days 00:00:42.135000,0 days 01:55:14.843000,0 days 01:55:44.553000,0 days 01:56:26.688000,112.0,278.0,284.0,310.0,False,HARD,33.0,True,McLaren,0 days 01:54:50.671000,,1,7.0,False,,False,True,26.9,38.4,966.7,False,54.3,51,1.1,True,False,False,False,False,False,1 L,+6.141,,6.141,6986.614,95.943,,,24.098,29.71,42.135,6914.843,6944.553,6986.688,6890.671
2019,French Grand Prix,8,France,Le Castellet,0 days 01:58:07.344000,NOR,4,0 days 00:01:40.730000,52.0,2.0,,Lando Norris,,0 days 00:00:24.383000,0 days 00:00:31.021000,0 days 00:00:45.326000,0 days 01:56:51.071000,0 days 01:57:22.092000,0 days 01:58:07.418000,112.0,269.0,283.0,306.0,False,HARD,34.0,True,McLaren,0 days 01:56:26.614000,,1,10.0,False,,False,True,26.9,37.0,966.7,False,53.3,18,2.3,True,False,False,False,False,False,1 L,+1.835,,1.835,7087.344,100.73,,,24.383,31.021,45.326,7011.071,7042.092,7087.418,6986.614
2019,French Grand Prix,8,France,Le Castellet,0 days 00:35:07.183000,HAM,44,0 days 00:01:42.031000,1.0,1.0,,Lewis Hamilton,,,0 days 00:00:29.624000,0 days 00:00:42.478000,,0 days 00:34:24.870000,0 days 00:35:07.483000,111.0,275.0,284.0,307.0,False,MEDIUM,5.0,False,Mercedes,0 days 00:33:25.039000,,1,1.0,False,,False,False,26.4,41.4,966.7,False,55.9,120,1.8,True,False,False,False,False,False,LAP 1,LAP 1,,,2107.183,102.031,,,,29.624,42.478,,2064.87,2107.483,2005.039
2019,French Grand Prix,8,France,Le Castellet,0 days 00:36:44.615000,HAM,44,0 days 00:01:37.432000,2.0,1.0,,Lewis Hamilton,,0 days 00:00:24.852000,0 days 00:00:30.172000,0 days 00:00:42.408000,0 days 00:35:32.091000,0 days 00:36:02.263000,0 days 00:36:44.671000,103.0,273.0,285.0,299.0,True,MEDIUM,6.0,False,Mercedes,0 days 00:35:07.183000,,1,1.0,False,,False,True,26.4,41.4,966.7,False,56.1,93,1.8,True,False,False,False,False,False,LAP 2,LAP 2,,,2204.615,97.432,,,24.852,30.172,42.408,2132.091,2162.263,2204.671,2107.183
2019,French Grand Prix,8,France,Le Castellet,0 days 00:38:21.366000,HAM,44,0 days 00:01:36.751000,3.0,1.0,,Lewis Hamilton,,0 days 00:00:24.570000,0 days 00:00:29.666000,0 days 00:00:42.515000,0 days 00:37:09.241000,0 days 00:37:38.907000,0 days 00:38:21.422000,114.0,275.0,285.0,299.0,True,MEDIUM,7.0,False,Mercedes,0 days 00:36:44.615000,,1,1.0,False,,False,True,26.3,41.8,966.7,False,57.0,77,2.1,True,False,False,False,False,False,LAP 3,LAP 3,,,2301.366,96.751,,,24.57,29.666,42.515,2229.241,2258.907,2301.422,2204.615
2019,French Grand Prix,8,France,Le Castellet,0 days 00:39:57.656000,HAM,44,0 days 00:01:36.290000,4.0,1.0,,Lewis Hamilton,,0 days 00:00:24.255000,0 days 00:00:29.640000,0 days 00:00:42.395000,0 days 00:38:45.677000,0 days 00:39:15.317000,0 days 00:39:57.712000,112.0,274.0,284.0,302.0,True,MEDIUM,8.0,False,Mercedes,0 days 00:38:21.366000,,1,1.0,False,,False,True,26.7,40.4,966.8,False,56.6,83,1.1,True,False,False,False,False,False,LAP 4,LAP 4,,,2397.656,96.29,,,24.255,29.64,42.395,2325.677,2355.317,2397.712,2301.366
2019,French Grand Prix,8,France,Le Castellet,0 days 00:41:33.635000,HAM,44,0 days 00:01:35.979000,5.0,1.0,,Lewis Hamilton,,0 days 00:00:24.282000,0 days 00:00:29.660000,0 days 00:00:42.037000,0 days 00:40:21.994000,0 days 00:40:51.654000,0 days 00:41:33.691000,113.0,275.0,285.0,302.0,True,MEDIUM,9.0,False,Mercedes,0 days 00:39:57.656000,,1,1.0,False,,False,True,26.8,40.2,966.7,False,56.6,151,1.5,True,False,False,False,False,False,LAP 5,LAP 5,,,2493.635,95.979,,,24.282,29.66,42.037,2421.994,2451.654,2493.691,2397.656
2019,French Grand Prix,8,France,Le Castellet,0 days 00:43:09.580000,HAM,44,0 days 00:01:35.945000,6.0,1.0,,Lewis Hamilton,,0 days 00:00:24.108000,0 days 00:00:29.593000,0 days 00:00:42.244000,0 days 00:41:57.799000,0 days 00:42:27.392000,0 days 00:43:09.636000,114.0,275.0,285.0,302.0,True,MEDIUM,10.0,False,Mercedes,0 days 00:41:33.635000,,1,1.0,False,,False,True,26.7,41.4,966.7,False,56.4,48,2.1,True,False,False,False,False,False,LAP 6,LAP 6,,,2589.58,95.945,,,24.108,29.593,42.244,2517.799,2547.392,2589.636,2493.635
2019,French Grand Prix,8,France,Le Castellet,0 days 00:44:45.912000,HAM,44,0 days 00:01:36.332000,7.0,1.0,,Lewis Hamilton,,0 days 00:00:24.187000,0 days 00:00:29.609000,0 days 00:00:42.536000,0 days 00:43:33.823000,0 days 00:44:03.432000,0 days 00:44:45.968000,114.0,275.0,284.0,300.0,False,MEDIUM,11.0,False,Mercedes,0 days 00:43:09.580000,,1,1.0,False,,False,True,26.9,41.3,966.8,False,56.3,12,1.6,True,False,False,False,False,False,LAP 7,LAP 7,,,2685.912,96.332,,,24.187,29.609,42.536,2613.823,2643.432,2685.968,2589.58
2019,French Grand Prix,8,France,Le Castellet,0 days 00:46:21.840000,HAM,44,0 days 00:01:35.928000,8.0,1.0,,Lewis Hamilton,,0 days 00:00:24.024000,0 days 00:00:29.517000,0 days 00:00:42.387000,0 days 00:45:09.992000,0 days 00:45:39.509000,0 days 00:46:21.896000,113.0,274.0,284.0,300.0,True,MEDIUM,12.0,False,Mercedes,0 days 00:44:45.912000,,1,1.0,False,,False,True,27.3,40.3,966.7,False,56.8,184,1.1,True,False,False,False,False,False,LAP 8,LAP 8,,,2781.84,95.928,,,24.024,29.517,42.387,2709.992,2739.509,2781.896,2685.912
2019,French Grand Prix,8,France,Le Castellet,0 days 00:47:57.581000,HAM,44,0 days 00:01:35.741000,9.0,1.0,,Lewis Hamilton,,0 days 00:00:24.011000,0 days 00:00:29.521000,0 days 00:00:42.209000,0 days 00:46:45.907000,0 days 00:47:15.428000,0 days 00:47:57.637000,112.0,274.0,286.0,300.0,True,MEDIUM,13.0,False,Mercedes,0 days 00:46:21.840000,,1,1.0,False,,False,True,27.8,39.0,966.7,False,57.2,164,0.9,True,False,False,False,False,False,LAP 9,LAP 9,,,2877.581,95.741,,,24.011,29.521,42.209,2805.907,2835.428,2877.637,2781.84
2019,French Grand Prix,8,France,Le Castellet,0 days 00:49:33.289000,HAM,44,0 days 00:01:35.708000,10.0,1.0,,Lewis Hamilton,,0 days 00:00:23.913000,0 days 00:00:29.321000,0 days 00:00:42.474000,0 days 00:48:21.550000,0 days 00:48:50.871000,0 days 00:49:33.345000,114.0,277.0,286.0,301.0,True,MEDIUM,14.0,False,Mercedes,0 days 00:47:57.581000,,1,1.0,False,,False,True,27.7,38.5,966.7,False,56.9,352,1.3,True,False,False,False,False,False,LAP 10,LAP 10,,,2973.289,95.708,,,23.913,29.321,42.474,2901.55,2930.871,2973.345,2877.581
2019,French Grand Prix,8,France,Le Castellet,0 days 00:51:08.784000,HAM,44,0 days 00:01:35.495000,11.0,1.0,,Lewis Hamilton,,0 days 00:00:23.912000,0 days 00:00:29.393000,0 days 00:00:42.190000,0 days 00:49:57.257000,0 days 00:50:26.650000,0 days 00:51:08.840000,113.0,276.0,286.0,300.0,True,MEDIUM,15.0,False,Mercedes,0 days 00:49:33.289000,,1,1.0,False,,False,True,27.6,38.4,966.6,False,55.4,103,1.6,True,False,False,False,False,False,LAP 11,LAP 11,,,3068.784,95.495,,,23.912,29.393,42.19,2997.257,3026.65,3068.84,2973.289
2019,French Grand Prix,8,France,Le Castellet,0 days 00:52:44.234000,HAM,44,0 days 00:01:35.450000,12.0,1.0,,Lewis Hamilton,,0 days 00:00:24.015000,0 days 00:00:29.273000,0 days 00:00:42.162000,0 days 00:51:32.855000,0 days 00:52:02.128000,0 days 00:52:44.290000,114.0,277.0,287.0,303.0,True,MEDIUM,16.0,False,Mercedes,0 days 00:51:08.784000,,1,1.0,False,,False,True,27.4,38.5,966.6,False,55.4,104,1.5,True,False,False,False,False,False,LAP 12,LAP 12,,,3164.234,95.45,,,24.015,29.273,42.162,3092.855,3122.128,3164.29,3068.784
2019,French Grand Prix,8,France,Le Castellet,0 days 00:54:19.573000,HAM,44,0 days 00:01:35.339000,13.0,1.0,,Lewis Hamilton,,0 days 00:00:23.849000,0 days 00:00:29.393000,0 days 00:00:42.097000,0 days 00:53:08.139000,0 days 00:53:37.532000,0 days 00:54:19.629000,115.0,276.0,287.0,300.0,True,MEDIUM,17.0,False,Mercedes,0 days 00:52:44.234000,,1,1.0,False,,False,True,27.3,38.7,966.6,False,55.6,31,1.7,True,False,False,False,False,False,LAP 13,LAP 13,,,3259.573,95.339,,,23.849,29.393,42.097,3188.139,3217.532,3259.629,3164.234
2019,French Grand Prix,8,France,Le Castellet,0 days 00:55:54.384000,HAM,44,0 days 00:01:34.811000,14.0,1.0,,Lewis Hamilton,,0 days 00:00:23.888000,0 days 00:00:29.250000,0 days 00:00:41.673000,0 days 00:54:43.517000,0 days 00:55:12.767000,0 days 00:55:54.440000,112.0,276.0,287.0,302.0,True,MEDIUM,18.0,False,Mercedes,0 days 00:54:19.573000,,1,1.0,False,,False,True,27.4,38.3,966.6,False,55.1,116,0.9,True,False,False,False,False,False,LAP 14,LAP 14,,,3354.384,94.811,,,23.888,29.25,41.673,3283.517,3312.767,3354.44,3259.573
2019,French Grand Prix,8,France,Le Castellet,0 days 00:57:29.187000,HAM,44,0 days 00:01:34.803000,15.0,1.0,,Lewis Hamilton,,0 days 00:00:23.776000,0 days 00:00:29.226000,0 days 00:00:41.801000,0 days 00:56:18.216000,0 days 00:56:47.442000,0 days 00:57:29.243000,116.0,276.0,287.0,301.0,True,MEDIUM,19.0,False,Mercedes,0 days 00:55:54.384000,,1,1.0,False,,False,True,27.8,37.1,966.6,False,55.7,132,2.4,True,False,False,False,False,False,LAP 15,LAP 15,,,3449.187,94.803,,,23.776,29.226,41.801,3378.216,3407.442,3449.243,3354.384
2019,French Grand Prix,8,France,Le Castellet,0 days 00:59:04.212000,HAM,44,0 days 00:01:35.025000,16.0,1.0,,Lewis Hamilton,,0 days 00:00:23.904000,0 days 00:00:29.254000,0 days 00:00:41.867000,0 days 00:57:53.147000,0 days 00:58:22.401000,0 days 00:59:04.268000,114.0,277.0,286.0,302.0,False,MEDIUM,20.0,False,Mercedes,0 days 00:57:29.187000,,1,1.0,False,,False,True,27.2,38.6,966.6,False,54.8,106,2.6,True,False,False,False,False,False,LAP 16,LAP 16,,,3544.212,95.025,,,23.904,29.254,41.867,3473.147,3502.401,3544.268,3449.187
2019,French Grand Prix,8,France,Le Castellet,0 days 01:00:39.543000,HAM,44,0 days 00:01:35.331000,17.0,1.0,,Lewis Hamilton,,0 days 00:00:24.017000,0 days 00:00:29.456000,0 days 00:00:41.858000,0 days 00:59:28.285000,0 days 00:59:57.741000,0 days 01:00:39.599000,107.0,277.0,287.0,302.0,False,MEDIUM,21.0,False,Mercedes,0 days 00:59:04.212000,,1,1.0,False,,False,True,27.1,38.9,966.5,False,54.7,151,1.4,True,False,False,False,False,False,LAP 17,LAP 17,,,3639.543,95.331,,,24.017,29.456,41.858,3568.285,3597.741,3639.599,3544.212
2019,French Grand Prix,8,France,Le Castellet,0 days 01:02:14.585000,HAM,44,0 days 00:01:35.042000,18.0,1.0,,Lewis Hamilton,,0 days 00:00:23.945000,0 days 00:00:29.184000,0 days 00:00:41.913000,0 days 01:01:03.544000,0 days 01:01:32.728000,0 days 01:02:14.641000,112.0,278.0,287.0,302.0,False,MEDIUM,22.0,False,Mercedes,0 days 01:00:39.543000,,1,1.0,False,,False,True,27.7,37.3,966.5,False,55.9,201,2.2,True,False,False,False,False,False,LAP 18,LAP 18,,,3734.585,95.042,,,23.945,29.184,41.913,3663.544,3692.728,3734.641,3639.543
2019,French Grand Prix,8,France,Le Castellet,0 days 01:03:49.615000,HAM,44,0 days 00:01:35.030000,19.0,1.0,,Lewis Hamilton,,0 days 00:00:23.901000,0 days 00:00:29.243000,0 days 00:00:41.886000,0 days 01:02:38.542000,0 days 01:03:07.785000,0 days 01:03:49.671000,112.0,277.0,288.0,302.0,False,MEDIUM,23.0,False,Mercedes,0 days 01:02:14.585000,,1,1.0,False,,False,True,27.7,37.1,966.6,False,56.0,59,1.5,True,False,False,False,False,False,LAP 19,LAP 19,,,3829.615,95.03,,,23.901,29.243,41.886,3758.542,3787.785,3829.671,3734.585
2019,French Grand Prix,8,France,Le Castellet,0 days 01:05:24.480000,HAM,44,0 days 00:01:34.865000,20.0,1.0,,Lewis Hamilton,,0 days 00:00:23.916000,0 days 00:00:29.298000,0 days 00:00:41.651000,0 days 01:04:13.587000,0 days 01:04:42.885000,0 days 01:05:24.536000,112.0,277.0,290.0,304.0,False,MEDIUM,24.0,False,Mercedes,0 days 01:03:49.615000,,1,1.0,False,,False,True,27.3,38.2,966.5,False,54.1,89,2.1,True,False,False,False,False,False,LAP 20,LAP 20,,,3924.48,94.865,,,23.916,29.298,41.651,3853.587,3882.885,3924.536,3829.615
2019,French Grand Prix,8,France,Le Castellet,0 days 01:07:00.307000,HAM,44,0 days 00:01:35.827000,21.0,1.0,,Lewis Hamilton,,0 days 00:00:24.168000,0 days 00:00:29.439000,0 days 00:00:42.220000,0 days 01:05:48.704000,0 days 01:06:18.143000,0 days 01:07:00.363000,106.0,282.0,291.0,313.0,False,MEDIUM,25.0,False,Mercedes,0 days 01:05:24.480000,,1,1.0,False,,False,True,27.9,37.0,966.5,False,56.2,120,2.4,True,False,False,False,False,False,LAP 21,LAP 21,,,4020.307,95.827,,,24.168,29.439,42.22,3948.704,3978.143,4020.363,3924.48
2019,French Grand Prix,8,France,Le Castellet,0 days 01:08:35.133000,HAM,44,0 days 00:01:34.826000,22.0,1.0,,Lewis Hamilton,,0 days 00:00:24.065000,0 days 00:00:28.960000,0 days 00:00:41.801000,0 days 01:07:24.428000,0 days 01:07:53.388000,0 days 01:08:35.189000,107.0,277.0,288.0,319.0,False,MEDIUM,26.0,False,Mercedes,0 days 01:07:00.307000,,1,1.0,False,,False,True,27.8,36.8,966.6,False,56.0,80,2.2,True,False,False,False,False,False,LAP 22,LAP 22,,,4115.133,94.826,,,24.065,28.96,41.801,4044.428,4073.388,4115.189,4020.307
2019,French Grand Prix,8,France,Le Castellet,0 days 01:10:09.816000,HAM,44,0 days 00:01:34.683000,23.0,1.0,,Lewis Hamilton,,0 days 00:00:23.825000,0 days 00:00:29.100000,0 days 00:00:41.758000,0 days 01:08:59.014000,0 days 01:09:28.114000,0 days 01:10:09.872000,113.0,278.0,290.0,304.0,True,MEDIUM,27.0,False,Mercedes,0 days 01:08:35.133000,,12,1.0,False,,False,True,27.7,36.8,966.5,False,55.9,102,3.1,True,True,False,False,False,False,LAP 23,LAP 23,,,4209.816,94.683,,,23.825,29.1,41.758,4139.014,4168.114,4209.872,4115.133
2019,French Grand Prix,8,France,Le Castellet,0 days 01:12:05.175000,HAM,44,0 days 00:01:55.359000,24.0,1.0,,Lewis Hamilton,0 days 01:11:35.777000,0 days 00:00:23.992000,0 days 00:00:29.274000,0 days 00:01:02.093000,0 days 01:10:33.864000,0 days 01:11:03.138000,0 days 01:12:05.231000,109.0,279.0,,303.0,False,MEDIUM,28.0,False,Mercedes,0 days 01:10:09.816000,,1,1.0,False,,False,False,27.5,37.2,966.5,False,56.3,108,3.3,True,False,False,False,False,False,LAP 24,LAP 24,,,4325.175,115.359,4295.777,,23.992,29.274,62.093,4233.864,4263.138,4325.231,4209.816
2019,French Grand Prix,8,France,Le Castellet,0 days 01:13:43.885000,HAM,44,0 days 00:01:38.710000,25.0,2.0,0 days 01:12:05.953000,Lewis Hamilton,,0 days 00:00:27.444000,0 days 00:00:29.333000,0 days 00:00:41.933000,0 days 01:12:32.675000,0 days 01:13:02.008000,0 days 01:13:43.941000,110.0,276.0,285.0,301.0,False,HARD,1.0,True,Mercedes,0 days 01:12:05.175000,,1,1.0,False,,False,False,27.2,37.4,966.6,False,55.2,114,3.2,True,False,False,False,False,False,LAP 25,LAP 25,,,4423.885,98.71,,4325.953,27.444,29.333,41.933,4352.675,4382.008,4423.941,4325.175
2019,French Grand Prix,8,France,Le Castellet,0 days 01:15:18.466000,HAM,44,0 days 00:01:34.581000,26.0,2.0,,Lewis Hamilton,,0 days 00:00:23.765000,0 days 00:00:29.232000,0 days 00:00:41.584000,0 days 01:14:07.706000,0 days 01:14:36.938000,0 days 01:15:18.522000,115.0,276.0,286.0,299.0,True,HARD,2.0,True,Mercedes,0 days 01:13:43.885000,,1,1.0,False,,False,True,26.7,38.6,966.5,False,54.2,112,2.8,True,False,False,False,False,False,LAP 26,LAP 26,,,4518.466,94.581,,,23.765,29.232,41.584,4447.706,4476.938,4518.522,4423.885
2019,French Grand Prix,8,France,Le Castellet,0 days 01:16:52.970000,HAM,44,0 days 00:01:34.504000,27.0,2.0,,Lewis Hamilton,,0 days 00:00:23.854000,0 days 00:00:29.129000,0 days 00:00:41.521000,0 days 01:15:42.376000,0 days 01:16:11.505000,0 days 01:16:53.026000,117.0,277.0,288.0,304.0,True,HARD,3.0,True,Mercedes,0 days 01:15:18.466000,,1,1.0,False,,False,True,26.6,39.0,966.6,False,54.1,12,1.6,True,False,False,False,False,False,LAP 27,LAP 27,,,4612.97,94.504,,,23.854,29.129,41.521,4542.376,4571.505,4613.026,4518.466
2019,French Grand Prix,8,France,Le Castellet,0 days 01:18:27.289000,HAM,44,0 days 00:01:34.319000,28.0,2.0,,Lewis Hamilton,,0 days 00:00:23.744000,0 days 00:00:29.097000,0 days 00:00:41.478000,0 days 01:17:16.770000,0 days 01:17:45.867000,0 days 01:18:27.345000,117.0,278.0,290.0,302.0,True,HARD,4.0,True,Mercedes,0 days 01:16:52.970000,,1,1.0,False,,False,True,27.0,37.9,966.6,False,53.2,85,2.4,True,False,False,False,False,False,LAP 28,LAP 28,,,4707.289,94.319,,,23.744,29.097,41.478,4636.77,4665.867,4707.345,4612.97
2019,French Grand Prix,8,France,Le Castellet,0 days 01:20:01.855000,HAM,44,0 days 00:01:34.566000,29.0,2.0,,Lewis Hamilton,,0 days 00:00:23.967000,0 days 00:00:29.050000,0 days 00:00:41.549000,0 days 01:18:51.312000,0 days 01:19:20.362000,0 days 01:20:01.911000,113.0,276.0,288.0,322.0,False,HARD,5.0,True,Mercedes,0 days 01:18:27.289000,,1,1.0,False,,False,True,27.1,37.6,966.6,False,52.1,109,1.8,True,False,False,False,False,False,LAP 29,LAP 29,,,4801.855,94.566,,,23.967,29.05,41.549,4731.312,4760.362,4801.911,4707.289
2019,French Grand Prix,8,France,Le Castellet,0 days 01:21:35.881000,HAM,44,0 days 00:01:34.026000,30.0,2.0,,Lewis Hamilton,,0 days 00:00:23.585000,0 days 00:00:29.030000,0 days 00:00:41.411000,0 days 01:20:25.496000,0 days 01:20:54.526000,0 days 01:21:35.937000,117.0,277.0,288.0,303.0,True,HARD,6.0,True,Mercedes,0 days 01:20:01.855000,,1,1.0,False,,False,True,27.2,37.1,966.6,False,52.0,124,1.5,True,False,False,False,False,False,LAP 30,LAP 30,,,4895.881,94.026,,,23.585,29.03,41.411,4825.496,4854.526,4895.937,4801.855
2019,French Grand Prix,8,France,Le Castellet,0 days 01:23:09.884000,HAM,44,0 days 00:01:34.003000,31.0,2.0,,Lewis Hamilton,,0 days 00:00:23.512000,0 days 00:00:29.122000,0 days 00:00:41.369000,0 days 01:21:59.449000,0 days 01:22:28.571000,0 days 01:23:09.940000,114.0,277.0,288.0,303.0,True,HARD,7.0,True,Mercedes,0 days 01:21:35.881000,,1,1.0,False,,False,True,27.3,36.8,966.5,False,53.4,109,3.2,True,False,False,False,False,False,LAP 31,LAP 31,,,4989.884,94.003,,,23.512,29.122,41.369,4919.449,4948.571,4989.94,4895.881
2019,French Grand Prix,8,France,Le Castellet,0 days 01:24:44.258000,HAM,44,0 days 00:01:34.374000,32.0,2.0,,Lewis Hamilton,,0 days 00:00:23.726000,0 days 00:00:29.156000,0 days 00:00:41.492000,0 days 01:23:33.666000,0 days 01:24:02.822000,0 days 01:24:44.314000,113.0,277.0,284.0,301.0,False,HARD,8.0,True,Mercedes,0 days 01:23:09.884000,,1,1.0,False,,False,True,27.2,37.2,966.6,False,53.8,58,1.7,True,False,False,False,False,False,LAP 32,LAP 32,,,5084.258,94.374,,,23.726,29.156,41.492,5013.666,5042.822,5084.314,4989.884
2019,French Grand Prix,8,France,Le Castellet,0 days 01:26:19.017000,HAM,44,0 days 00:01:34.759000,33.0,2.0,,Lewis Hamilton,,0 days 00:00:23.885000,0 days 00:00:29.135000,0 days 00:00:41.739000,0 days 01:25:08.199000,0 days 01:25:37.334000,0 days 01:26:19.073000,114.0,278.0,300.0,299.0,False,HARD,9.0,True,Mercedes,0 days 01:24:44.258000,,1,1.0,False,,False,True,27.5,36.5,966.7,False,55.5,25,1.2,True,False,False,False,False,False,LAP 33,LAP 33,,,5179.017,94.759,,,23.885,29.135,41.739,5108.199,5137.334,5179.073,5084.258
2019,French Grand Prix,8,France,Le Castellet,0 days 01:27:54.202000,HAM,44,0 days 00:01:35.185000,34.0,2.0,,Lewis Hamilton,,0 days 00:00:24.250000,0 days 00:00:29.303000,0 days 00:00:41.632000,0 days 01:26:43.323000,0 days 01:27:12.626000,0 days 01:27:54.258000,110.0,278.0,290.0,300.0,False,HARD,10.0,True,Mercedes,0 days 01:26:19.017000,,1,1.0,False,,False,True,27.5,36.6,966.7,False,55.5,76,1.4,True,False,False,False,False,False,LAP 34,LAP 34,,,5274.202,95.185,,,24.25,29.303,41.632,5203.323,5232.626,5274.258,5179.017
2019,French Grand Prix,8,France,Le Castellet,0 days 01:29:28.528000,HAM,44,0 days 00:01:34.326000,35.0,2.0,,Lewis Hamilton,,0 days 00:00:23.732000,0 days 00:00:29.154000,0 days 00:00:41.440000,0 days 01:28:17.990000,0 days 01:28:47.144000,0 days 01:29:28.584000,114.0,277.0,288.0,298.0,False,HARD,11.0,True,Mercedes,0 days 01:27:54.202000,,1,1.0,False,,False,True,27.6,36.6,966.7,False,56.2,15,1.7,True,False,False,False,False,False,LAP 35,LAP 35,,,5368.528,94.326,,,23.732,29.154,41.44,5297.99,5327.144,5368.584,5274.202
2019,French Grand Prix,8,France,Le Castellet,0 days 01:31:02.626000,HAM,44,0 days 00:01:34.098000,36.0,2.0,,Lewis Hamilton,,0 days 00:00:23.650000,0 days 00:00:29.045000,0 days 00:00:41.403000,0 days 01:29:52.234000,0 days 01:30:21.279000,0 days 01:31:02.682000,114.0,278.0,288.0,301.0,False,HARD,12.0,True,Mercedes,0 days 01:29:28.528000,,12,1.0,False,,False,True,27.6,36.7,966.8,False,54.7,96,1.3,True,True,False,False,False,False,LAP 36,LAP 36,,,5462.626,94.098,,,23.65,29.045,41.403,5392.234,5421.279,5462.682,5368.528
2019,French Grand Prix,8,France,Le Castellet,0 days 01:32:36.685000,HAM,44,0 days 00:01:34.059000,37.0,2.0,,Lewis Hamilton,,0 days 00:00:23.558000,0 days 00:00:28.965000,0 days 00:00:41.536000,0 days 01:31:26.240000,0 days 01:31:55.205000,0 days 01:32:36.741000,114.0,279.0,289.0,301.0,False,HARD,13.0,True,Mercedes,0 days 01:31:02.626000,,1,1.0,False,,False,True,27.7,36.9,966.7,False,54.1,102,1.4,True,False,False,False,False,False,LAP 37,LAP 37,,,5556.685,94.059,,,23.558,28.965,41.536,5486.24,5515.205,5556.741,5462.626
2019,French Grand Prix,8,France,Le Castellet,0 days 01:34:10.749000,HAM,44,0 days 00:01:34.064000,38.0,2.0,,Lewis Hamilton,,0 days 00:00:23.659000,0 days 00:00:28.900000,0 days 00:00:41.505000,0 days 01:33:00.400000,0 days 01:33:29.300000,0 days 01:34:10.805000,112.0,280.0,293.0,301.0,False,HARD,14.0,True,Mercedes,0 days 01:32:36.685000,,1,1.0,False,,False,True,27.4,37.2,966.7,False,51.6,79,1.2,True,False,False,False,False,False,LAP 38,LAP 38,,,5650.749,94.064,,,23.659,28.9,41.505,5580.4,5609.3,5650.805,5556.685
2019,French Grand Prix,8,France,Le Castellet,0 days 01:35:45.156000,HAM,44,0 days 00:01:34.407000,39.0,2.0,,Lewis Hamilton,,0 days 00:00:23.845000,0 days 00:00:29.150000,0 days 00:00:41.412000,0 days 01:34:34.650000,0 days 01:35:03.800000,0 days 01:35:45.212000,110.0,279.0,290.0,300.0,False,HARD,15.0,True,Mercedes,0 days 01:34:10.749000,,1,1.0,False,,False,True,27.2,37.1,966.8,False,53.9,121,2.4,True,False,False,False,False,False,LAP 39,LAP 39,,,5745.156,94.407,,,23.845,29.15,41.412,5674.65,5703.8,5745.212,5650.749
2019,French Grand Prix,8,France,Le Castellet,0 days 01:37:19.968000,HAM,44,0 days 00:01:34.812000,40.0,2.0,,Lewis Hamilton,,0 days 00:00:23.627000,0 days 00:00:28.964000,0 days 00:00:42.221000,0 days 01:36:08.839000,0 days 01:36:37.803000,0 days 01:37:20.024000,111.0,280.0,298.0,302.0,False,HARD,16.0,True,Mercedes,0 days 01:35:45.156000,,1,1.0,False,,False,True,26.8,38.9,966.6,False,53.1,84,1.8,True,False,False,False,False,False,LAP 40,LAP 40,,,5839.968,94.812,,,23.627,28.964,42.221,5768.839,5797.803,5840.024,5745.156
2019,French Grand Prix,8,France,Le Castellet,0 days 01:38:53.692000,HAM,44,0 days 00:01:33.724000,41.0,2.0,,Lewis Hamilton,,0 days 00:00:23.423000,0 days 00:00:28.976000,0 days 00:00:41.325000,0 days 01:37:43.447000,0 days 01:38:12.423000,0 days 01:38:53.748000,111.0,279.0,292.0,307.0,True,HARD,17.0,True,Mercedes,0 days 01:37:19.968000,,1,1.0,False,,False,True,26.9,38.6,966.7,False,52.6,73,1.1,True,False,False,False,False,False,LAP 41,LAP 41,,,5933.692,93.724,,,23.423,28.976,41.325,5863.447,5892.423,5933.748,5839.968
2019,French Grand Prix,8,France,Le Castellet,0 days 01:40:27.412000,HAM,44,0 days 00:01:33.720000,42.0,2.0,,Lewis Hamilton,,0 days 00:00:23.720000,0 days 00:00:28.717000,0 days 00:00:41.283000,0 days 01:39:17.468000,0 days 01:39:46.185000,0 days 01:40:27.468000,111.0,279.0,290.0,323.0,True,HARD,18.0,True,Mercedes,0 days 01:38:53.692000,,1,1.0,False,,False,True,26.8,39.0,966.7,False,53.8,38,1.4,True,False,False,False,False,False,LAP 42,LAP 42,,,6027.412,93.72,,,23.72,28.717,41.283,5957.468,5986.185,6027.468,5933.692
2019,French Grand Prix,8,France,Le Castellet,0 days 01:42:01.576000,HAM,44,0 days 00:01:34.164000,43.0,2.0,,Lewis Hamilton,,0 days 00:00:23.707000,0 days 00:00:28.883000,0 days 00:00:41.574000,0 days 01:40:51.175000,0 days 01:41:20.058000,0 days 01:42:01.632000,110.0,280.0,293.0,304.0,False,HARD,19.0,True,Mercedes,0 days 01:40:27.412000,,1,1.0,False,,False,True,26.3,39.8,966.7,False,53.9,109,1.3,True,False,False,False,False,False,LAP 43,LAP 43,,,6121.576,94.164,,,23.707,28.883,41.574,6051.175,6080.058,6121.632,6027.412
2019,French Grand Prix,8,France,Le Castellet,0 days 01:43:36.177000,HAM,44,0 days 00:01:34.601000,44.0,2.0,,Lewis Hamilton,,0 days 00:00:23.896000,0 days 00:00:29.076000,0 days 00:00:41.629000,0 days 01:42:25.528000,0 days 01:42:54.604000,0 days 01:43:36.233000,110.0,280.0,293.0,302.0,False,HARD,20.0,True,Mercedes,0 days 01:42:01.576000,,1,1.0,False,,False,True,26.4,40.1,966.8,False,53.9,81,2.1,True,False,False,False,False,False,LAP 44,LAP 44,,,6216.177,94.601,,,23.896,29.076,41.629,6145.528,6174.604,6216.233,6121.576
2019,French Grand Prix,8,France,Le Castellet,0 days 01:45:11.099000,HAM,44,0 days 00:01:34.922000,45.0,2.0,,Lewis Hamilton,,0 days 00:00:24.155000,0 days 00:00:29.300000,0 days 00:00:41.467000,0 days 01:44:00.388000,0 days 01:44:29.688000,0 days 01:45:11.155000,108.0,281.0,293.0,305.0,False,HARD,21.0,True,Mercedes,0 days 01:43:36.177000,,1,1.0,False,,False,True,26.4,40.1,966.7,False,54.5,94,1.5,True,False,False,False,False,False,LAP 45,LAP 45,,,6311.099,94.922,,,24.155,29.3,41.467,6240.388,6269.688,6311.155,6216.177
2019,French Grand Prix,8,France,Le Castellet,0 days 01:46:45.384000,HAM,44,0 days 00:01:34.285000,46.0,2.0,,Lewis Hamilton,,0 days 00:00:23.598000,0 days 00:00:29.011000,0 days 00:00:41.676000,0 days 01:45:34.753000,0 days 01:46:03.764000,0 days 01:46:45.440000,108.0,284.0,293.0,304.0,False,HARD,22.0,True,Mercedes,0 days 01:45:11.099000,,1,1.0,False,,False,True,26.8,39.2,966.6,False,54.9,166,1.4,True,False,False,False,False,False,LAP 46,LAP 46,,,6405.384,94.285,,,23.598,29.011,41.676,6334.753,6363.764,6405.44,6311.099
2019,French Grand Prix,8,France,Le Castellet,0 days 01:48:19.421000,HAM,44,0 days 00:01:34.037000,47.0,2.0,,Lewis Hamilton,,0 days 00:00:23.592000,0 days 00:00:28.925000,0 days 00:00:41.520000,0 days 01:47:09.032000,0 days 01:47:37.957000,0 days 01:48:19.477000,110.0,279.0,291.0,300.0,False,HARD,23.0,True,Mercedes,0 days 01:46:45.384000,,1,1.0,False,,False,True,27.1,37.8,966.6,False,55.2,128,1.6,True,False,False,False,False,False,LAP 47,LAP 47,,,6499.421,94.037,,,23.592,28.925,41.52,6429.032,6457.957,6499.477,6405.384
2019,French Grand Prix,8,France,Le Castellet,0 days 01:49:54.159000,HAM,44,0 days 00:01:34.738000,48.0,2.0,,Lewis Hamilton,,0 days 00:00:23.780000,0 days 00:00:29.052000,0 days 00:00:41.906000,0 days 01:48:43.257000,0 days 01:49:12.309000,0 days 01:49:54.215000,109.0,278.0,289.0,303.0,False,HARD,24.0,True,Mercedes,0 days 01:48:19.421000,,1,1.0,False,,False,True,26.9,38.6,966.7,False,55.1,124,1.7,True,False,False,False,False,False,LAP 48,LAP 48,,,6594.159,94.738,,,23.78,29.052,41.906,6523.257,6552.309,6594.215,6499.421
2019,French Grand Prix,8,France,Le Castellet,0 days 01:51:28.693000,HAM,44,0 days 00:01:34.534000,49.0,2.0,,Lewis Hamilton,,0 days 00:00:23.950000,0 days 00:00:29.042000,0 days 00:00:41.542000,0 days 01:50:18.165000,0 days 01:50:47.207000,0 days 01:51:28.749000,114.0,280.0,290.0,298.0,False,HARD,25.0,True,Mercedes,0 days 01:49:54.159000,,12,1.0,False,,False,True,27.2,36.6,966.7,False,53.7,78,1.4,True,True,False,False,False,False,LAP 49,LAP 49,,,6688.693,94.534,,,23.95,29.042,41.542,6618.165,6647.207,6688.749,6594.159
2019,French Grand Prix,8,France,Le Castellet,0 days 01:53:11.386000,HAM,44,0 days 00:01:42.693000,50.0,2.0,,Lewis Hamilton,,0 days 00:00:23.851000,0 days 00:00:29.392000,0 days 00:00:49.450000,0 days 01:51:52.600000,0 days 01:52:21.992000,0 days 01:53:11.442000,115.0,276.0,205.0,302.0,False,HARD,26.0,True,Mercedes,0 days 01:51:28.693000,,1267,1.0,False,,False,False,26.8,37.7,966.7,False,55.0,86,1.8,True,True,False,False,True,True,LAP 50,LAP 50,,,6791.386,102.693,,,23.851,29.392,49.45,6712.6,6741.992,6791.442,6688.693
2019,French Grand Prix,8,France,Le Castellet,0 days 01:54:48.896000,HAM,44,0 days 00:01:37.510000,51.0,2.0,,Lewis Hamilton,,0 days 00:00:27.054000,0 days 00:00:29.179000,0 days 00:00:41.277000,0 days 01:53:38.496000,0 days 01:54:07.675000,0 days 01:54:48.952000,111.0,279.0,290.0,307.0,False,HARD,27.0,True,Mercedes,0 days 01:53:11.386000,,71,1.0,False,,False,False,26.8,38.1,966.6,False,54.5,94,1.4,True,False,False,False,False,True,LAP 51,LAP 51,,,6888.896,97.51,,,27.054,29.179,41.277,6818.496,6847.675,6888.952,6791.386
2019,French Grand Prix,8,France,Le Castellet,0 days 01:56:23.586000,HAM,44,0 days 00:01:34.690000,52.0,2.0,,Lewis Hamilton,,0 days 00:00:23.762000,0 days 00:00:29.207000,0 days 00:00:41.721000,0 days 01:55:12.714000,0 days 01:55:41.921000,0 days 01:56:23.642000,110.0,276.0,291.0,296.0,False,HARD,28.0,True,Mercedes,0 days 01:54:48.896000,,1,1.0,False,,False,True,26.9,38.4,966.7,False,54.3,51,1.1,True,False,False,False,False,False,LAP 52,LAP 52,,,6983.586,94.69,,,23.762,29.207,41.721,6912.714,6941.921,6983.642,6888.896
2019,French Grand Prix,8,France,Le Castellet,0 days 01:57:56.350000,HAM,44,0 days 00:01:32.764000,53.0,2.0,,Lewis Hamilton,,0 days 00:00:23.373000,0 days 00:00:28.659000,0 days 00:00:40.732000,0 days 01:56:47.015000,0 days 01:57:15.674000,0 days 01:57:56.406000,114.0,282.0,290.0,306.0,True,HARD,29.0,True,Mercedes,0 days 01:56:23.586000,,1,1.0,False,,False,True,26.9,37.0,966.7,False,53.3,18,2.3,True,False,False,False,False,False,LAP 53,LAP 53,,,7076.35,92.764,,,23.373,28.659,40.732,7007.015,7035.674,7076.406,6983.586
2019,French Grand Prix,8,France,Le Castellet,0 days 00:35:13.416000,VET,5,0 days 00:01:48.264000,1.0,1.0,,Sebastian Vettel,,,0 days 00:00:30.791000,0 days 00:00:43.713000,,0 days 00:34:29.851000,0 days 00:35:13.734000,106.0,276.0,294.0,313.0,False,MEDIUM,4.0,False,Ferrari,0 days 00:33:25.039000,,1,7.0,False,,False,False,26.4,41.4,966.7,False,55.9,120,1.8,True,False,False,False,False,False,+6.406,+0.404,6.406,0.404,2113.416,108.264,,,,30.791,43.713,,2069.851,2113.734,2005.039
2019,French Grand Prix,8,France,Le Castellet,0 days 00:36:52.770000,VET,5,0 days 00:01:39.354000,2.0,1.0,,Sebastian Vettel,,0 days 00:00:25.612000,0 days 00:00:30.302000,0 days 00:00:43.440000,0 days 00:35:39.104000,0 days 00:36:09.406000,0 days 00:36:52.846000,107.0,280.0,292.0,303.0,True,MEDIUM,5.0,False,Ferrari,0 days 00:35:13.416000,,1,7.0,False,,False,True,26.4,41.4,966.7,False,56.1,93,1.8,True,False,False,False,False,False,+8.269,+0.548,8.269,0.548,2212.77,99.354,,,25.612,30.302,43.44,2139.104,2169.406,2212.846,2113.416
2019,French Grand Prix,8,France,Le Castellet,0 days 00:38:31.520000,VET,5,0 days 00:01:38.750000,3.0,1.0,,Sebastian Vettel,,0 days 00:00:25.444000,0 days 00:00:29.837000,0 days 00:00:43.469000,0 days 00:37:18.290000,0 days 00:37:48.127000,0 days 00:38:31.596000,112.0,281.0,303.0,323.0,True,MEDIUM,6.0,False,Ferrari,0 days 00:36:52.770000,,1,7.0,False,,False,True,26.3,41.8,966.7,False,57.0,77,2.1,True,False,False,False,False,False,+10.355,+0.603,10.355,0.603,2311.52,98.75,,,25.444,29.837,43.469,2238.29,2268.127,2311.596,2212.77
2019,French Grand Prix,8,France,Le Castellet,0 days 00:40:09.767000,VET,5,0 days 00:01:38.247000,4.0,1.0,,Sebastian Vettel,,0 days 00:00:25.381000,0 days 00:00:29.707000,0 days 00:00:43.159000,0 days 00:38:56.977000,0 days 00:39:26.684000,0 days 00:40:09.843000,112.0,281.0,302.0,330.0,True,MEDIUM,7.0,False,Ferrari,0 days 00:38:31.520000,,1,7.0,False,,False,True,26.7,40.4,966.8,False,56.6,83,1.1,True,False,False,False,False,False,+12.299,+0.727,12.299,0.727,2409.767,98.247,,,25.381,29.707,43.159,2336.977,2366.684,2409.843,2311.52
2019,French Grand Prix,8,France,Le Castellet,0 days 00:41:47.230000,VET,5,0 days 00:01:37.463000,5.0,1.0,,Sebastian Vettel,,0 days 00:00:25.213000,0 days 00:00:29.553000,0 days 00:00:42.697000,0 days 00:40:35.056000,0 days 00:41:04.609000,0 days 00:41:47.306000,109.0,278.0,288.0,341.0,True,MEDIUM,8.0,False,Ferrari,0 days 00:40:09.767000,,1,6.0,False,,False,True,26.8,40.2,966.7,False,56.6,151,1.5,True,False,False,False,False,False,+13.626,+1.536,13.626,1.536,2507.23,97.463,,,25.213,29.553,42.697,2435.056,2464.609,2507.306,2409.767
2019,French Grand Prix,8,France,Le Castellet,0 days 00:43:24.500000,VET,5,0 days 00:01:37.270000,6.0,1.0,,Sebastian Vettel,,0 days 00:00:24.848000,0 days 00:00:29.812000,0 days 00:00:42.610000,0 days 00:42:12.154000,0 days 00:42:41.966000,0 days 00:43:24.576000,110.0,279.0,301.0,303.0,True,MEDIUM,9.0,False,Ferrari,0 days 00:41:47.230000,,1,6.0,False,,False,True,26.7,41.4,966.7,False,56.4,48,2.1,True,False,False,False,False,False,+15.085,+0.861,15.085,0.861,2604.5,97.27,,,24.848,29.812,42.61,2532.154,2561.966,2604.576,2507.23
2019,French Grand Prix,8,France,Le Castellet,0 days 00:45:01.266000,VET,5,0 days 00:01:36.766000,7.0,1.0,,Sebastian Vettel,,0 days 00:00:25.057000,0 days 00:00:29.274000,0 days 00:00:42.435000,0 days 00:43:49.633000,0 days 00:44:18.907000,0 days 00:45:01.342000,113.0,276.0,286.0,336.0,True,MEDIUM,10.0,False,Ferrari,0 days 00:43:24.500000,,1,5.0,False,,False,True,27.0,41.1,966.7,False,56.6,176,1.4,True,False,False,False,False,False,+15.413,+8.553,15.413,8.553,2701.266,96.766,,,25.057,29.274,42.435,2629.633,2658.907,2701.342,2604.5
2019,French Grand Prix,8,France,Le Castellet,0 days 00:46:37.419000,VET,5,0 days 00:01:36.153000,8.0,1.0,,Sebastian Vettel,,0 days 00:00:24.449000,0 days 00:00:29.537000,0 days 00:00:42.167000,0 days 00:45:25.791000,0 days 00:45:55.328000,0 days 00:46:37.495000,113.0,277.0,285.0,300.0,True,MEDIUM,11.0,False,Ferrari,0 days 00:45:01.266000,,1,5.0,False,,False,True,27.3,40.3,966.7,False,56.8,184,1.1,True,False,False,False,False,False,+15.629,+8.099,15.629,8.099,2797.419,96.153,,,24.449,29.537,42.167,2725.791,2755.328,2797.495,2701.266
2019,French Grand Prix,8,France,Le Castellet,0 days 00:48:13.581000,VET,5,0 days 00:01:36.162000,9.0,1.0,,Sebastian Vettel,,0 days 00:00:24.391000,0 days 00:00:29.471000,0 days 00:00:42.300000,0 days 00:47:01.886000,0 days 00:47:31.357000,0 days 00:48:13.657000,116.0,278.0,285.0,300.0,False,MEDIUM,12.0,False,Ferrari,0 days 00:46:37.419000,,1,5.0,False,,False,True,27.8,39.0,966.7,False,57.2,164,0.9,True,False,False,False,False,False,+16.021,+7.999,16.021,7.999,2893.581,96.162,,,24.391,29.471,42.3,2821.886,2851.357,2893.657,2797.419
2019,French Grand Prix,8,France,Le Castellet,0 days 00:49:49.739000,VET,5,0 days 00:01:36.158000,10.0,1.0,,Sebastian Vettel,,0 days 00:00:24.375000,0 days 00:00:29.484000,0 days 00:00:42.299000,0 days 00:48:38.032000,0 days 00:49:07.516000,0 days 00:49:49.815000,115.0,278.0,286.0,298.0,False,MEDIUM,13.0,False,Ferrari,0 days 00:48:13.581000,,1,5.0,False,,False,True,27.7,38.5,966.7,False,56.9,352,1.3,True,False,False,False,False,False,+16.465,+7.808,16.465,7.808,2989.739,96.158,,,24.375,29.484,42.299,2918.032,2947.516,2989.815,2893.581
2019,French Grand Prix,8,France,Le Castellet,0 days 00:51:25.430000,VET,5,0 days 00:01:35.691000,11.0,1.0,,Sebastian Vettel,,0 days 00:00:24.225000,0 days 00:00:29.314000,0 days 00:00:42.152000,0 days 00:50:14.040000,0 days 00:50:43.354000,0 days 00:51:25.506000,113.0,277.0,286.0,303.0,True,MEDIUM,14.0,False,Ferrari,0 days 00:49:49.739000,,1,5.0,False,,False,True,27.6,38.4,966.6,False,55.4,103,1.6,True,False,False,False,False,False,+16.670,+7.463,16.67,7.463,3085.43,95.691,,,24.225,29.314,42.152,3014.04,3043.354,3085.506,2989.739
2019,French Grand Prix,8,France,Le Castellet,0 days 00:53:00.873000,VET,5,0 days 00:01:35.443000,12.0,1.0,,Sebastian Vettel,,0 days 00:00:24.192000,0 days 00:00:29.315000,0 days 00:00:41.936000,0 days 00:51:49.698000,0 days 00:52:19.013000,0 days 00:53:00.949000,112.0,278.0,287.0,304.0,True,MEDIUM,15.0,False,Ferrari,0 days 00:51:25.430000,,1,5.0,False,,False,True,27.3,38.8,966.6,False,55.6,87,2.1,True,False,False,False,False,False,+16.660,+6.889,16.66,6.889,3180.873,95.443,,,24.192,29.315,41.936,3109.698,3139.013,3180.949,3085.43
2019,French Grand Prix,8,France,Le Castellet,0 days 00:54:36.700000,VET,5,0 days 00:01:35.827000,13.0,1.0,,Sebastian Vettel,,0 days 00:00:24.329000,0 days 00:00:29.481000,0 days 00:00:42.017000,0 days 00:53:25.278000,0 days 00:53:54.759000,0 days 00:54:36.776000,115.0,277.0,287.0,304.0,False,MEDIUM,16.0,False,Ferrari,0 days 00:53:00.873000,,1,5.0,False,,False,True,27.3,38.7,966.6,False,55.6,31,1.7,True,False,False,False,False,False,+17.168,+6.656,17.168,6.656,3276.7,95.827,,,24.329,29.481,42.017,3205.278,3234.759,3276.776,3180.873
2019,French Grand Prix,8,France,Le Castellet,0 days 00:56:12.170000,VET,5,0 days 00:01:35.470000,14.0,1.0,,Sebastian Vettel,,0 days 00:00:24.241000,0 days 00:00:29.285000,0 days 00:00:41.944000,0 days 00:55:01.017000,0 days 00:55:30.302000,0 days 00:56:12.246000,112.0,278.0,287.0,305.0,False,MEDIUM,17.0,False,Ferrari,0 days 00:54:36.700000,,1,5.0,False,,False,True,27.4,38.3,966.6,False,55.1,116,0.9,True,False,False,False,False,False,+17.817,+6.259,17.817,6.259,3372.17,95.47,,,24.241,29.285,41.944,3301.017,3330.302,3372.246,3276.7
2019,French Grand Prix,8,France,Le Castellet,0 days 00:57:47.536000,VET,5,0 days 00:01:35.366000,15.0,1.0,,Sebastian Vettel,,0 days 00:00:24.090000,0 days 00:00:29.318000,0 days 00:00:41.958000,0 days 00:56:36.336000,0 days 00:57:05.654000,0 days 00:57:47.612000,114.0,277.0,287.0,305.0,True,MEDIUM,18.0,False,Ferrari,0 days 00:56:12.170000,,1,5.0,False,,False,True,27.8,37.1,966.6,False,55.7,132,2.4,True,False,False,False,False,False,+18.365,+5.618,18.365,5.618,3467.536,95.366,,,24.09,29.318,41.958,3396.336,3425.654,3467.612,3372.17
2019,French Grand Prix,8,France,Le Castellet,0 days 00:59:23.253000,VET,5,0 days 00:01:35.717000,16.0,1.0,,Sebastian Vettel,,0 days 00:00:24.434000,0 days 00:00:29.424000,0 days 00:00:41.859000,0 days 00:58:12.046000,0 days 00:58:41.470000,0 days 00:59:23.329000,110.0,278.0,286.0,304.0,False,MEDIUM,19.0,False,Ferrari,0 days 00:57:47.536000,,1,5.0,False,,False,True,27.2,38.6,966.6,False,54.8,106,2.6,True,False,False,False,False,False,+19.058,+5.285,19.058,5.285,3563.253,95.717,,,24.434,29.424,41.859,3492.046,3521.47,3563.329,3467.536
2019,French Grand Prix,8,France,Le Castellet,0 days 01:00:59.012000,VET,5,0 days 00:01:35.759000,17.0,1.0,,Sebastian Vettel,,0 days 00:00:24.322000,0 days 00:00:29.399000,0 days 00:00:42.038000,0 days 00:59:47.651000,0 days 01:00:17.050000,0 days 01:00:59.088000,110.0,278.0,287.0,305.0,False,MEDIUM,20.0,False,Ferrari,0 days 00:59:23.253000,,1,5.0,False,,False,True,27.4,38.4,966.6,False,55.4,107,1.1,True,False,False,False,False,False,+19.477,+4.785,19.477,4.785,3659.012,95.759,,,24.322,29.399,42.038,3587.651,3617.05,3659.088,3563.253
2019,French Grand Prix,8,France,Le Castellet,0 days 01:02:34.492000,VET,5,0 days 00:01:35.480000,18.0,1.0,,Sebastian Vettel,,0 days 00:00:24.273000,0 days 00:00:29.334000,0 days 00:00:41.873000,0 days 01:01:23.361000,0 days 01:01:52.695000,0 days 01:02:34.568000,109.0,279.0,288.0,305.0,False,MEDIUM,21.0,False,Ferrari,0 days 01:00:59.012000,,1,5.0,False,,False,True,27.7,37.3,966.5,False,55.9,201,2.2,True,False,False,False,False,False,+19.943,+4.072,19.943,4.072,3754.492,95.48,,,24.273,29.334,41.873,3683.361,3712.695,3754.568,3659.012
2019,French Grand Prix,8,France,Le Castellet,0 days 01:04:10.391000,VET,5,0 days 00:01:35.899000,19.0,1.0,,Sebastian Vettel,,0 days 00:00:24.362000,0 days 00:00:29.454000,0 days 00:00:42.083000,0 days 01:02:58.930000,0 days 01:03:28.384000,0 days 01:04:10.467000,107.0,278.0,289.0,305.0,False,MEDIUM,22.0,False,Ferrari,0 days 01:02:34.492000,,1,5.0,False,,False,True,27.3,38.2,966.6,False,54.1,26,1.1,True,False,False,False,False,False,+20.823,+3.431,20.823,3.431,3850.391,95.899,,,24.362,29.454,42.083,3778.93,3808.384,3850.467,3754.492
2019,French Grand Prix,8,France,Le Castellet,0 days 01:05:46.431000,VET,5,0 days 00:01:36.040000,20.0,1.0,,Sebastian Vettel,,0 days 00:00:24.327000,0 days 00:00:29.434000,0 days 00:00:42.279000,0 days 01:04:34.794000,0 days 01:05:04.228000,0 days 01:05:46.507000,114.0,279.0,287.0,306.0,False,MEDIUM,23.0,False,Ferrari,0 days 01:04:10.391000,,1,4.0,False,,False,True,27.3,38.2,966.5,False,54.1,89,2.1,True,False,False,False,False,False,+21.958,+3.474,21.958,3.474,3946.431,96.04,,,24.327,29.434,42.279,3874.794,3904.228,3946.507,3850.391
2019,French Grand Prix,8,France,Le Castellet,0 days 01:07:21.995000,VET,5,0 days 00:01:35.564000,21.0,1.0,,Sebastian Vettel,,0 days 00:00:24.300000,0 days 00:00:29.295000,0 days 00:00:41.969000,0 days 01:06:10.807000,0 days 01:06:40.102000,0 days 01:07:22.071000,115.0,278.0,288.0,305.0,False,MEDIUM,24.0,False,Ferrari,0 days 01:05:46.431000,,1,3.0,False,,False,True,27.9,37.0,966.5,False,56.2,120,2.4,True,False,False,False,False,False,+21.689,+9.090,21.689,9.09,4041.995,95.564,,,24.3,29.295,41.969,3970.807,4000.102,4042.071,3946.431
2019,French Grand Prix,8,France,Le Castellet,0 days 01:08:57.853000,VET,5,0 days 00:01:35.858000,22.0,1.0,,Sebastian Vettel,,0 days 00:00:24.365000,0 days 00:00:29.463000,0 days 00:00:42.030000,0 days 01:07:46.436000,0 days 01:08:15.899000,0 days 01:08:57.929000,111.0,277.0,286.0,301.0,False,MEDIUM,25.0,False,Ferrari,0 days 01:07:21.995000,,12,3.0,False,,False,True,27.8,36.7,966.6,False,56.0,93,2.0,True,True,False,False,False,False,+22.715,+14.975,22.715,14.975,4137.853,95.858,,,24.365,29.463,42.03,4066.436,4095.899,4137.929,4041.995
2019,French Grand Prix,8,France,Le Castellet,0 days 01:10:34.049000,VET,5,0 days 00:01:36.196000,23.0,1.0,,Sebastian Vettel,,0 days 00:00:24.554000,0 days 00:00:29.491000,0 days 00:00:42.151000,0 days 01:09:22.483000,0 days 01:09:51.974000,0 days 01:10:34.125000,113.0,278.0,286.0,300.0,False,MEDIUM,26.0,False,Ferrari,0 days 01:08:57.853000,,21,2.0,False,,False,True,27.7,36.8,966.5,False,55.9,102,3.1,True,True,False,False,False,False,+24.227,+15.056,24.227,15.056,4234.049,96.196,,,24.554,29.491,42.151,4162.483,4191.974,4234.125,4137.853
2019,French Grand Prix,8,France,Le Castellet,0 days 01:12:09.717000,VET,5,0 days 00:01:35.668000,24.0,1.0,,Sebastian Vettel,,0 days 00:00:24.199000,0 days 00:00:29.443000,0 days 00:00:42.026000,0 days 01:10:58.324000,0 days 01:11:27.767000,0 days 01:12:09.793000,112.0,278.0,287.0,300.0,False,MEDIUM,27.0,False,Ferrari,0 days 01:10:34.049000,,1,2.0,False,,False,True,27.3,37.5,966.6,False,56.2,80,3.2,True,False,False,False,False,False,+24.904,+24.904,24.904,24.904,4329.717,95.668,,,24.199,29.443,42.026,4258.324,4287.767,4329.793,4234.049
2019,French Grand Prix,8,France,Le Castellet,0 days 01:14:06.164000,VET,5,0 days 00:01:56.447000,25.0,1.0,,Sebastian Vettel,0 days 01:13:36.901000,0 days 00:00:24.809000,0 days 00:00:29.534000,0 days 00:01:02.104000,0 days 01:12:34.602000,0 days 01:13:04.136000,0 days 01:14:06.240000,111.0,279.0,,303.0,False,MEDIUM,28.0,False,Ferrari,0 days 01:12:09.717000,,1,5.0,False,,False,False,27.2,37.4,966.6,False,55.2,114,3.2,True,False,False,False,False,False,+1.984,+1.984,1.984,1.984,4446.164,116.447,4416.901,,24.809,29.534,62.104,4354.602,4384.136,4446.24,4329.717
2019,French Grand Prix,8,France,Le Castellet,0 days 01:15:45.704000,VET,5,0 days 00:01:39.540000,26.0,2.0,0 days 01:14:06.970000,Sebastian Vettel,,0 days 00:00:28.061000,0 days 00:00:29.373000,0 days 00:00:42.106000,0 days 01:14:34.301000,0 days 01:15:03.674000,0 days 01:15:45.780000,108.0,280.0,286.0,303.0,False,HARD,1.0,True,Ferrari,0 days 01:14:06.164000,,1,5.0,False,,False,False,26.7,38.6,966.5,False,54.2,112,2.8,True,False,False,False,False,False,+27.262,+5.119,27.262,5.119,4545.704,99.54,,4446.97,28.061,29.373,42.106,4474.301,4503.674,4545.78,4446.164
2019,French Grand Prix,8,France,Le Castellet,0 days 01:17:21.543000,VET,5,0 days 00:01:35.839000,27.0,2.0,,Sebastian Vettel,,0 days 00:00:24.429000,0 days 00:00:29.298000,0 days 00:00:42.112000,0 days 01:16:10.209000,0 days 01:16:39.507000,0 days 01:17:21.619000,114.0,282.0,289.0,306.0,False,HARD,2.0,True,Ferrari,0 days 01:15:45.704000,,1,5.0,False,,False,True,27.0,37.6,966.5,False,54.0,74,1.4,True,False,False,False,False,False,+28.600,+6.026,28.6,6.026,4641.543,95.839,,,24.429,29.298,42.112,4570.209,4599.507,4641.619,4545.704
2019,French Grand Prix,8,France,Le Castellet,0 days 01:18:56.684000,VET,5,0 days 00:01:35.141000,28.0,2.0,,Sebastian Vettel,,0 days 00:00:24.233000,0 days 00:00:29.331000,0 days 00:00:41.577000,0 days 01:17:45.852000,0 days 01:18:15.183000,0 days 01:18:56.760000,119.0,279.0,305.0,302.0,True,HARD,3.0,True,Ferrari,0 days 01:17:21.543000,,1,5.0,False,,False,True,27.1,37.4,966.6,False,52.0,115,2.2,True,False,False,False,False,False,+29.564,+6.255,29.564,6.255,4736.684,95.141,,,24.233,29.331,41.577,4665.852,4695.183,4736.76,4641.543
2019,French Grand Prix,8,France,Le Castellet,0 days 01:20:31.613000,VET,5,0 days 00:01:34.929000,29.0,2.0,,Sebastian Vettel,,0 days 00:00:23.951000,0 days 00:00:29.254000,0 days 00:00:41.724000,0 days 01:19:20.711000,0 days 01:19:49.965000,0 days 01:20:31.689000,114.0,278.0,287.0,301.0,True,HARD,4.0,True,Ferrari,0 days 01:18:56.684000,,1,5.0,False,,False,True,27.1,37.6,966.6,False,52.1,109,1.8,True,False,False,False,False,False,+29.796,+5.941,29.796,5.941,4831.613,94.929,,,23.951,29.254,41.724,4760.711,4789.965,4831.689,4736.684
2019,French Grand Prix,8,France,Le Castellet,0 days 01:22:06.223000,VET,5,0 days 00:01:34.610000,30.0,2.0,,Sebastian Vettel,,0 days 00:00:23.947000,0 days 00:00:29.179000,0 days 00:00:41.484000,0 days 01:20:55.636000,0 days 01:21:24.815000,0 days 01:22:06.299000,119.0,278.0,287.0,301.0,True,HARD,5.0,True,Ferrari,0 days 01:20:31.613000,,1,5.0,False,,False,True,27.3,36.7,966.7,False,52.6,104,2.4,True,False,False,False,False,False,+30.374,+6.035,30.374,6.035,4926.223,94.61,,,23.947,29.179,41.484,4855.636,4884.815,4926.299,4831.613
2019,French Grand Prix,8,France,Le Castellet,0 days 01:23:41.309000,VET,5,0 days 00:01:35.086000,31.0,2.0,,Sebastian Vettel,,0 days 00:00:24.370000,0 days 00:00:29.231000,0 days 00:00:41.485000,0 days 01:22:30.669000,0 days 01:22:59.900000,0 days 01:23:41.385000,115.0,278.0,287.0,303.0,False,HARD,6.0,True,Ferrari,0 days 01:22:06.223000,,1,5.0,False,,False,True,27.3,36.8,966.5,False,53.4,109,3.2,True,False,False,False,False,False,+31.457,+6.381,31.457,6.381,5021.309,95.086,,,24.37,29.231,41.485,4950.669,4979.9,5021.385,4926.223
2019,French Grand Prix,8,France,Le Castellet,0 days 01:25:16.044000,VET,5,0 days 00:01:34.735000,32.0,2.0,,Sebastian Vettel,,0 days 00:00:24.009000,0 days 00:00:29.175000,0 days 00:00:41.551000,0 days 01:24:05.394000,0 days 01:24:34.569000,0 days 01:25:16.120000,118.0,278.0,287.0,301.0,False,HARD,7.0,True,Ferrari,0 days 01:23:41.309000,,1,5.0,False,,False,True,27.4,36.6,966.6,False,55.3,41,1.8,True,False,False,False,False,False,+31.826,+6.441,31.826,6.441,5116.044,94.735,,,24.009,29.175,41.551,5045.394,5074.569,5116.12,5021.309
2019,French Grand Prix,8,France,Le Castellet,0 days 01:26:50.740000,VET,5,0 days 00:01:34.696000,33.0,2.0,,Sebastian Vettel,,0 days 00:00:23.931000,0 days 00:00:29.196000,0 days 00:00:41.569000,0 days 01:25:40.051000,0 days 01:26:09.247000,0 days 01:26:50.816000,117.0,278.0,288.0,304.0,False,HARD,8.0,True,Ferrari,0 days 01:25:16.044000,,1,5.0,False,,False,True,27.5,36.5,966.7,False,55.5,25,1.2,True,False,False,False,False,False,+31.637,+6.520,31.637,6.52,5210.74,94.696,,,23.931,29.196,41.569,5140.051,5169.247,5210.816,5116.044
2019,French Grand Prix,8,France,Le Castellet,0 days 01:28:25.469000,VET,5,0 days 00:01:34.729000,34.0,2.0,,Sebastian Vettel,,0 days 00:00:23.977000,0 days 00:00:29.287000,0 days 00:00:41.465000,0 days 01:27:14.793000,0 days 01:27:44.080000,0 days 01:28:25.545000,118.0,278.0,288.0,304.0,False,HARD,9.0,True,Ferrari,0 days 01:26:50.740000,,1,5.0,False,,False,True,27.7,36.3,966.7,False,56.0,140,1.7,True,False,False,False,False,False,+31.297,+6.730,31.297,6.73,5305.469,94.729,,,23.977,29.287,41.465,5234.793,5264.08,5305.545,5210.74
2019,French Grand Prix,8,France,Le Castellet,0 days 01:30:00.259000,VET,5,0 days 00:01:34.790000,35.0,2.0,,Sebastian Vettel,,0 days 00:00:24.054000,0 days 00:00:29.187000,0 days 00:00:41.549000,0 days 01:28:49.599000,0 days 01:29:18.786000,0 days 01:30:00.335000,116.0,279.0,288.0,305.0,False,HARD,10.0,True,Ferrari,0 days 01:28:25.469000,,1,5.0,False,,False,True,27.6,36.7,966.6,False,55.4,79,1.1,True,False,False,False,False,False,+31.765,+6.727,31.765,6.727,5400.259,94.79,,,24.054,29.187,41.549,5329.599,5358.786,5400.335,5305.469
2019,French Grand Prix,8,France,Le Castellet,0 days 01:31:35.487000,VET,5,0 days 00:01:35.228000,36.0,2.0,,Sebastian Vettel,,0 days 00:00:24.355000,0 days 00:00:29.257000,0 days 00:00:41.616000,0 days 01:30:24.690000,0 days 01:30:53.947000,0 days 01:31:35.563000,114.0,279.0,291.0,307.0,False,HARD,11.0,True,Ferrari,0 days 01:30:00.259000,,12,5.0,False,,False,True,27.6,36.7,966.8,False,54.7,96,1.3,True,True,False,False,False,False,+32.919,+7.216,32.919,7.216,5495.487,95.228,,,24.355,29.257,41.616,5424.69,5453.947,5495.563,5400.259
2019,French Grand Prix,8,France,Le Castellet,0 days 01:33:10.269000,VET,5,0 days 00:01:34.782000,37.0,2.0,,Sebastian Vettel,,0 days 00:00:24.118000,0 days 00:00:29.181000,0 days 00:00:41.483000,0 days 01:31:59.681000,0 days 01:32:28.862000,0 days 01:33:10.345000,115.0,281.0,288.0,308.0,False,HARD,12.0,True,Ferrari,0 days 01:31:35.487000,,1,5.0,False,,False,True,27.6,36.9,966.7,False,52.3,177,1.6,True,False,False,False,False,False,+33.624,+6.985,33.624,6.985,5590.269,94.782,,,24.118,29.181,41.483,5519.681,5548.862,5590.345,5495.487
2019,French Grand Prix,8,France,Le Castellet,0 days 01:34:44.650000,VET,5,0 days 00:01:34.381000,38.0,2.0,,Sebastian Vettel,,0 days 00:00:23.965000,0 days 00:00:29.145000,0 days 00:00:41.271000,0 days 01:33:34.310000,0 days 01:34:03.455000,0 days 01:34:44.726000,119.0,280.0,290.0,304.0,True,HARD,13.0,True,Ferrari,0 days 01:33:10.269000,,1,5.0,False,,False,True,27.4,37.2,966.7,False,51.6,79,1.2,True,False,False,False,False,False,+33.931,+7.367,33.931,7.367,5684.65,94.381,,,23.965,29.145,41.271,5614.31,5643.455,5684.726,5590.269
2019,French Grand Prix,8,France,Le Castellet,0 days 01:36:19.832000,VET,5,0 days 00:01:35.182000,39.0,2.0,,Sebastian Vettel,,0 days 00:00:23.996000,0 days 00:00:29.239000,0 days 00:00:41.947000,0 days 01:35:08.722000,0 days 01:35:37.961000,0 days 01:36:19.908000,117.0,279.0,289.0,304.0,False,HARD,14.0,True,Ferrari,0 days 01:34:44.650000,,1,5.0,False,,False,True,26.9,38.2,966.8,False,53.9,196,1.4,True,False,False,False,False,False,+34.703,+7.900,34.703,7.9,5779.832,95.182,,,23.996,29.239,41.947,5708.722,5737.961,5779.908,5684.65
2019,French Grand Prix,8,France,Le Castellet,0 days 01:37:54.410000,VET,5,0 days 00:01:34.578000,40.0,2.0,,Sebastian Vettel,,0 days 00:00:23.978000,0 days 00:00:29.038000,0 days 00:00:41.562000,0 days 01:36:43.886000,0 days 01:37:12.924000,0 days 01:37:54.486000,114.0,282.0,292.0,304.0,False,HARD,15.0,True,Ferrari,0 days 01:36:19.832000,,1,5.0,False,,False,True,26.5,39.6,966.7,False,52.6,77,1.5,True,False,False,False,False,False,+34.435,+8.340,34.435,8.34,5874.41,94.578,,,23.978,29.038,41.562,5803.886,5832.924,5874.486,5779.832
2019,French Grand Prix,8,France,Le Castellet,0 days 01:39:28.719000,VET,5,0 days 00:01:34.309000,41.0,2.0,,Sebastian Vettel,,0 days 00:00:24.382000,0 days 00:00:28.757000,0 days 00:00:41.170000,0 days 01:38:18.868000,0 days 01:38:47.625000,0 days 01:39:28.795000,113.0,279.0,290.0,325.0,True,HARD,16.0,True,Ferrari,0 days 01:37:54.410000,,1,5.0,False,,False,True,26.9,38.6,966.7,False,52.6,73,1.1,True,False,False,False,False,False,+35.050,+8.401,35.05,8.401,5968.719,94.309,,,24.382,28.757,41.17,5898.868,5927.625,5968.795,5874.41
2019,French Grand Prix,8,France,Le Castellet,0 days 01:41:02.842000,VET,5,0 days 00:01:34.123000,42.0,2.0,,Sebastian Vettel,,0 days 00:00:23.847000,0 days 00:00:28.956000,0 days 00:00:41.320000,0 days 01:39:52.642000,0 days 01:40:21.598000,0 days 01:41:02.918000,114.0,281.0,291.0,306.0,True,HARD,17.0,True,Ferrari,0 days 01:39:28.719000,,1,5.0,False,,False,True,26.7,39.1,966.7,False,53.2,95,2.8,True,False,False,False,False,False,+35.473,+8.237,35.473,8.237,6062.842,94.123,,,23.847,28.956,41.32,5992.642,6021.598,6062.918,5968.719
2019,French Grand Prix,8,France,Le Castellet,0 days 01:42:36.834000,VET,5,0 days 00:01:33.992000,43.0,2.0,,Sebastian Vettel,,0 days 00:00:23.740000,0 days 00:00:28.955000,0 days 00:00:41.297000,0 days 01:41:26.658000,0 days 01:41:55.613000,0 days 01:42:36.910000,117.0,282.0,292.0,308.0,True,HARD,18.0,True,Ferrari,0 days 01:41:02.842000,,1,5.0,False,,False,True,26.3,39.8,966.7,False,53.9,109,1.3,True,False,False,False,False,False,+35.299,+8.022,35.299,8.022,6156.834,93.992,,,23.74,28.955,41.297,6086.658,6115.613,6156.91,6062.842
2019,French Grand Prix,8,France,Le Castellet,0 days 01:44:10.677000,VET,5,0 days 00:01:33.843000,44.0,2.0,,Sebastian Vettel,,0 days 00:00:23.887000,0 days 00:00:28.956000,0 days 00:00:41,0 days 01:43:00.797000,0 days 01:43:29.753000,0 days 01:44:10.753000,115.0,280.0,288.0,306.0,True,HARD,19.0,True,Ferrari,0 days 01:42:36.834000,,1,5.0,False,,False,True,26.5,39.9,966.6,False,54.5,83,2.5,True,False,False,False,False,False,+34.527,+7.501,34.527,7.501,6250.677,93.843,,,23.887,28.956,41.0,6180.797,6209.753,6250.753,6156.834
2019,French Grand Prix,8,France,Le Castellet,0 days 01:45:44.934000,VET,5,0 days 00:01:34.257000,45.0,2.0,,Sebastian Vettel,,0 days 00:00:23.817000,0 days 00:00:29.121000,0 days 00:00:41.319000,0 days 01:44:34.570000,0 days 01:45:03.691000,0 days 01:45:45.010000,119.0,278.0,287.0,302.0,False,HARD,20.0,True,Ferrari,0 days 01:44:10.677000,,1,5.0,False,,False,True,26.4,40.1,966.7,False,54.5,94,1.5,True,False,False,False,False,False,+33.822,+6.945,33.822,6.945,6344.934,94.257,,,23.817,29.121,41.319,6274.57,6303.691,6345.01,6250.677
2019,French Grand Prix,8,France,Le Castellet,0 days 01:47:19.150000,VET,5,0 days 00:01:34.216000,46.0,2.0,,Sebastian Vettel,,0 days 00:00:23.888000,0 days 00:00:29.135000,0 days 00:00:41.193000,0 days 01:46:08.898000,0 days 01:46:38.033000,0 days 01:47:19.226000,115.0,278.0,288.0,299.0,False,HARD,21.0,True,Ferrari,0 days 01:45:44.934000,,1,5.0,False,,False,True,27.0,39.0,966.8,False,55.1,182,1.1,True,False,False,False,False,False,+33.759,+6.448,33.759,6.448,6439.15,94.216,,,23.888,29.135,41.193,6368.898,6398.033,6439.226,6344.934
2019,French Grand Prix,8,France,Le Castellet,0 days 01:48:53.397000,VET,5,0 days 00:01:34.247000,47.0,2.0,,Sebastian Vettel,,0 days 00:00:23.829000,0 days 00:00:29.130000,0 days 00:00:41.288000,0 days 01:47:43.055000,0 days 01:48:12.185000,0 days 01:48:53.473000,117.0,279.0,288.0,301.0,False,HARD,22.0,True,Ferrari,0 days 01:47:19.150000,,1,5.0,False,,False,True,27.1,37.8,966.6,False,55.2,128,1.6,True,False,False,False,False,False,+33.998,+5.749,33.998,5.749,6533.397,94.247,,,23.829,29.13,41.288,6463.055,6492.185,6533.473,6439.15
2019,French Grand Prix,8,France,Le Castellet,0 days 01:50:27.635000,VET,5,0 days 00:01:34.238000,48.0,2.0,,Sebastian Vettel,,0 days 00:00:23.685000,0 days 00:00:29.048000,0 days 00:00:41.505000,0 days 01:49:17.158000,0 days 01:49:46.206000,0 days 01:50:27.711000,116.0,280.0,290.0,303.0,False,HARD,23.0,True,Ferrari,0 days 01:48:53.397000,,1,5.0,False,,False,True,27.0,37.6,966.7,False,54.3,29,1.2,True,False,False,False,False,False,+33.480,+4.753,33.48,4.753,6627.635,94.238,,,23.685,29.048,41.505,6557.158,6586.206,6627.711,6533.397
2019,French Grand Prix,8,France,Le Castellet,0 days 01:52:02.112000,VET,5,0 days 00:01:34.477000,49.0,2.0,,Sebastian Vettel,,0 days 00:00:23.850000,0 days 00:00:29.189000,0 days 00:00:41.438000,0 days 01:50:51.561000,0 days 01:51:20.750000,0 days 01:52:02.188000,116.0,283.0,291.0,305.0,False,HARD,24.0,True,Ferrari,0 days 01:50:27.635000,,12,5.0,False,,False,True,27.0,37.3,966.6,False,54.0,102,1.4,True,True,False,False,False,False,+33.459,+4.082,33.459,4.082,6722.112,94.477,,,23.85,29.189,41.438,6651.561,6680.75,6722.188,6627.635
2019,French Grand Prix,8,France,Le Castellet,0 days 01:53:48.475000,VET,5,0 days 00:01:46.363000,50.0,2.0,,Sebastian Vettel,,0 days 00:00:23.949000,0 days 00:00:29.824000,0 days 00:00:52.590000,0 days 01:52:26.137000,0 days 01:52:55.961000,0 days 01:53:48.551000,115.0,146.0,291.0,306.0,False,HARD,25.0,True,Ferrari,0 days 01:52:02.112000,,1267,5.0,False,,False,False,26.8,37.7,966.7,False,55.0,86,1.8,True,True,False,False,True,True,+40.241,+4.219,40.241,4.219,6828.475,106.363,,,23.949,29.824,52.59,6746.137,6775.961,6828.551,6722.112
2019,French Grand Prix,8,France,Le Castellet,0 days 01:55:43.552000,VET,5,0 days 00:01:55.077000,51.0,2.0,,Sebastian Vettel,0 days 01:55:13.910000,0 days 00:00:23.945000,0 days 00:00:29.140000,0 days 00:01:01.992000,0 days 01:54:12.496000,0 days 01:54:41.636000,0 days 01:55:43.628000,116.0,280.0,,304.0,False,HARD,26.0,True,Ferrari,0 days 01:53:48.475000,,1,5.0,False,,False,False,26.7,38.6,966.7,False,54.5,158,1.4,True,False,False,False,False,False,+33.878,+3.279,33.878,3.279,6943.552,115.077,6913.91,,23.945,29.14,61.992,6852.496,6881.636,6943.628,6828.475
2019,French Grand Prix,8,France,Le Castellet,0 days 01:57:26.406000,VET,5,0 days 00:01:42.854000,52.0,3.0,0 days 01:55:44.493000,Sebastian Vettel,,0 days 00:00:28.738000,0 days 00:00:30.177000,0 days 00:00:43.939000,0 days 01:56:12.366000,0 days 01:56:42.543000,0 days 01:57:26.482000,108.0,276.0,288.0,296.0,False,SOFT,1.0,True,Ferrari,0 days 01:55:43.552000,,1,5.0,False,,False,False,27.1,37.0,966.7,False,54.1,120,1.9,True,False,False,False,False,False,+62.857,+31.247,62.857,31.247,7046.406,102.854,,6944.493,28.738,30.177,43.939,6972.366,7002.543,7046.482,6943.552
2019,French Grand Prix,8,France,Le Castellet,0 days 01:58:59.146000,VET,5,0 days 00:01:32.740000,53.0,3.0,,Sebastian Vettel,,0 days 00:00:23.230000,0 days 00:00:28.862000,0 days 00:00:40.648000,0 days 01:57:49.712000,0 days 01:58:18.574000,0 days 01:58:59.222000,118.0,281.0,292.0,305.0,True,SOFT,2.0,True,Ferrari,0 days 01:57:26.406000,,12,5.0,False,,False,True,26.6,38.1,966.7,False,53.2,35,1.0,True,True,False,False,False,False,+62.873,+28.056,62.873,28.056,7139.146,92.74,,,23.23,28.862,40.648,7069.712,7098.574,7139.222,7046.406
2019,French Grand Prix,8,France,Le Castellet,0 days 00:35:12.199000,SAI,55,0 days 00:01:47.047000,1.0,1.0,,Carlos Sainz,,,0 days 00:00:30.217000,0 days 00:00:43.960000,,0 days 00:34:28.430000,0 days 00:35:12.470000,108.0,283.0,286.0,313.0,False,MEDIUM,6.0,False,McLaren,0 days 00:33:25.039000,,1,5.0,False,,False,False,26.4,41.4,966.7,False,55.9,120,1.8,True,False,False,False,False,False,+5.061,+1.310,5.061,1.31,2112.199,107.047,,,,30.217,43.96,,2068.43,2112.47,2005.039
2019,French Grand Prix,8,France,Le Castellet,0 days 00:36:51.169000,SAI,55,0 days 00:01:38.970000,2.0,1.0,,Carlos Sainz,,0 days 00:00:25.387000,0 days 00:00:30.260000,0 days 00:00:43.323000,0 days 00:35:37.659000,0 days 00:36:07.919000,0 days 00:36:51.242000,111.0,275.0,284.0,298.0,True,MEDIUM,7.0,False,McLaren,0 days 00:35:12.199000,,1,5.0,False,,False,True,26.4,41.4,966.7,False,56.1,93,1.8,True,False,False,False,False,False,+6.571,+2.808,6.571,2.808,2211.169,98.97,,,25.387,30.26,43.323,2137.659,2167.919,2211.242,2112.199
2019,French Grand Prix,8,France,Le Castellet,0 days 00:38:29.596000,SAI,55,0 days 00:01:38.427000,3.0,1.0,,Carlos Sainz,,0 days 00:00:25.223000,0 days 00:00:29.911000,0 days 00:00:43.293000,0 days 00:37:16.465000,0 days 00:37:46.376000,0 days 00:38:29.669000,109.0,277.0,284.0,296.0,True,MEDIUM,8.0,False,McLaren,0 days 00:36:51.169000,,1,5.0,False,,False,True,26.3,41.8,966.7,False,57.0,77,2.1,True,False,False,False,False,False,+8.212,+3.760,8.212,3.76,2309.596,98.427,,,25.223,29.911,43.293,2236.465,2266.376,2309.669,2211.169
2019,French Grand Prix,8,France,Le Castellet,0 days 00:40:07.617000,SAI,55,0 days 00:01:38.021000,4.0,1.0,,Carlos Sainz,,0 days 00:00:24.964000,0 days 00:00:29.872000,0 days 00:00:43.185000,0 days 00:38:54.633000,0 days 00:39:24.505000,0 days 00:40:07.690000,109.0,276.0,284.0,294.0,True,MEDIUM,9.0,False,McLaren,0 days 00:38:29.596000,,1,5.0,False,,False,True,26.7,40.4,966.8,False,56.6,83,1.1,True,False,False,False,False,False,+9.946,+4.692,9.946,4.692,2407.617,98.021,,,24.964,29.872,43.185,2334.633,2364.505,2407.69,2309.596
2019,French Grand Prix,8,France,Le Castellet,0 days 00:41:45.779000,SAI,55,0 days 00:01:38.162000,5.0,1.0,,Carlos Sainz,,0 days 00:00:24.928000,0 days 00:00:29.956000,0 days 00:00:43.278000,0 days 00:40:32.618000,0 days 00:41:02.574000,0 days 00:41:45.852000,111.0,275.0,283.0,295.0,False,MEDIUM,10.0,False,McLaren,0 days 00:40:07.617000,,1,5.0,False,,False,True,26.8,40.2,966.7,False,56.6,151,1.5,True,False,False,False,False,False,+12.090,+5.973,12.09,5.973,2505.779,98.162,,,24.928,29.956,43.278,2432.618,2462.574,2505.852,2407.617
2019,French Grand Prix,8,France,Le Castellet,0 days 00:43:23.846000,SAI,55,0 days 00:01:38.067000,6.0,1.0,,Carlos Sainz,,0 days 00:00:24.994000,0 days 00:00:30.014000,0 days 00:00:43.059000,0 days 00:42:10.846000,0 days 00:42:40.860000,0 days 00:43:23.919000,111.0,276.0,284.0,296.0,False,MEDIUM,11.0,False,McLaren,0 days 00:41:45.779000,,1,5.0,False,,False,True,26.7,41.4,966.7,False,56.4,48,2.1,True,False,False,False,False,False,+14.224,+7.591,14.224,7.591,2603.846,98.067,,,24.994,30.014,43.059,2530.846,2560.86,2603.919,2505.779
2019,French Grand Prix,8,France,Le Castellet,0 days 00:45:02.859000,SAI,55,0 days 00:01:39.013000,7.0,1.0,,Carlos Sainz,,0 days 00:00:24.914000,0 days 00:00:30.594000,0 days 00:00:43.505000,0 days 00:43:48.833000,0 days 00:44:19.427000,0 days 00:45:02.932000,111.0,278.0,286.0,295.0,False,MEDIUM,12.0,False,McLaren,0 days 00:43:23.846000,,1,6.0,False,,False,True,27.0,41.1,966.7,False,56.6,176,1.4,True,False,False,False,False,False,+16.977,+1.564,16.977,1.564,2702.859,99.013,,,24.914,30.594,43.505,2628.833,2659.427,2702.932,2603.846
2019,French Grand Prix,8,France,Le Castellet,0 days 00:46:40.554000,SAI,55,0 days 00:01:37.695000,8.0,1.0,,Carlos Sainz,,0 days 00:00:24.877000,0 days 00:00:29.949000,0 days 00:00:42.869000,0 days 00:45:27.809000,0 days 00:45:57.758000,0 days 00:46:40.627000,110.0,276.0,285.0,298.0,True,MEDIUM,13.0,False,McLaren,0 days 00:45:02.859000,,1,6.0,False,,False,True,27.3,40.3,966.7,False,56.8,184,1.1,True,False,False,False,False,False,+18.737,+3.108,18.737,3.108,2800.554,97.695,,,24.877,29.949,42.869,2727.809,2757.758,2800.627,2702.859
2019,French Grand Prix,8,France,Le Castellet,0 days 00:48:17.967000,SAI,55,0 days 00:01:37.413000,9.0,1.0,,Carlos Sainz,,0 days 00:00:24.656000,0 days 00:00:29.782000,0 days 00:00:42.975000,0 days 00:47:05.283000,0 days 00:47:35.065000,0 days 00:48:18.040000,114.0,277.0,284.0,295.0,True,MEDIUM,14.0,False,McLaren,0 days 00:46:40.554000,,1,6.0,False,,False,True,27.8,39.0,966.7,False,57.2,164,0.9,True,False,False,False,False,False,+20.367,+4.346,20.367,4.346,2897.967,97.413,,,24.656,29.782,42.975,2825.283,2855.065,2898.04,2800.554
2019,French Grand Prix,8,France,Le Castellet,0 days 00:49:55.552000,SAI,55,0 days 00:01:37.585000,10.0,1.0,,Carlos Sainz,,0 days 00:00:24.823000,0 days 00:00:29.766000,0 days 00:00:42.996000,0 days 00:48:42.863000,0 days 00:49:12.629000,0 days 00:49:55.625000,110.0,277.0,284.0,296.0,False,MEDIUM,15.0,False,McLaren,0 days 00:48:17.967000,,1,6.0,False,,False,True,27.7,38.5,966.7,False,56.9,352,1.3,True,False,False,False,False,False,+22.226,+5.761,22.226,5.761,2995.552,97.585,,,24.823,29.766,42.996,2922.863,2952.629,2995.625,2897.967
2019,French Grand Prix,8,France,Le Castellet,0 days 00:51:32.638000,SAI,55,0 days 00:01:37.086000,11.0,1.0,,Carlos Sainz,,0 days 00:00:24.565000,0 days 00:00:29.681000,0 days 00:00:42.840000,0 days 00:50:20.190000,0 days 00:50:49.871000,0 days 00:51:32.711000,112.0,277.0,285.0,297.0,True,MEDIUM,16.0,False,McLaren,0 days 00:49:55.552000,,1,6.0,False,,False,True,27.6,38.4,966.6,False,55.4,103,1.6,True,False,False,False,False,False,+23.840,+7.170,23.84,7.17,3092.638,97.086,,,24.565,29.681,42.84,3020.19,3049.871,3092.711,2995.552
2019,French Grand Prix,8,France,Le Castellet,0 days 00:53:10.083000,SAI,55,0 days 00:01:37.445000,12.0,1.0,,Carlos Sainz,,0 days 00:00:24.731000,0 days 00:00:29.821000,0 days 00:00:42.893000,0 days 00:51:57.442000,0 days 00:52:27.263000,0 days 00:53:10.156000,112.0,276.0,286.0,296.0,False,MEDIUM,17.0,False,McLaren,0 days 00:51:32.638000,,1,6.0,False,,False,True,27.3,38.8,966.6,False,55.6,87,2.1,True,False,False,False,False,False,+25.825,+9.165,25.825,9.165,3190.083,97.445,,,24.731,29.821,42.893,3117.442,3147.263,3190.156,3092.638
2019,French Grand Prix,8,France,Le Castellet,0 days 00:54:47.452000,SAI,55,0 days 00:01:37.369000,13.0,1.0,,Carlos Sainz,,0 days 00:00:24.597000,0 days 00:00:29.855000,0 days 00:00:42.917000,0 days 00:53:34.753000,0 days 00:54:04.608000,0 days 00:54:47.525000,111.0,275.0,285.0,297.0,False,MEDIUM,18.0,False,McLaren,0 days 00:53:10.083000,,1,6.0,False,,False,True,27.3,38.7,966.6,False,55.6,31,1.7,True,False,False,False,False,False,+27.871,+10.703,27.871,10.703,3287.452,97.369,,,24.597,29.855,42.917,3214.753,3244.608,3287.525,3190.083
2019,French Grand Prix,8,France,Le Castellet,0 days 00:56:24.782000,SAI,55,0 days 00:01:37.330000,14.0,1.0,,Carlos Sainz,,0 days 00:00:24.654000,0 days 00:00:29.847000,0 days 00:00:42.829000,0 days 00:55:12.179000,0 days 00:55:42.026000,0 days 00:56:24.855000,111.0,275.0,285.0,295.0,False,MEDIUM,19.0,False,McLaren,0 days 00:54:47.452000,,1,6.0,False,,False,True,27.4,38.3,966.6,False,55.1,116,0.9,True,False,False,False,False,False,+30.384,+12.567,30.384,12.567,3384.782,97.33,,,24.654,29.847,42.829,3312.179,3342.026,3384.855,3287.452
2019,French Grand Prix,8,France,Le Castellet,0 days 00:58:01.828000,SAI,55,0 days 00:01:37.046000,15.0,1.0,,Carlos Sainz,,0 days 00:00:24.611000,0 days 00:00:29.702000,0 days 00:00:42.733000,0 days 00:56:49.466000,0 days 00:57:19.168000,0 days 00:58:01.901000,112.0,275.0,285.0,297.0,True,MEDIUM,20.0,False,McLaren,0 days 00:56:24.782000,,1,6.0,False,,False,True,27.6,37.8,966.5,False,55.1,119,2.3,True,False,False,False,False,False,+32.617,+14.252,32.617,14.252,3481.828,97.046,,,24.611,29.702,42.733,3409.466,3439.168,3481.901,3384.782
2019,French Grand Prix,8,France,Le Castellet,0 days 00:59:38.789000,SAI,55,0 days 00:01:36.961000,16.0,1.0,,Carlos Sainz,,0 days 00:00:24.501000,0 days 00:00:29.732000,0 days 00:00:42.728000,0 days 00:58:26.402000,0 days 00:58:56.134000,0 days 00:59:38.862000,111.0,276.0,284.0,297.0,True,MEDIUM,21.0,False,McLaren,0 days 00:58:01.828000,,1,6.0,False,,False,True,27.2,38.6,966.6,False,54.8,106,2.6,True,False,False,False,False,False,+34.541,+15.483,34.541,15.483,3578.789,96.961,,,24.501,29.732,42.728,3506.402,3536.134,3578.862,3481.828
2019,French Grand Prix,8,France,Le Castellet,0 days 01:01:15.904000,SAI,55,0 days 00:01:37.115000,17.0,1.0,,Carlos Sainz,,0 days 00:00:24.598000,0 days 00:00:29.807000,0 days 00:00:42.710000,0 days 01:00:03.460000,0 days 01:00:33.267000,0 days 01:01:15.977000,109.0,276.0,285.0,295.0,False,MEDIUM,22.0,False,McLaren,0 days 00:59:38.789000,,1,6.0,False,,False,True,27.4,38.4,966.6,False,55.4,107,1.1,True,False,False,False,False,False,+36.322,+16.845,36.322,16.845,3675.904,97.115,,,24.598,29.807,42.71,3603.46,3633.267,3675.977,3578.789
2019,French Grand Prix,8,France,Le Castellet,0 days 01:02:52.682000,SAI,55,0 days 00:01:36.778000,18.0,1.0,,Carlos Sainz,,0 days 00:00:24.586000,0 days 00:00:29.654000,0 days 00:00:42.538000,0 days 01:01:40.563000,0 days 01:02:10.217000,0 days 01:02:52.755000,112.0,277.0,286.0,298.0,True,MEDIUM,23.0,False,McLaren,0 days 01:01:15.904000,,1,6.0,False,,False,True,27.7,37.3,966.5,False,55.9,201,2.2,True,False,False,False,False,False,+38.099,+18.156,38.099,18.156,3772.682,96.778,,,24.586,29.654,42.538,3700.563,3730.217,3772.755,3675.904
2019,French Grand Prix,8,France,Le Castellet,0 days 01:04:49.503000,SAI,55,0 days 00:01:56.821000,19.0,1.0,,Carlos Sainz,0 days 01:04:20.357000,0 days 00:00:24.590000,0 days 00:00:29.766000,0 days 00:01:02.465000,0 days 01:03:17.345000,0 days 01:03:47.111000,0 days 01:04:49.576000,111.0,276.0,,296.0,False,MEDIUM,24.0,False,McLaren,0 days 01:02:52.682000,,1,9.0,False,,False,False,27.3,38.2,966.6,False,54.1,26,1.1,True,False,False,False,False,False,+39.751,+19.128,39.751,19.128,3889.503,116.821,3860.357,,24.59,29.766,62.465,3797.345,3827.111,3889.576,3772.682
2019,French Grand Prix,8,France,Le Castellet,0 days 01:06:29.441000,SAI,55,0 days 00:01:39.938000,20.0,2.0,0 days 01:04:50.279000,Carlos Sainz,,0 days 00:00:27.770000,0 days 00:00:29.710000,0 days 00:00:42.458000,0 days 01:05:17.346000,0 days 01:05:47.056000,0 days 01:06:29.514000,110.0,277.0,288.0,297.0,False,HARD,1.0,True,McLaren,0 days 01:04:49.503000,,1,10.0,False,,False,False,27.5,37.8,966.6,False,56.1,106,1.2,True,False,False,False,False,False,+64.951,+1.733,64.951,1.733,3989.441,99.938,,3890.279,27.77,29.71,42.458,3917.346,3947.056,3989.514,3889.503
2019,French Grand Prix,8,France,Le Castellet,0 days 01:08:06.632000,SAI,55,0 days 00:01:37.191000,21.0,2.0,,Carlos Sainz,,0 days 00:00:24.482000,0 days 00:00:29.650000,0 days 00:00:43.059000,0 days 01:06:53.996000,0 days 01:07:23.646000,0 days 01:08:06.705000,114.0,276.0,287.0,298.0,False,HARD,2.0,True,McLaren,0 days 01:06:29.441000,,1,10.0,False,,False,True,27.8,36.8,966.6,False,56.0,80,2.2,True,False,False,False,False,False,+66.271,+1.979,66.271,1.979,4086.632,97.191,,,24.482,29.65,43.059,4013.996,4043.646,4086.705,3989.441
2019,French Grand Prix,8,France,Le Castellet,0 days 01:09:43.836000,SAI,55,0 days 00:01:37.204000,22.0,2.0,,Carlos Sainz,,0 days 00:00:24.683000,0 days 00:00:29.716000,0 days 00:00:42.805000,0 days 01:08:31.388000,0 days 01:09:01.104000,0 days 01:09:43.909000,113.0,277.0,286.0,299.0,False,HARD,3.0,True,McLaren,0 days 01:08:06.632000,,12,10.0,False,,False,True,27.8,36.7,966.6,False,56.0,93,2.0,True,True,False,False,False,False,+68.675,+2.199,68.675,2.199,4183.836,97.204,,,24.683,29.716,42.805,4111.388,4141.104,4183.909,4086.632
2019,French Grand Prix,8,France,Le Castellet,0 days 01:11:21.073000,SAI,55,0 days 00:01:37.237000,23.0,2.0,,Carlos Sainz,,0 days 00:00:24.654000,0 days 00:00:29.680000,0 days 00:00:42.903000,0 days 01:10:08.563000,0 days 01:10:38.243000,0 days 01:11:21.146000,115.0,277.0,286.0,300.0,False,HARD,4.0,True,McLaren,0 days 01:09:43.836000,,1,10.0,False,,False,True,27.5,37.2,966.5,False,56.3,108,3.3,True,False,False,False,False,False,+71.229,+2.108,71.229,2.108,4281.073,97.237,,,24.654,29.68,42.903,4208.563,4238.243,4281.146,4183.836
2019,French Grand Prix,8,France,Le Castellet,0 days 01:12:58.270000,SAI,55,0 days 00:01:37.197000,24.0,2.0,,Carlos Sainz,,0 days 00:00:24.815000,0 days 00:00:29.758000,0 days 00:00:42.624000,0 days 01:11:45.961000,0 days 01:12:15.719000,0 days 01:12:58.343000,113.0,278.0,287.0,300.0,False,HARD,5.0,True,McLaren,0 days 01:11:21.073000,,1,10.0,False,,False,True,27.2,37.4,966.6,False,55.2,114,3.2,True,False,False,False,False,False,+73.249,+2.070,73.249,2.07,4378.27,97.197,,,24.815,29.758,42.624,4305.961,4335.719,4378.343,4281.073
2019,French Grand Prix,8,France,Le Castellet,0 days 01:14:34.717000,SAI,55,0 days 00:01:36.447000,25.0,2.0,,Carlos Sainz,,0 days 00:00:24.552000,0 days 00:00:29.788000,0 days 00:00:42.107000,0 days 01:13:22.895000,0 days 01:13:52.683000,0 days 01:14:34.790000,114.0,277.0,286.0,300.0,True,HARD,6.0,True,McLaren,0 days 01:12:58.270000,,1,9.0,False,,False,True,26.9,38.1,966.5,False,54.9,102,3.7,True,False,False,False,False,False,+50.844,+1.967,50.844,1.967,4474.717,96.447,,,24.552,29.788,42.107,4402.895,4432.683,4474.79,4378.27
2019,French Grand Prix,8,France,Le Castellet,0 days 01:16:11.432000,SAI,55,0 days 00:01:36.715000,26.0,2.0,,Carlos Sainz,,0 days 00:00:24.520000,0 days 00:00:29.662000,0 days 00:00:42.533000,0 days 01:14:59.310000,0 days 01:15:28.972000,0 days 01:16:11.505000,114.0,278.0,285.0,298.0,False,HARD,7.0,True,McLaren,0 days 01:14:34.717000,,1,9.0,False,,False,True,26.6,39.0,966.6,False,54.1,12,1.6,True,False,False,False,False,False,+52.932,+9.245,52.932,9.245,4571.432,96.715,,,24.52,29.662,42.533,4499.31,4528.972,4571.505,4474.717
2019,French Grand Prix,8,France,Le Castellet,0 days 01:17:48.396000,SAI,55,0 days 00:01:36.964000,27.0,2.0,,Carlos Sainz,,0 days 00:00:24.605000,0 days 00:00:29.800000,0 days 00:00:42.559000,0 days 01:16:36.110000,0 days 01:17:05.910000,0 days 01:17:48.469000,114.0,277.0,286.0,297.0,False,HARD,8.0,True,McLaren,0 days 01:16:11.432000,,1,9.0,False,,False,True,27.0,37.6,966.5,False,54.0,74,1.4,True,False,False,False,False,False,+55.384,+9.561,55.384,9.561,4668.396,96.964,,,24.605,29.8,42.559,4596.11,4625.91,4668.469,4571.432
2019,French Grand Prix,8,France,Le Castellet,0 days 01:19:24.839000,SAI,55,0 days 00:01:36.443000,28.0,2.0,,Carlos Sainz,,0 days 00:00:24.299000,0 days 00:00:29.755000,0 days 00:00:42.389000,0 days 01:18:12.768000,0 days 01:18:42.523000,0 days 01:19:24.912000,114.0,277.0,286.0,298.0,True,HARD,9.0,True,McLaren,0 days 01:17:48.396000,,1,9.0,False,,False,True,27.1,37.4,966.6,False,52.0,115,2.2,True,False,False,False,False,False,+57.490,+9.301,57.49,9.301,4764.839,96.443,,,24.299,29.755,42.389,4692.768,4722.523,4764.912,4668.396
2019,French Grand Prix,8,France,Le Castellet,0 days 01:21:01.107000,SAI,55,0 days 00:01:36.268000,29.0,2.0,,Carlos Sainz,,0 days 00:00:24.344000,0 days 00:00:29.747000,0 days 00:00:42.177000,0 days 01:19:49.256000,0 days 01:20:19.003000,0 days 01:21:01.180000,114.0,277.0,287.0,296.0,True,HARD,10.0,True,McLaren,0 days 01:19:24.839000,,1,9.0,False,,False,True,27.2,37.1,966.6,False,52.0,124,1.5,True,False,False,False,False,False,+59.248,+9.077,59.248,9.077,4861.107,96.268,,,24.344,29.747,42.177,4789.256,4819.003,4861.18,4764.839
2019,French Grand Prix,8,France,Le Castellet,0 days 01:22:37.642000,SAI,55,0 days 00:01:36.535000,30.0,2.0,,Carlos Sainz,,0 days 00:00:24.345000,0 days 00:00:29.668000,0 days 00:00:42.522000,0 days 01:21:25.525000,0 days 01:21:55.193000,0 days 01:22:37.715000,116.0,277.0,286.0,299.0,False,HARD,11.0,True,McLaren,0 days 01:21:01.107000,,1,9.0,False,,False,True,27.3,36.7,966.7,False,52.6,104,2.4,True,False,False,False,False,False,+61.709,+9.058,61.709,9.058,4957.642,96.535,,,24.345,29.668,42.522,4885.525,4915.193,4957.715,4861.107
2019,French Grand Prix,8,France,Le Castellet,0 days 01:24:14.143000,SAI,55,0 days 00:01:36.501000,31.0,2.0,,Carlos Sainz,,0 days 00:00:24.383000,0 days 00:00:29.829000,0 days 00:00:42.289000,0 days 01:23:02.098000,0 days 01:23:31.927000,0 days 01:24:14.216000,115.0,276.0,287.0,298.0,False,HARD,12.0,True,McLaren,0 days 01:22:37.642000,,1,8.0,False,,False,True,27.2,37.2,966.6,False,53.8,58,1.7,True,False,False,False,False,False,+64.252,+9.039,64.252,9.039,5054.143,96.501,,,24.383,29.829,42.289,4982.098,5011.927,5054.216,4957.642
2019,French Grand Prix,8,France,Le Castellet,0 days 01:25:50.818000,SAI,55,0 days 00:01:36.675000,32.0,2.0,,Carlos Sainz,,0 days 00:00:24.362000,0 days 00:00:29.833000,0 days 00:00:42.480000,0 days 01:24:38.578000,0 days 01:25:08.411000,0 days 01:25:50.891000,112.0,277.0,287.0,298.0,False,HARD,13.0,True,McLaren,0 days 01:24:14.143000,,1,8.0,False,,False,True,27.4,36.6,966.6,False,55.3,41,1.8,True,False,False,False,False,False,+66.555,+9.085,66.555,9.085,5150.818,96.675,,,24.362,29.833,42.48,5078.578,5108.411,5150.891,5054.143
2019,French Grand Prix,8,France,Le Castellet,0 days 01:27:27.263000,SAI,55,0 days 00:01:36.445000,33.0,2.0,,Carlos Sainz,,0 days 00:00:24.387000,0 days 00:00:29.672000,0 days 00:00:42.386000,0 days 01:26:15.278000,0 days 01:26:44.950000,0 days 01:27:27.336000,114.0,277.0,287.0,299.0,False,HARD,14.0,True,McLaren,0 days 01:25:50.818000,,1,8.0,False,,False,True,27.5,36.6,966.7,False,55.5,76,1.4,True,False,False,False,False,False,+68.125,+8.733,68.125,8.733,5247.263,96.445,,,24.387,29.672,42.386,5175.278,5204.95,5247.336,5150.818
2019,French Grand Prix,8,France,Le Castellet,0 days 01:29:03.727000,SAI,55,0 days 00:01:36.464000,34.0,2.0,,Carlos Sainz,,0 days 00:00:24.423000,0 days 00:00:29.729000,0 days 00:00:42.312000,0 days 01:27:51.759000,0 days 01:28:21.488000,0 days 01:29:03.800000,112.0,277.0,286.0,298.0,False,HARD,15.0,True,McLaren,0 days 01:27:27.263000,,1,7.0,False,,False,True,27.6,36.6,966.7,False,56.2,15,1.7,True,False,False,False,False,False,+69.506,+8.701,69.506,8.701,5343.727,96.464,,,24.423,29.729,42.312,5271.759,5301.488,5343.8,5247.263
2019,French Grand Prix,8,France,Le Castellet,0 days 01:30:39.812000,SAI,55,0 days 00:01:36.085000,35.0,2.0,,Carlos Sainz,,0 days 00:00:24.358000,0 days 00:00:29.640000,0 days 00:00:42.087000,0 days 01:29:28.158000,0 days 01:29:57.798000,0 days 01:30:39.885000,114.0,278.0,286.0,298.0,True,HARD,16.0,True,McLaren,0 days 01:29:03.727000,,12,7.0,False,,False,True,27.6,36.7,966.6,False,55.4,79,1.1,True,True,False,False,False,False,+71.283,+7.947,71.283,7.947,5439.812,96.085,,,24.358,29.64,42.087,5368.158,5397.798,5439.885,5343.727
2019,French Grand Prix,8,France,Le Castellet,0 days 01:32:16.048000,SAI,55,0 days 00:01:36.236000,36.0,2.0,,Carlos Sainz,,0 days 00:00:24.293000,0 days 00:00:29.626000,0 days 00:00:42.317000,0 days 01:31:04.178000,0 days 01:31:33.804000,0 days 01:32:16.121000,113.0,278.0,287.0,297.0,False,HARD,17.0,True,McLaren,0 days 01:30:39.812000,,1,7.0,False,,False,True,27.7,36.9,966.7,False,54.1,102,1.4,True,False,False,False,False,False,+73.421,+7.116,73.421,7.116,5536.048,96.236,,,24.293,29.626,42.317,5464.178,5493.804,5536.121,5439.812
2019,French Grand Prix,8,France,Le Castellet,0 days 01:33:51.809000,SAI,55,0 days 00:01:35.761000,37.0,2.0,,Carlos Sainz,,0 days 00:00:24.195000,0 days 00:00:29.602000,0 days 00:00:41.964000,0 days 01:32:40.316000,0 days 01:33:09.918000,0 days 01:33:51.882000,113.0,277.0,286.0,299.0,True,HARD,18.0,True,McLaren,0 days 01:32:16.048000,,1,7.0,False,,False,True,27.6,36.9,966.7,False,52.3,177,1.6,True,False,False,False,False,False,+75.131,+5.556,75.131,5.556,5631.809,95.761,,,24.195,29.602,41.964,5560.316,5589.918,5631.882,5536.048
2019,French Grand Prix,8,France,Le Castellet,0 days 01:35:27.897000,SAI,55,0 days 00:01:36.088000,38.0,2.0,,Carlos Sainz,,0 days 00:00:24.164000,0 days 00:00:29.701000,0 days 00:00:42.223000,0 days 01:34:16.046000,0 days 01:34:45.747000,0 days 01:35:27.970000,116.0,278.0,286.0,299.0,False,HARD,19.0,True,McLaren,0 days 01:33:51.809000,,1,7.0,False,,False,True,27.2,37.1,966.8,False,53.9,121,2.4,True,False,False,False,False,False,+77.106,+4.097,77.106,4.097,5727.897,96.088,,,24.164,29.701,42.223,5656.046,5685.747,5727.97,5631.809
2019,French Grand Prix,8,France,Le Castellet,0 days 01:37:04.067000,SAI,55,0 days 00:01:36.170000,39.0,2.0,,Carlos Sainz,,0 days 00:00:24.280000,0 days 00:00:29.731000,0 days 00:00:42.159000,0 days 01:35:52.250000,0 days 01:36:21.981000,0 days 01:37:04.140000,111.0,279.0,287.0,298.0,False,HARD,20.0,True,McLaren,0 days 01:35:27.897000,,1,6.0,False,,False,True,26.8,38.9,966.6,False,53.1,84,1.8,True,False,False,False,False,False,+78.897,+2.917,78.897,2.917,5824.067,96.17,,,24.28,29.731,42.159,5752.25,5781.981,5824.14,5727.897
2019,French Grand Prix,8,France,Le Castellet,0 days 01:38:39.891000,SAI,55,0 days 00:01:35.824000,40.0,2.0,,Carlos Sainz,,0 days 00:00:24.268000,0 days 00:00:29.522000,0 days 00:00:42.034000,0 days 01:37:28.408000,0 days 01:37:57.930000,0 days 01:38:39.964000,114.0,279.0,289.0,300.0,False,HARD,21.0,True,McLaren,0 days 01:37:04.067000,,1,6.0,False,,False,True,26.5,39.6,966.7,False,52.6,77,1.5,True,False,False,False,False,False,+79.847,+45.412,79.847,45.412,5919.891,95.824,,,24.268,29.522,42.034,5848.408,5877.93,5919.964,5824.067
2019,French Grand Prix,8,France,Le Castellet,0 days 01:40:15.788000,SAI,55,0 days 00:01:35.897000,41.0,2.0,,Carlos Sainz,,0 days 00:00:24.143000,0 days 00:00:29.564000,0 days 00:00:42.190000,0 days 01:39:04.107000,0 days 01:39:33.671000,0 days 01:40:15.861000,115.0,280.0,289.0,300.0,False,HARD,22.0,True,McLaren,0 days 01:38:39.891000,,1,6.0,False,,False,True,26.8,39.0,966.7,False,53.8,38,1.4,True,False,False,False,False,False,+82.092,+47.042,82.092,47.042,6015.788,95.897,,,24.143,29.564,42.19,5944.107,5973.671,6015.861,5919.891
2019,French Grand Prix,8,France,Le Castellet,0 days 01:41:51.329000,SAI,55,0 days 00:01:35.541000,42.0,2.0,,Carlos Sainz,,0 days 00:00:24.319000,0 days 00:00:29.536000,0 days 00:00:41.686000,0 days 01:40:40.180000,0 days 01:41:09.716000,0 days 01:41:51.402000,114.0,282.0,287.0,305.0,True,HARD,23.0,True,McLaren,0 days 01:40:15.788000,,1,6.0,False,,False,True,26.7,39.1,966.7,False,53.2,95,2.8,True,False,False,False,False,False,+83.913,+48.440,83.913,48.44,6111.329,95.541,,,24.319,29.536,41.686,6040.18,6069.716,6111.402,6015.788
2019,French Grand Prix,8,France,Le Castellet,0 days 01:43:26.639000,SAI,55,0 days 00:01:35.310000,43.0,2.0,,Carlos Sainz,,0 days 00:00:24.135000,0 days 00:00:29.494000,0 days 00:00:41.681000,0 days 01:42:15.537000,0 days 01:42:45.031000,0 days 01:43:26.712000,112.0,278.0,287.0,298.0,True,HARD,24.0,True,McLaren,0 days 01:41:51.329000,,1,6.0,False,,False,True,26.4,40.1,966.8,False,53.9,81,2.1,True,False,False,False,False,False,+85.032,+49.733,85.032,49.733,6206.639,95.31,,,24.135,29.494,41.681,6135.537,6165.031,6206.712,6111.329
2019,French Grand Prix,8,France,Le Castellet,0 days 01:45:01.571000,SAI,55,0 days 00:01:34.932000,44.0,2.0,,Carlos Sainz,,0 days 00:00:24.045000,0 days 00:00:29.369000,0 days 00:00:41.518000,0 days 01:43:50.757000,0 days 01:44:20.126000,0 days 01:45:01.644000,113.0,278.0,287.0,296.0,True,HARD,25.0,True,McLaren,0 days 01:43:26.639000,,1,6.0,False,,False,True,26.4,40.1,966.7,False,54.5,94,1.5,True,False,False,False,False,False,+85.384,+50.857,85.384,50.857,6301.571,94.932,,,24.045,29.369,41.518,6230.757,6260.126,6301.644,6206.639
2019,French Grand Prix,8,France,Le Castellet,0 days 01:46:36.596000,SAI,55,0 days 00:01:35.025000,45.0,2.0,,Carlos Sainz,,0 days 00:00:23.895000,0 days 00:00:29.447000,0 days 00:00:41.683000,0 days 01:45:25.539000,0 days 01:45:54.986000,0 days 01:46:36.669000,116.0,278.0,287.0,296.0,False,HARD,26.0,True,McLaren,0 days 01:45:01.571000,,1,6.0,False,,False,True,26.8,39.2,966.6,False,54.9,166,1.4,True,False,False,False,False,False,+85.481,+51.659,85.481,51.659,6396.596,95.025,,,23.895,29.447,41.683,6325.539,6354.986,6396.669,6301.571
2019,French Grand Prix,8,France,Le Castellet,0 days 01:48:11.685000,SAI,55,0 days 00:01:35.089000,46.0,2.0,,Carlos Sainz,,0 days 00:00:23.967000,0 days 00:00:29.326000,0 days 00:00:41.796000,0 days 01:47:00.636000,0 days 01:47:29.962000,0 days 01:48:11.758000,115.0,278.0,287.0,298.0,False,HARD,27.0,True,McLaren,0 days 01:46:36.596000,,1,6.0,False,,False,True,27.1,37.8,966.6,False,55.2,128,1.6,True,False,False,False,False,False,+86.251,+52.492,86.251,52.492,6491.685,95.089,,,23.967,29.326,41.796,6420.636,6449.962,6491.758,6396.596
2019,French Grand Prix,8,France,Le Castellet,0 days 01:49:46.762000,SAI,55,0 days 00:01:35.077000,47.0,2.0,,Carlos Sainz,,0 days 00:00:24.083000,0 days 00:00:29.352000,0 days 00:00:41.642000,0 days 01:48:35.841000,0 days 01:49:05.193000,0 days 01:49:46.835000,115.0,279.0,287.0,297.0,False,HARD,28.0,True,McLaren,0 days 01:48:11.685000,,1,6.0,False,,False,True,26.9,38.6,966.7,False,55.1,124,1.7,True,False,False,False,False,False,+87.347,+53.349,87.347,53.349,6586.762,95.077,,,24.083,29.352,41.642,6515.841,6545.193,6586.835,6491.685
2019,French Grand Prix,8,France,Le Castellet,0 days 01:51:22.045000,SAI,55,0 days 00:01:35.283000,48.0,2.0,,Carlos Sainz,,0 days 00:00:24.036000,0 days 00:00:29.385000,0 days 00:00:41.862000,0 days 01:50:10.871000,0 days 01:50:40.256000,0 days 01:51:22.118000,114.0,279.0,287.0,296.0,False,HARD,29.0,True,McLaren,0 days 01:49:46.762000,,12,6.0,False,,False,True,27.2,36.6,966.7,False,53.7,78,1.4,True,True,False,False,False,False,+87.924,+54.444,87.924,54.444,6682.045,95.283,,,24.036,29.385,41.862,6610.871,6640.256,6682.118,6586.762
2019,French Grand Prix,8,France,Le Castellet,0 days 01:53:02.486000,SAI,55,0 days 00:01:40.441000,49.0,2.0,,Carlos Sainz,,0 days 00:00:24.023000,0 days 00:00:29.503000,0 days 00:00:46.915000,0 days 01:51:46.141000,0 days 01:52:15.644000,0 days 01:53:02.559000,115.0,278.0,113.0,296.0,False,HARD,30.0,True,McLaren,0 days 01:51:22.045000,,216,6.0,False,,False,False,26.8,37.7,966.7,False,55.0,86,1.8,True,True,False,False,True,False,+88.912,+55.453,88.912,55.453,6782.486,100.441,,,24.023,29.503,46.915,6706.141,6735.644,6782.559,6682.045
2019,French Grand Prix,8,France,Le Castellet,0 days 01:54:45.255000,SAI,55,0 days 00:01:42.769000,50.0,2.0,,Carlos Sainz,,0 days 00:00:31.630000,0 days 00:00:29.357000,0 days 00:00:41.782000,0 days 01:53:34.189000,0 days 01:54:03.546000,0 days 01:54:45.328000,115.0,279.0,287.0,296.0,False,HARD,31.0,True,McLaren,0 days 01:53:02.486000,,671,6.0,False,,False,False,26.8,38.1,966.6,False,54.5,94,1.4,True,False,False,False,True,True,+96.984,+56.743,96.984,56.743,6885.255,102.769,,,31.63,29.357,41.782,6814.189,6843.546,6885.328,6782.486
2019,French Grand Prix,8,France,Le Castellet,0 days 01:56:20.471000,SAI,55,0 days 00:01:35.216000,51.0,2.0,,Carlos Sainz,,0 days 00:00:23.978000,0 days 00:00:29.388000,0 days 00:00:41.850000,0 days 01:55:09.306000,0 days 01:55:38.694000,0 days 01:56:20.544000,114.0,279.0,286.0,295.0,False,HARD,32.0,True,McLaren,0 days 01:54:45.255000,,1,6.0,False,,False,True,26.9,38.4,966.7,False,54.3,51,1.1,True,False,False,False,False,False,+91.560,+57.513,91.56,57.513,6980.471,95.216,,,23.978,29.388,41.85,6909.306,6938.694,6980.544,6885.255
2019,French Grand Prix,8,France,Le Castellet,0 days 01:57:55.032000,SAI,55,0 days 00:01:34.561000,52.0,2.0,,Carlos Sainz,,0 days 00:00:23.895000,0 days 00:00:29.261000,0 days 00:00:41.405000,0 days 01:56:44.439000,0 days 01:57:13.700000,0 days 01:57:55.105000,117.0,279.0,286.0,296.0,True,HARD,33.0,True,McLaren,0 days 01:56:20.471000,,1,6.0,False,,False,True,26.9,37.0,966.7,False,53.3,18,2.3,True,False,False,False,False,False,+91.432,+28.575,91.432,28.575,7075.032,94.561,,,23.895,29.261,41.405,7004.439,7033.7,7075.105,6980.471
2019,French Grand Prix,8,France,Le Castellet,0 days 01:59:31.812000,SAI,55,0 days 00:01:36.780000,53.0,2.0,,Carlos Sainz,,0 days 00:00:24.806000,0 days 00:00:29.774000,0 days 00:00:42.200000,0 days 01:58:19.911000,0 days 01:58:49.685000,0 days 01:59:31.885000,113.0,279.0,286.0,294.0,False,HARD,34.0,True,McLaren,0 days 01:57:55.032000,,12,6.0,False,,False,True,26.6,38.1,966.7,False,53.2,35,1.0,True,True,False,False,False,False,+95.455,+32.582,95.455,32.582,7171.812,96.78,,,24.806,29.774,42.2,7099.911,7129.685,7171.885,7075.032
2019,French Grand Prix,8,France,Le Castellet,0 days 00:35:21.234000,RUS,63,0 days 00:01:56.082000,1.0,1.0,,George Russell,,,0 days 00:00:32.514000,0 days 00:00:46.005000,,0 days 00:34:35.335000,0 days 00:35:21.516000,104.0,282.0,287.0,263.0,False,MEDIUM,1.0,True,Williams,0 days 00:33:25.039000,,1,19.0,False,,False,False,26.4,41.4,966.7,False,55.9,120,1.8,True,False,False,False,False,False,+14.109,+0.747,14.109,0.747,2121.234,116.082,,,,32.514,46.005,,2075.335,2121.516,2005.039
2019,French Grand Prix,8,France,Le Castellet,0 days 00:37:02.723000,RUS,63,0 days 00:01:41.489000,2.0,1.0,,George Russell,,0 days 00:00:26.189000,0 days 00:00:30.548000,0 days 00:00:44.752000,0 days 00:35:47.443000,0 days 00:36:17.991000,0 days 00:37:02.743000,106.0,278.0,289.0,309.0,True,MEDIUM,2.0,True,Williams,0 days 00:35:21.234000,,1,19.0,False,,False,True,26.3,41.8,966.8,False,56.1,57,1.2,True,False,False,False,False,False,+18.170,+0.838,18.17,0.838,2222.723,101.489,,,26.189,30.548,44.752,2147.443,2177.991,2222.743,2121.234
2019,French Grand Prix,8,France,Le Castellet,0 days 00:38:44.381000,RUS,63,0 days 00:01:41.658000,3.0,1.0,,George Russell,,0 days 00:00:26.035000,0 days 00:00:29.959000,0 days 00:00:45.664000,0 days 00:37:28.778000,0 days 00:37:58.737000,0 days 00:38:44.401000,108.0,281.0,300.0,334.0,False,MEDIUM,3.0,True,Williams,0 days 00:37:02.723000,,1,20.0,False,,False,True,26.3,41.8,966.7,False,57.0,77,2.1,True,False,False,False,False,False,+23.143,+0.833,23.143,0.833,2324.381,101.658,,,26.035,29.959,45.664,2248.778,2278.737,2324.401,2222.723
2019,French Grand Prix,8,France,Le Castellet,0 days 00:40:25.026000,RUS,63,0 days 00:01:40.645000,4.0,1.0,,George Russell,,0 days 00:00:25.797000,0 days 00:00:30.114000,0 days 00:00:44.734000,0 days 00:39:10.198000,0 days 00:39:40.312000,0 days 00:40:25.046000,105.0,280.0,298.0,300.0,True,MEDIUM,4.0,True,Williams,0 days 00:38:44.381000,,1,20.0,False,,False,True,26.7,40.4,966.8,False,56.6,83,1.1,True,False,False,False,False,False,+27.478,+0.939,27.478,0.939,2425.026,100.645,,,25.797,30.114,44.734,2350.198,2380.312,2425.046,2324.381
2019,French Grand Prix,8,France,Le Castellet,0 days 00:42:05.473000,RUS,63,0 days 00:01:40.447000,5.0,1.0,,George Russell,,0 days 00:00:25.512000,0 days 00:00:29.903000,0 days 00:00:45.032000,0 days 00:40:50.558000,0 days 00:41:20.461000,0 days 00:42:05.493000,108.0,285.0,298.0,330.0,True,MEDIUM,5.0,True,Williams,0 days 00:40:25.026000,,1,20.0,False,,False,True,26.9,40.6,966.6,False,56.3,26,1.4,True,False,False,False,False,False,+31.922,+0.836,31.922,0.836,2525.473,100.447,,,25.512,29.903,45.032,2450.558,2480.461,2525.493,2425.026
2019,French Grand Prix,8,France,Le Castellet,0 days 00:43:46.258000,RUS,63,0 days 00:01:40.785000,6.0,1.0,,George Russell,,0 days 00:00:25.806000,0 days 00:00:30.734000,0 days 00:00:44.245000,0 days 00:42:31.299000,0 days 00:43:02.033000,0 days 00:43:46.278000,93.0,276.0,288.0,309.0,False,MEDIUM,6.0,True,Williams,0 days 00:42:05.473000,,1,20.0,False,,False,True,26.7,41.4,966.7,False,56.4,48,2.1,True,False,False,False,False,False,+36.671,+1.220,36.671,1.22,2626.258,100.785,,,25.806,30.734,44.245,2551.299,2582.033,2626.278,2525.473
2019,French Grand Prix,8,France,Le Castellet,0 days 00:45:25.864000,RUS,63,0 days 00:01:39.606000,7.0,1.0,,George Russell,,0 days 00:00:25.252000,0 days 00:00:29.856000,0 days 00:00:44.498000,0 days 00:44:11.530000,0 days 00:44:41.386000,0 days 00:45:25.884000,107.0,281.0,298.0,330.0,True,MEDIUM,7.0,True,Williams,0 days 00:43:46.258000,,1,19.0,False,,False,True,27.0,41.1,966.7,False,56.6,176,1.4,True,False,False,False,False,False,+40.072,+0.942,40.072,0.942,2725.864,99.606,,,25.252,29.856,44.498,2651.53,2681.386,2725.884,2626.258
2019,French Grand Prix,8,France,Le Castellet,0 days 00:47:05.701000,RUS,63,0 days 00:01:39.837000,8.0,1.0,,George Russell,,0 days 00:00:25.577000,0 days 00:00:30.012000,0 days 00:00:44.248000,0 days 00:45:51.461000,0 days 00:46:21.473000,0 days 00:47:05.721000,109.0,279.0,298.0,325.0,False,MEDIUM,8.0,True,Williams,0 days 00:45:25.864000,,1,19.0,False,,False,True,27.5,39.9,966.7,False,56.2,18,0.6,True,False,False,False,False,False,+43.985,+0.757,43.985,0.757,2825.701,99.837,,,25.577,30.012,44.248,2751.461,2781.473,2825.721,2725.864
2019,French Grand Prix,8,France,Le Castellet,0 days 00:48:45.647000,RUS,63,0 days 00:01:39.946000,9.0,1.0,,George Russell,,0 days 00:00:25.795000,0 days 00:00:30.010000,0 days 00:00:44.141000,0 days 00:47:31.516000,0 days 00:48:01.526000,0 days 00:48:45.667000,105.0,278.0,288.0,306.0,False,MEDIUM,9.0,True,Williams,0 days 00:47:05.701000,,1,19.0,False,,False,True,27.8,39.0,966.7,False,57.2,164,0.9,True,False,False,False,False,False,+48.059,+1.073,48.059,1.073,2925.647,99.946,,,25.795,30.01,44.141,2851.516,2881.526,2925.667,2825.701
2019,French Grand Prix,8,France,Le Castellet,0 days 00:50:24.706000,RUS,63,0 days 00:01:39.059000,10.0,1.0,,George Russell,,0 days 00:00:25.461000,0 days 00:00:30.007000,0 days 00:00:43.591000,0 days 00:49:11.128000,0 days 00:49:41.135000,0 days 00:50:24.726000,103.0,278.0,298.0,312.0,True,MEDIUM,10.0,True,Williams,0 days 00:48:45.647000,,1,19.0,False,,False,True,27.7,37.9,966.7,False,55.4,132,1.8,True,False,False,False,False,False,+51.533,+0.788,51.533,0.788,3024.706,99.059,,,25.461,30.007,43.591,2951.128,2981.135,3024.726,2925.647
2019,French Grand Prix,8,France,Le Castellet,0 days 00:52:04.755000,RUS,63,0 days 00:01:40.049000,11.0,1.0,,George Russell,,0 days 00:00:25.731000,0 days 00:00:30.383000,0 days 00:00:43.935000,0 days 00:50:50.457000,0 days 00:51:20.840000,0 days 00:52:04.775000,103.0,276.0,288.0,303.0,False,MEDIUM,11.0,True,Williams,0 days 00:50:24.706000,,1,19.0,False,,False,True,27.4,38.5,966.6,False,55.4,104,1.5,True,False,False,False,False,False,+55.970,+1.405,55.97,1.405,3124.755,100.049,,,25.731,30.383,43.935,3050.457,3080.84,3124.775,3024.706
2019,French Grand Prix,8,France,Le Castellet,0 days 00:53:44.393000,RUS,63,0 days 00:01:39.638000,12.0,1.0,,George Russell,,0 days 00:00:25.489000,0 days 00:00:30.187000,0 days 00:00:43.962000,0 days 00:52:30.264000,0 days 00:53:00.451000,0 days 00:53:44.413000,107.0,277.0,288.0,304.0,False,MEDIUM,12.0,True,Williams,0 days 00:52:04.755000,,1,19.0,False,,False,True,27.3,38.8,966.6,False,55.6,87,2.1,True,False,False,False,False,False,+60.123,+1.557,60.123,1.557,3224.393,99.638,,,25.489,30.187,43.962,3150.264,3180.451,3224.413,3124.755
2019,French Grand Prix,8,France,Le Castellet,0 days 00:55:23.517000,RUS,63,0 days 00:01:39.124000,13.0,1.0,,George Russell,,0 days 00:00:25.411000,0 days 00:00:30.016000,0 days 00:00:43.697000,0 days 00:54:09.824000,0 days 00:54:39.840000,0 days 00:55:23.537000,107.0,275.0,288.0,306.0,False,MEDIUM,13.0,True,Williams,0 days 00:53:44.393000,,1,19.0,False,,False,True,27.1,38.7,966.6,False,54.4,161,1.5,True,False,False,False,False,False,+63.956,+1.311,63.956,1.311,3323.517,99.124,,,25.411,30.016,43.697,3249.824,3279.84,3323.537,3224.393
2019,French Grand Prix,8,France,Le Castellet,0 days 00:57:02.768000,RUS,63,0 days 00:01:39.251000,14.0,1.0,,George Russell,,0 days 00:00:25.411000,0 days 00:00:30.063000,0 days 00:00:43.777000,,0 days 00:56:19.011000,0 days 00:57:02.788000,109.0,276.0,299.0,306.0,False,MEDIUM,14.0,True,Williams,0 days 00:55:23.517000,,1,19.0,False,,False,True,27.8,37.1,966.6,False,55.7,132,2.4,True,False,False,False,False,False,+68.468,+0.932,68.468,0.932,3422.768,99.251,,,25.411,30.063,43.777,,3379.011,3422.788,3323.517
2019,French Grand Prix,8,France,Le Castellet,0 days 00:58:42.312000,RUS,63,0 days 00:01:39.544000,15.0,1.0,,George Russell,,0 days 00:00:25.419000,0 days 00:00:29.703000,0 days 00:00:44.422000,0 days 00:57:28.207000,0 days 00:57:57.910000,0 days 00:58:42.332000,108.0,280.0,300.0,329.0,False,MEDIUM,15.0,True,Williams,0 days 00:57:02.768000,,1,20.0,False,,False,True,27.6,37.8,966.5,False,55.1,119,2.3,True,False,False,False,False,False,+73.211,+1.131,73.211,1.131,3522.312,99.544,,,25.419,29.703,44.422,3448.207,3477.91,3522.332,3422.768
2019,French Grand Prix,8,France,Le Castellet,0 days 01:00:22.420000,RUS,63,0 days 00:01:40.108000,16.0,1.0,,George Russell,,0 days 00:00:25.922000,0 days 00:00:29.793000,0 days 00:00:44.393000,0 days 00:59:08.254000,0 days 00:59:38.047000,0 days 01:00:22.440000,105.0,279.0,300.0,330.0,False,MEDIUM,16.0,True,Williams,0 days 00:58:42.312000,,1,19.0,False,,False,True,27.1,38.9,966.5,False,54.7,151,1.4,True,False,False,False,False,False,+78.341,+0.663,78.341,0.663,3622.42,100.108,,,25.922,29.793,44.393,3548.254,3578.047,3622.44,3522.312
2019,French Grand Prix,8,France,Le Castellet,0 days 01:02:01.940000,RUS,63,0 days 00:01:39.520000,17.0,1.0,,George Russell,,0 days 00:00:25.921000,0 days 00:00:29.611000,0 days 00:00:43.988000,0 days 01:00:48.361000,0 days 01:01:17.972000,0 days 01:02:01.960000,105.0,283.0,299.0,332.0,False,MEDIUM,17.0,True,Williams,0 days 01:00:22.420000,,1,19.0,False,,False,True,27.7,37.3,966.5,False,55.9,201,2.2,True,False,False,False,False,False,+82.466,+0.708,82.466,0.708,3721.94,99.52,,,25.921,29.611,43.988,3648.361,3677.972,3721.96,3622.42
2019,French Grand Prix,8,France,Le Castellet,0 days 01:03:41.129000,RUS,63,0 days 00:01:39.189000,18.0,1.0,,George Russell,,0 days 00:00:25.570000,0 days 00:00:30.062000,0 days 00:00:43.557000,0 days 01:02:27.530000,0 days 01:02:57.592000,0 days 01:03:41.149000,104.0,285.0,287.0,334.0,False,MEDIUM,18.0,True,Williams,0 days 01:02:01.940000,,1,18.0,False,,False,True,27.7,37.1,966.6,False,56.0,59,1.5,True,False,False,False,False,False,+86.530,+5.587,86.53,5.587,3821.129,99.189,,,25.57,30.062,43.557,3747.53,3777.592,3821.149,3721.94
2019,French Grand Prix,8,France,Le Castellet,0 days 01:05:19.790000,RUS,63,0 days 00:01:38.661000,19.0,1.0,,George Russell,,0 days 00:00:25.151000,0 days 00:00:30.100000,0 days 00:00:43.410000,0 days 01:04:06.300000,0 days 01:04:36.400000,0 days 01:05:19.810000,108.0,276.0,286.0,294.0,True,MEDIUM,19.0,True,Williams,0 days 01:03:41.129000,,1,18.0,False,,False,True,27.3,38.2,966.5,False,54.1,89,2.1,True,False,False,False,False,False,+90.152,+6.049,90.152,6.049,3919.79,98.661,,,25.151,30.1,43.41,3846.3,3876.4,3919.81,3821.129
2019,French Grand Prix,8,France,Le Castellet,0 days 01:06:58.287000,RUS,63,0 days 00:01:38.497000,20.0,1.0,,George Russell,,0 days 00:00:25.139000,0 days 00:00:30.028000,0 days 00:00:43.330000,0 days 01:05:44.949000,0 days 01:06:14.977000,0 days 01:06:58.307000,107.0,275.0,288.0,295.0,True,MEDIUM,20.0,True,Williams,0 days 01:05:19.790000,,1,18.0,False,,False,True,27.9,37.0,966.5,False,56.2,120,2.4,True,False,False,False,False,False,+93.793,+6.952,93.793,6.952,4018.287,98.497,,,25.139,30.028,43.33,3944.949,3974.977,4018.307,3919.79
2019,French Grand Prix,8,France,Le Castellet,0 days 01:08:38.129000,RUS,63,0 days 00:01:39.842000,21.0,1.0,,George Russell,,0 days 00:00:25.266000,0 days 00:00:30.888000,0 days 00:00:43.688000,0 days 01:07:23.573000,0 days 01:07:54.461000,0 days 01:08:38.149000,104.0,276.0,283.0,283.0,False,MEDIUM,21.0,True,Williams,0 days 01:06:58.287000,,1,18.0,False,,False,True,27.8,36.8,966.6,False,56.0,80,2.2,True,False,False,False,False,False,1 L,+9.435,,9.435,4118.129,99.842,,,25.266,30.888,43.688,4043.573,4074.461,4118.149,4018.287
2019,French Grand Prix,8,France,Le Castellet,0 days 01:10:17.006000,RUS,63,0 days 00:01:38.877000,22.0,1.0,,George Russell,,0 days 00:00:25.030000,0 days 00:00:30.175000,0 days 00:00:43.672000,0 days 01:09:03.179000,0 days 01:09:33.354000,0 days 01:10:17.026000,107.0,276.0,284.0,291.0,False,MEDIUM,22.0,True,Williams,0 days 01:08:38.129000,,12,18.0,False,,False,True,27.7,36.8,966.5,False,55.9,102,3.1,True,True,False,False,False,False,1 L,+11.003,,11.003,4217.006,98.877,,,25.03,30.175,43.672,4143.179,4173.354,4217.026,4118.129
2019,French Grand Prix,8,France,Le Castellet,0 days 01:11:55.694000,RUS,63,0 days 00:01:38.688000,23.0,1.0,,George Russell,,0 days 00:00:24.989000,0 days 00:00:30.042000,0 days 00:00:43.657000,0 days 01:10:42.015000,0 days 01:11:12.057000,0 days 01:11:55.714000,108.0,276.0,286.0,301.0,False,MEDIUM,23.0,True,Williams,0 days 01:10:17.006000,,1,18.0,False,,False,True,27.5,37.2,966.5,False,56.3,108,3.3,True,False,False,False,False,False,+105.847,+12.670,105.847,12.67,4315.694,98.688,,,24.989,30.042,43.657,4242.015,4272.057,4315.714,4217.006
2019,French Grand Prix,8,France,Le Castellet,0 days 01:13:35.165000,RUS,63,0 days 00:01:39.471000,24.0,1.0,,George Russell,,0 days 00:00:25.284000,0 days 00:00:30.481000,0 days 00:00:43.706000,0 days 01:12:20.998000,0 days 01:12:51.479000,0 days 01:13:35.185000,110.0,281.0,298.0,301.0,False,MEDIUM,24.0,True,Williams,0 days 01:11:55.694000,,1,19.0,False,,False,True,27.2,37.4,966.6,False,55.2,114,3.2,True,False,False,False,False,False,+110.094,+1.326,110.094,1.326,4415.165,99.471,,,25.284,30.481,43.706,4340.998,4371.479,4415.185,4315.694
2019,French Grand Prix,8,France,Le Castellet,0 days 01:15:35.040000,RUS,63,0 days 00:01:59.875000,25.0,1.0,,George Russell,0 days 01:15:03.823000,0 days 00:00:25.206000,0 days 00:00:29.976000,0 days 00:01:04.693000,0 days 01:14:00.391000,0 days 01:14:30.367000,0 days 01:15:35.060000,105.0,278.0,,298.0,False,MEDIUM,25.0,True,Williams,0 days 01:13:35.165000,,1,19.0,False,,False,False,26.7,38.6,966.5,False,54.2,112,2.8,True,False,False,False,False,False,+89.089,+1.499,89.089,1.499,4535.04,119.875,4503.823,,25.206,29.976,64.693,4440.391,4470.367,4535.06,4415.165
2019,French Grand Prix,8,France,Le Castellet,0 days 01:17:18.341000,RUS,63,0 days 00:01:43.301000,26.0,2.0,0 days 01:15:35.824000,George Russell,,0 days 00:00:28.694000,0 days 00:00:30.987000,0 days 00:00:43.620000,0 days 01:16:03.754000,0 days 01:16:34.741000,0 days 01:17:18.361000,107.0,277.0,285.0,284.0,False,HARD,1.0,True,Williams,0 days 01:15:35.040000,,1,19.0,False,,False,False,27.0,37.6,966.5,False,54.0,74,1.4,True,False,False,False,False,False,1 L,+29.402,,29.402,4638.341,103.301,,4535.824,28.694,30.987,43.62,4563.754,4594.741,4638.361,4535.04
2019,French Grand Prix,8,France,Le Castellet,0 days 01:18:56.386000,RUS,63,0 days 00:01:38.045000,27.0,2.0,,George Russell,,0 days 00:00:24.758000,0 days 00:00:30.046000,0 days 00:00:43.241000,0 days 01:17:43.119000,0 days 01:18:13.165000,0 days 01:18:56.406000,112.0,275.0,285.0,293.0,True,HARD,2.0,True,Williams,0 days 01:17:18.341000,,1,19.0,False,,False,True,27.0,37.9,966.6,False,53.2,85,2.4,True,False,False,False,False,False,1 L,+30.247,,30.247,4736.386,98.045,,,24.758,30.046,43.241,4663.119,4693.165,4736.406,4638.341
2019,French Grand Prix,8,France,Le Castellet,0 days 01:20:34.775000,RUS,63,0 days 00:01:38.389000,28.0,2.0,,George Russell,,0 days 00:00:25.458000,0 days 00:00:30.090000,0 days 00:00:42.841000,0 days 01:19:21.864000,0 days 01:19:51.954000,0 days 01:20:34.795000,115.0,277.0,287.0,298.0,False,HARD,3.0,True,Williams,0 days 01:18:56.386000,,1,19.0,False,,False,True,27.1,37.6,966.6,False,52.1,109,1.8,True,False,False,False,False,False,1 L,+30.922,,30.922,4834.775,98.389,,,25.458,30.09,42.841,4761.864,4791.954,4834.795,4736.386
2019,French Grand Prix,8,France,Le Castellet,0 days 01:22:11.946000,RUS,63,0 days 00:01:37.171000,29.0,2.0,,George Russell,,0 days 00:00:24.582000,0 days 00:00:29.875000,0 days 00:00:42.714000,0 days 01:20:59.377000,0 days 01:21:29.252000,0 days 01:22:11.966000,111.0,277.0,287.0,296.0,True,HARD,4.0,True,Williams,0 days 01:20:34.775000,,1,19.0,False,,False,True,27.3,36.7,966.7,False,52.6,104,2.4,True,False,False,False,False,False,1 L,+31.497,,31.497,4931.946,97.171,,,24.582,29.875,42.714,4859.377,4889.252,4931.966,4834.775
2019,French Grand Prix,8,France,Le Castellet,0 days 01:23:50.318000,RUS,63,0 days 00:01:38.372000,30.0,2.0,,George Russell,,0 days 00:00:25.361000,0 days 00:00:30.101000,0 days 00:00:42.910000,0 days 01:22:37.327000,0 days 01:23:07.428000,0 days 01:23:50.338000,108.0,276.0,287.0,300.0,False,HARD,5.0,True,Williams,0 days 01:22:11.946000,,1,19.0,False,,False,True,27.3,36.8,966.5,False,53.4,109,3.2,True,False,False,False,False,False,1 L,+32.881,,32.881,5030.318,98.372,,,25.361,30.101,42.91,4957.327,4987.428,5030.338,4931.946
2019,French Grand Prix,8,France,Le Castellet,0 days 01:25:27.829000,RUS,63,0 days 00:01:37.511000,31.0,2.0,,George Russell,,0 days 00:00:24.710000,0 days 00:00:29.946000,0 days 00:00:42.855000,0 days 01:24:15.048000,0 days 01:24:44.994000,0 days 01:25:27.849000,111.0,276.0,287.0,298.0,False,HARD,6.0,True,Williams,0 days 01:23:50.318000,,1,19.0,False,,False,True,27.4,36.6,966.6,False,55.3,41,1.8,True,False,False,False,False,False,1 L,+33.388,,33.388,5127.829,97.511,,,24.71,29.946,42.855,5055.048,5084.994,5127.849,5030.318
2019,French Grand Prix,8,France,Le Castellet,0 days 01:27:05.408000,RUS,63,0 days 00:01:37.579000,32.0,2.0,,George Russell,,0 days 00:00:24.781000,0 days 00:00:29.878000,0 days 00:00:42.920000,0 days 01:25:52.630000,0 days 01:26:22.508000,0 days 01:27:05.428000,109.0,277.0,287.0,297.0,False,HARD,7.0,True,Williams,0 days 01:25:27.829000,,1,19.0,False,,False,True,27.5,36.6,966.7,False,55.5,76,1.4,True,False,False,False,False,False,1 L,+32.201,,32.201,5225.408,97.579,,,24.781,29.878,42.92,5152.63,5182.508,5225.428,5127.829
2019,French Grand Prix,8,France,Le Castellet,0 days 01:29:09.873000,RUS,63,0 days 00:02:04.465000,33.0,2.0,,George Russell,0 days 01:28:33.194000,0 days 00:00:24.757000,0 days 00:00:30.095000,0 days 00:01:09.613000,0 days 01:27:30.185000,0 days 01:28:00.280000,0 days 01:29:09.893000,108.0,275.0,,298.0,False,HARD,8.0,True,Williams,0 days 01:27:05.408000,,1,20.0,False,,False,False,27.7,36.3,966.7,False,56.0,140,1.7,True,False,False,False,False,False,1 L,+32.359,,32.359,5349.873,124.465,5313.194,,24.757,30.095,69.613,5250.185,5280.28,5349.893,5225.408
2019,French Grand Prix,8,France,Le Castellet,0 days 01:30:55.440000,RUS,63,0 days 00:01:45.567000,34.0,3.0,0 days 01:29:16.671000,George Russell,,0 days 00:00:28.848000,0 days 00:00:31.684000,0 days 00:00:45.035000,0 days 01:29:38.741000,0 days 01:30:10.425000,0 days 01:30:55.460000,103.0,276.0,299.0,267.0,False,MEDIUM,1.0,True,Williams,0 days 01:29:09.873000,,12,20.0,False,,False,False,27.6,36.7,966.6,False,55.4,79,1.1,True,True,False,False,False,False,1 L,+27.737,,27.737,5455.44,105.567,,5356.671,28.848,31.684,45.035,5378.741,5410.425,5455.46,5349.873
2019,French Grand Prix,8,France,Le Castellet,0 days 01:32:33.153000,RUS,63,0 days 00:01:37.713000,35.0,3.0,,George Russell,,0 days 00:00:24.795000,0 days 00:00:29.951000,0 days 00:00:42.967000,0 days 01:31:20.255000,0 days 01:31:50.206000,0 days 01:32:33.173000,112.0,276.0,287.0,302.0,False,MEDIUM,2.0,True,Williams,0 days 01:30:55.440000,,1,20.0,False,,False,True,27.7,36.9,966.7,False,54.1,102,1.4,True,False,False,False,False,False,1 L,+27.517,,27.517,5553.153,97.713,,,24.795,29.951,42.967,5480.255,5510.206,5553.173,5455.44
2019,French Grand Prix,8,France,Le Castellet,0 days 01:34:09.901000,RUS,63,0 days 00:01:36.748000,36.0,3.0,,George Russell,,0 days 00:00:24.420000,0 days 00:00:29.737000,0 days 00:00:42.591000,0 days 01:32:57.593000,0 days 01:33:27.330000,0 days 01:34:09.921000,112.0,277.0,288.0,300.0,True,MEDIUM,3.0,True,Williams,0 days 01:32:33.153000,,1,20.0,False,,False,True,27.4,37.2,966.7,False,51.6,79,1.2,True,False,False,False,False,False,1 L,+26.355,,26.355,5649.901,96.748,,,24.42,29.737,42.591,5577.593,5607.33,5649.921,5553.153
2019,French Grand Prix,8,France,Le Castellet,0 days 01:35:48.516000,RUS,63,0 days 00:01:38.615000,37.0,3.0,,George Russell,,0 days 00:00:26.333000,0 days 00:00:29.969000,0 days 00:00:42.313000,0 days 01:34:36.254000,0 days 01:35:06.223000,0 days 01:35:48.536000,109.0,278.0,288.0,303.0,False,MEDIUM,4.0,True,Williams,0 days 01:34:09.901000,,1,20.0,False,,False,True,27.2,37.1,966.8,False,53.9,121,2.4,True,False,False,False,False,False,2 L,+26.838,,26.838,5748.516,98.615,,,26.333,29.969,42.313,5676.254,5706.223,5748.536,5649.901
2019,French Grand Prix,8,France,Le Castellet,0 days 01:37:24.936000,RUS,63,0 days 00:01:36.420000,38.0,3.0,,George Russell,,0 days 00:00:24.492000,0 days 00:00:29.645000,0 days 00:00:42.283000,0 days 01:36:13.028000,0 days 01:36:42.673000,0 days 01:37:24.956000,112.0,278.0,288.0,296.0,True,MEDIUM,5.0,True,Williams,0 days 01:35:48.516000,,1,20.0,False,,False,True,26.8,38.9,966.6,False,53.1,84,1.8,True,False,False,False,False,False,2 L,+25.425,,25.425,5844.936,96.42,,,24.492,29.645,42.283,5773.028,5802.673,5844.956,5748.516
2019,French Grand Prix,8,France,Le Castellet,0 days 01:39:03.483000,RUS,63,0 days 00:01:38.547000,39.0,3.0,,George Russell,,0 days 00:00:24.784000,0 days 00:00:30.894000,0 days 00:00:42.869000,0 days 01:37:49.740000,0 days 01:38:20.634000,0 days 01:39:03.503000,109.0,278.0,290.0,286.0,False,MEDIUM,6.0,True,Williams,0 days 01:37:24.936000,,1,20.0,False,,False,True,26.9,38.6,966.7,False,52.6,73,1.1,True,False,False,False,False,False,2 L,+26.376,,26.376,5943.483,98.547,,,24.784,30.894,42.869,5869.74,5900.634,5943.503,5844.936
2019,French Grand Prix,8,France,Le Castellet,0 days 01:40:41.723000,RUS,63,0 days 00:01:38.240000,40.0,3.0,,George Russell,,0 days 00:00:24.422000,0 days 00:00:29.668000,0 days 00:00:44.150000,0 days 01:39:27.925000,0 days 01:39:57.593000,0 days 01:40:41.743000,112.0,277.0,302.0,298.0,False,MEDIUM,7.0,True,Williams,0 days 01:39:03.483000,,1,20.0,False,,False,True,26.8,39.0,966.7,False,53.8,38,1.4,True,False,False,False,False,False,2 L,+27.516,,27.516,6041.723,98.24,,,24.422,29.668,44.15,5967.925,5997.593,6041.743,5943.483
2019,French Grand Prix,8,France,Le Castellet,0 days 01:42:18.282000,RUS,63,0 days 00:01:36.559000,41.0,3.0,,George Russell,,0 days 00:00:24.546000,0 days 00:00:29.736000,0 days 00:00:42.277000,0 days 01:41:06.289000,0 days 01:41:36.025000,0 days 01:42:18.302000,114.0,279.0,288.0,300.0,False,MEDIUM,8.0,True,Williams,0 days 01:40:41.723000,,1,20.0,False,,False,True,26.3,39.8,966.7,False,53.9,109,1.3,True,False,False,False,False,False,2 L,+23.953,,23.953,6138.282,96.559,,,24.546,29.736,42.277,6066.289,6096.025,6138.302,6041.723
2019,French Grand Prix,8,France,Le Castellet,0 days 01:43:54.862000,RUS,63,0 days 00:01:36.580000,42.0,3.0,,George Russell,,0 days 00:00:24.591000,0 days 00:00:29.772000,0 days 00:00:42.217000,0 days 01:42:42.893000,0 days 01:43:12.665000,0 days 01:43:54.882000,109.0,277.0,288.0,299.0,False,MEDIUM,9.0,True,Williams,0 days 01:42:18.282000,,1,20.0,False,,False,True,26.4,40.1,966.8,False,53.9,81,2.1,True,False,False,False,False,False,2 L,+21.416,,21.416,6234.862,96.58,,,24.591,29.772,42.217,6162.893,6192.665,6234.882,6138.282
2019,French Grand Prix,8,France,Le Castellet,0 days 01:45:32.595000,RUS,63,0 days 00:01:37.733000,43.0,3.0,,George Russell,,0 days 00:00:24.525000,0 days 00:00:30.087000,0 days 00:00:43.121000,0 days 01:44:19.407000,0 days 01:44:49.494000,0 days 01:45:32.615000,110.0,274.0,290.0,299.0,False,MEDIUM,10.0,True,Williams,0 days 01:43:54.862000,,1,20.0,False,,False,True,26.4,40.1,966.7,False,54.5,94,1.5,True,False,False,False,False,False,2 L,+17.083,,17.083,6332.595,97.733,,,24.525,30.087,43.121,6259.407,6289.494,6332.615,6234.862
2019,French Grand Prix,8,France,Le Castellet,0 days 01:47:09.579000,RUS,63,0 days 00:01:36.984000,44.0,3.0,,George Russell,,0 days 00:00:24.363000,0 days 00:00:29.729000,0 days 00:00:42.892000,0 days 01:45:56.978000,0 days 01:46:26.707000,0 days 01:47:09.599000,110.0,278.0,285.0,298.0,False,MEDIUM,11.0,True,Williams,0 days 01:45:32.595000,,1,20.0,False,,False,True,27.0,39.0,966.8,False,55.1,182,1.1,True,False,False,False,False,False,2 L,+13.877,,13.877,6429.579,96.984,,,24.363,29.729,42.892,6356.978,6386.707,6429.599,6332.595
2019,French Grand Prix,8,France,Le Castellet,0 days 01:48:49.160000,RUS,63,0 days 00:01:39.581000,45.0,3.0,,George Russell,,0 days 00:00:26.428000,0 days 00:00:30.679000,0 days 00:00:42.474000,0 days 01:47:36.027000,0 days 01:48:06.706000,0 days 01:48:49.180000,104.0,282.0,291.0,277.0,False,MEDIUM,12.0,True,Williams,0 days 01:47:09.579000,,1,20.0,False,,False,True,27.1,37.8,966.6,False,55.2,128,1.6,True,False,False,False,False,False,2 L,+81.408,,81.408,6529.16,99.581,,,26.428,30.679,42.474,6456.027,6486.706,6529.18,6429.579
2019,French Grand Prix,8,France,Le Castellet,0 days 01:50:25.761000,RUS,63,0 days 00:01:36.601000,46.0,3.0,,George Russell,,0 days 00:00:24.472000,0 days 00:00:29.721000,0 days 00:00:42.408000,0 days 01:49:13.652000,0 days 01:49:43.373000,0 days 01:50:25.781000,110.0,279.0,291.0,298.0,False,MEDIUM,13.0,True,Williams,0 days 01:48:49.160000,,1,19.0,False,,False,True,27.0,37.6,966.7,False,54.3,29,1.2,True,False,False,False,False,False,2 L,+12.883,,12.883,6625.761,96.601,,,24.472,29.721,42.408,6553.652,6583.373,6625.781,6529.16
2019,French Grand Prix,8,France,Le Castellet,0 days 01:52:03.723000,RUS,63,0 days 00:01:37.962000,47.0,3.0,,George Russell,,0 days 00:00:24.320000,0 days 00:00:29.854000,0 days 00:00:43.788000,0 days 01:50:50.101000,0 days 01:51:19.955000,0 days 01:52:03.743000,110.0,279.0,290.0,302.0,False,MEDIUM,14.0,True,Williams,0 days 01:50:25.761000,,12,19.0,False,,False,True,27.0,37.3,966.6,False,54.0,102,1.4,True,True,False,False,False,False,2 L,+12.304,,12.304,6723.723,97.962,,,24.32,29.854,43.788,6650.101,6679.955,6723.743,6625.761
2019,French Grand Prix,8,France,Le Castellet,0 days 01:53:50.921000,RUS,63,0 days 00:01:47.198000,48.0,3.0,,George Russell,,0 days 00:00:24.859000,0 days 00:00:33.873000,0 days 00:00:48.466000,0 days 01:52:28.602000,0 days 01:53:02.475000,0 days 01:53:50.941000,109.0,145.0,290.0,298.0,False,MEDIUM,15.0,True,Williams,0 days 01:52:03.723000,,1267,19.0,False,,False,False,26.8,37.7,966.7,False,55.0,86,1.8,True,True,False,False,True,True,2 L,+12.632,,12.632,6830.921,107.198,,,24.859,33.873,48.466,6748.602,6782.475,6830.941,6723.723
2019,French Grand Prix,8,France,Le Castellet,0 days 01:55:27.170000,RUS,63,0 days 00:01:36.249000,49.0,3.0,,George Russell,,0 days 00:00:24.327000,0 days 00:00:29.585000,0 days 00:00:42.337000,0 days 01:54:15.268000,0 days 01:54:44.853000,0 days 01:55:27.190000,110.0,280.0,289.0,298.0,True,MEDIUM,16.0,True,Williams,0 days 01:53:50.921000,,1,19.0,False,,False,True,26.7,38.6,966.7,False,54.5,158,1.4,True,False,False,False,False,False,2 L,+11.622,,11.622,6927.17,96.249,,,24.327,29.585,42.337,6855.268,6884.853,6927.19,6830.921
2019,French Grand Prix,8,France,Le Castellet,0 days 01:57:03.006000,RUS,63,0 days 00:01:35.836000,50.0,3.0,,George Russell,,0 days 00:00:24.266000,0 days 00:00:29.582000,0 days 00:00:41.988000,0 days 01:55:51.456000,0 days 01:56:21.038000,0 days 01:57:03.026000,112.0,280.0,290.0,305.0,True,MEDIUM,17.0,True,Williams,0 days 01:55:27.170000,,1,19.0,False,,False,True,27.1,37.0,966.7,False,54.1,120,1.9,True,False,False,False,False,False,2 L,+10.861,,10.861,7023.006,95.836,,,24.266,29.582,41.988,6951.456,6981.038,7023.026,6927.17
2019,French Grand Prix,8,France,Le Castellet,0 days 01:58:38.836000,RUS,63,0 days 00:01:35.830000,51.0,3.0,,George Russell,,0 days 00:00:24.332000,0 days 00:00:29.517000,0 days 00:00:41.981000,0 days 01:57:27.358000,0 days 01:57:56.875000,0 days 01:58:38.856000,109.0,279.0,289.0,298.0,True,MEDIUM,18.0,True,Williams,0 days 01:57:03.006000,,1,19.0,False,,False,True,26.9,37.0,966.7,False,53.3,18,2.3,True,False,False,False,False,False,2 L,+9.137,,9.137,7118.836,95.83,,,24.332,29.517,41.981,7047.358,7076.875,7118.856,7023.006
2019,French Grand Prix,8,France,Le Castellet,0 days 00:35:15.562000,RAI,7,0 days 00:01:50.410000,1.0,1.0,,Kimi Räikkönen,,,0 days 00:00:31.086000,0 days 00:00:43.841000,,0 days 00:34:31.911000,0 days 00:35:15.892000,103.0,274.0,289.0,307.0,False,HARD,1.0,True,Alfa Romeo Racing,0 days 00:33:25.039000,,1,11.0,False,,False,False,26.4,41.4,966.7,False,55.9,120,1.8,True,False,False,False,False,False,+8.438,+0.403,8.438,0.403,2115.562,110.41,,,,31.086,43.841,,2071.911,2115.892,2005.039
2019,French Grand Prix,8,France,Le Castellet,0 days 00:36:55.532000,RAI,7,0 days 00:01:39.970000,2.0,1.0,,Kimi Räikkönen,,0 days 00:00:25.818000,0 days 00:00:30.276000,0 days 00:00:43.876000,0 days 00:35:41.437000,0 days 00:36:11.713000,0 days 00:36:55.589000,109.0,275.0,287.0,312.0,True,HARD,2.0,True,Alfa Romeo Racing,0 days 00:35:15.562000,,1,11.0,False,,False,True,26.4,41.4,966.7,False,56.1,93,1.8,True,False,False,False,False,False,+10.900,+0.536,10.9,0.536,2215.532,99.97,,,25.818,30.276,43.876,2141.437,2171.713,2215.589,2115.562
2019,French Grand Prix,8,France,Le Castellet,0 days 00:38:34.367000,RAI,7,0 days 00:01:38.835000,3.0,1.0,,Kimi Räikkönen,,0 days 00:00:25.562000,0 days 00:00:29.650000,0 days 00:00:43.623000,0 days 00:37:21.151000,0 days 00:37:50.801000,0 days 00:38:34.424000,104.0,277.0,303.0,327.0,True,HARD,3.0,True,Alfa Romeo Racing,0 days 00:36:55.532000,,1,11.0,False,,False,True,26.3,41.8,966.7,False,57.0,77,2.1,True,False,False,False,False,False,+13.162,+0.481,13.162,0.481,2314.367,98.835,,,25.562,29.65,43.623,2241.151,2270.801,2314.424,2215.532
2019,French Grand Prix,8,France,Le Castellet,0 days 00:40:13.034000,RAI,7,0 days 00:01:38.667000,4.0,1.0,,Kimi Räikkönen,,0 days 00:00:25.153000,0 days 00:00:29.745000,0 days 00:00:43.769000,0 days 00:38:59.577000,0 days 00:39:29.322000,0 days 00:40:13.091000,105.0,278.0,303.0,327.0,True,HARD,4.0,True,Alfa Romeo Racing,0 days 00:38:34.367000,,1,11.0,False,,False,True,26.7,40.4,966.8,False,56.6,83,1.1,True,False,False,False,False,False,+15.519,+0.465,15.519,0.465,2413.034,98.667,,,25.153,29.745,43.769,2339.577,2369.322,2413.091,2314.367
2019,French Grand Prix,8,France,Le Castellet,0 days 00:41:52.263000,RAI,7,0 days 00:01:39.229000,5.0,1.0,,Kimi Räikkönen,,0 days 00:00:25.286000,0 days 00:00:29.980000,0 days 00:00:43.963000,0 days 00:40:38.377000,0 days 00:41:08.357000,0 days 00:41:52.320000,103.0,278.0,301.0,326.0,False,HARD,5.0,True,Alfa Romeo Racing,0 days 00:40:13.034000,,1,11.0,False,,False,True,26.8,40.2,966.7,False,56.6,151,1.5,True,False,False,False,False,False,+18.713,+0.458,18.713,0.458,2512.263,99.229,,,25.286,29.98,43.963,2438.377,2468.357,2512.32,2413.034
2019,French Grand Prix,8,France,Le Castellet,0 days 00:43:30.550000,RAI,7,0 days 00:01:38.287000,6.0,1.0,,Kimi Räikkönen,,0 days 00:00:25.208000,0 days 00:00:29.661000,0 days 00:00:43.418000,0 days 00:42:17.528000,0 days 00:42:47.189000,0 days 00:43:30.607000,107.0,287.0,297.0,326.0,True,HARD,6.0,True,Alfa Romeo Racing,0 days 00:41:52.263000,,1,10.0,False,,False,True,26.7,41.4,966.7,False,56.4,48,2.1,True,False,False,False,False,False,+21.037,+0.869,21.037,0.869,2610.55,98.287,,,25.208,29.661,43.418,2537.528,2567.189,2610.607,2512.263
2019,French Grand Prix,8,France,Le Castellet,0 days 00:45:08.876000,RAI,7,0 days 00:01:38.326000,7.0,1.0,,Kimi Räikkönen,,0 days 00:00:25.055000,0 days 00:00:29.730000,0 days 00:00:43.541000,0 days 00:43:55.662000,0 days 00:44:25.392000,0 days 00:45:08.933000,105.0,276.0,287.0,320.0,False,HARD,7.0,True,Alfa Romeo Racing,0 days 00:43:30.550000,,1,10.0,False,,False,True,27.0,41.1,966.7,False,56.6,176,1.4,True,False,False,False,False,False,+22.979,+1.011,22.979,1.011,2708.876,98.326,,,25.055,29.73,43.541,2635.662,2665.392,2708.933,2610.55
2019,French Grand Prix,8,France,Le Castellet,0 days 00:46:47.053000,RAI,7,0 days 00:01:38.177000,8.0,1.0,,Kimi Räikkönen,,0 days 00:00:24.952000,0 days 00:00:29.946000,0 days 00:00:43.279000,0 days 00:45:33.885000,0 days 00:46:03.831000,0 days 00:46:47.110000,106.0,274.0,286.0,303.0,True,HARD,8.0,True,Alfa Romeo Racing,0 days 00:45:08.876000,,1,10.0,False,,False,True,27.3,40.3,966.7,False,56.8,184,1.1,True,False,False,False,False,False,+25.221,+1.154,25.221,1.154,2807.053,98.177,,,24.952,29.946,43.279,2733.885,2763.831,2807.11,2708.876
2019,French Grand Prix,8,France,Le Castellet,0 days 00:48:25.218000,RAI,7,0 days 00:01:38.165000,9.0,1.0,,Kimi Räikkönen,,0 days 00:00:24.980000,0 days 00:00:29.930000,0 days 00:00:43.255000,0 days 00:47:12.090000,0 days 00:47:42.020000,0 days 00:48:25.275000,103.0,275.0,285.0,301.0,True,HARD,9.0,True,Alfa Romeo Racing,0 days 00:46:47.053000,,1,10.0,False,,False,True,27.8,39.0,966.7,False,57.2,164,0.9,True,False,False,False,False,False,+27.589,+1.884,27.589,1.884,2905.218,98.165,,,24.98,29.93,43.255,2832.09,2862.02,2905.275,2807.053
2019,French Grand Prix,8,France,Le Castellet,0 days 00:50:03.337000,RAI,7,0 days 00:01:38.119000,10.0,1.0,,Kimi Räikkönen,,0 days 00:00:24.847000,0 days 00:00:30.047000,0 days 00:00:43.225000,0 days 00:48:50.122000,0 days 00:49:20.169000,0 days 00:50:03.394000,105.0,274.0,284.0,301.0,True,HARD,10.0,True,Alfa Romeo Racing,0 days 00:48:25.218000,,1,10.0,False,,False,True,27.7,37.9,966.7,False,55.4,132,1.8,True,False,False,False,False,False,+29.996,+2.274,29.996,2.274,3003.337,98.119,,,24.847,30.047,43.225,2930.122,2960.169,3003.394,2905.218
2019,French Grand Prix,8,France,Le Castellet,0 days 00:51:40.828000,RAI,7,0 days 00:01:37.491000,11.0,1.0,,Kimi Räikkönen,,0 days 00:00:24.708000,0 days 00:00:29.693000,0 days 00:00:43.090000,0 days 00:50:28.102000,0 days 00:50:57.795000,0 days 00:51:40.885000,109.0,275.0,286.0,303.0,True,HARD,11.0,True,Alfa Romeo Racing,0 days 00:50:03.337000,,1,10.0,False,,False,True,27.6,38.4,966.6,False,55.4,103,1.6,True,False,False,False,False,False,+32.011,+2.197,32.011,2.197,3100.828,97.491,,,24.708,29.693,43.09,3028.102,3057.795,3100.885,3003.337
2019,French Grand Prix,8,France,Le Castellet,0 days 00:53:18.537000,RAI,7,0 days 00:01:37.709000,12.0,1.0,,Kimi Räikkönen,,0 days 00:00:24.844000,0 days 00:00:29.785000,0 days 00:00:43.080000,0 days 00:52:05.729000,0 days 00:52:35.514000,0 days 00:53:18.594000,107.0,273.0,287.0,302.0,False,HARD,12.0,True,Alfa Romeo Racing,0 days 00:51:40.828000,,1,10.0,False,,False,True,27.3,38.8,966.6,False,55.6,87,2.1,True,False,False,False,False,False,+34.259,+2.227,34.259,2.227,3198.537,97.709,,,24.844,29.785,43.08,3125.729,3155.514,3198.594,3100.828
2019,French Grand Prix,8,France,Le Castellet,0 days 00:54:55.882000,RAI,7,0 days 00:01:37.345000,13.0,1.0,,Kimi Räikkönen,,0 days 00:00:24.678000,0 days 00:00:29.774000,0 days 00:00:42.893000,0 days 00:53:43.272000,0 days 00:54:13.046000,0 days 00:54:55.939000,106.0,273.0,288.0,303.0,True,HARD,13.0,True,Alfa Romeo Racing,0 days 00:53:18.537000,,1,10.0,False,,False,True,27.3,38.7,966.6,False,55.6,31,1.7,True,False,False,False,False,False,+36.297,+1.864,36.297,1.864,3295.882,97.345,,,24.678,29.774,42.893,3223.272,3253.046,3295.939,3198.537
2019,French Grand Prix,8,France,Le Castellet,0 days 00:56:33.120000,RAI,7,0 days 00:01:37.238000,14.0,1.0,,Kimi Räikkönen,,0 days 00:00:24.687000,0 days 00:00:29.819000,0 days 00:00:42.732000,0 days 00:55:20.626000,0 days 00:55:50.445000,0 days 00:56:33.177000,107.0,274.0,288.0,303.0,True,HARD,14.0,True,Alfa Romeo Racing,0 days 00:54:55.882000,,1,10.0,False,,False,True,27.4,38.3,966.6,False,55.1,116,0.9,True,False,False,False,False,False,+38.730,+1.625,38.73,1.625,3393.12,97.238,,,24.687,29.819,42.732,3320.626,3350.445,3393.177,3295.882
2019,French Grand Prix,8,France,Le Castellet,0 days 00:58:10.651000,RAI,7,0 days 00:01:37.531000,15.0,1.0,,Kimi Räikkönen,,0 days 00:00:24.789000,0 days 00:00:29.677000,0 days 00:00:43.065000,0 days 00:56:57.966000,0 days 00:57:27.643000,0 days 00:58:10.708000,108.0,275.0,286.0,303.0,False,HARD,15.0,True,Alfa Romeo Racing,0 days 00:56:33.120000,,1,10.0,False,,False,True,27.6,37.8,966.5,False,55.1,119,2.3,True,False,False,False,False,False,+41.421,+1.724,41.421,1.724,3490.651,97.531,,,24.789,29.677,43.065,3417.966,3447.643,3490.708,3393.12
2019,French Grand Prix,8,France,Le Castellet,0 days 00:59:48.164000,RAI,7,0 days 00:01:37.513000,16.0,1.0,,Kimi Räikkönen,,0 days 00:00:24.735000,0 days 00:00:29.838000,0 days 00:00:42.940000,0 days 00:58:35.443000,0 days 00:59:05.281000,0 days 00:59:48.221000,107.0,274.0,283.0,302.0,False,HARD,16.0,True,Alfa Romeo Racing,0 days 00:58:10.651000,,1,9.0,False,,False,True,27.2,38.6,966.6,False,54.8,106,2.6,True,False,False,False,False,False,+43.893,+1.956,43.893,1.956,3588.164,97.513,,,24.735,29.838,42.94,3515.443,3545.281,3588.221,3490.651
2019,French Grand Prix,8,France,Le Castellet,0 days 01:01:25.376000,RAI,7,0 days 00:01:37.212000,17.0,1.0,,Kimi Räikkönen,,0 days 00:00:24.741000,0 days 00:00:29.836000,0 days 00:00:42.635000,0 days 01:00:12.962000,0 days 01:00:42.798000,0 days 01:01:25.433000,101.0,274.0,283.0,301.0,True,HARD,17.0,True,Alfa Romeo Racing,0 days 00:59:48.164000,,1,8.0,False,,False,True,27.4,38.4,966.6,False,55.4,107,1.1,True,False,False,False,False,False,+45.743,+2.696,45.743,2.696,3685.376,97.212,,,24.741,29.836,42.635,3612.962,3642.798,3685.433,3588.164
2019,French Grand Prix,8,France,Le Castellet,0 days 01:03:02.573000,RAI,7,0 days 00:01:37.197000,18.0,1.0,,Kimi Räikkönen,,0 days 00:00:24.661000,0 days 00:00:29.655000,0 days 00:00:42.881000,0 days 01:01:50.094000,0 days 01:02:19.749000,0 days 01:03:02.630000,107.0,273.0,285.0,308.0,True,HARD,18.0,True,Alfa Romeo Racing,0 days 01:01:25.376000,,1,7.0,False,,False,True,27.7,37.1,966.6,False,56.0,59,1.5,True,False,False,False,False,False,+47.943,+9.153,47.943,9.153,3782.573,97.197,,,24.661,29.655,42.881,3710.094,3739.749,3782.63,3685.376
2019,French Grand Prix,8,France,Le Castellet,0 days 01:04:39.511000,RAI,7,0 days 00:01:36.938000,19.0,1.0,,Kimi Räikkönen,,0 days 00:00:24.579000,0 days 00:00:29.638000,0 days 00:00:42.721000,0 days 01:03:27.209000,0 days 01:03:56.847000,0 days 01:04:39.568000,110.0,273.0,283.0,306.0,True,HARD,19.0,True,Alfa Romeo Racing,0 days 01:03:02.573000,,1,6.0,False,,False,True,27.3,38.2,966.6,False,54.1,26,1.1,True,False,False,False,False,False,+49.834,+10.023,49.834,10.023,3879.511,96.938,,,24.579,29.638,42.721,3807.209,3836.847,3879.568,3782.573
2019,French Grand Prix,8,France,Le Castellet,0 days 01:06:16.259000,RAI,7,0 days 00:01:36.748000,20.0,1.0,,Kimi Räikkönen,,0 days 00:00:24.484000,0 days 00:00:29.563000,0 days 00:00:42.701000,0 days 01:05:04.052000,0 days 01:05:33.615000,0 days 01:06:16.316000,110.0,273.0,283.0,301.0,True,HARD,20.0,True,Alfa Romeo Racing,0 days 01:04:39.511000,,1,6.0,False,,False,True,27.5,37.8,966.6,False,56.1,106,1.2,True,False,False,False,False,False,+51.698,+33.280,51.698,33.28,3976.259,96.748,,,24.484,29.563,42.701,3904.052,3933.615,3976.316,3879.511
2019,French Grand Prix,8,France,Le Castellet,0 days 01:07:53.533000,RAI,7,0 days 00:01:37.274000,21.0,1.0,,Kimi Räikkönen,,0 days 00:00:24.593000,0 days 00:00:29.798000,0 days 00:00:42.883000,0 days 01:06:40.909000,0 days 01:07:10.707000,0 days 01:07:53.590000,103.0,272.0,285.0,301.0,False,HARD,21.0,True,Alfa Romeo Racing,0 days 01:06:16.259000,,1,6.0,False,,False,True,27.9,37.0,966.5,False,56.2,120,2.4,True,False,False,False,False,False,+53.136,+10.291,53.136,10.291,4073.533,97.274,,,24.593,29.798,42.883,4000.909,4030.707,4073.59,3976.259
2019,French Grand Prix,8,France,Le Castellet,0 days 01:09:30.487000,RAI,7,0 days 00:01:36.954000,22.0,1.0,,Kimi Räikkönen,,0 days 00:00:24.500000,0 days 00:00:29.604000,0 days 00:00:42.850000,0 days 01:08:18.090000,0 days 01:08:47.694000,0 days 01:09:30.544000,106.0,272.0,284.0,306.0,False,HARD,22.0,True,Alfa Romeo Racing,0 days 01:07:53.533000,,12,6.0,False,,False,True,27.8,36.7,966.6,False,56.0,93,2.0,True,True,False,False,False,False,+55.280,+11.841,55.28,11.841,4170.487,96.954,,,24.5,29.604,42.85,4098.09,4127.694,4170.544,4073.533
2019,French Grand Prix,8,France,Le Castellet,0 days 01:11:07.222000,RAI,7,0 days 00:01:36.735000,23.0,1.0,,Kimi Räikkönen,,0 days 00:00:24.325000,0 days 00:00:29.635000,0 days 00:00:42.775000,0 days 01:09:54.869000,0 days 01:10:24.504000,0 days 01:11:07.279000,109.0,273.0,283.0,302.0,True,HARD,23.0,True,Alfa Romeo Racing,0 days 01:09:30.487000,,1,6.0,False,,False,True,27.5,37.2,966.5,False,56.3,108,3.3,True,False,False,False,False,False,+57.322,+12.823,57.322,12.823,4267.222,96.735,,,24.325,29.635,42.775,4194.869,4224.504,4267.279,4170.487
2019,French Grand Prix,8,France,Le Castellet,0 days 01:12:44.008000,RAI,7,0 days 00:01:36.786000,24.0,1.0,,Kimi Räikkönen,,0 days 00:00:24.503000,0 days 00:00:29.520000,0 days 00:00:42.763000,0 days 01:11:31.782000,0 days 01:12:01.302000,0 days 01:12:44.065000,108.0,274.0,283.0,306.0,False,HARD,24.0,True,Alfa Romeo Racing,0 days 01:11:07.222000,,1,6.0,False,,False,True,27.3,37.5,966.6,False,56.2,80,3.2,True,False,False,False,False,False,+59.117,+14.143,59.117,14.143,4364.008,96.786,,,24.503,29.52,42.763,4291.782,4321.302,4364.065,4267.222
2019,French Grand Prix,8,France,Le Castellet,0 days 01:14:20.758000,RAI,7,0 days 00:01:36.750000,25.0,1.0,,Kimi Räikkönen,,0 days 00:00:24.558000,0 days 00:00:29.587000,0 days 00:00:42.605000,0 days 01:13:08.623000,0 days 01:13:38.210000,0 days 01:14:20.815000,107.0,274.0,284.0,305.0,False,HARD,25.0,True,Alfa Romeo Racing,0 days 01:12:44.008000,,1,6.0,False,,False,True,26.9,38.1,966.5,False,54.9,102,3.7,True,False,False,False,False,False,+36.837,+34.756,36.837,34.756,4460.758,96.75,,,24.558,29.587,42.605,4388.623,4418.21,4460.815,4364.008
2019,French Grand Prix,8,France,Le Castellet,0 days 01:15:57.634000,RAI,7,0 days 00:01:36.876000,26.0,1.0,,Kimi Räikkönen,,0 days 00:00:24.416000,0 days 00:00:29.668000,0 days 00:00:42.792000,0 days 01:14:45.231000,0 days 01:15:14.899000,0 days 01:15:57.691000,106.0,275.0,283.0,293.0,False,HARD,26.0,True,Alfa Romeo Racing,0 days 01:14:20.758000,,1,6.0,False,,False,True,26.6,39.0,966.6,False,54.1,12,1.6,True,False,False,False,False,False,+38.837,+11.773,38.837,11.773,4557.634,96.876,,,24.416,29.668,42.792,4485.231,4514.899,4557.691,4460.758
2019,French Grand Prix,8,France,Le Castellet,0 days 01:17:34.391000,RAI,7,0 days 00:01:36.757000,27.0,1.0,,Kimi Räikkönen,,0 days 00:00:24.403000,0 days 00:00:29.828000,0 days 00:00:42.526000,0 days 01:16:22.094000,0 days 01:16:51.922000,0 days 01:17:34.448000,104.0,273.0,285.0,295.0,False,HARD,27.0,True,Alfa Romeo Racing,0 days 01:15:57.634000,,1,6.0,False,,False,True,27.0,37.6,966.5,False,54.0,74,1.4,True,False,False,False,False,False,+41.368,+12.768,41.368,12.768,4654.391,96.757,,,24.403,29.828,42.526,4582.094,4611.922,4654.448,4557.634
2019,French Grand Prix,8,France,Le Castellet,0 days 01:19:10.942000,RAI,7,0 days 00:01:36.551000,28.0,1.0,,Kimi Räikkönen,,0 days 00:00:24.422000,0 days 00:00:29.723000,0 days 00:00:42.406000,0 days 01:17:58.870000,0 days 01:18:28.593000,0 days 01:19:10.999000,107.0,273.0,284.0,304.0,True,HARD,28.0,True,Alfa Romeo Racing,0 days 01:17:34.391000,,1,6.0,False,,False,True,27.1,37.4,966.6,False,52.0,115,2.2,True,False,False,False,False,False,+43.567,+14.003,43.567,14.003,4750.942,96.551,,,24.422,29.723,42.406,4678.87,4708.593,4750.999,4654.391
2019,French Grand Prix,8,France,Le Castellet,0 days 01:20:47.669000,RAI,7,0 days 00:01:36.727000,29.0,1.0,,Kimi Räikkönen,,0 days 00:00:24.469000,0 days 00:00:29.638000,0 days 00:00:42.620000,0 days 01:19:35.468000,0 days 01:20:05.106000,0 days 01:20:47.726000,106.0,274.0,283.0,306.0,False,HARD,29.0,True,Alfa Romeo Racing,0 days 01:19:10.942000,,1,6.0,False,,False,True,27.1,37.6,966.6,False,52.1,109,1.8,True,False,False,False,False,False,+45.761,+15.965,45.761,15.965,4847.669,96.727,,,24.469,29.638,42.62,4775.468,4805.106,4847.726,4750.942
2019,French Grand Prix,8,France,Le Castellet,0 days 01:22:24.232000,RAI,7,0 days 00:01:36.563000,30.0,1.0,,Kimi Räikkönen,,0 days 00:00:24.377000,0 days 00:00:29.610000,0 days 00:00:42.576000,0 days 01:21:12.103000,0 days 01:21:41.713000,0 days 01:22:24.289000,107.0,275.0,285.0,305.0,False,HARD,30.0,True,Alfa Romeo Racing,0 days 01:20:47.669000,,1,6.0,False,,False,True,27.3,36.7,966.7,False,52.6,104,2.4,True,False,False,False,False,False,+48.311,+17.937,48.311,17.937,4944.232,96.563,,,24.377,29.61,42.576,4872.103,4901.713,4944.289,4847.669
2019,French Grand Prix,8,France,Le Castellet,0 days 01:24:20.621000,RAI,7,0 days 00:01:56.389000,31.0,1.0,,Kimi Räikkönen,0 days 01:23:51.593000,0 days 00:00:24.368000,0 days 00:00:29.767000,0 days 00:01:02.254000,0 days 01:22:48.657000,0 days 01:23:18.424000,0 days 01:24:20.678000,104.0,274.0,,301.0,False,HARD,31.0,True,Alfa Romeo Racing,0 days 01:22:24.232000,,1,11.0,False,,False,False,27.2,37.2,966.6,False,53.8,58,1.7,True,False,False,False,False,False,+50.659,+19.217,50.659,19.217,5060.621,116.389,5031.593,,24.368,29.767,62.254,4968.657,4998.424,5060.678,4944.232
2019,French Grand Prix,8,France,Le Castellet,0 days 01:26:00.215000,RAI,7,0 days 00:01:39.594000,32.0,2.0,0 days 01:24:21.426000,Kimi Räikkönen,,0 days 00:00:27.355000,0 days 00:00:29.595000,0 days 00:00:42.644000,0 days 01:24:48.033000,0 days 01:25:17.628000,0 days 01:26:00.272000,104.0,268.0,278.0,302.0,False,MEDIUM,2.0,False,Alfa Romeo Racing,0 days 01:24:20.621000,,1,11.0,False,,False,False,27.5,36.5,966.7,False,55.5,25,1.2,True,False,False,False,False,False,+75.836,+1.623,75.836,1.623,5160.215,99.594,,5061.426,27.355,29.595,42.644,5088.033,5117.628,5160.272,5060.621
2019,French Grand Prix,8,France,Le Castellet,0 days 01:27:36.293000,RAI,7,0 days 00:01:36.078000,33.0,2.0,,Kimi Räikkönen,,0 days 00:00:24.250000,0 days 00:00:29.485000,0 days 00:00:42.343000,0 days 01:26:24.522000,0 days 01:26:54.007000,0 days 01:27:36.350000,111.0,275.0,286.0,300.0,True,MEDIUM,3.0,False,Alfa Romeo Racing,0 days 01:26:00.215000,,1,11.0,False,,False,True,27.5,36.6,966.7,False,55.5,76,1.4,True,False,False,False,False,False,+77.129,+2.075,77.129,2.075,5256.293,96.078,,,24.25,29.485,42.343,5184.522,5214.007,5256.35,5160.215
2019,French Grand Prix,8,France,Le Castellet,0 days 01:29:12.341000,RAI,7,0 days 00:01:36.048000,34.0,2.0,,Kimi Räikkönen,,0 days 00:00:24.150000,0 days 00:00:29.847000,0 days 00:00:42.051000,0 days 01:28:00.500000,0 days 01:28:30.347000,0 days 01:29:12.398000,110.0,274.0,287.0,302.0,True,MEDIUM,4.0,False,Alfa Romeo Racing,0 days 01:27:36.293000,,1,11.0,False,,False,True,27.6,36.6,966.7,False,56.2,15,1.7,True,False,False,False,False,False,+78.119,+2.031,78.119,2.031,5352.341,96.048,,,24.15,29.847,42.051,5280.5,5310.347,5352.398,5256.293
2019,French Grand Prix,8,France,Le Castellet,0 days 01:30:49.039000,RAI,7,0 days 00:01:36.698000,35.0,2.0,,Kimi Räikkönen,,0 days 00:00:24.206000,0 days 00:00:29.800000,0 days 00:00:42.692000,0 days 01:29:36.604000,0 days 01:30:06.404000,0 days 01:30:49.096000,109.0,275.0,285.0,295.0,False,MEDIUM,5.0,False,Alfa Romeo Racing,0 days 01:29:12.341000,,12,10.0,False,,False,True,27.6,36.7,966.6,False,55.4,79,1.1,True,True,False,False,False,False,+80.457,+2.664,80.457,2.664,5449.039,96.698,,,24.206,29.8,42.692,5376.604,5406.404,5449.096,5352.341
2019,French Grand Prix,8,France,Le Castellet,0 days 01:32:25.380000,RAI,7,0 days 00:01:36.341000,36.0,2.0,,Kimi Räikkönen,,0 days 00:00:24.409000,0 days 00:00:29.683000,0 days 00:00:42.249000,0 days 01:31:13.505000,0 days 01:31:43.188000,0 days 01:32:25.437000,109.0,274.0,286.0,295.0,False,MEDIUM,6.0,False,Alfa Romeo Racing,0 days 01:30:49.039000,,1,10.0,False,,False,True,27.7,36.9,966.7,False,54.1,102,1.4,True,False,False,False,False,False,+82.717,+3.160,82.717,3.16,5545.38,96.341,,,24.409,29.683,42.249,5473.505,5503.188,5545.437,5449.039
2019,French Grand Prix,8,France,Le Castellet,0 days 01:34:01.196000,RAI,7,0 days 00:01:35.816000,37.0,2.0,,Kimi Räikkönen,,0 days 00:00:24.095000,0 days 00:00:29.627000,0 days 00:00:42.094000,0 days 01:32:49.532000,0 days 01:33:19.159000,0 days 01:34:01.253000,112.0,274.0,287.0,296.0,True,MEDIUM,7.0,False,Alfa Romeo Racing,0 days 01:32:25.380000,,1,10.0,False,,False,True,27.4,37.2,966.7,False,51.6,79,1.2,True,False,False,False,False,False,+84.490,+3.043,84.49,3.043,5641.196,95.816,,,24.095,29.627,42.094,5569.532,5599.159,5641.253,5545.38
2019,French Grand Prix,8,France,Le Castellet,0 days 01:35:37.061000,RAI,7,0 days 00:01:35.865000,38.0,2.0,,Kimi Räikkönen,,0 days 00:00:24.390000,0 days 00:00:29.612000,0 days 00:00:41.863000,0 days 01:34:25.643000,0 days 01:34:55.255000,0 days 01:35:37.118000,108.0,275.0,287.0,300.0,False,MEDIUM,8.0,False,Alfa Romeo Racing,0 days 01:34:01.196000,,1,10.0,False,,False,True,27.2,37.1,966.8,False,53.9,121,2.4,True,False,False,False,False,False,+86.260,+2.821,86.26,2.821,5737.061,95.865,,,24.39,29.612,41.863,5665.643,5695.255,5737.118,5641.196
2019,French Grand Prix,8,France,Le Castellet,0 days 01:37:12.711000,RAI,7,0 days 00:01:35.650000,39.0,2.0,,Kimi Räikkönen,,0 days 00:00:24.147000,0 days 00:00:29.578000,0 days 00:00:41.925000,0 days 01:36:01.265000,0 days 01:36:30.843000,0 days 01:37:12.768000,108.0,275.0,286.0,299.0,True,MEDIUM,9.0,False,Alfa Romeo Racing,0 days 01:35:37.061000,,1,9.0,False,,False,True,26.8,38.9,966.6,False,53.1,84,1.8,True,False,False,False,False,False,+87.508,+2.515,87.508,2.515,5832.711,95.65,,,24.147,29.578,41.925,5761.265,5790.843,5832.768,5737.061
2019,French Grand Prix,8,France,Le Castellet,0 days 01:38:47.967000,RAI,7,0 days 00:01:35.256000,40.0,2.0,,Kimi Räikkönen,,0 days 00:00:24.064000,0 days 00:00:29.461000,0 days 00:00:41.731000,0 days 01:37:36.832000,0 days 01:38:06.293000,0 days 01:38:48.024000,109.0,276.0,288.0,302.0,True,MEDIUM,10.0,False,Alfa Romeo Racing,0 days 01:37:12.711000,,1,9.0,False,,False,True,26.5,39.6,966.7,False,52.6,77,1.5,True,False,False,False,False,False,+87.892,+2.182,87.892,2.182,5927.967,95.256,,,24.064,29.461,41.731,5856.832,5886.293,5928.024,5832.711
2019,French Grand Prix,8,France,Le Castellet,0 days 01:40:23.344000,RAI,7,0 days 00:01:35.377000,41.0,2.0,,Kimi Räikkönen,,0 days 00:00:24.136000,0 days 00:00:29.359000,0 days 00:00:41.882000,0 days 01:39:12.160000,0 days 01:39:41.519000,0 days 01:40:23.401000,108.0,276.0,287.0,301.0,False,MEDIUM,11.0,False,Alfa Romeo Racing,0 days 01:38:47.967000,,1,9.0,False,,False,True,26.8,39.0,966.7,False,53.8,38,1.4,True,False,False,False,False,False,+89.610,+1.806,89.61,1.806,6023.344,95.377,,,24.136,29.359,41.882,5952.16,5981.519,6023.401,5927.967
2019,French Grand Prix,8,France,Le Castellet,0 days 01:41:58.483000,RAI,7,0 days 00:01:35.139000,42.0,2.0,,Kimi Räikkönen,,0 days 00:00:24.153000,0 days 00:00:29.326000,0 days 00:00:41.660000,0 days 01:40:47.554000,0 days 01:41:16.880000,0 days 01:41:58.540000,110.0,278.0,289.0,304.0,True,MEDIUM,12.0,False,Alfa Romeo Racing,0 days 01:40:23.344000,,1,9.0,False,,False,True,26.3,39.8,966.7,False,53.9,109,1.3,True,False,False,False,False,False,+91.062,+1.763,91.062,1.763,6118.483,95.139,,,24.153,29.326,41.66,6047.554,6076.88,6118.54,6023.344
2019,French Grand Prix,8,France,Le Castellet,0 days 01:43:33.790000,RAI,7,0 days 00:01:35.307000,43.0,2.0,,Kimi Räikkönen,,0 days 00:00:23.999000,0 days 00:00:29.414000,0 days 00:00:41.894000,0 days 01:42:22.539000,0 days 01:42:51.953000,0 days 01:43:33.847000,106.0,277.0,301.0,305.0,False,MEDIUM,13.0,False,Alfa Romeo Racing,0 days 01:41:58.483000,,1,9.0,False,,False,True,26.4,40.1,966.8,False,53.9,81,2.1,True,False,False,False,False,False,+92.254,+1.287,92.254,1.287,6213.79,95.307,,,23.999,29.414,41.894,6142.539,6171.953,6213.847,6118.483
2019,French Grand Prix,8,France,Le Castellet,0 days 01:45:09.400000,RAI,7,0 days 00:01:35.610000,44.0,2.0,,Kimi Räikkönen,,0 days 00:00:24.353000,0 days 00:00:29.546000,0 days 00:00:41.711000,0 days 01:43:58.200000,0 days 01:44:27.746000,0 days 01:45:09.457000,105.0,275.0,289.0,304.0,False,MEDIUM,14.0,False,Alfa Romeo Racing,0 days 01:43:33.790000,,1,9.0,False,,False,True,26.4,40.1,966.7,False,54.5,94,1.5,True,False,False,False,False,False,+93.196,+1.444,93.196,1.444,6309.4,95.61,,,24.353,29.546,41.711,6238.2,6267.746,6309.457,6213.79
2019,French Grand Prix,8,France,Le Castellet,0 days 01:46:46.255000,RAI,7,0 days 00:01:36.855000,45.0,2.0,,Kimi Räikkönen,,0 days 00:00:24.044000,0 days 00:00:29.594000,0 days 00:00:43.217000,0 days 01:45:33.501000,0 days 01:46:03.095000,0 days 01:46:46.312000,107.0,274.0,301.0,302.0,False,MEDIUM,15.0,False,Alfa Romeo Racing,0 days 01:45:09.400000,,1,9.0,False,,False,True,26.8,39.2,966.6,False,54.9,166,1.4,True,False,False,False,False,False,1 L,+3.349,,3.349,6406.255,96.855,,,24.044,29.594,43.217,6333.501,6363.095,6406.312,6309.4
2019,French Grand Prix,8,France,Le Castellet,0 days 01:48:21.205000,RAI,7,0 days 00:01:34.950000,46.0,2.0,,Kimi Räikkönen,,0 days 00:00:23.884000,0 days 00:00:29.488000,0 days 00:00:41.578000,0 days 01:47:10.196000,0 days 01:47:39.684000,0 days 01:48:21.262000,108.0,279.0,288.0,307.0,True,MEDIUM,16.0,False,Alfa Romeo Racing,0 days 01:46:46.255000,,1,9.0,False,,False,True,27.1,37.8,966.6,False,55.2,128,1.6,True,False,False,False,False,False,1 L,+3.222,,3.222,6501.205,94.95,,,23.884,29.488,41.578,6430.196,6459.684,6501.262,6406.255
2019,French Grand Prix,8,France,Le Castellet,0 days 01:49:56.739000,RAI,7,0 days 00:01:35.534000,47.0,2.0,,Kimi Räikkönen,,0 days 00:00:23.959000,0 days 00:00:29.233000,0 days 00:00:42.342000,0 days 01:48:45.221000,0 days 01:49:14.454000,0 days 01:49:56.796000,106.0,278.0,286.0,309.0,False,MEDIUM,17.0,False,Alfa Romeo Racing,0 days 01:48:21.205000,,1,9.0,False,,False,True,27.0,37.6,966.7,False,54.3,29,1.2,True,False,False,False,False,False,1 L,+3.914,,3.914,6596.739,95.534,,,23.959,29.233,42.342,6525.221,6554.454,6596.796,6501.205
2019,French Grand Prix,8,France,Le Castellet,0 days 01:51:32.317000,RAI,7,0 days 00:01:35.578000,48.0,2.0,,Kimi Räikkönen,,0 days 00:00:23.907000,0 days 00:00:29.410000,0 days 00:00:42.261000,0 days 01:50:20.703000,0 days 01:50:50.113000,0 days 01:51:32.374000,107.0,280.0,290.0,303.0,False,MEDIUM,18.0,False,Alfa Romeo Racing,0 days 01:49:56.739000,,12,9.0,False,,False,True,27.2,36.6,966.7,False,53.7,78,1.4,True,True,False,False,False,False,1 L,+1.308,,1.308,6692.317,95.578,,,23.907,29.41,42.261,6620.703,6650.113,6692.374,6596.739
2019,French Grand Prix,8,France,Le Castellet,0 days 01:53:16.669000,RAI,7,0 days 00:01:44.352000,49.0,2.0,,Kimi Räikkönen,,0 days 00:00:24.020000,0 days 00:00:29.620000,0 days 00:00:50.712000,0 days 01:51:56.394000,0 days 01:52:26.014000,0 days 01:53:16.726000,107.0,275.0,236.0,309.0,False,MEDIUM,19.0,False,Alfa Romeo Racing,0 days 01:51:32.317000,,1267,9.0,False,,False,False,26.8,37.7,966.7,False,55.0,86,1.8,True,True,False,False,True,True,1 L,+2.241,,2.241,6796.669,104.352,,,24.02,29.62,50.712,6716.394,6746.014,6796.726,6692.317
2019,French Grand Prix,8,France,Le Castellet,0 days 01:54:52.565000,RAI,7,0 days 00:01:35.896000,50.0,2.0,,Kimi Räikkönen,,0 days 00:00:25.173000,0 days 00:00:29.262000,0 days 00:00:41.461000,0 days 01:53:41.899000,0 days 01:54:11.161000,0 days 01:54:52.622000,110.0,279.0,292.0,303.0,False,MEDIUM,20.0,False,Alfa Romeo Racing,0 days 01:53:16.669000,,71,9.0,False,,False,False,26.8,38.1,966.6,False,54.5,94,1.4,True,False,False,False,False,True,1 L,+1.322,,1.322,6892.565,95.896,,,25.173,29.262,41.461,6821.899,6851.161,6892.622,6796.669
2019,French Grand Prix,8,France,Le Castellet,0 days 01:56:27.899000,RAI,7,0 days 00:01:35.334000,51.0,2.0,,Kimi Räikkönen,,0 days 00:00:23.994000,0 days 00:00:29.449000,0 days 00:00:41.891000,0 days 01:55:16.616000,0 days 01:55:46.065000,0 days 01:56:27.956000,108.0,276.0,305.0,302.0,False,MEDIUM,21.0,False,Alfa Romeo Racing,0 days 01:54:52.565000,,1,9.0,False,,False,True,26.9,38.4,966.7,False,54.3,51,1.1,True,False,False,False,False,False,1 L,+0.807,,0.807,6987.899,95.334,,,23.994,29.449,41.891,6916.616,6946.065,6987.956,6892.565
2019,French Grand Prix,8,France,Le Castellet,0 days 01:58:04.943000,RAI,7,0 days 00:01:37.044000,52.0,2.0,,Kimi Räikkönen,,0 days 00:00:24.252000,0 days 00:00:29.515000,0 days 00:00:43.277000,0 days 01:56:52.208000,0 days 01:57:21.723000,0 days 01:58:05,106.0,277.0,298.0,333.0,False,MEDIUM,22.0,False,Alfa Romeo Racing,0 days 01:56:27.899000,,1,8.0,False,,False,True,26.9,37.0,966.7,False,53.3,18,2.3,True,False,False,False,False,False,1 L,+1.008,,1.008,7084.943,97.044,,,24.252,29.515,43.277,7012.208,7041.723,7085.0,6987.899
2019,French Grand Prix,8,France,Le Castellet,0 days 00:35:08.267000,BOT,77,0 days 00:01:43.115000,1.0,1.0,,Valtteri Bottas,,,0 days 00:00:29.541000,0 days 00:00:42.580000,,0 days 00:34:25.848000,0 days 00:35:08.515000,110.0,277.0,283.0,313.0,False,MEDIUM,6.0,False,Mercedes,0 days 00:33:25.039000,,1,2.0,False,,False,False,26.4,41.4,966.7,False,55.9,120,1.8,True,False,False,False,False,False,+1.120,+1.120,1.12,1.12,2108.267,103.115,,,,29.541,42.58,,2065.848,2108.515,2005.039
2019,French Grand Prix,8,France,Le Castellet,0 days 00:36:45.985000,BOT,77,0 days 00:01:37.718000,2.0,1.0,,Valtteri Bottas,,0 days 00:00:24.829000,0 days 00:00:30.124000,0 days 00:00:42.765000,0 days 00:35:33.156000,0 days 00:36:03.280000,0 days 00:36:46.045000,106.0,276.0,287.0,304.0,True,MEDIUM,7.0,False,Mercedes,0 days 00:35:08.267000,,1,2.0,False,,False,True,26.4,41.4,966.7,False,56.1,93,1.8,True,False,False,False,False,False,+1.402,+1.402,1.402,1.402,2205.985,97.718,,,24.829,30.124,42.765,2133.156,2163.28,2206.045,2108.267
2019,French Grand Prix,8,France,Le Castellet,0 days 00:38:22.959000,BOT,77,0 days 00:01:36.974000,3.0,1.0,,Valtteri Bottas,,0 days 00:00:24.740000,0 days 00:00:29.687000,0 days 00:00:42.547000,0 days 00:37:10.785000,0 days 00:37:40.472000,0 days 00:38:23.019000,110.0,277.0,286.0,299.0,True,MEDIUM,8.0,False,Mercedes,0 days 00:36:45.985000,,1,2.0,False,,False,True,26.3,41.8,966.7,False,57.0,77,2.1,True,False,False,False,False,False,+1.611,+1.611,1.611,1.611,2302.959,96.974,,,24.74,29.687,42.547,2230.785,2260.472,2303.019,2205.985
2019,French Grand Prix,8,France,Le Castellet,0 days 00:39:59.322000,BOT,77,0 days 00:01:36.363000,4.0,1.0,,Valtteri Bottas,,0 days 00:00:24.383000,0 days 00:00:29.529000,0 days 00:00:42.451000,0 days 00:38:47.402000,0 days 00:39:16.931000,0 days 00:39:59.382000,107.0,277.0,286.0,303.0,True,MEDIUM,9.0,False,Mercedes,0 days 00:38:22.959000,,1,2.0,False,,False,True,26.7,40.4,966.8,False,56.6,83,1.1,True,False,False,False,False,False,+1.684,+1.684,1.684,1.684,2399.322,96.363,,,24.383,29.529,42.451,2327.402,2356.931,2399.382,2302.959
2019,French Grand Prix,8,France,Le Castellet,0 days 00:41:35.620000,BOT,77,0 days 00:01:36.298000,5.0,1.0,,Valtteri Bottas,,0 days 00:00:24.346000,0 days 00:00:29.464000,0 days 00:00:42.488000,0 days 00:40:23.728000,0 days 00:40:53.192000,0 days 00:41:35.680000,109.0,277.0,286.0,305.0,True,MEDIUM,10.0,False,Mercedes,0 days 00:39:59.322000,,1,2.0,False,,False,True,26.8,40.2,966.7,False,56.6,151,1.5,True,False,False,False,False,False,+1.981,+1.981,1.981,1.981,2495.62,96.298,,,24.346,29.464,42.488,2423.728,2453.192,2495.68,2399.322
2019,French Grand Prix,8,France,Le Castellet,0 days 00:43:11.918000,BOT,77,0 days 00:01:36.298000,6.0,1.0,,Valtteri Bottas,,0 days 00:00:24.305000,0 days 00:00:29.486000,0 days 00:00:42.507000,0 days 00:41:59.985000,0 days 00:42:29.471000,0 days 00:43:11.978000,112.0,277.0,286.0,302.0,False,MEDIUM,11.0,False,Mercedes,0 days 00:41:35.620000,,1,2.0,False,,False,True,26.7,41.4,966.7,False,56.4,48,2.1,True,False,False,False,False,False,+2.351,+2.351,2.351,2.351,2591.918,96.298,,,24.305,29.486,42.507,2519.985,2549.471,2591.978,2495.62
2019,French Grand Prix,8,France,Le Castellet,0 days 00:44:48.033000,BOT,77,0 days 00:01:36.115000,7.0,1.0,,Valtteri Bottas,,0 days 00:00:24.256000,0 days 00:00:29.389000,0 days 00:00:42.470000,0 days 00:43:36.234000,0 days 00:44:05.623000,0 days 00:44:48.093000,114.0,277.0,287.0,302.0,True,MEDIUM,12.0,False,Mercedes,0 days 00:43:11.918000,,1,2.0,False,,False,True,26.9,41.3,966.8,False,56.3,12,1.6,True,False,False,False,False,False,+2.179,+2.179,2.179,2.179,2688.033,96.115,,,24.256,29.389,42.47,2616.234,2645.623,2688.093,2591.918
2019,French Grand Prix,8,France,Le Castellet,0 days 00:46:24.039000,BOT,77,0 days 00:01:36.006000,8.0,1.0,,Valtteri Bottas,,0 days 00:00:24.250000,0 days 00:00:29.373000,0 days 00:00:42.383000,0 days 00:45:12.343000,0 days 00:45:41.716000,0 days 00:46:24.099000,114.0,277.0,286.0,302.0,True,MEDIUM,13.0,False,Mercedes,0 days 00:44:48.033000,,1,2.0,False,,False,True,27.3,40.3,966.7,False,56.8,184,1.1,True,False,False,False,False,False,+2.248,+2.248,2.248,2.248,2784.039,96.006,,,24.25,29.373,42.383,2712.343,2741.716,2784.099,2688.033
2019,French Grand Prix,8,France,Le Castellet,0 days 00:48:00.007000,BOT,77,0 days 00:01:35.968000,9.0,1.0,,Valtteri Bottas,,0 days 00:00:24.131000,0 days 00:00:29.493000,0 days 00:00:42.344000,0 days 00:46:48.230000,0 days 00:47:17.723000,0 days 00:48:00.067000,114.0,276.0,286.0,301.0,True,MEDIUM,14.0,False,Mercedes,0 days 00:46:24.039000,,1,2.0,False,,False,True,27.8,39.0,966.7,False,57.2,164,0.9,True,False,False,False,False,False,+2.434,+2.434,2.434,2.434,2880.007,95.968,,,24.131,29.493,42.344,2808.23,2837.723,2880.067,2784.039
2019,French Grand Prix,8,France,Le Castellet,0 days 00:49:35.926000,BOT,77,0 days 00:01:35.919000,10.0,1.0,,Valtteri Bottas,,0 days 00:00:24.245000,0 days 00:00:29.339000,0 days 00:00:42.335000,0 days 00:48:24.312000,0 days 00:48:53.651000,0 days 00:49:35.986000,114.0,278.0,286.0,300.0,True,MEDIUM,15.0,False,Mercedes,0 days 00:48:00.007000,,1,2.0,False,,False,True,27.7,38.5,966.7,False,56.9,352,1.3,True,False,False,False,False,False,+2.643,+2.643,2.643,2.643,2975.926,95.919,,,24.245,29.339,42.335,2904.312,2933.651,2975.986,2880.007
2019,French Grand Prix,8,France,Le Castellet,0 days 00:51:11.374000,BOT,77,0 days 00:01:35.448000,11.0,1.0,,Valtteri Bottas,,0 days 00:00:24.055000,0 days 00:00:29.290000,0 days 00:00:42.103000,0 days 00:50:00.041000,0 days 00:50:29.331000,0 days 00:51:11.434000,114.0,278.0,286.0,302.0,True,MEDIUM,16.0,False,Mercedes,0 days 00:49:35.926000,,1,2.0,False,,False,True,27.6,38.4,966.6,False,55.4,103,1.6,True,False,False,False,False,False,+2.598,+2.598,2.598,2.598,3071.374,95.448,,,24.055,29.29,42.103,3000.041,3029.331,3071.434,2975.926
2019,French Grand Prix,8,France,Le Castellet,0 days 00:52:46.902000,BOT,77,0 days 00:01:35.528000,12.0,1.0,,Valtteri Bottas,,0 days 00:00:24.080000,0 days 00:00:29.294000,0 days 00:00:42.154000,0 days 00:51:35.514000,0 days 00:52:04.808000,0 days 00:52:46.962000,110.0,278.0,288.0,302.0,False,MEDIUM,17.0,False,Mercedes,0 days 00:51:11.374000,,1,2.0,False,,False,True,27.4,38.5,966.6,False,55.4,104,1.5,True,False,False,False,False,False,+2.673,+2.673,2.673,2.673,3166.902,95.528,,,24.08,29.294,42.154,3095.514,3124.808,3166.962,3071.374
2019,French Grand Prix,8,France,Le Castellet,0 days 00:54:22.300000,BOT,77,0 days 00:01:35.398000,13.0,1.0,,Valtteri Bottas,,0 days 00:00:23.988000,0 days 00:00:29.377000,0 days 00:00:42.033000,0 days 00:53:10.950000,0 days 00:53:40.327000,0 days 00:54:22.360000,114.0,277.0,287.0,301.0,True,MEDIUM,18.0,False,Mercedes,0 days 00:52:46.902000,,1,2.0,False,,False,True,27.3,38.7,966.6,False,55.6,31,1.7,True,False,False,False,False,False,+2.749,+2.749,2.749,2.749,3262.3,95.398,,,23.988,29.377,42.033,3190.95,3220.327,3262.36,3166.902
2019,French Grand Prix,8,France,Le Castellet,0 days 00:55:57.379000,BOT,77,0 days 00:01:35.079000,14.0,1.0,,Valtteri Bottas,,0 days 00:00:24.012000,0 days 00:00:29.213000,0 days 00:00:41.854000,0 days 00:54:46.372000,0 days 00:55:15.585000,0 days 00:55:57.439000,112.0,277.0,288.0,303.0,True,MEDIUM,19.0,False,Mercedes,0 days 00:54:22.300000,,1,2.0,False,,False,True,27.4,38.3,966.6,False,55.1,116,0.9,True,False,False,False,False,False,+3.005,+3.005,3.005,3.005,3357.379,95.079,,,24.012,29.213,41.854,3286.372,3315.585,3357.439,3262.3
2019,French Grand Prix,8,France,Le Castellet,0 days 00:57:32.576000,BOT,77,0 days 00:01:35.197000,15.0,1.0,,Valtteri Bottas,,0 days 00:00:23.917000,0 days 00:00:29.326000,0 days 00:00:41.954000,0 days 00:56:21.356000,0 days 00:56:50.682000,0 days 00:57:32.636000,115.0,277.0,287.0,302.0,False,MEDIUM,20.0,False,Mercedes,0 days 00:55:57.379000,,1,2.0,False,,False,True,27.8,37.1,966.6,False,55.7,132,2.4,True,False,False,False,False,False,+3.397,+3.397,3.397,3.397,3452.576,95.197,,,23.917,29.326,41.954,3381.356,3410.682,3452.636,3357.379
2019,French Grand Prix,8,France,Le Castellet,0 days 00:59:08.159000,BOT,77,0 days 00:01:35.583000,16.0,1.0,,Valtteri Bottas,,0 days 00:00:24.202000,0 days 00:00:29.320000,0 days 00:00:42.061000,0 days 00:57:56.838000,0 days 00:58:26.158000,0 days 00:59:08.219000,113.0,278.0,286.0,299.0,False,MEDIUM,21.0,False,Mercedes,0 days 00:57:32.576000,,1,2.0,False,,False,True,27.2,38.6,966.6,False,54.8,106,2.6,True,False,False,False,False,False,+3.944,+3.944,3.944,3.944,3548.159,95.583,,,24.202,29.32,42.061,3476.838,3506.158,3548.219,3452.576
2019,French Grand Prix,8,France,Le Castellet,0 days 01:00:44,BOT,77,0 days 00:01:35.841000,17.0,1.0,,Valtteri Bottas,,0 days 00:00:24.297000,0 days 00:00:29.450000,0 days 00:00:42.094000,0 days 00:59:32.516000,0 days 01:00:01.966000,0 days 01:00:44.060000,109.0,277.0,286.0,300.0,False,MEDIUM,22.0,False,Mercedes,0 days 00:59:08.159000,,1,2.0,False,,False,True,27.1,38.9,966.5,False,54.7,151,1.4,True,False,False,False,False,False,+4.434,+4.434,4.434,4.434,3644.0,95.841,,,24.297,29.45,42.094,3572.516,3601.966,3644.06,3548.159
2019,French Grand Prix,8,France,Le Castellet,0 days 01:02:19.588000,BOT,77,0 days 00:01:35.588000,18.0,1.0,,Valtteri Bottas,,0 days 00:00:24.309000,0 days 00:00:29.261000,0 days 00:00:42.018000,0 days 01:01:08.369000,0 days 01:01:37.630000,0 days 01:02:19.648000,110.0,279.0,286.0,299.0,False,MEDIUM,23.0,False,Mercedes,0 days 01:00:44,,1,2.0,False,,False,True,27.7,37.3,966.5,False,55.9,201,2.2,True,False,False,False,False,False,+4.991,+4.991,4.991,4.991,3739.588,95.588,,,24.309,29.261,42.018,3668.369,3697.63,3739.648,3644.0
2019,French Grand Prix,8,France,Le Castellet,0 days 01:03:55.051000,BOT,77,0 days 00:01:35.463000,19.0,1.0,,Valtteri Bottas,,0 days 00:00:24.127000,0 days 00:00:29.339000,0 days 00:00:41.997000,0 days 01:02:43.775000,0 days 01:03:13.114000,0 days 01:03:55.111000,107.0,278.0,288.0,300.0,False,MEDIUM,24.0,False,Mercedes,0 days 01:02:19.588000,,1,2.0,False,,False,True,27.3,38.2,966.6,False,54.1,26,1.1,True,False,False,False,False,False,+5.447,+5.447,5.447,5.447,3835.051,95.463,,,24.127,29.339,41.997,3763.775,3793.114,3835.111,3739.588
2019,French Grand Prix,8,France,Le Castellet,0 days 01:05:30.493000,BOT,77,0 days 00:01:35.442000,20.0,1.0,,Valtteri Bottas,,0 days 00:00:24.036000,0 days 00:00:29.316000,0 days 00:00:42.090000,0 days 01:04:19.147000,0 days 01:04:48.463000,0 days 01:05:30.553000,109.0,278.0,288.0,300.0,False,MEDIUM,25.0,False,Mercedes,0 days 01:03:55.051000,,1,2.0,False,,False,True,27.3,38.2,966.5,False,54.1,89,2.1,True,False,False,False,False,False,+6.012,+6.012,6.012,6.012,3930.493,95.442,,,24.036,29.316,42.09,3859.147,3888.463,3930.553,3835.051
2019,French Grand Prix,8,France,Le Castellet,0 days 01:07:06.225000,BOT,77,0 days 00:01:35.732000,21.0,1.0,,Valtteri Bottas,,0 days 00:00:24.263000,0 days 00:00:29.323000,0 days 00:00:42.146000,0 days 01:05:54.816000,0 days 01:06:24.139000,0 days 01:07:06.285000,109.0,278.0,290.0,302.0,False,MEDIUM,26.0,False,Mercedes,0 days 01:05:30.493000,,1,2.0,False,,False,True,27.9,37.0,966.5,False,56.2,120,2.4,True,False,False,False,False,False,+5.892,+5.892,5.892,5.892,4026.225,95.732,,,24.263,29.323,42.146,3954.816,3984.139,4026.285,3930.493
2019,French Grand Prix,8,France,Le Castellet,0 days 01:08:42.731000,BOT,77,0 days 00:01:36.506000,22.0,1.0,,Valtteri Bottas,,0 days 00:00:24.281000,0 days 00:00:29.486000,0 days 00:00:42.739000,0 days 01:07:30.566000,0 days 01:08:00.052000,0 days 01:08:42.791000,105.0,280.0,301.0,302.0,False,MEDIUM,27.0,False,Mercedes,0 days 01:07:06.225000,,1,2.0,False,,False,True,27.8,36.8,966.6,False,56.0,80,2.2,True,False,False,False,False,False,+7.740,+7.740,7.74,7.74,4122.731,96.506,,,24.281,29.486,42.739,4050.566,4080.052,4122.791,4026.225
2019,French Grand Prix,8,France,Le Castellet,0 days 01:10:39.386000,BOT,77,0 days 00:01:56.655000,23.0,1.0,,Valtteri Bottas,0 days 01:10:09.905000,0 days 00:00:24.442000,0 days 00:00:29.496000,0 days 00:01:02.717000,0 days 01:09:07.233000,0 days 01:09:36.729000,0 days 01:10:39.446000,110.0,280.0,,300.0,False,MEDIUM,28.0,False,Mercedes,0 days 01:08:42.731000,,12,3.0,False,,False,False,27.7,36.8,966.5,False,55.9,102,3.1,True,True,False,False,False,False,+8.998,+8.998,8.998,8.998,4239.386,116.655,4209.905,,24.442,29.496,62.717,4147.233,4176.729,4239.446,4122.731
2019,French Grand Prix,8,France,Le Castellet,0 days 01:12:19.232000,BOT,77,0 days 00:01:39.846000,24.0,2.0,0 days 01:10:40.144000,Valtteri Bottas,,0 days 00:00:28.165000,0 days 00:00:29.540000,0 days 00:00:42.141000,0 days 01:11:07.611000,0 days 01:11:37.151000,0 days 01:12:19.292000,107.0,276.0,287.0,296.0,False,HARD,1.0,True,Mercedes,0 days 01:10:39.386000,,1,3.0,False,,False,False,27.3,37.5,966.6,False,56.2,80,3.2,True,False,False,False,False,False,+34.536,+9.499,34.536,9.499,4339.232,99.846,,4240.144,28.165,29.54,42.141,4267.611,4297.151,4339.292,4239.386
2019,French Grand Prix,8,France,Le Castellet,0 days 01:13:55.055000,BOT,77,0 days 00:01:35.823000,25.0,2.0,,Valtteri Bottas,,0 days 00:00:24.509000,0 days 00:00:29.336000,0 days 00:00:41.978000,0 days 01:12:43.801000,0 days 01:13:13.137000,0 days 01:13:55.115000,112.0,277.0,285.0,297.0,False,HARD,2.0,True,Mercedes,0 days 01:12:19.232000,,1,2.0,False,,False,True,27.2,37.4,966.6,False,55.2,114,3.2,True,False,False,False,False,False,+11.185,+9.138,11.185,9.138,4435.055,95.823,,,24.509,29.336,41.978,4363.801,4393.137,4435.115,4339.232
2019,French Grand Prix,8,France,Le Castellet,0 days 01:15:30.382000,BOT,77,0 days 00:01:35.327000,26.0,2.0,,Valtteri Bottas,,0 days 00:00:24.091000,0 days 00:00:29.384000,0 days 00:00:41.852000,0 days 01:14:19.206000,0 days 01:14:48.590000,0 days 01:15:30.442000,115.0,278.0,286.0,300.0,False,HARD,3.0,True,Mercedes,0 days 01:13:55.055000,,1,2.0,False,,False,True,26.7,38.6,966.5,False,54.2,112,2.8,True,False,False,False,False,False,+11.902,+11.902,11.902,11.902,4530.382,95.327,,,24.091,29.384,41.852,4459.206,4488.59,4530.442,4435.055
2019,French Grand Prix,8,France,Le Castellet,0 days 01:17:04.938000,BOT,77,0 days 00:01:34.556000,27.0,2.0,,Valtteri Bottas,,0 days 00:00:23.854000,0 days 00:00:29.251000,0 days 00:00:41.451000,0 days 01:15:54.296000,0 days 01:16:23.547000,0 days 01:17:04.998000,112.0,278.0,289.0,297.0,True,HARD,4.0,True,Mercedes,0 days 01:15:30.382000,,1,2.0,False,,False,True,27.0,37.6,966.5,False,54.0,74,1.4,True,False,False,False,False,False,+11.983,+11.983,11.983,11.983,4624.938,94.556,,,23.854,29.251,41.451,4554.296,4583.547,4624.998,4530.382
2019,French Grand Prix,8,France,Le Castellet,0 days 01:18:39.188000,BOT,77,0 days 00:01:34.250000,28.0,2.0,,Valtteri Bottas,,0 days 00:00:23.797000,0 days 00:00:29.034000,0 days 00:00:41.419000,0 days 01:17:28.795000,0 days 01:17:57.829000,0 days 01:18:39.248000,116.0,276.0,286.0,299.0,True,HARD,5.0,True,Mercedes,0 days 01:17:04.938000,,1,2.0,False,,False,True,27.0,37.9,966.6,False,53.2,85,2.4,True,False,False,False,False,False,+11.836,+11.836,11.836,11.836,4719.188,94.25,,,23.797,29.034,41.419,4648.795,4677.829,4719.248,4624.938
2019,French Grand Prix,8,France,Le Castellet,0 days 01:20:13.491000,BOT,77,0 days 00:01:34.303000,29.0,2.0,,Valtteri Bottas,,0 days 00:00:23.607000,0 days 00:00:29.286000,0 days 00:00:41.410000,0 days 01:19:02.855000,0 days 01:19:32.141000,0 days 01:20:13.551000,109.0,277.0,287.0,301.0,False,HARD,6.0,True,Mercedes,0 days 01:18:39.188000,,1,2.0,False,,False,True,27.1,37.6,966.6,False,52.1,109,1.8,True,False,False,False,False,False,+11.619,+11.619,11.619,11.619,4813.491,94.303,,,23.607,29.286,41.41,4742.855,4772.141,4813.551,4719.188
2019,French Grand Prix,8,France,Le Castellet,0 days 01:21:47.925000,BOT,77,0 days 00:01:34.434000,30.0,2.0,,Valtteri Bottas,,0 days 00:00:23.815000,0 days 00:00:29.158000,0 days 00:00:41.461000,0 days 01:20:37.366000,0 days 01:21:06.524000,0 days 01:21:47.985000,112.0,277.0,287.0,301.0,False,HARD,7.0,True,Mercedes,0 days 01:20:13.491000,,1,2.0,False,,False,True,27.2,37.1,966.6,False,52.0,124,1.5,True,False,False,False,False,False,+12.048,+12.048,12.048,12.048,4907.925,94.434,,,23.815,29.158,41.461,4837.366,4866.524,4907.985,4813.491
2019,French Grand Prix,8,France,Le Castellet,0 days 01:23:22.161000,BOT,77,0 days 00:01:34.236000,31.0,2.0,,Valtteri Bottas,,0 days 00:00:23.708000,0 days 00:00:29.210000,0 days 00:00:41.318000,0 days 01:22:11.693000,0 days 01:22:40.903000,0 days 01:23:22.221000,115.0,277.0,287.0,302.0,True,HARD,8.0,True,Mercedes,0 days 01:21:47.925000,,1,2.0,False,,False,True,27.3,36.8,966.5,False,53.4,109,3.2,True,False,False,False,False,False,+12.279,+12.279,12.279,12.279,5002.161,94.236,,,23.708,29.21,41.318,4931.693,4960.903,5002.221,4907.925
2019,French Grand Prix,8,France,Le Castellet,0 days 01:24:56.704000,BOT,77,0 days 00:01:34.543000,32.0,2.0,,Valtteri Bottas,,0 days 00:00:23.689000,0 days 00:00:29.291000,0 days 00:00:41.563000,0 days 01:23:45.910000,0 days 01:24:15.201000,0 days 01:24:56.764000,114.0,278.0,288.0,299.0,False,HARD,9.0,True,Mercedes,0 days 01:23:22.161000,,1,2.0,False,,False,True,27.4,36.6,966.6,False,55.3,41,1.8,True,False,False,False,False,False,+12.466,+12.466,12.466,12.466,5096.704,94.543,,,23.689,29.291,41.563,5025.91,5055.201,5096.764,5002.161
2019,French Grand Prix,8,France,Le Castellet,0 days 01:26:31.714000,BOT,77,0 days 00:01:35.010000,33.0,2.0,,Valtteri Bottas,,0 days 00:00:23.997000,0 days 00:00:29.336000,0 days 00:00:41.677000,0 days 01:25:20.761000,0 days 01:25:50.097000,0 days 01:26:31.774000,115.0,280.0,290.0,300.0,False,HARD,10.0,True,Mercedes,0 days 01:24:56.704000,,1,2.0,False,,False,True,27.5,36.5,966.7,False,55.5,25,1.2,True,False,False,False,False,False,+12.587,+12.587,12.587,12.587,5191.714,95.01,,,23.997,29.336,41.677,5120.761,5150.097,5191.774,5096.704
2019,French Grand Prix,8,France,Le Castellet,0 days 01:28:06.204000,BOT,77,0 days 00:01:34.490000,34.0,2.0,,Valtteri Bottas,,0 days 00:00:23.981000,0 days 00:00:29.266000,0 days 00:00:41.243000,0 days 01:26:55.755000,0 days 01:27:25.021000,0 days 01:28:06.264000,112.0,280.0,287.0,302.0,False,HARD,11.0,True,Mercedes,0 days 01:26:31.714000,,1,2.0,False,,False,True,27.7,36.3,966.7,False,56.0,140,1.7,True,False,False,False,False,False,+11.994,+11.994,11.994,11.994,5286.204,94.49,,,23.981,29.266,41.243,5215.755,5245.021,5286.264,5191.714
2019,French Grand Prix,8,France,Le Castellet,0 days 01:29:40.435000,BOT,77,0 days 00:01:34.231000,35.0,2.0,,Valtteri Bottas,,0 days 00:00:23.734000,0 days 00:00:29.155000,0 days 00:00:41.342000,0 days 01:28:29.998000,0 days 01:28:59.153000,0 days 01:29:40.495000,114.0,277.0,288.0,298.0,True,HARD,12.0,True,Mercedes,0 days 01:28:06.204000,,1,2.0,False,,False,True,27.6,36.6,966.7,False,56.2,15,1.7,True,False,False,False,False,False,+11.920,+11.920,11.92,11.92,5380.435,94.231,,,23.734,29.155,41.342,5309.998,5339.153,5380.495,5286.204
2019,French Grand Prix,8,France,Le Castellet,0 days 01:31:14.536000,BOT,77,0 days 00:01:34.101000,36.0,2.0,,Valtteri Bottas,,0 days 00:00:23.651000,0 days 00:00:29.050000,0 days 00:00:41.400000,0 days 01:30:04.146000,0 days 01:30:33.196000,0 days 01:31:14.596000,112.0,278.0,289.0,300.0,True,HARD,13.0,True,Mercedes,0 days 01:29:40.435000,,12,2.0,False,,False,True,27.6,36.7,966.8,False,54.7,96,1.3,True,True,False,False,False,False,+11.927,+11.927,11.927,11.927,5474.536,94.101,,,23.651,29.05,41.4,5404.146,5433.196,5474.596,5380.435
2019,French Grand Prix,8,France,Le Castellet,0 days 01:32:48.811000,BOT,77,0 days 00:01:34.275000,37.0,2.0,,Valtteri Bottas,,0 days 00:00:23.919000,0 days 00:00:28.978000,0 days 00:00:41.378000,0 days 01:31:38.515000,0 days 01:32:07.493000,0 days 01:32:48.871000,115.0,280.0,291.0,302.0,False,HARD,14.0,True,Mercedes,0 days 01:31:14.536000,,1,2.0,False,,False,True,27.7,36.9,966.7,False,54.1,102,1.4,True,False,False,False,False,False,+12.171,+12.171,12.171,12.171,5568.811,94.275,,,23.919,28.978,41.378,5498.515,5527.493,5568.871,5474.536
2019,French Grand Prix,8,France,Le Castellet,0 days 01:34:23.381000,BOT,77,0 days 00:01:34.570000,38.0,2.0,,Valtteri Bottas,,0 days 00:00:24.096000,0 days 00:00:29.158000,0 days 00:00:41.316000,0 days 01:33:12.967000,0 days 01:33:42.125000,0 days 01:34:23.441000,112.0,279.0,289.0,297.0,False,HARD,15.0,True,Mercedes,0 days 01:32:48.811000,,1,2.0,False,,False,True,27.4,37.2,966.7,False,51.6,79,1.2,True,False,False,False,False,False,+12.614,+12.614,12.614,12.614,5663.381,94.57,,,24.096,29.158,41.316,5592.967,5622.125,5663.441,5568.811
2019,French Grand Prix,8,France,Le Castellet,0 days 01:35:58.049000,BOT,77,0 days 00:01:34.668000,39.0,2.0,,Valtteri Bottas,,0 days 00:00:23.731000,0 days 00:00:29.318000,0 days 00:00:41.619000,0 days 01:34:47.172000,0 days 01:35:16.490000,0 days 01:35:58.109000,113.0,278.0,291.0,300.0,False,HARD,16.0,True,Mercedes,0 days 01:34:23.381000,,1,2.0,False,,False,True,26.9,38.2,966.8,False,53.9,196,1.4,True,False,False,False,False,False,+12.910,+12.910,12.91,12.91,5758.049,94.668,,,23.731,29.318,41.619,5687.172,5716.49,5758.109,5663.381
2019,French Grand Prix,8,France,Le Castellet,0 days 01:37:32.407000,BOT,77,0 days 00:01:34.358000,40.0,2.0,,Valtteri Bottas,,0 days 00:00:23.792000,0 days 00:00:29.132000,0 days 00:00:41.434000,0 days 01:36:21.901000,0 days 01:36:51.033000,0 days 01:37:32.467000,113.0,281.0,289.0,302.0,False,HARD,17.0,True,Mercedes,0 days 01:35:58.049000,,1,2.0,False,,False,True,26.8,38.9,966.6,False,53.1,84,1.8,True,False,False,False,False,False,+12.372,+12.372,12.372,12.372,5852.407,94.358,,,23.792,29.132,41.434,5781.901,5811.033,5852.467,5758.049
2019,French Grand Prix,8,France,Le Castellet,0 days 01:39:06.222000,BOT,77,0 days 00:01:33.815000,41.0,2.0,,Valtteri Bottas,,0 days 00:00:23.624000,0 days 00:00:28.996000,0 days 00:00:41.195000,0 days 01:37:56.091000,0 days 01:38:25.087000,0 days 01:39:06.282000,111.0,279.0,291.0,299.0,True,HARD,18.0,True,Mercedes,0 days 01:37:32.407000,,1,2.0,False,,False,True,26.9,38.6,966.7,False,52.6,73,1.1,True,False,False,False,False,False,+12.525,+12.525,12.525,12.525,5946.222,93.815,,,23.624,28.996,41.195,5876.091,5905.087,5946.282,5852.407
2019,French Grand Prix,8,France,Le Castellet,0 days 01:40:40.758000,BOT,77,0 days 00:01:34.536000,42.0,2.0,,Valtteri Bottas,,0 days 00:00:23.765000,0 days 00:00:28.910000,0 days 00:00:41.861000,0 days 01:39:30.047000,0 days 01:39:58.957000,0 days 01:40:40.818000,113.0,280.0,290.0,303.0,False,HARD,19.0,True,Mercedes,0 days 01:39:06.222000,,1,2.0,False,,False,True,26.8,39.0,966.7,False,53.8,38,1.4,True,False,False,False,False,False,+13.331,+13.331,13.331,13.331,6040.758,94.536,,,23.765,28.91,41.861,5970.047,5998.957,6040.818,5946.222
2019,French Grand Prix,8,France,Le Castellet,0 days 01:42:14.344000,BOT,77,0 days 00:01:33.586000,43.0,2.0,,Valtteri Bottas,,0 days 00:00:23.489000,0 days 00:00:29.009000,0 days 00:00:41.088000,0 days 01:41:04.307000,0 days 01:41:33.316000,0 days 01:42:14.404000,113.0,278.0,290.0,301.0,True,HARD,20.0,True,Mercedes,0 days 01:40:40.758000,,1,2.0,False,,False,True,26.3,39.8,966.7,False,53.9,109,1.3,True,False,False,False,False,False,+12.742,+12.742,12.742,12.742,6134.344,93.586,,,23.489,29.009,41.088,6064.307,6093.316,6134.404,6040.758
2019,French Grand Prix,8,France,Le Castellet,0 days 01:43:48.400000,BOT,77,0 days 00:01:34.056000,44.0,2.0,,Valtteri Bottas,,0 days 00:00:23.636000,0 days 00:00:29.130000,0 days 00:00:41.290000,0 days 01:42:38.040000,0 days 01:43:07.170000,0 days 01:43:48.460000,113.0,279.0,291.0,306.0,False,HARD,21.0,True,Mercedes,0 days 01:42:14.344000,,1,2.0,False,,False,True,26.4,40.1,966.8,False,53.9,81,2.1,True,False,False,False,False,False,+12.199,+12.199,12.199,12.199,6228.4,94.056,,,23.636,29.13,41.29,6158.04,6187.17,6228.46,6134.344
2019,French Grand Prix,8,France,Le Castellet,0 days 01:45:22.903000,BOT,77,0 days 00:01:34.503000,45.0,2.0,,Valtteri Bottas,,0 days 00:00:23.949000,0 days 00:00:29.009000,0 days 00:00:41.545000,0 days 01:44:12.409000,0 days 01:44:41.418000,0 days 01:45:22.963000,118.0,281.0,292.0,305.0,False,HARD,22.0,True,Mercedes,0 days 01:43:48.400000,,1,2.0,False,,False,True,26.4,40.1,966.7,False,54.5,94,1.5,True,False,False,False,False,False,+11.805,+11.805,11.805,11.805,6322.903,94.503,,,23.949,29.009,41.545,6252.409,6281.418,6322.963,6228.4
2019,French Grand Prix,8,France,Le Castellet,0 days 01:46:57.920000,BOT,77,0 days 00:01:35.017000,46.0,2.0,,Valtteri Bottas,,0 days 00:00:24.166000,0 days 00:00:29.035000,0 days 00:00:41.816000,0 days 01:45:47.129000,0 days 01:46:16.164000,0 days 01:46:57.980000,114.0,282.0,292.0,306.0,False,HARD,23.0,True,Mercedes,0 days 01:45:22.903000,,1,2.0,False,,False,True,27.0,39.0,966.8,False,55.1,182,1.1,True,False,False,False,False,False,+12.521,+12.521,12.521,12.521,6417.92,95.017,,,24.166,29.035,41.816,6347.129,6376.164,6417.98,6322.903
2019,French Grand Prix,8,France,Le Castellet,0 days 01:48:33.775000,BOT,77,0 days 00:01:35.855000,47.0,2.0,,Valtteri Bottas,,0 days 00:00:23.894000,0 days 00:00:29.284000,0 days 00:00:42.677000,0 days 01:47:21.874000,0 days 01:47:51.158000,0 days 01:48:33.835000,113.0,281.0,290.0,303.0,False,HARD,24.0,True,Mercedes,0 days 01:46:57.920000,,1,2.0,False,,False,True,27.1,37.8,966.6,False,55.2,128,1.6,True,False,False,False,False,False,+14.362,+14.362,14.362,14.362,6513.775,95.855,,,23.894,29.284,42.677,6441.874,6471.158,6513.835,6417.92
2019,French Grand Prix,8,France,Le Castellet,0 days 01:50:09.443000,BOT,77,0 days 00:01:35.668000,48.0,2.0,,Valtteri Bottas,,0 days 00:00:24.197000,0 days 00:00:29.340000,0 days 00:00:42.131000,0 days 01:48:58.032000,0 days 01:49:27.372000,0 days 01:50:09.503000,114.0,279.0,288.0,300.0,False,HARD,25.0,True,Mercedes,0 days 01:48:33.775000,,1,2.0,False,,False,True,27.0,37.6,966.7,False,54.3,29,1.2,True,False,False,False,False,False,+15.295,+15.295,15.295,15.295,6609.443,95.668,,,24.197,29.34,42.131,6538.032,6567.372,6609.503,6513.775
2019,French Grand Prix,8,France,Le Castellet,0 days 01:51:44.392000,BOT,77,0 days 00:01:34.949000,49.0,2.0,,Valtteri Bottas,,0 days 00:00:24.026000,0 days 00:00:29.081000,0 days 00:00:41.842000,0 days 01:50:33.529000,0 days 01:51:02.610000,0 days 01:51:44.452000,115.0,280.0,290.0,298.0,False,HARD,26.0,True,Mercedes,0 days 01:50:09.443000,,12,2.0,False,,False,True,27.2,36.6,966.7,False,53.7,78,1.4,True,True,False,False,False,False,+15.702,+15.702,15.702,15.702,6704.392,94.949,,,24.026,29.081,41.842,6633.529,6662.61,6704.452,6609.443
2019,French Grand Prix,8,France,Le Castellet,0 days 01:53:30.586000,BOT,77,0 days 00:01:46.194000,50.0,2.0,,Valtteri Bottas,,0 days 00:00:23.944000,0 days 00:00:29.244000,0 days 00:00:53.006000,0 days 01:52:08.396000,0 days 01:52:37.640000,0 days 01:53:30.646000,113.0,280.0,289.0,306.0,False,HARD,27.0,True,Mercedes,0 days 01:51:44.392000,,1267,2.0,False,,False,False,26.8,37.7,966.7,False,55.0,86,1.8,True,True,False,False,True,True,+22.324,+22.324,22.324,22.324,6810.586,106.194,,,23.944,29.244,53.006,6728.396,6757.64,6810.646,6704.392
2019,French Grand Prix,8,France,Le Castellet,0 days 01:55:05.452000,BOT,77,0 days 00:01:34.866000,51.0,2.0,,Valtteri Bottas,,0 days 00:00:24.373000,0 days 00:00:28.923000,0 days 00:00:41.570000,0 days 01:53:55.019000,0 days 01:54:23.942000,0 days 01:55:05.512000,115.0,281.0,292.0,311.0,False,HARD,28.0,True,Mercedes,0 days 01:53:30.586000,,1,2.0,False,,False,True,26.7,38.6,966.7,False,54.5,158,1.4,True,False,False,False,False,False,+16.588,+16.588,16.588,16.588,6905.452,94.866,,,24.373,28.923,41.57,6835.019,6863.942,6905.512,6810.586
2019,French Grand Prix,8,France,Le Castellet,0 days 01:56:40.074000,BOT,77,0 days 00:01:34.622000,52.0,2.0,,Valtteri Bottas,,0 days 00:00:23.923000,0 days 00:00:29.217000,0 days 00:00:41.482000,0 days 01:55:29.435000,0 days 01:55:58.652000,0 days 01:56:40.134000,115.0,282.0,291.0,300.0,False,HARD,29.0,True,Mercedes,0 days 01:55:05.452000,,1,2.0,False,,False,True,26.9,38.4,966.7,False,54.3,51,1.1,True,False,False,False,False,False,+16.536,+16.536,16.536,16.536,7000.074,94.622,,,23.923,29.217,41.482,6929.435,6958.652,7000.134,6905.452
2019,French Grand Prix,8,France,Le Castellet,0 days 01:58:14.406000,BOT,77,0 days 00:01:34.332000,53.0,2.0,,Valtteri Bottas,,0 days 00:00:23.957000,0 days 00:00:28.944000,0 days 00:00:41.431000,0 days 01:57:04.091000,0 days 01:57:33.035000,0 days 01:58:14.466000,115.0,281.0,293.0,311.0,False,HARD,30.0,True,Mercedes,0 days 01:56:40.074000,,1,2.0,False,,False,True,26.9,37.0,966.7,False,53.3,18,2.3,True,False,False,False,False,False,+18.100,+18.100,18.1,18.1,7094.406,94.332,,,23.957,28.944,41.431,7024.091,7053.035,7094.466,7000.074
2019,French Grand Prix,8,France,Le Castellet,0 days 00:35:20.518000,GRO,8,0 days 00:01:55.366000,1.0,1.0,,Romain Grosjean,,,0 days 00:00:32.597000,0 days 00:00:45.639000,,0 days 00:34:35.037000,0 days 00:35:20.797000,89.0,272.0,286.0,267.0,False,HARD,1.0,True,Haas F1 Team,0 days 00:33:25.039000,,1,18.0,False,,False,False,26.4,41.4,966.7,False,55.9,120,1.8,True,False,False,False,False,False,+13.362,+0.521,13.362,0.521,2120.518,115.366,,,,32.597,45.639,,2075.037,2120.797,2005.039
2019,French Grand Prix,8,France,Le Castellet,0 days 00:37:01.922000,GRO,8,0 days 00:01:41.404000,2.0,1.0,,Romain Grosjean,,0 days 00:00:26.051000,0 days 00:00:30.487000,0 days 00:00:44.866000,0 days 00:35:46.635000,0 days 00:36:17.122000,0 days 00:37:01.988000,111.0,281.0,287.0,307.0,True,HARD,2.0,True,Haas F1 Team,0 days 00:35:20.518000,,1,18.0,False,,False,True,26.3,41.8,966.8,False,56.1,57,1.2,True,False,False,False,False,False,+17.332,+0.493,17.332,0.493,2221.922,101.404,,,26.051,30.487,44.866,2146.635,2177.122,2221.988,2120.518
2019,French Grand Prix,8,France,Le Castellet,0 days 00:38:41.373000,GRO,8,0 days 00:01:39.451000,3.0,1.0,,Romain Grosjean,,0 days 00:00:25.975000,0 days 00:00:29.852000,0 days 00:00:43.624000,0 days 00:37:27.963000,0 days 00:37:57.815000,0 days 00:38:41.439000,111.0,271.0,283.0,329.0,True,HARD,3.0,True,Haas F1 Team,0 days 00:37:01.922000,,1,17.0,False,,False,True,26.3,41.8,966.7,False,57.0,77,2.1,True,False,False,False,False,False,+19.982,+2.840,19.982,2.84,2321.373,99.451,,,25.975,29.852,43.624,2247.963,2277.815,2321.439,2221.922
2019,French Grand Prix,8,France,Le Castellet,0 days 00:40:19.899000,GRO,8,0 days 00:01:38.526000,4.0,1.0,,Romain Grosjean,,0 days 00:00:25.001000,0 days 00:00:29.991000,0 days 00:00:43.534000,0 days 00:39:06.440000,0 days 00:39:36.431000,0 days 00:40:19.965000,105.0,272.0,283.0,298.0,True,HARD,4.0,True,Haas F1 Team,0 days 00:38:41.373000,,1,17.0,False,,False,True,26.7,40.4,966.8,False,56.6,83,1.1,True,False,False,False,False,False,+22.211,+2.411,22.211,2.411,2419.899,98.526,,,25.001,29.991,43.534,2346.44,2376.431,2419.965,2321.373
2019,French Grand Prix,8,France,Le Castellet,0 days 00:41:58.407000,GRO,8,0 days 00:01:38.508000,5.0,1.0,,Romain Grosjean,,0 days 00:00:25.079000,0 days 00:00:30.081000,0 days 00:00:43.348000,0 days 00:40:45.044000,0 days 00:41:15.125000,0 days 00:41:58.473000,107.0,272.0,286.0,301.0,True,HARD,5.0,True,Haas F1 Team,0 days 00:40:19.899000,,1,17.0,False,,False,True,26.9,40.6,966.6,False,56.3,26,1.4,True,False,False,False,False,False,+24.729,+2.343,24.729,2.343,2518.407,98.508,,,25.079,30.081,43.348,2445.044,2475.125,2518.473,2419.899
2019,French Grand Prix,8,France,Le Castellet,0 days 00:43:36.932000,GRO,8,0 days 00:01:38.525000,6.0,1.0,,Romain Grosjean,,0 days 00:00:24.979000,0 days 00:00:30.121000,0 days 00:00:43.425000,0 days 00:42:23.452000,0 days 00:42:53.573000,0 days 00:43:36.998000,107.0,272.0,287.0,298.0,False,HARD,6.0,True,Haas F1 Team,0 days 00:41:58.407000,,1,17.0,False,,False,True,26.7,41.4,966.7,False,56.4,48,2.1,True,False,False,False,False,False,+27.325,+1.940,27.325,1.94,2616.932,98.525,,,24.979,30.121,43.425,2543.452,2573.573,2616.998,2518.407
2019,French Grand Prix,8,France,Le Castellet,0 days 00:45:15.929000,GRO,8,0 days 00:01:38.997000,7.0,1.0,,Romain Grosjean,,0 days 00:00:25.478000,0 days 00:00:30.131000,0 days 00:00:43.388000,0 days 00:44:02.476000,0 days 00:44:32.607000,0 days 00:45:15.995000,99.0,272.0,285.0,303.0,False,HARD,7.0,True,Haas F1 Team,0 days 00:43:36.932000,,1,16.0,False,,False,True,27.0,41.1,966.7,False,56.6,176,1.4,True,False,False,False,False,False,+29.993,+1.949,29.993,1.949,2715.929,98.997,,,25.478,30.131,43.388,2642.476,2672.607,2715.995,2616.932
2019,French Grand Prix,8,France,Le Castellet,0 days 00:46:55.316000,GRO,8,0 days 00:01:39.387000,8.0,1.0,,Romain Grosjean,,0 days 00:00:25.247000,0 days 00:00:30.326000,0 days 00:00:43.814000,0 days 00:45:41.242000,0 days 00:46:11.568000,0 days 00:46:55.382000,97.0,277.0,295.0,307.0,False,HARD,8.0,True,Haas F1 Team,0 days 00:45:15.929000,,1,17.0,False,,False,True,27.3,40.3,966.7,False,56.8,184,1.1,True,False,False,False,False,False,+33.572,+0.897,33.572,0.897,2815.316,99.387,,,25.247,30.326,43.814,2741.242,2771.568,2815.382,2715.929
2019,French Grand Prix,8,France,Le Castellet,0 days 00:48:34.043000,GRO,8,0 days 00:01:38.727000,9.0,1.0,,Romain Grosjean,,0 days 00:00:25.242000,0 days 00:00:30.016000,0 days 00:00:43.469000,0 days 00:47:20.624000,0 days 00:47:50.640000,0 days 00:48:34.109000,109.0,274.0,285.0,295.0,False,HARD,9.0,True,Haas F1 Team,0 days 00:46:55.316000,,1,17.0,False,,False,True,27.8,39.0,966.7,False,57.2,164,0.9,True,False,False,False,False,False,+36.412,+1.440,36.412,1.44,2914.043,98.727,,,25.242,30.016,43.469,2840.624,2870.64,2914.109,2815.316
2019,French Grand Prix,8,France,Le Castellet,0 days 00:50:12.551000,GRO,8,0 days 00:01:38.508000,10.0,1.0,,Romain Grosjean,,0 days 00:00:25.225000,0 days 00:00:29.914000,0 days 00:00:43.369000,0 days 00:48:59.334000,0 days 00:49:29.248000,0 days 00:50:12.617000,108.0,274.0,286.0,291.0,False,HARD,10.0,True,Haas F1 Team,0 days 00:48:34.043000,,1,17.0,False,,False,True,27.7,37.9,966.7,False,55.4,132,1.8,True,False,False,False,False,False,+39.237,+1.722,39.237,1.722,3012.551,98.508,,,25.225,29.914,43.369,2939.334,2969.248,3012.617,2914.043
2019,French Grand Prix,8,France,Le Castellet,0 days 00:51:51.252000,GRO,8,0 days 00:01:38.701000,11.0,1.0,,Romain Grosjean,,0 days 00:00:25.068000,0 days 00:00:29.800000,0 days 00:00:43.833000,0 days 00:50:37.685000,0 days 00:51:07.485000,0 days 00:51:51.318000,108.0,274.0,285.0,302.0,False,HARD,11.0,True,Haas F1 Team,0 days 00:50:12.551000,,1,17.0,False,,False,True,27.6,38.4,966.6,False,55.4,103,1.6,True,False,False,False,False,False,+42.430,+2.056,42.43,2.056,3111.252,98.701,,,25.068,29.8,43.833,3037.685,3067.485,3111.318,3012.551
2019,French Grand Prix,8,France,Le Castellet,0 days 00:53:29.076000,GRO,8,0 days 00:01:37.824000,12.0,1.0,,Romain Grosjean,,0 days 00:00:24.835000,0 days 00:00:29.800000,0 days 00:00:43.189000,0 days 00:52:16.153000,0 days 00:52:45.953000,0 days 00:53:29.142000,109.0,272.0,288.0,302.0,True,HARD,12.0,True,Haas F1 Team,0 days 00:51:51.252000,,1,17.0,False,,False,True,27.3,38.8,966.6,False,55.6,87,2.1,True,False,False,False,False,False,+44.808,+1.405,44.808,1.405,3209.076,97.824,,,24.835,29.8,43.189,3136.153,3165.953,3209.142,3111.252
2019,French Grand Prix,8,France,Le Castellet,0 days 00:55:07.290000,GRO,8,0 days 00:01:38.214000,13.0,1.0,,Romain Grosjean,,0 days 00:00:25.031000,0 days 00:00:29.941000,0 days 00:00:43.242000,0 days 00:53:54.173000,0 days 00:54:24.114000,0 days 00:55:07.356000,106.0,274.0,298.0,300.0,False,HARD,13.0,True,Haas F1 Team,0 days 00:53:29.076000,,1,17.0,False,,False,True,27.1,38.7,966.6,False,54.4,161,1.5,True,False,False,False,False,False,+47.816,+0.897,47.816,0.897,3307.29,98.214,,,25.031,29.941,43.242,3234.173,3264.114,3307.356,3209.076
2019,French Grand Prix,8,France,Le Castellet,0 days 00:56:45.813000,GRO,8,0 days 00:01:38.523000,14.0,1.0,,Romain Grosjean,,0 days 00:00:25.232000,0 days 00:00:29.581000,0 days 00:00:43.710000,0 days 00:55:32.588000,0 days 00:56:02.169000,0 days 00:56:45.879000,108.0,274.0,300.0,324.0,False,HARD,14.0,True,Haas F1 Team,0 days 00:55:07.290000,,1,17.0,False,,False,True,27.4,38.3,966.6,False,55.1,116,0.9,True,False,False,False,False,False,+51.519,+0.755,51.519,0.755,3405.813,98.523,,,25.232,29.581,43.71,3332.588,3362.169,3405.879,3307.29
2019,French Grand Prix,8,France,Le Castellet,0 days 00:58:24.700000,GRO,8,0 days 00:01:38.887000,15.0,1.0,,Romain Grosjean,,0 days 00:00:25.208000,0 days 00:00:29.742000,0 days 00:00:43.937000,0 days 00:57:11.087000,0 days 00:57:40.829000,0 days 00:58:24.766000,107.0,274.0,301.0,321.0,False,HARD,15.0,True,Haas F1 Team,0 days 00:56:45.813000,,1,17.0,False,,False,True,27.6,37.8,966.5,False,55.1,119,2.3,True,False,False,False,False,False,+55.619,+0.563,55.619,0.563,3504.7,98.887,,,25.208,29.742,43.937,3431.087,3460.829,3504.766,3405.813
2019,French Grand Prix,8,France,Le Castellet,0 days 01:00:02.975000,GRO,8,0 days 00:01:38.275000,16.0,1.0,,Romain Grosjean,,0 days 00:00:25.422000,0 days 00:00:29.671000,0 days 00:00:43.182000,0 days 00:58:50.188000,0 days 00:59:19.859000,0 days 01:00:03.041000,107.0,277.0,291.0,320.0,False,HARD,16.0,True,Haas F1 Team,0 days 00:58:24.700000,,1,15.0,False,,False,True,27.1,38.9,966.5,False,54.7,151,1.4,True,False,False,False,False,False,+58.793,+0.904,58.793,0.904,3602.975,98.275,,,25.422,29.671,43.182,3530.188,3559.859,3603.041,3504.7
2019,French Grand Prix,8,France,Le Castellet,0 days 01:01:40.775000,GRO,8,0 days 00:01:37.800000,17.0,1.0,,Romain Grosjean,,0 days 00:00:24.791000,0 days 00:00:29.791000,0 days 00:00:43.218000,0 days 01:00:27.832000,0 days 01:00:57.623000,0 days 01:01:40.841000,106.0,274.0,283.0,297.0,True,HARD,17.0,True,Haas F1 Team,0 days 01:00:02.975000,,1,14.0,False,,False,True,27.4,38.4,966.6,False,55.4,107,1.1,True,False,False,False,False,False,+61.130,+1.640,61.13,1.64,3700.775,97.8,,,24.791,29.791,43.218,3627.832,3657.623,3700.841,3602.975
2019,French Grand Prix,8,France,Le Castellet,0 days 01:03:18.272000,GRO,8,0 days 00:01:37.497000,18.0,1.0,,Romain Grosjean,,0 days 00:00:24.914000,0 days 00:00:29.592000,0 days 00:00:42.991000,0 days 01:02:05.755000,0 days 01:02:35.347000,0 days 01:03:18.338000,108.0,274.0,285.0,301.0,True,HARD,18.0,True,Haas F1 Team,0 days 01:01:40.775000,,1,13.0,False,,False,True,27.7,37.1,966.6,False,56.0,59,1.5,True,False,False,False,False,False,+63.624,+1.446,63.624,1.446,3798.272,97.497,,,24.914,29.592,42.991,3725.755,3755.347,3798.338,3700.775
2019,French Grand Prix,8,France,Le Castellet,0 days 01:04:57.179000,GRO,8,0 days 00:01:38.907000,19.0,1.0,,Romain Grosjean,,0 days 00:00:25.298000,0 days 00:00:29.854000,0 days 00:00:43.755000,0 days 01:03:43.636000,0 days 01:04:13.490000,0 days 01:04:57.245000,108.0,274.0,285.0,320.0,False,HARD,19.0,True,Haas F1 Team,0 days 01:03:18.272000,,1,13.0,False,,False,True,27.3,38.2,966.6,False,54.1,26,1.1,True,False,False,False,False,False,+67.491,+1.960,67.491,1.96,3897.179,98.907,,,25.298,29.854,43.755,3823.636,3853.49,3897.245,3798.272
2019,French Grand Prix,8,France,Le Castellet,0 days 01:06:34.603000,GRO,8,0 days 00:01:37.424000,20.0,1.0,,Romain Grosjean,,0 days 00:00:24.830000,0 days 00:00:29.680000,0 days 00:00:42.914000,0 days 01:05:22.075000,0 days 01:05:51.755000,0 days 01:06:34.669000,109.0,273.0,287.0,302.0,True,HARD,20.0,True,Haas F1 Team,0 days 01:04:57.179000,,1,13.0,False,,False,True,27.5,37.8,966.6,False,56.1,106,1.2,True,False,False,False,False,False,+70.046,+1.283,70.046,1.283,3994.603,97.424,,,24.83,29.68,42.914,3922.075,3951.755,3994.669,3897.179
2019,French Grand Prix,8,France,Le Castellet,0 days 01:08:12.173000,GRO,8,0 days 00:01:37.570000,21.0,1.0,,Romain Grosjean,,0 days 00:00:24.887000,0 days 00:00:29.686000,0 days 00:00:42.997000,0 days 01:06:59.556000,0 days 01:07:29.242000,0 days 01:08:12.239000,108.0,272.0,284.0,303.0,False,HARD,21.0,True,Haas F1 Team,0 days 01:06:34.603000,,1,13.0,False,,False,True,27.8,36.8,966.6,False,56.0,80,2.2,True,False,False,False,False,False,+71.736,+1.351,71.736,1.351,4092.173,97.57,,,24.887,29.686,42.997,4019.556,4049.242,4092.239,3994.603
2019,French Grand Prix,8,France,Le Castellet,0 days 01:09:49.245000,GRO,8,0 days 00:01:37.072000,22.0,1.0,,Romain Grosjean,,0 days 00:00:24.773000,0 days 00:00:29.630000,0 days 00:00:42.669000,0 days 01:08:37.012000,0 days 01:09:06.642000,0 days 01:09:49.311000,108.0,274.0,284.0,300.0,True,HARD,22.0,True,Haas F1 Team,0 days 01:08:12.173000,,12,13.0,False,,False,True,27.8,36.7,966.6,False,56.0,93,2.0,True,True,False,False,False,False,+74.027,+1.459,74.027,1.459,4189.245,97.072,,,24.773,29.63,42.669,4117.012,4146.642,4189.311,4092.173
2019,French Grand Prix,8,France,Le Castellet,0 days 01:11:26.546000,GRO,8,0 days 00:01:37.301000,23.0,1.0,,Romain Grosjean,,0 days 00:00:24.846000,0 days 00:00:29.688000,0 days 00:00:42.767000,0 days 01:10:14.157000,0 days 01:10:43.845000,0 days 01:11:26.612000,109.0,274.0,283.0,299.0,False,HARD,23.0,True,Haas F1 Team,0 days 01:09:49.245000,,1,13.0,False,,False,True,27.5,37.2,966.5,False,56.3,108,3.3,True,False,False,False,False,False,+76.648,+1.756,76.648,1.756,4286.546,97.301,,,24.846,29.688,42.767,4214.157,4243.845,4286.612,4189.245
2019,French Grand Prix,8,France,Le Castellet,0 days 01:13:03.663000,GRO,8,0 days 00:01:37.117000,24.0,1.0,,Romain Grosjean,,0 days 00:00:24.723000,0 days 00:00:29.650000,0 days 00:00:42.744000,0 days 01:11:51.335000,0 days 01:12:20.985000,0 days 01:13:03.729000,109.0,275.0,283.0,299.0,False,HARD,24.0,True,Haas F1 Team,0 days 01:11:26.546000,,1,13.0,False,,False,True,27.2,37.4,966.6,False,55.2,114,3.2,True,False,False,False,False,False,+78.578,+1.859,78.578,1.859,4383.663,97.117,,,24.723,29.65,42.744,4311.335,4340.985,4383.729,4286.546
2019,French Grand Prix,8,France,Le Castellet,0 days 01:14:40.531000,GRO,8,0 days 00:01:36.868000,25.0,1.0,,Romain Grosjean,,0 days 00:00:24.652000,0 days 00:00:29.596000,0 days 00:00:42.620000,0 days 01:13:28.381000,0 days 01:13:57.977000,0 days 01:14:40.597000,109.0,274.0,284.0,299.0,True,HARD,25.0,True,Haas F1 Team,0 days 01:13:03.663000,,1,12.0,False,,False,True,26.9,38.1,966.5,False,54.9,102,3.7,True,False,False,False,False,False,+56.600,+1.701,56.6,1.701,4480.531,96.868,,,24.652,29.596,42.62,4408.381,4437.977,4480.597,4383.663
2019,French Grand Prix,8,France,Le Castellet,0 days 01:16:17.637000,GRO,8,0 days 00:01:37.106000,26.0,1.0,,Romain Grosjean,,0 days 00:00:24.715000,0 days 00:00:29.513000,0 days 00:00:42.878000,0 days 01:15:05.312000,0 days 01:15:34.825000,0 days 01:16:17.703000,109.0,275.0,283.0,300.0,False,HARD,26.0,True,Haas F1 Team,0 days 01:14:40.531000,,1,12.0,False,,False,True,26.6,39.0,966.6,False,54.1,12,1.6,True,False,False,False,False,False,+59.095,+2.105,59.095,2.105,4577.637,97.106,,,24.715,29.513,42.878,4505.312,4534.825,4577.703,4480.531
2019,French Grand Prix,8,France,Le Castellet,0 days 01:17:57.275000,GRO,8,0 days 00:01:39.638000,27.0,1.0,,Romain Grosjean,,0 days 00:00:24.738000,0 days 00:00:30.979000,0 days 00:00:43.921000,0 days 01:16:42.441000,0 days 01:17:13.420000,0 days 01:17:57.341000,106.0,268.0,285.0,300.0,False,HARD,27.0,True,Haas F1 Team,0 days 01:16:17.637000,,1,13.0,False,,False,True,27.0,37.6,966.5,False,54.0,74,1.4,True,False,False,False,False,False,+64.221,+1.437,64.221,1.437,4677.275,99.638,,,24.738,30.979,43.921,4602.441,4633.42,4677.341,4577.637
2019,French Grand Prix,8,France,Le Castellet,0 days 01:19:35.469000,GRO,8,0 days 00:01:38.194000,28.0,1.0,,Romain Grosjean,,0 days 00:00:24.573000,0 days 00:00:30.406000,0 days 00:00:43.215000,0 days 01:18:21.914000,0 days 01:18:52.320000,0 days 01:19:35.535000,109.0,276.0,295.0,301.0,False,HARD,28.0,True,Haas F1 Team,0 days 01:17:57.275000,,1,14.0,False,,False,True,27.1,37.4,966.6,False,52.0,115,2.2,True,False,False,False,False,False,+68.225,+1.058,68.225,1.058,4775.469,98.194,,,24.573,30.406,43.215,4701.914,4732.32,4775.535,4677.275
2019,French Grand Prix,8,France,Le Castellet,0 days 01:21:12.878000,GRO,8,0 days 00:01:37.409000,29.0,1.0,,Romain Grosjean,,0 days 00:00:24.720000,0 days 00:00:29.813000,0 days 00:00:42.876000,0 days 01:20:00.255000,0 days 01:20:30.068000,0 days 01:21:12.944000,107.0,274.0,285.0,301.0,False,HARD,29.0,True,Haas F1 Team,0 days 01:19:35.469000,,1,14.0,False,,False,True,27.2,37.1,966.6,False,52.0,124,1.5,True,False,False,False,False,False,+70.965,+1.843,70.965,1.843,4872.878,97.409,,,24.72,29.813,42.876,4800.255,4830.068,4872.944,4775.469
2019,French Grand Prix,8,France,Le Castellet,0 days 01:22:50.209000,GRO,8,0 days 00:01:37.331000,30.0,1.0,,Romain Grosjean,,0 days 00:00:24.682000,0 days 00:00:29.907000,0 days 00:00:42.742000,0 days 01:21:37.626000,0 days 01:22:07.533000,0 days 01:22:50.275000,108.0,272.0,283.0,297.0,False,HARD,30.0,True,Haas F1 Team,0 days 01:21:12.878000,,1,14.0,False,,False,True,27.3,36.7,966.7,False,52.6,104,2.4,True,False,False,False,False,False,+74.246,+2.733,74.246,2.733,4970.209,97.331,,,24.682,29.907,42.742,4897.626,4927.533,4970.275,4872.878
2019,French Grand Prix,8,France,Le Castellet,0 days 01:24:48.662000,GRO,8,0 days 00:01:58.453000,31.0,1.0,,Romain Grosjean,0 days 01:24:18.628000,0 days 00:00:24.630000,0 days 00:00:30.131000,0 days 00:01:03.692000,0 days 01:23:14.905000,0 days 01:23:45.036000,0 days 01:24:48.728000,108.0,272.0,,305.0,False,HARD,31.0,True,Haas F1 Team,0 days 01:22:50.209000,,1,17.0,False,,False,False,27.2,37.2,966.6,False,53.8,58,1.7,True,False,False,False,False,False,+77.577,+3.799,77.577,3.799,5088.662,118.453,5058.628,,24.63,30.131,63.692,4994.905,5025.036,5088.728,4970.209
2019,French Grand Prix,8,France,Le Castellet,0 days 01:26:30.010000,GRO,8,0 days 00:01:41.348000,32.0,2.0,0 days 01:24:49.460000,Romain Grosjean,,0 days 00:00:28.889000,0 days 00:00:30.192000,0 days 00:00:42.267000,0 days 01:25:17.617000,0 days 01:25:47.809000,0 days 01:26:30.076000,107.0,270.0,281.0,291.0,False,MEDIUM,1.0,True,Haas F1 Team,0 days 01:24:48.662000,,1,17.0,False,,False,False,27.5,36.5,966.7,False,55.5,25,1.2,True,False,False,False,False,False,1 L,+11.810,,11.81,5190.01,101.348,,5089.46,28.889,30.192,42.267,5117.617,5147.809,5190.076,5088.662
2019,French Grand Prix,8,France,Le Castellet,0 days 01:28:08.167000,GRO,8,0 days 00:01:38.157000,33.0,2.0,,Romain Grosjean,,0 days 00:00:24.368000,0 days 00:00:29.966000,0 days 00:00:43.823000,0 days 01:26:54.444000,0 days 01:27:24.410000,0 days 01:28:08.233000,111.0,271.0,283.0,294.0,False,MEDIUM,2.0,True,Haas F1 Team,0 days 01:26:30.010000,,1,17.0,False,,False,True,27.7,36.3,966.7,False,56.0,140,1.7,True,False,False,False,False,False,1 L,+8.088,,8.088,5288.167,98.157,,,24.368,29.966,43.823,5214.444,5244.41,5288.233,5190.01
2019,French Grand Prix,8,France,Le Castellet,0 days 01:29:44.246000,GRO,8,0 days 00:01:36.079000,34.0,2.0,,Romain Grosjean,,0 days 00:00:24.267000,0 days 00:00:29.719000,0 days 00:00:42.093000,0 days 01:28:32.500000,0 days 01:29:02.219000,0 days 01:29:44.312000,110.0,273.0,283.0,299.0,True,MEDIUM,3.0,True,Haas F1 Team,0 days 01:28:08.167000,,1,16.0,False,,False,True,27.6,36.6,966.7,False,56.2,15,1.7,True,False,False,False,False,False,1 L,+8.225,,8.225,5384.246,96.079,,,24.267,29.719,42.093,5312.5,5342.219,5384.312,5288.167
2019,French Grand Prix,8,France,Le Castellet,0 days 01:31:20.365000,GRO,8,0 days 00:01:36.119000,35.0,2.0,,Romain Grosjean,,0 days 00:00:24.341000,0 days 00:00:29.652000,0 days 00:00:42.126000,0 days 01:30:08.653000,0 days 01:30:38.305000,0 days 01:31:20.431000,110.0,272.0,282.0,298.0,False,MEDIUM,4.0,True,Haas F1 Team,0 days 01:29:44.246000,,12,16.0,False,,False,True,27.6,36.7,966.8,False,54.7,96,1.3,True,True,False,False,False,False,1 L,+8.308,,8.308,5480.365,96.119,,,24.341,29.652,42.126,5408.653,5438.305,5480.431,5384.246
2019,French Grand Prix,8,France,Le Castellet,0 days 01:32:58.136000,GRO,8,0 days 00:01:37.771000,36.0,2.0,,Romain Grosjean,,0 days 00:00:24.286000,0 days 00:00:31.198000,0 days 00:00:42.287000,0 days 01:31:44.717000,0 days 01:32:15.915000,0 days 01:32:58.202000,110.0,275.0,283.0,226.0,False,MEDIUM,5.0,True,Haas F1 Team,0 days 01:31:20.365000,,1,16.0,False,,False,True,27.6,36.9,966.7,False,52.3,177,1.6,True,False,False,False,False,False,1 L,+10.280,,10.28,5578.136,97.771,,,24.286,31.198,42.287,5504.717,5535.915,5578.202,5480.365
2019,French Grand Prix,8,France,Le Castellet,0 days 01:34:34.043000,GRO,8,0 days 00:01:35.907000,37.0,2.0,,Romain Grosjean,,0 days 00:00:24.240000,0 days 00:00:29.431000,0 days 00:00:42.236000,0 days 01:33:22.442000,0 days 01:33:51.873000,0 days 01:34:34.109000,110.0,275.0,284.0,301.0,True,MEDIUM,6.0,True,Haas F1 Team,0 days 01:32:58.136000,,1,16.0,False,,False,True,27.4,37.2,966.7,False,51.6,79,1.2,True,False,False,False,False,False,1 L,+8.940,,8.94,5674.043,95.907,,,24.24,29.431,42.236,5602.442,5631.873,5674.109,5578.136
2019,French Grand Prix,8,France,Le Castellet,0 days 01:36:10.210000,GRO,8,0 days 00:01:36.167000,38.0,2.0,,Romain Grosjean,,0 days 00:00:24.243000,0 days 00:00:29.718000,0 days 00:00:42.206000,0 days 01:34:58.352000,0 days 01:35:28.070000,0 days 01:36:10.276000,108.0,273.0,282.0,297.0,False,MEDIUM,7.0,True,Haas F1 Team,0 days 01:34:34.043000,,1,16.0,False,,False,True,26.9,38.2,966.8,False,53.9,196,1.4,True,False,False,False,False,False,1 L,+9.588,,9.588,5770.21,96.167,,,24.243,29.718,42.206,5698.352,5728.07,5770.276,5674.043
2019,French Grand Prix,8,France,Le Castellet,0 days 01:37:48.239000,GRO,8,0 days 00:01:38.029000,39.0,2.0,,Romain Grosjean,,0 days 00:00:24.220000,0 days 00:00:29.761000,0 days 00:00:44.048000,0 days 01:36:34.496000,0 days 01:37:04.257000,0 days 01:37:48.305000,108.0,273.0,284.0,296.0,False,MEDIUM,8.0,True,Haas F1 Team,0 days 01:36:10.210000,,1,16.0,False,,False,True,26.8,38.9,966.6,False,53.1,84,1.8,True,False,False,False,False,False,1 L,+12.358,,12.358,5868.239,98.029,,,24.22,29.761,44.048,5794.496,5824.257,5868.305,5770.21
2019,French Grand Prix,8,France,Le Castellet,0 days 01:39:24.306000,GRO,8,0 days 00:01:36.067000,40.0,2.0,,Romain Grosjean,,0 days 00:00:24.342000,0 days 00:00:29.676000,0 days 00:00:42.049000,0 days 01:38:12.647000,0 days 01:38:42.323000,0 days 01:39:24.372000,109.0,274.0,284.0,299.0,False,MEDIUM,9.0,True,Haas F1 Team,0 days 01:37:48.239000,,1,16.0,False,,False,True,26.9,38.6,966.7,False,52.6,73,1.1,True,False,False,False,False,False,1 L,+13.172,,13.172,5964.306,96.067,,,24.342,29.676,42.049,5892.647,5922.323,5964.372,5868.239
2019,French Grand Prix,8,France,Le Castellet,0 days 01:41:00.086000,GRO,8,0 days 00:01:35.780000,41.0,2.0,,Romain Grosjean,,0 days 00:00:24.205000,0 days 00:00:29.500000,0 days 00:00:42.075000,0 days 01:39:48.577000,0 days 01:40:18.077000,0 days 01:41:00.152000,109.0,273.0,284.0,298.0,True,MEDIUM,10.0,True,Haas F1 Team,0 days 01:39:24.306000,,1,16.0,False,,False,True,26.7,39.1,966.7,False,53.2,95,2.8,True,False,False,False,False,False,1 L,+13.535,,13.535,6060.086,95.78,,,24.205,29.5,42.075,5988.577,6018.077,6060.152,5964.306
2019,French Grand Prix,8,France,Le Castellet,0 days 01:42:35.777000,GRO,8,0 days 00:01:35.691000,42.0,2.0,,Romain Grosjean,,0 days 00:00:24.237000,0 days 00:00:29.429000,0 days 00:00:42.025000,0 days 01:41:24.389000,0 days 01:41:53.818000,0 days 01:42:35.843000,113.0,274.0,283.0,299.0,True,MEDIUM,11.0,True,Haas F1 Team,0 days 01:41:00.086000,,1,16.0,False,,False,True,26.3,39.8,966.7,False,53.9,109,1.3,True,False,False,False,False,False,1 L,+11.942,,11.942,6155.777,95.691,,,24.237,29.429,42.025,6084.389,6113.818,6155.843,6060.086
2019,French Grand Prix,8,France,Le Castellet,0 days 01:44:14.211000,GRO,8,0 days 00:01:38.434000,43.0,2.0,,Romain Grosjean,,0 days 00:00:26.249000,0 days 00:00:29.861000,0 days 00:00:42.324000,0 days 01:43:02.092000,0 days 01:43:31.953000,0 days 01:44:14.277000,108.0,274.0,283.0,301.0,False,MEDIUM,12.0,True,Haas F1 Team,0 days 01:42:35.777000,,1,16.0,False,,False,True,26.5,39.9,966.6,False,54.5,83,2.5,True,False,False,False,False,False,1 L,+15.029,,15.029,6254.211,98.434,,,26.249,29.861,42.324,6182.092,6211.953,6254.277,6155.777
2019,French Grand Prix,8,France,Le Castellet,0 days 01:45:49.959000,GRO,8,0 days 00:01:35.748000,44.0,2.0,,Romain Grosjean,,0 days 00:00:24.160000,0 days 00:00:29.613000,0 days 00:00:41.975000,0 days 01:44:38.437000,0 days 01:45:08.050000,0 days 01:45:50.025000,107.0,273.0,284.0,299.0,False,MEDIUM,13.0,True,Haas F1 Team,0 days 01:44:14.211000,,1,16.0,False,,False,True,26.4,40.1,966.7,False,54.5,94,1.5,True,False,False,False,False,False,1 L,+14.437,,14.437,6349.959,95.748,,,24.16,29.613,41.975,6278.437,6308.05,6350.025,6254.211
2019,French Grand Prix,8,France,Le Castellet,0 days 01:47:18.910000,GRO,8,,45.0,2.0,,Romain Grosjean,0 days 01:47:18.976000,0 days 00:00:24.116000,0 days 00:00:29.576000,,0 days 01:46:14.237000,0 days 01:46:44.305000,,110.0,273.0,,296.0,False,MEDIUM,14.0,True,Haas F1 Team,0 days 01:45:49.959000,,1,16.0,False,,False,False,27.0,39.0,966.8,False,55.1,182,1.1,True,False,False,False,False,False,1 L,+16.884,,16.884,6438.91,,6438.976,,24.116,29.576,,6374.237,6404.305,,6349.959
2019,French Grand Prix,8,France,Le Castellet,0 days 00:35:20,KUB,88,0 days 00:01:54.848000,1.0,1.0,,Robert Kubica,,,0 days 00:00:32.868000,0 days 00:00:45.218000,,0 days 00:34:34.908000,0 days 00:35:20.296000,100.0,276.0,287.0,276.0,False,MEDIUM,1.0,True,Williams,0 days 00:33:25.039000,,1,17.0,False,,False,False,26.4,41.4,966.7,False,55.9,120,1.8,True,False,False,False,False,False,+12.841,+1.196,12.841,1.196,2120.0,114.848,,,,32.868,45.218,,2074.908,2120.296,2005.039
2019,French Grand Prix,8,France,Le Castellet,0 days 00:37:01.487000,KUB,88,0 days 00:01:41.487000,2.0,1.0,,Robert Kubica,,0 days 00:00:26.118000,0 days 00:00:30.721000,0 days 00:00:44.648000,0 days 00:35:46.134000,0 days 00:36:16.855000,0 days 00:37:01.503000,109.0,273.0,285.0,300.0,True,MEDIUM,2.0,True,Williams,0 days 00:35:20,,1,17.0,False,,False,True,26.3,41.8,966.8,False,56.1,57,1.2,True,False,False,False,False,False,+16.839,+2.415,16.839,2.415,2221.487,101.487,,,26.118,30.721,44.648,2146.134,2176.855,2221.503,2120.0
2019,French Grand Prix,8,France,Le Castellet,0 days 00:38:43.293000,KUB,88,0 days 00:01:41.806000,3.0,1.0,,Robert Kubica,,0 days 00:00:26.005000,0 days 00:00:30.888000,0 days 00:00:44.913000,0 days 00:37:27.508000,0 days 00:37:58.396000,0 days 00:38:43.309000,108.0,275.0,286.0,298.0,False,MEDIUM,3.0,True,Williams,0 days 00:37:01.487000,,1,18.0,False,,False,True,26.3,41.8,966.7,False,57.0,77,2.1,True,False,False,False,False,False,+21.899,+1.917,21.899,1.917,2323.293,101.806,,,26.005,30.888,44.913,2247.508,2278.396,2323.309,2221.487
2019,French Grand Prix,8,France,Le Castellet,0 days 00:40:24.223000,KUB,88,0 days 00:01:40.930000,4.0,1.0,,Robert Kubica,,0 days 00:00:26.133000,0 days 00:00:30.442000,0 days 00:00:44.355000,0 days 00:39:09.442000,0 days 00:39:39.884000,0 days 00:40:24.239000,106.0,274.0,286.0,302.0,True,MEDIUM,4.0,True,Williams,0 days 00:38:43.293000,,1,19.0,False,,False,True,26.7,40.4,966.8,False,56.6,83,1.1,True,False,False,False,False,False,+26.539,+2.404,26.539,2.404,2424.223,100.93,,,26.133,30.442,44.355,2349.442,2379.884,2424.239,2323.293
2019,French Grand Prix,8,France,Le Castellet,0 days 00:42:04.796000,KUB,88,0 days 00:01:40.573000,5.0,1.0,,Robert Kubica,,0 days 00:00:25.476000,0 days 00:00:30.557000,0 days 00:00:44.540000,0 days 00:40:49.715000,0 days 00:41:20.272000,0 days 00:42:04.812000,108.0,275.0,285.0,305.0,True,MEDIUM,5.0,True,Williams,0 days 00:40:24.223000,,1,19.0,False,,False,True,26.9,40.6,966.6,False,56.3,26,1.4,True,False,False,False,False,False,+31.086,+4.772,31.086,4.772,2524.796,100.573,,,25.476,30.557,44.54,2449.715,2480.272,2524.812,2424.223
2019,French Grand Prix,8,France,Le Castellet,0 days 00:43:45.093000,KUB,88,0 days 00:01:40.297000,6.0,1.0,,Robert Kubica,,0 days 00:00:25.500000,0 days 00:00:30.677000,0 days 00:00:44.120000,0 days 00:42:30.312000,0 days 00:43:00.989000,0 days 00:43:45.109000,109.0,274.0,284.0,291.0,True,MEDIUM,6.0,True,Williams,0 days 00:42:04.796000,,1,19.0,False,,False,True,26.7,41.4,966.7,False,56.4,48,2.1,True,False,False,False,False,False,+35.451,+6.762,35.451,6.762,2625.093,100.297,,,25.5,30.677,44.12,2550.312,2580.989,2625.109,2524.796
2019,French Grand Prix,8,France,Le Castellet,0 days 00:45:25.075000,KUB,88,0 days 00:01:39.982000,7.0,1.0,,Robert Kubica,,0 days 00:00:25.614000,0 days 00:00:30.279000,0 days 00:00:44.089000,0 days 00:44:10.723000,0 days 00:44:41.002000,0 days 00:45:25.091000,109.0,275.0,284.0,307.0,True,MEDIUM,7.0,True,Williams,0 days 00:43:45.093000,,1,18.0,False,,False,True,27.0,41.1,966.7,False,56.6,176,1.4,True,False,False,False,False,False,+39.130,+8.164,39.13,8.164,2725.075,99.982,,,25.614,30.279,44.089,2650.723,2681.002,2725.091,2625.093
2019,French Grand Prix,8,France,Le Castellet,0 days 00:47:05.092000,KUB,88,0 days 00:01:40.017000,8.0,1.0,,Robert Kubica,,0 days 00:00:25.461000,0 days 00:00:30.459000,0 days 00:00:44.097000,0 days 00:45:50.552000,0 days 00:46:21.011000,0 days 00:47:05.108000,109.0,274.0,283.0,291.0,False,MEDIUM,8.0,True,Williams,0 days 00:45:25.075000,,1,18.0,False,,False,True,27.5,39.9,966.7,False,56.2,18,0.6,True,False,False,False,False,False,+43.228,+9.656,43.228,9.656,2825.092,100.017,,,25.461,30.459,44.097,2750.552,2781.011,2825.108,2725.075
2019,French Grand Prix,8,France,Le Castellet,0 days 00:48:44.625000,KUB,88,0 days 00:01:39.533000,9.0,1.0,,Robert Kubica,,0 days 00:00:25.432000,0 days 00:00:30.157000,0 days 00:00:43.944000,0 days 00:47:30.540000,0 days 00:48:00.697000,0 days 00:48:44.641000,110.0,275.0,284.0,294.0,True,MEDIUM,9.0,True,Williams,0 days 00:47:05.092000,,1,18.0,False,,False,True,27.8,39.0,966.7,False,57.2,164,0.9,True,False,False,False,False,False,+46.986,+10.574,46.986,10.574,2924.625,99.533,,,25.432,30.157,43.944,2850.54,2880.697,2924.641,2825.092
2019,French Grand Prix,8,France,Le Castellet,0 days 00:50:24.079000,KUB,88,0 days 00:01:39.454000,10.0,1.0,,Robert Kubica,,0 days 00:00:25.168000,0 days 00:00:30.460000,0 days 00:00:43.826000,0 days 00:49:09.809000,0 days 00:49:40.269000,0 days 00:50:24.095000,110.0,275.0,284.0,291.0,True,MEDIUM,10.0,True,Williams,0 days 00:48:44.625000,,1,18.0,False,,False,True,27.7,37.9,966.7,False,55.4,132,1.8,True,False,False,False,False,False,+50.745,+11.508,50.745,11.508,3024.079,99.454,,,25.168,30.46,43.826,2949.809,2980.269,3024.095,2924.625
2019,French Grand Prix,8,France,Le Castellet,0 days 00:52:03.407000,KUB,88,0 days 00:01:39.328000,11.0,1.0,,Robert Kubica,,0 days 00:00:25.233000,0 days 00:00:30.264000,0 days 00:00:43.831000,0 days 00:50:49.328000,0 days 00:51:19.592000,0 days 00:52:03.423000,112.0,275.0,284.0,293.0,True,MEDIUM,11.0,True,Williams,0 days 00:50:24.079000,,1,18.0,False,,False,True,27.4,38.5,966.6,False,55.4,104,1.5,True,False,False,False,False,False,+54.565,+12.135,54.565,12.135,3123.407,99.328,,,25.233,30.264,43.831,3049.328,3079.592,3123.423,3024.079
2019,French Grand Prix,8,France,Le Castellet,0 days 00:53:42.870000,KUB,88,0 days 00:01:39.463000,12.0,1.0,,Robert Kubica,,0 days 00:00:25.175000,0 days 00:00:30.449000,0 days 00:00:43.839000,0 days 00:52:28.598000,0 days 00:52:59.047000,0 days 00:53:42.886000,113.0,275.0,284.0,292.0,False,MEDIUM,12.0,True,Williams,0 days 00:52:03.407000,,1,18.0,False,,False,True,27.3,38.8,966.6,False,55.6,87,2.1,True,False,False,False,False,False,+58.566,+13.758,58.566,13.758,3222.87,99.463,,,25.175,30.449,43.839,3148.598,3179.047,3222.886,3123.407
2019,French Grand Prix,8,France,Le Castellet,0 days 00:55:22.280000,KUB,88,0 days 00:01:39.410000,13.0,1.0,,Robert Kubica,,0 days 00:00:25.271000,0 days 00:00:30.327000,0 days 00:00:43.812000,0 days 00:54:08.157000,0 days 00:54:38.484000,0 days 00:55:22.296000,110.0,274.0,284.0,292.0,False,MEDIUM,13.0,True,Williams,0 days 00:53:42.870000,,1,18.0,False,,False,True,27.1,38.7,966.6,False,54.4,161,1.5,True,False,False,False,False,False,+62.645,+14.829,62.645,14.829,3322.28,99.41,,,25.271,30.327,43.812,3248.157,3278.484,3322.296,3222.87
2019,French Grand Prix,8,France,Le Castellet,0 days 00:57:01.980000,KUB,88,0 days 00:01:39.700000,14.0,1.0,,Robert Kubica,,0 days 00:00:25.243000,0 days 00:00:30.583000,0 days 00:00:43.874000,0 days 00:55:47.539000,0 days 00:56:18.122000,0 days 00:57:01.996000,110.0,274.0,284.0,291.0,False,MEDIUM,14.0,True,Williams,0 days 00:55:22.280000,,1,18.0,False,,False,True,27.8,37.1,966.6,False,55.7,132,2.4,True,False,False,False,False,False,+67.536,+16.017,67.536,16.017,3421.98,99.7,,,25.243,30.583,43.874,3347.539,3378.122,3421.996,3322.28
2019,French Grand Prix,8,France,Le Castellet,0 days 00:58:41.332000,KUB,88,0 days 00:01:39.352000,15.0,1.0,,Robert Kubica,,0 days 00:00:25.331000,0 days 00:00:30.196000,0 days 00:00:43.825000,0 days 00:57:27.327000,0 days 00:57:57.523000,0 days 00:58:41.348000,111.0,274.0,284.0,306.0,False,MEDIUM,15.0,True,Williams,0 days 00:57:01.980000,,1,18.0,False,,False,True,27.6,37.8,966.5,False,55.1,119,2.3,True,False,False,False,False,False,+72.080,+16.461,72.08,16.461,3521.332,99.352,,,25.331,30.196,43.825,3447.327,3477.523,3521.348,3421.98
2019,French Grand Prix,8,France,Le Castellet,0 days 01:00:21.931000,KUB,88,0 days 00:01:40.599000,16.0,1.0,,Robert Kubica,,0 days 00:00:25.343000,0 days 00:00:30.855000,0 days 00:00:44.401000,0 days 00:59:06.691000,0 days 00:59:37.546000,0 days 01:00:21.947000,111.0,275.0,285.0,290.0,False,MEDIUM,16.0,True,Williams,0 days 00:58:41.332000,,1,18.0,False,,False,True,27.1,38.9,966.5,False,54.7,151,1.4,True,False,False,False,False,False,+77.678,+1.908,77.678,1.908,3621.931,100.599,,,25.343,30.855,44.401,3546.691,3577.546,3621.947,3521.332
2019,French Grand Prix,8,France,Le Castellet,0 days 01:02:01.366000,KUB,88,0 days 00:01:39.435000,17.0,1.0,,Robert Kubica,,0 days 00:00:25.677000,0 days 00:00:29.973000,0 days 00:00:43.785000,0 days 01:00:47.624000,0 days 01:01:17.597000,0 days 01:02:01.382000,111.0,275.0,285.0,308.0,False,MEDIUM,17.0,True,Williams,0 days 01:00:21.931000,,1,18.0,False,,False,True,27.7,37.3,966.5,False,55.9,201,2.2,True,False,False,False,False,False,+81.758,+3.635,81.758,3.635,3721.366,99.435,,,25.677,29.973,43.785,3647.624,3677.597,3721.382,3621.931
2019,French Grand Prix,8,France,Le Castellet,0 days 01:03:41.993000,KUB,88,0 days 00:01:40.627000,18.0,1.0,,Robert Kubica,,0 days 00:00:25.419000,0 days 00:00:30.584000,0 days 00:00:44.624000,0 days 01:02:26.801000,0 days 01:02:57.385000,0 days 01:03:42.009000,112.0,276.0,297.0,292.0,False,MEDIUM,18.0,True,Williams,0 days 01:02:01.366000,,1,19.0,False,,False,True,27.7,37.1,966.6,False,56.0,59,1.5,True,False,False,False,False,False,+87.480,+0.950,87.48,0.95,3821.993,100.627,,,25.419,30.584,44.624,3746.801,3777.385,3822.009,3721.366
2019,French Grand Prix,8,France,Le Castellet,0 days 01:05:21.076000,KUB,88,0 days 00:01:39.083000,19.0,1.0,,Robert Kubica,,0 days 00:00:25.192000,0 days 00:00:29.984000,0 days 00:00:43.907000,0 days 01:04:07.201000,0 days 01:04:37.185000,0 days 01:05:21.092000,110.0,278.0,288.0,315.0,True,MEDIUM,19.0,True,Williams,0 days 01:03:41.993000,,1,19.0,False,,False,True,27.3,38.2,966.5,False,54.1,89,2.1,True,False,False,False,False,False,+91.455,+1.303,91.455,1.303,3921.076,99.083,,,25.192,29.984,43.907,3847.201,3877.185,3921.092,3821.993
2019,French Grand Prix,8,France,Le Castellet,0 days 01:07:02.153000,KUB,88,0 days 00:01:41.077000,20.0,1.0,,Robert Kubica,,0 days 00:00:25.551000,0 days 00:00:30.660000,0 days 00:00:44.866000,0 days 01:05:46.643000,0 days 01:06:17.303000,0 days 01:07:02.169000,111.0,282.0,303.0,297.0,False,MEDIUM,20.0,True,Williams,0 days 01:05:21.076000,,1,20.0,False,,False,True,27.9,37.0,966.5,False,56.2,120,2.4,True,False,False,False,False,False,1 L,+0.799,,0.799,4022.153,101.077,,,25.551,30.66,44.866,3946.643,3977.303,4022.169,3921.076
2019,French Grand Prix,8,France,Le Castellet,0 days 01:08:42.307000,KUB,88,0 days 00:01:40.154000,21.0,1.0,,Robert Kubica,,0 days 00:00:25.768000,0 days 00:00:30.291000,0 days 00:00:44.095000,0 days 01:07:27.937000,0 days 01:07:58.228000,0 days 01:08:42.323000,110.0,276.0,284.0,295.0,False,MEDIUM,21.0,True,Williams,0 days 01:07:02.153000,,1,20.0,False,,False,True,27.8,36.8,966.6,False,56.0,80,2.2,True,False,False,False,False,False,1 L,+2.465,,2.465,4122.307,100.154,,,25.768,30.291,44.095,4047.937,4078.228,4122.323,4022.153
2019,French Grand Prix,8,France,Le Castellet,0 days 01:10:22.754000,KUB,88,0 days 00:01:40.447000,22.0,1.0,,Robert Kubica,,0 days 00:00:26.509000,0 days 00:00:30.239000,0 days 00:00:43.699000,0 days 01:09:08.832000,0 days 01:09:39.071000,0 days 01:10:22.770000,109.0,277.0,285.0,297.0,False,MEDIUM,22.0,True,Williams,0 days 01:08:42.307000,,12,20.0,False,,False,True,27.7,36.8,966.5,False,55.9,102,3.1,True,True,False,False,False,False,1 L,+4.645,,4.645,4222.754,100.447,,,26.509,30.239,43.699,4148.832,4179.071,4222.77,4122.307
2019,French Grand Prix,8,France,Le Castellet,0 days 01:12:01.599000,KUB,88,0 days 00:01:38.845000,23.0,1.0,,Robert Kubica,,0 days 00:00:25.165000,0 days 00:00:30.197000,0 days 00:00:43.483000,0 days 01:10:47.935000,0 days 01:11:18.132000,0 days 01:12:01.615000,110.0,276.0,286.0,295.0,True,MEDIUM,23.0,True,Williams,0 days 01:10:22.754000,,1,20.0,False,,False,True,27.3,37.5,966.6,False,56.2,80,3.2,True,False,False,False,False,False,+111.726,+5.330,111.726,5.33,4321.599,98.845,,,25.165,30.197,43.483,4247.935,4278.132,4321.615,4222.754
2019,French Grand Prix,8,France,Le Castellet,0 days 01:14:00.339000,KUB,88,0 days 00:01:58.740000,24.0,1.0,,Robert Kubica,0 days 01:13:31.472000,0 days 00:00:25.154000,0 days 00:00:30.017000,0 days 00:01:03.569000,0 days 01:12:26.769000,0 days 01:12:56.786000,0 days 01:14:00.355000,109.0,275.0,,301.0,False,MEDIUM,24.0,True,Williams,0 days 01:12:01.599000,,1,20.0,False,,False,False,27.2,37.4,966.6,False,55.2,114,3.2,True,False,False,False,False,False,+115.172,+5.078,115.172,5.078,4440.339,118.74,4411.472,,25.154,30.017,63.569,4346.769,4376.786,4440.355,4321.599
2019,French Grand Prix,8,France,Le Castellet,0 days 01:15:43.469000,KUB,88,0 days 00:01:43.130000,25.0,2.0,0 days 01:14:01.133000,Robert Kubica,,0 days 00:00:28.588000,0 days 00:00:30.787000,0 days 00:00:43.755000,0 days 01:14:28.943000,0 days 01:14:59.730000,0 days 01:15:43.485000,109.0,276.0,286.0,285.0,False,HARD,1.0,True,Williams,0 days 01:14:00.339000,,1,20.0,False,,False,False,26.7,38.6,966.5,False,54.2,112,2.8,True,False,False,False,False,False,1 L,+30.284,,30.284,4543.469,103.13,,4441.133,28.588,30.787,43.755,4468.943,4499.73,4543.485,4440.339
2019,French Grand Prix,8,France,Le Castellet,0 days 01:17:22.653000,KUB,88,0 days 00:01:39.184000,26.0,2.0,,Robert Kubica,,0 days 00:00:24.976000,0 days 00:00:29.963000,0 days 00:00:44.245000,0 days 01:16:08.461000,0 days 01:16:38.424000,0 days 01:17:22.669000,113.0,276.0,298.0,293.0,False,HARD,2.0,True,Williams,0 days 01:15:43.469000,,1,20.0,False,,False,True,27.0,37.6,966.5,False,54.0,74,1.4,True,False,False,False,False,False,1 L,+4.402,,4.402,4642.653,99.184,,,24.976,29.963,44.245,4568.461,4598.424,4642.669,4543.469
2019,French Grand Prix,8,France,Le Castellet,0 days 01:19:00.780000,KUB,88,0 days 00:01:38.127000,27.0,2.0,,Robert Kubica,,0 days 00:00:24.777000,0 days 00:00:30.169000,0 days 00:00:43.181000,0 days 01:17:47.446000,0 days 01:18:17.615000,0 days 01:19:00.796000,115.0,276.0,287.0,294.0,True,HARD,3.0,True,Williams,0 days 01:17:22.653000,,1,20.0,False,,False,True,27.1,37.4,966.6,False,52.0,115,2.2,True,False,False,False,False,False,1 L,+4.448,,4.448,4740.78,98.127,,,24.777,30.169,43.181,4667.446,4697.615,4740.796,4642.653
2019,French Grand Prix,8,France,Le Castellet,0 days 01:20:39.184000,KUB,88,0 days 00:01:38.404000,28.0,2.0,,Robert Kubica,,0 days 00:00:25.026000,0 days 00:00:30.029000,0 days 00:00:43.349000,0 days 01:19:25.822000,0 days 01:19:55.851000,0 days 01:20:39.200000,112.0,276.0,285.0,296.0,False,HARD,4.0,True,Williams,0 days 01:19:00.780000,,1,20.0,False,,False,True,27.1,37.6,966.6,False,52.1,109,1.8,True,False,False,False,False,False,1 L,+4.367,,4.367,4839.184,98.404,,,25.026,30.029,43.349,4765.822,4795.851,4839.2,4740.78
2019,French Grand Prix,8,France,Le Castellet,0 days 01:22:17.701000,KUB,88,0 days 00:01:38.517000,29.0,2.0,,Robert Kubica,,0 days 00:00:25.094000,0 days 00:00:30.037000,0 days 00:00:43.386000,0 days 01:21:04.294000,0 days 01:21:34.331000,0 days 01:22:17.717000,110.0,277.0,286.0,295.0,False,HARD,5.0,True,Williams,0 days 01:20:39.184000,,1,20.0,False,,False,True,27.3,36.7,966.7,False,52.6,104,2.4,True,False,False,False,False,False,1 L,+5.718,,5.718,4937.701,98.517,,,25.094,30.037,43.386,4864.294,4894.331,4937.717,4839.184
2019,French Grand Prix,8,France,Le Castellet,0 days 01:23:55.958000,KUB,88,0 days 00:01:38.257000,30.0,2.0,,Robert Kubica,,0 days 00:00:24.934000,0 days 00:00:30.197000,0 days 00:00:43.126000,0 days 01:22:42.651000,0 days 01:23:12.848000,0 days 01:23:55.974000,111.0,275.0,287.0,294.0,False,HARD,6.0,True,Williams,0 days 01:22:17.701000,,1,20.0,False,,False,True,27.3,36.8,966.5,False,53.4,109,3.2,True,False,False,False,False,False,1 L,+5.620,,5.62,5035.958,98.257,,,24.934,30.197,43.126,4962.651,4992.848,5035.974,4937.701
2019,French Grand Prix,8,France,Le Castellet,0 days 01:25:34.039000,KUB,88,0 days 00:01:38.081000,31.0,2.0,,Robert Kubica,,0 days 00:00:24.884000,0 days 00:00:30.147000,0 days 00:00:43.050000,0 days 01:24:20.858000,0 days 01:24:51.005000,0 days 01:25:34.055000,111.0,276.0,286.0,294.0,True,HARD,7.0,True,Williams,0 days 01:23:55.958000,,1,20.0,False,,False,True,27.4,36.6,966.6,False,55.3,41,1.8,True,False,False,False,False,False,1 L,+6.187,,6.187,5134.039,98.081,,,24.884,30.147,43.05,5060.858,5091.005,5134.055,5035.958
2019,French Grand Prix,8,France,Le Castellet,0 days 01:27:12.136000,KUB,88,0 days 00:01:38.097000,32.0,2.0,,Robert Kubica,,0 days 00:00:24.966000,0 days 00:00:30.062000,0 days 00:00:43.069000,0 days 01:25:59.021000,0 days 01:26:29.083000,0 days 01:27:12.152000,110.0,276.0,287.0,295.0,False,HARD,8.0,True,Williams,0 days 01:25:34.039000,,1,20.0,False,,False,True,27.5,36.6,966.7,False,55.5,76,1.4,True,False,False,False,False,False,1 L,+6.705,,6.705,5232.136,98.097,,,24.966,30.062,43.069,5159.021,5189.083,5232.152,5134.039
2019,French Grand Prix,8,France,Le Castellet,0 days 01:28:49.919000,KUB,88,0 days 00:01:37.783000,33.0,2.0,,Robert Kubica,,0 days 00:00:24.744000,0 days 00:00:29.974000,0 days 00:00:43.065000,0 days 01:27:36.896000,0 days 01:28:06.870000,0 days 01:28:49.935000,113.0,277.0,286.0,297.0,True,HARD,9.0,True,Williams,0 days 01:27:12.136000,,1,19.0,False,,False,True,27.7,36.3,966.7,False,56.0,140,1.7,True,False,False,False,False,False,1 L,+7.161,,7.161,5329.919,97.783,,,24.744,29.974,43.065,5256.896,5286.87,5329.935,5232.136
2019,French Grand Prix,8,France,Le Castellet,0 days 01:30:27.807000,KUB,88,0 days 00:01:37.888000,34.0,2.0,,Robert Kubica,,0 days 00:00:24.745000,0 days 00:00:30.015000,0 days 00:00:43.128000,0 days 01:29:14.680000,0 days 01:29:44.695000,0 days 01:30:27.823000,111.0,276.0,285.0,294.0,False,HARD,10.0,True,Williams,0 days 01:28:49.919000,,12,19.0,False,,False,True,27.6,36.7,966.6,False,55.4,79,1.1,True,True,False,False,False,False,1 L,+54.708,,54.708,5427.807,97.888,,,24.745,30.015,43.128,5354.68,5384.695,5427.823,5329.919
2019,French Grand Prix,8,France,Le Castellet,0 days 01:32:05.655000,KUB,88,0 days 00:01:37.848000,35.0,2.0,,Robert Kubica,,0 days 00:00:24.765000,0 days 00:00:29.980000,0 days 00:00:43.103000,0 days 01:30:52.588000,0 days 01:31:22.568000,0 days 01:32:05.671000,111.0,277.0,286.0,295.0,False,HARD,11.0,True,Williams,0 days 01:30:27.807000,,1,19.0,False,,False,True,27.7,36.9,966.7,False,54.1,102,1.4,True,False,False,False,False,False,1 L,+31.602,,31.602,5525.655,97.848,,,24.765,29.98,43.103,5452.588,5482.568,5525.671,5427.807
2019,French Grand Prix,8,France,Le Castellet,0 days 01:33:43.563000,KUB,88,0 days 00:01:37.908000,36.0,2.0,,Robert Kubica,,0 days 00:00:24.810000,0 days 00:00:30.004000,0 days 00:00:43.094000,0 days 01:32:30.481000,0 days 01:33:00.485000,0 days 01:33:43.579000,113.0,277.0,285.0,294.0,False,HARD,12.0,True,Williams,0 days 01:32:05.655000,,1,19.0,False,,False,True,27.6,36.9,966.7,False,52.3,177,1.6,True,False,False,False,False,False,1 L,+32.067,,32.067,5623.563,97.908,,,24.81,30.004,43.094,5550.481,5580.485,5623.579,5525.655
2019,French Grand Prix,8,France,Le Castellet,0 days 01:35:21.722000,KUB,88,0 days 00:01:38.159000,37.0,2.0,,Robert Kubica,,0 days 00:00:24.996000,0 days 00:00:30.067000,0 days 00:00:43.096000,0 days 01:34:08.575000,0 days 01:34:38.642000,0 days 01:35:21.738000,113.0,277.0,286.0,294.0,False,HARD,13.0,True,Williams,0 days 01:33:43.563000,,1,19.0,False,,False,True,27.2,37.1,966.8,False,53.9,121,2.4,True,False,False,False,False,False,1 L,+34.596,,34.596,5721.722,98.159,,,24.996,30.067,43.096,5648.575,5678.642,5721.738,5623.563
2019,French Grand Prix,8,France,Le Castellet,0 days 01:36:59.541000,KUB,88,0 days 00:01:37.819000,38.0,2.0,,Robert Kubica,,0 days 00:00:24.837000,0 days 00:00:30.073000,0 days 00:00:42.909000,0 days 01:35:46.575000,0 days 01:36:16.648000,0 days 01:36:59.557000,113.0,277.0,286.0,294.0,False,HARD,14.0,True,Williams,0 days 01:35:21.722000,,1,19.0,False,,False,True,26.8,38.9,966.6,False,53.1,84,1.8,True,False,False,False,False,False,1 L,+36.318,,36.318,5819.541,97.819,,,24.837,30.073,42.909,5746.575,5776.648,5819.557,5721.722
2019,French Grand Prix,8,France,Le Castellet,0 days 01:38:37.138000,KUB,88,0 days 00:01:37.597000,39.0,2.0,,Robert Kubica,,0 days 00:00:24.824000,0 days 00:00:29.909000,0 days 00:00:42.864000,0 days 01:37:24.381000,0 days 01:37:54.290000,0 days 01:38:37.154000,110.0,277.0,287.0,294.0,True,HARD,15.0,True,Williams,0 days 01:36:59.541000,,1,19.0,False,,False,True,26.5,39.6,966.7,False,52.6,77,1.5,True,False,False,False,False,False,1 L,+38.045,,38.045,5917.138,97.597,,,24.824,29.909,42.864,5844.381,5874.29,5917.154,5819.541
2019,French Grand Prix,8,France,Le Castellet,0 days 01:40:14.352000,KUB,88,0 days 00:01:37.214000,40.0,2.0,,Robert Kubica,,0 days 00:00:24.738000,0 days 00:00:29.777000,0 days 00:00:42.699000,0 days 01:39:01.892000,0 days 01:39:31.669000,0 days 01:40:14.368000,112.0,277.0,286.0,302.0,True,HARD,16.0,True,Williams,0 days 01:38:37.138000,,1,19.0,False,,False,True,26.8,39.0,966.7,False,53.8,38,1.4,True,False,False,False,False,False,1 L,+39.450,,39.45,6014.352,97.214,,,24.738,29.777,42.699,5941.892,5971.669,6014.368,5917.138
2019,French Grand Prix,8,France,Le Castellet,0 days 01:41:54.182000,KUB,88,0 days 00:01:39.830000,41.0,2.0,,Robert Kubica,,0 days 00:00:24.577000,0 days 00:00:29.998000,0 days 00:00:45.255000,0 days 01:40:38.945000,0 days 01:41:08.943000,0 days 01:41:54.198000,110.0,278.0,303.0,296.0,False,HARD,17.0,True,Williams,0 days 01:40:14.352000,,1,19.0,False,,False,True,26.7,39.1,966.7,False,53.2,95,2.8,True,False,False,False,False,False,1 L,+43.579,,43.579,6114.182,99.83,,,24.577,29.998,45.255,6038.945,6068.943,6114.198,6014.352
2019,French Grand Prix,8,France,Le Castellet,0 days 01:43:33.305000,KUB,88,0 days 00:01:39.123000,42.0,2.0,,Robert Kubica,,0 days 00:00:24.890000,0 days 00:00:29.929000,0 days 00:00:44.304000,0 days 01:42:19.088000,0 days 01:42:49.017000,0 days 01:43:33.321000,112.0,279.0,302.0,298.0,False,HARD,18.0,True,Williams,0 days 01:41:54.182000,,1,19.0,False,,False,True,26.4,40.1,966.8,False,53.9,81,2.1,True,False,False,False,False,False,1 L,+47.403,,47.403,6213.305,99.123,,,24.89,29.929,44.304,6139.088,6169.017,6213.321,6114.182
2019,French Grand Prix,8,France,Le Castellet,0 days 01:45:15.532000,KUB,88,0 days 00:01:42.227000,43.0,2.0,,Robert Kubica,,0 days 00:00:26.810000,0 days 00:00:32.123000,0 days 00:00:43.294000,0 days 01:44:00.131000,0 days 01:44:32.254000,0 days 01:45:15.548000,107.0,277.0,289.0,298.0,False,HARD,19.0,True,Williams,0 days 01:43:33.305000,,1,19.0,False,,False,True,26.4,40.1,966.7,False,54.5,94,1.5,True,False,False,False,False,False,2 L,+54.157,,54.157,6315.532,102.227,,,26.81,32.123,43.294,6240.131,6272.254,6315.548,6213.305
2019,French Grand Prix,8,France,Le Castellet,0 days 01:46:55.557000,KUB,88,0 days 00:01:40.025000,44.0,2.0,,Robert Kubica,,0 days 00:00:26.006000,0 days 00:00:30.608000,0 days 00:00:43.411000,0 days 01:45:41.554000,0 days 01:46:12.162000,0 days 01:46:55.573000,111.0,278.0,290.0,297.0,False,HARD,20.0,True,Williams,0 days 01:45:15.532000,,1,19.0,False,,False,True,26.8,39.2,966.6,False,54.9,166,1.4,True,False,False,False,False,False,2 L,+58.653,,58.653,6415.557,100.025,,,26.006,30.608,43.411,6341.554,6372.162,6415.573,6315.532
2019,French Grand Prix,8,France,Le Castellet,0 days 01:48:34.397000,KUB,88,0 days 00:01:38.840000,45.0,2.0,,Robert Kubica,,0 days 00:00:24.603000,0 days 00:00:30.022000,0 days 00:00:44.215000,0 days 01:47:20.176000,0 days 01:47:50.198000,0 days 01:48:34.413000,112.0,278.0,302.0,294.0,False,HARD,21.0,True,Williams,0 days 01:46:55.557000,,1,19.0,False,,False,True,27.1,37.8,966.6,False,55.2,128,1.6,True,False,False,False,False,False,2 L,+66.629,,66.629,6514.397,98.84,,,24.603,30.022,44.215,6440.176,6470.198,6514.413,6415.557
2019,French Grand Prix,8,France,Le Castellet,0 days 01:50:12.897000,KUB,88,0 days 00:01:38.500000,46.0,2.0,,Robert Kubica,,0 days 00:00:24.792000,0 days 00:00:30.550000,0 days 00:00:43.158000,0 days 01:48:59.205000,0 days 01:49:29.755000,0 days 01:50:12.913000,112.0,281.0,290.0,263.0,False,HARD,22.0,True,Williams,0 days 01:48:34.397000,,1,18.0,False,,False,True,27.0,37.6,966.7,False,54.3,29,1.2,True,False,False,False,False,False,2 L,+64.604,,64.604,6612.897,98.5,,,24.792,30.55,43.158,6539.205,6569.755,6612.913,6514.397
2019,French Grand Prix,8,France,Le Castellet,0 days 01:51:51.454000,KUB,88,0 days 00:01:38.557000,47.0,2.0,,Robert Kubica,,0 days 00:00:25.749000,0 days 00:00:29.893000,0 days 00:00:42.915000,0 days 01:50:38.662000,0 days 01:51:08.555000,0 days 01:51:51.470000,111.0,280.0,289.0,299.0,False,HARD,23.0,True,Williams,0 days 01:50:12.897000,,12,18.0,False,,False,True,27.2,36.6,966.7,False,53.7,78,1.4,True,True,False,False,False,False,2 L,+67.238,,67.238,6711.454,98.557,,,25.749,29.893,42.915,6638.662,6668.555,6711.47,6612.897
2019,French Grand Prix,8,France,Le Castellet,0 days 01:53:38.331000,KUB,88,0 days 00:01:46.877000,48.0,2.0,,Robert Kubica,,0 days 00:00:24.644000,0 days 00:00:29.893000,0 days 00:00:52.340000,0 days 01:52:16.114000,0 days 01:52:46.007000,0 days 01:53:38.347000,113.0,278.0,288.0,296.0,False,HARD,24.0,True,Williams,0 days 01:51:51.454000,,1267,18.0,False,,False,False,26.8,37.7,966.7,False,55.0,86,1.8,True,True,False,False,True,True,2 L,+78.695,,78.695,6818.331,106.877,,,24.644,29.893,52.34,6736.114,6766.007,6818.347,6711.454
2019,French Grand Prix,8,France,Le Castellet,0 days 01:55:15.567000,KUB,88,0 days 00:01:37.236000,49.0,2.0,,Robert Kubica,,0 days 00:00:24.747000,0 days 00:00:29.857000,0 days 00:00:42.632000,0 days 01:54:03.094000,0 days 01:54:32.951000,0 days 01:55:15.583000,114.0,279.0,288.0,295.0,False,HARD,25.0,True,Williams,0 days 01:53:38.331000,,1,18.0,False,,False,True,26.7,38.6,966.7,False,54.5,158,1.4,True,False,False,False,False,False,2 L,+69.320,,69.32,6915.567,97.236,,,24.747,29.857,42.632,6843.094,6872.951,6915.583,6818.331
2019,French Grand Prix,8,France,Le Castellet,0 days 01:56:52.175000,KUB,88,0 days 00:01:36.608000,50.0,2.0,,Robert Kubica,,0 days 00:00:24.391000,0 days 00:00:29.802000,0 days 00:00:42.415000,0 days 01:55:39.974000,0 days 01:56:09.776000,0 days 01:56:52.191000,112.0,279.0,289.0,300.0,True,HARD,26.0,True,Williams,0 days 01:55:15.567000,,1,18.0,False,,False,True,26.9,38.4,966.7,False,54.3,51,1.1,True,False,False,False,False,False,2 L,+71.560,,71.56,7012.175,96.608,,,24.391,29.802,42.415,6939.974,6969.776,7012.191,6915.567
2019,French Grand Prix,8,France,Le Castellet,0 days 01:58:29.764000,KUB,88,0 days 00:01:37.589000,51.0,2.0,,Robert Kubica,,0 days 00:00:24.703000,0 days 00:00:29.893000,0 days 00:00:42.993000,0 days 01:57:16.894000,0 days 01:57:46.787000,0 days 01:58:29.780000,112.0,277.0,287.0,294.0,False,HARD,27.0,True,Williams,0 days 01:56:52.175000,,1,18.0,False,,False,True,26.9,37.0,966.7,False,53.3,18,2.3,True,False,False,False,False,False,2 L,+71.225,,71.225,7109.764,97.589,,,24.703,29.893,42.993,7036.894,7066.787,7109.78,7012.175
2019,French Grand Prix,8,France,Le Castellet,0 days 00:35:14.672000,GIO,99,0 days 00:01:49.520000,1.0,1.0,,Antonio Giovinazzi,,,0 days 00:00:30.704000,0 days 00:00:44.142000,,0 days 00:34:30.679000,0 days 00:35:14.940000,106.0,280.0,290.0,317.0,False,SOFT,4.0,False,Alfa Romeo Racing,0 days 00:33:25.039000,,1,9.0,False,,False,False,26.4,41.4,966.7,False,55.9,120,1.8,True,False,False,False,False,False,+7.580,+0.527,7.58,0.527,2114.672,109.52,,,,30.704,44.142,,2070.679,2114.94,2005.039
2019,French Grand Prix,8,France,Le Castellet,0 days 00:36:54.513000,GIO,99,0 days 00:01:39.841000,2.0,1.0,,Antonio Giovinazzi,,0 days 00:00:25.683000,0 days 00:00:30.312000,0 days 00:00:43.846000,0 days 00:35:40.392000,0 days 00:36:10.704000,0 days 00:36:54.550000,113.0,277.0,286.0,312.0,True,SOFT,5.0,False,Alfa Romeo Racing,0 days 00:35:14.672000,,1,9.0,False,,False,True,26.4,41.4,966.7,False,56.1,93,1.8,True,False,False,False,False,False,+9.897,+0.888,9.897,0.888,2214.513,99.841,,,25.683,30.312,43.846,2140.392,2170.704,2214.55,2114.672
2019,French Grand Prix,8,France,Le Castellet,0 days 00:38:33.325000,GIO,99,0 days 00:01:38.812000,3.0,1.0,,Antonio Giovinazzi,,0 days 00:00:25.407000,0 days 00:00:29.739000,0 days 00:00:43.666000,0 days 00:37:19.957000,0 days 00:37:49.696000,0 days 00:38:33.362000,112.0,278.0,299.0,330.0,True,SOFT,6.0,False,Alfa Romeo Racing,0 days 00:36:54.513000,,1,9.0,False,,False,True,26.3,41.8,966.7,False,57.0,77,2.1,True,False,False,False,False,False,+12.084,+0.865,12.084,0.865,2313.325,98.812,,,25.407,29.739,43.666,2239.957,2269.696,2313.362,2214.513
2019,French Grand Prix,8,France,Le Castellet,0 days 00:40:12.138000,GIO,99,0 days 00:01:38.813000,4.0,1.0,,Antonio Giovinazzi,,0 days 00:00:25.217000,0 days 00:00:29.818000,0 days 00:00:43.778000,0 days 00:38:58.579000,0 days 00:39:28.397000,0 days 00:40:12.175000,110.0,276.0,288.0,330.0,False,SOFT,7.0,False,Alfa Romeo Racing,0 days 00:38:33.325000,,1,9.0,False,,False,True,26.7,40.4,966.8,False,56.6,83,1.1,True,False,False,False,False,False,+14.512,+0.995,14.512,0.995,2412.138,98.813,,,25.217,29.818,43.778,2338.579,2368.397,2412.175,2313.325
2019,French Grand Prix,8,France,Le Castellet,0 days 00:41:51.323000,GIO,99,0 days 00:01:39.185000,5.0,1.0,,Antonio Giovinazzi,,0 days 00:00:25.024000,0 days 00:00:30.480000,0 days 00:00:43.681000,0 days 00:40:37.199000,0 days 00:41:07.679000,0 days 00:41:51.360000,109.0,276.0,288.0,303.0,False,SOFT,8.0,False,Alfa Romeo Racing,0 days 00:40:12.138000,,1,9.0,False,,False,True,26.8,40.2,966.7,False,56.6,151,1.5,True,False,False,False,False,False,+17.677,+1.092,17.677,1.092,2511.323,99.185,,,25.024,30.48,43.681,2437.199,2467.679,2511.36,2412.138
2019,French Grand Prix,8,France,Le Castellet,0 days 00:43:31.507000,GIO,99,0 days 00:01:40.184000,6.0,1.0,,Antonio Giovinazzi,,0 days 00:00:24.993000,0 days 00:00:30.758000,0 days 00:00:44.433000,0 days 00:42:16.353000,0 days 00:42:47.111000,0 days 00:43:31.544000,109.0,275.0,299.0,311.0,False,SOFT,9.0,False,Alfa Romeo Racing,0 days 00:41:51.323000,,1,11.0,False,,False,True,26.7,41.4,966.7,False,56.4,48,2.1,True,False,False,False,False,False,+22.050,+1.013,22.05,1.013,2611.507,100.184,,,24.993,30.758,44.433,2536.353,2567.111,2611.544,2511.323
2019,French Grand Prix,8,France,Le Castellet,0 days 00:45:31.507000,GIO,99,0 days 00:02:00,7.0,1.0,,Antonio Giovinazzi,0 days 00:45:05.997000,0 days 00:00:25.213000,0 days 00:00:30.758000,0 days 00:01:04.029000,0 days 00:43:56.757000,0 days 00:44:27.515000,0 days 00:45:31.544000,108.0,276.0,,303.0,False,SOFT,10.0,False,Alfa Romeo Racing,0 days 00:43:31.507000,,1,20.0,False,,False,False,27.0,41.1,966.7,False,56.6,176,1.4,True,False,False,False,False,False,+24.654,+0.432,24.654,0.432,2731.507,120.0,2705.997,,25.213,30.758,64.029,2636.757,2667.515,2731.544,2611.507
2019,French Grand Prix,8,France,Le Castellet,0 days 00:47:13.855000,GIO,99,0 days 00:01:42.348000,8.0,2.0,0 days 00:45:32.322000,Antonio Giovinazzi,,0 days 00:00:28.719000,0 days 00:00:30.190000,0 days 00:00:43.439000,0 days 00:46:00.263000,0 days 00:46:30.453000,0 days 00:47:13.892000,105.0,273.0,275.0,298.0,False,HARD,1.0,True,Alfa Romeo Racing,0 days 00:45:31.507000,,1,20.0,False,,False,False,27.5,39.9,966.7,False,56.2,18,0.6,True,False,False,False,False,False,+51.941,+7.956,51.941,7.956,2833.855,102.348,,2732.322,28.719,30.19,43.439,2760.263,2790.453,2833.892,2731.507
2019,French Grand Prix,8,France,Le Castellet,0 days 00:48:52.497000,GIO,99,0 days 00:01:38.642000,9.0,2.0,,Antonio Giovinazzi,,0 days 00:00:24.981000,0 days 00:00:30.043000,0 days 00:00:43.618000,0 days 00:47:38.873000,0 days 00:48:08.916000,0 days 00:48:52.534000,114.0,273.0,283.0,296.0,True,HARD,2.0,True,Alfa Romeo Racing,0 days 00:47:13.855000,,1,20.0,False,,False,True,27.8,39.0,966.7,False,57.2,164,0.9,True,False,False,False,False,False,+54.854,+6.795,54.854,6.795,2932.497,98.642,,,24.981,30.043,43.618,2858.873,2888.916,2932.534,2833.855
2019,French Grand Prix,8,France,Le Castellet,0 days 00:50:30.721000,GIO,99,0 days 00:01:38.224000,10.0,2.0,,Antonio Giovinazzi,,0 days 00:00:24.827000,0 days 00:00:30.052000,0 days 00:00:43.345000,0 days 00:49:17.361000,0 days 00:49:47.413000,0 days 00:50:30.758000,115.0,273.0,283.0,297.0,True,HARD,3.0,True,Alfa Romeo Racing,0 days 00:48:52.497000,,1,20.0,False,,False,True,27.7,37.9,966.7,False,55.4,132,1.8,True,False,False,False,False,False,+57.400,+5.867,57.4,5.867,3030.721,98.224,,,24.827,30.052,43.345,2957.361,2987.413,3030.758,2932.497
2019,French Grand Prix,8,France,Le Castellet,0 days 00:52:09.007000,GIO,99,0 days 00:01:38.286000,11.0,2.0,,Antonio Giovinazzi,,0 days 00:00:24.969000,0 days 00:00:29.942000,0 days 00:00:43.375000,0 days 00:50:55.727000,0 days 00:51:25.669000,0 days 00:52:09.044000,114.0,273.0,285.0,299.0,False,HARD,4.0,True,Alfa Romeo Racing,0 days 00:50:30.721000,,1,20.0,False,,False,True,27.4,38.5,966.6,False,55.4,104,1.5,True,False,False,False,False,False,+60.197,+4.227,60.197,4.227,3129.007,98.286,,,24.969,29.942,43.375,3055.727,3085.669,3129.044,3030.721
2019,French Grand Prix,8,France,Le Castellet,0 days 00:53:46.920000,GIO,99,0 days 00:01:37.913000,12.0,2.0,,Antonio Giovinazzi,,0 days 00:00:24.691000,0 days 00:00:30.036000,0 days 00:00:43.186000,0 days 00:52:33.735000,0 days 00:53:03.771000,0 days 00:53:46.957000,117.0,274.0,285.0,299.0,True,HARD,5.0,True,Alfa Romeo Racing,0 days 00:52:09.007000,,1,20.0,False,,False,True,27.3,38.8,966.6,False,55.6,87,2.1,True,False,False,False,False,False,+62.646,+2.523,62.646,2.523,3226.92,97.913,,,24.691,30.036,43.186,3153.735,3183.771,3226.957,3129.007
2019,French Grand Prix,8,France,Le Castellet,0 days 00:55:25.280000,GIO,99,0 days 00:01:38.360000,13.0,2.0,,Antonio Giovinazzi,,0 days 00:00:24.911000,0 days 00:00:29.976000,0 days 00:00:43.473000,0 days 00:54:11.868000,0 days 00:54:41.844000,0 days 00:55:25.317000,113.0,274.0,286.0,301.0,False,HARD,6.0,True,Alfa Romeo Racing,0 days 00:53:46.920000,,1,20.0,False,,False,True,27.1,38.7,966.6,False,54.4,161,1.5,True,False,False,False,False,False,+65.707,+1.751,65.707,1.751,3325.28,98.36,,,24.911,29.976,43.473,3251.868,3281.844,3325.317,3226.92
2019,French Grand Prix,8,France,Le Castellet,0 days 00:57:03.504000,GIO,99,0 days 00:01:38.224000,14.0,2.0,,Antonio Giovinazzi,,0 days 00:00:24.767000,0 days 00:00:30.048000,0 days 00:00:43.409000,0 days 00:55:50.084000,0 days 00:56:20.132000,0 days 00:57:03.541000,118.0,275.0,300.0,303.0,False,HARD,7.0,True,Alfa Romeo Racing,0 days 00:55:25.280000,,1,20.0,False,,False,True,27.8,37.1,966.6,False,55.7,132,2.4,True,False,False,False,False,False,+69.242,+0.774,69.242,0.774,3423.504,98.224,,,24.767,30.048,43.409,3350.084,3380.132,3423.541,3325.28
2019,French Grand Prix,8,France,Le Castellet,0 days 00:58:41.985000,GIO,99,0 days 00:01:38.481000,15.0,2.0,,Antonio Giovinazzi,,0 days 00:00:25.141000,0 days 00:00:29.874000,0 days 00:00:43.466000,0 days 00:57:28.682000,0 days 00:57:58.556000,0 days 00:58:42.022000,116.0,278.0,298.0,330.0,False,HARD,8.0,True,Alfa Romeo Racing,0 days 00:57:03.504000,,1,19.0,False,,False,True,27.6,37.8,966.5,False,55.1,119,2.3,True,False,False,False,False,False,+72.877,+0.368,72.877,0.368,3521.985,98.481,,,25.141,29.874,43.466,3448.682,3478.556,3522.022,3423.504
2019,French Grand Prix,8,France,Le Castellet,0 days 01:00:20.014000,GIO,99,0 days 00:01:38.029000,16.0,2.0,,Antonio Giovinazzi,,0 days 00:00:25.334000,0 days 00:00:29.524000,0 days 00:00:43.171000,0 days 00:59:07.356000,0 days 00:59:36.880000,0 days 01:00:20.051000,113.0,272.0,283.0,331.0,False,HARD,9.0,True,Alfa Romeo Racing,0 days 00:58:41.985000,,1,17.0,False,,False,True,27.1,38.9,966.5,False,54.7,151,1.4,True,False,False,False,False,False,+75.770,+18.002,75.77,18.002,3620.014,98.029,,,25.334,29.524,43.171,3547.356,3576.88,3620.051,3521.985
2019,French Grand Prix,8,France,Le Castellet,0 days 01:01:57.722000,GIO,99,0 days 00:01:37.708000,17.0,2.0,,Antonio Giovinazzi,,0 days 00:00:24.729000,0 days 00:00:29.962000,0 days 00:00:43.017000,0 days 01:00:44.780000,0 days 01:01:14.742000,0 days 01:01:57.759000,112.0,274.0,284.0,298.0,True,HARD,10.0,True,Alfa Romeo Racing,0 days 01:00:20.014000,,1,17.0,False,,False,True,27.7,37.3,966.5,False,55.9,201,2.2,True,False,False,False,False,False,+78.123,+10.684,78.123,10.684,3717.722,97.708,,,24.729,29.962,43.017,3644.78,3674.742,3717.759,3620.014
2019,French Grand Prix,8,France,Le Castellet,0 days 01:03:35.566000,GIO,99,0 days 00:01:37.844000,18.0,2.0,,Antonio Giovinazzi,,0 days 00:00:24.713000,0 days 00:00:29.980000,0 days 00:00:43.151000,0 days 01:02:22.472000,0 days 01:02:52.452000,0 days 01:03:35.603000,111.0,274.0,284.0,300.0,False,HARD,11.0,True,Alfa Romeo Racing,0 days 01:01:57.722000,,1,17.0,False,,False,True,27.7,37.1,966.6,False,56.0,59,1.5,True,False,False,False,False,False,+80.943,+9.942,80.943,9.942,3815.566,97.844,,,24.713,29.98,43.151,3742.472,3772.452,3815.603,3717.722
2019,French Grand Prix,8,France,Le Castellet,0 days 01:05:13.729000,GIO,99,0 days 00:01:38.163000,19.0,2.0,,Antonio Giovinazzi,,0 days 00:00:25.062000,0 days 00:00:29.957000,0 days 00:00:43.144000,0 days 01:04:00.665000,0 days 01:04:30.622000,0 days 01:05:13.766000,111.0,276.0,285.0,301.0,False,HARD,12.0,True,Alfa Romeo Racing,0 days 01:03:35.566000,,1,17.0,False,,False,True,27.3,38.2,966.5,False,54.1,89,2.1,True,False,False,False,False,False,+84.103,+1.749,84.103,1.749,3913.729,98.163,,,25.062,29.957,43.144,3840.665,3870.622,3913.766,3815.566
2019,French Grand Prix,8,France,Le Castellet,0 days 01:06:51.350000,GIO,99,0 days 00:01:37.621000,20.0,2.0,,Antonio Giovinazzi,,0 days 00:00:24.752000,0 days 00:00:29.843000,0 days 00:00:43.026000,0 days 01:05:38.518000,0 days 01:06:08.361000,0 days 01:06:51.387000,115.0,274.0,286.0,303.0,True,HARD,13.0,True,Alfa Romeo Racing,0 days 01:05:13.729000,,1,17.0,False,,False,True,27.5,37.8,966.6,False,56.1,106,1.2,True,False,False,False,False,False,+86.841,+2.913,86.841,2.913,4011.35,97.621,,,24.752,29.843,43.026,3938.518,3968.361,4011.387,3913.729
2019,French Grand Prix,8,France,Le Castellet,0 days 01:08:28.686000,GIO,99,0 days 00:01:37.336000,21.0,2.0,,Antonio Giovinazzi,,0 days 00:00:24.676000,0 days 00:00:29.835000,0 days 00:00:42.825000,0 days 01:07:16.063000,0 days 01:07:45.898000,0 days 01:08:28.723000,112.0,274.0,285.0,302.0,True,HARD,14.0,True,Alfa Romeo Racing,0 days 01:06:51.350000,,1,17.0,False,,False,True,27.8,36.8,966.6,False,56.0,80,2.2,True,False,False,False,False,False,+88.304,+3.472,88.304,3.472,4108.686,97.336,,,24.676,29.835,42.825,4036.063,4065.898,4108.723,4011.35
2019,French Grand Prix,8,France,Le Castellet,0 days 01:10:05.987000,GIO,99,0 days 00:01:37.301000,22.0,2.0,,Antonio Giovinazzi,,0 days 00:00:24.615000,0 days 00:00:29.817000,0 days 00:00:42.869000,0 days 01:08:53.338000,0 days 01:09:23.155000,0 days 01:10:06.024000,115.0,275.0,286.0,302.0,True,HARD,15.0,True,Alfa Romeo Racing,0 days 01:08:28.686000,,12,17.0,False,,False,True,27.7,36.8,966.5,False,55.9,102,3.1,True,True,False,False,False,False,+90.820,+4.575,90.82,4.575,4205.987,97.301,,,24.615,29.817,42.869,4133.338,4163.155,4206.024,4108.686
2019,French Grand Prix,8,France,Le Castellet,0 days 01:11:43.026000,GIO,99,0 days 00:01:37.039000,23.0,2.0,,Antonio Giovinazzi,,0 days 00:00:24.660000,0 days 00:00:29.794000,0 days 00:00:42.585000,0 days 01:10:30.684000,0 days 01:11:00.478000,0 days 01:11:43.063000,113.0,275.0,285.0,301.0,True,HARD,16.0,True,Alfa Romeo Racing,0 days 01:10:05.987000,,1,17.0,False,,False,True,27.5,37.2,966.5,False,56.3,108,3.3,True,False,False,False,False,False,+93.177,+5.140,93.177,5.14,4303.026,97.039,,,24.66,29.794,42.585,4230.684,4260.478,4303.063,4205.987
2019,French Grand Prix,8,France,Le Castellet,0 days 01:13:20.108000,GIO,99,0 days 00:01:37.082000,24.0,2.0,,Antonio Giovinazzi,,0 days 00:00:24.613000,0 days 00:00:29.712000,0 days 00:00:42.757000,0 days 01:12:07.676000,0 days 01:12:37.388000,0 days 01:13:20.145000,114.0,275.0,284.0,301.0,False,HARD,17.0,True,Alfa Romeo Racing,0 days 01:11:43.026000,,1,17.0,False,,False,True,27.2,37.4,966.6,False,55.2,114,3.2,True,False,False,False,False,False,+95.210,+5.715,95.21,5.715,4400.108,97.082,,,24.613,29.712,42.757,4327.676,4357.388,4400.145,4303.026
2019,French Grand Prix,8,France,Le Castellet,0 days 01:14:57.209000,GIO,99,0 days 00:01:37.101000,25.0,2.0,,Antonio Giovinazzi,,0 days 00:00:24.613000,0 days 00:00:29.786000,0 days 00:00:42.702000,,0 days 01:14:14.544000,0 days 01:14:57.246000,113.0,275.0,285.0,301.0,False,HARD,18.0,True,Alfa Romeo Racing,0 days 01:13:20.108000,,1,17.0,False,,False,True,26.7,38.6,966.5,False,54.2,112,2.8,True,False,False,False,False,False,+73.314,+6.120,73.314,6.12,4497.209,97.101,,,24.613,29.786,42.702,,4454.544,4497.246,4400.108
2019,French Grand Prix,8,France,Le Castellet,0 days 01:16:35.252000,GIO,99,0 days 00:01:38.043000,26.0,2.0,,Antonio Giovinazzi,,0 days 00:00:25.314000,0 days 00:00:29.656000,0 days 00:00:43.073000,0 days 01:15:22.560000,0 days 01:15:52.216000,0 days 01:16:35.289000,113.0,274.0,285.0,331.0,False,HARD,19.0,True,Alfa Romeo Racing,0 days 01:14:57.209000,,1,16.0,False,,False,True,26.6,39.0,966.6,False,54.1,12,1.6,True,False,False,False,False,False,+76.765,+7.918,76.765,7.918,4595.252,98.043,,,25.314,29.656,43.073,4522.56,4552.216,4595.289,4497.209
2019,French Grand Prix,8,France,Le Castellet,0 days 01:18:12.067000,GIO,99,0 days 00:01:36.815000,27.0,2.0,,Antonio Giovinazzi,,0 days 00:00:24.526000,0 days 00:00:29.720000,0 days 00:00:42.569000,0 days 01:16:59.815000,0 days 01:17:29.535000,0 days 01:18:12.104000,111.0,275.0,285.0,299.0,True,HARD,20.0,True,Alfa Romeo Racing,0 days 01:16:35.252000,,1,16.0,False,,False,True,27.0,37.9,966.6,False,53.2,85,2.4,True,False,False,False,False,False,+79.047,+8.900,79.047,8.9,4692.067,96.815,,,24.526,29.72,42.569,4619.815,4649.535,4692.104,4595.252
2019,French Grand Prix,8,France,Le Castellet,0 days 01:19:49.040000,GIO,99,0 days 00:01:36.973000,28.0,2.0,,Antonio Giovinazzi,,0 days 00:00:24.425000,0 days 00:00:29.780000,0 days 00:00:42.768000,0 days 01:18:36.529000,0 days 01:19:06.309000,0 days 01:19:49.077000,113.0,275.0,285.0,298.0,False,HARD,21.0,True,Alfa Romeo Racing,0 days 01:18:12.067000,,1,16.0,False,,False,True,27.1,37.4,966.6,False,52.0,115,2.2,True,False,False,False,False,False,+81.694,+9.735,81.694,9.735,4789.04,96.973,,,24.425,29.78,42.768,4716.529,4746.309,4789.077,4692.067
2019,French Grand Prix,8,France,Le Castellet,0 days 01:21:27.455000,GIO,99,0 days 00:01:38.415000,29.0,2.0,,Antonio Giovinazzi,,0 days 00:00:24.455000,0 days 00:00:30.255000,0 days 00:00:43.705000,0 days 01:20:13.532000,0 days 01:20:43.787000,0 days 01:21:27.492000,112.0,272.0,287.0,307.0,False,HARD,22.0,True,Alfa Romeo Racing,0 days 01:19:49.040000,,1,17.0,False,,False,True,27.2,37.1,966.6,False,52.0,124,1.5,True,False,False,False,False,False,+85.599,+1.221,85.599,1.221,4887.455,98.415,,,24.455,30.255,43.705,4813.532,4843.787,4887.492,4789.04
2019,French Grand Prix,8,France,Le Castellet,0 days 01:23:04.660000,GIO,99,0 days 00:01:37.205000,30.0,2.0,,Antonio Giovinazzi,,0 days 00:00:24.618000,0 days 00:00:29.782000,0 days 00:00:42.805000,0 days 01:21:52.110000,0 days 01:22:21.892000,0 days 01:23:04.697000,116.0,276.0,285.0,301.0,False,HARD,23.0,True,Alfa Romeo Racing,0 days 01:21:27.455000,,1,17.0,False,,False,True,27.3,36.8,966.5,False,53.4,109,3.2,True,False,False,False,False,False,+88.752,+2.084,88.752,2.084,4984.66,97.205,,,24.618,29.782,42.805,4912.11,4941.892,4984.697,4887.455
2019,French Grand Prix,8,France,Le Castellet,0 days 01:24:41.547000,GIO,99,0 days 00:01:36.887000,31.0,2.0,,Antonio Giovinazzi,,0 days 00:00:24.498000,0 days 00:00:29.763000,0 days 00:00:42.626000,0 days 01:23:29.195000,0 days 01:23:58.958000,0 days 01:24:41.584000,116.0,276.0,286.0,301.0,False,HARD,24.0,True,Alfa Romeo Racing,0 days 01:23:04.660000,,1,16.0,False,,False,True,27.2,37.2,966.6,False,53.8,58,1.7,True,False,False,False,False,False,+91.650,+2.027,91.65,2.027,5081.547,96.887,,,24.498,29.763,42.626,5009.195,5038.958,5081.584,4984.66
2019,French Grand Prix,8,France,Le Castellet,0 days 01:26:18.630000,GIO,99,0 days 00:01:37.083000,32.0,2.0,,Antonio Giovinazzi,,0 days 00:00:24.382000,0 days 00:00:29.693000,0 days 00:00:43.008000,0 days 01:25:05.966000,0 days 01:25:35.659000,0 days 01:26:18.667000,114.0,276.0,271.0,303.0,False,HARD,25.0,True,Alfa Romeo Racing,0 days 01:24:41.547000,,1,15.0,False,,False,True,27.5,36.5,966.7,False,55.5,25,1.2,True,False,False,False,False,False,+94.164,+2.393,94.164,2.393,5178.63,97.083,,,24.382,29.693,43.008,5105.966,5135.659,5178.667,5081.547
2019,French Grand Prix,8,France,Le Castellet,0 days 01:27:56.745000,GIO,99,0 days 00:01:38.115000,33.0,2.0,,Antonio Giovinazzi,,0 days 00:00:25.516000,0 days 00:00:29.879000,0 days 00:00:42.720000,0 days 01:26:44.183000,0 days 01:27:14.062000,0 days 01:27:56.782000,111.0,276.0,286.0,307.0,False,HARD,26.0,True,Alfa Romeo Racing,0 days 01:26:18.630000,,1,15.0,False,,False,True,27.5,36.6,966.7,False,55.5,76,1.4,True,False,False,False,False,False,1 L,+3.976,,3.976,5276.745,98.115,,,25.516,29.879,42.72,5204.183,5234.062,5276.782,5178.63
2019,French Grand Prix,8,France,Le Castellet,0 days 01:29:54.509000,GIO,99,0 days 00:01:57.764000,34.0,2.0,,Antonio Giovinazzi,0 days 01:29:23.618000,0 days 00:00:24.408000,0 days 00:00:29.796000,0 days 00:01:03.560000,0 days 01:28:21.190000,0 days 01:28:50.986000,0 days 01:29:54.546000,114.0,276.0,,304.0,False,HARD,27.0,True,Alfa Romeo Racing,0 days 01:27:56.745000,,1,18.0,False,,False,False,27.6,36.6,966.7,False,56.2,15,1.7,True,False,False,False,False,False,1 L,+1.540,,1.54,5394.509,117.764,5363.618,,24.408,29.796,63.56,5301.19,5330.986,5394.546,5276.745
2019,French Grand Prix,8,France,Le Castellet,0 days 01:31:34.021000,GIO,99,0 days 00:01:39.512000,35.0,3.0,0 days 01:29:55.341000,Antonio Giovinazzi,,0 days 00:00:27.751000,0 days 00:00:29.685000,0 days 00:00:42.076000,0 days 01:30:22.297000,0 days 01:30:51.982000,0 days 01:31:34.058000,110.0,275.0,286.0,300.0,False,MEDIUM,1.0,True,Alfa Romeo Racing,0 days 01:29:54.509000,,12,18.0,False,,False,False,27.6,36.7,966.8,False,54.7,96,1.3,True,True,False,False,False,False,1 L,+8.390,,8.39,5494.021,99.512,,5395.341,27.751,29.685,42.076,5422.297,5451.982,5494.058,5394.509
2019,French Grand Prix,8,France,Le Castellet,0 days 01:33:11.347000,GIO,99,0 days 00:01:37.326000,36.0,3.0,,Antonio Giovinazzi,,0 days 00:00:24.054000,0 days 00:00:29.553000,0 days 00:00:43.719000,0 days 01:31:58.112000,0 days 01:32:27.665000,0 days 01:33:11.384000,117.0,275.0,298.0,300.0,False,MEDIUM,2.0,True,Alfa Romeo Racing,0 days 01:31:34.021000,,1,18.0,False,,False,True,27.6,36.9,966.7,False,52.3,177,1.6,True,False,False,False,False,False,1 L,+8.776,,8.776,5591.347,97.326,,,24.054,29.553,43.719,5518.112,5547.665,5591.384,5494.021
2019,French Grand Prix,8,France,Le Castellet,0 days 01:34:47.079000,GIO,99,0 days 00:01:35.732000,37.0,3.0,,Antonio Giovinazzi,,0 days 00:00:24.178000,0 days 00:00:29.556000,0 days 00:00:41.998000,0 days 01:33:35.562000,0 days 01:34:05.118000,0 days 01:34:47.116000,117.0,278.0,287.0,304.0,True,MEDIUM,3.0,True,Alfa Romeo Racing,0 days 01:33:11.347000,,1,18.0,False,,False,True,27.4,37.2,966.7,False,51.6,79,1.2,True,False,False,False,False,False,1 L,+6.713,,6.713,5687.079,95.732,,,24.178,29.556,41.998,5615.562,5645.118,5687.116,5591.347
2019,French Grand Prix,8,France,Le Castellet,0 days 01:36:23.200000,GIO,99,0 days 00:01:36.121000,38.0,3.0,,Antonio Giovinazzi,,0 days 00:00:24.228000,0 days 00:00:29.638000,0 days 00:00:42.255000,0 days 01:35:11.344000,0 days 01:35:40.982000,0 days 01:36:23.237000,116.0,276.0,286.0,301.0,False,MEDIUM,4.0,True,Alfa Romeo Racing,0 days 01:34:47.079000,,1,18.0,False,,False,True,26.9,38.2,966.8,False,53.9,196,1.4,True,False,False,False,False,False,1 L,+6.094,,6.094,5783.2,96.121,,,24.228,29.638,42.255,5711.344,5740.982,5783.237,5687.079
2019,French Grand Prix,8,France,Le Castellet,0 days 01:37:59.077000,GIO,99,0 days 00:01:35.877000,39.0,3.0,,Antonio Giovinazzi,,0 days 00:00:24.215000,0 days 00:00:29.435000,0 days 00:00:42.227000,0 days 01:36:47.452000,0 days 01:37:16.887000,0 days 01:37:59.114000,115.0,277.0,286.0,302.0,False,MEDIUM,5.0,True,Alfa Romeo Racing,0 days 01:36:23.200000,,1,18.0,False,,False,True,26.5,39.6,966.7,False,52.6,77,1.5,True,False,False,False,False,False,1 L,+5.705,,5.705,5879.077,95.877,,,24.215,29.435,42.227,5807.452,5836.887,5879.114,5783.2
2019,French Grand Prix,8,France,Le Castellet,0 days 01:39:34.880000,GIO,99,0 days 00:01:35.803000,40.0,3.0,,Antonio Giovinazzi,,0 days 00:00:24.170000,0 days 00:00:29.477000,0 days 00:00:42.156000,0 days 01:38:23.284000,0 days 01:38:52.761000,0 days 01:39:34.917000,118.0,277.0,287.0,303.0,False,MEDIUM,6.0,True,Alfa Romeo Racing,0 days 01:37:59.077000,,1,18.0,False,,False,True,26.9,38.6,966.7,False,52.6,73,1.1,True,False,False,False,False,False,1 L,+4.288,,4.288,5974.88,95.803,,,24.17,29.477,42.156,5903.284,5932.761,5974.917,5879.077
2019,French Grand Prix,8,France,Le Castellet,0 days 01:41:10.743000,GIO,99,0 days 00:01:35.863000,41.0,3.0,,Antonio Giovinazzi,,0 days 00:00:24.275000,0 days 00:00:29.336000,0 days 00:00:42.252000,0 days 01:39:59.192000,0 days 01:40:28.528000,0 days 01:41:10.780000,116.0,277.0,287.0,303.0,False,MEDIUM,7.0,True,Alfa Romeo Racing,0 days 01:39:34.880000,,1,18.0,False,,False,True,26.7,39.1,966.7,False,53.2,95,2.8,True,False,False,False,False,False,1 L,+4.077,,4.077,6070.743,95.863,,,24.275,29.336,42.252,5999.192,6028.528,6070.78,5974.88
2019,French Grand Prix,8,France,Le Castellet,0 days 01:42:46.008000,GIO,99,0 days 00:01:35.265000,42.0,3.0,,Antonio Giovinazzi,,0 days 00:00:24.113000,0 days 00:00:29.335000,0 days 00:00:41.817000,0 days 01:41:34.893000,0 days 01:42:04.228000,0 days 01:42:46.045000,119.0,277.0,288.0,304.0,True,MEDIUM,8.0,True,Alfa Romeo Racing,0 days 01:41:10.743000,,1,18.0,False,,False,True,26.3,39.8,966.7,False,53.9,109,1.3,True,False,False,False,False,False,1 L,+3.115,,3.115,6166.008,95.265,,,24.113,29.335,41.817,6094.893,6124.228,6166.045,6070.743
2019,French Grand Prix,8,France,Le Castellet,0 days 01:44:21.353000,GIO,99,0 days 00:01:35.345000,43.0,3.0,,Antonio Giovinazzi,,0 days 00:00:24.089000,0 days 00:00:29.338000,0 days 00:00:41.918000,0 days 01:43:10.134000,0 days 01:43:39.472000,0 days 01:44:21.390000,118.0,278.0,287.0,304.0,False,MEDIUM,9.0,True,Alfa Romeo Racing,0 days 01:42:46.008000,,1,18.0,False,,False,True,26.5,39.9,966.6,False,54.5,83,2.5,True,False,False,False,False,False,1 L,+2.663,,2.663,6261.353,95.345,,,24.089,29.338,41.918,6190.134,6219.472,6261.39,6166.008
2019,French Grand Prix,8,France,Le Castellet,0 days 01:45:56.905000,GIO,99,0 days 00:01:35.552000,44.0,3.0,,Antonio Giovinazzi,,0 days 00:00:23.985000,0 days 00:00:29.512000,0 days 00:00:42.055000,0 days 01:44:45.375000,0 days 01:45:14.887000,0 days 01:45:56.942000,116.0,277.0,288.0,303.0,False,MEDIUM,10.0,True,Alfa Romeo Racing,0 days 01:44:21.353000,,1,18.0,False,,False,True,26.8,39.2,966.6,False,54.9,166,1.4,True,False,False,False,False,False,1 L,+2.215,,2.215,6356.905,95.552,,,23.985,29.512,42.055,6285.375,6314.887,6356.942,6261.353
2019,French Grand Prix,8,France,Le Castellet,0 days 01:47:32.377000,GIO,99,0 days 00:01:35.472000,45.0,3.0,,Antonio Giovinazzi,,0 days 00:00:23.909000,0 days 00:00:29.692000,0 days 00:00:41.871000,0 days 01:46:20.851000,0 days 01:46:50.543000,0 days 01:47:32.414000,117.0,277.0,288.0,305.0,False,MEDIUM,11.0,True,Alfa Romeo Racing,0 days 01:45:56.905000,,1,18.0,False,,False,True,27.0,39.0,966.8,False,55.1,182,1.1,True,False,False,False,False,False,1 L,+1.763,,1.763,6452.377,95.472,,,23.909,29.692,41.871,6380.851,6410.543,6452.414,6356.905
2019,French Grand Prix,8,France,Le Castellet,0 days 01:49:08.282000,GIO,99,0 days 00:01:35.905000,46.0,3.0,,Antonio Giovinazzi,,0 days 00:00:24.232000,0 days 00:00:29.483000,0 days 00:00:42.190000,0 days 01:47:56.646000,0 days 01:48:26.129000,0 days 01:49:08.319000,113.0,279.0,288.0,304.0,False,MEDIUM,12.0,True,Alfa Romeo Racing,0 days 01:47:32.377000,,1,17.0,False,,False,True,26.9,38.6,966.7,False,55.1,124,1.7,True,False,False,False,False,False,1 L,+1.552,,1.552,6548.282,95.905,,,24.232,29.483,42.19,6476.646,6506.129,6548.319,6452.377
2019,French Grand Prix,8,France,Le Castellet,0 days 01:50:44.188000,GIO,99,0 days 00:01:35.906000,47.0,3.0,,Antonio Giovinazzi,,0 days 00:00:24.206000,0 days 00:00:29.513000,0 days 00:00:42.187000,0 days 01:49:32.525000,0 days 01:50:02.038000,0 days 01:50:44.225000,113.0,279.0,287.0,304.0,False,MEDIUM,13.0,True,Alfa Romeo Racing,0 days 01:49:08.282000,,1,17.0,False,,False,True,27.0,37.6,966.7,False,54.3,29,1.2,True,False,False,False,False,False,1 L,+1.540,,1.54,6644.188,95.906,,,24.206,29.513,42.187,6572.525,6602.038,6644.225,6548.282
2019,French Grand Prix,8,France,Le Castellet,0 days 01:52:19.589000,GIO,99,0 days 00:01:35.401000,48.0,3.0,,Antonio Giovinazzi,,0 days 00:00:24.088000,0 days 00:00:29.344000,0 days 00:00:41.969000,0 days 01:51:08.313000,0 days 01:51:37.657000,0 days 01:52:19.626000,113.0,282.0,289.0,306.0,False,MEDIUM,14.0,True,Alfa Romeo Racing,0 days 01:50:44.188000,,12,17.0,False,,False,True,27.0,37.3,966.6,False,54.0,102,1.4,True,True,False,False,False,False,1 L,+1.123,,1.123,6739.589,95.401,,,24.088,29.344,41.969,6668.313,6697.657,6739.626,6644.188
2019,French Grand Prix,8,France,Le Castellet,0 days 01:54:06.218000,GIO,99,0 days 00:01:46.629000,49.0,3.0,,Antonio Giovinazzi,,0 days 00:00:24.458000,0 days 00:00:40.002000,0 days 00:00:42.169000,0 days 01:52:44.084000,0 days 01:53:24.086000,0 days 01:54:06.255000,113.0,263.0,288.0,115.0,False,MEDIUM,15.0,True,Alfa Romeo Racing,0 days 01:52:19.589000,,1267,17.0,False,,False,False,26.8,37.7,966.7,False,55.0,86,1.8,True,True,False,False,True,True,1 L,+1.348,,1.348,6846.218,106.629,,,24.458,40.002,42.169,6764.084,6804.086,6846.255,6739.589
2019,French Grand Prix,8,France,Le Castellet,0 days 01:55:41.333000,GIO,99,0 days 00:01:35.115000,50.0,3.0,,Antonio Giovinazzi,,0 days 00:00:24.067000,0 days 00:00:29.325000,0 days 00:00:41.723000,0 days 01:54:30.322000,0 days 01:54:59.647000,0 days 01:55:41.370000,113.0,279.0,301.0,309.0,True,MEDIUM,16.0,True,Alfa Romeo Racing,0 days 01:54:06.218000,,1,17.0,False,,False,True,26.7,38.6,966.7,False,54.5,158,1.4,True,False,False,False,False,False,1 L,+0.834,,0.834,6941.333,95.115,,,24.067,29.325,41.723,6870.322,6899.647,6941.37,6846.218
2019,French Grand Prix,8,France,Le Castellet,0 days 01:57:16.547000,GIO,99,0 days 00:01:35.214000,51.0,3.0,,Antonio Giovinazzi,,0 days 00:00:24.247000,0 days 00:00:29.142000,0 days 00:00:41.825000,0 days 01:56:05.617000,0 days 01:56:34.759000,0 days 01:57:16.584000,112.0,286.0,286.0,325.0,False,MEDIUM,17.0,True,Alfa Romeo Racing,0 days 01:55:41.333000,,1,16.0,False,,False,True,27.1,37.0,966.7,False,54.1,120,1.9,True,False,False,False,False,False,1 L,+17.403,,17.403,7036.547,95.214,,,24.247,29.142,41.825,6965.617,6994.759,7036.584,6941.333
2019,French Grand Prix,8,France,Le Castellet,0 days 01:58:51.873000,GIO,99,0 days 00:01:35.326000,52.0,3.0,,Antonio Giovinazzi,,0 days 00:00:24.091000,0 days 00:00:29.386000,0 days 00:00:41.849000,0 days 01:57:40.675000,0 days 01:58:10.061000,0 days 01:58:51.910000,111.0,275.0,286.0,305.0,False,MEDIUM,18.0,True,Alfa Romeo Racing,0 days 01:57:16.547000,,12,16.0,False,,False,True,26.9,37.0,966.7,False,53.3,18,2.3,True,True,False,False,False,False,1 L,+17.195,,17.195,7131.873,95.326,,,24.091,29.386,41.849,7060.675,7090.061,7131.91,7036.547
