Year,GrandPrix,Round,Country,Location,Time,Driver,DriverNumber,LapTime,LapNumber,Stint,PitOutTime,DriverFullName,PitInTime,Sector1Time,Sector2Time,Sector3Time,Sector1SessionTime,Sector2SessionTime,Sector3SessionTime,SpeedI1,SpeedI2,SpeedFL,SpeedST,IsPersonalBest,Compound,TyreLife,FreshTyre,Team,LapStartTime,LapStartDate,TrackStatus,Position,Deleted,DeletedReason,FastF1Generated,IsAccurate,AirTemp,Humidity,Pressure,Rainfall,TrackTemp,WindDirection,WindSpeed,HasGreen,HasYellow,HasSafetyCar,HasRedFlag,HasVSC,HasVSCEnding,GapToLeader,IntervalToPositionAhead,GapToLeaderSeconds,IntervalToPositionAheadSeconds,TimeSeconds,LapTimeSeconds,PitInTimeSeconds,PitOutTimeSeconds,Sector1TimeSeconds,Sector2TimeSeconds,Sector3TimeSeconds,Sector1SessionTimeSeconds,Sector2SessionTimeSeconds,Sector3SessionTimeSeconds,LapStartTimeSeconds
2024,Monaco Grand Prix,8,Monaco,Monaco,0 days 01:36:25.073000,VER,1,0 days 00:41:18.944000,1.0,1.0,,Max Verstappen,0 days 00:56:53.182000,,0 days 00:00:50.381000,,,0 days 00:56:25.744000,,162.0,68.0,,274.0,False,HARD,1.0,True,Red Bull Racing,0 days 00:55:05.680000,,1254,6.0,False,,False,False,21.6,66.0,1018.9,False,48.4,255,0.6,True,True,True,True,False,False,+7.111,+1.086,7.111,1.086,5785.073,2478.944,3413.182,,,50.381,,,3385.744,,3305.68
2024,Monaco Grand Prix,8,Monaco,Monaco,0 days 01:39:02.340000,VER,1,,2.0,2.0,0 days 01:36:25.661000,Max Verstappen,,0 days 00:00:24.134000,0 days 00:00:38.218000,0 days 00:01:35.091000,0 days 01:36:49.243000,0 days 01:37:27.294000,0 days 01:39:02.632000,189.0,185.0,78.0,255.0,False,MEDIUM,1.0,True,Red Bull Racing,0 days 01:35:54.733000,,14,6.0,False,,False,False,21.5,65.0,1018.9,False,48.1,9,0.8,True,False,True,False,False,False,+12.971,+3.112,12.971,3.112,5942.34,,,5785.661,24.134,38.218,95.091,5809.243,5847.294,5942.632,5754.733
2024,Monaco Grand Prix,8,Monaco,Monaco,0 days 01:40:28.084000,VER,1,0 days 00:01:25.744000,3.0,2.0,,Max Verstappen,,0 days 00:00:24.715000,0 days 00:00:38.860000,0 days 00:00:22.169000,0 days 01:39:27.092000,0 days 01:40:05.952000,0 days 01:40:28.121000,169.0,179.0,256.0,266.0,True,MEDIUM,2.0,True,Red Bull Racing,0 days 01:39:02.340000,,1,6.0,False,,False,True,21.6,65.0,1018.8,False,49.2,0,0.6,True,False,False,False,False,False,+3.320,+0.762,3.32,0.762,6028.084,85.744,,,24.715,38.86,22.169,5967.092,6005.952,6028.121,5942.34
2024,Monaco Grand Prix,8,Monaco,Monaco,0 days 01:41:51.359000,VER,1,0 days 00:01:23.275000,4.0,2.0,,Max Verstappen,,0 days 00:00:21.947000,0 days 00:00:38.888000,0 days 00:00:22.440000,0 days 01:40:50.068000,0 days 01:41:28.956000,0 days 01:41:51.396000,166.0,173.0,256.0,262.0,True,MEDIUM,3.0,True,Red Bull Racing,0 days 01:40:28.084000,,1,6.0,False,,False,True,21.7,63.0,1018.9,False,49.2,0,0.6,True,False,False,False,False,False,+3.970,+1.169,3.97,1.169,6111.359,83.275,,,21.947,38.888,22.44,6050.068,6088.956,6111.396,6028.084
2024,Monaco Grand Prix,8,Monaco,Monaco,0 days 01:43:14.759000,VER,1,0 days 00:01:23.400000,5.0,2.0,,Max Verstappen,,0 days 00:00:22.318000,0 days 00:00:38.953000,0 days 00:00:22.129000,0 days 01:42:13.714000,0 days 01:42:52.667000,0 days 01:43:14.796000,160.0,172.0,256.0,259.0,False,MEDIUM,4.0,True,Red Bull Racing,0 days 01:41:51.359000,,1,6.0,False,,False,True,21.7,63.0,1018.8,False,48.8,57,0.6,True,False,False,False,False,False,+5.575,+1.524,5.575,1.524,6194.759,83.4,,,22.318,38.953,22.129,6133.714,6172.667,6194.796,6111.359
2024,Monaco Grand Prix,8,Monaco,Monaco,0 days 01:44:38.546000,VER,1,0 days 00:01:23.787000,6.0,2.0,,Max Verstappen,,0 days 00:00:21.761000,0 days 00:00:39.710000,0 days 00:00:22.316000,0 days 01:43:36.557000,0 days 01:44:16.267000,0 days 01:44:38.583000,166.0,172.0,254.0,258.0,False,MEDIUM,5.0,True,Red Bull Racing,0 days 01:43:14.759000,,1,6.0,False,,False,True,21.6,63.0,1018.8,False,48.2,0,1.0,True,False,False,False,False,False,+8.217,+2.299,8.217,2.299,6278.546,83.787,,,21.761,39.71,22.316,6216.557,6256.267,6278.583,6194.759
2024,Monaco Grand Prix,8,Monaco,Monaco,0 days 01:45:59.829000,VER,1,0 days 00:01:21.283000,7.0,2.0,,Max Verstappen,,0 days 00:00:21.383000,0 days 00:00:38.200000,0 days 00:00:21.700000,0 days 01:44:59.966000,0 days 01:45:38.166000,0 days 01:45:59.866000,168.0,172.0,256.0,263.0,True,MEDIUM,6.0,True,Red Bull Racing,0 days 01:44:38.546000,,1,6.0,False,,False,True,21.8,64.0,1018.9,False,48.7,6,0.4,True,False,False,False,False,False,+8.520,+2.167,8.52,2.167,6359.829,81.283,,,21.383,38.2,21.7,6299.966,6338.166,6359.866,6278.546
2024,Monaco Grand Prix,8,Monaco,Monaco,0 days 01:47:21.486000,VER,1,0 days 00:01:21.657000,8.0,2.0,,Max Verstappen,,0 days 00:00:21.194000,0 days 00:00:38.504000,0 days 00:00:21.959000,0 days 01:46:21.060000,0 days 01:46:59.564000,0 days 01:47:21.523000,169.0,176.0,254.0,262.0,False,MEDIUM,7.0,True,Red Bull Racing,0 days 01:45:59.829000,,1,6.0,False,,False,True,21.9,63.0,1018.9,False,47.9,253,0.9,True,False,False,False,False,False,+9.147,+2.212,9.147,2.212,6441.486,81.657,,,21.194,38.504,21.959,6381.06,6419.564,6441.523,6359.829
2024,Monaco Grand Prix,8,Monaco,Monaco,0 days 01:48:43.226000,VER,1,0 days 00:01:21.740000,9.0,2.0,,Max Verstappen,,0 days 00:00:21.492000,0 days 00:00:38.489000,0 days 00:00:21.759000,0 days 01:47:43.015000,0 days 01:48:21.504000,0 days 01:48:43.263000,173.0,177.0,254.0,263.0,False,MEDIUM,8.0,True,Red Bull Racing,0 days 01:47:21.486000,,1,6.0,False,,False,True,22.0,64.0,1018.8,False,47.9,340,1.1,True,False,False,False,False,False,+10.773,+2.519,10.773,2.519,6523.226,81.74,,,21.492,38.489,21.759,6463.015,6501.504,6523.263,6441.486
2024,Monaco Grand Prix,8,Monaco,Monaco,0 days 01:50:04.470000,VER,1,0 days 00:01:21.244000,10.0,2.0,,Max Verstappen,,0 days 00:00:21.172000,0 days 00:00:38.177000,0 days 00:00:21.895000,0 days 01:49:04.435000,0 days 01:49:42.612000,0 days 01:50:04.507000,168.0,179.0,255.0,263.0,True,MEDIUM,9.0,True,Red Bull Racing,0 days 01:48:43.226000,,1,6.0,False,,False,True,22.1,65.0,1018.8,False,47.4,289,0.7,True,False,False,False,False,False,+11.242,+2.232,11.242,2.232,6604.47,81.244,,,21.172,38.177,21.895,6544.435,6582.612,6604.507,6523.226
2024,Monaco Grand Prix,8,Monaco,Monaco,0 days 01:51:25.962000,VER,1,0 days 00:01:21.492000,11.0,2.0,,Max Verstappen,,0 days 00:00:21.223000,0 days 00:00:38.280000,0 days 00:00:21.989000,0 days 01:50:25.730000,0 days 01:51:04.010000,0 days 01:51:25.999000,175.0,174.0,254.0,259.0,False,MEDIUM,10.0,True,Red Bull Racing,0 days 01:50:04.470000,,1,6.0,False,,False,True,22.2,61.0,1018.9,False,47.9,9,1.3,True,False,False,False,False,False,+11.688,+2.272,11.688,2.272,6685.962,81.492,,,21.223,38.28,21.989,6625.73,6664.01,6685.999,6604.47
2024,Monaco Grand Prix,8,Monaco,Monaco,0 days 01:52:46.621000,VER,1,0 days 00:01:20.659000,12.0,2.0,,Max Verstappen,,0 days 00:00:21.270000,0 days 00:00:37.879000,0 days 00:00:21.510000,0 days 01:51:47.269000,0 days 01:52:25.148000,0 days 01:52:46.658000,175.0,181.0,254.0,263.0,True,MEDIUM,11.0,True,Red Bull Racing,0 days 01:51:25.962000,,1,6.0,False,,False,True,22.3,63.0,1018.8,False,47.3,2,0.6,True,False,False,False,False,False,+12.095,+2.615,12.095,2.615,6766.621,80.659,,,21.27,37.879,21.51,6707.269,6745.148,6766.658,6685.962
2024,Monaco Grand Prix,8,Monaco,Monaco,0 days 01:54:06.525000,VER,1,0 days 00:01:19.904000,13.0,2.0,,Max Verstappen,,0 days 00:00:20.858000,0 days 00:00:37.533000,0 days 00:00:21.513000,0 days 01:53:07.516000,0 days 01:53:45.049000,0 days 01:54:06.562000,176.0,175.0,256.0,261.0,True,MEDIUM,12.0,True,Red Bull Racing,0 days 01:52:46.621000,,1,6.0,False,,False,True,22.1,64.0,1018.8,False,47.2,208,1.2,True,False,False,False,False,False,+12.982,+1.994,12.982,1.994,6846.525,79.904,,,20.858,37.533,21.513,6787.516,6825.049,6846.562,6766.621
2024,Monaco Grand Prix,8,Monaco,Monaco,0 days 01:55:26.248000,VER,1,0 days 00:01:19.723000,14.0,2.0,,Max Verstappen,,0 days 00:00:20.849000,0 days 00:00:37.408000,0 days 00:00:21.466000,0 days 01:54:27.411000,0 days 01:55:04.819000,0 days 01:55:26.285000,175.0,181.0,255.0,264.0,True,MEDIUM,13.0,True,Red Bull Racing,0 days 01:54:06.525000,,1,6.0,False,,False,True,22.0,63.0,1018.7,False,47.1,22,0.5,True,False,False,False,False,False,+12.792,+1.445,12.792,1.445,6926.248,79.723,,,20.849,37.408,21.466,6867.411,6904.819,6926.285,6846.525
2024,Monaco Grand Prix,8,Monaco,Monaco,0 days 01:56:46.618000,VER,1,0 days 00:01:20.370000,15.0,2.0,,Max Verstappen,,0 days 00:00:20.949000,0 days 00:00:37.792000,0 days 00:00:21.629000,0 days 01:55:47.234000,0 days 01:56:25.026000,0 days 01:56:46.655000,172.0,182.0,255.0,263.0,False,MEDIUM,14.0,True,Red Bull Racing,0 days 01:55:26.248000,,1,6.0,False,,False,True,22.0,62.0,1018.8,False,47.1,351,1.1,True,False,False,False,False,False,+13.324,+1.613,13.324,1.613,7006.618,80.37,,,20.949,37.792,21.629,6947.234,6985.026,7006.655,6926.248
2024,Monaco Grand Prix,8,Monaco,Monaco,0 days 01:58:06.905000,VER,1,0 days 00:01:20.287000,16.0,2.0,,Max Verstappen,,0 days 00:00:21.059000,0 days 00:00:37.755000,0 days 00:00:21.473000,0 days 01:57:07.714000,0 days 01:57:45.469000,0 days 01:58:06.942000,166.0,180.0,256.0,260.0,False,MEDIUM,15.0,True,Red Bull Racing,0 days 01:56:46.618000,,1,6.0,False,,False,True,22.0,64.0,1018.7,False,46.0,154,0.5,True,False,False,False,False,False,+13.455,+1.987,13.455,1.987,7086.905,80.287,,,21.059,37.755,21.473,7027.714,7065.469,7086.942,7006.618
2024,Monaco Grand Prix,8,Monaco,Monaco,0 days 01:59:26.803000,VER,1,0 days 00:01:19.898000,17.0,2.0,,Max Verstappen,,0 days 00:00:20.952000,0 days 00:00:37.610000,0 days 00:00:21.336000,0 days 01:58:27.894000,0 days 01:59:05.504000,0 days 01:59:26.840000,172.0,182.0,255.0,261.0,False,MEDIUM,16.0,True,Red Bull Racing,0 days 01:58:06.905000,,1,6.0,False,,False,True,21.6,64.0,1018.7,False,46.7,38,1.1,True,False,False,False,False,False,+13.074,+1.735,13.074,1.735,7166.803,79.898,,,20.952,37.61,21.336,7107.894,7145.504,7166.84,7086.905
2024,Monaco Grand Prix,8,Monaco,Monaco,0 days 02:00:46.383000,VER,1,0 days 00:01:19.580000,18.0,2.0,,Max Verstappen,,0 days 00:00:21.012000,0 days 00:00:37.408000,0 days 00:00:21.160000,0 days 01:59:47.852000,0 days 02:00:25.260000,0 days 02:00:46.420000,179.0,185.0,256.0,265.0,True,MEDIUM,17.0,True,Red Bull Racing,0 days 01:59:26.803000,,1,6.0,False,,False,True,21.7,63.0,1018.7,False,47.2,101,0.8,True,False,False,False,False,False,+13.074,+1.877,13.074,1.877,7246.383,79.58,,,21.012,37.408,21.16,7187.852,7225.26,7246.42,7166.803
2024,Monaco Grand Prix,8,Monaco,Monaco,0 days 02:02:06.554000,VER,1,0 days 00:01:20.171000,19.0,2.0,,Max Verstappen,,0 days 00:00:21.034000,0 days 00:00:37.869000,0 days 00:00:21.268000,0 days 02:01:07.454000,0 days 02:01:45.323000,0 days 02:02:06.591000,172.0,184.0,256.0,264.0,False,MEDIUM,18.0,True,Red Bull Racing,0 days 02:00:46.383000,,1,6.0,False,,False,True,21.8,61.0,1018.6,False,46.7,221,0.7,True,False,False,False,False,False,+14.403,+1.891,14.403,1.891,7326.554,80.171,,,21.034,37.869,21.268,7267.454,7305.323,7326.591,7246.383
2024,Monaco Grand Prix,8,Monaco,Monaco,0 days 02:03:26.440000,VER,1,0 days 00:01:19.886000,20.0,2.0,,Max Verstappen,,0 days 00:00:20.908000,0 days 00:00:37.402000,0 days 00:00:21.576000,0 days 02:02:27.499000,0 days 02:03:04.901000,0 days 02:03:26.477000,169.0,181.0,256.0,265.0,False,MEDIUM,19.0,True,Red Bull Racing,0 days 02:02:06.554000,,1,6.0,False,,False,True,21.9,62.0,1018.8,False,45.8,337,0.9,True,False,False,False,False,False,+15.536,+1.661,15.536,1.661,7406.44,79.886,,,20.908,37.402,21.576,7347.499,7384.901,7406.477,7326.554
2024,Monaco Grand Prix,8,Monaco,Monaco,0 days 02:04:46.695000,VER,1,0 days 00:01:20.255000,21.0,2.0,,Max Verstappen,,0 days 00:00:21.039000,0 days 00:00:37.731000,0 days 00:00:21.485000,0 days 02:03:47.516000,0 days 02:04:25.247000,0 days 02:04:46.732000,172.0,180.0,256.0,263.0,False,MEDIUM,20.0,True,Red Bull Racing,0 days 02:03:26.440000,,1,6.0,False,,False,True,21.9,64.0,1018.7,False,45.8,0,1.3,True,False,False,False,False,False,+17.348,+2.191,17.348,2.191,7486.695,80.255,,,21.039,37.731,21.485,7427.516,7465.247,7486.732,7406.44
2024,Monaco Grand Prix,8,Monaco,Monaco,0 days 02:06:06.508000,VER,1,0 days 00:01:19.813000,22.0,2.0,,Max Verstappen,,0 days 00:00:21.017000,0 days 00:00:37.631000,0 days 00:00:21.165000,0 days 02:05:07.749000,0 days 02:05:45.380000,0 days 02:06:06.545000,170.0,185.0,256.0,264.0,False,MEDIUM,21.0,True,Red Bull Racing,0 days 02:04:46.695000,,1,6.0,False,,False,True,21.8,65.0,1018.8,False,45.9,273,1.6,True,False,False,False,False,False,+18.541,+2.313,18.541,2.313,7566.508,79.813,,,21.017,37.631,21.165,7507.749,7545.38,7566.545,7486.695
2024,Monaco Grand Prix,8,Monaco,Monaco,0 days 02:07:25.487000,VER,1,0 days 00:01:18.979000,23.0,2.0,,Max Verstappen,,0 days 00:00:20.825000,0 days 00:00:36.884000,0 days 00:00:21.270000,0 days 02:06:27.370000,0 days 02:07:04.254000,0 days 02:07:25.524000,186.0,184.0,256.0,264.0,True,MEDIUM,22.0,True,Red Bull Racing,0 days 02:06:06.508000,,1,6.0,False,,False,True,21.7,63.0,1018.7,False,46.1,356,1.1,True,False,False,False,False,False,+19.062,+1.895,19.062,1.895,7645.487,78.979,,,20.825,36.884,21.27,7587.37,7624.254,7645.524,7566.508
2024,Monaco Grand Prix,8,Monaco,Monaco,0 days 02:08:44.851000,VER,1,0 days 00:01:19.364000,24.0,2.0,,Max Verstappen,,0 days 00:00:20.830000,0 days 00:00:37.287000,0 days 00:00:21.247000,0 days 02:07:46.354000,0 days 02:08:23.641000,0 days 02:08:44.888000,182.0,185.0,257.0,263.0,False,MEDIUM,23.0,True,Red Bull Racing,0 days 02:07:25.487000,,1,6.0,False,,False,True,21.8,64.0,1018.7,False,46.3,272,1.4,True,False,False,False,False,False,+19.701,+1.775,19.701,1.775,7724.851,79.364,,,20.83,37.287,21.247,7666.354,7703.641,7724.888,7645.487
2024,Monaco Grand Prix,8,Monaco,Monaco,0 days 02:10:04.231000,VER,1,0 days 00:01:19.380000,25.0,2.0,,Max Verstappen,,0 days 00:00:20.827000,0 days 00:00:37.328000,0 days 00:00:21.225000,0 days 02:09:05.715000,0 days 02:09:43.043000,0 days 02:10:04.268000,177.0,184.0,255.0,263.0,False,MEDIUM,24.0,True,Red Bull Racing,0 days 02:08:44.851000,,1,6.0,False,,False,True,21.7,63.0,1018.7,False,45.7,183,0.9,True,False,False,False,False,False,+20.108,+2.504,20.108,2.504,7804.231,79.38,,,20.827,37.328,21.225,7745.715,7783.043,7804.268,7724.851
2024,Monaco Grand Prix,8,Monaco,Monaco,0 days 02:11:23.049000,VER,1,0 days 00:01:18.818000,26.0,2.0,,Max Verstappen,,0 days 00:00:20.646000,0 days 00:00:37.241000,0 days 00:00:20.931000,0 days 02:10:24.914000,0 days 02:11:02.155000,0 days 02:11:23.086000,179.0,189.0,256.0,263.0,True,MEDIUM,25.0,True,Red Bull Racing,0 days 02:10:04.231000,,1,6.0,False,,False,True,21.8,64.0,1018.5,False,46.0,23,0.7,True,False,False,False,False,False,+20.481,+2.316,20.481,2.316,7883.049,78.818,,,20.646,37.241,20.931,7824.914,7862.155,7883.086,7804.231
2024,Monaco Grand Prix,8,Monaco,Monaco,0 days 02:12:41.846000,VER,1,0 days 00:01:18.797000,27.0,2.0,,Max Verstappen,,0 days 00:00:20.592000,0 days 00:00:37.213000,0 days 00:00:20.992000,0 days 02:11:43.678000,0 days 02:12:20.891000,0 days 02:12:41.883000,184.0,186.0,256.0,263.0,True,MEDIUM,26.0,True,Red Bull Racing,0 days 02:11:23.049000,,1,6.0,False,,False,True,21.9,63.0,1018.6,False,46.0,296,0.6,True,False,False,False,False,False,+20.927,+2.186,20.927,2.186,7961.846,78.797,,,20.592,37.213,20.992,7903.678,7940.891,7961.883,7883.049
2024,Monaco Grand Prix,8,Monaco,Monaco,0 days 02:14:00.528000,VER,1,0 days 00:01:18.682000,28.0,2.0,,Max Verstappen,,0 days 00:00:21,0 days 00:00:36.851000,0 days 00:00:20.831000,0 days 02:13:02.883000,0 days 02:13:39.734000,0 days 02:14:00.565000,194.0,188.0,257.0,263.0,True,MEDIUM,27.0,True,Red Bull Racing,0 days 02:12:41.846000,,1,6.0,False,,False,True,21.9,62.0,1018.6,False,46.0,213,1.0,True,False,False,False,False,False,+20.905,+2.164,20.905,2.164,8040.528,78.682,,,21.0,36.851,20.831,7982.883,8019.734,8040.565,7961.846
2024,Monaco Grand Prix,8,Monaco,Monaco,0 days 02:15:19.323000,VER,1,0 days 00:01:18.795000,29.0,2.0,,Max Verstappen,,0 days 00:00:20.960000,0 days 00:00:36.819000,0 days 00:00:21.016000,0 days 02:14:21.525000,0 days 02:14:58.344000,0 days 02:15:19.360000,189.0,188.0,256.0,263.0,False,MEDIUM,28.0,True,Red Bull Racing,0 days 02:14:00.528000,,1,6.0,False,,False,True,22.0,62.0,1018.5,False,45.9,220,0.9,True,False,False,False,False,False,+20.638,+2.314,20.638,2.314,8119.323,78.795,,,20.96,36.819,21.016,8061.525,8098.344,8119.36,8040.528
2024,Monaco Grand Prix,8,Monaco,Monaco,0 days 02:16:37.897000,VER,1,0 days 00:01:18.574000,30.0,2.0,,Max Verstappen,,0 days 00:00:20.983000,0 days 00:00:36.660000,0 days 00:00:20.931000,0 days 02:15:40.343000,0 days 02:16:17.003000,0 days 02:16:37.934000,182.0,189.0,255.0,264.0,True,MEDIUM,29.0,True,Red Bull Racing,0 days 02:15:19.323000,,1,6.0,False,,False,True,22.0,61.0,1018.6,False,46.4,265,0.6,True,False,False,False,False,False,+19.290,+2.087,19.29,2.087,8197.897,78.574,,,20.983,36.66,20.931,8140.343,8177.003,8197.934,8119.323
2024,Monaco Grand Prix,8,Monaco,Monaco,0 days 02:17:56.461000,VER,1,0 days 00:01:18.564000,31.0,2.0,,Max Verstappen,,0 days 00:00:20.941000,0 days 00:00:36.674000,0 days 00:00:20.949000,0 days 02:16:58.875000,0 days 02:17:35.549000,0 days 02:17:56.498000,194.0,189.0,257.0,264.0,True,MEDIUM,30.0,True,Red Bull Racing,0 days 02:16:37.897000,,1,6.0,False,,False,True,22.1,61.0,1018.6,False,45.5,217,0.4,True,False,False,False,False,False,+19.451,+1.586,19.451,1.586,8276.461,78.564,,,20.941,36.674,20.949,8218.875,8255.549,8276.498,8197.897
2024,Monaco Grand Prix,8,Monaco,Monaco,0 days 02:19:15.444000,VER,1,0 days 00:01:18.983000,32.0,2.0,,Max Verstappen,,0 days 00:00:21.108000,0 days 00:00:36.848000,0 days 00:00:21.027000,0 days 02:18:17.606000,0 days 02:18:54.454000,0 days 02:19:15.481000,184.0,187.0,258.0,265.0,False,MEDIUM,31.0,True,Red Bull Racing,0 days 02:17:56.461000,,1,6.0,False,,False,True,21.9,62.0,1018.5,False,45.6,245,1.0,True,False,False,False,False,False,+19.309,+1.447,19.309,1.447,8355.444,78.983,,,21.108,36.848,21.027,8297.606,8334.454,8355.481,8276.461
2024,Monaco Grand Prix,8,Monaco,Monaco,0 days 02:20:34.449000,VER,1,0 days 00:01:19.005000,33.0,2.0,,Max Verstappen,,0 days 00:00:21.185000,0 days 00:00:36.810000,0 days 00:00:21.010000,0 days 02:19:36.666000,0 days 02:20:13.476000,0 days 02:20:34.486000,176.0,188.0,256.0,264.0,False,MEDIUM,32.0,True,Red Bull Racing,0 days 02:19:15.444000,,1,6.0,False,,False,True,21.9,62.0,1018.6,False,45.9,269,0.9,True,False,False,False,False,False,+19.820,+1.542,19.82,1.542,8434.449,79.005,,,21.185,36.81,21.01,8376.666,8413.476,8434.486,8355.444
2024,Monaco Grand Prix,8,Monaco,Monaco,0 days 02:21:54.043000,VER,1,0 days 00:01:19.594000,34.0,2.0,,Max Verstappen,,0 days 00:00:21.220000,0 days 00:00:37.043000,0 days 00:00:21.331000,0 days 02:20:55.706000,0 days 02:21:32.749000,0 days 02:21:54.080000,184.0,185.0,256.0,264.0,False,MEDIUM,33.0,True,Red Bull Racing,0 days 02:20:34.449000,,1,6.0,False,,False,True,22.0,61.0,1018.5,False,45.9,268,1.0,True,False,False,False,False,False,+20.095,+1.757,20.095,1.757,8514.043,79.594,,,21.22,37.043,21.331,8455.706,8492.749,8514.08,8434.449
2024,Monaco Grand Prix,8,Monaco,Monaco,0 days 02:23:14.250000,VER,1,0 days 00:01:20.207000,35.0,2.0,,Max Verstappen,,0 days 00:00:21.369000,0 days 00:00:37.357000,0 days 00:00:21.481000,0 days 02:22:15.449000,0 days 02:22:52.806000,0 days 02:23:14.287000,173.0,184.0,257.0,266.0,False,MEDIUM,34.0,True,Red Bull Racing,0 days 02:21:54.043000,,1,6.0,False,,False,True,22.0,62.0,1018.6,False,45.1,0,0.9,True,False,False,False,False,False,+21.772,+1.516,21.772,1.516,8594.25,80.207,,,21.369,37.357,21.481,8535.449,8572.806,8594.287,8514.043
2024,Monaco Grand Prix,8,Monaco,Monaco,0 days 02:24:33.884000,VER,1,0 days 00:01:19.634000,36.0,2.0,,Max Verstappen,,0 days 00:00:21.105000,0 days 00:00:37.154000,0 days 00:00:21.375000,0 days 02:23:35.392000,0 days 02:24:12.546000,0 days 02:24:33.921000,176.0,186.0,257.0,264.0,False,MEDIUM,35.0,True,Red Bull Racing,0 days 02:23:14.250000,,1,6.0,False,,False,True,21.8,64.0,1018.5,False,44.4,234,1.2,True,False,False,False,False,False,+22.717,+1.422,22.717,1.422,8673.884,79.634,,,21.105,37.154,21.375,8615.392,8652.546,8673.921,8594.25
2024,Monaco Grand Prix,8,Monaco,Monaco,0 days 02:25:53.313000,VER,1,0 days 00:01:19.429000,37.0,2.0,,Max Verstappen,,0 days 00:00:21.231000,0 days 00:00:36.992000,0 days 00:00:21.206000,0 days 02:24:55.152000,0 days 02:25:32.144000,0 days 02:25:53.350000,187.0,189.0,257.0,263.0,False,MEDIUM,36.0,True,Red Bull Racing,0 days 02:24:33.884000,,1,6.0,False,,False,True,21.7,63.0,1018.5,False,44.4,305,1.5,True,False,False,False,False,False,+23.221,+2.094,23.221,2.094,8753.313,79.429,,,21.231,36.992,21.206,8695.152,8732.144,8753.35,8673.884
2024,Monaco Grand Prix,8,Monaco,Monaco,0 days 02:27:12.157000,VER,1,0 days 00:01:18.844000,38.0,2.0,,Max Verstappen,,0 days 00:00:20.966000,0 days 00:00:36.930000,0 days 00:00:20.948000,0 days 02:26:14.316000,0 days 02:26:51.246000,0 days 02:27:12.194000,191.0,187.0,257.0,264.0,False,MEDIUM,37.0,True,Red Bull Racing,0 days 02:25:53.313000,,1,6.0,False,,False,True,21.8,63.0,1018.5,False,44.5,271,1.0,True,False,False,False,False,False,+23.537,+2.492,23.537,2.492,8832.157,78.844,,,20.966,36.93,20.948,8774.316,8811.246,8832.194,8753.313
2024,Monaco Grand Prix,8,Monaco,Monaco,0 days 02:28:30.483000,VER,1,0 days 00:01:18.326000,39.0,2.0,,Max Verstappen,,0 days 00:00:20.844000,0 days 00:00:36.647000,0 days 00:00:20.835000,0 days 02:27:33.038000,0 days 02:28:09.685000,0 days 02:28:30.520000,192.0,187.0,258.0,264.0,True,MEDIUM,38.0,True,Red Bull Racing,0 days 02:27:12.157000,,1,6.0,False,,False,True,21.8,62.0,1018.6,False,44.7,0,0.5,True,False,False,False,False,False,+23.686,+2.356,23.686,2.356,8910.483,78.326,,,20.844,36.647,20.835,8853.038,8889.685,8910.52,8832.157
2024,Monaco Grand Prix,8,Monaco,Monaco,0 days 02:29:48.892000,VER,1,0 days 00:01:18.409000,40.0,2.0,,Max Verstappen,,0 days 00:00:20.696000,0 days 00:00:36.874000,0 days 00:00:20.839000,0 days 02:28:51.216000,0 days 02:29:28.090000,0 days 02:29:48.929000,190.0,189.0,257.0,264.0,False,MEDIUM,39.0,True,Red Bull Racing,0 days 02:28:30.483000,,1,6.0,False,,False,True,21.9,61.0,1018.6,False,44.4,269,0.8,True,False,False,False,False,False,+23.358,+2.638,23.358,2.638,8988.892,78.409,,,20.696,36.874,20.839,8931.216,8968.09,8988.929,8910.483
2024,Monaco Grand Prix,8,Monaco,Monaco,0 days 02:31:06.975000,VER,1,0 days 00:01:18.083000,41.0,2.0,,Max Verstappen,,0 days 00:00:20.776000,0 days 00:00:36.567000,0 days 00:00:20.740000,0 days 02:30:09.705000,0 days 02:30:46.272000,0 days 02:31:07.012000,187.0,191.0,258.0,264.0,True,MEDIUM,40.0,True,Red Bull Racing,0 days 02:29:48.892000,,1,6.0,False,,False,True,22.0,60.0,1018.5,False,44.4,111,0.8,True,False,False,False,False,False,+22.747,+2.413,22.747,2.413,9066.975,78.083,,,20.776,36.567,20.74,9009.705,9046.272,9067.012,8988.892
2024,Monaco Grand Prix,8,Monaco,Monaco,0 days 02:32:25.049000,VER,1,0 days 00:01:18.074000,42.0,2.0,,Max Verstappen,,0 days 00:00:20.728000,0 days 00:00:36.721000,0 days 00:00:20.625000,0 days 02:31:27.740000,0 days 02:32:04.461000,0 days 02:32:25.086000,180.0,188.0,257.0,264.0,True,MEDIUM,41.0,True,Red Bull Racing,0 days 02:31:06.975000,,1,6.0,False,,False,True,21.9,61.0,1018.5,False,44.7,0,0.5,True,False,False,False,False,False,+21.544,+2.283,21.544,2.283,9145.049,78.074,,,20.728,36.721,20.625,9087.74,9124.461,9145.086,9066.975
2024,Monaco Grand Prix,8,Monaco,Monaco,0 days 02:33:43.407000,VER,1,0 days 00:01:18.358000,43.0,2.0,,Max Verstappen,,0 days 00:00:20.913000,0 days 00:00:36.517000,0 days 00:00:20.928000,0 days 02:32:45.999000,0 days 02:33:22.516000,0 days 02:33:43.444000,187.0,189.0,258.0,266.0,False,MEDIUM,42.0,True,Red Bull Racing,0 days 02:32:25.049000,,1,6.0,False,,False,True,21.9,59.0,1018.5,False,44.8,0,0.9,True,False,False,False,False,False,+22.037,+1.957,22.037,1.957,9223.407,78.358,,,20.913,36.517,20.928,9165.999,9202.516,9223.444,9145.049
2024,Monaco Grand Prix,8,Monaco,Monaco,0 days 02:35:01.812000,VER,1,0 days 00:01:18.405000,44.0,2.0,,Max Verstappen,,0 days 00:00:20.976000,0 days 00:00:36.685000,0 days 00:00:20.744000,0 days 02:34:04.420000,0 days 02:34:41.105000,0 days 02:35:01.849000,192.0,189.0,257.0,266.0,False,MEDIUM,43.0,True,Red Bull Racing,0 days 02:33:43.407000,,1,6.0,False,,False,True,21.9,59.0,1018.6,False,44.8,227,1.0,True,False,False,False,False,False,+22.166,+2.185,22.166,2.185,9301.812,78.405,,,20.976,36.685,20.744,9244.42,9281.105,9301.849,9223.407
2024,Monaco Grand Prix,8,Monaco,Monaco,0 days 02:36:20.125000,VER,1,0 days 00:01:18.313000,45.0,2.0,,Max Verstappen,,0 days 00:00:20.742000,0 days 00:00:36.682000,0 days 00:00:20.889000,0 days 02:35:22.591000,0 days 02:35:59.273000,0 days 02:36:20.162000,179.0,187.0,258.0,267.0,False,MEDIUM,44.0,True,Red Bull Racing,0 days 02:35:01.812000,,1,6.0,False,,False,True,22.0,58.0,1018.5,False,44.2,206,0.8,True,False,False,False,False,False,+21.960,+1.997,21.96,1.997,9380.125,78.313,,,20.742,36.682,20.889,9322.591,9359.273,9380.162,9301.812
2024,Monaco Grand Prix,8,Monaco,Monaco,0 days 02:37:38.328000,VER,1,0 days 00:01:18.203000,46.0,2.0,,Max Verstappen,,0 days 00:00:20.832000,0 days 00:00:36.559000,0 days 00:00:20.812000,0 days 02:36:40.994000,0 days 02:37:17.553000,0 days 02:37:38.365000,179.0,189.0,258.0,268.0,False,MEDIUM,45.0,True,Red Bull Racing,0 days 02:36:20.125000,,1,6.0,False,,False,True,21.9,57.0,1018.3,False,44.5,203,1.8,True,False,False,False,False,False,+21.574,+1.865,21.574,1.865,9458.328,78.203,,,20.832,36.559,20.812,9400.994,9437.553,9458.365,9380.125
2024,Monaco Grand Prix,8,Monaco,Monaco,0 days 02:38:56.865000,VER,1,0 days 00:01:18.537000,47.0,2.0,,Max Verstappen,,0 days 00:00:20.799000,0 days 00:00:36.688000,0 days 00:00:21.050000,0 days 02:37:59.164000,0 days 02:38:35.852000,0 days 02:38:56.902000,192.0,189.0,258.0,268.0,False,MEDIUM,46.0,True,Red Bull Racing,0 days 02:37:38.328000,,1,6.0,False,,False,True,22.0,58.0,1018.4,False,44.5,276,1.8,True,False,False,False,False,False,+20.923,+2.036,20.923,2.036,9536.865,78.537,,,20.799,36.688,21.05,9479.164,9515.852,9536.902,9458.328
2024,Monaco Grand Prix,8,Monaco,Monaco,0 days 02:40:15.202000,VER,1,0 days 00:01:18.337000,48.0,2.0,,Max Verstappen,,0 days 00:00:20.716000,0 days 00:00:36.661000,0 days 00:00:20.960000,0 days 02:39:17.618000,0 days 02:39:54.279000,0 days 02:40:15.239000,194.0,187.0,259.0,268.0,False,MEDIUM,47.0,True,Red Bull Racing,0 days 02:38:56.865000,,1,6.0,False,,False,True,22.0,58.0,1018.4,False,43.8,218,1.1,True,False,False,False,False,False,+21.322,+1.723,21.322,1.723,9615.202,78.337,,,20.716,36.661,20.96,9557.618,9594.279,9615.239,9536.865
2024,Monaco Grand Prix,8,Monaco,Monaco,0 days 02:41:33.679000,VER,1,0 days 00:01:18.477000,49.0,2.0,,Max Verstappen,,0 days 00:00:20.770000,0 days 00:00:36.778000,0 days 00:00:20.929000,0 days 02:40:36.009000,0 days 02:41:12.787000,0 days 02:41:33.716000,184.0,189.0,267.0,268.0,False,MEDIUM,48.0,True,Red Bull Racing,0 days 02:40:15.202000,,1,6.0,False,,False,True,22.0,57.0,1018.4,False,43.7,0,1.7,True,False,False,False,False,False,+21.364,+1.233,21.364,1.233,9693.679,78.477,,,20.77,36.778,20.929,9636.009,9672.787,9693.716,9615.202
2024,Monaco Grand Prix,8,Monaco,Monaco,0 days 02:42:52.559000,VER,1,0 days 00:01:18.880000,50.0,2.0,,Max Verstappen,,0 days 00:00:21.141000,0 days 00:00:36.859000,0 days 00:00:20.880000,0 days 02:41:54.857000,0 days 02:42:31.716000,0 days 02:42:52.596000,185.0,193.0,259.0,267.0,False,MEDIUM,49.0,True,Red Bull Racing,0 days 02:41:33.679000,,1,6.0,False,,False,True,21.9,58.0,1018.5,False,43.7,354,1.0,True,False,False,False,False,False,+21.988,+1.648,21.988,1.648,9772.559,78.88,,,21.141,36.859,20.88,9714.857,9751.716,9772.596,9693.679
2024,Monaco Grand Prix,8,Monaco,Monaco,0 days 02:44:10.701000,VER,1,0 days 00:01:18.142000,51.0,2.0,,Max Verstappen,,0 days 00:00:20.787000,0 days 00:00:36.565000,0 days 00:00:20.790000,0 days 02:43:13.383000,0 days 02:43:49.948000,0 days 02:44:10.738000,191.0,188.0,260.0,266.0,False,MEDIUM,50.0,True,Red Bull Racing,0 days 02:42:52.559000,,1,6.0,False,,False,True,21.9,58.0,1018.5,False,43.7,89,1.1,True,False,False,False,False,False,+22.340,+1.741,22.34,1.741,9850.701,78.142,,,20.787,36.565,20.79,9793.383,9829.948,9850.738,9772.559
2024,Monaco Grand Prix,8,Monaco,Monaco,0 days 02:45:44.606000,VER,1,0 days 00:01:33.905000,52.0,2.0,,Max Verstappen,0 days 02:45:21.756000,0 days 00:00:19.873000,0 days 00:00:36.323000,0 days 00:00:37.709000,0 days 02:44:30.611000,0 days 02:45:06.934000,0 days 02:45:44.643000,199.0,192.0,,278.0,False,MEDIUM,51.0,True,Red Bull Racing,0 days 02:44:10.701000,,12,6.0,False,,False,False,21.8,57.0,1018.5,False,43.2,52,1.0,True,True,False,False,False,False,+21.661,+0.536,21.661,0.536,9944.606,93.905,9921.756,,19.873,36.323,37.709,9870.611,9906.934,9944.643,9850.701
2024,Monaco Grand Prix,8,Monaco,Monaco,0 days 02:47:03.330000,VER,1,0 days 00:01:18.724000,53.0,3.0,0 days 02:45:45.422000,Max Verstappen,,0 days 00:00:22.321000,0 days 00:00:36.244000,0 days 00:00:20.159000,0 days 02:46:06.964000,0 days 02:46:43.208000,0 days 02:47:03.367000,201.0,194.0,260.0,266.0,False,HARD,2.0,False,Red Bull Racing,0 days 02:45:44.606000,,1,6.0,False,,False,False,21.9,58.0,1018.5,False,43.2,321,0.8,True,False,False,False,False,False,+38.944,+14.919,38.944,14.919,10023.33,78.724,,9945.422,22.321,36.244,20.159,9966.964,10003.208,10023.367,9944.606
2024,Monaco Grand Prix,8,Monaco,Monaco,0 days 02:48:19.145000,VER,1,0 days 00:01:15.815000,54.0,3.0,,Max Verstappen,,0 days 00:00:19.570000,0 days 00:00:36.049000,0 days 00:00:20.196000,0 days 02:47:22.937000,0 days 02:47:58.986000,0 days 02:48:19.182000,197.0,192.0,259.0,271.0,True,HARD,3.0,False,Red Bull Racing,0 days 02:47:03.330000,,1,6.0,False,,False,True,21.9,59.0,1018.4,False,42.8,236,1.4,True,False,False,False,False,False,+37.362,+12.489,37.362,12.489,10099.145,75.815,,,19.57,36.049,20.196,10042.937,10078.986,10099.182,10023.33
2024,Monaco Grand Prix,8,Monaco,Monaco,0 days 02:49:34.543000,VER,1,0 days 00:01:15.398000,55.0,3.0,,Max Verstappen,,0 days 00:00:19.799000,0 days 00:00:35.590000,0 days 00:00:20.009000,0 days 02:48:38.981000,0 days 02:49:14.571000,0 days 02:49:34.580000,203.0,197.0,259.0,265.0,True,HARD,4.0,False,Red Bull Racing,0 days 02:48:19.145000,,1,6.0,False,,False,True,21.7,59.0,1018.4,False,42.5,0,1.1,True,False,False,False,False,False,+35.359,+10.584,35.359,10.584,10174.543,75.398,,,19.799,35.59,20.009,10118.981,10154.571,10174.58,10099.145
2024,Monaco Grand Prix,8,Monaco,Monaco,0 days 02:50:50.009000,VER,1,0 days 00:01:15.466000,56.0,3.0,,Max Verstappen,,0 days 00:00:19.655000,0 days 00:00:35.529000,0 days 00:00:20.282000,0 days 02:49:54.235000,0 days 02:50:29.764000,0 days 02:50:50.046000,205.0,195.0,259.0,267.0,False,HARD,5.0,False,Red Bull Racing,0 days 02:49:34.543000,,1,6.0,False,,False,True,21.7,60.0,1018.4,False,42.4,59,0.9,True,False,False,False,False,False,+33.522,+8.979,33.522,8.979,10250.009,75.466,,,19.655,35.529,20.282,10194.235,10229.764,10250.046,10174.543
2024,Monaco Grand Prix,8,Monaco,Monaco,0 days 02:52:06.190000,VER,1,0 days 00:01:16.181000,57.0,3.0,,Max Verstappen,,0 days 00:00:20.012000,0 days 00:00:36.173000,0 days 00:00:19.996000,0 days 02:51:10.058000,0 days 02:51:46.231000,0 days 02:52:06.227000,198.0,198.0,259.0,266.0,False,HARD,6.0,False,Red Bull Racing,0 days 02:50:50.009000,,1,6.0,False,,False,True,21.6,60.0,1018.4,False,42.2,140,0.8,True,False,False,False,False,False,+32.063,+8.250,32.063,8.25,10326.19,76.181,,,20.012,36.173,19.996,10270.058,10306.231,10326.227,10250.009
2024,Monaco Grand Prix,8,Monaco,Monaco,0 days 02:53:20.759000,VER,1,0 days 00:01:14.569000,58.0,3.0,,Max Verstappen,,0 days 00:00:19.343000,0 days 00:00:35.377000,0 days 00:00:19.849000,0 days 02:52:25.570000,0 days 02:53:00.947000,0 days 02:53:20.796000,208.0,198.0,259.0,265.0,True,HARD,7.0,False,Red Bull Racing,0 days 02:52:06.190000,,1,6.0,False,,False,True,21.8,60.0,1018.5,False,42.2,30,1.2,True,False,False,False,False,False,+29.604,+5.677,29.604,5.677,10400.759,74.569,,,19.343,35.377,19.849,10345.57,10380.947,10400.796,10326.19
2024,Monaco Grand Prix,8,Monaco,Monaco,0 days 02:54:35.507000,VER,1,0 days 00:01:14.748000,59.0,3.0,,Max Verstappen,,0 days 00:00:19.543000,0 days 00:00:35.369000,0 days 00:00:19.836000,0 days 02:53:40.339000,0 days 02:54:15.708000,0 days 02:54:35.544000,208.0,196.0,259.0,266.0,False,HARD,8.0,False,Red Bull Racing,0 days 02:53:20.759000,,1,6.0,False,,False,True,21.6,61.0,1018.4,False,41.9,9,1.1,True,False,False,False,False,False,+27.318,+3.583,27.318,3.583,10475.507,74.748,,,19.543,35.369,19.836,10420.339,10455.708,10475.544,10400.759
2024,Monaco Grand Prix,8,Monaco,Monaco,0 days 02:55:50.745000,VER,1,0 days 00:01:15.238000,60.0,3.0,,Max Verstappen,,0 days 00:00:19.399000,0 days 00:00:35.421000,0 days 00:00:20.418000,0 days 02:54:54.943000,0 days 02:55:30.364000,0 days 02:55:50.782000,208.0,199.0,266.0,268.0,False,HARD,9.0,False,Red Bull Racing,0 days 02:54:35.507000,,1,6.0,False,,False,True,21.5,61.0,1018.5,False,42.3,284,0.5,True,False,False,False,False,False,+26.216,+2.250,26.216,2.25,10550.745,75.238,,,19.399,35.421,20.418,10494.943,10530.364,10550.782,10475.507
2024,Monaco Grand Prix,8,Monaco,Monaco,0 days 02:57:05.866000,VER,1,0 days 00:01:15.121000,61.0,3.0,,Max Verstappen,,0 days 00:00:19.450000,0 days 00:00:35.599000,0 days 00:00:20.072000,0 days 02:56:10.232000,0 days 02:56:45.831000,0 days 02:57:05.903000,206.0,198.0,267.0,269.0,False,HARD,10.0,False,Red Bull Racing,0 days 02:55:50.745000,,1,6.0,False,,False,True,21.6,60.0,1018.4,False,42.3,222,0.6,True,False,False,False,False,False,+24.470,+0.670,24.47,0.67,10625.866,75.121,,,19.45,35.599,20.072,10570.232,10605.831,10625.903,10550.745
2024,Monaco Grand Prix,8,Monaco,Monaco,0 days 02:58:22.427000,VER,1,0 days 00:01:16.561000,62.0,3.0,,Max Verstappen,,0 days 00:00:20.077000,0 days 00:00:36.108000,0 days 00:00:20.376000,0 days 02:57:25.980000,0 days 02:58:02.088000,0 days 02:58:22.464000,197.0,193.0,270.0,283.0,False,HARD,11.0,False,Red Bull Racing,0 days 02:57:05.866000,,1,6.0,False,,False,True,21.8,59.0,1018.4,False,42.0,264,1.2,True,False,False,False,False,False,+23.621,+0.462,23.621,0.462,10702.427,76.561,,,20.077,36.108,20.376,10645.98,10682.088,10702.464,10625.866
2024,Monaco Grand Prix,8,Monaco,Monaco,0 days 02:59:38.974000,VER,1,0 days 00:01:16.547000,63.0,3.0,,Max Verstappen,,0 days 00:00:20.125000,0 days 00:00:35.973000,0 days 00:00:20.449000,0 days 02:58:42.589000,0 days 02:59:18.562000,0 days 02:59:39.011000,205.0,195.0,269.0,284.0,False,HARD,12.0,False,Red Bull Racing,0 days 02:58:22.427000,,1,6.0,False,,False,True,22.0,60.0,1018.5,False,42.0,284,0.8,True,False,False,False,False,False,+23.083,+0.381,23.083,0.381,10778.974,76.547,,,20.125,35.973,20.449,10722.589,10758.562,10779.011,10702.427
2024,Monaco Grand Prix,8,Monaco,Monaco,0 days 03:00:55.593000,VER,1,0 days 00:01:16.619000,64.0,3.0,,Max Verstappen,,0 days 00:00:20.262000,0 days 00:00:36.106000,0 days 00:00:20.251000,0 days 02:59:59.273000,0 days 03:00:35.379000,0 days 03:00:55.630000,200.0,193.0,265.0,281.0,False,HARD,13.0,False,Red Bull Racing,0 days 02:59:38.974000,,1,6.0,False,,False,True,21.9,60.0,1018.3,False,41.2,47,0.8,True,False,False,False,False,False,+23.210,+0.896,23.21,0.896,10855.593,76.619,,,20.262,36.106,20.251,10799.273,10835.379,10855.63,10778.974
2024,Monaco Grand Prix,8,Monaco,Monaco,0 days 03:02:11.061000,VER,1,0 days 00:01:15.468000,65.0,3.0,,Max Verstappen,,0 days 00:00:19.616000,0 days 00:00:35.717000,0 days 00:00:20.135000,0 days 03:01:15.246000,0 days 03:01:50.963000,0 days 03:02:11.098000,204.0,197.0,267.0,282.0,False,HARD,14.0,False,Red Bull Racing,0 days 03:00:55.593000,,1,6.0,False,,False,True,21.9,59.0,1018.4,False,41.7,283,1.2,True,False,False,False,False,False,+22.003,+0.684,22.003,0.684,10931.061,75.468,,,19.616,35.717,20.135,10875.246,10910.963,10931.098,10855.593
2024,Monaco Grand Prix,8,Monaco,Monaco,0 days 03:03:27.182000,VER,1,0 days 00:01:16.121000,66.0,3.0,,Max Verstappen,,0 days 00:00:19.696000,0 days 00:00:35.898000,0 days 00:00:20.527000,0 days 03:02:30.794000,0 days 03:03:06.692000,0 days 03:03:27.219000,202.0,191.0,266.0,281.0,False,HARD,15.0,False,Red Bull Racing,0 days 03:02:11.061000,,1,6.0,False,,False,True,22.0,59.0,1018.3,False,41.7,325,1.7,True,False,False,False,False,False,+21.685,+0.981,21.685,0.981,11007.182,76.121,,,19.696,35.898,20.527,10950.794,10986.692,11007.219,10931.061
2024,Monaco Grand Prix,8,Monaco,Monaco,0 days 03:04:43.458000,VER,1,0 days 00:01:16.276000,67.0,3.0,,Max Verstappen,,0 days 00:00:19.919000,0 days 00:00:35.947000,0 days 00:00:20.410000,0 days 03:03:47.138000,0 days 03:04:23.085000,0 days 03:04:43.495000,194.0,194.0,259.0,281.0,False,HARD,16.0,False,Red Bull Racing,0 days 03:03:27.182000,,1,6.0,False,,False,True,22.0,60.0,1018.3,False,41.6,58,1.0,True,False,False,False,False,False,+21.959,+1.053,21.959,1.053,11083.458,76.276,,,19.919,35.947,20.41,11027.138,11063.085,11083.495,11007.182
2024,Monaco Grand Prix,8,Monaco,Monaco,0 days 03:05:59.412000,VER,1,0 days 00:01:15.954000,68.0,3.0,,Max Verstappen,,0 days 00:00:19.716000,0 days 00:00:35.912000,0 days 00:00:20.326000,0 days 03:05:03.211000,0 days 03:05:39.123000,0 days 03:05:59.449000,194.0,194.0,260.0,281.0,False,HARD,17.0,False,Red Bull Racing,0 days 03:04:43.458000,,1,6.0,False,,False,True,21.8,60.0,1018.4,False,40.9,14,0.7,True,False,False,False,False,False,+21.842,+1.099,21.842,1.099,11159.412,75.954,,,19.716,35.912,20.326,11103.211,11139.123,11159.449,11083.458
2024,Monaco Grand Prix,8,Monaco,Monaco,0 days 03:07:14.875000,VER,1,0 days 00:01:15.463000,69.0,3.0,,Max Verstappen,,0 days 00:00:19.676000,0 days 00:00:35.698000,0 days 00:00:20.089000,0 days 03:06:19.125000,0 days 03:06:54.823000,0 days 03:07:14.912000,195.0,198.0,268.0,282.0,False,HARD,18.0,False,Red Bull Racing,0 days 03:05:59.412000,,1,6.0,False,,False,True,21.8,60.0,1018.5,False,41.6,224,0.8,True,False,False,False,False,False,+20.932,+0.693,20.932,0.693,11234.875,75.463,,,19.676,35.698,20.089,11179.125,11214.823,11234.912,11159.412
2024,Monaco Grand Prix,8,Monaco,Monaco,0 days 03:08:30.324000,VER,1,0 days 00:01:15.449000,70.0,3.0,,Max Verstappen,,0 days 00:00:19.665000,0 days 00:00:35.669000,0 days 00:00:20.115000,0 days 03:07:34.577000,0 days 03:08:10.246000,0 days 03:08:30.361000,202.0,198.0,269.0,283.0,False,HARD,19.0,False,Red Bull Racing,0 days 03:07:14.875000,,1,6.0,False,,False,True,21.8,60.0,1018.4,False,41.6,209,1.0,True,False,False,False,False,False,+20.614,+0.891,20.614,0.891,11310.324,75.449,,,19.665,35.669,20.115,11254.577,11290.246,11310.361,11234.875
2024,Monaco Grand Prix,8,Monaco,Monaco,0 days 03:09:45.983000,VER,1,0 days 00:01:15.659000,71.0,3.0,,Max Verstappen,,0 days 00:00:19.597000,0 days 00:00:35.787000,0 days 00:00:20.275000,0 days 03:08:49.958000,0 days 03:09:25.745000,0 days 03:09:46.020000,204.0,194.0,268.0,284.0,False,HARD,20.0,False,Red Bull Racing,0 days 03:08:30.324000,,1,6.0,False,,False,True,21.7,60.0,1018.4,False,41.1,0,0.4,True,False,False,False,False,False,+21.111,+0.723,21.111,0.723,11385.983,75.659,,,19.597,35.787,20.275,11329.958,11365.745,11386.02,11310.324
2024,Monaco Grand Prix,8,Monaco,Monaco,0 days 03:11:01.716000,VER,1,0 days 00:01:15.733000,72.0,3.0,,Max Verstappen,,0 days 00:00:19.687000,0 days 00:00:35.888000,0 days 00:00:20.158000,0 days 03:10:05.707000,0 days 03:10:41.595000,0 days 03:11:01.753000,205.0,193.0,268.0,284.0,False,HARD,21.0,False,Red Bull Racing,0 days 03:09:45.983000,,1,6.0,False,,False,True,21.6,61.0,1018.4,False,41.0,58,0.7,True,False,False,False,False,False,+21.297,+0.617,21.297,0.617,11461.716,75.733,,,19.687,35.888,20.158,11405.707,11441.595,11461.753,11385.983
2024,Monaco Grand Prix,8,Monaco,Monaco,0 days 03:12:17.152000,VER,1,0 days 00:01:15.436000,73.0,3.0,,Max Verstappen,,0 days 00:00:19.704000,0 days 00:00:35.700000,0 days 00:00:20.032000,0 days 03:11:21.457000,0 days 03:11:57.157000,0 days 03:12:17.189000,208.0,193.0,269.0,283.0,False,HARD,22.0,False,Red Bull Racing,0 days 03:11:01.716000,,1,6.0,False,,False,True,21.6,61.0,1018.4,False,40.5,209,0.5,True,False,False,False,False,False,+20.514,+0.825,20.514,0.825,11537.152,75.436,,,19.704,35.7,20.032,11481.457,11517.157,11537.189,11461.716
2024,Monaco Grand Prix,8,Monaco,Monaco,0 days 03:13:32.532000,VER,1,0 days 00:01:15.380000,74.0,3.0,,Max Verstappen,,0 days 00:00:19.602000,0 days 00:00:35.636000,0 days 00:00:20.142000,0 days 03:12:36.791000,0 days 03:13:12.427000,0 days 03:13:32.569000,205.0,197.0,269.0,283.0,False,HARD,23.0,False,Red Bull Racing,0 days 03:12:17.152000,,1,6.0,False,,False,True,21.7,61.0,1018.4,False,40.8,293,1.1,True,False,False,False,False,False,+19.789,+0.829,19.789,0.829,11612.532,75.38,,,19.602,35.636,20.142,11556.791,11592.427,11612.569,11537.152
2024,Monaco Grand Prix,8,Monaco,Monaco,0 days 03:14:47.928000,VER,1,0 days 00:01:15.396000,75.0,3.0,,Max Verstappen,,0 days 00:00:19.556000,0 days 00:00:35.638000,0 days 00:00:20.202000,0 days 03:13:52.125000,0 days 03:14:27.763000,0 days 03:14:47.965000,207.0,196.0,270.0,284.0,False,HARD,24.0,False,Red Bull Racing,0 days 03:13:32.532000,,1,6.0,False,,False,True,21.7,61.0,1018.4,False,40.8,214,0.7,True,False,False,False,False,False,+18.798,+0.700,18.798,0.7,11687.928,75.396,,,19.556,35.638,20.202,11632.125,11667.763,11687.965,11612.532
2024,Monaco Grand Prix,8,Monaco,Monaco,0 days 03:16:03.569000,VER,1,0 days 00:01:15.641000,76.0,3.0,,Max Verstappen,,0 days 00:00:19.673000,0 days 00:00:35.759000,0 days 00:00:20.209000,0 days 03:15:07.638000,0 days 03:15:43.397000,0 days 03:16:03.606000,202.0,195.0,270.0,285.0,False,HARD,25.0,False,Red Bull Racing,0 days 03:14:47.928000,,1,6.0,False,,False,True,21.7,61.0,1018.4,False,40.6,353,0.6,True,False,False,False,False,False,+17.631,+0.588,17.631,0.588,11763.569,75.641,,,19.673,35.759,20.209,11707.638,11743.397,11763.606,11687.928
2024,Monaco Grand Prix,8,Monaco,Monaco,0 days 03:17:19.112000,VER,1,0 days 00:01:15.543000,77.0,3.0,,Max Verstappen,,0 days 00:00:19.644000,0 days 00:00:35.818000,0 days 00:00:20.081000,0 days 03:16:23.250000,0 days 03:16:59.068000,0 days 03:17:19.149000,208.0,195.0,270.0,286.0,False,HARD,26.0,False,Red Bull Racing,0 days 03:16:03.569000,,1,6.0,False,,False,True,21.8,61.0,1018.4,False,40.9,219,1.2,True,False,False,False,False,False,+16.241,+0.599,16.241,0.599,11839.112,75.543,,,19.644,35.818,20.081,11783.25,11819.068,11839.149,11763.569
2024,Monaco Grand Prix,8,Monaco,Monaco,0 days 03:18:35.360000,VER,1,0 days 00:01:16.248000,78.0,3.0,,Max Verstappen,,0 days 00:00:19.697000,0 days 00:00:36.263000,0 days 00:00:20.288000,0 days 03:17:38.846000,0 days 03:18:15.109000,0 days 03:18:35.397000,207.0,194.0,267.0,286.0,False,HARD,27.0,False,Red Bull Racing,0 days 03:17:19.112000,,1,6.0,False,,False,True,21.8,61.0,1018.4,False,40.9,284,0.8,True,False,False,False,False,False,+14.726,+0.602,14.726,0.602,11915.36,76.248,,,19.697,36.263,20.288,11858.846,11895.109,11915.397,11839.112
2024,Monaco Grand Prix,8,Monaco,Monaco,0 days 01:36:43.648000,GAS,10,0 days 00:41:37.695000,1.0,1.0,,Pierre Gasly,0 days 00:57:02.934000,,0 days 00:00:57.790000,,,0 days 00:56:34.379000,,165.0,62.0,,176.0,False,HARD,1.0,True,Alpine,0 days 00:55:05.680000,,1254,10.0,False,,False,False,21.6,66.0,1018.9,False,48.4,255,0.6,True,True,True,True,False,False,+17.127,+2.152,17.127,2.152,5803.648,2497.695,3422.934,,,57.79,,,3394.379,,3305.68
2024,Monaco Grand Prix,8,Monaco,Monaco,0 days 01:39:03.266000,GAS,10,0 days 00:02:19.618000,2.0,2.0,0 days 01:36:44.525000,Pierre Gasly,,0 days 00:00:26.415000,0 days 00:00:41.050000,0 days 00:01:12.153000,0 days 01:37:10.119000,0 days 01:37:51.169000,0 days 01:39:03.322000,168.0,171.0,126.0,258.0,False,MEDIUM,1.0,True,Alpine,0 days 01:36:43.648000,,41,10.0,False,,False,False,21.5,65.0,1018.9,False,48.1,9,0.8,True,False,True,False,False,False,+3.126,+0.241,3.126,0.241,5943.266,139.618,,5804.525,26.415,41.05,72.153,5830.119,5871.169,5943.322,5803.648
2024,Monaco Grand Prix,8,Monaco,Monaco,0 days 01:40:31.535000,GAS,10,0 days 00:01:28.269000,3.0,2.0,,Pierre Gasly,,0 days 00:00:25.566000,0 days 00:00:40.150000,0 days 00:00:22.553000,0 days 01:39:28.888000,0 days 01:40:09.038000,0 days 01:40:31.591000,162.0,177.0,255.0,275.0,True,MEDIUM,2.0,True,Alpine,0 days 01:39:03.266000,,1,10.0,False,,False,True,21.6,65.0,1018.8,False,49.2,0,0.6,True,False,False,False,False,False,+6.847,+0.676,6.847,0.676,6031.535,88.269,,,25.566,40.15,22.553,5968.888,6009.038,6031.591,5943.266
2024,Monaco Grand Prix,8,Monaco,Monaco,0 days 01:41:54.804000,GAS,10,0 days 00:01:23.269000,4.0,2.0,,Pierre Gasly,,0 days 00:00:21.656000,0 days 00:00:39.123000,0 days 00:00:22.490000,0 days 01:40:53.247000,0 days 01:41:32.370000,0 days 01:41:54.860000,180.0,179.0,263.0,277.0,True,MEDIUM,3.0,True,Alpine,0 days 01:40:31.535000,,1,10.0,False,,False,True,21.7,63.0,1018.9,False,49.2,0,0.6,True,False,False,False,False,False,+7.415,+0.659,7.415,0.659,6114.804,83.269,,,21.656,39.123,22.49,6053.247,6092.37,6114.86,6031.535
2024,Monaco Grand Prix,8,Monaco,Monaco,0 days 01:43:18.232000,GAS,10,0 days 00:01:23.428000,5.0,2.0,,Pierre Gasly,,0 days 00:00:21.918000,0 days 00:00:39.228000,0 days 00:00:22.282000,0 days 01:42:16.778000,0 days 01:42:56.006000,0 days 01:43:18.288000,181.0,178.0,263.0,278.0,False,MEDIUM,4.0,True,Alpine,0 days 01:41:54.804000,,1,10.0,False,,False,True,21.6,64.0,1018.9,False,48.2,353,2.0,True,False,False,False,False,False,+9.048,+0.718,9.048,0.718,6198.232,83.428,,,21.918,39.228,22.282,6136.778,6176.006,6198.288,6114.804
2024,Monaco Grand Prix,8,Monaco,Monaco,0 days 01:44:41.338000,GAS,10,0 days 00:01:23.106000,6.0,2.0,,Pierre Gasly,,0 days 00:00:22.068000,0 days 00:00:38.953000,0 days 00:00:22.085000,0 days 01:43:40.356000,0 days 01:44:19.309000,0 days 01:44:41.394000,176.0,177.0,265.0,279.0,True,MEDIUM,5.0,True,Alpine,0 days 01:43:18.232000,,1,10.0,False,,False,True,21.6,63.0,1018.8,False,48.2,0,1.0,True,False,False,False,False,False,+11.009,+0.408,11.009,0.408,6281.338,83.106,,,22.068,38.953,22.085,6220.356,6259.309,6281.394,6198.232
2024,Monaco Grand Prix,8,Monaco,Monaco,0 days 01:46:03.571000,GAS,10,0 days 00:01:22.233000,7.0,2.0,,Pierre Gasly,,0 days 00:00:21.836000,0 days 00:00:38.367000,0 days 00:00:22.030000,0 days 01:45:03.230000,0 days 01:45:41.597000,0 days 01:46:03.627000,180.0,185.0,263.0,281.0,True,MEDIUM,6.0,True,Alpine,0 days 01:44:41.338000,,1,10.0,False,,False,True,21.8,64.0,1018.9,False,48.7,6,0.4,True,False,False,False,False,False,+12.262,+0.728,12.262,0.728,6363.571,82.233,,,21.836,38.367,22.03,6303.23,6341.597,6363.627,6281.338
2024,Monaco Grand Prix,8,Monaco,Monaco,0 days 01:47:25.171000,GAS,10,0 days 00:01:21.600000,8.0,2.0,,Pierre Gasly,,0 days 00:00:21.496000,0 days 00:00:38.116000,0 days 00:00:21.988000,0 days 01:46:25.123000,0 days 01:47:03.239000,0 days 01:47:25.227000,178.0,178.0,262.0,279.0,True,MEDIUM,7.0,True,Alpine,0 days 01:46:03.571000,,1,10.0,False,,False,True,21.9,63.0,1018.9,False,47.9,253,0.9,True,False,False,False,False,False,+12.832,+0.792,12.832,0.792,6445.171,81.6,,,21.496,38.116,21.988,6385.123,6423.239,6445.227,6363.571
2024,Monaco Grand Prix,8,Monaco,Monaco,0 days 01:48:47.242000,GAS,10,0 days 00:01:22.071000,9.0,2.0,,Pierre Gasly,,0 days 00:00:21.526000,0 days 00:00:38.640000,0 days 00:00:21.905000,0 days 01:47:46.753000,0 days 01:48:25.393000,0 days 01:48:47.298000,176.0,179.0,263.0,276.0,False,MEDIUM,8.0,True,Alpine,0 days 01:47:25.171000,,1,10.0,False,,False,True,22.0,64.0,1018.8,False,47.9,340,1.1,True,False,False,False,False,False,+14.789,+0.859,14.789,0.859,6527.242,82.071,,,21.526,38.64,21.905,6466.753,6505.393,6527.298,6445.171
2024,Monaco Grand Prix,8,Monaco,Monaco,0 days 01:50:08.636000,GAS,10,0 days 00:01:21.394000,10.0,2.0,,Pierre Gasly,,0 days 00:00:21.479000,0 days 00:00:38.141000,0 days 00:00:21.774000,0 days 01:49:08.777000,0 days 01:49:46.918000,0 days 01:50:08.692000,178.0,176.0,265.0,278.0,True,MEDIUM,9.0,True,Alpine,0 days 01:48:47.242000,,1,10.0,False,,False,True,22.1,65.0,1018.8,False,47.4,289,0.7,True,False,False,False,False,False,+15.508,+0.710,15.508,0.71,6608.636,81.394,,,21.479,38.141,21.774,6548.777,6586.918,6608.692,6527.242
2024,Monaco Grand Prix,8,Monaco,Monaco,0 days 01:51:29.934000,GAS,10,0 days 00:01:21.298000,11.0,2.0,,Pierre Gasly,,0 days 00:00:21.482000,0 days 00:00:37.922000,0 days 00:00:21.894000,0 days 01:50:30.174000,0 days 01:51:08.096000,0 days 01:51:29.990000,181.0,187.0,265.0,280.0,True,MEDIUM,10.0,True,Alpine,0 days 01:50:08.636000,,1,10.0,False,,False,True,22.2,61.0,1018.9,False,47.9,9,1.3,True,False,False,False,False,False,+15.660,+0.475,15.66,0.475,6689.934,81.298,,,21.482,37.922,21.894,6630.174,6668.096,6689.99,6608.636
2024,Monaco Grand Prix,8,Monaco,Monaco,0 days 01:52:51.223000,GAS,10,0 days 00:01:21.289000,12.0,2.0,,Pierre Gasly,,0 days 00:00:21.120000,0 days 00:00:38.544000,0 days 00:00:21.625000,0 days 01:51:51.110000,0 days 01:52:29.654000,0 days 01:52:51.279000,175.0,182.0,264.0,279.0,True,MEDIUM,11.0,True,Alpine,0 days 01:51:29.934000,,1,10.0,False,,False,True,22.3,63.0,1018.8,False,47.3,2,0.6,True,False,False,False,False,False,+16.697,+0.943,16.697,0.943,6771.223,81.289,,,21.12,38.544,21.625,6711.11,6749.654,6771.279,6689.934
2024,Monaco Grand Prix,8,Monaco,Monaco,0 days 01:54:12.753000,GAS,10,0 days 00:01:21.530000,13.0,2.0,,Pierre Gasly,,0 days 00:00:21.219000,0 days 00:00:38.276000,0 days 00:00:22.035000,0 days 01:53:12.498000,0 days 01:53:50.774000,0 days 01:54:12.809000,186.0,178.0,256.0,277.0,False,MEDIUM,12.0,True,Alpine,0 days 01:52:51.223000,,1,10.0,False,,False,True,22.1,64.0,1018.8,False,47.2,208,1.2,True,False,False,False,False,False,+19.210,+1.053,19.21,1.053,6852.753,81.53,,,21.219,38.276,22.035,6792.498,6830.774,6852.809,6771.223
2024,Monaco Grand Prix,8,Monaco,Monaco,0 days 01:55:32.673000,GAS,10,0 days 00:01:19.920000,14.0,2.0,,Pierre Gasly,,0 days 00:00:21.087000,0 days 00:00:37.364000,0 days 00:00:21.469000,0 days 01:54:33.896000,0 days 01:55:11.260000,0 days 01:55:32.729000,191.0,189.0,266.0,280.0,True,MEDIUM,13.0,True,Alpine,0 days 01:54:12.753000,,1,10.0,False,,False,True,22.0,63.0,1018.7,False,47.1,22,0.5,True,False,False,False,False,False,+19.217,+0.382,19.217,0.382,6932.673,79.92,,,21.087,37.364,21.469,6873.896,6911.26,6932.729,6852.753
2024,Monaco Grand Prix,8,Monaco,Monaco,0 days 01:56:53.739000,GAS,10,0 days 00:01:21.066000,15.0,2.0,,Pierre Gasly,,0 days 00:00:20.915000,0 days 00:00:38.313000,0 days 00:00:21.838000,0 days 01:55:53.644000,0 days 01:56:31.957000,0 days 01:56:53.795000,180.0,176.0,262.0,278.0,False,MEDIUM,14.0,True,Alpine,0 days 01:55:32.673000,,1,10.0,False,,False,True,22.0,62.0,1018.8,False,47.1,351,1.1,True,False,False,False,False,False,+20.508,+0.899,20.508,0.899,7013.739,81.066,,,20.915,38.313,21.838,6953.644,6991.957,7013.795,6932.673
2024,Monaco Grand Prix,8,Monaco,Monaco,0 days 01:58:14.793000,GAS,10,0 days 00:01:21.054000,16.0,2.0,,Pierre Gasly,,0 days 00:00:21.548000,0 days 00:00:37.876000,0 days 00:00:21.630000,0 days 01:57:15.343000,0 days 01:57:53.219000,0 days 01:58:14.849000,184.0,185.0,262.0,278.0,False,MEDIUM,15.0,True,Alpine,0 days 01:56:53.739000,,1,10.0,False,,False,True,22.0,64.0,1018.7,False,46.0,154,0.5,True,False,False,False,False,False,+21.343,+1.118,21.343,1.118,7094.793,81.054,,,21.548,37.876,21.63,7035.343,7073.219,7094.849,7013.739
2024,Monaco Grand Prix,8,Monaco,Monaco,0 days 01:59:36.754000,GAS,10,0 days 00:01:21.961000,17.0,2.0,,Pierre Gasly,,0 days 00:00:21.682000,0 days 00:00:38.296000,0 days 00:00:21.983000,0 days 01:58:36.531000,0 days 01:59:14.827000,0 days 01:59:36.810000,187.0,174.0,256.0,277.0,False,MEDIUM,16.0,True,Alpine,0 days 01:58:14.793000,,1,10.0,False,,False,True,21.6,64.0,1018.7,False,46.7,38,1.1,True,False,False,False,False,False,+23.025,+1.942,23.025,1.942,7176.754,81.961,,,21.682,38.296,21.983,7116.531,7154.827,7176.81,7094.793
2024,Monaco Grand Prix,8,Monaco,Monaco,0 days 02:00:57.551000,GAS,10,0 days 00:01:20.797000,18.0,2.0,,Pierre Gasly,,0 days 00:00:21.255000,0 days 00:00:38.034000,0 days 00:00:21.508000,0 days 01:59:58.065000,0 days 02:00:36.099000,0 days 02:00:57.607000,186.0,177.0,255.0,276.0,False,MEDIUM,17.0,True,Alpine,0 days 01:59:36.754000,,1,10.0,False,,False,True,21.7,63.0,1018.7,False,47.2,101,0.8,True,False,False,False,False,False,+24.242,+2.697,24.242,2.697,7257.551,80.797,,,21.255,38.034,21.508,7198.065,7236.099,7257.607,7176.754
2024,Monaco Grand Prix,8,Monaco,Monaco,0 days 02:02:17.455000,GAS,10,0 days 00:01:19.904000,19.0,2.0,,Pierre Gasly,,0 days 00:00:20.839000,0 days 00:00:37.422000,0 days 00:00:21.643000,0 days 02:01:18.446000,0 days 02:01:55.868000,0 days 02:02:17.511000,192.0,176.0,256.0,277.0,True,MEDIUM,18.0,True,Alpine,0 days 02:00:57.551000,,1,10.0,False,,False,True,21.9,61.0,1018.8,False,46.6,36,1.3,True,False,False,False,False,False,+25.304,+2.356,25.304,2.356,7337.455,79.904,,,20.839,37.422,21.643,7278.446,7315.868,7337.511,7257.551
2024,Monaco Grand Prix,8,Monaco,Monaco,0 days 02:03:37.710000,GAS,10,0 days 00:01:20.255000,20.0,2.0,,Pierre Gasly,,0 days 00:00:21.069000,0 days 00:00:37.547000,0 days 00:00:21.639000,0 days 02:02:38.580000,0 days 02:03:16.127000,0 days 02:03:37.766000,194.0,174.0,257.0,278.0,False,MEDIUM,19.0,True,Alpine,0 days 02:02:17.455000,,1,10.0,False,,False,True,21.9,62.0,1018.8,False,45.8,337,0.9,True,False,False,False,False,False,+26.835,+2.251,26.835,2.251,7417.71,80.255,,,21.069,37.547,21.639,7358.58,7396.127,7417.766,7337.455
2024,Monaco Grand Prix,8,Monaco,Monaco,0 days 02:04:57.586000,GAS,10,0 days 00:01:19.876000,21.0,2.0,,Pierre Gasly,,0 days 00:00:21.238000,0 days 00:00:37.270000,0 days 00:00:21.368000,0 days 02:03:59.004000,0 days 02:04:36.274000,0 days 02:04:57.642000,186.0,184.0,264.0,277.0,True,MEDIUM,20.0,True,Alpine,0 days 02:03:37.710000,,1,10.0,False,,False,True,21.9,64.0,1018.7,False,45.8,0,1.3,True,False,False,False,False,False,+28.239,+1.190,28.239,1.19,7497.586,79.876,,,21.238,37.27,21.368,7439.004,7476.274,7497.642,7417.71
2024,Monaco Grand Prix,8,Monaco,Monaco,0 days 02:06:18.140000,GAS,10,0 days 00:01:20.554000,22.0,2.0,,Pierre Gasly,,0 days 00:00:20.982000,0 days 00:00:37.763000,0 days 00:00:21.809000,0 days 02:05:18.624000,0 days 02:05:56.387000,0 days 02:06:18.196000,184.0,177.0,263.0,279.0,False,MEDIUM,21.0,True,Alpine,0 days 02:04:57.586000,,1,10.0,False,,False,True,21.8,65.0,1018.8,False,45.9,198,0.5,True,False,False,False,False,False,+30.173,+1.202,30.173,1.202,7578.14,80.554,,,20.982,37.763,21.809,7518.624,7556.387,7578.196,7497.586
2024,Monaco Grand Prix,8,Monaco,Monaco,0 days 02:07:39.446000,GAS,10,0 days 00:01:21.306000,23.0,2.0,,Pierre Gasly,,0 days 00:00:21.450000,0 days 00:00:37.844000,0 days 00:00:22.012000,0 days 02:06:39.646000,0 days 02:07:17.490000,0 days 02:07:39.502000,177.0,177.0,257.0,277.0,False,MEDIUM,22.0,True,Alpine,0 days 02:06:18.140000,,1,10.0,False,,False,True,21.7,63.0,1018.7,False,46.1,356,1.1,True,False,False,False,False,False,+32.981,+2.329,32.981,2.329,7659.446,81.306,,,21.45,37.844,22.012,7599.646,7637.49,7659.502,7578.14
2024,Monaco Grand Prix,8,Monaco,Monaco,0 days 02:09:00.395000,GAS,10,0 days 00:01:20.949000,24.0,2.0,,Pierre Gasly,,0 days 00:00:20.925000,0 days 00:00:38.004000,0 days 00:00:22.020000,0 days 02:08:00.427000,0 days 02:08:38.431000,0 days 02:09:00.451000,195.0,172.0,257.0,277.0,False,MEDIUM,23.0,True,Alpine,0 days 02:07:39.446000,,1,10.0,False,,False,True,21.8,64.0,1018.7,False,46.3,272,1.4,True,False,False,False,False,False,+35.245,+2.797,35.245,2.797,7740.395,80.949,,,20.925,38.004,22.02,7680.427,7718.431,7740.451,7659.446
2024,Monaco Grand Prix,8,Monaco,Monaco,0 days 02:10:20.767000,GAS,10,0 days 00:01:20.372000,25.0,2.0,,Pierre Gasly,,0 days 00:00:21.103000,0 days 00:00:37.620000,0 days 00:00:21.649000,0 days 02:09:21.554000,0 days 02:09:59.174000,0 days 02:10:20.823000,188.0,178.0,256.0,276.0,False,MEDIUM,24.0,True,Alpine,0 days 02:09:00.395000,,1,10.0,False,,False,True,21.7,62.0,1018.6,False,45.7,325,1.3,True,False,False,False,False,False,+36.644,+2.846,36.644,2.846,7820.767,80.372,,,21.103,37.62,21.649,7761.554,7799.174,7820.823,7740.395
2024,Monaco Grand Prix,8,Monaco,Monaco,0 days 02:11:41.360000,GAS,10,0 days 00:01:20.593000,26.0,2.0,,Pierre Gasly,,0 days 00:00:21.449000,0 days 00:00:37.447000,0 days 00:00:21.697000,0 days 02:10:42.272000,0 days 02:11:19.719000,0 days 02:11:41.416000,176.0,183.0,256.0,276.0,False,MEDIUM,25.0,True,Alpine,0 days 02:10:20.767000,,1,10.0,False,,False,True,21.8,64.0,1018.5,False,46.0,23,0.7,True,False,False,False,False,False,+38.792,+2.976,38.792,2.976,7901.36,80.593,,,21.449,37.447,21.697,7842.272,7879.719,7901.416,7820.767
2024,Monaco Grand Prix,8,Monaco,Monaco,0 days 02:13:01.881000,GAS,10,0 days 00:01:20.521000,27.0,2.0,,Pierre Gasly,,0 days 00:00:21.045000,0 days 00:00:37.661000,0 days 00:00:21.815000,0 days 02:12:02.461000,0 days 02:12:40.122000,0 days 02:13:01.937000,186.0,174.0,256.0,276.0,False,MEDIUM,26.0,True,Alpine,0 days 02:11:41.360000,,1,10.0,False,,False,True,21.9,63.0,1018.6,False,46.0,296,0.6,True,False,False,False,False,False,+40.962,+2.988,40.962,2.988,7981.881,80.521,,,21.045,37.661,21.815,7922.461,7960.122,7981.937,7901.36
2024,Monaco Grand Prix,8,Monaco,Monaco,0 days 02:14:22.110000,GAS,10,0 days 00:01:20.229000,28.0,2.0,,Pierre Gasly,,0 days 00:00:21.024000,0 days 00:00:37.602000,0 days 00:00:21.603000,0 days 02:13:22.961000,0 days 02:14:00.563000,0 days 02:14:22.166000,190.0,179.0,256.0,276.0,False,MEDIUM,27.0,True,Alpine,0 days 02:13:01.881000,,1,10.0,False,,False,True,22.0,63.0,1018.5,False,45.6,215,1.7,True,False,False,False,False,False,+42.481,+3.707,42.481,3.707,8062.11,80.229,,,21.024,37.602,21.603,8002.961,8040.563,8062.166,7981.881
2024,Monaco Grand Prix,8,Monaco,Monaco,0 days 02:15:41.486000,GAS,10,0 days 00:01:19.376000,29.0,2.0,,Pierre Gasly,,0 days 00:00:20.968000,0 days 00:00:37.002000,0 days 00:00:21.406000,0 days 02:14:43.134000,0 days 02:15:20.136000,0 days 02:15:41.542000,194.0,179.0,256.0,276.0,True,MEDIUM,28.0,True,Alpine,0 days 02:14:22.110000,,1,10.0,False,,False,True,22.0,62.0,1018.5,False,45.9,220,0.9,True,False,False,False,False,False,+42.804,+2.812,42.804,2.812,8141.486,79.376,,,20.968,37.002,21.406,8083.134,8120.136,8141.542,8062.11
2024,Monaco Grand Prix,8,Monaco,Monaco,0 days 02:17:03.250000,GAS,10,0 days 00:01:21.764000,30.0,2.0,,Pierre Gasly,,0 days 00:00:21.791000,0 days 00:00:38.013000,0 days 00:00:21.960000,0 days 02:16:03.333000,0 days 02:16:41.346000,0 days 02:17:03.306000,173.0,172.0,255.0,276.0,False,MEDIUM,29.0,True,Alpine,0 days 02:15:41.486000,,1,10.0,False,,False,True,22.0,61.0,1018.6,False,46.4,265,0.6,True,False,False,False,False,False,+44.633,+3.137,44.633,3.137,8223.25,81.764,,,21.791,38.013,21.96,8163.333,8201.346,8223.306,8141.486
2024,Monaco Grand Prix,8,Monaco,Monaco,0 days 02:18:24.677000,GAS,10,0 days 00:01:21.427000,31.0,2.0,,Pierre Gasly,,0 days 00:00:21.441000,0 days 00:00:38.049000,0 days 00:00:21.937000,0 days 02:17:24.747000,0 days 02:18:02.796000,0 days 02:18:24.733000,186.0,171.0,256.0,269.0,False,MEDIUM,30.0,True,Alpine,0 days 02:17:03.250000,,1,10.0,False,,False,True,22.0,61.0,1018.6,False,45.5,237,0.9,True,False,False,False,False,False,+47.667,+3.623,47.667,3.623,8304.677,81.427,,,21.441,38.049,21.937,8244.747,8282.796,8304.733,8223.25
2024,Monaco Grand Prix,8,Monaco,Monaco,0 days 02:19:45.798000,GAS,10,0 days 00:01:21.121000,32.0,2.0,,Pierre Gasly,,0 days 00:00:21.371000,0 days 00:00:38.018000,0 days 00:00:21.732000,0 days 02:18:46.104000,0 days 02:19:24.122000,0 days 02:19:45.854000,190.0,176.0,257.0,276.0,False,MEDIUM,31.0,True,Alpine,0 days 02:18:24.677000,,1,10.0,False,,False,True,21.9,62.0,1018.5,False,45.6,245,1.0,True,False,False,False,False,False,+49.663,+4.596,49.663,4.596,8385.798,81.121,,,21.371,38.018,21.732,8326.104,8364.122,8385.854,8304.677
2024,Monaco Grand Prix,8,Monaco,Monaco,0 days 02:21:06.763000,GAS,10,0 days 00:01:20.965000,33.0,2.0,,Pierre Gasly,,0 days 00:00:21.201000,0 days 00:00:37.839000,0 days 00:00:21.925000,0 days 02:20:07.055000,0 days 02:20:44.894000,0 days 02:21:06.819000,191.0,174.0,256.0,275.0,False,MEDIUM,32.0,True,Alpine,0 days 02:19:45.798000,,1,10.0,False,,False,True,21.9,62.0,1018.6,False,45.9,269,0.9,True,False,False,False,False,False,+52.134,+6.070,52.134,6.07,8466.763,80.965,,,21.201,37.839,21.925,8407.055,8444.894,8466.819,8385.798
2024,Monaco Grand Prix,8,Monaco,Monaco,0 days 02:22:27.514000,GAS,10,0 days 00:01:20.751000,34.0,2.0,,Pierre Gasly,,0 days 00:00:21.309000,0 days 00:00:37.920000,0 days 00:00:21.522000,0 days 02:21:28.128000,0 days 02:22:06.048000,0 days 02:22:27.570000,189.0,177.0,257.0,275.0,False,MEDIUM,33.0,True,Alpine,0 days 02:21:06.763000,,1,10.0,False,,False,True,22.0,62.0,1018.6,False,45.1,0,0.9,True,False,False,False,False,False,+53.566,+7.687,53.566,7.687,8547.514,80.751,,,21.309,37.92,21.522,8488.128,8526.048,8547.57,8466.763
2024,Monaco Grand Prix,8,Monaco,Monaco,0 days 02:23:46.875000,GAS,10,0 days 00:01:19.361000,35.0,2.0,,Pierre Gasly,,0 days 00:00:20.907000,0 days 00:00:37.118000,0 days 00:00:21.336000,0 days 02:22:48.477000,0 days 02:23:25.595000,0 days 02:23:46.931000,190.0,180.0,257.0,275.0,True,MEDIUM,34.0,True,Alpine,0 days 02:22:27.514000,,1,10.0,False,,False,True,21.9,65.0,1018.6,False,44.5,358,0.6,True,False,False,False,False,False,+54.397,+8.232,54.397,8.232,8626.875,79.361,,,20.907,37.118,21.336,8568.477,8605.595,8626.931,8547.514
2024,Monaco Grand Prix,8,Monaco,Monaco,0 days 02:25:06.451000,GAS,10,0 days 00:01:19.576000,36.0,2.0,,Pierre Gasly,,0 days 00:00:21.082000,0 days 00:00:37.100000,0 days 00:00:21.394000,0 days 02:24:08.013000,0 days 02:24:45.113000,0 days 02:25:06.507000,195.0,179.0,256.0,275.0,False,MEDIUM,35.0,True,Alpine,0 days 02:23:46.875000,,1,10.0,False,,False,True,21.8,64.0,1018.5,False,44.4,234,1.2,True,False,False,False,False,False,+55.284,+6.180,55.284,6.18,8706.451,79.576,,,21.082,37.1,21.394,8648.013,8685.113,8706.507,8626.875
2024,Monaco Grand Prix,8,Monaco,Monaco,0 days 02:26:26.426000,GAS,10,0 days 00:01:19.975000,37.0,2.0,,Pierre Gasly,,0 days 00:00:20.888000,0 days 00:00:37.374000,0 days 00:00:21.713000,0 days 02:25:27.395000,0 days 02:26:04.769000,0 days 02:26:26.482000,198.0,178.0,257.0,275.0,False,MEDIUM,36.0,True,Alpine,0 days 02:25:06.451000,,1,10.0,False,,False,True,21.8,63.0,1018.5,False,44.5,271,1.0,True,False,False,False,False,False,+56.334,+5.380,56.334,5.38,8786.426,79.975,,,20.888,37.374,21.713,8727.395,8764.769,8786.482,8706.451
2024,Monaco Grand Prix,8,Monaco,Monaco,0 days 02:27:45.854000,GAS,10,0 days 00:01:19.428000,38.0,2.0,,Pierre Gasly,,0 days 00:00:21.020000,0 days 00:00:36.956000,0 days 00:00:21.452000,0 days 02:26:47.502000,0 days 02:27:24.458000,0 days 02:27:45.910000,199.0,181.0,256.0,275.0,False,MEDIUM,37.0,True,Alpine,0 days 02:26:26.426000,,1,10.0,False,,False,True,21.8,62.0,1018.6,False,44.8,169,0.7,True,False,False,False,False,False,+57.234,+4.494,57.234,4.494,8865.854,79.428,,,21.02,36.956,21.452,8807.502,8844.458,8865.91,8786.426
2024,Monaco Grand Prix,8,Monaco,Monaco,0 days 02:29:06.174000,GAS,10,0 days 00:01:20.320000,39.0,2.0,,Pierre Gasly,,0 days 00:00:21.342000,0 days 00:00:37.369000,0 days 00:00:21.609000,0 days 02:28:07.252000,0 days 02:28:44.621000,0 days 02:29:06.230000,185.0,174.0,258.0,276.0,False,MEDIUM,38.0,True,Alpine,0 days 02:27:45.854000,,1,10.0,False,,False,True,21.8,62.0,1018.6,False,44.7,0,0.5,True,False,False,False,False,False,+59.373,+4.425,59.373,4.425,8946.174,80.32,,,21.342,37.369,21.609,8887.252,8924.621,8946.23,8865.854
2024,Monaco Grand Prix,8,Monaco,Monaco,0 days 02:30:26.558000,GAS,10,0 days 00:01:20.384000,40.0,2.0,,Pierre Gasly,,0 days 00:00:21.321000,0 days 00:00:37.464000,0 days 00:00:21.599000,0 days 02:29:27.551000,0 days 02:30:05.015000,0 days 02:30:26.614000,197.0,175.0,257.0,275.0,False,MEDIUM,39.0,True,Alpine,0 days 02:29:06.174000,,1,10.0,False,,False,True,22.0,60.0,1018.5,False,44.4,111,0.8,True,False,False,False,False,False,+61.024,+4.997,61.024,4.997,9026.558,80.384,,,21.321,37.464,21.599,8967.551,9005.015,9026.614,8946.174
2024,Monaco Grand Prix,8,Monaco,Monaco,0 days 02:31:46.758000,GAS,10,0 days 00:01:20.200000,41.0,2.0,,Pierre Gasly,,0 days 00:00:21.198000,0 days 00:00:37.359000,0 days 00:00:21.643000,0 days 02:30:47.812000,0 days 02:31:25.171000,0 days 02:31:46.814000,197.0,181.0,257.0,275.0,False,MEDIUM,40.0,True,Alpine,0 days 02:30:26.558000,,1,10.0,False,,False,True,22.0,62.0,1018.4,False,44.4,30,0.5,True,False,False,False,False,False,+62.530,+5.868,62.53,5.868,9106.758,80.2,,,21.198,37.359,21.643,9047.812,9085.171,9106.814,9026.558
2024,Monaco Grand Prix,8,Monaco,Monaco,0 days 02:33:06.735000,GAS,10,0 days 00:01:19.977000,42.0,2.0,,Pierre Gasly,,0 days 00:00:21.083000,0 days 00:00:37.313000,0 days 00:00:21.581000,0 days 02:32:07.897000,0 days 02:32:45.210000,0 days 02:33:06.791000,199.0,179.0,256.0,275.0,False,MEDIUM,41.0,True,Alpine,0 days 02:31:46.758000,,1,10.0,False,,False,True,21.9,61.0,1018.5,False,44.7,0,0.5,True,False,False,False,False,False,+63.230,+5.761,63.23,5.761,9186.735,79.977,,,21.083,37.313,21.581,9127.897,9165.21,9186.791,9106.758
2024,Monaco Grand Prix,8,Monaco,Monaco,0 days 02:34:27.783000,GAS,10,0 days 00:01:21.048000,43.0,2.0,,Pierre Gasly,,0 days 00:00:21.159000,0 days 00:00:37.964000,0 days 00:00:21.925000,0 days 02:33:27.950000,0 days 02:34:05.914000,0 days 02:34:27.839000,193.0,175.0,256.0,275.0,False,MEDIUM,42.0,True,Alpine,0 days 02:33:06.735000,,1,10.0,False,,False,True,21.9,59.0,1018.6,False,44.8,227,1.0,True,False,False,False,False,False,+66.355,+7.287,66.355,7.287,9267.783,81.048,,,21.159,37.964,21.925,9207.95,9245.914,9267.839,9186.735
2024,Monaco Grand Prix,8,Monaco,Monaco,0 days 02:35:48.404000,GAS,10,0 days 00:01:20.621000,44.0,2.0,,Pierre Gasly,,0 days 00:00:21.328000,0 days 00:00:37.580000,0 days 00:00:21.713000,0 days 02:34:49.167000,0 days 02:35:26.747000,0 days 02:35:48.460000,189.0,175.0,257.0,275.0,False,MEDIUM,43.0,True,Alpine,0 days 02:34:27.783000,,1,10.0,False,,False,True,22.0,58.0,1018.5,False,44.5,192,0.5,True,False,False,False,False,False,+68.758,+8.251,68.758,8.251,9348.404,80.621,,,21.328,37.58,21.713,9289.167,9326.747,9348.46,9267.783
2024,Monaco Grand Prix,8,Monaco,Monaco,0 days 02:37:07.786000,GAS,10,0 days 00:01:19.382000,45.0,2.0,,Pierre Gasly,,0 days 00:00:20.902000,0 days 00:00:37.198000,0 days 00:00:21.282000,0 days 02:36:09.362000,0 days 02:36:46.560000,0 days 02:37:07.842000,190.0,179.0,257.0,275.0,False,MEDIUM,44.0,True,Alpine,0 days 02:35:48.404000,,1,10.0,False,,False,True,22.0,58.0,1018.5,False,44.2,206,0.8,True,False,False,False,False,False,+69.622,+5.988,69.622,5.988,9427.786,79.382,,,20.902,37.198,21.282,9369.362,9406.56,9427.842,9348.404
2024,Monaco Grand Prix,8,Monaco,Monaco,0 days 02:38:27.756000,GAS,10,0 days 00:01:19.970000,46.0,2.0,,Pierre Gasly,,0 days 00:00:21.139000,0 days 00:00:37.499000,0 days 00:00:21.332000,0 days 02:37:28.981000,0 days 02:38:06.480000,0 days 02:38:27.812000,192.0,177.0,257.0,275.0,False,MEDIUM,45.0,True,Alpine,0 days 02:37:07.786000,,1,10.0,False,,False,True,22.0,58.0,1018.4,False,44.5,276,1.8,True,False,False,False,False,False,+71.002,+5.261,71.002,5.261,9507.756,79.97,,,21.139,37.499,21.332,9448.981,9486.48,9507.812,9427.786
2024,Monaco Grand Prix,8,Monaco,Monaco,0 days 02:39:47.191000,GAS,10,0 days 00:01:19.435000,47.0,2.0,,Pierre Gasly,,0 days 00:00:20.865000,0 days 00:00:37.294000,0 days 00:00:21.276000,0 days 02:38:48.677000,0 days 02:39:25.971000,0 days 02:39:47.247000,198.0,176.0,256.0,275.0,False,MEDIUM,46.0,True,Alpine,0 days 02:38:27.756000,,1,10.0,False,,False,True,22.0,57.0,1018.5,False,43.8,205,0.7,True,False,False,False,False,False,+71.252,+4.234,71.252,4.234,9587.191,79.435,,,20.865,37.294,21.276,9528.677,9565.971,9587.247,9507.756
2024,Monaco Grand Prix,8,Monaco,Monaco,0 days 02:41:07.056000,GAS,10,0 days 00:01:19.865000,48.0,2.0,,Pierre Gasly,,0 days 00:00:20.925000,0 days 00:00:37.454000,0 days 00:00:21.486000,0 days 02:40:08.172000,0 days 02:40:45.626000,0 days 02:41:07.112000,196.0,181.0,257.0,275.0,False,MEDIUM,47.0,True,Alpine,0 days 02:39:47.191000,,1,10.0,False,,False,True,22.0,58.0,1018.4,False,43.8,218,1.1,True,False,False,False,False,False,+73.176,+4.778,73.176,4.778,9667.056,79.865,,,20.925,37.454,21.486,9608.172,9645.626,9667.112,9587.191
2024,Monaco Grand Prix,8,Monaco,Monaco,0 days 02:42:27.590000,GAS,10,0 days 00:01:20.534000,49.0,2.0,,Pierre Gasly,,0 days 00:00:20.805000,0 days 00:00:37.858000,0 days 00:00:21.871000,0 days 02:41:27.917000,0 days 02:42:05.775000,0 days 02:42:27.646000,197.0,173.0,257.0,275.0,False,MEDIUM,48.0,True,Alpine,0 days 02:41:07.056000,,1,10.0,False,,False,True,21.9,58.0,1018.5,False,43.7,354,1.0,True,False,False,False,False,False,+75.204,+5.934,75.204,5.934,9747.59,80.534,,,20.805,37.858,21.871,9687.917,9725.775,9747.646,9667.056
2024,Monaco Grand Prix,8,Monaco,Monaco,0 days 02:43:48.613000,GAS,10,0 days 00:01:21.023000,50.0,2.0,,Pierre Gasly,,0 days 00:00:21.029000,0 days 00:00:37.509000,0 days 00:00:22.485000,0 days 02:42:48.675000,0 days 02:43:26.184000,0 days 02:43:48.669000,189.0,173.0,236.0,275.0,False,MEDIUM,49.0,True,Alpine,0 days 02:42:27.590000,,1,10.0,False,,False,True,21.9,58.0,1018.5,False,43.7,89,1.1,True,False,False,False,False,False,+77.294,+6.897,77.294,6.897,9828.613,81.023,,,21.029,37.509,22.485,9768.675,9806.184,9828.669,9747.59
2024,Monaco Grand Prix,8,Monaco,Monaco,0 days 02:45:13.086000,GAS,10,0 days 00:01:24.473000,51.0,2.0,,Pierre Gasly,,0 days 00:00:21.930000,0 days 00:00:40.611000,0 days 00:00:21.932000,0 days 02:44:10.599000,0 days 02:44:51.210000,0 days 02:45:13.142000,140.0,175.0,257.0,264.0,False,MEDIUM,50.0,True,Alpine,0 days 02:43:48.613000,,1,10.0,False,,False,True,21.8,58.0,1018.6,False,43.0,200,0.7,True,False,False,False,False,False,1 L,+13.299,,13.299,9913.086,84.473,,,21.93,40.611,21.932,9850.599,9891.21,9913.142,9828.613
2024,Monaco Grand Prix,8,Monaco,Monaco,0 days 02:46:32.829000,GAS,10,0 days 00:01:19.743000,52.0,2.0,,Pierre Gasly,,0 days 00:00:21.148000,0 days 00:00:37.157000,0 days 00:00:21.438000,0 days 02:45:34.290000,0 days 02:46:11.447000,0 days 02:46:32.885000,193.0,180.0,258.0,278.0,False,MEDIUM,51.0,True,Alpine,0 days 02:45:13.086000,,12,10.0,False,,False,True,21.9,58.0,1018.5,False,43.2,321,0.8,True,True,False,False,False,False,1 L,+11.488,,11.488,9992.829,79.743,,,21.148,37.157,21.438,9934.29,9971.447,9992.885,9913.086
2024,Monaco Grand Prix,8,Monaco,Monaco,0 days 02:47:52.746000,GAS,10,0 days 00:01:19.917000,53.0,2.0,,Pierre Gasly,,0 days 00:00:20.986000,0 days 00:00:37.411000,0 days 00:00:21.520000,0 days 02:46:53.871000,0 days 02:47:31.282000,0 days 02:47:52.802000,188.0,178.0,258.0,279.0,False,MEDIUM,52.0,True,Alpine,0 days 02:46:32.829000,,1,10.0,False,,False,True,21.9,59.0,1018.6,False,43.0,228,1.1,True,False,False,False,False,False,1 L,+10.705,,10.705,10072.746,79.917,,,20.986,37.411,21.52,10013.871,10051.282,10072.802,9992.829
2024,Monaco Grand Prix,8,Monaco,Monaco,0 days 02:49:11.837000,GAS,10,0 days 00:01:19.091000,54.0,2.0,,Pierre Gasly,,0 days 00:00:20.968000,0 days 00:00:36.845000,0 days 00:00:21.278000,0 days 02:48:13.770000,0 days 02:48:50.615000,0 days 02:49:11.893000,189.0,178.0,258.0,279.0,True,MEDIUM,53.0,True,Alpine,0 days 02:47:52.746000,,1,10.0,False,,False,True,21.9,59.0,1018.4,False,42.8,236,1.4,True,False,False,False,False,False,1 L,+6.149,,6.149,10151.837,79.091,,,20.968,36.845,21.278,10093.77,10130.615,10151.893,10072.746
2024,Monaco Grand Prix,8,Monaco,Monaco,0 days 02:50:31.244000,GAS,10,0 days 00:01:19.407000,55.0,2.0,,Pierre Gasly,,0 days 00:00:20.714000,0 days 00:00:37.252000,0 days 00:00:21.441000,0 days 02:49:32.607000,0 days 02:50:09.859000,0 days 02:50:31.300000,196.0,179.0,258.0,278.0,False,MEDIUM,54.0,True,Alpine,0 days 02:49:11.837000,,1,10.0,False,,False,True,21.7,60.0,1018.4,False,42.4,59,0.9,True,False,False,False,False,False,1 L,+6.471,,6.471,10231.244,79.407,,,20.714,37.252,21.441,10172.607,10209.859,10231.3,10151.837
2024,Monaco Grand Prix,8,Monaco,Monaco,0 days 02:51:50.948000,GAS,10,0 days 00:01:19.704000,56.0,2.0,,Pierre Gasly,,0 days 00:00:20.991000,0 days 00:00:37.282000,0 days 00:00:21.431000,0 days 02:50:52.291000,0 days 02:51:29.573000,0 days 02:51:51.004000,194.0,178.0,258.0,278.0,False,MEDIUM,55.0,True,Alpine,0 days 02:50:31.244000,,1,10.0,False,,False,True,21.6,60.0,1018.4,False,42.2,140,0.8,True,False,False,False,False,False,1 L,+7.379,,7.379,10310.948,79.704,,,20.991,37.282,21.431,10252.291,10289.573,10311.004,10231.244
2024,Monaco Grand Prix,8,Monaco,Monaco,0 days 02:53:10.396000,GAS,10,0 days 00:01:19.448000,57.0,2.0,,Pierre Gasly,,0 days 00:00:20.953000,0 days 00:00:37.124000,0 days 00:00:21.371000,0 days 02:52:11.957000,0 days 02:52:49.081000,0 days 02:53:10.452000,197.0,181.0,257.0,278.0,False,MEDIUM,56.0,True,Alpine,0 days 02:51:50.948000,,1,10.0,False,,False,True,21.7,59.0,1018.5,False,42.4,0,0.6,True,False,False,False,False,False,1 L,+8.556,,8.556,10390.396,79.448,,,20.953,37.124,21.371,10331.957,10369.081,10390.452,10310.948
2024,Monaco Grand Prix,8,Monaco,Monaco,0 days 02:54:29.493000,GAS,10,0 days 00:01:19.097000,58.0,2.0,,Pierre Gasly,,0 days 00:00:20.943000,0 days 00:00:36.982000,0 days 00:00:21.172000,0 days 02:53:31.395000,0 days 02:54:08.377000,0 days 02:54:29.549000,197.0,178.0,257.0,277.0,False,MEDIUM,57.0,True,Alpine,0 days 02:53:10.396000,,1,10.0,False,,False,True,21.6,61.0,1018.4,False,41.9,9,1.1,True,False,False,False,False,False,1 L,+8.963,,8.963,10469.493,79.097,,,20.943,36.982,21.172,10411.395,10448.377,10469.549,10390.396
2024,Monaco Grand Prix,8,Monaco,Monaco,0 days 02:55:50.871000,GAS,10,0 days 00:01:21.378000,59.0,2.0,,Pierre Gasly,,0 days 00:00:20.820000,0 days 00:00:38.540000,0 days 00:00:22.018000,0 days 02:54:50.369000,0 days 02:55:28.909000,0 days 02:55:50.927000,191.0,171.0,236.0,277.0,False,MEDIUM,58.0,True,Alpine,0 days 02:54:29.493000,,1,10.0,False,,False,True,21.5,61.0,1018.5,False,42.3,284,0.5,True,False,False,False,False,False,1 L,+11.794,,11.794,10550.871,81.378,,,20.82,38.54,22.018,10490.369,10528.909,10550.927,10469.493
2024,Monaco Grand Prix,8,Monaco,Monaco,0 days 02:57:11.108000,GAS,10,0 days 00:01:20.237000,60.0,2.0,,Pierre Gasly,,0 days 00:00:21.558000,0 days 00:00:37.268000,0 days 00:00:21.411000,0 days 02:56:12.485000,0 days 02:56:49.753000,0 days 02:57:11.164000,189.0,177.0,259.0,279.0,False,MEDIUM,59.0,True,Alpine,0 days 02:55:50.871000,,1,10.0,False,,False,True,21.6,60.0,1018.4,False,42.3,222,0.6,True,False,False,False,False,False,1 L,+12.844,,12.844,10631.108,80.237,,,21.558,37.268,21.411,10572.485,10609.753,10631.164,10550.871
2024,Monaco Grand Prix,8,Monaco,Monaco,0 days 02:58:31.515000,GAS,10,0 days 00:01:20.407000,61.0,2.0,,Pierre Gasly,,0 days 00:00:20.827000,0 days 00:00:38.074000,0 days 00:00:21.506000,0 days 02:57:31.991000,0 days 02:58:10.065000,0 days 02:58:31.571000,190.0,180.0,259.0,271.0,False,MEDIUM,60.0,True,Alpine,0 days 02:57:11.108000,,1,10.0,False,,False,True,21.8,59.0,1018.4,False,42.0,264,1.2,True,False,False,False,False,False,1 L,+13.029,,13.029,10711.515,80.407,,,20.827,38.074,21.506,10651.991,10690.065,10711.571,10631.108
2024,Monaco Grand Prix,8,Monaco,Monaco,0 days 02:59:49.984000,GAS,10,0 days 00:01:18.469000,62.0,2.0,,Pierre Gasly,,0 days 00:00:20.628000,0 days 00:00:36.697000,0 days 00:00:21.144000,0 days 02:58:52.199000,0 days 02:59:28.896000,0 days 02:59:50.040000,191.0,180.0,258.0,279.0,True,MEDIUM,61.0,True,Alpine,0 days 02:58:31.515000,,1,10.0,False,,False,True,22.0,60.0,1018.5,False,42.0,284,0.8,True,False,False,False,False,False,1 L,+11.992,,11.992,10789.984,78.469,,,20.628,36.697,21.144,10732.199,10768.896,10790.04,10711.515
2024,Monaco Grand Prix,8,Monaco,Monaco,0 days 03:01:09.139000,GAS,10,0 days 00:01:19.155000,63.0,2.0,,Pierre Gasly,,0 days 00:00:21.048000,0 days 00:00:36.832000,0 days 00:00:21.275000,0 days 03:00:11.088000,0 days 03:00:47.920000,0 days 03:01:09.195000,192.0,179.0,258.0,279.0,False,MEDIUM,62.0,True,Alpine,0 days 02:59:49.984000,,1,10.0,False,,False,True,21.9,60.0,1018.3,False,41.2,47,0.8,True,False,False,False,False,False,1 L,+8.062,,8.062,10869.139,79.155,,,21.048,36.832,21.275,10811.088,10847.92,10869.195,10789.984
2024,Monaco Grand Prix,8,Monaco,Monaco,0 days 03:02:28.007000,GAS,10,0 days 00:01:18.868000,64.0,2.0,,Pierre Gasly,,0 days 00:00:20.752000,0 days 00:00:36.818000,0 days 00:00:21.298000,0 days 03:01:29.947000,0 days 03:02:06.765000,0 days 03:02:28.063000,192.0,181.0,259.0,278.0,False,MEDIUM,63.0,True,Alpine,0 days 03:01:09.139000,,1,10.0,False,,False,True,21.9,59.0,1018.4,False,41.7,283,1.2,True,False,False,False,False,False,1 L,+9.019,,9.019,10948.007,78.868,,,20.752,36.818,21.298,10889.947,10926.765,10948.063,10869.139
2024,Monaco Grand Prix,8,Monaco,Monaco,0 days 03:03:47.227000,GAS,10,0 days 00:01:19.220000,65.0,2.0,,Pierre Gasly,,0 days 00:00:20.772000,0 days 00:00:37.149000,0 days 00:00:21.299000,0 days 03:02:48.835000,0 days 03:03:25.984000,0 days 03:03:47.283000,197.0,180.0,258.0,277.0,False,MEDIUM,64.0,True,Alpine,0 days 03:02:28.007000,,1,10.0,False,,False,True,22.0,59.0,1018.3,False,41.7,325,1.7,True,False,False,False,False,False,1 L,+10.978,,10.978,11027.227,79.22,,,20.772,37.149,21.299,10968.835,11005.984,11027.283,10948.007
2024,Monaco Grand Prix,8,Monaco,Monaco,0 days 03:05:05.953000,GAS,10,0 days 00:01:18.726000,66.0,2.0,,Pierre Gasly,,0 days 00:00:20.602000,0 days 00:00:36.831000,0 days 00:00:21.293000,0 days 03:04:07.885000,0 days 03:04:44.716000,0 days 03:05:06.009000,200.0,181.0,258.0,276.0,False,MEDIUM,65.0,True,Alpine,0 days 03:03:47.227000,,1,10.0,False,,False,True,22.0,60.0,1018.3,False,41.6,58,1.0,True,False,False,False,False,False,1 L,+11.701,,11.701,11105.953,78.726,,,20.602,36.831,21.293,11047.885,11084.716,11106.009,11027.227
2024,Monaco Grand Prix,8,Monaco,Monaco,0 days 03:06:24.577000,GAS,10,0 days 00:01:18.624000,67.0,2.0,,Pierre Gasly,,0 days 00:00:20.646000,0 days 00:00:36.723000,0 days 00:00:21.255000,0 days 03:05:26.655000,0 days 03:06:03.378000,0 days 03:06:24.633000,201.0,179.0,258.0,276.0,False,MEDIUM,66.0,True,Alpine,0 days 03:05:05.953000,,1,10.0,False,,False,True,21.7,61.0,1018.4,False,41.1,229,0.8,True,False,False,False,False,False,1 L,+12.342,,12.342,11184.577,78.624,,,20.646,36.723,21.255,11126.655,11163.378,11184.633,11105.953
2024,Monaco Grand Prix,8,Monaco,Monaco,0 days 03:07:43.122000,GAS,10,0 days 00:01:18.545000,68.0,2.0,,Pierre Gasly,,0 days 00:00:20.684000,0 days 00:00:36.715000,0 days 00:00:21.146000,0 days 03:06:45.317000,0 days 03:07:22.032000,0 days 03:07:43.178000,201.0,182.0,258.0,276.0,False,MEDIUM,67.0,True,Alpine,0 days 03:06:24.577000,,1,10.0,False,,False,True,21.8,60.0,1018.5,False,41.6,224,0.8,True,False,False,False,False,False,1 L,+12.611,,12.611,11263.122,78.545,,,20.684,36.715,21.146,11205.317,11242.032,11263.178,11184.577
2024,Monaco Grand Prix,8,Monaco,Monaco,0 days 03:09:01.485000,GAS,10,0 days 00:01:18.363000,69.0,2.0,,Pierre Gasly,,0 days 00:00:20.583000,0 days 00:00:36.630000,0 days 00:00:21.150000,0 days 03:08:03.761000,0 days 03:08:40.391000,0 days 03:09:01.541000,200.0,181.0,259.0,276.0,True,MEDIUM,68.0,True,Alpine,0 days 03:07:43.122000,,1,10.0,False,,False,True,21.8,60.0,1018.4,False,41.6,209,1.0,True,False,False,False,False,False,1 L,+10.995,,10.995,11341.485,78.363,,,20.583,36.63,21.15,11283.761,11320.391,11341.541,11263.122
2024,Monaco Grand Prix,8,Monaco,Monaco,0 days 03:10:19.284000,GAS,10,0 days 00:01:17.799000,70.0,2.0,,Pierre Gasly,,0 days 00:00:20.552000,0 days 00:00:36.322000,0 days 00:00:20.925000,0 days 03:09:22.093000,0 days 03:09:58.415000,0 days 03:10:19.340000,200.0,182.0,259.0,277.0,True,MEDIUM,69.0,True,Alpine,0 days 03:09:01.485000,,1,10.0,False,,False,True,21.6,61.0,1018.4,False,41.0,58,0.7,True,False,False,False,False,False,1 L,+9.482,,9.482,11419.284,77.799,,,20.552,36.322,20.925,11362.093,11398.415,11419.34,11341.485
2024,Monaco Grand Prix,8,Monaco,Monaco,0 days 03:11:37.424000,GAS,10,0 days 00:01:18.140000,71.0,2.0,,Pierre Gasly,,0 days 00:00:20.691000,0 days 00:00:36.423000,0 days 00:00:21.026000,0 days 03:10:40.031000,0 days 03:11:16.454000,0 days 03:11:37.480000,196.0,186.0,258.0,277.0,False,MEDIUM,70.0,True,Alpine,0 days 03:10:19.284000,,1,10.0,False,,False,True,21.6,62.0,1018.4,False,40.5,214,0.9,True,False,False,False,False,False,1 L,+8.660,,8.66,11497.424,78.14,,,20.691,36.423,21.026,11440.031,11476.454,11497.48,11419.284
2024,Monaco Grand Prix,8,Monaco,Monaco,0 days 03:12:55.806000,GAS,10,0 days 00:01:18.382000,72.0,2.0,,Pierre Gasly,,0 days 00:00:20.616000,0 days 00:00:36.713000,0 days 00:00:21.053000,0 days 03:11:58.096000,0 days 03:12:34.809000,0 days 03:12:55.862000,199.0,187.0,258.0,277.0,False,MEDIUM,71.0,True,Alpine,0 days 03:11:37.424000,,1,10.0,False,,False,True,21.6,61.0,1018.4,False,40.5,209,0.5,True,False,False,False,False,False,1 L,+8.882,,8.882,11575.806,78.382,,,20.616,36.713,21.053,11518.096,11554.809,11575.862,11497.424
2024,Monaco Grand Prix,8,Monaco,Monaco,0 days 03:14:13.798000,GAS,10,0 days 00:01:17.992000,73.0,2.0,,Pierre Gasly,,0 days 00:00:20.630000,0 days 00:00:36.392000,0 days 00:00:20.970000,0 days 03:13:16.492000,0 days 03:13:52.884000,0 days 03:14:13.854000,197.0,188.0,259.0,277.0,False,MEDIUM,72.0,True,Alpine,0 days 03:12:55.806000,,1,10.0,False,,False,True,21.7,61.0,1018.4,False,40.8,214,0.7,True,False,False,False,False,False,1 L,+8.467,,8.467,11653.798,77.992,,,20.63,36.392,20.97,11596.492,11632.884,11653.854,11575.806
2024,Monaco Grand Prix,8,Monaco,Monaco,0 days 03:15:30.487000,GAS,10,0 days 00:01:16.689000,74.0,2.0,,Pierre Gasly,,0 days 00:00:20.111000,0 days 00:00:35.963000,0 days 00:00:20.615000,0 days 03:14:33.965000,0 days 03:15:09.928000,0 days 03:15:30.543000,204.0,189.0,259.0,278.0,True,MEDIUM,73.0,True,Alpine,0 days 03:14:13.798000,,1,10.0,False,,False,True,21.7,61.0,1018.4,False,40.6,353,0.6,True,False,False,False,False,False,1 L,+7.117,,7.117,11730.487,76.689,,,20.111,35.963,20.615,11673.965,11709.928,11730.543,11653.798
2024,Monaco Grand Prix,8,Monaco,Monaco,0 days 03:16:48.607000,GAS,10,0 days 00:01:18.120000,75.0,2.0,,Pierre Gasly,,0 days 00:00:20.546000,0 days 00:00:36.425000,0 days 00:00:21.149000,0 days 03:15:51.089000,0 days 03:16:27.514000,0 days 03:16:48.663000,201.0,186.0,259.0,278.0,False,MEDIUM,74.0,True,Alpine,0 days 03:15:30.487000,,1,10.0,False,,False,True,21.7,61.0,1018.4,False,40.6,224,0.9,True,False,False,False,False,False,1 L,+7.387,,7.387,11808.607,78.12,,,20.546,36.425,21.149,11751.089,11787.514,11808.663,11730.487
2024,Monaco Grand Prix,8,Monaco,Monaco,0 days 03:18:06.123000,GAS,10,0 days 00:01:17.516000,76.0,2.0,,Pierre Gasly,,0 days 00:00:20.297000,0 days 00:00:36.111000,0 days 00:00:21.108000,0 days 03:17:08.960000,0 days 03:17:45.071000,0 days 03:18:06.179000,205.0,187.0,259.0,278.0,False,MEDIUM,75.0,True,Alpine,0 days 03:16:48.607000,,1,10.0,False,,False,True,21.8,61.0,1018.4,False,40.9,219,1.2,True,False,False,False,False,False,1 L,+7.624,,7.624,11886.123,77.516,,,20.297,36.111,21.108,11828.96,11865.071,11886.179,11808.607
2024,Monaco Grand Prix,8,Monaco,Monaco,0 days 03:19:21.748000,GAS,10,0 days 00:01:15.625000,77.0,2.0,,Pierre Gasly,,0 days 00:00:19.978000,0 days 00:00:35.327000,0 days 00:00:20.320000,0 days 03:18:26.157000,0 days 03:19:01.484000,0 days 03:19:21.804000,210.0,193.0,259.0,278.0,True,MEDIUM,76.0,True,Alpine,0 days 03:18:06.123000,,1,10.0,False,,False,True,21.8,62.0,1018.4,False,40.2,0,0.8,True,False,False,False,False,False,1 L,+6.189,,6.189,11961.748,75.625,,,19.978,35.327,20.32,11906.157,11941.484,11961.804,11886.123
2024,Monaco Grand Prix,8,Monaco,Monaco,0 days 01:36:02.319000,PER,11,,1.0,1.0,,Sergio Perez,,,,,,,,,,,,False,HARD,1.0,True,Red Bull Racing,0 days 00:55:05.680000,,1254,,False,,True,False,21.6,66.0,1018.9,False,48.4,255,0.6,True,True,True,True,False,False,,,,,5762.319,,,,,,,,,,3305.68
2024,Monaco Grand Prix,8,Monaco,Monaco,0 days 01:36:59.137000,ALO,14,0 days 00:41:53.184000,1.0,1.0,,Fernando Alonso,0 days 00:57:10.782000,,0 days 00:01:00.893000,,,0 days 00:56:38.879000,,165.0,64.0,,133.0,False,HARD,2.0,False,Aston Martin,0 days 00:55:05.680000,,1254,13.0,False,,False,False,21.6,66.0,1018.9,False,48.4,255,0.6,True,True,True,True,False,False,+24.681,+1.491,24.681,1.491,5819.137,2513.184,3430.782,,,60.893,,,3398.879,,3305.68
2024,Monaco Grand Prix,8,Monaco,Monaco,0 days 01:39:03.708000,ALO,14,0 days 00:02:04.571000,2.0,2.0,0 days 01:37:00.031000,Fernando Alonso,,0 days 00:00:27.874000,0 days 00:00:40.625000,0 days 00:00:56.072000,0 days 01:37:27.044000,0 days 01:38:07.669000,0 days 01:39:03.741000,177.0,167.0,168.0,258.0,False,MEDIUM,2.0,False,Aston Martin,0 days 01:36:59.137000,,41,13.0,False,,False,False,21.5,66.0,1018.9,False,48.1,231,0.7,True,False,True,False,False,False,+39.117,+5.392,39.117,5.392,5943.708,124.571,,5820.031,27.874,40.625,56.072,5847.044,5887.669,5943.741,5819.137
2024,Monaco Grand Prix,8,Monaco,Monaco,0 days 01:40:32.896000,ALO,14,0 days 00:01:29.188000,3.0,2.0,,Fernando Alonso,,0 days 00:00:26.223000,0 days 00:00:40.567000,0 days 00:00:22.398000,0 days 01:39:29.964000,0 days 01:40:10.531000,0 days 01:40:32.929000,161.0,172.0,256.0,281.0,True,MEDIUM,3.0,False,Aston Martin,0 days 01:39:03.708000,,1,12.0,False,,False,True,21.6,65.0,1018.8,False,49.2,0,0.6,True,False,False,False,False,False,+8.132,+1.148,8.132,1.148,6032.896,89.188,,,26.223,40.567,22.398,5969.964,6010.531,6032.929,5943.708
2024,Monaco Grand Prix,8,Monaco,Monaco,0 days 01:41:56.632000,ALO,14,0 days 00:01:23.736000,4.0,2.0,,Fernando Alonso,,0 days 00:00:21.802000,0 days 00:00:39.405000,0 days 00:00:22.529000,0 days 01:40:54.731000,0 days 01:41:34.136000,0 days 01:41:56.665000,177.0,162.0,254.0,281.0,True,MEDIUM,4.0,False,Aston Martin,0 days 01:40:32.896000,,1,12.0,False,,False,True,21.7,63.0,1018.9,False,49.2,0,0.6,True,False,False,False,False,False,+9.243,+1.530,9.243,1.53,6116.632,83.736,,,21.802,39.405,22.529,6054.731,6094.136,6116.665,6032.896
2024,Monaco Grand Prix,8,Monaco,Monaco,0 days 01:43:20.207000,ALO,14,0 days 00:01:23.575000,5.0,2.0,,Fernando Alonso,,0 days 00:00:22.017000,0 days 00:00:39.329000,0 days 00:00:22.229000,0 days 01:42:18.682000,0 days 01:42:58.011000,0 days 01:43:20.240000,184.0,159.0,256.0,278.0,True,MEDIUM,5.0,False,Aston Martin,0 days 01:41:56.632000,,1,12.0,False,,False,True,21.6,64.0,1018.9,False,48.2,353,2.0,True,False,False,False,False,False,+11.023,+1.374,11.023,1.374,6200.207,83.575,,,22.017,39.329,22.229,6138.682,6178.011,6200.24,6116.632
2024,Monaco Grand Prix,8,Monaco,Monaco,0 days 01:44:42.918000,ALO,14,0 days 00:01:22.711000,6.0,2.0,,Fernando Alonso,,0 days 00:00:21.899000,0 days 00:00:38.932000,0 days 00:00:21.880000,0 days 01:43:42.139000,0 days 01:44:21.071000,0 days 01:44:42.951000,183.0,166.0,257.0,268.0,True,MEDIUM,6.0,False,Aston Martin,0 days 01:43:20.207000,,1,12.0,False,,False,True,21.6,63.0,1018.8,False,48.2,0,1.0,True,False,False,False,False,False,+12.589,+1.108,12.589,1.108,6282.918,82.711,,,21.899,38.932,21.88,6222.139,6261.071,6282.951,6200.207
2024,Monaco Grand Prix,8,Monaco,Monaco,0 days 01:46:05.784000,ALO,14,0 days 00:01:22.866000,7.0,2.0,,Fernando Alonso,,0 days 00:00:22.196000,0 days 00:00:38.682000,0 days 00:00:21.988000,0 days 01:45:05.147000,0 days 01:45:43.829000,0 days 01:46:05.817000,182.0,158.0,257.0,281.0,False,MEDIUM,7.0,False,Aston Martin,0 days 01:44:42.918000,,1,12.0,False,,False,True,21.8,64.0,1018.9,False,48.7,6,0.4,True,False,False,False,False,False,+14.475,+1.340,14.475,1.34,6365.784,82.866,,,22.196,38.682,21.988,6305.147,6343.829,6365.817,6282.918
2024,Monaco Grand Prix,8,Monaco,Monaco,0 days 01:47:28.068000,ALO,14,0 days 00:01:22.284000,8.0,2.0,,Fernando Alonso,,0 days 00:00:21.774000,0 days 00:00:38.297000,0 days 00:00:22.213000,0 days 01:46:27.591000,0 days 01:47:05.888000,0 days 01:47:28.101000,189.0,161.0,255.0,281.0,True,MEDIUM,8.0,False,Aston Martin,0 days 01:46:05.784000,,1,12.0,False,,False,True,21.9,63.0,1018.9,False,47.9,253,0.9,True,False,False,False,False,False,+15.729,+1.971,15.729,1.971,6448.068,82.284,,,21.774,38.297,22.213,6387.591,6425.888,6448.101,6365.784
2024,Monaco Grand Prix,8,Monaco,Monaco,0 days 01:48:49.718000,ALO,14,0 days 00:01:21.650000,9.0,2.0,,Fernando Alonso,,0 days 00:00:21.431000,0 days 00:00:38.194000,0 days 00:00:22.025000,0 days 01:47:49.532000,0 days 01:48:27.726000,0 days 01:48:49.751000,191.0,162.0,256.0,277.0,True,MEDIUM,9.0,False,Aston Martin,0 days 01:47:28.068000,,1,12.0,False,,False,True,22.0,64.0,1018.8,False,47.9,340,1.1,True,False,False,False,False,False,+17.265,+1.531,17.265,1.531,6529.718,81.65,,,21.431,38.194,22.025,6469.532,6507.726,6529.751,6448.068
2024,Monaco Grand Prix,8,Monaco,Monaco,0 days 01:50:11.582000,ALO,14,0 days 00:01:21.864000,10.0,2.0,,Fernando Alonso,,0 days 00:00:21.673000,0 days 00:00:38.362000,0 days 00:00:21.829000,0 days 01:49:11.424000,0 days 01:49:49.786000,0 days 01:50:11.615000,201.0,166.0,258.0,273.0,False,MEDIUM,10.0,False,Aston Martin,0 days 01:48:49.718000,,1,12.0,False,,False,True,22.1,65.0,1018.8,False,47.4,289,0.7,True,False,False,False,False,False,+18.354,+1.670,18.354,1.67,6611.582,81.864,,,21.673,38.362,21.829,6551.424,6589.786,6611.615,6529.718
2024,Monaco Grand Prix,8,Monaco,Monaco,0 days 01:51:33,ALO,14,0 days 00:01:21.418000,11.0,2.0,,Fernando Alonso,,0 days 00:00:21.680000,0 days 00:00:38.074000,0 days 00:00:21.664000,0 days 01:50:33.295000,0 days 01:51:11.369000,0 days 01:51:33.033000,200.0,164.0,258.0,275.0,True,MEDIUM,11.0,False,Aston Martin,0 days 01:50:11.582000,,1,12.0,False,,False,True,22.2,61.0,1018.9,False,47.9,9,1.3,True,False,False,False,False,False,+18.726,+1.571,18.726,1.571,6693.0,81.418,,,21.68,38.074,21.664,6633.295,6671.369,6693.033,6611.582
2024,Monaco Grand Prix,8,Monaco,Monaco,0 days 01:52:54.366000,ALO,14,0 days 00:01:21.366000,12.0,2.0,,Fernando Alonso,,0 days 00:00:21.601000,0 days 00:00:38.025000,0 days 00:00:21.740000,0 days 01:51:54.634000,0 days 01:52:32.659000,0 days 01:52:54.399000,198.0,164.0,257.0,280.0,True,MEDIUM,12.0,False,Aston Martin,0 days 01:51:33,,1,12.0,False,,False,True,22.3,63.0,1018.8,False,47.3,2,0.6,True,False,False,False,False,False,+19.840,+1.466,19.84,1.466,6774.366,81.366,,,21.601,38.025,21.74,6714.634,6752.659,6774.399,6693.0
2024,Monaco Grand Prix,8,Monaco,Monaco,0 days 01:54:15.794000,ALO,14,0 days 00:01:21.428000,13.0,2.0,,Fernando Alonso,,0 days 00:00:21.616000,0 days 00:00:37.967000,0 days 00:00:21.845000,0 days 01:53:16.015000,0 days 01:53:53.982000,0 days 01:54:15.827000,201.0,164.0,257.0,278.0,False,MEDIUM,13.0,False,Aston Martin,0 days 01:52:54.366000,,1,12.0,False,,False,True,22.1,64.0,1018.8,False,47.2,208,1.2,True,False,False,False,False,False,+22.254,+1.582,22.254,1.582,6855.794,81.428,,,21.616,37.967,21.845,6796.015,6833.982,6855.827,6774.366
2024,Monaco Grand Prix,8,Monaco,Monaco,0 days 01:55:37.186000,ALO,14,0 days 00:01:21.392000,14.0,2.0,,Fernando Alonso,,0 days 00:00:21.713000,0 days 00:00:37.752000,0 days 00:00:21.927000,0 days 01:54:37.540000,0 days 01:55:15.292000,0 days 01:55:37.219000,199.0,168.0,257.0,281.0,False,MEDIUM,14.0,False,Aston Martin,0 days 01:54:15.794000,,1,12.0,False,,False,True,22.0,63.0,1018.7,False,47.1,22,0.5,True,False,False,False,False,False,+23.730,+2.545,23.73,2.545,6937.186,81.392,,,21.713,37.752,21.927,6877.54,6915.292,6937.219,6855.794
2024,Monaco Grand Prix,8,Monaco,Monaco,0 days 01:56:58.247000,ALO,14,0 days 00:01:21.061000,15.0,2.0,,Fernando Alonso,,0 days 00:00:21.355000,0 days 00:00:37.933000,0 days 00:00:21.773000,0 days 01:55:58.574000,0 days 01:56:36.507000,0 days 01:56:58.280000,196.0,171.0,254.0,279.0,True,MEDIUM,15.0,False,Aston Martin,0 days 01:55:37.186000,,1,12.0,False,,False,True,22.0,62.0,1018.8,False,47.1,351,1.1,True,False,False,False,False,False,+24.953,+2.825,24.953,2.825,7018.247,81.061,,,21.355,37.933,21.773,6958.574,6996.507,7018.28,6937.186
2024,Monaco Grand Prix,8,Monaco,Monaco,0 days 01:58:19.565000,ALO,14,0 days 00:01:21.318000,16.0,2.0,,Fernando Alonso,,0 days 00:00:21.107000,0 days 00:00:38.215000,0 days 00:00:21.996000,0 days 01:57:19.387000,0 days 01:57:57.602000,0 days 01:58:19.598000,193.0,168.0,255.0,277.0,False,MEDIUM,16.0,False,Aston Martin,0 days 01:56:58.247000,,1,12.0,False,,False,True,21.8,64.0,1018.8,False,46.1,8,1.3,True,False,False,False,False,False,+26.115,+2.954,26.115,2.954,7099.565,81.318,,,21.107,38.215,21.996,7039.387,7077.602,7099.598,7018.247
2024,Monaco Grand Prix,8,Monaco,Monaco,0 days 01:59:40.364000,ALO,14,0 days 00:01:20.799000,17.0,2.0,,Fernando Alonso,,0 days 00:00:21.278000,0 days 00:00:37.763000,0 days 00:00:21.758000,0 days 01:58:40.876000,0 days 01:59:18.639000,0 days 01:59:40.397000,189.0,174.0,255.0,279.0,True,MEDIUM,17.0,False,Aston Martin,0 days 01:58:19.565000,,1,12.0,False,,False,True,21.6,64.0,1018.7,False,46.7,38,1.1,True,False,False,False,False,False,+26.635,+1.783,26.635,1.783,7180.364,80.799,,,21.278,37.763,21.758,7120.876,7158.639,7180.397,7099.565
2024,Monaco Grand Prix,8,Monaco,Monaco,0 days 02:01:01.439000,ALO,14,0 days 00:01:21.075000,18.0,2.0,,Fernando Alonso,,0 days 00:00:21.516000,0 days 00:00:37.919000,0 days 00:00:21.640000,0 days 02:00:01.913000,0 days 02:00:39.832000,0 days 02:01:01.472000,193.0,171.0,255.0,277.0,False,MEDIUM,18.0,False,Aston Martin,0 days 01:59:40.364000,,1,12.0,False,,False,True,21.7,63.0,1018.7,False,47.2,101,0.8,True,False,False,False,False,False,+28.085,+2.115,28.085,2.115,7261.439,81.075,,,21.516,37.919,21.64,7201.913,7239.832,7261.472,7180.364
2024,Monaco Grand Prix,8,Monaco,Monaco,0 days 02:02:22.044000,ALO,14,0 days 00:01:20.605000,19.0,2.0,,Fernando Alonso,,0 days 00:00:21.373000,0 days 00:00:37.682000,0 days 00:00:21.550000,0 days 02:01:22.845000,0 days 02:02:00.527000,0 days 02:02:22.077000,192.0,180.0,255.0,278.0,True,MEDIUM,19.0,False,Aston Martin,0 days 02:01:01.439000,,1,12.0,False,,False,True,21.9,61.0,1018.8,False,46.6,36,1.3,True,False,False,False,False,False,+29.893,+2.412,29.893,2.412,7342.044,80.605,,,21.373,37.682,21.55,7282.845,7320.527,7342.077,7261.439
2024,Monaco Grand Prix,8,Monaco,Monaco,0 days 02:03:43.154000,ALO,14,0 days 00:01:21.110000,20.0,2.0,,Fernando Alonso,,0 days 00:00:21.232000,0 days 00:00:37.966000,0 days 00:00:21.912000,0 days 02:02:43.309000,0 days 02:03:21.275000,0 days 02:03:43.187000,187.0,173.0,255.0,274.0,False,MEDIUM,20.0,False,Aston Martin,0 days 02:02:22.044000,,1,12.0,False,,False,True,21.9,62.0,1018.8,False,45.8,337,0.9,True,False,False,False,False,False,+32.279,+4.124,32.279,4.124,7423.154,81.11,,,21.232,37.966,21.912,7363.309,7401.275,7423.187,7342.044
2024,Monaco Grand Prix,8,Monaco,Monaco,0 days 02:05:03.471000,ALO,14,0 days 00:01:20.317000,21.0,2.0,,Fernando Alonso,,0 days 00:00:20.942000,0 days 00:00:37.709000,0 days 00:00:21.666000,0 days 02:04:04.129000,0 days 02:04:41.838000,0 days 02:05:03.504000,191.0,174.0,255.0,278.0,True,MEDIUM,21.0,False,Aston Martin,0 days 02:03:43.154000,,1,12.0,False,,False,True,21.9,64.0,1018.7,False,45.8,0,1.3,True,False,False,False,False,False,+34.124,+5.425,34.124,5.425,7503.471,80.317,,,20.942,37.709,21.666,7444.129,7481.838,7503.504,7423.154
2024,Monaco Grand Prix,8,Monaco,Monaco,0 days 02:06:24.508000,ALO,14,0 days 00:01:21.037000,22.0,2.0,,Fernando Alonso,,0 days 00:00:21.098000,0 days 00:00:38.045000,0 days 00:00:21.894000,0 days 02:05:24.602000,0 days 02:06:02.647000,0 days 02:06:24.541000,196.0,172.0,255.0,271.0,False,MEDIUM,22.0,False,Aston Martin,0 days 02:05:03.471000,,1,12.0,False,,False,True,21.8,65.0,1018.8,False,45.9,198,0.5,True,False,False,False,False,False,+36.541,+5.155,36.541,5.155,7584.508,81.037,,,21.098,38.045,21.894,7524.602,7562.647,7584.541,7503.471
2024,Monaco Grand Prix,8,Monaco,Monaco,0 days 02:07:44.754000,ALO,14,0 days 00:01:20.246000,23.0,2.0,,Fernando Alonso,,0 days 00:00:21.273000,0 days 00:00:37.462000,0 days 00:00:21.511000,0 days 02:06:45.814000,0 days 02:07:23.276000,0 days 02:07:44.787000,196.0,178.0,256.0,278.0,True,MEDIUM,23.0,False,Aston Martin,0 days 02:06:24.508000,,1,12.0,False,,False,True,21.7,63.0,1018.7,False,46.1,356,1.1,True,False,False,False,False,False,+38.329,+4.213,38.329,4.213,7664.754,80.246,,,21.273,37.462,21.511,7605.814,7643.276,7664.787,7584.508
2024,Monaco Grand Prix,8,Monaco,Monaco,0 days 02:09:06.167000,ALO,14,0 days 00:01:21.413000,24.0,2.0,,Fernando Alonso,,0 days 00:00:20.990000,0 days 00:00:38.131000,0 days 00:00:22.292000,0 days 02:08:05.777000,0 days 02:08:43.908000,0 days 02:09:06.200000,196.0,169.0,256.0,276.0,False,MEDIUM,24.0,False,Aston Martin,0 days 02:07:44.754000,,1,12.0,False,,False,True,21.8,64.0,1018.7,False,46.3,272,1.4,True,False,False,False,False,False,+40.968,+3.908,40.968,3.908,7746.167,81.413,,,20.99,38.131,22.292,7685.777,7723.908,7746.2,7664.754
2024,Monaco Grand Prix,8,Monaco,Monaco,0 days 02:10:27.258000,ALO,14,0 days 00:01:21.091000,25.0,2.0,,Fernando Alonso,,0 days 00:00:21.312000,0 days 00:00:38.033000,0 days 00:00:21.746000,0 days 02:09:27.512000,0 days 02:10:05.545000,0 days 02:10:27.291000,192.0,165.0,256.0,278.0,False,MEDIUM,25.0,False,Aston Martin,0 days 02:09:06.167000,,1,12.0,False,,False,True,21.7,62.0,1018.6,False,45.7,325,1.3,True,False,False,False,False,False,+43.135,+4.590,43.135,4.59,7827.258,81.091,,,21.312,38.033,21.746,7767.512,7805.545,7827.291,7746.167
2024,Monaco Grand Prix,8,Monaco,Monaco,0 days 02:11:48.116000,ALO,14,0 days 00:01:20.858000,26.0,2.0,,Fernando Alonso,,0 days 00:00:21.459000,0 days 00:00:37.846000,0 days 00:00:21.553000,0 days 02:10:48.750000,0 days 02:11:26.596000,0 days 02:11:48.149000,207.0,167.0,255.0,272.0,False,MEDIUM,26.0,False,Aston Martin,0 days 02:10:27.258000,,1,12.0,False,,False,True,21.8,64.0,1018.5,False,46.0,23,0.7,True,False,False,False,False,False,+45.548,+4.859,45.548,4.859,7908.116,80.858,,,21.459,37.846,21.553,7848.75,7886.596,7908.149,7827.258
2024,Monaco Grand Prix,8,Monaco,Monaco,0 days 02:13:09.419000,ALO,14,0 days 00:01:21.303000,27.0,2.0,,Fernando Alonso,,0 days 00:00:21.592000,0 days 00:00:37.890000,0 days 00:00:21.821000,0 days 02:12:09.741000,0 days 02:12:47.631000,0 days 02:13:09.452000,208.0,158.0,255.0,274.0,False,MEDIUM,27.0,False,Aston Martin,0 days 02:11:48.116000,,1,12.0,False,,False,True,21.9,63.0,1018.6,False,46.0,296,0.6,True,False,False,False,False,False,+48.500,+5.855,48.5,5.855,7989.419,81.303,,,21.592,37.89,21.821,7929.741,7967.631,7989.452,7908.116
2024,Monaco Grand Prix,8,Monaco,Monaco,0 days 02:14:30.963000,ALO,14,0 days 00:01:21.544000,28.0,2.0,,Fernando Alonso,,0 days 00:00:21.722000,0 days 00:00:37.884000,0 days 00:00:21.938000,0 days 02:13:31.174000,0 days 02:14:09.058000,0 days 02:14:30.996000,201.0,169.0,255.0,274.0,False,MEDIUM,28.0,False,Aston Martin,0 days 02:13:09.419000,,1,12.0,False,,False,True,22.0,63.0,1018.5,False,45.6,215,1.7,True,False,False,False,False,False,+51.334,+7.268,51.334,7.268,8070.963,81.544,,,21.722,37.884,21.938,8011.174,8049.058,8070.996,7989.419
2024,Monaco Grand Prix,8,Monaco,Monaco,0 days 02:15:52.168000,ALO,14,0 days 00:01:21.205000,29.0,2.0,,Fernando Alonso,,0 days 00:00:21.626000,0 days 00:00:38.024000,0 days 00:00:21.555000,0 days 02:14:52.622000,0 days 02:15:30.646000,0 days 02:15:52.201000,205.0,158.0,254.0,275.0,False,MEDIUM,29.0,False,Aston Martin,0 days 02:14:30.963000,,1,12.0,False,,False,True,22.0,62.0,1018.5,False,45.9,220,0.9,True,False,False,False,False,False,+53.486,+9.009,53.486,9.009,8152.168,81.205,,,21.626,38.024,21.555,8092.622,8130.646,8152.201,8070.963
2024,Monaco Grand Prix,8,Monaco,Monaco,0 days 02:17:13.202000,ALO,14,0 days 00:01:21.034000,30.0,2.0,,Fernando Alonso,,0 days 00:00:21.707000,0 days 00:00:37.404000,0 days 00:00:21.923000,0 days 02:16:13.908000,0 days 02:16:51.312000,0 days 02:17:13.235000,204.0,171.0,254.0,275.0,False,MEDIUM,30.0,False,Aston Martin,0 days 02:15:52.168000,,1,12.0,False,,False,True,22.0,61.0,1018.6,False,46.4,265,0.6,True,False,False,False,False,False,+54.585,+8.621,54.585,8.621,8233.202,81.034,,,21.707,37.404,21.923,8173.908,8211.312,8233.235,8152.168
2024,Monaco Grand Prix,8,Monaco,Monaco,0 days 02:18:33.844000,ALO,14,0 days 00:01:20.642000,31.0,2.0,,Fernando Alonso,,0 days 00:00:21.442000,0 days 00:00:37.792000,0 days 00:00:21.408000,0 days 02:17:34.677000,0 days 02:18:12.469000,0 days 02:18:33.877000,206.0,163.0,255.0,277.0,False,MEDIUM,31.0,False,Aston Martin,0 days 02:17:13.202000,,1,12.0,False,,False,True,22.0,61.0,1018.6,False,45.5,237,0.9,True,False,False,False,False,False,+56.834,+6.728,56.834,6.728,8313.844,80.642,,,21.442,37.792,21.408,8254.677,8292.469,8313.877,8233.202
2024,Monaco Grand Prix,8,Monaco,Monaco,0 days 02:19:54.854000,ALO,14,0 days 00:01:21.010000,32.0,2.0,,Fernando Alonso,,0 days 00:00:21.681000,0 days 00:00:37.433000,0 days 00:00:21.896000,0 days 02:18:55.558000,0 days 02:19:32.991000,0 days 02:19:54.887000,203.0,163.0,256.0,277.0,False,MEDIUM,32.0,False,Aston Martin,0 days 02:18:33.844000,,1,12.0,False,,False,True,21.9,62.0,1018.5,False,45.6,245,1.0,True,False,False,False,False,False,+58.719,+6.486,58.719,6.486,8394.854,81.01,,,21.681,37.433,21.896,8335.558,8372.991,8394.887,8313.844
2024,Monaco Grand Prix,8,Monaco,Monaco,0 days 02:21:15.204000,ALO,14,0 days 00:01:20.350000,33.0,2.0,,Fernando Alonso,,0 days 00:00:21.174000,0 days 00:00:37.679000,0 days 00:00:21.497000,0 days 02:20:16.061000,0 days 02:20:53.740000,0 days 02:21:15.237000,205.0,163.0,254.0,276.0,False,MEDIUM,33.0,False,Aston Martin,0 days 02:19:54.854000,,1,12.0,False,,False,True,22.0,61.0,1018.5,False,45.9,268,1.0,True,False,False,False,False,False,+60.575,+6.300,60.575,6.3,8475.204,80.35,,,21.174,37.679,21.497,8416.061,8453.74,8475.237,8394.854
2024,Monaco Grand Prix,8,Monaco,Monaco,0 days 02:22:36.081000,ALO,14,0 days 00:01:20.877000,34.0,2.0,,Fernando Alonso,,0 days 00:00:21.407000,0 days 00:00:37.844000,0 days 00:00:21.626000,0 days 02:21:36.644000,0 days 02:22:14.488000,0 days 02:22:36.114000,205.0,170.0,257.0,274.0,False,MEDIUM,34.0,False,Aston Martin,0 days 02:21:15.204000,,1,12.0,False,,False,True,22.0,62.0,1018.6,False,45.1,0,0.9,True,False,False,False,False,False,+62.198,+7.349,62.198,7.349,8556.081,80.877,,,21.407,37.844,21.626,8496.644,8534.488,8556.114,8475.204
2024,Monaco Grand Prix,8,Monaco,Monaco,0 days 02:23:56.513000,ALO,14,0 days 00:01:20.432000,35.0,2.0,,Fernando Alonso,,0 days 00:00:21.123000,0 days 00:00:37.814000,0 days 00:00:21.495000,0 days 02:22:57.237000,0 days 02:23:35.051000,0 days 02:23:56.546000,202.0,173.0,256.0,276.0,False,MEDIUM,35.0,False,Aston Martin,0 days 02:22:36.081000,,1,12.0,False,,False,True,21.9,65.0,1018.6,False,44.5,358,0.6,True,False,False,False,False,False,+64.016,+8.252,64.016,8.252,8636.513,80.432,,,21.123,37.814,21.495,8577.237,8615.051,8636.546,8556.081
2024,Monaco Grand Prix,8,Monaco,Monaco,0 days 02:25:17.641000,ALO,14,0 days 00:01:21.128000,36.0,2.0,,Fernando Alonso,,0 days 00:00:21.543000,0 days 00:00:38.239000,0 days 00:00:21.346000,0 days 02:24:18.089000,0 days 02:24:56.328000,0 days 02:25:17.674000,204.0,167.0,255.0,274.0,False,MEDIUM,36.0,False,Aston Martin,0 days 02:23:56.513000,,1,12.0,False,,False,True,21.7,63.0,1018.5,False,44.4,305,1.5,True,False,False,False,False,False,+66.474,+10.154,66.474,10.154,8717.641,81.128,,,21.543,38.239,21.346,8658.089,8696.328,8717.674,8636.513
2024,Monaco Grand Prix,8,Monaco,Monaco,0 days 02:26:39.153000,ALO,14,0 days 00:01:21.512000,37.0,2.0,,Fernando Alonso,,0 days 00:00:21.648000,0 days 00:00:38.268000,0 days 00:00:21.596000,0 days 02:25:39.322000,0 days 02:26:17.590000,0 days 02:26:39.186000,208.0,166.0,255.0,276.0,False,MEDIUM,37.0,False,Aston Martin,0 days 02:25:17.641000,,1,12.0,False,,False,True,21.8,63.0,1018.5,False,44.5,271,1.0,True,False,False,False,False,False,+69.061,+12.028,69.061,12.028,8799.153,81.512,,,21.648,38.268,21.596,8739.322,8777.59,8799.186,8717.641
2024,Monaco Grand Prix,8,Monaco,Monaco,0 days 02:28:00.235000,ALO,14,0 days 00:01:21.082000,38.0,2.0,,Fernando Alonso,,0 days 00:00:21.437000,0 days 00:00:38.207000,0 days 00:00:21.438000,0 days 02:27:00.623000,0 days 02:27:38.830000,0 days 02:28:00.268000,203.0,174.0,256.0,276.0,False,MEDIUM,38.0,False,Aston Martin,0 days 02:26:39.153000,,1,12.0,False,,False,True,21.8,62.0,1018.6,False,44.8,169,0.7,True,False,False,False,False,False,+71.615,+13.404,71.615,13.404,8880.235,81.082,,,21.437,38.207,21.438,8820.623,8858.83,8880.268,8799.153
2024,Monaco Grand Prix,8,Monaco,Monaco,0 days 02:29:21.500000,ALO,14,0 days 00:01:21.265000,39.0,2.0,,Fernando Alonso,,0 days 00:00:21.464000,0 days 00:00:38.197000,0 days 00:00:21.604000,0 days 02:28:21.732000,0 days 02:28:59.929000,0 days 02:29:21.533000,208.0,172.0,256.0,275.0,False,MEDIUM,39.0,False,Aston Martin,0 days 02:28:00.235000,,1,12.0,False,,False,True,21.9,61.0,1018.6,False,44.4,269,0.8,True,False,False,False,False,False,+74.699,+14.802,74.699,14.802,8961.5,81.265,,,21.464,38.197,21.604,8901.732,8939.929,8961.533,8880.235
2024,Monaco Grand Prix,8,Monaco,Monaco,0 days 02:30:42.255000,ALO,14,0 days 00:01:20.755000,40.0,2.0,,Fernando Alonso,,0 days 00:00:21.321000,0 days 00:00:38.087000,0 days 00:00:21.347000,0 days 02:29:42.854000,0 days 02:30:20.941000,0 days 02:30:42.288000,208.0,177.0,255.0,276.0,False,MEDIUM,40.0,False,Aston Martin,0 days 02:29:21.500000,,1,12.0,False,,False,True,22.0,60.0,1018.5,False,44.4,111,0.8,True,False,False,False,False,False,+76.647,+14.982,76.647,14.982,9042.255,80.755,,,21.321,38.087,21.347,8982.854,9020.941,9042.288,8961.5
2024,Monaco Grand Prix,8,Monaco,Monaco,0 days 02:32:05.701000,ALO,14,0 days 00:01:23.446000,41.0,2.0,,Fernando Alonso,,0 days 00:00:21.479000,0 days 00:00:39.423000,0 days 00:00:22.544000,0 days 02:31:03.767000,0 days 02:31:43.190000,0 days 02:32:05.734000,199.0,171.0,249.0,269.0,False,MEDIUM,41.0,False,Aston Martin,0 days 02:30:42.255000,,1,12.0,False,,False,True,22.0,62.0,1018.4,False,44.4,30,0.5,True,False,False,False,False,False,1 L,+18.353,,18.353,9125.701,83.446,,,21.479,39.423,22.544,9063.767,9103.19,9125.734,9042.255
2024,Monaco Grand Prix,8,Monaco,Monaco,0 days 02:33:29.033000,ALO,14,0 days 00:01:23.332000,42.0,2.0,,Fernando Alonso,,0 days 00:00:23.949000,0 days 00:00:38.112000,0 days 00:00:21.271000,0 days 02:32:29.683000,0 days 02:33:07.795000,0 days 02:33:29.066000,192.0,172.0,258.0,281.0,False,MEDIUM,42.0,False,Aston Martin,0 days 02:32:05.701000,,1,12.0,False,,False,True,21.9,59.0,1018.5,False,44.8,0,0.9,True,False,False,False,False,False,1 L,+4.623,,4.623,9209.033,83.332,,,23.949,38.112,21.271,9149.683,9187.795,9209.066,9125.701
2024,Monaco Grand Prix,8,Monaco,Monaco,0 days 02:34:49.319000,ALO,14,0 days 00:01:20.286000,43.0,2.0,,Fernando Alonso,,0 days 00:00:20.975000,0 days 00:00:37.871000,0 days 00:00:21.440000,0 days 02:33:50.041000,0 days 02:34:27.912000,0 days 02:34:49.352000,197.0,179.0,256.0,280.0,False,MEDIUM,43.0,False,Aston Martin,0 days 02:33:29.033000,,1,12.0,False,,False,True,21.9,59.0,1018.6,False,44.8,227,1.0,True,False,False,False,False,False,1 L,+2.134,,2.134,9289.319,80.286,,,20.975,37.871,21.44,9230.041,9267.912,9289.352,9209.033
2024,Monaco Grand Prix,8,Monaco,Monaco,0 days 02:36:08.171000,ALO,14,0 days 00:01:18.852000,44.0,2.0,,Fernando Alonso,,0 days 00:00:20.449000,0 days 00:00:37.160000,0 days 00:00:21.243000,0 days 02:35:09.801000,0 days 02:35:46.961000,0 days 02:36:08.204000,205.0,185.0,257.0,279.0,True,MEDIUM,44.0,False,Aston Martin,0 days 02:34:49.319000,,1,12.0,False,,False,True,22.0,58.0,1018.5,False,44.5,192,0.5,True,False,False,False,False,False,1 L,+2.435,,2.435,9368.171,78.852,,,20.449,37.16,21.243,9309.801,9346.961,9368.204,9289.319
2024,Monaco Grand Prix,8,Monaco,Monaco,0 days 02:37:28.127000,ALO,14,0 days 00:01:19.956000,45.0,2.0,,Fernando Alonso,,0 days 00:00:20.812000,0 days 00:00:37.559000,0 days 00:00:21.585000,0 days 02:36:29.016000,0 days 02:37:06.575000,0 days 02:37:28.160000,200.0,185.0,257.0,279.0,False,MEDIUM,45.0,False,Aston Martin,0 days 02:36:08.171000,,1,12.0,False,,False,True,21.9,57.0,1018.3,False,44.5,203,1.8,True,False,False,False,False,False,1 L,+3.585,,3.585,9448.127,79.956,,,20.812,37.559,21.585,9389.016,9426.575,9448.16,9368.171
2024,Monaco Grand Prix,8,Monaco,Monaco,0 days 02:38:47.055000,ALO,14,0 days 00:01:18.928000,46.0,2.0,,Fernando Alonso,,0 days 00:00:20.659000,0 days 00:00:37.129000,0 days 00:00:21.140000,0 days 02:37:48.819000,0 days 02:38:25.948000,0 days 02:38:47.088000,202.0,182.0,256.0,279.0,False,MEDIUM,46.0,False,Aston Martin,0 days 02:37:28.127000,,1,12.0,False,,False,True,22.0,58.0,1018.4,False,44.5,276,1.8,True,False,False,False,False,False,1 L,+4.217,,4.217,9527.055,78.928,,,20.659,37.129,21.14,9468.819,9505.948,9527.088,9448.127
2024,Monaco Grand Prix,8,Monaco,Monaco,0 days 02:40:06.164000,ALO,14,0 days 00:01:19.109000,47.0,2.0,,Fernando Alonso,,0 days 00:00:20.636000,0 days 00:00:37.285000,0 days 00:00:21.188000,0 days 02:39:07.724000,0 days 02:39:45.009000,0 days 02:40:06.197000,198.0,184.0,256.0,279.0,False,MEDIUM,47.0,False,Aston Martin,0 days 02:38:47.055000,,1,12.0,False,,False,True,22.0,57.0,1018.5,False,43.8,205,0.7,True,False,False,False,False,False,1 L,+5.264,,5.264,9606.164,79.109,,,20.636,37.285,21.188,9547.724,9585.009,9606.197,9527.055
2024,Monaco Grand Prix,8,Monaco,Monaco,0 days 02:41:26.479000,ALO,14,0 days 00:01:20.315000,48.0,2.0,,Fernando Alonso,,0 days 00:00:20.454000,0 days 00:00:37.439000,0 days 00:00:22.422000,0 days 02:40:26.651000,0 days 02:41:04.090000,0 days 02:41:26.512000,204.0,167.0,257.0,279.0,False,MEDIUM,48.0,False,Aston Martin,0 days 02:40:06.164000,,1,11.0,False,,False,True,22.0,57.0,1018.4,False,43.7,0,1.7,True,False,False,False,False,False,1 L,+19.423,,19.423,9686.479,80.315,,,20.454,37.439,22.422,9626.651,9664.09,9686.512,9606.164
2024,Monaco Grand Prix,8,Monaco,Monaco,0 days 02:42:46.316000,ALO,14,0 days 00:01:19.837000,49.0,2.0,,Fernando Alonso,,0 days 00:00:21.329000,0 days 00:00:37.218000,0 days 00:00:21.290000,0 days 02:41:47.841000,0 days 02:42:25.059000,0 days 02:42:46.349000,204.0,174.0,257.0,278.0,False,MEDIUM,49.0,False,Aston Martin,0 days 02:41:26.479000,,1,11.0,False,,False,True,21.9,58.0,1018.5,False,43.7,354,1.0,True,False,False,False,False,False,1 L,+18.726,,18.726,9766.316,79.837,,,21.329,37.218,21.29,9707.841,9745.059,9766.349,9686.479
2024,Monaco Grand Prix,8,Monaco,Monaco,0 days 02:44:05.650000,ALO,14,0 days 00:01:19.334000,50.0,2.0,,Fernando Alonso,,0 days 00:00:21.010000,0 days 00:00:37.161000,0 days 00:00:21.163000,0 days 02:43:07.359000,0 days 02:43:44.520000,0 days 02:44:05.683000,205.0,182.0,256.0,278.0,False,MEDIUM,50.0,False,Aston Martin,0 days 02:42:46.316000,,1,11.0,False,,False,True,21.9,58.0,1018.5,False,43.7,89,1.1,True,False,False,False,False,False,1 L,+17.037,,17.037,9845.65,79.334,,,21.01,37.161,21.163,9787.359,9824.52,9845.683,9766.316
2024,Monaco Grand Prix,8,Monaco,Monaco,0 days 02:45:26.286000,ALO,14,0 days 00:01:20.636000,51.0,2.0,,Fernando Alonso,,0 days 00:00:20.839000,0 days 00:00:37.908000,0 days 00:00:21.889000,0 days 02:44:26.522000,0 days 02:45:04.430000,0 days 02:45:26.319000,197.0,176.0,255.0,276.0,False,MEDIUM,51.0,False,Aston Martin,0 days 02:44:05.650000,,1,11.0,False,,False,True,21.8,57.0,1018.5,False,43.2,52,1.0,True,False,False,False,False,False,1 L,+13.196,,13.196,9926.286,80.636,,,20.839,37.908,21.889,9866.522,9904.43,9926.319,9845.65
2024,Monaco Grand Prix,8,Monaco,Monaco,0 days 02:46:49.663000,ALO,14,0 days 00:01:23.377000,52.0,2.0,,Fernando Alonso,,0 days 00:00:21.575000,0 days 00:00:40.300000,0 days 00:00:21.502000,0 days 02:45:47.894000,0 days 02:46:28.194000,0 days 02:46:49.696000,184.0,171.0,264.0,277.0,False,MEDIUM,52.0,False,Aston Martin,0 days 02:45:26.286000,,12,11.0,True,TRACK LIMITS AT TURN 10 LAP 52 ,False,True,21.9,58.0,1018.5,False,43.2,321,0.8,True,True,False,False,False,False,1 L,+16.856,,16.856,10009.663,83.377,,,21.575,40.3,21.502,9947.894,9988.194,10009.696,9926.286
2024,Monaco Grand Prix,8,Monaco,Monaco,0 days 02:48:09.655000,ALO,14,0 days 00:01:19.992000,53.0,2.0,,Fernando Alonso,,0 days 00:00:20.927000,0 days 00:00:37.618000,0 days 00:00:21.447000,0 days 02:47:10.623000,0 days 02:47:48.241000,0 days 02:48:09.688000,206.0,175.0,257.0,279.0,False,MEDIUM,53.0,False,Aston Martin,0 days 02:46:49.663000,,1,11.0,False,,False,True,21.9,59.0,1018.6,False,43.0,228,1.1,True,False,False,False,False,False,1 L,+16.909,,16.909,10089.655,79.992,,,20.927,37.618,21.447,10030.623,10068.241,10089.688,10009.663
2024,Monaco Grand Prix,8,Monaco,Monaco,0 days 02:49:28.846000,ALO,14,0 days 00:01:19.191000,54.0,2.0,,Fernando Alonso,,0 days 00:00:20.821000,0 days 00:00:37.085000,0 days 00:00:21.285000,0 days 02:48:30.509000,0 days 02:49:07.594000,0 days 02:49:28.879000,203.0,181.0,256.0,279.0,False,MEDIUM,54.0,False,Aston Martin,0 days 02:48:09.655000,,1,11.0,False,,False,True,21.7,59.0,1018.4,False,42.5,0,1.1,True,False,False,False,False,False,1 L,+17.009,,17.009,10168.846,79.191,,,20.821,37.085,21.285,10110.509,10147.594,10168.879,10089.655
2024,Monaco Grand Prix,8,Monaco,Monaco,0 days 02:50:48.257000,ALO,14,0 days 00:01:19.411000,55.0,2.0,,Fernando Alonso,,0 days 00:00:20.897000,0 days 00:00:37.211000,0 days 00:00:21.303000,0 days 02:49:49.776000,0 days 02:50:26.987000,0 days 02:50:48.290000,201.0,181.0,256.0,278.0,False,MEDIUM,55.0,False,Aston Martin,0 days 02:49:28.846000,,1,11.0,False,,False,True,21.7,60.0,1018.4,False,42.4,59,0.9,True,False,False,False,False,False,1 L,+17.013,,17.013,10248.257,79.411,,,20.897,37.211,21.303,10189.776,10226.987,10248.29,10168.846
2024,Monaco Grand Prix,8,Monaco,Monaco,0 days 02:52:08.996000,ALO,14,0 days 00:01:20.739000,56.0,2.0,,Fernando Alonso,,0 days 00:00:20.958000,0 days 00:00:38.563000,0 days 00:00:21.218000,0 days 02:51:09.248000,0 days 02:51:47.811000,0 days 02:52:09.029000,197.0,175.0,258.0,275.0,False,MEDIUM,56.0,False,Aston Martin,0 days 02:50:48.257000,,1,11.0,False,,False,True,21.6,60.0,1018.4,False,42.2,140,0.8,True,False,False,False,False,False,1 L,+18.048,,18.048,10328.996,80.739,,,20.958,38.563,21.218,10269.248,10307.811,10329.029,10248.257
2024,Monaco Grand Prix,8,Monaco,Monaco,0 days 02:53:29.596000,ALO,14,0 days 00:01:20.600000,57.0,2.0,,Fernando Alonso,,0 days 00:00:20.709000,0 days 00:00:38.543000,0 days 00:00:21.348000,0 days 02:52:29.738000,0 days 02:53:08.281000,0 days 02:53:29.629000,190.0,178.0,258.0,241.0,False,MEDIUM,57.0,False,Aston Martin,0 days 02:52:08.996000,,1,11.0,False,,False,True,21.8,60.0,1018.5,False,42.2,30,1.2,True,False,False,False,False,False,1 L,+19.200,,19.2,10409.596,80.6,,,20.709,38.543,21.348,10349.738,10388.281,10409.629,10328.996
2024,Monaco Grand Prix,8,Monaco,Monaco,0 days 02:54:48.825000,ALO,14,0 days 00:01:19.229000,58.0,2.0,,Fernando Alonso,,0 days 00:00:20.768000,0 days 00:00:37.325000,0 days 00:00:21.136000,0 days 02:53:50.397000,0 days 02:54:27.722000,0 days 02:54:48.858000,198.0,182.0,257.0,279.0,False,MEDIUM,58.0,False,Aston Martin,0 days 02:53:29.596000,,1,11.0,False,,False,True,21.6,61.0,1018.4,False,41.9,9,1.1,True,False,False,False,False,False,1 L,+19.332,,19.332,10488.825,79.229,,,20.768,37.325,21.136,10430.397,10467.722,10488.858,10409.596
2024,Monaco Grand Prix,8,Monaco,Monaco,0 days 02:56:08.044000,ALO,14,0 days 00:01:19.219000,59.0,2.0,,Fernando Alonso,,0 days 00:00:20.848000,0 days 00:00:37.175000,0 days 00:00:21.196000,0 days 02:55:09.706000,0 days 02:55:46.881000,0 days 02:56:08.077000,199.0,184.0,258.0,279.0,False,MEDIUM,59.0,False,Aston Martin,0 days 02:54:48.825000,,1,11.0,False,,False,True,21.5,61.0,1018.5,False,42.3,284,0.5,True,False,False,False,False,False,1 L,+17.173,,17.173,10568.044,79.219,,,20.848,37.175,21.196,10509.706,10546.881,10568.077,10488.825
2024,Monaco Grand Prix,8,Monaco,Monaco,0 days 02:57:27.210000,ALO,14,0 days 00:01:19.166000,60.0,2.0,,Fernando Alonso,,0 days 00:00:20.950000,0 days 00:00:37.120000,0 days 00:00:21.096000,0 days 02:56:29.027000,0 days 02:57:06.147000,0 days 02:57:27.243000,203.0,182.0,257.0,278.0,False,MEDIUM,60.0,False,Aston Martin,0 days 02:56:08.044000,,1,11.0,False,,False,True,21.6,60.0,1018.4,False,42.0,241,0.9,True,False,False,False,False,False,1 L,+16.042,,16.042,10647.21,79.166,,,20.95,37.12,21.096,10589.027,10626.147,10647.243,10568.044
2024,Monaco Grand Prix,8,Monaco,Monaco,0 days 02:58:45.962000,ALO,14,0 days 00:01:18.752000,61.0,2.0,,Fernando Alonso,,0 days 00:00:20.746000,0 days 00:00:36.978000,0 days 00:00:21.028000,0 days 02:57:47.989000,0 days 02:58:24.967000,0 days 02:58:45.995000,202.0,181.0,256.0,278.0,True,MEDIUM,61.0,False,Aston Martin,0 days 02:57:27.210000,,1,11.0,False,,False,True,21.8,59.0,1018.4,False,42.0,264,1.2,True,False,False,False,False,False,1 L,+14.447,,14.447,10725.962,78.752,,,20.746,36.978,21.028,10667.989,10704.967,10725.995,10647.21
2024,Monaco Grand Prix,8,Monaco,Monaco,0 days 03:00:04.778000,ALO,14,0 days 00:01:18.816000,62.0,2.0,,Fernando Alonso,,0 days 00:00:20.780000,0 days 00:00:37.033000,0 days 00:00:21.003000,0 days 02:59:06.775000,0 days 02:59:43.808000,0 days 03:00:04.811000,206.0,183.0,257.0,277.0,False,MEDIUM,62.0,False,Aston Martin,0 days 02:58:45.962000,,1,11.0,False,,False,True,22.0,60.0,1018.5,False,42.0,284,0.8,True,False,False,False,False,False,1 L,+14.747,,14.747,10804.778,78.816,,,20.78,37.033,21.003,10746.775,10783.808,10804.811,10725.962
2024,Monaco Grand Prix,8,Monaco,Monaco,0 days 03:01:23.334000,ALO,14,0 days 00:01:18.556000,63.0,2.0,,Fernando Alonso,,0 days 00:00:20.520000,0 days 00:00:37.030000,0 days 00:00:21.006000,0 days 03:00:25.331000,0 days 03:01:02.361000,0 days 03:01:23.367000,206.0,183.0,257.0,278.0,True,MEDIUM,63.0,False,Aston Martin,0 days 03:00:04.778000,,1,11.0,False,,False,True,21.9,60.0,1018.4,False,42.0,215,0.9,True,False,False,False,False,False,1 L,+14.172,,14.172,10883.334,78.556,,,20.52,37.03,21.006,10825.331,10862.361,10883.367,10804.778
2024,Monaco Grand Prix,8,Monaco,Monaco,0 days 03:02:42.070000,ALO,14,0 days 00:01:18.736000,64.0,2.0,,Fernando Alonso,,0 days 00:00:20.603000,0 days 00:00:37.073000,0 days 00:00:21.060000,0 days 03:01:43.970000,0 days 03:02:21.043000,0 days 03:02:42.103000,203.0,184.0,258.0,278.0,False,MEDIUM,64.0,False,Aston Martin,0 days 03:01:23.334000,,1,11.0,False,,False,True,21.9,59.0,1018.4,False,41.7,283,1.2,True,False,False,False,False,False,1 L,+14.054,,14.054,10962.07,78.736,,,20.603,37.073,21.06,10903.97,10941.043,10962.103,10883.334
2024,Monaco Grand Prix,8,Monaco,Monaco,0 days 03:04:00.703000,ALO,14,0 days 00:01:18.633000,65.0,2.0,,Fernando Alonso,,0 days 00:00:20.501000,0 days 00:00:37.104000,0 days 00:00:21.028000,0 days 03:03:02.604000,0 days 03:03:39.708000,0 days 03:04:00.736000,203.0,184.0,257.0,277.0,False,MEDIUM,65.0,False,Aston Martin,0 days 03:02:42.070000,,1,11.0,False,,False,True,22.0,59.0,1018.3,False,41.7,325,1.7,True,False,False,False,False,False,1 L,+13.452,,13.452,11040.703,78.633,,,20.501,37.104,21.028,10982.604,11019.708,11040.736,10962.07
2024,Monaco Grand Prix,8,Monaco,Monaco,0 days 03:05:19.340000,ALO,14,0 days 00:01:18.637000,66.0,2.0,,Fernando Alonso,,0 days 00:00:20.477000,0 days 00:00:37.185000,0 days 00:00:20.975000,0 days 03:04:21.213000,0 days 03:04:58.398000,0 days 03:05:19.373000,204.0,183.0,258.0,277.0,False,MEDIUM,66.0,False,Aston Martin,0 days 03:04:00.703000,,1,11.0,False,,False,True,21.8,60.0,1018.4,False,40.9,14,0.7,True,False,False,False,False,False,1 L,+13.387,,13.387,11119.34,78.637,,,20.477,37.185,20.975,11061.213,11098.398,11119.373,11040.703
2024,Monaco Grand Prix,8,Monaco,Monaco,0 days 03:06:37.466000,ALO,14,0 days 00:01:18.126000,67.0,2.0,,Fernando Alonso,,0 days 00:00:20.430000,0 days 00:00:36.803000,0 days 00:00:20.893000,0 days 03:05:39.803000,0 days 03:06:16.606000,0 days 03:06:37.499000,205.0,186.0,258.0,277.0,True,MEDIUM,67.0,False,Aston Martin,0 days 03:05:19.340000,,1,11.0,False,,False,True,21.7,61.0,1018.4,False,41.1,229,0.8,True,False,False,False,False,False,1 L,+12.880,,12.88,11197.466,78.126,,,20.43,36.803,20.893,11139.803,11176.606,11197.499,11119.34
2024,Monaco Grand Prix,8,Monaco,Monaco,0 days 03:07:55.405000,ALO,14,0 days 00:01:17.939000,68.0,2.0,,Fernando Alonso,,0 days 00:00:20.313000,0 days 00:00:36.659000,0 days 00:00:20.967000,0 days 03:06:57.812000,0 days 03:07:34.471000,0 days 03:07:55.438000,206.0,187.0,258.0,277.0,True,MEDIUM,68.0,False,Aston Martin,0 days 03:06:37.466000,,1,11.0,False,,False,True,21.8,60.0,1018.5,False,41.6,224,0.8,True,False,False,False,False,False,1 L,+12.283,,12.283,11275.405,77.939,,,20.313,36.659,20.967,11217.812,11254.471,11275.438,11197.466
2024,Monaco Grand Prix,8,Monaco,Monaco,0 days 03:09:14.118000,ALO,14,0 days 00:01:18.713000,69.0,2.0,,Fernando Alonso,,0 days 00:00:20.291000,0 days 00:00:36.863000,0 days 00:00:21.559000,0 days 03:08:15.729000,0 days 03:08:52.592000,0 days 03:09:14.151000,206.0,187.0,258.0,277.0,False,MEDIUM,69.0,False,Aston Martin,0 days 03:07:55.405000,,1,11.0,False,,False,True,21.7,60.0,1018.4,False,41.1,0,0.4,True,False,False,False,False,False,1 L,+12.610,,12.61,11354.118,78.713,,,20.291,36.863,21.559,11295.729,11332.592,11354.151,11275.405
2024,Monaco Grand Prix,8,Monaco,Monaco,0 days 03:10:32.591000,ALO,14,0 days 00:01:18.473000,70.0,2.0,,Fernando Alonso,,0 days 00:00:20.526000,0 days 00:00:37.059000,0 days 00:00:20.888000,0 days 03:09:34.677000,0 days 03:10:11.736000,0 days 03:10:32.624000,206.0,187.0,257.0,277.0,False,MEDIUM,70.0,False,Aston Martin,0 days 03:09:14.118000,,1,11.0,False,,False,True,21.6,61.0,1018.4,False,41.0,58,0.7,True,False,False,False,False,False,1 L,+13.307,,13.307,11432.591,78.473,,,20.526,37.059,20.888,11374.677,11411.736,11432.624,11354.118
2024,Monaco Grand Prix,8,Monaco,Monaco,0 days 03:11:50.724000,ALO,14,0 days 00:01:18.133000,71.0,2.0,,Fernando Alonso,,0 days 00:00:20.279000,0 days 00:00:36.942000,0 days 00:00:20.912000,0 days 03:10:52.903000,0 days 03:11:29.845000,0 days 03:11:50.757000,206.0,183.0,258.0,277.0,False,MEDIUM,71.0,False,Aston Martin,0 days 03:10:32.591000,,1,11.0,False,,False,True,21.6,62.0,1018.4,False,40.5,214,0.9,True,False,False,False,False,False,1 L,+13.300,,13.3,11510.724,78.133,,,20.279,36.942,20.912,11452.903,11489.845,11510.757,11432.591
2024,Monaco Grand Prix,8,Monaco,Monaco,0 days 03:13:08.805000,ALO,14,0 days 00:01:18.081000,72.0,2.0,,Fernando Alonso,,0 days 00:00:20.306000,0 days 00:00:36.945000,0 days 00:00:20.830000,0 days 03:12:11.063000,0 days 03:12:48.008000,0 days 03:13:08.838000,208.0,189.0,258.0,277.0,False,MEDIUM,72.0,False,Aston Martin,0 days 03:11:50.724000,,1,11.0,False,,False,True,21.6,61.0,1018.4,False,40.5,209,0.5,True,False,False,False,False,False,1 L,+12.948,,12.948,11588.805,78.081,,,20.306,36.945,20.83,11531.063,11568.008,11588.838,11510.724
2024,Monaco Grand Prix,8,Monaco,Monaco,0 days 03:14:27.309000,ALO,14,0 days 00:01:18.504000,73.0,2.0,,Fernando Alonso,,0 days 00:00:20.282000,0 days 00:00:37.265000,0 days 00:00:20.957000,0 days 03:13:29.120000,0 days 03:14:06.385000,0 days 03:14:27.342000,206.0,183.0,258.0,278.0,False,MEDIUM,73.0,False,Aston Martin,0 days 03:13:08.805000,,1,11.0,False,,False,True,21.7,61.0,1018.4,False,40.8,214,0.7,True,False,False,False,False,False,1 L,+13.511,,13.511,11667.309,78.504,,,20.282,37.265,20.957,11609.12,11646.385,11667.342,11588.805
2024,Monaco Grand Prix,8,Monaco,Monaco,0 days 03:15:47.645000,ALO,14,0 days 00:01:20.336000,74.0,2.0,,Fernando Alonso,,0 days 00:00:20.465000,0 days 00:00:38.628000,0 days 00:00:21.243000,0 days 03:14:47.807000,0 days 03:15:26.435000,0 days 03:15:47.678000,201.0,176.0,259.0,277.0,False,MEDIUM,74.0,False,Aston Martin,0 days 03:14:27.309000,,1,11.0,False,,False,True,21.7,61.0,1018.4,False,40.6,353,0.6,True,False,False,False,False,False,2 L,+17.086,,17.086,11747.645,80.336,,,20.465,38.628,21.243,11687.807,11726.435,11747.678,11667.309
2024,Monaco Grand Prix,8,Monaco,Monaco,0 days 03:17:06.308000,ALO,14,0 days 00:01:18.663000,75.0,2.0,,Fernando Alonso,,0 days 00:00:20.459000,0 days 00:00:37.336000,0 days 00:00:20.868000,0 days 03:16:08.137000,0 days 03:16:45.473000,0 days 03:17:06.341000,203.0,188.0,259.0,280.0,False,MEDIUM,75.0,False,Aston Martin,0 days 03:15:47.645000,,1,11.0,False,,False,True,21.7,61.0,1018.4,False,40.6,224,0.9,True,False,False,False,False,False,2 L,+17.693,,17.693,11826.308,78.663,,,20.459,37.336,20.868,11768.137,11805.473,11826.341,11747.645
2024,Monaco Grand Prix,8,Monaco,Monaco,0 days 03:18:25.361000,ALO,14,0 days 00:01:19.053000,76.0,2.0,,Fernando Alonso,,0 days 00:00:20.583000,0 days 00:00:37.332000,0 days 00:00:21.138000,0 days 03:17:26.924000,0 days 03:18:04.256000,0 days 03:18:25.394000,205.0,186.0,258.0,280.0,False,MEDIUM,76.0,False,Aston Martin,0 days 03:17:06.308000,,1,11.0,False,,False,True,21.8,61.0,1018.4,False,40.9,284,0.8,True,False,False,False,False,False,2 L,+19.173,,19.173,11905.361,79.053,,,20.583,37.332,21.138,11846.924,11884.256,11905.394,11826.308
2024,Monaco Grand Prix,8,Monaco,Monaco,0 days 01:36:02.319000,LEC,16,0 days 00:40:56.330000,1.0,1.0,,Charles Leclerc,0 days 00:56:45.433000,,0 days 00:00:46.389000,,,0 days 00:56:17.802000,,197.0,80.0,,270.0,False,MEDIUM,1.0,True,Ferrari,0 days 00:55:05.680000,,1254,1.0,False,,False,False,21.6,66.0,1018.9,False,48.4,255,0.6,True,True,True,True,False,False,LAP 2,LAP 2,,,5762.319,2456.33,3405.433,,,46.389,,,3377.802,,3305.68
2024,Monaco Grand Prix,8,Monaco,Monaco,0 days 01:39:00.140000,LEC,16,,2.0,2.0,0 days 01:36:03.182000,Charles Leclerc,,0 days 00:00:26.854000,0 days 00:00:41.743000,,0 days 01:36:29.220000,0 days 01:37:11.027000,,173.0,137.0,2.0,241.0,False,HARD,1.0,True,Ferrari,0 days 01:35:54.733000,,14,1.0,False,,False,False,21.5,65.0,1018.9,False,48.1,9,0.8,True,False,True,False,False,False,LAP 2,LAP 2,,,5940.14,,,5763.182,26.854,41.743,,5789.22,5831.027,,5754.733
2024,Monaco Grand Prix,8,Monaco,Monaco,0 days 01:40:24.764000,LEC,16,0 days 00:01:24.624000,3.0,2.0,,Charles Leclerc,,0 days 00:00:24.007000,0 days 00:00:38.235000,0 days 00:00:22.382000,0 days 01:39:24.207000,0 days 01:40:02.442000,0 days 01:40:24.824000,199.0,167.0,250.0,269.0,True,HARD,2.0,True,Ferrari,0 days 01:39:00.140000,,1,1.0,False,,False,True,21.6,65.0,1018.8,False,49.2,0,0.6,True,False,False,False,False,False,LAP 4,LAP 4,,,6024.764,84.624,,,24.007,38.235,22.382,5964.207,6002.442,6024.824,5940.14
2024,Monaco Grand Prix,8,Monaco,Monaco,0 days 01:41:47.389000,LEC,16,0 days 00:01:22.625000,4.0,2.0,,Charles Leclerc,,0 days 00:00:21.892000,0 days 00:00:38.779000,0 days 00:00:21.954000,0 days 01:40:46.716000,0 days 01:41:25.495000,0 days 01:41:47.449000,192.0,173.0,252.0,269.0,True,HARD,3.0,True,Ferrari,0 days 01:40:24.764000,,1,1.0,False,,False,True,21.7,63.0,1018.9,False,49.2,0,0.6,True,False,False,False,False,False,LAP 5,LAP 5,,,6107.389,82.625,,,21.892,38.779,21.954,6046.716,6085.495,6107.449,6024.764
2024,Monaco Grand Prix,8,Monaco,Monaco,0 days 01:43:09.184000,LEC,16,0 days 00:01:21.795000,5.0,2.0,,Charles Leclerc,,0 days 00:00:21.314000,0 days 00:00:38.513000,0 days 00:00:21.968000,0 days 01:42:08.763000,0 days 01:42:47.276000,0 days 01:43:09.244000,196.0,175.0,253.0,271.0,True,HARD,4.0,True,Ferrari,0 days 01:41:47.389000,,1,1.0,False,,False,True,21.7,63.0,1018.8,False,48.8,57,0.6,True,False,False,False,False,False,LAP 6,LAP 6,,,6189.184,81.795,,,21.314,38.513,21.968,6128.763,6167.276,6189.244,6107.389
2024,Monaco Grand Prix,8,Monaco,Monaco,0 days 01:44:30.329000,LEC,16,0 days 00:01:21.145000,6.0,2.0,,Charles Leclerc,,0 days 00:00:21.568000,0 days 00:00:38.168000,0 days 00:00:21.409000,0 days 01:43:30.812000,0 days 01:44:08.980000,0 days 01:44:30.389000,190.0,179.0,252.0,271.0,True,HARD,5.0,True,Ferrari,0 days 01:43:09.184000,,1,1.0,False,,False,True,21.6,63.0,1018.8,False,48.2,0,1.0,True,False,False,False,False,False,LAP 7,LAP 7,,,6270.329,81.145,,,21.568,38.168,21.409,6210.812,6248.98,6270.389,6189.184
2024,Monaco Grand Prix,8,Monaco,Monaco,0 days 01:45:51.309000,LEC,16,0 days 00:01:20.980000,7.0,2.0,,Charles Leclerc,,0 days 00:00:21.370000,0 days 00:00:38.056000,0 days 00:00:21.554000,0 days 01:44:51.759000,0 days 01:45:29.815000,0 days 01:45:51.369000,193.0,175.0,253.0,271.0,True,HARD,6.0,True,Ferrari,0 days 01:44:30.329000,,1,1.0,False,,False,True,21.8,64.0,1018.9,False,48.7,6,0.4,True,False,False,False,False,False,LAP 8,LAP 8,,,6351.309,80.98,,,21.37,38.056,21.554,6291.759,6329.815,6351.369,6270.329
2024,Monaco Grand Prix,8,Monaco,Monaco,0 days 01:47:12.339000,LEC,16,0 days 00:01:21.030000,8.0,2.0,,Charles Leclerc,,0 days 00:00:21.250000,0 days 00:00:38.171000,0 days 00:00:21.609000,0 days 01:46:12.619000,0 days 01:46:50.790000,0 days 01:47:12.399000,190.0,178.0,252.0,270.0,False,HARD,7.0,True,Ferrari,0 days 01:45:51.309000,,1,1.0,False,,False,True,21.8,64.0,1018.9,False,48.0,104,1.4,True,False,False,False,False,False,LAP 9,LAP 9,,,6432.339,81.03,,,21.25,38.171,21.609,6372.619,6410.79,6432.399,6351.309
2024,Monaco Grand Prix,8,Monaco,Monaco,0 days 01:48:32.453000,LEC,16,0 days 00:01:20.114000,9.0,2.0,,Charles Leclerc,,0 days 00:00:21.092000,0 days 00:00:37.612000,0 days 00:00:21.410000,0 days 01:47:33.491000,0 days 01:48:11.103000,0 days 01:48:32.513000,197.0,177.0,252.0,271.0,True,HARD,8.0,True,Ferrari,0 days 01:47:12.339000,,1,1.0,False,,False,True,22.0,64.0,1018.8,False,47.9,340,1.1,True,False,False,False,False,False,LAP 10,LAP 10,,,6512.453,80.114,,,21.092,37.612,21.41,6453.491,6491.103,6512.513,6432.339
2024,Monaco Grand Prix,8,Monaco,Monaco,0 days 01:49:53.228000,LEC,16,0 days 00:01:20.775000,10.0,2.0,,Charles Leclerc,,0 days 00:00:21.036000,0 days 00:00:37.886000,0 days 00:00:21.853000,0 days 01:48:53.549000,0 days 01:49:31.435000,0 days 01:49:53.288000,196.0,175.0,252.0,271.0,False,HARD,9.0,True,Ferrari,0 days 01:48:32.453000,,1,1.0,False,,False,True,22.1,65.0,1018.8,False,47.4,289,0.7,True,False,False,False,False,False,LAP 11,LAP 11,,,6593.228,80.775,,,21.036,37.886,21.853,6533.549,6571.435,6593.288,6512.453
2024,Monaco Grand Prix,8,Monaco,Monaco,0 days 01:51:14.274000,LEC,16,0 days 00:01:21.046000,11.0,2.0,,Charles Leclerc,,0 days 00:00:21.279000,0 days 00:00:38.236000,0 days 00:00:21.531000,0 days 01:50:14.567000,0 days 01:50:52.803000,0 days 01:51:14.334000,192.0,178.0,253.0,271.0,False,HARD,10.0,True,Ferrari,0 days 01:49:53.228000,,1,1.0,False,,False,True,22.1,63.0,1018.8,False,47.9,187,0.9,True,False,False,False,False,False,LAP 12,LAP 12,,,6674.274,81.046,,,21.279,38.236,21.531,6614.567,6652.803,6674.334,6593.228
2024,Monaco Grand Prix,8,Monaco,Monaco,0 days 01:52:34.526000,LEC,16,0 days 00:01:20.252000,12.0,2.0,,Charles Leclerc,,0 days 00:00:20.949000,0 days 00:00:37.730000,0 days 00:00:21.573000,0 days 01:51:35.283000,0 days 01:52:13.013000,0 days 01:52:34.586000,196.0,176.0,252.0,271.0,False,HARD,11.0,True,Ferrari,0 days 01:51:14.274000,,1,1.0,False,,False,True,22.3,63.0,1018.8,False,47.3,2,0.6,True,False,False,False,False,False,LAP 13,LAP 13,,,6754.526,80.252,,,20.949,37.73,21.573,6695.283,6733.013,6754.586,6674.274
2024,Monaco Grand Prix,8,Monaco,Monaco,0 days 01:53:53.543000,LEC,16,0 days 00:01:19.017000,13.0,2.0,,Charles Leclerc,,0 days 00:00:20.818000,0 days 00:00:36.898000,0 days 00:00:21.301000,0 days 01:52:55.404000,0 days 01:53:32.302000,0 days 01:53:53.603000,200.0,180.0,253.0,272.0,True,HARD,12.0,True,Ferrari,0 days 01:52:34.526000,,1,1.0,False,,False,True,22.1,64.0,1018.8,False,47.2,208,1.2,True,False,False,False,False,False,LAP 14,LAP 14,,,6833.543,79.017,,,20.818,36.898,21.301,6775.404,6812.302,6833.603,6754.526
2024,Monaco Grand Prix,8,Monaco,Monaco,0 days 01:55:13.456000,LEC,16,0 days 00:01:19.913000,14.0,2.0,,Charles Leclerc,,0 days 00:00:20.847000,0 days 00:00:38.003000,0 days 00:00:21.063000,0 days 01:54:14.450000,0 days 01:54:52.453000,0 days 01:55:13.516000,198.0,182.0,253.0,270.0,False,HARD,13.0,True,Ferrari,0 days 01:53:53.543000,,1,1.0,False,,False,True,22.0,62.0,1018.8,False,47.1,0,1.2,True,False,False,False,False,False,LAP 15,LAP 15,,,6913.456,79.913,,,20.847,38.003,21.063,6854.45,6892.453,6913.516,6833.543
2024,Monaco Grand Prix,8,Monaco,Monaco,0 days 01:56:33.294000,LEC,16,0 days 00:01:19.838000,15.0,2.0,,Charles Leclerc,,0 days 00:00:20.763000,0 days 00:00:37.770000,0 days 00:00:21.305000,0 days 01:55:34.279000,0 days 01:56:12.049000,0 days 01:56:33.354000,202.0,180.0,252.0,272.0,False,HARD,14.0,True,Ferrari,0 days 01:55:13.456000,,1,1.0,False,,False,True,22.0,62.0,1018.8,False,47.1,351,1.1,True,False,False,False,False,False,LAP 16,LAP 16,,,6993.294,79.838,,,20.763,37.77,21.305,6934.279,6972.049,6993.354,6913.456
2024,Monaco Grand Prix,8,Monaco,Monaco,0 days 01:57:53.450000,LEC,16,0 days 00:01:20.156000,16.0,2.0,,Charles Leclerc,,0 days 00:00:21.139000,0 days 00:00:37.516000,0 days 00:00:21.501000,0 days 01:56:54.493000,0 days 01:57:32.009000,0 days 01:57:53.510000,195.0,177.0,253.0,272.0,False,HARD,15.0,True,Ferrari,0 days 01:56:33.294000,,1,1.0,False,,False,True,22.0,64.0,1018.7,False,46.0,154,0.5,True,False,False,False,False,False,LAP 17,LAP 17,,,7073.45,80.156,,,21.139,37.516,21.501,7014.493,7052.009,7073.51,6993.294
2024,Monaco Grand Prix,8,Monaco,Monaco,0 days 01:59:13.729000,LEC,16,0 days 00:01:20.279000,17.0,2.0,,Charles Leclerc,,0 days 00:00:20.925000,0 days 00:00:37.498000,0 days 00:00:21.856000,0 days 01:58:14.435000,0 days 01:58:51.933000,0 days 01:59:13.789000,202.0,175.0,253.0,273.0,False,HARD,16.0,True,Ferrari,0 days 01:57:53.450000,,1,1.0,False,,False,True,21.8,64.0,1018.8,False,46.1,8,1.3,True,False,False,False,False,False,LAP 18,LAP 18,,,7153.729,80.279,,,20.925,37.498,21.856,7094.435,7131.933,7153.789,7073.45
2024,Monaco Grand Prix,8,Monaco,Monaco,0 days 02:00:33.309000,LEC,16,0 days 00:01:19.580000,18.0,2.0,,Charles Leclerc,,0 days 00:00:20.612000,0 days 00:00:37.578000,0 days 00:00:21.390000,0 days 01:59:34.401000,0 days 02:00:11.979000,0 days 02:00:33.369000,199.0,181.0,254.0,273.0,False,HARD,17.0,True,Ferrari,0 days 01:59:13.729000,,1,1.0,False,,False,True,21.7,63.0,1018.7,False,47.2,101,0.8,True,False,False,False,False,False,LAP 19,LAP 19,,,7233.309,79.58,,,20.612,37.578,21.39,7174.401,7211.979,7233.369,7153.729
2024,Monaco Grand Prix,8,Monaco,Monaco,0 days 02:01:52.151000,LEC,16,0 days 00:01:18.842000,19.0,2.0,,Charles Leclerc,,0 days 00:00:20.806000,0 days 00:00:36.890000,0 days 00:00:21.146000,0 days 02:00:54.175000,0 days 02:01:31.065000,0 days 02:01:52.211000,202.0,179.0,253.0,273.0,True,HARD,18.0,True,Ferrari,0 days 02:00:33.309000,,1,1.0,False,,False,True,21.8,61.0,1018.6,False,46.7,221,0.7,True,False,False,False,False,False,LAP 20,LAP 20,,,7312.151,78.842,,,20.806,36.89,21.146,7254.175,7291.065,7312.211,7233.309
2024,Monaco Grand Prix,8,Monaco,Monaco,0 days 02:03:10.875000,LEC,16,0 days 00:01:18.724000,20.0,2.0,,Charles Leclerc,,0 days 00:00:20.573000,0 days 00:00:37.018000,0 days 00:00:21.133000,0 days 02:02:12.784000,0 days 02:02:49.802000,0 days 02:03:10.935000,197.0,180.0,254.0,272.0,True,HARD,19.0,True,Ferrari,0 days 02:01:52.151000,,1,1.0,False,,False,True,21.9,61.0,1018.8,False,46.6,36,1.3,True,False,False,False,False,False,LAP 21,LAP 21,,,7390.875,78.724,,,20.573,37.018,21.133,7332.784,7369.802,7390.935,7312.151
2024,Monaco Grand Prix,8,Monaco,Monaco,0 days 02:04:29.347000,LEC,16,0 days 00:01:18.472000,21.0,2.0,,Charles Leclerc,,0 days 00:00:20.609000,0 days 00:00:36.874000,0 days 00:00:20.989000,0 days 02:03:31.544000,0 days 02:04:08.418000,0 days 02:04:29.407000,199.0,184.0,254.0,272.0,True,HARD,20.0,True,Ferrari,0 days 02:03:10.875000,,1,1.0,False,,False,True,21.9,64.0,1018.7,False,45.8,0,1.3,True,False,False,False,False,False,LAP 22,LAP 22,,,7469.347,78.472,,,20.609,36.874,20.989,7411.544,7448.418,7469.407,7390.875
2024,Monaco Grand Prix,8,Monaco,Monaco,0 days 02:05:47.967000,LEC,16,0 days 00:01:18.620000,22.0,2.0,,Charles Leclerc,,0 days 00:00:20.591000,0 days 00:00:37.004000,0 days 00:00:21.025000,0 days 02:04:49.998000,0 days 02:05:27.002000,0 days 02:05:48.027000,201.0,184.0,255.0,272.0,False,HARD,21.0,True,Ferrari,0 days 02:04:29.347000,,1,1.0,False,,False,True,21.8,65.0,1018.8,False,45.9,273,1.6,True,False,False,False,False,False,LAP 23,LAP 23,,,7547.967,78.62,,,20.591,37.004,21.025,7489.998,7527.002,7548.027,7469.347
2024,Monaco Grand Prix,8,Monaco,Monaco,0 days 02:07:06.425000,LEC,16,0 days 00:01:18.458000,23.0,2.0,,Charles Leclerc,,0 days 00:00:20.638000,0 days 00:00:36.755000,0 days 00:00:21.065000,0 days 02:06:08.665000,0 days 02:06:45.420000,0 days 02:07:06.485000,202.0,184.0,254.0,273.0,True,HARD,22.0,True,Ferrari,0 days 02:05:47.967000,,1,1.0,False,,False,True,21.8,65.0,1018.8,False,45.9,198,0.5,True,False,False,False,False,False,LAP 24,LAP 24,,,7626.425,78.458,,,20.638,36.755,21.065,7568.665,7605.42,7626.485,7547.967
2024,Monaco Grand Prix,8,Monaco,Monaco,0 days 02:08:25.150000,LEC,16,0 days 00:01:18.725000,24.0,2.0,,Charles Leclerc,,0 days 00:00:20.436000,0 days 00:00:37.261000,0 days 00:00:21.028000,0 days 02:07:26.921000,0 days 02:08:04.182000,0 days 02:08:25.210000,202.0,182.0,254.0,273.0,False,HARD,23.0,True,Ferrari,0 days 02:07:06.425000,,1,1.0,False,,False,True,21.8,64.0,1018.7,False,46.3,272,1.4,True,False,False,False,False,False,LAP 25,LAP 25,,,7705.15,78.725,,,20.436,37.261,21.028,7646.921,7684.182,7705.21,7626.425
2024,Monaco Grand Prix,8,Monaco,Monaco,0 days 02:09:44.123000,LEC,16,0 days 00:01:18.973000,25.0,2.0,,Charles Leclerc,,0 days 00:00:20.408000,0 days 00:00:37.435000,0 days 00:00:21.130000,0 days 02:08:45.618000,0 days 02:09:23.053000,0 days 02:09:44.183000,203.0,181.0,254.0,273.0,False,HARD,24.0,True,Ferrari,0 days 02:08:25.150000,,1,1.0,False,,False,True,21.7,63.0,1018.7,False,45.7,183,0.9,True,False,False,False,False,False,LAP 26,LAP 26,,,7784.123,78.973,,,20.408,37.435,21.13,7725.618,7763.053,7784.183,7705.15
2024,Monaco Grand Prix,8,Monaco,Monaco,0 days 02:11:02.568000,LEC,16,0 days 00:01:18.445000,26.0,2.0,,Charles Leclerc,,0 days 00:00:20.305000,0 days 00:00:37.048000,0 days 00:00:21.092000,0 days 02:10:04.488000,0 days 02:10:41.536000,0 days 02:11:02.628000,204.0,185.0,254.0,273.0,True,HARD,25.0,True,Ferrari,0 days 02:09:44.123000,,1,1.0,False,,False,True,21.7,62.0,1018.6,False,45.7,325,1.3,True,False,False,False,False,False,LAP 27,LAP 27,,,7862.568,78.445,,,20.305,37.048,21.092,7804.488,7841.536,7862.628,7784.123
2024,Monaco Grand Prix,8,Monaco,Monaco,0 days 02:12:20.919000,LEC,16,0 days 00:01:18.351000,27.0,2.0,,Charles Leclerc,,0 days 00:00:20.507000,0 days 00:00:36.769000,0 days 00:00:21.075000,0 days 02:11:23.135000,0 days 02:11:59.904000,0 days 02:12:20.979000,201.0,182.0,255.0,275.0,True,HARD,26.0,True,Ferrari,0 days 02:11:02.568000,,1,1.0,False,,False,True,21.9,63.0,1018.6,False,46.0,296,0.6,True,False,False,False,False,False,LAP 28,LAP 28,,,7940.919,78.351,,,20.507,36.769,21.075,7883.135,7919.904,7940.979,7862.568
2024,Monaco Grand Prix,8,Monaco,Monaco,0 days 02:13:39.629000,LEC,16,0 days 00:01:18.710000,28.0,2.0,,Charles Leclerc,,0 days 00:00:20.535000,0 days 00:00:37.208000,0 days 00:00:20.967000,0 days 02:12:41.514000,0 days 02:13:18.722000,0 days 02:13:39.689000,194.0,185.0,255.0,274.0,False,HARD,27.0,True,Ferrari,0 days 02:12:20.919000,,1,1.0,False,,False,True,21.9,62.0,1018.6,False,46.0,213,1.0,True,False,False,False,False,False,LAP 28,LAP 28,,,8019.629,78.71,,,20.535,37.208,20.967,7961.514,7998.722,8019.689,7940.919
2024,Monaco Grand Prix,8,Monaco,Monaco,0 days 02:14:58.682000,LEC,16,0 days 00:01:19.053000,29.0,2.0,,Charles Leclerc,,0 days 00:00:20.429000,0 days 00:00:37.312000,0 days 00:00:21.312000,0 days 02:14:00.118000,0 days 02:14:37.430000,0 days 02:14:58.742000,200.0,176.0,255.0,275.0,False,HARD,28.0,True,Ferrari,0 days 02:13:39.629000,,1,1.0,False,,False,True,22.0,63.0,1018.5,False,45.6,215,1.7,True,False,False,False,False,False,LAP 30,LAP 30,,,8098.682,79.053,,,20.429,37.312,21.312,8040.118,8077.43,8098.742,8019.629
2024,Monaco Grand Prix,8,Monaco,Monaco,0 days 02:16:18.617000,LEC,16,0 days 00:01:19.935000,30.0,2.0,,Charles Leclerc,,0 days 00:00:21.091000,0 days 00:00:37.380000,0 days 00:00:21.464000,0 days 02:15:19.833000,0 days 02:15:57.213000,0 days 02:16:18.677000,194.0,180.0,255.0,275.0,False,HARD,29.0,True,Ferrari,0 days 02:14:58.682000,,1,1.0,False,,False,True,22.0,61.0,1018.6,False,46.4,265,0.6,True,False,False,False,False,False,LAP 31,LAP 31,,,8178.617,79.935,,,21.091,37.38,21.464,8119.833,8157.213,8178.677,8098.682
2024,Monaco Grand Prix,8,Monaco,Monaco,0 days 02:17:37.010000,LEC,16,0 days 00:01:18.393000,31.0,2.0,,Charles Leclerc,,0 days 00:00:20.706000,0 days 00:00:36.687000,0 days 00:00:21,0 days 02:16:39.383000,0 days 02:17:16.070000,0 days 02:17:37.070000,197.0,185.0,256.0,276.0,False,HARD,30.0,True,Ferrari,0 days 02:16:18.617000,,1,1.0,False,,False,True,22.1,61.0,1018.6,False,45.5,217,0.4,True,False,False,False,False,False,LAP 32,LAP 32,,,8257.01,78.393,,,20.706,36.687,21.0,8199.383,8236.07,8257.07,8178.617
2024,Monaco Grand Prix,8,Monaco,Monaco,0 days 02:18:56.135000,LEC,16,0 days 00:01:19.125000,32.0,2.0,,Charles Leclerc,,0 days 00:00:20.483000,0 days 00:00:37.216000,0 days 00:00:21.426000,0 days 02:17:57.553000,0 days 02:18:34.769000,0 days 02:18:56.195000,196.0,178.0,255.0,275.0,False,HARD,31.0,True,Ferrari,0 days 02:17:37.010000,,1,1.0,False,,False,True,22.0,61.0,1018.6,False,45.5,237,0.9,True,False,False,False,False,False,LAP 33,LAP 33,,,8336.135,79.125,,,20.483,37.216,21.426,8277.553,8314.769,8336.195,8257.01
2024,Monaco Grand Prix,8,Monaco,Monaco,0 days 02:20:14.629000,LEC,16,0 days 00:01:18.494000,33.0,2.0,,Charles Leclerc,,0 days 00:00:20.510000,0 days 00:00:36.916000,0 days 00:00:21.068000,0 days 02:19:16.705000,0 days 02:19:53.621000,0 days 02:20:14.689000,202.0,185.0,256.0,277.0,False,HARD,32.0,True,Ferrari,0 days 02:18:56.135000,,1,1.0,False,,False,True,21.9,62.0,1018.6,False,45.9,269,0.9,True,False,False,False,False,False,LAP 34,LAP 34,,,8414.629,78.494,,,20.51,36.916,21.068,8356.705,8393.621,8414.689,8336.135
2024,Monaco Grand Prix,8,Monaco,Monaco,0 days 02:21:33.948000,LEC,16,0 days 00:01:19.319000,34.0,2.0,,Charles Leclerc,,0 days 00:00:20.412000,0 days 00:00:37.589000,0 days 00:00:21.318000,0 days 02:20:35.101000,0 days 02:21:12.690000,0 days 02:21:34.008000,199.0,181.0,255.0,276.0,False,HARD,33.0,True,Ferrari,0 days 02:20:14.629000,,1,1.0,False,,False,True,22.0,61.0,1018.5,False,45.9,268,1.0,True,False,False,False,False,False,LAP 34,LAP 34,,,8493.948,79.319,,,20.412,37.589,21.318,8435.101,8472.69,8494.008,8414.629
2024,Monaco Grand Prix,8,Monaco,Monaco,0 days 02:22:52.478000,LEC,16,0 days 00:01:18.530000,35.0,2.0,,Charles Leclerc,,0 days 00:00:20.503000,0 days 00:00:36.672000,0 days 00:00:21.355000,0 days 02:21:54.511000,0 days 02:22:31.183000,0 days 02:22:52.538000,202.0,180.0,256.0,278.0,False,HARD,34.0,True,Ferrari,0 days 02:21:33.948000,,1,1.0,False,,False,True,22.0,62.0,1018.6,False,45.1,0,0.9,True,False,False,False,False,False,LAP 35,LAP 35,,,8572.478,78.53,,,20.503,36.672,21.355,8514.511,8551.183,8572.538,8493.948
2024,Monaco Grand Prix,8,Monaco,Monaco,0 days 02:24:11.167000,LEC,16,0 days 00:01:18.689000,36.0,2.0,,Charles Leclerc,,0 days 00:00:20.697000,0 days 00:00:36.919000,0 days 00:00:21.073000,0 days 02:23:13.235000,0 days 02:23:50.154000,0 days 02:24:11.227000,201.0,184.0,257.0,278.0,False,HARD,35.0,True,Ferrari,0 days 02:22:52.478000,,1,1.0,False,,False,True,21.9,65.0,1018.6,False,44.5,358,0.6,True,False,False,False,False,False,LAP 37,LAP 37,,,8651.167,78.689,,,20.697,36.919,21.073,8593.235,8630.154,8651.227,8572.478
2024,Monaco Grand Prix,8,Monaco,Monaco,0 days 02:25:30.092000,LEC,16,0 days 00:01:18.925000,37.0,2.0,,Charles Leclerc,,0 days 00:00:21.082000,0 days 00:00:36.570000,0 days 00:00:21.273000,0 days 02:24:32.309000,0 days 02:25:08.879000,0 days 02:25:30.152000,202.0,180.0,257.0,278.0,False,HARD,36.0,True,Ferrari,0 days 02:24:11.167000,,1,1.0,False,,False,True,21.7,63.0,1018.5,False,44.4,305,1.5,True,False,False,False,False,False,LAP 38,LAP 38,,,8730.092,78.925,,,21.082,36.57,21.273,8672.309,8708.879,8730.152,8651.167
2024,Monaco Grand Prix,8,Monaco,Monaco,0 days 02:26:48.620000,LEC,16,0 days 00:01:18.528000,38.0,2.0,,Charles Leclerc,,0 days 00:00:20.612000,0 days 00:00:36.704000,0 days 00:00:21.212000,0 days 02:25:50.764000,0 days 02:26:27.468000,0 days 02:26:48.680000,198.0,184.0,257.0,279.0,False,HARD,37.0,True,Ferrari,0 days 02:25:30.092000,,1,1.0,False,,False,True,21.8,63.0,1018.5,False,44.5,271,1.0,True,False,False,False,False,False,LAP 39,LAP 39,,,8808.62,78.528,,,20.612,36.704,21.212,8750.764,8787.468,8808.68,8730.092
2024,Monaco Grand Prix,8,Monaco,Monaco,0 days 02:28:06.801000,LEC,16,0 days 00:01:18.181000,39.0,2.0,,Charles Leclerc,,0 days 00:00:20.815000,0 days 00:00:36.297000,0 days 00:00:21.069000,0 days 02:27:09.495000,0 days 02:27:45.792000,0 days 02:28:06.861000,202.0,183.0,259.0,280.0,True,HARD,38.0,True,Ferrari,0 days 02:26:48.620000,,1,1.0,False,,False,True,21.8,62.0,1018.6,False,44.8,169,0.7,True,False,False,False,False,False,LAP 40,LAP 40,,,8886.801,78.181,,,20.815,36.297,21.069,8829.495,8865.792,8886.861,8808.62
2024,Monaco Grand Prix,8,Monaco,Monaco,0 days 02:29:25.534000,LEC,16,0 days 00:01:18.733000,40.0,2.0,,Charles Leclerc,,0 days 00:00:20.538000,0 days 00:00:37.054000,0 days 00:00:21.141000,0 days 02:28:27.399000,0 days 02:29:04.453000,0 days 02:29:25.594000,199.0,183.0,258.0,281.0,False,HARD,39.0,True,Ferrari,0 days 02:28:06.801000,,1,1.0,False,,False,True,21.9,61.0,1018.6,False,44.4,269,0.8,True,False,False,False,False,False,LAP 41,LAP 41,,,8965.534,78.733,,,20.538,37.054,21.141,8907.399,8944.453,8965.594,8886.801
2024,Monaco Grand Prix,8,Monaco,Monaco,0 days 02:30:44.228000,LEC,16,0 days 00:01:18.694000,41.0,2.0,,Charles Leclerc,,0 days 00:00:20.486000,0 days 00:00:36.988000,0 days 00:00:21.220000,0 days 02:29:46.080000,0 days 02:30:23.068000,0 days 02:30:44.288000,195.0,185.0,265.0,280.0,False,HARD,40.0,True,Ferrari,0 days 02:29:25.534000,,1,1.0,False,,False,True,22.0,60.0,1018.5,False,44.4,111,0.8,True,False,False,False,False,False,LAP 42,LAP 42,,,9044.228,78.694,,,20.486,36.988,21.22,8986.08,9023.068,9044.288,8965.534
2024,Monaco Grand Prix,8,Monaco,Monaco,0 days 02:32:03.505000,LEC,16,0 days 00:01:19.277000,42.0,2.0,,Charles Leclerc,,0 days 00:00:20.683000,0 days 00:00:37.359000,0 days 00:00:21.235000,0 days 02:31:04.971000,0 days 02:31:42.330000,0 days 02:32:03.565000,200.0,184.0,254.0,278.0,False,HARD,41.0,True,Ferrari,0 days 02:30:44.228000,,1,1.0,False,,False,True,22.0,62.0,1018.4,False,44.4,30,0.5,True,False,False,False,False,False,LAP 43,LAP 43,,,9123.505,79.277,,,20.683,37.359,21.235,9064.971,9102.33,9123.565,9044.228
2024,Monaco Grand Prix,8,Monaco,Monaco,0 days 02:33:21.370000,LEC,16,0 days 00:01:17.865000,43.0,2.0,,Charles Leclerc,,0 days 00:00:20.293000,0 days 00:00:36.710000,0 days 00:00:20.862000,0 days 02:32:23.858000,0 days 02:33:00.568000,0 days 02:33:21.430000,203.0,183.0,255.0,275.0,True,HARD,42.0,True,Ferrari,0 days 02:32:03.505000,,1,1.0,False,,False,True,21.9,59.0,1018.5,False,44.8,0,0.9,True,False,False,False,False,False,LAP 44,LAP 44,,,9201.37,77.865,,,20.293,36.71,20.862,9143.858,9180.568,9201.43,9123.505
2024,Monaco Grand Prix,8,Monaco,Monaco,0 days 02:34:39.646000,LEC,16,0 days 00:01:18.276000,44.0,2.0,,Charles Leclerc,,0 days 00:00:20.687000,0 days 00:00:36.752000,0 days 00:00:20.837000,0 days 02:33:42.117000,0 days 02:34:18.869000,0 days 02:34:39.706000,199.0,185.0,255.0,275.0,False,HARD,43.0,True,Ferrari,0 days 02:33:21.370000,,1,1.0,False,,False,True,21.9,59.0,1018.6,False,44.8,227,1.0,True,False,False,False,False,False,LAP 45,LAP 45,,,9279.646,78.276,,,20.687,36.752,20.837,9222.117,9258.869,9279.706,9201.37
2024,Monaco Grand Prix,8,Monaco,Monaco,0 days 02:35:58.187000,LEC,16,0 days 00:01:18.541000,45.0,2.0,,Charles Leclerc,,0 days 00:00:20.582000,0 days 00:00:36.789000,0 days 00:00:21.170000,0 days 02:35:00.288000,0 days 02:35:37.077000,0 days 02:35:58.247000,200.0,182.0,255.0,275.0,False,HARD,44.0,True,Ferrari,0 days 02:34:39.646000,,1,1.0,False,,False,True,22.0,58.0,1018.5,False,44.5,192,0.5,True,False,False,False,False,False,LAP 46,LAP 46,,,9358.187,78.541,,,20.582,36.789,21.17,9300.288,9337.077,9358.247,9279.646
2024,Monaco Grand Prix,8,Monaco,Monaco,0 days 02:37:16.754000,LEC,16,0 days 00:01:18.567000,46.0,2.0,,Charles Leclerc,,0 days 00:00:20.600000,0 days 00:00:37.066000,0 days 00:00:20.901000,0 days 02:36:18.847000,0 days 02:36:55.913000,0 days 02:37:16.814000,196.0,185.0,256.0,276.0,False,HARD,45.0,True,Ferrari,0 days 02:35:58.187000,,1,1.0,False,,False,True,21.9,57.0,1018.3,False,44.5,203,1.8,True,False,False,False,False,False,LAP 46,LAP 46,,,9436.754,78.567,,,20.6,37.066,20.901,9378.847,9415.913,9436.814,9358.187
2024,Monaco Grand Prix,8,Monaco,Monaco,0 days 02:38:35.939000,LEC,16,0 days 00:01:19.185000,47.0,2.0,,Charles Leclerc,,0 days 00:00:20.506000,0 days 00:00:37.404000,0 days 00:00:21.275000,0 days 02:37:37.320000,0 days 02:38:14.724000,0 days 02:38:35.999000,195.0,183.0,256.0,276.0,False,HARD,46.0,True,Ferrari,0 days 02:37:16.754000,,1,1.0,False,,False,True,22.0,58.0,1018.4,False,44.5,276,1.8,True,False,False,False,False,False,LAP 47,LAP 47,,,9515.939,79.185,,,20.506,37.404,21.275,9457.32,9494.724,9515.999,9436.754
2024,Monaco Grand Prix,8,Monaco,Monaco,0 days 02:39:53.880000,LEC,16,0 days 00:01:17.941000,48.0,2.0,,Charles Leclerc,,0 days 00:00:20.379000,0 days 00:00:36.484000,0 days 00:00:21.078000,0 days 02:38:56.378000,0 days 02:39:32.862000,0 days 02:39:53.940000,197.0,188.0,256.0,276.0,False,HARD,47.0,True,Ferrari,0 days 02:38:35.939000,,1,1.0,False,,False,True,22.0,57.0,1018.5,False,43.8,205,0.7,True,False,False,False,False,False,LAP 49,LAP 49,,,9593.88,77.941,,,20.379,36.484,21.078,9536.378,9572.862,9593.94,9515.939
2024,Monaco Grand Prix,8,Monaco,Monaco,0 days 02:41:12.386000,LEC,16,0 days 00:01:18.506000,49.0,2.0,,Charles Leclerc,,0 days 00:00:20.674000,0 days 00:00:36.889000,0 days 00:00:20.943000,0 days 02:40:14.614000,0 days 02:40:51.503000,0 days 02:41:12.446000,196.0,184.0,256.0,276.0,False,HARD,48.0,True,Ferrari,0 days 02:39:53.880000,,1,1.0,False,,False,True,22.0,58.0,1018.4,False,43.8,218,1.1,True,False,False,False,False,False,LAP 50,LAP 50,,,9672.386,78.506,,,20.674,36.889,20.943,9614.614,9651.503,9672.446,9593.88
2024,Monaco Grand Prix,8,Monaco,Monaco,0 days 02:42:30.571000,LEC,16,0 days 00:01:18.185000,50.0,2.0,,Charles Leclerc,,0 days 00:00:20.293000,0 days 00:00:36.878000,0 days 00:00:21.014000,0 days 02:41:32.739000,0 days 02:42:09.617000,0 days 02:42:30.631000,202.0,183.0,257.0,276.0,False,HARD,49.0,True,Ferrari,0 days 02:41:12.386000,,1,1.0,False,,False,True,21.9,58.0,1018.5,False,43.7,354,1.0,True,False,False,False,False,False,LAP 51,LAP 51,,,9750.571,78.185,,,20.293,36.878,21.014,9692.739,9729.617,9750.631,9672.386
2024,Monaco Grand Prix,8,Monaco,Monaco,0 days 02:43:48.361000,LEC,16,0 days 00:01:17.790000,51.0,2.0,,Charles Leclerc,,0 days 00:00:20.269000,0 days 00:00:36.519000,0 days 00:00:21.002000,0 days 02:42:50.900000,0 days 02:43:27.419000,0 days 02:43:48.421000,196.0,186.0,265.0,279.0,True,HARD,50.0,True,Ferrari,0 days 02:42:30.571000,,1,1.0,False,,False,True,21.9,58.0,1018.5,False,43.7,89,1.1,True,False,False,False,False,False,LAP 52,LAP 52,,,9828.361,77.79,,,20.269,36.519,21.002,9770.9,9807.419,9828.421,9750.571
2024,Monaco Grand Prix,8,Monaco,Monaco,0 days 02:45:06.672000,LEC,16,0 days 00:01:18.311000,52.0,2.0,,Charles Leclerc,,0 days 00:00:20.381000,0 days 00:00:36.839000,0 days 00:00:21.091000,0 days 02:44:08.802000,0 days 02:44:45.641000,0 days 02:45:06.732000,198.0,188.0,256.0,276.0,False,HARD,51.0,True,Ferrari,0 days 02:43:48.361000,,1,1.0,False,,False,True,21.8,58.0,1018.6,False,43.0,200,0.7,True,False,False,False,False,False,LAP 53,LAP 53,,,9906.672,78.311,,,20.381,36.839,21.091,9848.802,9885.641,9906.732,9828.361
2024,Monaco Grand Prix,8,Monaco,Monaco,0 days 02:46:24.420000,LEC,16,0 days 00:01:17.748000,53.0,2.0,,Charles Leclerc,,0 days 00:00:20.319000,0 days 00:00:36.629000,0 days 00:00:20.800000,0 days 02:45:27.051000,0 days 02:46:03.680000,0 days 02:46:24.480000,198.0,185.0,258.0,278.0,True,HARD,52.0,True,Ferrari,0 days 02:45:06.672000,,12,1.0,False,,False,True,21.9,58.0,1018.5,False,43.2,321,0.8,True,True,False,False,False,False,LAP 54,LAP 54,,,9984.42,77.748,,,20.319,36.629,20.8,9927.051,9963.68,9984.48,9906.672
2024,Monaco Grand Prix,8,Monaco,Monaco,0 days 02:47:41.777000,LEC,16,0 days 00:01:17.357000,54.0,2.0,,Charles Leclerc,,0 days 00:00:20.182000,0 days 00:00:36.412000,0 days 00:00:20.763000,0 days 02:46:44.662000,0 days 02:47:21.074000,0 days 02:47:41.837000,202.0,188.0,258.0,278.0,True,HARD,53.0,True,Ferrari,0 days 02:46:24.420000,,1,1.0,False,,False,True,21.9,59.0,1018.6,False,43.0,228,1.1,True,False,False,False,False,False,LAP 55,LAP 55,,,10061.777,77.357,,,20.182,36.412,20.763,10004.662,10041.074,10061.837,9984.42
2024,Monaco Grand Prix,8,Monaco,Monaco,0 days 02:48:59.221000,LEC,16,0 days 00:01:17.444000,55.0,2.0,,Charles Leclerc,,0 days 00:00:20.377000,0 days 00:00:36.322000,0 days 00:00:20.745000,0 days 02:48:02.214000,0 days 02:48:38.536000,0 days 02:48:59.281000,194.0,188.0,256.0,278.0,False,HARD,54.0,True,Ferrari,0 days 02:47:41.777000,,1,1.0,False,,False,True,21.9,59.0,1018.4,False,42.8,236,1.4,True,False,False,False,False,False,LAP 56,LAP 56,,,10139.221,77.444,,,20.377,36.322,20.745,10082.214,10118.536,10139.281,10061.777
2024,Monaco Grand Prix,8,Monaco,Monaco,0 days 02:50:16.487000,LEC,16,0 days 00:01:17.266000,56.0,2.0,,Charles Leclerc,,0 days 00:00:20.173000,0 days 00:00:36.255000,0 days 00:00:20.838000,0 days 02:49:19.454000,0 days 02:49:55.709000,0 days 02:50:16.547000,194.0,188.0,256.0,275.0,True,HARD,55.0,True,Ferrari,0 days 02:48:59.221000,,1,1.0,False,,False,True,21.7,60.0,1018.4,False,42.4,59,0.9,True,False,False,False,False,False,LAP 57,LAP 57,,,10216.487,77.266,,,20.173,36.255,20.838,10159.454,10195.709,10216.547,10139.221
2024,Monaco Grand Prix,8,Monaco,Monaco,0 days 02:51:34.127000,LEC,16,0 days 00:01:17.640000,57.0,2.0,,Charles Leclerc,,0 days 00:00:20.132000,0 days 00:00:36.818000,0 days 00:00:20.690000,0 days 02:50:36.679000,0 days 02:51:13.497000,0 days 02:51:34.187000,206.0,189.0,256.0,274.0,False,HARD,56.0,True,Ferrari,0 days 02:50:16.487000,,1,1.0,False,,False,True,21.6,60.0,1018.4,False,42.2,140,0.8,True,False,False,False,False,False,LAP 58,LAP 58,,,10294.127,77.64,,,20.132,36.818,20.69,10236.679,10273.497,10294.187,10216.487
2024,Monaco Grand Prix,8,Monaco,Monaco,0 days 02:52:51.155000,LEC,16,0 days 00:01:17.028000,58.0,2.0,,Charles Leclerc,,0 days 00:00:20.246000,0 days 00:00:36.138000,0 days 00:00:20.644000,0 days 02:51:54.433000,0 days 02:52:30.571000,0 days 02:52:51.215000,199.0,191.0,256.0,275.0,True,HARD,57.0,True,Ferrari,0 days 02:51:34.127000,,1,1.0,False,,False,True,21.7,59.0,1018.5,False,42.4,0,0.6,True,False,False,False,False,False,LAP 59,LAP 59,,,10371.155,77.028,,,20.246,36.138,20.644,10314.433,10350.571,10371.215,10294.127
2024,Monaco Grand Prix,8,Monaco,Monaco,0 days 02:54:08.189000,LEC,16,0 days 00:01:17.034000,59.0,2.0,,Charles Leclerc,,0 days 00:00:20.420000,0 days 00:00:36.197000,0 days 00:00:20.417000,0 days 02:53:11.635000,0 days 02:53:47.832000,0 days 02:54:08.249000,202.0,192.0,257.0,275.0,False,HARD,58.0,True,Ferrari,0 days 02:52:51.155000,,1,1.0,False,,False,True,21.8,60.0,1018.5,False,42.2,30,1.2,True,False,False,False,False,False,LAP 59,LAP 59,,,10448.189,77.034,,,20.42,36.197,20.417,10391.635,10427.832,10448.249,10371.155
2024,Monaco Grand Prix,8,Monaco,Monaco,0 days 02:55:24.603000,LEC,16,0 days 00:01:16.414000,60.0,2.0,,Charles Leclerc,,0 days 00:00:19.989000,0 days 00:00:36.033000,0 days 00:00:20.392000,0 days 02:54:28.238000,0 days 02:55:04.271000,0 days 02:55:24.663000,200.0,190.0,258.0,278.0,True,HARD,59.0,True,Ferrari,0 days 02:54:08.189000,,1,1.0,False,,False,True,21.5,61.0,1018.5,False,42.3,284,0.5,True,False,False,False,False,False,LAP 61,LAP 61,,,10524.603,76.414,,,19.989,36.033,20.392,10468.238,10504.271,10524.663,10448.189
2024,Monaco Grand Prix,8,Monaco,Monaco,0 days 02:56:41.466000,LEC,16,0 days 00:01:16.863000,61.0,2.0,,Charles Leclerc,,0 days 00:00:20.047000,0 days 00:00:36.432000,0 days 00:00:20.384000,0 days 02:55:44.710000,0 days 02:56:21.142000,0 days 02:56:41.526000,197.0,189.0,258.0,278.0,False,HARD,60.0,True,Ferrari,0 days 02:55:24.603000,,1,1.0,False,,False,True,21.6,60.0,1018.4,False,42.3,222,0.6,True,False,False,False,False,False,LAP 62,LAP 62,,,10601.466,76.863,,,20.047,36.432,20.384,10544.71,10581.142,10601.526,10524.603
2024,Monaco Grand Prix,8,Monaco,Monaco,0 days 02:57:58.920000,LEC,16,0 days 00:01:17.454000,62.0,2.0,,Charles Leclerc,,0 days 00:00:20.116000,0 days 00:00:36.443000,0 days 00:00:20.895000,0 days 02:57:01.642000,0 days 02:57:38.085000,0 days 02:57:58.980000,199.0,184.0,258.0,277.0,False,HARD,61.0,True,Ferrari,0 days 02:56:41.466000,,1,1.0,False,,False,True,21.6,60.0,1018.4,False,42.0,241,0.9,True,False,False,False,False,False,LAP 63,LAP 63,,,10678.92,77.454,,,20.116,36.443,20.895,10621.642,10658.085,10678.98,10601.466
2024,Monaco Grand Prix,8,Monaco,Monaco,0 days 02:59:15.891000,LEC,16,0 days 00:01:16.971000,63.0,2.0,,Charles Leclerc,,0 days 00:00:20.095000,0 days 00:00:36.187000,0 days 00:00:20.689000,0 days 02:58:19.075000,0 days 02:58:55.262000,0 days 02:59:15.951000,201.0,190.0,257.0,278.0,False,HARD,62.0,True,Ferrari,0 days 02:57:58.920000,,1,1.0,False,,False,True,22.0,60.0,1018.5,False,42.0,284,0.8,True,False,False,False,False,False,LAP 64,LAP 64,,,10755.891,76.971,,,20.095,36.187,20.689,10699.075,10735.262,10755.951,10678.92
2024,Monaco Grand Prix,8,Monaco,Monaco,0 days 03:00:32.451000,LEC,16,0 days 00:01:16.560000,64.0,2.0,,Charles Leclerc,,0 days 00:00:19.996000,0 days 00:00:35.953000,0 days 00:00:20.611000,0 days 02:59:35.947000,0 days 03:00:11.900000,0 days 03:00:32.511000,198.0,189.0,257.0,278.0,False,HARD,63.0,True,Ferrari,0 days 02:59:15.891000,,1,1.0,False,,False,True,21.9,60.0,1018.3,False,41.2,47,0.8,True,False,False,False,False,False,LAP 64,LAP 64,,,10832.451,76.56,,,19.996,35.953,20.611,10775.947,10811.9,10832.511,10755.891
2024,Monaco Grand Prix,8,Monaco,Monaco,0 days 03:01:49.058000,LEC,16,0 days 00:01:16.607000,65.0,2.0,,Charles Leclerc,,0 days 00:00:20.094000,0 days 00:00:35.912000,0 days 00:00:20.601000,0 days 03:00:52.605000,0 days 03:01:28.517000,0 days 03:01:49.118000,202.0,187.0,258.0,278.0,False,HARD,64.0,True,Ferrari,0 days 03:00:32.451000,,1,1.0,False,,False,True,21.9,60.0,1018.4,False,42.0,215,0.9,True,False,False,False,False,False,LAP 65,LAP 65,,,10909.058,76.607,,,20.094,35.912,20.601,10852.605,10888.517,10909.118,10832.451
2024,Monaco Grand Prix,8,Monaco,Monaco,0 days 03:03:05.547000,LEC,16,0 days 00:01:16.489000,66.0,2.0,,Charles Leclerc,,0 days 00:00:20.092000,0 days 00:00:36.050000,0 days 00:00:20.347000,0 days 03:02:09.210000,0 days 03:02:45.260000,0 days 03:03:05.607000,201.0,192.0,259.0,279.0,False,HARD,65.0,True,Ferrari,0 days 03:01:49.058000,,1,1.0,False,,False,True,21.9,59.0,1018.4,False,41.7,283,1.2,True,False,False,False,False,False,LAP 67,LAP 67,,,10985.547,76.489,,,20.092,36.05,20.347,10929.21,10965.26,10985.607,10909.058
2024,Monaco Grand Prix,8,Monaco,Monaco,0 days 03:04:21.488000,LEC,16,0 days 00:01:15.941000,67.0,2.0,,Charles Leclerc,,0 days 00:00:19.908000,0 days 00:00:35.718000,0 days 00:00:20.315000,0 days 03:03:25.515000,0 days 03:04:01.233000,0 days 03:04:21.548000,206.0,190.0,259.0,278.0,True,HARD,66.0,True,Ferrari,0 days 03:03:05.547000,,1,1.0,False,,False,True,22.0,60.0,1018.3,False,41.6,58,1.0,True,False,False,False,False,False,LAP 67,LAP 67,,,11061.488,75.941,,,19.908,35.718,20.315,11005.515,11041.233,11061.548,10985.547
2024,Monaco Grand Prix,8,Monaco,Monaco,0 days 03:05:37.570000,LEC,16,0 days 00:01:16.082000,68.0,2.0,,Charles Leclerc,,0 days 00:00:19.824000,0 days 00:00:35.719000,0 days 00:00:20.539000,0 days 03:04:41.372000,0 days 03:05:17.091000,0 days 03:05:37.630000,202.0,190.0,259.0,282.0,False,HARD,67.0,True,Ferrari,0 days 03:04:21.488000,,1,1.0,False,,False,True,21.8,60.0,1018.4,False,40.9,14,0.7,True,False,False,False,False,False,LAP 69,LAP 69,,,11137.57,76.082,,,19.824,35.719,20.539,11081.372,11117.091,11137.63,11061.488
2024,Monaco Grand Prix,8,Monaco,Monaco,0 days 03:06:53.943000,LEC,16,0 days 00:01:16.373000,69.0,2.0,,Charles Leclerc,,0 days 00:00:20.074000,0 days 00:00:35.848000,0 days 00:00:20.451000,0 days 03:05:57.704000,0 days 03:06:33.552000,0 days 03:06:54.003000,207.0,189.0,258.0,279.0,False,HARD,68.0,True,Ferrari,0 days 03:05:37.570000,,1,1.0,False,,False,True,21.7,61.0,1018.4,False,41.1,229,0.8,True,False,False,False,False,False,LAP 69,LAP 69,,,11213.943,76.373,,,20.074,35.848,20.451,11157.704,11193.552,11214.003,11137.57
2024,Monaco Grand Prix,8,Monaco,Monaco,0 days 03:08:09.710000,LEC,16,0 days 00:01:15.767000,70.0,2.0,,Charles Leclerc,,0 days 00:00:19.928000,0 days 00:00:35.516000,0 days 00:00:20.323000,0 days 03:07:13.931000,0 days 03:07:49.447000,0 days 03:08:09.770000,202.0,192.0,259.0,279.0,True,HARD,69.0,True,Ferrari,0 days 03:06:53.943000,,1,1.0,False,,False,True,21.8,60.0,1018.5,False,41.6,224,0.8,True,False,False,False,False,False,LAP 70,LAP 70,,,11289.71,75.767,,,19.928,35.516,20.323,11233.931,11269.447,11289.77,11213.943
2024,Monaco Grand Prix,8,Monaco,Monaco,0 days 03:09:24.872000,LEC,16,0 days 00:01:15.162000,71.0,2.0,,Charles Leclerc,,0 days 00:00:19.719000,0 days 00:00:35.501000,0 days 00:00:19.942000,0 days 03:08:29.489000,0 days 03:09:04.990000,0 days 03:09:24.932000,208.0,195.0,259.0,279.0,True,HARD,70.0,True,Ferrari,0 days 03:08:09.710000,,1,1.0,False,,False,True,21.7,60.0,1018.4,False,41.1,0,0.4,True,False,False,False,False,False,LAP 71,LAP 71,,,11364.872,75.162,,,19.719,35.501,19.942,11309.489,11344.99,11364.932,11289.71
2024,Monaco Grand Prix,8,Monaco,Monaco,0 days 03:10:40.419000,LEC,16,0 days 00:01:15.547000,72.0,2.0,,Charles Leclerc,,0 days 00:00:19.716000,0 days 00:00:35.511000,0 days 00:00:20.320000,0 days 03:09:44.648000,0 days 03:10:20.159000,0 days 03:10:40.479000,207.0,192.0,259.0,280.0,False,HARD,71.0,True,Ferrari,0 days 03:09:24.872000,,1,1.0,False,,False,True,21.6,61.0,1018.4,False,41.0,58,0.7,True,False,False,False,False,False,LAP 72,LAP 72,,,11440.419,75.547,,,19.716,35.511,20.32,11384.648,11420.159,11440.479,11364.872
2024,Monaco Grand Prix,8,Monaco,Monaco,0 days 03:11:56.638000,LEC,16,0 days 00:01:16.219000,73.0,2.0,,Charles Leclerc,,0 days 00:00:19.958000,0 days 00:00:35.883000,0 days 00:00:20.378000,0 days 03:11:00.437000,0 days 03:11:36.320000,0 days 03:11:56.698000,202.0,189.0,261.0,281.0,False,HARD,72.0,True,Ferrari,0 days 03:10:40.419000,,1,1.0,False,,False,True,21.6,62.0,1018.4,False,40.5,214,0.9,True,False,False,False,False,False,LAP 73,LAP 73,,,11516.638,76.219,,,19.958,35.883,20.378,11460.437,11496.32,11516.698,11440.419
2024,Monaco Grand Prix,8,Monaco,Monaco,0 days 03:13:12.743000,LEC,16,0 days 00:01:16.105000,74.0,2.0,,Charles Leclerc,,0 days 00:00:19.924000,0 days 00:00:35.853000,0 days 00:00:20.328000,0 days 03:12:16.622000,0 days 03:12:52.475000,0 days 03:13:12.803000,200.0,191.0,262.0,282.0,False,HARD,73.0,True,Ferrari,0 days 03:11:56.638000,,1,1.0,False,,False,True,21.7,61.0,1018.4,False,40.8,293,1.1,True,False,False,False,False,False,LAP 74,LAP 74,,,11592.743,76.105,,,19.924,35.853,20.328,11536.622,11572.475,11592.803,11516.638
2024,Monaco Grand Prix,8,Monaco,Monaco,0 days 03:14:29.130000,LEC,16,0 days 00:01:16.387000,75.0,2.0,,Charles Leclerc,,0 days 00:00:19.840000,0 days 00:00:36.038000,0 days 00:00:20.509000,0 days 03:13:32.643000,0 days 03:14:08.681000,0 days 03:14:29.190000,203.0,188.0,262.0,282.0,False,HARD,74.0,True,Ferrari,0 days 03:13:12.743000,,1,1.0,False,,False,True,21.7,61.0,1018.4,False,40.8,214,0.7,True,False,False,False,False,False,LAP 75,LAP 75,,,11669.13,76.387,,,19.84,36.038,20.509,11612.643,11648.681,11669.19,11592.743
2024,Monaco Grand Prix,8,Monaco,Monaco,0 days 03:15:45.938000,LEC,16,0 days 00:01:16.808000,76.0,2.0,,Charles Leclerc,,0 days 00:00:20.175000,0 days 00:00:36.346000,0 days 00:00:20.287000,0 days 03:14:49.365000,0 days 03:15:25.711000,0 days 03:15:45.998000,202.0,187.0,259.0,281.0,False,HARD,75.0,True,Ferrari,0 days 03:14:29.130000,,1,1.0,False,,False,True,21.7,61.0,1018.4,False,40.6,353,0.6,True,False,False,False,False,False,LAP 77,LAP 77,,,11745.938,76.808,,,20.175,36.346,20.287,11689.365,11725.711,11745.998,11669.13
2024,Monaco Grand Prix,8,Monaco,Monaco,0 days 03:17:02.871000,LEC,16,0 days 00:01:16.933000,77.0,2.0,,Charles Leclerc,,0 days 00:00:20.067000,0 days 00:00:36.196000,0 days 00:00:20.670000,0 days 03:16:06.065000,0 days 03:16:42.261000,0 days 03:17:02.931000,200.0,188.0,259.0,277.0,False,HARD,76.0,True,Ferrari,0 days 03:15:45.938000,,1,1.0,False,,False,True,21.7,61.0,1018.4,False,40.6,224,0.9,True,False,False,False,False,False,LAP 78,LAP 78,,,11822.871,76.933,,,20.067,36.196,20.67,11766.065,11802.261,11822.931,11745.938
2024,Monaco Grand Prix,8,Monaco,Monaco,0 days 03:18:21.507000,LEC,16,0 days 00:01:18.636000,78.0,2.0,,Charles Leclerc,,0 days 00:00:20.278000,0 days 00:00:36.319000,0 days 00:00:22.039000,0 days 03:17:23.209000,0 days 03:17:59.528000,0 days 03:18:21.567000,196.0,184.0,209.0,277.0,False,HARD,77.0,True,Ferrari,0 days 03:17:02.871000,,1,1.0,False,,False,True,21.8,61.0,1018.4,False,40.9,284,0.8,True,False,False,False,False,False,LAP 78,LAP 78,,,11901.507,78.636,,,20.278,36.319,22.039,11843.209,11879.528,11901.567,11822.871
2024,Monaco Grand Prix,8,Monaco,Monaco,0 days 01:36:48.601000,STR,18,0 days 00:41:42.648000,1.0,1.0,,Lance Stroll,0 days 00:57:06.173000,,0 days 00:00:59.540000,,,0 days 00:56:36.680000,,173.0,57.0,,159.0,False,HARD,2.0,False,Aston Martin,0 days 00:55:05.680000,,1254,11.0,False,,False,False,21.6,66.0,1018.9,False,48.4,255,0.6,True,True,True,True,False,False,+20.471,+3.344,20.471,3.344,5808.601,2502.648,3426.173,,,59.54,,,3396.68,,3305.68
2024,Monaco Grand Prix,8,Monaco,Monaco,0 days 01:39:03.445000,STR,18,0 days 00:02:14.844000,2.0,2.0,0 days 01:36:49.541000,Lance Stroll,,0 days 00:00:27.146000,0 days 00:00:39.531000,0 days 00:01:08.167000,0 days 01:37:15.760000,0 days 01:37:55.291000,0 days 01:39:03.458000,181.0,174.0,148.0,247.0,False,MEDIUM,2.0,False,Aston Martin,0 days 01:36:48.601000,,41,11.0,False,,False,False,21.5,65.0,1018.9,False,48.1,9,0.8,True,False,True,False,False,False,+29.851,+4.276,29.851,4.276,5943.445,134.844,,5809.541,27.146,39.531,68.167,5835.76,5875.291,5943.458,5808.601
2024,Monaco Grand Prix,8,Monaco,Monaco,0 days 01:40:31.748000,STR,18,0 days 00:01:28.303000,3.0,2.0,,Lance Stroll,,0 days 00:00:25.677000,0 days 00:00:40.557000,0 days 00:00:22.069000,0 days 01:39:29.135000,0 days 01:40:09.692000,0 days 01:40:31.761000,165.0,177.0,262.0,270.0,True,MEDIUM,3.0,False,Aston Martin,0 days 01:39:03.445000,,1,11.0,False,,False,True,21.6,65.0,1018.8,False,49.2,0,0.6,True,False,False,False,False,False,+6.984,+0.213,6.984,0.213,6031.748,88.303,,,25.677,40.557,22.069,5969.135,6009.692,6031.761,5943.445
2024,Monaco Grand Prix,8,Monaco,Monaco,0 days 01:41:55.102000,STR,18,0 days 00:01:23.354000,4.0,2.0,,Lance Stroll,,0 days 00:00:22.061000,0 days 00:00:39.219000,0 days 00:00:22.074000,0 days 01:40:53.822000,0 days 01:41:33.041000,0 days 01:41:55.115000,170.0,178.0,269.0,278.0,True,MEDIUM,4.0,False,Aston Martin,0 days 01:40:31.748000,,1,11.0,False,,False,True,21.7,63.0,1018.9,False,49.2,0,0.6,True,False,False,False,False,False,+7.713,+0.298,7.713,0.298,6115.102,83.354,,,22.061,39.219,22.074,6053.822,6093.041,6115.115,6031.748
2024,Monaco Grand Prix,8,Monaco,Monaco,0 days 01:43:18.833000,STR,18,0 days 00:01:23.731000,5.0,2.0,,Lance Stroll,,0 days 00:00:22.635000,0 days 00:00:39.111000,0 days 00:00:21.985000,0 days 01:42:17.750000,0 days 01:42:56.861000,0 days 01:43:18.846000,164.0,176.0,266.0,270.0,False,MEDIUM,5.0,False,Aston Martin,0 days 01:41:55.102000,,1,11.0,False,,False,True,21.6,64.0,1018.9,False,48.2,353,2.0,True,False,False,False,False,False,+9.649,+0.601,9.649,0.601,6198.833,83.731,,,22.635,39.111,21.985,6137.75,6176.861,6198.846,6115.102
2024,Monaco Grand Prix,8,Monaco,Monaco,0 days 01:44:41.810000,STR,18,0 days 00:01:22.977000,6.0,2.0,,Lance Stroll,,0 days 00:00:22.270000,0 days 00:00:38.549000,0 days 00:00:22.158000,0 days 01:43:41.116000,0 days 01:44:19.665000,0 days 01:44:41.823000,167.0,175.0,266.0,285.0,True,MEDIUM,6.0,False,Aston Martin,0 days 01:43:18.833000,,1,11.0,False,,False,True,21.6,63.0,1018.8,False,48.2,0,1.0,True,False,False,False,False,False,+11.481,+0.472,11.481,0.472,6281.81,82.977,,,22.27,38.549,22.158,6221.116,6259.665,6281.823,6198.833
2024,Monaco Grand Prix,8,Monaco,Monaco,0 days 01:46:04.444000,STR,18,0 days 00:01:22.634000,7.0,2.0,,Lance Stroll,,0 days 00:00:22.108000,0 days 00:00:38.619000,0 days 00:00:21.907000,0 days 01:45:03.931000,0 days 01:45:42.550000,0 days 01:46:04.457000,165.0,180.0,259.0,277.0,True,MEDIUM,7.0,False,Aston Martin,0 days 01:44:41.810000,,1,11.0,False,,False,True,21.8,64.0,1018.9,False,48.7,6,0.4,True,False,False,False,False,False,+13.135,+0.873,13.135,0.873,6364.444,82.634,,,22.108,38.619,21.907,6303.931,6342.55,6364.457,6281.81
2024,Monaco Grand Prix,8,Monaco,Monaco,0 days 01:47:26.097000,STR,18,0 days 00:01:21.653000,8.0,2.0,,Lance Stroll,,0 days 00:00:21.713000,0 days 00:00:38.133000,0 days 00:00:21.807000,0 days 01:46:26.170000,0 days 01:47:04.303000,0 days 01:47:26.110000,170.0,179.0,259.0,268.0,True,MEDIUM,8.0,False,Aston Martin,0 days 01:46:04.444000,,1,11.0,False,,False,True,21.9,63.0,1018.9,False,47.9,253,0.9,True,False,False,False,False,False,+13.879,+0.927,13.879,0.927,6446.097,81.653,,,21.713,38.133,21.807,6386.17,6424.303,6446.11,6364.444
2024,Monaco Grand Prix,8,Monaco,Monaco,0 days 01:48:48.187000,STR,18,0 days 00:01:22.090000,9.0,2.0,,Lance Stroll,,0 days 00:00:21.688000,0 days 00:00:38.358000,0 days 00:00:22.044000,0 days 01:47:47.798000,0 days 01:48:26.156000,0 days 01:48:48.200000,168.0,181.0,265.0,268.0,False,MEDIUM,9.0,False,Aston Martin,0 days 01:47:26.097000,,1,11.0,False,,False,True,22.0,64.0,1018.8,False,47.9,340,1.1,True,False,False,False,False,False,+15.734,+0.945,15.734,0.945,6528.187,82.09,,,21.688,38.358,22.044,6467.798,6506.156,6528.2,6446.097
2024,Monaco Grand Prix,8,Monaco,Monaco,0 days 01:50:09.912000,STR,18,0 days 00:01:21.725000,10.0,2.0,,Lance Stroll,,0 days 00:00:21.646000,0 days 00:00:38.242000,0 days 00:00:21.837000,0 days 01:49:09.846000,0 days 01:49:48.088000,0 days 01:50:09.925000,172.0,176.0,259.0,272.0,False,MEDIUM,10.0,False,Aston Martin,0 days 01:48:48.187000,,1,11.0,False,,False,True,22.1,65.0,1018.8,False,47.4,289,0.7,True,False,False,False,False,False,+16.684,+1.276,16.684,1.276,6609.912,81.725,,,21.646,38.242,21.837,6549.846,6588.088,6609.925,6528.187
2024,Monaco Grand Prix,8,Monaco,Monaco,0 days 01:51:31.429000,STR,18,0 days 00:01:21.517000,11.0,2.0,,Lance Stroll,,0 days 00:00:21.360000,0 days 00:00:38.334000,0 days 00:00:21.823000,0 days 01:50:31.285000,0 days 01:51:09.619000,0 days 01:51:31.442000,175.0,176.0,257.0,275.0,True,MEDIUM,11.0,False,Aston Martin,0 days 01:50:09.912000,,1,11.0,False,,False,True,22.2,61.0,1018.9,False,47.9,9,1.3,True,False,False,False,False,False,+17.208,+1.433,17.208,1.433,6691.429,81.517,,,21.36,38.334,21.823,6631.285,6669.619,6691.442,6609.912
2024,Monaco Grand Prix,8,Monaco,Monaco,0 days 01:52:52.900000,STR,18,0 days 00:01:21.471000,12.0,2.0,,Lance Stroll,,0 days 00:00:21.177000,0 days 00:00:38.425000,0 days 00:00:21.869000,0 days 01:51:52.619000,0 days 01:52:31.044000,0 days 01:52:52.913000,169.0,164.0,258.0,268.0,True,MEDIUM,12.0,False,Aston Martin,0 days 01:51:31.429000,,1,11.0,False,,False,True,22.3,63.0,1018.8,False,47.3,2,0.6,True,False,False,False,False,False,+18.374,+1.677,18.374,1.677,6772.9,81.471,,,21.177,38.425,21.869,6712.619,6751.044,6772.913,6691.429
2024,Monaco Grand Prix,8,Monaco,Monaco,0 days 01:54:14.214000,STR,18,0 days 00:01:21.314000,13.0,2.0,,Lance Stroll,,0 days 00:00:21.223000,0 days 00:00:38.017000,0 days 00:00:22.074000,0 days 01:53:14.136000,0 days 01:53:52.153000,0 days 01:54:14.227000,170.0,172.0,256.0,268.0,True,MEDIUM,13.0,False,Aston Martin,0 days 01:52:52.900000,,1,11.0,False,,False,True,22.1,64.0,1018.8,False,47.2,208,1.2,True,False,False,False,False,False,+20.671,+1.461,20.671,1.461,6854.214,81.314,,,21.223,38.017,22.074,6794.136,6832.153,6854.227,6772.9
2024,Monaco Grand Prix,8,Monaco,Monaco,0 days 01:55:34.641000,STR,18,0 days 00:01:20.427000,14.0,2.0,,Lance Stroll,,0 days 00:00:20.801000,0 days 00:00:37.389000,0 days 00:00:22.237000,0 days 01:54:35.028000,0 days 01:55:12.417000,0 days 01:55:34.654000,193.0,182.0,256.0,267.0,True,MEDIUM,14.0,False,Aston Martin,0 days 01:54:14.214000,,1,11.0,False,,False,True,22.0,63.0,1018.7,False,47.1,22,0.5,True,False,False,False,False,False,+21.185,+1.968,21.185,1.968,6934.641,80.427,,,20.801,37.389,22.237,6875.028,6912.417,6934.654,6854.214
2024,Monaco Grand Prix,8,Monaco,Monaco,0 days 01:56:55.422000,STR,18,0 days 00:01:20.781000,15.0,2.0,,Lance Stroll,,0 days 00:00:21.070000,0 days 00:00:37.758000,0 days 00:00:21.953000,0 days 01:55:55.724000,0 days 01:56:33.482000,0 days 01:56:55.435000,181.0,170.0,257.0,275.0,False,MEDIUM,15.0,False,Aston Martin,0 days 01:55:34.641000,,1,11.0,False,,False,True,22.0,62.0,1018.8,False,47.1,351,1.1,True,False,False,False,False,False,+22.128,+1.683,22.128,1.683,7015.422,80.781,,,21.07,37.758,21.953,6955.724,6993.482,7015.435,6934.641
2024,Monaco Grand Prix,8,Monaco,Monaco,0 days 01:58:16.611000,STR,18,0 days 00:01:21.189000,16.0,2.0,,Lance Stroll,,0 days 00:00:21.576000,0 days 00:00:37.784000,0 days 00:00:21.829000,0 days 01:57:17.011000,0 days 01:57:54.795000,0 days 01:58:16.624000,168.0,182.0,255.0,276.0,False,MEDIUM,16.0,False,Aston Martin,0 days 01:56:55.422000,,1,11.0,False,,False,True,21.8,64.0,1018.8,False,46.1,8,1.3,True,False,False,False,False,False,+23.161,+1.818,23.161,1.818,7096.611,81.189,,,21.576,37.784,21.829,7037.011,7074.795,7096.624,7015.422
2024,Monaco Grand Prix,8,Monaco,Monaco,0 days 01:59:38.581000,STR,18,0 days 00:01:21.970000,17.0,2.0,,Lance Stroll,,0 days 00:00:21.680000,0 days 00:00:38.423000,0 days 00:00:21.867000,0 days 01:58:38.304000,0 days 01:59:16.727000,0 days 01:59:38.594000,156.0,182.0,255.0,271.0,False,MEDIUM,17.0,False,Aston Martin,0 days 01:58:16.611000,,1,11.0,False,,False,True,21.6,64.0,1018.7,False,46.7,38,1.1,True,False,False,False,False,False,+24.852,+1.827,24.852,1.827,7178.581,81.97,,,21.68,38.423,21.867,7118.304,7156.727,7178.594,7096.611
2024,Monaco Grand Prix,8,Monaco,Monaco,0 days 02:00:59.279000,STR,18,0 days 00:01:20.698000,18.0,2.0,,Lance Stroll,,0 days 00:00:21.328000,0 days 00:00:37.860000,0 days 00:00:21.510000,0 days 01:59:59.922000,0 days 02:00:37.782000,0 days 02:00:59.292000,177.0,182.0,255.0,273.0,False,MEDIUM,18.0,False,Aston Martin,0 days 01:59:38.581000,,1,11.0,False,,False,True,21.7,63.0,1018.7,False,47.2,101,0.8,True,False,False,False,False,False,+25.970,+1.728,25.97,1.728,7259.279,80.698,,,21.328,37.86,21.51,7199.922,7237.782,7259.292,7178.581
2024,Monaco Grand Prix,8,Monaco,Monaco,0 days 02:02:19.632000,STR,18,0 days 00:01:20.353000,19.0,2.0,,Lance Stroll,,0 days 00:00:21.281000,0 days 00:00:37.134000,0 days 00:00:21.938000,0 days 02:01:20.573000,0 days 02:01:57.707000,0 days 02:02:19.645000,182.0,181.0,255.0,279.0,True,MEDIUM,19.0,False,Aston Martin,0 days 02:00:59.279000,,1,11.0,False,,False,True,21.9,61.0,1018.8,False,46.6,36,1.3,True,False,False,False,False,False,+27.481,+2.177,27.481,2.177,7339.632,80.353,,,21.281,37.134,21.938,7280.573,7317.707,7339.645,7259.279
2024,Monaco Grand Prix,8,Monaco,Monaco,0 days 02:03:39.030000,STR,18,0 days 00:01:19.398000,20.0,2.0,,Lance Stroll,,0 days 00:00:20.880000,0 days 00:00:37.147000,0 days 00:00:21.371000,0 days 02:02:40.525000,0 days 02:03:17.672000,0 days 02:03:39.043000,186.0,183.0,257.0,279.0,True,MEDIUM,20.0,False,Aston Martin,0 days 02:02:19.632000,,1,11.0,False,,False,True,21.9,62.0,1018.8,False,45.8,337,0.9,True,False,False,False,False,False,+28.155,+1.320,28.155,1.32,7419.03,79.398,,,20.88,37.147,21.371,7360.525,7397.672,7419.043,7339.632
2024,Monaco Grand Prix,8,Monaco,Monaco,0 days 02:04:58.046000,STR,18,0 days 00:01:19.016000,21.0,2.0,,Lance Stroll,,0 days 00:00:20.854000,0 days 00:00:37.059000,0 days 00:00:21.103000,0 days 02:03:59.897000,0 days 02:04:36.956000,0 days 02:04:58.059000,186.0,184.0,250.0,281.0,True,MEDIUM,21.0,False,Aston Martin,0 days 02:03:39.030000,,1,11.0,False,,False,True,21.9,64.0,1018.7,False,45.8,0,1.3,True,False,False,False,False,False,+28.699,+0.460,28.699,0.46,7498.046,79.016,,,20.854,37.059,21.103,7439.897,7476.956,7498.059,7419.03
2024,Monaco Grand Prix,8,Monaco,Monaco,0 days 02:06:19.353000,STR,18,0 days 00:01:21.307000,22.0,2.0,,Lance Stroll,,0 days 00:00:21.677000,0 days 00:00:37.718000,0 days 00:00:21.912000,0 days 02:05:19.736000,0 days 02:05:57.454000,0 days 02:06:19.366000,170.0,181.0,260.0,277.0,False,MEDIUM,22.0,False,Aston Martin,0 days 02:04:58.046000,,1,11.0,False,,False,True,21.8,65.0,1018.8,False,45.9,198,0.5,True,False,False,False,False,False,+31.386,+1.213,31.386,1.213,7579.353,81.307,,,21.677,37.718,21.912,7519.736,7557.454,7579.366,7498.046
2024,Monaco Grand Prix,8,Monaco,Monaco,0 days 02:07:40.541000,STR,18,0 days 00:01:21.188000,23.0,2.0,,Lance Stroll,,0 days 00:00:21.372000,0 days 00:00:38.086000,0 days 00:00:21.730000,0 days 02:06:40.738000,0 days 02:07:18.824000,0 days 02:07:40.554000,175.0,176.0,259.0,262.0,False,MEDIUM,23.0,False,Aston Martin,0 days 02:06:19.353000,,1,11.0,False,,False,True,21.7,63.0,1018.7,False,46.1,356,1.1,True,False,False,False,False,False,+34.116,+1.095,34.116,1.095,7660.541,81.188,,,21.372,38.086,21.73,7600.738,7638.824,7660.554,7579.353
2024,Monaco Grand Prix,8,Monaco,Monaco,0 days 02:09:02.162000,STR,18,0 days 00:01:21.621000,24.0,2.0,,Lance Stroll,,0 days 00:00:21.615000,0 days 00:00:38.073000,0 days 00:00:21.933000,0 days 02:08:02.169000,0 days 02:08:40.242000,0 days 02:09:02.175000,184.0,179.0,259.0,274.0,False,MEDIUM,24.0,False,Aston Martin,0 days 02:07:40.541000,,1,11.0,False,,False,True,21.8,64.0,1018.7,False,46.3,272,1.4,True,False,False,False,False,False,+37.012,+1.767,37.012,1.767,7742.162,81.621,,,21.615,38.073,21.933,7682.169,7720.242,7742.175,7660.541
2024,Monaco Grand Prix,8,Monaco,Monaco,0 days 02:10:22.668000,STR,18,0 days 00:01:20.506000,25.0,2.0,,Lance Stroll,,0 days 00:00:21.010000,0 days 00:00:37.970000,0 days 00:00:21.526000,0 days 02:09:23.185000,0 days 02:10:01.155000,0 days 02:10:22.681000,189.0,181.0,257.0,279.0,False,MEDIUM,25.0,False,Aston Martin,0 days 02:09:02.162000,,1,11.0,False,,False,True,21.7,62.0,1018.6,False,45.7,325,1.3,True,False,False,False,False,False,+38.545,+1.901,38.545,1.901,7822.668,80.506,,,21.01,37.97,21.526,7763.185,7801.155,7822.681,7742.162
2024,Monaco Grand Prix,8,Monaco,Monaco,0 days 02:11:43.257000,STR,18,0 days 00:01:20.589000,26.0,2.0,,Lance Stroll,,0 days 00:00:21.064000,0 days 00:00:37.845000,0 days 00:00:21.680000,0 days 02:10:43.745000,0 days 02:11:21.590000,0 days 02:11:43.270000,183.0,179.0,258.0,279.0,False,MEDIUM,26.0,False,Aston Martin,0 days 02:10:22.668000,,1,11.0,False,,False,True,21.8,64.0,1018.5,False,46.0,23,0.7,True,False,False,False,False,False,+40.689,+1.897,40.689,1.897,7903.257,80.589,,,21.064,37.845,21.68,7843.745,7881.59,7903.27,7822.668
2024,Monaco Grand Prix,8,Monaco,Monaco,0 days 02:13:03.564000,STR,18,0 days 00:01:20.307000,27.0,2.0,,Lance Stroll,,0 days 00:00:20.676000,0 days 00:00:37.768000,0 days 00:00:21.863000,0 days 02:12:03.946000,0 days 02:12:41.714000,0 days 02:13:03.577000,189.0,175.0,258.0,276.0,False,MEDIUM,27.0,False,Aston Martin,0 days 02:11:43.257000,,1,11.0,False,,False,True,21.9,63.0,1018.6,False,46.0,296,0.6,True,False,False,False,False,False,+42.667,+1.743,42.667,1.743,7983.564,80.307,,,20.676,37.768,21.863,7923.946,7961.714,7983.577,7903.257
2024,Monaco Grand Prix,8,Monaco,Monaco,0 days 02:14:23.695000,STR,18,0 days 00:01:20.131000,28.0,2.0,,Lance Stroll,,0 days 00:00:21.068000,0 days 00:00:37.569000,0 days 00:00:21.494000,0 days 02:13:24.645000,0 days 02:14:02.214000,0 days 02:14:23.708000,187.0,174.0,259.0,277.0,False,MEDIUM,28.0,False,Aston Martin,0 days 02:13:03.564000,,1,11.0,False,,False,True,22.0,63.0,1018.5,False,45.6,215,1.7,True,False,False,False,False,False,+44.123,+1.668,44.123,1.668,8063.695,80.131,,,21.068,37.569,21.494,8004.645,8042.214,8063.708,7983.564
2024,Monaco Grand Prix,8,Monaco,Monaco,0 days 02:15:43.159000,STR,18,0 days 00:01:19.464000,29.0,2.0,,Lance Stroll,,0 days 00:00:20.986000,0 days 00:00:37.085000,0 days 00:00:21.393000,0 days 02:14:44.694000,0 days 02:15:21.779000,0 days 02:15:43.172000,190.0,185.0,257.0,279.0,False,MEDIUM,29.0,False,Aston Martin,0 days 02:14:23.695000,,1,11.0,False,,False,True,22.0,62.0,1018.5,False,45.9,220,0.9,True,False,False,False,False,False,+44.477,+1.673,44.477,1.673,8143.159,79.464,,,20.986,37.085,21.393,8084.694,8121.779,8143.172,8063.695
2024,Monaco Grand Prix,8,Monaco,Monaco,0 days 02:17:04.581000,STR,18,0 days 00:01:21.422000,30.0,2.0,,Lance Stroll,,0 days 00:00:21.242000,0 days 00:00:37.987000,0 days 00:00:22.193000,0 days 02:16:04.414000,0 days 02:16:42.401000,0 days 02:17:04.594000,167.0,172.0,259.0,278.0,False,MEDIUM,30.0,False,Aston Martin,0 days 02:15:43.159000,,1,11.0,False,,False,True,22.0,61.0,1018.6,False,46.4,265,0.6,True,False,False,False,False,False,+46.023,+1.418,46.023,1.418,8224.581,81.422,,,21.242,37.987,22.193,8164.414,8202.401,8224.594,8143.159
2024,Monaco Grand Prix,8,Monaco,Monaco,0 days 02:18:27.116000,STR,18,0 days 00:01:22.535000,31.0,2.0,,Lance Stroll,,0 days 00:00:22.064000,0 days 00:00:38.602000,0 days 00:00:21.869000,0 days 02:17:26.658000,0 days 02:18:05.260000,0 days 02:18:27.129000,166.0,177.0,258.0,274.0,False,MEDIUM,31.0,False,Aston Martin,0 days 02:17:04.581000,,1,11.0,False,,False,True,22.0,61.0,1018.6,False,45.5,237,0.9,True,False,False,False,False,False,+50.106,+2.439,50.106,2.439,8307.116,82.535,,,22.064,38.602,21.869,8246.658,8285.26,8307.129,8224.581
2024,Monaco Grand Prix,8,Monaco,Monaco,0 days 02:19:48.368000,STR,18,0 days 00:01:21.252000,32.0,2.0,,Lance Stroll,,0 days 00:00:21.475000,0 days 00:00:37.876000,0 days 00:00:21.901000,0 days 02:18:48.604000,0 days 02:19:26.480000,0 days 02:19:48.381000,177.0,177.0,258.0,276.0,False,MEDIUM,32.0,False,Aston Martin,0 days 02:18:27.116000,,1,11.0,False,,False,True,21.9,62.0,1018.5,False,45.6,245,1.0,True,False,False,False,False,False,+52.233,+2.570,52.233,2.57,8388.368,81.252,,,21.475,37.876,21.901,8328.604,8366.48,8388.381,8307.116
2024,Monaco Grand Prix,8,Monaco,Monaco,0 days 02:21:08.904000,STR,18,0 days 00:01:20.536000,33.0,2.0,,Lance Stroll,,0 days 00:00:21.060000,0 days 00:00:37.742000,0 days 00:00:21.734000,0 days 02:20:09.441000,0 days 02:20:47.183000,0 days 02:21:08.917000,179.0,178.0,258.0,276.0,False,MEDIUM,33.0,False,Aston Martin,0 days 02:19:48.368000,,1,11.0,False,,False,True,21.9,62.0,1018.6,False,45.9,269,0.9,True,False,False,False,False,False,+54.275,+2.141,54.275,2.141,8468.904,80.536,,,21.06,37.742,21.734,8409.441,8447.183,8468.917,8388.368
2024,Monaco Grand Prix,8,Monaco,Monaco,0 days 02:22:28.693000,STR,18,0 days 00:01:19.789000,34.0,2.0,,Lance Stroll,,0 days 00:00:20.814000,0 days 00:00:37.648000,0 days 00:00:21.327000,0 days 02:21:29.731000,0 days 02:22:07.379000,0 days 02:22:28.706000,183.0,185.0,259.0,274.0,False,MEDIUM,34.0,False,Aston Martin,0 days 02:21:08.904000,,1,11.0,False,,False,True,22.0,62.0,1018.6,False,45.1,0,0.9,True,False,False,False,False,False,+54.745,+1.179,54.745,1.179,8548.693,79.789,,,20.814,37.648,21.327,8489.731,8527.379,8548.706,8468.904
2024,Monaco Grand Prix,8,Monaco,Monaco,0 days 02:23:48.190000,STR,18,0 days 00:01:19.497000,35.0,2.0,,Lance Stroll,,0 days 00:00:20.895000,0 days 00:00:37.055000,0 days 00:00:21.547000,0 days 02:22:49.601000,0 days 02:23:26.656000,0 days 02:23:48.203000,177.0,184.0,260.0,280.0,False,MEDIUM,35.0,False,Aston Martin,0 days 02:22:28.693000,,1,11.0,False,,False,True,21.9,65.0,1018.6,False,44.5,358,0.6,True,False,False,False,False,False,+55.712,+1.315,55.712,1.315,8628.19,79.497,,,20.895,37.055,21.547,8569.601,8606.656,8628.203,8548.693
2024,Monaco Grand Prix,8,Monaco,Monaco,0 days 02:25:07.487000,STR,18,0 days 00:01:19.297000,36.0,2.0,,Lance Stroll,,0 days 00:00:20.785000,0 days 00:00:37.112000,0 days 00:00:21.400000,0 days 02:24:08.988000,0 days 02:24:46.100000,0 days 02:25:07.500000,191.0,180.0,259.0,280.0,False,MEDIUM,36.0,False,Aston Martin,0 days 02:23:48.190000,,1,11.0,False,,False,True,21.8,64.0,1018.5,False,44.4,234,1.2,True,False,False,False,False,False,+56.320,+1.036,56.32,1.036,8707.487,79.297,,,20.785,37.112,21.4,8648.988,8686.1,8707.5,8628.19
2024,Monaco Grand Prix,8,Monaco,Monaco,0 days 02:26:27.125000,STR,18,0 days 00:01:19.638000,37.0,2.0,,Lance Stroll,,0 days 00:00:20.936000,0 days 00:00:37.247000,0 days 00:00:21.455000,0 days 02:25:28.436000,0 days 02:26:05.683000,0 days 02:26:27.138000,185.0,185.0,266.0,278.0,False,MEDIUM,37.0,False,Aston Martin,0 days 02:25:07.487000,,1,11.0,False,,False,True,21.8,63.0,1018.5,False,44.5,271,1.0,True,False,False,False,False,False,+57.033,+0.699,57.033,0.699,8787.125,79.638,,,20.936,37.247,21.455,8728.436,8765.683,8787.138,8707.487
2024,Monaco Grand Prix,8,Monaco,Monaco,0 days 02:27:46.831000,STR,18,0 days 00:01:19.706000,38.0,2.0,,Lance Stroll,,0 days 00:00:21.191000,0 days 00:00:37.187000,0 days 00:00:21.328000,0 days 02:26:48.329000,0 days 02:27:25.516000,0 days 02:27:46.844000,186.0,185.0,258.0,279.0,False,MEDIUM,38.0,False,Aston Martin,0 days 02:26:27.125000,,1,11.0,False,,False,True,21.8,62.0,1018.6,False,44.8,169,0.7,True,False,False,False,False,False,+58.211,+0.977,58.211,0.977,8866.831,79.706,,,21.191,37.187,21.328,8808.329,8845.516,8866.844,8787.125
2024,Monaco Grand Prix,8,Monaco,Monaco,0 days 02:29:06.698000,STR,18,0 days 00:01:19.867000,39.0,2.0,,Lance Stroll,,0 days 00:00:21.184000,0 days 00:00:37.236000,0 days 00:00:21.447000,0 days 02:28:08.028000,0 days 02:28:45.264000,0 days 02:29:06.711000,182.0,184.0,266.0,279.0,False,MEDIUM,39.0,False,Aston Martin,0 days 02:27:46.831000,,1,11.0,False,,False,True,21.8,62.0,1018.6,False,44.7,0,0.5,True,False,False,False,False,False,+59.897,+0.524,59.897,0.524,8946.698,79.867,,,21.184,37.236,21.447,8888.028,8925.264,8946.711,8866.831
2024,Monaco Grand Prix,8,Monaco,Monaco,0 days 02:30:27.148000,STR,18,0 days 00:01:20.450000,40.0,2.0,,Lance Stroll,,0 days 00:00:21.374000,0 days 00:00:37.532000,0 days 00:00:21.544000,0 days 02:29:28.085000,0 days 02:30:05.617000,0 days 02:30:27.161000,190.0,184.0,266.0,277.0,False,MEDIUM,40.0,False,Aston Martin,0 days 02:29:06.698000,,1,11.0,False,,False,True,22.0,60.0,1018.5,False,44.4,111,0.8,True,False,False,False,False,False,+61.614,+0.590,61.614,0.59,9027.148,80.45,,,21.374,37.532,21.544,8968.085,9005.617,9027.161,8946.698
2024,Monaco Grand Prix,8,Monaco,Monaco,0 days 02:31:47.348000,STR,18,0 days 00:01:20.200000,41.0,2.0,,Lance Stroll,,0 days 00:00:21.210000,0 days 00:00:37.513000,0 days 00:00:21.477000,0 days 02:30:48.371000,0 days 02:31:25.884000,0 days 02:31:47.361000,190.0,186.0,266.0,278.0,False,MEDIUM,41.0,False,Aston Martin,0 days 02:30:27.148000,,1,11.0,False,,False,True,22.0,62.0,1018.4,False,44.4,30,0.5,True,False,False,False,False,False,+63.128,+0.702,63.128,0.702,9107.348,80.2,,,21.21,37.513,21.477,9048.371,9085.884,9107.361,9027.148
2024,Monaco Grand Prix,8,Monaco,Monaco,0 days 02:33:24.410000,STR,18,0 days 00:01:37.062000,42.0,2.0,,Lance Stroll,0 days 02:33:01.090000,0 days 00:00:21.187000,0 days 00:00:37.289000,0 days 00:00:38.586000,0 days 02:32:08.548000,0 days 02:32:45.837000,0 days 02:33:24.423000,191.0,186.0,,280.0,False,MEDIUM,42.0,False,Aston Martin,0 days 02:31:47.348000,,1,11.0,False,,False,False,21.9,61.0,1018.5,False,44.7,0,0.5,True,False,False,False,False,False,+64.366,+1.304,64.366,1.304,9204.41,97.062,9181.09,,21.187,37.289,38.586,9128.548,9165.837,9204.423,9107.348
2024,Monaco Grand Prix,8,Monaco,Monaco,0 days 02:34:47.185000,STR,18,0 days 00:01:22.775000,43.0,3.0,0 days 02:33:25.167000,Lance Stroll,,0 days 00:00:24.327000,0 days 00:00:37.385000,0 days 00:00:21.063000,0 days 02:33:48.750000,0 days 02:34:26.135000,0 days 02:34:47.198000,183.0,183.0,260.0,280.0,False,HARD,3.0,False,Aston Martin,0 days 02:33:24.410000,,1,11.0,False,,False,False,21.9,59.0,1018.6,False,44.8,227,1.0,True,False,False,False,False,False,1 L,+19.402,,19.402,9287.185,82.775,,9205.167,24.327,37.385,21.063,9228.75,9266.135,9287.198,9204.41
2024,Monaco Grand Prix,8,Monaco,Monaco,0 days 02:36:05.736000,STR,18,0 days 00:01:18.551000,44.0,3.0,,Lance Stroll,,0 days 00:00:20.552000,0 days 00:00:37.005000,0 days 00:00:20.994000,0 days 02:35:07.750000,0 days 02:35:44.755000,0 days 02:36:05.749000,182.0,186.0,260.0,278.0,True,HARD,4.0,False,Aston Martin,0 days 02:34:47.185000,,1,11.0,False,,False,True,22.0,58.0,1018.5,False,44.5,192,0.5,True,False,False,False,False,False,1 L,+17.415,,17.415,9365.736,78.551,,,20.552,37.005,20.994,9307.75,9344.755,9365.749,9287.185
2024,Monaco Grand Prix,8,Monaco,Monaco,0 days 02:37:24.542000,STR,18,0 days 00:01:18.806000,45.0,3.0,,Lance Stroll,,0 days 00:00:20.484000,0 days 00:00:37.023000,0 days 00:00:21.299000,0 days 02:36:26.233000,0 days 02:37:03.256000,0 days 02:37:24.555000,187.0,188.0,259.0,279.0,False,HARD,5.0,False,Aston Martin,0 days 02:36:05.736000,,1,11.0,False,,False,True,21.9,57.0,1018.3,False,44.5,203,1.8,True,False,False,False,False,False,1 L,+16.756,,16.756,9444.542,78.806,,,20.484,37.023,21.299,9386.233,9423.256,9444.555,9365.736
2024,Monaco Grand Prix,8,Monaco,Monaco,0 days 02:38:42.838000,STR,18,0 days 00:01:18.296000,46.0,3.0,,Lance Stroll,,0 days 00:00:20.529000,0 days 00:00:36.671000,0 days 00:00:21.096000,0 days 02:37:45.084000,0 days 02:38:21.755000,0 days 02:38:42.851000,192.0,184.0,259.0,281.0,True,HARD,6.0,False,Aston Martin,0 days 02:37:24.542000,,1,11.0,False,,False,True,22.0,58.0,1018.4,False,44.5,276,1.8,True,False,False,False,False,False,1 L,+15.082,,15.082,9522.838,78.296,,,20.529,36.671,21.096,9465.084,9501.755,9522.851,9444.542
2024,Monaco Grand Prix,8,Monaco,Monaco,0 days 02:40:00.900000,STR,18,0 days 00:01:18.062000,47.0,3.0,,Lance Stroll,,0 days 00:00:20.222000,0 days 00:00:36.815000,0 days 00:00:21.025000,0 days 02:39:03.073000,0 days 02:39:39.888000,0 days 02:40:00.913000,187.0,185.0,260.0,279.0,True,HARD,7.0,False,Aston Martin,0 days 02:38:42.838000,,1,11.0,False,,False,True,22.0,57.0,1018.5,False,43.8,205,0.7,True,False,False,False,False,False,1 L,+13.709,,13.709,9600.9,78.062,,,20.222,36.815,21.025,9543.073,9579.888,9600.913,9522.838
2024,Monaco Grand Prix,8,Monaco,Monaco,0 days 02:41:50.032000,STR,18,0 days 00:01:49.132000,48.0,3.0,,Lance Stroll,0 days 02:41:22.662000,0 days 00:00:20.243000,0 days 00:00:40.645000,0 days 00:00:48.244000,0 days 02:40:21.156000,0 days 02:41:01.801000,0 days 02:41:50.045000,187.0,128.0,,280.0,False,HARD,8.0,False,Aston Martin,0 days 02:40:00.900000,,1,16.0,True,TRACK LIMITS AT TURN 16 LAP 48 ,False,False,22.0,57.0,1018.4,False,43.7,0,1.7,True,False,False,False,False,False,1 L,+1.979,,1.979,9710.032,109.132,9682.662,,20.243,40.645,48.244,9621.156,9661.801,9710.045,9600.9
2024,Monaco Grand Prix,8,Monaco,Monaco,0 days 02:43:09.121000,STR,18,0 days 00:01:19.089000,49.0,4.0,0 days 02:41:50.787000,Lance Stroll,,0 days 00:00:22.278000,0 days 00:00:35.985000,0 days 00:00:20.826000,0 days 02:42:12.323000,0 days 02:42:48.308000,0 days 02:43:09.134000,194.0,189.0,259.0,278.0,False,SOFT,1.0,True,Aston Martin,0 days 02:41:50.032000,,1,16.0,False,,False,False,21.9,58.0,1018.5,False,43.7,354,1.0,True,False,False,False,False,False,1 L,+11.947,,11.947,9789.121,79.089,,9710.787,22.278,35.985,20.826,9732.323,9768.308,9789.134,9710.032
2024,Monaco Grand Prix,8,Monaco,Monaco,0 days 02:44:26.909000,STR,18,0 days 00:01:17.788000,50.0,4.0,,Lance Stroll,,0 days 00:00:20.305000,0 days 00:00:36.497000,0 days 00:00:20.986000,0 days 02:43:29.439000,0 days 02:44:05.936000,0 days 02:44:26.922000,195.0,184.0,259.0,280.0,True,SOFT,2.0,True,Aston Martin,0 days 02:43:09.121000,,1,16.0,False,,False,True,21.8,58.0,1018.6,False,43.0,200,0.7,True,False,False,False,False,False,1 L,+9.220,,9.22,9866.909,77.788,,,20.305,36.497,20.986,9809.439,9845.936,9866.922,9789.121
2024,Monaco Grand Prix,8,Monaco,Monaco,0 days 02:45:43.891000,STR,18,0 days 00:01:16.982000,51.0,4.0,,Lance Stroll,,0 days 00:00:20.155000,0 days 00:00:36.191000,0 days 00:00:20.636000,0 days 02:44:47.077000,0 days 02:45:23.268000,0 days 02:45:43.904000,201.0,188.0,258.0,280.0,True,SOFT,3.0,True,Aston Martin,0 days 02:44:26.909000,,12,16.0,False,,False,True,21.8,57.0,1018.5,False,43.2,52,1.0,True,True,False,False,False,False,1 L,+5.240,,5.24,9943.891,76.982,,,20.155,36.191,20.636,9887.077,9923.268,9943.904,9866.909
2024,Monaco Grand Prix,8,Monaco,Monaco,0 days 02:47:01.241000,STR,18,0 days 00:01:17.350000,52.0,4.0,,Lance Stroll,,0 days 00:00:20.008000,0 days 00:00:36.517000,0 days 00:00:20.825000,0 days 02:46:03.912000,0 days 02:46:40.429000,0 days 02:47:01.254000,196.0,189.0,260.0,281.0,False,SOFT,4.0,True,Aston Martin,0 days 02:45:43.891000,,1,16.0,False,,False,True,21.9,58.0,1018.5,False,43.2,321,0.8,True,False,False,False,False,False,1 L,+1.620,,1.62,10021.241,77.35,,,20.008,36.517,20.825,9963.912,10000.429,10021.254,9943.891
2024,Monaco Grand Prix,8,Monaco,Monaco,0 days 02:48:22.788000,STR,18,0 days 00:01:21.547000,53.0,4.0,,Lance Stroll,,0 days 00:00:20.140000,0 days 00:00:38.505000,0 days 00:00:22.902000,0 days 02:47:21.394000,0 days 02:47:59.899000,0 days 02:48:22.801000,198.0,181.0,267.0,250.0,False,SOFT,5.0,True,Aston Martin,0 days 02:47:01.241000,,1,16.0,False,,False,True,21.9,59.0,1018.4,False,42.8,236,1.4,True,False,False,False,False,False,1 L,+1.792,,1.792,10102.788,81.547,,,20.14,38.505,22.902,10041.394,10079.899,10102.801,10021.241
2024,Monaco Grand Prix,8,Monaco,Monaco,0 days 02:49:43.359000,STR,18,0 days 00:01:20.571000,54.0,4.0,,Lance Stroll,,0 days 00:00:20.602000,0 days 00:00:38.634000,0 days 00:00:21.335000,0 days 02:48:43.403000,0 days 02:49:22.037000,0 days 02:49:43.372000,178.0,179.0,272.0,273.0,False,SOFT,6.0,True,Aston Martin,0 days 02:48:22.788000,,1,16.0,False,,False,True,21.7,59.0,1018.4,False,42.5,0,1.1,True,False,False,False,False,False,1 L,+0.300,,0.3,10183.359,80.571,,,20.602,38.634,21.335,10123.403,10162.037,10183.372,10102.788
2024,Monaco Grand Prix,8,Monaco,Monaco,0 days 02:51:03.322000,STR,18,0 days 00:01:19.963000,55.0,4.0,,Lance Stroll,,0 days 00:00:21.262000,0 days 00:00:37.584000,0 days 00:00:21.117000,0 days 02:50:04.634000,0 days 02:50:42.218000,0 days 02:51:03.335000,186.0,185.0,260.0,262.0,False,SOFT,7.0,True,Aston Martin,0 days 02:49:43.359000,,1,15.0,False,,False,True,21.7,60.0,1018.4,False,42.4,59,0.9,True,False,False,False,False,False,1 L,+0.189,,0.189,10263.322,79.963,,,21.262,37.584,21.117,10204.634,10242.218,10263.335,10183.359
2024,Monaco Grand Prix,8,Monaco,Monaco,0 days 02:52:20.601000,STR,18,0 days 00:01:17.279000,56.0,4.0,,Lance Stroll,,0 days 00:00:20.547000,0 days 00:00:35.890000,0 days 00:00:20.842000,0 days 02:51:23.882000,0 days 02:51:59.772000,0 days 02:52:20.614000,200.0,188.0,259.0,278.0,False,SOFT,8.0,True,Aston Martin,0 days 02:51:03.322000,,1,14.0,False,,False,True,21.7,59.0,1018.5,False,42.4,0,0.6,True,False,False,False,False,False,1 L,+8.890,,8.89,10340.601,77.279,,,20.547,35.89,20.842,10283.882,10319.772,10340.614,10263.322
2024,Monaco Grand Prix,8,Monaco,Monaco,0 days 02:53:37.515000,STR,18,0 days 00:01:16.914000,57.0,4.0,,Lance Stroll,,0 days 00:00:20.106000,0 days 00:00:35.937000,0 days 00:00:20.871000,0 days 02:52:40.720000,0 days 02:53:16.657000,0 days 02:53:37.528000,202.0,188.0,261.0,281.0,True,SOFT,9.0,True,Aston Martin,0 days 02:52:20.601000,,1,14.0,False,,False,True,21.8,60.0,1018.5,False,42.2,30,1.2,True,False,False,False,False,False,1 L,+6.777,,6.777,10417.515,76.914,,,20.106,35.937,20.871,10360.72,10396.657,10417.528,10340.601
2024,Monaco Grand Prix,8,Monaco,Monaco,0 days 02:54:54.671000,STR,18,0 days 00:01:17.156000,58.0,4.0,,Lance Stroll,,0 days 00:00:20.193000,0 days 00:00:36.244000,0 days 00:00:20.719000,0 days 02:53:57.721000,0 days 02:54:33.965000,0 days 02:54:54.684000,198.0,191.0,260.0,281.0,False,SOFT,10.0,True,Aston Martin,0 days 02:53:37.515000,,1,14.0,False,,False,True,21.6,61.0,1018.4,False,41.9,9,1.1,True,False,False,False,False,False,1 L,+4.686,,4.686,10494.671,77.156,,,20.193,36.244,20.719,10437.721,10473.965,10494.684,10417.515
2024,Monaco Grand Prix,8,Monaco,Monaco,0 days 02:56:11.381000,STR,18,0 days 00:01:16.710000,59.0,4.0,,Lance Stroll,,0 days 00:00:19.891000,0 days 00:00:35.991000,0 days 00:00:20.828000,0 days 02:55:14.575000,0 days 02:55:50.566000,0 days 02:56:11.394000,200.0,189.0,263.0,281.0,True,SOFT,11.0,True,Aston Martin,0 days 02:54:54.671000,,1,14.0,False,,False,True,21.5,61.0,1018.5,False,42.3,284,0.5,True,False,False,False,False,False,1 L,+2.397,,2.397,10571.381,76.71,,,19.891,35.991,20.828,10514.575,10550.566,10571.394,10494.671
2024,Monaco Grand Prix,8,Monaco,Monaco,0 days 02:57:28.707000,STR,18,0 days 00:01:17.326000,60.0,4.0,,Lance Stroll,,0 days 00:00:20.162000,0 days 00:00:36.547000,0 days 00:00:20.617000,0 days 02:56:31.556000,0 days 02:57:08.103000,0 days 02:57:28.720000,196.0,189.0,271.0,278.0,False,SOFT,12.0,True,Aston Martin,0 days 02:56:11.381000,,1,14.0,False,,False,True,21.6,60.0,1018.4,False,42.0,241,0.9,True,False,False,False,False,False,1 L,+0.654,,0.654,10648.707,77.326,,,20.162,36.547,20.617,10591.556,10628.103,10648.72,10571.381
2024,Monaco Grand Prix,8,Monaco,Monaco,0 days 02:58:47.005000,STR,18,0 days 00:01:18.298000,61.0,4.0,,Lance Stroll,,0 days 00:00:20.494000,0 days 00:00:36.945000,0 days 00:00:20.859000,0 days 02:57:49.214000,0 days 02:58:26.159000,0 days 02:58:47.018000,190.0,185.0,274.0,283.0,False,SOFT,13.0,True,Aston Martin,0 days 02:57:28.707000,,1,14.0,False,,False,True,21.8,59.0,1018.4,False,42.0,264,1.2,True,False,False,False,False,False,1 L,+0.383,,0.383,10727.005,78.298,,,20.494,36.945,20.859,10669.214,10706.159,10727.018,10648.707
2024,Monaco Grand Prix,8,Monaco,Monaco,0 days 03:00:06.075000,STR,18,0 days 00:01:19.070000,62.0,4.0,,Lance Stroll,,0 days 00:00:20.936000,0 days 00:00:37.065000,0 days 00:00:21.069000,0 days 02:59:07.954000,0 days 02:59:45.019000,0 days 03:00:06.088000,189.0,186.0,273.0,283.0,False,SOFT,14.0,True,Aston Martin,0 days 02:58:47.005000,,1,14.0,False,,False,True,22.0,60.0,1018.5,False,42.0,284,0.8,True,False,False,False,False,False,1 L,+0.480,,0.48,10806.075,79.07,,,20.936,37.065,21.069,10747.954,10785.019,10806.088,10727.005
2024,Monaco Grand Prix,8,Monaco,Monaco,0 days 03:01:25.175000,STR,18,0 days 00:01:19.100000,63.0,4.0,,Lance Stroll,,0 days 00:00:20.758000,0 days 00:00:36.950000,0 days 00:00:21.392000,0 days 03:00:26.846000,0 days 03:01:03.796000,0 days 03:01:25.188000,194.0,184.0,272.0,283.0,False,SOFT,15.0,True,Aston Martin,0 days 03:00:06.075000,,1,14.0,False,,False,True,21.9,60.0,1018.4,False,42.0,215,0.9,True,False,False,False,False,False,1 L,+0.511,,0.511,10885.175,79.1,,,20.758,36.95,21.392,10826.846,10863.796,10885.188,10806.075
2024,Monaco Grand Prix,8,Monaco,Monaco,0 days 03:02:43.600000,STR,18,0 days 00:01:18.425000,64.0,4.0,,Lance Stroll,,0 days 00:00:20.463000,0 days 00:00:36.961000,0 days 00:00:21.001000,0 days 03:01:45.651000,0 days 03:02:22.612000,0 days 03:02:43.613000,194.0,187.0,273.0,282.0,False,SOFT,16.0,True,Aston Martin,0 days 03:01:25.175000,,1,14.0,False,,False,True,21.9,59.0,1018.4,False,41.7,283,1.2,True,False,False,False,False,False,1 L,+0.469,,0.469,10963.6,78.425,,,20.463,36.961,21.001,10905.651,10942.612,10963.613,10885.175
2024,Monaco Grand Prix,8,Monaco,Monaco,0 days 03:04:02.332000,STR,18,0 days 00:01:18.732000,65.0,4.0,,Lance Stroll,,0 days 00:00:20.644000,0 days 00:00:37.021000,0 days 00:00:21.067000,0 days 03:03:04.257000,0 days 03:03:41.278000,0 days 03:04:02.345000,196.0,187.0,270.0,282.0,False,SOFT,17.0,True,Aston Martin,0 days 03:02:43.600000,,1,14.0,False,,False,True,22.0,59.0,1018.3,False,41.7,325,1.7,True,False,False,False,False,False,1 L,+0.495,,0.495,11042.332,78.732,,,20.644,37.021,21.067,10984.257,11021.278,11042.345,10963.6
2024,Monaco Grand Prix,8,Monaco,Monaco,0 days 03:05:21.080000,STR,18,0 days 00:01:18.748000,66.0,4.0,,Lance Stroll,,0 days 00:00:20.611000,0 days 00:00:37.007000,0 days 00:00:21.130000,0 days 03:04:22.956000,0 days 03:04:59.963000,0 days 03:05:21.093000,199.0,189.0,271.0,281.0,False,SOFT,18.0,True,Aston Martin,0 days 03:04:02.332000,,1,14.0,False,,False,True,21.8,60.0,1018.4,False,40.9,14,0.7,True,False,False,False,False,False,1 L,+0.915,,0.915,11121.08,78.748,,,20.611,37.007,21.13,11062.956,11099.963,11121.093,11042.332
2024,Monaco Grand Prix,8,Monaco,Monaco,0 days 03:06:39.716000,STR,18,0 days 00:01:18.636000,67.0,4.0,,Lance Stroll,,0 days 00:00:20.703000,0 days 00:00:36.929000,0 days 00:00:21.004000,0 days 03:05:41.796000,0 days 03:06:18.725000,0 days 03:06:39.729000,196.0,186.0,270.0,281.0,False,SOFT,19.0,True,Aston Martin,0 days 03:05:21.080000,,1,14.0,False,,False,True,21.7,61.0,1018.4,False,41.1,229,0.8,True,False,False,False,False,False,1 L,+1.042,,1.042,11199.716,78.636,,,20.703,36.929,21.004,11141.796,11178.725,11199.729,11121.08
2024,Monaco Grand Prix,8,Monaco,Monaco,0 days 03:07:57.773000,STR,18,0 days 00:01:18.057000,68.0,4.0,,Lance Stroll,,0 days 00:00:20.359000,0 days 00:00:36.667000,0 days 00:00:21.031000,0 days 03:07:00.088000,0 days 03:07:36.755000,0 days 03:07:57.786000,198.0,187.0,270.0,281.0,False,SOFT,20.0,True,Aston Martin,0 days 03:06:39.716000,,1,14.0,False,,False,True,21.8,60.0,1018.5,False,41.6,224,0.8,True,False,False,False,False,False,1 L,+1.063,,1.063,11277.773,78.057,,,20.359,36.667,21.031,11220.088,11256.755,11277.786,11199.716
2024,Monaco Grand Prix,8,Monaco,Monaco,0 days 03:09:16.048000,STR,18,0 days 00:01:18.275000,69.0,4.0,,Lance Stroll,,0 days 00:00:20.380000,0 days 00:00:36.796000,0 days 00:00:21.099000,0 days 03:08:18.166000,0 days 03:08:54.962000,0 days 03:09:16.061000,197.0,186.0,264.0,281.0,False,SOFT,21.0,True,Aston Martin,0 days 03:07:57.773000,,1,14.0,False,,False,True,21.7,60.0,1018.4,False,41.1,0,0.4,True,False,False,False,False,False,1 L,+1.221,,1.221,11356.048,78.275,,,20.38,36.796,21.099,11298.166,11334.962,11356.061,11277.773
2024,Monaco Grand Prix,8,Monaco,Monaco,0 days 03:10:34.605000,STR,18,0 days 00:01:18.557000,70.0,4.0,,Lance Stroll,,0 days 00:00:20.529000,0 days 00:00:37.064000,0 days 00:00:20.964000,0 days 03:09:36.590000,0 days 03:10:13.654000,0 days 03:10:34.618000,194.0,191.0,271.0,281.0,False,SOFT,22.0,True,Aston Martin,0 days 03:09:16.048000,,1,14.0,False,,False,True,21.6,61.0,1018.4,False,41.0,58,0.7,True,False,False,False,False,False,1 L,+1.000,,1.0,11434.605,78.557,,,20.529,37.064,20.964,11376.59,11413.654,11434.618,11356.048
2024,Monaco Grand Prix,8,Monaco,Monaco,0 days 03:11:53.069000,STR,18,0 days 00:01:18.464000,71.0,4.0,,Lance Stroll,,0 days 00:00:20.412000,0 days 00:00:36.958000,0 days 00:00:21.094000,0 days 03:10:55.030000,0 days 03:11:31.988000,0 days 03:11:53.082000,200.0,189.0,263.0,281.0,False,SOFT,23.0,True,Aston Martin,0 days 03:10:34.605000,,1,14.0,False,,False,True,21.6,62.0,1018.4,False,40.5,214,0.9,True,False,False,False,False,False,1 L,+1.360,,1.36,11513.069,78.464,,,20.412,36.958,21.094,11455.03,11491.988,11513.082,11434.605
2024,Monaco Grand Prix,8,Monaco,Monaco,0 days 03:13:11.401000,STR,18,0 days 00:01:18.332000,72.0,4.0,,Lance Stroll,,0 days 00:00:20.367000,0 days 00:00:37.025000,0 days 00:00:20.940000,0 days 03:12:13.449000,0 days 03:12:50.474000,0 days 03:13:11.414000,197.0,189.0,262.0,280.0,False,SOFT,24.0,True,Aston Martin,0 days 03:11:53.069000,,1,14.0,False,,False,True,21.6,61.0,1018.4,False,40.5,209,0.5,True,False,False,False,False,False,1 L,+1.345,,1.345,11591.401,78.332,,,20.367,37.025,20.94,11533.449,11570.474,11591.414,11513.069
2024,Monaco Grand Prix,8,Monaco,Monaco,0 days 03:14:32.110000,STR,18,0 days 00:01:20.709000,73.0,4.0,,Lance Stroll,,0 days 00:00:20.332000,0 days 00:00:39.233000,0 days 00:00:21.144000,0 days 03:13:31.746000,0 days 03:14:10.979000,0 days 03:14:32.123000,199.0,189.0,262.0,281.0,False,SOFT,25.0,True,Aston Martin,0 days 03:13:11.401000,,1,14.0,False,,False,True,21.7,61.0,1018.4,False,40.8,214,0.7,True,False,False,False,False,False,2 L,+1.986,,1.986,11672.11,80.709,,,20.332,39.233,21.144,11611.746,11650.979,11672.123,11591.401
2024,Monaco Grand Prix,8,Monaco,Monaco,0 days 03:15:50.340000,STR,18,0 days 00:01:18.230000,74.0,4.0,,Lance Stroll,,0 days 00:00:20.371000,0 days 00:00:36.747000,0 days 00:00:21.112000,0 days 03:14:52.494000,0 days 03:15:29.241000,0 days 03:15:50.353000,195.0,189.0,263.0,280.0,False,SOFT,26.0,True,Aston Martin,0 days 03:14:32.110000,,1,14.0,False,,False,True,21.7,61.0,1018.4,False,40.6,353,0.6,True,False,False,False,False,False,2 L,+1.830,,1.83,11750.34,78.23,,,20.371,36.747,21.112,11692.494,11729.241,11750.353,11672.11
2024,Monaco Grand Prix,8,Monaco,Monaco,0 days 03:17:08.851000,STR,18,0 days 00:01:18.511000,75.0,4.0,,Lance Stroll,,0 days 00:00:20.386000,0 days 00:00:37.011000,0 days 00:00:21.114000,0 days 03:16:10.739000,0 days 03:16:47.750000,0 days 03:17:08.864000,197.0,187.0,264.0,282.0,False,SOFT,27.0,True,Aston Martin,0 days 03:15:50.340000,,1,14.0,False,,False,True,21.7,61.0,1018.4,False,40.6,224,0.9,True,False,False,False,False,False,2 L,+1.630,,1.63,11828.851,78.511,,,20.386,37.011,21.114,11770.739,11807.75,11828.864,11750.34
2024,Monaco Grand Prix,8,Monaco,Monaco,0 days 03:18:27.474000,STR,18,0 days 00:01:18.623000,76.0,4.0,,Lance Stroll,,0 days 00:00:20.405000,0 days 00:00:37.002000,0 days 00:00:21.216000,0 days 03:17:29.269000,0 days 03:18:06.271000,0 days 03:18:27.487000,194.0,188.0,243.0,281.0,False,SOFT,28.0,True,Aston Martin,0 days 03:17:08.851000,,1,14.0,False,,False,True,21.8,61.0,1018.4,False,40.9,284,0.8,True,False,False,False,False,False,2 L,+1.391,,1.391,11907.474,78.623,,,20.405,37.002,21.216,11849.269,11886.271,11907.487,11828.851
2024,Monaco Grand Prix,8,Monaco,Monaco,0 days 01:37:02.811000,SAR,2,0 days 00:41:56.858000,1.0,1.0,,Logan Sargeant,0 days 00:57:12.277000,,0 days 00:01:01.643000,,,0 days 00:56:39.940000,,157.0,61.0,,119.0,False,HARD,1.0,True,Williams,0 days 00:55:05.680000,,1254,14.0,False,,False,False,21.6,66.0,1018.9,False,48.4,255,0.6,True,True,True,True,False,False,+26.471,+1.790,26.471,1.79,5822.811,2516.858,3432.277,,,61.643,,,3399.94,,3305.68
2024,Monaco Grand Prix,8,Monaco,Monaco,0 days 01:39:04.046000,SAR,2,0 days 00:02:01.235000,2.0,2.0,0 days 01:37:03.705000,Logan Sargeant,,0 days 00:00:26.633000,0 days 00:00:39.728000,0 days 00:00:54.874000,0 days 01:37:29.474000,0 days 01:38:09.202000,0 days 01:39:04.076000,181.0,176.0,173.0,260.0,False,HARD,2.0,False,Williams,0 days 01:37:02.811000,,41,14.0,False,,False,False,21.5,66.0,1018.9,False,48.1,231,0.7,True,False,True,False,False,False,+3.906,+0.338,3.906,0.338,5944.046,121.235,,5823.705,26.633,39.728,54.874,5849.474,5889.202,5944.076,5822.811
2024,Monaco Grand Prix,8,Monaco,Monaco,0 days 01:40:34.123000,SAR,2,0 days 00:01:30.077000,3.0,2.0,,Logan Sargeant,,0 days 00:00:26.856000,0 days 00:00:40.929000,0 days 00:00:22.292000,0 days 01:39:30.932000,0 days 01:40:11.861000,0 days 01:40:34.153000,168.0,172.0,258.0,281.0,True,HARD,3.0,False,Williams,0 days 01:39:04.046000,,1,15.0,False,,False,True,21.6,65.0,1018.8,False,49.2,0,0.6,True,False,False,False,False,False,+9.359,+0.321,9.359,0.321,6034.123,90.077,,,26.856,40.929,22.292,5970.932,6011.861,6034.153,5944.046
2024,Monaco Grand Prix,8,Monaco,Monaco,0 days 01:41:57.805000,SAR,2,0 days 00:01:23.682000,4.0,2.0,,Logan Sargeant,,0 days 00:00:21.741000,0 days 00:00:39.183000,0 days 00:00:22.758000,0 days 01:40:55.894000,0 days 01:41:35.077000,0 days 01:41:57.835000,180.0,169.0,265.0,277.0,True,HARD,4.0,False,Williams,0 days 01:40:34.123000,,1,15.0,False,,False,True,21.7,63.0,1018.9,False,49.2,0,0.6,True,False,False,False,False,False,+10.416,+0.617,10.416,0.617,6117.805,83.682,,,21.741,39.183,22.758,6055.894,6095.077,6117.835,6034.123
2024,Monaco Grand Prix,8,Monaco,Monaco,0 days 01:43:21.479000,SAR,2,0 days 00:01:23.674000,5.0,2.0,,Logan Sargeant,,0 days 00:00:21.831000,0 days 00:00:39.228000,0 days 00:00:22.615000,0 days 01:42:19.666000,0 days 01:42:58.894000,0 days 01:43:21.509000,177.0,172.0,266.0,279.0,True,HARD,5.0,False,Williams,0 days 01:41:57.805000,,1,15.0,False,,False,True,21.6,64.0,1018.9,False,48.2,353,2.0,True,False,False,False,False,False,+12.295,+0.655,12.295,0.655,6201.479,83.674,,,21.831,39.228,22.615,6139.666,6178.894,6201.509,6117.805
2024,Monaco Grand Prix,8,Monaco,Monaco,0 days 01:44:44.218000,SAR,2,0 days 00:01:22.739000,6.0,2.0,,Logan Sargeant,,0 days 00:00:21.755000,0 days 00:00:38.678000,0 days 00:00:22.306000,0 days 01:43:43.264000,0 days 01:44:21.942000,0 days 01:44:44.248000,177.0,165.0,264.0,276.0,True,HARD,6.0,False,Williams,0 days 01:43:21.479000,,1,15.0,False,,False,True,21.6,63.0,1018.8,False,48.2,0,1.0,True,False,False,False,False,False,+13.889,+0.526,13.889,0.526,6284.218,82.739,,,21.755,38.678,22.306,6223.264,6261.942,6284.248,6201.479
2024,Monaco Grand Prix,8,Monaco,Monaco,0 days 01:46:07.117000,SAR,2,0 days 00:01:22.899000,7.0,2.0,,Logan Sargeant,,0 days 00:00:21.942000,0 days 00:00:38.540000,0 days 00:00:22.417000,0 days 01:45:06.190000,0 days 01:45:44.730000,0 days 01:46:07.147000,182.0,167.0,266.0,275.0,False,HARD,7.0,False,Williams,0 days 01:44:44.218000,,1,15.0,False,,False,True,21.8,64.0,1018.9,False,48.7,6,0.4,True,False,False,False,False,False,+15.808,+0.593,15.808,0.593,6367.117,82.899,,,21.942,38.54,22.417,6306.19,6344.73,6367.147,6284.218
2024,Monaco Grand Prix,8,Monaco,Monaco,0 days 01:47:29.338000,SAR,2,0 days 00:01:22.221000,8.0,2.0,,Logan Sargeant,,0 days 00:00:21.582000,0 days 00:00:38.156000,0 days 00:00:22.483000,0 days 01:46:28.729000,0 days 01:47:06.885000,0 days 01:47:29.368000,178.0,170.0,265.0,277.0,True,HARD,8.0,False,Williams,0 days 01:46:07.117000,,1,15.0,False,,False,True,21.9,63.0,1018.9,False,47.9,253,0.9,True,False,False,False,False,False,+16.999,+0.565,16.999,0.565,6449.338,82.221,,,21.582,38.156,22.483,6388.729,6426.885,6449.368,6367.117
2024,Monaco Grand Prix,8,Monaco,Monaco,0 days 01:48:51.017000,SAR,2,0 days 00:01:21.679000,9.0,2.0,,Logan Sargeant,,0 days 00:00:21.538000,0 days 00:00:37.874000,0 days 00:00:22.267000,0 days 01:47:50.906000,0 days 01:48:28.780000,0 days 01:48:51.047000,188.0,168.0,266.0,281.0,True,HARD,9.0,False,Williams,0 days 01:47:29.338000,,1,15.0,False,,False,True,22.0,64.0,1018.8,False,47.9,340,1.1,True,False,False,False,False,False,+18.564,+0.529,18.564,0.529,6531.017,81.679,,,21.538,37.874,22.267,6470.906,6508.78,6531.047,6449.338
2024,Monaco Grand Prix,8,Monaco,Monaco,0 days 01:50:12.961000,SAR,2,0 days 00:01:21.944000,10.0,2.0,,Logan Sargeant,,0 days 00:00:21.541000,0 days 00:00:38.354000,0 days 00:00:22.049000,0 days 01:49:12.588000,0 days 01:49:50.942000,0 days 01:50:12.991000,172.0,172.0,267.0,282.0,False,HARD,10.0,False,Williams,0 days 01:48:51.017000,,1,15.0,False,,False,True,22.1,65.0,1018.8,False,47.4,289,0.7,True,False,False,False,False,False,+19.733,+0.526,19.733,0.526,6612.961,81.944,,,21.541,38.354,22.049,6552.588,6590.942,6612.991,6531.017
2024,Monaco Grand Prix,8,Monaco,Monaco,0 days 01:51:34.453000,SAR,2,0 days 00:01:21.492000,11.0,2.0,,Logan Sargeant,,0 days 00:00:21.574000,0 days 00:00:37.832000,0 days 00:00:22.086000,0 days 01:50:34.565000,0 days 01:51:12.397000,0 days 01:51:34.483000,175.0,170.0,267.0,283.0,True,HARD,11.0,False,Williams,0 days 01:50:12.961000,,1,15.0,False,,False,True,22.2,61.0,1018.9,False,47.9,9,1.3,True,False,False,False,False,False,+20.179,+0.471,20.179,0.471,6694.453,81.492,,,21.574,37.832,22.086,6634.565,6672.397,6694.483,6612.961
2024,Monaco Grand Prix,8,Monaco,Monaco,0 days 01:52:55.857000,SAR,2,0 days 00:01:21.404000,12.0,2.0,,Logan Sargeant,,0 days 00:00:21.621000,0 days 00:00:37.875000,0 days 00:00:21.908000,0 days 01:51:56.104000,0 days 01:52:33.979000,0 days 01:52:55.887000,182.0,174.0,267.0,284.0,True,HARD,12.0,False,Williams,0 days 01:51:34.453000,,1,15.0,False,,False,True,22.3,63.0,1018.8,False,47.3,2,0.6,True,False,False,False,False,False,+21.446,+0.544,21.446,0.544,6775.857,81.404,,,21.621,37.875,21.908,6716.104,6753.979,6775.887,6694.453
2024,Monaco Grand Prix,8,Monaco,Monaco,0 days 01:54:17.356000,SAR,2,0 days 00:01:21.499000,13.0,2.0,,Logan Sargeant,,0 days 00:00:21.430000,0 days 00:00:37.879000,0 days 00:00:22.190000,0 days 01:53:17.317000,0 days 01:53:55.196000,0 days 01:54:17.386000,189.0,171.0,267.0,279.0,False,HARD,13.0,False,Williams,0 days 01:52:55.857000,,1,15.0,False,,False,True,22.0,62.0,1018.8,False,47.1,0,1.2,True,False,False,False,False,False,+23.813,+0.506,23.813,0.506,6857.356,81.499,,,21.43,37.879,22.19,6797.317,6835.196,6857.386,6775.857
2024,Monaco Grand Prix,8,Monaco,Monaco,0 days 01:55:38.575000,SAR,2,0 days 00:01:21.219000,14.0,2.0,,Logan Sargeant,,0 days 00:00:21.480000,0 days 00:00:37.897000,0 days 00:00:21.842000,0 days 01:54:38.866000,0 days 01:55:16.763000,0 days 01:55:38.605000,187.0,173.0,266.0,285.0,True,HARD,14.0,False,Williams,0 days 01:54:17.356000,,1,15.0,False,,False,True,22.0,63.0,1018.7,False,47.1,22,0.5,True,False,False,False,False,False,+25.119,+0.504,25.119,0.504,6938.575,81.219,,,21.48,37.897,21.842,6878.866,6916.763,6938.605,6857.356
2024,Monaco Grand Prix,8,Monaco,Monaco,0 days 01:56:59.915000,SAR,2,0 days 00:01:21.340000,15.0,2.0,,Logan Sargeant,,0 days 00:00:21.472000,0 days 00:00:38.159000,0 days 00:00:21.709000,0 days 01:56:00.077000,0 days 01:56:38.236000,0 days 01:56:59.945000,188.0,171.0,263.0,280.0,False,HARD,15.0,False,Williams,0 days 01:55:38.575000,,1,14.0,False,,False,True,22.0,62.0,1018.8,False,47.1,351,1.1,True,False,False,False,False,False,+26.621,+1.100,26.621,1.1,7019.915,81.34,,,21.472,38.159,21.709,6960.077,6998.236,7019.945,6938.575
2024,Monaco Grand Prix,8,Monaco,Monaco,0 days 01:58:20.561000,SAR,2,0 days 00:01:20.646000,16.0,2.0,,Logan Sargeant,,0 days 00:00:20.927000,0 days 00:00:37.890000,0 days 00:00:21.829000,0 days 01:57:20.872000,0 days 01:57:58.762000,0 days 01:58:20.591000,197.0,173.0,264.0,280.0,True,HARD,16.0,False,Williams,0 days 01:56:59.915000,,1,14.0,False,,False,True,21.8,64.0,1018.8,False,46.1,8,1.3,True,False,False,False,False,False,+27.111,+0.621,27.111,0.621,7100.561,80.646,,,20.927,37.89,21.829,7040.872,7078.762,7100.591,7019.915
2024,Monaco Grand Prix,8,Monaco,Monaco,0 days 01:59:41.577000,SAR,2,0 days 00:01:21.016000,17.0,2.0,,Logan Sargeant,,0 days 00:00:21.263000,0 days 00:00:37.825000,0 days 00:00:21.928000,0 days 01:58:41.854000,0 days 01:59:19.679000,0 days 01:59:41.607000,191.0,175.0,263.0,280.0,False,HARD,17.0,False,Williams,0 days 01:58:20.561000,,1,14.0,False,,False,True,21.6,64.0,1018.7,False,46.7,38,1.1,True,False,False,False,False,False,+27.848,+0.775,27.848,0.775,7181.577,81.016,,,21.263,37.825,21.928,7121.854,7159.679,7181.607,7100.561
2024,Monaco Grand Prix,8,Monaco,Monaco,0 days 02:01:02.608000,SAR,2,0 days 00:01:21.031000,18.0,2.0,,Logan Sargeant,,0 days 00:00:21.234000,0 days 00:00:37.936000,0 days 00:00:21.861000,0 days 02:00:02.841000,0 days 02:00:40.777000,0 days 02:01:02.638000,193.0,173.0,263.0,281.0,False,HARD,18.0,False,Williams,0 days 01:59:41.577000,,1,14.0,False,,False,True,21.7,63.0,1018.7,False,47.2,101,0.8,True,False,False,False,False,False,+29.299,+0.698,29.299,0.698,7262.608,81.031,,,21.234,37.936,21.861,7202.841,7240.777,7262.638,7181.577
2024,Monaco Grand Prix,8,Monaco,Monaco,0 days 02:02:23.829000,SAR,2,0 days 00:01:21.221000,19.0,2.0,,Logan Sargeant,,0 days 00:00:21.335000,0 days 00:00:38.020000,0 days 00:00:21.866000,0 days 02:01:23.973000,0 days 02:02:01.993000,0 days 02:02:23.859000,194.0,167.0,263.0,281.0,False,HARD,19.0,False,Williams,0 days 02:01:02.608000,,1,14.0,False,,False,True,21.9,61.0,1018.8,False,46.6,36,1.3,True,False,False,False,False,False,+31.678,+0.609,31.678,0.609,7343.829,81.221,,,21.335,38.02,21.866,7283.973,7321.993,7343.859,7262.608
2024,Monaco Grand Prix,8,Monaco,Monaco,0 days 02:03:44.682000,SAR,2,0 days 00:01:20.853000,20.0,2.0,,Logan Sargeant,,0 days 00:00:21.147000,0 days 00:00:38.153000,0 days 00:00:21.553000,0 days 02:02:45.006000,0 days 02:03:23.159000,0 days 02:03:44.712000,191.0,167.0,264.0,280.0,False,HARD,20.0,False,Williams,0 days 02:02:23.829000,,1,14.0,False,,False,True,21.9,62.0,1018.8,False,45.8,337,0.9,True,False,False,False,False,False,+33.807,+0.520,33.807,0.52,7424.682,80.853,,,21.147,38.153,21.553,7365.006,7403.159,7424.712,7343.829
2024,Monaco Grand Prix,8,Monaco,Monaco,0 days 02:05:05.531000,SAR,2,0 days 00:01:20.849000,21.0,2.0,,Logan Sargeant,,0 days 00:00:21.285000,0 days 00:00:37.812000,0 days 00:00:21.752000,0 days 02:04:05.997000,0 days 02:04:43.809000,0 days 02:05:05.561000,193.0,169.0,264.0,281.0,False,HARD,21.0,False,Williams,0 days 02:03:44.682000,,1,14.0,False,,False,True,21.9,64.0,1018.7,False,45.8,0,1.3,True,False,False,False,False,False,+36.184,+0.552,36.184,0.552,7505.531,80.849,,,21.285,37.812,21.752,7445.997,7483.809,7505.561,7424.682
2024,Monaco Grand Prix,8,Monaco,Monaco,0 days 02:06:26.428000,SAR,2,0 days 00:01:20.897000,22.0,2.0,,Logan Sargeant,,0 days 00:00:21.237000,0 days 00:00:38.089000,0 days 00:00:21.571000,0 days 02:05:26.798000,0 days 02:06:04.887000,0 days 02:06:26.458000,193.0,167.0,263.0,281.0,False,HARD,22.0,False,Williams,0 days 02:05:05.531000,,1,14.0,False,,False,True,21.8,65.0,1018.8,False,45.9,198,0.5,True,False,False,False,False,False,+38.461,+0.600,38.461,0.6,7586.428,80.897,,,21.237,38.089,21.571,7526.798,7564.887,7586.458,7505.531
2024,Monaco Grand Prix,8,Monaco,Monaco,0 days 02:07:47.021000,SAR,2,0 days 00:01:20.593000,23.0,2.0,,Logan Sargeant,,0 days 00:00:21.240000,0 days 00:00:37.907000,0 days 00:00:21.446000,0 days 02:06:47.698000,0 days 02:07:25.605000,0 days 02:07:47.051000,193.0,171.0,264.0,280.0,True,HARD,23.0,False,Williams,0 days 02:06:26.428000,,1,14.0,False,,False,True,21.7,63.0,1018.7,False,46.1,356,1.1,True,False,False,False,False,False,+40.654,+0.688,40.654,0.688,7667.021,80.593,,,21.24,37.907,21.446,7607.698,7645.605,7667.051,7586.428
2024,Monaco Grand Prix,8,Monaco,Monaco,0 days 02:09:07.416000,SAR,2,0 days 00:01:20.395000,24.0,2.0,,Logan Sargeant,,0 days 00:00:21.011000,0 days 00:00:37.720000,0 days 00:00:21.664000,0 days 02:08:08.062000,0 days 02:08:45.782000,0 days 02:09:07.446000,199.0,172.0,264.0,281.0,True,HARD,24.0,False,Williams,0 days 02:07:47.021000,,1,14.0,False,,False,True,21.8,64.0,1018.7,False,46.3,272,1.4,True,False,False,False,False,False,+42.266,+0.578,42.266,0.578,7747.416,80.395,,,21.011,37.72,21.664,7688.062,7725.782,7747.446,7667.021
2024,Monaco Grand Prix,8,Monaco,Monaco,0 days 02:10:28.319000,SAR,2,0 days 00:01:20.903000,25.0,2.0,,Logan Sargeant,,0 days 00:00:21.186000,0 days 00:00:37.918000,0 days 00:00:21.799000,0 days 02:09:28.632000,0 days 02:10:06.550000,0 days 02:10:28.349000,192.0,169.0,265.0,281.0,False,HARD,25.0,False,Williams,0 days 02:09:07.416000,,1,14.0,False,,False,True,21.7,62.0,1018.6,False,45.7,325,1.3,True,False,False,False,False,False,+44.196,+0.452,44.196,0.452,7828.319,80.903,,,21.186,37.918,21.799,7768.632,7806.55,7828.349,7747.416
2024,Monaco Grand Prix,8,Monaco,Monaco,0 days 02:11:49.248000,SAR,2,0 days 00:01:20.929000,26.0,2.0,,Logan Sargeant,,0 days 00:00:21.388000,0 days 00:00:37.795000,0 days 00:00:21.746000,0 days 02:10:49.737000,0 days 02:11:27.532000,0 days 02:11:49.278000,190.0,172.0,265.0,282.0,False,HARD,26.0,False,Williams,0 days 02:10:28.319000,,1,14.0,False,,False,True,21.8,64.0,1018.5,False,46.0,23,0.7,True,False,False,False,False,False,+46.680,+0.690,46.68,0.69,7909.248,80.929,,,21.388,37.795,21.746,7849.737,7887.532,7909.278,7828.319
2024,Monaco Grand Prix,8,Monaco,Monaco,0 days 02:13:10.479000,SAR,2,0 days 00:01:21.231000,27.0,2.0,,Logan Sargeant,,0 days 00:00:21.389000,0 days 00:00:37.969000,0 days 00:00:21.873000,0 days 02:12:10.667000,0 days 02:12:48.636000,0 days 02:13:10.509000,192.0,173.0,265.0,280.0,False,HARD,27.0,False,Williams,0 days 02:11:49.248000,,1,14.0,False,,False,True,21.9,63.0,1018.6,False,46.0,296,0.6,True,False,False,False,False,False,+49.560,+0.556,49.56,0.556,7990.479,81.231,,,21.389,37.969,21.873,7930.667,7968.636,7990.509,7909.248
2024,Monaco Grand Prix,8,Monaco,Monaco,0 days 02:14:32.083000,SAR,2,0 days 00:01:21.604000,28.0,2.0,,Logan Sargeant,,0 days 00:00:21.725000,0 days 00:00:38.047000,0 days 00:00:21.832000,0 days 02:13:32.234000,0 days 02:14:10.281000,0 days 02:14:32.113000,187.0,169.0,265.0,281.0,False,HARD,28.0,False,Williams,0 days 02:13:10.479000,,1,14.0,False,,False,True,22.0,63.0,1018.5,False,45.6,215,1.7,True,False,False,False,False,False,+52.454,+0.594,52.454,0.594,8072.083,81.604,,,21.725,38.047,21.832,8012.234,8050.281,8072.113,7990.479
2024,Monaco Grand Prix,8,Monaco,Monaco,0 days 02:15:53.417000,SAR,2,0 days 00:01:21.334000,29.0,2.0,,Logan Sargeant,,0 days 00:00:21.525000,0 days 00:00:37.905000,0 days 00:00:21.904000,0 days 02:14:53.638000,0 days 02:15:31.543000,0 days 02:15:53.447000,197.0,172.0,265.0,280.0,False,HARD,29.0,False,Williams,0 days 02:14:32.083000,,1,14.0,False,,False,True,22.0,62.0,1018.5,False,45.9,220,0.9,True,False,False,False,False,False,+54.735,+0.663,54.735,0.663,8153.417,81.334,,,21.525,37.905,21.904,8093.638,8131.543,8153.447,8072.083
2024,Monaco Grand Prix,8,Monaco,Monaco,0 days 02:17:14.257000,SAR,2,0 days 00:01:20.840000,30.0,2.0,,Logan Sargeant,,0 days 00:00:21.438000,0 days 00:00:37.701000,0 days 00:00:21.701000,0 days 02:16:14.885000,0 days 02:16:52.586000,0 days 02:17:14.287000,190.0,178.0,264.0,280.0,False,HARD,30.0,False,Williams,0 days 02:15:53.417000,,1,14.0,False,,False,True,22.0,61.0,1018.6,False,46.4,265,0.6,True,False,False,False,False,False,+55.640,+0.603,55.64,0.603,8234.257,80.84,,,21.438,37.701,21.701,8174.885,8212.586,8234.287,8153.417
2024,Monaco Grand Prix,8,Monaco,Monaco,0 days 02:18:35.032000,SAR,2,0 days 00:01:20.775000,31.0,2.0,,Logan Sargeant,,0 days 00:00:21.304000,0 days 00:00:37.708000,0 days 00:00:21.763000,0 days 02:17:35.591000,0 days 02:18:13.299000,0 days 02:18:35.062000,193.0,175.0,265.0,280.0,False,HARD,31.0,False,Williams,0 days 02:17:14.257000,,1,14.0,False,,False,True,22.0,61.0,1018.6,False,45.5,237,0.9,True,False,False,False,False,False,+58.022,+0.675,58.022,0.675,8315.032,80.775,,,21.304,37.708,21.763,8255.591,8293.299,8315.062,8234.257
2024,Monaco Grand Prix,8,Monaco,Monaco,0 days 02:19:55.829000,SAR,2,0 days 00:01:20.797000,32.0,2.0,,Logan Sargeant,,0 days 00:00:21.346000,0 days 00:00:37.737000,0 days 00:00:21.714000,0 days 02:18:56.408000,0 days 02:19:34.145000,0 days 02:19:55.859000,193.0,175.0,265.0,281.0,False,HARD,32.0,False,Williams,0 days 02:18:35.032000,,1,14.0,False,,False,True,21.9,62.0,1018.5,False,45.6,245,1.0,True,False,False,False,False,False,+59.694,+0.532,59.694,0.532,8395.829,80.797,,,21.346,37.737,21.714,8336.408,8374.145,8395.859,8315.032
2024,Monaco Grand Prix,8,Monaco,Monaco,0 days 02:21:16.359000,SAR,2,0 days 00:01:20.530000,33.0,2.0,,Logan Sargeant,,0 days 00:00:21.295000,0 days 00:00:37.569000,0 days 00:00:21.666000,0 days 02:20:17.154000,0 days 02:20:54.723000,0 days 02:21:16.389000,193.0,176.0,265.0,280.0,False,HARD,33.0,False,Williams,0 days 02:19:55.829000,,1,14.0,False,,False,True,22.0,61.0,1018.5,False,45.9,268,1.0,True,False,False,False,False,False,+61.730,+0.667,61.73,0.667,8476.359,80.53,,,21.295,37.569,21.666,8417.154,8454.723,8476.389,8395.829
2024,Monaco Grand Prix,8,Monaco,Monaco,0 days 02:22:37.097000,SAR,2,0 days 00:01:20.738000,34.0,2.0,,Logan Sargeant,,0 days 00:00:21.107000,0 days 00:00:37.635000,0 days 00:00:21.996000,0 days 02:21:37.496000,0 days 02:22:15.131000,0 days 02:22:37.127000,197.0,174.0,268.0,282.0,False,HARD,34.0,False,Williams,0 days 02:21:16.359000,,1,14.0,False,,False,True,22.0,62.0,1018.6,False,45.1,0,0.9,True,False,False,False,False,False,+63.304,+0.618,63.304,0.618,8557.097,80.738,,,21.107,37.635,21.996,8497.496,8535.131,8557.127,8476.359
2024,Monaco Grand Prix,8,Monaco,Monaco,0 days 02:23:57.681000,SAR,2,0 days 00:01:20.584000,35.0,2.0,,Logan Sargeant,,0 days 00:00:21.221000,0 days 00:00:37.600000,0 days 00:00:21.763000,0 days 02:22:58.348000,0 days 02:23:35.948000,0 days 02:23:57.711000,196.0,170.0,267.0,282.0,False,HARD,35.0,False,Williams,0 days 02:22:37.097000,,1,14.0,False,,False,True,21.9,65.0,1018.6,False,44.5,358,0.6,True,False,False,False,False,False,+65.278,+0.640,65.278,0.64,8637.681,80.584,,,21.221,37.6,21.763,8578.348,8615.948,8637.711,8557.097
2024,Monaco Grand Prix,8,Monaco,Monaco,0 days 02:25:18.815000,SAR,2,0 days 00:01:21.134000,36.0,2.0,,Logan Sargeant,,0 days 00:00:21.506000,0 days 00:00:37.834000,0 days 00:00:21.794000,0 days 02:24:19.217000,0 days 02:24:57.051000,0 days 02:25:18.845000,196.0,172.0,267.0,282.0,False,HARD,36.0,False,Williams,0 days 02:23:57.681000,,1,14.0,False,,False,True,21.7,63.0,1018.5,False,44.4,305,1.5,True,False,False,False,False,False,+67.709,+0.648,67.709,0.648,8718.815,81.134,,,21.506,37.834,21.794,8659.217,8697.051,8718.845,8637.681
2024,Monaco Grand Prix,8,Monaco,Monaco,0 days 02:26:40.219000,SAR,2,0 days 00:01:21.404000,37.0,2.0,,Logan Sargeant,,0 days 00:00:21.501000,0 days 00:00:38.001000,0 days 00:00:21.902000,0 days 02:25:40.346000,0 days 02:26:18.347000,0 days 02:26:40.249000,197.0,169.0,266.0,282.0,False,HARD,37.0,False,Williams,0 days 02:25:18.815000,,1,14.0,False,,False,True,21.8,63.0,1018.5,False,44.5,271,1.0,True,False,False,False,False,False,+70.183,+0.673,70.183,0.673,8800.219,81.404,,,21.501,38.001,21.902,8740.346,8778.347,8800.249,8718.815
2024,Monaco Grand Prix,8,Monaco,Monaco,0 days 02:28:01.350000,SAR,2,0 days 00:01:21.131000,38.0,2.0,,Logan Sargeant,,0 days 00:00:21.462000,0 days 00:00:37.841000,0 days 00:00:21.828000,0 days 02:27:01.711000,0 days 02:27:39.552000,0 days 02:28:01.380000,200.0,170.0,267.0,281.0,False,HARD,38.0,False,Williams,0 days 02:26:40.219000,,1,14.0,False,,False,True,21.8,62.0,1018.6,False,44.8,169,0.7,True,False,False,False,False,False,+72.730,+0.695,72.73,0.695,8881.35,81.131,,,21.462,37.841,21.828,8821.711,8859.552,8881.38,8800.219
2024,Monaco Grand Prix,8,Monaco,Monaco,0 days 02:29:22.623000,SAR,2,0 days 00:01:21.273000,39.0,2.0,,Logan Sargeant,,0 days 00:00:21.384000,0 days 00:00:38.043000,0 days 00:00:21.846000,0 days 02:28:22.764000,0 days 02:29:00.807000,0 days 02:29:22.653000,197.0,171.0,266.0,281.0,False,HARD,39.0,False,Williams,0 days 02:28:01.350000,,1,14.0,False,,False,True,21.9,61.0,1018.6,False,44.4,269,0.8,True,False,False,False,False,False,+75.851,+0.719,75.851,0.719,8962.623,81.273,,,21.384,38.043,21.846,8902.764,8940.807,8962.653,8881.35
2024,Monaco Grand Prix,8,Monaco,Monaco,0 days 02:30:44.403000,SAR,2,0 days 00:01:21.780000,40.0,2.0,,Logan Sargeant,,0 days 00:00:21.227000,0 days 00:00:37.878000,0 days 00:00:22.675000,0 days 02:29:43.880000,0 days 02:30:21.758000,0 days 02:30:44.433000,194.0,173.0,233.0,280.0,False,HARD,40.0,False,Williams,0 days 02:29:22.623000,,1,14.0,False,,False,True,22.0,60.0,1018.5,False,44.4,111,0.8,True,False,False,False,False,False,1 L,+1.623,,1.623,9044.403,81.78,,,21.227,37.878,22.675,8983.88,9021.758,9044.433,8962.623
2024,Monaco Grand Prix,8,Monaco,Monaco,0 days 02:32:08.781000,SAR,2,0 days 00:01:24.378000,41.0,2.0,,Logan Sargeant,,0 days 00:00:21.524000,0 days 00:00:40.940000,0 days 00:00:21.914000,0 days 02:31:05.957000,0 days 02:31:46.897000,0 days 02:32:08.811000,189.0,175.0,260.0,249.0,False,HARD,41.0,False,Williams,0 days 02:30:44.403000,,1,14.0,False,,False,True,22.0,62.0,1018.4,False,44.4,30,0.5,True,False,False,False,False,False,1 L,+0.783,,0.783,9128.781,84.378,,,21.524,40.94,21.914,9065.957,9106.897,9128.811,9044.403
2024,Monaco Grand Prix,8,Monaco,Monaco,0 days 02:33:30.651000,SAR,2,0 days 00:01:21.870000,42.0,2.0,,Logan Sargeant,,0 days 00:00:21.730000,0 days 00:00:38.385000,0 days 00:00:21.755000,0 days 02:32:30.541000,0 days 02:33:08.926000,0 days 02:33:30.681000,192.0,174.0,265.0,281.0,False,HARD,42.0,False,Williams,0 days 02:32:08.781000,,1,14.0,False,,False,True,21.9,59.0,1018.5,False,44.8,0,0.9,True,False,False,False,False,False,1 L,+1.126,,1.126,9210.651,81.87,,,21.73,38.385,21.755,9150.541,9188.926,9210.681,9128.781
2024,Monaco Grand Prix,8,Monaco,Monaco,0 days 02:34:51.203000,SAR,2,0 days 00:01:20.552000,43.0,2.0,,Logan Sargeant,,0 days 00:00:21.033000,0 days 00:00:37.794000,0 days 00:00:21.725000,0 days 02:33:51.714000,0 days 02:34:29.508000,0 days 02:34:51.233000,197.0,173.0,266.0,282.0,False,HARD,43.0,False,Williams,0 days 02:33:30.651000,,1,14.0,False,,False,True,21.9,59.0,1018.6,False,44.8,227,1.0,True,False,False,False,False,False,1 L,+0.679,,0.679,9291.203,80.552,,,21.033,37.794,21.725,9231.714,9269.508,9291.233,9210.651
2024,Monaco Grand Prix,8,Monaco,Monaco,0 days 02:36:10.714000,SAR,2,0 days 00:01:19.511000,44.0,2.0,,Logan Sargeant,,0 days 00:00:20.889000,0 days 00:00:37.323000,0 days 00:00:21.299000,0 days 02:35:12.122000,0 days 02:35:49.445000,0 days 02:36:10.744000,199.0,182.0,258.0,282.0,True,HARD,44.0,False,Williams,0 days 02:34:51.203000,,1,14.0,False,,False,True,22.0,58.0,1018.5,False,44.5,192,0.5,True,False,False,False,False,False,1 L,+2.133,,2.133,9370.714,79.511,,,20.889,37.323,21.299,9312.122,9349.445,9370.744,9291.203
2024,Monaco Grand Prix,8,Monaco,Monaco,0 days 02:37:31.434000,SAR,2,0 days 00:01:20.720000,45.0,2.0,,Logan Sargeant,,0 days 00:00:20.922000,0 days 00:00:38.046000,0 days 00:00:21.752000,0 days 02:36:31.666000,0 days 02:37:09.712000,0 days 02:37:31.464000,194.0,175.0,258.0,282.0,False,HARD,45.0,False,Williams,0 days 02:36:10.714000,,1,14.0,False,,False,True,21.9,57.0,1018.3,False,44.5,203,1.8,True,False,False,False,False,False,1 L,+1.092,,1.092,9451.434,80.72,,,20.922,38.046,21.752,9391.666,9429.712,9451.464,9370.714
2024,Monaco Grand Prix,8,Monaco,Monaco,0 days 02:38:51.558000,SAR,2,0 days 00:01:20.124000,46.0,2.0,,Logan Sargeant,,0 days 00:00:20.964000,0 days 00:00:37.598000,0 days 00:00:21.562000,0 days 02:37:52.428000,0 days 02:38:30.026000,0 days 02:38:51.588000,201.0,178.0,253.0,279.0,False,HARD,46.0,False,Williams,0 days 02:37:31.434000,,1,14.0,False,,False,True,22.0,58.0,1018.4,False,44.5,276,1.8,True,False,False,False,False,False,1 L,+4.044,,4.044,9531.558,80.124,,,20.964,37.598,21.562,9472.428,9510.026,9531.588,9451.434
2024,Monaco Grand Prix,8,Monaco,Monaco,0 days 02:40:11.446000,SAR,2,0 days 00:01:19.888000,47.0,2.0,,Logan Sargeant,,0 days 00:00:20.969000,0 days 00:00:37.668000,0 days 00:00:21.251000,0 days 02:39:12.557000,0 days 02:39:50.225000,0 days 02:40:11.476000,200.0,179.0,256.0,278.0,False,HARD,47.0,False,Williams,0 days 02:38:51.558000,,1,14.0,False,,False,True,22.0,57.0,1018.5,False,43.8,205,0.7,True,False,False,False,False,False,1 L,+2.861,,2.861,9611.446,79.888,,,20.969,37.668,21.251,9552.557,9590.225,9611.476,9531.558
2024,Monaco Grand Prix,8,Monaco,Monaco,0 days 02:41:32.416000,SAR,2,0 days 00:01:20.970000,48.0,2.0,,Logan Sargeant,,0 days 00:00:20.941000,0 days 00:00:37.593000,0 days 00:00:22.436000,0 days 02:40:32.417000,0 days 02:41:10.010000,0 days 02:41:32.446000,201.0,178.0,184.0,278.0,False,HARD,48.0,False,Williams,0 days 02:40:11.446000,,1,13.0,False,,False,True,22.0,57.0,1018.4,False,43.7,0,1.7,True,False,False,False,False,False,1 L,+2.393,,2.393,9692.416,80.97,,,20.941,37.593,22.436,9632.417,9670.01,9692.446,9611.446
2024,Monaco Grand Prix,8,Monaco,Monaco,0 days 02:42:56.382000,SAR,2,0 days 00:01:23.966000,49.0,2.0,,Logan Sargeant,,0 days 00:00:23.115000,0 days 00:00:39.299000,0 days 00:00:21.552000,0 days 02:41:55.561000,0 days 02:42:34.860000,0 days 02:42:56.412000,186.0,176.0,255.0,280.0,False,HARD,49.0,False,Williams,0 days 02:41:32.416000,,1,13.0,False,,False,True,21.9,58.0,1018.5,False,43.7,354,1.0,True,False,False,False,False,False,1 L,+9.572,,9.572,9776.382,83.966,,,23.115,39.299,21.552,9715.561,9754.86,9776.412,9692.416
2024,Monaco Grand Prix,8,Monaco,Monaco,0 days 02:44:16.674000,SAR,2,0 days 00:01:20.292000,50.0,2.0,,Logan Sargeant,,0 days 00:00:21.048000,0 days 00:00:37.750000,0 days 00:00:21.494000,0 days 02:43:17.460000,0 days 02:43:55.210000,0 days 02:44:16.704000,198.0,178.0,256.0,278.0,False,HARD,50.0,False,Williams,0 days 02:42:56.382000,,1,13.0,False,,False,True,21.8,58.0,1018.6,False,43.0,200,0.7,True,False,False,False,False,False,1 L,+10.174,,10.174,9856.674,80.292,,,21.048,37.75,21.494,9797.46,9835.21,9856.704,9776.382
2024,Monaco Grand Prix,8,Monaco,Monaco,0 days 02:45:38.491000,SAR,2,0 days 00:01:21.817000,51.0,2.0,,Logan Sargeant,,0 days 00:00:21.035000,0 days 00:00:39.022000,0 days 00:00:21.760000,0 days 02:44:37.739000,0 days 02:45:16.761000,0 days 02:45:38.521000,190.0,173.0,255.0,279.0,False,HARD,51.0,False,Williams,0 days 02:44:16.674000,,12,14.0,False,,False,True,21.8,57.0,1018.5,False,43.2,52,1.0,True,True,False,False,False,False,1 L,+3.777,,3.777,9938.491,81.817,,,21.035,39.022,21.76,9877.739,9916.761,9938.521,9856.674
2024,Monaco Grand Prix,8,Monaco,Monaco,0 days 02:46:59.271000,SAR,2,0 days 00:01:20.780000,52.0,2.0,,Logan Sargeant,,0 days 00:00:21.105000,0 days 00:00:38.055000,0 days 00:00:21.620000,0 days 02:45:59.626000,0 days 02:46:37.681000,0 days 02:46:59.301000,200.0,177.0,255.0,277.0,False,HARD,52.0,False,Williams,0 days 02:45:38.491000,,1,14.0,False,,False,True,21.9,58.0,1018.5,False,43.2,321,0.8,True,False,False,False,False,False,1 L,+7.451,,7.451,10019.271,80.78,,,21.105,38.055,21.62,9959.626,9997.681,10019.301,9938.491
2024,Monaco Grand Prix,8,Monaco,Monaco,0 days 02:48:20.589000,SAR,2,0 days 00:01:21.318000,53.0,2.0,,Logan Sargeant,,0 days 00:00:20.956000,0 days 00:00:37.797000,0 days 00:00:22.565000,0 days 02:47:20.257000,0 days 02:47:58.054000,0 days 02:48:20.619000,201.0,179.0,263.0,277.0,False,HARD,53.0,False,Williams,0 days 02:46:59.271000,,1,14.0,False,,False,True,21.9,59.0,1018.4,False,42.8,236,1.4,True,False,False,False,False,False,1 L,+10.313,,10.313,10100.589,81.318,,,20.956,37.797,22.565,10040.257,10078.054,10100.619,10019.271
2024,Monaco Grand Prix,8,Monaco,Monaco,0 days 02:49:42.878000,SAR,2,0 days 00:01:22.289000,54.0,2.0,,Logan Sargeant,,0 days 00:00:21.983000,0 days 00:00:38.675000,0 days 00:00:21.631000,0 days 02:48:42.602000,0 days 02:49:21.277000,0 days 02:49:42.908000,167.0,177.0,256.0,279.0,False,HARD,54.0,False,Williams,0 days 02:48:20.589000,,1,14.0,False,,False,True,21.7,59.0,1018.4,False,42.5,0,1.1,True,False,False,False,False,False,1 L,+13.199,,13.199,10182.878,82.289,,,21.983,38.675,21.631,10122.602,10161.277,10182.908,10100.589
2024,Monaco Grand Prix,8,Monaco,Monaco,0 days 02:51:03.220000,SAR,2,0 days 00:01:20.342000,55.0,2.0,,Logan Sargeant,,0 days 00:00:21.022000,0 days 00:00:37.718000,0 days 00:00:21.602000,0 days 02:50:03.930000,0 days 02:50:41.648000,0 days 02:51:03.250000,205.0,178.0,258.0,279.0,False,HARD,55.0,False,Williams,0 days 02:49:42.878000,,1,14.0,False,,False,True,21.7,60.0,1018.4,False,42.4,59,0.9,True,False,False,False,False,False,1 L,+13.166,,13.166,10263.22,80.342,,,21.022,37.718,21.602,10203.93,10241.648,10263.25,10182.878
2024,Monaco Grand Prix,8,Monaco,Monaco,0 days 02:52:24.694000,SAR,2,0 days 00:01:21.474000,56.0,2.0,,Logan Sargeant,,0 days 00:00:21.793000,0 days 00:00:38.053000,0 days 00:00:21.628000,0 days 02:51:25.043000,0 days 02:52:03.096000,0 days 02:52:24.724000,198.0,176.0,256.0,281.0,False,HARD,56.0,False,Williams,0 days 02:51:03.220000,,1,15.0,False,,False,True,21.7,59.0,1018.5,False,42.4,0,0.6,True,False,False,False,False,False,1 L,+3.987,,3.987,10344.694,81.474,,,21.793,38.053,21.628,10285.043,10323.096,10344.724,10263.22
2024,Monaco Grand Prix,8,Monaco,Monaco,0 days 02:54:02.440000,SAR,2,0 days 00:01:37.746000,57.0,2.0,,Logan Sargeant,0 days 02:53:38.899000,0 days 00:00:21.140000,0 days 00:00:38.317000,0 days 00:00:38.289000,0 days 02:52:45.864000,0 days 02:53:24.181000,0 days 02:54:02.470000,204.0,176.0,,280.0,False,HARD,57.0,False,Williams,0 days 02:52:24.694000,,1,16.0,False,,False,False,21.8,60.0,1018.5,False,42.2,30,1.2,True,False,False,False,False,False,1 L,+7.896,,7.896,10442.44,97.746,10418.899,,21.14,38.317,38.289,10365.864,10404.181,10442.47,10344.694
2024,Monaco Grand Prix,8,Monaco,Monaco,0 days 02:55:22.249000,SAR,2,0 days 00:01:19.809000,58.0,3.0,0 days 02:54:03.280000,Logan Sargeant,,0 days 00:00:23.376000,0 days 00:00:36.212000,0 days 00:00:20.221000,0 days 02:54:25.846000,0 days 02:55:02.058000,0 days 02:55:22.279000,203.0,187.0,258.0,276.0,False,MEDIUM,1.0,True,Williams,0 days 02:54:02.440000,,1,16.0,False,,False,False,21.5,61.0,1018.5,False,42.3,284,0.5,True,False,False,False,False,False,1 L,+17.507,,17.507,10522.249,79.809,,10443.28,23.376,36.212,20.221,10465.846,10502.058,10522.279,10442.44
2024,Monaco Grand Prix,8,Monaco,Monaco,0 days 02:56:37.843000,SAR,2,0 days 00:01:15.594000,59.0,3.0,,Logan Sargeant,,0 days 00:00:19.801000,0 days 00:00:35.692000,0 days 00:00:20.101000,0 days 02:55:42.080000,0 days 02:56:17.772000,0 days 02:56:37.873000,212.0,190.0,259.0,278.0,True,MEDIUM,2.0,True,Williams,0 days 02:55:22.249000,,1,16.0,False,,False,True,21.6,60.0,1018.4,False,42.3,222,0.6,True,False,False,False,False,False,1 L,+15.161,,15.161,10597.843,75.594,,,19.801,35.692,20.101,10542.08,10577.772,10597.873,10522.249
2024,Monaco Grand Prix,8,Monaco,Monaco,0 days 02:57:53.423000,SAR,2,0 days 00:01:15.580000,60.0,3.0,,Logan Sargeant,,0 days 00:00:19.777000,0 days 00:00:35.627000,0 days 00:00:20.176000,0 days 02:56:57.650000,0 days 02:57:33.277000,0 days 02:57:53.453000,210.0,190.0,259.0,278.0,True,MEDIUM,3.0,True,Williams,0 days 02:56:37.843000,,1,16.0,False,,False,True,21.6,60.0,1018.4,False,42.0,241,0.9,True,False,False,False,False,False,1 L,+12.165,,12.165,10673.423,75.58,,,19.777,35.627,20.176,10617.65,10653.277,10673.453,10597.843
2024,Monaco Grand Prix,8,Monaco,Monaco,0 days 02:59:08.981000,SAR,2,0 days 00:01:15.558000,61.0,3.0,,Logan Sargeant,,0 days 00:00:19.890000,0 days 00:00:35.556000,0 days 00:00:20.112000,0 days 02:58:13.343000,0 days 02:58:48.899000,0 days 02:59:09.011000,212.0,191.0,258.0,278.0,True,MEDIUM,4.0,True,Williams,0 days 02:57:53.423000,,1,16.0,False,,False,True,21.8,59.0,1018.4,False,42.0,264,1.2,True,False,False,False,False,False,1 L,+9.084,,9.084,10748.981,75.558,,,19.89,35.556,20.112,10693.343,10728.899,10749.011,10673.423
2024,Monaco Grand Prix,8,Monaco,Monaco,0 days 03:00:24.506000,SAR,2,0 days 00:01:15.525000,62.0,3.0,,Logan Sargeant,,0 days 00:00:19.733000,0 days 00:00:35.631000,0 days 00:00:20.161000,0 days 02:59:28.744000,0 days 03:00:04.375000,0 days 03:00:24.536000,212.0,191.0,259.0,278.0,True,MEDIUM,5.0,True,Williams,0 days 02:59:08.981000,,1,16.0,False,,False,True,21.9,60.0,1018.3,False,41.2,47,0.8,True,False,False,False,False,False,1 L,+5.724,,5.724,10824.506,75.525,,,19.733,35.631,20.161,10768.744,10804.375,10824.536,10748.981
2024,Monaco Grand Prix,8,Monaco,Monaco,0 days 03:01:40.194000,SAR,2,0 days 00:01:15.688000,63.0,3.0,,Logan Sargeant,,0 days 00:00:19.671000,0 days 00:00:35.794000,0 days 00:00:20.223000,0 days 03:00:44.207000,0 days 03:01:20.001000,0 days 03:01:40.224000,212.0,190.0,259.0,278.0,False,MEDIUM,6.0,True,Williams,0 days 03:00:24.506000,,1,16.0,False,,False,True,21.9,60.0,1018.4,False,42.0,215,0.9,True,False,False,False,False,False,1 L,+2.623,,2.623,10900.194,75.688,,,19.671,35.794,20.223,10844.207,10880.001,10900.224,10824.506
2024,Monaco Grand Prix,8,Monaco,Monaco,0 days 03:02:57.089000,SAR,2,0 days 00:01:16.895000,64.0,3.0,,Logan Sargeant,,0 days 00:00:19.927000,0 days 00:00:35.952000,0 days 00:00:21.016000,0 days 03:02:00.151000,0 days 03:02:36.103000,0 days 03:02:57.119000,206.0,183.0,269.0,280.0,False,MEDIUM,7.0,True,Williams,0 days 03:01:40.194000,,1,16.0,False,,False,True,21.9,59.0,1018.4,False,41.7,283,1.2,True,False,False,False,False,False,1 L,+0.223,,0.223,10977.089,76.895,,,19.927,35.952,21.016,10920.151,10956.103,10977.119,10900.194
2024,Monaco Grand Prix,8,Monaco,Monaco,0 days 03:04:16.958000,SAR,2,0 days 00:01:19.869000,65.0,3.0,,Logan Sargeant,,0 days 00:00:20.922000,0 days 00:00:37.545000,0 days 00:00:21.402000,0 days 03:03:18.041000,0 days 03:03:55.586000,0 days 03:04:16.988000,198.0,179.0,267.0,285.0,False,MEDIUM,8.0,True,Williams,0 days 03:02:57.089000,,1,16.0,False,,False,True,22.0,60.0,1018.3,False,41.6,58,1.0,True,False,False,False,False,False,1 L,+0.373,,0.373,11056.958,79.869,,,20.922,37.545,21.402,10998.041,11035.586,11056.988,10977.089
2024,Monaco Grand Prix,8,Monaco,Monaco,0 days 03:05:37.757000,SAR,2,0 days 00:01:20.799000,66.0,3.0,,Logan Sargeant,,0 days 00:00:20.930000,0 days 00:00:37.695000,0 days 00:00:22.174000,0 days 03:04:37.918000,0 days 03:05:15.613000,0 days 03:05:37.787000,192.0,178.0,215.0,288.0,False,MEDIUM,9.0,True,Williams,0 days 03:04:16.958000,,1,16.0,False,,False,True,21.8,60.0,1018.4,False,40.9,14,0.7,True,False,False,False,False,False,2 L,+1.423,,1.423,11137.757,80.799,,,20.93,37.695,22.174,11077.918,11115.613,11137.787,11056.958
2024,Monaco Grand Prix,8,Monaco,Monaco,0 days 03:06:58.104000,SAR,2,0 days 00:01:20.347000,67.0,3.0,,Logan Sargeant,,0 days 00:00:20.519000,0 days 00:00:37.497000,0 days 00:00:22.331000,0 days 03:05:58.306000,0 days 03:06:35.803000,0 days 03:06:58.134000,184.0,180.0,213.0,285.0,False,MEDIUM,10.0,True,Williams,0 days 03:05:37.757000,,1,16.0,False,,False,True,21.7,61.0,1018.4,False,41.1,229,0.8,True,False,False,False,False,False,2 L,+0.581,,0.581,11218.104,80.347,,,20.519,37.497,22.331,11158.306,11195.803,11218.134,11137.757
2024,Monaco Grand Prix,8,Monaco,Monaco,0 days 03:08:18.108000,SAR,2,0 days 00:01:20.004000,68.0,3.0,,Logan Sargeant,,0 days 00:00:22.775000,0 days 00:00:36.827000,0 days 00:00:20.402000,0 days 03:07:20.909000,0 days 03:07:57.736000,0 days 03:08:18.138000,175.0,187.0,261.0,282.0,False,MEDIUM,11.0,True,Williams,0 days 03:06:58.104000,,1,15.0,False,,False,True,21.8,60.0,1018.4,False,41.6,209,1.0,True,False,False,False,False,False,2 L,+20.241,,20.241,11298.108,80.004,,,22.775,36.827,20.402,11240.909,11277.736,11298.138,11218.104
2024,Monaco Grand Prix,8,Monaco,Monaco,0 days 03:09:34.185000,SAR,2,0 days 00:01:16.077000,69.0,3.0,,Logan Sargeant,,0 days 00:00:19.786000,0 days 00:00:35.869000,0 days 00:00:20.422000,0 days 03:08:37.924000,0 days 03:09:13.793000,0 days 03:09:34.215000,212.0,187.0,268.0,283.0,False,MEDIUM,12.0,True,Williams,0 days 03:08:18.108000,,1,15.0,False,,False,True,21.7,60.0,1018.4,False,41.1,0,0.4,True,False,False,False,False,False,2 L,+18.136,,18.136,11374.185,76.077,,,19.786,35.869,20.422,11317.924,11353.793,11374.215,11298.108
2024,Monaco Grand Prix,8,Monaco,Monaco,0 days 03:10:51.051000,SAR,2,0 days 00:01:16.866000,70.0,3.0,,Logan Sargeant,,0 days 00:00:20.177000,0 days 00:00:36.262000,0 days 00:00:20.427000,0 days 03:09:54.392000,0 days 03:10:30.654000,0 days 03:10:51.081000,203.0,190.0,269.0,284.0,False,MEDIUM,13.0,True,Williams,0 days 03:09:34.185000,,1,15.0,False,,False,True,21.6,61.0,1018.4,False,41.0,58,0.7,True,False,False,False,False,False,2 L,+16.395,,16.395,11451.051,76.866,,,20.177,36.262,20.427,11394.392,11430.654,11451.081,11374.185
2024,Monaco Grand Prix,8,Monaco,Monaco,0 days 03:12:07.377000,SAR,2,0 days 00:01:16.326000,71.0,3.0,,Logan Sargeant,,0 days 00:00:19.937000,0 days 00:00:35.991000,0 days 00:00:20.398000,0 days 03:11:11.018000,0 days 03:11:47.009000,0 days 03:12:07.407000,207.0,188.0,269.0,284.0,False,MEDIUM,14.0,True,Williams,0 days 03:10:51.051000,,1,15.0,False,,False,True,21.6,62.0,1018.4,False,40.5,214,0.9,True,False,False,False,False,False,2 L,+14.315,,14.315,11527.377,76.326,,,19.937,35.991,20.398,11471.018,11507.009,11527.407,11451.051
2024,Monaco Grand Prix,8,Monaco,Monaco,0 days 03:13:23.779000,SAR,2,0 days 00:01:16.402000,72.0,3.0,,Logan Sargeant,,0 days 00:00:19.872000,0 days 00:00:36.122000,0 days 00:00:20.408000,0 days 03:12:27.279000,0 days 03:13:03.401000,0 days 03:13:23.809000,205.0,186.0,268.0,284.0,False,MEDIUM,15.0,True,Williams,0 days 03:12:07.377000,,1,15.0,False,,False,True,21.7,61.0,1018.4,False,40.8,293,1.1,True,False,False,False,False,False,2 L,+12.409,,12.409,11603.779,76.402,,,19.872,36.122,20.408,11547.279,11583.401,11603.809,11527.377
2024,Monaco Grand Prix,8,Monaco,Monaco,0 days 03:14:40.149000,SAR,2,0 days 00:01:16.370000,73.0,3.0,,Logan Sargeant,,0 days 00:00:19.871000,0 days 00:00:36.033000,0 days 00:00:20.466000,0 days 03:13:43.680000,0 days 03:14:19.713000,0 days 03:14:40.179000,209.0,186.0,271.0,286.0,False,MEDIUM,16.0,True,Williams,0 days 03:13:23.779000,,1,15.0,False,,False,True,21.7,61.0,1018.4,False,40.8,214,0.7,True,False,False,False,False,False,2 L,+8.039,,8.039,11680.149,76.37,,,19.871,36.033,20.466,11623.68,11659.713,11680.179,11603.779
2024,Monaco Grand Prix,8,Monaco,Monaco,0 days 03:15:57.012000,SAR,2,0 days 00:01:16.863000,74.0,3.0,,Logan Sargeant,,0 days 00:00:20.047000,0 days 00:00:36.521000,0 days 00:00:20.295000,0 days 03:15:00.226000,0 days 03:15:36.747000,0 days 03:15:57.042000,204.0,181.0,268.0,285.0,False,MEDIUM,17.0,True,Williams,0 days 03:14:40.149000,,1,15.0,False,,False,True,21.7,61.0,1018.4,False,40.6,353,0.6,True,False,False,False,False,False,2 L,+6.672,,6.672,11757.012,76.863,,,20.047,36.521,20.295,11700.226,11736.747,11757.042,11680.149
2024,Monaco Grand Prix,8,Monaco,Monaco,0 days 03:17:13.336000,SAR,2,0 days 00:01:16.324000,75.0,3.0,,Logan Sargeant,,0 days 00:00:19.872000,0 days 00:00:35.946000,0 days 00:00:20.506000,0 days 03:16:16.914000,0 days 03:16:52.860000,0 days 03:17:13.366000,209.0,187.0,269.0,286.0,False,MEDIUM,18.0,True,Williams,0 days 03:15:57.012000,,1,15.0,False,,False,True,21.8,61.0,1018.4,False,40.9,219,1.2,True,False,False,False,False,False,2 L,+4.485,,4.485,11833.336,76.324,,,19.872,35.946,20.506,11776.914,11812.86,11833.366,11757.012
2024,Monaco Grand Prix,8,Monaco,Monaco,0 days 03:18:30.533000,SAR,2,0 days 00:01:17.197000,76.0,3.0,,Logan Sargeant,,0 days 00:00:20.107000,0 days 00:00:36.716000,0 days 00:00:20.374000,0 days 03:17:33.473000,0 days 03:18:10.189000,0 days 03:18:30.563000,206.0,182.0,260.0,286.0,False,MEDIUM,19.0,True,Williams,0 days 03:17:13.336000,,1,15.0,False,,False,True,21.8,61.0,1018.4,False,40.9,284,0.8,True,False,False,False,False,False,2 L,+3.059,,3.059,11910.533,77.197,,,20.107,36.716,20.374,11853.473,11890.189,11910.563,11833.336
2024,Monaco Grand Prix,8,Monaco,Monaco,0 days 01:36:02.319000,MAG,20,,1.0,1.0,,Kevin Magnussen,,,,,,,,,,,,False,HARD,1.0,True,Haas F1 Team,0 days 00:55:05.680000,,1254,,False,,True,False,21.6,66.0,1018.9,False,48.4,255,0.6,True,True,True,True,False,False,,,,,5762.319,,,,,,,,,,3305.68
2024,Monaco Grand Prix,8,Monaco,Monaco,0 days 01:36:34.562000,TSU,22,0 days 00:41:28.609000,1.0,1.0,,Yuki Tsunoda,0 days 00:56:58.053000,,0 days 00:00:54.783000,,,0 days 00:56:31.053000,,163.0,61.0,,275.0,False,MEDIUM,1.0,True,RB,0 days 00:55:05.680000,,1254,8.0,False,,False,False,21.6,66.0,1018.9,False,48.4,255,0.6,True,True,True,True,False,False,+12.594,+2.830,12.594,2.83,5794.562,2488.609,3418.053,,,54.783,,,3391.053,,3305.68
2024,Monaco Grand Prix,8,Monaco,Monaco,0 days 01:39:02.839000,TSU,22,0 days 00:02:28.277000,2.0,2.0,0 days 01:36:35.390000,Yuki Tsunoda,,0 days 00:00:25.893000,0 days 00:00:41.120000,0 days 00:01:21.264000,0 days 01:37:00.468000,0 days 01:37:41.588000,0 days 01:39:02.852000,181.0,169.0,106.0,255.0,False,HARD,2.0,False,RB,0 days 01:36:34.562000,,41,8.0,False,,False,False,21.5,65.0,1018.9,False,48.1,9,0.8,True,False,True,False,False,False,+20.205,+3.296,20.205,3.296,5942.839,148.277,,5795.39,25.893,41.12,81.264,5820.468,5861.588,5942.852,5794.562
2024,Monaco Grand Prix,8,Monaco,Monaco,0 days 01:40:30.402000,TSU,22,0 days 00:01:27.563000,3.0,2.0,,Yuki Tsunoda,,0 days 00:00:25.178000,0 days 00:00:39.894000,0 days 00:00:22.491000,0 days 01:39:28.030000,0 days 01:40:07.924000,0 days 01:40:30.415000,158.0,169.0,253.0,271.0,True,HARD,3.0,False,RB,0 days 01:39:02.839000,,1,8.0,False,,False,True,21.6,65.0,1018.8,False,49.2,0,0.6,True,False,False,False,False,False,+5.638,+0.775,5.638,0.775,6030.402,87.563,,,25.178,39.894,22.491,5968.03,6007.924,6030.415,5942.839
2024,Monaco Grand Prix,8,Monaco,Monaco,0 days 01:41:53.729000,TSU,22,0 days 00:01:23.327000,4.0,2.0,,Yuki Tsunoda,,0 days 00:00:21.941000,0 days 00:00:39.033000,0 days 00:00:22.353000,0 days 01:40:52.356000,0 days 01:41:31.389000,0 days 01:41:53.742000,180.0,172.0,260.0,272.0,True,HARD,4.0,False,RB,0 days 01:40:30.402000,,1,8.0,False,,False,True,21.7,63.0,1018.9,False,49.2,0,0.6,True,False,False,False,False,False,+6.340,+0.726,6.34,0.726,6113.729,83.327,,,21.941,39.033,22.353,6052.356,6091.389,6113.742,6030.402
2024,Monaco Grand Prix,8,Monaco,Monaco,0 days 01:43:17.222000,TSU,22,0 days 00:01:23.493000,5.0,2.0,,Yuki Tsunoda,,0 days 00:00:22.196000,0 days 00:00:38.966000,0 days 00:00:22.331000,0 days 01:42:15.938000,0 days 01:42:54.904000,0 days 01:43:17.235000,180.0,180.0,260.0,276.0,False,HARD,5.0,False,RB,0 days 01:41:53.729000,,1,8.0,False,,False,True,21.7,63.0,1018.8,False,48.8,57,0.6,True,False,False,False,False,False,+8.038,+0.579,8.038,0.579,6197.222,83.493,,,22.196,38.966,22.331,6135.938,6174.904,6197.235,6113.729
2024,Monaco Grand Prix,8,Monaco,Monaco,0 days 01:44:40.446000,TSU,22,0 days 00:01:23.224000,6.0,2.0,,Yuki Tsunoda,,0 days 00:00:21.974000,0 days 00:00:38.856000,0 days 00:00:22.394000,0 days 01:43:39.209000,0 days 01:44:18.065000,0 days 01:44:40.459000,186.0,171.0,261.0,266.0,True,HARD,6.0,False,RB,0 days 01:43:17.222000,,1,8.0,False,,False,True,21.6,63.0,1018.8,False,48.2,0,1.0,True,False,False,False,False,False,+10.159,+0.492,10.159,0.492,6280.446,83.224,,,21.974,38.856,22.394,6219.209,6258.065,6280.459,6197.222
2024,Monaco Grand Prix,8,Monaco,Monaco,0 days 01:46:02.272000,TSU,22,0 days 00:01:21.826000,7.0,2.0,,Yuki Tsunoda,,0 days 00:00:22.013000,0 days 00:00:38.129000,0 days 00:00:21.684000,0 days 01:45:02.472000,0 days 01:45:40.601000,0 days 01:46:02.285000,187.0,181.0,260.0,274.0,True,HARD,7.0,False,RB,0 days 01:44:40.446000,,1,8.0,False,,False,True,21.8,64.0,1018.9,False,48.7,6,0.4,True,False,False,False,False,False,+10.963,+0.797,10.963,0.797,6362.272,81.826,,,22.013,38.129,21.684,6302.472,6340.601,6362.285,6280.446
2024,Monaco Grand Prix,8,Monaco,Monaco,0 days 01:47:23.923000,TSU,22,0 days 00:01:21.651000,8.0,2.0,,Yuki Tsunoda,,0 days 00:00:21.607000,0 days 00:00:38.301000,0 days 00:00:21.743000,0 days 01:46:23.892000,0 days 01:47:02.193000,0 days 01:47:23.936000,178.0,173.0,261.0,276.0,True,HARD,8.0,False,RB,0 days 01:46:02.272000,,1,8.0,False,,False,True,21.9,63.0,1018.9,False,47.9,253,0.9,True,False,False,False,False,False,+11.584,+0.836,11.584,0.836,6443.923,81.651,,,21.607,38.301,21.743,6383.892,6422.193,6443.936,6362.272
2024,Monaco Grand Prix,8,Monaco,Monaco,0 days 01:48:45.819000,TSU,22,0 days 00:01:21.896000,9.0,2.0,,Yuki Tsunoda,,0 days 00:00:21.733000,0 days 00:00:38.258000,0 days 00:00:21.905000,0 days 01:47:45.669000,0 days 01:48:23.927000,0 days 01:48:45.832000,180.0,175.0,260.0,274.0,False,HARD,9.0,False,RB,0 days 01:47:23.923000,,1,8.0,False,,False,True,22.0,64.0,1018.8,False,47.9,340,1.1,True,False,False,False,False,False,+13.366,+0.881,13.366,0.881,6525.819,81.896,,,21.733,38.258,21.905,6465.669,6503.927,6525.832,6443.923
2024,Monaco Grand Prix,8,Monaco,Monaco,0 days 01:50:07.410000,TSU,22,0 days 00:01:21.591000,10.0,2.0,,Yuki Tsunoda,,0 days 00:00:21.633000,0 days 00:00:38.094000,0 days 00:00:21.864000,0 days 01:49:07.465000,0 days 01:49:45.559000,0 days 01:50:07.423000,177.0,176.0,260.0,276.0,True,HARD,10.0,False,RB,0 days 01:48:45.819000,,1,8.0,False,,False,True,22.1,65.0,1018.8,False,47.4,289,0.7,True,False,False,False,False,False,+14.182,+1.035,14.182,1.035,6607.41,81.591,,,21.633,38.094,21.864,6547.465,6585.559,6607.423,6525.819
2024,Monaco Grand Prix,8,Monaco,Monaco,0 days 01:51:28.699000,TSU,22,0 days 00:01:21.289000,11.0,2.0,,Yuki Tsunoda,,0 days 00:00:21.487000,0 days 00:00:38.230000,0 days 00:00:21.572000,0 days 01:50:28.910000,0 days 01:51:07.140000,0 days 01:51:28.712000,180.0,175.0,255.0,275.0,True,HARD,11.0,False,RB,0 days 01:50:07.410000,,1,8.0,False,,False,True,22.2,61.0,1018.9,False,47.9,9,1.3,True,False,False,False,False,False,+14.425,+0.999,14.425,0.999,6688.699,81.289,,,21.487,38.23,21.572,6628.91,6667.14,6688.712,6607.41
2024,Monaco Grand Prix,8,Monaco,Monaco,0 days 01:52:49.788000,TSU,22,0 days 00:01:21.089000,12.0,2.0,,Yuki Tsunoda,,0 days 00:00:21.543000,0 days 00:00:37.878000,0 days 00:00:21.668000,0 days 01:51:50.255000,0 days 01:52:28.133000,0 days 01:52:49.801000,185.0,175.0,261.0,276.0,True,HARD,12.0,False,RB,0 days 01:51:28.699000,,1,8.0,False,,False,True,22.3,63.0,1018.8,False,47.3,2,0.6,True,False,False,False,False,False,+15.262,+0.924,15.262,0.924,6769.788,81.089,,,21.543,37.878,21.668,6710.255,6748.133,6769.801,6688.699
2024,Monaco Grand Prix,8,Monaco,Monaco,0 days 01:54:10.470000,TSU,22,0 days 00:01:20.682000,13.0,2.0,,Yuki Tsunoda,,0 days 00:00:21.367000,0 days 00:00:37.807000,0 days 00:00:21.508000,0 days 01:53:11.168000,0 days 01:53:48.975000,0 days 01:54:10.483000,184.0,176.0,254.0,275.0,True,HARD,13.0,False,RB,0 days 01:52:49.788000,,1,8.0,False,,False,True,22.1,64.0,1018.8,False,47.2,208,1.2,True,False,False,False,False,False,+16.927,+1.435,16.927,1.435,6850.47,80.682,,,21.367,37.807,21.508,6791.168,6828.975,6850.483,6769.788
2024,Monaco Grand Prix,8,Monaco,Monaco,0 days 01:55:31.719000,TSU,22,0 days 00:01:21.249000,14.0,2.0,,Yuki Tsunoda,,0 days 00:00:21.513000,0 days 00:00:38.100000,0 days 00:00:21.636000,0 days 01:54:31.996000,0 days 01:55:10.096000,0 days 01:55:31.732000,173.0,173.0,253.0,274.0,False,HARD,14.0,False,RB,0 days 01:54:10.470000,,1,8.0,False,,False,True,22.0,63.0,1018.7,False,47.1,22,0.5,True,False,False,False,False,False,+18.263,+2.558,18.263,2.558,6931.719,81.249,,,21.513,38.1,21.636,6871.996,6910.096,6931.732,6850.47
2024,Monaco Grand Prix,8,Monaco,Monaco,0 days 01:56:51.818000,TSU,22,0 days 00:01:20.099000,15.0,2.0,,Yuki Tsunoda,,0 days 00:00:20.937000,0 days 00:00:37.501000,0 days 00:00:21.661000,0 days 01:55:52.669000,0 days 01:56:30.170000,0 days 01:56:51.831000,184.0,176.0,253.0,275.0,True,HARD,15.0,False,RB,0 days 01:55:31.719000,,1,8.0,False,,False,True,22.0,62.0,1018.8,False,47.1,351,1.1,True,False,False,False,False,False,+18.481,+2.595,18.481,2.595,7011.818,80.099,,,20.937,37.501,21.661,6952.669,6990.17,7011.831,6931.719
2024,Monaco Grand Prix,8,Monaco,Monaco,0 days 01:58:12.665000,TSU,22,0 days 00:01:20.847000,16.0,2.0,,Yuki Tsunoda,,0 days 00:00:21.350000,0 days 00:00:38.002000,0 days 00:00:21.495000,0 days 01:57:13.181000,0 days 01:57:51.183000,0 days 01:58:12.678000,175.0,176.0,253.0,274.0,False,HARD,16.0,False,RB,0 days 01:56:51.818000,,1,8.0,False,,False,True,22.0,64.0,1018.7,False,46.0,154,0.5,True,False,False,False,False,False,+19.215,+3.149,19.215,3.149,7092.665,80.847,,,21.35,38.002,21.495,7033.181,7071.183,7092.678,7011.818
2024,Monaco Grand Prix,8,Monaco,Monaco,0 days 01:59:33,TSU,22,0 days 00:01:20.335000,17.0,2.0,,Yuki Tsunoda,,0 days 00:00:21.282000,0 days 00:00:37.659000,0 days 00:00:21.394000,0 days 01:58:33.960000,0 days 01:59:11.619000,0 days 01:59:33.013000,181.0,173.0,252.0,274.0,False,HARD,17.0,False,RB,0 days 01:58:12.665000,,1,8.0,False,,False,True,21.6,64.0,1018.7,False,46.7,38,1.1,True,False,False,False,False,False,+19.271,+3.746,19.271,3.746,7173.0,80.335,,,21.282,37.659,21.394,7113.96,7151.619,7173.013,7092.665
2024,Monaco Grand Prix,8,Monaco,Monaco,0 days 02:00:53.612000,TSU,22,0 days 00:01:20.612000,18.0,2.0,,Yuki Tsunoda,,0 days 00:00:21.336000,0 days 00:00:37.629000,0 days 00:00:21.647000,0 days 01:59:54.349000,0 days 02:00:31.978000,0 days 02:00:53.625000,181.0,174.0,252.0,273.0,False,HARD,18.0,False,RB,0 days 01:59:33,,1,8.0,False,,False,True,21.7,63.0,1018.7,False,47.2,101,0.8,True,False,False,False,False,False,+20.303,+4.321,20.303,4.321,7253.612,80.612,,,21.336,37.629,21.647,7194.349,7231.978,7253.625,7173.0
2024,Monaco Grand Prix,8,Monaco,Monaco,0 days 02:02:14.382000,TSU,22,0 days 00:01:20.770000,19.0,2.0,,Yuki Tsunoda,,0 days 00:00:21.296000,0 days 00:00:37.813000,0 days 00:00:21.661000,0 days 02:01:14.921000,0 days 02:01:52.734000,0 days 02:02:14.395000,177.0,173.0,251.0,273.0,False,HARD,19.0,False,RB,0 days 02:00:53.612000,,1,8.0,False,,False,True,21.8,61.0,1018.6,False,46.7,221,0.7,True,False,False,False,False,False,+22.231,+5.217,22.231,5.217,7334.382,80.77,,,21.296,37.813,21.661,7274.921,7312.734,7334.395,7253.612
2024,Monaco Grand Prix,8,Monaco,Monaco,0 days 02:03:34.373000,TSU,22,0 days 00:01:19.991000,20.0,2.0,,Yuki Tsunoda,,0 days 00:00:21.290000,0 days 00:00:37.392000,0 days 00:00:21.309000,0 days 02:02:35.685000,0 days 02:03:13.077000,0 days 02:03:34.386000,189.0,178.0,254.0,274.0,True,HARD,20.0,False,RB,0 days 02:02:14.382000,,1,8.0,False,,False,True,21.9,62.0,1018.8,False,45.8,337,0.9,True,False,False,False,False,False,+23.498,+4.704,23.498,4.704,7414.373,79.991,,,21.29,37.392,21.309,7355.685,7393.077,7414.386,7334.382
2024,Monaco Grand Prix,8,Monaco,Monaco,0 days 02:04:54.930000,TSU,22,0 days 00:01:20.557000,21.0,2.0,,Yuki Tsunoda,,0 days 00:00:21.256000,0 days 00:00:37.782000,0 days 00:00:21.519000,0 days 02:03:55.642000,0 days 02:04:33.424000,0 days 02:04:54.943000,185.0,175.0,252.0,273.0,False,HARD,21.0,False,RB,0 days 02:03:34.373000,,1,8.0,False,,False,True,21.9,64.0,1018.7,False,45.8,0,1.3,True,False,False,False,False,False,+25.583,+5.501,25.583,5.501,7494.93,80.557,,,21.256,37.782,21.519,7435.642,7473.424,7494.943,7414.373
2024,Monaco Grand Prix,8,Monaco,Monaco,0 days 02:06:15.805000,TSU,22,0 days 00:01:20.875000,22.0,2.0,,Yuki Tsunoda,,0 days 00:00:21.371000,0 days 00:00:37.821000,0 days 00:00:21.683000,0 days 02:05:16.314000,0 days 02:05:54.135000,0 days 02:06:15.818000,183.0,174.0,251.0,272.0,False,HARD,22.0,False,RB,0 days 02:04:54.930000,,1,8.0,False,,False,True,21.8,65.0,1018.8,False,45.9,198,0.5,True,False,False,False,False,False,+27.838,+5.786,27.838,5.786,7575.805,80.875,,,21.371,37.821,21.683,7516.314,7554.135,7575.818,7494.93
2024,Monaco Grand Prix,8,Monaco,Monaco,0 days 02:07:36.255000,TSU,22,0 days 00:01:20.450000,23.0,2.0,,Yuki Tsunoda,,0 days 00:00:21.248000,0 days 00:00:37.823000,0 days 00:00:21.379000,0 days 02:06:37.066000,0 days 02:07:14.889000,0 days 02:07:36.268000,188.0,174.0,252.0,272.0,False,HARD,23.0,False,RB,0 days 02:06:15.805000,,1,8.0,False,,False,True,21.7,63.0,1018.7,False,46.1,356,1.1,True,False,False,False,False,False,+29.830,+7.147,29.83,7.147,7656.255,80.45,,,21.248,37.823,21.379,7597.066,7634.889,7656.268,7575.805
2024,Monaco Grand Prix,8,Monaco,Monaco,0 days 02:08:56.641000,TSU,22,0 days 00:01:20.386000,24.0,2.0,,Yuki Tsunoda,,0 days 00:00:21.078000,0 days 00:00:37.672000,0 days 00:00:21.636000,0 days 02:07:57.346000,0 days 02:08:35.018000,0 days 02:08:56.654000,187.0,175.0,252.0,271.0,False,HARD,24.0,False,RB,0 days 02:07:36.255000,,1,8.0,False,,False,True,21.8,64.0,1018.7,False,46.3,272,1.4,True,False,False,False,False,False,+31.491,+8.748,31.491,8.748,7736.641,80.386,,,21.078,37.672,21.636,7677.346,7715.018,7736.654,7656.255
2024,Monaco Grand Prix,8,Monaco,Monaco,0 days 02:10:16.970000,TSU,22,0 days 00:01:20.329000,25.0,2.0,,Yuki Tsunoda,,0 days 00:00:21.288000,0 days 00:00:37.466000,0 days 00:00:21.575000,0 days 02:09:17.942000,0 days 02:09:55.408000,0 days 02:10:16.983000,184.0,172.0,251.0,273.0,False,HARD,25.0,False,RB,0 days 02:08:56.641000,,1,8.0,False,,False,True,21.7,62.0,1018.6,False,45.7,325,1.3,True,False,False,False,False,False,+32.847,+9.735,32.847,9.735,7816.97,80.329,,,21.288,37.466,21.575,7757.942,7795.408,7816.983,7736.641
2024,Monaco Grand Prix,8,Monaco,Monaco,0 days 02:11:37.418000,TSU,22,0 days 00:01:20.448000,26.0,2.0,,Yuki Tsunoda,,0 days 00:00:21.082000,0 days 00:00:37.707000,0 days 00:00:21.659000,0 days 02:10:38.065000,0 days 02:11:15.772000,0 days 02:11:37.431000,184.0,176.0,249.0,272.0,False,HARD,26.0,False,RB,0 days 02:10:16.970000,,1,8.0,False,,False,True,21.8,64.0,1018.5,False,46.0,23,0.7,True,False,False,False,False,False,+34.850,+10.321,34.85,10.321,7897.418,80.448,,,21.082,37.707,21.659,7838.065,7875.772,7897.431,7816.97
2024,Monaco Grand Prix,8,Monaco,Monaco,0 days 02:12:57.704000,TSU,22,0 days 00:01:20.286000,27.0,2.0,,Yuki Tsunoda,,0 days 00:00:21.129000,0 days 00:00:37.549000,0 days 00:00:21.608000,0 days 02:11:58.560000,0 days 02:12:36.109000,0 days 02:12:57.717000,181.0,172.0,250.0,270.0,False,HARD,27.0,False,RB,0 days 02:11:37.418000,,1,8.0,False,,False,True,21.9,63.0,1018.6,False,46.0,296,0.6,True,False,False,False,False,False,+36.785,+12.058,36.785,12.058,7977.704,80.286,,,21.129,37.549,21.608,7918.56,7956.109,7977.717,7897.418
2024,Monaco Grand Prix,8,Monaco,Monaco,0 days 02:14:17.888000,TSU,22,0 days 00:01:20.184000,28.0,2.0,,Yuki Tsunoda,,0 days 00:00:21.183000,0 days 00:00:37.528000,0 days 00:00:21.473000,0 days 02:13:18.900000,0 days 02:13:56.428000,0 days 02:14:17.901000,185.0,177.0,252.0,271.0,False,HARD,28.0,False,RB,0 days 02:12:57.704000,,1,8.0,False,,False,True,22.0,63.0,1018.5,False,45.6,215,1.7,True,False,False,False,False,False,+38.259,+13.655,38.259,13.655,8057.888,80.184,,,21.183,37.528,21.473,7998.9,8036.428,8057.901,7977.704
2024,Monaco Grand Prix,8,Monaco,Monaco,0 days 02:15:37.725000,TSU,22,0 days 00:01:19.837000,29.0,2.0,,Yuki Tsunoda,,0 days 00:00:21.149000,0 days 00:00:37.320000,0 days 00:00:21.368000,0 days 02:14:39.050000,0 days 02:15:16.370000,0 days 02:15:37.738000,180.0,175.0,253.0,274.0,True,HARD,29.0,False,RB,0 days 02:14:17.888000,,1,8.0,False,,False,True,22.0,62.0,1018.5,False,45.9,220,0.9,True,False,False,False,False,False,+39.043,+14.552,39.043,14.552,8137.725,79.837,,,21.149,37.32,21.368,8079.05,8116.37,8137.738,8057.888
2024,Monaco Grand Prix,8,Monaco,Monaco,0 days 02:16:58.220000,TSU,22,0 days 00:01:20.495000,30.0,2.0,,Yuki Tsunoda,,0 days 00:00:21.124000,0 days 00:00:37.673000,0 days 00:00:21.698000,0 days 02:15:58.862000,0 days 02:16:36.535000,0 days 02:16:58.233000,181.0,174.0,249.0,271.0,False,HARD,30.0,False,RB,0 days 02:15:37.725000,,1,8.0,False,,False,True,22.0,61.0,1018.6,False,46.4,265,0.6,True,False,False,False,False,False,+39.603,+16.676,39.603,16.676,8218.22,80.495,,,21.124,37.673,21.698,8158.862,8196.535,8218.233,8137.725
2024,Monaco Grand Prix,8,Monaco,Monaco,0 days 02:18:18.410000,TSU,22,0 days 00:01:20.190000,31.0,2.0,,Yuki Tsunoda,,0 days 00:00:21.260000,0 days 00:00:37.446000,0 days 00:00:21.484000,0 days 02:17:19.493000,0 days 02:17:56.939000,0 days 02:18:18.423000,182.0,180.0,251.0,272.0,False,HARD,31.0,False,RB,0 days 02:16:58.220000,,1,8.0,False,,False,True,22.0,61.0,1018.6,False,45.5,237,0.9,True,False,False,False,False,False,+41.400,+18.395,41.4,18.395,8298.41,80.19,,,21.26,37.446,21.484,8239.493,8276.939,8298.423,8218.22
2024,Monaco Grand Prix,8,Monaco,Monaco,0 days 02:19:39.433000,TSU,22,0 days 00:01:21.023000,32.0,2.0,,Yuki Tsunoda,,0 days 00:00:21.281000,0 days 00:00:37.967000,0 days 00:00:21.775000,0 days 02:18:39.704000,0 days 02:19:17.671000,0 days 02:19:39.446000,177.0,175.0,251.0,269.0,False,HARD,32.0,False,RB,0 days 02:18:18.410000,,1,8.0,False,,False,True,21.9,62.0,1018.5,False,45.6,245,1.0,True,False,False,False,False,False,+43.298,+20.800,43.298,20.8,8379.433,81.023,,,21.281,37.967,21.775,8319.704,8357.671,8379.446,8298.41
2024,Monaco Grand Prix,8,Monaco,Monaco,0 days 02:21:00.182000,TSU,22,0 days 00:01:20.749000,33.0,2.0,,Yuki Tsunoda,,0 days 00:00:21.333000,0 days 00:00:37.827000,0 days 00:00:21.589000,0 days 02:20:00.779000,0 days 02:20:38.606000,0 days 02:21:00.195000,178.0,179.0,251.0,270.0,False,HARD,33.0,False,RB,0 days 02:19:39.433000,,1,8.0,False,,False,True,21.9,62.0,1018.6,False,45.9,269,0.9,True,False,False,False,False,False,+45.553,+22.803,45.553,22.803,8460.182,80.749,,,21.333,37.827,21.589,8400.779,8438.606,8460.195,8379.433
2024,Monaco Grand Prix,8,Monaco,Monaco,0 days 02:22:19.335000,TSU,22,0 days 00:01:19.153000,34.0,2.0,,Yuki Tsunoda,,0 days 00:00:20.994000,0 days 00:00:37.077000,0 days 00:00:21.082000,0 days 02:21:21.189000,0 days 02:21:58.266000,0 days 02:22:19.348000,191.0,181.0,254.0,271.0,True,HARD,34.0,False,RB,0 days 02:21:00.182000,,1,8.0,False,,False,True,22.0,62.0,1018.6,False,45.1,0,0.9,True,False,False,False,False,False,+45.387,+23.096,45.387,23.096,8539.335,79.153,,,20.994,37.077,21.082,8481.189,8518.266,8539.348,8460.182
2024,Monaco Grand Prix,8,Monaco,Monaco,0 days 02:23:38.308000,TSU,22,0 days 00:01:18.973000,35.0,2.0,,Yuki Tsunoda,,0 days 00:00:20.721000,0 days 00:00:37.120000,0 days 00:00:21.132000,0 days 02:22:40.069000,0 days 02:23:17.189000,0 days 02:23:38.321000,192.0,177.0,254.0,272.0,True,HARD,35.0,False,RB,0 days 02:22:19.335000,,1,8.0,False,,False,True,21.9,65.0,1018.6,False,44.5,358,0.6,True,False,False,False,False,False,+45.830,+22.551,45.83,22.551,8618.308,78.973,,,20.721,37.12,21.132,8560.069,8597.189,8618.321,8539.335
2024,Monaco Grand Prix,8,Monaco,Monaco,0 days 02:24:57.780000,TSU,22,0 days 00:01:19.472000,36.0,2.0,,Yuki Tsunoda,,0 days 00:00:20.987000,0 days 00:00:37.275000,0 days 00:00:21.210000,0 days 02:23:59.308000,0 days 02:24:36.583000,0 days 02:24:57.793000,192.0,180.0,252.0,272.0,False,HARD,36.0,False,RB,0 days 02:23:38.308000,,1,8.0,False,,False,True,21.8,64.0,1018.5,False,44.4,234,1.2,True,False,False,False,False,False,+46.499,+21.240,46.499,21.24,8697.78,79.472,,,20.987,37.275,21.21,8639.308,8676.583,8697.793,8618.308
2024,Monaco Grand Prix,8,Monaco,Monaco,0 days 02:26:17.851000,TSU,22,0 days 00:01:20.071000,37.0,2.0,,Yuki Tsunoda,,0 days 00:00:20.937000,0 days 00:00:37.456000,0 days 00:00:21.678000,0 days 02:25:18.730000,0 days 02:25:56.186000,0 days 02:26:17.864000,186.0,178.0,251.0,271.0,False,HARD,37.0,False,RB,0 days 02:24:57.780000,,1,8.0,False,,False,True,21.8,63.0,1018.5,False,44.5,271,1.0,True,False,False,False,False,False,+47.598,+22.634,47.598,22.634,8777.851,80.071,,,20.937,37.456,21.678,8718.73,8756.186,8777.864,8697.78
2024,Monaco Grand Prix,8,Monaco,Monaco,0 days 02:27:37.968000,TSU,22,0 days 00:01:20.117000,38.0,2.0,,Yuki Tsunoda,,0 days 00:00:21.072000,0 days 00:00:37.534000,0 days 00:00:21.511000,0 days 02:26:38.936000,0 days 02:27:16.470000,0 days 02:27:37.981000,186.0,173.0,252.0,270.0,False,HARD,38.0,False,RB,0 days 02:26:17.851000,,1,8.0,False,,False,True,21.8,62.0,1018.6,False,44.8,169,0.7,True,False,False,False,False,False,+49.348,+22.444,49.348,22.444,8857.968,80.117,,,21.072,37.534,21.511,8798.936,8836.47,8857.981,8777.851
2024,Monaco Grand Prix,8,Monaco,Monaco,0 days 02:28:57.823000,TSU,22,0 days 00:01:19.855000,39.0,2.0,,Yuki Tsunoda,,0 days 00:00:20.936000,0 days 00:00:37.401000,0 days 00:00:21.518000,0 days 02:27:58.917000,0 days 02:28:36.318000,0 days 02:28:57.836000,186.0,175.0,251.0,271.0,False,HARD,39.0,False,RB,0 days 02:27:37.968000,,1,8.0,False,,False,True,21.8,62.0,1018.6,False,44.7,0,0.5,True,False,False,False,False,False,+51.022,+23.356,51.022,23.356,8937.823,79.855,,,20.936,37.401,21.518,8878.917,8916.318,8937.836,8857.968
2024,Monaco Grand Prix,8,Monaco,Monaco,0 days 02:30:17.568000,TSU,22,0 days 00:01:19.745000,40.0,2.0,,Yuki Tsunoda,,0 days 00:00:20.967000,0 days 00:00:37.353000,0 days 00:00:21.425000,0 days 02:29:18.803000,0 days 02:29:56.156000,0 days 02:30:17.581000,186.0,174.0,251.0,271.0,False,HARD,40.0,False,RB,0 days 02:28:57.823000,,1,8.0,False,,False,True,22.0,60.0,1018.5,False,44.4,111,0.8,True,False,False,False,False,False,+52.034,+24.428,52.034,24.428,9017.568,79.745,,,20.967,37.353,21.425,8958.803,8996.156,9017.581,8937.823
2024,Monaco Grand Prix,8,Monaco,Monaco,0 days 02:31:38.340000,TSU,22,0 days 00:01:20.772000,41.0,2.0,,Yuki Tsunoda,,0 days 00:00:20.821000,0 days 00:00:38.018000,0 days 00:00:21.933000,0 days 02:30:38.402000,0 days 02:31:16.420000,0 days 02:31:38.353000,183.0,172.0,249.0,264.0,False,HARD,41.0,False,RB,0 days 02:30:17.568000,,1,8.0,False,,False,True,22.0,62.0,1018.4,False,44.4,30,0.5,True,False,False,False,False,False,+53.784,+25.971,53.784,25.971,9098.34,80.772,,,20.821,38.018,21.933,9038.402,9076.42,9098.353,9017.568
2024,Monaco Grand Prix,8,Monaco,Monaco,0 days 02:32:58.660000,TSU,22,0 days 00:01:20.320000,42.0,2.0,,Yuki Tsunoda,,0 days 00:00:21.130000,0 days 00:00:37.580000,0 days 00:00:21.610000,0 days 02:31:59.483000,0 days 02:32:37.063000,0 days 02:32:58.673000,182.0,174.0,251.0,269.0,False,HARD,42.0,False,RB,0 days 02:31:38.340000,,1,8.0,False,,False,True,21.9,61.0,1018.5,False,44.7,0,0.5,True,False,False,False,False,False,+55.155,+29.032,55.155,29.032,9178.66,80.32,,,21.13,37.58,21.61,9119.483,9157.063,9178.673,9098.34
2024,Monaco Grand Prix,8,Monaco,Monaco,0 days 02:34:18.795000,TSU,22,0 days 00:01:20.135000,43.0,2.0,,Yuki Tsunoda,,0 days 00:00:21.002000,0 days 00:00:37.553000,0 days 00:00:21.580000,0 days 02:33:19.675000,0 days 02:33:57.228000,0 days 02:34:18.808000,183.0,175.0,251.0,270.0,False,HARD,43.0,False,RB,0 days 02:32:58.660000,,1,8.0,False,,False,True,21.9,59.0,1018.6,False,44.8,227,1.0,True,False,False,False,False,False,+57.425,+31.300,57.425,31.3,9258.795,80.135,,,21.002,37.553,21.58,9199.675,9237.228,9258.808,9178.66
2024,Monaco Grand Prix,8,Monaco,Monaco,0 days 02:35:39.189000,TSU,22,0 days 00:01:20.394000,44.0,2.0,,Yuki Tsunoda,,0 days 00:00:20.771000,0 days 00:00:37.723000,0 days 00:00:21.900000,0 days 02:34:39.579000,0 days 02:35:17.302000,0 days 02:35:39.202000,187.0,175.0,250.0,268.0,False,HARD,44.0,False,RB,0 days 02:34:18.795000,,1,8.0,False,,False,True,22.0,58.0,1018.5,False,44.5,192,0.5,True,False,False,False,False,False,+59.543,+33.469,59.543,33.469,9339.189,80.394,,,20.771,37.723,21.9,9279.579,9317.302,9339.202,9258.795
2024,Monaco Grand Prix,8,Monaco,Monaco,0 days 02:36:59.333000,TSU,22,0 days 00:01:20.144000,45.0,2.0,,Yuki Tsunoda,,0 days 00:00:20.924000,0 days 00:00:37.506000,0 days 00:00:21.714000,0 days 02:36:00.126000,0 days 02:36:37.632000,0 days 02:36:59.346000,187.0,174.0,250.0,269.0,False,HARD,45.0,False,RB,0 days 02:35:39.189000,,1,8.0,False,,False,True,22.0,58.0,1018.5,False,44.2,206,0.8,True,False,False,False,False,False,+61.146,+35.457,61.146,35.457,9419.333,80.144,,,20.924,37.506,21.714,9360.126,9397.632,9419.346,9339.189
2024,Monaco Grand Prix,8,Monaco,Monaco,0 days 02:38:19.627000,TSU,22,0 days 00:01:20.294000,46.0,2.0,,Yuki Tsunoda,,0 days 00:00:20.841000,0 days 00:00:37.681000,0 days 00:00:21.772000,0 days 02:37:20.187000,0 days 02:37:57.868000,0 days 02:38:19.640000,189.0,174.0,249.0,270.0,False,HARD,46.0,False,RB,0 days 02:36:59.333000,,1,8.0,False,,False,True,22.0,58.0,1018.4,False,44.5,276,1.8,True,False,False,False,False,False,+62.629,+37.381,62.629,37.381,9499.627,80.294,,,20.841,37.681,21.772,9440.187,9477.868,9499.64,9419.333
2024,Monaco Grand Prix,8,Monaco,Monaco,0 days 02:39:40.053000,TSU,22,0 days 00:01:20.426000,47.0,2.0,,Yuki Tsunoda,,0 days 00:00:20.968000,0 days 00:00:37.592000,0 days 00:00:21.866000,0 days 02:38:40.608000,0 days 02:39:18.200000,0 days 02:39:40.066000,186.0,174.0,249.0,270.0,False,HARD,47.0,False,RB,0 days 02:38:19.627000,,1,8.0,False,,False,True,22.0,57.0,1018.5,False,43.8,205,0.7,True,False,False,False,False,False,+63.909,+39.513,63.909,39.513,9580.053,80.426,,,20.968,37.592,21.866,9520.608,9558.2,9580.066,9499.627
2024,Monaco Grand Prix,8,Monaco,Monaco,0 days 02:41:00.596000,TSU,22,0 days 00:01:20.543000,48.0,2.0,,Yuki Tsunoda,,0 days 00:00:20.994000,0 days 00:00:37.876000,0 days 00:00:21.673000,0 days 02:40:01.060000,0 days 02:40:38.936000,0 days 02:41:00.609000,187.0,176.0,250.0,268.0,False,HARD,48.0,False,RB,0 days 02:39:40.053000,,1,8.0,False,,False,True,22.0,58.0,1018.4,False,43.8,218,1.1,True,False,False,False,False,False,+66.716,+42.454,66.716,42.454,9660.596,80.543,,,20.994,37.876,21.673,9601.06,9638.936,9660.609,9580.053
2024,Monaco Grand Prix,8,Monaco,Monaco,0 days 02:42:20.705000,TSU,22,0 days 00:01:20.109000,49.0,2.0,,Yuki Tsunoda,,0 days 00:00:20.826000,0 days 00:00:37.500000,0 days 00:00:21.783000,0 days 02:41:21.435000,0 days 02:41:58.935000,0 days 02:42:20.718000,186.0,175.0,251.0,269.0,False,HARD,49.0,False,RB,0 days 02:41:00.596000,,1,8.0,False,,False,True,21.9,58.0,1018.5,False,43.7,354,1.0,True,False,False,False,False,False,+68.319,+45.165,68.319,45.165,9740.705,80.109,,,20.826,37.5,21.783,9681.435,9718.935,9740.718,9660.596
2024,Monaco Grand Prix,8,Monaco,Monaco,0 days 02:43:40.258000,TSU,22,0 days 00:01:19.553000,50.0,2.0,,Yuki Tsunoda,,0 days 00:00:21.074000,0 days 00:00:37.375000,0 days 00:00:21.104000,0 days 02:42:41.792000,0 days 02:43:19.167000,0 days 02:43:40.271000,186.0,180.0,253.0,271.0,False,HARD,50.0,False,RB,0 days 02:42:20.705000,,1,8.0,False,,False,True,21.9,58.0,1018.5,False,43.7,89,1.1,True,False,False,False,False,False,+69.687,+46.257,69.687,46.257,9820.258,79.553,,,21.074,37.375,21.104,9761.792,9799.167,9820.271,9740.705
2024,Monaco Grand Prix,8,Monaco,Monaco,0 days 02:44:58.898000,TSU,22,0 days 00:01:18.640000,51.0,2.0,,Yuki Tsunoda,,0 days 00:00:20.706000,0 days 00:00:36.933000,0 days 00:00:21.001000,0 days 02:44:00.977000,0 days 02:44:37.910000,0 days 02:44:58.911000,187.0,186.0,251.0,272.0,True,HARD,51.0,False,RB,0 days 02:43:40.258000,,1,8.0,False,,False,True,21.8,58.0,1018.6,False,43.0,200,0.7,True,False,False,False,False,False,+70.537,+29.688,70.537,29.688,9898.898,78.64,,,20.706,36.933,21.001,9840.977,9877.91,9898.911,9820.258
2024,Monaco Grand Prix,8,Monaco,Monaco,0 days 02:46:19.012000,TSU,22,0 days 00:01:20.114000,52.0,2.0,,Yuki Tsunoda,,0 days 00:00:20.817000,0 days 00:00:37.528000,0 days 00:00:21.769000,0 days 02:45:19.728000,0 days 02:45:57.256000,0 days 02:46:19.025000,182.0,178.0,251.0,270.0,False,HARD,52.0,False,RB,0 days 02:44:58.898000,,12,8.0,False,,False,True,21.9,58.0,1018.5,False,43.2,321,0.8,True,True,False,False,False,False,+72.340,+30.100,72.34,30.1,9979.012,80.114,,,20.817,37.528,21.769,9919.728,9957.256,9979.025,9898.898
2024,Monaco Grand Prix,8,Monaco,Monaco,0 days 02:47:38.866000,TSU,22,0 days 00:01:19.854000,53.0,2.0,,Yuki Tsunoda,,0 days 00:00:20.913000,0 days 00:00:37.430000,0 days 00:00:21.511000,0 days 02:46:39.938000,0 days 02:47:17.368000,0 days 02:47:38.879000,188.0,181.0,250.0,270.0,False,HARD,53.0,False,RB,0 days 02:46:19.012000,,1,8.0,False,,False,True,21.9,59.0,1018.6,False,43.0,228,1.1,True,False,False,False,False,False,+74.446,+33.496,74.446,33.496,10058.866,79.854,,,20.913,37.43,21.511,9999.938,10037.368,10058.879,9979.012
2024,Monaco Grand Prix,8,Monaco,Monaco,0 days 02:49:04.636000,TSU,22,0 days 00:01:25.770000,54.0,2.0,,Yuki Tsunoda,,0 days 00:00:21.185000,0 days 00:00:41.211000,0 days 00:00:23.374000,0 days 02:48:00.064000,0 days 02:48:41.275000,0 days 02:49:04.649000,185.0,161.0,202.0,269.0,False,HARD,54.0,False,RB,0 days 02:47:38.866000,,1,8.0,False,,False,True,21.9,59.0,1018.4,False,42.8,236,1.4,True,False,False,False,False,False,1 L,+42.878,,42.878,10144.636,85.77,,,21.185,41.211,23.374,10080.064,10121.275,10144.649,10058.866
2024,Monaco Grand Prix,8,Monaco,Monaco,0 days 02:50:24.417000,TSU,22,0 days 00:01:19.781000,55.0,2.0,,Yuki Tsunoda,,0 days 00:00:21.418000,0 days 00:00:37.189000,0 days 00:00:21.174000,0 days 02:49:26.067000,0 days 02:50:03.256000,0 days 02:50:24.430000,185.0,184.0,257.0,278.0,False,HARD,55.0,False,RB,0 days 02:49:04.636000,,1,8.0,False,,False,True,21.7,60.0,1018.4,False,42.4,59,0.9,True,False,False,False,False,False,1 L,+46.167,,46.167,10224.417,79.781,,,21.418,37.189,21.174,10166.067,10203.256,10224.43,10144.636
2024,Monaco Grand Prix,8,Monaco,Monaco,0 days 02:51:42.919000,TSU,22,0 days 00:01:18.502000,56.0,2.0,,Yuki Tsunoda,,0 days 00:00:20.645000,0 days 00:00:36.898000,0 days 00:00:20.959000,0 days 02:50:45.075000,0 days 02:51:21.973000,0 days 02:51:42.932000,192.0,189.0,256.0,276.0,True,HARD,56.0,False,RB,0 days 02:50:24.417000,,1,8.0,False,,False,True,21.6,60.0,1018.4,False,42.2,140,0.8,True,False,False,False,False,False,1 L,+50.127,,50.127,10302.919,78.502,,,20.645,36.898,20.959,10245.075,10281.973,10302.932,10224.417
2024,Monaco Grand Prix,8,Monaco,Monaco,0 days 02:53:01.418000,TSU,22,0 days 00:01:18.499000,57.0,2.0,,Yuki Tsunoda,,0 days 00:00:20.624000,0 days 00:00:36.856000,0 days 00:00:21.019000,0 days 02:52:03.556000,0 days 02:52:40.412000,0 days 02:53:01.431000,187.0,182.0,255.0,276.0,True,HARD,57.0,False,RB,0 days 02:51:42.919000,,1,8.0,False,,False,True,21.7,59.0,1018.5,False,42.4,0,0.6,True,False,False,False,False,False,1 L,+50.759,,50.759,10381.418,78.499,,,20.624,36.856,21.019,10323.556,10360.412,10381.431,10302.919
2024,Monaco Grand Prix,8,Monaco,Monaco,0 days 02:54:20.155000,TSU,22,0 days 00:01:18.737000,58.0,2.0,,Yuki Tsunoda,,0 days 00:00:20.615000,0 days 00:00:36.951000,0 days 00:00:21.171000,0 days 02:53:22.046000,0 days 02:53:58.997000,0 days 02:54:20.168000,193.0,178.0,256.0,276.0,False,HARD,58.0,False,RB,0 days 02:53:01.418000,,1,8.0,False,,False,True,21.6,61.0,1018.4,False,41.9,9,1.1,True,False,False,False,False,False,1 L,+52.770,,52.77,10460.155,78.737,,,20.615,36.951,21.171,10402.046,10438.997,10460.168,10381.418
2024,Monaco Grand Prix,8,Monaco,Monaco,0 days 02:55:38.190000,TSU,22,0 days 00:01:18.035000,59.0,2.0,,Yuki Tsunoda,,0 days 00:00:20.382000,0 days 00:00:36.572000,0 days 00:00:21.081000,0 days 02:54:40.550000,0 days 02:55:17.122000,0 days 02:55:38.203000,191.0,181.0,255.0,276.0,True,HARD,59.0,False,RB,0 days 02:54:20.155000,,1,8.0,False,,False,True,21.5,61.0,1018.5,False,42.3,284,0.5,True,False,False,False,False,False,1 L,+56.454,,56.454,10538.19,78.035,,,20.382,36.572,21.081,10480.55,10517.122,10538.203,10460.155
2024,Monaco Grand Prix,8,Monaco,Monaco,0 days 02:56:57.849000,TSU,22,0 days 00:01:19.659000,60.0,2.0,,Yuki Tsunoda,,0 days 00:00:21.295000,0 days 00:00:37.031000,0 days 00:00:21.333000,0 days 02:55:59.498000,0 days 02:56:36.529000,0 days 02:56:57.862000,191.0,178.0,256.0,276.0,False,HARD,60.0,False,RB,0 days 02:55:38.190000,,1,8.0,False,,False,True,21.6,60.0,1018.4,False,42.3,222,0.6,True,False,False,False,False,False,1 L,+60.412,,60.412,10617.849,79.659,,,21.295,37.031,21.333,10559.498,10596.529,10617.862,10538.19
2024,Monaco Grand Prix,8,Monaco,Monaco,0 days 02:58:18.147000,TSU,22,0 days 00:01:20.298000,61.0,2.0,,Yuki Tsunoda,,0 days 00:00:21.322000,0 days 00:00:37.502000,0 days 00:00:21.474000,0 days 02:57:19.184000,0 days 02:57:56.686000,0 days 02:58:18.160000,194.0,176.0,255.0,274.0,False,HARD,61.0,False,RB,0 days 02:56:57.849000,,1,8.0,False,,False,True,21.8,59.0,1018.4,False,42.0,264,1.2,True,False,False,False,False,False,1 L,+65.436,,65.436,10698.147,80.298,,,21.322,37.502,21.474,10639.184,10676.686,10698.16,10617.849
2024,Monaco Grand Prix,8,Monaco,Monaco,0 days 02:59:37.522000,TSU,22,0 days 00:01:19.375000,62.0,2.0,,Yuki Tsunoda,,0 days 00:00:20.875000,0 days 00:00:37.089000,0 days 00:00:21.411000,0 days 02:58:39.035000,0 days 02:59:16.124000,0 days 02:59:37.535000,195.0,172.0,254.0,275.0,False,HARD,62.0,False,RB,0 days 02:58:18.147000,,1,8.0,False,,False,True,22.0,60.0,1018.5,False,42.0,284,0.8,True,False,False,False,False,False,1 L,+69.251,,69.251,10777.522,79.375,,,20.875,37.089,21.411,10719.035,10756.124,10777.535,10698.147
2024,Monaco Grand Prix,8,Monaco,Monaco,0 days 03:01:00.740000,TSU,22,0 days 00:01:23.218000,63.0,2.0,,Yuki Tsunoda,,0 days 00:00:22.870000,0 days 00:00:38.824000,0 days 00:00:21.524000,0 days 03:00:00.405000,0 days 03:00:39.229000,0 days 03:01:00.753000,182.0,169.0,255.0,275.0,False,HARD,63.0,False,RB,0 days 02:59:37.522000,,1,8.0,False,,False,True,21.9,60.0,1018.3,False,41.2,47,0.8,True,False,False,False,False,False,1 L,1 L,,,10860.74,83.218,,,22.87,38.824,21.524,10800.405,10839.229,10860.753,10777.522
2024,Monaco Grand Prix,8,Monaco,Monaco,0 days 03:02:18.371000,TSU,22,0 days 00:01:17.631000,64.0,2.0,,Yuki Tsunoda,,0 days 00:00:20.273000,0 days 00:00:36.546000,0 days 00:00:20.812000,0 days 03:01:21.026000,0 days 03:01:57.572000,0 days 03:02:18.384000,199.0,188.0,256.0,276.0,True,HARD,64.0,False,RB,0 days 03:01:00.740000,,1,8.0,False,,False,True,21.9,59.0,1018.4,False,41.7,283,1.2,True,False,False,False,False,False,1 L,1 L,,,10938.371,77.631,,,20.273,36.546,20.812,10881.026,10917.572,10938.384,10860.74
2024,Monaco Grand Prix,8,Monaco,Monaco,0 days 03:03:35.390000,TSU,22,0 days 00:01:17.019000,65.0,2.0,,Yuki Tsunoda,,0 days 00:00:20.151000,0 days 00:00:36.176000,0 days 00:00:20.692000,0 days 03:02:38.535000,0 days 03:03:14.711000,0 days 03:03:35.403000,200.0,189.0,255.0,276.0,True,HARD,65.0,False,RB,0 days 03:02:18.371000,,1,8.0,False,,False,True,22.0,59.0,1018.3,False,41.7,325,1.7,True,False,False,False,False,False,1 L,1 L,,,11015.39,77.019,,,20.151,36.176,20.692,10958.535,10994.711,11015.403,10938.371
2024,Monaco Grand Prix,8,Monaco,Monaco,0 days 03:04:53.587000,TSU,22,0 days 00:01:18.197000,66.0,2.0,,Yuki Tsunoda,,0 days 00:00:20.092000,0 days 00:00:36.571000,0 days 00:00:21.534000,0 days 03:03:55.495000,0 days 03:04:32.066000,0 days 03:04:53.600000,198.0,178.0,254.0,276.0,False,HARD,66.0,False,RB,0 days 03:03:35.390000,,1,8.0,False,,False,True,22.0,60.0,1018.3,False,41.6,58,1.0,True,False,False,False,False,False,1 L,1 L,,,11093.587,78.197,,,20.092,36.571,21.534,11035.495,11072.066,11093.6,11015.39
2024,Monaco Grand Prix,8,Monaco,Monaco,0 days 03:06:11.735000,TSU,22,0 days 00:01:18.148000,67.0,2.0,,Yuki Tsunoda,,0 days 00:00:20.481000,0 days 00:00:36.615000,0 days 00:00:21.052000,0 days 03:05:14.081000,0 days 03:05:50.696000,0 days 03:06:11.748000,196.0,180.0,256.0,275.0,False,HARD,67.0,False,RB,0 days 03:04:53.587000,,1,8.0,False,,False,True,21.8,60.0,1018.4,False,40.9,14,0.7,True,False,False,False,False,False,1 L,1 L,,,11171.735,78.148,,,20.481,36.615,21.052,11114.081,11150.696,11171.748,11093.587
2024,Monaco Grand Prix,8,Monaco,Monaco,0 days 03:07:29.944000,TSU,22,0 days 00:01:18.209000,68.0,2.0,,Yuki Tsunoda,,0 days 00:00:20.457000,0 days 00:00:36.685000,0 days 00:00:21.067000,0 days 03:06:32.205000,0 days 03:07:08.890000,0 days 03:07:29.957000,197.0,181.0,255.0,276.0,False,HARD,68.0,False,RB,0 days 03:06:11.735000,,1,8.0,False,,False,True,21.8,60.0,1018.5,False,41.6,224,0.8,True,False,False,False,False,False,1 L,1 L,,,11249.944,78.209,,,20.457,36.685,21.067,11192.205,11228.89,11249.957,11171.735
2024,Monaco Grand Prix,8,Monaco,Monaco,0 days 03:08:49.976000,TSU,22,0 days 00:01:20.032000,69.0,2.0,,Yuki Tsunoda,,0 days 00:00:21.076000,0 days 00:00:37.805000,0 days 00:00:21.151000,0 days 03:07:51.033000,0 days 03:08:28.838000,0 days 03:08:49.989000,192.0,178.0,257.0,273.0,False,HARD,69.0,False,RB,0 days 03:07:29.944000,,1,8.0,False,,False,True,21.8,60.0,1018.4,False,41.6,209,1.0,True,False,False,False,False,False,1 L,1 L,,,11329.976,80.032,,,21.076,37.805,21.151,11271.033,11308.838,11329.989,11249.944
2024,Monaco Grand Prix,8,Monaco,Monaco,0 days 03:10:09.323000,TSU,22,0 days 00:01:19.347000,70.0,2.0,,Yuki Tsunoda,,0 days 00:00:20.939000,0 days 00:00:37.082000,0 days 00:00:21.326000,0 days 03:09:10.928000,0 days 03:09:48.010000,0 days 03:10:09.336000,187.0,181.0,255.0,273.0,False,HARD,70.0,False,RB,0 days 03:08:49.976000,,1,8.0,False,,False,True,21.7,60.0,1018.4,False,41.1,0,0.4,True,False,False,False,False,False,1 L,1 L,,,11409.323,79.347,,,20.939,37.082,21.326,11350.928,11388.01,11409.336,11329.976
2024,Monaco Grand Prix,8,Monaco,Monaco,0 days 03:11:27.581000,TSU,22,0 days 00:01:18.258000,71.0,2.0,,Yuki Tsunoda,,0 days 00:00:21.008000,0 days 00:00:36.627000,0 days 00:00:20.623000,0 days 03:10:30.344000,0 days 03:11:06.971000,0 days 03:11:27.594000,188.0,194.0,255.0,274.0,False,HARD,71.0,False,RB,0 days 03:10:09.323000,,1,8.0,False,,False,True,21.6,62.0,1018.4,False,40.5,214,0.9,True,False,False,False,False,False,1 L,1 L,,,11487.581,78.258,,,21.008,36.627,20.623,11430.344,11466.971,11487.594,11409.323
2024,Monaco Grand Prix,8,Monaco,Monaco,0 days 03:12:44.660000,TSU,22,0 days 00:01:17.079000,72.0,2.0,,Yuki Tsunoda,,0 days 00:00:20.332000,0 days 00:00:36.338000,0 days 00:00:20.409000,0 days 03:11:47.926000,0 days 03:12:24.264000,0 days 03:12:44.673000,191.0,191.0,255.0,273.0,False,HARD,72.0,False,RB,0 days 03:11:27.581000,,1,8.0,False,,False,True,21.6,61.0,1018.4,False,40.5,209,0.5,True,False,False,False,False,False,1 L,1 L,,,11564.66,77.079,,,20.332,36.338,20.409,11507.926,11544.264,11564.673,11487.581
2024,Monaco Grand Prix,8,Monaco,Monaco,0 days 03:14:00.615000,TSU,22,0 days 00:01:15.955000,73.0,2.0,,Yuki Tsunoda,,0 days 00:00:19.812000,0 days 00:00:35.754000,0 days 00:00:20.389000,0 days 03:13:04.485000,0 days 03:13:40.239000,0 days 03:14:00.628000,210.0,193.0,256.0,273.0,True,HARD,73.0,False,RB,0 days 03:12:44.660000,,1,8.0,False,,False,True,21.7,61.0,1018.4,False,40.8,293,1.1,True,False,False,False,False,False,1 L,1 L,,,11640.615,75.955,,,19.812,35.754,20.389,11584.485,11620.239,11640.628,11564.66
2024,Monaco Grand Prix,8,Monaco,Monaco,0 days 03:15:16.077000,TSU,22,0 days 00:01:15.462000,74.0,2.0,,Yuki Tsunoda,,0 days 00:00:19.778000,0 days 00:00:35.445000,0 days 00:00:20.239000,0 days 03:14:20.406000,0 days 03:14:55.851000,0 days 03:15:16.090000,207.0,195.0,256.0,274.0,True,HARD,74.0,False,RB,0 days 03:14:00.615000,,1,8.0,False,,False,True,21.7,61.0,1018.4,False,40.6,353,0.6,True,False,False,False,False,False,1 L,1 L,,,11716.077,75.462,,,19.778,35.445,20.239,11660.406,11695.851,11716.09,11640.615
2024,Monaco Grand Prix,8,Monaco,Monaco,0 days 03:16:31.069000,TSU,22,0 days 00:01:14.992000,75.0,2.0,,Yuki Tsunoda,,0 days 00:00:19.571000,0 days 00:00:35.257000,0 days 00:00:20.164000,0 days 03:15:35.661000,0 days 03:16:10.918000,0 days 03:16:31.082000,210.0,195.0,257.0,275.0,True,HARD,75.0,False,RB,0 days 03:15:16.077000,,1,8.0,False,,False,True,21.7,61.0,1018.4,False,40.6,224,0.9,True,False,False,False,False,False,1 L,1 L,,,11791.069,74.992,,,19.571,35.257,20.164,11735.661,11770.918,11791.082,11716.077
2024,Monaco Grand Prix,8,Monaco,Monaco,0 days 03:17:46.274000,TSU,22,0 days 00:01:15.205000,76.0,2.0,,Yuki Tsunoda,,0 days 00:00:19.626000,0 days 00:00:35.387000,0 days 00:00:20.192000,0 days 03:16:50.708000,0 days 03:17:26.095000,0 days 03:17:46.287000,213.0,194.0,257.0,275.0,False,HARD,76.0,False,RB,0 days 03:16:31.069000,,1,8.0,False,,False,True,21.8,61.0,1018.4,False,40.9,219,1.2,True,False,False,False,False,False,1 L,1 L,,,11866.274,75.205,,,19.626,35.387,20.192,11810.708,11846.095,11866.287,11791.069
2024,Monaco Grand Prix,8,Monaco,Monaco,0 days 03:19:00.994000,TSU,22,0 days 00:01:14.720000,77.0,2.0,,Yuki Tsunoda,,0 days 00:00:19.503000,0 days 00:00:35.233000,0 days 00:00:19.984000,0 days 03:18:05.790000,0 days 03:18:41.023000,0 days 03:19:01.007000,214.0,195.0,257.0,275.0,True,HARD,77.0,False,RB,0 days 03:17:46.274000,,1,8.0,False,,False,True,21.8,61.0,1018.4,False,40.9,284,0.8,True,False,False,False,False,False,1 L,1 L,,,11940.994,74.72,,,19.503,35.233,19.984,11885.79,11921.023,11941.007,11866.274
2024,Monaco Grand Prix,8,Monaco,Monaco,0 days 01:36:40.770000,ALB,23,0 days 00:41:34.817000,1.0,1.0,,Alexander Albon,0 days 00:57:00.668000,,0 days 00:00:55.498000,,,0 days 00:56:32.260000,,167.0,60.0,,275.0,False,MEDIUM,1.0,True,Williams,0 days 00:55:05.680000,,1254,9.0,False,,False,False,21.6,66.0,1018.9,False,48.4,255,0.6,True,True,True,True,False,False,+14.975,+2.381,14.975,2.381,5800.77,2494.817,3420.668,,,55.498,,,3392.26,,3305.68
2024,Monaco Grand Prix,8,Monaco,Monaco,0 days 01:39:03.025000,ALB,23,0 days 00:02:22.255000,2.0,2.0,0 days 01:36:41.722000,Alexander Albon,,0 days 00:00:26.143000,0 days 00:00:40.862000,0 days 00:01:15.250000,0 days 01:37:06.924000,0 days 01:37:47.786000,0 days 01:39:03.036000,173.0,181.0,118.0,260.0,False,HARD,1.0,True,Williams,0 days 01:36:40.770000,,41,9.0,False,,False,False,21.5,65.0,1018.9,False,48.1,9,0.8,True,False,True,False,False,False,+2.885,+0.186,2.885,0.186,5943.025,142.255,,5801.722,26.143,40.862,75.25,5826.924,5867.786,5943.036,5800.77
2024,Monaco Grand Prix,8,Monaco,Monaco,0 days 01:40:30.859000,ALB,23,0 days 00:01:27.834000,3.0,2.0,,Alexander Albon,,0 days 00:00:25.399000,0 days 00:00:39.935000,0 days 00:00:22.500000,0 days 01:39:28.435000,0 days 01:40:08.370000,0 days 01:40:30.870000,158.0,176.0,255.0,277.0,True,HARD,2.0,True,Williams,0 days 01:39:03.025000,,1,9.0,False,,False,True,21.6,65.0,1018.8,False,49.2,0,0.6,True,False,False,False,False,False,+6.095,+0.457,6.095,0.457,6030.859,87.834,,,25.399,39.935,22.5,5968.435,6008.37,6030.87,5943.025
2024,Monaco Grand Prix,8,Monaco,Monaco,0 days 01:41:54.145000,ALB,23,0 days 00:01:23.286000,4.0,2.0,,Alexander Albon,,0 days 00:00:21.826000,0 days 00:00:39.210000,0 days 00:00:22.250000,0 days 01:40:52.696000,0 days 01:41:31.906000,0 days 01:41:54.156000,181.0,166.0,263.0,278.0,True,HARD,3.0,True,Williams,0 days 01:40:30.859000,,1,9.0,False,,False,True,21.7,63.0,1018.9,False,49.2,0,0.6,True,False,False,False,False,False,+6.829,+0.475,6.829,0.475,6114.145,83.286,,,21.826,39.21,22.25,6052.696,6091.906,6114.156,6030.859
2024,Monaco Grand Prix,8,Monaco,Monaco,0 days 01:43:17.514000,ALB,23,0 days 00:01:23.369000,5.0,2.0,,Alexander Albon,,0 days 00:00:22.133000,0 days 00:00:39.122000,0 days 00:00:22.114000,0 days 01:42:16.289000,0 days 01:42:55.411000,0 days 01:43:17.525000,167.0,167.0,265.0,281.0,False,HARD,4.0,True,Williams,0 days 01:41:54.145000,,1,9.0,False,,False,True,21.7,63.0,1018.8,False,48.8,57,0.6,True,False,False,False,False,False,+8.330,+0.292,8.33,0.292,6197.514,83.369,,,22.133,39.122,22.114,6136.289,6175.411,6197.525,6114.145
2024,Monaco Grand Prix,8,Monaco,Monaco,0 days 01:44:40.930000,ALB,23,0 days 00:01:23.416000,6.0,2.0,,Alexander Albon,,0 days 00:00:22.168000,0 days 00:00:39.171000,0 days 00:00:22.077000,0 days 01:43:39.693000,0 days 01:44:18.864000,0 days 01:44:40.941000,172.0,175.0,261.0,274.0,False,HARD,5.0,True,Williams,0 days 01:43:17.514000,,1,9.0,False,,False,True,21.6,63.0,1018.8,False,48.2,0,1.0,True,False,False,False,False,False,+10.601,+0.484,10.601,0.484,6280.93,83.416,,,22.168,39.171,22.077,6219.693,6258.864,6280.941,6197.514
2024,Monaco Grand Prix,8,Monaco,Monaco,0 days 01:46:02.843000,ALB,23,0 days 00:01:21.913000,7.0,2.0,,Alexander Albon,,0 days 00:00:21.895000,0 days 00:00:38.406000,0 days 00:00:21.612000,0 days 01:45:02.836000,0 days 01:45:41.242000,0 days 01:46:02.854000,173.0,173.0,260.0,278.0,True,HARD,6.0,True,Williams,0 days 01:44:40.930000,,1,9.0,False,,False,True,21.8,64.0,1018.9,False,48.7,6,0.4,True,False,False,False,False,False,+11.534,+0.571,11.534,0.571,6362.843,81.913,,,21.895,38.406,21.612,6302.836,6341.242,6362.854,6280.93
2024,Monaco Grand Prix,8,Monaco,Monaco,0 days 01:47:24.379000,ALB,23,0 days 00:01:21.536000,8.0,2.0,,Alexander Albon,,0 days 00:00:21.711000,0 days 00:00:38.180000,0 days 00:00:21.645000,0 days 01:46:24.565000,0 days 01:47:02.745000,0 days 01:47:24.390000,178.0,174.0,250.0,279.0,True,HARD,7.0,True,Williams,0 days 01:46:02.843000,,1,9.0,False,,False,True,21.9,63.0,1018.9,False,47.9,253,0.9,True,False,False,False,False,False,+12.040,+0.456,12.04,0.456,6444.379,81.536,,,21.711,38.18,21.645,6384.565,6422.745,6444.39,6362.843
2024,Monaco Grand Prix,8,Monaco,Monaco,0 days 01:48:46.383000,ALB,23,0 days 00:01:22.004000,9.0,2.0,,Alexander Albon,,0 days 00:00:21.830000,0 days 00:00:38.449000,0 days 00:00:21.725000,0 days 01:47:46.220000,0 days 01:48:24.669000,0 days 01:48:46.394000,176.0,177.0,253.0,276.0,False,HARD,8.0,True,Williams,0 days 01:47:24.379000,,1,9.0,False,,False,True,22.0,64.0,1018.8,False,47.9,340,1.1,True,False,False,False,False,False,+13.964,+0.590,13.964,0.59,6526.383,82.004,,,21.83,38.449,21.725,6466.22,6504.669,6526.394,6444.379
2024,Monaco Grand Prix,8,Monaco,Monaco,0 days 01:50:07.945000,ALB,23,0 days 00:01:21.562000,10.0,2.0,,Alexander Albon,,0 days 00:00:21.790000,0 days 00:00:38.274000,0 days 00:00:21.498000,0 days 01:49:08.184000,0 days 01:49:46.458000,0 days 01:50:07.956000,181.0,175.0,264.0,276.0,False,HARD,9.0,True,Williams,0 days 01:48:46.383000,,1,9.0,False,,False,True,22.1,65.0,1018.8,False,47.4,289,0.7,True,False,False,False,False,False,+14.717,+0.535,14.717,0.535,6607.945,81.562,,,21.79,38.274,21.498,6548.184,6586.458,6607.956,6526.383
2024,Monaco Grand Prix,8,Monaco,Monaco,0 days 01:51:29.459000,ALB,23,0 days 00:01:21.514000,11.0,2.0,,Alexander Albon,,0 days 00:00:21.533000,0 days 00:00:38.313000,0 days 00:00:21.668000,0 days 01:50:29.489000,0 days 01:51:07.802000,0 days 01:51:29.470000,177.0,171.0,264.0,278.0,True,HARD,10.0,True,Williams,0 days 01:50:07.945000,,1,9.0,False,,False,True,22.2,61.0,1018.9,False,47.9,9,1.3,True,False,False,False,False,False,+15.185,+0.760,15.185,0.76,6689.459,81.514,,,21.533,38.313,21.668,6629.489,6667.802,6689.47,6607.945
2024,Monaco Grand Prix,8,Monaco,Monaco,0 days 01:52:50.280000,ALB,23,0 days 00:01:20.821000,12.0,2.0,,Alexander Albon,,0 days 00:00:21.144000,0 days 00:00:38.254000,0 days 00:00:21.423000,0 days 01:51:50.614000,0 days 01:52:28.868000,0 days 01:52:50.291000,177.0,177.0,264.0,278.0,True,HARD,11.0,True,Williams,0 days 01:51:29.459000,,1,9.0,False,,False,True,22.3,63.0,1018.8,False,47.3,2,0.6,True,False,False,False,False,False,+15.754,+0.492,15.754,0.492,6770.28,80.821,,,21.144,38.254,21.423,6710.614,6748.868,6770.291,6689.459
2024,Monaco Grand Prix,8,Monaco,Monaco,0 days 01:54:11.700000,ALB,23,0 days 00:01:21.420000,13.0,2.0,,Alexander Albon,,0 days 00:00:21.388000,0 days 00:00:38,0 days 00:00:22.032000,0 days 01:53:11.679000,0 days 01:53:49.679000,0 days 01:54:11.711000,174.0,174.0,256.0,278.0,False,HARD,12.0,True,Williams,0 days 01:52:50.280000,,1,9.0,False,,False,True,22.1,64.0,1018.8,False,47.2,208,1.2,True,False,False,False,False,False,+18.157,+1.230,18.157,1.23,6851.7,81.42,,,21.388,38.0,22.032,6791.679,6829.679,6851.711,6770.28
2024,Monaco Grand Prix,8,Monaco,Monaco,0 days 01:55:32.291000,ALB,23,0 days 00:01:20.591000,14.0,2.0,,Alexander Albon,,0 days 00:00:21.387000,0 days 00:00:37.838000,0 days 00:00:21.366000,0 days 01:54:33.098000,0 days 01:55:10.936000,0 days 01:55:32.302000,171.0,171.0,262.0,278.0,True,HARD,13.0,True,Williams,0 days 01:54:11.700000,,1,9.0,False,,False,True,22.0,63.0,1018.7,False,47.1,22,0.5,True,False,False,False,False,False,+18.835,+0.572,18.835,0.572,6932.291,80.591,,,21.387,37.838,21.366,6873.098,6910.936,6932.302,6851.7
2024,Monaco Grand Prix,8,Monaco,Monaco,0 days 01:56:52.882000,ALB,23,0 days 00:01:20.591000,15.0,2.0,,Alexander Albon,,0 days 00:00:21.041000,0 days 00:00:37.916000,0 days 00:00:21.634000,0 days 01:55:53.343000,0 days 01:56:31.259000,0 days 01:56:52.893000,189.0,162.0,256.0,279.0,False,HARD,14.0,True,Williams,0 days 01:55:32.291000,,1,9.0,False,,False,True,22.0,62.0,1018.8,False,47.1,351,1.1,True,False,False,False,False,False,+19.588,+1.064,19.588,1.064,7012.882,80.591,,,21.041,37.916,21.634,6953.343,6991.259,7012.893,6932.291
2024,Monaco Grand Prix,8,Monaco,Monaco,0 days 01:58:13.675000,ALB,23,0 days 00:01:20.793000,16.0,2.0,,Alexander Albon,,0 days 00:00:21.381000,0 days 00:00:38.071000,0 days 00:00:21.341000,0 days 01:57:14.274000,0 days 01:57:52.345000,0 days 01:58:13.686000,176.0,175.0,256.0,273.0,False,HARD,15.0,True,Williams,0 days 01:56:52.882000,,1,9.0,False,,False,True,22.0,64.0,1018.7,False,46.0,154,0.5,True,False,False,False,False,False,+20.205,+1.056,20.205,1.056,7093.675,80.793,,,21.381,38.071,21.341,7034.274,7072.345,7093.686,7012.882
2024,Monaco Grand Prix,8,Monaco,Monaco,0 days 01:59:34.812000,ALB,23,0 days 00:01:21.137000,17.0,2.0,,Alexander Albon,,0 days 00:00:21.234000,0 days 00:00:38.326000,0 days 00:00:21.577000,0 days 01:58:34.920000,0 days 01:59:13.246000,0 days 01:59:34.823000,177.0,170.0,255.0,272.0,False,HARD,16.0,True,Williams,0 days 01:58:13.675000,,1,9.0,False,,False,True,21.6,64.0,1018.7,False,46.7,38,1.1,True,False,False,False,False,False,+21.083,+1.812,21.083,1.812,7174.812,81.137,,,21.234,38.326,21.577,7114.92,7153.246,7174.823,7093.675
2024,Monaco Grand Prix,8,Monaco,Monaco,0 days 02:00:54.854000,ALB,23,0 days 00:01:20.042000,18.0,2.0,,Alexander Albon,,0 days 00:00:21.154000,0 days 00:00:37.654000,0 days 00:00:21.234000,0 days 01:59:55.977000,0 days 02:00:33.631000,0 days 02:00:54.865000,177.0,180.0,256.0,277.0,True,HARD,17.0,True,Williams,0 days 01:59:34.812000,,1,9.0,False,,False,True,21.7,63.0,1018.7,False,47.2,101,0.8,True,False,False,False,False,False,+21.545,+1.242,21.545,1.242,7254.854,80.042,,,21.154,37.654,21.234,7195.977,7233.631,7254.865,7174.812
2024,Monaco Grand Prix,8,Monaco,Monaco,0 days 02:02:15.099000,ALB,23,0 days 00:01:20.245000,19.0,2.0,,Alexander Albon,,0 days 00:00:21.250000,0 days 00:00:37.787000,0 days 00:00:21.208000,0 days 02:01:16.115000,0 days 02:01:53.902000,0 days 02:02:15.110000,185.0,174.0,257.0,275.0,False,HARD,18.0,True,Williams,0 days 02:00:54.854000,,1,9.0,False,,False,True,21.9,61.0,1018.8,False,46.6,36,1.3,True,False,False,False,False,False,+22.948,+0.717,22.948,0.717,7335.099,80.245,,,21.25,37.787,21.208,7276.115,7313.902,7335.11,7254.854
2024,Monaco Grand Prix,8,Monaco,Monaco,0 days 02:03:35.459000,ALB,23,0 days 00:01:20.360000,20.0,2.0,,Alexander Albon,,0 days 00:00:21.177000,0 days 00:00:37.505000,0 days 00:00:21.678000,0 days 02:02:36.287000,0 days 02:03:13.792000,0 days 02:03:35.470000,183.0,165.0,261.0,281.0,False,HARD,19.0,True,Williams,0 days 02:02:15.099000,,1,9.0,False,,False,True,21.9,62.0,1018.8,False,45.8,337,0.9,True,False,False,False,False,False,+24.584,+1.086,24.584,1.086,7415.459,80.36,,,21.177,37.505,21.678,7356.287,7393.792,7415.47,7335.099
2024,Monaco Grand Prix,8,Monaco,Monaco,0 days 02:04:56.396000,ALB,23,0 days 00:01:20.937000,21.0,2.0,,Alexander Albon,,0 days 00:00:21.465000,0 days 00:00:38.094000,0 days 00:00:21.378000,0 days 02:03:56.935000,0 days 02:04:35.029000,0 days 02:04:56.407000,183.0,174.0,257.0,274.0,False,HARD,20.0,True,Williams,0 days 02:03:35.459000,,1,9.0,False,,False,True,21.9,64.0,1018.7,False,45.8,0,1.3,True,False,False,False,False,False,+27.049,+1.466,27.049,1.466,7496.396,80.937,,,21.465,38.094,21.378,7436.935,7475.029,7496.407,7415.459
2024,Monaco Grand Prix,8,Monaco,Monaco,0 days 02:06:16.938000,ALB,23,0 days 00:01:20.542000,22.0,2.0,,Alexander Albon,,0 days 00:00:21.096000,0 days 00:00:38.036000,0 days 00:00:21.410000,0 days 02:05:17.503000,0 days 02:05:55.539000,0 days 02:06:16.949000,181.0,171.0,256.0,262.0,False,HARD,21.0,True,Williams,0 days 02:04:56.396000,,1,9.0,False,,False,True,21.8,65.0,1018.8,False,45.9,198,0.5,True,False,False,False,False,False,+28.971,+1.133,28.971,1.133,7576.938,80.542,,,21.096,38.036,21.41,7517.503,7555.539,7576.949,7496.396
2024,Monaco Grand Prix,8,Monaco,Monaco,0 days 02:07:37.081000,ALB,23,0 days 00:01:20.143000,23.0,2.0,,Alexander Albon,,0 days 00:00:21.170000,0 days 00:00:37.722000,0 days 00:00:21.251000,0 days 02:06:38.119000,0 days 02:07:15.841000,0 days 02:07:37.092000,180.0,172.0,262.0,272.0,False,HARD,22.0,True,Williams,0 days 02:06:16.938000,,1,9.0,False,,False,True,21.7,63.0,1018.7,False,46.1,356,1.1,True,False,False,False,False,False,+30.652,+0.921,30.652,0.921,7657.081,80.143,,,21.17,37.722,21.251,7598.119,7635.841,7657.092,7576.938
2024,Monaco Grand Prix,8,Monaco,Monaco,0 days 02:08:57.598000,ALB,23,0 days 00:01:20.517000,24.0,2.0,,Alexander Albon,,0 days 00:00:21.307000,0 days 00:00:37.772000,0 days 00:00:21.438000,0 days 02:07:58.399000,0 days 02:08:36.171000,0 days 02:08:57.609000,179.0,172.0,257.0,271.0,False,HARD,23.0,True,Williams,0 days 02:07:37.081000,,1,9.0,False,,False,True,21.8,64.0,1018.7,False,46.3,272,1.4,True,False,False,False,False,False,+32.425,+1.058,32.425,1.058,7737.598,80.517,,,21.307,37.772,21.438,7678.399,7716.171,7737.609,7657.081
2024,Monaco Grand Prix,8,Monaco,Monaco,0 days 02:10:17.921000,ALB,23,0 days 00:01:20.323000,25.0,2.0,,Alexander Albon,,0 days 00:00:21.153000,0 days 00:00:37.773000,0 days 00:00:21.397000,0 days 02:09:18.762000,0 days 02:09:56.535000,0 days 02:10:17.932000,186.0,174.0,256.0,276.0,False,HARD,24.0,True,Williams,0 days 02:08:57.598000,,1,9.0,False,,False,True,21.7,62.0,1018.6,False,45.7,325,1.3,True,False,False,False,False,False,+33.787,+1.062,33.787,1.062,7817.921,80.323,,,21.153,37.773,21.397,7758.762,7796.535,7817.932,7737.598
2024,Monaco Grand Prix,8,Monaco,Monaco,0 days 02:11:38.384000,ALB,23,0 days 00:01:20.463000,26.0,2.0,,Alexander Albon,,0 days 00:00:21.302000,0 days 00:00:37.698000,0 days 00:00:21.463000,0 days 02:10:39.234000,0 days 02:11:16.932000,0 days 02:11:38.395000,183.0,175.0,256.0,275.0,False,HARD,25.0,True,Williams,0 days 02:10:17.921000,,1,9.0,False,,False,True,21.8,64.0,1018.5,False,46.0,23,0.7,True,False,False,False,False,False,+35.816,+0.966,35.816,0.966,7898.384,80.463,,,21.302,37.698,21.463,7839.234,7876.932,7898.395,7817.921
2024,Monaco Grand Prix,8,Monaco,Monaco,0 days 02:12:58.893000,ALB,23,0 days 00:01:20.509000,27.0,2.0,,Alexander Albon,,0 days 00:00:21.314000,0 days 00:00:37.738000,0 days 00:00:21.457000,0 days 02:11:59.709000,0 days 02:12:37.447000,0 days 02:12:58.904000,180.0,170.0,256.0,277.0,False,HARD,26.0,True,Williams,0 days 02:11:38.384000,,1,9.0,False,,False,True,21.9,63.0,1018.6,False,46.0,296,0.6,True,False,False,False,False,False,+37.944,+1.353,37.944,1.353,7978.893,80.509,,,21.314,37.738,21.457,7919.709,7957.447,7978.904,7898.384
2024,Monaco Grand Prix,8,Monaco,Monaco,0 days 02:14:18.403000,ALB,23,0 days 00:01:19.510000,28.0,2.0,,Alexander Albon,,0 days 00:00:21.281000,0 days 00:00:37.151000,0 days 00:00:21.078000,0 days 02:13:20.185000,0 days 02:13:57.336000,0 days 02:14:18.414000,191.0,179.0,263.0,278.0,True,HARD,27.0,True,Williams,0 days 02:12:58.893000,,1,9.0,False,,False,True,22.0,63.0,1018.5,False,45.6,215,1.7,True,False,False,False,False,False,+38.774,+0.515,38.774,0.515,8058.403,79.51,,,21.281,37.151,21.078,8000.185,8037.336,8058.414,7978.893
2024,Monaco Grand Prix,8,Monaco,Monaco,0 days 02:15:38.674000,ALB,23,0 days 00:01:20.271000,29.0,2.0,,Alexander Albon,,0 days 00:00:21.124000,0 days 00:00:37.342000,0 days 00:00:21.805000,0 days 02:14:39.538000,0 days 02:15:16.880000,0 days 02:15:38.685000,186.0,183.0,253.0,278.0,False,HARD,28.0,True,Williams,0 days 02:14:18.403000,,1,9.0,False,,False,True,22.0,62.0,1018.5,False,45.9,220,0.9,True,False,False,False,False,False,+39.992,+0.949,39.992,0.949,8138.674,80.271,,,21.124,37.342,21.805,8079.538,8116.88,8138.685,8058.403
2024,Monaco Grand Prix,8,Monaco,Monaco,0 days 02:17:00.113000,ALB,23,0 days 00:01:21.439000,30.0,2.0,,Alexander Albon,,0 days 00:00:21.906000,0 days 00:00:38.215000,0 days 00:00:21.318000,0 days 02:16:00.591000,0 days 02:16:38.806000,0 days 02:17:00.124000,186.0,174.0,255.0,272.0,False,HARD,29.0,True,Williams,0 days 02:15:38.674000,,1,9.0,False,,False,True,22.0,61.0,1018.6,False,46.4,265,0.6,True,False,False,False,False,False,+41.496,+1.893,41.496,1.893,8220.113,81.439,,,21.906,38.215,21.318,8160.591,8198.806,8220.124,8138.674
2024,Monaco Grand Prix,8,Monaco,Monaco,0 days 02:18:21.054000,ALB,23,0 days 00:01:20.941000,31.0,2.0,,Alexander Albon,,0 days 00:00:21.376000,0 days 00:00:37.952000,0 days 00:00:21.613000,0 days 02:17:21.500000,0 days 02:17:59.452000,0 days 02:18:21.065000,188.0,173.0,255.0,275.0,False,HARD,30.0,True,Williams,0 days 02:17:00.113000,,1,9.0,False,,False,True,22.0,61.0,1018.6,False,45.5,237,0.9,True,False,False,False,False,False,+44.044,+2.644,44.044,2.644,8301.054,80.941,,,21.376,37.952,21.613,8241.5,8279.452,8301.065,8220.113
2024,Monaco Grand Prix,8,Monaco,Monaco,0 days 02:19:41.202000,ALB,23,0 days 00:01:20.148000,32.0,2.0,,Alexander Albon,,0 days 00:00:21.103000,0 days 00:00:37.794000,0 days 00:00:21.251000,0 days 02:18:42.168000,0 days 02:19:19.962000,0 days 02:19:41.213000,189.0,175.0,257.0,276.0,False,HARD,31.0,True,Williams,0 days 02:18:21.054000,,1,9.0,False,,False,True,21.9,62.0,1018.5,False,45.6,245,1.0,True,False,False,False,False,False,+45.067,+1.769,45.067,1.769,8381.202,80.148,,,21.103,37.794,21.251,8322.168,8359.962,8381.213,8301.054
2024,Monaco Grand Prix,8,Monaco,Monaco,0 days 02:21:00.693000,ALB,23,0 days 00:01:19.491000,33.0,2.0,,Alexander Albon,,0 days 00:00:21.117000,0 days 00:00:37.286000,0 days 00:00:21.088000,0 days 02:20:02.330000,0 days 02:20:39.616000,0 days 02:21:00.704000,186.0,181.0,264.0,276.0,True,HARD,32.0,True,Williams,0 days 02:19:41.202000,,1,9.0,False,,False,True,21.9,62.0,1018.6,False,45.9,269,0.9,True,False,False,False,False,False,+46.064,+0.511,46.064,0.511,8460.693,79.491,,,21.117,37.286,21.088,8402.33,8439.616,8460.704,8381.202
2024,Monaco Grand Prix,8,Monaco,Monaco,0 days 02:22:19.827000,ALB,23,0 days 00:01:19.134000,34.0,2.0,,Alexander Albon,,0 days 00:00:21.073000,0 days 00:00:37.168000,0 days 00:00:20.893000,0 days 02:21:21.777000,0 days 02:21:58.945000,0 days 02:22:19.838000,190.0,183.0,265.0,278.0,True,HARD,33.0,True,Williams,0 days 02:21:00.693000,,1,9.0,False,,False,True,22.0,62.0,1018.6,False,45.1,0,0.9,True,False,False,False,False,False,+45.879,+0.492,45.879,0.492,8539.827,79.134,,,21.073,37.168,20.893,8481.777,8518.945,8539.838,8460.693
2024,Monaco Grand Prix,8,Monaco,Monaco,0 days 02:23:38.643000,ALB,23,0 days 00:01:18.816000,35.0,2.0,,Alexander Albon,,0 days 00:00:20.981000,0 days 00:00:36.918000,0 days 00:00:20.917000,0 days 02:22:40.819000,0 days 02:23:17.737000,0 days 02:23:38.654000,190.0,182.0,266.0,278.0,True,HARD,34.0,True,Williams,0 days 02:22:19.827000,,1,9.0,False,,False,True,21.9,65.0,1018.6,False,44.5,358,0.6,True,False,False,False,False,False,+46.165,+0.335,46.165,0.335,8618.643,78.816,,,20.981,36.918,20.917,8560.819,8597.737,8618.654,8539.827
2024,Monaco Grand Prix,8,Monaco,Monaco,0 days 02:25:00.271000,ALB,23,0 days 00:01:21.628000,36.0,2.0,,Alexander Albon,,0 days 00:00:21.372000,0 days 00:00:38.669000,0 days 00:00:21.587000,0 days 02:24:00.026000,0 days 02:24:38.695000,0 days 02:25:00.282000,180.0,172.0,255.0,273.0,False,HARD,35.0,True,Williams,0 days 02:23:38.643000,,1,9.0,False,,False,True,21.8,64.0,1018.5,False,44.4,234,1.2,True,False,False,False,False,False,+49.040,+2.541,49.04,2.541,8700.271,81.628,,,21.372,38.669,21.587,8640.026,8678.695,8700.282,8618.643
2024,Monaco Grand Prix,8,Monaco,Monaco,0 days 02:26:21.046000,ALB,23,0 days 00:01:20.775000,37.0,2.0,,Alexander Albon,,0 days 00:00:21.591000,0 days 00:00:37.967000,0 days 00:00:21.217000,0 days 02:25:21.873000,0 days 02:25:59.840000,0 days 02:26:21.057000,189.0,175.0,256.0,275.0,False,HARD,36.0,True,Williams,0 days 02:25:00.271000,,1,9.0,False,,False,True,21.8,63.0,1018.5,False,44.5,271,1.0,True,False,False,False,False,False,+50.954,+3.195,50.954,3.195,8781.046,80.775,,,21.591,37.967,21.217,8721.873,8759.84,8781.057,8700.271
2024,Monaco Grand Prix,8,Monaco,Monaco,0 days 02:27:41.360000,ALB,23,0 days 00:01:20.314000,38.0,2.0,,Alexander Albon,,0 days 00:00:21.152000,0 days 00:00:37.677000,0 days 00:00:21.485000,0 days 02:26:42.209000,0 days 02:27:19.886000,0 days 02:27:41.371000,187.0,168.0,256.0,276.0,False,HARD,37.0,True,Williams,0 days 02:26:21.046000,,1,9.0,False,,False,True,21.8,62.0,1018.6,False,44.8,169,0.7,True,False,False,False,False,False,+52.740,+3.392,52.74,3.392,8861.36,80.314,,,21.152,37.677,21.485,8802.209,8839.886,8861.371,8781.046
2024,Monaco Grand Prix,8,Monaco,Monaco,0 days 02:29:01.749000,ALB,23,0 days 00:01:20.389000,39.0,2.0,,Alexander Albon,,0 days 00:00:21.367000,0 days 00:00:37.774000,0 days 00:00:21.248000,0 days 02:28:02.738000,0 days 02:28:40.512000,0 days 02:29:01.760000,190.0,175.0,256.0,275.0,False,HARD,38.0,True,Williams,0 days 02:27:41.360000,,1,9.0,False,,False,True,21.8,62.0,1018.6,False,44.7,0,0.5,True,False,False,False,False,False,+54.948,+3.926,54.948,3.926,8941.749,80.389,,,21.367,37.774,21.248,8882.738,8920.512,8941.76,8861.36
2024,Monaco Grand Prix,8,Monaco,Monaco,0 days 02:30:21.561000,ALB,23,0 days 00:01:19.812000,40.0,2.0,,Alexander Albon,,0 days 00:00:20.846000,0 days 00:00:37.656000,0 days 00:00:21.310000,0 days 02:29:22.606000,0 days 02:30:00.262000,0 days 02:30:21.572000,195.0,166.0,257.0,275.0,False,HARD,39.0,True,Williams,0 days 02:29:01.749000,,1,9.0,False,,False,True,22.0,60.0,1018.5,False,44.4,111,0.8,True,False,False,False,False,False,+56.027,+3.993,56.027,3.993,9021.561,79.812,,,20.846,37.656,21.31,8962.606,9000.262,9021.572,8941.749
2024,Monaco Grand Prix,8,Monaco,Monaco,0 days 02:31:40.890000,ALB,23,0 days 00:01:19.329000,41.0,2.0,,Alexander Albon,,0 days 00:00:20.972000,0 days 00:00:37.375000,0 days 00:00:20.982000,0 days 02:30:42.544000,0 days 02:31:19.919000,0 days 02:31:40.901000,192.0,178.0,256.0,275.0,False,HARD,40.0,True,Williams,0 days 02:30:21.561000,,1,9.0,False,,False,True,22.0,62.0,1018.4,False,44.4,30,0.5,True,False,False,False,False,False,+56.662,+2.550,56.662,2.55,9100.89,79.329,,,20.972,37.375,20.982,9042.544,9079.919,9100.901,9021.561
2024,Monaco Grand Prix,8,Monaco,Monaco,0 days 02:33:00.974000,ALB,23,0 days 00:01:20.084000,42.0,2.0,,Alexander Albon,,0 days 00:00:21.403000,0 days 00:00:37.569000,0 days 00:00:21.112000,0 days 02:32:02.304000,0 days 02:32:39.873000,0 days 02:33:00.985000,188.0,176.0,256.0,276.0,False,HARD,41.0,True,Williams,0 days 02:31:40.890000,,1,9.0,False,,False,True,21.9,61.0,1018.5,False,44.7,0,0.5,True,False,False,False,False,False,+57.469,+2.314,57.469,2.314,9180.974,80.084,,,21.403,37.569,21.112,9122.304,9159.873,9180.985,9100.89
2024,Monaco Grand Prix,8,Monaco,Monaco,0 days 02:34:20.470000,ALB,23,0 days 00:01:19.496000,43.0,2.0,,Alexander Albon,,0 days 00:00:21.022000,0 days 00:00:37.395000,0 days 00:00:21.079000,0 days 02:33:22.007000,0 days 02:33:59.402000,0 days 02:34:20.481000,192.0,177.0,256.0,276.0,False,HARD,42.0,True,Williams,0 days 02:33:00.974000,,1,9.0,False,,False,True,21.9,59.0,1018.6,False,44.8,227,1.0,True,False,False,False,False,False,+59.100,+1.675,59.1,1.675,9260.47,79.496,,,21.022,37.395,21.079,9202.007,9239.402,9260.481,9180.974
2024,Monaco Grand Prix,8,Monaco,Monaco,0 days 02:35:40.153000,ALB,23,0 days 00:01:19.683000,44.0,2.0,,Alexander Albon,,0 days 00:00:21.013000,0 days 00:00:37.472000,0 days 00:00:21.198000,0 days 02:34:41.494000,0 days 02:35:18.966000,0 days 02:35:40.164000,194.0,174.0,257.0,276.0,False,HARD,43.0,True,Williams,0 days 02:34:20.470000,,1,9.0,False,,False,True,22.0,58.0,1018.5,False,44.5,192,0.5,True,False,False,False,False,False,+60.507,+0.964,60.507,0.964,9340.153,79.683,,,21.013,37.472,21.198,9281.494,9318.966,9340.164,9260.47
2024,Monaco Grand Prix,8,Monaco,Monaco,0 days 02:37:01.901000,ALB,23,0 days 00:01:21.748000,45.0,2.0,,Alexander Albon,,0 days 00:00:21.867000,0 days 00:00:37.986000,0 days 00:00:21.895000,0 days 02:36:02.031000,0 days 02:36:40.017000,0 days 02:37:01.912000,181.0,170.0,255.0,275.0,False,HARD,44.0,True,Williams,0 days 02:35:40.153000,,1,9.0,False,,False,True,22.0,58.0,1018.5,False,44.2,206,0.8,True,False,False,False,False,False,+63.714,+2.568,63.714,2.568,9421.901,81.748,,,21.867,37.986,21.895,9362.031,9400.017,9421.912,9340.153
2024,Monaco Grand Prix,8,Monaco,Monaco,0 days 02:38:22.495000,ALB,23,0 days 00:01:20.594000,46.0,2.0,,Alexander Albon,,0 days 00:00:21.380000,0 days 00:00:37.939000,0 days 00:00:21.275000,0 days 02:37:23.292000,0 days 02:38:01.231000,0 days 02:38:22.506000,181.0,178.0,256.0,275.0,False,HARD,45.0,True,Williams,0 days 02:37:01.901000,,1,9.0,False,,False,True,22.0,58.0,1018.4,False,44.5,276,1.8,True,False,False,False,False,False,+65.741,+2.868,65.741,2.868,9502.495,80.594,,,21.38,37.939,21.275,9443.292,9481.231,9502.506,9421.901
2024,Monaco Grand Prix,8,Monaco,Monaco,0 days 02:39:42.957000,ALB,23,0 days 00:01:20.462000,47.0,2.0,,Alexander Albon,,0 days 00:00:21.142000,0 days 00:00:37.705000,0 days 00:00:21.615000,0 days 02:38:43.648000,0 days 02:39:21.353000,0 days 02:39:42.968000,192.0,172.0,256.0,274.0,False,HARD,46.0,True,Williams,0 days 02:38:22.495000,,1,9.0,False,,False,True,22.0,57.0,1018.5,False,43.8,205,0.7,True,False,False,False,False,False,+67.018,+2.904,67.018,2.904,9582.957,80.462,,,21.142,37.705,21.615,9523.648,9561.353,9582.968,9502.495
2024,Monaco Grand Prix,8,Monaco,Monaco,0 days 02:41:02.278000,ALB,23,0 days 00:01:19.321000,48.0,2.0,,Alexander Albon,,0 days 00:00:20.659000,0 days 00:00:37.436000,0 days 00:00:21.226000,0 days 02:40:03.627000,0 days 02:40:41.063000,0 days 02:41:02.289000,199.0,175.0,256.0,275.0,False,HARD,47.0,True,Williams,0 days 02:39:42.957000,,1,9.0,False,,False,True,22.0,58.0,1018.4,False,43.8,218,1.1,True,False,False,False,False,False,+68.398,+1.682,68.398,1.682,9662.278,79.321,,,20.659,37.436,21.226,9603.627,9641.063,9662.289,9582.957
2024,Monaco Grand Prix,8,Monaco,Monaco,0 days 02:42:21.656000,ALB,23,0 days 00:01:19.378000,49.0,2.0,,Alexander Albon,,0 days 00:00:20.802000,0 days 00:00:37.344000,0 days 00:00:21.232000,0 days 02:41:23.091000,0 days 02:42:00.435000,0 days 02:42:21.667000,201.0,176.0,257.0,277.0,False,HARD,48.0,True,Williams,0 days 02:41:02.278000,,1,9.0,False,,False,True,21.9,58.0,1018.5,False,43.7,354,1.0,True,False,False,False,False,False,+69.270,+0.951,69.27,0.951,9741.656,79.378,,,20.802,37.344,21.232,9683.091,9720.435,9741.667,9662.278
2024,Monaco Grand Prix,8,Monaco,Monaco,0 days 02:43:40.924000,ALB,23,0 days 00:01:19.268000,50.0,2.0,,Alexander Albon,,0 days 00:00:20.949000,0 days 00:00:37.161000,0 days 00:00:21.158000,0 days 02:42:42.616000,0 days 02:43:19.777000,0 days 02:43:40.935000,197.0,177.0,266.0,278.0,False,HARD,49.0,True,Williams,0 days 02:42:21.656000,,1,9.0,False,,False,True,21.9,58.0,1018.5,False,43.7,89,1.1,True,False,False,False,False,False,+70.353,+0.666,70.353,0.666,9820.924,79.268,,,20.949,37.161,21.158,9762.616,9799.777,9820.935,9741.656
2024,Monaco Grand Prix,8,Monaco,Monaco,0 days 02:44:59.787000,ALB,23,0 days 00:01:18.863000,51.0,2.0,,Alexander Albon,,0 days 00:00:20.820000,0 days 00:00:36.923000,0 days 00:00:21.120000,0 days 02:44:01.755000,0 days 02:44:38.678000,0 days 02:44:59.798000,195.0,177.0,263.0,278.0,False,HARD,50.0,True,Williams,0 days 02:43:40.924000,,1,9.0,False,,False,True,21.8,58.0,1018.6,False,43.0,200,0.7,True,False,False,False,False,False,+71.335,+1.034,71.335,1.034,9899.787,78.863,,,20.82,36.923,21.12,9841.755,9878.678,9899.798,9820.924
2024,Monaco Grand Prix,8,Monaco,Monaco,0 days 02:46:21.341000,ALB,23,0 days 00:01:21.554000,52.0,2.0,,Alexander Albon,,0 days 00:00:21.830000,0 days 00:00:38.223000,0 days 00:00:21.501000,0 days 02:45:21.628000,0 days 02:45:59.851000,0 days 02:46:21.352000,173.0,173.0,256.0,275.0,False,HARD,51.0,True,Williams,0 days 02:44:59.787000,,12,9.0,False,,False,True,21.9,58.0,1018.5,False,43.2,321,0.8,True,True,False,False,False,False,+74.669,+2.329,74.669,2.329,9981.341,81.554,,,21.83,38.223,21.501,9921.628,9959.851,9981.352,9899.787
2024,Monaco Grand Prix,8,Monaco,Monaco,0 days 02:47:42.041000,ALB,23,0 days 00:01:20.700000,53.0,2.0,,Alexander Albon,,0 days 00:00:21.025000,0 days 00:00:37.229000,0 days 00:00:22.446000,0 days 02:46:42.377000,0 days 02:47:19.606000,0 days 02:47:42.052000,191.0,176.0,162.0,276.0,False,HARD,52.0,True,Williams,0 days 02:46:21.341000,,1,9.0,False,,False,True,21.9,59.0,1018.6,False,43.0,228,1.1,True,False,False,False,False,False,+76.477,+2.296,76.477,2.296,10062.041,80.7,,,21.025,37.229,22.446,10002.377,10039.606,10062.052,9981.341
2024,Monaco Grand Prix,8,Monaco,Monaco,0 days 02:49:05.688000,ALB,23,0 days 00:01:23.647000,54.0,2.0,,Alexander Albon,,0 days 00:00:23.983000,0 days 00:00:38.443000,0 days 00:00:21.221000,0 days 02:48:06.035000,0 days 02:48:44.478000,0 days 02:49:05.699000,105.0,183.0,260.0,280.0,False,HARD,53.0,True,Williams,0 days 02:47:42.041000,,1,9.0,False,,False,True,21.9,59.0,1018.4,False,42.8,236,1.4,True,False,False,False,False,False,1 L,+1.052,,1.052,10145.688,83.647,,,23.983,38.443,21.221,10086.035,10124.478,10145.699,10062.041
2024,Monaco Grand Prix,8,Monaco,Monaco,0 days 02:50:24.773000,ALB,23,0 days 00:01:19.085000,55.0,2.0,,Alexander Albon,,0 days 00:00:20.976000,0 days 00:00:37.269000,0 days 00:00:20.840000,0 days 02:49:26.675000,0 days 02:50:03.944000,0 days 02:50:24.784000,185.0,179.0,268.0,282.0,False,HARD,54.0,True,Williams,0 days 02:49:05.688000,,1,9.0,False,,False,True,21.7,60.0,1018.4,False,42.4,59,0.9,True,False,False,False,False,False,1 L,+0.356,,0.356,10224.773,79.085,,,20.976,37.269,20.84,10166.675,10203.944,10224.784,10145.688
2024,Monaco Grand Prix,8,Monaco,Monaco,0 days 02:51:43.569000,ALB,23,0 days 00:01:18.796000,56.0,2.0,,Alexander Albon,,0 days 00:00:20.794000,0 days 00:00:36.963000,0 days 00:00:21.039000,0 days 02:50:45.578000,0 days 02:51:22.541000,0 days 02:51:43.580000,193.0,181.0,266.0,283.0,True,HARD,55.0,True,Williams,0 days 02:50:24.773000,,1,9.0,False,,False,True,21.6,60.0,1018.4,False,42.2,140,0.8,True,False,False,False,False,False,1 L,+0.650,,0.65,10303.569,78.796,,,20.794,36.963,21.039,10245.578,10282.541,10303.58,10224.773
2024,Monaco Grand Prix,8,Monaco,Monaco,0 days 02:53:01.840000,ALB,23,0 days 00:01:18.271000,57.0,2.0,,Alexander Albon,,0 days 00:00:20.807000,0 days 00:00:36.602000,0 days 00:00:20.862000,0 days 02:52:04.387000,0 days 02:52:40.989000,0 days 02:53:01.851000,191.0,184.0,267.0,281.0,True,HARD,56.0,True,Williams,0 days 02:51:43.569000,,1,9.0,False,,False,True,21.7,59.0,1018.5,False,42.4,0,0.6,True,False,False,False,False,False,1 L,+0.563,,0.563,10381.84,78.271,,,20.807,36.602,20.862,10324.387,10360.989,10381.851,10303.569
2024,Monaco Grand Prix,8,Monaco,Monaco,0 days 02:54:20.530000,ALB,23,0 days 00:01:18.690000,58.0,2.0,,Alexander Albon,,0 days 00:00:20.834000,0 days 00:00:36.768000,0 days 00:00:21.088000,0 days 02:53:22.685000,0 days 02:53:59.453000,0 days 02:54:20.541000,196.0,181.0,266.0,281.0,False,HARD,57.0,True,Williams,0 days 02:53:01.840000,,1,9.0,False,,False,True,21.6,61.0,1018.4,False,41.9,9,1.1,True,False,False,False,False,False,1 L,+0.375,,0.375,10460.53,78.69,,,20.834,36.768,21.088,10402.685,10439.453,10460.541,10381.84
2024,Monaco Grand Prix,8,Monaco,Monaco,0 days 02:55:38.731000,ALB,23,0 days 00:01:18.201000,59.0,2.0,,Alexander Albon,,0 days 00:00:20.670000,0 days 00:00:36.641000,0 days 00:00:20.890000,0 days 02:54:41.211000,0 days 02:55:17.852000,0 days 02:55:38.742000,191.0,183.0,265.0,280.0,True,HARD,58.0,True,Williams,0 days 02:54:20.530000,,1,9.0,False,,False,True,21.5,61.0,1018.5,False,42.3,284,0.5,True,False,False,False,False,False,1 L,+0.541,,0.541,10538.731,78.201,,,20.67,36.641,20.89,10481.211,10517.852,10538.742,10460.53
2024,Monaco Grand Prix,8,Monaco,Monaco,0 days 02:56:58.264000,ALB,23,0 days 00:01:19.533000,60.0,2.0,,Alexander Albon,,0 days 00:00:21.272000,0 days 00:00:37.010000,0 days 00:00:21.251000,0 days 02:56:00.014000,0 days 02:56:37.024000,0 days 02:56:58.275000,195.0,181.0,265.0,279.0,False,HARD,59.0,True,Williams,0 days 02:55:38.731000,,1,9.0,False,,False,True,21.6,60.0,1018.4,False,42.3,222,0.6,True,False,False,False,False,False,1 L,+0.415,,0.415,10618.264,79.533,,,21.272,37.01,21.251,10560.014,10597.024,10618.275,10538.731
2024,Monaco Grand Prix,8,Monaco,Monaco,0 days 02:58:18.486000,ALB,23,0 days 00:01:20.222000,61.0,2.0,,Alexander Albon,,0 days 00:00:21.459000,0 days 00:00:37.387000,0 days 00:00:21.376000,0 days 02:57:19.734000,0 days 02:57:57.121000,0 days 02:58:18.497000,186.0,180.0,266.0,278.0,False,HARD,60.0,True,Williams,0 days 02:56:58.264000,,1,9.0,False,,False,True,21.8,59.0,1018.4,False,42.0,264,1.2,True,False,False,False,False,False,1 L,+0.471,,0.471,10698.486,80.222,,,21.459,37.387,21.376,10639.734,10677.121,10698.497,10618.264
2024,Monaco Grand Prix,8,Monaco,Monaco,0 days 02:59:37.992000,ALB,23,0 days 00:01:19.506000,62.0,2.0,,Alexander Albon,,0 days 00:00:21.112000,0 days 00:00:36.897000,0 days 00:00:21.497000,0 days 02:58:39.609000,0 days 02:59:16.506000,0 days 02:59:38.003000,190.0,180.0,189.0,278.0,False,HARD,61.0,True,Williams,0 days 02:58:18.486000,,1,9.0,False,,False,True,22.0,60.0,1018.5,False,42.0,284,0.8,True,False,False,False,False,False,1 L,+0.470,,0.47,10777.992,79.506,,,21.112,36.897,21.497,10719.609,10756.506,10778.003,10698.486
2024,Monaco Grand Prix,8,Monaco,Monaco,0 days 03:01:01.077000,ALB,23,0 days 00:01:23.085000,63.0,2.0,,Alexander Albon,,0 days 00:00:23.087000,0 days 00:00:38.494000,0 days 00:00:21.504000,0 days 03:00:01.090000,0 days 03:00:39.584000,0 days 03:01:01.088000,176.0,170.0,266.0,275.0,False,HARD,62.0,True,Williams,0 days 02:59:37.992000,,1,9.0,False,,False,True,21.9,60.0,1018.3,False,41.2,47,0.8,True,False,False,False,False,False,1 L,+0.337,,0.337,10861.077,83.085,,,23.087,38.494,21.504,10801.09,10839.584,10861.088,10777.992
2024,Monaco Grand Prix,8,Monaco,Monaco,0 days 03:02:18.988000,ALB,23,0 days 00:01:17.911000,64.0,2.0,,Alexander Albon,,0 days 00:00:20.612000,0 days 00:00:36.632000,0 days 00:00:20.667000,0 days 03:01:21.700000,0 days 03:01:58.332000,0 days 03:02:18.999000,197.0,186.0,265.0,279.0,True,HARD,63.0,True,Williams,0 days 03:01:01.077000,,1,9.0,False,,False,True,21.9,59.0,1018.4,False,41.7,283,1.2,True,False,False,False,False,False,1 L,+0.617,,0.617,10938.988,77.911,,,20.612,36.632,20.667,10881.7,10918.332,10938.999,10861.077
2024,Monaco Grand Prix,8,Monaco,Monaco,0 days 03:03:36.249000,ALB,23,0 days 00:01:17.261000,65.0,2.0,,Alexander Albon,,0 days 00:00:20.443000,0 days 00:00:36.207000,0 days 00:00:20.611000,0 days 03:02:39.442000,0 days 03:03:15.649000,0 days 03:03:36.260000,197.0,186.0,265.0,279.0,True,HARD,64.0,True,Williams,0 days 03:02:18.988000,,1,9.0,False,,False,True,22.0,59.0,1018.3,False,41.7,325,1.7,True,False,False,False,False,False,1 L,+0.859,,0.859,11016.249,77.261,,,20.443,36.207,20.611,10959.442,10995.649,11016.26,10938.988
2024,Monaco Grand Prix,8,Monaco,Monaco,0 days 03:04:54.252000,ALB,23,0 days 00:01:18.003000,66.0,2.0,,Alexander Albon,,0 days 00:00:20.553000,0 days 00:00:36.639000,0 days 00:00:20.811000,0 days 03:03:56.813000,0 days 03:04:33.452000,0 days 03:04:54.263000,200.0,184.0,258.0,279.0,False,HARD,65.0,True,Williams,0 days 03:03:36.249000,,1,9.0,False,,False,True,22.0,60.0,1018.3,False,41.6,58,1.0,True,False,False,False,False,False,1 L,+0.665,,0.665,11094.252,78.003,,,20.553,36.639,20.811,11036.813,11073.452,11094.263,11016.249
2024,Monaco Grand Prix,8,Monaco,Monaco,0 days 03:06:12.126000,ALB,23,0 days 00:01:17.874000,67.0,2.0,,Alexander Albon,,0 days 00:00:20.674000,0 days 00:00:36.417000,0 days 00:00:20.783000,0 days 03:05:14.937000,0 days 03:05:51.354000,0 days 03:06:12.137000,197.0,183.0,268.0,280.0,False,HARD,66.0,True,Williams,0 days 03:04:54.252000,,1,9.0,False,,False,True,21.8,60.0,1018.4,False,40.9,14,0.7,True,False,False,False,False,False,1 L,+0.391,,0.391,11172.126,77.874,,,20.674,36.417,20.783,11114.937,11151.354,11172.137,11094.252
2024,Monaco Grand Prix,8,Monaco,Monaco,0 days 03:07:30.511000,ALB,23,0 days 00:01:18.385000,68.0,2.0,,Alexander Albon,,0 days 00:00:20.686000,0 days 00:00:36.629000,0 days 00:00:21.070000,0 days 03:06:32.823000,0 days 03:07:09.452000,0 days 03:07:30.522000,198.0,183.0,264.0,281.0,False,HARD,67.0,True,Williams,0 days 03:06:12.126000,,1,9.0,False,,False,True,21.8,60.0,1018.5,False,41.6,224,0.8,True,False,False,False,False,False,1 L,+0.644,,0.644,11250.511,78.385,,,20.686,36.629,21.07,11192.823,11229.452,11250.522,11172.126
2024,Monaco Grand Prix,8,Monaco,Monaco,0 days 03:08:50.432000,ALB,23,0 days 00:01:19.921000,69.0,2.0,,Alexander Albon,,0 days 00:00:21.155000,0 days 00:00:37.550000,0 days 00:00:21.216000,0 days 03:07:51.677000,0 days 03:08:29.227000,0 days 03:08:50.443000,177.0,181.0,267.0,280.0,False,HARD,68.0,True,Williams,0 days 03:07:30.511000,,1,9.0,False,,False,True,21.8,60.0,1018.4,False,41.6,209,1.0,True,False,False,False,False,False,1 L,+0.456,,0.456,11330.432,79.921,,,21.155,37.55,21.216,11271.677,11309.227,11330.443,11250.511
2024,Monaco Grand Prix,8,Monaco,Monaco,0 days 03:10:09.802000,ALB,23,0 days 00:01:19.370000,70.0,2.0,,Alexander Albon,,0 days 00:00:21.093000,0 days 00:00:37.058000,0 days 00:00:21.219000,0 days 03:09:11.536000,0 days 03:09:48.594000,0 days 03:10:09.813000,190.0,178.0,267.0,280.0,False,HARD,69.0,True,Williams,0 days 03:08:50.432000,,1,9.0,False,,False,True,21.7,60.0,1018.4,False,41.1,0,0.4,True,False,False,False,False,False,1 L,+0.479,,0.479,11409.802,79.37,,,21.093,37.058,21.219,11351.536,11388.594,11409.813,11330.432
2024,Monaco Grand Prix,8,Monaco,Monaco,0 days 03:11:28.759000,ALB,23,0 days 00:01:18.957000,71.0,2.0,,Alexander Albon,,0 days 00:00:21.071000,0 days 00:00:37.128000,0 days 00:00:20.758000,0 days 03:10:30.884000,0 days 03:11:08.012000,0 days 03:11:28.770000,197.0,184.0,259.0,279.0,False,HARD,70.0,True,Williams,0 days 03:10:09.802000,,1,9.0,False,,False,True,21.6,62.0,1018.4,False,40.5,214,0.9,True,False,False,False,False,False,1 L,+1.233,,1.233,11488.759,78.957,,,21.071,37.128,20.758,11430.884,11468.012,11488.77,11409.802
2024,Monaco Grand Prix,8,Monaco,Monaco,0 days 03:12:46.924000,ALB,23,0 days 00:01:18.165000,72.0,2.0,,Alexander Albon,,0 days 00:00:20.554000,0 days 00:00:36.906000,0 days 00:00:20.705000,0 days 03:11:49.324000,0 days 03:12:26.230000,0 days 03:12:46.935000,202.0,183.0,258.0,280.0,False,HARD,71.0,True,Williams,0 days 03:11:28.759000,,1,9.0,False,,False,True,21.6,61.0,1018.4,False,40.5,209,0.5,True,False,False,False,False,False,1 L,+2.264,,2.264,11566.924,78.165,,,20.554,36.906,20.705,11509.324,11546.23,11566.935,11488.759
2024,Monaco Grand Prix,8,Monaco,Monaco,0 days 03:14:05.356000,ALB,23,0 days 00:01:18.432000,73.0,2.0,,Alexander Albon,,0 days 00:00:20.689000,0 days 00:00:36.976000,0 days 00:00:20.767000,0 days 03:13:07.624000,0 days 03:13:44.600000,0 days 03:14:05.367000,188.0,183.0,258.0,277.0,False,HARD,72.0,True,Williams,0 days 03:12:46.924000,,1,9.0,False,,False,True,21.7,61.0,1018.4,False,40.8,293,1.1,True,False,False,False,False,False,1 L,+4.751,,4.751,11645.356,78.432,,,20.689,36.976,20.767,11587.624,11624.6,11645.367,11566.924
2024,Monaco Grand Prix,8,Monaco,Monaco,0 days 03:15:23.370000,ALB,23,0 days 00:01:18.014000,74.0,2.0,,Alexander Albon,,0 days 00:00:20.638000,0 days 00:00:36.686000,0 days 00:00:20.690000,0 days 03:14:26.005000,0 days 03:15:02.691000,0 days 03:15:23.381000,195.0,185.0,258.0,276.0,False,HARD,73.0,True,Williams,0 days 03:14:05.356000,,1,9.0,False,,False,True,21.7,61.0,1018.4,False,40.6,353,0.6,True,False,False,False,False,False,1 L,+7.293,,7.293,11723.37,78.014,,,20.638,36.686,20.69,11666.005,11702.691,11723.381,11645.356
2024,Monaco Grand Prix,8,Monaco,Monaco,0 days 03:16:41.220000,ALB,23,0 days 00:01:17.850000,75.0,2.0,,Alexander Albon,,0 days 00:00:20.713000,0 days 00:00:36.423000,0 days 00:00:20.714000,0 days 03:15:44.094000,0 days 03:16:20.517000,0 days 03:16:41.231000,198.0,187.0,258.0,276.0,False,HARD,74.0,True,Williams,0 days 03:15:23.370000,,1,9.0,False,,False,True,21.7,61.0,1018.4,False,40.6,224,0.9,True,False,False,False,False,False,1 L,+10.140,,10.14,11801.22,77.85,,,20.713,36.423,20.714,11744.094,11780.517,11801.231,11723.37
2024,Monaco Grand Prix,8,Monaco,Monaco,0 days 03:17:58.499000,ALB,23,0 days 00:01:17.279000,76.0,2.0,,Alexander Albon,,0 days 00:00:20.521000,0 days 00:00:36.214000,0 days 00:00:20.544000,0 days 03:17:01.752000,0 days 03:17:37.966000,0 days 03:17:58.510000,200.0,190.0,258.0,276.0,False,HARD,75.0,True,Williams,0 days 03:16:41.220000,,1,9.0,False,,False,True,21.8,61.0,1018.4,False,40.9,219,1.2,True,False,False,False,False,False,1 L,+12.225,,12.225,11878.499,77.279,,,20.521,36.214,20.544,11821.752,11857.966,11878.51,11801.22
2024,Monaco Grand Prix,8,Monaco,Monaco,0 days 03:19:15.559000,ALB,23,0 days 00:01:17.060000,77.0,2.0,,Alexander Albon,,0 days 00:00:20.364000,0 days 00:00:36.196000,0 days 00:00:20.500000,0 days 03:18:18.874000,0 days 03:18:55.070000,0 days 03:19:15.570000,202.0,188.0,258.0,275.0,True,HARD,76.0,True,Williams,0 days 03:17:58.499000,,1,9.0,False,,False,True,21.8,62.0,1018.4,False,40.2,0,0.8,True,False,False,False,False,False,1 L,+14.565,,14.565,11955.559,77.06,,,20.364,36.196,20.5,11898.874,11935.07,11955.57,11878.499
2024,Monaco Grand Prix,8,Monaco,Monaco,0 days 01:37:12.206000,ZHO,24,0 days 00:42:06.253000,1.0,1.0,,Guanyu Zhou,0 days 00:57:26.533000,,0 days 00:00:49.767000,,,0 days 00:57:04.407000,,112.0,124.0,,220.0,False,MEDIUM,1.0,True,Kick Sauber,0 days 00:55:05.680000,,1254,16.0,False,,False,False,21.6,66.0,1018.9,False,48.4,255,0.6,True,True,True,True,False,False,+41.316,+4.830,41.316,4.83,5832.206,2526.253,3446.533,,,49.767,,,3424.407,,3305.68
2024,Monaco Grand Prix,8,Monaco,Monaco,0 days 01:39:04.337000,ZHO,24,0 days 00:01:52.131000,2.0,2.0,0 days 01:37:13.050000,Guanyu Zhou,,0 days 00:00:28.552000,0 days 00:00:39.859000,0 days 00:00:43.720000,0 days 01:37:40.785000,0 days 01:38:20.644000,0 days 01:39:04.364000,150.0,173.0,183.0,247.0,False,HARD,1.0,True,Kick Sauber,0 days 01:37:12.206000,,41,16.0,False,,False,False,21.5,66.0,1018.9,False,48.1,231,0.7,True,False,True,False,False,False,+4.197,+0.278,4.197,0.278,5944.337,112.131,,5833.05,28.552,39.859,43.72,5860.785,5900.644,5944.364,5832.206
2024,Monaco Grand Prix,8,Monaco,Monaco,0 days 01:40:34.733000,ZHO,24,0 days 00:01:30.396000,3.0,2.0,,Guanyu Zhou,,0 days 00:00:26.896000,0 days 00:00:41.393000,0 days 00:00:22.107000,0 days 01:39:31.260000,0 days 01:40:12.653000,0 days 01:40:34.760000,158.0,178.0,255.0,277.0,True,HARD,2.0,True,Kick Sauber,0 days 01:39:04.337000,,1,16.0,False,,False,True,21.6,65.0,1018.8,False,49.2,0,0.6,True,False,False,False,False,False,+9.969,+0.610,9.969,0.61,6034.733,90.396,,,26.896,41.393,22.107,5971.26,6012.653,6034.76,5944.337
2024,Monaco Grand Prix,8,Monaco,Monaco,0 days 01:41:58.431000,ZHO,24,0 days 00:01:23.698000,4.0,2.0,,Guanyu Zhou,,0 days 00:00:21.765000,0 days 00:00:39.055000,0 days 00:00:22.878000,0 days 01:40:56.525000,0 days 01:41:35.580000,0 days 01:41:58.458000,177.0,175.0,264.0,278.0,True,HARD,3.0,True,Kick Sauber,0 days 01:40:34.733000,,1,16.0,False,,False,True,21.7,63.0,1018.9,False,49.2,0,0.6,True,False,False,False,False,False,+11.042,+0.626,11.042,0.626,6118.431,83.698,,,21.765,39.055,22.878,6056.525,6095.58,6118.458,6034.733
2024,Monaco Grand Prix,8,Monaco,Monaco,0 days 01:43:21.925000,ZHO,24,0 days 00:01:23.494000,5.0,2.0,,Guanyu Zhou,,0 days 00:00:21.829000,0 days 00:00:39.045000,0 days 00:00:22.620000,0 days 01:42:20.287000,0 days 01:42:59.332000,0 days 01:43:21.952000,167.0,178.0,268.0,277.0,True,HARD,4.0,True,Kick Sauber,0 days 01:41:58.431000,,1,16.0,False,,False,True,21.6,64.0,1018.9,False,48.2,353,2.0,True,False,False,False,False,False,+12.886,+0.476,12.886,0.476,6201.925,83.494,,,21.829,39.045,22.62,6140.287,6179.332,6201.952,6118.431
2024,Monaco Grand Prix,8,Monaco,Monaco,0 days 01:44:44.574000,ZHO,24,0 days 00:01:22.649000,6.0,2.0,,Guanyu Zhou,,0 days 00:00:21.728000,0 days 00:00:38.731000,0 days 00:00:22.190000,0 days 01:43:43.680000,0 days 01:44:22.411000,0 days 01:44:44.601000,168.0,180.0,266.0,281.0,True,HARD,5.0,True,Kick Sauber,0 days 01:43:21.925000,,1,16.0,False,,False,True,21.6,63.0,1018.8,False,48.2,0,1.0,True,False,False,False,False,False,+14.245,+0.356,14.245,0.356,6284.574,82.649,,,21.728,38.731,22.19,6223.68,6262.411,6284.601,6201.925
2024,Monaco Grand Prix,8,Monaco,Monaco,0 days 01:46:07.508000,ZHO,24,0 days 00:01:22.934000,7.0,2.0,,Guanyu Zhou,,0 days 00:00:22.206000,0 days 00:00:38.439000,0 days 00:00:22.289000,0 days 01:45:06.807000,0 days 01:45:45.246000,0 days 01:46:07.535000,161.0,178.0,268.0,282.0,False,HARD,6.0,True,Kick Sauber,0 days 01:44:44.574000,,1,16.0,False,,False,True,21.8,64.0,1018.9,False,48.7,6,0.4,True,False,False,False,False,False,+16.199,+0.391,16.199,0.391,6367.508,82.934,,,22.206,38.439,22.289,6306.807,6345.246,6367.535,6284.574
2024,Monaco Grand Prix,8,Monaco,Monaco,0 days 01:47:29.690000,ZHO,24,0 days 00:01:22.182000,8.0,2.0,,Guanyu Zhou,,0 days 00:00:21.642000,0 days 00:00:38.286000,0 days 00:00:22.254000,0 days 01:46:29.177000,0 days 01:47:07.463000,0 days 01:47:29.717000,175.0,179.0,267.0,279.0,True,HARD,7.0,True,Kick Sauber,0 days 01:46:07.508000,,1,16.0,False,,False,True,21.9,63.0,1018.9,False,47.9,253,0.9,True,False,False,False,False,False,+17.351,+0.352,17.351,0.352,6449.69,82.182,,,21.642,38.286,22.254,6389.177,6427.463,6449.717,6367.508
2024,Monaco Grand Prix,8,Monaco,Monaco,0 days 01:48:51.500000,ZHO,24,0 days 00:01:21.810000,9.0,2.0,,Guanyu Zhou,,0 days 00:00:21.629000,0 days 00:00:37.916000,0 days 00:00:22.265000,0 days 01:47:51.346000,0 days 01:48:29.262000,0 days 01:48:51.527000,167.0,175.0,263.0,279.0,True,HARD,8.0,True,Kick Sauber,0 days 01:47:29.690000,,1,16.0,False,,False,True,22.0,64.0,1018.8,False,47.9,340,1.1,True,False,False,False,False,False,+19.047,+0.483,19.047,0.483,6531.5,81.81,,,21.629,37.916,22.265,6471.346,6509.262,6531.527,6449.69
2024,Monaco Grand Prix,8,Monaco,Monaco,0 days 01:50:13.444000,ZHO,24,0 days 00:01:21.944000,10.0,2.0,,Guanyu Zhou,,0 days 00:00:21.518000,0 days 00:00:38.270000,0 days 00:00:22.156000,0 days 01:49:13.045000,0 days 01:49:51.315000,0 days 01:50:13.471000,162.0,177.0,266.0,280.0,False,HARD,9.0,True,Kick Sauber,0 days 01:48:51.500000,,1,16.0,False,,False,True,22.1,65.0,1018.8,False,47.4,289,0.7,True,False,False,False,False,False,+20.216,+0.483,20.216,0.483,6613.444,81.944,,,21.518,38.27,22.156,6553.045,6591.315,6613.471,6531.5
2024,Monaco Grand Prix,8,Monaco,Monaco,0 days 01:51:35.007000,ZHO,24,0 days 00:01:21.563000,11.0,2.0,,Guanyu Zhou,,0 days 00:00:21.747000,0 days 00:00:37.966000,0 days 00:00:21.850000,0 days 01:50:35.218000,0 days 01:51:13.184000,0 days 01:51:35.034000,179.0,169.0,265.0,278.0,True,HARD,10.0,True,Kick Sauber,0 days 01:50:13.444000,,1,16.0,False,,False,True,22.2,61.0,1018.9,False,47.9,9,1.3,True,False,False,False,False,False,+20.733,+0.554,20.733,0.554,6695.007,81.563,,,21.747,37.966,21.85,6635.218,6673.184,6695.034,6613.444
2024,Monaco Grand Prix,8,Monaco,Monaco,0 days 01:52:56.200000,ZHO,24,0 days 00:01:21.193000,12.0,2.0,,Guanyu Zhou,,0 days 00:00:21.595000,0 days 00:00:37.756000,0 days 00:00:21.842000,0 days 01:51:56.629000,0 days 01:52:34.385000,0 days 01:52:56.227000,174.0,183.0,266.0,282.0,True,HARD,11.0,True,Kick Sauber,0 days 01:51:35.007000,,1,16.0,False,,False,True,22.3,63.0,1018.8,False,47.3,2,0.6,True,False,False,False,False,False,+21.807,+0.361,21.807,0.361,6776.2,81.193,,,21.595,37.756,21.842,6716.629,6754.385,6776.227,6695.007
2024,Monaco Grand Prix,8,Monaco,Monaco,0 days 01:54:17.729000,ZHO,24,0 days 00:01:21.529000,13.0,2.0,,Guanyu Zhou,,0 days 00:00:21.767000,0 days 00:00:37.831000,0 days 00:00:21.931000,0 days 01:53:17.994000,0 days 01:53:55.825000,0 days 01:54:17.756000,187.0,183.0,266.0,281.0,False,HARD,12.0,True,Kick Sauber,0 days 01:52:56.200000,,1,16.0,False,,False,True,22.0,62.0,1018.8,False,47.1,0,1.2,True,False,False,False,False,False,+24.186,+0.373,24.186,0.373,6857.729,81.529,,,21.767,37.831,21.931,6797.994,6835.825,6857.756,6776.2
2024,Monaco Grand Prix,8,Monaco,Monaco,0 days 01:55:38.993000,ZHO,24,0 days 00:01:21.264000,14.0,2.0,,Guanyu Zhou,,0 days 00:00:21.602000,0 days 00:00:37.891000,0 days 00:00:21.771000,0 days 01:54:39.358000,0 days 01:55:17.249000,0 days 01:55:39.020000,174.0,180.0,266.0,280.0,False,HARD,13.0,True,Kick Sauber,0 days 01:54:17.729000,,1,16.0,False,,False,True,22.0,63.0,1018.7,False,47.1,22,0.5,True,False,False,False,False,False,+25.537,+0.418,25.537,0.418,6938.993,81.264,,,21.602,37.891,21.771,6879.358,6917.249,6939.02,6857.729
2024,Monaco Grand Prix,8,Monaco,Monaco,0 days 01:57:00.440000,ZHO,24,0 days 00:01:21.447000,15.0,2.0,,Guanyu Zhou,,0 days 00:00:21.425000,0 days 00:00:38.247000,0 days 00:00:21.775000,0 days 01:56:00.445000,0 days 01:56:38.692000,0 days 01:57:00.467000,170.0,181.0,264.0,280.0,False,HARD,14.0,True,Kick Sauber,0 days 01:55:38.993000,,1,15.0,False,,False,True,22.0,62.0,1018.8,False,47.1,351,1.1,True,False,False,False,False,False,+27.146,+0.525,27.146,0.525,7020.44,81.447,,,21.425,38.247,21.775,6960.445,6998.692,7020.467,6938.993
2024,Monaco Grand Prix,8,Monaco,Monaco,0 days 01:58:20.921000,ZHO,24,0 days 00:01:20.481000,16.0,2.0,,Guanyu Zhou,,0 days 00:00:21.128000,0 days 00:00:37.569000,0 days 00:00:21.784000,0 days 01:57:21.595000,0 days 01:57:59.164000,0 days 01:58:20.948000,193.0,176.0,267.0,283.0,True,HARD,15.0,True,Kick Sauber,0 days 01:57:00.440000,,1,15.0,False,,False,True,21.8,64.0,1018.8,False,46.1,8,1.3,True,False,False,False,False,False,+27.471,+0.360,27.471,0.36,7100.921,80.481,,,21.128,37.569,21.784,7041.595,7079.164,7100.948,7020.44
2024,Monaco Grand Prix,8,Monaco,Monaco,0 days 01:59:41.900000,ZHO,24,0 days 00:01:20.979000,17.0,2.0,,Guanyu Zhou,,0 days 00:00:21.477000,0 days 00:00:37.600000,0 days 00:00:21.902000,0 days 01:58:42.425000,0 days 01:59:20.025000,0 days 01:59:41.927000,176.0,182.0,266.0,282.0,False,HARD,16.0,True,Kick Sauber,0 days 01:58:20.921000,,1,15.0,False,,False,True,21.6,64.0,1018.7,False,46.7,38,1.1,True,False,False,False,False,False,+28.171,+0.323,28.171,0.323,7181.9,80.979,,,21.477,37.6,21.902,7122.425,7160.025,7181.927,7100.921
2024,Monaco Grand Prix,8,Monaco,Monaco,0 days 02:01:02.811000,ZHO,24,0 days 00:01:20.911000,18.0,2.0,,Guanyu Zhou,,0 days 00:00:21.373000,0 days 00:00:37.878000,0 days 00:00:21.660000,0 days 02:00:03.300000,0 days 02:00:41.178000,0 days 02:01:02.838000,183.0,183.0,269.0,282.0,False,HARD,17.0,True,Kick Sauber,0 days 01:59:41.900000,,1,15.0,False,,False,True,21.7,63.0,1018.7,False,47.2,101,0.8,True,False,False,False,False,False,+29.502,+0.203,29.502,0.203,7262.811,80.911,,,21.373,37.878,21.66,7203.3,7241.178,7262.838,7181.9
2024,Monaco Grand Prix,8,Monaco,Monaco,0 days 02:02:24.231000,ZHO,24,0 days 00:01:21.420000,19.0,2.0,,Guanyu Zhou,,0 days 00:00:21.577000,0 days 00:00:37.827000,0 days 00:00:22.016000,0 days 02:01:24.415000,0 days 02:02:02.242000,0 days 02:02:24.258000,182.0,172.0,266.0,282.0,False,HARD,18.0,True,Kick Sauber,0 days 02:01:02.811000,,1,15.0,False,,False,True,21.9,61.0,1018.8,False,46.6,36,1.3,True,False,False,False,False,False,+32.080,+0.402,32.08,0.402,7344.231,81.42,,,21.577,37.827,22.016,7284.415,7322.242,7344.258,7262.811
2024,Monaco Grand Prix,8,Monaco,Monaco,0 days 02:03:45.135000,ZHO,24,0 days 00:01:20.904000,20.0,2.0,,Guanyu Zhou,,0 days 00:00:21.275000,0 days 00:00:37.894000,0 days 00:00:21.735000,0 days 02:02:45.533000,0 days 02:03:23.427000,0 days 02:03:45.162000,184.0,181.0,267.0,282.0,False,HARD,19.0,True,Kick Sauber,0 days 02:02:24.231000,,1,15.0,False,,False,True,21.9,62.0,1018.8,False,45.8,337,0.9,True,False,False,False,False,False,+34.260,+0.453,34.26,0.453,7425.135,80.904,,,21.275,37.894,21.735,7365.533,7403.427,7425.162,7344.231
2024,Monaco Grand Prix,8,Monaco,Monaco,0 days 02:05:05.804000,ZHO,24,0 days 00:01:20.669000,21.0,2.0,,Guanyu Zhou,,0 days 00:00:21.235000,0 days 00:00:37.764000,0 days 00:00:21.670000,0 days 02:04:06.397000,0 days 02:04:44.161000,0 days 02:05:05.831000,181.0,177.0,268.0,283.0,False,HARD,20.0,True,Kick Sauber,0 days 02:03:45.135000,,1,15.0,False,,False,True,21.9,64.0,1018.7,False,45.8,0,1.3,True,False,False,False,False,False,+36.457,+0.273,36.457,0.273,7505.804,80.669,,,21.235,37.764,21.67,7446.397,7484.161,7505.831,7425.135
2024,Monaco Grand Prix,8,Monaco,Monaco,0 days 02:06:26.887000,ZHO,24,0 days 00:01:21.083000,22.0,2.0,,Guanyu Zhou,,0 days 00:00:21.441000,0 days 00:00:37.938000,0 days 00:00:21.704000,0 days 02:05:27.272000,0 days 02:06:05.210000,0 days 02:06:26.914000,185.0,175.0,266.0,282.0,False,HARD,21.0,True,Kick Sauber,0 days 02:05:05.804000,,1,15.0,False,,False,True,21.8,65.0,1018.8,False,45.9,198,0.5,True,False,False,False,False,False,+38.920,+0.459,38.92,0.459,7586.887,81.083,,,21.441,37.938,21.704,7527.272,7565.21,7586.914,7505.804
2024,Monaco Grand Prix,8,Monaco,Monaco,0 days 02:07:47.679000,ZHO,24,0 days 00:01:20.792000,23.0,2.0,,Guanyu Zhou,,0 days 00:00:21.275000,0 days 00:00:37.842000,0 days 00:00:21.675000,0 days 02:06:48.189000,0 days 02:07:26.031000,0 days 02:07:47.706000,187.0,175.0,264.0,282.0,False,HARD,22.0,True,Kick Sauber,0 days 02:06:26.887000,,1,15.0,False,,False,True,21.7,63.0,1018.7,False,46.1,356,1.1,True,False,False,False,False,False,+41.332,+0.678,41.332,0.678,7667.679,80.792,,,21.275,37.842,21.675,7608.189,7646.031,7667.706,7586.887
2024,Monaco Grand Prix,8,Monaco,Monaco,0 days 02:09:08.026000,ZHO,24,0 days 00:01:20.347000,24.0,2.0,,Guanyu Zhou,,0 days 00:00:21.064000,0 days 00:00:37.587000,0 days 00:00:21.696000,0 days 02:08:08.770000,0 days 02:08:46.357000,0 days 02:09:08.053000,186.0,175.0,266.0,281.0,True,HARD,23.0,True,Kick Sauber,0 days 02:07:47.679000,,1,15.0,False,,False,True,21.8,64.0,1018.7,False,46.3,272,1.4,True,False,False,False,False,False,+42.876,+0.610,42.876,0.61,7748.026,80.347,,,21.064,37.587,21.696,7688.77,7726.357,7748.053,7667.679
2024,Monaco Grand Prix,8,Monaco,Monaco,0 days 02:10:28.789000,ZHO,24,0 days 00:01:20.763000,25.0,2.0,,Guanyu Zhou,,0 days 00:00:21.130000,0 days 00:00:37.799000,0 days 00:00:21.834000,0 days 02:09:29.183000,0 days 02:10:06.982000,0 days 02:10:28.816000,190.0,179.0,267.0,283.0,False,HARD,24.0,True,Kick Sauber,0 days 02:09:08.026000,,1,15.0,False,,False,True,21.7,62.0,1018.6,False,45.7,325,1.3,True,False,False,False,False,False,+44.779,+0.508,44.779,0.508,7828.789,80.763,,,21.13,37.799,21.834,7769.183,7806.982,7828.816,7748.026
2024,Monaco Grand Prix,8,Monaco,Monaco,0 days 02:11:49.658000,ZHO,24,0 days 00:01:20.869000,26.0,2.0,,Guanyu Zhou,,0 days 00:00:21.433000,0 days 00:00:37.643000,0 days 00:00:21.793000,0 days 02:10:50.249000,0 days 02:11:27.892000,0 days 02:11:49.685000,176.0,180.0,265.0,281.0,False,HARD,25.0,True,Kick Sauber,0 days 02:10:28.789000,,1,15.0,False,,False,True,21.8,64.0,1018.5,False,46.0,23,0.7,True,False,False,False,False,False,+47.090,+0.410,47.09,0.41,7909.658,80.869,,,21.433,37.643,21.793,7850.249,7887.892,7909.685,7828.789
2024,Monaco Grand Prix,8,Monaco,Monaco,0 days 02:13:10.951000,ZHO,24,0 days 00:01:21.293000,27.0,2.0,,Guanyu Zhou,,0 days 00:00:21.425000,0 days 00:00:37.959000,0 days 00:00:21.909000,0 days 02:12:11.110000,0 days 02:12:49.069000,0 days 02:13:10.978000,179.0,178.0,266.0,281.0,False,HARD,26.0,True,Kick Sauber,0 days 02:11:49.658000,,1,15.0,False,,False,True,21.9,63.0,1018.6,False,46.0,296,0.6,True,False,False,False,False,False,+50.032,+0.472,50.032,0.472,7990.951,81.293,,,21.425,37.959,21.909,7931.11,7969.069,7990.978,7909.658
2024,Monaco Grand Prix,8,Monaco,Monaco,0 days 02:14:32.467000,ZHO,24,0 days 00:01:21.516000,28.0,2.0,,Guanyu Zhou,,0 days 00:00:21.616000,0 days 00:00:38.121000,0 days 00:00:21.779000,0 days 02:13:32.594000,0 days 02:14:10.715000,0 days 02:14:32.494000,168.0,180.0,266.0,281.0,False,HARD,27.0,True,Kick Sauber,0 days 02:13:10.951000,,1,15.0,False,,False,True,22.0,63.0,1018.5,False,45.6,215,1.7,True,False,False,False,False,False,+52.838,+0.384,52.838,0.384,8072.467,81.516,,,21.616,38.121,21.779,8012.594,8050.715,8072.494,7990.951
2024,Monaco Grand Prix,8,Monaco,Monaco,0 days 02:15:53.805000,ZHO,24,0 days 00:01:21.338000,29.0,2.0,,Guanyu Zhou,,0 days 00:00:21.519000,0 days 00:00:37.991000,0 days 00:00:21.828000,0 days 02:14:54.013000,0 days 02:15:32.004000,0 days 02:15:53.832000,165.0,180.0,266.0,279.0,False,HARD,28.0,True,Kick Sauber,0 days 02:14:32.467000,,1,15.0,False,,False,True,22.0,62.0,1018.5,False,45.9,220,0.9,True,False,False,False,False,False,+55.123,+0.388,55.123,0.388,8153.805,81.338,,,21.519,37.991,21.828,8094.013,8132.004,8153.832,8072.467
2024,Monaco Grand Prix,8,Monaco,Monaco,0 days 02:17:14.849000,ZHO,24,0 days 00:01:21.044000,30.0,2.0,,Guanyu Zhou,,0 days 00:00:21.481000,0 days 00:00:37.892000,0 days 00:00:21.671000,0 days 02:16:15.313000,0 days 02:16:53.205000,0 days 02:17:14.876000,172.0,180.0,265.0,280.0,False,HARD,29.0,True,Kick Sauber,0 days 02:15:53.805000,,1,15.0,False,,False,True,22.0,61.0,1018.6,False,46.4,265,0.6,True,False,False,False,False,False,+56.345,+0.628,56.345,0.628,8234.849,81.044,,,21.481,37.892,21.671,8175.313,8213.205,8234.876,8153.805
2024,Monaco Grand Prix,8,Monaco,Monaco,0 days 02:18:35.655000,ZHO,24,0 days 00:01:20.806000,31.0,2.0,,Guanyu Zhou,,0 days 00:00:21.300000,0 days 00:00:37.787000,0 days 00:00:21.719000,0 days 02:17:36.176000,0 days 02:18:13.963000,0 days 02:18:35.682000,189.0,180.0,264.0,270.0,False,HARD,30.0,True,Kick Sauber,0 days 02:17:14.849000,,1,15.0,False,,False,True,22.0,61.0,1018.6,False,45.5,237,0.9,True,False,False,False,False,False,+58.708,+0.653,58.708,0.653,8315.655,80.806,,,21.3,37.787,21.719,8256.176,8293.963,8315.682,8234.849
2024,Monaco Grand Prix,8,Monaco,Monaco,0 days 02:19:56.437000,ZHO,24,0 days 00:01:20.782000,32.0,2.0,,Guanyu Zhou,,0 days 00:00:21.184000,0 days 00:00:37.828000,0 days 00:00:21.770000,0 days 02:18:56.866000,0 days 02:19:34.694000,0 days 02:19:56.464000,179.0,180.0,265.0,281.0,False,HARD,31.0,True,Kick Sauber,0 days 02:18:35.655000,,1,15.0,False,,False,True,21.9,62.0,1018.5,False,45.6,245,1.0,True,False,False,False,False,False,+60.302,+0.608,60.302,0.608,8396.437,80.782,,,21.184,37.828,21.77,8336.866,8374.694,8396.464,8315.655
2024,Monaco Grand Prix,8,Monaco,Monaco,0 days 02:21:17.114000,ZHO,24,0 days 00:01:20.677000,33.0,2.0,,Guanyu Zhou,,0 days 00:00:21.200000,0 days 00:00:37.618000,0 days 00:00:21.859000,0 days 02:20:17.664000,0 days 02:20:55.282000,0 days 02:21:17.141000,175.0,182.0,264.0,280.0,False,HARD,32.0,True,Kick Sauber,0 days 02:19:56.437000,,1,15.0,False,,False,True,22.0,61.0,1018.5,False,45.9,268,1.0,True,False,False,False,False,False,+62.485,+0.755,62.485,0.755,8477.114,80.677,,,21.2,37.618,21.859,8417.664,8455.282,8477.141,8396.437
2024,Monaco Grand Prix,8,Monaco,Monaco,0 days 02:22:37.850000,ZHO,24,0 days 00:01:20.736000,34.0,2.0,,Guanyu Zhou,,0 days 00:00:21.114000,0 days 00:00:37.666000,0 days 00:00:21.956000,0 days 02:21:38.255000,0 days 02:22:15.921000,0 days 02:22:37.877000,182.0,183.0,265.0,278.0,False,HARD,33.0,True,Kick Sauber,0 days 02:21:17.114000,,1,15.0,False,,False,True,22.0,62.0,1018.6,False,45.1,0,0.9,True,False,False,False,False,False,+63.902,+0.753,63.902,0.753,8557.85,80.736,,,21.114,37.666,21.956,8498.255,8535.921,8557.877,8477.114
2024,Monaco Grand Prix,8,Monaco,Monaco,0 days 02:23:58.222000,ZHO,24,0 days 00:01:20.372000,35.0,2.0,,Guanyu Zhou,,0 days 00:00:21.313000,0 days 00:00:37.346000,0 days 00:00:21.713000,0 days 02:22:59.190000,0 days 02:23:36.536000,0 days 02:23:58.249000,190.0,182.0,266.0,280.0,False,HARD,34.0,True,Kick Sauber,0 days 02:22:37.850000,,1,15.0,False,,False,True,21.9,65.0,1018.6,False,44.5,358,0.6,True,False,False,False,False,False,+65.744,+0.541,65.744,0.541,8638.222,80.372,,,21.313,37.346,21.713,8579.19,8616.536,8638.249,8557.85
2024,Monaco Grand Prix,8,Monaco,Monaco,0 days 02:25:19.208000,ZHO,24,0 days 00:01:20.986000,36.0,2.0,,Guanyu Zhou,,0 days 00:00:21.386000,0 days 00:00:37.814000,0 days 00:00:21.786000,0 days 02:24:19.635000,0 days 02:24:57.449000,0 days 02:25:19.235000,177.0,182.0,267.0,278.0,False,HARD,35.0,True,Kick Sauber,0 days 02:23:58.222000,,1,15.0,False,,False,True,21.7,63.0,1018.5,False,44.4,305,1.5,True,False,False,False,False,False,+68.041,+0.393,68.041,0.393,8719.208,80.986,,,21.386,37.814,21.786,8659.635,8697.449,8719.235,8638.222
2024,Monaco Grand Prix,8,Monaco,Monaco,0 days 02:26:40.657000,ZHO,24,0 days 00:01:21.449000,37.0,2.0,,Guanyu Zhou,,0 days 00:00:21.447000,0 days 00:00:38.116000,0 days 00:00:21.886000,0 days 02:25:40.682000,0 days 02:26:18.798000,0 days 02:26:40.684000,177.0,176.0,268.0,281.0,False,HARD,36.0,True,Kick Sauber,0 days 02:25:19.208000,,1,15.0,False,,False,True,21.8,63.0,1018.5,False,44.5,271,1.0,True,False,False,False,False,False,+70.658,+0.475,70.658,0.475,8800.657,81.449,,,21.447,38.116,21.886,8740.682,8778.798,8800.684,8719.208
2024,Monaco Grand Prix,8,Monaco,Monaco,0 days 02:28:01.747000,ZHO,24,0 days 00:01:21.090000,38.0,2.0,,Guanyu Zhou,,0 days 00:00:21.375000,0 days 00:00:37.829000,0 days 00:00:21.886000,0 days 02:27:02.059000,0 days 02:27:39.888000,0 days 02:28:01.774000,181.0,181.0,267.0,282.0,False,HARD,37.0,True,Kick Sauber,0 days 02:26:40.657000,,1,15.0,False,,False,True,21.8,62.0,1018.6,False,44.8,169,0.7,True,False,False,False,False,False,+73.223,+0.437,73.223,0.437,8881.747,81.09,,,21.375,37.829,21.886,8822.059,8859.888,8881.774,8800.657
2024,Monaco Grand Prix,8,Monaco,Monaco,0 days 02:29:22.980000,ZHO,24,0 days 00:01:21.233000,39.0,2.0,,Guanyu Zhou,,0 days 00:00:21.442000,0 days 00:00:37.886000,0 days 00:00:21.905000,0 days 02:28:23.216000,0 days 02:29:01.102000,0 days 02:29:23.007000,175.0,171.0,267.0,282.0,False,HARD,38.0,True,Kick Sauber,0 days 02:28:01.747000,,1,15.0,False,,False,True,21.9,61.0,1018.6,False,44.4,269,0.8,True,False,False,False,False,False,+76.179,+0.357,76.179,0.357,8962.98,81.233,,,21.442,37.886,21.905,8903.216,8941.102,8963.007,8881.747
2024,Monaco Grand Prix,8,Monaco,Monaco,0 days 02:30:47.949000,ZHO,24,0 days 00:01:24.969000,40.0,2.0,,Guanyu Zhou,,0 days 00:00:21.459000,0 days 00:00:39.432000,0 days 00:00:24.078000,0 days 02:29:44.466000,0 days 02:30:23.898000,0 days 02:30:47.976000,185.0,183.0,193.0,279.0,False,HARD,39.0,True,Kick Sauber,0 days 02:29:22.980000,,1,15.0,False,,False,True,22.0,60.0,1018.5,False,44.4,111,0.8,True,False,False,False,False,False,1 L,+3.212,,3.212,9047.949,84.969,,,21.459,39.432,24.078,8984.466,9023.898,9047.976,8962.98
2024,Monaco Grand Prix,8,Monaco,Monaco,0 days 02:32:09.076000,ZHO,24,0 days 00:01:21.127000,41.0,2.0,,Guanyu Zhou,,0 days 00:00:21.806000,0 days 00:00:37.565000,0 days 00:00:21.756000,0 days 02:31:09.782000,0 days 02:31:47.347000,0 days 02:32:09.103000,187.0,182.0,268.0,280.0,False,HARD,40.0,True,Kick Sauber,0 days 02:30:47.949000,,1,15.0,False,,False,True,22.0,62.0,1018.4,False,44.4,30,0.5,True,False,False,False,False,False,1 L,+0.295,,0.295,9129.076,81.127,,,21.806,37.565,21.756,9069.782,9107.347,9129.103,9047.949
2024,Monaco Grand Prix,8,Monaco,Monaco,0 days 02:33:31.033000,ZHO,24,0 days 00:01:21.957000,42.0,2.0,,Guanyu Zhou,,0 days 00:00:21.693000,0 days 00:00:38.580000,0 days 00:00:21.684000,0 days 02:32:30.796000,0 days 02:33:09.376000,0 days 02:33:31.060000,165.0,181.0,267.0,277.0,False,HARD,41.0,True,Kick Sauber,0 days 02:32:09.076000,,1,15.0,False,,False,True,21.9,59.0,1018.5,False,44.8,0,0.9,True,False,False,False,False,False,1 L,+0.382,,0.382,9211.033,81.957,,,21.693,38.58,21.684,9150.796,9189.376,9211.06,9129.076
2024,Monaco Grand Prix,8,Monaco,Monaco,0 days 02:34:51.611000,ZHO,24,0 days 00:01:20.578000,43.0,2.0,,Guanyu Zhou,,0 days 00:00:21.195000,0 days 00:00:37.699000,0 days 00:00:21.684000,0 days 02:33:52.255000,0 days 02:34:29.954000,0 days 02:34:51.638000,188.0,175.0,268.0,283.0,False,HARD,42.0,True,Kick Sauber,0 days 02:33:31.033000,,1,15.0,False,,False,True,21.9,59.0,1018.6,False,44.8,227,1.0,True,False,False,False,False,False,1 L,+0.408,,0.408,9291.611,80.578,,,21.195,37.699,21.684,9232.255,9269.954,9291.638,9211.033
2024,Monaco Grand Prix,8,Monaco,Monaco,0 days 02:36:11.221000,ZHO,24,0 days 00:01:19.610000,44.0,2.0,,Guanyu Zhou,,0 days 00:00:21.049000,0 days 00:00:37.220000,0 days 00:00:21.341000,0 days 02:35:12.687000,0 days 02:35:49.907000,0 days 02:36:11.248000,188.0,181.0,266.0,282.0,True,HARD,43.0,True,Kick Sauber,0 days 02:34:51.611000,,1,15.0,False,,False,True,22.0,58.0,1018.5,False,44.5,192,0.5,True,False,False,False,False,False,1 L,+0.507,,0.507,9371.221,79.61,,,21.049,37.22,21.341,9312.687,9349.907,9371.248,9291.611
2024,Monaco Grand Prix,8,Monaco,Monaco,0 days 02:37:31.907000,ZHO,24,0 days 00:01:20.686000,45.0,2.0,,Guanyu Zhou,,0 days 00:00:20.876000,0 days 00:00:38.074000,0 days 00:00:21.736000,0 days 02:36:32.124000,0 days 02:37:10.198000,0 days 02:37:31.934000,191.0,171.0,265.0,287.0,False,HARD,44.0,True,Kick Sauber,0 days 02:36:11.221000,,1,15.0,False,,False,True,21.9,57.0,1018.3,False,44.5,203,1.8,True,False,False,False,False,False,1 L,+0.473,,0.473,9451.907,80.686,,,20.876,38.074,21.736,9392.124,9430.198,9451.934,9371.221
2024,Monaco Grand Prix,8,Monaco,Monaco,0 days 02:38:52.053000,ZHO,24,0 days 00:01:20.146000,46.0,2.0,,Guanyu Zhou,,0 days 00:00:21.067000,0 days 00:00:37.671000,0 days 00:00:21.408000,0 days 02:37:53.001000,0 days 02:38:30.672000,0 days 02:38:52.080000,185.0,182.0,263.0,275.0,False,HARD,45.0,True,Kick Sauber,0 days 02:37:31.907000,,1,15.0,False,,False,True,22.0,58.0,1018.4,False,44.5,276,1.8,True,False,False,False,False,False,1 L,+0.631,,0.631,9532.053,80.146,,,21.067,37.671,21.408,9473.001,9510.672,9532.08,9451.907
2024,Monaco Grand Prix,8,Monaco,Monaco,0 days 02:40:12.128000,ZHO,24,0 days 00:01:20.075000,47.0,2.0,,Guanyu Zhou,,0 days 00:00:21.026000,0 days 00:00:37.569000,0 days 00:00:21.480000,0 days 02:39:13.106000,0 days 02:39:50.675000,0 days 02:40:12.155000,194.0,176.0,264.0,281.0,False,HARD,46.0,True,Kick Sauber,0 days 02:38:52.053000,,1,15.0,False,,False,True,22.0,57.0,1018.5,False,43.8,205,0.7,True,False,False,False,False,False,1 L,+0.785,,0.785,9612.128,80.075,,,21.026,37.569,21.48,9553.106,9590.675,9612.155,9532.053
2024,Monaco Grand Prix,8,Monaco,Monaco,0 days 02:41:34.609000,ZHO,24,0 days 00:01:22.481000,48.0,2.0,,Guanyu Zhou,,0 days 00:00:20.790000,0 days 00:00:39.009000,0 days 00:00:22.682000,0 days 02:40:32.945000,0 days 02:41:11.954000,0 days 02:41:34.636000,190.0,179.0,260.0,283.0,False,HARD,47.0,True,Kick Sauber,0 days 02:40:12.128000,,1,14.0,False,,False,True,22.0,57.0,1018.4,False,43.7,0,1.7,True,False,False,False,False,False,1 L,+3.185,,3.185,9694.609,82.481,,,20.79,39.009,22.682,9632.945,9671.954,9694.636,9612.128
2024,Monaco Grand Prix,8,Monaco,Monaco,0 days 02:42:56.743000,ZHO,24,0 days 00:01:22.134000,49.0,2.0,,Guanyu Zhou,,0 days 00:00:22.503000,0 days 00:00:38.311000,0 days 00:00:21.320000,0 days 02:41:57.139000,0 days 02:42:35.450000,0 days 02:42:56.770000,191.0,179.0,266.0,283.0,False,HARD,48.0,True,Kick Sauber,0 days 02:41:34.609000,,1,14.0,False,,False,True,21.9,58.0,1018.5,False,43.7,354,1.0,True,False,False,False,False,False,1 L,+0.494,,0.494,9776.743,82.134,,,22.503,38.311,21.32,9717.139,9755.45,9776.77,9694.609
2024,Monaco Grand Prix,8,Monaco,Monaco,0 days 02:44:17.689000,ZHO,24,0 days 00:01:20.946000,50.0,2.0,,Guanyu Zhou,,0 days 00:00:21.094000,0 days 00:00:37.718000,0 days 00:00:22.134000,0 days 02:43:17.864000,0 days 02:43:55.582000,0 days 02:44:17.716000,185.0,182.0,244.0,282.0,False,HARD,49.0,True,Kick Sauber,0 days 02:42:56.743000,,1,15.0,False,,False,True,21.8,58.0,1018.6,False,43.0,200,0.7,True,False,False,False,False,False,1 L,+0.276,,0.276,9857.689,80.946,,,21.094,37.718,22.134,9797.864,9835.582,9857.716,9776.743
2024,Monaco Grand Prix,8,Monaco,Monaco,0 days 02:45:38.651000,ZHO,24,0 days 00:01:20.962000,51.0,2.0,,Guanyu Zhou,,0 days 00:00:20.966000,0 days 00:00:38.513000,0 days 00:00:21.483000,0 days 02:44:38.682000,0 days 02:45:17.195000,0 days 02:45:38.678000,188.0,178.0,266.0,285.0,False,HARD,50.0,True,Kick Sauber,0 days 02:44:17.689000,,12,15.0,False,,False,True,21.8,57.0,1018.5,False,43.2,52,1.0,True,True,False,False,False,False,1 L,+0.324,,0.324,9938.651,80.962,,,20.966,38.513,21.483,9878.682,9917.195,9938.678,9857.689
2024,Monaco Grand Prix,8,Monaco,Monaco,0 days 02:46:59.621000,ZHO,24,0 days 00:01:20.970000,52.0,2.0,,Guanyu Zhou,,0 days 00:00:21.347000,0 days 00:00:38.108000,0 days 00:00:21.515000,0 days 02:46:00.025000,0 days 02:46:38.133000,0 days 02:46:59.648000,183.0,180.0,264.0,285.0,False,HARD,51.0,True,Kick Sauber,0 days 02:45:38.651000,,1,15.0,False,,False,True,21.9,58.0,1018.5,False,43.2,321,0.8,True,False,False,False,False,False,1 L,+0.350,,0.35,10019.621,80.97,,,21.347,38.108,21.515,9960.025,9998.133,10019.648,9938.651
2024,Monaco Grand Prix,8,Monaco,Monaco,0 days 02:48:20.996000,ZHO,24,0 days 00:01:21.375000,53.0,2.0,,Guanyu Zhou,,0 days 00:00:21.048000,0 days 00:00:38.840000,0 days 00:00:21.487000,0 days 02:47:20.696000,0 days 02:47:59.536000,0 days 02:48:21.023000,190.0,178.0,261.0,278.0,False,HARD,52.0,True,Kick Sauber,0 days 02:46:59.621000,,1,15.0,False,,False,True,21.9,59.0,1018.4,False,42.8,236,1.4,True,False,False,False,False,False,1 L,+0.452,,0.452,10100.996,81.375,,,21.048,38.84,21.487,10040.696,10079.536,10101.023,10019.621
2024,Monaco Grand Prix,8,Monaco,Monaco,0 days 02:49:43.149000,ZHO,24,0 days 00:01:22.153000,54.0,2.0,,Guanyu Zhou,,0 days 00:00:22,0 days 00:00:38.781000,0 days 00:00:21.372000,0 days 02:48:43.023000,0 days 02:49:21.804000,0 days 02:49:43.176000,175.0,179.0,266.0,284.0,False,HARD,53.0,True,Kick Sauber,0 days 02:48:20.996000,,1,15.0,False,,False,True,21.7,59.0,1018.4,False,42.5,0,1.1,True,False,False,False,False,False,1 L,+0.271,,0.271,10183.149,82.153,,,22.0,38.781,21.372,10123.023,10161.804,10183.176,10100.996
2024,Monaco Grand Prix,8,Monaco,Monaco,0 days 02:51:04.548000,ZHO,24,0 days 00:01:21.399000,55.0,2.0,,Guanyu Zhou,,0 days 00:00:21.110000,0 days 00:00:38.647000,0 days 00:00:21.642000,0 days 02:50:04.286000,0 days 02:50:42.933000,0 days 02:51:04.575000,191.0,181.0,266.0,256.0,False,HARD,54.0,True,Kick Sauber,0 days 02:49:43.149000,,1,16.0,False,,False,True,21.7,60.0,1018.4,False,42.4,59,0.9,True,False,False,False,False,False,1 L,+1.226,,1.226,10264.548,81.399,,,21.11,38.647,21.642,10204.286,10242.933,10264.575,10183.149
2024,Monaco Grand Prix,8,Monaco,Monaco,0 days 02:52:24.863000,ZHO,24,0 days 00:01:20.315000,56.0,2.0,,Guanyu Zhou,,0 days 00:00:21.051000,0 days 00:00:37.870000,0 days 00:00:21.394000,0 days 02:51:25.626000,0 days 02:52:03.496000,0 days 02:52:24.890000,183.0,182.0,267.0,284.0,False,HARD,55.0,True,Kick Sauber,0 days 02:51:04.548000,,1,16.0,False,,False,True,21.7,59.0,1018.5,False,42.4,0,0.6,True,False,False,False,False,False,1 L,+0.307,,0.307,10344.863,80.315,,,21.051,37.87,21.394,10285.626,10323.496,10344.89,10264.548
2024,Monaco Grand Prix,8,Monaco,Monaco,0 days 02:53:45.982000,ZHO,24,0 days 00:01:21.119000,57.0,2.0,,Guanyu Zhou,,0 days 00:00:21.300000,0 days 00:00:38.386000,0 days 00:00:21.433000,0 days 02:52:46.190000,0 days 02:53:24.576000,0 days 02:53:46.009000,182.0,179.0,263.0,281.0,False,HARD,56.0,True,Kick Sauber,0 days 02:52:24.863000,,1,15.0,False,,False,True,21.8,60.0,1018.5,False,42.2,30,1.2,True,False,False,False,False,False,1 L,+8.467,,8.467,10425.982,81.119,,,21.3,38.386,21.433,10366.19,10404.576,10426.009,10344.863
2024,Monaco Grand Prix,8,Monaco,Monaco,0 days 02:55:04.777000,ZHO,24,0 days 00:01:18.795000,58.0,2.0,,Guanyu Zhou,,0 days 00:00:20.885000,0 days 00:00:36.909000,0 days 00:00:21.001000,0 days 02:54:06.894000,0 days 02:54:43.803000,0 days 02:55:04.804000,190.0,187.0,256.0,276.0,True,HARD,57.0,True,Kick Sauber,0 days 02:53:45.982000,,1,15.0,False,,False,True,21.6,61.0,1018.4,False,41.9,9,1.1,True,False,False,False,False,False,1 L,+10.044,,10.044,10504.777,78.795,,,20.885,36.909,21.001,10446.894,10483.803,10504.804,10425.982
2024,Monaco Grand Prix,8,Monaco,Monaco,0 days 02:56:22.713000,ZHO,24,0 days 00:01:17.936000,59.0,2.0,,Guanyu Zhou,,0 days 00:00:20.562000,0 days 00:00:36.428000,0 days 00:00:20.946000,0 days 02:55:25.366000,0 days 02:56:01.794000,0 days 02:56:22.740000,195.0,188.0,257.0,275.0,True,HARD,58.0,True,Kick Sauber,0 days 02:55:04.777000,,1,15.0,False,,False,True,21.6,60.0,1018.4,False,42.3,222,0.6,True,False,False,False,False,False,1 L,+11.268,,11.268,10582.713,77.936,,,20.562,36.428,20.946,10525.366,10561.794,10582.74,10504.777
2024,Monaco Grand Prix,8,Monaco,Monaco,0 days 02:57:41.258000,ZHO,24,0 days 00:01:18.545000,60.0,2.0,,Guanyu Zhou,,0 days 00:00:20.685000,0 days 00:00:36.745000,0 days 00:00:21.115000,0 days 02:56:43.425000,0 days 02:57:20.170000,0 days 02:57:41.285000,203.0,185.0,256.0,276.0,False,HARD,59.0,True,Kick Sauber,0 days 02:56:22.713000,,1,15.0,False,,False,True,21.6,60.0,1018.4,False,42.0,241,0.9,True,False,False,False,False,False,1 L,+12.393,,12.393,10661.258,78.545,,,20.685,36.745,21.115,10603.425,10640.17,10661.285,10582.713
2024,Monaco Grand Prix,8,Monaco,Monaco,0 days 02:58:59.965000,ZHO,24,0 days 00:01:18.707000,61.0,2.0,,Guanyu Zhou,,0 days 00:00:20.763000,0 days 00:00:36.697000,0 days 00:00:21.247000,0 days 02:58:02.048000,0 days 02:58:38.745000,0 days 02:58:59.992000,197.0,185.0,255.0,276.0,False,HARD,60.0,True,Kick Sauber,0 days 02:57:41.258000,,1,15.0,False,,False,True,21.8,59.0,1018.4,False,42.0,264,1.2,True,False,False,False,False,False,1 L,+12.960,,12.96,10739.965,78.707,,,20.763,36.697,21.247,10682.048,10718.745,10739.992,10661.258
2024,Monaco Grand Prix,8,Monaco,Monaco,0 days 03:00:18.782000,ZHO,24,0 days 00:01:18.817000,62.0,2.0,,Guanyu Zhou,,0 days 00:00:20.796000,0 days 00:00:36.763000,0 days 00:00:21.258000,0 days 02:59:20.788000,0 days 02:59:57.551000,0 days 03:00:18.809000,204.0,185.0,256.0,276.0,False,HARD,61.0,True,Kick Sauber,0 days 02:58:59.965000,,1,15.0,False,,False,True,21.9,60.0,1018.3,False,41.2,47,0.8,True,False,False,False,False,False,1 L,+12.528,,12.528,10818.782,78.817,,,20.796,36.763,21.258,10760.788,10797.551,10818.809,10739.965
2024,Monaco Grand Prix,8,Monaco,Monaco,0 days 03:01:37.571000,ZHO,24,0 days 00:01:18.789000,63.0,2.0,,Guanyu Zhou,,0 days 00:00:20.657000,0 days 00:00:36.919000,0 days 00:00:21.213000,0 days 03:00:39.466000,0 days 03:01:16.385000,0 days 03:01:37.598000,198.0,186.0,256.0,276.0,False,HARD,62.0,True,Kick Sauber,0 days 03:00:18.782000,,1,15.0,False,,False,True,21.9,60.0,1018.4,False,42.0,215,0.9,True,False,False,False,False,False,1 L,+12.396,,12.396,10897.571,78.789,,,20.657,36.919,21.213,10839.466,10876.385,10897.598,10818.782
2024,Monaco Grand Prix,8,Monaco,Monaco,0 days 03:02:56.866000,ZHO,24,0 days 00:01:19.295000,64.0,2.0,,Guanyu Zhou,,0 days 00:00:20.765000,0 days 00:00:37.309000,0 days 00:00:21.221000,0 days 03:01:58.363000,0 days 03:02:35.672000,0 days 03:02:56.893000,194.0,182.0,258.0,275.0,False,HARD,63.0,True,Kick Sauber,0 days 03:01:37.571000,,1,15.0,False,,False,True,21.9,59.0,1018.4,False,41.7,283,1.2,True,False,False,False,False,False,1 L,+13.115,,13.115,10976.866,79.295,,,20.765,37.309,21.221,10918.363,10955.672,10976.893,10897.571
2024,Monaco Grand Prix,8,Monaco,Monaco,0 days 03:04:16.585000,ZHO,24,0 days 00:01:19.719000,65.0,2.0,,Guanyu Zhou,,0 days 00:00:20.799000,0 days 00:00:37.532000,0 days 00:00:21.388000,0 days 03:03:17.692000,0 days 03:03:55.224000,0 days 03:04:16.612000,196.0,180.0,257.0,277.0,False,HARD,64.0,True,Kick Sauber,0 days 03:02:56.866000,,1,15.0,False,,False,True,22.0,60.0,1018.3,False,41.6,58,1.0,True,False,False,False,False,False,1 L,+14.253,,14.253,11056.585,79.719,,,20.799,37.532,21.388,10997.692,11035.224,11056.612,10976.866
2024,Monaco Grand Prix,8,Monaco,Monaco,0 days 03:05:36.334000,ZHO,24,0 days 00:01:19.749000,66.0,2.0,,Guanyu Zhou,,0 days 00:00:20.941000,0 days 00:00:37.572000,0 days 00:00:21.236000,0 days 03:04:37.553000,0 days 03:05:15.125000,0 days 03:05:36.361000,198.0,184.0,256.0,277.0,False,HARD,65.0,True,Kick Sauber,0 days 03:04:16.585000,,1,15.0,False,,False,True,21.8,60.0,1018.4,False,40.9,14,0.7,True,False,False,False,False,False,1 L,+15.254,,15.254,11136.334,79.749,,,20.941,37.572,21.236,11077.553,11115.125,11136.361,11056.585
2024,Monaco Grand Prix,8,Monaco,Monaco,0 days 03:06:56.691000,ZHO,24,0 days 00:01:20.357000,67.0,2.0,,Guanyu Zhou,,0 days 00:00:21.547000,0 days 00:00:37.546000,0 days 00:00:21.264000,0 days 03:05:57.908000,0 days 03:06:35.454000,0 days 03:06:56.718000,174.0,179.0,256.0,278.0,False,HARD,66.0,True,Kick Sauber,0 days 03:05:36.334000,,1,15.0,False,,False,True,21.7,61.0,1018.4,False,41.1,229,0.8,True,False,False,False,False,False,2 L,+16.975,,16.975,11216.691,80.357,,,21.547,37.546,21.264,11157.908,11195.454,11216.718,11136.334
2024,Monaco Grand Prix,8,Monaco,Monaco,0 days 03:08:21.908000,ZHO,24,0 days 00:01:25.217000,68.0,2.0,,Guanyu Zhou,,0 days 00:00:23.989000,0 days 00:00:39.102000,0 days 00:00:22.126000,0 days 03:07:20.707000,0 days 03:07:59.809000,0 days 03:08:21.935000,175.0,180.0,256.0,277.0,False,HARD,67.0,True,Kick Sauber,0 days 03:06:56.691000,,1,16.0,False,,False,True,21.8,60.0,1018.4,False,41.6,209,1.0,True,False,False,False,False,False,2 L,+3.800,,3.8,11301.908,85.217,,,23.989,39.102,22.126,11240.707,11279.809,11301.935,11216.691
2024,Monaco Grand Prix,8,Monaco,Monaco,0 days 03:09:42.392000,ZHO,24,0 days 00:01:20.484000,69.0,2.0,,Guanyu Zhou,,0 days 00:00:21.261000,0 days 00:00:37.817000,0 days 00:00:21.406000,0 days 03:08:43.196000,0 days 03:09:21.013000,0 days 03:09:42.419000,193.0,182.0,257.0,277.0,False,HARD,68.0,True,Kick Sauber,0 days 03:08:21.908000,,1,16.0,False,,False,True,21.7,60.0,1018.4,False,41.1,0,0.4,True,False,False,False,False,False,2 L,+8.109,,8.109,11382.392,80.484,,,21.261,37.817,21.406,11323.196,11361.013,11382.419,11301.908
2024,Monaco Grand Prix,8,Monaco,Monaco,0 days 03:11:23.290000,ZHO,24,0 days 00:01:40.898000,70.0,2.0,,Guanyu Zhou,0 days 03:10:59.688000,0 days 00:00:21.033000,0 days 00:00:40.932000,0 days 00:00:38.933000,0 days 03:10:03.452000,0 days 03:10:44.384000,0 days 03:11:23.317000,195.0,172.0,,205.0,False,HARD,69.0,True,Kick Sauber,0 days 03:09:42.392000,,1,16.0,False,,False,False,21.6,61.0,1018.4,False,41.0,58,0.7,True,False,False,False,False,False,2 L,+14.989,,14.989,11483.29,100.898,11459.688,,21.033,40.932,38.933,11403.452,11444.384,11483.317,11382.392
2024,Monaco Grand Prix,8,Monaco,Monaco,0 days 03:12:48.585000,ZHO,24,0 days 00:01:25.295000,71.0,3.0,0 days 03:11:24.136000,Guanyu Zhou,,0 days 00:00:23.767000,0 days 00:00:39.983000,0 days 00:00:21.545000,0 days 03:11:47.084000,0 days 03:12:27.067000,0 days 03:12:48.612000,199.0,177.0,258.0,273.0,False,SOFT,1.0,True,Kick Sauber,0 days 03:11:23.290000,,1,16.0,False,,False,False,21.6,61.0,1018.4,False,40.5,209,0.5,True,False,False,False,False,False,2 L,+41.113,,41.113,11568.585,85.295,,11484.136,23.767,39.983,21.545,11507.084,11547.067,11568.612,11483.29
2024,Monaco Grand Prix,8,Monaco,Monaco,0 days 03:14:09.170000,ZHO,24,0 days 00:01:20.585000,72.0,3.0,,Guanyu Zhou,,0 days 00:00:20.370000,0 days 00:00:36.805000,0 days 00:00:23.410000,0 days 03:13:08.982000,0 days 03:13:45.787000,0 days 03:14:09.197000,199.0,164.0,258.0,278.0,False,SOFT,2.0,True,Kick Sauber,0 days 03:12:48.585000,,1,16.0,False,,False,True,21.7,61.0,1018.4,False,40.8,293,1.1,True,False,False,False,False,False,2 L,+45.300,,45.3,11649.17,80.585,,,20.37,36.805,23.41,11588.982,11625.787,11649.197,11568.585
2024,Monaco Grand Prix,8,Monaco,Monaco,0 days 03:15:24.403000,ZHO,24,0 days 00:01:15.233000,73.0,3.0,,Guanyu Zhou,,0 days 00:00:19.940000,0 days 00:00:35.135000,0 days 00:00:20.158000,0 days 03:14:29.137000,0 days 03:15:04.272000,0 days 03:15:24.430000,212.0,194.0,260.0,277.0,True,SOFT,3.0,True,Kick Sauber,0 days 03:14:09.170000,,1,16.0,False,,False,True,21.7,61.0,1018.4,False,40.6,353,0.6,True,False,False,False,False,False,2 L,+44.254,,44.254,11724.403,75.233,,,19.94,35.135,20.158,11669.137,11704.272,11724.43,11649.17
2024,Monaco Grand Prix,8,Monaco,Monaco,0 days 03:16:44.876000,ZHO,24,0 days 00:01:20.473000,74.0,3.0,,Guanyu Zhou,,0 days 00:00:21.051000,0 days 00:00:37.048000,0 days 00:00:22.374000,0 days 03:15:45.481000,0 days 03:16:22.529000,0 days 03:16:44.903000,196.0,177.0,258.0,275.0,False,SOFT,4.0,True,Kick Sauber,0 days 03:15:24.403000,,1,16.0,False,,False,True,21.7,61.0,1018.4,False,40.6,224,0.9,True,False,False,False,False,False,2 L,+47.783,,47.783,11804.876,80.473,,,21.051,37.048,22.374,11745.481,11782.529,11804.903,11724.403
2024,Monaco Grand Prix,8,Monaco,Monaco,0 days 03:17:59.594000,ZHO,24,0 days 00:01:14.718000,75.0,3.0,,Guanyu Zhou,,0 days 00:00:19.751000,0 days 00:00:34.990000,0 days 00:00:19.977000,0 days 03:17:04.654000,0 days 03:17:39.644000,0 days 03:17:59.621000,214.0,197.0,260.0,276.0,True,SOFT,5.0,True,Kick Sauber,0 days 03:16:44.876000,,1,16.0,False,,False,True,21.8,61.0,1018.4,False,40.9,219,1.2,True,False,False,False,False,False,2 L,+46.222,,46.222,11879.594,74.718,,,19.751,34.99,19.977,11824.654,11859.644,11879.621,11804.876
2024,Monaco Grand Prix,8,Monaco,Monaco,0 days 03:19:16.767000,ZHO,24,0 days 00:01:17.173000,76.0,3.0,,Guanyu Zhou,,0 days 00:00:20.460000,0 days 00:00:35.927000,0 days 00:00:20.786000,0 days 03:18:20.081000,0 days 03:18:56.008000,0 days 03:19:16.794000,205.0,188.0,258.0,278.0,False,SOFT,6.0,True,Kick Sauber,0 days 03:17:59.594000,,1,16.0,False,,False,True,21.8,62.0,1018.4,False,40.2,0,0.8,True,False,False,False,False,False,2 L,+46.164,,46.164,11956.767,77.173,,,20.46,35.927,20.786,11900.081,11936.008,11956.794,11879.594
2024,Monaco Grand Prix,8,Monaco,Monaco,0 days 01:36:02.319000,HUL,27,,1.0,1.0,,Nico Hulkenberg,,,,,,,,,,,,False,MEDIUM,1.0,True,Haas F1 Team,0 days 00:55:05.680000,,1254,,False,,True,False,21.6,66.0,1018.9,False,48.4,255,0.6,True,True,True,True,False,False,,,,,5762.319,,,,,,,,,,3305.68
2024,Monaco Grand Prix,8,Monaco,Monaco,0 days 01:36:53.560000,RIC,3,0 days 00:41:47.607000,1.0,1.0,,Daniel Ricciardo,0 days 00:57:09.029000,,0 days 00:00:59.863000,,,0 days 00:56:37.290000,,162.0,61.0,,155.0,False,MEDIUM,1.0,True,RB,0 days 00:55:05.680000,,1254,12.0,False,,False,False,21.6,66.0,1018.9,False,48.4,255,0.6,True,True,True,True,False,False,+23.190,+2.719,23.19,2.719,5813.56,2507.607,3429.029,,,59.863,,,3397.29,,3305.68
2024,Monaco Grand Prix,8,Monaco,Monaco,0 days 01:39:03.668000,RIC,3,0 days 00:02:10.108000,2.0,2.0,0 days 01:36:54.504000,Daniel Ricciardo,,0 days 00:00:27.153000,0 days 00:00:42.359000,0 days 00:01:00.596000,0 days 01:37:20.754000,0 days 01:38:03.113000,0 days 01:39:03.709000,176.0,174.0,160.0,253.0,False,HARD,2.0,False,RB,0 days 01:36:53.560000,,41,12.0,False,,False,False,21.5,65.0,1018.9,False,48.1,9,0.8,True,False,True,False,False,False,+3.528,+0.223,3.528,0.223,5943.668,130.108,,5814.504,27.153,42.359,60.596,5840.754,5883.113,5943.709,5813.56
2024,Monaco Grand Prix,8,Monaco,Monaco,0 days 01:40:33.324000,RIC,3,0 days 00:01:29.656000,3.0,2.0,,Daniel Ricciardo,,0 days 00:00:26.535000,0 days 00:00:40.832000,0 days 00:00:22.289000,0 days 01:39:30.244000,0 days 01:40:11.076000,0 days 01:40:33.365000,167.0,171.0,258.0,283.0,True,HARD,3.0,False,RB,0 days 01:39:03.668000,,1,13.0,False,,False,True,21.6,65.0,1018.8,False,49.2,0,0.6,True,False,False,False,False,False,+8.560,+0.428,8.56,0.428,6033.324,89.656,,,26.535,40.832,22.289,5970.244,6011.076,6033.365,5943.668
2024,Monaco Grand Prix,8,Monaco,Monaco,0 days 01:41:56.848000,RIC,3,0 days 00:01:23.524000,4.0,2.0,,Daniel Ricciardo,,0 days 00:00:21.754000,0 days 00:00:39.371000,0 days 00:00:22.399000,0 days 01:40:55.119000,0 days 01:41:34.490000,0 days 01:41:56.889000,166.0,164.0,265.0,284.0,True,HARD,4.0,False,RB,0 days 01:40:33.324000,,1,13.0,False,,False,True,21.7,63.0,1018.9,False,49.2,0,0.6,True,False,False,False,False,False,+9.459,+0.216,9.459,0.216,6116.848,83.524,,,21.754,39.371,22.399,6055.119,6094.49,6116.889,6033.324
2024,Monaco Grand Prix,8,Monaco,Monaco,0 days 01:43:20.592000,RIC,3,0 days 00:01:23.744000,5.0,2.0,,Daniel Ricciardo,,0 days 00:00:22.171000,0 days 00:00:39.212000,0 days 00:00:22.361000,0 days 01:42:19.060000,0 days 01:42:58.272000,0 days 01:43:20.633000,179.0,173.0,262.0,283.0,False,HARD,5.0,False,RB,0 days 01:41:56.848000,,1,13.0,False,,False,True,21.6,64.0,1018.9,False,48.2,353,2.0,True,False,False,False,False,False,+11.408,+0.385,11.408,0.385,6200.592,83.744,,,22.171,39.212,22.361,6139.06,6178.272,6200.633,6116.848
2024,Monaco Grand Prix,8,Monaco,Monaco,0 days 01:44:43.340000,RIC,3,0 days 00:01:22.748000,6.0,2.0,,Daniel Ricciardo,,0 days 00:00:21.911000,0 days 00:00:38.800000,0 days 00:00:22.037000,0 days 01:43:42.544000,0 days 01:44:21.344000,0 days 01:44:43.381000,192.0,165.0,262.0,273.0,True,HARD,6.0,False,RB,0 days 01:43:20.592000,,1,13.0,False,,False,True,21.6,63.0,1018.8,False,48.2,0,1.0,True,False,False,False,False,False,+13.011,+0.422,13.011,0.422,6283.34,82.748,,,21.911,38.8,22.037,6222.544,6261.344,6283.381,6200.592
2024,Monaco Grand Prix,8,Monaco,Monaco,0 days 01:46:06.087000,RIC,3,0 days 00:01:22.747000,7.0,2.0,,Daniel Ricciardo,,0 days 00:00:22.074000,0 days 00:00:38.612000,0 days 00:00:22.061000,0 days 01:45:05.455000,0 days 01:45:44.067000,0 days 01:46:06.128000,180.0,164.0,264.0,272.0,True,HARD,7.0,False,RB,0 days 01:44:43.340000,,1,13.0,False,,False,True,21.8,64.0,1018.9,False,48.7,6,0.4,True,False,False,False,False,False,+14.778,+0.303,14.778,0.303,6366.087,82.747,,,22.074,38.612,22.061,6305.455,6344.067,6366.128,6283.34
2024,Monaco Grand Prix,8,Monaco,Monaco,0 days 01:47:28.520000,RIC,3,0 days 00:01:22.433000,8.0,2.0,,Daniel Ricciardo,,0 days 00:00:21.868000,0 days 00:00:38.303000,0 days 00:00:22.262000,0 days 01:46:27.996000,0 days 01:47:06.299000,0 days 01:47:28.561000,187.0,164.0,262.0,284.0,True,HARD,8.0,False,RB,0 days 01:46:06.087000,,1,13.0,False,,False,True,21.9,63.0,1018.9,False,47.9,253,0.9,True,False,False,False,False,False,+16.181,+0.452,16.181,0.452,6448.52,82.433,,,21.868,38.303,22.262,6387.996,6426.299,6448.561,6366.087
2024,Monaco Grand Prix,8,Monaco,Monaco,0 days 01:48:50.048000,RIC,3,0 days 00:01:21.528000,9.0,2.0,,Daniel Ricciardo,,0 days 00:00:21.451000,0 days 00:00:38.022000,0 days 00:00:22.055000,0 days 01:47:50.012000,0 days 01:48:28.034000,0 days 01:48:50.089000,194.0,165.0,261.0,272.0,True,HARD,9.0,False,RB,0 days 01:47:28.520000,,1,13.0,False,,False,True,22.0,64.0,1018.8,False,47.9,340,1.1,True,False,False,False,False,False,+17.595,+0.330,17.595,0.33,6530.048,81.528,,,21.451,38.022,22.055,6470.012,6508.034,6530.089,6448.52
2024,Monaco Grand Prix,8,Monaco,Monaco,0 days 01:50:12.024000,RIC,3,0 days 00:01:21.976000,10.0,2.0,,Daniel Ricciardo,,0 days 00:00:21.740000,0 days 00:00:38.360000,0 days 00:00:21.876000,0 days 01:49:11.829000,0 days 01:49:50.189000,0 days 01:50:12.065000,182.0,163.0,262.0,271.0,False,HARD,10.0,False,RB,0 days 01:48:50.048000,,1,13.0,False,,False,True,22.1,65.0,1018.8,False,47.4,289,0.7,True,False,False,False,False,False,+18.796,+0.442,18.796,0.442,6612.024,81.976,,,21.74,38.36,21.876,6551.829,6590.189,6612.065,6530.048
2024,Monaco Grand Prix,8,Monaco,Monaco,0 days 01:51:33.554000,RIC,3,0 days 00:01:21.530000,11.0,2.0,,Daniel Ricciardo,,0 days 00:00:21.700000,0 days 00:00:37.977000,0 days 00:00:21.853000,0 days 01:50:33.765000,0 days 01:51:11.742000,0 days 01:51:33.595000,184.0,164.0,262.0,274.0,False,HARD,11.0,False,RB,0 days 01:50:12.024000,,1,13.0,False,,False,True,22.2,61.0,1018.9,False,47.9,9,1.3,True,False,False,False,False,False,+19.280,+0.554,19.28,0.554,6693.554,81.53,,,21.7,37.977,21.853,6633.765,6671.742,6693.595,6612.024
2024,Monaco Grand Prix,8,Monaco,Monaco,0 days 01:52:54.831000,RIC,3,0 days 00:01:21.277000,12.0,2.0,,Daniel Ricciardo,,0 days 00:00:21.519000,0 days 00:00:37.996000,0 days 00:00:21.762000,0 days 01:51:55.114000,0 days 01:52:33.110000,0 days 01:52:54.872000,187.0,164.0,262.0,270.0,True,HARD,12.0,False,RB,0 days 01:51:33.554000,,1,13.0,False,,False,True,22.3,63.0,1018.8,False,47.3,2,0.6,True,False,False,False,False,False,+20.305,+0.465,20.305,0.465,6774.831,81.277,,,21.519,37.996,21.762,6715.114,6753.11,6774.872,6693.554
2024,Monaco Grand Prix,8,Monaco,Monaco,0 days 01:54:16.247000,RIC,3,0 days 00:01:21.416000,13.0,2.0,,Daniel Ricciardo,,0 days 00:00:21.450000,0 days 00:00:38.193000,0 days 00:00:21.773000,0 days 01:53:16.322000,0 days 01:53:54.515000,0 days 01:54:16.288000,183.0,167.0,262.0,266.0,False,HARD,13.0,False,RB,0 days 01:52:54.831000,,1,13.0,False,,False,True,22.0,62.0,1018.8,False,47.1,0,1.2,True,False,False,False,False,False,+22.704,+0.453,22.704,0.453,6856.247,81.416,,,21.45,38.193,21.773,6796.322,6834.515,6856.288,6774.831
2024,Monaco Grand Prix,8,Monaco,Monaco,0 days 01:55:37.638000,RIC,3,0 days 00:01:21.391000,14.0,2.0,,Daniel Ricciardo,,0 days 00:00:21.668000,0 days 00:00:37.995000,0 days 00:00:21.728000,0 days 01:54:37.956000,0 days 01:55:15.951000,0 days 01:55:37.679000,187.0,170.0,262.0,265.0,False,HARD,14.0,False,RB,0 days 01:54:16.247000,,1,13.0,False,,False,True,22.0,63.0,1018.7,False,47.1,22,0.5,True,False,False,False,False,False,+24.182,+0.452,24.182,0.452,6937.638,81.391,,,21.668,37.995,21.728,6877.956,6915.951,6937.679,6856.247
2024,Monaco Grand Prix,8,Monaco,Monaco,0 days 01:56:58.815000,RIC,3,0 days 00:01:21.177000,15.0,2.0,,Daniel Ricciardo,,0 days 00:00:21.389000,0 days 00:00:38.171000,0 days 00:00:21.617000,0 days 01:55:59.068000,0 days 01:56:37.239000,0 days 01:56:58.856000,191.0,171.0,259.0,274.0,True,HARD,15.0,False,RB,0 days 01:55:37.638000,,1,13.0,False,,False,True,22.0,62.0,1018.8,False,47.1,351,1.1,True,False,False,False,False,False,+25.521,+0.568,25.521,0.568,7018.815,81.177,,,21.389,38.171,21.617,6959.068,6997.239,7018.856,6937.638
2024,Monaco Grand Prix,8,Monaco,Monaco,0 days 01:58:19.940000,RIC,3,0 days 00:01:21.125000,16.0,2.0,,Daniel Ricciardo,,0 days 00:00:21.332000,0 days 00:00:38.130000,0 days 00:00:21.663000,0 days 01:57:20.188000,0 days 01:57:58.318000,0 days 01:58:19.981000,194.0,171.0,262.0,279.0,True,HARD,16.0,False,RB,0 days 01:56:58.815000,,1,13.0,False,,False,True,21.8,64.0,1018.8,False,46.1,8,1.3,True,False,False,False,False,False,+26.490,+0.375,26.49,0.375,7099.94,81.125,,,21.332,38.13,21.663,7040.188,7078.318,7099.981,7018.815
2024,Monaco Grand Prix,8,Monaco,Monaco,0 days 01:59:40.802000,RIC,3,0 days 00:01:20.862000,17.0,2.0,,Daniel Ricciardo,,0 days 00:00:21.334000,0 days 00:00:37.899000,0 days 00:00:21.629000,0 days 01:58:41.315000,0 days 01:59:19.214000,0 days 01:59:40.843000,190.0,169.0,261.0,280.0,True,HARD,17.0,False,RB,0 days 01:58:19.940000,,1,13.0,False,,False,True,21.6,64.0,1018.7,False,46.7,38,1.1,True,False,False,False,False,False,+27.073,+0.438,27.073,0.438,7180.802,80.862,,,21.334,37.899,21.629,7121.315,7159.214,7180.843,7099.94
2024,Monaco Grand Prix,8,Monaco,Monaco,0 days 02:01:01.910000,RIC,3,0 days 00:01:21.108000,18.0,2.0,,Daniel Ricciardo,,0 days 00:00:21.486000,0 days 00:00:38.035000,0 days 00:00:21.587000,0 days 02:00:02.329000,0 days 02:00:40.364000,0 days 02:01:01.951000,198.0,173.0,261.0,274.0,False,HARD,18.0,False,RB,0 days 01:59:40.802000,,1,13.0,False,,False,True,21.7,63.0,1018.7,False,47.2,101,0.8,True,False,False,False,False,False,+28.601,+0.471,28.601,0.471,7261.91,81.108,,,21.486,38.035,21.587,7202.329,7240.364,7261.951,7180.802
2024,Monaco Grand Prix,8,Monaco,Monaco,0 days 02:02:23.220000,RIC,3,0 days 00:01:21.310000,19.0,2.0,,Daniel Ricciardo,,0 days 00:00:21.437000,0 days 00:00:38.184000,0 days 00:00:21.689000,0 days 02:01:23.388000,0 days 02:02:01.572000,0 days 02:02:23.261000,191.0,175.0,255.0,282.0,False,HARD,19.0,False,RB,0 days 02:01:01.910000,,1,13.0,False,,False,True,21.9,61.0,1018.8,False,46.6,36,1.3,True,False,False,False,False,False,+31.054,+1.201,31.054,1.201,7343.22,81.31,,,21.437,38.184,21.689,7283.388,7321.572,7343.261,7261.91
2024,Monaco Grand Prix,8,Monaco,Monaco,0 days 02:03:44.162000,RIC,3,0 days 00:01:20.942000,20.0,2.0,,Daniel Ricciardo,,0 days 00:00:21.160000,0 days 00:00:38.339000,0 days 00:00:21.443000,0 days 02:02:44.421000,0 days 02:03:22.760000,0 days 02:03:44.203000,194.0,170.0,255.0,269.0,False,HARD,20.0,False,RB,0 days 02:02:23.220000,,1,13.0,False,,False,True,21.9,62.0,1018.8,False,45.8,337,0.9,True,False,False,False,False,False,+33.287,+1.008,33.287,1.008,7424.162,80.942,,,21.16,38.339,21.443,7364.421,7402.76,7424.203,7343.22
2024,Monaco Grand Prix,8,Monaco,Monaco,0 days 02:05:04.979000,RIC,3,0 days 00:01:20.817000,21.0,2.0,,Daniel Ricciardo,,0 days 00:00:21.205000,0 days 00:00:37.822000,0 days 00:00:21.790000,0 days 02:04:05.408000,0 days 02:04:43.230000,0 days 02:05:05.020000,199.0,174.0,253.0,278.0,True,HARD,21.0,False,RB,0 days 02:03:44.162000,,1,13.0,False,,False,True,21.9,64.0,1018.7,False,45.8,0,1.3,True,False,False,False,False,False,+35.524,+1.448,35.524,1.448,7504.979,80.817,,,21.205,37.822,21.79,7445.408,7483.23,7505.02,7424.162
2024,Monaco Grand Prix,8,Monaco,Monaco,0 days 02:06:25.828000,RIC,3,0 days 00:01:20.849000,22.0,2.0,,Daniel Ricciardo,,0 days 00:00:21.090000,0 days 00:00:38.262000,0 days 00:00:21.497000,0 days 02:05:26.110000,0 days 02:06:04.372000,0 days 02:06:25.869000,201.0,167.0,255.0,260.0,False,HARD,22.0,False,RB,0 days 02:05:04.979000,,1,13.0,False,,False,True,21.8,65.0,1018.8,False,45.9,198,0.5,True,False,False,False,False,False,+37.861,+1.320,37.861,1.32,7585.828,80.849,,,21.09,38.262,21.497,7526.11,7564.372,7585.869,7504.979
2024,Monaco Grand Prix,8,Monaco,Monaco,0 days 02:07:46.490000,RIC,3,0 days 00:01:20.662000,23.0,2.0,,Daniel Ricciardo,,0 days 00:00:21.236000,0 days 00:00:37.948000,0 days 00:00:21.478000,0 days 02:06:47.105000,0 days 02:07:25.053000,0 days 02:07:46.531000,196.0,179.0,254.0,266.0,True,HARD,23.0,False,RB,0 days 02:06:25.828000,,1,13.0,False,,False,True,21.7,63.0,1018.7,False,46.1,356,1.1,True,False,False,False,False,False,+40.065,+1.736,40.065,1.736,7666.49,80.662,,,21.236,37.948,21.478,7607.105,7645.053,7666.531,7585.828
2024,Monaco Grand Prix,8,Monaco,Monaco,0 days 02:09:06.838000,RIC,3,0 days 00:01:20.348000,24.0,2.0,,Daniel Ricciardo,,0 days 00:00:20.907000,0 days 00:00:37.885000,0 days 00:00:21.556000,0 days 02:08:07.438000,0 days 02:08:45.323000,0 days 02:09:06.879000,195.0,172.0,260.0,269.0,True,HARD,24.0,False,RB,0 days 02:07:46.490000,,1,13.0,False,,False,True,21.8,64.0,1018.7,False,46.3,272,1.4,True,False,False,False,False,False,+41.688,+0.671,41.688,0.671,7746.838,80.348,,,20.907,37.885,21.556,7687.438,7725.323,7746.879,7666.49
2024,Monaco Grand Prix,8,Monaco,Monaco,0 days 02:10:27.867000,RIC,3,0 days 00:01:21.029000,25.0,2.0,,Daniel Ricciardo,,0 days 00:00:21.168000,0 days 00:00:37.992000,0 days 00:00:21.869000,0 days 02:09:28.047000,0 days 02:10:06.039000,0 days 02:10:27.908000,191.0,173.0,261.0,271.0,False,HARD,25.0,False,RB,0 days 02:09:06.838000,,1,13.0,False,,False,True,21.7,62.0,1018.6,False,45.7,325,1.3,True,False,False,False,False,False,+43.744,+0.609,43.744,0.609,7827.867,81.029,,,21.168,37.992,21.869,7768.047,7806.039,7827.908,7746.838
2024,Monaco Grand Prix,8,Monaco,Monaco,0 days 02:11:48.558000,RIC,3,0 days 00:01:20.691000,26.0,2.0,,Daniel Ricciardo,,0 days 00:00:21.346000,0 days 00:00:37.729000,0 days 00:00:21.616000,0 days 02:10:49.254000,0 days 02:11:26.983000,0 days 02:11:48.599000,197.0,176.0,261.0,271.0,False,HARD,26.0,False,RB,0 days 02:10:27.867000,,1,13.0,False,,False,True,21.8,64.0,1018.5,False,46.0,23,0.7,True,False,False,False,False,False,+45.990,+0.442,45.99,0.442,7908.558,80.691,,,21.346,37.729,21.616,7849.254,7886.983,7908.599,7827.867
2024,Monaco Grand Prix,8,Monaco,Monaco,0 days 02:13:09.923000,RIC,3,0 days 00:01:21.365000,27.0,2.0,,Daniel Ricciardo,,0 days 00:00:21.579000,0 days 00:00:37.917000,0 days 00:00:21.869000,0 days 02:12:10.178000,0 days 02:12:48.095000,0 days 02:13:09.964000,194.0,167.0,260.0,272.0,False,HARD,27.0,False,RB,0 days 02:11:48.558000,,1,13.0,False,,False,True,21.9,63.0,1018.6,False,46.0,296,0.6,True,False,False,False,False,False,+49.004,+0.504,49.004,0.504,7989.923,81.365,,,21.579,37.917,21.869,7930.178,7968.095,7989.964,7908.558
2024,Monaco Grand Prix,8,Monaco,Monaco,0 days 02:14:31.489000,RIC,3,0 days 00:01:21.566000,28.0,2.0,,Daniel Ricciardo,,0 days 00:00:21.734000,0 days 00:00:38.034000,0 days 00:00:21.798000,0 days 02:13:31.698000,0 days 02:14:09.732000,0 days 02:14:31.530000,197.0,173.0,261.0,271.0,False,HARD,28.0,False,RB,0 days 02:13:09.923000,,1,13.0,False,,False,True,22.0,63.0,1018.5,False,45.6,215,1.7,True,False,False,False,False,False,+51.860,+0.526,51.86,0.526,8071.489,81.566,,,21.734,38.034,21.798,8011.698,8049.732,8071.53,7989.923
2024,Monaco Grand Prix,8,Monaco,Monaco,0 days 02:15:52.754000,RIC,3,0 days 00:01:21.265000,29.0,2.0,,Daniel Ricciardo,,0 days 00:00:21.618000,0 days 00:00:37.943000,0 days 00:00:21.704000,0 days 02:14:53.148000,0 days 02:15:31.091000,0 days 02:15:52.795000,200.0,173.0,262.0,272.0,False,HARD,29.0,False,RB,0 days 02:14:31.489000,,1,13.0,False,,False,True,22.0,62.0,1018.5,False,45.9,220,0.9,True,False,False,False,False,False,+54.072,+0.586,54.072,0.586,8152.754,81.265,,,21.618,37.943,21.704,8093.148,8131.091,8152.795,8071.489
2024,Monaco Grand Prix,8,Monaco,Monaco,0 days 02:17:13.654000,RIC,3,0 days 00:01:20.900000,30.0,2.0,,Daniel Ricciardo,,0 days 00:00:21.548000,0 days 00:00:37.756000,0 days 00:00:21.596000,0 days 02:16:14.343000,0 days 02:16:52.099000,0 days 02:17:13.695000,199.0,172.0,262.0,269.0,False,HARD,30.0,False,RB,0 days 02:15:52.754000,,1,13.0,False,,False,True,22.0,61.0,1018.6,False,46.4,265,0.6,True,False,False,False,False,False,+55.037,+0.452,55.037,0.452,8233.654,80.9,,,21.548,37.756,21.596,8174.343,8212.099,8233.695,8152.754
2024,Monaco Grand Prix,8,Monaco,Monaco,0 days 02:18:34.357000,RIC,3,0 days 00:01:20.703000,31.0,2.0,,Daniel Ricciardo,,0 days 00:00:21.417000,0 days 00:00:37.636000,0 days 00:00:21.650000,0 days 02:17:35.112000,0 days 02:18:12.748000,0 days 02:18:34.398000,200.0,177.0,261.0,273.0,False,HARD,31.0,False,RB,0 days 02:17:13.654000,,1,13.0,False,,False,True,22.0,61.0,1018.6,False,45.5,237,0.9,True,False,False,False,False,False,+57.347,+0.513,57.347,0.513,8314.357,80.703,,,21.417,37.636,21.65,8255.112,8292.748,8314.398,8233.654
2024,Monaco Grand Prix,8,Monaco,Monaco,0 days 02:19:55.297000,RIC,3,0 days 00:01:20.940000,32.0,2.0,,Daniel Ricciardo,,0 days 00:00:21.516000,0 days 00:00:37.910000,0 days 00:00:21.514000,0 days 02:18:55.914000,0 days 02:19:33.824000,0 days 02:19:55.338000,200.0,168.0,263.0,266.0,False,HARD,32.0,False,RB,0 days 02:18:34.357000,,1,13.0,False,,False,True,21.9,62.0,1018.5,False,45.6,245,1.0,True,False,False,False,False,False,+59.205,+0.524,59.205,0.524,8395.297,80.94,,,21.516,37.91,21.514,8335.914,8373.824,8395.338,8314.357
2024,Monaco Grand Prix,8,Monaco,Monaco,0 days 02:21:15.692000,RIC,3,0 days 00:01:20.395000,33.0,2.0,,Daniel Ricciardo,,0 days 00:00:21.207000,0 days 00:00:37.445000,0 days 00:00:21.743000,0 days 02:20:16.545000,0 days 02:20:53.990000,0 days 02:21:15.733000,199.0,171.0,262.0,277.0,False,HARD,33.0,False,RB,0 days 02:19:55.297000,,1,13.0,False,,False,True,22.0,61.0,1018.5,False,45.9,268,1.0,True,False,False,False,False,False,+61.063,+0.488,61.063,0.488,8475.692,80.395,,,21.207,37.445,21.743,8416.545,8453.99,8475.733,8395.297
2024,Monaco Grand Prix,8,Monaco,Monaco,0 days 02:22:36.532000,RIC,3,0 days 00:01:20.840000,34.0,2.0,,Daniel Ricciardo,,0 days 00:00:21.215000,0 days 00:00:37.682000,0 days 00:00:21.943000,0 days 02:21:36.948000,0 days 02:22:14.630000,0 days 02:22:36.573000,184.0,183.0,261.0,277.0,False,HARD,34.0,False,RB,0 days 02:21:15.692000,,1,13.0,False,,False,True,22.0,62.0,1018.6,False,45.1,0,0.9,True,False,False,False,False,False,+62.686,+0.488,62.686,0.488,8556.532,80.84,,,21.215,37.682,21.943,8496.948,8534.63,8556.573,8475.692
2024,Monaco Grand Prix,8,Monaco,Monaco,0 days 02:23:57.072000,RIC,3,0 days 00:01:20.540000,35.0,2.0,,Daniel Ricciardo,,0 days 00:00:21.105000,0 days 00:00:37.755000,0 days 00:00:21.680000,0 days 02:22:57.678000,0 days 02:23:35.433000,0 days 02:23:57.113000,205.0,172.0,262.0,276.0,False,HARD,35.0,False,RB,0 days 02:22:36.532000,,1,13.0,False,,False,True,21.9,65.0,1018.6,False,44.5,358,0.6,True,False,False,False,False,False,+64.638,+0.622,64.638,0.622,8637.072,80.54,,,21.105,37.755,21.68,8577.678,8615.433,8637.113,8556.532
2024,Monaco Grand Prix,8,Monaco,Monaco,0 days 02:25:18.198000,RIC,3,0 days 00:01:21.126000,36.0,2.0,,Daniel Ricciardo,,0 days 00:00:21.513000,0 days 00:00:38.035000,0 days 00:00:21.578000,0 days 02:24:18.626000,0 days 02:24:56.661000,0 days 02:25:18.239000,196.0,169.0,262.0,272.0,False,HARD,36.0,False,RB,0 days 02:23:57.072000,,1,13.0,False,,False,True,21.7,63.0,1018.5,False,44.4,305,1.5,True,False,False,False,False,False,+67.061,+0.618,67.061,0.618,8718.198,81.126,,,21.513,38.035,21.578,8658.626,8696.661,8718.239,8637.072
2024,Monaco Grand Prix,8,Monaco,Monaco,0 days 02:26:39.556000,RIC,3,0 days 00:01:21.358000,37.0,2.0,,Daniel Ricciardo,,0 days 00:00:21.582000,0 days 00:00:38.074000,0 days 00:00:21.702000,0 days 02:25:39.821000,0 days 02:26:17.895000,0 days 02:26:39.597000,198.0,171.0,264.0,272.0,False,HARD,37.0,False,RB,0 days 02:25:18.198000,,1,13.0,False,,False,True,21.8,63.0,1018.5,False,44.5,271,1.0,True,False,False,False,False,False,+69.464,+0.403,69.464,0.403,8799.556,81.358,,,21.582,38.074,21.702,8739.821,8777.895,8799.597,8718.198
2024,Monaco Grand Prix,8,Monaco,Monaco,0 days 02:28:00.655000,RIC,3,0 days 00:01:21.099000,38.0,2.0,,Daniel Ricciardo,,0 days 00:00:21.613000,0 days 00:00:37.830000,0 days 00:00:21.656000,0 days 02:27:01.210000,0 days 02:27:39.040000,0 days 02:28:00.696000,199.0,175.0,264.0,271.0,False,HARD,38.0,False,RB,0 days 02:26:39.556000,,1,13.0,False,,False,True,21.8,62.0,1018.6,False,44.8,169,0.7,True,False,False,False,False,False,+72.035,+0.420,72.035,0.42,8880.655,81.099,,,21.613,37.83,21.656,8821.21,8859.04,8880.696,8799.556
2024,Monaco Grand Prix,8,Monaco,Monaco,0 days 02:29:21.910000,RIC,3,0 days 00:01:21.255000,39.0,2.0,,Daniel Ricciardo,,0 days 00:00:21.466000,0 days 00:00:38.163000,0 days 00:00:21.626000,0 days 02:28:22.162000,0 days 02:29:00.325000,0 days 02:29:21.951000,197.0,175.0,264.0,270.0,False,HARD,39.0,False,RB,0 days 02:28:00.655000,,1,13.0,False,,False,True,21.9,61.0,1018.6,False,44.4,269,0.8,True,False,False,False,False,False,+75.109,+0.410,75.109,0.41,8961.91,81.255,,,21.466,38.163,21.626,8902.162,8940.325,8961.951,8880.655
2024,Monaco Grand Prix,8,Monaco,Monaco,0 days 02:30:42.780000,RIC,3,0 days 00:01:20.870000,40.0,2.0,,Daniel Ricciardo,,0 days 00:00:21.292000,0 days 00:00:38.038000,0 days 00:00:21.540000,0 days 02:29:43.243000,0 days 02:30:21.281000,0 days 02:30:42.821000,199.0,183.0,263.0,268.0,False,HARD,40.0,False,RB,0 days 02:29:21.910000,,1,13.0,False,,False,True,22.0,60.0,1018.5,False,44.4,111,0.8,True,False,False,False,False,False,+77.246,+0.525,77.246,0.525,9042.78,80.87,,,21.292,38.038,21.54,8983.243,9021.281,9042.821,8961.91
2024,Monaco Grand Prix,8,Monaco,Monaco,0 days 02:32:07.998000,RIC,3,0 days 00:01:25.218000,41.0,2.0,,Daniel Ricciardo,,0 days 00:00:22.294000,0 days 00:00:38.546000,0 days 00:00:24.378000,0 days 02:31:05.115000,0 days 02:31:43.661000,0 days 02:32:08.039000,161.0,154.0,262.0,268.0,False,HARD,41.0,False,RB,0 days 02:30:42.780000,,1,13.0,False,,False,True,22.0,62.0,1018.4,False,44.4,30,0.5,True,False,False,False,False,False,1 L,+2.297,,2.297,9127.998,85.218,,,22.294,38.546,24.378,9065.115,9103.661,9128.039,9042.78
2024,Monaco Grand Prix,8,Monaco,Monaco,0 days 02:33:29.525000,RIC,3,0 days 00:01:21.527000,42.0,2.0,,Daniel Ricciardo,,0 days 00:00:21.932000,0 days 00:00:38.194000,0 days 00:00:21.401000,0 days 02:32:29.971000,0 days 02:33:08.165000,0 days 02:33:29.566000,175.0,181.0,264.0,273.0,False,HARD,42.0,False,RB,0 days 02:32:07.998000,,1,13.0,False,,False,True,21.9,59.0,1018.5,False,44.8,0,0.9,True,False,False,False,False,False,1 L,+0.492,,0.492,9209.525,81.527,,,21.932,38.194,21.401,9149.971,9188.165,9209.566,9127.998
2024,Monaco Grand Prix,8,Monaco,Monaco,0 days 02:34:50.578000,RIC,3,0 days 00:01:21.053000,43.0,2.0,,Daniel Ricciardo,,0 days 00:00:21.041000,0 days 00:00:38.257000,0 days 00:00:21.755000,0 days 02:33:50.607000,0 days 02:34:28.864000,0 days 02:34:50.619000,188.0,175.0,257.0,256.0,False,HARD,43.0,False,RB,0 days 02:33:29.525000,,1,13.0,False,,False,True,21.9,59.0,1018.6,False,44.8,227,1.0,True,False,False,False,False,False,1 L,+1.290,,1.29,9290.578,81.053,,,21.041,38.257,21.755,9230.607,9268.864,9290.619,9209.525
2024,Monaco Grand Prix,8,Monaco,Monaco,0 days 02:36:08.581000,RIC,3,0 days 00:01:18.003000,44.0,2.0,,Daniel Ricciardo,,0 days 00:00:20.370000,0 days 00:00:36.746000,0 days 00:00:20.887000,0 days 02:35:10.989000,0 days 02:35:47.735000,0 days 02:36:08.622000,195.0,192.0,265.0,279.0,True,HARD,44.0,False,RB,0 days 02:34:50.578000,,1,13.0,False,,False,True,22.0,58.0,1018.5,False,44.5,192,0.5,True,False,False,False,False,False,1 L,+0.486,,0.486,9368.581,78.003,,,20.37,36.746,20.887,9310.989,9347.735,9368.622,9290.578
2024,Monaco Grand Prix,8,Monaco,Monaco,0 days 02:37:30.342000,RIC,3,0 days 00:01:21.761000,45.0,2.0,,Daniel Ricciardo,,0 days 00:00:21.241000,0 days 00:00:38.590000,0 days 00:00:21.930000,0 days 02:36:29.863000,0 days 02:37:08.453000,0 days 02:37:30.383000,192.0,170.0,255.0,266.0,False,HARD,45.0,False,RB,0 days 02:36:08.581000,,1,13.0,False,,False,True,21.9,57.0,1018.3,False,44.5,203,1.8,True,False,False,False,False,False,1 L,+2.191,,2.191,9450.342,81.761,,,21.241,38.59,21.93,9389.863,9428.453,9450.383,9368.581
2024,Monaco Grand Prix,8,Monaco,Monaco,0 days 02:38:47.514000,RIC,3,0 days 00:01:17.172000,46.0,2.0,,Daniel Ricciardo,,0 days 00:00:20.128000,0 days 00:00:36.366000,0 days 00:00:20.678000,0 days 02:37:50.511000,0 days 02:38:26.877000,0 days 02:38:47.555000,200.0,191.0,265.0,279.0,True,HARD,46.0,False,RB,0 days 02:37:30.342000,,1,13.0,False,,False,True,22.0,58.0,1018.4,False,44.5,276,1.8,True,False,False,False,False,False,1 L,+0.459,,0.459,9527.514,77.172,,,20.128,36.366,20.678,9470.511,9506.877,9527.555,9450.342
2024,Monaco Grand Prix,8,Monaco,Monaco,0 days 02:40:08.585000,RIC,3,0 days 00:01:21.071000,47.0,2.0,,Daniel Ricciardo,,0 days 00:00:21.023000,0 days 00:00:37.949000,0 days 00:00:22.099000,0 days 02:39:08.578000,0 days 02:39:46.527000,0 days 02:40:08.626000,191.0,171.0,255.0,269.0,False,HARD,47.0,False,RB,0 days 02:38:47.514000,,1,13.0,False,,False,True,22.0,57.0,1018.5,False,43.8,205,0.7,True,False,False,False,False,False,1 L,+2.421,,2.421,9608.585,81.071,,,21.023,37.949,22.099,9548.578,9586.527,9608.626,9527.514
2024,Monaco Grand Prix,8,Monaco,Monaco,0 days 02:41:26.867000,RIC,3,0 days 00:01:18.282000,48.0,2.0,,Daniel Ricciardo,,0 days 00:00:20.173000,0 days 00:00:36.242000,0 days 00:00:21.867000,0 days 02:40:28.799000,0 days 02:41:05.041000,0 days 02:41:26.908000,204.0,181.0,264.0,278.0,False,HARD,48.0,False,RB,0 days 02:40:08.585000,,1,12.0,False,,False,True,22.0,57.0,1018.4,False,43.7,0,1.7,True,False,False,False,False,False,1 L,+0.388,,0.388,9686.867,78.282,,,20.173,36.242,21.867,9628.799,9665.041,9686.908,9608.585
2024,Monaco Grand Prix,8,Monaco,Monaco,0 days 02:42:46.704000,RIC,3,0 days 00:01:19.837000,49.0,2.0,,Daniel Ricciardo,,0 days 00:00:21.326000,0 days 00:00:37.163000,0 days 00:00:21.348000,0 days 02:41:48.234000,0 days 02:42:25.397000,0 days 02:42:46.745000,197.0,183.0,265.0,280.0,False,HARD,49.0,False,RB,0 days 02:41:26.867000,,1,12.0,False,,False,True,21.9,58.0,1018.5,False,43.7,354,1.0,True,False,False,False,False,False,1 L,+0.388,,0.388,9766.704,79.837,,,21.326,37.163,21.348,9708.234,9745.397,9766.745,9686.867
2024,Monaco Grand Prix,8,Monaco,Monaco,0 days 02:44:06.500000,RIC,3,0 days 00:01:19.796000,50.0,2.0,,Daniel Ricciardo,,0 days 00:00:21.024000,0 days 00:00:37.197000,0 days 00:00:21.575000,0 days 02:43:07.769000,0 days 02:43:44.966000,0 days 02:44:06.541000,196.0,183.0,262.0,280.0,False,HARD,50.0,False,RB,0 days 02:42:46.704000,,1,12.0,False,,False,True,21.9,58.0,1018.5,False,43.7,89,1.1,True,False,False,False,False,False,1 L,+0.850,,0.85,9846.5,79.796,,,21.024,37.197,21.575,9787.769,9824.966,9846.541,9766.704
2024,Monaco Grand Prix,8,Monaco,Monaco,0 days 02:45:29.183000,RIC,3,0 days 00:01:22.683000,51.0,2.0,,Daniel Ricciardo,,0 days 00:00:20.960000,0 days 00:00:38.146000,0 days 00:00:23.577000,0 days 02:44:27.501000,0 days 02:45:05.647000,0 days 02:45:29.224000,189.0,168.0,262.0,259.0,False,HARD,51.0,False,RB,0 days 02:44:06.500000,,12,12.0,False,,False,True,21.8,57.0,1018.5,False,43.2,52,1.0,True,True,False,False,False,False,1 L,+2.897,,2.897,9929.183,82.683,,,20.96,38.146,23.577,9867.501,9905.647,9929.224,9846.5
2024,Monaco Grand Prix,8,Monaco,Monaco,0 days 02:46:49.879000,RIC,3,0 days 00:01:20.696000,52.0,2.0,,Daniel Ricciardo,,0 days 00:00:20.643000,0 days 00:00:38.536000,0 days 00:00:21.517000,0 days 02:45:49.867000,0 days 02:46:28.403000,0 days 02:46:49.920000,189.0,170.0,270.0,280.0,False,HARD,52.0,False,RB,0 days 02:45:29.183000,,21,12.0,False,,False,True,21.9,58.0,1018.5,False,43.2,321,0.8,True,True,False,False,False,False,1 L,+0.312,,0.312,10009.879,80.696,,,20.643,38.536,21.517,9949.867,9988.403,10009.92,9929.183
2024,Monaco Grand Prix,8,Monaco,Monaco,0 days 02:48:09.958000,RIC,3,0 days 00:01:20.079000,53.0,2.0,,Daniel Ricciardo,,0 days 00:00:21.237000,0 days 00:00:37.601000,0 days 00:00:21.241000,0 days 02:47:11.157000,0 days 02:47:48.758000,0 days 02:48:09.999000,187.0,177.0,267.0,280.0,False,HARD,53.0,False,RB,0 days 02:46:49.879000,,1,12.0,False,,False,True,21.9,59.0,1018.6,False,43.0,228,1.1,True,False,False,False,False,False,1 L,+0.303,,0.303,10089.958,80.079,,,21.237,37.601,21.241,10031.157,10068.758,10089.999,10009.879
2024,Monaco Grand Prix,8,Monaco,Monaco,0 days 02:49:29.134000,RIC,3,0 days 00:01:19.176000,54.0,2.0,,Daniel Ricciardo,,0 days 00:00:20.964000,0 days 00:00:37.136000,0 days 00:00:21.076000,0 days 02:48:30.963000,0 days 02:49:08.099000,0 days 02:49:29.175000,203.0,183.0,267.0,280.0,False,HARD,54.0,False,RB,0 days 02:48:09.958000,,1,12.0,False,,False,True,21.7,59.0,1018.4,False,42.5,0,1.1,True,False,False,False,False,False,1 L,+0.288,,0.288,10169.134,79.176,,,20.964,37.136,21.076,10110.963,10148.099,10169.175,10089.958
2024,Monaco Grand Prix,8,Monaco,Monaco,0 days 02:50:48.591000,RIC,3,0 days 00:01:19.457000,55.0,2.0,,Daniel Ricciardo,,0 days 00:00:21.059000,0 days 00:00:37.324000,0 days 00:00:21.074000,0 days 02:49:50.234000,0 days 02:50:27.558000,0 days 02:50:48.632000,201.0,185.0,266.0,278.0,False,HARD,55.0,False,RB,0 days 02:49:29.134000,,1,12.0,False,,False,True,21.7,60.0,1018.4,False,42.4,59,0.9,True,False,False,False,False,False,1 L,+0.334,,0.334,10248.591,79.457,,,21.059,37.324,21.074,10190.234,10227.558,10248.632,10169.134
2024,Monaco Grand Prix,8,Monaco,Monaco,0 days 02:52:10.598000,RIC,3,0 days 00:01:22.007000,56.0,2.0,,Daniel Ricciardo,,0 days 00:00:21.726000,0 days 00:00:37.908000,0 days 00:00:22.373000,0 days 02:51:10.358000,0 days 02:51:48.266000,0 days 02:52:10.639000,154.0,173.0,226.0,271.0,False,HARD,56.0,False,RB,0 days 02:50:48.591000,,1,12.0,False,,False,True,21.6,60.0,1018.4,False,42.2,140,0.8,True,False,False,False,False,False,1 L,+0.839,,0.839,10330.598,82.007,,,21.726,37.908,22.373,10270.358,10308.266,10330.639,10248.591
2024,Monaco Grand Prix,8,Monaco,Monaco,0 days 02:53:30.270000,RIC,3,0 days 00:01:19.672000,57.0,2.0,,Daniel Ricciardo,,0 days 00:00:21.529000,0 days 00:00:37.023000,0 days 00:00:21.120000,0 days 02:52:32.168000,0 days 02:53:09.191000,0 days 02:53:30.311000,200.0,182.0,263.0,278.0,False,HARD,57.0,False,RB,0 days 02:52:10.598000,,1,12.0,False,,False,True,21.8,60.0,1018.5,False,42.2,30,1.2,True,False,False,False,False,False,1 L,+0.674,,0.674,10410.27,79.672,,,21.529,37.023,21.12,10352.168,10389.191,10410.311,10330.598
2024,Monaco Grand Prix,8,Monaco,Monaco,0 days 02:54:49.389000,RIC,3,0 days 00:01:19.119000,58.0,2.0,,Daniel Ricciardo,,0 days 00:00:20.707000,0 days 00:00:37.181000,0 days 00:00:21.231000,0 days 02:53:51.018000,0 days 02:54:28.199000,0 days 02:54:49.430000,200.0,188.0,264.0,280.0,False,HARD,58.0,False,RB,0 days 02:53:30.270000,,1,12.0,False,,False,True,21.6,61.0,1018.4,False,41.9,9,1.1,True,False,False,False,False,False,1 L,+0.590,,0.59,10489.389,79.119,,,20.707,37.181,21.231,10431.018,10468.199,10489.43,10410.27
2024,Monaco Grand Prix,8,Monaco,Monaco,0 days 02:56:08.325000,RIC,3,0 days 00:01:18.936000,59.0,2.0,,Daniel Ricciardo,,0 days 00:00:20.851000,0 days 00:00:37.117000,0 days 00:00:20.968000,0 days 02:55:10.281000,0 days 02:55:47.398000,0 days 02:56:08.366000,197.0,190.0,268.0,279.0,False,HARD,59.0,False,RB,0 days 02:54:49.389000,,1,12.0,False,,False,True,21.5,61.0,1018.5,False,42.3,284,0.5,True,False,False,False,False,False,1 L,+0.281,,0.281,10568.325,78.936,,,20.851,37.117,20.968,10510.281,10547.398,10568.366,10489.389
2024,Monaco Grand Prix,8,Monaco,Monaco,0 days 02:57:27.555000,RIC,3,0 days 00:01:19.230000,60.0,2.0,,Daniel Ricciardo,,0 days 00:00:21.090000,0 days 00:00:37.077000,0 days 00:00:21.063000,0 days 02:56:29.456000,0 days 02:57:06.533000,0 days 02:57:27.596000,204.0,184.0,265.0,279.0,False,HARD,60.0,False,RB,0 days 02:56:08.325000,,1,12.0,False,,False,True,21.6,60.0,1018.4,False,42.0,241,0.9,True,False,False,False,False,False,1 L,+0.442,,0.442,10647.555,79.23,,,21.09,37.077,21.063,10589.456,10626.533,10647.596,10568.325
2024,Monaco Grand Prix,8,Monaco,Monaco,0 days 02:58:46.326000,RIC,3,0 days 00:01:18.771000,61.0,2.0,,Daniel Ricciardo,,0 days 00:00:20.756000,0 days 00:00:37.022000,0 days 00:00:20.993000,0 days 02:57:48.352000,0 days 02:58:25.374000,0 days 02:58:46.367000,203.0,187.0,265.0,280.0,False,HARD,61.0,False,RB,0 days 02:57:27.555000,,1,12.0,False,,False,True,21.8,59.0,1018.4,False,42.0,264,1.2,True,False,False,False,False,False,1 L,+0.446,,0.446,10726.326,78.771,,,20.756,37.022,20.993,10668.352,10705.374,10726.367,10647.555
2024,Monaco Grand Prix,8,Monaco,Monaco,0 days 03:00:05.303000,RIC,3,0 days 00:01:18.977000,62.0,2.0,,Daniel Ricciardo,,0 days 00:00:20.906000,0 days 00:00:37.002000,0 days 00:00:21.069000,0 days 02:59:07.273000,0 days 02:59:44.275000,0 days 03:00:05.344000,204.0,181.0,264.0,280.0,False,HARD,62.0,False,RB,0 days 02:58:46.326000,,1,12.0,False,,False,True,22.0,60.0,1018.5,False,42.0,284,0.8,True,False,False,False,False,False,1 L,+0.525,,0.525,10805.303,78.977,,,20.906,37.002,21.069,10747.273,10784.275,10805.344,10726.326
2024,Monaco Grand Prix,8,Monaco,Monaco,0 days 03:01:24.108000,RIC,3,0 days 00:01:18.805000,63.0,2.0,,Daniel Ricciardo,,0 days 00:00:20.639000,0 days 00:00:36.954000,0 days 00:00:21.212000,0 days 03:00:25.983000,0 days 03:01:02.937000,0 days 03:01:24.149000,204.0,182.0,264.0,279.0,False,HARD,63.0,False,RB,0 days 03:00:05.303000,,1,12.0,False,,False,True,21.9,60.0,1018.4,False,42.0,215,0.9,True,False,False,False,False,False,1 L,+0.774,,0.774,10884.108,78.805,,,20.639,36.954,21.212,10825.983,10862.937,10884.149,10805.303
2024,Monaco Grand Prix,8,Monaco,Monaco,0 days 03:02:42.745000,RIC,3,0 days 00:01:18.637000,64.0,2.0,,Daniel Ricciardo,,0 days 00:00:20.598000,0 days 00:00:37.056000,0 days 00:00:20.983000,0 days 03:01:44.747000,0 days 03:02:21.803000,0 days 03:02:42.786000,206.0,183.0,265.0,273.0,False,HARD,64.0,False,RB,0 days 03:01:24.108000,,1,12.0,False,,False,True,21.9,59.0,1018.4,False,41.7,283,1.2,True,False,False,False,False,False,1 L,+0.737,,0.737,10962.745,78.637,,,20.598,37.056,20.983,10904.747,10941.803,10962.786,10884.108
2024,Monaco Grand Prix,8,Monaco,Monaco,0 days 03:04:01.475000,RIC,3,0 days 00:01:18.730000,65.0,2.0,,Daniel Ricciardo,,0 days 00:00:20.594000,0 days 00:00:36.983000,0 days 00:00:21.153000,0 days 03:03:03.380000,0 days 03:03:40.363000,0 days 03:04:01.516000,201.0,184.0,264.0,273.0,False,HARD,65.0,False,RB,0 days 03:02:42.745000,,1,12.0,False,,False,True,22.0,59.0,1018.3,False,41.7,325,1.7,True,False,False,False,False,False,1 L,+0.772,,0.772,11041.475,78.73,,,20.594,36.983,21.153,10983.38,11020.363,11041.516,10962.745
2024,Monaco Grand Prix,8,Monaco,Monaco,0 days 03:05:19.723000,RIC,3,0 days 00:01:18.248000,66.0,2.0,,Daniel Ricciardo,,0 days 00:00:20.435000,0 days 00:00:36.938000,0 days 00:00:20.875000,0 days 03:04:21.951000,0 days 03:04:58.889000,0 days 03:05:19.764000,202.0,185.0,267.0,280.0,False,HARD,66.0,False,RB,0 days 03:04:01.475000,,1,12.0,False,,False,True,21.8,60.0,1018.4,False,40.9,14,0.7,True,False,False,False,False,False,1 L,+0.476,,0.476,11119.723,78.248,,,20.435,36.938,20.875,11061.951,11098.889,11119.764,11041.475
2024,Monaco Grand Prix,8,Monaco,Monaco,0 days 03:06:37.942000,RIC,3,0 days 00:01:18.219000,67.0,2.0,,Daniel Ricciardo,,0 days 00:00:20.633000,0 days 00:00:36.902000,0 days 00:00:20.684000,0 days 03:05:40.397000,0 days 03:06:17.299000,0 days 03:06:37.983000,199.0,189.0,266.0,274.0,False,HARD,67.0,False,RB,0 days 03:05:19.723000,,1,12.0,False,,False,True,21.7,61.0,1018.4,False,41.1,229,0.8,True,False,False,False,False,False,1 L,+0.476,,0.476,11197.942,78.219,,,20.633,36.902,20.684,11140.397,11177.299,11197.983,11119.723
2024,Monaco Grand Prix,8,Monaco,Monaco,0 days 03:07:56.058000,RIC,3,0 days 00:01:18.116000,68.0,2.0,,Daniel Ricciardo,,0 days 00:00:20.473000,0 days 00:00:36.811000,0 days 00:00:20.832000,0 days 03:06:58.456000,0 days 03:07:35.267000,0 days 03:07:56.099000,202.0,191.0,265.0,275.0,False,HARD,68.0,False,RB,0 days 03:06:37.942000,,1,12.0,False,,False,True,21.8,60.0,1018.5,False,41.6,224,0.8,True,False,False,False,False,False,1 L,+0.653,,0.653,11276.058,78.116,,,20.473,36.811,20.832,11218.456,11255.267,11276.099,11197.942
2024,Monaco Grand Prix,8,Monaco,Monaco,0 days 03:09:14.444000,RIC,3,0 days 00:01:18.386000,69.0,2.0,,Daniel Ricciardo,,0 days 00:00:20.405000,0 days 00:00:36.982000,0 days 00:00:20.999000,0 days 03:08:16.504000,0 days 03:08:53.486000,0 days 03:09:14.485000,202.0,189.0,267.0,279.0,False,HARD,69.0,False,RB,0 days 03:07:56.058000,,1,12.0,False,,False,True,21.7,60.0,1018.4,False,41.1,0,0.4,True,False,False,False,False,False,1 L,+0.409,,0.409,11354.444,78.386,,,20.405,36.982,20.999,11296.504,11333.486,11354.485,11276.058
2024,Monaco Grand Prix,8,Monaco,Monaco,0 days 03:10:33.150000,RIC,3,0 days 00:01:18.706000,70.0,2.0,,Daniel Ricciardo,,0 days 00:00:20.715000,0 days 00:00:36.965000,0 days 00:00:21.026000,0 days 03:09:35.200000,0 days 03:10:12.165000,0 days 03:10:33.191000,201.0,190.0,264.0,279.0,False,HARD,70.0,False,RB,0 days 03:09:14.444000,,1,12.0,False,,False,True,21.6,61.0,1018.4,False,41.0,58,0.7,True,False,False,False,False,False,1 L,+0.622,,0.622,11433.15,78.706,,,20.715,36.965,21.026,11375.2,11412.165,11433.191,11354.444
2024,Monaco Grand Prix,8,Monaco,Monaco,0 days 03:11:51.258000,RIC,3,0 days 00:01:18.108000,71.0,2.0,,Daniel Ricciardo,,0 days 00:00:20.438000,0 days 00:00:36.822000,0 days 00:00:20.848000,0 days 03:10:53.629000,0 days 03:11:30.451000,0 days 03:11:51.299000,203.0,191.0,266.0,279.0,False,HARD,71.0,False,RB,0 days 03:10:33.150000,,1,12.0,False,,False,True,21.6,62.0,1018.4,False,40.5,214,0.9,True,False,False,False,False,False,1 L,+0.630,,0.63,11511.258,78.108,,,20.438,36.822,20.848,11453.629,11490.451,11511.299,11433.15
2024,Monaco Grand Prix,8,Monaco,Monaco,0 days 03:13:09.326000,RIC,3,0 days 00:01:18.068000,72.0,2.0,,Daniel Ricciardo,,0 days 00:00:20.507000,0 days 00:00:36.906000,0 days 00:00:20.655000,0 days 03:12:11.806000,0 days 03:12:48.712000,0 days 03:13:09.367000,204.0,188.0,266.0,273.0,False,HARD,72.0,False,RB,0 days 03:11:51.258000,,1,12.0,False,,False,True,21.6,61.0,1018.4,False,40.5,209,0.5,True,False,False,False,False,False,1 L,+0.623,,0.623,11589.326,78.068,,,20.507,36.906,20.655,11531.806,11568.712,11589.367,11511.258
2024,Monaco Grand Prix,8,Monaco,Monaco,0 days 03:14:27.838000,RIC,3,0 days 00:01:18.512000,73.0,2.0,,Daniel Ricciardo,,0 days 00:00:20.501000,0 days 00:00:36.922000,0 days 00:00:21.089000,0 days 03:13:29.868000,0 days 03:14:06.790000,0 days 03:14:27.879000,200.0,186.0,266.0,276.0,False,HARD,73.0,False,RB,0 days 03:13:09.326000,,1,12.0,False,,False,True,21.7,61.0,1018.4,False,40.8,214,0.7,True,False,False,False,False,False,1 L,+0.529,,0.529,11667.838,78.512,,,20.501,36.922,21.089,11609.868,11646.79,11667.879,11589.326
2024,Monaco Grand Prix,8,Monaco,Monaco,0 days 03:15:48.196000,RIC,3,0 days 00:01:20.358000,74.0,2.0,,Daniel Ricciardo,,0 days 00:00:21.820000,0 days 00:00:37.370000,0 days 00:00:21.168000,0 days 03:14:49.699000,0 days 03:15:27.069000,0 days 03:15:48.237000,143.0,180.0,266.0,280.0,False,HARD,74.0,False,RB,0 days 03:14:27.838000,,1,12.0,False,,False,True,21.7,61.0,1018.4,False,40.6,353,0.6,True,False,False,False,False,False,2 L,+0.551,,0.551,11748.196,80.358,,,21.82,37.37,21.168,11689.699,11727.069,11748.237,11667.838
2024,Monaco Grand Prix,8,Monaco,Monaco,0 days 03:17:06.841000,RIC,3,0 days 00:01:18.645000,75.0,2.0,,Daniel Ricciardo,,0 days 00:00:20.617000,0 days 00:00:37.121000,0 days 00:00:20.907000,0 days 03:16:08.854000,0 days 03:16:45.975000,0 days 03:17:06.882000,199.0,186.0,267.0,282.0,False,HARD,75.0,False,RB,0 days 03:15:48.196000,,1,12.0,False,,False,True,21.7,61.0,1018.4,False,40.6,224,0.9,True,False,False,False,False,False,2 L,+0.600,,0.6,11826.841,78.645,,,20.617,37.121,20.907,11768.854,11805.975,11826.882,11748.196
2024,Monaco Grand Prix,8,Monaco,Monaco,0 days 03:18:25.771000,RIC,3,0 days 00:01:18.930000,76.0,2.0,,Daniel Ricciardo,,0 days 00:00:20.560000,0 days 00:00:37.196000,0 days 00:00:21.174000,0 days 03:17:27.442000,0 days 03:18:04.638000,0 days 03:18:25.812000,202.0,182.0,265.0,281.0,False,HARD,76.0,False,RB,0 days 03:17:06.841000,,1,12.0,False,,False,True,21.8,61.0,1018.4,False,40.9,284,0.8,True,False,False,False,False,False,2 L,+0.498,,0.498,11905.771,78.93,,,20.56,37.196,21.174,11847.442,11884.638,11905.812,11826.841
2024,Monaco Grand Prix,8,Monaco,Monaco,0 days 01:36:02.319000,OCO,31,,1.0,1.0,,Esteban Ocon,,,,,,,,,,,,False,HARD,1.0,True,Alpine,0 days 00:55:05.680000,,1254,,False,,True,False,21.6,66.0,1018.9,False,48.4,255,0.6,True,True,True,True,False,False,,,,,5762.319,,,,,,,,,,3305.68
2024,Monaco Grand Prix,8,Monaco,Monaco,0 days 01:36:14.241000,NOR,4,0 days 00:41:08.042000,1.0,1.0,,Lando Norris,0 days 00:56:49.559000,,0 days 00:00:47.606000,,,0 days 00:56:22.289000,,182.0,76.0,,270.0,False,MEDIUM,2.0,False,McLaren,0 days 00:55:05.680000,,1254,4.0,False,,False,False,21.6,66.0,1018.9,False,48.4,255,0.6,True,True,True,True,False,False,+3.808,+1.371,3.808,1.371,5774.241,2468.042,3409.559,,,47.606,,,3382.289,,3305.68
2024,Monaco Grand Prix,8,Monaco,Monaco,0 days 01:39:01.661000,NOR,4,,2.0,2.0,0 days 01:36:14.893000,Lando Norris,,0 days 00:00:26.504000,0 days 00:00:38.810000,,0 days 01:36:40.660000,0 days 01:37:19.432000,,179.0,181.0,2.0,249.0,False,HARD,2.0,False,McLaren,0 days 01:35:54.733000,,14,4.0,False,,False,False,21.5,65.0,1018.9,False,48.1,9,0.8,True,False,True,False,False,False,+1.521,+0.323,1.521,0.323,5941.661,,,5774.893,26.504,38.81,,5800.66,5839.432,,5754.733
2024,Monaco Grand Prix,8,Monaco,Monaco,0 days 01:40:26.944000,NOR,4,0 days 00:01:25.283000,3.0,2.0,,Lando Norris,,0 days 00:00:24.612000,0 days 00:00:38.686000,0 days 00:00:21.985000,0 days 01:39:26.273000,0 days 01:40:04.959000,0 days 01:40:26.944000,168.0,165.0,256.0,274.0,True,HARD,3.0,False,McLaren,0 days 01:39:01.661000,,1,4.0,False,,False,True,21.6,65.0,1018.8,False,49.2,0,0.6,True,False,False,False,False,False,+2.180,+0.594,2.18,0.594,6026.944,85.283,,,24.612,38.686,21.985,5966.273,6004.959,6026.944,5941.661
2024,Monaco Grand Prix,8,Monaco,Monaco,0 days 01:41:49.726000,NOR,4,0 days 00:01:22.782000,4.0,2.0,,Lando Norris,,0 days 00:00:21.812000,0 days 00:00:38.792000,0 days 00:00:22.178000,0 days 01:40:48.756000,0 days 01:41:27.548000,0 days 01:41:49.726000,181.0,159.0,264.0,276.0,True,HARD,4.0,False,McLaren,0 days 01:40:26.944000,,1,4.0,False,,False,True,21.7,63.0,1018.9,False,49.2,0,0.6,True,False,False,False,False,False,+2.337,+1.018,2.337,1.018,6109.726,82.782,,,21.812,38.792,22.178,6048.756,6087.548,6109.726,6026.944
2024,Monaco Grand Prix,8,Monaco,Monaco,0 days 01:43:11.873000,NOR,4,0 days 00:01:22.147000,5.0,2.0,,Lando Norris,,0 days 00:00:21.499000,0 days 00:00:38.347000,0 days 00:00:22.301000,0 days 01:42:11.225000,0 days 01:42:49.572000,0 days 01:43:11.873000,188.0,169.0,261.0,273.0,True,HARD,5.0,False,McLaren,0 days 01:41:49.726000,,1,4.0,False,,False,True,21.7,63.0,1018.8,False,48.8,57,0.6,True,False,False,False,False,False,+2.689,+1.187,2.689,1.187,6191.873,82.147,,,21.499,38.347,22.301,6131.225,6169.572,6191.873,6109.726
2024,Monaco Grand Prix,8,Monaco,Monaco,0 days 01:44:33.677000,NOR,4,0 days 00:01:21.804000,6.0,2.0,,Lando Norris,,0 days 00:00:21.361000,0 days 00:00:38.233000,0 days 00:00:22.210000,0 days 01:43:33.234000,0 days 01:44:11.467000,0 days 01:44:33.677000,191.0,184.0,256.0,272.0,True,HARD,6.0,False,McLaren,0 days 01:43:11.873000,,1,4.0,False,,False,True,21.6,63.0,1018.8,False,48.2,0,1.0,True,False,False,False,False,False,+3.348,+1.828,3.348,1.828,6273.677,81.804,,,21.361,38.233,22.21,6213.234,6251.467,6273.677,6191.873
2024,Monaco Grand Prix,8,Monaco,Monaco,0 days 01:45:54.505000,NOR,4,0 days 00:01:20.828000,7.0,2.0,,Lando Norris,,0 days 00:00:21.045000,0 days 00:00:37.917000,0 days 00:00:21.866000,0 days 01:44:54.722000,0 days 01:45:32.639000,0 days 01:45:54.505000,189.0,182.0,257.0,275.0,True,HARD,7.0,False,McLaren,0 days 01:44:33.677000,,1,4.0,False,,False,True,21.8,64.0,1018.9,False,48.7,6,0.4,True,False,False,False,False,False,+3.196,+1.190,3.196,1.19,6354.505,80.828,,,21.045,37.917,21.866,6294.722,6332.639,6354.505,6273.677
2024,Monaco Grand Prix,8,Monaco,Monaco,0 days 01:47:15.325000,NOR,4,0 days 00:01:20.820000,8.0,2.0,,Lando Norris,,0 days 00:00:21.342000,0 days 00:00:37.851000,0 days 00:00:21.627000,0 days 01:46:15.847000,0 days 01:46:53.698000,0 days 01:47:15.325000,187.0,181.0,256.0,276.0,True,HARD,8.0,False,McLaren,0 days 01:45:54.505000,,1,4.0,False,,False,True,21.8,64.0,1018.9,False,48.0,104,1.4,True,False,False,False,False,False,+2.986,+1.738,2.986,1.738,6435.325,80.82,,,21.342,37.851,21.627,6375.847,6413.698,6435.325,6354.505
2024,Monaco Grand Prix,8,Monaco,Monaco,0 days 01:48:35.722000,NOR,4,0 days 00:01:20.397000,9.0,2.0,,Lando Norris,,0 days 00:00:20.935000,0 days 00:00:37.902000,0 days 00:00:21.560000,0 days 01:47:36.260000,0 days 01:48:14.162000,0 days 01:48:35.722000,185.0,177.0,256.0,275.0,True,HARD,9.0,False,McLaren,0 days 01:47:15.325000,,1,4.0,False,,False,True,22.0,64.0,1018.8,False,47.9,340,1.1,True,False,False,False,False,False,+3.269,+1.610,3.269,1.61,6515.722,80.397,,,20.935,37.902,21.56,6456.26,6494.162,6515.722,6435.325
2024,Monaco Grand Prix,8,Monaco,Monaco,0 days 01:49:56.694000,NOR,4,0 days 00:01:20.972000,10.0,2.0,,Lando Norris,,0 days 00:00:21.081000,0 days 00:00:37.960000,0 days 00:00:21.931000,0 days 01:48:56.803000,0 days 01:49:34.763000,0 days 01:49:56.694000,191.0,181.0,257.0,272.0,False,HARD,10.0,False,McLaren,0 days 01:48:35.722000,,1,4.0,False,,False,True,22.1,65.0,1018.8,False,47.4,289,0.7,True,False,False,False,False,False,+3.466,+1.323,3.466,1.323,6596.694,80.972,,,21.081,37.96,21.931,6536.803,6574.763,6596.694,6515.722
2024,Monaco Grand Prix,8,Monaco,Monaco,0 days 01:51:17.564000,NOR,4,0 days 00:01:20.870000,11.0,2.0,,Lando Norris,,0 days 00:00:21.308000,0 days 00:00:37.856000,0 days 00:00:21.706000,0 days 01:50:18.002000,0 days 01:50:55.858000,0 days 01:51:17.564000,184.0,176.0,257.0,277.0,False,HARD,11.0,False,McLaren,0 days 01:49:56.694000,,1,4.0,False,,False,True,22.2,61.0,1018.9,False,47.9,9,1.3,True,False,False,False,False,False,+3.290,+1.947,3.29,1.947,6677.564,80.87,,,21.308,37.856,21.706,6618.002,6655.858,6677.564,6596.694
2024,Monaco Grand Prix,8,Monaco,Monaco,0 days 01:52:37.497000,NOR,4,0 days 00:01:19.933000,12.0,2.0,,Lando Norris,,0 days 00:00:20.747000,0 days 00:00:37.678000,0 days 00:00:21.508000,0 days 01:51:38.311000,0 days 01:52:15.989000,0 days 01:52:37.497000,192.0,181.0,256.0,276.0,True,HARD,12.0,False,McLaren,0 days 01:51:17.564000,,1,4.0,False,,False,True,22.3,63.0,1018.8,False,47.3,2,0.6,True,False,False,False,False,False,+2.971,+1.906,2.971,1.906,6757.497,79.933,,,20.747,37.678,21.508,6698.311,6735.989,6757.497,6677.564
2024,Monaco Grand Prix,8,Monaco,Monaco,0 days 01:53:57.317000,NOR,4,0 days 00:01:19.820000,13.0,2.0,,Lando Norris,,0 days 00:00:20.879000,0 days 00:00:37.484000,0 days 00:00:21.457000,0 days 01:52:58.376000,0 days 01:53:35.860000,0 days 01:53:57.317000,190.0,183.0,257.0,277.0,True,HARD,13.0,False,McLaren,0 days 01:52:37.497000,,1,4.0,False,,False,True,22.1,64.0,1018.8,False,47.2,208,1.2,True,False,False,False,False,False,+3.774,+1.709,3.774,1.709,6837.317,79.82,,,20.879,37.484,21.457,6778.376,6815.86,6837.317,6757.497
2024,Monaco Grand Prix,8,Monaco,Monaco,0 days 01:55:16.702000,NOR,4,0 days 00:01:19.385000,14.0,2.0,,Lando Norris,,0 days 00:00:20.774000,0 days 00:00:37.244000,0 days 00:00:21.367000,0 days 01:54:18.091000,0 days 01:54:55.335000,0 days 01:55:16.702000,194.0,186.0,256.0,273.0,True,HARD,14.0,False,McLaren,0 days 01:53:57.317000,,1,4.0,False,,False,True,22.0,63.0,1018.7,False,47.1,22,0.5,True,False,False,False,False,False,+3.255,+1.590,3.255,1.59,6916.702,79.385,,,20.774,37.244,21.367,6858.091,6895.335,6916.702,6837.317
2024,Monaco Grand Prix,8,Monaco,Monaco,0 days 01:56:36.477000,NOR,4,0 days 00:01:19.775000,15.0,2.0,,Lando Norris,,0 days 00:00:20.813000,0 days 00:00:37.537000,0 days 00:00:21.425000,0 days 01:55:37.515000,0 days 01:56:15.052000,0 days 01:56:36.477000,188.0,184.0,256.0,272.0,False,HARD,15.0,False,McLaren,0 days 01:55:16.702000,,1,4.0,False,,False,True,22.0,62.0,1018.8,False,47.1,351,1.1,True,False,False,False,False,False,+3.185,+1.722,3.185,1.722,6996.477,79.775,,,20.813,37.537,21.425,6937.515,6975.052,6996.477,6916.702
2024,Monaco Grand Prix,8,Monaco,Monaco,0 days 01:57:56.114000,NOR,4,0 days 00:01:19.637000,16.0,2.0,,Lando Norris,,0 days 00:00:20.805000,0 days 00:00:37.435000,0 days 00:00:21.397000,0 days 01:56:57.282000,0 days 01:57:34.717000,0 days 01:57:56.114000,191.0,187.0,264.0,275.0,False,HARD,16.0,False,McLaren,0 days 01:56:36.477000,,1,4.0,False,,False,True,22.0,64.0,1018.7,False,46.0,154,0.5,True,False,False,False,False,False,+2.664,+0.904,2.664,0.904,7076.114,79.637,,,20.805,37.435,21.397,7017.282,7054.717,7076.114,6996.477
2024,Monaco Grand Prix,8,Monaco,Monaco,0 days 01:59:16.451000,NOR,4,0 days 00:01:20.337000,17.0,2.0,,Lando Norris,,0 days 00:00:20.956000,0 days 00:00:37.623000,0 days 00:00:21.758000,0 days 01:58:17.070000,0 days 01:58:54.693000,0 days 01:59:16.451000,191.0,182.0,263.0,274.0,False,HARD,17.0,False,McLaren,0 days 01:57:56.114000,,1,4.0,False,,False,True,21.6,64.0,1018.7,False,46.7,38,1.1,True,False,False,False,False,False,+2.722,+1.165,2.722,1.165,7156.451,80.337,,,20.956,37.623,21.758,7097.07,7134.693,7156.451,7076.114
2024,Monaco Grand Prix,8,Monaco,Monaco,0 days 02:00:35.849000,NOR,4,0 days 00:01:19.398000,18.0,2.0,,Lando Norris,,0 days 00:00:20.673000,0 days 00:00:37.371000,0 days 00:00:21.354000,0 days 01:59:37.124000,0 days 02:00:14.495000,0 days 02:00:35.849000,188.0,183.0,259.0,274.0,False,HARD,18.0,False,McLaren,0 days 01:59:16.451000,,1,4.0,False,,False,True,21.7,63.0,1018.7,False,47.2,101,0.8,True,False,False,False,False,False,+2.540,+1.386,2.54,1.386,7235.849,79.398,,,20.673,37.371,21.354,7177.124,7214.495,7235.849,7156.451
2024,Monaco Grand Prix,8,Monaco,Monaco,0 days 02:01:55.129000,NOR,4,0 days 00:01:19.280000,19.0,2.0,,Lando Norris,,0 days 00:00:21.015000,0 days 00:00:37.162000,0 days 00:00:21.103000,0 days 02:00:56.864000,0 days 02:01:34.026000,0 days 02:01:55.129000,191.0,188.0,258.0,277.0,True,HARD,19.0,False,McLaren,0 days 02:00:35.849000,,1,4.0,False,,False,True,21.8,61.0,1018.6,False,46.7,221,0.7,True,False,False,False,False,False,+3.029,+1.205,3.029,1.205,7315.129,79.28,,,21.015,37.162,21.103,7256.864,7294.026,7315.129,7235.849
2024,Monaco Grand Prix,8,Monaco,Monaco,0 days 02:03:14.172000,NOR,4,0 days 00:01:19.043000,20.0,2.0,,Lando Norris,,0 days 00:00:20.623000,0 days 00:00:37.094000,0 days 00:00:21.326000,0 days 02:02:15.752000,0 days 02:02:52.846000,0 days 02:03:14.172000,192.0,180.0,264.0,275.0,True,HARD,20.0,False,McLaren,0 days 02:01:55.129000,,1,4.0,False,,False,True,21.9,62.0,1018.8,False,45.8,337,0.9,True,False,False,False,False,False,+3.297,+0.861,3.297,0.861,7394.172,79.043,,,20.623,37.094,21.326,7335.752,7372.846,7394.172,7315.129
2024,Monaco Grand Prix,8,Monaco,Monaco,0 days 02:04:33.155000,NOR,4,0 days 00:01:18.983000,21.0,2.0,,Lando Norris,,0 days 00:00:20.637000,0 days 00:00:37.096000,0 days 00:00:21.250000,0 days 02:03:34.809000,0 days 02:04:11.905000,0 days 02:04:33.155000,198.0,186.0,258.0,271.0,True,HARD,21.0,False,McLaren,0 days 02:03:14.172000,,1,4.0,False,,False,True,21.9,64.0,1018.7,False,45.8,0,1.3,True,False,False,False,False,False,+3.808,+0.927,3.808,0.927,7473.155,78.983,,,20.637,37.096,21.25,7414.809,7451.905,7473.155,7394.172
2024,Monaco Grand Prix,8,Monaco,Monaco,0 days 02:05:52.136000,NOR,4,0 days 00:01:18.981000,22.0,2.0,,Lando Norris,,0 days 00:00:20.655000,0 days 00:00:37.155000,0 days 00:00:21.171000,0 days 02:04:53.810000,0 days 02:05:30.965000,0 days 02:05:52.136000,191.0,183.0,265.0,276.0,True,HARD,22.0,False,McLaren,0 days 02:04:33.155000,,1,4.0,False,,False,True,21.8,65.0,1018.8,False,45.9,273,1.6,True,False,False,False,False,False,+4.169,+1.019,4.169,1.019,7552.136,78.981,,,20.655,37.155,21.171,7493.81,7530.965,7552.136,7473.155
2024,Monaco Grand Prix,8,Monaco,Monaco,0 days 02:07:11.330000,NOR,4,0 days 00:01:19.194000,23.0,2.0,,Lando Norris,,0 days 00:00:20.562000,0 days 00:00:37.375000,0 days 00:00:21.257000,0 days 02:06:12.698000,0 days 02:06:50.073000,0 days 02:07:11.330000,185.0,186.0,264.0,277.0,False,HARD,23.0,False,McLaren,0 days 02:05:52.136000,,1,4.0,False,,False,True,21.8,65.0,1018.8,False,45.9,198,0.5,True,False,False,False,False,False,+4.905,+1.220,4.905,1.22,7631.33,79.194,,,20.562,37.375,21.257,7572.698,7610.073,7631.33,7552.136
2024,Monaco Grand Prix,8,Monaco,Monaco,0 days 02:08:30.029000,NOR,4,0 days 00:01:18.699000,24.0,2.0,,Lando Norris,,0 days 00:00:20.670000,0 days 00:00:37.148000,0 days 00:00:20.881000,0 days 02:07:32,0 days 02:08:09.148000,0 days 02:08:30.029000,189.0,188.0,258.0,278.0,True,HARD,24.0,False,McLaren,0 days 02:07:11.330000,,1,4.0,False,,False,True,21.8,64.0,1018.7,False,46.3,272,1.4,True,False,False,False,False,False,+4.879,+1.351,4.879,1.351,7710.029,78.699,,,20.67,37.148,20.881,7652.0,7689.148,7710.029,7631.33
2024,Monaco Grand Prix,8,Monaco,Monaco,0 days 02:09:48.669000,NOR,4,0 days 00:01:18.640000,25.0,2.0,,Lando Norris,,0 days 00:00:20.520000,0 days 00:00:37.044000,0 days 00:00:21.076000,0 days 02:08:50.549000,0 days 02:09:27.593000,0 days 02:09:48.669000,185.0,184.0,258.0,279.0,True,HARD,25.0,False,McLaren,0 days 02:08:30.029000,,1,4.0,False,,False,True,21.7,63.0,1018.7,False,45.7,183,0.9,True,False,False,False,False,False,+4.546,+1.423,4.546,1.423,7788.669,78.64,,,20.52,37.044,21.076,7730.549,7767.593,7788.669,7710.029
2024,Monaco Grand Prix,8,Monaco,Monaco,0 days 02:11:07.065000,NOR,4,0 days 00:01:18.396000,26.0,2.0,,Lando Norris,,0 days 00:00:20.574000,0 days 00:00:36.881000,0 days 00:00:20.941000,0 days 02:10:09.243000,0 days 02:10:46.124000,0 days 02:11:07.065000,182.0,190.0,258.0,278.0,True,HARD,26.0,False,McLaren,0 days 02:09:48.669000,,1,4.0,False,,False,True,21.7,62.0,1018.6,False,45.7,325,1.3,True,False,False,False,False,False,+4.542,+1.745,4.542,1.745,7867.065,78.396,,,20.574,36.881,20.941,7809.243,7846.124,7867.065,7788.669
2024,Monaco Grand Prix,8,Monaco,Monaco,0 days 02:12:25.785000,NOR,4,0 days 00:01:18.720000,27.0,2.0,,Lando Norris,,0 days 00:00:20.559000,0 days 00:00:37.023000,0 days 00:00:21.138000,0 days 02:11:27.624000,0 days 02:12:04.647000,0 days 02:12:25.785000,192.0,184.0,259.0,278.0,False,HARD,27.0,False,McLaren,0 days 02:11:07.065000,,1,4.0,False,,False,True,21.9,63.0,1018.6,False,46.0,296,0.6,True,False,False,False,False,False,+4.866,+0.992,4.866,0.992,7945.785,78.72,,,20.559,37.023,21.138,7887.624,7924.647,7945.785,7867.065
2024,Monaco Grand Prix,8,Monaco,Monaco,0 days 02:13:45.023000,NOR,4,0 days 00:01:19.238000,28.0,2.0,,Lando Norris,,0 days 00:00:20.840000,0 days 00:00:37.076000,0 days 00:00:21.322000,0 days 02:12:46.625000,0 days 02:13:23.701000,0 days 02:13:45.023000,184.0,182.0,263.0,280.0,False,HARD,28.0,False,McLaren,0 days 02:12:25.785000,,1,4.0,False,,False,True,21.9,62.0,1018.6,False,46.0,213,1.0,True,False,False,False,False,False,+5.394,+0.949,5.394,0.949,8025.023,79.238,,,20.84,37.076,21.322,7966.625,8003.701,8025.023,7945.785
2024,Monaco Grand Prix,8,Monaco,Monaco,0 days 02:15:03.789000,NOR,4,0 days 00:01:18.766000,29.0,2.0,,Lando Norris,,0 days 00:00:20.681000,0 days 00:00:37.135000,0 days 00:00:20.950000,0 days 02:14:05.704000,0 days 02:14:42.839000,0 days 02:15:03.789000,189.0,186.0,265.0,280.0,False,HARD,29.0,False,McLaren,0 days 02:13:45.023000,,1,4.0,False,,False,True,22.0,63.0,1018.5,False,45.6,215,1.7,True,False,False,False,False,False,+5.107,+1.018,5.107,1.018,8103.789,78.766,,,20.681,37.135,20.95,8045.704,8082.839,8103.789,8025.023
2024,Monaco Grand Prix,8,Monaco,Monaco,0 days 02:16:22.192000,NOR,4,0 days 00:01:18.403000,30.0,2.0,,Lando Norris,,0 days 00:00:20.443000,0 days 00:00:36.930000,0 days 00:00:21.030000,0 days 02:15:24.232000,0 days 02:16:01.162000,0 days 02:16:22.192000,196.0,184.0,258.0,279.0,False,HARD,30.0,False,McLaren,0 days 02:15:03.789000,,1,4.0,False,,False,True,22.0,61.0,1018.6,False,46.4,265,0.6,True,False,False,False,False,False,+3.575,+2.095,3.575,2.095,8182.192,78.403,,,20.443,36.93,21.03,8124.232,8161.162,8182.192,8103.789
2024,Monaco Grand Prix,8,Monaco,Monaco,0 days 02:17:40.972000,NOR,4,0 days 00:01:18.780000,31.0,2.0,,Lando Norris,,0 days 00:00:20.564000,0 days 00:00:36.989000,0 days 00:00:21.227000,0 days 02:16:42.756000,0 days 02:17:19.745000,0 days 02:17:40.972000,198.0,185.0,258.0,279.0,False,HARD,31.0,False,McLaren,0 days 02:16:22.192000,,1,4.0,False,,False,True,22.1,61.0,1018.6,False,45.5,217,0.4,True,False,False,False,False,False,+3.962,+1.091,3.962,1.091,8260.972,78.78,,,20.564,36.989,21.227,8202.756,8239.745,8260.972,8182.192
2024,Monaco Grand Prix,8,Monaco,Monaco,0 days 02:19:00.510000,NOR,4,0 days 00:01:19.538000,32.0,2.0,,Lando Norris,,0 days 00:00:20.794000,0 days 00:00:37.452000,0 days 00:00:21.292000,0 days 02:18:01.766000,0 days 02:18:39.218000,0 days 02:19:00.510000,184.0,186.0,266.0,280.0,False,HARD,32.0,False,McLaren,0 days 02:17:40.972000,,1,4.0,False,,False,True,22.0,61.0,1018.6,False,45.5,237,0.9,True,False,False,False,False,False,+4.375,+0.493,4.375,0.493,8340.51,79.538,,,20.794,37.452,21.292,8281.766,8319.218,8340.51,8260.972
2024,Monaco Grand Prix,8,Monaco,Monaco,0 days 02:20:19.743000,NOR,4,0 days 00:01:19.233000,33.0,2.0,,Lando Norris,,0 days 00:00:20.787000,0 days 00:00:37.216000,0 days 00:00:21.230000,0 days 02:19:21.297000,0 days 02:19:58.513000,0 days 02:20:19.743000,192.0,183.0,265.0,281.0,False,HARD,33.0,False,McLaren,0 days 02:19:00.510000,,1,4.0,False,,False,True,21.9,62.0,1018.6,False,45.9,269,0.9,True,False,False,False,False,False,+5.114,+0.948,5.114,0.948,8419.743,79.233,,,20.787,37.216,21.23,8361.297,8398.513,8419.743,8340.51
2024,Monaco Grand Prix,8,Monaco,Monaco,0 days 02:21:38.986000,NOR,4,0 days 00:01:19.243000,34.0,2.0,,Lando Norris,,0 days 00:00:20.654000,0 days 00:00:37.460000,0 days 00:00:21.129000,0 days 02:20:40.397000,0 days 02:21:17.857000,0 days 02:21:38.986000,187.0,190.0,265.0,281.0,False,HARD,34.0,False,McLaren,0 days 02:20:19.743000,,1,4.0,False,,False,True,22.0,61.0,1018.5,False,45.9,268,1.0,True,False,False,False,False,False,+5.038,+1.178,5.038,1.178,8498.986,79.243,,,20.654,37.46,21.129,8440.397,8477.857,8498.986,8419.743
2024,Monaco Grand Prix,8,Monaco,Monaco,0 days 02:22:57.700000,NOR,4,0 days 00:01:18.714000,35.0,2.0,,Lando Norris,,0 days 00:00:20.645000,0 days 00:00:37.042000,0 days 00:00:21.027000,0 days 02:21:59.631000,0 days 02:22:36.673000,0 days 02:22:57.700000,184.0,185.0,259.0,282.0,False,HARD,35.0,False,McLaren,0 days 02:21:38.986000,,1,4.0,False,,False,True,22.0,62.0,1018.6,False,45.1,0,0.9,True,False,False,False,False,False,+5.222,+1.427,5.222,1.427,8577.7,78.714,,,20.645,37.042,21.027,8519.631,8556.673,8577.7,8498.986
2024,Monaco Grand Prix,8,Monaco,Monaco,0 days 02:24:16.282000,NOR,4,0 days 00:01:18.582000,36.0,2.0,,Lando Norris,,0 days 00:00:20.515000,0 days 00:00:36.884000,0 days 00:00:21.183000,0 days 02:23:18.215000,0 days 02:23:55.099000,0 days 02:24:16.282000,187.0,184.0,266.0,282.0,False,HARD,36.0,False,McLaren,0 days 02:22:57.700000,,1,4.0,False,,False,True,21.8,64.0,1018.5,False,44.4,234,1.2,True,False,False,False,False,False,+5.115,+0.734,5.115,0.734,8656.282,78.582,,,20.515,36.884,21.183,8598.215,8635.099,8656.282,8577.7
2024,Monaco Grand Prix,8,Monaco,Monaco,0 days 02:25:34.240000,NOR,4,0 days 00:01:17.958000,37.0,2.0,,Lando Norris,,0 days 00:00:20.529000,0 days 00:00:36.582000,0 days 00:00:20.847000,0 days 02:24:36.811000,0 days 02:25:13.393000,0 days 02:25:34.240000,195.0,189.0,266.0,282.0,True,HARD,37.0,False,McLaren,0 days 02:24:16.282000,,1,4.0,False,,False,True,21.7,63.0,1018.5,False,44.4,305,1.5,True,False,False,False,False,False,+4.148,+1.115,4.148,1.115,8734.24,77.958,,,20.529,36.582,20.847,8676.811,8713.393,8734.24,8656.282
2024,Monaco Grand Prix,8,Monaco,Monaco,0 days 02:26:52.234000,NOR,4,0 days 00:01:17.994000,38.0,2.0,,Lando Norris,,0 days 00:00:20.448000,0 days 00:00:36.698000,0 days 00:00:20.848000,0 days 02:25:54.688000,0 days 02:26:31.386000,0 days 02:26:52.234000,191.0,188.0,267.0,283.0,False,HARD,38.0,False,McLaren,0 days 02:25:34.240000,,1,4.0,False,,False,True,21.8,63.0,1018.5,False,44.5,271,1.0,True,False,False,False,False,False,+3.614,+0.697,3.614,0.697,8812.234,77.994,,,20.448,36.698,20.848,8754.688,8791.386,8812.234,8734.24
2024,Monaco Grand Prix,8,Monaco,Monaco,0 days 02:28:10.537000,NOR,4,0 days 00:01:18.303000,39.0,2.0,,Lando Norris,,0 days 00:00:20.503000,0 days 00:00:36.943000,0 days 00:00:20.857000,0 days 02:27:12.737000,0 days 02:27:49.680000,0 days 02:28:10.537000,192.0,192.0,267.0,283.0,False,HARD,39.0,False,McLaren,0 days 02:26:52.234000,,1,4.0,False,,False,True,21.8,62.0,1018.6,False,44.8,169,0.7,True,False,False,False,False,False,+3.736,+0.690,3.736,0.69,8890.537,78.303,,,20.503,36.943,20.857,8832.737,8869.68,8890.537,8812.234
2024,Monaco Grand Prix,8,Monaco,Monaco,0 days 02:29:29.361000,NOR,4,0 days 00:01:18.824000,40.0,2.0,,Lando Norris,,0 days 00:00:20.624000,0 days 00:00:37.212000,0 days 00:00:20.988000,0 days 02:28:31.161000,0 days 02:29:08.373000,0 days 02:29:29.361000,188.0,190.0,263.0,283.0,False,HARD,40.0,False,McLaren,0 days 02:28:10.537000,,1,4.0,False,,False,True,21.9,61.0,1018.6,False,44.4,269,0.8,True,False,False,False,False,False,+3.827,+0.861,3.827,0.861,8969.361,78.824,,,20.624,37.212,20.988,8911.161,8948.373,8969.361,8890.537
2024,Monaco Grand Prix,8,Monaco,Monaco,0 days 02:30:47.880000,NOR,4,0 days 00:01:18.519000,41.0,2.0,,Lando Norris,,0 days 00:00:20.620000,0 days 00:00:36.852000,0 days 00:00:21.047000,0 days 02:29:49.981000,0 days 02:30:26.833000,0 days 02:30:47.880000,194.0,189.0,266.0,284.0,False,HARD,41.0,False,McLaren,0 days 02:29:29.361000,,1,4.0,False,,False,True,22.0,60.0,1018.5,False,44.4,111,0.8,True,False,False,False,False,False,+3.652,+0.666,3.652,0.666,9047.88,78.519,,,20.62,36.852,21.047,8989.981,9026.833,9047.88,8969.361
2024,Monaco Grand Prix,8,Monaco,Monaco,0 days 02:32:07.316000,NOR,4,0 days 00:01:19.436000,42.0,2.0,,Lando Norris,,0 days 00:00:20.641000,0 days 00:00:37.424000,0 days 00:00:21.371000,0 days 02:31:08.521000,0 days 02:31:45.945000,0 days 02:32:07.316000,197.0,186.0,266.0,273.0,False,HARD,42.0,False,McLaren,0 days 02:30:47.880000,,1,4.0,False,,False,True,22.0,62.0,1018.4,False,44.4,30,0.5,True,False,False,False,False,False,+3.811,+0.931,3.811,0.931,9127.316,79.436,,,20.641,37.424,21.371,9068.521,9105.945,9127.316,9047.88
2024,Monaco Grand Prix,8,Monaco,Monaco,0 days 02:33:27.112000,NOR,4,0 days 00:01:19.796000,43.0,2.0,,Lando Norris,,0 days 00:00:21.634000,0 days 00:00:37.118000,0 days 00:00:21.044000,0 days 02:32:28.950000,0 days 02:33:06.068000,0 days 02:33:27.112000,195.0,190.0,262.0,281.0,False,HARD,43.0,False,McLaren,0 days 02:32:07.316000,,1,4.0,False,,False,True,21.9,59.0,1018.5,False,44.8,0,0.9,True,False,False,False,False,False,+5.742,+1.133,5.742,1.133,9207.112,79.796,,,21.634,37.118,21.044,9148.95,9186.068,9207.112,9127.316
2024,Monaco Grand Prix,8,Monaco,Monaco,0 days 02:34:46.018000,NOR,4,0 days 00:01:18.906000,44.0,2.0,,Lando Norris,,0 days 00:00:20.681000,0 days 00:00:37.207000,0 days 00:00:21.018000,0 days 02:33:47.793000,0 days 02:34:25,0 days 02:34:46.018000,195.0,191.0,259.0,281.0,False,HARD,44.0,False,McLaren,0 days 02:33:27.112000,,1,4.0,False,,False,True,21.9,59.0,1018.6,False,44.8,227,1.0,True,False,False,False,False,False,+6.372,+1.277,6.372,1.277,9286.018,78.906,,,20.681,37.207,21.018,9227.793,9265.0,9286.018,9207.112
2024,Monaco Grand Prix,8,Monaco,Monaco,0 days 02:36:03.915000,NOR,4,0 days 00:01:17.897000,45.0,2.0,,Lando Norris,,0 days 00:00:20.452000,0 days 00:00:36.759000,0 days 00:00:20.686000,0 days 02:35:06.470000,0 days 02:35:43.229000,0 days 02:36:03.915000,192.0,191.0,259.0,280.0,True,HARD,45.0,False,McLaren,0 days 02:34:46.018000,,1,4.0,False,,False,True,22.0,58.0,1018.5,False,44.5,192,0.5,True,False,False,False,False,False,+5.728,+1.289,5.728,1.289,9363.915,77.897,,,20.452,36.759,20.686,9306.47,9343.229,9363.915,9286.018
2024,Monaco Grand Prix,8,Monaco,Monaco,0 days 02:37:22.130000,NOR,4,0 days 00:01:18.215000,46.0,2.0,,Lando Norris,,0 days 00:00:20.386000,0 days 00:00:36.887000,0 days 00:00:20.942000,0 days 02:36:24.301000,0 days 02:37:01.188000,0 days 02:37:22.130000,196.0,190.0,266.0,281.0,False,HARD,46.0,False,McLaren,0 days 02:36:03.915000,,1,4.0,False,,False,True,21.9,57.0,1018.3,False,44.5,203,1.8,True,False,False,False,False,False,+5.376,+0.773,5.376,0.773,9442.13,78.215,,,20.386,36.887,20.942,9384.301,9421.188,9442.13,9363.915
2024,Monaco Grand Prix,8,Monaco,Monaco,0 days 02:38:40.271000,NOR,4,0 days 00:01:18.141000,47.0,2.0,,Lando Norris,,0 days 00:00:20.326000,0 days 00:00:36.968000,0 days 00:00:20.847000,0 days 02:37:42.456000,0 days 02:38:19.424000,0 days 02:38:40.271000,190.0,191.0,267.0,282.0,False,HARD,47.0,False,McLaren,0 days 02:37:22.130000,,1,4.0,False,,False,True,22.0,58.0,1018.4,False,44.5,276,1.8,True,False,False,False,False,False,+4.332,+0.773,4.332,0.773,9520.271,78.141,,,20.326,36.968,20.847,9462.456,9499.424,9520.271,9442.13
2024,Monaco Grand Prix,8,Monaco,Monaco,0 days 02:39:58.246000,NOR,4,0 days 00:01:17.975000,48.0,2.0,,Lando Norris,,0 days 00:00:20.359000,0 days 00:00:36.876000,0 days 00:00:20.740000,0 days 02:39:00.630000,0 days 02:39:37.506000,0 days 02:39:58.246000,194.0,192.0,267.0,281.0,False,HARD,48.0,False,McLaren,0 days 02:38:40.271000,,1,4.0,False,,False,True,22.0,57.0,1018.5,False,43.8,205,0.7,True,False,False,False,False,False,+4.366,+0.854,4.366,0.854,9598.246,77.975,,,20.359,36.876,20.74,9540.63,9577.506,9598.246,9520.271
2024,Monaco Grand Prix,8,Monaco,Monaco,0 days 02:41:16.423000,NOR,4,0 days 00:01:18.177000,49.0,2.0,,Lando Norris,,0 days 00:00:20.308000,0 days 00:00:36.873000,0 days 00:00:20.996000,0 days 02:40:18.554000,0 days 02:40:55.427000,0 days 02:41:16.423000,199.0,188.0,266.0,282.0,False,HARD,49.0,False,McLaren,0 days 02:39:58.246000,,1,4.0,False,,False,True,22.0,57.0,1018.4,False,43.7,0,1.7,True,False,False,False,False,False,+4.037,+0.772,4.037,0.772,9676.423,78.177,,,20.308,36.873,20.996,9618.554,9655.427,9676.423,9598.246
2024,Monaco Grand Prix,8,Monaco,Monaco,0 days 02:42:34.641000,NOR,4,0 days 00:01:18.218000,50.0,2.0,,Lando Norris,,0 days 00:00:20.358000,0 days 00:00:36.795000,0 days 00:00:21.065000,0 days 02:41:36.781000,0 days 02:42:13.576000,0 days 02:42:34.641000,198.0,190.0,266.0,281.0,False,HARD,50.0,False,McLaren,0 days 02:41:16.423000,,1,4.0,False,,False,True,21.9,58.0,1018.5,False,43.7,354,1.0,True,False,False,False,False,False,+4.070,+0.445,4.07,0.445,9754.641,78.218,,,20.358,36.795,21.065,9696.781,9733.576,9754.641,9676.423
2024,Monaco Grand Prix,8,Monaco,Monaco,0 days 02:43:52.413000,NOR,4,0 days 00:01:17.772000,51.0,2.0,,Lando Norris,,0 days 00:00:20.602000,0 days 00:00:36.511000,0 days 00:00:20.659000,0 days 02:42:55.243000,0 days 02:43:31.754000,0 days 02:43:52.413000,196.0,191.0,267.0,281.0,True,HARD,51.0,False,McLaren,0 days 02:42:34.641000,,1,4.0,False,,False,True,21.9,58.0,1018.5,False,43.7,89,1.1,True,False,False,False,False,False,+4.052,+0.689,4.052,0.689,9832.413,77.772,,,20.602,36.511,20.659,9775.243,9811.754,9832.413,9754.641
2024,Monaco Grand Prix,8,Monaco,Monaco,0 days 02:45:10.636000,NOR,4,0 days 00:01:18.223000,52.0,2.0,,Lando Norris,,0 days 00:00:20.309000,0 days 00:00:36.901000,0 days 00:00:21.013000,0 days 02:44:12.722000,0 days 02:44:49.623000,0 days 02:45:10.636000,194.0,190.0,266.0,279.0,False,HARD,52.0,False,McLaren,0 days 02:43:52.413000,,1,4.0,False,,False,True,21.8,58.0,1018.6,False,43.0,200,0.7,True,False,False,False,False,False,+3.964,+0.818,3.964,0.818,9910.636,78.223,,,20.309,36.901,21.013,9852.722,9889.623,9910.636,9832.413
2024,Monaco Grand Prix,8,Monaco,Monaco,0 days 02:46:28.206000,NOR,4,0 days 00:01:17.570000,53.0,2.0,,Lando Norris,,0 days 00:00:20.228000,0 days 00:00:36.625000,0 days 00:00:20.717000,0 days 02:45:30.864000,0 days 02:46:07.489000,0 days 02:46:28.206000,199.0,190.0,267.0,281.0,True,HARD,53.0,False,McLaren,0 days 02:45:10.636000,,12,4.0,False,,False,True,21.9,58.0,1018.5,False,43.2,321,0.8,True,True,False,False,False,False,+3.821,+0.678,3.821,0.678,9988.206,77.57,,,20.228,36.625,20.717,9930.864,9967.489,9988.206,9910.636
2024,Monaco Grand Prix,8,Monaco,Monaco,0 days 02:47:46.044000,NOR,4,0 days 00:01:17.838000,54.0,2.0,,Lando Norris,,0 days 00:00:20.436000,0 days 00:00:36.848000,0 days 00:00:20.554000,0 days 02:46:48.642000,0 days 02:47:25.490000,0 days 02:47:46.044000,195.0,191.0,268.0,282.0,False,HARD,54.0,False,McLaren,0 days 02:46:28.206000,,1,4.0,False,,False,True,21.9,59.0,1018.6,False,43.0,228,1.1,True,False,False,False,False,False,+4.267,+0.725,4.267,0.725,10066.044,77.838,,,20.436,36.848,20.554,10008.642,10045.49,10066.044,9988.206
2024,Monaco Grand Prix,8,Monaco,Monaco,0 days 02:49:04.426000,NOR,4,0 days 00:01:18.382000,55.0,2.0,,Lando Norris,,0 days 00:00:20.468000,0 days 00:00:36.569000,0 days 00:00:21.345000,0 days 02:48:06.512000,0 days 02:48:43.081000,0 days 02:49:04.426000,195.0,188.0,268.0,281.0,False,HARD,55.0,False,McLaren,0 days 02:47:46.044000,,1,4.0,False,,False,True,21.9,59.0,1018.4,False,42.8,236,1.4,True,False,False,False,False,False,+5.205,+0.446,5.205,0.446,10144.426,78.382,,,20.468,36.569,21.345,10086.512,10123.081,10144.426,10066.044
2024,Monaco Grand Prix,8,Monaco,Monaco,0 days 02:50:22.581000,NOR,4,0 days 00:01:18.155000,56.0,2.0,,Lando Norris,,0 days 00:00:20.564000,0 days 00:00:36.639000,0 days 00:00:20.952000,0 days 02:49:24.990000,0 days 02:50:01.629000,0 days 02:50:22.581000,195.0,191.0,265.0,280.0,False,HARD,56.0,False,McLaren,0 days 02:49:04.426000,,1,4.0,False,,False,True,21.7,60.0,1018.4,False,42.4,59,0.9,True,False,False,False,False,False,+6.094,+0.482,6.094,0.482,10222.581,78.155,,,20.564,36.639,20.952,10164.99,10201.629,10222.581,10144.426
2024,Monaco Grand Prix,8,Monaco,Monaco,0 days 02:51:40.396000,NOR,4,0 days 00:01:17.815000,57.0,2.0,,Lando Norris,,0 days 00:00:20.436000,0 days 00:00:36.710000,0 days 00:00:20.669000,0 days 02:50:43.017000,0 days 02:51:19.727000,0 days 02:51:40.396000,196.0,189.0,266.0,281.0,False,HARD,57.0,False,McLaren,0 days 02:50:22.581000,,1,4.0,False,,False,True,21.6,60.0,1018.4,False,42.2,140,0.8,True,False,False,False,False,False,+6.269,+0.698,6.269,0.698,10300.396,77.815,,,20.436,36.71,20.669,10243.017,10279.727,10300.396,10222.581
2024,Monaco Grand Prix,8,Monaco,Monaco,0 days 02:52:57.791000,NOR,4,0 days 00:01:17.395000,58.0,2.0,,Lando Norris,,0 days 00:00:20.149000,0 days 00:00:36.565000,0 days 00:00:20.681000,0 days 02:52:00.545000,0 days 02:52:37.110000,0 days 02:52:57.791000,200.0,192.0,268.0,281.0,True,HARD,58.0,False,McLaren,0 days 02:51:40.396000,,1,4.0,False,,False,True,21.7,59.0,1018.5,False,42.4,0,0.6,True,False,False,False,False,False,+6.636,+0.592,6.636,0.592,10377.791,77.395,,,20.149,36.565,20.681,10320.545,10357.11,10377.791,10300.396
2024,Monaco Grand Prix,8,Monaco,Monaco,0 days 02:54:14.913000,NOR,4,0 days 00:01:17.122000,59.0,2.0,,Lando Norris,,0 days 00:00:20.101000,0 days 00:00:36.446000,0 days 00:00:20.575000,0 days 02:53:17.892000,0 days 02:53:54.338000,0 days 02:54:14.913000,198.0,192.0,268.0,280.0,True,HARD,59.0,False,McLaren,0 days 02:52:57.791000,,1,4.0,False,,False,True,21.6,61.0,1018.4,False,41.9,9,1.1,True,False,False,False,False,False,+6.724,+0.580,6.724,0.58,10454.913,77.122,,,20.101,36.446,20.575,10397.892,10434.338,10454.913,10377.791
2024,Monaco Grand Prix,8,Monaco,Monaco,0 days 02:55:31.608000,NOR,4,0 days 00:01:16.695000,60.0,2.0,,Lando Norris,,0 days 00:00:20.115000,0 days 00:00:36.273000,0 days 00:00:20.307000,0 days 02:54:35.028000,0 days 02:55:11.301000,0 days 02:55:31.608000,194.0,194.0,260.0,280.0,True,HARD,60.0,False,McLaren,0 days 02:54:14.913000,,1,4.0,False,,False,True,21.5,61.0,1018.5,False,42.3,284,0.5,True,False,False,False,False,False,+7.027,+2.098,7.027,2.098,10531.608,76.695,,,20.115,36.273,20.307,10475.028,10511.301,10531.608,10454.913
2024,Monaco Grand Prix,8,Monaco,Monaco,0 days 02:56:49.222000,NOR,4,0 days 00:01:17.614000,61.0,2.0,,Lando Norris,,0 days 00:00:20.212000,0 days 00:00:36.655000,0 days 00:00:20.747000,0 days 02:55:51.820000,0 days 02:56:28.475000,0 days 02:56:49.222000,197.0,191.0,268.0,281.0,False,HARD,61.0,False,McLaren,0 days 02:55:31.608000,,1,4.0,False,,False,True,21.6,60.0,1018.4,False,42.3,222,0.6,True,False,False,False,False,False,+7.756,+0.684,7.756,0.684,10609.222,77.614,,,20.212,36.655,20.747,10551.82,10588.475,10609.222,10531.608
2024,Monaco Grand Prix,8,Monaco,Monaco,0 days 02:58:05.248000,NOR,4,0 days 00:01:16.026000,62.0,2.0,,Lando Norris,,0 days 00:00:20.070000,0 days 00:00:35.877000,0 days 00:00:20.079000,0 days 02:57:09.292000,0 days 02:57:45.169000,0 days 02:58:05.248000,202.0,194.0,262.0,281.0,True,HARD,62.0,False,McLaren,0 days 02:56:49.222000,,1,4.0,False,,False,True,21.6,60.0,1018.4,False,42.0,241,0.9,True,False,False,False,False,False,+6.328,+1.984,6.328,1.984,10685.248,76.026,,,20.07,35.877,20.079,10629.292,10665.169,10685.248,10609.222
2024,Monaco Grand Prix,8,Monaco,Monaco,0 days 02:59:22.124000,NOR,4,0 days 00:01:16.876000,63.0,2.0,,Lando Norris,,0 days 00:00:19.861000,0 days 00:00:36.420000,0 days 00:00:20.595000,0 days 02:58:25.109000,0 days 02:59:01.529000,0 days 02:59:22.124000,200.0,191.0,267.0,282.0,False,HARD,63.0,False,McLaren,0 days 02:58:05.248000,,1,4.0,False,,False,True,22.0,60.0,1018.5,False,42.0,284,0.8,True,False,False,False,False,False,+6.233,+0.653,6.233,0.653,10762.124,76.876,,,19.861,36.42,20.595,10705.109,10741.529,10762.124,10685.248
2024,Monaco Grand Prix,8,Monaco,Monaco,0 days 03:00:37.866000,NOR,4,0 days 00:01:15.742000,64.0,2.0,,Lando Norris,,0 days 00:00:19.893000,0 days 00:00:35.837000,0 days 00:00:20.012000,0 days 02:59:42.017000,0 days 03:00:17.854000,0 days 03:00:37.866000,201.0,195.0,260.0,281.0,True,HARD,64.0,False,McLaren,0 days 02:59:22.124000,,1,4.0,False,,False,True,21.9,60.0,1018.3,False,41.2,47,0.8,True,False,False,False,False,False,+5.457,+1.594,5.457,1.594,10837.866,75.742,,,19.893,35.837,20.012,10782.017,10817.854,10837.866,10762.124
2024,Monaco Grand Prix,8,Monaco,Monaco,0 days 03:01:55.009000,NOR,4,0 days 00:01:17.143000,65.0,2.0,,Lando Norris,,0 days 00:00:20.020000,0 days 00:00:36.521000,0 days 00:00:20.602000,0 days 03:00:57.886000,0 days 03:01:34.407000,0 days 03:01:55.009000,193.0,192.0,269.0,283.0,False,HARD,65.0,False,McLaren,0 days 03:00:37.866000,,1,4.0,False,,False,True,21.9,60.0,1018.4,False,42.0,215,0.9,True,False,False,False,False,False,+5.951,+0.588,5.951,0.588,10915.009,77.143,,,20.02,36.521,20.602,10857.886,10894.407,10915.009,10837.866
2024,Monaco Grand Prix,8,Monaco,Monaco,0 days 03:03:11.223000,NOR,4,0 days 00:01:16.214000,66.0,2.0,,Lando Norris,,0 days 00:00:19.996000,0 days 00:00:36.010000,0 days 00:00:20.208000,0 days 03:02:15.005000,0 days 03:02:51.015000,0 days 03:03:11.223000,205.0,193.0,261.0,281.0,False,HARD,66.0,False,McLaren,0 days 03:01:55.009000,,1,4.0,False,,False,True,22.0,59.0,1018.3,False,41.7,325,1.7,True,False,False,False,False,False,+5.676,+1.393,5.676,1.393,10991.223,76.214,,,19.996,36.01,20.208,10935.005,10971.015,10991.223,10915.009
2024,Monaco Grand Prix,8,Monaco,Monaco,0 days 03:04:27.338000,NOR,4,0 days 00:01:16.115000,67.0,2.0,,Lando Norris,,0 days 00:00:19.815000,0 days 00:00:35.946000,0 days 00:00:20.354000,0 days 03:03:31.038000,0 days 03:04:06.984000,0 days 03:04:27.338000,201.0,194.0,269.0,282.0,False,HARD,67.0,False,McLaren,0 days 03:03:11.223000,,1,4.0,False,,False,True,22.0,60.0,1018.3,False,41.6,58,1.0,True,False,False,False,False,False,+5.914,+0.741,5.914,0.741,11067.338,76.115,,,19.815,35.946,20.354,11011.038,11046.984,11067.338,10991.223
2024,Monaco Grand Prix,8,Monaco,Monaco,0 days 03:05:43.510000,NOR,4,0 days 00:01:16.172000,68.0,2.0,,Lando Norris,,0 days 00:00:19.939000,0 days 00:00:35.981000,0 days 00:00:20.252000,0 days 03:04:47.277000,0 days 03:05:23.258000,0 days 03:05:43.510000,205.0,189.0,261.0,282.0,False,HARD,68.0,False,McLaren,0 days 03:04:27.338000,,1,4.0,False,,False,True,21.8,60.0,1018.4,False,40.9,14,0.7,True,False,False,False,False,False,+5.940,+1.238,5.94,1.238,11143.51,76.172,,,19.939,35.981,20.252,11087.277,11123.258,11143.51,11067.338
2024,Monaco Grand Prix,8,Monaco,Monaco,0 days 03:06:59.824000,NOR,4,0 days 00:01:16.314000,69.0,2.0,,Lando Norris,,0 days 00:00:19.811000,0 days 00:00:36.121000,0 days 00:00:20.382000,0 days 03:06:03.321000,0 days 03:06:39.442000,0 days 03:06:59.824000,201.0,193.0,262.0,283.0,False,HARD,69.0,False,McLaren,0 days 03:05:43.510000,,1,4.0,False,,False,True,21.7,61.0,1018.4,False,41.1,229,0.8,True,False,False,False,False,False,+5.881,+1.334,5.881,1.334,11219.824,76.314,,,19.811,36.121,20.382,11163.321,11199.442,11219.824,11143.51
2024,Monaco Grand Prix,8,Monaco,Monaco,0 days 03:08:17.037000,NOR,4,0 days 00:01:17.213000,70.0,2.0,,Lando Norris,,0 days 00:00:20.769000,0 days 00:00:36.312000,0 days 00:00:20.132000,0 days 03:07:20.593000,0 days 03:07:56.905000,0 days 03:08:17.037000,190.0,195.0,262.0,281.0,False,HARD,70.0,False,McLaren,0 days 03:06:59.824000,,1,4.0,False,,False,True,21.8,60.0,1018.4,False,41.6,209,1.0,True,False,False,False,False,False,+7.327,+1.430,7.327,1.43,11297.037,77.213,,,20.769,36.312,20.132,11240.593,11276.905,11297.037,11219.824
2024,Monaco Grand Prix,8,Monaco,Monaco,0 days 03:09:33.646000,NOR,4,0 days 00:01:16.609000,71.0,2.0,,Lando Norris,,0 days 00:00:19.882000,0 days 00:00:36.249000,0 days 00:00:20.478000,0 days 03:08:36.919000,0 days 03:09:13.168000,0 days 03:09:33.646000,202.0,191.0,270.0,283.0,False,HARD,71.0,False,McLaren,0 days 03:08:17.037000,,1,4.0,False,,False,True,21.7,60.0,1018.4,False,41.1,0,0.4,True,False,False,False,False,False,+8.774,+0.825,8.774,0.825,11373.646,76.609,,,19.882,36.249,20.478,11316.919,11353.168,11373.646,11297.037
2024,Monaco Grand Prix,8,Monaco,Monaco,0 days 03:10:50.447000,NOR,4,0 days 00:01:16.801000,72.0,2.0,,Lando Norris,,0 days 00:00:20.136000,0 days 00:00:36.204000,0 days 00:00:20.461000,0 days 03:09:53.782000,0 days 03:10:29.986000,0 days 03:10:50.447000,202.0,194.0,269.0,283.0,False,HARD,72.0,False,McLaren,0 days 03:09:33.646000,,1,4.0,False,,False,True,21.6,61.0,1018.4,False,41.0,58,0.7,True,False,False,False,False,False,+10.028,+0.841,10.028,0.841,11450.447,76.801,,,20.136,36.204,20.461,11393.782,11429.986,11450.447,11373.646
2024,Monaco Grand Prix,8,Monaco,Monaco,0 days 03:12:06.732000,NOR,4,0 days 00:01:16.285000,73.0,2.0,,Lando Norris,,0 days 00:00:19.895000,0 days 00:00:35.987000,0 days 00:00:20.403000,0 days 03:11:10.342000,0 days 03:11:46.329000,0 days 03:12:06.732000,203.0,193.0,270.0,283.0,False,HARD,73.0,False,McLaren,0 days 03:10:50.447000,,1,4.0,False,,False,True,21.6,62.0,1018.4,False,40.5,214,0.9,True,False,False,False,False,False,+10.094,+0.709,10.094,0.709,11526.732,76.285,,,19.895,35.987,20.403,11470.342,11506.329,11526.732,11450.447
2024,Monaco Grand Prix,8,Monaco,Monaco,0 days 03:13:23.161000,NOR,4,0 days 00:01:16.429000,74.0,2.0,,Lando Norris,,0 days 00:00:19.859000,0 days 00:00:36.285000,0 days 00:00:20.285000,0 days 03:12:26.591000,0 days 03:13:02.876000,0 days 03:13:23.161000,205.0,192.0,264.0,284.0,False,HARD,74.0,False,McLaren,0 days 03:12:06.732000,,1,4.0,False,,False,True,21.7,61.0,1018.4,False,40.8,293,1.1,True,False,False,False,False,False,+10.418,+1.075,10.418,1.075,11603.161,76.429,,,19.859,36.285,20.285,11546.591,11582.876,11603.161,11526.732
2024,Monaco Grand Prix,8,Monaco,Monaco,0 days 03:14:39.678000,NOR,4,0 days 00:01:16.517000,75.0,2.0,,Lando Norris,,0 days 00:00:19.886000,0 days 00:00:36.194000,0 days 00:00:20.437000,0 days 03:13:43.047000,0 days 03:14:19.241000,0 days 03:14:39.678000,204.0,192.0,269.0,285.0,False,HARD,75.0,False,McLaren,0 days 03:13:23.161000,,1,4.0,False,,False,True,21.7,61.0,1018.4,False,40.8,214,0.7,True,False,False,False,False,False,+10.548,+0.687,10.548,0.687,11679.678,76.517,,,19.886,36.194,20.437,11623.047,11659.241,11679.678,11603.161
2024,Monaco Grand Prix,8,Monaco,Monaco,0 days 03:15:56.349000,NOR,4,0 days 00:01:16.671000,76.0,2.0,,Lando Norris,,0 days 00:00:19.986000,0 days 00:00:36.421000,0 days 00:00:20.264000,0 days 03:14:59.664000,0 days 03:15:36.085000,0 days 03:15:56.349000,204.0,196.0,263.0,284.0,False,HARD,76.0,False,McLaren,0 days 03:14:39.678000,,1,4.0,False,,False,True,21.7,61.0,1018.4,False,40.6,353,0.6,True,False,False,False,False,False,+10.447,+0.969,10.447,0.969,11756.349,76.671,,,19.986,36.421,20.264,11699.664,11736.085,11756.349,11679.678
2024,Monaco Grand Prix,8,Monaco,Monaco,0 days 03:17:12.861000,NOR,4,0 days 00:01:16.512000,77.0,2.0,,Lando Norris,,0 days 00:00:19.842000,0 days 00:00:36.153000,0 days 00:00:20.517000,0 days 03:16:16.191000,0 days 03:16:52.344000,0 days 03:17:12.861000,204.0,192.0,270.0,285.0,False,HARD,77.0,False,McLaren,0 days 03:15:56.349000,,1,4.0,False,,False,True,21.8,61.0,1018.4,False,40.9,219,1.2,True,False,False,False,False,False,+9.990,+0.841,9.99,0.841,11832.861,76.512,,,19.842,36.153,20.517,11776.191,11812.344,11832.861,11756.349
2024,Monaco Grand Prix,8,Monaco,Monaco,0 days 03:18:30.157000,NOR,4,0 days 00:01:17.296000,78.0,2.0,,Lando Norris,,0 days 00:00:20.080000,0 days 00:00:36.740000,0 days 00:00:20.476000,0 days 03:17:32.941000,0 days 03:18:09.681000,0 days 03:18:30.157000,201.0,190.0,264.0,285.0,False,HARD,78.0,False,McLaren,0 days 03:17:12.861000,,1,4.0,True,TRACK LIMITS AT TURN 10 LAP 78 ,False,True,21.8,61.0,1018.4,False,40.9,284,0.8,True,False,False,False,False,False,+8.650,+1.065,8.65,1.065,11910.157,77.296,,,20.08,36.74,20.476,11852.941,11889.681,11910.157,11832.861
2024,Monaco Grand Prix,8,Monaco,Monaco,0 days 01:36:29.909000,HAM,44,0 days 00:41:23.804000,1.0,1.0,,Lewis Hamilton,0 days 00:56:55.473000,,0 days 00:00:52.196000,,,0 days 00:56:27.952000,,159.0,69.0,,271.0,False,HARD,1.0,True,Mercedes,0 days 00:55:05.680000,,1254,7.0,False,,False,False,21.6,66.0,1018.9,False,48.4,255,0.6,True,True,True,True,False,False,+9.764,+2.653,9.764,2.653,5789.909,2483.804,3415.473,,,52.196,,,3387.952,,3305.68
2024,Monaco Grand Prix,8,Monaco,Monaco,0 days 01:39:02.569000,HAM,44,,2.0,2.0,0 days 01:36:30.616000,Lewis Hamilton,,0 days 00:00:25.236000,0 days 00:00:38.084000,0 days 00:01:29.492000,0 days 01:36:55.289000,0 days 01:37:33.207000,0 days 01:39:02.688000,186.0,181.0,92.0,253.0,False,MEDIUM,1.0,True,Mercedes,0 days 01:35:54.733000,,14,7.0,False,,False,False,21.5,65.0,1018.9,False,48.1,9,0.8,True,False,True,False,False,False,+2.429,+0.229,2.429,0.229,5942.569,,,5790.616,25.236,38.084,89.492,5815.289,5853.207,5942.688,5754.733
2024,Monaco Grand Prix,8,Monaco,Monaco,0 days 01:40:29.627000,HAM,44,0 days 00:01:27.058000,3.0,2.0,,Lewis Hamilton,,0 days 00:00:24.951000,0 days 00:00:39.492000,0 days 00:00:22.615000,0 days 01:39:27.556000,0 days 01:40:07.048000,0 days 01:40:29.663000,160.0,174.0,254.0,271.0,True,MEDIUM,2.0,True,Mercedes,0 days 01:39:02.569000,,1,7.0,False,,False,True,21.6,65.0,1018.8,False,49.2,0,0.6,True,False,False,False,False,False,+4.892,+1.479,4.892,1.479,6029.627,87.058,,,24.951,39.492,22.615,5967.556,6007.048,6029.663,5942.569
2024,Monaco Grand Prix,8,Monaco,Monaco,0 days 01:41:53.003000,HAM,44,0 days 00:01:23.376000,4.0,2.0,,Lewis Hamilton,,0 days 00:00:21.827000,0 days 00:00:38.943000,0 days 00:00:22.606000,0 days 01:40:51.490000,0 days 01:41:30.433000,0 days 01:41:53.039000,172.0,178.0,256.0,269.0,True,MEDIUM,3.0,True,Mercedes,0 days 01:40:29.627000,,1,7.0,False,,False,True,21.7,63.0,1018.9,False,49.2,0,0.6,True,False,False,False,False,False,+5.614,+1.644,5.614,1.644,6113.003,83.376,,,21.827,38.943,22.606,6051.49,6090.433,6113.039,6029.627
2024,Monaco Grand Prix,8,Monaco,Monaco,0 days 01:43:16.643000,HAM,44,0 days 00:01:23.640000,5.0,2.0,,Lewis Hamilton,,0 days 00:00:22.289000,0 days 00:00:38.824000,0 days 00:00:22.527000,0 days 01:42:15.328000,0 days 01:42:54.152000,0 days 01:43:16.679000,173.0,176.0,254.0,269.0,False,MEDIUM,4.0,True,Mercedes,0 days 01:41:53.003000,,1,7.0,False,,False,True,21.7,63.0,1018.8,False,48.8,57,0.6,True,False,False,False,False,False,+7.459,+1.884,7.459,1.884,6196.643,83.64,,,22.289,38.824,22.527,6135.328,6174.152,6196.679,6113.003
2024,Monaco Grand Prix,8,Monaco,Monaco,0 days 01:44:40.012000,HAM,44,0 days 00:01:23.369000,6.0,2.0,,Lewis Hamilton,,0 days 00:00:21.938000,0 days 00:00:38.711000,0 days 00:00:22.720000,0 days 01:43:38.617000,0 days 01:44:17.328000,0 days 01:44:40.048000,189.0,171.0,255.0,276.0,True,MEDIUM,5.0,True,Mercedes,0 days 01:43:16.643000,,1,7.0,False,,False,True,21.6,63.0,1018.8,False,48.2,0,1.0,True,False,False,False,False,False,+9.683,+1.466,9.683,1.466,6280.012,83.369,,,21.938,38.711,22.72,6218.617,6257.328,6280.048,6196.643
2024,Monaco Grand Prix,8,Monaco,Monaco,0 days 01:46:01.475000,HAM,44,0 days 00:01:21.463000,7.0,2.0,,Lewis Hamilton,,0 days 00:00:21.905000,0 days 00:00:37.709000,0 days 00:00:21.849000,0 days 01:45:01.953000,0 days 01:45:39.662000,0 days 01:46:01.511000,185.0,184.0,256.0,277.0,True,MEDIUM,6.0,True,Mercedes,0 days 01:44:40.012000,,1,7.0,False,,False,True,21.8,64.0,1018.9,False,48.7,6,0.4,True,False,False,False,False,False,+10.166,+1.646,10.166,1.646,6361.475,81.463,,,21.905,37.709,21.849,6301.953,6339.662,6361.511,6280.012
2024,Monaco Grand Prix,8,Monaco,Monaco,0 days 01:47:23.087000,HAM,44,0 days 00:01:21.612000,8.0,2.0,,Lewis Hamilton,,0 days 00:00:21.571000,0 days 00:00:38.073000,0 days 00:00:21.968000,0 days 01:46:23.082000,0 days 01:47:01.155000,0 days 01:47:23.123000,189.0,180.0,255.0,272.0,False,MEDIUM,7.0,True,Mercedes,0 days 01:46:01.475000,,1,7.0,False,,False,True,21.9,63.0,1018.9,False,47.9,253,0.9,True,False,False,False,False,False,+10.748,+1.601,10.748,1.601,6443.087,81.612,,,21.571,38.073,21.968,6383.082,6421.155,6443.123,6361.475
2024,Monaco Grand Prix,8,Monaco,Monaco,0 days 01:48:44.938000,HAM,44,0 days 00:01:21.851000,9.0,2.0,,Lewis Hamilton,,0 days 00:00:21.875000,0 days 00:00:37.949000,0 days 00:00:22.027000,0 days 01:47:44.998000,0 days 01:48:22.947000,0 days 01:48:44.974000,182.0,176.0,256.0,276.0,False,MEDIUM,8.0,True,Mercedes,0 days 01:47:23.087000,,1,7.0,False,,False,True,22.0,64.0,1018.8,False,47.9,340,1.1,True,False,False,False,False,False,+12.485,+1.712,12.485,1.712,6524.938,81.851,,,21.875,37.949,22.027,6464.998,6502.947,6524.974,6443.087
2024,Monaco Grand Prix,8,Monaco,Monaco,0 days 01:50:06.375000,HAM,44,0 days 00:01:21.437000,10.0,2.0,,Lewis Hamilton,,0 days 00:00:21.623000,0 days 00:00:37.776000,0 days 00:00:22.038000,0 days 01:49:06.597000,0 days 01:49:44.373000,0 days 01:50:06.411000,189.0,178.0,258.0,272.0,True,MEDIUM,9.0,True,Mercedes,0 days 01:48:44.938000,,1,7.0,False,,False,True,22.1,65.0,1018.8,False,47.4,289,0.7,True,False,False,False,False,False,+13.147,+1.905,13.147,1.905,6606.375,81.437,,,21.623,37.776,22.038,6546.597,6584.373,6606.411,6524.938
2024,Monaco Grand Prix,8,Monaco,Monaco,0 days 01:51:27.700000,HAM,44,0 days 00:01:21.325000,11.0,2.0,,Lewis Hamilton,,0 days 00:00:21.667000,0 days 00:00:37.807000,0 days 00:00:21.851000,0 days 01:50:28.078000,0 days 01:51:05.885000,0 days 01:51:27.736000,185.0,178.0,257.0,272.0,True,MEDIUM,10.0,True,Mercedes,0 days 01:50:06.375000,,1,7.0,False,,False,True,22.2,61.0,1018.9,False,47.9,9,1.3,True,False,False,False,False,False,+13.426,+1.738,13.426,1.738,6687.7,81.325,,,21.667,37.807,21.851,6628.078,6665.885,6687.736,6606.375
2024,Monaco Grand Prix,8,Monaco,Monaco,0 days 01:52:48.864000,HAM,44,0 days 00:01:21.164000,12.0,2.0,,Lewis Hamilton,,0 days 00:00:21.592000,0 days 00:00:37.746000,0 days 00:00:21.826000,0 days 01:51:49.328000,0 days 01:52:27.074000,0 days 01:52:48.900000,184.0,182.0,258.0,273.0,True,MEDIUM,11.0,True,Mercedes,0 days 01:51:27.700000,,1,7.0,False,,False,True,22.3,63.0,1018.8,False,47.3,2,0.6,True,False,False,False,False,False,+14.338,+2.243,14.338,2.243,6768.864,81.164,,,21.592,37.746,21.826,6709.328,6747.074,6768.9,6687.7
2024,Monaco Grand Prix,8,Monaco,Monaco,0 days 01:54:09.035000,HAM,44,0 days 00:01:20.171000,13.0,2.0,,Lewis Hamilton,,0 days 00:00:21.429000,0 days 00:00:37.188000,0 days 00:00:21.554000,0 days 01:53:10.329000,0 days 01:53:47.517000,0 days 01:54:09.071000,190.0,185.0,257.0,271.0,True,MEDIUM,12.0,True,Mercedes,0 days 01:52:48.864000,,1,7.0,False,,False,True,22.1,64.0,1018.8,False,47.2,208,1.2,True,False,False,False,False,False,+15.500,+2.544,15.5,2.544,6849.035,80.171,,,21.429,37.188,21.554,6790.329,6827.517,6849.071,6768.864
2024,Monaco Grand Prix,8,Monaco,Monaco,0 days 01:55:29.161000,HAM,44,0 days 00:01:20.126000,14.0,2.0,,Lewis Hamilton,,0 days 00:00:21.116000,0 days 00:00:37.471000,0 days 00:00:21.539000,0 days 01:54:30.187000,0 days 01:55:07.658000,0 days 01:55:29.197000,184.0,181.0,258.0,273.0,True,MEDIUM,13.0,True,Mercedes,0 days 01:54:09.035000,,1,7.0,False,,False,True,22.0,63.0,1018.7,False,47.1,22,0.5,True,False,False,False,False,False,+15.705,+2.913,15.705,2.913,6929.161,80.126,,,21.116,37.471,21.539,6870.187,6907.658,6929.197,6849.035
2024,Monaco Grand Prix,8,Monaco,Monaco,0 days 01:56:49.132000,HAM,44,0 days 00:01:19.971000,15.0,2.0,,Lewis Hamilton,,0 days 00:00:21.169000,0 days 00:00:37.268000,0 days 00:00:21.534000,0 days 01:55:50.366000,0 days 01:56:27.634000,0 days 01:56:49.168000,189.0,185.0,258.0,272.0,True,MEDIUM,14.0,True,Mercedes,0 days 01:55:29.161000,,1,7.0,False,,False,True,22.0,62.0,1018.8,False,47.1,351,1.1,True,False,False,False,False,False,+15.838,+2.514,15.838,2.514,7009.132,79.971,,,21.169,37.268,21.534,6950.366,6987.634,7009.168,6929.161
2024,Monaco Grand Prix,8,Monaco,Monaco,0 days 01:58:09.516000,HAM,44,0 days 00:01:20.384000,16.0,2.0,,Lewis Hamilton,,0 days 00:00:21.278000,0 days 00:00:37.545000,0 days 00:00:21.561000,0 days 01:57:10.446000,0 days 01:57:47.991000,0 days 01:58:09.552000,185.0,183.0,258.0,276.0,False,MEDIUM,15.0,True,Mercedes,0 days 01:56:49.132000,,1,7.0,False,,False,True,22.0,64.0,1018.7,False,46.0,154,0.5,True,False,False,False,False,False,+16.066,+2.611,16.066,2.611,7089.516,80.384,,,21.278,37.545,21.561,7030.446,7067.991,7089.552,7009.132
2024,Monaco Grand Prix,8,Monaco,Monaco,0 days 01:59:29.254000,HAM,44,0 days 00:01:19.738000,17.0,2.0,,Lewis Hamilton,,0 days 00:00:20.869000,0 days 00:00:37.534000,0 days 00:00:21.335000,0 days 01:58:30.421000,0 days 01:59:07.955000,0 days 01:59:29.290000,188.0,185.0,258.0,271.0,True,MEDIUM,16.0,True,Mercedes,0 days 01:58:09.516000,,1,7.0,False,,False,True,21.6,64.0,1018.7,False,46.7,38,1.1,True,False,False,False,False,False,+15.525,+2.451,15.525,2.451,7169.254,79.738,,,20.869,37.534,21.335,7110.421,7147.955,7169.29,7089.516
2024,Monaco Grand Prix,8,Monaco,Monaco,0 days 02:00:49.291000,HAM,44,0 days 00:01:20.037000,18.0,2.0,,Lewis Hamilton,,0 days 00:00:21.240000,0 days 00:00:37.431000,0 days 00:00:21.366000,0 days 01:59:50.530000,0 days 02:00:27.961000,0 days 02:00:49.327000,190.0,186.0,258.0,272.0,False,MEDIUM,17.0,True,Mercedes,0 days 01:59:29.254000,,1,7.0,False,,False,True,21.7,63.0,1018.7,False,47.2,101,0.8,True,False,False,False,False,False,+15.982,+2.908,15.982,2.908,7249.291,80.037,,,21.24,37.431,21.366,7190.53,7227.961,7249.327,7169.254
2024,Monaco Grand Prix,8,Monaco,Monaco,0 days 02:02:09.165000,HAM,44,0 days 00:01:19.874000,19.0,2.0,,Lewis Hamilton,,0 days 00:00:21.105000,0 days 00:00:37.383000,0 days 00:00:21.386000,0 days 02:01:10.432000,0 days 02:01:47.815000,0 days 02:02:09.201000,190.0,176.0,258.0,274.0,False,MEDIUM,18.0,True,Mercedes,0 days 02:00:49.291000,,1,7.0,False,,False,True,21.8,61.0,1018.6,False,46.7,221,0.7,True,False,False,False,False,False,+17.014,+2.611,17.014,2.611,7329.165,79.874,,,21.105,37.383,21.386,7270.432,7307.815,7329.201,7249.291
2024,Monaco Grand Prix,8,Monaco,Monaco,0 days 02:03:29.669000,HAM,44,0 days 00:01:20.504000,20.0,2.0,,Lewis Hamilton,,0 days 00:00:21.334000,0 days 00:00:37.659000,0 days 00:00:21.511000,0 days 02:02:30.535000,0 days 02:03:08.194000,0 days 02:03:29.705000,180.0,180.0,258.0,273.0,False,MEDIUM,19.0,True,Mercedes,0 days 02:02:09.165000,,1,7.0,False,,False,True,21.9,62.0,1018.8,False,45.8,337,0.9,True,False,False,False,False,False,+18.794,+3.229,18.794,3.229,7409.669,80.504,,,21.334,37.659,21.511,7350.535,7388.194,7409.705,7329.165
2024,Monaco Grand Prix,8,Monaco,Monaco,0 days 02:04:49.429000,HAM,44,0 days 00:01:19.760000,21.0,2.0,,Lewis Hamilton,,0 days 00:00:21.219000,0 days 00:00:37.123000,0 days 00:00:21.418000,0 days 02:03:50.924000,0 days 02:04:28.047000,0 days 02:04:49.465000,193.0,183.0,259.0,272.0,False,MEDIUM,20.0,True,Mercedes,0 days 02:03:29.669000,,1,7.0,False,,False,True,21.9,64.0,1018.7,False,45.8,0,1.3,True,False,False,False,False,False,+20.082,+2.734,20.082,2.734,7489.429,79.76,,,21.219,37.123,21.418,7430.924,7468.047,7489.465,7409.669
2024,Monaco Grand Prix,8,Monaco,Monaco,0 days 02:06:10.019000,HAM,44,0 days 00:01:20.590000,22.0,2.0,,Lewis Hamilton,,0 days 00:00:21.728000,0 days 00:00:37.543000,0 days 00:00:21.319000,0 days 02:05:11.193000,0 days 02:05:48.736000,0 days 02:06:10.055000,186.0,186.0,258.0,269.0,False,MEDIUM,21.0,True,Mercedes,0 days 02:04:49.429000,,1,7.0,False,,False,True,21.8,65.0,1018.8,False,45.9,273,1.6,True,False,False,False,False,False,+22.052,+3.511,22.052,3.511,7570.019,80.59,,,21.728,37.543,21.319,7511.193,7548.736,7570.055,7489.429
2024,Monaco Grand Prix,8,Monaco,Monaco,0 days 02:07:29.108000,HAM,44,0 days 00:01:19.089000,23.0,2.0,,Lewis Hamilton,,0 days 00:00:21.281000,0 days 00:00:36.887000,0 days 00:00:20.921000,0 days 02:06:31.336000,0 days 02:07:08.223000,0 days 02:07:29.144000,194.0,187.0,259.0,269.0,True,MEDIUM,22.0,True,Mercedes,0 days 02:06:10.019000,,1,7.0,False,,False,True,21.7,63.0,1018.7,False,46.1,356,1.1,True,False,False,False,False,False,+22.683,+3.621,22.683,3.621,7649.108,79.089,,,21.281,36.887,20.921,7591.336,7628.223,7649.144,7570.019
2024,Monaco Grand Prix,8,Monaco,Monaco,0 days 02:08:47.893000,HAM,44,0 days 00:01:18.785000,24.0,2.0,,Lewis Hamilton,,0 days 00:00:20.850000,0 days 00:00:36.635000,0 days 00:00:21.300000,0 days 02:07:49.994000,0 days 02:08:26.629000,0 days 02:08:47.929000,196.0,187.0,259.0,272.0,True,MEDIUM,23.0,True,Mercedes,0 days 02:07:29.108000,,1,7.0,False,,False,True,21.8,64.0,1018.7,False,46.3,272,1.4,True,False,False,False,False,False,+22.743,+3.042,22.743,3.042,7727.893,78.785,,,20.85,36.635,21.3,7669.994,7706.629,7727.929,7649.108
2024,Monaco Grand Prix,8,Monaco,Monaco,0 days 02:10:07.235000,HAM,44,0 days 00:01:19.342000,25.0,2.0,,Lewis Hamilton,,0 days 00:00:21.045000,0 days 00:00:36.894000,0 days 00:00:21.403000,0 days 02:09:08.974000,0 days 02:09:45.868000,0 days 02:10:07.271000,188.0,181.0,258.0,273.0,False,MEDIUM,24.0,True,Mercedes,0 days 02:08:47.893000,,1,7.0,False,,False,True,21.7,63.0,1018.7,False,45.7,183,0.9,True,False,False,False,False,False,+23.112,+3.004,23.112,3.004,7807.235,79.342,,,21.045,36.894,21.403,7748.974,7785.868,7807.271,7727.893
2024,Monaco Grand Prix,8,Monaco,Monaco,0 days 02:11:27.097000,HAM,44,0 days 00:01:19.862000,26.0,2.0,,Lewis Hamilton,,0 days 00:00:21.531000,0 days 00:00:37.064000,0 days 00:00:21.267000,0 days 02:10:28.802000,0 days 02:11:05.866000,0 days 02:11:27.133000,193.0,185.0,258.0,275.0,False,MEDIUM,25.0,True,Mercedes,0 days 02:10:07.235000,,1,7.0,False,,False,True,21.8,64.0,1018.5,False,46.0,23,0.7,True,False,False,False,False,False,+24.529,+4.048,24.529,4.048,7887.097,79.862,,,21.531,37.064,21.267,7828.802,7865.866,7887.133,7807.235
2024,Monaco Grand Prix,8,Monaco,Monaco,0 days 02:12:45.646000,HAM,44,0 days 00:01:18.549000,27.0,2.0,,Lewis Hamilton,,0 days 00:00:20.906000,0 days 00:00:36.554000,0 days 00:00:21.089000,0 days 02:11:48.039000,0 days 02:12:24.593000,0 days 02:12:45.682000,197.0,186.0,258.0,273.0,True,MEDIUM,26.0,True,Mercedes,0 days 02:11:27.097000,,1,7.0,False,,False,True,21.9,63.0,1018.6,False,46.0,296,0.6,True,False,False,False,False,False,+24.727,+3.800,24.727,3.8,7965.646,78.549,,,20.906,36.554,21.089,7908.039,7944.593,7965.682,7887.097
2024,Monaco Grand Prix,8,Monaco,Monaco,0 days 02:14:04.233000,HAM,44,0 days 00:01:18.587000,28.0,2.0,,Lewis Hamilton,,0 days 00:00:21.112000,0 days 00:00:36.631000,0 days 00:00:20.844000,0 days 02:13:06.794000,0 days 02:13:43.425000,0 days 02:14:04.269000,192.0,188.0,259.0,275.0,False,MEDIUM,27.0,True,Mercedes,0 days 02:12:45.646000,,1,7.0,False,,False,True,21.9,62.0,1018.6,False,46.0,213,1.0,True,False,False,False,False,False,+24.604,+3.705,24.604,3.705,8044.233,78.587,,,21.112,36.631,20.844,7986.794,8023.425,8044.269,7965.646
2024,Monaco Grand Prix,8,Monaco,Monaco,0 days 02:15:23.173000,HAM,44,0 days 00:01:18.940000,29.0,2.0,,Lewis Hamilton,,0 days 00:00:21.157000,0 days 00:00:36.794000,0 days 00:00:20.989000,0 days 02:14:25.426000,0 days 02:15:02.220000,0 days 02:15:23.209000,193.0,189.0,259.0,276.0,False,MEDIUM,28.0,True,Mercedes,0 days 02:14:04.233000,,1,7.0,False,,False,True,22.0,62.0,1018.5,False,45.9,220,0.9,True,False,False,False,False,False,+24.491,+3.850,24.491,3.85,8123.173,78.94,,,21.157,36.794,20.989,8065.426,8102.22,8123.209,8044.233
2024,Monaco Grand Prix,8,Monaco,Monaco,0 days 02:16:41.544000,HAM,44,0 days 00:01:18.371000,30.0,2.0,,Lewis Hamilton,,0 days 00:00:20.782000,0 days 00:00:36.586000,0 days 00:00:21.003000,0 days 02:15:43.991000,0 days 02:16:20.577000,0 days 02:16:41.580000,192.0,189.0,258.0,276.0,True,MEDIUM,29.0,True,Mercedes,0 days 02:15:23.173000,,1,7.0,False,,False,True,22.0,61.0,1018.6,False,46.4,265,0.6,True,False,False,False,False,False,+22.927,+3.647,22.927,3.647,8201.544,78.371,,,20.782,36.586,21.003,8143.991,8180.577,8201.58,8123.173
2024,Monaco Grand Prix,8,Monaco,Monaco,0 days 02:18:00.015000,HAM,44,0 days 00:01:18.471000,31.0,2.0,,Lewis Hamilton,,0 days 00:00:21.051000,0 days 00:00:36.534000,0 days 00:00:20.886000,0 days 02:17:02.631000,0 days 02:17:39.165000,0 days 02:18:00.051000,196.0,191.0,258.0,276.0,False,MEDIUM,30.0,True,Mercedes,0 days 02:16:41.544000,,1,7.0,False,,False,True,22.1,61.0,1018.6,False,45.5,217,0.4,True,False,False,False,False,False,+23.005,+3.554,23.005,3.554,8280.015,78.471,,,21.051,36.534,20.886,8222.631,8259.165,8280.051,8201.544
2024,Monaco Grand Prix,8,Monaco,Monaco,0 days 02:19:18.633000,HAM,44,0 days 00:01:18.618000,32.0,2.0,,Lewis Hamilton,,0 days 00:00:20.974000,0 days 00:00:36.599000,0 days 00:00:21.045000,0 days 02:18:21.025000,0 days 02:18:57.624000,0 days 02:19:18.669000,194.0,183.0,259.0,275.0,False,MEDIUM,31.0,True,Mercedes,0 days 02:18:00.015000,,1,7.0,False,,False,True,21.9,62.0,1018.5,False,45.6,245,1.0,True,False,False,False,False,False,+22.498,+3.189,22.498,3.189,8358.633,78.618,,,20.974,36.599,21.045,8301.025,8337.624,8358.669,8280.015
2024,Monaco Grand Prix,8,Monaco,Monaco,0 days 02:20:37.379000,HAM,44,0 days 00:01:18.746000,33.0,2.0,,Lewis Hamilton,,0 days 00:00:20.940000,0 days 00:00:36.588000,0 days 00:00:21.218000,0 days 02:19:39.609000,0 days 02:20:16.197000,0 days 02:20:37.415000,190.0,186.0,259.0,274.0,False,MEDIUM,32.0,True,Mercedes,0 days 02:19:18.633000,,1,7.0,False,,False,True,21.9,62.0,1018.6,False,45.9,269,0.9,True,False,False,False,False,False,+22.750,+2.930,22.75,2.93,8437.379,78.746,,,20.94,36.588,21.218,8379.609,8416.197,8437.415,8358.633
2024,Monaco Grand Prix,8,Monaco,Monaco,0 days 02:21:56.239000,HAM,44,0 days 00:01:18.860000,34.0,2.0,,Lewis Hamilton,,0 days 00:00:21.143000,0 days 00:00:36.668000,0 days 00:00:21.049000,0 days 02:20:58.558000,0 days 02:21:35.226000,0 days 02:21:56.275000,192.0,191.0,259.0,274.0,False,MEDIUM,33.0,True,Mercedes,0 days 02:20:37.379000,,1,7.0,False,,False,True,22.0,61.0,1018.5,False,45.9,268,1.0,True,False,False,False,False,False,+22.291,+2.196,22.291,2.196,8516.239,78.86,,,21.143,36.668,21.049,8458.558,8495.226,8516.275,8437.379
2024,Monaco Grand Prix,8,Monaco,Monaco,0 days 02:23:15.757000,HAM,44,0 days 00:01:19.518000,35.0,2.0,,Lewis Hamilton,,0 days 00:00:21.181000,0 days 00:00:36.979000,0 days 00:00:21.358000,0 days 02:22:17.456000,0 days 02:22:54.435000,0 days 02:23:15.793000,183.0,184.0,260.0,275.0,False,MEDIUM,34.0,True,Mercedes,0 days 02:21:56.239000,,1,7.0,False,,False,True,21.9,65.0,1018.6,False,44.5,358,0.6,True,False,False,False,False,False,+23.307,+1.533,23.307,1.533,8595.757,79.518,,,21.181,36.979,21.358,8537.456,8574.435,8595.793,8516.239
2024,Monaco Grand Prix,8,Monaco,Monaco,0 days 02:24:36.405000,HAM,44,0 days 00:01:20.648000,36.0,2.0,,Lewis Hamilton,,0 days 00:00:21.922000,0 days 00:00:37.249000,0 days 00:00:21.477000,0 days 02:23:37.715000,0 days 02:24:14.964000,0 days 02:24:36.441000,189.0,181.0,259.0,275.0,False,MEDIUM,35.0,True,Mercedes,0 days 02:23:15.757000,,1,7.0,False,,False,True,21.8,64.0,1018.5,False,44.4,234,1.2,True,False,False,False,False,False,+25.238,+2.521,25.238,2.521,8676.405,80.648,,,21.922,37.249,21.477,8617.715,8654.964,8676.441,8595.757
2024,Monaco Grand Prix,8,Monaco,Monaco,0 days 02:25:55.010000,HAM,44,0 days 00:01:18.605000,37.0,2.0,,Lewis Hamilton,,0 days 00:00:21.010000,0 days 00:00:36.681000,0 days 00:00:20.914000,0 days 02:24:57.451000,0 days 02:25:34.132000,0 days 02:25:55.046000,188.0,189.0,261.0,277.0,False,MEDIUM,36.0,True,Mercedes,0 days 02:24:36.405000,,1,7.0,False,,False,True,21.7,63.0,1018.5,False,44.4,305,1.5,True,False,False,False,False,False,+24.918,+1.697,24.918,1.697,8755.01,78.605,,,21.01,36.681,20.914,8697.451,8734.132,8755.046,8676.405
2024,Monaco Grand Prix,8,Monaco,Monaco,0 days 02:27:15.524000,HAM,44,0 days 00:01:20.514000,38.0,2.0,,Lewis Hamilton,,0 days 00:00:21.508000,0 days 00:00:37.283000,0 days 00:00:21.723000,0 days 02:26:16.554000,0 days 02:26:53.837000,0 days 02:27:15.560000,184.0,183.0,259.0,272.0,False,MEDIUM,37.0,True,Mercedes,0 days 02:25:55.010000,,1,7.0,False,,False,True,21.8,62.0,1018.6,False,44.8,169,0.7,True,False,False,False,False,False,+26.904,+3.367,26.904,3.367,8835.524,80.514,,,21.508,37.283,21.723,8776.554,8813.837,8835.56,8755.01
2024,Monaco Grand Prix,8,Monaco,Monaco,0 days 02:28:34.467000,HAM,44,0 days 00:01:18.943000,39.0,2.0,,Lewis Hamilton,,0 days 00:00:20.953000,0 days 00:00:36.947000,0 days 00:00:21.043000,0 days 02:27:36.513000,0 days 02:28:13.460000,0 days 02:28:34.503000,191.0,188.0,260.0,275.0,False,MEDIUM,38.0,True,Mercedes,0 days 02:27:15.524000,,1,7.0,False,,False,True,21.8,62.0,1018.6,False,44.7,0,0.5,True,False,False,False,False,False,+27.666,+3.984,27.666,3.984,8914.467,78.943,,,20.953,36.947,21.043,8856.513,8893.46,8914.503,8835.524
2024,Monaco Grand Prix,8,Monaco,Monaco,0 days 02:29:53.140000,HAM,44,0 days 00:01:18.673000,40.0,2.0,,Lewis Hamilton,,0 days 00:00:20.940000,0 days 00:00:36.732000,0 days 00:00:21.001000,0 days 02:28:55.443000,0 days 02:29:32.175000,0 days 02:29:53.176000,196.0,187.0,259.0,275.0,False,MEDIUM,39.0,True,Mercedes,0 days 02:28:34.467000,,1,7.0,False,,False,True,21.9,61.0,1018.6,False,44.4,269,0.8,True,False,False,False,False,False,+27.606,+4.248,27.606,4.248,8993.14,78.673,,,20.94,36.732,21.001,8935.443,8972.175,8993.176,8914.467
2024,Monaco Grand Prix,8,Monaco,Monaco,0 days 02:31:12.086000,HAM,44,0 days 00:01:18.946000,41.0,2.0,,Lewis Hamilton,,0 days 00:00:21.003000,0 days 00:00:36.721000,0 days 00:00:21.222000,0 days 02:30:14.179000,0 days 02:30:50.900000,0 days 02:31:12.122000,193.0,186.0,259.0,275.0,False,MEDIUM,40.0,True,Mercedes,0 days 02:29:53.140000,,1,7.0,False,,False,True,22.0,60.0,1018.5,False,44.4,111,0.8,True,False,False,False,False,False,+27.858,+5.111,27.858,5.111,9072.086,78.946,,,21.003,36.721,21.222,9014.179,9050.9,9072.122,8993.14
2024,Monaco Grand Prix,8,Monaco,Monaco,0 days 02:32:29.628000,HAM,44,0 days 00:01:17.542000,42.0,2.0,,Lewis Hamilton,,0 days 00:00:20.703000,0 days 00:00:36.110000,0 days 00:00:20.729000,0 days 02:31:32.825000,0 days 02:32:08.935000,0 days 02:32:29.664000,201.0,193.0,259.0,276.0,True,MEDIUM,41.0,True,Mercedes,0 days 02:31:12.086000,,1,7.0,False,,False,True,21.9,61.0,1018.5,False,44.7,0,0.5,True,False,False,False,False,False,+26.213,+4.617,26.213,4.617,9149.628,77.542,,,20.703,36.11,20.729,9092.825,9128.935,9149.664,9072.086
2024,Monaco Grand Prix,8,Monaco,Monaco,0 days 02:33:47.495000,HAM,44,0 days 00:01:17.867000,43.0,2.0,,Lewis Hamilton,,0 days 00:00:20.754000,0 days 00:00:36.418000,0 days 00:00:20.695000,0 days 02:32:50.418000,0 days 02:33:26.836000,0 days 02:33:47.531000,198.0,193.0,260.0,276.0,False,MEDIUM,42.0,True,Mercedes,0 days 02:32:29.628000,,1,7.0,False,,False,True,21.9,59.0,1018.5,False,44.8,0,0.9,True,False,False,False,False,False,+26.125,+4.088,26.125,4.088,9227.495,77.867,,,20.754,36.418,20.695,9170.418,9206.836,9227.531,9149.628
2024,Monaco Grand Prix,8,Monaco,Monaco,0 days 02:35:05.720000,HAM,44,0 days 00:01:18.225000,44.0,2.0,,Lewis Hamilton,,0 days 00:00:20.803000,0 days 00:00:36.511000,0 days 00:00:20.911000,0 days 02:34:08.334000,0 days 02:34:44.845000,0 days 02:35:05.756000,198.0,192.0,259.0,275.0,False,MEDIUM,43.0,True,Mercedes,0 days 02:33:47.495000,,1,7.0,False,,False,True,21.9,59.0,1018.6,False,44.8,227,1.0,True,False,False,False,False,False,+26.094,+3.911,26.094,3.911,9305.72,78.225,,,20.803,36.511,20.911,9248.334,9284.845,9305.756,9227.495
2024,Monaco Grand Prix,8,Monaco,Monaco,0 days 02:36:23.876000,HAM,44,0 days 00:01:18.156000,45.0,2.0,,Lewis Hamilton,,0 days 00:00:20.583000,0 days 00:00:36.597000,0 days 00:00:20.976000,0 days 02:35:26.339000,0 days 02:36:02.936000,0 days 02:36:23.912000,196.0,186.0,260.0,275.0,False,MEDIUM,44.0,True,Mercedes,0 days 02:35:05.720000,,1,7.0,False,,False,True,22.0,58.0,1018.5,False,44.2,206,0.8,True,False,False,False,False,False,+25.751,+3.791,25.751,3.791,9383.876,78.156,,,20.583,36.597,20.976,9326.339,9362.936,9383.912,9305.72
2024,Monaco Grand Prix,8,Monaco,Monaco,0 days 02:37:41.980000,HAM,44,0 days 00:01:18.104000,46.0,2.0,,Lewis Hamilton,,0 days 00:00:20.745000,0 days 00:00:36.466000,0 days 00:00:20.893000,0 days 02:36:44.657000,0 days 02:37:21.123000,0 days 02:37:42.016000,197.0,192.0,260.0,277.0,False,MEDIUM,45.0,True,Mercedes,0 days 02:36:23.876000,,1,7.0,False,,False,True,21.9,57.0,1018.3,False,44.5,203,1.8,True,False,False,False,False,False,+25.226,+3.652,25.226,3.652,9461.98,78.104,,,20.745,36.466,20.893,9404.657,9441.123,9462.016,9383.876
2024,Monaco Grand Prix,8,Monaco,Monaco,0 days 02:39:00.311000,HAM,44,0 days 00:01:18.331000,47.0,2.0,,Lewis Hamilton,,0 days 00:00:20.748000,0 days 00:00:36.783000,0 days 00:00:20.800000,0 days 02:38:02.764000,0 days 02:38:39.547000,0 days 02:39:00.347000,189.0,191.0,259.0,276.0,False,MEDIUM,46.0,True,Mercedes,0 days 02:37:41.980000,,1,7.0,False,,False,True,22.0,58.0,1018.4,False,44.5,276,1.8,True,False,False,False,False,False,+24.372,+3.446,24.372,3.446,9540.311,78.331,,,20.748,36.783,20.8,9482.764,9519.547,9540.347,9461.98
2024,Monaco Grand Prix,8,Monaco,Monaco,0 days 02:40:18.142000,HAM,44,0 days 00:01:17.831000,48.0,2.0,,Lewis Hamilton,,0 days 00:00:20.802000,0 days 00:00:36.424000,0 days 00:00:20.605000,0 days 02:39:21.149000,0 days 02:39:57.573000,0 days 02:40:18.178000,196.0,190.0,262.0,280.0,False,MEDIUM,47.0,True,Mercedes,0 days 02:39:00.311000,,1,7.0,False,,False,True,22.0,58.0,1018.4,False,43.8,218,1.1,True,False,False,False,False,False,+24.347,+2.975,24.347,2.975,9618.142,77.831,,,20.802,36.424,20.605,9561.149,9597.573,9618.178,9540.311
2024,Monaco Grand Prix,8,Monaco,Monaco,0 days 02:41:35.540000,HAM,44,0 days 00:01:17.398000,49.0,2.0,,Lewis Hamilton,,0 days 00:00:20.468000,0 days 00:00:36.146000,0 days 00:00:20.784000,0 days 02:40:38.646000,0 days 02:41:14.792000,0 days 02:41:35.576000,200.0,190.0,263.0,282.0,True,MEDIUM,48.0,True,Mercedes,0 days 02:40:18.142000,,1,7.0,False,,False,True,22.0,57.0,1018.4,False,43.7,0,1.7,True,False,False,False,False,False,+23.154,+1.861,23.154,1.861,9695.54,77.398,,,20.468,36.146,20.784,9638.646,9674.792,9695.576,9618.142
2024,Monaco Grand Prix,8,Monaco,Monaco,0 days 02:42:54.001000,HAM,44,0 days 00:01:18.461000,50.0,2.0,,Lewis Hamilton,,0 days 00:00:20.737000,0 days 00:00:36.831000,0 days 00:00:20.893000,0 days 02:41:56.313000,0 days 02:42:33.144000,0 days 02:42:54.037000,186.0,191.0,261.0,280.0,False,MEDIUM,49.0,True,Mercedes,0 days 02:41:35.540000,,1,7.0,False,,False,True,21.9,58.0,1018.5,False,43.7,354,1.0,True,False,False,False,False,False,+23.463,+1.472,23.463,1.472,9774.001,78.461,,,20.737,36.831,20.893,9716.313,9753.144,9774.037,9695.54
2024,Monaco Grand Prix,8,Monaco,Monaco,0 days 02:44:29.210000,HAM,44,0 days 00:01:35.209000,51.0,2.0,,Lewis Hamilton,0 days 02:44:05.864000,0 days 00:00:21.037000,0 days 00:00:36.500000,0 days 00:00:37.672000,0 days 02:43:15.074000,0 days 02:43:51.574000,0 days 02:44:29.246000,194.0,190.0,,279.0,False,MEDIUM,50.0,True,Mercedes,0 days 02:42:54.001000,,1,7.0,False,,False,False,21.9,58.0,1018.5,False,43.7,89,1.1,True,False,False,False,False,False,+24.048,+1.802,24.048,1.802,9869.21,95.209,9845.864,,21.037,36.5,37.672,9795.074,9831.574,9869.246,9774.001
2024,Monaco Grand Prix,8,Monaco,Monaco,0 days 02:45:48.912000,HAM,44,0 days 00:01:19.702000,52.0,3.0,0 days 02:44:29.955000,Lewis Hamilton,,0 days 00:00:23.286000,0 days 00:00:36.357000,0 days 00:00:20.059000,0 days 02:44:52.532000,0 days 02:45:28.889000,0 days 02:45:48.948000,187.0,194.0,259.0,279.0,False,HARD,2.0,False,Mercedes,0 days 02:44:29.210000,,12,7.0,False,,False,False,21.8,57.0,1018.5,False,43.2,52,1.0,True,True,False,False,False,False,+42.293,+20.811,42.293,20.811,9948.912,79.702,,9869.955,23.286,36.357,20.059,9892.532,9928.889,9948.948,9869.21
2024,Monaco Grand Prix,8,Monaco,Monaco,0 days 02:47:05.370000,HAM,44,0 days 00:01:16.458000,53.0,3.0,,Lewis Hamilton,,0 days 00:00:20.151000,0 days 00:00:35.889000,0 days 00:00:20.418000,0 days 02:46:09.099000,0 days 02:46:44.988000,0 days 02:47:05.406000,197.0,192.0,262.0,283.0,True,HARD,3.0,False,Mercedes,0 days 02:45:48.912000,,1,7.0,False,,False,True,21.9,58.0,1018.5,False,43.2,321,0.8,True,False,False,False,False,False,+40.950,+2.040,40.95,2.04,10025.37,76.458,,,20.151,35.889,20.418,9969.099,10004.988,10025.406,9948.912
2024,Monaco Grand Prix,8,Monaco,Monaco,0 days 02:48:21.758000,HAM,44,0 days 00:01:16.388000,54.0,3.0,,Lewis Hamilton,,0 days 00:00:20.026000,0 days 00:00:35.636000,0 days 00:00:20.726000,0 days 02:47:25.432000,0 days 02:48:01.068000,0 days 02:48:21.794000,204.0,190.0,262.0,285.0,True,HARD,4.0,False,Mercedes,0 days 02:47:05.370000,,1,7.0,False,,False,True,21.9,59.0,1018.4,False,42.8,236,1.4,True,False,False,False,False,False,+40.002,+2.640,40.002,2.64,10101.758,76.388,,,20.026,35.636,20.726,10045.432,10081.068,10101.794,10025.37
2024,Monaco Grand Prix,8,Monaco,Monaco,0 days 02:49:38.250000,HAM,44,0 days 00:01:16.492000,55.0,3.0,,Lewis Hamilton,,0 days 00:00:20.727000,0 days 00:00:35.648000,0 days 00:00:20.117000,0 days 02:48:42.521000,0 days 02:49:18.169000,0 days 02:49:38.286000,195.0,195.0,261.0,281.0,False,HARD,5.0,False,Mercedes,0 days 02:48:21.758000,,1,7.0,False,,False,True,21.7,59.0,1018.4,False,42.5,0,1.1,True,False,False,False,False,False,+39.029,+3.707,39.029,3.707,10178.25,76.492,,,20.727,35.648,20.117,10122.521,10158.169,10178.286,10101.758
2024,Monaco Grand Prix,8,Monaco,Monaco,0 days 02:50:52.673000,HAM,44,0 days 00:01:14.423000,56.0,3.0,,Lewis Hamilton,,0 days 00:00:19.485000,0 days 00:00:35.057000,0 days 00:00:19.881000,0 days 02:49:57.771000,0 days 02:50:32.828000,0 days 02:50:52.709000,209.0,195.0,260.0,281.0,True,HARD,6.0,False,Mercedes,0 days 02:49:38.250000,,1,7.0,False,,False,True,21.7,60.0,1018.4,False,42.4,59,0.9,True,False,False,False,False,False,+36.261,+2.705,36.261,2.705,10252.673,74.423,,,19.485,35.057,19.881,10197.771,10232.828,10252.709,10178.25
2024,Monaco Grand Prix,8,Monaco,Monaco,0 days 02:52:10.530000,HAM,44,0 days 00:01:17.857000,57.0,3.0,,Lewis Hamilton,,0 days 00:00:20.896000,0 days 00:00:36.389000,0 days 00:00:20.572000,0 days 02:51:13.605000,0 days 02:51:49.994000,0 days 02:52:10.566000,187.0,188.0,262.0,280.0,False,HARD,7.0,False,Mercedes,0 days 02:50:52.673000,,1,7.0,False,,False,True,21.6,60.0,1018.4,False,42.2,140,0.8,True,False,False,False,False,False,+36.482,+4.376,36.482,4.376,10330.53,77.857,,,20.896,36.389,20.572,10273.605,10309.994,10330.566,10252.673
2024,Monaco Grand Prix,8,Monaco,Monaco,0 days 02:53:27.385000,HAM,44,0 days 00:01:16.855000,58.0,3.0,,Lewis Hamilton,,0 days 00:00:20.302000,0 days 00:00:36.102000,0 days 00:00:20.451000,0 days 02:52:30.868000,0 days 02:53:06.970000,0 days 02:53:27.421000,198.0,188.0,261.0,282.0,False,HARD,8.0,False,Mercedes,0 days 02:52:10.530000,,1,7.0,True,TRACK LIMITS AT TURN 10 LAP 58 ,False,True,21.8,60.0,1018.5,False,42.2,30,1.2,True,False,False,False,False,False,+36.295,+6.639,36.295,6.639,10407.385,76.855,,,20.302,36.102,20.451,10350.868,10386.97,10407.421,10330.53
2024,Monaco Grand Prix,8,Monaco,Monaco,0 days 02:54:41.589000,HAM,44,0 days 00:01:14.204000,59.0,3.0,,Lewis Hamilton,,0 days 00:00:19.662000,0 days 00:00:34.842000,0 days 00:00:19.700000,0 days 02:53:47.083000,0 days 02:54:21.925000,0 days 02:54:41.625000,213.0,199.0,261.0,280.0,True,HARD,9.0,False,Mercedes,0 days 02:53:27.385000,,1,7.0,False,,False,True,21.6,61.0,1018.4,False,41.9,9,1.1,True,False,False,False,False,False,+33.400,+6.082,33.4,6.082,10481.589,74.204,,,19.662,34.842,19.7,10427.083,10461.925,10481.625,10407.385
2024,Monaco Grand Prix,8,Monaco,Monaco,0 days 02:55:57.437000,HAM,44,0 days 00:01:15.848000,60.0,3.0,,Lewis Hamilton,,0 days 00:00:20.036000,0 days 00:00:35.591000,0 days 00:00:20.221000,0 days 02:55:01.661000,0 days 02:55:37.252000,0 days 02:55:57.473000,203.0,194.0,263.0,280.0,False,HARD,10.0,False,Mercedes,0 days 02:54:41.589000,,1,7.0,False,,False,True,21.5,61.0,1018.5,False,42.3,284,0.5,True,False,False,False,False,False,+32.834,+6.692,32.834,6.692,10557.437,75.848,,,20.036,35.591,20.221,10501.661,10537.252,10557.473,10481.589
2024,Monaco Grand Prix,8,Monaco,Monaco,0 days 02:57:12.711000,HAM,44,0 days 00:01:15.274000,61.0,3.0,,Lewis Hamilton,,0 days 00:00:19.975000,0 days 00:00:35.321000,0 days 00:00:19.978000,0 days 02:56:17.448000,0 days 02:56:52.769000,0 days 02:57:12.747000,206.0,197.0,263.0,282.0,False,HARD,11.0,False,Mercedes,0 days 02:55:57.437000,,1,7.0,False,,False,True,21.6,60.0,1018.4,False,42.0,241,0.9,True,False,False,False,False,False,+31.245,+6.845,31.245,6.845,10632.711,75.274,,,19.975,35.321,19.978,10577.448,10612.769,10632.747,10557.437
2024,Monaco Grand Prix,8,Monaco,Monaco,0 days 02:58:28.125000,HAM,44,0 days 00:01:15.414000,62.0,3.0,,Lewis Hamilton,,0 days 00:00:19.845000,0 days 00:00:35.580000,0 days 00:00:19.989000,0 days 02:57:32.592000,0 days 02:58:08.172000,0 days 02:58:28.161000,198.0,196.0,261.0,280.0,False,HARD,12.0,False,Mercedes,0 days 02:57:12.711000,,1,7.0,False,,False,True,21.8,59.0,1018.4,False,42.0,264,1.2,True,False,False,False,False,False,+29.205,+5.698,29.205,5.698,10708.125,75.414,,,19.845,35.58,19.989,10652.592,10688.172,10708.161,10632.711
2024,Monaco Grand Prix,8,Monaco,Monaco,0 days 02:59:42.290000,HAM,44,0 days 00:01:14.165000,63.0,3.0,,Lewis Hamilton,,0 days 00:00:19.548000,0 days 00:00:34.854000,0 days 00:00:19.763000,0 days 02:58:47.709000,0 days 02:59:22.563000,0 days 02:59:42.326000,210.0,199.0,261.0,282.0,True,HARD,13.0,False,Mercedes,0 days 02:58:28.125000,,1,7.0,False,,False,True,22.0,60.0,1018.5,False,42.0,284,0.8,True,False,False,False,False,False,+26.399,+3.316,26.399,3.316,10782.29,74.165,,,19.548,34.854,19.763,10727.709,10762.563,10782.326,10708.125
2024,Monaco Grand Prix,8,Monaco,Monaco,0 days 03:00:58.454000,HAM,44,0 days 00:01:16.164000,64.0,3.0,,Lewis Hamilton,,0 days 00:00:20.070000,0 days 00:00:35.964000,0 days 00:00:20.130000,0 days 03:00:02.396000,0 days 03:00:38.360000,0 days 03:00:58.490000,198.0,193.0,262.0,284.0,False,HARD,14.0,False,Mercedes,0 days 02:59:42.290000,,1,7.0,False,,False,True,21.9,60.0,1018.3,False,41.2,47,0.8,True,False,False,False,False,False,+26.003,+2.861,26.003,2.861,10858.454,76.164,,,20.07,35.964,20.13,10802.396,10838.36,10858.49,10782.29
2024,Monaco Grand Prix,8,Monaco,Monaco,0 days 03:02:13.644000,HAM,44,0 days 00:01:15.190000,65.0,3.0,,Lewis Hamilton,,0 days 00:00:19.749000,0 days 00:00:35.463000,0 days 00:00:19.978000,0 days 03:01:18.239000,0 days 03:01:53.702000,0 days 03:02:13.680000,204.0,193.0,263.0,282.0,False,HARD,15.0,False,Mercedes,0 days 03:00:58.454000,,1,7.0,False,,False,True,21.9,59.0,1018.4,False,41.7,283,1.2,True,False,False,False,False,False,+24.586,+2.583,24.586,2.583,10933.644,75.19,,,19.749,35.463,19.978,10878.239,10913.702,10933.68,10858.454
2024,Monaco Grand Prix,8,Monaco,Monaco,0 days 03:03:28.986000,HAM,44,0 days 00:01:15.342000,66.0,3.0,,Lewis Hamilton,,0 days 00:00:19.790000,0 days 00:00:35.241000,0 days 00:00:20.311000,0 days 03:02:33.470000,0 days 03:03:08.711000,0 days 03:03:29.022000,206.0,195.0,263.0,281.0,False,HARD,16.0,False,Mercedes,0 days 03:02:13.644000,,1,7.0,False,,False,True,22.0,59.0,1018.3,False,41.7,325,1.7,True,False,False,False,False,False,+23.439,+1.804,23.439,1.804,11008.986,75.342,,,19.79,35.241,20.311,10953.47,10988.711,11009.022,10933.644
2024,Monaco Grand Prix,8,Monaco,Monaco,0 days 03:04:45.103000,HAM,44,0 days 00:01:16.117000,67.0,3.0,,Lewis Hamilton,,0 days 00:00:20.133000,0 days 00:00:35.744000,0 days 00:00:20.240000,0 days 03:03:49.155000,0 days 03:04:24.899000,0 days 03:04:45.139000,196.0,193.0,262.0,283.0,False,HARD,17.0,False,Mercedes,0 days 03:03:28.986000,,1,7.0,False,,False,True,22.0,60.0,1018.3,False,41.6,58,1.0,True,False,False,False,False,False,+23.641,+1.682,23.641,1.682,11085.103,76.117,,,20.133,35.744,20.24,11029.155,11064.899,11085.139,11008.986
2024,Monaco Grand Prix,8,Monaco,Monaco,0 days 03:06:00.939000,HAM,44,0 days 00:01:15.836000,68.0,3.0,,Lewis Hamilton,,0 days 00:00:19.970000,0 days 00:00:35.592000,0 days 00:00:20.274000,0 days 03:05:05.109000,0 days 03:05:40.701000,0 days 03:06:00.975000,202.0,194.0,263.0,283.0,False,HARD,18.0,False,Mercedes,0 days 03:04:45.103000,,1,7.0,False,,False,True,21.8,60.0,1018.4,False,40.9,14,0.7,True,False,False,False,False,False,+23.369,+1.527,23.369,1.527,11160.939,75.836,,,19.97,35.592,20.274,11105.109,11140.701,11160.975,11085.103
2024,Monaco Grand Prix,8,Monaco,Monaco,0 days 03:07:16.587000,HAM,44,0 days 00:01:15.648000,69.0,3.0,,Lewis Hamilton,,0 days 00:00:19.914000,0 days 00:00:35.491000,0 days 00:00:20.243000,0 days 03:06:20.889000,0 days 03:06:56.380000,0 days 03:07:16.623000,201.0,195.0,262.0,282.0,False,HARD,19.0,False,Mercedes,0 days 03:06:00.939000,,1,7.0,False,,False,True,21.8,60.0,1018.5,False,41.6,224,0.8,True,False,False,False,False,False,+22.693,+1.666,22.693,1.666,11236.587,75.648,,,19.914,35.491,20.243,11180.889,11216.38,11236.623,11160.939
2024,Monaco Grand Prix,8,Monaco,Monaco,0 days 03:08:32.225000,HAM,44,0 days 00:01:15.638000,70.0,3.0,,Lewis Hamilton,,0 days 00:00:19.925000,0 days 00:00:35.469000,0 days 00:00:20.244000,0 days 03:07:36.548000,0 days 03:08:12.017000,0 days 03:08:32.261000,204.0,188.0,263.0,283.0,False,HARD,20.0,False,Mercedes,0 days 03:07:16.587000,,1,7.0,False,,False,True,21.8,60.0,1018.4,False,41.6,209,1.0,True,False,False,False,False,False,+22.515,+1.901,22.515,1.901,11312.225,75.638,,,19.925,35.469,20.244,11256.548,11292.017,11312.261,11236.587
2024,Monaco Grand Prix,8,Monaco,Monaco,0 days 03:09:47.868000,HAM,44,0 days 00:01:15.643000,71.0,3.0,,Lewis Hamilton,,0 days 00:00:19.857000,0 days 00:00:35.584000,0 days 00:00:20.202000,0 days 03:08:52.118000,0 days 03:09:27.702000,0 days 03:09:47.904000,201.0,191.0,263.0,284.0,False,HARD,21.0,False,Mercedes,0 days 03:08:32.225000,,1,7.0,False,,False,True,21.7,60.0,1018.4,False,41.1,0,0.4,True,False,False,False,False,False,+23.006,+1.837,23.006,1.837,11387.868,75.643,,,19.857,35.584,20.202,11332.118,11367.702,11387.904,11312.225
2024,Monaco Grand Prix,8,Monaco,Monaco,0 days 03:11:03.336000,HAM,44,0 days 00:01:15.468000,72.0,3.0,,Lewis Hamilton,,0 days 00:00:19.801000,0 days 00:00:35.562000,0 days 00:00:20.105000,0 days 03:10:07.705000,0 days 03:10:43.267000,0 days 03:11:03.372000,206.0,194.0,262.0,284.0,False,HARD,22.0,False,Mercedes,0 days 03:09:47.868000,,1,7.0,False,,False,True,21.6,61.0,1018.4,False,41.0,58,0.7,True,False,False,False,False,False,+22.917,+1.620,22.917,1.62,11463.336,75.468,,,19.801,35.562,20.105,11407.705,11443.267,11463.372,11387.868
2024,Monaco Grand Prix,8,Monaco,Monaco,0 days 03:12:18.470000,HAM,44,0 days 00:01:15.134000,73.0,3.0,,Lewis Hamilton,,0 days 00:00:19.609000,0 days 00:00:35.432000,0 days 00:00:20.093000,0 days 03:11:22.981000,0 days 03:11:58.413000,0 days 03:12:18.506000,210.0,197.0,265.0,284.0,False,HARD,23.0,False,Mercedes,0 days 03:11:03.336000,,1,7.0,False,,False,True,21.6,61.0,1018.4,False,40.5,209,0.5,True,False,False,False,False,False,+21.832,+1.318,21.832,1.318,11538.47,75.134,,,19.609,35.432,20.093,11482.981,11518.413,11538.506,11463.336
2024,Monaco Grand Prix,8,Monaco,Monaco,0 days 03:13:33.794000,HAM,44,0 days 00:01:15.324000,74.0,3.0,,Lewis Hamilton,,0 days 00:00:19.761000,0 days 00:00:35.473000,0 days 00:00:20.090000,0 days 03:12:38.267000,0 days 03:13:13.740000,0 days 03:13:33.830000,205.0,195.0,265.0,285.0,False,HARD,24.0,False,Mercedes,0 days 03:12:18.470000,,1,7.0,False,,False,True,21.7,61.0,1018.4,False,40.8,293,1.1,True,False,False,False,False,False,+21.051,+1.262,21.051,1.262,11613.794,75.324,,,19.761,35.473,20.09,11558.267,11593.74,11613.83,11538.47
2024,Monaco Grand Prix,8,Monaco,Monaco,0 days 03:14:49.118000,HAM,44,0 days 00:01:15.324000,75.0,3.0,,Lewis Hamilton,,0 days 00:00:19.645000,0 days 00:00:35.508000,0 days 00:00:20.171000,0 days 03:13:53.475000,0 days 03:14:28.983000,0 days 03:14:49.154000,207.0,194.0,265.0,285.0,False,HARD,25.0,False,Mercedes,0 days 03:13:33.794000,,1,7.0,False,,False,True,21.7,61.0,1018.4,False,40.8,214,0.7,True,False,False,False,False,False,+19.988,+1.190,19.988,1.19,11689.118,75.324,,,19.645,35.508,20.171,11633.475,11668.983,11689.154,11613.794
2024,Monaco Grand Prix,8,Monaco,Monaco,0 days 03:16:04.363000,HAM,44,0 days 00:01:15.245000,76.0,3.0,,Lewis Hamilton,,0 days 00:00:19.676000,0 days 00:00:35.493000,0 days 00:00:20.076000,0 days 03:15:08.830000,0 days 03:15:44.323000,0 days 03:16:04.399000,207.0,196.0,273.0,286.0,False,HARD,26.0,False,Mercedes,0 days 03:14:49.118000,,1,7.0,False,,False,True,21.7,61.0,1018.4,False,40.6,353,0.6,True,False,False,False,False,False,+18.425,+0.794,18.425,0.794,11764.363,75.245,,,19.676,35.493,20.076,11708.83,11744.323,11764.399,11689.118
2024,Monaco Grand Prix,8,Monaco,Monaco,0 days 03:17:20.060000,HAM,44,0 days 00:01:15.697000,77.0,3.0,,Lewis Hamilton,,0 days 00:00:19.854000,0 days 00:00:35.590000,0 days 00:00:20.253000,0 days 03:16:24.253000,0 days 03:16:59.843000,0 days 03:17:20.096000,207.0,189.0,274.0,288.0,False,HARD,27.0,False,Mercedes,0 days 03:16:04.363000,,1,7.0,False,,False,True,21.8,61.0,1018.4,False,40.9,219,1.2,True,False,False,False,False,False,+17.320,+0.986,17.32,0.986,11840.06,75.697,,,19.854,35.59,20.253,11784.253,11819.843,11840.096,11764.363
2024,Monaco Grand Prix,8,Monaco,Monaco,0 days 03:18:36.415000,HAM,44,0 days 00:01:16.355000,78.0,3.0,,Lewis Hamilton,,0 days 00:00:19.818000,0 days 00:00:35.947000,0 days 00:00:20.590000,0 days 03:17:39.914000,0 days 03:18:15.861000,0 days 03:18:36.451000,204.0,189.0,234.0,289.0,False,HARD,28.0,False,Mercedes,0 days 03:17:20.060000,,1,7.0,False,,False,True,21.8,61.0,1018.4,False,40.9,284,0.8,True,False,False,False,False,False,+14.908,+1.055,14.908,1.055,11916.415,76.355,,,19.818,35.947,20.59,11859.914,11895.861,11916.451,11840.06
2024,Monaco Grand Prix,8,Monaco,Monaco,0 days 01:36:08.740000,SAI,55,0 days 00:41:02.721000,1.0,1.0,,Carlos Sainz,0 days 00:57:22.741000,,0 days 00:00:58.173000,,,0 days 00:56:50.806000,,96.0,94.0,,135.0,False,MEDIUM,1.0,True,Ferrari,0 days 00:55:05.680000,,1254,3.0,False,,False,False,21.6,66.0,1018.9,False,48.4,255,0.6,True,True,True,True,False,False,+36.486,+1.300,36.486,1.3,5768.74,2462.721,3442.741,,,58.173,,,3410.806,,3305.68
2024,Monaco Grand Prix,8,Monaco,Monaco,0 days 01:39:01.338000,SAI,55,,2.0,2.0,0 days 01:36:09.554000,Carlos Sainz,,0 days 00:00:26.909000,0 days 00:00:39.245000,,0 days 01:36:35.656000,0 days 01:37:15.056000,,163.0,176.0,2.0,262.0,False,HARD,1.0,True,Ferrari,0 days 01:35:54.733000,,14,3.0,False,,False,False,21.5,65.0,1018.9,False,48.1,9,0.8,True,False,True,False,False,False,+1.198,+0.514,1.198,0.514,5941.338,,,5769.554,26.909,39.245,,5795.656,5835.056,,5754.733
2024,Monaco Grand Prix,8,Monaco,Monaco,0 days 01:40:26.350000,SAI,55,0 days 00:01:25.012000,3.0,2.0,,Carlos Sainz,,0 days 00:00:24.363000,0 days 00:00:38.522000,0 days 00:00:22.127000,0 days 01:39:25.749000,0 days 01:40:04.271000,0 days 01:40:26.398000,171.0,179.0,256.0,273.0,True,HARD,2.0,True,Ferrari,0 days 01:39:01.338000,,1,3.0,False,,False,True,21.6,65.0,1018.8,False,49.2,0,0.6,True,False,False,False,False,False,+1.586,+0.573,1.586,0.573,6026.35,85.012,,,24.363,38.522,22.127,5965.749,6004.271,6026.398,5941.338
2024,Monaco Grand Prix,8,Monaco,Monaco,0 days 01:41:48.708000,SAI,55,0 days 00:01:22.358000,4.0,2.0,,Carlos Sainz,,0 days 00:00:21.840000,0 days 00:00:38.618000,0 days 00:00:21.900000,0 days 01:40:48.238000,0 days 01:41:26.856000,0 days 01:41:48.756000,183.0,174.0,264.0,279.0,True,HARD,3.0,True,Ferrari,0 days 01:40:26.350000,,1,3.0,False,,False,True,21.7,63.0,1018.9,False,49.2,0,0.6,True,False,False,False,False,False,+1.319,+0.617,1.319,0.617,6108.708,82.358,,,21.84,38.618,21.9,6048.238,6086.856,6108.756,6026.35
2024,Monaco Grand Prix,8,Monaco,Monaco,0 days 01:43:10.686000,SAI,55,0 days 00:01:21.978000,5.0,2.0,,Carlos Sainz,,0 days 00:00:21.567000,0 days 00:00:38.328000,0 days 00:00:22.083000,0 days 01:42:10.323000,0 days 01:42:48.651000,0 days 01:43:10.734000,189.0,172.0,264.0,278.0,True,HARD,4.0,True,Ferrari,0 days 01:41:48.708000,,1,3.0,False,,False,True,21.7,63.0,1018.8,False,48.8,57,0.6,True,False,False,False,False,False,+1.502,+0.576,1.502,0.576,6190.686,81.978,,,21.567,38.328,22.083,6130.323,6168.651,6190.734,6108.708
2024,Monaco Grand Prix,8,Monaco,Monaco,0 days 01:44:31.849000,SAI,55,0 days 00:01:21.163000,6.0,2.0,,Carlos Sainz,,0 days 00:00:21.397000,0 days 00:00:38.217000,0 days 00:00:21.549000,0 days 01:43:32.131000,0 days 01:44:10.348000,0 days 01:44:31.897000,194.0,177.0,266.0,278.0,True,HARD,5.0,True,Ferrari,0 days 01:43:10.686000,,1,3.0,False,,False,True,21.6,63.0,1018.8,False,48.2,0,1.0,True,False,False,False,False,False,+1.520,+0.385,1.52,0.385,6271.849,81.163,,,21.397,38.217,21.549,6212.131,6250.348,6271.897,6190.686
2024,Monaco Grand Prix,8,Monaco,Monaco,0 days 01:45:53.315000,SAI,55,0 days 00:01:21.466000,7.0,2.0,,Carlos Sainz,,0 days 00:00:21.283000,0 days 00:00:38.239000,0 days 00:00:21.944000,0 days 01:44:53.180000,0 days 01:45:31.419000,0 days 01:45:53.363000,192.0,169.0,256.0,279.0,False,HARD,6.0,True,Ferrari,0 days 01:44:31.849000,,1,3.0,False,,False,True,21.8,64.0,1018.9,False,48.7,6,0.4,True,False,False,False,False,False,+2.006,+1.043,2.006,1.043,6353.315,81.466,,,21.283,38.239,21.944,6293.18,6331.419,6353.363,6271.849
2024,Monaco Grand Prix,8,Monaco,Monaco,0 days 01:47:13.587000,SAI,55,0 days 00:01:20.272000,8.0,2.0,,Carlos Sainz,,0 days 00:00:21.208000,0 days 00:00:37.732000,0 days 00:00:21.332000,0 days 01:46:14.571000,0 days 01:46:52.303000,0 days 01:47:13.635000,191.0,172.0,266.0,276.0,True,HARD,7.0,True,Ferrari,0 days 01:45:53.315000,,1,3.0,False,,False,True,21.8,64.0,1018.9,False,48.0,104,1.4,True,False,False,False,False,False,+1.248,+0.257,1.248,0.257,6433.587,80.272,,,21.208,37.732,21.332,6374.571,6412.303,6433.635,6353.315
2024,Monaco Grand Prix,8,Monaco,Monaco,0 days 01:48:34.112000,SAI,55,0 days 00:01:20.525000,9.0,2.0,,Carlos Sainz,,0 days 00:00:21.329000,0 days 00:00:37.640000,0 days 00:00:21.556000,0 days 01:47:34.964000,0 days 01:48:12.604000,0 days 01:48:34.160000,188.0,175.0,263.0,276.0,False,HARD,8.0,True,Ferrari,0 days 01:47:13.587000,,1,3.0,False,,False,True,22.0,64.0,1018.8,False,47.9,340,1.1,True,False,False,False,False,False,+1.659,+0.876,1.659,0.876,6514.112,80.525,,,21.329,37.64,21.556,6454.964,6492.604,6514.16,6433.587
2024,Monaco Grand Prix,8,Monaco,Monaco,0 days 01:49:55.371000,SAI,55,0 days 00:01:21.259000,10.0,2.0,,Carlos Sainz,,0 days 00:00:21.237000,0 days 00:00:38.068000,0 days 00:00:21.954000,0 days 01:48:55.397000,0 days 01:49:33.465000,0 days 01:49:55.419000,187.0,175.0,256.0,273.0,False,HARD,9.0,True,Ferrari,0 days 01:48:34.112000,,1,3.0,False,,False,True,22.1,65.0,1018.8,False,47.4,289,0.7,True,False,False,False,False,False,+2.173,+1.238,2.173,1.238,6595.371,81.259,,,21.237,38.068,21.954,6535.397,6573.465,6595.419,6514.112
2024,Monaco Grand Prix,8,Monaco,Monaco,0 days 01:51:15.617000,SAI,55,0 days 00:01:20.246000,11.0,2.0,,Carlos Sainz,,0 days 00:00:21.233000,0 days 00:00:37.563000,0 days 00:00:21.450000,0 days 01:50:16.652000,0 days 01:50:54.215000,0 days 01:51:15.665000,190.0,177.0,265.0,279.0,True,HARD,10.0,True,Ferrari,0 days 01:49:55.371000,,1,3.0,False,,False,True,22.2,61.0,1018.9,False,47.9,9,1.3,True,False,False,False,False,False,+1.343,+0.593,1.343,0.593,6675.617,80.246,,,21.233,37.563,21.45,6616.652,6654.215,6675.665,6595.371
2024,Monaco Grand Prix,8,Monaco,Monaco,0 days 01:52:35.591000,SAI,55,0 days 00:01:19.974000,12.0,2.0,,Carlos Sainz,,0 days 00:00:20.951000,0 days 00:00:37.651000,0 days 00:00:21.372000,0 days 01:51:36.616000,0 days 01:52:14.267000,0 days 01:52:35.639000,185.0,173.0,265.0,277.0,True,HARD,11.0,True,Ferrari,0 days 01:51:15.617000,,1,3.0,False,,False,True,22.3,63.0,1018.8,False,47.3,2,0.6,True,False,False,False,False,False,+1.065,+0.432,1.065,0.432,6755.591,79.974,,,20.951,37.651,21.372,6696.616,6734.267,6755.639,6675.617
2024,Monaco Grand Prix,8,Monaco,Monaco,0 days 01:53:55.608000,SAI,55,0 days 00:01:20.017000,13.0,2.0,,Carlos Sainz,,0 days 00:00:21.101000,0 days 00:00:37.648000,0 days 00:00:21.268000,0 days 01:52:56.740000,0 days 01:53:34.388000,0 days 01:53:55.656000,191.0,177.0,255.0,271.0,False,HARD,12.0,True,Ferrari,0 days 01:52:35.591000,,1,3.0,False,,False,True,22.1,64.0,1018.8,False,47.2,208,1.2,True,False,False,False,False,False,+2.065,+1.704,2.065,1.704,6835.608,80.017,,,21.101,37.648,21.268,6776.74,6814.388,6835.656,6755.591
2024,Monaco Grand Prix,8,Monaco,Monaco,0 days 01:55:15.088000,SAI,55,0 days 00:01:19.480000,14.0,2.0,,Carlos Sainz,,0 days 00:00:20.800000,0 days 00:00:36.990000,0 days 00:00:21.690000,0 days 01:54:16.456000,0 days 01:54:53.446000,0 days 01:55:15.136000,195.0,177.0,257.0,280.0,True,HARD,13.0,True,Ferrari,0 days 01:53:55.608000,,1,3.0,False,,False,True,22.0,63.0,1018.7,False,47.1,22,0.5,True,False,False,False,False,False,+1.665,+1.082,1.665,1.082,6915.088,79.48,,,20.8,36.99,21.69,6856.456,6893.446,6915.136,6835.608
2024,Monaco Grand Prix,8,Monaco,Monaco,0 days 01:56:34.631000,SAI,55,0 days 00:01:19.543000,15.0,2.0,,Carlos Sainz,,0 days 00:00:21.023000,0 days 00:00:37.364000,0 days 00:00:21.156000,0 days 01:55:36.159000,0 days 01:56:13.523000,0 days 01:56:34.679000,192.0,180.0,264.0,274.0,False,HARD,14.0,True,Ferrari,0 days 01:55:15.088000,,1,3.0,False,,False,True,22.0,62.0,1018.8,False,47.1,351,1.1,True,False,False,False,False,False,+1.337,+0.449,1.337,0.449,6994.631,79.543,,,21.023,37.364,21.156,6936.159,6973.523,6994.679,6915.088
2024,Monaco Grand Prix,8,Monaco,Monaco,0 days 01:57:55.210000,SAI,55,0 days 00:01:20.579000,16.0,2.0,,Carlos Sainz,,0 days 00:00:20.922000,0 days 00:00:37.676000,0 days 00:00:21.981000,0 days 01:56:55.601000,0 days 01:57:33.277000,0 days 01:57:55.258000,190.0,170.0,256.0,279.0,False,HARD,15.0,True,Ferrari,0 days 01:56:34.631000,,1,3.0,False,,False,True,22.0,64.0,1018.7,False,46.0,154,0.5,True,False,False,False,False,False,+1.739,+1.102,1.739,1.102,7075.21,80.579,,,20.922,37.676,21.981,7015.601,7053.277,7075.258,6994.631
2024,Monaco Grand Prix,8,Monaco,Monaco,0 days 01:59:15.286000,SAI,55,0 days 00:01:20.076000,17.0,2.0,,Carlos Sainz,,0 days 00:00:21.006000,0 days 00:00:37.770000,0 days 00:00:21.300000,0 days 01:58:16.264000,0 days 01:58:54.034000,0 days 01:59:15.334000,191.0,182.0,257.0,274.0,False,HARD,16.0,True,Ferrari,0 days 01:57:55.210000,,1,3.0,False,,False,True,21.6,64.0,1018.7,False,46.7,38,1.1,True,False,False,False,False,False,+1.557,+1.247,1.557,1.247,7155.286,80.076,,,21.006,37.77,21.3,7096.264,7134.034,7155.334,7075.21
2024,Monaco Grand Prix,8,Monaco,Monaco,0 days 02:00:34.463000,SAI,55,0 days 00:01:19.177000,18.0,2.0,,Carlos Sainz,,0 days 00:00:20.684000,0 days 00:00:37.263000,0 days 00:00:21.230000,0 days 01:59:36.018000,0 days 02:00:13.281000,0 days 02:00:34.511000,194.0,181.0,265.0,279.0,True,HARD,17.0,True,Ferrari,0 days 01:59:15.286000,,1,3.0,False,,False,True,21.7,63.0,1018.7,False,47.2,101,0.8,True,False,False,False,False,False,+1.154,+0.592,1.154,0.592,7234.463,79.177,,,20.684,37.263,21.23,7176.018,7213.281,7234.511,7155.286
2024,Monaco Grand Prix,8,Monaco,Monaco,0 days 02:01:53.908000,SAI,55,0 days 00:01:19.445000,19.0,2.0,,Carlos Sainz,,0 days 00:00:20.957000,0 days 00:00:37.056000,0 days 00:00:21.432000,0 days 02:00:55.468000,0 days 02:01:32.524000,0 days 02:01:53.956000,199.0,179.0,264.0,281.0,False,HARD,18.0,True,Ferrari,0 days 02:00:34.463000,,1,3.0,False,,False,True,21.8,61.0,1018.6,False,46.7,221,0.7,True,False,False,False,False,False,+1.757,+0.858,1.757,0.858,7313.908,79.445,,,20.957,37.056,21.432,7255.468,7292.524,7313.956,7234.463
2024,Monaco Grand Prix,8,Monaco,Monaco,0 days 02:03:13.311000,SAI,55,0 days 00:01:19.403000,20.0,2.0,,Carlos Sainz,,0 days 00:00:20.741000,0 days 00:00:37.525000,0 days 00:00:21.137000,0 days 02:02:14.697000,0 days 02:02:52.222000,0 days 02:03:13.359000,197.0,184.0,257.0,277.0,False,HARD,19.0,True,Ferrari,0 days 02:01:53.908000,,1,3.0,False,,False,True,21.9,61.0,1018.8,False,46.6,36,1.3,True,False,False,False,False,False,+2.436,+1.206,2.436,1.206,7393.311,79.403,,,20.741,37.525,21.137,7334.697,7372.222,7393.359,7313.908
2024,Monaco Grand Prix,8,Monaco,Monaco,0 days 02:04:32.228000,SAI,55,0 days 00:01:18.917000,21.0,2.0,,Carlos Sainz,,0 days 00:00:20.528000,0 days 00:00:36.940000,0 days 00:00:21.449000,0 days 02:03:33.887000,0 days 02:04:10.827000,0 days 02:04:32.276000,194.0,185.0,256.0,277.0,True,HARD,20.0,True,Ferrari,0 days 02:03:13.311000,,1,3.0,False,,False,True,21.9,64.0,1018.7,False,45.8,0,1.3,True,False,False,False,False,False,+2.881,+1.522,2.881,1.522,7472.228,78.917,,,20.528,36.94,21.449,7413.887,7450.827,7472.276,7393.311
2024,Monaco Grand Prix,8,Monaco,Monaco,0 days 02:05:51.117000,SAI,55,0 days 00:01:18.889000,22.0,2.0,,Carlos Sainz,,0 days 00:00:20.713000,0 days 00:00:37.007000,0 days 00:00:21.169000,0 days 02:04:52.989000,0 days 02:05:29.996000,0 days 02:05:51.165000,197.0,186.0,256.0,276.0,True,HARD,21.0,True,Ferrari,0 days 02:04:32.228000,,1,3.0,False,,False,True,21.8,65.0,1018.8,False,45.9,273,1.6,True,False,False,False,False,False,+3.150,+1.826,3.15,1.826,7551.117,78.889,,,20.713,37.007,21.169,7492.989,7529.996,7551.165,7472.228
2024,Monaco Grand Prix,8,Monaco,Monaco,0 days 02:07:10.110000,SAI,55,0 days 00:01:18.993000,23.0,2.0,,Carlos Sainz,,0 days 00:00:20.638000,0 days 00:00:37.196000,0 days 00:00:21.159000,0 days 02:06:11.803000,0 days 02:06:48.999000,0 days 02:07:10.158000,196.0,182.0,256.0,276.0,False,HARD,22.0,True,Ferrari,0 days 02:05:51.117000,,1,3.0,False,,False,True,21.8,65.0,1018.8,False,45.9,198,0.5,True,False,False,False,False,False,+3.685,+2.161,3.685,2.161,7630.11,78.993,,,20.638,37.196,21.159,7571.803,7608.999,7630.158,7551.117
2024,Monaco Grand Prix,8,Monaco,Monaco,0 days 02:08:28.678000,SAI,55,0 days 00:01:18.568000,24.0,2.0,,Carlos Sainz,,0 days 00:00:20.629000,0 days 00:00:36.995000,0 days 00:00:20.944000,0 days 02:07:30.787000,0 days 02:08:07.782000,0 days 02:08:28.726000,195.0,186.0,256.0,276.0,True,HARD,23.0,True,Ferrari,0 days 02:07:10.110000,,1,3.0,False,,False,True,21.8,64.0,1018.7,False,46.3,272,1.4,True,False,False,False,False,False,+3.528,+2.093,3.528,2.093,7708.678,78.568,,,20.629,36.995,20.944,7650.787,7687.782,7708.726,7630.11
2024,Monaco Grand Prix,8,Monaco,Monaco,0 days 02:09:47.215000,SAI,55,0 days 00:01:18.537000,25.0,2.0,,Carlos Sainz,,0 days 00:00:20.608000,0 days 00:00:37.018000,0 days 00:00:20.911000,0 days 02:08:49.334000,0 days 02:09:26.352000,0 days 02:09:47.263000,199.0,186.0,257.0,276.0,True,HARD,24.0,True,Ferrari,0 days 02:08:28.678000,,1,3.0,False,,False,True,21.7,63.0,1018.7,False,45.7,183,0.9,True,False,False,False,False,False,+3.092,+1.846,3.092,1.846,7787.215,78.537,,,20.608,37.018,20.911,7729.334,7766.352,7787.263,7708.678
2024,Monaco Grand Prix,8,Monaco,Monaco,0 days 02:11:05.303000,SAI,55,0 days 00:01:18.088000,26.0,2.0,,Carlos Sainz,,0 days 00:00:20.525000,0 days 00:00:36.807000,0 days 00:00:20.756000,0 days 02:10:07.788000,0 days 02:10:44.595000,0 days 02:11:05.351000,198.0,190.0,256.0,277.0,True,HARD,25.0,True,Ferrari,0 days 02:09:47.215000,,1,3.0,False,,False,True,21.7,62.0,1018.6,False,45.7,325,1.3,True,False,False,False,False,False,+2.797,+1.490,2.797,1.49,7865.303,78.088,,,20.525,36.807,20.756,7807.788,7844.595,7865.351,7787.215
2024,Monaco Grand Prix,8,Monaco,Monaco,0 days 02:12:24.793000,SAI,55,0 days 00:01:19.490000,27.0,2.0,,Carlos Sainz,,0 days 00:00:20.585000,0 days 00:00:37.474000,0 days 00:00:21.431000,0 days 02:11:25.936000,0 days 02:12:03.410000,0 days 02:12:24.841000,194.0,180.0,255.0,277.0,False,HARD,26.0,True,Ferrari,0 days 02:11:05.303000,,1,3.0,False,,False,True,21.9,63.0,1018.6,False,46.0,296,0.6,True,False,False,False,False,False,+3.874,+2.461,3.874,2.461,7944.793,79.49,,,20.585,37.474,21.431,7885.936,7923.41,7944.841,7865.303
2024,Monaco Grand Prix,8,Monaco,Monaco,0 days 02:13:44.074000,SAI,55,0 days 00:01:19.281000,28.0,2.0,,Carlos Sainz,,0 days 00:00:20.863000,0 days 00:00:37.361000,0 days 00:00:21.057000,0 days 02:12:45.704000,0 days 02:13:23.065000,0 days 02:13:44.122000,199.0,181.0,257.0,277.0,False,HARD,27.0,True,Ferrari,0 days 02:12:24.793000,,1,3.0,False,,False,True,21.9,62.0,1018.6,False,46.0,213,1.0,True,False,False,False,False,False,+4.451,+2.954,4.451,2.954,8024.074,79.281,,,20.863,37.361,21.057,7965.704,8003.065,8024.122,7944.793
2024,Monaco Grand Prix,8,Monaco,Monaco,0 days 02:15:02.771000,SAI,55,0 days 00:01:18.697000,29.0,2.0,,Carlos Sainz,,0 days 00:00:20.751000,0 days 00:00:37.079000,0 days 00:00:20.867000,0 days 02:14:04.873000,0 days 02:14:41.952000,0 days 02:15:02.819000,198.0,189.0,256.0,276.0,False,HARD,28.0,True,Ferrari,0 days 02:13:44.074000,,1,3.0,False,,False,True,22.0,63.0,1018.5,False,45.6,215,1.7,True,False,False,False,False,False,+4.103,+2.647,4.103,2.647,8102.771,78.697,,,20.751,37.079,20.867,8044.873,8081.952,8102.819,8024.074
2024,Monaco Grand Prix,8,Monaco,Monaco,0 days 02:16:20.097000,SAI,55,0 days 00:01:17.326000,30.0,2.0,,Carlos Sainz,,0 days 00:00:20.109000,0 days 00:00:36.543000,0 days 00:00:20.674000,0 days 02:15:22.928000,0 days 02:15:59.471000,0 days 02:16:20.145000,203.0,190.0,267.0,279.0,True,HARD,29.0,True,Ferrari,0 days 02:15:02.771000,,1,3.0,False,,False,True,22.0,61.0,1018.6,False,46.4,265,0.6,True,False,False,False,False,False,+1.480,+0.568,1.48,0.568,8180.097,77.326,,,20.109,36.543,20.674,8122.928,8159.471,8180.145,8102.771
2024,Monaco Grand Prix,8,Monaco,Monaco,0 days 02:17:39.881000,SAI,55,0 days 00:01:19.784000,31.0,2.0,,Carlos Sainz,,0 days 00:00:20.766000,0 days 00:00:37.403000,0 days 00:00:21.615000,0 days 02:16:40.911000,0 days 02:17:18.314000,0 days 02:17:39.929000,197.0,181.0,256.0,279.0,False,HARD,30.0,True,Ferrari,0 days 02:16:20.097000,,1,3.0,False,,False,True,22.1,61.0,1018.6,False,45.5,217,0.4,True,False,False,False,False,False,+2.871,+1.903,2.871,1.903,8259.881,79.784,,,20.766,37.403,21.615,8200.911,8238.314,8259.929,8180.097
2024,Monaco Grand Prix,8,Monaco,Monaco,0 days 02:19:00.017000,SAI,55,0 days 00:01:20.136000,32.0,2.0,,Carlos Sainz,,0 days 00:00:20.736000,0 days 00:00:37.729000,0 days 00:00:21.671000,0 days 02:18:00.665000,0 days 02:18:38.394000,0 days 02:19:00.065000,190.0,182.0,257.0,278.0,False,HARD,31.0,True,Ferrari,0 days 02:17:39.881000,,1,3.0,False,,False,True,22.0,61.0,1018.6,False,45.5,237,0.9,True,False,False,False,False,False,+3.882,+3.070,3.882,3.07,8340.017,80.136,,,20.736,37.729,21.671,8280.665,8318.394,8340.065,8259.881
2024,Monaco Grand Prix,8,Monaco,Monaco,0 days 02:20:18.795000,SAI,55,0 days 00:01:18.778000,33.0,2.0,,Carlos Sainz,,0 days 00:00:20.462000,0 days 00:00:37.043000,0 days 00:00:21.273000,0 days 02:19:20.527000,0 days 02:19:57.570000,0 days 02:20:18.843000,198.0,187.0,257.0,278.0,False,HARD,32.0,True,Ferrari,0 days 02:19:00.017000,,1,3.0,False,,False,True,21.9,62.0,1018.6,False,45.9,269,0.9,True,False,False,False,False,False,+4.166,+2.788,4.166,2.788,8418.795,78.778,,,20.462,37.043,21.273,8360.527,8397.57,8418.843,8340.017
2024,Monaco Grand Prix,8,Monaco,Monaco,0 days 02:21:37.808000,SAI,55,0 days 00:01:19.013000,34.0,2.0,,Carlos Sainz,,0 days 00:00:20.661000,0 days 00:00:37.348000,0 days 00:00:21.004000,0 days 02:20:39.504000,0 days 02:21:16.852000,0 days 02:21:37.856000,193.0,186.0,256.0,278.0,False,HARD,33.0,True,Ferrari,0 days 02:20:18.795000,,1,3.0,False,,False,True,22.0,61.0,1018.5,False,45.9,268,1.0,True,False,False,False,False,False,+3.860,+2.823,3.86,2.823,8497.808,79.013,,,20.661,37.348,21.004,8439.504,8476.852,8497.856,8418.795
2024,Monaco Grand Prix,8,Monaco,Monaco,0 days 02:22:56.273000,SAI,55,0 days 00:01:18.465000,35.0,2.0,,Carlos Sainz,,0 days 00:00:20.407000,0 days 00:00:36.937000,0 days 00:00:21.121000,0 days 02:21:58.263000,0 days 02:22:35.200000,0 days 02:22:56.321000,198.0,186.0,256.0,278.0,False,HARD,34.0,True,Ferrari,0 days 02:21:37.808000,,1,3.0,False,,False,True,22.0,62.0,1018.6,False,45.1,0,0.9,True,False,False,False,False,False,+3.795,+2.683,3.795,2.683,8576.273,78.465,,,20.407,36.937,21.121,8518.263,8555.2,8576.321,8497.808
2024,Monaco Grand Prix,8,Monaco,Monaco,0 days 02:24:15.548000,SAI,55,0 days 00:01:19.275000,36.0,2.0,,Carlos Sainz,,0 days 00:00:20.650000,0 days 00:00:37.435000,0 days 00:00:21.190000,0 days 02:23:16.971000,0 days 02:23:54.406000,0 days 02:24:15.596000,197.0,183.0,257.0,278.0,False,HARD,35.0,True,Ferrari,0 days 02:22:56.273000,,1,3.0,False,,False,True,21.8,64.0,1018.5,False,44.4,234,1.2,True,False,False,False,False,False,+4.381,+3.076,4.381,3.076,8655.548,79.275,,,20.65,37.435,21.19,8596.971,8634.406,8655.596,8576.273
2024,Monaco Grand Prix,8,Monaco,Monaco,0 days 02:25:33.125000,SAI,55,0 days 00:01:17.577000,37.0,2.0,,Carlos Sainz,,0 days 00:00:20.308000,0 days 00:00:36.536000,0 days 00:00:20.733000,0 days 02:24:35.904000,0 days 02:25:12.440000,0 days 02:25:33.173000,200.0,190.0,259.0,280.0,False,HARD,36.0,True,Ferrari,0 days 02:24:15.548000,,1,3.0,False,,False,True,21.7,63.0,1018.5,False,44.4,305,1.5,True,False,False,False,False,False,+3.033,+2.041,3.033,2.041,8733.125,77.577,,,20.308,36.536,20.733,8675.904,8712.44,8733.173,8655.548
2024,Monaco Grand Prix,8,Monaco,Monaco,0 days 02:26:51.537000,SAI,55,0 days 00:01:18.412000,38.0,2.0,,Carlos Sainz,,0 days 00:00:20.426000,0 days 00:00:36.946000,0 days 00:00:21.040000,0 days 02:25:53.599000,0 days 02:26:30.545000,0 days 02:26:51.585000,194.0,187.0,259.0,281.0,False,HARD,37.0,True,Ferrari,0 days 02:25:33.125000,,1,3.0,False,,False,True,21.8,63.0,1018.5,False,44.5,271,1.0,True,False,False,False,False,False,+2.942,+1.727,2.942,1.727,8811.537,78.412,,,20.426,36.946,21.04,8753.599,8790.545,8811.585,8733.125
2024,Monaco Grand Prix,8,Monaco,Monaco,0 days 02:28:09.847000,SAI,55,0 days 00:01:18.310000,39.0,2.0,,Carlos Sainz,,0 days 00:00:20.442000,0 days 00:00:36.841000,0 days 00:00:21.027000,0 days 02:27:12.027000,0 days 02:27:48.868000,0 days 02:28:09.895000,195.0,188.0,258.0,281.0,False,HARD,38.0,True,Ferrari,0 days 02:26:51.537000,,1,3.0,False,,False,True,21.8,62.0,1018.6,False,44.8,169,0.7,True,False,False,False,False,False,+3.046,+1.670,3.046,1.67,8889.847,78.31,,,20.442,36.841,21.027,8832.027,8868.868,8889.895,8811.537
2024,Monaco Grand Prix,8,Monaco,Monaco,0 days 02:29:28.500000,SAI,55,0 days 00:01:18.653000,40.0,2.0,,Carlos Sainz,,0 days 00:00:20.481000,0 days 00:00:37.154000,0 days 00:00:21.018000,0 days 02:28:30.376000,0 days 02:29:07.530000,0 days 02:29:28.548000,198.0,183.0,259.0,281.0,False,HARD,39.0,True,Ferrari,0 days 02:28:09.847000,,1,3.0,False,,False,True,21.9,61.0,1018.6,False,44.4,269,0.8,True,False,False,False,False,False,+2.966,+1.372,2.966,1.372,8968.5,78.653,,,20.481,37.154,21.018,8910.376,8947.53,8968.548,8889.847
2024,Monaco Grand Prix,8,Monaco,Monaco,0 days 02:30:47.214000,SAI,55,0 days 00:01:18.714000,41.0,2.0,,Carlos Sainz,,0 days 00:00:20.530000,0 days 00:00:36.995000,0 days 00:00:21.189000,0 days 02:29:49.078000,0 days 02:30:26.073000,0 days 02:30:47.262000,197.0,186.0,260.0,282.0,False,HARD,40.0,True,Ferrari,0 days 02:29:28.500000,,1,3.0,False,,False,True,22.0,60.0,1018.5,False,44.4,111,0.8,True,False,False,False,False,False,+2.986,+1.240,2.986,1.24,9047.214,78.714,,,20.53,36.995,21.189,8989.078,9026.073,9047.262,8968.5
2024,Monaco Grand Prix,8,Monaco,Monaco,0 days 02:32:06.385000,SAI,55,0 days 00:01:19.171000,42.0,2.0,,Carlos Sainz,,0 days 00:00:20.582000,0 days 00:00:37.260000,0 days 00:00:21.329000,0 days 02:31:07.844000,0 days 02:31:45.104000,0 days 02:32:06.433000,194.0,191.0,267.0,278.0,False,HARD,41.0,True,Ferrari,0 days 02:30:47.214000,,1,3.0,False,,False,True,22.0,62.0,1018.4,False,44.4,30,0.5,True,False,False,False,False,False,+3.047,+0.691,3.047,0.691,9126.385,79.171,,,20.582,37.26,21.329,9067.844,9105.104,9126.433,9047.214
2024,Monaco Grand Prix,8,Monaco,Monaco,0 days 02:33:25.979000,SAI,55,0 days 00:01:19.594000,43.0,2.0,,Carlos Sainz,,0 days 00:00:21.039000,0 days 00:00:37.633000,0 days 00:00:20.922000,0 days 02:32:27.472000,0 days 02:33:05.105000,0 days 02:33:26.027000,189.0,188.0,257.0,279.0,False,HARD,42.0,True,Ferrari,0 days 02:32:06.385000,,1,3.0,False,,False,True,21.9,59.0,1018.5,False,44.8,0,0.9,True,False,False,False,False,False,+4.609,+2.012,4.609,2.012,9205.979,79.594,,,21.039,37.633,20.922,9147.472,9185.105,9206.027,9126.385
2024,Monaco Grand Prix,8,Monaco,Monaco,0 days 02:34:44.741000,SAI,55,0 days 00:01:18.762000,44.0,2.0,,Carlos Sainz,,0 days 00:00:20.543000,0 days 00:00:37.239000,0 days 00:00:20.980000,0 days 02:33:46.570000,0 days 02:34:23.809000,0 days 02:34:44.789000,189.0,185.0,257.0,279.0,False,HARD,43.0,True,Ferrari,0 days 02:33:25.979000,,1,3.0,False,,False,True,21.9,59.0,1018.6,False,44.8,227,1.0,True,False,False,False,False,False,+5.095,+2.497,5.095,2.497,9284.741,78.762,,,20.543,37.239,20.98,9226.57,9263.809,9284.789,9205.979
2024,Monaco Grand Prix,8,Monaco,Monaco,0 days 02:36:02.626000,SAI,55,0 days 00:01:17.885000,45.0,2.0,,Carlos Sainz,,0 days 00:00:20.411000,0 days 00:00:36.622000,0 days 00:00:20.852000,0 days 02:35:05.200000,0 days 02:35:41.822000,0 days 02:36:02.674000,198.0,189.0,257.0,279.0,False,HARD,44.0,True,Ferrari,0 days 02:34:44.741000,,1,3.0,False,,False,True,22.0,58.0,1018.5,False,44.5,192,0.5,True,False,False,False,False,False,+4.490,+2.311,4.49,2.311,9362.626,77.885,,,20.411,36.622,20.852,9305.2,9341.822,9362.674,9284.741
2024,Monaco Grand Prix,8,Monaco,Monaco,0 days 02:37:21.357000,SAI,55,0 days 00:01:18.731000,46.0,2.0,,Carlos Sainz,,0 days 00:00:20.497000,0 days 00:00:37.133000,0 days 00:00:21.101000,0 days 02:36:23.171000,0 days 02:37:00.304000,0 days 02:37:21.405000,193.0,189.0,256.0,278.0,False,HARD,45.0,True,Ferrari,0 days 02:36:02.626000,,1,3.0,False,,False,True,21.9,57.0,1018.3,False,44.5,203,1.8,True,False,False,False,False,False,+4.603,+2.408,4.603,2.408,9441.357,78.731,,,20.497,37.133,21.101,9383.171,9420.304,9441.405,9362.626
2024,Monaco Grand Prix,8,Monaco,Monaco,0 days 02:38:39.498000,SAI,55,0 days 00:01:18.141000,47.0,2.0,,Carlos Sainz,,0 days 00:00:20.298000,0 days 00:00:36.975000,0 days 00:00:20.868000,0 days 02:37:41.703000,0 days 02:38:18.678000,0 days 02:38:39.546000,198.0,187.0,257.0,279.0,False,HARD,46.0,True,Ferrari,0 days 02:37:21.357000,,1,3.0,False,,False,True,22.0,58.0,1018.4,False,44.5,276,1.8,True,False,False,False,False,False,+3.569,+2.149,3.569,2.149,9519.498,78.141,,,20.298,36.975,20.868,9461.703,9498.678,9519.546,9441.357
2024,Monaco Grand Prix,8,Monaco,Monaco,0 days 02:39:57.392000,SAI,55,0 days 00:01:17.894000,48.0,2.0,,Carlos Sainz,,0 days 00:00:20.338000,0 days 00:00:36.722000,0 days 00:00:20.834000,0 days 02:38:59.884000,0 days 02:39:36.606000,0 days 02:39:57.440000,198.0,191.0,259.0,279.0,False,HARD,47.0,True,Ferrari,0 days 02:38:39.498000,,1,3.0,False,,False,True,22.0,57.0,1018.5,False,43.8,205,0.7,True,False,False,False,False,False,+3.512,+1.649,3.512,1.649,9597.392,77.894,,,20.338,36.722,20.834,9539.884,9576.606,9597.44,9519.498
2024,Monaco Grand Prix,8,Monaco,Monaco,0 days 02:41:15.651000,SAI,55,0 days 00:01:18.259000,49.0,2.0,,Carlos Sainz,,0 days 00:00:20.341000,0 days 00:00:36.857000,0 days 00:00:21.061000,0 days 02:40:17.781000,0 days 02:40:54.638000,0 days 02:41:15.699000,193.0,190.0,258.0,279.0,False,HARD,48.0,True,Ferrari,0 days 02:39:57.392000,,1,3.0,False,,False,True,22.0,57.0,1018.4,False,43.7,0,1.7,True,False,False,False,False,False,+3.265,+1.772,3.265,1.772,9675.651,78.259,,,20.341,36.857,21.061,9617.781,9654.638,9675.699,9597.392
2024,Monaco Grand Prix,8,Monaco,Monaco,0 days 02:42:34.196000,SAI,55,0 days 00:01:18.545000,50.0,2.0,,Carlos Sainz,,0 days 00:00:20.355000,0 days 00:00:37.013000,0 days 00:00:21.177000,0 days 02:41:36.054000,0 days 02:42:13.067000,0 days 02:42:34.244000,199.0,188.0,258.0,280.0,False,HARD,49.0,True,Ferrari,0 days 02:41:15.651000,,1,3.0,False,,False,True,21.9,58.0,1018.5,False,43.7,354,1.0,True,False,False,False,False,False,+3.648,+1.977,3.648,1.977,9754.196,78.545,,,20.355,37.013,21.177,9696.054,9733.067,9754.244,9675.651
2024,Monaco Grand Prix,8,Monaco,Monaco,0 days 02:43:51.724000,SAI,55,0 days 00:01:17.528000,51.0,2.0,,Carlos Sainz,,0 days 00:00:20.188000,0 days 00:00:36.291000,0 days 00:00:21.049000,0 days 02:42:54.432000,0 days 02:43:30.723000,0 days 02:43:51.772000,202.0,192.0,260.0,280.0,False,HARD,50.0,True,Ferrari,0 days 02:42:34.196000,,1,3.0,False,,False,True,21.9,58.0,1018.5,False,43.7,89,1.1,True,False,False,False,False,False,+3.363,+1.586,3.363,1.586,9831.724,77.528,,,20.188,36.291,21.049,9774.432,9810.723,9831.772,9754.196
2024,Monaco Grand Prix,8,Monaco,Monaco,0 days 02:45:09.818000,SAI,55,0 days 00:01:18.094000,52.0,2.0,,Carlos Sainz,,0 days 00:00:20.201000,0 days 00:00:37.137000,0 days 00:00:20.756000,0 days 02:44:11.973000,0 days 02:44:49.110000,0 days 02:45:09.866000,195.0,194.0,259.0,281.0,False,HARD,51.0,True,Ferrari,0 days 02:43:51.724000,,1,3.0,False,,False,True,21.8,58.0,1018.6,False,43.0,200,0.7,True,False,False,False,False,False,+3.146,+1.466,3.146,1.466,9909.818,78.094,,,20.201,37.137,20.756,9851.973,9889.11,9909.866,9831.724
2024,Monaco Grand Prix,8,Monaco,Monaco,0 days 02:46:27.577000,SAI,55,0 days 00:01:17.759000,53.0,2.0,,Carlos Sainz,,0 days 00:00:20.157000,0 days 00:00:36.691000,0 days 00:00:20.911000,0 days 02:45:30.023000,0 days 02:46:06.714000,0 days 02:46:27.625000,198.0,191.0,259.0,280.0,False,HARD,52.0,True,Ferrari,0 days 02:45:09.818000,,12,3.0,False,,False,True,21.9,58.0,1018.5,False,43.2,321,0.8,True,True,False,False,False,False,+3.157,+1.616,3.157,1.616,9987.577,77.759,,,20.157,36.691,20.911,9930.023,9966.714,9987.625,9909.818
2024,Monaco Grand Prix,8,Monaco,Monaco,0 days 02:47:45.319000,SAI,55,0 days 00:01:17.742000,54.0,2.0,,Carlos Sainz,,0 days 00:00:20.413000,0 days 00:00:36.564000,0 days 00:00:20.765000,0 days 02:46:48.038000,0 days 02:47:24.602000,0 days 02:47:45.367000,195.0,190.0,259.0,281.0,False,HARD,53.0,True,Ferrari,0 days 02:46:27.577000,,1,3.0,False,,False,True,21.9,59.0,1018.6,False,43.0,228,1.1,True,False,False,False,False,False,+3.522,+1.974,3.522,1.974,10065.319,77.742,,,20.413,36.564,20.765,10008.038,10044.602,10065.367,9987.577
2024,Monaco Grand Prix,8,Monaco,Monaco,0 days 02:49:03.980000,SAI,55,0 days 00:01:18.661000,55.0,2.0,,Carlos Sainz,,0 days 00:00:20.576000,0 days 00:00:36.805000,0 days 00:00:21.280000,0 days 02:48:05.943000,0 days 02:48:42.748000,0 days 02:49:04.028000,195.0,187.0,258.0,280.0,False,HARD,54.0,True,Ferrari,0 days 02:47:45.319000,,1,3.0,False,,False,True,21.9,59.0,1018.4,False,42.8,236,1.4,True,False,False,False,False,False,+4.759,+3.212,4.759,3.212,10143.98,78.661,,,20.576,36.805,21.28,10085.943,10122.748,10144.028,10065.319
2024,Monaco Grand Prix,8,Monaco,Monaco,0 days 02:50:22.099000,SAI,55,0 days 00:01:18.119000,56.0,2.0,,Carlos Sainz,,0 days 00:00:20.216000,0 days 00:00:36.735000,0 days 00:00:21.168000,0 days 02:49:24.244000,0 days 02:50:00.979000,0 days 02:50:22.147000,196.0,189.0,258.0,278.0,False,HARD,55.0,True,Ferrari,0 days 02:49:03.980000,,1,3.0,False,,False,True,21.7,60.0,1018.4,False,42.4,59,0.9,True,False,False,False,False,False,+5.643,+3.882,5.643,3.882,10222.099,78.119,,,20.216,36.735,21.168,10164.244,10200.979,10222.147,10143.98
2024,Monaco Grand Prix,8,Monaco,Monaco,0 days 02:51:39.698000,SAI,55,0 days 00:01:17.599000,57.0,2.0,,Carlos Sainz,,0 days 00:00:20.374000,0 days 00:00:36.747000,0 days 00:00:20.478000,0 days 02:50:42.521000,0 days 02:51:19.268000,0 days 02:51:39.746000,196.0,194.0,258.0,278.0,False,HARD,56.0,True,Ferrari,0 days 02:50:22.099000,,1,3.0,False,,False,True,21.6,60.0,1018.4,False,42.2,140,0.8,True,False,False,False,False,False,+5.611,+4.182,5.611,4.182,10299.698,77.599,,,20.374,36.747,20.478,10242.521,10279.268,10299.746,10222.099
2024,Monaco Grand Prix,8,Monaco,Monaco,0 days 02:52:57.199000,SAI,55,0 days 00:01:17.501000,58.0,2.0,,Carlos Sainz,,0 days 00:00:20.149000,0 days 00:00:36.716000,0 days 00:00:20.636000,0 days 02:51:59.895000,0 days 02:52:36.611000,0 days 02:52:57.247000,197.0,184.0,258.0,278.0,False,HARD,57.0,True,Ferrari,0 days 02:51:39.698000,,1,3.0,False,,False,True,21.7,59.0,1018.5,False,42.4,0,0.6,True,False,False,False,False,False,+6.074,+4.333,6.074,4.333,10377.199,77.501,,,20.149,36.716,20.636,10319.895,10356.611,10377.247,10299.698
2024,Monaco Grand Prix,8,Monaco,Monaco,0 days 02:54:14.333000,SAI,55,0 days 00:01:17.134000,59.0,2.0,,Carlos Sainz,,0 days 00:00:19.939000,0 days 00:00:36.533000,0 days 00:00:20.662000,0 days 02:53:17.186000,0 days 02:53:53.719000,0 days 02:54:14.381000,200.0,195.0,258.0,279.0,True,HARD,58.0,True,Ferrari,0 days 02:52:57.199000,,1,3.0,False,,False,True,21.6,61.0,1018.4,False,41.9,9,1.1,True,False,False,False,False,False,+6.144,+4.423,6.144,4.423,10454.333,77.134,,,19.939,36.533,20.662,10397.186,10433.719,10454.381,10377.199
2024,Monaco Grand Prix,8,Monaco,Monaco,0 days 02:55:29.492000,SAI,55,0 days 00:01:15.159000,60.0,2.0,,Carlos Sainz,,0 days 00:00:19.647000,0 days 00:00:35.514000,0 days 00:00:19.998000,0 days 02:54:34.028000,0 days 02:55:09.542000,0 days 02:55:29.540000,208.0,197.0,259.0,280.0,True,HARD,59.0,True,Ferrari,0 days 02:54:14.333000,,1,3.0,False,,False,True,21.5,61.0,1018.5,False,42.3,284,0.5,True,False,False,False,False,False,+4.889,+2.965,4.889,2.965,10529.492,75.159,,,19.647,35.514,19.998,10474.028,10509.542,10529.54,10454.333
2024,Monaco Grand Prix,8,Monaco,Monaco,0 days 02:56:48.538000,SAI,55,0 days 00:01:19.046000,61.0,2.0,,Carlos Sainz,,0 days 00:00:21.310000,0 days 00:00:37.090000,0 days 00:00:20.646000,0 days 02:55:50.850000,0 days 02:56:27.940000,0 days 02:56:48.586000,182.0,189.0,259.0,279.0,False,HARD,60.0,True,Ferrari,0 days 02:55:29.492000,,1,3.0,False,,False,True,21.6,60.0,1018.4,False,42.3,222,0.6,True,False,False,False,False,False,+7.072,+5.233,7.072,5.233,10608.538,79.046,,,21.31,37.09,20.646,10550.85,10587.94,10608.586,10529.492
2024,Monaco Grand Prix,8,Monaco,Monaco,0 days 02:58:03.264000,SAI,55,0 days 00:01:14.726000,62.0,2.0,,Carlos Sainz,,0 days 00:00:19.553000,0 days 00:00:35.324000,0 days 00:00:19.849000,0 days 02:57:08.139000,0 days 02:57:43.463000,0 days 02:58:03.312000,209.0,198.0,262.0,280.0,True,HARD,61.0,True,Ferrari,0 days 02:56:48.538000,,1,3.0,False,,False,True,21.6,60.0,1018.4,False,42.0,241,0.9,True,False,False,False,False,False,+4.344,+2.871,4.344,2.871,10683.264,74.726,,,19.553,35.324,19.849,10628.139,10663.463,10683.312,10608.538
2024,Monaco Grand Prix,8,Monaco,Monaco,0 days 02:59:21.471000,SAI,55,0 days 00:01:18.207000,63.0,2.0,,Carlos Sainz,,0 days 00:00:21.060000,0 days 00:00:36.742000,0 days 00:00:20.405000,0 days 02:58:24.372000,0 days 02:59:01.114000,0 days 02:59:21.519000,183.0,191.0,258.0,280.0,False,HARD,62.0,True,Ferrari,0 days 02:58:03.264000,,1,3.0,False,,False,True,22.0,60.0,1018.5,False,42.0,284,0.8,True,False,False,False,False,False,+5.580,+4.157,5.58,4.157,10761.471,78.207,,,21.06,36.742,20.405,10704.372,10741.114,10761.519,10683.264
2024,Monaco Grand Prix,8,Monaco,Monaco,0 days 03:00:36.284000,SAI,55,0 days 00:01:14.813000,64.0,2.0,,Carlos Sainz,,0 days 00:00:19.530000,0 days 00:00:35.266000,0 days 00:00:20.017000,0 days 02:59:41.049000,0 days 03:00:16.315000,0 days 03:00:36.332000,209.0,197.0,260.0,281.0,False,HARD,63.0,True,Ferrari,0 days 02:59:21.471000,,1,3.0,False,,False,True,21.9,60.0,1018.3,False,41.2,47,0.8,True,False,False,False,False,False,+3.833,+2.061,3.833,2.061,10836.284,74.813,,,19.53,35.266,20.017,10781.049,10816.315,10836.332,10761.471
2024,Monaco Grand Prix,8,Monaco,Monaco,0 days 03:01:54.421000,SAI,55,0 days 00:01:18.137000,65.0,2.0,,Carlos Sainz,,0 days 00:00:21.154000,0 days 00:00:36.474000,0 days 00:00:20.509000,0 days 03:00:57.486000,0 days 03:01:33.960000,0 days 03:01:54.469000,195.0,190.0,260.0,280.0,False,HARD,64.0,True,Ferrari,0 days 03:00:36.284000,,1,3.0,False,,False,True,21.9,60.0,1018.4,False,42.0,215,0.9,True,False,False,False,False,False,+5.363,+3.807,5.363,3.807,10914.421,78.137,,,21.154,36.474,20.509,10857.486,10893.96,10914.469,10836.284
2024,Monaco Grand Prix,8,Monaco,Monaco,0 days 03:03:09.830000,SAI,55,0 days 00:01:15.409000,66.0,2.0,,Carlos Sainz,,0 days 00:00:19.569000,0 days 00:00:35.402000,0 days 00:00:20.438000,0 days 03:02:14.038000,0 days 03:02:49.440000,0 days 03:03:09.878000,211.0,197.0,260.0,282.0,False,HARD,65.0,True,Ferrari,0 days 03:01:54.421000,,1,3.0,False,,False,True,21.9,59.0,1018.4,False,41.7,283,1.2,True,False,False,False,False,False,+4.283,+2.576,4.283,2.576,10989.83,75.409,,,19.569,35.402,20.438,10934.038,10969.44,10989.878,10914.421
2024,Monaco Grand Prix,8,Monaco,Monaco,0 days 03:04:26.677000,SAI,55,0 days 00:01:16.847000,67.0,2.0,,Carlos Sainz,,0 days 00:00:20.114000,0 days 00:00:36.085000,0 days 00:00:20.648000,0 days 03:03:29.992000,0 days 03:04:06.077000,0 days 03:04:26.725000,202.0,190.0,260.0,281.0,False,HARD,66.0,True,Ferrari,0 days 03:03:09.830000,,1,3.0,False,,False,True,22.0,60.0,1018.3,False,41.6,58,1.0,True,False,False,False,False,False,+5.189,+2.827,5.189,2.827,11066.677,76.847,,,20.114,36.085,20.648,11009.992,11046.077,11066.725,10989.83
2024,Monaco Grand Prix,8,Monaco,Monaco,0 days 03:05:42.272000,SAI,55,0 days 00:01:15.595000,68.0,2.0,,Carlos Sainz,,0 days 00:00:19.608000,0 days 00:00:35.735000,0 days 00:00:20.252000,0 days 03:04:46.333000,0 days 03:05:22.068000,0 days 03:05:42.320000,207.0,194.0,261.0,282.0,False,HARD,67.0,True,Ferrari,0 days 03:04:26.677000,,1,3.0,False,,False,True,21.8,60.0,1018.4,False,40.9,14,0.7,True,False,False,False,False,False,+4.702,+1.821,4.702,1.821,11142.272,75.595,,,19.608,35.735,20.252,11086.333,11122.068,11142.32,11066.677
2024,Monaco Grand Prix,8,Monaco,Monaco,0 days 03:06:58.490000,SAI,55,0 days 00:01:16.218000,69.0,2.0,,Carlos Sainz,,0 days 00:00:19.774000,0 days 00:00:35.973000,0 days 00:00:20.471000,0 days 03:06:02.094000,0 days 03:06:38.067000,0 days 03:06:58.538000,205.0,193.0,271.0,283.0,False,HARD,68.0,True,Ferrari,0 days 03:05:42.272000,,1,3.0,False,,False,True,21.7,61.0,1018.4,False,41.1,229,0.8,True,False,False,False,False,False,+4.636,+0.702,4.636,0.702,11218.49,76.218,,,19.774,35.973,20.471,11162.094,11198.067,11218.538,11142.272
2024,Monaco Grand Prix,8,Monaco,Monaco,0 days 03:08:15.607000,SAI,55,0 days 00:01:17.117000,70.0,2.0,,Carlos Sainz,,0 days 00:00:20.617000,0 days 00:00:36.116000,0 days 00:00:20.384000,0 days 03:07:19.155000,0 days 03:07:55.271000,0 days 03:08:15.655000,204.0,192.0,267.0,282.0,False,HARD,69.0,True,Ferrari,0 days 03:06:58.490000,,1,3.0,False,,False,True,21.8,60.0,1018.4,False,41.6,209,1.0,True,False,False,False,False,False,+5.897,+0.515,5.897,0.515,11295.607,77.117,,,20.617,36.116,20.384,11239.155,11275.271,11295.655,11218.49
2024,Monaco Grand Prix,8,Monaco,Monaco,0 days 03:09:32.821000,SAI,55,0 days 00:01:17.214000,71.0,2.0,,Carlos Sainz,,0 days 00:00:20.273000,0 days 00:00:36.514000,0 days 00:00:20.427000,0 days 03:08:35.928000,0 days 03:09:12.442000,0 days 03:09:32.869000,202.0,192.0,269.0,285.0,False,HARD,70.0,True,Ferrari,0 days 03:08:15.607000,,1,3.0,False,,False,True,21.7,60.0,1018.4,False,41.1,0,0.4,True,False,False,False,False,False,+7.949,+0.545,7.949,0.545,11372.821,77.214,,,20.273,36.514,20.427,11315.928,11352.442,11372.869,11295.607
2024,Monaco Grand Prix,8,Monaco,Monaco,0 days 03:10:49.606000,SAI,55,0 days 00:01:16.785000,72.0,2.0,,Carlos Sainz,,0 days 00:00:20.165000,0 days 00:00:36.227000,0 days 00:00:20.393000,0 days 03:09:53.034000,0 days 03:10:29.261000,0 days 03:10:49.654000,202.0,194.0,268.0,283.0,False,HARD,71.0,True,Ferrari,0 days 03:09:32.821000,,1,3.0,False,,False,True,21.6,61.0,1018.4,False,41.0,58,0.7,True,False,False,False,False,False,+9.187,+0.678,9.187,0.678,11449.606,76.785,,,20.165,36.227,20.393,11393.034,11429.261,11449.654,11372.821
2024,Monaco Grand Prix,8,Monaco,Monaco,0 days 03:12:06.023000,SAI,55,0 days 00:01:16.417000,73.0,2.0,,Carlos Sainz,,0 days 00:00:19.958000,0 days 00:00:36.034000,0 days 00:00:20.425000,0 days 03:11:09.612000,0 days 03:11:45.646000,0 days 03:12:06.071000,203.0,194.0,268.0,282.0,False,HARD,72.0,True,Ferrari,0 days 03:10:49.606000,,1,3.0,False,,False,True,21.6,62.0,1018.4,False,40.5,214,0.9,True,False,False,False,False,False,+9.385,+0.814,9.385,0.814,11526.023,76.417,,,19.958,36.034,20.425,11469.612,11505.646,11526.071,11449.606
2024,Monaco Grand Prix,8,Monaco,Monaco,0 days 03:13:22.086000,SAI,55,0 days 00:01:16.063000,74.0,2.0,,Carlos Sainz,,0 days 00:00:19.809000,0 days 00:00:35.971000,0 days 00:00:20.283000,0 days 03:12:25.880000,0 days 03:13:01.851000,0 days 03:13:22.134000,204.0,193.0,270.0,284.0,False,HARD,73.0,True,Ferrari,0 days 03:12:06.023000,,1,3.0,False,,False,True,21.7,61.0,1018.4,False,40.8,293,1.1,True,False,False,False,False,False,+9.343,+0.521,9.343,0.521,11602.086,76.063,,,19.809,35.971,20.283,11545.88,11581.851,11602.134,11526.023
2024,Monaco Grand Prix,8,Monaco,Monaco,0 days 03:14:38.991000,SAI,55,0 days 00:01:16.905000,75.0,2.0,,Carlos Sainz,,0 days 00:00:20.098000,0 days 00:00:36.302000,0 days 00:00:20.505000,0 days 03:13:42.232000,0 days 03:14:18.534000,0 days 03:14:39.039000,206.0,190.0,269.0,286.0,False,HARD,74.0,True,Ferrari,0 days 03:13:22.086000,,1,3.0,False,,False,True,21.7,61.0,1018.4,False,40.8,214,0.7,True,False,False,False,False,False,+9.861,+0.782,9.861,0.782,11678.991,76.905,,,20.098,36.302,20.505,11622.232,11658.534,11679.039,11602.086
2024,Monaco Grand Prix,8,Monaco,Monaco,0 days 03:15:55.319000,SAI,55,0 days 00:01:16.328000,76.0,2.0,,Carlos Sainz,,0 days 00:00:19.844000,0 days 00:00:36.063000,0 days 00:00:20.421000,0 days 03:14:58.883000,0 days 03:15:34.946000,0 days 03:15:55.367000,206.0,194.0,271.0,285.0,False,HARD,75.0,True,Ferrari,0 days 03:14:38.991000,,1,3.0,False,,False,True,21.7,61.0,1018.4,False,40.6,353,0.6,True,False,False,False,False,False,+9.381,+0.520,9.381,0.52,11755.319,76.328,,,19.844,36.063,20.421,11698.883,11734.946,11755.367,11678.991
2024,Monaco Grand Prix,8,Monaco,Monaco,0 days 03:17:12.020000,SAI,55,0 days 00:01:16.701000,77.0,2.0,,Carlos Sainz,,0 days 00:00:20.059000,0 days 00:00:36.361000,0 days 00:00:20.281000,0 days 03:16:15.426000,0 days 03:16:51.787000,0 days 03:17:12.068000,200.0,193.0,271.0,288.0,False,HARD,76.0,True,Ferrari,0 days 03:15:55.319000,,1,3.0,False,,False,True,21.8,61.0,1018.4,False,40.9,219,1.2,True,False,False,False,False,False,+9.149,+0.487,9.149,0.487,11832.02,76.701,,,20.059,36.361,20.281,11775.426,11811.787,11832.068,11755.319
2024,Monaco Grand Prix,8,Monaco,Monaco,0 days 03:18:29.092000,SAI,55,0 days 00:01:17.072000,78.0,2.0,,Carlos Sainz,,0 days 00:00:20.086000,0 days 00:00:36.430000,0 days 00:00:20.556000,0 days 03:17:32.154000,0 days 03:18:08.584000,0 days 03:18:29.140000,203.0,195.0,267.0,288.0,False,HARD,77.0,True,Ferrari,0 days 03:17:12.020000,,1,3.0,False,,False,True,21.8,61.0,1018.4,False,40.9,284,0.8,True,False,False,False,False,False,+8.471,+0.520,8.471,0.52,11909.092,77.072,,,20.086,36.43,20.556,11852.154,11888.584,11909.14,11832.02
2024,Monaco Grand Prix,8,Monaco,Monaco,0 days 01:36:19.967000,RUS,63,0 days 00:41:13.884000,1.0,1.0,,George Russell,0 days 00:56:51.329000,,0 days 00:00:49.669000,,,0 days 00:56:24.655000,,160.0,70.0,,274.0,False,HARD,1.0,True,Mercedes,0 days 00:55:05.680000,,1254,5.0,False,,False,False,21.6,66.0,1018.9,False,48.4,255,0.6,True,True,True,True,False,False,+6.025,+2.217,6.025,2.217,5779.967,2473.884,3411.329,,,49.669,,,3384.655,,3305.68
2024,Monaco Grand Prix,8,Monaco,Monaco,0 days 01:39:02.003000,RUS,63,,2.0,2.0,0 days 01:36:20.812000,George Russell,,0 days 00:00:26.868000,0 days 00:00:38.057000,0 days 00:01:37.241000,0 days 01:36:46.937000,0 days 01:37:24.878000,0 days 01:39:02.164000,176.0,181.0,62.0,270.0,False,MEDIUM,1.0,True,Mercedes,0 days 01:35:54.733000,,14,5.0,False,,False,False,21.5,65.0,1018.9,False,48.1,9,0.8,True,False,True,False,False,False,+1.863,+0.342,1.863,0.342,5942.003,,,5780.812,26.868,38.057,97.241,5806.937,5844.878,5942.164,5754.733
2024,Monaco Grand Prix,8,Monaco,Monaco,0 days 01:40:27.322000,RUS,63,0 days 00:01:25.319000,3.0,2.0,,George Russell,,0 days 00:00:24.518000,0 days 00:00:38.667000,0 days 00:00:22.134000,0 days 01:39:26.528000,0 days 01:40:05.195000,0 days 01:40:27.329000,168.0,178.0,258.0,281.0,True,MEDIUM,2.0,True,Mercedes,0 days 01:39:02.003000,,1,5.0,False,,False,True,21.6,65.0,1018.8,False,49.2,0,0.6,True,False,False,False,False,False,+2.558,+0.378,2.558,0.378,6027.322,85.319,,,24.518,38.667,22.134,5966.528,6005.195,6027.329,5942.003
2024,Monaco Grand Prix,8,Monaco,Monaco,0 days 01:41:50.190000,RUS,63,0 days 00:01:22.868000,4.0,2.0,,George Russell,,0 days 00:00:21.853000,0 days 00:00:38.884000,0 days 00:00:22.131000,0 days 01:40:49.182000,0 days 01:41:28.066000,0 days 01:41:50.197000,177.0,166.0,268.0,277.0,True,MEDIUM,3.0,True,Mercedes,0 days 01:40:27.322000,,1,5.0,False,,False,True,21.7,63.0,1018.9,False,49.2,0,0.6,True,False,False,False,False,False,+2.801,+0.464,2.801,0.464,6110.19,82.868,,,21.853,38.884,22.131,6049.182,6088.066,6110.197,6027.322
2024,Monaco Grand Prix,8,Monaco,Monaco,0 days 01:43:13.235000,RUS,63,0 days 00:01:23.045000,5.0,2.0,,George Russell,,0 days 00:00:22.046000,0 days 00:00:38.571000,0 days 00:00:22.428000,0 days 01:42:12.243000,0 days 01:42:50.814000,0 days 01:43:13.242000,179.0,170.0,257.0,264.0,False,MEDIUM,4.0,True,Mercedes,0 days 01:41:50.190000,,1,5.0,False,,False,True,21.7,63.0,1018.8,False,48.8,57,0.6,True,False,False,False,False,False,+4.051,+1.362,4.051,1.362,6193.235,83.045,,,22.046,38.571,22.428,6132.243,6170.814,6193.242,6110.19
2024,Monaco Grand Prix,8,Monaco,Monaco,0 days 01:44:36.247000,RUS,63,0 days 00:01:23.012000,6.0,2.0,,George Russell,,0 days 00:00:21.790000,0 days 00:00:39.146000,0 days 00:00:22.076000,0 days 01:43:35.032000,0 days 01:44:14.178000,0 days 01:44:36.254000,178.0,164.0,255.0,254.0,False,MEDIUM,5.0,True,Mercedes,0 days 01:43:13.235000,,1,5.0,False,,False,True,21.6,63.0,1018.8,False,48.2,0,1.0,True,False,False,False,False,False,+5.918,+2.570,5.918,2.57,6276.247,83.012,,,21.79,39.146,22.076,6215.032,6254.178,6276.254,6193.235
2024,Monaco Grand Prix,8,Monaco,Monaco,0 days 01:45:57.662000,RUS,63,0 days 00:01:21.415000,7.0,2.0,,George Russell,,0 days 00:00:21.818000,0 days 00:00:38.119000,0 days 00:00:21.478000,0 days 01:44:58.072000,0 days 01:45:36.191000,0 days 01:45:57.669000,187.0,173.0,256.0,255.0,True,MEDIUM,6.0,True,Mercedes,0 days 01:44:36.247000,,1,5.0,False,,False,True,21.8,64.0,1018.9,False,48.7,6,0.4,True,False,False,False,False,False,+6.374,+3.168,6.374,3.168,6357.662,81.415,,,21.818,38.119,21.478,6298.072,6336.191,6357.669,6276.247
2024,Monaco Grand Prix,8,Monaco,Monaco,0 days 01:47:19.274000,RUS,63,0 days 00:01:21.612000,8.0,2.0,,George Russell,,0 days 00:00:21.689000,0 days 00:00:38.104000,0 days 00:00:21.819000,0 days 01:46:19.358000,0 days 01:46:57.462000,0 days 01:47:19.281000,188.0,167.0,255.0,253.0,False,MEDIUM,7.0,True,Mercedes,0 days 01:45:57.662000,,1,5.0,False,,False,True,21.9,63.0,1018.9,False,47.9,253,0.9,True,False,False,False,False,False,+6.935,+3.949,6.935,3.949,6439.274,81.612,,,21.689,38.104,21.819,6379.358,6417.462,6439.281,6357.662
2024,Monaco Grand Prix,8,Monaco,Monaco,0 days 01:48:40.707000,RUS,63,0 days 00:01:21.433000,9.0,2.0,,George Russell,,0 days 00:00:21.680000,0 days 00:00:38.177000,0 days 00:00:21.576000,0 days 01:47:40.961000,0 days 01:48:19.138000,0 days 01:48:40.714000,189.0,170.0,256.0,261.0,False,MEDIUM,8.0,True,Mercedes,0 days 01:47:19.274000,,1,5.0,False,,False,True,22.0,64.0,1018.8,False,47.9,340,1.1,True,False,False,False,False,False,+8.254,+4.985,8.254,4.985,6520.707,81.433,,,21.68,38.177,21.576,6460.961,6499.138,6520.714,6439.274
2024,Monaco Grand Prix,8,Monaco,Monaco,0 days 01:50:02.238000,RUS,63,0 days 00:01:21.531000,10.0,2.0,,George Russell,,0 days 00:00:21.973000,0 days 00:00:37.733000,0 days 00:00:21.825000,0 days 01:49:02.687000,0 days 01:49:40.420000,0 days 01:50:02.245000,184.0,172.0,257.0,262.0,False,MEDIUM,9.0,True,Mercedes,0 days 01:48:40.707000,,1,5.0,False,,False,True,22.1,65.0,1018.8,False,47.4,289,0.7,True,False,False,False,False,False,+9.010,+5.544,9.01,5.544,6602.238,81.531,,,21.973,37.733,21.825,6542.687,6580.42,6602.245,6520.707
2024,Monaco Grand Prix,8,Monaco,Monaco,0 days 01:51:23.690000,RUS,63,0 days 00:01:21.452000,11.0,2.0,,George Russell,,0 days 00:00:21.765000,0 days 00:00:38.040000,0 days 00:00:21.647000,0 days 01:50:24.010000,0 days 01:51:02.050000,0 days 01:51:23.697000,182.0,170.0,256.0,257.0,False,MEDIUM,10.0,True,Mercedes,0 days 01:50:02.238000,,1,5.0,False,,False,True,22.2,61.0,1018.9,False,47.9,9,1.3,True,False,False,False,False,False,+9.416,+6.126,9.416,6.126,6683.69,81.452,,,21.765,38.04,21.647,6624.01,6662.05,6683.697,6602.238
2024,Monaco Grand Prix,8,Monaco,Monaco,0 days 01:52:44.006000,RUS,63,0 days 00:01:20.316000,12.0,2.0,,George Russell,,0 days 00:00:21.458000,0 days 00:00:37.547000,0 days 00:00:21.311000,0 days 01:51:45.155000,0 days 01:52:22.702000,0 days 01:52:44.013000,190.0,177.0,257.0,259.0,True,MEDIUM,11.0,True,Mercedes,0 days 01:51:23.690000,,1,5.0,False,,False,True,22.3,63.0,1018.8,False,47.3,2,0.6,True,False,False,False,False,False,+9.480,+6.509,9.48,6.509,6764.006,80.316,,,21.458,37.547,21.311,6705.155,6742.702,6764.013,6683.69
2024,Monaco Grand Prix,8,Monaco,Monaco,0 days 01:54:04.531000,RUS,63,0 days 00:01:20.525000,13.0,2.0,,George Russell,,0 days 00:00:21.414000,0 days 00:00:37.770000,0 days 00:00:21.341000,0 days 01:53:05.427000,0 days 01:53:43.197000,0 days 01:54:04.538000,195.0,174.0,257.0,259.0,False,MEDIUM,12.0,True,Mercedes,0 days 01:52:44.006000,,1,5.0,False,,False,True,22.1,64.0,1018.8,False,47.2,208,1.2,True,False,False,False,False,False,+10.988,+7.214,10.988,7.214,6844.531,80.525,,,21.414,37.77,21.341,6785.427,6823.197,6844.538,6764.006
2024,Monaco Grand Prix,8,Monaco,Monaco,0 days 01:55:24.803000,RUS,63,0 days 00:01:20.272000,14.0,2.0,,George Russell,,0 days 00:00:21.224000,0 days 00:00:37.519000,0 days 00:00:21.529000,0 days 01:54:25.762000,0 days 01:55:03.281000,0 days 01:55:24.810000,193.0,172.0,257.0,266.0,True,MEDIUM,13.0,True,Mercedes,0 days 01:54:04.531000,,1,5.0,False,,False,True,22.0,63.0,1018.7,False,47.1,22,0.5,True,False,False,False,False,False,+11.347,+8.101,11.347,8.101,6924.803,80.272,,,21.224,37.519,21.529,6865.762,6903.281,6924.81,6844.531
2024,Monaco Grand Prix,8,Monaco,Monaco,0 days 01:56:45.005000,RUS,63,0 days 00:01:20.202000,15.0,2.0,,George Russell,,0 days 00:00:21.203000,0 days 00:00:37.551000,0 days 00:00:21.448000,0 days 01:55:46.013000,0 days 01:56:23.564000,0 days 01:56:45.012000,196.0,176.0,256.0,266.0,True,MEDIUM,14.0,True,Mercedes,0 days 01:55:24.803000,,1,5.0,False,,False,True,22.0,62.0,1018.8,False,47.1,351,1.1,True,False,False,False,False,False,+11.711,+8.528,11.711,8.528,7005.005,80.202,,,21.203,37.551,21.448,6946.013,6983.564,7005.012,6924.803
2024,Monaco Grand Prix,8,Monaco,Monaco,0 days 01:58:04.918000,RUS,63,0 days 00:01:19.913000,16.0,2.0,,George Russell,,0 days 00:00:21.301000,0 days 00:00:37.484000,0 days 00:00:21.128000,0 days 01:57:06.313000,0 days 01:57:43.797000,0 days 01:58:04.925000,193.0,175.0,257.0,265.0,True,MEDIUM,15.0,True,Mercedes,0 days 01:56:45.005000,,1,5.0,False,,False,True,22.0,64.0,1018.7,False,46.0,154,0.5,True,False,False,False,False,False,+11.468,+8.804,11.468,8.804,7084.918,79.913,,,21.301,37.484,21.128,7026.313,7063.797,7084.925,7005.005
2024,Monaco Grand Prix,8,Monaco,Monaco,0 days 01:59:25.068000,RUS,63,0 days 00:01:20.150000,17.0,2.0,,George Russell,,0 days 00:00:21.408000,0 days 00:00:37.437000,0 days 00:00:21.305000,0 days 01:58:26.333000,0 days 01:59:03.770000,0 days 01:59:25.075000,195.0,177.0,256.0,266.0,False,MEDIUM,16.0,True,Mercedes,0 days 01:58:04.918000,,1,5.0,False,,False,True,21.6,64.0,1018.7,False,46.7,38,1.1,True,False,False,False,False,False,+11.354,+8.607,11.354,8.607,7165.068,80.15,,,21.408,37.437,21.305,7106.333,7143.77,7165.075,7084.918
2024,Monaco Grand Prix,8,Monaco,Monaco,0 days 02:00:44.506000,RUS,63,0 days 00:01:19.438000,18.0,2.0,,George Russell,,0 days 00:00:21.248000,0 days 00:00:36.992000,0 days 00:00:21.198000,0 days 01:59:46.323000,0 days 02:00:23.315000,0 days 02:00:44.513000,196.0,178.0,257.0,268.0,True,MEDIUM,17.0,True,Mercedes,0 days 01:59:25.068000,,1,5.0,False,,False,True,21.7,63.0,1018.7,False,47.2,101,0.8,True,False,False,False,False,False,+11.204,+8.669,11.204,8.669,7244.506,79.438,,,21.248,36.992,21.198,7186.323,7223.315,7244.513,7165.068
2024,Monaco Grand Prix,8,Monaco,Monaco,0 days 02:02:04.663000,RUS,63,0 days 00:01:20.157000,19.0,2.0,,George Russell,,0 days 00:00:21.402000,0 days 00:00:37.398000,0 days 00:00:21.357000,0 days 02:01:05.915000,0 days 02:01:43.313000,0 days 02:02:04.670000,195.0,177.0,257.0,260.0,False,MEDIUM,18.0,True,Mercedes,0 days 02:00:44.506000,,1,5.0,False,,False,True,21.8,61.0,1018.6,False,46.7,221,0.7,True,False,False,False,False,False,+12.512,+9.534,12.512,9.534,7324.663,80.157,,,21.402,37.398,21.357,7265.915,7303.313,7324.67,7244.506
2024,Monaco Grand Prix,8,Monaco,Monaco,0 days 02:03:24.716000,RUS,63,0 days 00:01:20.053000,20.0,2.0,,George Russell,,0 days 00:00:21.161000,0 days 00:00:37.471000,0 days 00:00:21.421000,0 days 02:02:25.831000,0 days 02:03:03.302000,0 days 02:03:24.723000,195.0,177.0,257.0,267.0,False,MEDIUM,19.0,True,Mercedes,0 days 02:02:04.663000,,1,5.0,False,,False,True,21.9,62.0,1018.8,False,45.8,337,0.9,True,False,False,False,False,False,+13.841,+10.544,13.841,10.544,7404.716,80.053,,,21.161,37.471,21.421,7345.831,7383.302,7404.723,7324.663
2024,Monaco Grand Prix,8,Monaco,Monaco,0 days 02:04:44.504000,RUS,63,0 days 00:01:19.788000,21.0,2.0,,George Russell,,0 days 00:00:21.174000,0 days 00:00:37.427000,0 days 00:00:21.187000,0 days 02:03:45.897000,0 days 02:04:23.324000,0 days 02:04:44.511000,196.0,177.0,257.0,263.0,False,MEDIUM,20.0,True,Mercedes,0 days 02:03:24.716000,,1,5.0,False,,False,True,21.9,64.0,1018.7,False,45.8,0,1.3,True,False,False,False,False,False,+15.176,+11.386,15.176,11.386,7484.504,79.788,,,21.174,37.427,21.187,7425.897,7463.324,7484.511,7404.716
2024,Monaco Grand Prix,8,Monaco,Monaco,0 days 02:06:04.195000,RUS,63,0 days 00:01:19.691000,22.0,2.0,,George Russell,,0 days 00:00:21.336000,0 days 00:00:37.159000,0 days 00:00:21.196000,0 days 02:05:05.847000,0 days 02:05:43.006000,0 days 02:06:04.202000,197.0,176.0,257.0,268.0,False,MEDIUM,21.0,True,Mercedes,0 days 02:04:44.504000,,1,5.0,False,,False,True,21.8,65.0,1018.8,False,45.9,273,1.6,True,False,False,False,False,False,+16.228,+12.059,16.228,12.059,7564.195,79.691,,,21.336,37.159,21.196,7505.847,7543.006,7564.202,7484.504
2024,Monaco Grand Prix,8,Monaco,Monaco,0 days 02:07:23.592000,RUS,63,0 days 00:01:19.397000,23.0,2.0,,George Russell,,0 days 00:00:21.109000,0 days 00:00:37.080000,0 days 00:00:21.208000,0 days 02:06:25.311000,0 days 02:07:02.391000,0 days 02:07:23.599000,196.0,176.0,257.0,270.0,True,MEDIUM,22.0,True,Mercedes,0 days 02:06:04.195000,,1,5.0,False,,False,True,21.7,63.0,1018.7,False,46.1,356,1.1,True,False,False,False,False,False,+17.190,+12.234,17.19,12.234,7643.592,79.397,,,21.109,37.08,21.208,7585.311,7622.391,7643.599,7564.195
2024,Monaco Grand Prix,8,Monaco,Monaco,0 days 02:08:43.076000,RUS,63,0 days 00:01:19.484000,24.0,2.0,,George Russell,,0 days 00:00:21.193000,0 days 00:00:37.075000,0 days 00:00:21.216000,0 days 02:07:44.792000,0 days 02:08:21.867000,0 days 02:08:43.083000,199.0,176.0,257.0,267.0,False,MEDIUM,23.0,True,Mercedes,0 days 02:07:23.592000,,1,5.0,False,,False,True,21.8,64.0,1018.7,False,46.3,272,1.4,True,False,False,False,False,False,+17.926,+13.047,17.926,13.047,7723.076,79.484,,,21.193,37.075,21.216,7664.792,7701.867,7723.083,7643.592
2024,Monaco Grand Prix,8,Monaco,Monaco,0 days 02:10:01.727000,RUS,63,0 days 00:01:18.651000,25.0,2.0,,George Russell,,0 days 00:00:20.910000,0 days 00:00:36.745000,0 days 00:00:20.996000,0 days 02:09:03.993000,0 days 02:09:40.738000,0 days 02:10:01.734000,198.0,183.0,257.0,268.0,True,MEDIUM,24.0,True,Mercedes,0 days 02:08:43.076000,,1,5.0,False,,False,True,21.7,63.0,1018.7,False,45.7,183,0.9,True,False,False,False,False,False,+17.604,+13.058,17.604,13.058,7801.727,78.651,,,20.91,36.745,20.996,7743.993,7780.738,7801.734,7723.076
2024,Monaco Grand Prix,8,Monaco,Monaco,0 days 02:11:20.733000,RUS,63,0 days 00:01:19.006000,26.0,2.0,,George Russell,,0 days 00:00:21.449000,0 days 00:00:36.653000,0 days 00:00:20.904000,0 days 02:10:23.183000,0 days 02:10:59.836000,0 days 02:11:20.740000,193.0,180.0,257.0,270.0,False,MEDIUM,25.0,True,Mercedes,0 days 02:10:01.727000,,1,5.0,False,,False,True,21.8,64.0,1018.5,False,46.0,23,0.7,True,False,False,False,False,False,+18.165,+13.668,18.165,13.668,7880.733,79.006,,,21.449,36.653,20.904,7823.183,7859.836,7880.74,7801.727
2024,Monaco Grand Prix,8,Monaco,Monaco,0 days 02:12:39.660000,RUS,63,0 days 00:01:18.927000,27.0,2.0,,George Russell,,0 days 00:00:21.081000,0 days 00:00:36.831000,0 days 00:00:21.015000,0 days 02:11:41.821000,0 days 02:12:18.652000,0 days 02:12:39.667000,197.0,183.0,257.0,261.0,False,MEDIUM,26.0,True,Mercedes,0 days 02:11:20.733000,,1,5.0,False,,False,True,21.9,63.0,1018.6,False,46.0,296,0.6,True,False,False,False,False,False,+18.741,+13.875,18.741,13.875,7959.66,78.927,,,21.081,36.831,21.015,7901.821,7938.652,7959.667,7880.733
2024,Monaco Grand Prix,8,Monaco,Monaco,0 days 02:13:58.339000,RUS,63,0 days 00:01:18.679000,28.0,2.0,,George Russell,,0 days 00:00:21.106000,0 days 00:00:36.676000,0 days 00:00:20.897000,0 days 02:13:00.773000,0 days 02:13:37.449000,0 days 02:13:58.346000,197.0,180.0,257.0,261.0,False,MEDIUM,27.0,True,Mercedes,0 days 02:12:39.660000,,1,5.0,False,,False,True,21.9,62.0,1018.6,False,46.0,213,1.0,True,False,False,False,False,False,+18.710,+13.316,18.71,13.316,8038.339,78.679,,,21.106,36.676,20.897,7980.773,8017.449,8038.346,7959.66
2024,Monaco Grand Prix,8,Monaco,Monaco,0 days 02:15:16.963000,RUS,63,0 days 00:01:18.624000,29.0,2.0,,George Russell,,0 days 00:00:21.067000,0 days 00:00:36.636000,0 days 00:00:20.921000,0 days 02:14:19.413000,0 days 02:14:56.049000,0 days 02:15:16.970000,196.0,184.0,258.0,273.0,True,MEDIUM,28.0,True,Mercedes,0 days 02:13:58.339000,,1,5.0,False,,False,True,22.0,62.0,1018.5,False,45.9,220,0.9,True,False,False,False,False,False,+18.281,+13.174,18.281,13.174,8116.963,78.624,,,21.067,36.636,20.921,8059.413,8096.049,8116.97,8038.339
2024,Monaco Grand Prix,8,Monaco,Monaco,0 days 02:16:35.774000,RUS,63,0 days 00:01:18.811000,30.0,2.0,,George Russell,,0 days 00:00:21.195000,0 days 00:00:36.618000,0 days 00:00:20.998000,0 days 02:15:38.165000,0 days 02:16:14.783000,0 days 02:16:35.781000,197.0,182.0,257.0,268.0,False,MEDIUM,29.0,True,Mercedes,0 days 02:15:16.963000,,1,5.0,False,,False,True,22.0,61.0,1018.6,False,46.4,265,0.6,True,False,False,False,False,False,+17.157,+13.582,17.157,13.582,8195.774,78.811,,,21.195,36.618,20.998,8138.165,8174.783,8195.781,8116.963
2024,Monaco Grand Prix,8,Monaco,Monaco,0 days 02:17:54.875000,RUS,63,0 days 00:01:19.101000,31.0,2.0,,George Russell,,0 days 00:00:21.076000,0 days 00:00:36.695000,0 days 00:00:21.330000,0 days 02:16:56.857000,0 days 02:17:33.552000,0 days 02:17:54.882000,198.0,183.0,257.0,271.0,False,MEDIUM,30.0,True,Mercedes,0 days 02:16:35.774000,,1,5.0,False,,False,True,22.1,61.0,1018.6,False,45.5,217,0.4,True,False,False,False,False,False,+17.865,+13.903,17.865,13.903,8274.875,79.101,,,21.076,36.695,21.33,8216.857,8253.552,8274.882,8195.774
2024,Monaco Grand Prix,8,Monaco,Monaco,0 days 02:19:13.997000,RUS,63,0 days 00:01:19.122000,32.0,2.0,,George Russell,,0 days 00:00:20.993000,0 days 00:00:37.092000,0 days 00:00:21.037000,0 days 02:18:15.875000,0 days 02:18:52.967000,0 days 02:19:14.004000,199.0,181.0,258.0,268.0,False,MEDIUM,31.0,True,Mercedes,0 days 02:17:54.875000,,1,5.0,False,,False,True,21.9,62.0,1018.5,False,45.6,245,1.0,True,False,False,False,False,False,+17.862,+13.487,17.862,13.487,8353.997,79.122,,,20.993,37.092,21.037,8295.875,8332.967,8354.004,8274.875
2024,Monaco Grand Prix,8,Monaco,Monaco,0 days 02:20:32.907000,RUS,63,0 days 00:01:18.910000,33.0,2.0,,George Russell,,0 days 00:00:20.991000,0 days 00:00:36.737000,0 days 00:00:21.182000,0 days 02:19:34.995000,0 days 02:20:11.732000,0 days 02:20:32.914000,197.0,178.0,258.0,271.0,False,MEDIUM,32.0,True,Mercedes,0 days 02:19:13.997000,,1,5.0,False,,False,True,21.9,62.0,1018.6,False,45.9,269,0.9,True,False,False,False,False,False,+18.278,+13.164,18.278,13.164,8432.907,78.91,,,20.991,36.737,21.182,8374.995,8411.732,8432.914,8353.997
2024,Monaco Grand Prix,8,Monaco,Monaco,0 days 02:21:52.286000,RUS,63,0 days 00:01:19.379000,34.0,2.0,,George Russell,,0 days 00:00:21.252000,0 days 00:00:36.937000,0 days 00:00:21.190000,0 days 02:20:54.166000,0 days 02:21:31.103000,0 days 02:21:52.293000,197.0,184.0,257.0,269.0,False,MEDIUM,33.0,True,Mercedes,0 days 02:20:32.907000,,1,5.0,False,,False,True,22.0,61.0,1018.5,False,45.9,268,1.0,True,False,False,False,False,False,+18.338,+13.300,18.338,13.3,8512.286,79.379,,,21.252,36.937,21.19,8454.166,8491.103,8512.293,8432.907
2024,Monaco Grand Prix,8,Monaco,Monaco,0 days 02:23:12.734000,RUS,63,0 days 00:01:20.448000,35.0,2.0,,George Russell,,0 days 00:00:21.603000,0 days 00:00:37.625000,0 days 00:00:21.220000,0 days 02:22:13.896000,0 days 02:22:51.521000,0 days 02:23:12.741000,190.0,172.0,258.0,271.0,False,MEDIUM,34.0,True,Mercedes,0 days 02:21:52.286000,,1,5.0,False,,False,True,22.0,62.0,1018.6,False,45.1,0,0.9,True,False,False,False,False,False,+20.256,+15.034,20.256,15.034,8592.734,80.448,,,21.603,37.625,21.22,8533.896,8571.521,8592.741,8512.286
2024,Monaco Grand Prix,8,Monaco,Monaco,0 days 02:24:32.462000,RUS,63,0 days 00:01:19.728000,36.0,2.0,,George Russell,,0 days 00:00:21.254000,0 days 00:00:37.243000,0 days 00:00:21.231000,0 days 02:23:33.995000,0 days 02:24:11.238000,0 days 02:24:32.469000,199.0,176.0,258.0,269.0,False,MEDIUM,35.0,True,Mercedes,0 days 02:23:12.734000,,1,5.0,False,,False,True,21.8,64.0,1018.5,False,44.4,234,1.2,True,False,False,False,False,False,+21.295,+16.180,21.295,16.18,8672.462,79.728,,,21.254,37.243,21.231,8613.995,8651.238,8672.469,8592.734
2024,Monaco Grand Prix,8,Monaco,Monaco,0 days 02:25:51.219000,RUS,63,0 days 00:01:18.757000,37.0,2.0,,George Russell,,0 days 00:00:21.135000,0 days 00:00:36.783000,0 days 00:00:20.839000,0 days 02:24:53.604000,0 days 02:25:30.387000,0 days 02:25:51.226000,198.0,190.0,259.0,270.0,False,MEDIUM,36.0,True,Mercedes,0 days 02:24:32.462000,,1,5.0,False,,False,True,21.7,63.0,1018.5,False,44.4,305,1.5,True,False,False,False,False,False,+21.127,+16.979,21.127,16.979,8751.219,78.757,,,21.135,36.783,20.839,8693.604,8730.387,8751.226,8672.462
2024,Monaco Grand Prix,8,Monaco,Monaco,0 days 02:27:09.665000,RUS,63,0 days 00:01:18.446000,38.0,2.0,,George Russell,,0 days 00:00:21.051000,0 days 00:00:36.540000,0 days 00:00:20.855000,0 days 02:26:12.277000,0 days 02:26:48.817000,0 days 02:27:09.672000,196.0,183.0,258.0,272.0,True,MEDIUM,37.0,True,Mercedes,0 days 02:25:51.219000,,1,5.0,False,,False,True,21.8,63.0,1018.5,False,44.5,271,1.0,True,False,False,False,False,False,+21.045,+17.431,21.045,17.431,8829.665,78.446,,,21.051,36.54,20.855,8772.277,8808.817,8829.672,8751.219
2024,Monaco Grand Prix,8,Monaco,Monaco,0 days 02:28:28.115000,RUS,63,0 days 00:01:18.450000,39.0,2.0,,George Russell,,0 days 00:00:21.063000,0 days 00:00:36.681000,0 days 00:00:20.706000,0 days 02:27:30.735000,0 days 02:28:07.416000,0 days 02:28:28.122000,197.0,184.0,259.0,274.0,False,MEDIUM,38.0,True,Mercedes,0 days 02:27:09.665000,,1,5.0,False,,False,True,21.8,62.0,1018.6,False,44.7,0,0.5,True,False,False,False,False,False,+21.314,+17.578,21.314,17.578,8908.115,78.45,,,21.063,36.681,20.706,8850.735,8887.416,8908.122,8829.665
2024,Monaco Grand Prix,8,Monaco,Monaco,0 days 02:29:46.254000,RUS,63,0 days 00:01:18.139000,40.0,2.0,,George Russell,,0 days 00:00:21.011000,0 days 00:00:36.308000,0 days 00:00:20.820000,0 days 02:28:49.133000,0 days 02:29:25.441000,0 days 02:29:46.261000,199.0,186.0,258.0,275.0,True,MEDIUM,39.0,True,Mercedes,0 days 02:28:28.115000,,1,5.0,False,,False,True,21.9,61.0,1018.6,False,44.4,269,0.8,True,False,False,False,False,False,+20.720,+16.893,20.72,16.893,8986.254,78.139,,,21.011,36.308,20.82,8929.133,8965.441,8986.261,8908.115
2024,Monaco Grand Prix,8,Monaco,Monaco,0 days 02:31:04.562000,RUS,63,0 days 00:01:18.308000,41.0,2.0,,George Russell,,0 days 00:00:20.912000,0 days 00:00:36.558000,0 days 00:00:20.838000,0 days 02:30:07.173000,0 days 02:30:43.731000,0 days 02:31:04.569000,202.0,188.0,258.0,272.0,False,MEDIUM,40.0,True,Mercedes,0 days 02:29:46.254000,,1,5.0,False,,False,True,22.0,60.0,1018.5,False,44.4,111,0.8,True,False,False,False,False,False,+20.334,+16.682,20.334,16.682,9064.562,78.308,,,20.912,36.558,20.838,9007.173,9043.731,9064.569,8986.254
2024,Monaco Grand Prix,8,Monaco,Monaco,0 days 02:32:22.766000,RUS,63,0 days 00:01:18.204000,42.0,2.0,,George Russell,,0 days 00:00:20.877000,0 days 00:00:36.481000,0 days 00:00:20.846000,0 days 02:31:25.446000,0 days 02:32:01.927000,0 days 02:32:22.773000,201.0,186.0,258.0,273.0,False,MEDIUM,41.0,True,Mercedes,0 days 02:31:04.562000,,1,5.0,False,,False,True,21.9,61.0,1018.5,False,44.7,0,0.5,True,False,False,False,False,False,+19.261,+15.450,19.261,15.45,9142.766,78.204,,,20.877,36.481,20.846,9085.446,9121.927,9142.773,9064.562
2024,Monaco Grand Prix,8,Monaco,Monaco,0 days 02:33:41.450000,RUS,63,0 days 00:01:18.684000,43.0,2.0,,George Russell,,0 days 00:00:20.878000,0 days 00:00:36.662000,0 days 00:00:21.144000,0 days 02:32:43.651000,0 days 02:33:20.313000,0 days 02:33:41.457000,199.0,180.0,259.0,280.0,False,MEDIUM,42.0,True,Mercedes,0 days 02:32:22.766000,,1,5.0,False,,False,True,21.9,59.0,1018.5,False,44.8,0,0.9,True,False,False,False,False,False,+20.080,+14.338,20.08,14.338,9221.45,78.684,,,20.878,36.662,21.144,9163.651,9200.313,9221.457,9142.766
2024,Monaco Grand Prix,8,Monaco,Monaco,0 days 02:34:59.627000,RUS,63,0 days 00:01:18.177000,44.0,2.0,,George Russell,,0 days 00:00:20.798000,0 days 00:00:36.462000,0 days 00:00:20.917000,0 days 02:34:02.255000,0 days 02:34:38.717000,0 days 02:34:59.634000,200.0,181.0,259.0,276.0,False,MEDIUM,43.0,True,Mercedes,0 days 02:33:41.450000,,1,5.0,False,,False,True,21.9,59.0,1018.6,False,44.8,227,1.0,True,False,False,False,False,False,+19.981,+13.609,19.981,13.609,9299.627,78.177,,,20.798,36.462,20.917,9242.255,9278.717,9299.634,9221.45
2024,Monaco Grand Prix,8,Monaco,Monaco,0 days 02:36:18.076000,RUS,63,0 days 00:01:18.449000,45.0,2.0,,George Russell,,0 days 00:00:20.914000,0 days 00:00:36.740000,0 days 00:00:20.795000,0 days 02:35:20.548000,0 days 02:35:57.288000,0 days 02:36:18.083000,195.0,185.0,260.0,276.0,False,MEDIUM,44.0,True,Mercedes,0 days 02:34:59.627000,,1,5.0,False,,False,True,22.0,58.0,1018.5,False,44.2,206,0.8,True,False,False,False,False,False,+19.889,+14.161,19.889,14.161,9378.076,78.449,,,20.914,36.74,20.795,9320.548,9357.288,9378.083,9299.627
2024,Monaco Grand Prix,8,Monaco,Monaco,0 days 02:37:36.463000,RUS,63,0 days 00:01:18.387000,46.0,2.0,,George Russell,,0 days 00:00:20.904000,0 days 00:00:36.537000,0 days 00:00:20.946000,0 days 02:36:38.987000,0 days 02:37:15.524000,0 days 02:37:36.470000,197.0,183.0,260.0,275.0,False,MEDIUM,45.0,True,Mercedes,0 days 02:36:18.076000,,1,5.0,False,,False,True,21.9,57.0,1018.3,False,44.5,203,1.8,True,False,False,False,False,False,+19.709,+14.333,19.709,14.333,9456.463,78.387,,,20.904,36.537,20.946,9398.987,9435.524,9456.47,9378.076
2024,Monaco Grand Prix,8,Monaco,Monaco,0 days 02:38:54.777000,RUS,63,0 days 00:01:18.314000,47.0,2.0,,George Russell,,0 days 00:00:20.768000,0 days 00:00:36.519000,0 days 00:00:21.027000,0 days 02:37:57.238000,0 days 02:38:33.757000,0 days 02:38:54.784000,196.0,183.0,261.0,281.0,False,MEDIUM,46.0,True,Mercedes,0 days 02:37:36.463000,,1,5.0,False,,False,True,22.0,58.0,1018.4,False,44.5,276,1.8,True,False,False,False,False,False,+18.887,+14.455,18.887,14.455,9534.777,78.314,,,20.768,36.519,21.027,9477.238,9513.757,9534.784,9456.463
2024,Monaco Grand Prix,8,Monaco,Monaco,0 days 02:40:13.479000,RUS,63,0 days 00:01:18.702000,48.0,2.0,,George Russell,,0 days 00:00:20.917000,0 days 00:00:36.851000,0 days 00:00:20.934000,0 days 02:39:15.701000,0 days 02:39:52.552000,0 days 02:40:13.486000,196.0,186.0,262.0,277.0,False,MEDIUM,47.0,True,Mercedes,0 days 02:38:54.777000,,1,5.0,False,,False,True,22.0,58.0,1018.4,False,43.8,218,1.1,True,False,False,False,False,False,+19.678,+15.203,19.678,15.203,9613.479,78.702,,,20.917,36.851,20.934,9555.701,9592.552,9613.486,9534.777
2024,Monaco Grand Prix,8,Monaco,Monaco,0 days 02:41:32.464000,RUS,63,0 days 00:01:18.985000,49.0,2.0,,George Russell,,0 days 00:00:20.975000,0 days 00:00:36.845000,0 days 00:00:21.165000,0 days 02:40:34.461000,0 days 02:41:11.306000,0 days 02:41:32.471000,191.0,185.0,261.0,280.0,False,MEDIUM,48.0,True,Mercedes,0 days 02:40:13.479000,,1,5.0,False,,False,True,22.0,57.0,1018.4,False,43.7,0,1.7,True,False,False,False,False,False,+20.131,+16.046,20.131,16.046,9692.464,78.985,,,20.975,36.845,21.165,9634.461,9671.306,9692.471,9613.479
2024,Monaco Grand Prix,8,Monaco,Monaco,0 days 02:42:50.911000,RUS,63,0 days 00:01:18.447000,50.0,2.0,,George Russell,,0 days 00:00:21.009000,0 days 00:00:36.565000,0 days 00:00:20.873000,0 days 02:41:53.480000,0 days 02:42:30.045000,0 days 02:42:50.918000,194.0,183.0,260.0,280.0,False,MEDIUM,49.0,True,Mercedes,0 days 02:41:32.464000,,1,5.0,False,,False,True,21.9,58.0,1018.5,False,43.7,354,1.0,True,False,False,False,False,False,+20.340,+16.270,20.34,16.27,9770.911,78.447,,,21.009,36.565,20.873,9713.48,9750.045,9770.918,9692.464
2024,Monaco Grand Prix,8,Monaco,Monaco,0 days 02:44:08.960000,RUS,63,0 days 00:01:18.049000,51.0,2.0,,George Russell,,0 days 00:00:20.754000,0 days 00:00:36.461000,0 days 00:00:20.834000,0 days 02:43:11.672000,0 days 02:43:48.133000,0 days 02:44:08.967000,196.0,188.0,261.0,274.0,True,MEDIUM,50.0,True,Mercedes,0 days 02:42:50.911000,,1,5.0,False,,False,True,21.9,58.0,1018.5,False,43.7,89,1.1,True,False,False,False,False,False,+20.599,+16.547,20.599,16.547,9848.96,78.049,,,20.754,36.461,20.834,9791.672,9828.133,9848.967,9770.911
2024,Monaco Grand Prix,8,Monaco,Monaco,0 days 02:45:27.562000,RUS,63,0 days 00:01:18.602000,52.0,2.0,,George Russell,,0 days 00:00:20.742000,0 days 00:00:36.669000,0 days 00:00:21.191000,0 days 02:44:29.709000,0 days 02:45:06.378000,0 days 02:45:27.569000,194.0,175.0,261.0,283.0,False,MEDIUM,51.0,True,Mercedes,0 days 02:44:08.960000,,12,5.0,False,,False,True,21.8,57.0,1018.5,False,43.2,52,1.0,True,True,False,False,False,False,+20.971,+16.942,20.971,16.942,9927.562,78.602,,,20.742,36.669,21.191,9869.709,9906.378,9927.569,9848.96
2024,Monaco Grand Prix,8,Monaco,Monaco,0 days 02:46:48.453000,RUS,63,0 days 00:01:20.891000,53.0,2.0,,George Russell,,0 days 00:00:21.524000,0 days 00:00:38.227000,0 days 00:00:21.140000,0 days 02:45:49.093000,0 days 02:46:27.320000,0 days 02:46:48.460000,190.0,184.0,259.0,278.0,False,MEDIUM,52.0,True,Mercedes,0 days 02:45:27.562000,,21,5.0,False,,False,True,21.9,58.0,1018.5,False,43.2,321,0.8,True,True,False,False,False,False,+24.033,+20.247,24.033,20.247,10008.453,80.891,,,21.524,38.227,21.14,9949.093,9987.32,10008.46,9927.562
2024,Monaco Grand Prix,8,Monaco,Monaco,0 days 02:48:06.654000,RUS,63,0 days 00:01:18.201000,54.0,2.0,,George Russell,,0 days 00:00:20.753000,0 days 00:00:36.599000,0 days 00:00:20.849000,0 days 02:47:09.213000,0 days 02:47:45.812000,0 days 02:48:06.661000,197.0,183.0,260.0,273.0,False,MEDIUM,53.0,True,Mercedes,0 days 02:46:48.453000,,1,5.0,False,,False,True,21.9,59.0,1018.6,False,43.0,228,1.1,True,False,False,False,False,False,+24.873,+20.570,24.873,20.57,10086.654,78.201,,,20.753,36.599,20.849,10029.213,10065.812,10086.661,10008.453
2024,Monaco Grand Prix,8,Monaco,Monaco,0 days 02:49:23.959000,RUS,63,0 days 00:01:17.305000,55.0,2.0,,George Russell,,0 days 00:00:20.747000,0 days 00:00:36.050000,0 days 00:00:20.508000,0 days 02:48:27.408000,0 days 02:49:03.458000,0 days 02:49:23.966000,202.0,190.0,259.0,275.0,True,MEDIUM,54.0,True,Mercedes,0 days 02:48:06.654000,,1,5.0,False,,False,True,21.7,59.0,1018.4,False,42.5,0,1.1,True,False,False,False,False,False,+24.738,+19.533,24.738,19.533,10163.959,77.305,,,20.747,36.05,20.508,10107.408,10143.458,10163.966,10086.654
2024,Monaco Grand Prix,8,Monaco,Monaco,0 days 02:50:41.030000,RUS,63,0 days 00:01:17.071000,56.0,2.0,,George Russell,,0 days 00:00:20.490000,0 days 00:00:36.009000,0 days 00:00:20.572000,0 days 02:49:44.456000,0 days 02:50:20.465000,0 days 02:50:41.037000,207.0,193.0,260.0,276.0,True,MEDIUM,55.0,True,Mercedes,0 days 02:49:23.959000,,1,5.0,False,,False,True,21.7,60.0,1018.4,False,42.4,59,0.9,True,False,False,False,False,False,+24.543,+18.449,24.543,18.449,10241.03,77.071,,,20.49,36.009,20.572,10184.456,10220.465,10241.037,10163.959
2024,Monaco Grand Prix,8,Monaco,Monaco,0 days 02:51:57.940000,RUS,63,0 days 00:01:16.910000,57.0,2.0,,George Russell,,0 days 00:00:20.542000,0 days 00:00:35.880000,0 days 00:00:20.488000,0 days 02:51:01.579000,0 days 02:51:37.459000,0 days 02:51:57.947000,203.0,191.0,261.0,278.0,True,MEDIUM,56.0,True,Mercedes,0 days 02:50:41.030000,,1,5.0,False,,False,True,21.6,60.0,1018.4,False,42.2,140,0.8,True,False,False,False,False,False,+23.870,+17.536,23.87,17.536,10317.94,76.91,,,20.542,35.88,20.488,10261.579,10297.459,10317.947,10241.03
2024,Monaco Grand Prix,8,Monaco,Monaco,0 days 02:53:15.082000,RUS,63,0 days 00:01:17.142000,58.0,2.0,,George Russell,,0 days 00:00:20.435000,0 days 00:00:36.079000,0 days 00:00:20.628000,0 days 02:52:18.382000,0 days 02:52:54.461000,0 days 02:53:15.089000,206.0,191.0,259.0,278.0,False,MEDIUM,57.0,True,Mercedes,0 days 02:51:57.940000,,1,5.0,False,,False,True,21.8,60.0,1018.5,False,42.2,30,1.2,True,False,False,False,False,False,+23.975,+17.248,23.975,17.248,10395.082,77.142,,,20.435,36.079,20.628,10338.382,10374.461,10395.089,10317.94
2024,Monaco Grand Prix,8,Monaco,Monaco,0 days 02:54:31.924000,RUS,63,0 days 00:01:16.842000,59.0,2.0,,George Russell,,0 days 00:00:20.416000,0 days 00:00:35.875000,0 days 00:00:20.551000,0 days 02:53:35.505000,0 days 02:54:11.380000,0 days 02:54:31.931000,204.0,193.0,261.0,281.0,True,MEDIUM,58.0,True,Mercedes,0 days 02:53:15.082000,,1,5.0,False,,False,True,21.6,61.0,1018.4,False,41.9,9,1.1,True,False,False,False,False,False,+23.789,+16.983,23.789,16.983,10471.924,76.842,,,20.416,35.875,20.551,10415.505,10451.38,10471.931,10395.082
2024,Monaco Grand Prix,8,Monaco,Monaco,0 days 02:55:48.528000,RUS,63,0 days 00:01:16.604000,60.0,2.0,,George Russell,,0 days 00:00:20.034000,0 days 00:00:36.124000,0 days 00:00:20.446000,0 days 02:54:51.965000,0 days 02:55:28.089000,0 days 02:55:48.535000,204.0,191.0,260.0,282.0,True,MEDIUM,59.0,True,Mercedes,0 days 02:54:31.924000,,1,5.0,False,,False,True,21.5,61.0,1018.5,False,42.3,284,0.5,True,False,False,False,False,False,+23.925,+16.920,23.925,16.92,10548.528,76.604,,,20.034,36.124,20.446,10491.965,10528.089,10548.535,10471.924
2024,Monaco Grand Prix,8,Monaco,Monaco,0 days 02:57:05.225000,RUS,63,0 days 00:01:16.697000,61.0,2.0,,George Russell,,0 days 00:00:20.384000,0 days 00:00:35.786000,0 days 00:00:20.527000,0 days 02:56:08.919000,0 days 02:56:44.705000,0 days 02:57:05.232000,204.0,193.0,262.0,280.0,False,MEDIUM,60.0,True,Mercedes,0 days 02:55:48.528000,,1,5.0,False,,False,True,21.6,60.0,1018.4,False,42.3,222,0.6,True,False,False,False,False,False,+23.759,+16.003,23.759,16.003,10625.225,76.697,,,20.384,35.786,20.527,10568.919,10604.705,10625.232,10548.528
2024,Monaco Grand Prix,8,Monaco,Monaco,0 days 02:58:22.012000,RUS,63,0 days 00:01:16.787000,62.0,2.0,,George Russell,,0 days 00:00:20.251000,0 days 00:00:36.072000,0 days 00:00:20.464000,0 days 02:57:25.483000,0 days 02:58:01.555000,0 days 02:58:22.019000,201.0,189.0,262.0,281.0,False,MEDIUM,61.0,True,Mercedes,0 days 02:57:05.225000,,1,5.0,False,,False,True,21.8,59.0,1018.4,False,42.0,264,1.2,True,False,False,False,False,False,+23.092,+16.764,23.092,16.764,10702.012,76.787,,,20.251,36.072,20.464,10645.483,10681.555,10702.019,10625.225
2024,Monaco Grand Prix,8,Monaco,Monaco,0 days 02:59:38.593000,RUS,63,0 days 00:01:16.581000,63.0,2.0,,George Russell,,0 days 00:00:20.073000,0 days 00:00:35.838000,0 days 00:00:20.670000,0 days 02:58:42.092000,0 days 02:59:17.930000,0 days 02:59:38.600000,202.0,195.0,263.0,281.0,True,MEDIUM,62.0,True,Mercedes,0 days 02:58:22.012000,,1,5.0,False,,False,True,22.0,60.0,1018.5,False,42.0,284,0.8,True,False,False,False,False,False,+22.774,+16.460,22.774,16.46,10778.593,76.581,,,20.073,35.838,20.67,10722.092,10757.93,10778.6,10702.012
2024,Monaco Grand Prix,8,Monaco,Monaco,0 days 03:00:54.726000,RUS,63,0 days 00:01:16.133000,64.0,2.0,,George Russell,,0 days 00:00:20.219000,0 days 00:00:35.530000,0 days 00:00:20.384000,0 days 02:59:58.819000,0 days 03:00:34.349000,0 days 03:00:54.733000,206.0,194.0,259.0,279.0,True,MEDIUM,63.0,True,Mercedes,0 days 02:59:38.593000,,1,5.0,False,,False,True,21.9,60.0,1018.3,False,41.2,47,0.8,True,False,False,False,False,False,+22.314,+16.857,22.314,16.857,10854.726,76.133,,,20.219,35.53,20.384,10798.819,10834.349,10854.733,10778.593
2024,Monaco Grand Prix,8,Monaco,Monaco,0 days 03:02:10.377000,RUS,63,0 days 00:01:15.651000,65.0,2.0,,George Russell,,0 days 00:00:19.764000,0 days 00:00:35.606000,0 days 00:00:20.281000,0 days 03:01:14.497000,0 days 03:01:50.103000,0 days 03:02:10.384000,200.0,191.0,262.0,279.0,True,MEDIUM,64.0,True,Mercedes,0 days 03:00:54.726000,,1,5.0,False,,False,True,21.9,60.0,1018.4,False,42.0,215,0.9,True,False,False,False,False,False,+21.319,+15.368,21.319,15.368,10930.377,75.651,,,19.764,35.606,20.281,10874.497,10910.103,10930.384,10854.726
2024,Monaco Grand Prix,8,Monaco,Monaco,0 days 03:03:26.225000,RUS,63,0 days 00:01:15.848000,66.0,2.0,,George Russell,,0 days 00:00:19.709000,0 days 00:00:35.781000,0 days 00:00:20.358000,0 days 03:02:30.093000,0 days 03:03:05.874000,0 days 03:03:26.232000,205.0,194.0,260.0,279.0,False,MEDIUM,65.0,True,Mercedes,0 days 03:02:10.377000,,1,5.0,False,,False,True,22.0,59.0,1018.3,False,41.7,325,1.7,True,False,False,False,False,False,+20.678,+15.002,20.678,15.002,11006.225,75.848,,,19.709,35.781,20.358,10950.093,10985.874,11006.232,10930.377
2024,Monaco Grand Prix,8,Monaco,Monaco,0 days 03:04:42.382000,RUS,63,0 days 00:01:16.157000,67.0,2.0,,George Russell,,0 days 00:00:20.043000,0 days 00:00:35.724000,0 days 00:00:20.390000,0 days 03:03:46.275000,0 days 03:04:21.999000,0 days 03:04:42.389000,204.0,192.0,260.0,279.0,False,MEDIUM,66.0,True,Mercedes,0 days 03:03:26.225000,,1,5.0,False,,False,True,22.0,60.0,1018.3,False,41.6,58,1.0,True,False,False,False,False,False,+20.906,+14.992,20.906,14.992,11082.382,76.157,,,20.043,35.724,20.39,11026.275,11061.999,11082.389,11006.225
2024,Monaco Grand Prix,8,Monaco,Monaco,0 days 03:05:58.313000,RUS,63,0 days 00:01:15.931000,68.0,2.0,,George Russell,,0 days 00:00:19.945000,0 days 00:00:35.671000,0 days 00:00:20.315000,0 days 03:05:02.334000,0 days 03:05:38.005000,0 days 03:05:58.320000,205.0,192.0,261.0,280.0,False,MEDIUM,67.0,True,Mercedes,0 days 03:04:42.382000,,1,5.0,False,,False,True,21.8,60.0,1018.4,False,40.9,14,0.7,True,False,False,False,False,False,+20.735,+14.793,20.735,14.793,11158.313,75.931,,,19.945,35.671,20.315,11102.334,11138.005,11158.32,11082.382
2024,Monaco Grand Prix,8,Monaco,Monaco,0 days 03:07:14.182000,RUS,63,0 days 00:01:15.869000,69.0,2.0,,George Russell,,0 days 00:00:19.910000,0 days 00:00:35.697000,0 days 00:00:20.262000,0 days 03:06:18.230000,0 days 03:06:53.927000,0 days 03:07:14.189000,204.0,193.0,260.0,279.0,False,MEDIUM,68.0,True,Mercedes,0 days 03:05:58.313000,,1,5.0,False,,False,True,21.8,60.0,1018.5,False,41.6,224,0.8,True,False,False,False,False,False,+20.239,+14.358,20.239,14.358,11234.182,75.869,,,19.91,35.697,20.262,11178.23,11213.927,11234.189,11158.313
2024,Monaco Grand Prix,8,Monaco,Monaco,0 days 03:08:29.433000,RUS,63,0 days 00:01:15.251000,70.0,2.0,,George Russell,,0 days 00:00:19.673000,0 days 00:00:35.416000,0 days 00:00:20.162000,0 days 03:07:33.862000,0 days 03:08:09.278000,0 days 03:08:29.440000,209.0,196.0,261.0,281.0,True,MEDIUM,69.0,True,Mercedes,0 days 03:07:14.182000,,1,5.0,False,,False,True,21.8,60.0,1018.4,False,41.6,209,1.0,True,False,False,False,False,False,+19.742,+12.399,19.742,12.399,11309.433,75.251,,,19.673,35.416,20.162,11253.862,11289.278,11309.44,11234.182
2024,Monaco Grand Prix,8,Monaco,Monaco,0 days 03:09:45.260000,RUS,63,0 days 00:01:15.827000,71.0,2.0,,George Russell,,0 days 00:00:19.690000,0 days 00:00:35.736000,0 days 00:00:20.401000,0 days 03:08:49.130000,0 days 03:09:24.866000,0 days 03:09:45.267000,206.0,193.0,262.0,282.0,False,MEDIUM,70.0,True,Mercedes,0 days 03:08:29.433000,,1,5.0,False,,False,True,21.7,60.0,1018.4,False,41.1,0,0.4,True,False,False,False,False,False,+20.404,+11.566,20.404,11.566,11385.26,75.827,,,19.69,35.736,20.401,11329.13,11364.866,11385.267,11309.433
2024,Monaco Grand Prix,8,Monaco,Monaco,0 days 03:11:01.099000,RUS,63,0 days 00:01:15.839000,72.0,2.0,,George Russell,,0 days 00:00:19.735000,0 days 00:00:35.841000,0 days 00:00:20.263000,0 days 03:10:05.002000,0 days 03:10:40.843000,0 days 03:11:01.106000,207.0,195.0,260.0,282.0,False,MEDIUM,71.0,True,Mercedes,0 days 03:09:45.260000,,1,5.0,False,,False,True,21.6,61.0,1018.4,False,41.0,58,0.7,True,False,False,False,False,False,+20.680,+10.652,20.68,10.652,11461.099,75.839,,,19.735,35.841,20.263,11405.002,11440.843,11461.106,11385.26
2024,Monaco Grand Prix,8,Monaco,Monaco,0 days 03:12:16.327000,RUS,63,0 days 00:01:15.228000,73.0,2.0,,George Russell,,0 days 00:00:19.584000,0 days 00:00:35.408000,0 days 00:00:20.236000,0 days 03:11:20.690000,0 days 03:11:56.098000,0 days 03:12:16.334000,210.0,197.0,262.0,281.0,True,MEDIUM,72.0,True,Mercedes,0 days 03:11:01.099000,,1,5.0,False,,False,True,21.6,61.0,1018.4,False,40.5,209,0.5,True,False,False,False,False,False,+19.689,+9.595,19.689,9.595,11536.327,75.228,,,19.584,35.408,20.236,11480.69,11516.098,11536.334,11461.099
2024,Monaco Grand Prix,8,Monaco,Monaco,0 days 03:13:31.703000,RUS,63,0 days 00:01:15.376000,74.0,2.0,,George Russell,,0 days 00:00:19.700000,0 days 00:00:35.512000,0 days 00:00:20.164000,0 days 03:12:36.034000,0 days 03:13:11.546000,0 days 03:13:31.710000,206.0,195.0,262.0,282.0,False,MEDIUM,73.0,True,Mercedes,0 days 03:12:16.327000,,1,5.0,False,,False,True,21.7,61.0,1018.4,False,40.8,293,1.1,True,False,False,False,False,False,+18.960,+8.542,18.96,8.542,11611.703,75.376,,,19.7,35.512,20.164,11556.034,11591.546,11611.71,11536.327
2024,Monaco Grand Prix,8,Monaco,Monaco,0 days 03:14:47.228000,RUS,63,0 days 00:01:15.525000,75.0,2.0,,George Russell,,0 days 00:00:19.694000,0 days 00:00:35.518000,0 days 00:00:20.313000,0 days 03:13:51.404000,0 days 03:14:26.922000,0 days 03:14:47.235000,208.0,195.0,262.0,282.0,False,MEDIUM,74.0,True,Mercedes,0 days 03:13:31.703000,,1,5.0,False,,False,True,21.7,61.0,1018.4,False,40.8,214,0.7,True,False,False,False,False,False,+18.098,+7.550,18.098,7.55,11687.228,75.525,,,19.694,35.518,20.313,11631.404,11666.922,11687.235,11611.703
2024,Monaco Grand Prix,8,Monaco,Monaco,0 days 03:16:02.981000,RUS,63,0 days 00:01:15.753000,76.0,2.0,,George Russell,,0 days 00:00:19.783000,0 days 00:00:35.639000,0 days 00:00:20.331000,0 days 03:15:07.018000,0 days 03:15:42.657000,0 days 03:16:02.988000,207.0,192.0,262.0,283.0,False,MEDIUM,75.0,True,Mercedes,0 days 03:14:47.228000,,1,5.0,False,,False,True,21.7,61.0,1018.4,False,40.6,353,0.6,True,False,False,False,False,False,+17.043,+6.632,17.043,6.632,11762.981,75.753,,,19.783,35.639,20.331,11707.018,11742.657,11762.988,11687.228
2024,Monaco Grand Prix,8,Monaco,Monaco,0 days 03:17:18.513000,RUS,63,0 days 00:01:15.532000,77.0,2.0,,George Russell,,0 days 00:00:19.620000,0 days 00:00:35.607000,0 days 00:00:20.305000,0 days 03:16:22.608000,0 days 03:16:58.215000,0 days 03:17:18.520000,209.0,194.0,264.0,283.0,False,MEDIUM,76.0,True,Mercedes,0 days 03:16:02.981000,,1,5.0,False,,False,True,21.8,61.0,1018.4,False,40.9,219,1.2,True,False,False,False,False,False,+15.703,+5.633,15.703,5.633,11838.513,75.532,,,19.62,35.607,20.305,11782.608,11818.215,11838.52,11762.981
2024,Monaco Grand Prix,8,Monaco,Monaco,0 days 03:18:34.816000,RUS,63,0 days 00:01:16.303000,78.0,2.0,,George Russell,,0 days 00:00:19.846000,0 days 00:00:35.851000,0 days 00:00:20.606000,0 days 03:17:38.366000,0 days 03:18:14.217000,0 days 03:18:34.823000,200.0,193.0,263.0,285.0,False,MEDIUM,77.0,True,Mercedes,0 days 03:17:18.513000,,1,5.0,False,,False,True,21.8,61.0,1018.4,False,40.9,284,0.8,True,False,False,False,False,False,+14.124,+4.680,14.124,4.68,11914.816,76.303,,,19.846,35.851,20.606,11858.366,11894.217,11914.823,11838.513
2024,Monaco Grand Prix,8,Monaco,Monaco,0 days 01:37:07.701000,BOT,77,0 days 00:42:01.748000,1.0,1.0,,Valtteri Bottas,0 days 00:57:14.608000,,0 days 00:01:03.149000,,,0 days 00:56:42.156000,,155.0,79.0,,108.0,False,HARD,1.0,True,Kick Sauber,0 days 00:55:05.680000,,1254,15.0,False,,False,False,21.6,66.0,1018.9,False,48.4,255,0.6,True,True,True,True,False,False,+28.807,+2.336,28.807,2.336,5827.701,2521.748,3434.608,,,63.149,,,3402.156,,3305.68
2024,Monaco Grand Prix,8,Monaco,Monaco,0 days 01:39:04.059000,BOT,77,0 days 00:01:56.358000,2.0,2.0,0 days 01:37:08.441000,Valtteri Bottas,,0 days 00:00:25.896000,0 days 00:00:38.937000,0 days 00:00:51.525000,0 days 01:37:33.631000,0 days 01:38:12.568000,0 days 01:39:04.093000,190.0,163.0,183.0,234.0,False,MEDIUM,1.0,True,Kick Sauber,0 days 01:37:07.701000,,41,15.0,False,,False,False,21.5,66.0,1018.9,False,48.1,231,0.7,True,False,True,False,False,False,+43.685,+3.125,43.685,3.125,5944.059,116.358,,5828.441,25.896,38.937,51.525,5853.631,5892.568,5944.093,5827.701
2024,Monaco Grand Prix,8,Monaco,Monaco,0 days 01:40:33.802000,BOT,77,0 days 00:01:29.743000,3.0,2.0,,Valtteri Bottas,,0 days 00:00:26.404000,0 days 00:00:41.019000,0 days 00:00:22.320000,0 days 01:39:30.497000,0 days 01:40:11.516000,0 days 01:40:33.836000,170.0,170.0,257.0,282.0,True,MEDIUM,2.0,True,Kick Sauber,0 days 01:39:04.059000,,1,14.0,False,,False,True,21.6,65.0,1018.8,False,49.2,0,0.6,True,False,False,False,False,False,+9.038,+0.478,9.038,0.478,6033.802,89.743,,,26.404,41.019,22.32,5970.497,6011.516,6033.836,5944.059
2024,Monaco Grand Prix,8,Monaco,Monaco,0 days 01:41:57.188000,BOT,77,0 days 00:01:23.386000,4.0,2.0,,Valtteri Bottas,,0 days 00:00:21.552000,0 days 00:00:39.408000,0 days 00:00:22.426000,0 days 01:40:55.388000,0 days 01:41:34.796000,0 days 01:41:57.222000,174.0,174.0,266.0,282.0,True,MEDIUM,3.0,True,Kick Sauber,0 days 01:40:33.802000,,1,14.0,False,,False,True,21.7,63.0,1018.9,False,49.2,0,0.6,True,False,False,False,False,False,+9.799,+0.340,9.799,0.34,6117.188,83.386,,,21.552,39.408,22.426,6055.388,6094.796,6117.222,6033.802
2024,Monaco Grand Prix,8,Monaco,Monaco,0 days 01:43:20.824000,BOT,77,0 days 00:01:23.636000,5.0,2.0,,Valtteri Bottas,,0 days 00:00:22.024000,0 days 00:00:39.360000,0 days 00:00:22.252000,0 days 01:42:19.246000,0 days 01:42:58.606000,0 days 01:43:20.858000,178.0,176.0,267.0,283.0,False,MEDIUM,4.0,True,Kick Sauber,0 days 01:41:57.188000,,1,14.0,False,,False,True,21.6,64.0,1018.9,False,48.2,353,2.0,True,False,False,False,False,False,+11.640,+0.232,11.64,0.232,6200.824,83.636,,,22.024,39.36,22.252,6139.246,6178.606,6200.858,6117.188
2024,Monaco Grand Prix,8,Monaco,Monaco,0 days 01:44:43.692000,BOT,77,0 days 00:01:22.868000,6.0,2.0,,Valtteri Bottas,,0 days 00:00:22.058000,0 days 00:00:38.681000,0 days 00:00:22.129000,0 days 01:43:42.916000,0 days 01:44:21.597000,0 days 01:44:43.726000,179.0,173.0,267.0,284.0,True,MEDIUM,5.0,True,Kick Sauber,0 days 01:43:20.824000,,1,14.0,False,,False,True,21.6,63.0,1018.8,False,48.2,0,1.0,True,False,False,False,False,False,+13.363,+0.352,13.363,0.352,6283.692,82.868,,,22.058,38.681,22.129,6222.916,6261.597,6283.726,6200.824
2024,Monaco Grand Prix,8,Monaco,Monaco,0 days 01:46:06.524000,BOT,77,0 days 00:01:22.832000,7.0,2.0,,Valtteri Bottas,,0 days 00:00:22.041000,0 days 00:00:38.592000,0 days 00:00:22.199000,0 days 01:45:05.767000,0 days 01:45:44.359000,0 days 01:46:06.558000,180.0,176.0,267.0,283.0,True,MEDIUM,6.0,True,Kick Sauber,0 days 01:44:43.692000,,1,14.0,False,,False,True,21.8,64.0,1018.9,False,48.7,6,0.4,True,False,False,False,False,False,+15.215,+0.437,15.215,0.437,6366.524,82.832,,,22.041,38.592,22.199,6305.767,6344.359,6366.558,6283.692
2024,Monaco Grand Prix,8,Monaco,Monaco,0 days 01:47:28.773000,BOT,77,0 days 00:01:22.249000,8.0,2.0,,Valtteri Bottas,,0 days 00:00:21.812000,0 days 00:00:38.218000,0 days 00:00:22.219000,0 days 01:46:28.370000,0 days 01:47:06.588000,0 days 01:47:28.807000,177.0,174.0,269.0,284.0,True,MEDIUM,7.0,True,Kick Sauber,0 days 01:46:06.524000,,1,14.0,False,,False,True,21.9,63.0,1018.9,False,47.9,253,0.9,True,False,False,False,False,False,+16.635,+0.340,16.635,0.34,6448.773,82.249,,,21.812,38.218,22.219,6388.37,6426.588,6448.807,6366.524
2024,Monaco Grand Prix,8,Monaco,Monaco,0 days 01:48:50.488000,BOT,77,0 days 00:01:21.715000,9.0,2.0,,Valtteri Bottas,,0 days 00:00:21.618000,0 days 00:00:37.945000,0 days 00:00:22.152000,0 days 01:47:50.425000,0 days 01:48:28.370000,0 days 01:48:50.522000,194.0,174.0,264.0,281.0,True,MEDIUM,8.0,True,Kick Sauber,0 days 01:47:28.773000,,1,14.0,False,,False,True,22.0,64.0,1018.8,False,47.9,340,1.1,True,False,False,False,False,False,+18.035,+0.440,18.035,0.44,6530.488,81.715,,,21.618,37.945,22.152,6470.425,6508.37,6530.522,6448.773
2024,Monaco Grand Prix,8,Monaco,Monaco,0 days 01:50:12.435000,BOT,77,0 days 00:01:21.947000,10.0,2.0,,Valtteri Bottas,,0 days 00:00:21.679000,0 days 00:00:38.267000,0 days 00:00:22.001000,0 days 01:49:12.201000,0 days 01:49:50.468000,0 days 01:50:12.469000,175.0,176.0,265.0,283.0,False,MEDIUM,9.0,True,Kick Sauber,0 days 01:48:50.488000,,1,14.0,False,,False,True,22.1,65.0,1018.8,False,47.4,289,0.7,True,False,False,False,False,False,+19.207,+0.411,19.207,0.411,6612.435,81.947,,,21.679,38.267,22.001,6552.201,6590.468,6612.469,6530.488
2024,Monaco Grand Prix,8,Monaco,Monaco,0 days 01:51:33.982000,BOT,77,0 days 00:01:21.547000,11.0,2.0,,Valtteri Bottas,,0 days 00:00:21.731000,0 days 00:00:37.814000,0 days 00:00:22.002000,0 days 01:50:34.200000,0 days 01:51:12.014000,0 days 01:51:34.016000,171.0,175.0,265.0,282.0,True,MEDIUM,10.0,True,Kick Sauber,0 days 01:50:12.435000,,1,14.0,False,,False,True,22.2,61.0,1018.9,False,47.9,9,1.3,True,False,False,False,False,False,+19.708,+0.428,19.708,0.428,6693.982,81.547,,,21.731,37.814,22.002,6634.2,6672.014,6694.016,6612.435
2024,Monaco Grand Prix,8,Monaco,Monaco,0 days 01:52:55.310000,BOT,77,0 days 00:01:21.328000,12.0,2.0,,Valtteri Bottas,,0 days 00:00:21.655000,0 days 00:00:37.769000,0 days 00:00:21.904000,0 days 01:51:55.671000,0 days 01:52:33.440000,0 days 01:52:55.344000,185.0,176.0,266.0,281.0,True,MEDIUM,11.0,True,Kick Sauber,0 days 01:51:33.982000,,1,14.0,False,,False,True,22.3,63.0,1018.8,False,47.3,2,0.6,True,False,False,False,False,False,+20.784,+0.479,20.784,0.479,6775.31,81.328,,,21.655,37.769,21.904,6715.671,6753.44,6775.344,6693.982
2024,Monaco Grand Prix,8,Monaco,Monaco,0 days 01:54:16.850000,BOT,77,0 days 00:01:21.540000,13.0,2.0,,Valtteri Bottas,,0 days 00:00:21.584000,0 days 00:00:37.888000,0 days 00:00:22.068000,0 days 01:53:16.928000,0 days 01:53:54.816000,0 days 01:54:16.884000,181.0,174.0,264.0,282.0,False,MEDIUM,12.0,True,Kick Sauber,0 days 01:52:55.310000,,1,14.0,False,,False,True,22.0,62.0,1018.8,False,47.1,0,1.2,True,False,False,False,False,False,+23.307,+0.603,23.307,0.603,6856.85,81.54,,,21.584,37.888,22.068,6796.928,6834.816,6856.884,6775.31
2024,Monaco Grand Prix,8,Monaco,Monaco,0 days 01:55:38.071000,BOT,77,0 days 00:01:21.221000,14.0,2.0,,Valtteri Bottas,,0 days 00:00:21.574000,0 days 00:00:37.928000,0 days 00:00:21.719000,0 days 01:54:38.458000,0 days 01:55:16.386000,0 days 01:55:38.105000,185.0,178.0,265.0,283.0,True,MEDIUM,13.0,True,Kick Sauber,0 days 01:54:16.850000,,1,14.0,False,,False,True,22.0,63.0,1018.7,False,47.1,22,0.5,True,False,False,False,False,False,+24.615,+0.433,24.615,0.433,6938.071,81.221,,,21.574,37.928,21.719,6878.458,6916.386,6938.105,6856.85
2024,Monaco Grand Prix,8,Monaco,Monaco,0 days 01:57:15.970000,BOT,77,0 days 00:01:37.899000,15.0,2.0,,Valtteri Bottas,0 days 01:56:52.474000,0 days 00:00:21.517000,0 days 00:00:38.162000,0 days 00:00:38.220000,0 days 01:55:59.622000,0 days 01:56:37.784000,0 days 01:57:16.004000,191.0,180.0,,281.0,False,MEDIUM,14.0,True,Kick Sauber,0 days 01:55:38.071000,,1,16.0,False,,False,False,22.0,62.0,1018.8,False,47.1,351,1.1,True,False,False,False,False,False,+26.183,+0.677,26.183,0.677,7035.97,97.899,7012.474,,21.517,38.162,38.22,6959.622,6997.784,7036.004,6938.071
2024,Monaco Grand Prix,8,Monaco,Monaco,0 days 01:58:35.982000,BOT,77,0 days 00:01:20.012000,16.0,3.0,0 days 01:57:16.741000,Valtteri Bottas,,0 days 00:00:23.131000,0 days 00:00:36.402000,0 days 00:00:20.479000,0 days 01:57:39.135000,0 days 01:58:15.537000,0 days 01:58:36.016000,195.0,188.0,254.0,274.0,False,HARD,2.0,False,Kick Sauber,0 days 01:57:15.970000,,1,16.0,False,,False,False,21.8,64.0,1018.8,False,46.1,8,1.3,True,False,False,False,False,False,+42.532,+15.061,42.532,15.061,7115.982,80.012,,7036.741,23.131,36.402,20.479,7059.135,7095.537,7116.016,7035.97
2024,Monaco Grand Prix,8,Monaco,Monaco,0 days 01:59:52.543000,BOT,77,0 days 00:01:16.561000,17.0,3.0,,Valtteri Bottas,,0 days 00:00:20.390000,0 days 00:00:35.884000,0 days 00:00:20.287000,0 days 01:58:56.406000,0 days 01:59:32.290000,0 days 01:59:52.577000,203.0,188.0,255.0,275.0,True,HARD,3.0,False,Kick Sauber,0 days 01:58:35.982000,,1,16.0,False,,False,True,21.6,64.0,1018.7,False,46.7,38,1.1,True,False,False,False,False,False,+38.814,+10.643,38.814,10.643,7192.543,76.561,,,20.39,35.884,20.287,7136.406,7172.29,7192.577,7115.982
2024,Monaco Grand Prix,8,Monaco,Monaco,0 days 02:01:09.110000,BOT,77,0 days 00:01:16.567000,18.0,3.0,,Valtteri Bottas,,0 days 00:00:20.228000,0 days 00:00:35.938000,0 days 00:00:20.401000,0 days 02:00:12.805000,0 days 02:00:48.743000,0 days 02:01:09.144000,203.0,188.0,255.0,277.0,False,HARD,4.0,False,Kick Sauber,0 days 01:59:52.543000,,1,16.0,False,,False,True,21.7,63.0,1018.7,False,47.2,101,0.8,True,False,False,False,False,False,+35.801,+6.299,35.801,6.299,7269.11,76.567,,,20.228,35.938,20.401,7212.805,7248.743,7269.144,7192.543
2024,Monaco Grand Prix,8,Monaco,Monaco,0 days 02:02:26.939000,BOT,77,0 days 00:01:17.829000,19.0,3.0,,Valtteri Bottas,,0 days 00:00:20.158000,0 days 00:00:36.855000,0 days 00:00:20.816000,0 days 02:01:29.302000,0 days 02:02:06.157000,0 days 02:02:26.973000,205.0,183.0,256.0,279.0,False,HARD,5.0,False,Kick Sauber,0 days 02:01:09.110000,,1,16.0,True,TRACK LIMITS AT TURN 10 LAP 19 ,False,True,21.9,61.0,1018.8,False,46.6,36,1.3,True,False,False,False,False,False,+34.788,+2.708,34.788,2.708,7346.939,77.829,,,20.158,36.855,20.816,7289.302,7326.157,7346.973,7269.11
2024,Monaco Grand Prix,8,Monaco,Monaco,0 days 02:03:46.063000,BOT,77,0 days 00:01:19.124000,20.0,3.0,,Valtteri Bottas,,0 days 00:00:20.653000,0 days 00:00:37.120000,0 days 00:00:21.351000,0 days 02:02:47.626000,0 days 02:03:24.746000,0 days 02:03:46.097000,198.0,179.0,264.0,280.0,False,HARD,6.0,False,Kick Sauber,0 days 02:02:26.939000,,1,16.0,False,,False,True,21.9,62.0,1018.8,False,45.8,337,0.9,True,False,False,False,False,False,+35.188,+0.928,35.188,0.928,7426.063,79.124,,,20.653,37.12,21.351,7367.626,7404.746,7426.097,7346.939
2024,Monaco Grand Prix,8,Monaco,Monaco,0 days 02:05:06.525000,BOT,77,0 days 00:01:20.462000,21.0,3.0,,Valtteri Bottas,,0 days 00:00:20.932000,0 days 00:00:37.656000,0 days 00:00:21.874000,0 days 02:04:07.029000,0 days 02:04:44.685000,0 days 02:05:06.559000,187.0,179.0,266.0,282.0,False,HARD,7.0,False,Kick Sauber,0 days 02:03:46.063000,,1,16.0,False,,False,True,21.9,64.0,1018.7,False,45.8,0,1.3,True,False,False,False,False,False,+37.178,+0.721,37.178,0.721,7506.525,80.462,,,20.932,37.656,21.874,7447.029,7484.685,7506.559,7426.063
2024,Monaco Grand Prix,8,Monaco,Monaco,0 days 02:06:27.547000,BOT,77,0 days 00:01:21.022000,22.0,3.0,,Valtteri Bottas,,0 days 00:00:21.302000,0 days 00:00:38.132000,0 days 00:00:21.588000,0 days 02:05:27.861000,0 days 02:06:05.993000,0 days 02:06:27.581000,187.0,179.0,266.0,278.0,False,HARD,8.0,False,Kick Sauber,0 days 02:05:06.525000,,1,16.0,False,,False,True,21.8,65.0,1018.8,False,45.9,198,0.5,True,False,False,False,False,False,+39.654,+0.634,39.654,0.634,7587.547,81.022,,,21.302,38.132,21.588,7527.861,7565.993,7587.581,7506.525
2024,Monaco Grand Prix,8,Monaco,Monaco,0 days 02:07:48.297000,BOT,77,0 days 00:01:20.750000,23.0,3.0,,Valtteri Bottas,,0 days 00:00:21.340000,0 days 00:00:37.860000,0 days 00:00:21.550000,0 days 02:06:48.921000,0 days 02:07:26.781000,0 days 02:07:48.331000,186.0,178.0,266.0,281.0,False,HARD,9.0,False,Kick Sauber,0 days 02:06:27.547000,,1,16.0,False,,False,True,21.7,63.0,1018.7,False,46.1,356,1.1,True,False,False,False,False,False,+41.923,+0.591,41.923,0.591,7668.297,80.75,,,21.34,37.86,21.55,7608.921,7646.781,7668.331,7587.547
2024,Monaco Grand Prix,8,Monaco,Monaco,0 days 02:09:08.861000,BOT,77,0 days 00:01:20.564000,24.0,3.0,,Valtteri Bottas,,0 days 00:00:21.134000,0 days 00:00:37.742000,0 days 00:00:21.688000,0 days 02:08:09.465000,0 days 02:08:47.207000,0 days 02:09:08.895000,184.0,176.0,265.0,279.0,False,HARD,10.0,False,Kick Sauber,0 days 02:07:48.297000,,1,16.0,False,,False,True,21.8,64.0,1018.7,False,46.3,272,1.4,True,False,False,False,False,False,+43.774,+0.802,43.774,0.802,7748.861,80.564,,,21.134,37.742,21.688,7689.465,7727.207,7748.895,7668.297
2024,Monaco Grand Prix,8,Monaco,Monaco,0 days 02:10:29.644000,BOT,77,0 days 00:01:20.783000,25.0,3.0,,Valtteri Bottas,,0 days 00:00:21.287000,0 days 00:00:37.715000,0 days 00:00:21.781000,0 days 02:09:30.182000,0 days 02:10:07.897000,0 days 02:10:29.678000,184.0,180.0,265.0,280.0,False,HARD,11.0,False,Kick Sauber,0 days 02:09:08.861000,,1,16.0,False,,False,True,21.7,62.0,1018.6,False,45.7,325,1.3,True,False,False,False,False,False,+45.521,+0.855,45.521,0.855,7829.644,80.783,,,21.287,37.715,21.781,7770.182,7807.897,7829.678,7748.861
2024,Monaco Grand Prix,8,Monaco,Monaco,0 days 02:11:50.495000,BOT,77,0 days 00:01:20.851000,26.0,3.0,,Valtteri Bottas,,0 days 00:00:21.321000,0 days 00:00:38.060000,0 days 00:00:21.470000,0 days 02:10:50.999000,0 days 02:11:29.059000,0 days 02:11:50.529000,181.0,179.0,265.0,280.0,False,HARD,12.0,False,Kick Sauber,0 days 02:10:29.644000,,1,16.0,False,,False,True,21.8,64.0,1018.5,False,46.0,23,0.7,True,False,False,False,False,False,+47.927,+0.837,47.927,0.837,7910.495,80.851,,,21.321,38.06,21.47,7850.999,7889.059,7910.529,7829.644
2024,Monaco Grand Prix,8,Monaco,Monaco,0 days 02:13:11.865000,BOT,77,0 days 00:01:21.370000,27.0,3.0,,Valtteri Bottas,,0 days 00:00:21.378000,0 days 00:00:38.235000,0 days 00:00:21.757000,0 days 02:12:11.907000,0 days 02:12:50.142000,0 days 02:13:11.899000,181.0,177.0,264.0,275.0,False,HARD,13.0,False,Kick Sauber,0 days 02:11:50.495000,,1,16.0,False,,False,True,21.9,63.0,1018.6,False,46.0,296,0.6,True,False,False,False,False,False,+50.967,+0.850,50.967,0.85,7991.865,81.37,,,21.378,38.235,21.757,7931.907,7970.142,7991.899,7910.495
2024,Monaco Grand Prix,8,Monaco,Monaco,0 days 02:14:33.630000,BOT,77,0 days 00:01:21.765000,28.0,3.0,,Valtteri Bottas,,0 days 00:00:21.320000,0 days 00:00:38.759000,0 days 00:00:21.686000,0 days 02:13:33.219000,0 days 02:14:11.978000,0 days 02:14:33.664000,185.0,175.0,258.0,267.0,False,HARD,14.0,False,Kick Sauber,0 days 02:13:11.865000,,1,16.0,False,,False,True,22.0,63.0,1018.5,False,45.6,215,1.7,True,False,False,False,False,False,+54.001,+1.163,54.001,1.163,8073.63,81.765,,,21.32,38.759,21.686,8013.219,8051.978,8073.664,7991.865
2024,Monaco Grand Prix,8,Monaco,Monaco,0 days 02:15:54.487000,BOT,77,0 days 00:01:20.857000,29.0,3.0,,Valtteri Bottas,,0 days 00:00:21.182000,0 days 00:00:38.157000,0 days 00:00:21.518000,0 days 02:14:54.846000,0 days 02:15:33.003000,0 days 02:15:54.521000,177.0,178.0,267.0,280.0,False,HARD,15.0,False,Kick Sauber,0 days 02:14:33.630000,,1,16.0,False,,False,True,22.0,62.0,1018.5,False,45.9,220,0.9,True,False,False,False,False,False,+55.805,+0.682,55.805,0.682,8154.487,80.857,,,21.182,38.157,21.518,8094.846,8133.003,8154.521,8073.63
2024,Monaco Grand Prix,8,Monaco,Monaco,0 days 02:17:15.957000,BOT,77,0 days 00:01:21.470000,30.0,3.0,,Valtteri Bottas,,0 days 00:00:21.597000,0 days 00:00:38.180000,0 days 00:00:21.693000,0 days 02:16:16.118000,0 days 02:16:54.298000,0 days 02:17:15.991000,181.0,179.0,264.0,276.0,False,HARD,16.0,False,Kick Sauber,0 days 02:15:54.487000,,1,16.0,False,,False,True,22.0,61.0,1018.6,False,46.4,265,0.6,True,False,False,False,False,False,+57.340,+1.108,57.34,1.108,8235.957,81.47,,,21.597,38.18,21.693,8176.118,8214.298,8235.991,8154.487
2024,Monaco Grand Prix,8,Monaco,Monaco,0 days 02:18:36.709000,BOT,77,0 days 00:01:20.752000,31.0,3.0,,Valtteri Bottas,,0 days 00:00:21.297000,0 days 00:00:37.990000,0 days 00:00:21.465000,0 days 02:17:37.288000,0 days 02:18:15.278000,0 days 02:18:36.743000,176.0,179.0,259.0,279.0,False,HARD,17.0,False,Kick Sauber,0 days 02:17:15.957000,,1,16.0,False,,False,True,22.0,61.0,1018.6,False,45.5,237,0.9,True,False,False,False,False,False,+59.699,+1.054,59.699,1.054,8316.709,80.752,,,21.297,37.99,21.465,8257.288,8295.278,8316.743,8235.957
2024,Monaco Grand Prix,8,Monaco,Monaco,0 days 02:19:57.367000,BOT,77,0 days 00:01:20.658000,32.0,3.0,,Valtteri Bottas,,0 days 00:00:21.194000,0 days 00:00:38.049000,0 days 00:00:21.415000,0 days 02:18:57.937000,0 days 02:19:35.986000,0 days 02:19:57.401000,183.0,181.0,267.0,278.0,False,HARD,18.0,False,Kick Sauber,0 days 02:18:36.709000,,1,16.0,False,,False,True,21.9,62.0,1018.5,False,45.6,245,1.0,True,False,False,False,False,False,+61.232,+0.930,61.232,0.93,8397.367,80.658,,,21.194,38.049,21.415,8337.937,8375.986,8397.401,8316.709
2024,Monaco Grand Prix,8,Monaco,Monaco,0 days 02:21:17.892000,BOT,77,0 days 00:01:20.525000,33.0,3.0,,Valtteri Bottas,,0 days 00:00:21.168000,0 days 00:00:37.732000,0 days 00:00:21.625000,0 days 02:20:18.569000,0 days 02:20:56.301000,0 days 02:21:17.926000,183.0,179.0,266.0,279.0,False,HARD,19.0,False,Kick Sauber,0 days 02:19:57.367000,,1,16.0,False,,False,True,22.0,61.0,1018.5,False,45.9,268,1.0,True,False,False,False,False,False,+63.263,+0.778,63.263,0.778,8477.892,80.525,,,21.168,37.732,21.625,8418.569,8456.301,8477.926,8397.367
2024,Monaco Grand Prix,8,Monaco,Monaco,0 days 02:22:38.795000,BOT,77,0 days 00:01:20.903000,34.0,3.0,,Valtteri Bottas,,0 days 00:00:21.158000,0 days 00:00:37.737000,0 days 00:00:22.008000,0 days 02:21:39.084000,0 days 02:22:16.821000,0 days 02:22:38.829000,181.0,180.0,264.0,279.0,False,HARD,20.0,False,Kick Sauber,0 days 02:21:17.892000,,1,16.0,False,,False,True,22.0,62.0,1018.6,False,45.1,0,0.9,True,False,False,False,False,False,+64.847,+0.945,64.847,0.945,8558.795,80.903,,,21.158,37.737,22.008,8499.084,8536.821,8558.829,8477.892
2024,Monaco Grand Prix,8,Monaco,Monaco,0 days 02:23:59.049000,BOT,77,0 days 00:01:20.254000,35.0,3.0,,Valtteri Bottas,,0 days 00:00:21.490000,0 days 00:00:37.533000,0 days 00:00:21.231000,0 days 02:23:00.319000,0 days 02:23:37.852000,0 days 02:23:59.083000,180.0,181.0,266.0,280.0,False,HARD,21.0,False,Kick Sauber,0 days 02:22:38.795000,,1,16.0,False,,False,True,21.9,65.0,1018.6,False,44.5,358,0.6,True,False,False,False,False,False,+66.637,+0.798,66.637,0.798,8639.049,80.254,,,21.49,37.533,21.231,8580.319,8617.852,8639.083,8558.795
2024,Monaco Grand Prix,8,Monaco,Monaco,0 days 02:25:20.245000,BOT,77,0 days 00:01:21.196000,36.0,3.0,,Valtteri Bottas,,0 days 00:00:21.252000,0 days 00:00:38.201000,0 days 00:00:21.743000,0 days 02:24:20.335000,0 days 02:24:58.536000,0 days 02:25:20.279000,176.0,178.0,265.0,278.0,False,HARD,22.0,False,Kick Sauber,0 days 02:23:59.049000,,1,16.0,False,,False,True,21.7,63.0,1018.5,False,44.4,305,1.5,True,False,False,False,False,False,+69.132,+1.002,69.132,1.002,8720.245,81.196,,,21.252,38.201,21.743,8660.335,8698.536,8720.279,8639.049
2024,Monaco Grand Prix,8,Monaco,Monaco,0 days 02:26:41.631000,BOT,77,0 days 00:01:21.386000,37.0,3.0,,Valtteri Bottas,,0 days 00:00:21.278000,0 days 00:00:38.735000,0 days 00:00:21.373000,0 days 02:25:41.557000,0 days 02:26:20.292000,0 days 02:26:41.665000,176.0,177.0,260.0,272.0,False,HARD,23.0,False,Kick Sauber,0 days 02:25:20.245000,,1,16.0,False,,False,True,21.8,63.0,1018.5,False,44.5,271,1.0,True,False,False,False,False,False,+71.548,+0.890,71.548,0.89,8801.631,81.386,,,21.278,38.735,21.373,8741.557,8780.292,8801.665,8720.245
2024,Monaco Grand Prix,8,Monaco,Monaco,0 days 02:28:02.579000,BOT,77,0 days 00:01:20.948000,38.0,3.0,,Valtteri Bottas,,0 days 00:00:21.290000,0 days 00:00:38.072000,0 days 00:00:21.586000,0 days 02:27:02.955000,0 days 02:27:41.027000,0 days 02:28:02.613000,176.0,179.0,267.0,274.0,False,HARD,24.0,False,Kick Sauber,0 days 02:26:41.631000,,1,16.0,False,,False,True,21.8,62.0,1018.6,False,44.8,169,0.7,True,False,False,False,False,False,+73.959,+0.832,73.959,0.832,8882.579,80.948,,,21.29,38.072,21.586,8822.955,8861.027,8882.613,8801.631
2024,Monaco Grand Prix,8,Monaco,Monaco,0 days 02:29:25.751000,BOT,77,0 days 00:01:23.172000,39.0,3.0,,Valtteri Bottas,,0 days 00:00:21.351000,0 days 00:00:38.707000,0 days 00:00:23.114000,0 days 02:28:23.964000,0 days 02:29:02.671000,0 days 02:29:25.785000,178.0,172.0,232.0,278.0,False,HARD,25.0,False,Kick Sauber,0 days 02:28:02.579000,,1,16.0,False,,False,True,21.9,61.0,1018.6,False,44.4,269,0.8,True,False,False,False,False,False,1 L,+2.771,,2.771,8965.751,83.172,,,21.351,38.707,23.114,8903.964,8942.671,8965.785,8882.579
2024,Monaco Grand Prix,8,Monaco,Monaco,0 days 02:30:49.342000,BOT,77,0 days 00:01:23.591000,40.0,3.0,,Valtteri Bottas,,0 days 00:00:25.699000,0 days 00:00:36.982000,0 days 00:00:20.910000,0 days 02:29:51.484000,0 days 02:30:28.466000,0 days 02:30:49.376000,184.0,184.0,261.0,281.0,False,HARD,26.0,False,Kick Sauber,0 days 02:29:25.751000,,1,16.0,False,,False,True,22.0,60.0,1018.5,False,44.4,111,0.8,True,False,False,False,False,False,1 L,+1.393,,1.393,9049.342,83.591,,,25.699,36.982,20.91,8991.484,9028.466,9049.376,8965.751
2024,Monaco Grand Prix,8,Monaco,Monaco,0 days 02:32:09.572000,BOT,77,0 days 00:01:20.230000,41.0,3.0,,Valtteri Bottas,,0 days 00:00:20.840000,0 days 00:00:37.609000,0 days 00:00:21.781000,0 days 02:31:10.216000,0 days 02:31:47.825000,0 days 02:32:09.606000,184.0,176.0,267.0,282.0,False,HARD,27.0,False,Kick Sauber,0 days 02:30:49.342000,,1,16.0,False,,False,True,22.0,62.0,1018.4,False,44.4,30,0.5,True,False,False,False,False,False,1 L,+0.496,,0.496,9129.572,80.23,,,20.84,37.609,21.781,9070.216,9107.825,9129.606,9049.342
2024,Monaco Grand Prix,8,Monaco,Monaco,0 days 02:33:31.681000,BOT,77,0 days 00:01:22.109000,42.0,3.0,,Valtteri Bottas,,0 days 00:00:21.522000,0 days 00:00:38.992000,0 days 00:00:21.595000,0 days 02:32:31.128000,0 days 02:33:10.120000,0 days 02:33:31.715000,166.0,177.0,267.0,280.0,False,HARD,28.0,False,Kick Sauber,0 days 02:32:09.572000,,1,16.0,False,,False,True,21.9,59.0,1018.5,False,44.8,0,0.9,True,False,False,False,False,False,1 L,+0.627,,0.627,9211.681,82.109,,,21.522,38.992,21.595,9151.128,9190.12,9211.715,9129.572
2024,Monaco Grand Prix,8,Monaco,Monaco,0 days 02:34:52.593000,BOT,77,0 days 00:01:20.912000,43.0,3.0,,Valtteri Bottas,,0 days 00:00:21.295000,0 days 00:00:37.891000,0 days 00:00:21.726000,0 days 02:33:53.010000,0 days 02:34:30.901000,0 days 02:34:52.627000,185.0,178.0,266.0,282.0,False,HARD,29.0,False,Kick Sauber,0 days 02:33:31.681000,,1,16.0,False,,False,True,21.9,59.0,1018.6,False,44.8,227,1.0,True,False,False,False,False,False,1 L,+0.982,,0.982,9292.593,80.912,,,21.295,37.891,21.726,9233.01,9270.901,9292.627,9211.681
2024,Monaco Grand Prix,8,Monaco,Monaco,0 days 02:36:12.365000,BOT,77,0 days 00:01:19.772000,44.0,3.0,,Valtteri Bottas,,0 days 00:00:20.988000,0 days 00:00:37.634000,0 days 00:00:21.150000,0 days 02:35:13.615000,0 days 02:35:51.249000,0 days 02:36:12.399000,191.0,182.0,259.0,282.0,False,HARD,30.0,False,Kick Sauber,0 days 02:34:52.593000,,1,16.0,False,,False,True,22.0,58.0,1018.5,False,44.5,192,0.5,True,False,False,False,False,False,1 L,+1.073,,1.073,9372.365,79.772,,,20.988,37.634,21.15,9313.615,9351.249,9372.399,9292.593
2024,Monaco Grand Prix,8,Monaco,Monaco,0 days 02:37:32.408000,BOT,77,0 days 00:01:20.043000,45.0,3.0,,Valtteri Bottas,,0 days 00:00:20.596000,0 days 00:00:37.595000,0 days 00:00:21.852000,0 days 02:36:32.995000,0 days 02:37:10.590000,0 days 02:37:32.442000,199.0,177.0,268.0,283.0,False,HARD,31.0,False,Kick Sauber,0 days 02:36:12.365000,,1,16.0,False,,False,True,21.9,57.0,1018.3,False,44.5,203,1.8,True,False,False,False,False,False,1 L,+0.501,,0.501,9452.408,80.043,,,20.596,37.595,21.852,9392.995,9430.59,9452.442,9372.365
2024,Monaco Grand Prix,8,Monaco,Monaco,0 days 02:38:52.825000,BOT,77,0 days 00:01:20.417000,46.0,3.0,,Valtteri Bottas,,0 days 00:00:21.056000,0 days 00:00:38.040000,0 days 00:00:21.321000,0 days 02:37:53.498000,0 days 02:38:31.538000,0 days 02:38:52.859000,180.0,180.0,267.0,278.0,False,HARD,32.0,False,Kick Sauber,0 days 02:37:32.408000,,1,16.0,False,,False,True,22.0,58.0,1018.4,False,44.5,276,1.8,True,False,False,False,False,False,1 L,+0.772,,0.772,9532.825,80.417,,,21.056,38.04,21.321,9473.498,9511.538,9532.859,9452.408
2024,Monaco Grand Prix,8,Monaco,Monaco,0 days 02:40:15.794000,BOT,77,0 days 00:01:22.969000,47.0,3.0,,Valtteri Bottas,,0 days 00:00:21.815000,0 days 00:00:40.364000,0 days 00:00:20.790000,0 days 02:39:14.674000,0 days 02:39:55.038000,0 days 02:40:15.828000,96.0,186.0,267.0,281.0,False,HARD,33.0,False,Kick Sauber,0 days 02:38:52.825000,,1,16.0,False,,False,True,22.0,57.0,1018.5,False,43.8,205,0.7,True,False,False,False,False,False,1 L,+3.666,,3.666,9615.794,82.969,,,21.815,40.364,20.79,9554.674,9595.038,9615.828,9532.825
2024,Monaco Grand Prix,8,Monaco,Monaco,0 days 02:41:36.356000,BOT,77,0 days 00:01:20.562000,48.0,3.0,,Valtteri Bottas,,0 days 00:00:20.614000,0 days 00:00:36.907000,0 days 00:00:23.041000,0 days 02:40:36.442000,0 days 02:41:13.349000,0 days 02:41:36.390000,189.0,185.0,266.0,282.0,False,HARD,34.0,False,Kick Sauber,0 days 02:40:15.794000,,1,15.0,False,,False,True,22.0,57.0,1018.4,False,43.7,0,1.7,True,False,False,False,False,False,1 L,+1.747,,1.747,9696.356,80.562,,,20.614,36.907,23.041,9636.442,9673.349,9696.39,9615.794
2024,Monaco Grand Prix,8,Monaco,Monaco,0 days 02:42:57.174000,BOT,77,0 days 00:01:20.818000,49.0,3.0,,Valtteri Bottas,,0 days 00:00:21,0 days 00:00:38.430000,0 days 00:00:21.388000,0 days 02:41:57.390000,0 days 02:42:35.820000,0 days 02:42:57.208000,166.0,176.0,268.0,286.0,False,HARD,35.0,False,Kick Sauber,0 days 02:41:36.356000,,1,15.0,False,,False,True,21.9,58.0,1018.5,False,43.7,354,1.0,True,False,False,False,False,False,1 L,+0.431,,0.431,9777.174,80.818,,,21.0,38.43,21.388,9717.39,9755.82,9777.208,9696.356
2024,Monaco Grand Prix,8,Monaco,Monaco,0 days 02:44:17.413000,BOT,77,0 days 00:01:20.239000,50.0,3.0,,Valtteri Bottas,,0 days 00:00:21.110000,0 days 00:00:37.782000,0 days 00:00:21.347000,0 days 02:43:18.318000,0 days 02:43:56.100000,0 days 02:44:17.447000,187.0,181.0,266.0,284.0,False,HARD,36.0,False,Kick Sauber,0 days 02:42:57.174000,,1,14.0,False,,False,True,21.8,58.0,1018.6,False,43.0,200,0.7,True,False,False,False,False,False,1 L,+0.310,,0.31,9857.413,80.239,,,21.11,37.782,21.347,9798.318,9836.1,9857.447,9777.174
2024,Monaco Grand Prix,8,Monaco,Monaco,0 days 02:45:34.618000,BOT,77,0 days 00:01:17.205000,51.0,3.0,,Valtteri Bottas,,0 days 00:00:20.383000,0 days 00:00:36.319000,0 days 00:00:20.503000,0 days 02:44:37.830000,0 days 02:45:14.149000,0 days 02:45:34.652000,198.0,187.0,257.0,278.0,False,HARD,37.0,False,Kick Sauber,0 days 02:44:17.413000,,12,13.0,False,,False,True,21.8,57.0,1018.5,False,43.2,52,1.0,True,True,False,False,False,False,1 L,+5.464,,5.464,9934.618,77.205,,,20.383,36.319,20.503,9877.83,9914.149,9934.652,9857.413
2024,Monaco Grand Prix,8,Monaco,Monaco,0 days 02:46:51.820000,BOT,77,0 days 00:01:17.202000,52.0,3.0,,Valtteri Bottas,,0 days 00:00:20.149000,0 days 00:00:36.375000,0 days 00:00:20.678000,0 days 02:45:54.801000,0 days 02:46:31.176000,0 days 02:46:51.854000,203.0,187.0,259.0,278.0,False,HARD,38.0,False,Kick Sauber,0 days 02:45:34.618000,,1,13.0,False,,False,True,21.9,58.0,1018.5,False,43.2,321,0.8,True,False,False,False,False,False,1 L,+1.941,,1.941,10011.82,77.202,,,20.149,36.375,20.678,9954.801,9991.176,10011.854,9934.618
2024,Monaco Grand Prix,8,Monaco,Monaco,0 days 02:48:10.276000,BOT,77,0 days 00:01:18.456000,53.0,3.0,,Valtteri Bottas,,0 days 00:00:20.365000,0 days 00:00:36.897000,0 days 00:00:21.194000,0 days 02:47:12.219000,0 days 02:47:49.116000,0 days 02:48:10.310000,199.0,180.0,269.0,281.0,False,HARD,39.0,False,Kick Sauber,0 days 02:46:51.820000,,1,13.0,False,,False,True,21.9,59.0,1018.6,False,43.0,228,1.1,True,False,False,False,False,False,1 L,+0.318,,0.318,10090.276,78.456,,,20.365,36.897,21.194,10032.219,10069.116,10090.31,10011.82
2024,Monaco Grand Prix,8,Monaco,Monaco,0 days 02:49:29.679000,BOT,77,0 days 00:01:19.403000,54.0,3.0,,Valtteri Bottas,,0 days 00:00:21.010000,0 days 00:00:37.292000,0 days 00:00:21.101000,0 days 02:48:31.320000,0 days 02:49:08.612000,0 days 02:49:29.713000,185.0,183.0,268.0,282.0,False,HARD,40.0,False,Kick Sauber,0 days 02:48:10.276000,,1,13.0,False,,False,True,21.7,59.0,1018.4,False,42.5,0,1.1,True,False,False,False,False,False,1 L,+0.545,,0.545,10169.679,79.403,,,21.01,37.292,21.101,10111.32,10148.612,10169.713,10090.276
2024,Monaco Grand Prix,8,Monaco,Monaco,0 days 02:50:50.054000,BOT,77,0 days 00:01:20.375000,55.0,3.0,,Valtteri Bottas,,0 days 00:00:20.934000,0 days 00:00:37.504000,0 days 00:00:21.937000,0 days 02:49:50.647000,0 days 02:50:28.151000,0 days 02:50:50.088000,189.0,183.0,215.0,281.0,False,HARD,41.0,False,Kick Sauber,0 days 02:49:29.679000,,1,13.0,False,,False,True,21.7,60.0,1018.4,False,42.4,59,0.9,True,False,False,False,False,False,1 L,+0.854,,0.854,10250.054,80.375,,,20.934,37.504,21.937,10190.647,10228.151,10250.088,10169.679
2024,Monaco Grand Prix,8,Monaco,Monaco,0 days 02:52:11.711000,BOT,77,0 days 00:01:21.657000,56.0,3.0,,Valtteri Bottas,,0 days 00:00:20.934000,0 days 00:00:39.910000,0 days 00:00:20.813000,,0 days 02:51:50.932000,0 days 02:52:11.745000,184.0,175.0,261.0,284.0,False,HARD,42.0,False,Kick Sauber,0 days 02:50:50.054000,,1,13.0,False,,False,True,21.6,60.0,1018.4,False,42.2,140,0.8,True,False,False,False,False,False,1 L,+1.939,,1.939,10331.711,81.657,,,20.934,39.91,20.813,,10310.932,10331.745,10250.054
2024,Monaco Grand Prix,8,Monaco,Monaco,0 days 02:53:30.705000,BOT,77,0 days 00:01:18.994000,57.0,3.0,,Valtteri Bottas,,0 days 00:00:20.852000,0 days 00:00:37.066000,0 days 00:00:21.076000,0 days 02:52:32.597000,0 days 02:53:09.663000,0 days 02:53:30.739000,192.0,184.0,268.0,283.0,False,HARD,43.0,False,Kick Sauber,0 days 02:52:11.711000,,1,13.0,False,,False,True,21.8,60.0,1018.5,False,42.2,30,1.2,True,False,False,False,False,False,1 L,+0.435,,0.435,10410.705,78.994,,,20.852,37.066,21.076,10352.597,10389.663,10410.739,10331.711
2024,Monaco Grand Prix,8,Monaco,Monaco,0 days 02:54:49.985000,BOT,77,0 days 00:01:19.280000,58.0,3.0,,Valtteri Bottas,,0 days 00:00:20.765000,0 days 00:00:37.415000,0 days 00:00:21.100000,0 days 02:53:51.504000,0 days 02:54:28.919000,0 days 02:54:50.019000,194.0,183.0,267.0,282.0,False,HARD,44.0,False,Kick Sauber,0 days 02:53:30.705000,,1,13.0,False,,False,True,21.6,61.0,1018.4,False,41.9,9,1.1,True,False,False,False,False,False,1 L,+0.596,,0.596,10489.985,79.28,,,20.765,37.415,21.1,10431.504,10468.919,10490.019,10410.705
2024,Monaco Grand Prix,8,Monaco,Monaco,0 days 02:56:08.984000,BOT,77,0 days 00:01:18.999000,59.0,3.0,,Valtteri Bottas,,0 days 00:00:20.786000,0 days 00:00:37.292000,0 days 00:00:20.921000,0 days 02:55:10.805000,0 days 02:55:48.097000,0 days 02:56:09.018000,191.0,184.0,268.0,282.0,False,HARD,45.0,False,Kick Sauber,0 days 02:54:49.985000,,1,13.0,False,,False,True,21.5,61.0,1018.5,False,42.3,284,0.5,True,False,False,False,False,False,1 L,+0.650,,0.65,10568.984,78.999,,,20.786,37.292,20.921,10510.805,10548.097,10569.018,10489.985
2024,Monaco Grand Prix,8,Monaco,Monaco,0 days 02:57:28.053000,BOT,77,0 days 00:01:19.069000,60.0,3.0,,Valtteri Bottas,,0 days 00:00:20.849000,0 days 00:00:37.273000,0 days 00:00:20.947000,0 days 02:56:29.867000,0 days 02:57:07.140000,0 days 02:57:28.087000,188.0,184.0,269.0,282.0,False,HARD,46.0,False,Kick Sauber,0 days 02:56:08.984000,,1,13.0,False,,False,True,21.6,60.0,1018.4,False,42.0,241,0.9,True,False,False,False,False,False,1 L,+0.550,,0.55,10648.053,79.069,,,20.849,37.273,20.947,10589.867,10627.14,10648.087,10568.984
2024,Monaco Grand Prix,8,Monaco,Monaco,0 days 02:58:46.676000,BOT,77,0 days 00:01:18.623000,61.0,3.0,,Valtteri Bottas,,0 days 00:00:20.646000,0 days 00:00:37.139000,0 days 00:00:20.838000,0 days 02:57:48.733000,0 days 02:58:25.872000,0 days 02:58:46.710000,195.0,184.0,270.0,283.0,False,HARD,47.0,False,Kick Sauber,0 days 02:57:28.053000,,1,13.0,False,,False,True,21.8,59.0,1018.4,False,42.0,264,1.2,True,False,False,False,False,False,1 L,+0.350,,0.35,10726.676,78.623,,,20.646,37.139,20.838,10668.733,10705.872,10726.71,10648.053
2024,Monaco Grand Prix,8,Monaco,Monaco,0 days 03:00:05.640000,BOT,77,0 days 00:01:18.964000,62.0,3.0,,Valtteri Bottas,,0 days 00:00:20.844000,0 days 00:00:37.164000,0 days 00:00:20.956000,0 days 02:59:07.554000,0 days 02:59:44.718000,0 days 03:00:05.674000,191.0,181.0,269.0,283.0,False,HARD,48.0,False,Kick Sauber,0 days 02:58:46.676000,,1,13.0,False,,False,True,22.0,60.0,1018.5,False,42.0,284,0.8,True,False,False,False,False,False,1 L,+0.397,,0.397,10805.64,78.964,,,20.844,37.164,20.956,10747.554,10784.718,10805.674,10726.676
2024,Monaco Grand Prix,8,Monaco,Monaco,0 days 03:01:24.664000,BOT,77,0 days 00:01:19.024000,63.0,3.0,,Valtteri Bottas,,0 days 00:00:20.788000,0 days 00:00:36.997000,0 days 00:00:21.239000,0 days 03:00:26.462000,0 days 03:01:03.459000,0 days 03:01:24.698000,200.0,183.0,269.0,282.0,False,HARD,49.0,False,Kick Sauber,0 days 03:00:05.640000,,1,13.0,False,,False,True,21.9,60.0,1018.4,False,42.0,215,0.9,True,False,False,False,False,False,1 L,+0.654,,0.654,10884.664,79.024,,,20.788,36.997,21.239,10826.462,10863.459,10884.698,10805.64
2024,Monaco Grand Prix,8,Monaco,Monaco,0 days 03:02:43.195000,BOT,77,0 days 00:01:18.531000,64.0,3.0,,Valtteri Bottas,,0 days 00:00:20.483000,0 days 00:00:36.993000,0 days 00:00:21.055000,0 days 03:01:45.181000,0 days 03:02:22.174000,0 days 03:02:43.229000,203.0,183.0,269.0,281.0,False,HARD,50.0,False,Kick Sauber,0 days 03:01:24.664000,,1,13.0,False,,False,True,21.9,59.0,1018.4,False,41.7,283,1.2,True,False,False,False,False,False,1 L,+0.450,,0.45,10963.195,78.531,,,20.483,36.993,21.055,10905.181,10942.174,10963.229,10884.664
2024,Monaco Grand Prix,8,Monaco,Monaco,0 days 03:04:01.837000,BOT,77,0 days 00:01:18.642000,65.0,3.0,,Valtteri Bottas,,0 days 00:00:20.564000,0 days 00:00:37.167000,0 days 00:00:20.911000,0 days 03:03:03.793000,0 days 03:03:40.960000,0 days 03:04:01.871000,191.0,183.0,270.0,281.0,False,HARD,51.0,False,Kick Sauber,0 days 03:02:43.195000,,1,13.0,False,,False,True,22.0,59.0,1018.3,False,41.7,325,1.7,True,False,False,False,False,False,1 L,+0.470,,0.47,11041.837,78.642,,,20.564,37.167,20.911,10983.793,11020.96,11041.871,10963.195
2024,Monaco Grand Prix,8,Monaco,Monaco,0 days 03:05:20.220000,BOT,77,0 days 00:01:18.383000,66.0,3.0,,Valtteri Bottas,,0 days 00:00:20.511000,0 days 00:00:36.989000,0 days 00:00:20.883000,0 days 03:04:22.382000,0 days 03:04:59.371000,0 days 03:05:20.254000,192.0,182.0,269.0,281.0,False,HARD,52.0,False,Kick Sauber,0 days 03:04:01.837000,,1,13.0,False,,False,True,21.8,60.0,1018.4,False,40.9,14,0.7,True,False,False,False,False,False,1 L,+0.497,,0.497,11120.22,78.383,,,20.511,36.989,20.883,11062.382,11099.371,11120.254,11041.837
2024,Monaco Grand Prix,8,Monaco,Monaco,0 days 03:06:38.687000,BOT,77,0 days 00:01:18.467000,67.0,3.0,,Valtteri Bottas,,0 days 00:00:20.673000,0 days 00:00:37.024000,0 days 00:00:20.770000,0 days 03:05:40.927000,0 days 03:06:17.951000,0 days 03:06:38.721000,189.0,185.0,268.0,280.0,False,HARD,53.0,False,Kick Sauber,0 days 03:05:20.220000,,1,13.0,False,,False,True,21.7,61.0,1018.4,False,41.1,229,0.8,True,False,False,False,False,False,1 L,+0.796,,0.796,11198.687,78.467,,,20.673,37.024,20.77,11140.927,11177.951,11198.721,11120.22
2024,Monaco Grand Prix,8,Monaco,Monaco,0 days 03:07:56.739000,BOT,77,0 days 00:01:18.052000,68.0,3.0,,Valtteri Bottas,,0 days 00:00:20.418000,0 days 00:00:36.904000,0 days 00:00:20.730000,0 days 03:06:59.139000,0 days 03:07:36.043000,0 days 03:07:56.773000,194.0,187.0,269.0,280.0,False,HARD,54.0,False,Kick Sauber,0 days 03:06:38.687000,,1,13.0,False,,False,True,21.8,60.0,1018.5,False,41.6,224,0.8,True,False,False,False,False,False,1 L,+0.681,,0.681,11276.739,78.052,,,20.418,36.904,20.73,11219.139,11256.043,11276.773,11198.687
2024,Monaco Grand Prix,8,Monaco,Monaco,0 days 03:09:14.827000,BOT,77,0 days 00:01:18.088000,69.0,3.0,,Valtteri Bottas,,0 days 00:00:20.388000,0 days 00:00:36.787000,0 days 00:00:20.913000,0 days 03:08:17.161000,0 days 03:08:53.948000,0 days 03:09:14.861000,197.0,183.0,268.0,282.0,False,HARD,55.0,False,Kick Sauber,0 days 03:07:56.739000,,1,13.0,False,,False,True,21.7,60.0,1018.4,False,41.1,0,0.4,True,False,False,False,False,False,1 L,+0.409,,0.409,11354.827,78.088,,,20.388,36.787,20.913,11297.161,11333.948,11354.861,11276.739
2024,Monaco Grand Prix,8,Monaco,Monaco,0 days 03:10:33.605000,BOT,77,0 days 00:01:18.778000,70.0,3.0,,Valtteri Bottas,,0 days 00:00:20.810000,0 days 00:00:37.145000,0 days 00:00:20.823000,0 days 03:09:35.671000,0 days 03:10:12.816000,0 days 03:10:33.639000,193.0,183.0,269.0,281.0,False,HARD,56.0,False,Kick Sauber,0 days 03:09:14.827000,,1,13.0,False,,False,True,21.6,61.0,1018.4,False,41.0,58,0.7,True,False,False,False,False,False,1 L,+0.455,,0.455,11433.605,78.778,,,20.81,37.145,20.823,11375.671,11412.816,11433.639,11354.827
2024,Monaco Grand Prix,8,Monaco,Monaco,0 days 03:11:51.709000,BOT,77,0 days 00:01:18.104000,71.0,3.0,,Valtteri Bottas,,0 days 00:00:20.559000,0 days 00:00:36.926000,0 days 00:00:20.619000,0 days 03:10:54.198000,0 days 03:11:31.124000,0 days 03:11:51.743000,194.0,183.0,270.0,281.0,False,HARD,57.0,False,Kick Sauber,0 days 03:10:33.605000,,1,13.0,False,,False,True,21.6,62.0,1018.4,False,40.5,214,0.9,True,False,False,False,False,False,1 L,+0.496,,0.496,11511.709,78.104,,,20.559,36.926,20.619,11454.198,11491.124,11511.743,11433.605
2024,Monaco Grand Prix,8,Monaco,Monaco,0 days 03:13:10.056000,BOT,77,0 days 00:01:18.347000,72.0,3.0,,Valtteri Bottas,,0 days 00:00:20.615000,0 days 00:00:36.905000,0 days 00:00:20.827000,0 days 03:12:12.358000,0 days 03:12:49.263000,0 days 03:13:10.090000,198.0,182.0,268.0,281.0,False,HARD,58.0,False,Kick Sauber,0 days 03:11:51.709000,,1,13.0,False,,False,True,21.6,61.0,1018.4,False,40.5,209,0.5,True,False,False,False,False,False,1 L,+0.751,,0.751,11590.056,78.347,,,20.615,36.905,20.827,11532.358,11569.263,11590.09,11511.709
2024,Monaco Grand Prix,8,Monaco,Monaco,0 days 03:14:30.124000,BOT,77,0 days 00:01:20.068000,73.0,3.0,,Valtteri Bottas,,0 days 00:00:20.643000,0 days 00:00:38.660000,0 days 00:00:20.765000,0 days 03:13:30.733000,0 days 03:14:09.393000,0 days 03:14:30.158000,196.0,177.0,269.0,280.0,False,HARD,59.0,False,Kick Sauber,0 days 03:13:10.056000,,1,13.0,False,,False,True,21.7,61.0,1018.4,False,40.8,214,0.7,True,False,False,False,False,False,2 L,+2.350,,2.35,11670.124,80.068,,,20.643,38.66,20.765,11610.733,11649.393,11670.158,11590.056
2024,Monaco Grand Prix,8,Monaco,Monaco,0 days 03:15:48.442000,BOT,77,0 days 00:01:18.318000,74.0,3.0,,Valtteri Bottas,,0 days 00:00:20.309000,0 days 00:00:36.981000,0 days 00:00:21.028000,0 days 03:14:50.467000,0 days 03:15:27.448000,0 days 03:15:48.476000,189.0,180.0,271.0,285.0,False,HARD,60.0,False,Kick Sauber,0 days 03:14:30.124000,,1,13.0,False,,False,True,21.7,61.0,1018.4,False,40.6,353,0.6,True,False,False,False,False,False,2 L,+0.353,,0.353,11748.442,78.318,,,20.309,36.981,21.028,11690.467,11727.448,11748.476,11670.124
2024,Monaco Grand Prix,8,Monaco,Monaco,0 days 03:17:07.221000,BOT,77,0 days 00:01:18.779000,75.0,3.0,,Valtteri Bottas,,0 days 00:00:20.906000,0 days 00:00:37.135000,0 days 00:00:20.738000,0 days 03:16:09.382000,0 days 03:16:46.517000,0 days 03:17:07.255000,195.0,180.0,272.0,284.0,False,HARD,61.0,False,Kick Sauber,0 days 03:15:48.442000,,1,13.0,False,,False,True,21.7,61.0,1018.4,False,40.6,224,0.9,True,False,False,False,False,False,2 L,+0.469,,0.469,11827.221,78.779,,,20.906,37.135,20.738,11769.382,11806.517,11827.255,11748.442
2024,Monaco Grand Prix,8,Monaco,Monaco,0 days 03:18:25.995000,BOT,77,0 days 00:01:18.774000,76.0,3.0,,Valtteri Bottas,,0 days 00:00:20.593000,0 days 00:00:37.242000,0 days 00:00:20.939000,0 days 03:17:27.848000,0 days 03:18:05.090000,0 days 03:18:26.029000,193.0,184.0,270.0,283.0,False,HARD,62.0,False,Kick Sauber,0 days 03:17:07.221000,,1,13.0,False,,False,True,21.8,61.0,1018.4,False,40.9,284,0.8,True,False,False,False,False,False,2 L,+0.295,,0.295,11905.995,78.774,,,20.593,37.242,20.939,11847.848,11885.09,11906.029,11827.221
2024,Monaco Grand Prix,8,Monaco,Monaco,0 days 01:36:04.820000,PIA,81,0 days 00:40:58.744000,1.0,1.0,,Oscar Piastri,0 days 00:56:48.100000,,0 days 00:00:47.944000,,,0 days 00:56:19.845000,,174.0,86.0,,277.0,False,MEDIUM,2.0,False,McLaren,0 days 00:55:05.680000,,1254,2.0,False,,False,False,21.6,66.0,1018.9,False,48.4,255,0.6,True,True,True,True,False,False,+2.437,+2.437,2.437,2.437,5764.82,2458.744,3408.1,,,47.944,,,3379.845,,3305.68
2024,Monaco Grand Prix,8,Monaco,Monaco,0 days 01:39:00.824000,PIA,81,,2.0,2.0,0 days 01:36:05.541000,Oscar Piastri,,0 days 00:00:26.081000,0 days 00:00:41.880000,,0 days 01:36:30.968000,0 days 01:37:12.818000,,172.0,133.0,2.0,233.0,False,HARD,2.0,False,McLaren,0 days 01:35:54.733000,,14,2.0,False,,False,False,21.5,65.0,1018.9,False,48.1,9,0.8,True,False,True,False,False,False,+1.057,+1.057,1.057,1.057,5940.824,,,5765.541,26.081,41.88,,5790.968,5832.818,,5754.733
2024,Monaco Grand Prix,8,Monaco,Monaco,0 days 01:40:25.777000,PIA,81,0 days 00:01:24.953000,3.0,2.0,,Oscar Piastri,,0 days 00:00:23.960000,0 days 00:00:38.571000,0 days 00:00:22.422000,0 days 01:39:24.808000,0 days 01:40:03.379000,0 days 01:40:25.801000,179.0,171.0,252.0,271.0,True,HARD,3.0,False,McLaren,0 days 01:39:00.824000,,1,2.0,False,,False,True,21.6,65.0,1018.8,False,49.2,0,0.6,True,False,False,False,False,False,+1.013,+1.013,1.013,1.013,6025.777,84.953,,,23.96,38.571,22.422,5964.808,6003.379,6025.801,5940.824
2024,Monaco Grand Prix,8,Monaco,Monaco,0 days 01:41:48.091000,PIA,81,0 days 00:01:22.314000,4.0,2.0,,Oscar Piastri,,0 days 00:00:21.687000,0 days 00:00:38.788000,0 days 00:00:21.839000,0 days 01:40:47.488000,0 days 01:41:26.276000,0 days 01:41:48.115000,170.0,171.0,261.0,275.0,True,HARD,4.0,False,McLaren,0 days 01:40:25.777000,,1,2.0,False,,False,True,21.7,63.0,1018.9,False,49.2,0,0.6,True,False,False,False,False,False,+0.702,+0.702,0.702,0.702,6108.091,82.314,,,21.687,38.788,21.839,6047.488,6086.276,6108.115,6025.777
2024,Monaco Grand Prix,8,Monaco,Monaco,0 days 01:43:10.110000,PIA,81,0 days 00:01:22.019000,5.0,2.0,,Oscar Piastri,,0 days 00:00:21.435000,0 days 00:00:38.378000,0 days 00:00:22.206000,0 days 01:42:09.550000,0 days 01:42:47.928000,0 days 01:43:10.134000,184.0,175.0,260.0,275.0,True,HARD,5.0,False,McLaren,0 days 01:41:48.091000,,1,2.0,False,,False,True,21.7,63.0,1018.8,False,48.8,57,0.6,True,False,False,False,False,False,+0.926,+0.926,0.926,0.926,6190.11,82.019,,,21.435,38.378,22.206,6129.55,6167.928,6190.134,6108.091
2024,Monaco Grand Prix,8,Monaco,Monaco,0 days 01:44:31.464000,PIA,81,0 days 00:01:21.354000,6.0,2.0,,Oscar Piastri,,0 days 00:00:21.409000,0 days 00:00:38.129000,0 days 00:00:21.816000,0 days 01:43:31.543000,0 days 01:44:09.672000,0 days 01:44:31.488000,181.0,179.0,262.0,275.0,True,HARD,6.0,False,McLaren,0 days 01:43:10.110000,,1,2.0,False,,False,True,21.6,63.0,1018.8,False,48.2,0,1.0,True,False,False,False,False,False,+1.135,+1.135,1.135,1.135,6271.464,81.354,,,21.409,38.129,21.816,6211.543,6249.672,6271.488,6190.11
2024,Monaco Grand Prix,8,Monaco,Monaco,0 days 01:45:52.272000,PIA,81,0 days 00:01:20.808000,7.0,2.0,,Oscar Piastri,,0 days 00:00:21.207000,0 days 00:00:37.680000,0 days 00:00:21.921000,0 days 01:44:52.695000,0 days 01:45:30.375000,0 days 01:45:52.296000,185.0,176.0,262.0,276.0,True,HARD,7.0,False,McLaren,0 days 01:44:31.464000,,1,2.0,False,,False,True,21.8,64.0,1018.9,False,48.7,6,0.4,True,False,False,False,False,False,+0.963,+0.963,0.963,0.963,6352.272,80.808,,,21.207,37.68,21.921,6292.695,6330.375,6352.296,6271.464
2024,Monaco Grand Prix,8,Monaco,Monaco,0 days 01:47:13.330000,PIA,81,0 days 00:01:21.058000,8.0,2.0,,Oscar Piastri,,0 days 00:00:21.425000,0 days 00:00:37.957000,0 days 00:00:21.676000,0 days 01:46:13.721000,0 days 01:46:51.678000,0 days 01:47:13.354000,181.0,181.0,262.0,274.0,False,HARD,8.0,False,McLaren,0 days 01:45:52.272000,,1,2.0,False,,False,True,21.8,64.0,1018.9,False,48.0,104,1.4,True,False,False,False,False,False,+0.991,+0.991,0.991,0.991,6433.33,81.058,,,21.425,37.957,21.676,6373.721,6411.678,6433.354,6352.272
2024,Monaco Grand Prix,8,Monaco,Monaco,0 days 01:48:33.236000,PIA,81,0 days 00:01:19.906000,9.0,2.0,,Oscar Piastri,,0 days 00:00:21.181000,0 days 00:00:37.382000,0 days 00:00:21.343000,0 days 01:47:34.535000,0 days 01:48:11.917000,0 days 01:48:33.260000,189.0,181.0,262.0,273.0,True,HARD,9.0,False,McLaren,0 days 01:47:13.330000,,1,2.0,False,,False,True,22.0,64.0,1018.8,False,47.9,340,1.1,True,False,False,False,False,False,+0.783,+0.783,0.783,0.783,6513.236,79.906,,,21.181,37.382,21.343,6454.535,6491.917,6513.26,6433.33
2024,Monaco Grand Prix,8,Monaco,Monaco,0 days 01:49:54.126000,PIA,81,0 days 00:01:20.890000,10.0,2.0,,Oscar Piastri,,0 days 00:00:21.262000,0 days 00:00:37.970000,0 days 00:00:21.658000,0 days 01:48:54.522000,0 days 01:49:32.492000,0 days 01:49:54.150000,179.0,176.0,255.0,275.0,False,HARD,10.0,False,McLaren,0 days 01:48:33.236000,,1,2.0,False,,False,True,22.1,65.0,1018.8,False,47.4,289,0.7,True,False,False,False,False,False,+0.898,+0.898,0.898,0.898,6594.126,80.89,,,21.262,37.97,21.658,6534.522,6572.492,6594.15,6513.236
2024,Monaco Grand Prix,8,Monaco,Monaco,0 days 01:51:15.024000,PIA,81,0 days 00:01:20.898000,11.0,2.0,,Oscar Piastri,,0 days 00:00:21.439000,0 days 00:00:37.991000,0 days 00:00:21.468000,0 days 01:50:15.589000,0 days 01:50:53.580000,0 days 01:51:15.048000,168.0,181.0,261.0,276.0,False,HARD,11.0,False,McLaren,0 days 01:49:54.126000,,1,2.0,False,,False,True,22.1,63.0,1018.8,False,47.9,187,0.9,True,False,False,False,False,False,+0.809,+0.809,0.809,0.809,6675.024,80.898,,,21.439,37.991,21.468,6615.589,6653.58,6675.048,6594.126
2024,Monaco Grand Prix,8,Monaco,Monaco,0 days 01:52:35.159000,PIA,81,0 days 00:01:20.135000,12.0,2.0,,Oscar Piastri,,0 days 00:00:21.210000,0 days 00:00:37.442000,0 days 00:00:21.483000,0 days 01:51:36.258000,0 days 01:52:13.700000,0 days 01:52:35.183000,188.0,180.0,262.0,277.0,False,HARD,12.0,False,McLaren,0 days 01:51:15.024000,,1,2.0,False,,False,True,22.3,63.0,1018.8,False,47.3,2,0.6,True,False,False,False,False,False,+0.633,+0.633,0.633,0.633,6755.159,80.135,,,21.21,37.442,21.483,6696.258,6733.7,6755.183,6675.024
2024,Monaco Grand Prix,8,Monaco,Monaco,0 days 01:53:53.904000,PIA,81,0 days 00:01:18.745000,13.0,2.0,,Oscar Piastri,,0 days 00:00:20.677000,0 days 00:00:36.996000,0 days 00:00:21.072000,0 days 01:52:55.860000,0 days 01:53:32.856000,0 days 01:53:53.928000,189.0,182.0,263.0,276.0,True,HARD,13.0,False,McLaren,0 days 01:52:35.159000,,1,2.0,False,,False,True,22.1,64.0,1018.8,False,47.2,208,1.2,True,False,False,False,False,False,+0.468,+0.468,0.468,0.468,6833.904,78.745,,,20.677,36.996,21.072,6775.86,6812.856,6833.928,6755.159
2024,Monaco Grand Prix,8,Monaco,Monaco,0 days 01:55:13.918000,PIA,81,0 days 00:01:20.014000,14.0,2.0,,Oscar Piastri,,0 days 00:00:21.241000,0 days 00:00:37.715000,0 days 00:00:21.058000,0 days 01:54:15.169000,0 days 01:54:52.884000,0 days 01:55:13.942000,175.0,185.0,264.0,276.0,False,HARD,14.0,False,McLaren,0 days 01:53:53.904000,,1,2.0,False,,False,True,22.0,62.0,1018.8,False,47.1,0,1.2,True,False,False,False,False,False,+0.462,+0.462,0.462,0.462,6913.918,80.014,,,21.241,37.715,21.058,6855.169,6892.884,6913.942,6833.904
2024,Monaco Grand Prix,8,Monaco,Monaco,0 days 01:56:34.182000,PIA,81,0 days 00:01:20.264000,15.0,2.0,,Oscar Piastri,,0 days 00:00:20.828000,0 days 00:00:38.137000,0 days 00:00:21.299000,0 days 01:55:34.770000,0 days 01:56:12.907000,0 days 01:56:34.206000,186.0,178.0,255.0,274.0,False,HARD,15.0,False,McLaren,0 days 01:55:13.918000,,1,2.0,False,,False,True,22.0,62.0,1018.8,False,47.1,351,1.1,True,False,False,False,False,False,+0.888,+0.888,0.888,0.888,6994.182,80.264,,,20.828,38.137,21.299,6934.77,6972.907,6994.206,6913.918
2024,Monaco Grand Prix,8,Monaco,Monaco,0 days 01:57:54.011000,PIA,81,0 days 00:01:19.829000,16.0,2.0,,Oscar Piastri,,0 days 00:00:20.949000,0 days 00:00:37.351000,0 days 00:00:21.529000,0 days 01:56:55.155000,0 days 01:57:32.506000,0 days 01:57:54.035000,190.0,184.0,262.0,278.0,False,HARD,16.0,False,McLaren,0 days 01:56:34.182000,,1,2.0,False,,False,True,22.0,64.0,1018.7,False,46.0,154,0.5,True,False,False,False,False,False,+0.637,+0.637,0.637,0.637,7074.011,79.829,,,20.949,37.351,21.529,7015.155,7052.506,7074.035,6994.182
2024,Monaco Grand Prix,8,Monaco,Monaco,0 days 01:59:14.039000,PIA,81,0 days 00:01:20.028000,17.0,2.0,,Oscar Piastri,,0 days 00:00:20.967000,0 days 00:00:37.697000,0 days 00:00:21.364000,0 days 01:58:15.002000,0 days 01:58:52.699000,0 days 01:59:14.063000,186.0,179.0,263.0,274.0,False,HARD,17.0,False,McLaren,0 days 01:57:54.011000,,1,2.0,False,,False,True,21.8,64.0,1018.8,False,46.1,8,1.3,True,False,False,False,False,False,+0.310,+0.310,0.31,0.31,7154.039,80.028,,,20.967,37.697,21.364,7095.002,7132.699,7154.063,7074.011
2024,Monaco Grand Prix,8,Monaco,Monaco,0 days 02:00:33.871000,PIA,81,0 days 00:01:19.832000,18.0,2.0,,Oscar Piastri,,0 days 00:00:21.157000,0 days 00:00:37.357000,0 days 00:00:21.318000,0 days 01:59:35.220000,0 days 02:00:12.577000,0 days 02:00:33.895000,189.0,188.0,262.0,277.0,False,HARD,18.0,False,McLaren,0 days 01:59:14.039000,,1,2.0,False,,False,True,21.7,63.0,1018.7,False,47.2,101,0.8,True,False,False,False,False,False,+0.562,+0.562,0.562,0.562,7233.871,79.832,,,21.157,37.357,21.318,7175.22,7212.577,7233.895,7154.039
2024,Monaco Grand Prix,8,Monaco,Monaco,0 days 02:01:53.050000,PIA,81,0 days 00:01:19.179000,19.0,2.0,,Oscar Piastri,,0 days 00:00:20.809000,0 days 00:00:37.085000,0 days 00:00:21.285000,0 days 02:00:54.704000,0 days 02:01:31.789000,0 days 02:01:53.074000,195.0,188.0,261.0,277.0,False,HARD,19.0,False,McLaren,0 days 02:00:33.871000,,1,2.0,False,,False,True,21.8,61.0,1018.6,False,46.7,221,0.7,True,False,False,False,False,False,+0.899,+0.899,0.899,0.899,7313.05,79.179,,,20.809,37.085,21.285,7254.704,7291.789,7313.074,7233.871
2024,Monaco Grand Prix,8,Monaco,Monaco,0 days 02:03:12.105000,PIA,81,0 days 00:01:19.055000,20.0,2.0,,Oscar Piastri,,0 days 00:00:20.712000,0 days 00:00:37.118000,0 days 00:00:21.225000,0 days 02:02:13.786000,0 days 02:02:50.904000,0 days 02:03:12.129000,190.0,186.0,256.0,276.0,False,HARD,20.0,False,McLaren,0 days 02:01:53.050000,,1,2.0,False,,False,True,21.9,61.0,1018.8,False,46.6,36,1.3,True,False,False,False,False,False,+1.230,+1.230,1.23,1.23,7392.105,79.055,,,20.712,37.118,21.225,7333.786,7370.904,7392.129,7313.05
2024,Monaco Grand Prix,8,Monaco,Monaco,0 days 02:04:30.706000,PIA,81,0 days 00:01:18.601000,21.0,2.0,,Oscar Piastri,,0 days 00:00:20.387000,0 days 00:00:36.969000,0 days 00:00:21.245000,0 days 02:03:32.516000,0 days 02:04:09.485000,0 days 02:04:30.730000,195.0,185.0,255.0,276.0,True,HARD,21.0,False,McLaren,0 days 02:03:12.105000,,1,2.0,False,,False,True,21.9,64.0,1018.7,False,45.8,0,1.3,True,False,False,False,False,False,+1.351,+1.351,1.351,1.351,7470.706,78.601,,,20.387,36.969,21.245,7412.516,7449.485,7470.73,7392.105
2024,Monaco Grand Prix,8,Monaco,Monaco,0 days 02:05:49.291000,PIA,81,0 days 00:01:18.585000,22.0,2.0,,Oscar Piastri,,0 days 00:00:20.647000,0 days 00:00:36.890000,0 days 00:00:21.048000,0 days 02:04:51.377000,0 days 02:05:28.267000,0 days 02:05:49.315000,194.0,186.0,257.0,276.0,True,HARD,22.0,False,McLaren,0 days 02:04:30.706000,,1,2.0,False,,False,True,21.8,65.0,1018.8,False,45.9,273,1.6,True,False,False,False,False,False,+1.324,+1.324,1.324,1.324,7549.291,78.585,,,20.647,36.89,21.048,7491.377,7528.267,7549.315,7470.706
2024,Monaco Grand Prix,8,Monaco,Monaco,0 days 02:07:07.949000,PIA,81,0 days 00:01:18.658000,23.0,2.0,,Oscar Piastri,,0 days 00:00:20.334000,0 days 00:00:37.060000,0 days 00:00:21.264000,0 days 02:06:09.649000,0 days 02:06:46.709000,0 days 02:07:07.973000,193.0,185.0,256.0,276.0,False,HARD,23.0,False,McLaren,0 days 02:05:49.291000,,1,2.0,False,,False,True,21.8,65.0,1018.8,False,45.9,198,0.5,True,False,False,False,False,False,+1.524,+1.524,1.524,1.524,7627.949,78.658,,,20.334,37.06,21.264,7569.649,7606.709,7627.973,7549.291
2024,Monaco Grand Prix,8,Monaco,Monaco,0 days 02:08:26.585000,PIA,81,0 days 00:01:18.636000,24.0,2.0,,Oscar Piastri,,0 days 00:00:20.402000,0 days 00:00:36.969000,0 days 00:00:21.265000,0 days 02:07:28.375000,0 days 02:08:05.344000,0 days 02:08:26.609000,192.0,183.0,256.0,276.0,False,HARD,24.0,False,McLaren,0 days 02:07:07.949000,,1,2.0,False,,False,True,21.8,64.0,1018.7,False,46.3,272,1.4,True,False,False,False,False,False,+1.435,+1.435,1.435,1.435,7706.585,78.636,,,20.402,36.969,21.265,7648.375,7685.344,7706.609,7627.949
2024,Monaco Grand Prix,8,Monaco,Monaco,0 days 02:09:45.369000,PIA,81,0 days 00:01:18.784000,25.0,2.0,,Oscar Piastri,,0 days 00:00:20.563000,0 days 00:00:37.104000,0 days 00:00:21.117000,0 days 02:08:47.172000,0 days 02:09:24.276000,0 days 02:09:45.393000,194.0,182.0,256.0,277.0,False,HARD,25.0,False,McLaren,0 days 02:08:26.585000,,1,2.0,False,,False,True,21.7,63.0,1018.7,False,45.7,183,0.9,True,False,False,False,False,False,+1.246,+1.246,1.246,1.246,7785.369,78.784,,,20.563,37.104,21.117,7727.172,7764.276,7785.393,7706.585
2024,Monaco Grand Prix,8,Monaco,Monaco,0 days 02:11:03.809000,PIA,81,0 days 00:01:18.440000,26.0,2.0,,Oscar Piastri,,0 days 00:00:20.567000,0 days 00:00:37.026000,0 days 00:00:20.847000,0 days 02:10:05.960000,0 days 02:10:42.986000,0 days 02:11:03.833000,194.0,189.0,258.0,277.0,True,HARD,26.0,False,McLaren,0 days 02:09:45.369000,,1,2.0,False,,False,True,21.7,62.0,1018.6,False,45.7,325,1.3,True,False,False,False,False,False,+1.241,+1.241,1.241,1.241,7863.809,78.44,,,20.567,37.026,20.847,7805.96,7842.986,7863.833,7785.369
2024,Monaco Grand Prix,8,Monaco,Monaco,0 days 02:12:22.332000,PIA,81,0 days 00:01:18.523000,27.0,2.0,,Oscar Piastri,,0 days 00:00:20.578000,0 days 00:00:36.875000,0 days 00:00:21.070000,0 days 02:11:24.411000,0 days 02:12:01.286000,0 days 02:12:22.356000,194.0,187.0,257.0,277.0,False,HARD,27.0,False,McLaren,0 days 02:11:03.809000,,1,2.0,False,,False,True,21.9,63.0,1018.6,False,46.0,296,0.6,True,False,False,False,False,False,+1.413,+1.413,1.413,1.413,7942.332,78.523,,,20.578,36.875,21.07,7884.411,7921.286,7942.356,7863.809
2024,Monaco Grand Prix,8,Monaco,Monaco,0 days 02:13:41.123000,PIA,81,0 days 00:01:18.791000,28.0,2.0,,Oscar Piastri,,0 days 00:00:20.568000,0 days 00:00:37.127000,0 days 00:00:21.096000,0 days 02:12:42.924000,0 days 02:13:20.051000,0 days 02:13:41.147000,192.0,184.0,256.0,278.0,False,HARD,28.0,False,McLaren,0 days 02:12:22.332000,,1,2.0,False,,False,True,21.9,62.0,1018.6,False,46.0,213,1.0,True,False,False,False,False,False,+1.494,+1.494,1.494,1.494,8021.123,78.791,,,20.568,37.127,21.096,7962.924,8000.051,8021.147,7942.332
2024,Monaco Grand Prix,8,Monaco,Monaco,0 days 02:15:00.133000,PIA,81,0 days 00:01:19.010000,29.0,2.0,,Oscar Piastri,,0 days 00:00:20.396000,0 days 00:00:37.420000,0 days 00:00:21.194000,0 days 02:14:01.543000,0 days 02:14:38.963000,0 days 02:15:00.157000,194.0,186.0,255.0,277.0,False,HARD,29.0,False,McLaren,0 days 02:13:41.123000,,1,2.0,False,,False,True,22.0,63.0,1018.5,False,45.6,215,1.7,True,False,False,False,False,False,+1.451,+1.451,1.451,1.451,8100.133,79.01,,,20.396,37.42,21.194,8041.543,8078.963,8100.157,8021.123
2024,Monaco Grand Prix,8,Monaco,Monaco,0 days 02:16:19.529000,PIA,81,0 days 00:01:19.396000,30.0,2.0,,Oscar Piastri,,0 days 00:00:20.878000,0 days 00:00:37.438000,0 days 00:00:21.080000,0 days 02:15:21.035000,0 days 02:15:58.473000,0 days 02:16:19.553000,188.0,186.0,257.0,278.0,False,HARD,30.0,False,McLaren,0 days 02:15:00.133000,,1,2.0,False,,False,True,22.0,61.0,1018.6,False,46.4,265,0.6,True,False,False,False,False,False,+0.979,+0.979,0.979,0.979,8179.529,79.396,,,20.878,37.438,21.08,8121.035,8158.473,8179.553,8100.133
2024,Monaco Grand Prix,8,Monaco,Monaco,0 days 02:17:37.978000,PIA,81,0 days 00:01:18.449000,31.0,2.0,,Oscar Piastri,,0 days 00:00:20.602000,0 days 00:00:36.817000,0 days 00:00:21.030000,0 days 02:16:40.155000,0 days 02:17:16.972000,0 days 02:17:38.002000,192.0,189.0,264.0,279.0,False,HARD,31.0,False,McLaren,0 days 02:16:19.529000,,1,2.0,False,,False,True,22.1,61.0,1018.6,False,45.5,217,0.4,True,False,False,False,False,False,+0.968,+0.968,0.968,0.968,8257.978,78.449,,,20.602,36.817,21.03,8200.155,8236.972,8258.002,8179.529
2024,Monaco Grand Prix,8,Monaco,Monaco,0 days 02:18:56.947000,PIA,81,0 days 00:01:18.969000,32.0,2.0,,Oscar Piastri,,0 days 00:00:20.636000,0 days 00:00:37.017000,0 days 00:00:21.316000,0 days 02:17:58.638000,0 days 02:18:35.655000,0 days 02:18:56.971000,192.0,184.0,264.0,279.0,False,HARD,32.0,False,McLaren,0 days 02:17:37.978000,,1,2.0,False,,False,True,22.0,61.0,1018.6,False,45.5,237,0.9,True,False,False,False,False,False,+0.812,+0.812,0.812,0.812,8336.947,78.969,,,20.636,37.017,21.316,8278.638,8315.655,8336.971,8257.978
2024,Monaco Grand Prix,8,Monaco,Monaco,0 days 02:20:16.007000,PIA,81,0 days 00:01:19.060000,33.0,2.0,,Oscar Piastri,,0 days 00:00:20.753000,0 days 00:00:37.224000,0 days 00:00:21.083000,0 days 02:19:17.724000,0 days 02:19:54.948000,0 days 02:20:16.031000,192.0,186.0,257.0,279.0,False,HARD,33.0,False,McLaren,0 days 02:18:56.947000,,1,2.0,False,,False,True,21.9,62.0,1018.6,False,45.9,269,0.9,True,False,False,False,False,False,+1.393,+1.393,1.393,1.393,8416.007,79.06,,,20.753,37.224,21.083,8357.724,8394.948,8416.031,8336.947
2024,Monaco Grand Prix,8,Monaco,Monaco,0 days 02:21:34.985000,PIA,81,0 days 00:01:18.978000,34.0,2.0,,Oscar Piastri,,0 days 00:00:20.604000,0 days 00:00:37.316000,0 days 00:00:21.058000,0 days 02:20:36.635000,0 days 02:21:13.951000,0 days 02:21:35.009000,194.0,186.0,257.0,279.0,False,HARD,34.0,False,McLaren,0 days 02:20:16.007000,,1,2.0,False,,False,True,22.0,61.0,1018.5,False,45.9,268,1.0,True,False,False,False,False,False,+1.037,+1.037,1.037,1.037,8494.985,78.978,,,20.604,37.316,21.058,8436.635,8473.951,8495.009,8416.007
2024,Monaco Grand Prix,8,Monaco,Monaco,0 days 02:22:53.590000,PIA,81,0 days 00:01:18.605000,35.0,2.0,,Oscar Piastri,,0 days 00:00:20.611000,0 days 00:00:36.941000,0 days 00:00:21.053000,0 days 02:21:55.620000,0 days 02:22:32.561000,0 days 02:22:53.614000,193.0,187.0,258.0,280.0,False,HARD,35.0,False,McLaren,0 days 02:21:34.985000,,1,2.0,False,,False,True,22.0,62.0,1018.6,False,45.1,0,0.9,True,False,False,False,False,False,+1.112,+1.112,1.112,1.112,8573.59,78.605,,,20.611,36.941,21.053,8515.62,8552.561,8573.614,8494.985
2024,Monaco Grand Prix,8,Monaco,Monaco,0 days 02:24:12.472000,PIA,81,0 days 00:01:18.882000,36.0,2.0,,Oscar Piastri,,0 days 00:00:20.535000,0 days 00:00:37.128000,0 days 00:00:21.219000,0 days 02:23:14.149000,0 days 02:23:51.277000,0 days 02:24:12.496000,192.0,186.0,258.0,280.0,False,HARD,36.0,False,McLaren,0 days 02:22:53.590000,,1,2.0,False,,False,True,21.9,65.0,1018.6,False,44.5,358,0.6,True,False,False,False,False,False,+1.305,+1.305,1.305,1.305,8652.472,78.882,,,20.535,37.128,21.219,8594.149,8631.277,8652.496,8573.59
2024,Monaco Grand Prix,8,Monaco,Monaco,0 days 02:25:31.084000,PIA,81,0 days 00:01:18.612000,37.0,2.0,,Oscar Piastri,,0 days 00:00:20.579000,0 days 00:00:36.889000,0 days 00:00:21.144000,0 days 02:24:33.075000,0 days 02:25:09.964000,0 days 02:25:31.108000,191.0,187.0,258.0,282.0,False,HARD,37.0,False,McLaren,0 days 02:24:12.472000,,1,2.0,False,,False,True,21.7,63.0,1018.5,False,44.4,305,1.5,True,False,False,False,False,False,+0.992,+0.992,0.992,0.992,8731.084,78.612,,,20.579,36.889,21.144,8673.075,8709.964,8731.108,8652.472
2024,Monaco Grand Prix,8,Monaco,Monaco,0 days 02:26:49.815000,PIA,81,0 days 00:01:18.731000,38.0,2.0,,Oscar Piastri,,0 days 00:00:20.572000,0 days 00:00:37.176000,0 days 00:00:20.983000,0 days 02:25:51.680000,0 days 02:26:28.856000,0 days 02:26:49.839000,194.0,187.0,258.0,282.0,False,HARD,38.0,False,McLaren,0 days 02:25:31.084000,,1,2.0,False,,False,True,21.8,63.0,1018.5,False,44.5,271,1.0,True,False,False,False,False,False,+1.195,+1.195,1.195,1.195,8809.815,78.731,,,20.572,37.176,20.983,8751.68,8788.856,8809.839,8731.084
2024,Monaco Grand Prix,8,Monaco,Monaco,0 days 02:28:08.177000,PIA,81,0 days 00:01:18.362000,39.0,2.0,,Oscar Piastri,,0 days 00:00:20.400000,0 days 00:00:36.952000,0 days 00:00:21.010000,0 days 02:27:10.239000,0 days 02:27:47.191000,0 days 02:28:08.201000,198.0,188.0,260.0,283.0,True,HARD,39.0,False,McLaren,0 days 02:26:49.815000,,1,2.0,False,,False,True,21.8,62.0,1018.6,False,44.8,169,0.7,True,False,False,False,False,False,+1.376,+1.376,1.376,1.376,8888.177,78.362,,,20.4,36.952,21.01,8830.239,8867.191,8888.201,8809.815
2024,Monaco Grand Prix,8,Monaco,Monaco,0 days 02:29:27.128000,PIA,81,0 days 00:01:18.951000,40.0,2.0,,Oscar Piastri,,0 days 00:00:20.474000,0 days 00:00:37.163000,0 days 00:00:21.314000,0 days 02:28:28.675000,0 days 02:29:05.838000,0 days 02:29:27.152000,192.0,186.0,260.0,283.0,False,HARD,40.0,False,McLaren,0 days 02:28:08.177000,,1,2.0,False,,False,True,21.9,61.0,1018.6,False,44.4,269,0.8,True,False,False,False,False,False,+1.594,+1.594,1.594,1.594,8967.128,78.951,,,20.474,37.163,21.314,8908.675,8945.838,8967.152,8888.177
2024,Monaco Grand Prix,8,Monaco,Monaco,0 days 02:30:45.974000,PIA,81,0 days 00:01:18.846000,41.0,2.0,,Oscar Piastri,,0 days 00:00:20.640000,0 days 00:00:36.985000,0 days 00:00:21.221000,0 days 02:29:47.792000,0 days 02:30:24.777000,0 days 02:30:45.998000,192.0,187.0,267.0,281.0,False,HARD,41.0,False,McLaren,0 days 02:29:27.128000,,1,2.0,False,,False,True,22.0,60.0,1018.5,False,44.4,111,0.8,True,False,False,False,False,False,+1.746,+1.746,1.746,1.746,9045.974,78.846,,,20.64,36.985,21.221,8987.792,9024.777,9045.998,8967.128
2024,Monaco Grand Prix,8,Monaco,Monaco,0 days 02:32:05.769000,PIA,81,0 days 00:01:19.795000,42.0,2.0,,Oscar Piastri,,0 days 00:00:20.515000,0 days 00:00:37.657000,0 days 00:00:21.623000,0 days 02:31:06.513000,0 days 02:31:44.170000,0 days 02:32:05.793000,183.0,183.0,263.0,281.0,False,HARD,42.0,False,McLaren,0 days 02:30:45.974000,,1,2.0,False,,False,True,22.0,62.0,1018.4,False,44.4,30,0.5,True,False,False,False,False,False,+2.356,+2.356,2.356,2.356,9125.769,79.795,,,20.515,37.657,21.623,9066.513,9104.17,9125.793,9045.974
2024,Monaco Grand Prix,8,Monaco,Monaco,0 days 02:33:23.967000,PIA,81,0 days 00:01:18.198000,43.0,2.0,,Oscar Piastri,,0 days 00:00:20.580000,0 days 00:00:36.779000,0 days 00:00:20.839000,0 days 02:32:26.373000,0 days 02:33:03.152000,0 days 02:33:23.991000,196.0,191.0,259.0,278.0,True,HARD,43.0,False,McLaren,0 days 02:32:05.769000,,1,2.0,False,,False,True,21.9,59.0,1018.5,False,44.8,0,0.9,True,False,False,False,False,False,+2.597,+2.597,2.597,2.597,9203.967,78.198,,,20.58,36.779,20.839,9146.373,9183.152,9203.991,9125.769
2024,Monaco Grand Prix,8,Monaco,Monaco,0 days 02:34:42.244000,PIA,81,0 days 00:01:18.277000,44.0,2.0,,Oscar Piastri,,0 days 00:00:20.560000,0 days 00:00:36.952000,0 days 00:00:20.765000,0 days 02:33:44.551000,0 days 02:34:21.503000,0 days 02:34:42.268000,197.0,191.0,257.0,277.0,False,HARD,44.0,False,McLaren,0 days 02:33:23.967000,,1,2.0,False,,False,True,21.9,59.0,1018.6,False,44.8,227,1.0,True,False,False,False,False,False,+2.598,+2.598,2.598,2.598,9282.244,78.277,,,20.56,36.952,20.765,9224.551,9261.503,9282.268,9203.967
2024,Monaco Grand Prix,8,Monaco,Monaco,0 days 02:36:00.326000,PIA,81,0 days 00:01:18.082000,45.0,2.0,,Oscar Piastri,,0 days 00:00:20.433000,0 days 00:00:36.655000,0 days 00:00:20.994000,0 days 02:35:02.701000,0 days 02:35:39.356000,0 days 02:36:00.350000,199.0,188.0,258.0,277.0,True,HARD,45.0,False,McLaren,0 days 02:34:42.244000,,1,2.0,False,,False,True,22.0,58.0,1018.5,False,44.5,192,0.5,True,False,False,False,False,False,+2.139,+2.139,2.139,2.139,9360.326,78.082,,,20.433,36.655,20.994,9302.701,9339.356,9360.35,9282.244
2024,Monaco Grand Prix,8,Monaco,Monaco,0 days 02:37:18.949000,PIA,81,0 days 00:01:18.623000,46.0,2.0,,Oscar Piastri,,0 days 00:00:20.420000,0 days 00:00:37.147000,0 days 00:00:21.056000,0 days 02:36:20.770000,0 days 02:36:57.917000,0 days 02:37:18.973000,197.0,188.0,257.0,278.0,False,HARD,46.0,False,McLaren,0 days 02:36:00.326000,,1,2.0,False,,False,True,21.9,57.0,1018.3,False,44.5,203,1.8,True,False,False,False,False,False,+2.195,+2.195,2.195,2.195,9438.949,78.623,,,20.42,37.147,21.056,9380.77,9417.917,9438.973,9360.326
2024,Monaco Grand Prix,8,Monaco,Monaco,0 days 02:38:37.348000,PIA,81,0 days 00:01:18.399000,47.0,2.0,,Oscar Piastri,,0 days 00:00:20.480000,0 days 00:00:36.871000,0 days 00:00:21.048000,0 days 02:37:39.453000,0 days 02:38:16.324000,0 days 02:38:37.372000,195.0,190.0,257.0,279.0,False,HARD,47.0,False,McLaren,0 days 02:37:18.949000,,1,2.0,False,,False,True,22.0,58.0,1018.4,False,44.5,276,1.8,True,False,False,False,False,False,+1.409,+1.409,1.409,1.409,9517.348,78.399,,,20.48,36.871,21.048,9459.453,9496.324,9517.372,9438.949
2024,Monaco Grand Prix,8,Monaco,Monaco,0 days 02:39:55.743000,PIA,81,0 days 00:01:18.395000,48.0,2.0,,Oscar Piastri,,0 days 00:00:20.406000,0 days 00:00:37.005000,0 days 00:00:20.984000,0 days 02:38:57.778000,0 days 02:39:34.783000,0 days 02:39:55.767000,193.0,189.0,258.0,278.0,False,HARD,48.0,False,McLaren,0 days 02:38:37.348000,,1,2.0,False,,False,True,22.0,57.0,1018.5,False,43.8,205,0.7,True,False,False,False,False,False,+1.863,+1.863,1.863,1.863,9595.743,78.395,,,20.406,37.005,20.984,9537.778,9574.783,9595.767,9517.348
2024,Monaco Grand Prix,8,Monaco,Monaco,0 days 02:41:13.879000,PIA,81,0 days 00:01:18.136000,49.0,2.0,,Oscar Piastri,,0 days 00:00:20.416000,0 days 00:00:36.774000,0 days 00:00:20.946000,0 days 02:40:16.183000,0 days 02:40:52.957000,0 days 02:41:13.903000,196.0,189.0,258.0,279.0,False,HARD,49.0,False,McLaren,0 days 02:39:55.743000,,1,2.0,False,,False,True,22.0,57.0,1018.4,False,43.7,0,1.7,True,False,False,False,False,False,+1.493,+1.493,1.493,1.493,9673.879,78.136,,,20.416,36.774,20.946,9616.183,9652.957,9673.903,9595.743
2024,Monaco Grand Prix,8,Monaco,Monaco,0 days 02:42:32.229000,PIA,81,0 days 00:01:18.350000,50.0,2.0,,Oscar Piastri,,0 days 00:00:20.434000,0 days 00:00:36.767000,0 days 00:00:21.149000,0 days 02:41:34.337000,0 days 02:42:11.104000,0 days 02:42:32.253000,198.0,189.0,259.0,279.0,False,HARD,50.0,False,McLaren,0 days 02:41:13.879000,,1,2.0,False,,False,True,21.9,58.0,1018.5,False,43.7,354,1.0,True,False,False,False,False,False,+1.658,+1.658,1.658,1.658,9752.229,78.35,,,20.434,36.767,21.149,9694.337,9731.104,9752.253,9673.879
2024,Monaco Grand Prix,8,Monaco,Monaco,0 days 02:43:50.138000,PIA,81,0 days 00:01:17.909000,51.0,2.0,,Oscar Piastri,,0 days 00:00:20.289000,0 days 00:00:36.853000,0 days 00:00:20.767000,0 days 02:42:52.542000,0 days 02:43:29.395000,0 days 02:43:50.162000,198.0,190.0,262.0,279.0,True,HARD,51.0,False,McLaren,0 days 02:42:32.229000,,1,2.0,False,,False,True,21.9,58.0,1018.5,False,43.7,89,1.1,True,False,False,False,False,False,+1.777,+1.777,1.777,1.777,9830.138,77.909,,,20.289,36.853,20.767,9772.542,9809.395,9830.162,9752.229
2024,Monaco Grand Prix,8,Monaco,Monaco,0 days 02:45:08.352000,PIA,81,0 days 00:01:18.214000,52.0,2.0,,Oscar Piastri,,0 days 00:00:20.475000,0 days 00:00:36.918000,0 days 00:00:20.821000,0 days 02:44:10.637000,0 days 02:44:47.555000,0 days 02:45:08.376000,188.0,189.0,259.0,279.0,False,HARD,52.0,False,McLaren,0 days 02:43:50.138000,,1,2.0,False,,False,True,21.8,58.0,1018.6,False,43.0,200,0.7,True,False,False,False,False,False,+1.680,+1.680,1.68,1.68,9908.352,78.214,,,20.475,36.918,20.821,9850.637,9887.555,9908.376,9830.138
2024,Monaco Grand Prix,8,Monaco,Monaco,0 days 02:46:25.961000,PIA,81,0 days 00:01:17.609000,53.0,2.0,,Oscar Piastri,,0 days 00:00:20.197000,0 days 00:00:36.647000,0 days 00:00:20.765000,0 days 02:45:28.573000,0 days 02:46:05.220000,0 days 02:46:25.985000,198.0,191.0,260.0,278.0,True,HARD,53.0,False,McLaren,0 days 02:45:08.352000,,12,2.0,False,,False,True,21.9,58.0,1018.5,False,43.2,321,0.8,True,True,False,False,False,False,+1.541,+1.541,1.541,1.541,9985.961,77.609,,,20.197,36.647,20.765,9928.573,9965.22,9985.985,9908.352
2024,Monaco Grand Prix,8,Monaco,Monaco,0 days 02:47:43.323000,PIA,81,0 days 00:01:17.362000,54.0,2.0,,Oscar Piastri,,0 days 00:00:20.138000,0 days 00:00:36.581000,0 days 00:00:20.643000,0 days 02:46:46.123000,0 days 02:47:22.704000,0 days 02:47:43.347000,200.0,193.0,261.0,279.0,True,HARD,54.0,False,McLaren,0 days 02:46:25.961000,,1,2.0,False,,False,True,21.9,59.0,1018.6,False,43.0,228,1.1,True,False,False,False,False,False,+1.546,+1.546,1.546,1.546,10063.323,77.362,,,20.138,36.581,20.643,10006.123,10042.704,10063.347,9985.961
2024,Monaco Grand Prix,8,Monaco,Monaco,0 days 02:49:00.768000,PIA,81,0 days 00:01:17.445000,55.0,2.0,,Oscar Piastri,,0 days 00:00:20.280000,0 days 00:00:36.420000,0 days 00:00:20.745000,0 days 02:48:03.627000,0 days 02:48:40.047000,0 days 02:49:00.792000,201.0,191.0,259.0,279.0,False,HARD,55.0,False,McLaren,0 days 02:47:43.323000,,1,2.0,False,,False,True,21.9,59.0,1018.4,False,42.8,236,1.4,True,False,False,False,False,False,+1.567,+1.567,1.567,1.567,10140.768,77.445,,,20.28,36.42,20.745,10083.627,10120.047,10140.792,10063.323
2024,Monaco Grand Prix,8,Monaco,Monaco,0 days 02:50:18.224000,PIA,81,0 days 00:01:17.456000,56.0,2.0,,Oscar Piastri,,0 days 00:00:20.141000,0 days 00:00:36.593000,0 days 00:00:20.722000,0 days 02:49:20.933000,0 days 02:49:57.526000,0 days 02:50:18.248000,203.0,192.0,259.0,278.0,False,HARD,56.0,False,McLaren,0 days 02:49:00.768000,,1,2.0,False,,False,True,21.7,60.0,1018.4,False,42.4,59,0.9,True,False,False,False,False,False,+1.737,+1.737,1.737,1.737,10218.224,77.456,,,20.141,36.593,20.722,10160.933,10197.526,10218.248,10140.768
2024,Monaco Grand Prix,8,Monaco,Monaco,0 days 02:51:35.524000,PIA,81,0 days 00:01:17.300000,57.0,2.0,,Oscar Piastri,,0 days 00:00:20.171000,0 days 00:00:36.449000,0 days 00:00:20.680000,0 days 02:50:38.419000,0 days 02:51:14.868000,0 days 02:51:35.548000,198.0,193.0,259.0,277.0,True,HARD,57.0,False,McLaren,0 days 02:50:18.224000,,1,2.0,False,,False,True,21.6,60.0,1018.4,False,42.2,140,0.8,True,False,False,False,False,False,+1.397,+1.397,1.397,1.397,10295.524,77.3,,,20.171,36.449,20.68,10238.419,10274.868,10295.548,10218.224
2024,Monaco Grand Prix,8,Monaco,Monaco,0 days 02:52:52.868000,PIA,81,0 days 00:01:17.344000,58.0,2.0,,Oscar Piastri,,0 days 00:00:20.138000,0 days 00:00:36.580000,0 days 00:00:20.626000,0 days 02:51:55.686000,0 days 02:52:32.266000,0 days 02:52:52.892000,204.0,193.0,259.0,278.0,False,HARD,58.0,False,McLaren,0 days 02:51:35.524000,,1,2.0,False,,False,True,21.7,59.0,1018.5,False,42.4,0,0.6,True,False,False,False,False,False,+1.713,+1.713,1.713,1.713,10372.868,77.344,,,20.138,36.58,20.626,10315.686,10352.266,10372.892,10295.524
2024,Monaco Grand Prix,8,Monaco,Monaco,0 days 02:54:09.910000,PIA,81,0 days 00:01:17.042000,59.0,2.0,,Oscar Piastri,,0 days 00:00:20.007000,0 days 00:00:36.462000,0 days 00:00:20.573000,0 days 02:53:12.899000,0 days 02:53:49.361000,0 days 02:54:09.934000,204.0,194.0,259.0,278.0,True,HARD,59.0,False,McLaren,0 days 02:52:52.868000,,1,2.0,False,,False,True,21.8,60.0,1018.5,False,42.2,30,1.2,True,False,False,False,False,False,+1.721,+1.721,1.721,1.721,10449.91,77.042,,,20.007,36.462,20.573,10392.899,10429.361,10449.934,10372.868
2024,Monaco Grand Prix,8,Monaco,Monaco,0 days 02:55:26.527000,PIA,81,0 days 00:01:16.617000,60.0,2.0,,Oscar Piastri,,0 days 00:00:19.928000,0 days 00:00:36.142000,0 days 00:00:20.547000,0 days 02:54:29.862000,0 days 02:55:06.004000,0 days 02:55:26.551000,206.0,193.0,260.0,279.0,True,HARD,60.0,False,McLaren,0 days 02:54:09.910000,,1,2.0,False,,False,True,21.5,61.0,1018.5,False,42.3,284,0.5,True,False,False,False,False,False,+1.924,+1.924,1.924,1.924,10526.527,76.617,,,19.928,36.142,20.547,10469.862,10506.004,10526.551,10449.91
2024,Monaco Grand Prix,8,Monaco,Monaco,0 days 02:56:43.298000,PIA,81,0 days 00:01:16.771000,61.0,2.0,,Oscar Piastri,,0 days 00:00:19.986000,0 days 00:00:36.265000,0 days 00:00:20.520000,0 days 02:55:46.537000,0 days 02:56:22.802000,0 days 02:56:43.322000,202.0,193.0,260.0,280.0,False,HARD,61.0,False,McLaren,0 days 02:55:26.527000,,1,2.0,False,,False,True,21.6,60.0,1018.4,False,42.3,222,0.6,True,False,False,False,False,False,+1.832,+1.832,1.832,1.832,10603.298,76.771,,,19.986,36.265,20.52,10546.537,10582.802,10603.322,10526.527
2024,Monaco Grand Prix,8,Monaco,Monaco,0 days 02:58:00.393000,PIA,81,0 days 00:01:17.095000,62.0,2.0,,Oscar Piastri,,0 days 00:00:19.949000,0 days 00:00:36.525000,0 days 00:00:20.621000,0 days 02:57:03.271000,0 days 02:57:39.796000,0 days 02:58:00.417000,201.0,192.0,260.0,280.0,False,HARD,62.0,False,McLaren,0 days 02:56:43.298000,,1,2.0,False,,False,True,21.6,60.0,1018.4,False,42.0,241,0.9,True,False,False,False,False,False,+1.473,+1.473,1.473,1.473,10680.393,77.095,,,19.949,36.525,20.621,10623.271,10659.796,10680.417,10603.298
2024,Monaco Grand Prix,8,Monaco,Monaco,0 days 02:59:17.314000,PIA,81,0 days 00:01:16.921000,63.0,2.0,,Oscar Piastri,,0 days 00:00:19.929000,0 days 00:00:36.296000,0 days 00:00:20.696000,0 days 02:58:20.346000,0 days 02:58:56.642000,0 days 02:59:17.338000,203.0,194.0,259.0,280.0,False,HARD,63.0,False,McLaren,0 days 02:58:00.393000,,1,2.0,False,,False,True,22.0,60.0,1018.5,False,42.0,284,0.8,True,False,False,False,False,False,+1.423,+1.423,1.423,1.423,10757.314,76.921,,,19.929,36.296,20.696,10700.346,10736.642,10757.338,10680.393
2024,Monaco Grand Prix,8,Monaco,Monaco,0 days 03:00:34.223000,PIA,81,0 days 00:01:16.909000,64.0,2.0,,Oscar Piastri,,0 days 00:00:19.960000,0 days 00:00:36.311000,0 days 00:00:20.638000,0 days 02:59:37.298000,0 days 03:00:13.609000,0 days 03:00:34.247000,206.0,192.0,259.0,280.0,False,HARD,64.0,False,McLaren,0 days 02:59:17.314000,,1,2.0,False,,False,True,21.9,60.0,1018.3,False,41.2,47,0.8,True,False,False,False,False,False,+1.772,+1.772,1.772,1.772,10834.223,76.909,,,19.96,36.311,20.638,10777.298,10813.609,10834.247,10757.314
2024,Monaco Grand Prix,8,Monaco,Monaco,0 days 03:01:50.614000,PIA,81,0 days 00:01:16.391000,65.0,2.0,,Oscar Piastri,,0 days 00:00:19.859000,0 days 00:00:36.103000,0 days 00:00:20.429000,0 days 03:00:54.106000,0 days 03:01:30.209000,0 days 03:01:50.638000,208.0,195.0,260.0,280.0,True,HARD,65.0,False,McLaren,0 days 03:00:34.223000,,1,2.0,False,,False,True,21.9,60.0,1018.4,False,42.0,215,0.9,True,False,False,False,False,False,+1.563,+1.563,1.563,1.563,10910.614,76.391,,,19.859,36.103,20.429,10854.106,10890.209,10910.638,10834.223
2024,Monaco Grand Prix,8,Monaco,Monaco,0 days 03:03:07.254000,PIA,81,0 days 00:01:16.640000,66.0,2.0,,Oscar Piastri,,0 days 00:00:19.873000,0 days 00:00:36.203000,0 days 00:00:20.564000,0 days 03:02:10.511000,0 days 03:02:46.714000,0 days 03:03:07.278000,206.0,194.0,261.0,281.0,False,HARD,66.0,False,McLaren,0 days 03:01:50.614000,,1,2.0,False,,False,True,21.9,59.0,1018.4,False,41.7,283,1.2,True,False,False,False,False,False,+1.707,+1.707,1.707,1.707,10987.254,76.64,,,19.873,36.203,20.564,10930.511,10966.714,10987.278,10910.614
2024,Monaco Grand Prix,8,Monaco,Monaco,0 days 03:04:23.850000,PIA,81,0 days 00:01:16.596000,67.0,2.0,,Oscar Piastri,,0 days 00:00:19.839000,0 days 00:00:36.084000,0 days 00:00:20.673000,0 days 03:03:27.117000,0 days 03:04:03.201000,0 days 03:04:23.874000,207.0,195.0,260.0,280.0,False,HARD,67.0,False,McLaren,0 days 03:03:07.254000,,1,2.0,False,,False,True,22.0,60.0,1018.3,False,41.6,58,1.0,True,False,False,False,False,False,+2.362,+2.362,2.362,2.362,11063.85,76.596,,,19.839,36.084,20.673,11007.117,11043.201,11063.874,10987.254
2024,Monaco Grand Prix,8,Monaco,Monaco,0 days 03:05:40.451000,PIA,81,0 days 00:01:16.601000,68.0,2.0,,Oscar Piastri,,0 days 00:00:19.939000,0 days 00:00:36.158000,0 days 00:00:20.504000,0 days 03:04:43.813000,0 days 03:05:19.971000,0 days 03:05:40.475000,204.0,193.0,261.0,280.0,False,HARD,68.0,False,McLaren,0 days 03:04:23.850000,,1,2.0,False,,False,True,21.8,60.0,1018.4,False,40.9,14,0.7,True,False,False,False,False,False,+2.881,+2.881,2.881,2.881,11140.451,76.601,,,19.939,36.158,20.504,11083.813,11119.971,11140.475,11063.85
2024,Monaco Grand Prix,8,Monaco,Monaco,0 days 03:06:57.822000,PIA,81,0 days 00:01:17.371000,69.0,2.0,,Oscar Piastri,,0 days 00:00:19.897000,0 days 00:00:36.658000,0 days 00:00:20.816000,0 days 03:06:00.372000,0 days 03:06:37.030000,0 days 03:06:57.846000,203.0,192.0,267.0,281.0,False,HARD,69.0,False,McLaren,0 days 03:05:40.451000,,1,2.0,False,,False,True,21.7,61.0,1018.4,False,41.1,229,0.8,True,False,False,False,False,False,+3.934,+3.934,3.934,3.934,11217.822,77.371,,,19.897,36.658,20.816,11160.372,11197.03,11217.846,11140.451
2024,Monaco Grand Prix,8,Monaco,Monaco,0 days 03:08:15.092000,PIA,81,0 days 00:01:17.270000,70.0,2.0,,Oscar Piastri,,0 days 00:00:20.237000,0 days 00:00:36.385000,0 days 00:00:20.648000,0 days 03:07:18.083000,0 days 03:07:54.468000,0 days 03:08:15.116000,206.0,193.0,260.0,278.0,False,HARD,70.0,False,McLaren,0 days 03:06:57.822000,,1,2.0,False,,False,True,21.8,60.0,1018.4,False,41.6,209,1.0,True,False,False,False,False,False,+5.382,+5.382,5.382,5.382,11295.092,77.27,,,20.237,36.385,20.648,11238.083,11274.468,11295.116,11217.822
2024,Monaco Grand Prix,8,Monaco,Monaco,0 days 03:09:32.276000,PIA,81,0 days 00:01:17.184000,71.0,2.0,,Oscar Piastri,,0 days 00:00:20.201000,0 days 00:00:36.419000,0 days 00:00:20.564000,0 days 03:08:35.317000,0 days 03:09:11.736000,0 days 03:09:32.300000,202.0,195.0,260.0,278.0,False,HARD,71.0,False,McLaren,0 days 03:08:15.092000,,1,2.0,False,,False,True,21.7,60.0,1018.4,False,41.1,0,0.4,True,False,False,False,False,False,+7.404,+7.404,7.404,7.404,11372.276,77.184,,,20.201,36.419,20.564,11315.317,11351.736,11372.3,11295.092
2024,Monaco Grand Prix,8,Monaco,Monaco,0 days 03:10:48.928000,PIA,81,0 days 00:01:16.652000,72.0,2.0,,Oscar Piastri,,0 days 00:00:19.997000,0 days 00:00:36.187000,0 days 00:00:20.468000,0 days 03:09:52.297000,0 days 03:10:28.484000,0 days 03:10:48.952000,205.0,195.0,260.0,278.0,False,HARD,72.0,False,McLaren,0 days 03:09:32.276000,,1,2.0,False,,False,True,21.6,61.0,1018.4,False,41.0,58,0.7,True,False,False,False,False,False,+8.509,+8.509,8.509,8.509,11448.928,76.652,,,19.997,36.187,20.468,11392.297,11428.484,11448.952,11372.276
2024,Monaco Grand Prix,8,Monaco,Monaco,0 days 03:12:05.209000,PIA,81,0 days 00:01:16.281000,73.0,2.0,,Oscar Piastri,,0 days 00:00:19.884000,0 days 00:00:36.018000,0 days 00:00:20.379000,0 days 03:11:08.836000,0 days 03:11:44.854000,0 days 03:12:05.233000,209.0,196.0,260.0,279.0,True,HARD,73.0,False,McLaren,0 days 03:10:48.928000,,1,2.0,False,,False,True,21.6,62.0,1018.4,False,40.5,214,0.9,True,False,False,False,False,False,+8.571,+8.571,8.571,8.571,11525.209,76.281,,,19.884,36.018,20.379,11468.836,11504.854,11525.233,11448.928
2024,Monaco Grand Prix,8,Monaco,Monaco,0 days 03:13:21.565000,PIA,81,0 days 00:01:16.356000,74.0,2.0,,Oscar Piastri,,0 days 00:00:19.798000,0 days 00:00:36.132000,0 days 00:00:20.426000,0 days 03:12:25.031000,0 days 03:13:01.163000,0 days 03:13:21.589000,209.0,194.0,261.0,279.0,False,HARD,74.0,False,McLaren,0 days 03:12:05.209000,,1,2.0,False,,False,True,21.7,61.0,1018.4,False,40.8,293,1.1,True,False,False,False,False,False,+8.810,+8.810,8.81,8.81,11601.565,76.356,,,19.798,36.132,20.426,11545.031,11581.163,11601.589,11525.209
2024,Monaco Grand Prix,8,Monaco,Monaco,0 days 03:14:38.209000,PIA,81,0 days 00:01:16.644000,75.0,2.0,,Oscar Piastri,,0 days 00:00:19.912000,0 days 00:00:36.316000,0 days 00:00:20.416000,0 days 03:13:41.501000,0 days 03:14:17.817000,0 days 03:14:38.233000,208.0,194.0,261.0,280.0,False,HARD,75.0,False,McLaren,0 days 03:13:21.565000,,1,2.0,False,,False,True,21.7,61.0,1018.4,False,40.8,214,0.7,True,False,False,False,False,False,+9.079,+9.079,9.079,9.079,11678.209,76.644,,,19.912,36.316,20.416,11621.501,11657.817,11678.233,11601.565
2024,Monaco Grand Prix,8,Monaco,Monaco,0 days 03:15:54.799000,PIA,81,0 days 00:01:16.590000,76.0,2.0,,Oscar Piastri,,0 days 00:00:19.798000,0 days 00:00:36.224000,0 days 00:00:20.568000,0 days 03:14:58.031000,0 days 03:15:34.255000,0 days 03:15:54.823000,211.0,194.0,261.0,280.0,False,HARD,76.0,False,McLaren,0 days 03:14:38.209000,,1,2.0,False,,False,True,21.7,61.0,1018.4,False,40.6,353,0.6,True,False,False,False,False,False,+8.866,+8.866,8.866,8.866,11754.799,76.59,,,19.798,36.224,20.568,11698.031,11734.255,11754.823,11678.209
2024,Monaco Grand Prix,8,Monaco,Monaco,0 days 03:17:11.533000,PIA,81,0 days 00:01:16.734000,77.0,2.0,,Oscar Piastri,,0 days 00:00:19.982000,0 days 00:00:36.267000,0 days 00:00:20.485000,0 days 03:16:14.805000,0 days 03:16:51.072000,0 days 03:17:11.557000,209.0,194.0,262.0,283.0,False,HARD,77.0,False,McLaren,0 days 03:15:54.799000,,1,2.0,False,,False,True,21.7,61.0,1018.4,False,40.6,224,0.9,True,False,False,False,False,False,+8.662,+8.662,8.662,8.662,11831.533,76.734,,,19.982,36.267,20.485,11774.805,11811.072,11831.557,11754.799
2024,Monaco Grand Prix,8,Monaco,Monaco,0 days 03:18:28.659000,PIA,81,0 days 00:01:17.126000,78.0,2.0,,Oscar Piastri,,0 days 00:00:19.954000,0 days 00:00:36.457000,0 days 00:00:20.715000,0 days 03:17:31.511000,0 days 03:18:07.968000,0 days 03:18:28.683000,208.0,193.0,263.0,283.0,False,HARD,78.0,False,McLaren,0 days 03:17:11.533000,,1,2.0,False,,False,True,21.8,61.0,1018.4,False,40.9,284,0.8,True,False,False,False,False,False,+7.152,+7.152,7.152,7.152,11908.659,77.126,,,19.954,36.457,20.715,11851.511,11887.968,11908.683,11831.533
