Year,GrandPrix,Round,Country,Location,Time,Driver,DriverNumber,LapTime,LapNumber,Stint,PitOutTime,DriverFullName,PitInTime,Sector1Time,Sector2Time,Sector3Time,Sector1SessionTime,Sector2SessionTime,Sector3SessionTime,SpeedI1,SpeedI2,SpeedFL,SpeedST,IsPersonalBest,Compound,TyreLife,FreshTyre,Team,LapStartTime,LapStartDate,TrackStatus,Position,Deleted,DeletedReason,FastF1Generated,IsAccurate,AirTemp,Humidity,Pressure,Rainfall,TrackTemp,WindDirection,WindSpeed,HasGreen,HasYellow,HasSafetyCar,HasRedFlag,HasVSC,HasVSCEnding,GapToLeader,IntervalToPositionAhead,GapToLeaderSeconds,IntervalToPositionAheadSeconds,TimeSeconds,LapTimeSeconds,PitInTimeSeconds,PitOutTimeSeconds,Sector1TimeSeconds,Sector2TimeSeconds,Sector3TimeSeconds,Sector1SessionTimeSeconds,Sector2SessionTimeSeconds,Sector3SessionTimeSeconds,LapStartTimeSeconds
2023,British Grand Prix,10,Great Britain,Silverstone,0 days 01:03:46.121000,VER,1,0 days 00:01:37.167000,1.0,1.0,,Max Verstappen,,,0 days 00:00:38.051000,0 days 00:00:26.073000,,0 days 01:03:20.151000,0 days 01:03:46.213000,300.0,254.0,246.0,296.0,False,MEDIUM,1.0,True,Red Bull Racing,0 days 01:02:08.731000,,1,2.0,False,,False,False,21.4,54.0,1001.2,False,29.6,236,3.7,True,False,False,False,False,False,+0.616,+0.616,0.616,0.616,3826.121,97.167,,,,38.051,26.073,,3800.151,3826.213,3728.731
2023,British Grand Prix,10,Great Britain,Silverstone,0 days 01:05:19.554000,VER,1,0 days 00:01:33.433000,2.0,1.0,,Max Verstappen,,0 days 00:00:29.616000,0 days 00:00:38,0 days 00:00:25.817000,0 days 01:04:15.751000,0 days 01:04:53.751000,0 days 01:05:19.568000,290.0,255.0,244.0,291.0,True,MEDIUM,2.0,True,Red Bull Racing,0 days 01:03:46.121000,,1,2.0,False,,False,True,21.4,55.0,1001.4,False,29.5,191,3.2,True,False,False,False,False,False,+1.003,+1.003,1.003,1.003,3919.554,93.433,,,29.616,38.0,25.817,3855.751,3893.751,3919.568,3826.121
2023,British Grand Prix,10,Great Britain,Silverstone,0 days 01:06:52.284000,VER,1,0 days 00:01:32.730000,3.0,1.0,,Max Verstappen,,0 days 00:00:29.380000,0 days 00:00:37.690000,0 days 00:00:25.660000,0 days 01:05:48.948000,0 days 01:06:26.638000,0 days 01:06:52.298000,311.0,259.0,245.0,318.0,True,MEDIUM,3.0,True,Red Bull Racing,0 days 01:05:19.554000,,1,2.0,False,,False,True,21.5,54.0,1001.2,False,29.4,238,3.4,True,False,False,False,False,False,+0.525,+0.525,0.525,0.525,4012.284,92.73,,,29.38,37.69,25.66,3948.948,3986.638,4012.298,3919.554
2023,British Grand Prix,10,Great Britain,Silverstone,0 days 01:08:25.064000,VER,1,0 days 00:01:32.780000,4.0,1.0,,Max Verstappen,,0 days 00:00:29.407000,0 days 00:00:37.650000,0 days 00:00:25.723000,0 days 01:07:21.705000,0 days 01:07:59.355000,0 days 01:08:25.078000,313.0,259.0,245.0,316.0,False,MEDIUM,4.0,True,Red Bull Racing,0 days 01:06:52.284000,,1,2.0,False,,False,True,21.4,55.0,1001.2,False,29.4,188,3.2,True,False,False,False,False,False,+0.554,+0.554,0.554,0.554,4105.064,92.78,,,29.407,37.65,25.723,4041.705,4079.355,4105.078,4012.284
2023,British Grand Prix,10,Great Britain,Silverstone,0 days 01:09:57.646000,VER,1,0 days 00:01:32.582000,5.0,1.0,,Max Verstappen,,0 days 00:00:29.338000,0 days 00:00:37.403000,0 days 00:00:25.841000,0 days 01:08:54.416000,0 days 01:09:31.819000,0 days 01:09:57.660000,320.0,254.0,244.0,288.0,True,MEDIUM,5.0,True,Red Bull Racing,0 days 01:08:25.064000,,1,1.0,False,,False,True,21.4,55.0,1001.2,False,29.3,221,3.4,True,False,False,False,False,False,LAP 6,LAP 6,,,4197.646,92.582,,,29.338,37.403,25.841,4134.416,4171.819,4197.66,4105.064
2023,British Grand Prix,10,Great Britain,Silverstone,0 days 01:11:30.673000,VER,1,0 days 00:01:33.027000,6.0,1.0,,Max Verstappen,,0 days 00:00:29.667000,0 days 00:00:37.543000,0 days 00:00:25.817000,0 days 01:10:27.327000,0 days 01:11:04.870000,0 days 01:11:30.687000,290.0,255.0,245.0,285.0,False,MEDIUM,6.0,True,Red Bull Racing,0 days 01:09:57.646000,,1,1.0,False,,False,True,21.5,55.0,1001.4,False,29.4,193,3.2,True,False,False,False,False,False,LAP 6,LAP 6,,,4290.673,93.027,,,29.667,37.543,25.817,4227.327,4264.87,4290.687,4197.646
2023,British Grand Prix,10,Great Britain,Silverstone,0 days 01:13:03.773000,VER,1,0 days 00:01:33.100000,7.0,1.0,,Max Verstappen,,0 days 00:00:29.726000,0 days 00:00:37.612000,0 days 00:00:25.762000,0 days 01:12:00.413000,0 days 01:12:38.025000,0 days 01:13:03.787000,292.0,255.0,245.0,287.0,False,MEDIUM,7.0,True,Red Bull Racing,0 days 01:11:30.673000,,1,1.0,False,,False,True,21.4,54.0,1001.2,False,29.3,198,4.0,True,False,False,False,False,False,LAP 8,LAP 8,,,4383.773,93.1,,,29.726,37.612,25.762,4320.413,4358.025,4383.787,4290.673
2023,British Grand Prix,10,Great Britain,Silverstone,0 days 01:14:36.657000,VER,1,0 days 00:01:32.884000,8.0,1.0,,Max Verstappen,,0 days 00:00:29.625000,0 days 00:00:37.578000,0 days 00:00:25.681000,0 days 01:13:33.412000,0 days 01:14:10.990000,0 days 01:14:36.671000,293.0,256.0,245.0,287.0,False,MEDIUM,8.0,True,Red Bull Racing,0 days 01:13:03.773000,,1,1.0,False,,False,True,21.4,55.0,1001.2,False,29.2,190,4.0,True,False,False,False,False,False,LAP 8,LAP 8,,,4476.657,92.884,,,29.625,37.578,25.681,4413.412,4450.99,4476.671,4383.773
2023,British Grand Prix,10,Great Britain,Silverstone,0 days 01:16:09.479000,VER,1,0 days 00:01:32.822000,9.0,1.0,,Max Verstappen,,0 days 00:00:29.780000,0 days 00:00:37.489000,0 days 00:00:25.553000,0 days 01:15:06.451000,0 days 01:15:43.940000,0 days 01:16:09.493000,291.0,257.0,246.0,288.0,False,MEDIUM,9.0,True,Red Bull Racing,0 days 01:14:36.657000,,1,1.0,False,,False,True,21.4,55.0,1001.2,False,29.1,185,3.4,True,False,False,False,False,False,LAP 9,LAP 9,,,4569.479,92.822,,,29.78,37.489,25.553,4506.451,4543.94,4569.493,4476.657
2023,British Grand Prix,10,Great Britain,Silverstone,0 days 01:17:42.073000,VER,1,0 days 00:01:32.594000,10.0,1.0,,Max Verstappen,,0 days 00:00:29.660000,0 days 00:00:37.373000,0 days 00:00:25.561000,0 days 01:16:39.153000,0 days 01:17:16.526000,0 days 01:17:42.087000,293.0,257.0,245.0,287.0,False,MEDIUM,10.0,True,Red Bull Racing,0 days 01:16:09.479000,,1,1.0,False,,False,True,21.3,55.0,1001.2,False,29.1,201,3.5,True,False,False,False,False,False,LAP 11,LAP 11,,,4662.073,92.594,,,29.66,37.373,25.561,4599.153,4636.526,4662.087,4569.479
2023,British Grand Prix,10,Great Britain,Silverstone,0 days 01:19:14.670000,VER,1,0 days 00:01:32.597000,11.0,1.0,,Max Verstappen,,0 days 00:00:29.586000,0 days 00:00:37.463000,0 days 00:00:25.548000,0 days 01:18:11.673000,0 days 01:18:49.136000,0 days 01:19:14.684000,292.0,256.0,246.0,287.0,False,MEDIUM,11.0,True,Red Bull Racing,0 days 01:17:42.073000,,1,1.0,False,,False,True,21.4,55.0,1001.2,False,29.2,203,3.2,True,False,False,False,False,False,LAP 11,LAP 11,,,4754.67,92.597,,,29.586,37.463,25.548,4691.673,4729.136,4754.684,4662.073
2023,British Grand Prix,10,Great Britain,Silverstone,0 days 01:20:47.357000,VER,1,0 days 00:01:32.687000,12.0,1.0,,Max Verstappen,,0 days 00:00:29.742000,0 days 00:00:37.389000,0 days 00:00:25.556000,0 days 01:19:44.426000,0 days 01:20:21.815000,0 days 01:20:47.371000,293.0,256.0,244.0,288.0,False,MEDIUM,12.0,True,Red Bull Racing,0 days 01:19:14.670000,,1,1.0,False,,False,True,21.3,55.0,1001.2,False,29.1,187,4.5,True,False,False,False,False,False,LAP 12,LAP 12,,,4847.357,92.687,,,29.742,37.389,25.556,4784.426,4821.815,4847.371,4754.67
2023,British Grand Prix,10,Great Britain,Silverstone,0 days 01:22:20.035000,VER,1,0 days 00:01:32.678000,13.0,1.0,,Max Verstappen,,0 days 00:00:29.703000,0 days 00:00:37.319000,0 days 00:00:25.656000,0 days 01:21:17.074000,0 days 01:21:54.393000,0 days 01:22:20.049000,293.0,256.0,244.0,287.0,False,MEDIUM,13.0,True,Red Bull Racing,0 days 01:20:47.357000,,1,1.0,False,,False,True,21.4,56.0,1001.2,False,28.9,189,4.3,True,False,False,False,False,False,LAP 13,LAP 13,,,4940.035,92.678,,,29.703,37.319,25.656,4877.074,4914.393,4940.049,4847.357
2023,British Grand Prix,10,Great Britain,Silverstone,0 days 01:23:53.081000,VER,1,0 days 00:01:33.046000,14.0,1.0,,Max Verstappen,,0 days 00:00:30.031000,0 days 00:00:37.422000,0 days 00:00:25.593000,0 days 01:22:50.080000,0 days 01:23:27.502000,0 days 01:23:53.095000,289.0,255.0,246.0,289.0,False,MEDIUM,14.0,True,Red Bull Racing,0 days 01:22:20.035000,,1,1.0,False,,False,True,21.4,58.0,1001.5,False,28.7,191,3.7,True,False,False,False,False,False,LAP 15,LAP 15,,,5033.081,93.046,,,30.031,37.422,25.593,4970.08,5007.502,5033.095,4940.035
2023,British Grand Prix,10,Great Britain,Silverstone,0 days 01:25:26.071000,VER,1,0 days 00:01:32.990000,15.0,1.0,,Max Verstappen,,0 days 00:00:29.960000,0 days 00:00:37.469000,0 days 00:00:25.561000,0 days 01:24:23.055000,0 days 01:25:00.524000,0 days 01:25:26.085000,289.0,255.0,245.0,290.0,False,MEDIUM,15.0,True,Red Bull Racing,0 days 01:23:53.081000,,1,1.0,False,,False,True,21.1,60.0,1001.5,False,27.8,229,4.5,True,False,False,False,False,False,LAP 15,LAP 15,,,5126.071,92.99,,,29.96,37.469,25.561,5063.055,5100.524,5126.085,5033.081
2023,British Grand Prix,10,Great Britain,Silverstone,0 days 01:26:58.879000,VER,1,0 days 00:01:32.808000,16.0,1.0,,Max Verstappen,,0 days 00:00:29.914000,0 days 00:00:37.373000,0 days 00:00:25.521000,0 days 01:25:55.999000,0 days 01:26:33.372000,0 days 01:26:58.893000,291.0,257.0,245.0,291.0,False,MEDIUM,16.0,True,Red Bull Racing,0 days 01:25:26.071000,,1,1.0,False,,False,True,20.7,63.0,1001.5,False,27.7,212,1.8,True,False,False,False,False,False,LAP 17,LAP 17,,,5218.879,92.808,,,29.914,37.373,25.521,5155.999,5193.372,5218.893,5126.071
2023,British Grand Prix,10,Great Britain,Silverstone,0 days 01:28:31.482000,VER,1,0 days 00:01:32.603000,17.0,1.0,,Max Verstappen,,0 days 00:00:29.803000,0 days 00:00:37.276000,0 days 00:00:25.524000,0 days 01:27:28.696000,0 days 01:28:05.972000,0 days 01:28:31.496000,289.0,256.0,246.0,290.0,False,MEDIUM,17.0,True,Red Bull Racing,0 days 01:26:58.879000,,1,1.0,False,,False,True,20.5,63.0,1001.5,False,27.8,241,1.8,True,False,False,False,False,False,LAP 17,LAP 17,,,5311.482,92.603,,,29.803,37.276,25.524,5248.696,5285.972,5311.496,5218.879
2023,British Grand Prix,10,Great Britain,Silverstone,0 days 01:30:03.989000,VER,1,0 days 00:01:32.507000,18.0,1.0,,Max Verstappen,,0 days 00:00:29.877000,0 days 00:00:37.283000,0 days 00:00:25.347000,0 days 01:29:01.373000,0 days 01:29:38.656000,0 days 01:30:04.003000,290.0,256.0,245.0,293.0,True,MEDIUM,18.0,True,Red Bull Racing,0 days 01:28:31.482000,,1,1.0,False,,False,True,20.1,64.0,1001.2,False,28.3,223,2.0,True,False,False,False,False,False,LAP 18,LAP 18,,,5403.989,92.507,,,29.877,37.283,25.347,5341.373,5378.656,5404.003,5311.482
2023,British Grand Prix,10,Great Britain,Silverstone,0 days 01:31:36.327000,VER,1,0 days 00:01:32.338000,19.0,1.0,,Max Verstappen,,0 days 00:00:29.799000,0 days 00:00:37.240000,0 days 00:00:25.299000,0 days 01:30:33.802000,0 days 01:31:11.042000,0 days 01:31:36.341000,290.0,256.0,246.0,291.0,True,MEDIUM,19.0,True,Red Bull Racing,0 days 01:30:03.989000,,1,1.0,False,,False,True,20.1,64.0,1001.5,False,28.3,229,2.4,True,False,False,False,False,False,LAP 19,LAP 19,,,5496.327,92.338,,,29.799,37.24,25.299,5433.802,5471.042,5496.341,5403.989
2023,British Grand Prix,10,Great Britain,Silverstone,0 days 01:33:08.622000,VER,1,0 days 00:01:32.295000,20.0,1.0,,Max Verstappen,,0 days 00:00:29.772000,0 days 00:00:37.273000,0 days 00:00:25.250000,0 days 01:32:06.113000,0 days 01:32:43.386000,0 days 01:33:08.636000,290.0,257.0,247.0,293.0,True,MEDIUM,20.0,True,Red Bull Racing,0 days 01:31:36.327000,,1,1.0,False,,False,True,20.2,64.0,1001.4,False,29.1,201,3.2,True,False,False,False,False,False,LAP 20,LAP 20,,,5588.622,92.295,,,29.772,37.273,25.25,5526.113,5563.386,5588.636,5496.327
2023,British Grand Prix,10,Great Britain,Silverstone,0 days 01:34:41.116000,VER,1,0 days 00:01:32.494000,21.0,1.0,,Max Verstappen,,0 days 00:00:29.903000,0 days 00:00:37.239000,0 days 00:00:25.352000,0 days 01:33:38.539000,0 days 01:34:15.778000,0 days 01:34:41.130000,290.0,256.0,247.0,292.0,False,MEDIUM,21.0,True,Red Bull Racing,0 days 01:33:08.622000,,1,1.0,False,,False,True,20.3,64.0,1001.2,False,29.3,217,2.7,True,False,False,False,False,False,LAP 21,LAP 21,,,5681.116,92.494,,,29.903,37.239,25.352,5618.539,5655.778,5681.13,5588.622
2023,British Grand Prix,10,Great Britain,Silverstone,0 days 01:36:13.300000,VER,1,0 days 00:01:32.184000,22.0,1.0,,Max Verstappen,,0 days 00:00:29.664000,0 days 00:00:37.134000,0 days 00:00:25.386000,0 days 01:35:10.794000,0 days 01:35:47.928000,0 days 01:36:13.314000,290.0,257.0,246.0,292.0,True,MEDIUM,22.0,True,Red Bull Racing,0 days 01:34:41.116000,,1,1.0,False,,False,True,20.2,64.0,1001.4,False,29.6,206,2.2,True,False,False,False,False,False,LAP 22,LAP 22,,,5773.3,92.184,,,29.664,37.134,25.386,5710.794,5747.928,5773.314,5681.116
2023,British Grand Prix,10,Great Britain,Silverstone,0 days 01:37:45.572000,VER,1,0 days 00:01:32.272000,23.0,1.0,,Max Verstappen,,0 days 00:00:29.759000,0 days 00:00:37.172000,0 days 00:00:25.341000,0 days 01:36:43.073000,0 days 01:37:20.245000,0 days 01:37:45.586000,290.0,256.0,246.0,294.0,False,MEDIUM,23.0,True,Red Bull Racing,0 days 01:36:13.300000,,1,1.0,False,,False,True,20.2,64.0,1001.4,False,29.6,204,2.5,True,False,False,False,False,False,LAP 24,LAP 24,,,5865.572,92.272,,,29.759,37.172,25.341,5803.073,5840.245,5865.586,5773.3
2023,British Grand Prix,10,Great Britain,Silverstone,0 days 01:39:17.922000,VER,1,0 days 00:01:32.350000,24.0,1.0,,Max Verstappen,,0 days 00:00:29.872000,0 days 00:00:37.108000,0 days 00:00:25.370000,0 days 01:38:15.458000,0 days 01:38:52.566000,0 days 01:39:17.936000,291.0,257.0,246.0,294.0,False,MEDIUM,24.0,True,Red Bull Racing,0 days 01:37:45.572000,,1,1.0,False,,False,True,20.2,63.0,1001.4,False,29.6,214,0.8,True,False,False,False,False,False,LAP 24,LAP 24,,,5957.922,92.35,,,29.872,37.108,25.37,5895.458,5932.566,5957.936,5865.572
2023,British Grand Prix,10,Great Britain,Silverstone,0 days 01:40:50.217000,VER,1,0 days 00:01:32.295000,25.0,1.0,,Max Verstappen,,0 days 00:00:29.912000,0 days 00:00:37.183000,0 days 00:00:25.200000,0 days 01:39:47.848000,0 days 01:40:25.031000,0 days 01:40:50.231000,289.0,257.0,247.0,297.0,False,MEDIUM,25.0,True,Red Bull Racing,0 days 01:39:17.922000,,1,1.0,False,,False,True,20.4,62.0,1001.4,False,30.9,145,1.7,True,False,False,False,False,False,LAP 25,LAP 25,,,6050.217,92.295,,,29.912,37.183,25.2,5987.848,6025.031,6050.231,5957.922
2023,British Grand Prix,10,Great Britain,Silverstone,0 days 01:42:22.493000,VER,1,0 days 00:01:32.276000,26.0,1.0,,Max Verstappen,,0 days 00:00:29.752000,0 days 00:00:37.242000,0 days 00:00:25.282000,0 days 01:41:19.983000,0 days 01:41:57.225000,0 days 01:42:22.507000,288.0,257.0,247.0,292.0,False,MEDIUM,26.0,True,Red Bull Racing,0 days 01:40:50.217000,,1,1.0,False,,False,True,20.5,62.0,1001.4,False,31.4,240,1.1,True,False,False,False,False,False,LAP 26,LAP 26,,,6142.493,92.276,,,29.752,37.242,25.282,6079.983,6117.225,6142.507,6050.217
2023,British Grand Prix,10,Great Britain,Silverstone,0 days 01:43:54.631000,VER,1,0 days 00:01:32.138000,27.0,1.0,,Max Verstappen,,0 days 00:00:29.668000,0 days 00:00:37.223000,0 days 00:00:25.247000,0 days 01:42:52.175000,0 days 01:43:29.398000,0 days 01:43:54.645000,290.0,257.0,247.0,294.0,True,MEDIUM,27.0,True,Red Bull Racing,0 days 01:42:22.493000,,1,1.0,False,,False,True,20.6,61.0,1001.4,False,32.4,225,2.4,True,False,False,False,False,False,LAP 27,LAP 27,,,6234.631,92.138,,,29.668,37.223,25.247,6172.175,6209.398,6234.645,6142.493
2023,British Grand Prix,10,Great Britain,Silverstone,0 days 01:45:26.846000,VER,1,0 days 00:01:32.215000,28.0,1.0,,Max Verstappen,,0 days 00:00:29.826000,0 days 00:00:37.244000,0 days 00:00:25.145000,0 days 01:44:24.471000,0 days 01:45:01.715000,0 days 01:45:26.860000,289.0,256.0,248.0,295.0,False,MEDIUM,28.0,True,Red Bull Racing,0 days 01:43:54.631000,,1,1.0,False,,False,True,20.8,62.0,1001.4,False,32.4,209,1.2,True,False,False,False,False,False,LAP 28,LAP 28,,,6326.846,92.215,,,29.826,37.244,25.145,6264.471,6301.715,6326.86,6234.631
2023,British Grand Prix,10,Great Britain,Silverstone,0 days 01:46:59.097000,VER,1,0 days 00:01:32.251000,29.0,1.0,,Max Verstappen,,0 days 00:00:29.871000,0 days 00:00:37.266000,0 days 00:00:25.114000,0 days 01:45:56.731000,0 days 01:46:33.997000,0 days 01:46:59.111000,290.0,257.0,248.0,295.0,False,MEDIUM,29.0,True,Red Bull Racing,0 days 01:45:26.846000,,1,1.0,False,,False,True,20.9,61.0,1001.4,False,33.3,175,2.5,True,False,False,False,False,False,LAP 29,LAP 29,,,6419.097,92.251,,,29.871,37.266,25.114,6356.731,6393.997,6419.111,6326.846
2023,British Grand Prix,10,Great Britain,Silverstone,0 days 01:48:31.460000,VER,1,0 days 00:01:32.363000,30.0,1.0,,Max Verstappen,,0 days 00:00:29.844000,0 days 00:00:37.229000,0 days 00:00:25.290000,0 days 01:47:28.955000,0 days 01:48:06.184000,0 days 01:48:31.474000,289.0,257.0,247.0,293.0,False,MEDIUM,30.0,True,Red Bull Racing,0 days 01:46:59.097000,,1,1.0,False,,False,True,21.0,61.0,1001.4,False,33.3,212,1.6,True,False,False,False,False,False,LAP 31,LAP 31,,,6511.46,92.363,,,29.844,37.229,25.29,6448.955,6486.184,6511.474,6419.097
2023,British Grand Prix,10,Great Britain,Silverstone,0 days 01:50:03.848000,VER,1,0 days 00:01:32.388000,31.0,1.0,,Max Verstappen,,0 days 00:00:29.905000,0 days 00:00:37.230000,0 days 00:00:25.253000,0 days 01:49:01.379000,0 days 01:49:38.609000,0 days 01:50:03.862000,289.0,258.0,248.0,293.0,False,MEDIUM,31.0,True,Red Bull Racing,0 days 01:48:31.460000,,1,1.0,False,,False,True,21.1,62.0,1001.2,False,32.4,207,3.0,True,False,False,False,False,False,LAP 31,LAP 31,,,6603.848,92.388,,,29.905,37.23,25.253,6541.379,6578.609,6603.862,6511.46
2023,British Grand Prix,10,Great Britain,Silverstone,0 days 01:51:36.058000,VER,1,0 days 00:01:32.210000,32.0,1.0,,Max Verstappen,,0 days 00:00:29.879000,0 days 00:00:37.136000,0 days 00:00:25.195000,0 days 01:50:33.741000,0 days 01:51:10.877000,0 days 01:51:36.072000,289.0,259.0,248.0,293.0,False,MEDIUM,32.0,True,Red Bull Racing,0 days 01:50:03.848000,,1,1.0,False,,False,True,21.0,62.0,1001.4,False,31.4,235,2.2,True,False,False,False,False,False,LAP 32,LAP 32,,,6696.058,92.21,,,29.879,37.136,25.195,6633.741,6670.877,6696.072,6603.848
2023,British Grand Prix,10,Great Britain,Silverstone,0 days 01:53:34.669000,VER,1,0 days 00:01:58.611000,33.0,1.0,,Max Verstappen,0 days 01:53:28.742000,0 days 00:00:38.163000,0 days 00:00:50.088000,0 days 00:00:30.360000,0 days 01:52:14.235000,0 days 01:53:04.323000,0 days 01:53:34.683000,189.0,227.0,,236.0,False,MEDIUM,33.0,True,Red Bull Racing,0 days 01:51:36.058000,,1264,1.0,False,,False,False,21.0,63.0,1001.2,False,30.6,179,1.3,True,True,True,False,True,False,LAP 34,LAP 34,,,6814.669,118.611,6808.742,,38.163,50.088,30.36,6734.235,6784.323,6814.683,6696.058
2023,British Grand Prix,10,Great Britain,Silverstone,0 days 01:56:33.154000,VER,1,,34.0,2.0,0 days 01:53:57.789000,Max Verstappen,,0 days 00:01:11.057000,0 days 00:01:05.568000,0 days 00:00:41.846000,0 days 01:54:45.866000,0 days 01:55:51.396000,0 days 01:56:33.255000,133.0,127.0,149.0,139.0,False,SOFT,4.0,False,Red Bull Racing,0 days 01:53:34.669000,,4,1.0,False,,False,False,21.0,63.0,1001.2,False,30.5,201,1.7,False,False,True,False,False,False,LAP 35,LAP 35,,,6993.154,,,6837.789,71.057,65.568,41.846,6885.866,6951.396,6993.255,6814.669
2023,British Grand Prix,10,Great Britain,Silverstone,0 days 01:59:00.925000,VER,1,0 days 00:02:27.771000,35.0,2.0,,Max Verstappen,,0 days 00:00:48.617000,0 days 00:00:59.552000,0 days 00:00:39.602000,0 days 01:57:21.785000,0 days 01:58:21.337000,0 days 01:59:00.939000,126.0,202.0,148.0,222.0,False,SOFT,5.0,False,Red Bull Racing,0 days 01:56:33.154000,,4,1.0,False,,False,False,20.9,63.0,1001.2,False,30.1,238,1.1,False,False,True,False,False,False,LAP 36,LAP 36,,,7140.925,147.771,,,48.617,59.552,39.602,7041.785,7101.337,7140.939,6993.154
2023,British Grand Prix,10,Great Britain,Silverstone,0 days 02:01:27.470000,VER,1,0 days 00:02:26.545000,36.0,2.0,,Max Verstappen,,0 days 00:00:52.402000,0 days 00:00:57.524000,0 days 00:00:36.619000,0 days 01:59:53.341000,0 days 02:00:50.865000,0 days 02:01:27.484000,165.0,187.0,149.0,250.0,False,SOFT,6.0,False,Red Bull Racing,0 days 01:59:00.925000,,4,1.0,False,,False,False,21.0,63.0,1001.2,False,30.1,236,1.3,False,False,True,False,False,False,LAP 37,LAP 37,,,7287.47,146.545,,,52.402,57.524,36.619,7193.341,7250.865,7287.484,7140.925
2023,British Grand Prix,10,Great Britain,Silverstone,0 days 02:03:51.305000,VER,1,0 days 00:02:23.835000,37.0,2.0,,Max Verstappen,,0 days 00:00:49.228000,0 days 00:00:57.444000,0 days 00:00:37.163000,0 days 02:02:16.712000,0 days 02:03:14.156000,0 days 02:03:51.319000,124.0,204.0,163.0,234.0,False,SOFT,7.0,False,Red Bull Racing,0 days 02:01:27.470000,,4,1.0,False,,False,False,20.9,63.0,1001.2,False,29.7,246,0.8,False,False,True,False,False,False,LAP 38,LAP 38,,,7431.305,143.835,,,49.228,57.444,37.163,7336.712,7394.156,7431.319,7287.47
2023,British Grand Prix,10,Great Britain,Silverstone,0 days 02:06:12.979000,VER,1,0 days 00:02:21.674000,38.0,2.0,,Max Verstappen,,0 days 00:00:41.251000,0 days 00:00:57.488000,0 days 00:00:42.935000,0 days 02:04:32.570000,0 days 02:05:30.058000,0 days 02:06:12.993000,258.0,197.0,251.0,85.0,False,SOFT,8.0,False,Red Bull Racing,0 days 02:03:51.305000,,41,1.0,False,,False,False,20.9,63.0,1001.2,False,29.4,199,1.8,True,False,True,False,False,False,LAP 39,LAP 39,,,7572.979,141.674,,,41.251,57.488,42.935,7472.57,7530.058,7572.993,7431.305
2023,British Grand Prix,10,Great Britain,Silverstone,0 days 02:07:43.327000,VER,1,0 days 00:01:30.348000,39.0,2.0,,Max Verstappen,,0 days 00:00:28.668000,0 days 00:00:36.724000,0 days 00:00:24.956000,0 days 02:06:41.661000,0 days 02:07:18.385000,0 days 02:07:43.341000,298.0,260.0,249.0,289.0,True,SOFT,9.0,False,Red Bull Racing,0 days 02:06:12.979000,,1,1.0,False,,False,True,21.0,64.0,1001.2,False,29.3,201,1.2,True,False,False,False,False,False,LAP 40,LAP 40,,,7663.327,90.348,,,28.668,36.724,24.956,7601.661,7638.385,7663.341,7572.979
2023,British Grand Prix,10,Great Britain,Silverstone,0 days 02:09:13.874000,VER,1,0 days 00:01:30.547000,40.0,2.0,,Max Verstappen,,0 days 00:00:29.056000,0 days 00:00:36.602000,0 days 00:00:24.889000,0 days 02:08:12.397000,0 days 02:08:48.999000,0 days 02:09:13.888000,291.0,261.0,249.0,290.0,False,SOFT,10.0,False,Red Bull Racing,0 days 02:07:43.327000,,1,1.0,False,,False,True,21.0,63.0,1001.0,False,29.5,218,1.1,True,False,False,False,False,False,LAP 41,LAP 41,,,7753.874,90.547,,,29.056,36.602,24.889,7692.397,7728.999,7753.888,7663.327
2023,British Grand Prix,10,Great Britain,Silverstone,0 days 02:10:44.562000,VER,1,0 days 00:01:30.688000,41.0,2.0,,Max Verstappen,,0 days 00:00:29.118000,0 days 00:00:36.630000,0 days 00:00:24.940000,0 days 02:09:43.006000,0 days 02:10:19.636000,0 days 02:10:44.576000,294.0,261.0,250.0,294.0,False,SOFT,11.0,False,Red Bull Racing,0 days 02:09:13.874000,,1,1.0,False,,False,True,21.1,62.0,1001.0,False,29.7,192,2.4,True,False,False,False,False,False,LAP 42,LAP 42,,,7844.562,90.688,,,29.118,36.63,24.94,7783.006,7819.636,7844.576,7753.874
2023,British Grand Prix,10,Great Britain,Silverstone,0 days 02:12:14.837000,VER,1,0 days 00:01:30.275000,42.0,2.0,,Max Verstappen,,0 days 00:00:29.078000,0 days 00:00:36.353000,0 days 00:00:24.844000,0 days 02:11:13.654000,0 days 02:11:50.007000,0 days 02:12:14.851000,294.0,264.0,250.0,293.0,True,SOFT,12.0,False,Red Bull Racing,0 days 02:10:44.562000,,1,1.0,False,,False,True,21.2,61.0,1001.0,False,29.9,192,1.0,True,False,False,False,False,False,LAP 42,LAP 42,,,7934.837,90.275,,,29.078,36.353,24.844,7873.654,7910.007,7934.851,7844.562
2023,British Grand Prix,10,Great Britain,Silverstone,0 days 02:13:45.372000,VER,1,0 days 00:01:30.535000,43.0,2.0,,Max Verstappen,,0 days 00:00:29.205000,0 days 00:00:36.344000,0 days 00:00:24.986000,0 days 02:12:44.056000,0 days 02:13:20.400000,0 days 02:13:45.386000,295.0,262.0,248.0,294.0,False,SOFT,13.0,False,Red Bull Racing,0 days 02:12:14.837000,,1,1.0,False,,False,True,21.4,61.0,1001.0,False,30.7,177,1.7,True,False,False,False,False,False,LAP 43,LAP 43,,,8025.372,90.535,,,29.205,36.344,24.986,7964.056,8000.4,8025.386,7934.837
2023,British Grand Prix,10,Great Britain,Silverstone,0 days 02:15:16.020000,VER,1,0 days 00:01:30.648000,44.0,2.0,,Max Verstappen,,0 days 00:00:29.135000,0 days 00:00:36.586000,0 days 00:00:24.927000,0 days 02:14:14.521000,0 days 02:14:51.107000,0 days 02:15:16.034000,295.0,262.0,250.0,293.0,False,SOFT,14.0,False,Red Bull Racing,0 days 02:13:45.372000,,1,1.0,False,,False,True,21.4,57.0,1001.0,False,31.1,220,2.0,True,False,False,False,False,False,LAP 44,LAP 44,,,8116.02,90.648,,,29.135,36.586,24.927,8054.521,8091.107,8116.034,8025.372
2023,British Grand Prix,10,Great Britain,Silverstone,0 days 02:16:47.362000,VER,1,0 days 00:01:31.342000,45.0,2.0,,Max Verstappen,,0 days 00:00:29.245000,0 days 00:00:36.759000,0 days 00:00:25.338000,0 days 02:15:45.279000,0 days 02:16:22.038000,0 days 02:16:47.376000,297.0,261.0,247.0,291.0,False,SOFT,15.0,False,Red Bull Racing,0 days 02:15:16.020000,,1,1.0,False,,False,True,21.4,57.0,1001.0,False,30.4,212,2.0,True,False,False,False,False,False,LAP 46,LAP 46,,,8207.362,91.342,,,29.245,36.759,25.338,8145.279,8182.038,8207.376,8116.02
2023,British Grand Prix,10,Great Britain,Silverstone,0 days 02:18:18.476000,VER,1,0 days 00:01:31.114000,46.0,2.0,,Max Verstappen,,0 days 00:00:29.413000,0 days 00:00:36.576000,0 days 00:00:25.125000,0 days 02:17:16.789000,0 days 02:17:53.365000,0 days 02:18:18.490000,298.0,262.0,248.0,293.0,False,SOFT,16.0,False,Red Bull Racing,0 days 02:16:47.362000,,1,1.0,False,,False,True,21.4,57.0,1001.0,False,30.3,186,3.0,True,False,False,False,False,False,LAP 46,LAP 46,,,8298.476,91.114,,,29.413,36.576,25.125,8236.789,8273.365,8298.49,8207.362
2023,British Grand Prix,10,Great Britain,Silverstone,0 days 02:19:49.624000,VER,1,0 days 00:01:31.148000,47.0,2.0,,Max Verstappen,,0 days 00:00:29.339000,0 days 00:00:36.621000,0 days 00:00:25.188000,0 days 02:18:47.829000,0 days 02:19:24.450000,0 days 02:19:49.638000,297.0,263.0,249.0,292.0,False,SOFT,17.0,False,Red Bull Racing,0 days 02:18:18.476000,,1,1.0,False,,False,True,21.4,59.0,1001.0,False,30.0,192,2.4,True,False,False,False,False,False,LAP 48,LAP 48,,,8389.624,91.148,,,29.339,36.621,25.188,8327.829,8364.45,8389.638,8298.476
2023,British Grand Prix,10,Great Britain,Silverstone,0 days 02:21:21.024000,VER,1,0 days 00:01:31.400000,48.0,2.0,,Max Verstappen,,0 days 00:00:29.405000,0 days 00:00:36.769000,0 days 00:00:25.226000,0 days 02:20:19.043000,0 days 02:20:55.812000,0 days 02:21:21.038000,297.0,260.0,249.0,289.0,False,SOFT,18.0,False,Red Bull Racing,0 days 02:19:49.624000,,1,1.0,False,,False,True,21.5,58.0,1001.0,False,30.0,229,2.4,True,False,False,False,False,False,LAP 48,LAP 48,,,8481.024,91.4,,,29.405,36.769,25.226,8419.043,8455.812,8481.038,8389.624
2023,British Grand Prix,10,Great Britain,Silverstone,0 days 02:22:52.242000,VER,1,0 days 00:01:31.218000,49.0,2.0,,Max Verstappen,,0 days 00:00:29.336000,0 days 00:00:36.686000,0 days 00:00:25.196000,0 days 02:21:50.374000,0 days 02:22:27.060000,0 days 02:22:52.256000,299.0,261.0,249.0,290.0,False,SOFT,19.0,False,Red Bull Racing,0 days 02:21:21.024000,,1,1.0,False,,False,True,21.5,54.0,1001.0,False,29.6,188,3.4,True,False,False,False,False,False,LAP 50,LAP 50,,,8572.242,91.218,,,29.336,36.686,25.196,8510.374,8547.06,8572.256,8481.024
2023,British Grand Prix,10,Great Britain,Silverstone,0 days 02:24:23.534000,VER,1,0 days 00:01:31.292000,50.0,2.0,,Max Verstappen,,0 days 00:00:29.424000,0 days 00:00:36.739000,0 days 00:00:25.129000,0 days 02:23:21.680000,0 days 02:23:58.419000,0 days 02:24:23.548000,299.0,262.0,249.0,291.0,False,SOFT,20.0,False,Red Bull Racing,0 days 02:22:52.242000,,1,1.0,False,,False,True,21.6,54.0,1000.9,False,29.6,200,4.3,True,False,False,False,False,False,LAP 50,LAP 50,,,8663.534,91.292,,,29.424,36.739,25.129,8601.68,8638.419,8663.548,8572.242
2023,British Grand Prix,10,Great Britain,Silverstone,0 days 02:25:54.931000,VER,1,0 days 00:01:31.397000,51.0,2.0,,Max Verstappen,,0 days 00:00:29.400000,0 days 00:00:36.701000,0 days 00:00:25.296000,0 days 02:24:52.948000,0 days 02:25:29.649000,0 days 02:25:54.945000,299.0,262.0,250.0,290.0,False,SOFT,21.0,False,Red Bull Racing,0 days 02:24:23.534000,,1,1.0,False,,False,True,21.7,54.0,1001.0,False,30.2,203,3.7,True,False,False,False,False,False,LAP 51,LAP 51,,,8754.931,91.397,,,29.4,36.701,25.296,8692.948,8729.649,8754.945,8663.534
2023,British Grand Prix,10,Great Britain,Silverstone,0 days 02:27:25.906000,VER,1,0 days 00:01:30.975000,52.0,2.0,,Max Verstappen,,0 days 00:00:29.220000,0 days 00:00:36.604000,0 days 00:00:25.151000,0 days 02:26:24.165000,0 days 02:27:00.769000,0 days 02:27:25.920000,299.0,262.0,249.0,291.0,False,SOFT,22.0,False,Red Bull Racing,0 days 02:25:54.931000,,1,1.0,False,,False,True,21.8,53.0,1001.0,False,30.2,188,3.5,True,False,False,False,False,False,LAP 52,LAP 52,,,8845.906,90.975,,,29.22,36.604,25.151,8784.165,8820.769,8845.92,8754.931
2023,British Grand Prix,10,Great Britain,Silverstone,0 days 01:03:49.968000,GAS,10,0 days 00:01:41.014000,1.0,1.0,,Pierre Gasly,,,0 days 00:00:39.270000,0 days 00:00:26.911000,,0 days 01:03:23.198000,0 days 01:03:50.072000,299.0,249.0,244.0,295.0,False,MEDIUM,1.0,True,Alpine,0 days 01:02:08.731000,,1,9.0,False,,False,False,21.4,54.0,1001.2,False,29.6,236,3.7,True,False,False,False,False,False,+4.463,+0.350,4.463,0.35,3829.968,101.014,,,,39.27,26.911,,3803.198,3830.072,3728.731
2023,British Grand Prix,10,Great Britain,Silverstone,0 days 01:05:24.674000,GAS,10,0 days 00:01:34.706000,2.0,1.0,,Pierre Gasly,,0 days 00:00:29.954000,0 days 00:00:38.367000,0 days 00:00:26.385000,0 days 01:04:19.940000,0 days 01:04:58.307000,0 days 01:05:24.692000,289.0,249.0,244.0,294.0,True,MEDIUM,2.0,True,Alpine,0 days 01:03:49.968000,,1,9.0,False,,False,True,21.4,55.0,1001.4,False,29.5,191,3.2,True,False,False,False,False,False,+6.069,+0.693,6.069,0.693,3924.674,94.706,,,29.954,38.367,26.385,3859.94,3898.307,3924.692,3829.968
2023,British Grand Prix,10,Great Britain,Silverstone,0 days 01:06:58.279000,GAS,10,0 days 00:01:33.605000,3.0,1.0,,Pierre Gasly,,0 days 00:00:29.596000,0 days 00:00:38.168000,0 days 00:00:25.841000,0 days 01:05:54.288000,0 days 01:06:32.456000,0 days 01:06:58.297000,306.0,253.0,244.0,317.0,True,MEDIUM,3.0,True,Alpine,0 days 01:05:24.674000,,1,9.0,False,,False,True,21.5,54.0,1001.2,False,29.4,238,3.4,True,False,False,False,False,False,+6.548,+0.638,6.548,0.638,4018.279,93.605,,,29.596,38.168,25.841,3954.288,3992.456,4018.297,3924.674
2023,British Grand Prix,10,Great Britain,Silverstone,0 days 01:08:31.628000,GAS,10,0 days 00:01:33.349000,4.0,1.0,,Pierre Gasly,,0 days 00:00:29.492000,0 days 00:00:38.086000,0 days 00:00:25.771000,0 days 01:07:27.789000,0 days 01:08:05.875000,0 days 01:08:31.646000,304.0,254.0,245.0,314.0,True,MEDIUM,4.0,True,Alpine,0 days 01:06:58.279000,,1,9.0,False,,False,True,21.4,55.0,1001.2,False,29.4,188,3.2,True,False,False,False,False,False,+7.125,+0.901,7.125,0.901,4111.628,93.349,,,29.492,38.086,25.771,4047.789,4085.875,4111.646,4018.279
2023,British Grand Prix,10,Great Britain,Silverstone,0 days 01:10:05.491000,GAS,10,0 days 00:01:33.863000,5.0,1.0,,Pierre Gasly,,0 days 00:00:29.566000,0 days 00:00:38.120000,0 days 00:00:26.177000,0 days 01:09:01.212000,0 days 01:09:39.332000,0 days 01:10:05.509000,302.0,251.0,244.0,293.0,False,MEDIUM,5.0,True,Alpine,0 days 01:08:31.628000,,1,9.0,False,,False,True,21.4,55.0,1001.2,False,29.3,221,3.4,True,False,False,False,False,False,+7.845,+1.046,7.845,1.046,4205.491,93.863,,,29.566,38.12,26.177,4141.212,4179.332,4205.509,4111.628
2023,British Grand Prix,10,Great Britain,Silverstone,0 days 01:11:39.634000,GAS,10,0 days 00:01:34.143000,6.0,1.0,,Pierre Gasly,,0 days 00:00:29.697000,0 days 00:00:38.381000,0 days 00:00:26.065000,0 days 01:10:35.206000,0 days 01:11:13.587000,0 days 01:11:39.652000,302.0,252.0,244.0,310.0,False,MEDIUM,6.0,True,Alpine,0 days 01:10:05.491000,,1,9.0,False,,False,True,21.5,55.0,1001.4,False,29.4,193,3.2,True,False,False,False,False,False,+8.916,+0.683,8.916,0.683,4299.634,94.143,,,29.697,38.381,26.065,4235.206,4273.587,4299.652,4205.491
2023,British Grand Prix,10,Great Britain,Silverstone,0 days 01:13:14.033000,GAS,10,0 days 00:01:34.399000,7.0,1.0,,Pierre Gasly,,0 days 00:00:29.916000,0 days 00:00:38.456000,0 days 00:00:26.027000,0 days 01:12:09.568000,0 days 01:12:48.024000,0 days 01:13:14.051000,302.0,253.0,243.0,313.0,False,MEDIUM,7.0,True,Alpine,0 days 01:11:39.634000,,1,9.0,False,,False,True,21.4,54.0,1001.2,False,29.3,198,4.0,True,False,False,False,False,False,+10.260,+0.616,10.26,0.616,4394.033,94.399,,,29.916,38.456,26.027,4329.568,4368.024,4394.051,4299.634
2023,British Grand Prix,10,Great Britain,Silverstone,0 days 01:14:47.938000,GAS,10,0 days 00:01:33.905000,8.0,1.0,,Pierre Gasly,,0 days 00:00:29.751000,0 days 00:00:38.006000,0 days 00:00:26.148000,0 days 01:13:43.802000,0 days 01:14:21.808000,0 days 01:14:47.956000,299.0,254.0,243.0,310.0,False,MEDIUM,8.0,True,Alpine,0 days 01:13:14.033000,,1,9.0,False,,False,True,21.5,55.0,1001.4,False,29.1,201,3.5,True,False,False,False,False,False,+11.281,+0.502,11.281,0.502,4487.938,93.905,,,29.751,38.006,26.148,4423.802,4461.808,4487.956,4394.033
2023,British Grand Prix,10,Great Britain,Silverstone,0 days 01:16:21.530000,GAS,10,0 days 00:01:33.592000,9.0,1.0,,Pierre Gasly,,0 days 00:00:29.741000,0 days 00:00:37.850000,0 days 00:00:26.001000,0 days 01:15:17.697000,0 days 01:15:55.547000,0 days 01:16:21.548000,300.0,253.0,244.0,311.0,False,MEDIUM,9.0,True,Alpine,0 days 01:14:47.938000,,1,9.0,False,,False,True,21.4,55.0,1001.2,False,29.1,185,3.4,True,False,False,False,False,False,+12.051,+0.437,12.051,0.437,4581.53,93.592,,,29.741,37.85,26.001,4517.697,4555.547,4581.548,4487.938
2023,British Grand Prix,10,Great Britain,Silverstone,0 days 01:17:55.385000,GAS,10,0 days 00:01:33.855000,10.0,1.0,,Pierre Gasly,,0 days 00:00:29.747000,0 days 00:00:37.908000,0 days 00:00:26.200000,0 days 01:16:51.295000,0 days 01:17:29.203000,0 days 01:17:55.403000,300.0,252.0,244.0,307.0,False,MEDIUM,10.0,True,Alpine,0 days 01:16:21.530000,,1,9.0,False,,False,True,21.3,55.0,1001.2,False,29.2,202,3.7,True,False,False,False,False,False,+13.267,+0.564,13.267,0.564,4675.385,93.855,,,29.747,37.908,26.2,4611.295,4649.203,4675.403,4581.53
2023,British Grand Prix,10,Great Britain,Silverstone,0 days 01:19:29.221000,GAS,10,0 days 00:01:33.836000,11.0,1.0,,Pierre Gasly,,0 days 00:00:29.877000,0 days 00:00:37.962000,0 days 00:00:25.997000,0 days 01:18:25.280000,0 days 01:19:03.242000,0 days 01:19:29.239000,298.0,252.0,242.0,305.0,False,MEDIUM,11.0,True,Alpine,0 days 01:17:55.385000,,1,9.0,False,,False,True,21.4,55.0,1001.2,False,29.2,203,3.2,True,False,False,False,False,False,+14.551,+0.680,14.551,0.68,4769.221,93.836,,,29.877,37.962,25.997,4705.28,4743.242,4769.239,4675.385
2023,British Grand Prix,10,Great Britain,Silverstone,0 days 01:21:02.926000,GAS,10,0 days 00:01:33.705000,12.0,1.0,,Pierre Gasly,,0 days 00:00:29.806000,0 days 00:00:37.902000,0 days 00:00:25.997000,0 days 01:19:59.045000,0 days 01:20:36.947000,0 days 01:21:02.944000,299.0,252.0,245.0,305.0,False,MEDIUM,12.0,True,Alpine,0 days 01:19:29.221000,,1,9.0,False,,False,True,21.3,55.0,1001.2,False,29.1,187,4.5,True,False,False,False,False,False,+15.562,+0.448,15.562,0.448,4862.926,93.705,,,29.806,37.902,25.997,4799.045,4836.947,4862.944,4769.221
2023,British Grand Prix,10,Great Britain,Silverstone,0 days 01:22:36.609000,GAS,10,0 days 00:01:33.683000,13.0,1.0,,Pierre Gasly,,0 days 00:00:29.790000,0 days 00:00:37.925000,0 days 00:00:25.968000,0 days 01:21:32.734000,0 days 01:22:10.659000,0 days 01:22:36.627000,299.0,253.0,245.0,304.0,False,MEDIUM,13.0,True,Alpine,0 days 01:21:02.926000,,1,9.0,False,,False,True,21.4,56.0,1001.2,False,28.9,189,4.3,True,False,False,False,False,False,+16.574,+0.552,16.574,0.552,4956.609,93.683,,,29.79,37.925,25.968,4892.734,4930.659,4956.627,4862.926
2023,British Grand Prix,10,Great Britain,Silverstone,0 days 01:24:10.452000,GAS,10,0 days 00:01:33.843000,14.0,1.0,,Pierre Gasly,,0 days 00:00:29.922000,0 days 00:00:38.058000,0 days 00:00:25.863000,0 days 01:23:06.549000,0 days 01:23:44.607000,0 days 01:24:10.470000,296.0,254.0,245.0,306.0,False,MEDIUM,14.0,True,Alpine,0 days 01:22:36.609000,,1,9.0,False,,False,True,21.4,58.0,1001.5,False,28.7,191,3.7,True,False,False,False,False,False,+17.371,+0.515,17.371,0.515,5050.452,93.843,,,29.922,38.058,25.863,4986.549,5024.607,5050.47,4956.609
2023,British Grand Prix,10,Great Britain,Silverstone,0 days 01:25:44.221000,GAS,10,0 days 00:01:33.769000,15.0,1.0,,Pierre Gasly,,0 days 00:00:29.671000,0 days 00:00:38.183000,0 days 00:00:25.915000,0 days 01:24:40.141000,0 days 01:25:18.324000,0 days 01:25:44.239000,313.0,255.0,245.0,307.0,False,MEDIUM,15.0,True,Alpine,0 days 01:24:10.452000,,1,9.0,False,,False,True,21.1,60.0,1001.5,False,27.8,229,4.5,True,False,False,False,False,False,+18.115,+0.527,18.115,0.527,5144.221,93.769,,,29.671,38.183,25.915,5080.141,5118.324,5144.239,5050.452
2023,British Grand Prix,10,Great Britain,Silverstone,0 days 01:27:17.756000,GAS,10,0 days 00:01:33.535000,16.0,1.0,,Pierre Gasly,,0 days 00:00:29.712000,0 days 00:00:37.938000,0 days 00:00:25.885000,0 days 01:26:13.951000,0 days 01:26:51.889000,0 days 01:27:17.774000,297.0,253.0,245.0,303.0,False,MEDIUM,16.0,True,Alpine,0 days 01:25:44.221000,,1,9.0,False,,False,True,20.7,63.0,1001.5,False,27.7,212,1.8,True,False,False,False,False,False,+18.847,+0.637,18.847,0.637,5237.756,93.535,,,29.712,37.938,25.885,5173.951,5211.889,5237.774,5144.221
2023,British Grand Prix,10,Great Britain,Silverstone,0 days 01:28:50.894000,GAS,10,0 days 00:01:33.138000,17.0,1.0,,Pierre Gasly,,0 days 00:00:29.790000,0 days 00:00:37.516000,0 days 00:00:25.832000,0 days 01:27:47.564000,0 days 01:28:25.080000,0 days 01:28:50.912000,298.0,254.0,244.0,306.0,True,MEDIUM,17.0,True,Alpine,0 days 01:27:17.756000,,1,9.0,False,,False,True,20.1,63.0,1001.4,False,27.9,222,2.2,True,False,False,False,False,False,+19.412,+0.596,19.412,0.596,5330.894,93.138,,,29.79,37.516,25.832,5267.564,5305.08,5330.912,5237.756
2023,British Grand Prix,10,Great Britain,Silverstone,0 days 01:30:24.185000,GAS,10,0 days 00:01:33.291000,18.0,1.0,,Pierre Gasly,,0 days 00:00:29.817000,0 days 00:00:37.714000,0 days 00:00:25.760000,0 days 01:29:20.729000,0 days 01:29:58.443000,0 days 01:30:24.203000,297.0,254.0,246.0,306.0,False,MEDIUM,18.0,True,Alpine,0 days 01:28:50.894000,,1,9.0,False,,False,True,20.1,64.0,1001.2,False,28.3,223,2.0,True,False,False,False,False,False,+20.184,+0.566,20.184,0.566,5424.185,93.291,,,29.817,37.714,25.76,5360.729,5398.443,5424.203,5330.894
2023,British Grand Prix,10,Great Britain,Silverstone,0 days 01:31:57.384000,GAS,10,0 days 00:01:33.199000,19.0,1.0,,Pierre Gasly,,0 days 00:00:29.589000,0 days 00:00:37.892000,0 days 00:00:25.718000,0 days 01:30:53.792000,0 days 01:31:31.684000,0 days 01:31:57.402000,316.0,255.0,246.0,307.0,False,MEDIUM,19.0,True,Alpine,0 days 01:30:24.185000,,1,8.0,False,,False,True,20.1,64.0,1001.4,False,28.9,239,3.4,True,False,False,False,False,False,+21.057,+0.584,21.057,0.584,5517.384,93.199,,,29.589,37.892,25.718,5453.792,5491.684,5517.402,5424.185
2023,British Grand Prix,10,Great Britain,Silverstone,0 days 01:33:30.632000,GAS,10,0 days 00:01:33.248000,20.0,1.0,,Pierre Gasly,,0 days 00:00:29.990000,0 days 00:00:37.599000,0 days 00:00:25.659000,0 days 01:32:27.392000,0 days 01:33:04.991000,0 days 01:33:30.650000,294.0,255.0,245.0,305.0,False,MEDIUM,20.0,True,Alpine,0 days 01:31:57.384000,,1,8.0,False,,False,True,20.2,64.0,1001.4,False,29.1,201,3.2,True,False,False,False,False,False,+21.965,+0.793,21.965,0.793,5610.632,93.248,,,29.99,37.599,25.659,5547.392,5584.991,5610.65,5517.384
2023,British Grand Prix,10,Great Britain,Silverstone,0 days 01:35:03.730000,GAS,10,0 days 00:01:33.098000,21.0,1.0,,Pierre Gasly,,0 days 00:00:29.880000,0 days 00:00:37.487000,0 days 00:00:25.731000,0 days 01:34:00.530000,0 days 01:34:38.017000,0 days 01:35:03.748000,294.0,254.0,245.0,306.0,True,MEDIUM,21.0,True,Alpine,0 days 01:33:30.632000,,1,8.0,False,,False,True,20.2,64.0,1001.4,False,29.4,206,2.0,True,False,False,False,False,False,+22.614,+0.724,22.614,0.724,5703.73,93.098,,,29.88,37.487,25.731,5640.53,5678.017,5703.748,5610.632
2023,British Grand Prix,10,Great Britain,Silverstone,0 days 01:36:36.898000,GAS,10,0 days 00:01:33.168000,22.0,1.0,,Pierre Gasly,,0 days 00:00:29.877000,0 days 00:00:37.485000,0 days 00:00:25.806000,0 days 01:35:33.625000,0 days 01:36:11.110000,0 days 01:36:36.916000,295.0,256.0,244.0,305.0,False,MEDIUM,22.0,True,Alpine,0 days 01:35:03.730000,,1,8.0,False,,False,True,20.2,64.0,1001.4,False,29.6,206,2.2,True,False,False,False,False,False,+23.598,+0.800,23.598,0.8,5796.898,93.168,,,29.877,37.485,25.806,5733.625,5771.11,5796.916,5703.73
2023,British Grand Prix,10,Great Britain,Silverstone,0 days 01:38:09.744000,GAS,10,0 days 00:01:32.846000,23.0,1.0,,Pierre Gasly,,0 days 00:00:29.697000,0 days 00:00:37.419000,0 days 00:00:25.730000,0 days 01:37:06.613000,0 days 01:37:44.032000,0 days 01:38:09.762000,296.0,255.0,244.0,307.0,True,MEDIUM,23.0,True,Alpine,0 days 01:36:36.898000,,1,8.0,False,,False,True,20.2,64.0,1001.4,False,29.6,204,2.5,True,False,False,False,False,False,+24.172,+0.620,24.172,0.62,5889.744,92.846,,,29.697,37.419,25.73,5826.613,5864.032,5889.762,5796.898
2023,British Grand Prix,10,Great Britain,Silverstone,0 days 01:39:42.908000,GAS,10,0 days 00:01:33.164000,24.0,1.0,,Pierre Gasly,,0 days 00:00:29.923000,0 days 00:00:37.606000,0 days 00:00:25.635000,0 days 01:38:39.685000,0 days 01:39:17.291000,0 days 01:39:42.926000,296.0,256.0,245.0,306.0,False,MEDIUM,24.0,True,Alpine,0 days 01:38:09.744000,,1,8.0,False,,False,True,20.2,63.0,1001.4,False,29.6,214,0.8,True,False,False,False,False,False,+24.961,+0.749,24.961,0.749,5982.908,93.164,,,29.923,37.606,25.635,5919.685,5957.291,5982.926,5889.744
2023,British Grand Prix,10,Great Britain,Silverstone,0 days 01:41:16.006000,GAS,10,0 days 00:01:33.098000,25.0,1.0,,Pierre Gasly,,0 days 00:00:29.868000,0 days 00:00:37.665000,0 days 00:00:25.565000,0 days 01:40:12.794000,0 days 01:40:50.459000,0 days 01:41:16.024000,295.0,256.0,246.0,306.0,False,MEDIUM,25.0,True,Alpine,0 days 01:39:42.908000,,1,8.0,False,,False,True,20.4,62.0,1001.4,False,30.9,145,1.7,True,False,False,False,False,False,+25.763,+0.776,25.763,0.776,6076.006,93.098,,,29.868,37.665,25.565,6012.794,6050.459,6076.024,5982.908
2023,British Grand Prix,10,Great Britain,Silverstone,0 days 01:42:49.249000,GAS,10,0 days 00:01:33.243000,26.0,1.0,,Pierre Gasly,,0 days 00:00:29.779000,0 days 00:00:37.709000,0 days 00:00:25.755000,0 days 01:41:45.803000,0 days 01:42:23.512000,0 days 01:42:49.267000,296.0,256.0,243.0,307.0,False,MEDIUM,26.0,True,Alpine,0 days 01:41:16.006000,,1,8.0,False,,False,True,20.5,63.0,1001.4,False,31.7,220,2.0,True,False,False,False,False,False,+26.640,+0.785,26.64,0.785,6169.249,93.243,,,29.779,37.709,25.755,6105.803,6143.512,6169.267,6076.006
2023,British Grand Prix,10,Great Britain,Silverstone,0 days 01:44:22.237000,GAS,10,0 days 00:01:32.988000,27.0,1.0,,Pierre Gasly,,0 days 00:00:30.009000,0 days 00:00:37.485000,0 days 00:00:25.494000,0 days 01:43:19.276000,0 days 01:43:56.761000,0 days 01:44:22.255000,280.0,255.0,246.0,305.0,False,MEDIUM,27.0,True,Alpine,0 days 01:42:49.249000,,1,7.0,False,,False,True,20.6,61.0,1001.4,False,32.4,225,2.4,True,False,False,False,False,False,+27.606,+0.952,27.606,0.952,6262.237,92.988,,,30.009,37.485,25.494,6199.276,6236.761,6262.255,6169.249
2023,British Grand Prix,10,Great Britain,Silverstone,0 days 01:45:55.492000,GAS,10,0 days 00:01:33.255000,28.0,1.0,,Pierre Gasly,,0 days 00:00:29.970000,0 days 00:00:37.390000,0 days 00:00:25.895000,0 days 01:44:52.225000,0 days 01:45:29.615000,0 days 01:45:55.510000,280.0,253.0,247.0,288.0,False,MEDIUM,28.0,True,Alpine,0 days 01:44:22.237000,,1,7.0,False,,False,True,20.8,62.0,1001.4,False,32.8,192,2.2,True,False,False,False,False,False,+28.646,+1.463,28.646,1.463,6355.492,93.255,,,29.97,37.39,25.895,6292.225,6329.615,6355.51,6262.237
2023,British Grand Prix,10,Great Britain,Silverstone,0 days 01:47:28.775000,GAS,10,0 days 00:01:33.283000,29.0,1.0,,Pierre Gasly,,0 days 00:00:29.986000,0 days 00:00:37.573000,0 days 00:00:25.724000,0 days 01:46:25.496000,0 days 01:47:03.069000,0 days 01:47:28.793000,280.0,254.0,247.0,286.0,False,MEDIUM,29.0,True,Alpine,0 days 01:45:55.492000,,1,6.0,False,,False,True,20.9,61.0,1001.4,False,33.3,175,2.5,True,False,False,False,False,False,+29.654,+2.000,29.654,2.0,6448.775,93.283,,,29.986,37.573,25.724,6385.496,6423.069,6448.793,6355.492
2023,British Grand Prix,10,Great Britain,Silverstone,0 days 01:49:02.074000,GAS,10,0 days 00:01:33.299000,30.0,1.0,,Pierre Gasly,,0 days 00:00:30.065000,0 days 00:00:37.476000,0 days 00:00:25.758000,0 days 01:47:58.858000,0 days 01:48:36.334000,0 days 01:49:02.092000,280.0,255.0,246.0,287.0,False,MEDIUM,30.0,True,Alpine,0 days 01:47:28.775000,,1,5.0,False,,False,True,21.0,61.0,1001.4,False,32.7,195,1.8,True,False,False,False,False,False,+30.604,+2.601,30.604,2.601,6542.074,93.299,,,30.065,37.476,25.758,6478.858,6516.334,6542.092,6448.775
2023,British Grand Prix,10,Great Britain,Silverstone,0 days 01:50:35.465000,GAS,10,0 days 00:01:33.391000,31.0,1.0,,Pierre Gasly,0 days 01:50:29.495000,0 days 00:00:30.099000,0 days 00:00:37.532000,0 days 00:00:25.760000,0 days 01:49:32.191000,0 days 01:50:09.723000,0 days 01:50:35.483000,278.0,254.0,,302.0,False,MEDIUM,31.0,True,Alpine,0 days 01:49:02.074000,,1,6.0,False,,False,False,21.1,62.0,1001.2,False,32.4,207,3.0,True,False,False,False,False,False,+31.723,+0.660,31.723,0.66,6635.465,93.391,6629.495,,30.099,37.532,25.76,6572.191,6609.723,6635.483,6542.074
2023,British Grand Prix,10,Great Britain,Silverstone,0 days 01:52:42.269000,GAS,10,0 days 00:02:06.804000,32.0,2.0,0 days 01:50:57.995000,Pierre Gasly,,0 days 00:00:49.808000,0 days 00:00:41.774000,0 days 00:00:35.222000,0 days 01:51:25.291000,0 days 01:52:07.065000,0 days 01:52:42.287000,277.0,179.0,174.0,250.0,False,SOFT,4.0,False,Alpine,0 days 01:50:35.465000,,126,11.0,False,,False,False,21.0,62.0,1001.2,False,31.4,197,2.5,True,True,False,False,True,False,+66.211,+8.672,66.211,8.672,6762.269,126.804,,6657.995,49.808,41.774,35.222,6685.291,6727.065,6762.287,6635.465
2023,British Grand Prix,10,Great Britain,Silverstone,0 days 01:54:51.242000,GAS,10,0 days 00:02:08.973000,33.0,2.0,,Pierre Gasly,,0 days 00:00:41.703000,0 days 00:00:51.608000,0 days 00:00:35.662000,0 days 01:53:23.990000,0 days 01:54:15.598000,0 days 01:54:51.260000,124.0,221.0,163.0,174.0,False,SOFT,5.0,False,Alpine,0 days 01:52:42.269000,,64,11.0,False,,False,False,21.0,63.0,1001.2,False,30.6,226,1.2,False,False,True,False,True,False,+76.573,+8.259,76.573,8.259,6891.242,128.973,,,41.703,51.608,35.662,6803.99,6855.598,6891.26,6762.269
2023,British Grand Prix,10,Great Britain,Silverstone,0 days 01:56:56.958000,GAS,10,0 days 00:02:05.716000,34.0,2.0,,Pierre Gasly,,0 days 00:00:41.573000,0 days 00:00:52.848000,0 days 00:00:31.295000,0 days 01:55:32.833000,0 days 01:56:25.681000,0 days 01:56:56.976000,226.0,131.0,241.0,273.0,False,SOFT,6.0,False,Alpine,0 days 01:54:51.242000,,4,11.0,False,,False,False,20.9,63.0,1001.2,False,30.5,246,1.3,False,False,True,False,False,False,+25.667,+7.547,25.667,7.547,7016.958,125.716,,,41.573,52.848,31.295,6932.833,6985.681,7016.976,6891.242
2023,British Grand Prix,10,Great Britain,Silverstone,0 days 01:59:14.460000,GAS,10,0 days 00:02:17.502000,35.0,2.0,,Pierre Gasly,,0 days 00:00:41.755000,0 days 00:00:54.622000,0 days 00:00:41.125000,0 days 01:57:38.731000,0 days 01:58:33.353000,0 days 01:59:14.478000,134.0,176.0,59.0,96.0,False,SOFT,7.0,False,Alpine,0 days 01:56:56.958000,,4,11.0,False,,False,False,20.9,63.0,1001.2,False,30.1,238,1.1,False,False,True,False,False,False,+13.549,+1.149,13.549,1.149,7154.46,137.502,,,41.755,54.622,41.125,7058.731,7113.353,7154.478,7016.958
2023,British Grand Prix,10,Great Britain,Silverstone,0 days 02:01:38.467000,GAS,10,0 days 00:02:24.007000,36.0,2.0,,Pierre Gasly,,0 days 00:00:54.350000,0 days 00:00:52.856000,0 days 00:00:36.801000,0 days 02:00:08.828000,0 days 02:01:01.684000,0 days 02:01:38.485000,201.0,91.0,220.0,261.0,False,SOFT,8.0,False,Alpine,0 days 01:59:14.460000,,4,11.0,False,,False,False,20.8,63.0,1001.2,False,29.8,217,1.5,False,False,True,False,False,False,+11.011,+1.296,11.011,1.296,7298.467,144.007,,,54.35,52.856,36.801,7208.828,7261.684,7298.485,7154.46
2023,British Grand Prix,10,Great Britain,Silverstone,0 days 02:04:04.284000,GAS,10,0 days 00:02:25.817000,37.0,2.0,,Pierre Gasly,,0 days 00:00:53.022000,0 days 00:00:52.911000,0 days 00:00:39.884000,0 days 02:02:31.507000,0 days 02:03:24.418000,0 days 02:04:04.302000,124.0,147.0,95.0,275.0,False,SOFT,9.0,False,Alpine,0 days 02:01:38.467000,,4,11.0,False,,False,False,20.9,63.0,1001.2,False,29.7,246,0.8,False,False,True,False,False,False,+11.091,+0.958,11.091,0.958,7444.284,145.817,,,53.022,52.911,39.884,7351.507,7404.418,7444.302,7298.467
2023,British Grand Prix,10,Great Britain,Silverstone,0 days 02:06:18.218000,GAS,10,0 days 00:02:13.934000,38.0,2.0,,Pierre Gasly,,0 days 00:00:39.488000,0 days 00:00:55.306000,0 days 00:00:39.140000,0 days 02:04:43.790000,0 days 02:05:39.096000,0 days 02:06:18.236000,110.0,171.0,250.0,186.0,False,SOFT,10.0,False,Alpine,0 days 02:04:04.284000,,41,11.0,False,,False,False,20.9,63.0,1001.2,False,29.4,199,1.8,True,False,True,False,False,False,+5.253,+0.332,5.253,0.332,7578.218,133.934,,,39.488,55.306,39.14,7483.79,7539.096,7578.236,7444.284
2023,British Grand Prix,10,Great Britain,Silverstone,0 days 02:07:51.198000,GAS,10,0 days 00:01:32.980000,39.0,2.0,,Pierre Gasly,,0 days 00:00:29.367000,0 days 00:00:37.504000,0 days 00:00:26.109000,0 days 02:06:47.603000,0 days 02:07:25.107000,0 days 02:07:51.216000,293.0,255.0,250.0,297.0,False,SOFT,11.0,False,Alpine,0 days 02:06:18.218000,,1,12.0,False,,False,True,21.0,64.0,1001.2,False,29.3,201,1.2,True,False,False,False,False,False,+7.855,+0.205,7.855,0.205,7671.198,92.98,,,29.367,37.504,26.109,7607.603,7645.107,7671.216,7578.218
2023,British Grand Prix,10,Great Britain,Silverstone,0 days 02:09:24.021000,GAS,10,0 days 00:01:32.823000,40.0,2.0,,Pierre Gasly,,0 days 00:00:29.676000,0 days 00:00:37.533000,0 days 00:00:25.614000,0 days 02:08:20.892000,0 days 02:08:58.425000,0 days 02:09:24.039000,290.0,255.0,248.0,296.0,True,SOFT,12.0,False,Alpine,0 days 02:07:51.198000,,1,12.0,False,,False,True,21.0,63.0,1001.0,False,29.5,218,1.1,True,False,False,False,False,False,+10.118,+0.713,10.118,0.713,7764.021,92.823,,,29.676,37.533,25.614,7700.892,7738.425,7764.039,7671.198
2023,British Grand Prix,10,Great Britain,Silverstone,0 days 02:10:55.848000,GAS,10,0 days 00:01:31.827000,41.0,2.0,,Pierre Gasly,,0 days 00:00:29.302000,0 days 00:00:37.232000,0 days 00:00:25.293000,0 days 02:09:53.341000,0 days 02:10:30.573000,0 days 02:10:55.866000,305.0,257.0,248.0,315.0,True,SOFT,13.0,False,Alpine,0 days 02:09:24.021000,,1,12.0,False,,False,True,21.1,62.0,1001.0,False,29.7,192,2.4,True,False,False,False,False,False,+11.269,+0.797,11.269,0.797,7855.848,91.827,,,29.302,37.232,25.293,7793.341,7830.573,7855.866,7764.021
2023,British Grand Prix,10,Great Britain,Silverstone,0 days 02:12:27.387000,GAS,10,0 days 00:01:31.539000,42.0,2.0,,Pierre Gasly,,0 days 00:00:29.165000,0 days 00:00:37.137000,0 days 00:00:25.237000,0 days 02:11:25.031000,0 days 02:12:02.168000,0 days 02:12:27.405000,305.0,259.0,248.0,318.0,True,SOFT,14.0,False,Alpine,0 days 02:10:55.848000,,1,12.0,False,,False,True,21.2,61.0,1001.0,False,29.9,192,1.0,True,False,False,False,False,False,+12.517,+0.825,12.517,0.825,7947.387,91.539,,,29.165,37.137,25.237,7885.031,7922.168,7947.405,7855.848
2023,British Grand Prix,10,Great Britain,Silverstone,0 days 02:13:59.035000,GAS,10,0 days 00:01:31.648000,43.0,2.0,,Pierre Gasly,,0 days 00:00:29.324000,0 days 00:00:36.888000,0 days 00:00:25.436000,0 days 02:12:56.729000,0 days 02:13:33.617000,0 days 02:13:59.053000,305.0,259.0,248.0,316.0,False,SOFT,15.0,False,Alpine,0 days 02:12:27.387000,,1,12.0,False,,False,True,21.4,61.0,1001.0,False,30.7,177,1.7,True,False,False,False,False,False,+13.677,+0.672,13.677,0.672,8039.035,91.648,,,29.324,36.888,25.436,7976.729,8013.617,8039.053,7947.387
2023,British Grand Prix,10,Great Britain,Silverstone,0 days 02:15:31.897000,GAS,10,0 days 00:01:32.862000,44.0,2.0,,Pierre Gasly,,0 days 00:00:29.350000,0 days 00:00:37.864000,0 days 00:00:25.648000,0 days 02:14:28.403000,0 days 02:15:06.267000,0 days 02:15:31.915000,310.0,257.0,247.0,316.0,False,SOFT,16.0,False,Alpine,0 days 02:13:59.035000,,1,11.0,False,,False,True,21.4,57.0,1001.0,False,31.1,220,2.0,True,False,False,False,False,False,+15.829,+0.490,15.829,0.49,8131.897,92.862,,,29.35,37.864,25.648,8068.403,8106.267,8131.915,8039.035
2023,British Grand Prix,10,Great Britain,Silverstone,0 days 02:17:08.562000,GAS,10,0 days 00:01:36.665000,45.0,2.0,,Pierre Gasly,,0 days 00:00:29.202000,0 days 00:00:37.933000,0 days 00:00:29.530000,0 days 02:16:01.117000,0 days 02:16:39.050000,0 days 02:17:08.580000,307.0,259.0,120.0,308.0,False,SOFT,17.0,False,Alpine,0 days 02:15:31.897000,,1,15.0,False,,False,True,21.4,57.0,1001.0,False,30.4,212,2.0,True,False,False,False,False,False,+18.455,+1.755,18.455,1.755,8228.562,96.665,,,29.202,37.933,29.53,8161.117,8199.05,8228.58,8131.897
2023,British Grand Prix,10,Great Britain,Silverstone,0 days 02:19:44.669000,GAS,10,,46.0,2.0,,Pierre Gasly,0 days 02:19:37.355000,0 days 00:00:53.604000,0 days 00:01:04.717000,0 days 00:00:37.660000,0 days 02:18:02.435000,0 days 02:19:07.027000,0 days 02:19:44.777000,149.0,161.0,,214.0,False,SOFT,18.0,False,Alpine,0 days 02:17:08.562000,,1,18.0,False,,False,False,21.4,57.0,1001.0,False,30.3,186,3.0,True,False,False,False,False,False,+81.787,+56.408,81.787,56.408,8384.669,,8377.355,,53.604,64.717,37.66,8282.435,8347.027,8384.777,8228.562
2023,British Grand Prix,10,Great Britain,Silverstone,0 days 01:03:52.987000,PER,11,0 days 00:01:44.033000,1.0,1.0,,Sergio Perez,,,0 days 00:00:40.304000,0 days 00:00:26.999000,,0 days 01:03:26.120000,0 days 01:03:53.072000,303.0,255.0,245.0,306.0,False,MEDIUM,1.0,True,Red Bull Racing,0 days 01:02:08.731000,,1,16.0,False,,False,False,21.4,54.0,1001.2,False,29.6,236,3.7,True,False,False,False,False,False,+7.482,+0.241,7.482,0.241,3832.987,104.033,,,,40.304,26.999,,3806.12,3833.072,3728.731
2023,British Grand Prix,10,Great Britain,Silverstone,0 days 01:05:28.469000,PER,11,0 days 00:01:35.482000,2.0,1.0,,Sergio Perez,,0 days 00:00:30.357000,0 days 00:00:38.727000,0 days 00:00:26.398000,0 days 01:04:23.352000,0 days 01:05:02.079000,0 days 01:05:28.477000,291.0,253.0,243.0,297.0,True,MEDIUM,2.0,True,Red Bull Racing,0 days 01:03:52.987000,,1,15.0,False,,False,True,21.4,55.0,1001.4,False,29.5,191,3.2,True,False,False,False,False,False,+9.918,+0.735,9.918,0.735,3928.469,95.482,,,30.357,38.727,26.398,3863.352,3902.079,3928.477,3832.987
2023,British Grand Prix,10,Great Britain,Silverstone,0 days 01:07:02.849000,PER,11,0 days 00:01:34.380000,3.0,1.0,,Sergio Perez,,0 days 00:00:30.134000,0 days 00:00:38.414000,0 days 00:00:25.832000,0 days 01:05:58.611000,0 days 01:06:37.025000,0 days 01:07:02.857000,318.0,256.0,243.0,324.0,True,MEDIUM,3.0,True,Red Bull Racing,0 days 01:05:28.469000,,1,15.0,False,,False,True,21.5,54.0,1001.2,False,29.4,238,3.4,True,False,False,False,False,False,+11.118,+0.585,11.118,0.585,4022.849,94.38,,,30.134,38.414,25.832,3958.611,3997.025,4022.857,3928.469
2023,British Grand Prix,10,Great Britain,Silverstone,0 days 01:08:37.188000,PER,11,0 days 00:01:34.339000,4.0,1.0,,Sergio Perez,,0 days 00:00:29.668000,0 days 00:00:38.564000,0 days 00:00:26.107000,0 days 01:07:32.525000,0 days 01:08:11.089000,0 days 01:08:37.196000,312.0,253.0,244.0,326.0,True,MEDIUM,4.0,True,Red Bull Racing,0 days 01:07:02.849000,,1,15.0,False,,False,True,21.4,55.0,1001.2,False,29.4,188,3.2,True,False,False,False,False,False,+12.685,+0.570,12.685,0.57,4117.188,94.339,,,29.668,38.564,26.107,4052.525,4091.089,4117.196,4022.849
2023,British Grand Prix,10,Great Britain,Silverstone,0 days 01:10:11.261000,PER,11,0 days 00:01:34.073000,5.0,1.0,,Sergio Perez,,0 days 00:00:29.706000,0 days 00:00:38.280000,0 days 00:00:26.087000,0 days 01:09:06.902000,0 days 01:09:45.182000,0 days 01:10:11.269000,310.0,254.0,243.0,296.0,True,MEDIUM,5.0,True,Red Bull Racing,0 days 01:08:37.188000,,1,14.0,False,,False,True,21.4,55.0,1001.2,False,29.3,221,3.4,True,False,False,False,False,False,+13.615,+0.842,13.615,0.842,4211.261,94.073,,,29.706,38.28,26.087,4146.902,4185.182,4211.269,4117.188
2023,British Grand Prix,10,Great Britain,Silverstone,0 days 01:11:44.932000,PER,11,0 days 00:01:33.671000,6.0,1.0,,Sergio Perez,,0 days 00:00:29.579000,0 days 00:00:38.359000,0 days 00:00:25.733000,0 days 01:10:40.848000,0 days 01:11:19.207000,0 days 01:11:44.940000,309.0,257.0,244.0,326.0,True,MEDIUM,6.0,True,Red Bull Racing,0 days 01:10:11.261000,,1,13.0,False,,False,True,21.5,55.0,1001.4,False,29.4,193,3.2,True,False,False,False,False,False,+14.209,+1.907,14.209,1.907,4304.932,93.671,,,29.579,38.359,25.733,4240.848,4279.207,4304.94,4211.261
2023,British Grand Prix,10,Great Britain,Silverstone,0 days 01:13:18.851000,PER,11,0 days 00:01:33.919000,7.0,1.0,,Sergio Perez,,0 days 00:00:29.883000,0 days 00:00:38.065000,0 days 00:00:25.971000,0 days 01:12:14.823000,0 days 01:12:52.888000,0 days 01:13:18.859000,288.0,255.0,243.0,295.0,False,MEDIUM,7.0,True,Red Bull Racing,0 days 01:11:44.932000,,1,13.0,False,,False,True,21.4,54.0,1001.2,False,29.3,198,4.0,True,False,False,False,False,False,+15.078,+1.424,15.078,1.424,4398.851,93.919,,,29.883,38.065,25.971,4334.823,4372.888,4398.859,4304.932
2023,British Grand Prix,10,Great Britain,Silverstone,0 days 01:14:52.419000,PER,11,0 days 00:01:33.568000,8.0,1.0,,Sergio Perez,,0 days 00:00:29.897000,0 days 00:00:37.909000,0 days 00:00:25.762000,0 days 01:13:48.756000,0 days 01:14:26.665000,0 days 01:14:52.427000,291.0,256.0,245.0,299.0,True,MEDIUM,8.0,True,Red Bull Racing,0 days 01:13:18.851000,,1,13.0,False,,False,True,21.5,55.0,1001.4,False,29.1,201,3.5,True,False,False,False,False,False,+15.762,+0.960,15.762,0.96,4492.419,93.568,,,29.897,37.909,25.762,4428.756,4466.665,4492.427,4398.851
2023,British Grand Prix,10,Great Britain,Silverstone,0 days 01:16:25.690000,PER,11,0 days 00:01:33.271000,9.0,1.0,,Sergio Perez,,0 days 00:00:29.541000,0 days 00:00:37.868000,0 days 00:00:25.862000,0 days 01:15:21.968000,0 days 01:15:59.836000,0 days 01:16:25.698000,309.0,260.0,244.0,330.0,True,MEDIUM,9.0,True,Red Bull Racing,0 days 01:14:52.419000,,1,13.0,False,,False,True,21.4,55.0,1001.2,False,29.1,185,3.4,True,False,False,False,False,False,+16.178,+0.062,16.178,0.062,4585.69,93.271,,,29.541,37.868,25.862,4521.968,4559.836,4585.698,4492.419
2023,British Grand Prix,10,Great Britain,Silverstone,0 days 01:17:59.054000,PER,11,0 days 00:01:33.364000,10.0,1.0,,Sergio Perez,,0 days 00:00:29.769000,0 days 00:00:37.805000,0 days 00:00:25.790000,0 days 01:16:55.467000,0 days 01:17:33.272000,0 days 01:17:59.062000,291.0,255.0,245.0,296.0,False,MEDIUM,10.0,True,Red Bull Racing,0 days 01:16:25.690000,,1,12.0,False,,False,True,21.3,55.0,1001.2,False,29.2,202,3.7,True,False,False,False,False,False,+16.960,+1.254,16.96,1.254,4679.054,93.364,,,29.769,37.805,25.79,4615.467,4653.272,4679.062,4585.69
2023,British Grand Prix,10,Great Britain,Silverstone,0 days 01:19:32.601000,PER,11,0 days 00:01:33.547000,11.0,1.0,,Sergio Perez,,0 days 00:00:29.769000,0 days 00:00:37.845000,0 days 00:00:25.933000,,0 days 01:19:06.676000,0 days 01:19:32.609000,300.0,258.0,242.0,320.0,False,MEDIUM,11.0,True,Red Bull Racing,0 days 01:17:59.054000,,1,12.0,False,,False,True,21.4,55.0,1001.2,False,29.2,203,3.2,True,False,False,False,False,False,+17.931,+0.577,17.931,0.577,4772.601,93.547,,,29.769,37.845,25.933,,4746.676,4772.609,4679.054
2023,British Grand Prix,10,Great Britain,Silverstone,0 days 01:21:06.030000,PER,11,0 days 00:01:33.429000,12.0,1.0,,Sergio Perez,,0 days 00:00:29.824000,0 days 00:00:38,0 days 00:00:25.605000,0 days 01:20:02.433000,0 days 01:20:40.433000,0 days 01:21:06.038000,312.0,257.0,245.0,327.0,False,MEDIUM,12.0,True,Red Bull Racing,0 days 01:19:32.601000,,1,11.0,False,,False,True,21.3,55.0,1001.2,False,29.1,187,4.5,True,False,False,False,False,False,+18.673,+1.467,18.673,1.467,4866.03,93.429,,,29.824,38.0,25.605,4802.433,4840.433,4866.038,4772.601
2023,British Grand Prix,10,Great Britain,Silverstone,0 days 01:22:39.482000,PER,11,0 days 00:01:33.452000,13.0,1.0,,Sergio Perez,,0 days 00:00:29.892000,0 days 00:00:37.777000,0 days 00:00:25.783000,0 days 01:21:35.930000,0 days 01:22:13.707000,0 days 01:22:39.490000,289.0,256.0,246.0,291.0,False,MEDIUM,13.0,True,Red Bull Racing,0 days 01:21:06.030000,,1,11.0,False,,False,True,21.4,56.0,1001.2,False,28.9,189,4.3,True,False,False,False,False,False,+19.447,+1.168,19.447,1.168,4959.482,93.452,,,29.892,37.777,25.783,4895.93,4933.707,4959.49,4866.03
2023,British Grand Prix,10,Great Britain,Silverstone,0 days 01:24:13.233000,PER,11,0 days 00:01:33.751000,14.0,1.0,,Sergio Perez,,0 days 00:00:30.060000,0 days 00:00:37.957000,0 days 00:00:25.734000,0 days 01:23:09.550000,0 days 01:23:47.507000,0 days 01:24:13.241000,298.0,254.0,245.0,304.0,False,MEDIUM,14.0,True,Red Bull Racing,0 days 01:22:39.482000,,1,11.0,False,,False,True,21.4,58.0,1001.5,False,28.7,191,3.7,True,False,False,False,False,False,+20.113,+0.947,20.113,0.947,5053.233,93.751,,,30.06,37.957,25.734,4989.55,5027.507,5053.241,4959.482
2023,British Grand Prix,10,Great Britain,Silverstone,0 days 01:25:46.713000,PER,11,0 days 00:01:33.480000,15.0,1.0,,Sergio Perez,,0 days 00:00:29.808000,0 days 00:00:37.868000,0 days 00:00:25.804000,0 days 01:24:43.049000,0 days 01:25:20.917000,0 days 01:25:46.721000,307.0,256.0,245.0,318.0,False,MEDIUM,15.0,True,Red Bull Racing,0 days 01:24:13.233000,,1,11.0,False,,False,True,20.9,61.0,1001.5,False,27.7,255,2.5,True,False,False,False,False,False,+20.617,+0.639,20.617,0.639,5146.713,93.48,,,29.808,37.868,25.804,5083.049,5120.917,5146.721,5053.233
2023,British Grand Prix,10,Great Britain,Silverstone,0 days 01:27:19.768000,PER,11,0 days 00:01:33.055000,16.0,1.0,,Sergio Perez,,0 days 00:00:29.795000,0 days 00:00:37.899000,0 days 00:00:25.361000,0 days 01:26:16.516000,0 days 01:26:54.415000,0 days 01:27:19.776000,310.0,259.0,246.0,329.0,True,MEDIUM,16.0,True,Red Bull Racing,0 days 01:25:46.713000,,1,10.0,False,,False,True,20.7,63.0,1001.5,False,27.7,212,1.8,True,False,False,False,False,False,+20.889,+2.012,20.889,2.012,5239.768,93.055,,,29.795,37.899,25.361,5176.516,5214.415,5239.776,5146.713
2023,British Grand Prix,10,Great Britain,Silverstone,0 days 01:28:53.048000,PER,11,0 days 00:01:33.280000,17.0,1.0,,Sergio Perez,,0 days 00:00:30.009000,0 days 00:00:37.544000,0 days 00:00:25.727000,0 days 01:27:49.785000,0 days 01:28:27.329000,0 days 01:28:53.056000,287.0,255.0,245.0,293.0,False,MEDIUM,17.0,True,Red Bull Racing,0 days 01:27:19.768000,,1,10.0,False,,False,True,20.1,63.0,1001.4,False,27.9,222,2.2,True,False,False,False,False,False,+21.566,+2.154,21.566,2.154,5333.048,93.28,,,30.009,37.544,25.727,5269.785,5307.329,5333.056,5239.768
2023,British Grand Prix,10,Great Britain,Silverstone,0 days 01:30:26.147000,PER,11,0 days 00:01:33.099000,18.0,1.0,,Sergio Perez,,0 days 00:00:29.904000,0 days 00:00:37.549000,0 days 00:00:25.646000,0 days 01:29:22.960000,0 days 01:30:00.509000,0 days 01:30:26.155000,289.0,255.0,246.0,298.0,False,MEDIUM,18.0,True,Red Bull Racing,0 days 01:28:53.048000,,1,10.0,False,,False,True,20.1,64.0,1001.2,False,28.3,223,2.0,True,False,False,False,False,False,+22.138,+1.954,22.138,1.954,5426.147,93.099,,,29.904,37.549,25.646,5362.96,5400.509,5426.155,5333.048
2023,British Grand Prix,10,Great Britain,Silverstone,0 days 01:31:59.423000,PER,11,0 days 00:01:33.276000,19.0,1.0,,Sergio Perez,,0 days 00:00:30.001000,0 days 00:00:37.540000,0 days 00:00:25.735000,0 days 01:30:56.156000,0 days 01:31:33.696000,0 days 01:31:59.431000,286.0,253.0,245.0,292.0,False,MEDIUM,19.0,True,Red Bull Racing,0 days 01:30:26.147000,,1,9.0,False,,False,True,20.1,64.0,1001.4,False,28.9,239,3.4,True,False,False,False,False,False,+23.034,+2.016,23.034,2.016,5519.423,93.276,,,30.001,37.54,25.735,5456.156,5493.696,5519.431,5426.147
2023,British Grand Prix,10,Great Britain,Silverstone,0 days 01:33:32.625000,PER,11,0 days 00:01:33.202000,20.0,1.0,,Sergio Perez,,0 days 00:00:29.931000,0 days 00:00:37.611000,0 days 00:00:25.660000,0 days 01:32:29.362000,0 days 01:33:06.973000,0 days 01:33:32.633000,289.0,255.0,246.0,295.0,False,MEDIUM,20.0,True,Red Bull Racing,0 days 01:31:59.423000,,1,9.0,False,,False,True,20.2,64.0,1001.4,False,29.1,201,3.2,True,False,False,False,False,False,+24.003,+1.993,24.003,1.993,5612.625,93.202,,,29.931,37.611,25.66,5549.362,5586.973,5612.633,5519.423
2023,British Grand Prix,10,Great Britain,Silverstone,0 days 01:35:05.858000,PER,11,0 days 00:01:33.233000,21.0,1.0,,Sergio Perez,,0 days 00:00:29.985000,0 days 00:00:37.612000,0 days 00:00:25.636000,0 days 01:34:02.618000,0 days 01:34:40.230000,0 days 01:35:05.866000,288.0,255.0,246.0,296.0,False,MEDIUM,21.0,True,Red Bull Racing,0 days 01:33:32.625000,,1,9.0,False,,False,True,20.2,64.0,1001.4,False,29.4,206,2.0,True,False,False,False,False,False,+24.742,+2.128,24.742,2.128,5705.858,93.233,,,29.985,37.612,25.636,5642.618,5680.23,5705.866,5612.625
2023,British Grand Prix,10,Great Britain,Silverstone,0 days 01:36:38.884000,PER,11,0 days 00:01:33.026000,22.0,1.0,,Sergio Perez,,0 days 00:00:30.023000,0 days 00:00:37.422000,0 days 00:00:25.581000,0 days 01:35:35.889000,0 days 01:36:13.311000,0 days 01:36:38.892000,289.0,258.0,246.0,297.0,True,MEDIUM,22.0,True,Red Bull Racing,0 days 01:35:05.858000,,1,9.0,False,,False,True,20.2,64.0,1001.4,False,29.6,206,2.2,True,False,False,False,False,False,+25.584,+1.986,25.584,1.986,5798.884,93.026,,,30.023,37.422,25.581,5735.889,5773.311,5798.892,5705.858
2023,British Grand Prix,10,Great Britain,Silverstone,0 days 01:38:12.146000,PER,11,0 days 00:01:33.262000,23.0,1.0,,Sergio Perez,,0 days 00:00:30.067000,0 days 00:00:37.554000,0 days 00:00:25.641000,0 days 01:37:08.959000,0 days 01:37:46.513000,0 days 01:38:12.154000,287.0,255.0,245.0,293.0,False,MEDIUM,23.0,True,Red Bull Racing,0 days 01:36:38.884000,,1,9.0,False,,False,True,20.2,64.0,1001.4,False,29.6,204,2.5,True,False,False,False,False,False,+26.574,+2.402,26.574,2.402,5892.146,93.262,,,30.067,37.554,25.641,5828.959,5866.513,5892.154,5798.884
2023,British Grand Prix,10,Great Britain,Silverstone,0 days 01:39:44.872000,PER,11,0 days 00:01:32.726000,24.0,1.0,,Sergio Perez,,0 days 00:00:29.884000,0 days 00:00:37.353000,0 days 00:00:25.489000,0 days 01:38:42.038000,0 days 01:39:19.391000,0 days 01:39:44.880000,291.0,256.0,246.0,301.0,True,MEDIUM,24.0,True,Red Bull Racing,0 days 01:38:12.146000,,1,9.0,False,,False,True,20.2,63.0,1001.4,False,29.6,214,0.8,True,False,False,False,False,False,+26.939,+1.978,26.939,1.978,5984.872,92.726,,,29.884,37.353,25.489,5922.038,5959.391,5984.88,5892.146
2023,British Grand Prix,10,Great Britain,Silverstone,0 days 01:41:17.779000,PER,11,0 days 00:01:32.907000,25.0,1.0,,Sergio Perez,,0 days 00:00:29.900000,0 days 00:00:37.539000,0 days 00:00:25.468000,0 days 01:40:14.780000,0 days 01:40:52.319000,0 days 01:41:17.787000,290.0,257.0,247.0,300.0,False,MEDIUM,25.0,True,Red Bull Racing,0 days 01:39:44.872000,,1,9.0,False,,False,True,20.4,62.0,1001.4,False,30.9,145,1.7,True,False,False,False,False,False,+27.542,+1.779,27.542,1.779,6077.779,92.907,,,29.9,37.539,25.468,6014.78,6052.319,6077.787,5984.872
2023,British Grand Prix,10,Great Britain,Silverstone,0 days 01:42:50.741000,PER,11,0 days 00:01:32.962000,26.0,1.0,,Sergio Perez,,0 days 00:00:29.956000,0 days 00:00:37.492000,0 days 00:00:25.514000,0 days 01:41:47.743000,0 days 01:42:25.235000,0 days 01:42:50.749000,290.0,256.0,247.0,299.0,False,MEDIUM,26.0,True,Red Bull Racing,0 days 01:41:17.779000,,1,9.0,False,,False,True,20.5,63.0,1001.4,False,31.7,220,2.0,True,False,False,False,False,False,+28.248,+1.492,28.248,1.492,6170.741,92.962,,,29.956,37.492,25.514,6107.743,6145.235,6170.749,6077.779
2023,British Grand Prix,10,Great Britain,Silverstone,0 days 01:44:23.483000,PER,11,0 days 00:01:32.742000,27.0,1.0,,Sergio Perez,,0 days 00:00:30.002000,0 days 00:00:37.472000,0 days 00:00:25.268000,0 days 01:43:20.751000,0 days 01:43:58.223000,0 days 01:44:23.491000,289.0,255.0,248.0,303.0,False,MEDIUM,27.0,True,Red Bull Racing,0 days 01:42:50.741000,,1,8.0,False,,False,True,20.6,61.0,1001.4,False,32.4,225,2.4,True,False,False,False,False,False,+28.853,+1.285,28.853,1.285,6263.483,92.742,,,30.002,37.472,25.268,6200.751,6238.223,6263.491,6170.741
2023,British Grand Prix,10,Great Britain,Silverstone,0 days 01:45:55.718000,PER,11,0 days 00:01:32.235000,28.0,1.0,,Sergio Perez,0 days 01:45:49.766000,0 days 00:00:29.820000,0 days 00:00:37.427000,0 days 00:00:24.988000,0 days 01:44:53.311000,0 days 01:45:30.738000,0 days 01:45:55.726000,290.0,256.0,,299.0,False,MEDIUM,28.0,True,Red Bull Racing,0 days 01:44:23.483000,,1,8.0,False,,False,False,20.8,62.0,1001.4,False,32.8,192,2.2,True,False,False,False,False,False,+29.240,+0.896,29.24,0.896,6355.718,92.235,6349.766,,29.82,37.427,24.988,6293.311,6330.738,6355.726,6263.483
2023,British Grand Prix,10,Great Britain,Silverstone,0 days 01:47:46.277000,PER,11,0 days 00:01:50.559000,29.0,2.0,0 days 01:46:17.828000,Sergio Perez,,0 days 00:00:49.110000,0 days 00:00:36.462000,0 days 00:00:24.987000,0 days 01:46:44.836000,0 days 01:47:21.298000,0 days 01:47:46.285000,291.0,260.0,249.0,296.0,False,SOFT,1.0,True,Red Bull Racing,0 days 01:45:55.718000,,1,13.0,False,,False,False,20.9,61.0,1001.4,False,33.3,175,2.5,True,False,False,False,False,False,+47.195,+3.288,47.195,3.288,6466.277,110.559,,6377.828,49.11,36.462,24.987,6404.836,6441.298,6466.285,6355.718
2023,British Grand Prix,10,Great Britain,Silverstone,0 days 01:49:17.685000,PER,11,0 days 00:01:31.408000,30.0,2.0,,Sergio Perez,,0 days 00:00:29.472000,0 days 00:00:36.720000,0 days 00:00:25.216000,0 days 01:48:15.757000,0 days 01:48:52.477000,0 days 01:49:17.693000,286.0,258.0,247.0,294.0,True,SOFT,2.0,True,Red Bull Racing,0 days 01:47:46.277000,,1,12.0,False,,False,True,21.0,61.0,1001.4,False,32.7,195,1.8,True,False,False,False,False,False,+46.225,+5.389,46.225,5.389,6557.685,91.408,,,29.472,36.72,25.216,6495.757,6532.477,6557.693,6466.277
2023,British Grand Prix,10,Great Britain,Silverstone,0 days 01:50:49.217000,PER,11,0 days 00:01:31.532000,31.0,2.0,,Sergio Perez,,0 days 00:00:29.571000,0 days 00:00:36.796000,0 days 00:00:25.165000,0 days 01:49:47.264000,0 days 01:50:24.060000,0 days 01:50:49.225000,288.0,259.0,247.0,298.0,False,SOFT,3.0,True,Red Bull Racing,0 days 01:49:17.685000,,1,12.0,False,,False,True,21.0,62.0,1001.4,False,31.4,235,2.2,True,False,False,False,False,False,+45.369,+3.988,45.369,3.988,6649.217,91.532,,,29.571,36.796,25.165,6587.264,6624.06,6649.225,6557.685
2023,British Grand Prix,10,Great Britain,Silverstone,0 days 01:52:33.597000,PER,11,0 days 00:01:44.380000,32.0,2.0,,Sergio Perez,,0 days 00:00:29.591000,0 days 00:00:36.928000,0 days 00:00:37.861000,0 days 01:51:18.816000,0 days 01:51:55.744000,0 days 01:52:33.605000,289.0,216.0,198.0,244.0,False,SOFT,4.0,True,Red Bull Racing,0 days 01:50:49.217000,,126,10.0,False,,False,False,21.0,62.0,1001.2,False,31.4,197,2.5,True,True,False,False,True,False,+57.539,+7.713,57.539,7.713,6753.597,104.38,,,29.591,36.928,37.861,6678.816,6715.744,6753.605,6649.217
2023,British Grand Prix,10,Great Britain,Silverstone,0 days 01:54:41.681000,PER,11,0 days 00:02:08.084000,33.0,2.0,,Sergio Perez,,0 days 00:00:41.647000,0 days 00:00:51.371000,0 days 00:00:35.066000,0 days 01:53:15.252000,0 days 01:54:06.623000,0 days 01:54:41.689000,200.0,190.0,118.0,243.0,False,SOFT,5.0,True,Red Bull Racing,0 days 01:52:33.597000,,64,8.0,False,,False,False,21.0,63.0,1001.2,False,30.6,226,1.2,False,False,True,False,True,False,+62.038,+6.938,62.038,6.938,6881.681,128.084,,,41.647,51.371,35.066,6795.252,6846.623,6881.689,6753.597
2023,British Grand Prix,10,Great Britain,Silverstone,0 days 01:56:47.485000,PER,11,0 days 00:02:05.804000,34.0,2.0,,Sergio Perez,,0 days 00:00:42.804000,0 days 00:00:49.654000,0 days 00:00:33.346000,0 days 01:55:24.493000,0 days 01:56:14.147000,0 days 01:56:47.493000,204.0,212.0,173.0,251.0,False,SOFT,6.0,True,Red Bull Racing,0 days 01:54:41.681000,,4,8.0,False,,False,False,20.9,63.0,1001.2,False,30.5,246,1.3,False,False,True,False,False,False,+14.345,+1.628,14.345,1.628,7007.485,125.804,,,42.804,49.654,33.346,6924.493,6974.147,7007.493,6881.681
2023,British Grand Prix,10,Great Britain,Silverstone,0 days 01:59:09.798000,PER,11,0 days 00:02:22.313000,35.0,2.0,,Sergio Perez,,0 days 00:00:45.116000,0 days 00:00:57.748000,0 days 00:00:39.449000,0 days 01:57:32.609000,0 days 01:58:30.357000,0 days 01:59:09.806000,206.0,177.0,91.0,107.0,False,SOFT,7.0,True,Red Bull Racing,0 days 01:56:47.485000,,4,8.0,False,,False,False,20.9,63.0,1001.2,False,30.1,238,1.1,False,False,True,False,False,False,+8.887,+0.877,8.887,0.877,7149.798,142.313,,,45.116,57.748,39.449,7052.609,7110.357,7149.806,7007.485
2023,British Grand Prix,10,Great Britain,Silverstone,0 days 02:01:34.892000,PER,11,0 days 00:02:25.094000,36.0,2.0,,Sergio Perez,,0 days 00:00:52.822000,0 days 00:00:56.501000,0 days 00:00:35.771000,0 days 02:00:02.628000,0 days 02:00:59.129000,0 days 02:01:34.900000,208.0,108.0,204.0,259.0,False,SOFT,8.0,True,Red Bull Racing,0 days 01:59:09.798000,,4,8.0,False,,False,False,21.0,63.0,1001.2,False,30.1,236,1.3,False,False,True,False,False,False,+7.436,+0.789,7.436,0.789,7294.892,145.094,,,52.822,56.501,35.771,7202.628,7259.129,7294.9,7149.798
2023,British Grand Prix,10,Great Britain,Silverstone,0 days 02:04:00.352000,PER,11,0 days 00:02:25.460000,37.0,2.0,,Sergio Perez,,0 days 00:00:52.660000,0 days 00:00:53.883000,0 days 00:00:38.917000,0 days 02:02:27.560000,0 days 02:03:21.443000,0 days 02:04:00.360000,117.0,144.0,97.0,265.0,False,SOFT,9.0,True,Red Bull Racing,0 days 02:01:34.892000,,4,8.0,False,,False,False,20.9,63.0,1001.2,False,29.7,246,0.8,False,False,True,False,False,False,+7.933,+0.680,7.933,0.68,7440.352,145.46,,,52.66,53.883,38.917,7347.56,7401.443,7440.36,7294.892
2023,British Grand Prix,10,Great Britain,Silverstone,0 days 02:06:16.977000,PER,11,0 days 00:02:16.625000,38.0,2.0,,Sergio Perez,,0 days 00:00:41.076000,0 days 00:00:55.309000,0 days 00:00:40.240000,0 days 02:04:41.436000,0 days 02:05:36.745000,0 days 02:06:16.985000,127.0,130.0,248.0,162.0,False,SOFT,10.0,True,Red Bull Racing,0 days 02:04:00.352000,,41,8.0,True,TRACK LIMITS AT TURN 15 LAP 38 ,False,False,20.9,63.0,1001.2,False,29.4,199,1.8,True,False,True,False,False,False,+3.918,+0.346,3.918,0.346,7576.977,136.625,,,41.076,55.309,40.24,7481.436,7536.745,7576.985,7440.352
2023,British Grand Prix,10,Great Britain,Silverstone,0 days 02:07:49.480000,PER,11,0 days 00:01:32.503000,39.0,2.0,,Sergio Perez,,0 days 00:00:29.361000,0 days 00:00:37.509000,0 days 00:00:25.633000,0 days 02:06:46.346000,0 days 02:07:23.855000,0 days 02:07:49.488000,307.0,261.0,249.0,315.0,False,SOFT,11.0,True,Red Bull Racing,0 days 02:06:16.977000,,1,8.0,False,,False,True,21.0,64.0,1001.2,False,29.3,201,1.2,True,False,False,False,False,False,+6.123,+0.433,6.123,0.433,7669.48,92.503,,,29.361,37.509,25.633,7606.346,7643.855,7669.488,7576.977
2023,British Grand Prix,10,Great Britain,Silverstone,0 days 02:09:21.389000,PER,11,0 days 00:01:31.909000,40.0,2.0,,Sergio Perez,,0 days 00:00:29.446000,0 days 00:00:36.993000,0 days 00:00:25.470000,0 days 02:08:18.934000,0 days 02:08:55.927000,0 days 02:09:21.397000,294.0,258.0,248.0,302.0,False,SOFT,12.0,True,Red Bull Racing,0 days 02:07:49.480000,,1,8.0,False,,False,True,21.0,63.0,1001.0,False,29.5,218,1.1,True,False,False,False,False,False,+7.529,+0.550,7.529,0.55,7761.389,91.909,,,29.446,36.993,25.47,7698.934,7735.927,7761.397,7669.48
2023,British Grand Prix,10,Great Britain,Silverstone,0 days 02:10:52.780000,PER,11,0 days 00:01:31.391000,41.0,2.0,,Sergio Perez,,0 days 00:00:29.132000,0 days 00:00:36.985000,0 days 00:00:25.274000,0 days 02:09:50.529000,0 days 02:10:27.514000,0 days 02:10:52.788000,321.0,263.0,248.0,332.0,True,SOFT,13.0,True,Red Bull Racing,0 days 02:09:21.389000,,1,8.0,False,,False,True,21.1,62.0,1001.0,False,29.7,192,2.4,True,False,False,False,False,False,+8.167,+0.502,8.167,0.502,7852.78,91.391,,,29.132,36.985,25.274,7790.529,7827.514,7852.788,7761.389
2023,British Grand Prix,10,Great Britain,Silverstone,0 days 02:12:24.496000,PER,11,0 days 00:01:31.716000,42.0,2.0,,Sergio Perez,,0 days 00:00:29.184000,0 days 00:00:37.070000,0 days 00:00:25.462000,0 days 02:11:21.972000,0 days 02:11:59.042000,0 days 02:12:24.504000,316.0,263.0,248.0,338.0,False,SOFT,14.0,True,Red Bull Racing,0 days 02:10:52.780000,,1,8.0,False,,False,True,21.2,61.0,1001.0,False,29.9,192,1.0,True,False,False,False,False,False,+9.613,+0.534,9.613,0.534,7944.496,91.716,,,29.184,37.07,25.462,7881.972,7919.042,7944.504,7852.78
2023,British Grand Prix,10,Great Britain,Silverstone,0 days 02:13:56.501000,PER,11,0 days 00:01:32.005000,43.0,2.0,,Sergio Perez,,0 days 00:00:29.171000,0 days 00:00:37.002000,0 days 00:00:25.832000,0 days 02:12:53.675000,0 days 02:13:30.677000,0 days 02:13:56.509000,321.0,263.0,247.0,334.0,False,SOFT,15.0,True,Red Bull Racing,0 days 02:12:24.496000,,1,7.0,False,,False,True,21.4,61.0,1001.0,False,30.7,177,1.7,True,False,False,False,False,False,+11.148,+0.004,11.148,0.004,8036.501,92.005,,,29.171,37.002,25.832,7973.675,8010.677,8036.509,7944.496
2023,British Grand Prix,10,Great Britain,Silverstone,0 days 02:15:28.213000,PER,11,0 days 00:01:31.712000,44.0,2.0,,Sergio Perez,,0 days 00:00:29.383000,0 days 00:00:36.961000,0 days 00:00:25.368000,0 days 02:14:25.892000,0 days 02:15:02.853000,0 days 02:15:28.221000,293.0,260.0,248.0,300.0,False,SOFT,16.0,True,Red Bull Racing,0 days 02:13:56.501000,,1,7.0,False,,False,True,21.4,57.0,1001.0,False,31.1,220,2.0,True,False,False,False,False,False,+12.164,+0.947,12.164,0.947,8128.213,91.712,,,29.383,36.961,25.368,8065.892,8102.853,8128.221,8036.501
2023,British Grand Prix,10,Great Britain,Silverstone,0 days 02:16:59.784000,PER,11,0 days 00:01:31.571000,45.0,2.0,,Sergio Perez,,0 days 00:00:29.104000,0 days 00:00:36.891000,0 days 00:00:25.576000,0 days 02:15:57.325000,0 days 02:16:34.216000,0 days 02:16:59.792000,317.0,265.0,246.0,327.0,False,SOFT,17.0,True,Red Bull Racing,0 days 02:15:28.213000,,1,7.0,False,,False,True,21.4,57.0,1001.0,False,30.4,212,2.0,True,False,False,False,False,False,+12.382,+0.444,12.382,0.444,8219.784,91.571,,,29.104,36.891,25.576,8157.325,8194.216,8219.792,8128.213
2023,British Grand Prix,10,Great Britain,Silverstone,0 days 02:18:31.459000,PER,11,0 days 00:01:31.675000,46.0,2.0,,Sergio Perez,,0 days 00:00:29.205000,0 days 00:00:37.263000,0 days 00:00:25.207000,0 days 02:17:28.997000,0 days 02:18:06.260000,0 days 02:18:31.467000,318.0,264.0,247.0,331.0,False,SOFT,18.0,True,Red Bull Racing,0 days 02:16:59.784000,,1,6.0,False,,False,True,21.4,57.0,1001.0,False,30.3,186,3.0,True,False,False,False,False,False,+12.974,+3.615,12.974,3.615,8311.459,91.675,,,29.205,37.263,25.207,8248.997,8286.26,8311.467,8219.784
2023,British Grand Prix,10,Great Britain,Silverstone,0 days 02:20:02.964000,PER,11,0 days 00:01:31.505000,47.0,2.0,,Sergio Perez,,0 days 00:00:29.226000,0 days 00:00:36.941000,0 days 00:00:25.338000,0 days 02:19:00.693000,0 days 02:19:37.634000,0 days 02:20:02.972000,296.0,261.0,249.0,299.0,False,SOFT,19.0,True,Red Bull Racing,0 days 02:18:31.459000,,1,6.0,False,,False,True,21.4,59.0,1001.0,False,30.0,192,2.4,True,False,False,False,False,False,+13.354,+3.464,13.354,3.464,8402.964,91.505,,,29.226,36.941,25.338,8340.693,8377.634,8402.972,8311.459
2023,British Grand Prix,10,Great Britain,Silverstone,0 days 02:21:34.173000,PER,11,0 days 00:01:31.209000,48.0,2.0,,Sergio Perez,,0 days 00:00:29.269000,0 days 00:00:36.799000,0 days 00:00:25.141000,0 days 02:20:32.241000,0 days 02:21:09.040000,0 days 02:21:34.181000,295.0,261.0,249.0,297.0,True,SOFT,20.0,True,Red Bull Racing,0 days 02:20:02.964000,,1,6.0,False,,False,True,21.5,58.0,1001.0,False,30.0,229,2.4,True,False,False,False,False,False,+13.163,+3.104,13.163,3.104,8494.173,91.209,,,29.269,36.799,25.141,8432.241,8469.04,8494.181,8402.964
2023,British Grand Prix,10,Great Britain,Silverstone,0 days 02:23:05.533000,PER,11,0 days 00:01:31.360000,49.0,2.0,,Sergio Perez,,0 days 00:00:29.306000,0 days 00:00:36.858000,0 days 00:00:25.196000,0 days 02:22:03.487000,0 days 02:22:40.345000,0 days 02:23:05.541000,300.0,261.0,250.0,297.0,False,SOFT,21.0,True,Red Bull Racing,0 days 02:21:34.173000,,1,6.0,False,,False,True,21.5,54.0,1001.0,False,29.6,188,3.4,True,False,False,False,False,False,+13.305,+2.852,13.305,2.852,8585.533,91.36,,,29.306,36.858,25.196,8523.487,8560.345,8585.541,8494.173
2023,British Grand Prix,10,Great Britain,Silverstone,0 days 02:24:36.672000,PER,11,0 days 00:01:31.139000,50.0,2.0,,Sergio Perez,,0 days 00:00:29.215000,0 days 00:00:36.714000,0 days 00:00:25.210000,0 days 02:23:34.756000,0 days 02:24:11.470000,0 days 02:24:36.680000,300.0,260.0,248.0,299.0,True,SOFT,22.0,True,Red Bull Racing,0 days 02:23:05.533000,,1,6.0,False,,False,True,21.6,54.0,1000.9,False,29.6,200,4.3,True,False,False,False,False,False,+13.117,+2.553,13.117,2.553,8676.672,91.139,,,29.215,36.714,25.21,8614.756,8651.47,8676.68,8585.533
2023,British Grand Prix,10,Great Britain,Silverstone,0 days 02:26:07.586000,PER,11,0 days 00:01:30.914000,51.0,2.0,,Sergio Perez,,0 days 00:00:29.181000,0 days 00:00:36.719000,0 days 00:00:25.014000,0 days 02:25:05.861000,0 days 02:25:42.580000,0 days 02:26:07.594000,300.0,260.0,250.0,296.0,True,SOFT,23.0,True,Red Bull Racing,0 days 02:24:36.672000,,1,6.0,False,,False,True,21.7,54.0,1001.0,False,30.2,203,3.7,True,False,False,False,False,False,+12.670,+1.944,12.67,1.944,8767.586,90.914,,,29.181,36.719,25.014,8705.861,8742.58,8767.594,8676.672
2023,British Grand Prix,10,Great Britain,Silverstone,0 days 02:27:38.774000,PER,11,0 days 00:01:31.188000,52.0,2.0,,Sergio Perez,,0 days 00:00:29.160000,0 days 00:00:36.809000,0 days 00:00:25.219000,0 days 02:26:36.754000,0 days 02:27:13.563000,0 days 02:27:38.782000,305.0,261.0,250.0,304.0,False,SOFT,24.0,True,Red Bull Racing,0 days 02:26:07.586000,,1,6.0,False,,False,True,21.8,53.0,1001.0,False,30.2,188,3.5,True,False,False,False,False,False,+12.896,+1.691,12.896,1.691,8858.774,91.188,,,29.16,36.809,25.219,8796.754,8833.563,8858.782,8767.586
2023,British Grand Prix,10,Great Britain,Silverstone,0 days 01:03:48.980000,ALO,14,0 days 00:01:40.026000,1.0,1.0,,Fernando Alonso,,,0 days 00:00:38.930000,0 days 00:00:26.578000,,0 days 01:03:22.526000,0 days 01:03:49.104000,296.0,254.0,243.0,299.0,False,MEDIUM,2.0,False,Aston Martin,0 days 01:02:08.731000,,1,7.0,False,,False,False,21.4,54.0,1001.2,False,29.6,236,3.7,True,False,False,False,False,False,+3.384,+0.693,3.384,0.693,3828.98,100.026,,,,38.93,26.578,,3802.526,3829.104,3728.731
2023,British Grand Prix,10,Great Britain,Silverstone,0 days 01:05:23.399000,ALO,14,0 days 00:01:34.419000,2.0,1.0,,Fernando Alonso,,0 days 00:00:30.019000,0 days 00:00:38.184000,0 days 00:00:26.216000,0 days 01:04:19.054000,0 days 01:04:57.238000,0 days 01:05:23.454000,293.0,254.0,244.0,301.0,True,MEDIUM,3.0,False,Aston Martin,0 days 01:03:48.980000,,1,7.0,False,,False,True,21.4,55.0,1001.4,False,29.5,191,3.2,True,False,False,False,False,False,+4.793,+0.961,4.793,0.961,3923.399,94.419,,,30.019,38.184,26.216,3859.054,3897.238,3923.454,3828.98
2023,British Grand Prix,10,Great Britain,Silverstone,0 days 01:06:56.823000,ALO,14,0 days 00:01:33.424000,3.0,1.0,,Fernando Alonso,,0 days 00:00:29.461000,0 days 00:00:38.136000,0 days 00:00:25.827000,0 days 01:05:52.915000,0 days 01:06:31.051000,0 days 01:06:56.878000,314.0,257.0,244.0,319.0,True,MEDIUM,4.0,False,Aston Martin,0 days 01:05:23.399000,,1,7.0,False,,False,True,21.5,54.0,1001.2,False,29.4,238,3.4,True,False,False,False,False,False,+5.033,+0.914,5.033,0.914,4016.823,93.424,,,29.461,38.136,25.827,3952.915,3991.051,4016.878,3923.399
2023,British Grand Prix,10,Great Britain,Silverstone,0 days 01:08:29.979000,ALO,14,0 days 00:01:33.156000,4.0,1.0,,Fernando Alonso,,0 days 00:00:29.311000,0 days 00:00:37.956000,0 days 00:00:25.889000,0 days 01:07:26.189000,0 days 01:08:04.145000,0 days 01:08:30.034000,313.0,255.0,244.0,322.0,True,MEDIUM,5.0,False,Aston Martin,0 days 01:06:56.823000,,1,7.0,False,,False,True,21.4,55.0,1001.2,False,29.4,188,3.2,True,False,False,False,False,False,+5.417,+1.104,5.417,1.104,4109.979,93.156,,,29.311,37.956,25.889,4046.189,4084.145,4110.034,4016.823
2023,British Grand Prix,10,Great Britain,Silverstone,0 days 01:10:04.136000,ALO,14,0 days 00:01:34.157000,5.0,1.0,,Fernando Alonso,,0 days 00:00:29.700000,0 days 00:00:38.245000,0 days 00:00:26.212000,0 days 01:08:59.734000,0 days 01:09:37.979000,0 days 01:10:04.191000,297.0,254.0,244.0,309.0,False,MEDIUM,6.0,False,Aston Martin,0 days 01:08:29.979000,,1,7.0,False,,False,True,21.4,55.0,1001.2,False,29.3,221,3.4,True,False,False,False,False,False,+6.454,+1.673,6.454,1.673,4204.136,94.157,,,29.7,38.245,26.212,4139.734,4177.979,4204.191,4109.979
2023,British Grand Prix,10,Great Britain,Silverstone,0 days 01:11:38.772000,ALO,14,0 days 00:01:34.636000,6.0,1.0,,Fernando Alonso,,0 days 00:00:29.935000,0 days 00:00:38.452000,0 days 00:00:26.249000,0 days 01:10:34.126000,0 days 01:11:12.578000,0 days 01:11:38.827000,305.0,252.0,244.0,300.0,False,MEDIUM,7.0,False,Aston Martin,0 days 01:10:04.136000,,1,7.0,False,,False,True,21.5,55.0,1001.4,False,29.4,193,3.2,True,False,False,False,False,False,+8.039,+2.022,8.039,2.022,4298.772,94.636,,,29.935,38.452,26.249,4234.126,4272.578,4298.827,4204.136
2023,British Grand Prix,10,Great Britain,Silverstone,0 days 01:13:13.417000,ALO,14,0 days 00:01:34.645000,7.0,1.0,,Fernando Alonso,,0 days 00:00:29.904000,0 days 00:00:38.838000,0 days 00:00:25.903000,0 days 01:12:08.731000,0 days 01:12:47.569000,0 days 01:13:13.472000,297.0,255.0,244.0,319.0,False,MEDIUM,8.0,False,Aston Martin,0 days 01:11:38.772000,,1,8.0,False,,False,True,21.4,54.0,1001.2,False,29.3,198,4.0,True,False,False,False,False,False,+9.576,+1.068,9.576,1.068,4393.417,94.645,,,29.904,38.838,25.903,4328.731,4367.569,4393.472,4298.772
2023,British Grand Prix,10,Great Britain,Silverstone,0 days 01:14:47.436000,ALO,14,0 days 00:01:34.019000,8.0,1.0,,Fernando Alonso,,0 days 00:00:29.808000,0 days 00:00:38.063000,0 days 00:00:26.148000,0 days 01:13:43.280000,0 days 01:14:21.343000,0 days 01:14:47.491000,299.0,253.0,243.0,304.0,False,MEDIUM,9.0,False,Aston Martin,0 days 01:13:13.417000,,1,8.0,False,,False,True,21.5,55.0,1001.4,False,29.1,201,3.5,True,False,False,False,False,False,+10.729,+1.609,10.729,1.609,4487.436,94.019,,,29.808,38.063,26.148,4423.28,4461.343,4487.491,4393.417
2023,British Grand Prix,10,Great Britain,Silverstone,0 days 01:16:21.093000,ALO,14,0 days 00:01:33.657000,9.0,1.0,,Fernando Alonso,,0 days 00:00:29.725000,0 days 00:00:37.858000,0 days 00:00:26.074000,0 days 01:15:17.216000,0 days 01:15:55.074000,0 days 01:16:21.148000,299.0,254.0,244.0,306.0,False,MEDIUM,10.0,False,Aston Martin,0 days 01:14:47.436000,,1,8.0,False,,False,True,21.4,55.0,1001.2,False,29.1,185,3.4,True,False,False,False,False,False,+11.578,+1.962,11.578,1.962,4581.093,93.657,,,29.725,37.858,26.074,4517.216,4555.074,4581.148,4487.436
2023,British Grand Prix,10,Great Britain,Silverstone,0 days 01:17:54.804000,ALO,14,0 days 00:01:33.711000,10.0,1.0,,Fernando Alonso,,0 days 00:00:29.682000,0 days 00:00:37.850000,0 days 00:00:26.179000,0 days 01:16:50.830000,0 days 01:17:28.680000,0 days 01:17:54.859000,298.0,254.0,246.0,301.0,False,MEDIUM,11.0,False,Aston Martin,0 days 01:16:21.093000,,1,8.0,False,,False,True,21.3,55.0,1001.2,False,29.2,202,3.7,True,False,False,False,False,False,+12.703,+2.049,12.703,2.049,4674.804,93.711,,,29.682,37.85,26.179,4610.83,4648.68,4674.859,4581.093
2023,British Grand Prix,10,Great Britain,Silverstone,0 days 01:19:28.541000,ALO,14,0 days 00:01:33.737000,11.0,1.0,,Fernando Alonso,,0 days 00:00:29.728000,0 days 00:00:37.938000,0 days 00:00:26.071000,0 days 01:18:24.587000,0 days 01:19:02.525000,0 days 01:19:28.596000,297.0,253.0,245.0,301.0,False,MEDIUM,12.0,False,Aston Martin,0 days 01:17:54.804000,,1,8.0,False,,False,True,21.4,55.0,1001.2,False,29.2,203,3.2,True,False,False,False,False,False,+13.839,+2.268,13.839,2.268,4768.541,93.737,,,29.728,37.938,26.071,4704.587,4742.525,4768.596,4674.804
2023,British Grand Prix,10,Great Britain,Silverstone,0 days 01:21:02.492000,ALO,14,0 days 00:01:33.951000,12.0,1.0,,Fernando Alonso,,0 days 00:00:29.945000,0 days 00:00:37.914000,0 days 00:00:26.092000,0 days 01:19:58.541000,0 days 01:20:36.455000,0 days 01:21:02.547000,297.0,253.0,245.0,298.0,False,MEDIUM,13.0,False,Aston Martin,0 days 01:19:28.541000,,1,8.0,False,,False,True,21.3,55.0,1001.2,False,29.1,187,4.5,True,False,False,False,False,False,+15.114,+2.294,15.114,2.294,4862.492,93.951,,,29.945,37.914,26.092,4798.541,4836.455,4862.547,4768.541
2023,British Grand Prix,10,Great Britain,Silverstone,0 days 01:22:36.057000,ALO,14,0 days 00:01:33.565000,13.0,1.0,,Fernando Alonso,,0 days 00:00:29.782000,0 days 00:00:37.746000,0 days 00:00:26.037000,0 days 01:21:32.329000,0 days 01:22:10.075000,0 days 01:22:36.112000,297.0,255.0,245.0,296.0,False,MEDIUM,14.0,False,Aston Martin,0 days 01:21:02.492000,,1,8.0,False,,False,True,21.4,56.0,1001.2,False,28.9,189,4.3,True,False,False,False,False,False,+16.009,+2.591,16.009,2.591,4956.057,93.565,,,29.782,37.746,26.037,4892.329,4930.075,4956.112,4862.492
2023,British Grand Prix,10,Great Britain,Silverstone,0 days 01:24:09.937000,ALO,14,0 days 00:01:33.880000,14.0,1.0,,Fernando Alonso,,0 days 00:00:29.998000,0 days 00:00:37.888000,0 days 00:00:25.994000,0 days 01:23:06.110000,0 days 01:23:43.998000,0 days 01:24:09.992000,294.0,253.0,245.0,297.0,False,MEDIUM,15.0,False,Aston Martin,0 days 01:22:36.057000,,1,8.0,False,,False,True,21.4,58.0,1001.5,False,28.7,191,3.7,True,False,False,False,False,False,+16.856,+3.139,16.856,3.139,5049.937,93.88,,,29.998,37.888,25.994,4986.11,5023.998,5049.992,4956.057
2023,British Grand Prix,10,Great Britain,Silverstone,0 days 01:25:43.673000,ALO,14,0 days 00:01:33.736000,15.0,1.0,,Fernando Alonso,,0 days 00:00:29.935000,0 days 00:00:37.836000,0 days 00:00:25.965000,0 days 01:24:39.927000,0 days 01:25:17.763000,0 days 01:25:43.728000,294.0,255.0,246.0,299.0,False,MEDIUM,16.0,False,Aston Martin,0 days 01:24:09.937000,,1,8.0,False,,False,True,21.1,60.0,1001.5,False,27.8,229,4.5,True,False,False,False,False,False,+17.588,+3.726,17.588,3.726,5143.673,93.736,,,29.935,37.836,25.965,5079.927,5117.763,5143.728,5049.937
2023,British Grand Prix,10,Great Britain,Silverstone,0 days 01:27:17.110000,ALO,14,0 days 00:01:33.437000,16.0,1.0,,Fernando Alonso,,0 days 00:00:29.883000,0 days 00:00:37.682000,0 days 00:00:25.872000,0 days 01:26:13.611000,0 days 01:26:51.293000,0 days 01:27:17.165000,294.0,254.0,246.0,298.0,False,MEDIUM,17.0,False,Aston Martin,0 days 01:25:43.673000,,1,8.0,False,,False,True,20.7,63.0,1001.5,False,27.7,212,1.8,True,False,False,False,False,False,+18.210,+4.238,18.21,4.238,5237.11,93.437,,,29.883,37.682,25.872,5173.611,5211.293,5237.165,5143.673
2023,British Grand Prix,10,Great Britain,Silverstone,0 days 01:28:50.298000,ALO,14,0 days 00:01:33.188000,17.0,1.0,,Fernando Alonso,,0 days 00:00:29.839000,0 days 00:00:37.445000,0 days 00:00:25.904000,0 days 01:27:47.004000,0 days 01:28:24.449000,0 days 01:28:50.353000,296.0,255.0,245.0,302.0,False,MEDIUM,18.0,False,Aston Martin,0 days 01:27:17.110000,,1,8.0,False,,False,True,20.1,63.0,1001.4,False,27.9,222,2.2,True,False,False,False,False,False,+18.800,+4.301,18.8,4.301,5330.298,93.188,,,29.839,37.445,25.904,5267.004,5304.449,5330.353,5237.11
2023,British Grand Prix,10,Great Britain,Silverstone,0 days 01:30:23.615000,ALO,14,0 days 00:01:33.317000,18.0,1.0,,Fernando Alonso,,0 days 00:00:29.918000,0 days 00:00:37.584000,0 days 00:00:25.815000,0 days 01:29:20.271000,0 days 01:29:57.855000,0 days 01:30:23.670000,295.0,255.0,247.0,300.0,False,MEDIUM,19.0,False,Aston Martin,0 days 01:28:50.298000,,1,8.0,False,,False,True,20.1,64.0,1001.2,False,28.3,223,2.0,True,False,False,False,False,False,+19.618,+4.309,19.618,4.309,5423.615,93.317,,,29.918,37.584,25.815,5360.271,5397.855,5423.67,5330.298
2023,British Grand Prix,10,Great Britain,Silverstone,0 days 01:31:56.800000,ALO,14,0 days 00:01:33.185000,19.0,1.0,,Fernando Alonso,,0 days 00:00:29.909000,0 days 00:00:37.553000,0 days 00:00:25.723000,0 days 01:30:53.579000,0 days 01:31:31.132000,0 days 01:31:56.855000,294.0,255.0,247.0,301.0,False,MEDIUM,20.0,False,Aston Martin,0 days 01:30:23.615000,,1,7.0,False,,False,True,20.1,64.0,1001.4,False,28.9,239,3.4,True,False,False,False,False,False,+20.446,+4.275,20.446,4.275,5516.8,93.185,,,29.909,37.553,25.723,5453.579,5491.132,5516.855,5423.615
2023,British Grand Prix,10,Great Britain,Silverstone,0 days 01:33:29.816000,ALO,14,0 days 00:01:33.016000,20.0,1.0,,Fernando Alonso,,0 days 00:00:29.725000,0 days 00:00:37.534000,0 days 00:00:25.757000,0 days 01:32:26.580000,0 days 01:33:04.114000,0 days 01:33:29.871000,295.0,253.0,247.0,300.0,True,MEDIUM,21.0,False,Aston Martin,0 days 01:31:56.800000,,1,7.0,False,,False,True,20.2,64.0,1001.4,False,29.1,201,3.2,True,False,False,False,False,False,+21.172,+4.352,21.172,4.352,5609.816,93.016,,,29.725,37.534,25.757,5546.58,5584.114,5609.871,5516.8
2023,British Grand Prix,10,Great Britain,Silverstone,0 days 01:35:03.006000,ALO,14,0 days 00:01:33.190000,21.0,1.0,,Fernando Alonso,,0 days 00:00:29.899000,0 days 00:00:37.508000,0 days 00:00:25.783000,0 days 01:33:59.770000,0 days 01:34:37.278000,0 days 01:35:03.061000,294.0,254.0,247.0,300.0,False,MEDIUM,22.0,False,Aston Martin,0 days 01:33:29.816000,,1,7.0,False,,False,True,20.2,64.0,1001.4,False,29.4,206,2.0,True,False,False,False,False,False,+21.877,+4.790,21.877,4.79,5703.006,93.19,,,29.899,37.508,25.783,5639.77,5677.278,5703.061,5609.816
2023,British Grand Prix,10,Great Britain,Silverstone,0 days 01:36:36.098000,ALO,14,0 days 00:01:33.092000,22.0,1.0,,Fernando Alonso,,0 days 00:00:29.805000,0 days 00:00:37.487000,0 days 00:00:25.800000,0 days 01:35:32.866000,0 days 01:36:10.353000,0 days 01:36:36.153000,294.0,255.0,247.0,300.0,False,MEDIUM,23.0,False,Aston Martin,0 days 01:35:03.006000,,1,7.0,False,,False,True,20.2,64.0,1001.4,False,29.6,206,2.2,True,False,False,False,False,False,+22.789,+5.049,22.789,5.049,5796.098,93.092,,,29.805,37.487,25.8,5732.866,5770.353,5796.153,5703.006
2023,British Grand Prix,10,Great Britain,Silverstone,0 days 01:38:09.124000,ALO,14,0 days 00:01:33.026000,23.0,1.0,,Fernando Alonso,,0 days 00:00:29.727000,0 days 00:00:37.577000,0 days 00:00:25.722000,0 days 01:37:05.880000,0 days 01:37:43.457000,0 days 01:38:09.179000,293.0,255.0,247.0,299.0,False,MEDIUM,24.0,False,Aston Martin,0 days 01:36:36.098000,,1,7.0,False,,False,True,20.2,64.0,1001.4,False,29.6,204,2.5,True,False,False,False,False,False,+23.538,+5.069,23.538,5.069,5889.124,93.026,,,29.727,37.577,25.722,5825.88,5863.457,5889.179,5796.098
2023,British Grand Prix,10,Great Britain,Silverstone,0 days 01:39:42.141000,ALO,14,0 days 00:01:33.017000,24.0,1.0,,Fernando Alonso,,0 days 00:00:29.916000,0 days 00:00:37.416000,0 days 00:00:25.685000,0 days 01:38:39.095000,0 days 01:39:16.511000,0 days 01:39:42.196000,294.0,254.0,247.0,301.0,False,MEDIUM,25.0,False,Aston Martin,0 days 01:38:09.124000,,1,7.0,False,,False,True,20.2,63.0,1001.4,False,29.6,214,0.8,True,False,False,False,False,False,+24.212,+5.397,24.212,5.397,5982.141,93.017,,,29.916,37.416,25.685,5919.095,5956.511,5982.196,5889.124
2023,British Grand Prix,10,Great Britain,Silverstone,0 days 01:41:15.219000,ALO,14,0 days 00:01:33.078000,25.0,1.0,,Fernando Alonso,,0 days 00:00:29.773000,0 days 00:00:37.637000,0 days 00:00:25.668000,0 days 01:40:11.969000,0 days 01:40:49.606000,0 days 01:41:15.274000,294.0,256.0,247.0,299.0,False,MEDIUM,26.0,False,Aston Martin,0 days 01:39:42.141000,,1,7.0,False,,False,True,20.4,62.0,1001.4,False,30.9,145,1.7,True,False,False,False,False,False,+24.987,+5.398,24.987,5.398,6075.219,93.078,,,29.773,37.637,25.668,6011.969,6049.606,6075.274,5982.141
2023,British Grand Prix,10,Great Britain,Silverstone,0 days 01:42:48.371000,ALO,14,0 days 00:01:33.152000,26.0,1.0,,Fernando Alonso,,0 days 00:00:29.820000,0 days 00:00:37.724000,0 days 00:00:25.608000,0 days 01:41:45.094000,0 days 01:42:22.818000,0 days 01:42:48.426000,295.0,255.0,248.0,303.0,False,MEDIUM,27.0,False,Aston Martin,0 days 01:41:15.219000,,1,7.0,False,,False,True,20.5,63.0,1001.4,False,31.7,220,2.0,True,False,False,False,False,False,+25.855,+5.781,25.855,5.781,6168.371,93.152,,,29.82,37.724,25.608,6105.094,6142.818,6168.426,6075.219
2023,British Grand Prix,10,Great Britain,Silverstone,0 days 01:44:21.285000,ALO,14,0 days 00:01:32.914000,27.0,1.0,,Fernando Alonso,,0 days 00:00:29.825000,0 days 00:00:37.593000,0 days 00:00:25.496000,0 days 01:43:18.251000,0 days 01:43:55.844000,0 days 01:44:21.340000,294.0,255.0,248.0,301.0,True,MEDIUM,28.0,False,Aston Martin,0 days 01:42:48.371000,,1,6.0,False,,False,True,20.6,61.0,1001.4,False,32.4,225,2.4,True,False,False,False,False,False,+26.651,+5.995,26.651,5.995,6261.285,92.914,,,29.825,37.593,25.496,6198.251,6235.844,6261.34,6168.371
2023,British Grand Prix,10,Great Britain,Silverstone,0 days 01:45:54.029000,ALO,14,0 days 00:01:32.744000,28.0,1.0,,Fernando Alonso,,0 days 00:00:29.672000,0 days 00:00:37.545000,0 days 00:00:25.527000,0 days 01:44:51.012000,0 days 01:45:28.557000,0 days 01:45:54.084000,294.0,254.0,248.0,302.0,True,MEDIUM,29.0,False,Aston Martin,0 days 01:44:21.285000,,1,6.0,False,,False,True,20.8,62.0,1001.4,False,32.8,192,2.2,True,False,False,False,False,False,+27.188,+6.398,27.188,6.398,6354.029,92.744,,,29.672,37.545,25.527,6291.012,6328.557,6354.084,6261.285
2023,British Grand Prix,10,Great Britain,Silverstone,0 days 01:47:26.756000,ALO,14,0 days 00:01:32.727000,29.0,1.0,,Fernando Alonso,,0 days 00:00:29.803000,0 days 00:00:37.454000,0 days 00:00:25.470000,0 days 01:46:23.887000,0 days 01:47:01.341000,0 days 01:47:26.811000,294.0,256.0,249.0,300.0,True,MEDIUM,30.0,False,Aston Martin,0 days 01:45:54.029000,,1,5.0,False,,False,True,20.9,61.0,1001.4,False,33.3,175,2.5,True,False,False,False,False,False,+27.654,+6.975,27.654,6.975,6446.756,92.727,,,29.803,37.454,25.47,6383.887,6421.341,6446.811,6354.029
2023,British Grand Prix,10,Great Britain,Silverstone,0 days 01:48:59.442000,ALO,14,0 days 00:01:32.686000,30.0,1.0,,Fernando Alonso,,0 days 00:00:29.735000,0 days 00:00:37.458000,0 days 00:00:25.493000,0 days 01:47:56.546000,0 days 01:48:34.004000,0 days 01:48:59.497000,294.0,256.0,248.0,300.0,True,MEDIUM,31.0,False,Aston Martin,0 days 01:47:26.756000,,1,4.0,False,,False,True,21.0,61.0,1001.4,False,32.7,195,1.8,True,False,False,False,False,False,+28.003,+7.409,28.003,7.409,6539.442,92.686,,,29.735,37.458,25.493,6476.546,6514.004,6539.497,6446.756
2023,British Grand Prix,10,Great Britain,Silverstone,0 days 01:50:32.358000,ALO,14,0 days 00:01:32.916000,31.0,1.0,,Fernando Alonso,,0 days 00:00:29.818000,0 days 00:00:37.416000,0 days 00:00:25.682000,0 days 01:49:29.315000,0 days 01:50:06.731000,0 days 01:50:32.413000,294.0,255.0,248.0,302.0,False,MEDIUM,32.0,False,Aston Martin,0 days 01:48:59.442000,,1,4.0,False,,False,True,21.1,62.0,1001.2,False,32.4,207,3.0,True,False,False,False,False,False,+28.500,+7.598,28.5,7.598,6632.358,92.916,,,29.818,37.416,25.682,6569.315,6606.731,6632.413,6539.442
2023,British Grand Prix,10,Great Britain,Silverstone,0 days 01:52:10.917000,ALO,14,0 days 00:01:38.559000,32.0,1.0,,Fernando Alonso,,0 days 00:00:29.731000,0 days 00:00:37.467000,0 days 00:00:31.361000,0 days 01:51:02.144000,0 days 01:51:39.611000,0 days 01:52:10.972000,293.0,257.0,141.0,300.0,False,MEDIUM,33.0,False,Aston Martin,0 days 01:50:32.358000,,126,4.0,False,,False,False,21.0,62.0,1001.2,False,31.4,197,2.5,True,True,False,False,True,False,+33.285,+12.172,33.285,12.172,6730.917,98.559,,,29.731,37.467,31.361,6662.144,6699.611,6730.972,6632.358
2023,British Grand Prix,10,Great Britain,Silverstone,0 days 01:54:14.847000,ALO,14,0 days 00:02:03.930000,33.0,1.0,,Fernando Alonso,0 days 01:54:08.945000,0 days 00:00:41.955000,0 days 00:00:52.048000,0 days 00:00:29.927000,0 days 01:52:52.927000,0 days 01:53:44.975000,0 days 01:54:14.902000,178.0,159.0,,226.0,False,MEDIUM,34.0,False,Aston Martin,0 days 01:52:10.917000,,64,4.0,False,,False,False,21.0,63.0,1001.2,False,30.6,179,1.3,False,False,True,False,True,False,+40.326,+11.062,40.326,11.062,6854.847,123.93,6848.945,,41.955,52.048,29.927,6772.927,6824.975,6854.902,6730.917
2023,British Grand Prix,10,Great Britain,Silverstone,0 days 01:56:42.060000,ALO,14,0 days 00:02:27.213000,34.0,2.0,0 days 01:54:37.569000,Fernando Alonso,,0 days 00:01:03.050000,0 days 00:00:49.851000,0 days 00:00:34.312000,0 days 01:55:17.952000,0 days 01:56:07.803000,0 days 01:56:42.115000,228.0,224.0,223.0,291.0,False,SOFT,4.0,False,Aston Martin,0 days 01:54:14.847000,,4,6.0,False,,False,False,20.9,63.0,1001.2,False,30.5,246,1.3,False,False,True,False,False,False,+10.190,+2.499,10.19,2.499,7002.06,147.213,,6877.569,63.05,49.851,34.312,6917.952,6967.803,7002.115,6854.847
2023,British Grand Prix,10,Great Britain,Silverstone,0 days 01:59:07.251000,ALO,14,0 days 00:02:25.191000,35.0,2.0,,Fernando Alonso,,0 days 00:00:46.616000,0 days 00:00:59.038000,0 days 00:00:39.537000,0 days 01:57:28.731000,0 days 01:58:27.769000,0 days 01:59:07.306000,201.0,210.0,94.0,96.0,False,SOFT,5.0,False,Aston Martin,0 days 01:56:42.060000,,4,6.0,False,,False,False,20.9,63.0,1001.2,False,30.1,238,1.1,False,False,True,False,False,False,+6.125,+1.262,6.125,1.262,7147.251,145.191,,,46.616,59.038,39.537,7048.731,7107.769,7147.306,7002.06
2023,British Grand Prix,10,Great Britain,Silverstone,0 days 02:01:32.678000,ALO,14,0 days 00:02:25.427000,36.0,2.0,,Fernando Alonso,,0 days 00:00:52.869000,0 days 00:00:56.761000,0 days 00:00:35.797000,0 days 02:00:00.175000,0 days 02:00:56.936000,0 days 02:01:32.733000,152.0,89.0,180.0,274.0,False,SOFT,6.0,False,Aston Martin,0 days 01:59:07.251000,,4,6.0,False,,False,False,21.0,63.0,1001.2,False,30.1,236,1.3,False,False,True,False,False,False,+6.603,+1.416,6.603,1.416,7292.678,145.427,,,52.869,56.761,35.797,7200.175,7256.936,7292.733,7147.251
2023,British Grand Prix,10,Great Britain,Silverstone,0 days 02:03:57.952000,ALO,14,0 days 00:02:25.274000,37.0,2.0,,Fernando Alonso,,0 days 00:00:51.871000,0 days 00:00:54.384000,0 days 00:00:39.019000,0 days 02:02:24.604000,0 days 02:03:18.988000,0 days 02:03:58.007000,166.0,210.0,96.0,244.0,False,SOFT,7.0,False,Aston Martin,0 days 02:01:32.678000,,4,6.0,False,,False,False,20.9,63.0,1001.2,False,29.7,246,0.8,False,False,True,False,False,False,+5.929,+1.120,5.929,1.12,7437.952,145.274,,,51.871,54.384,39.019,7344.604,7398.988,7438.007,7292.678
2023,British Grand Prix,10,Great Britain,Silverstone,0 days 02:06:15.907000,ALO,14,0 days 00:02:17.955000,38.0,2.0,,Fernando Alonso,,0 days 00:00:41.475000,0 days 00:00:55.737000,0 days 00:00:40.743000,0 days 02:04:39.482000,0 days 02:05:35.219000,0 days 02:06:15.962000,152.0,141.0,252.0,142.0,False,SOFT,8.0,False,Aston Martin,0 days 02:03:57.952000,,41,6.0,False,,False,False,20.9,63.0,1001.2,False,29.4,199,1.8,True,False,True,False,False,False,+2.927,+0.331,2.927,0.331,7575.907,137.955,,,41.475,55.737,40.743,7479.482,7535.219,7575.962,7437.952
2023,British Grand Prix,10,Great Britain,Silverstone,0 days 02:07:48.227000,ALO,14,0 days 00:01:32.320000,39.0,2.0,,Fernando Alonso,,0 days 00:00:29.309000,0 days 00:00:37.273000,0 days 00:00:25.738000,0 days 02:06:45.271000,0 days 02:07:22.544000,0 days 02:07:48.282000,292.0,260.0,249.0,304.0,True,SOFT,9.0,False,Aston Martin,0 days 02:06:15.907000,,1,6.0,False,,False,True,21.0,64.0,1001.2,False,29.3,201,1.2,True,False,False,False,False,False,+4.858,+0.754,4.858,0.754,7668.227,92.32,,,29.309,37.273,25.738,7605.271,7642.544,7668.282,7575.907
2023,British Grand Prix,10,Great Britain,Silverstone,0 days 02:09:19.918000,ALO,14,0 days 00:01:31.691000,40.0,2.0,,Fernando Alonso,,0 days 00:00:29.268000,0 days 00:00:37.030000,0 days 00:00:25.393000,0 days 02:08:17.550000,0 days 02:08:54.580000,0 days 02:09:19.973000,307.0,260.0,250.0,312.0,True,SOFT,10.0,False,Aston Martin,0 days 02:07:48.227000,,1,6.0,False,,False,True,21.0,63.0,1001.0,False,29.5,218,1.1,True,False,False,False,False,False,+6.031,+0.870,6.031,0.87,7759.918,91.691,,,29.268,37.03,25.393,7697.55,7734.58,7759.973,7668.227
2023,British Grand Prix,10,Great Britain,Silverstone,0 days 02:10:51.570000,ALO,14,0 days 00:01:31.652000,41.0,2.0,,Fernando Alonso,,0 days 00:00:29.164000,0 days 00:00:37.087000,0 days 00:00:25.401000,0 days 02:09:49.137000,0 days 02:10:26.224000,0 days 02:10:51.625000,318.0,261.0,249.0,312.0,True,SOFT,11.0,False,Aston Martin,0 days 02:09:19.918000,,1,6.0,False,,False,True,21.1,62.0,1001.0,False,29.7,192,2.4,True,False,False,False,False,False,+6.985,+1.375,6.985,1.375,7851.57,91.652,,,29.164,37.087,25.401,7789.137,7826.224,7851.625,7759.918
2023,British Grand Prix,10,Great Britain,Silverstone,0 days 02:12:23.399000,ALO,14,0 days 00:01:31.829000,42.0,2.0,,Fernando Alonso,,0 days 00:00:29.264000,0 days 00:00:37.063000,0 days 00:00:25.502000,0 days 02:11:20.889000,0 days 02:11:57.952000,0 days 02:12:23.454000,300.0,259.0,250.0,306.0,False,SOFT,12.0,False,Aston Martin,0 days 02:10:51.570000,,1,6.0,False,,False,True,21.2,61.0,1001.0,False,29.9,192,1.0,True,False,False,False,False,False,+8.548,+2.010,8.548,2.01,7943.399,91.829,,,29.264,37.063,25.502,7880.889,7917.952,7943.454,7851.57
2023,British Grand Prix,10,Great Britain,Silverstone,0 days 02:13:55.146000,ALO,14,0 days 00:01:31.747000,43.0,2.0,,Fernando Alonso,,0 days 00:00:29.351000,0 days 00:00:36.950000,0 days 00:00:25.446000,0 days 02:12:52.805000,0 days 02:13:29.755000,0 days 02:13:55.201000,302.0,258.0,249.0,306.0,False,SOFT,13.0,False,Aston Martin,0 days 02:12:23.399000,,1,6.0,False,,False,True,21.4,61.0,1001.0,False,30.7,177,1.7,True,False,False,False,False,False,+9.776,+2.557,9.776,2.557,8035.146,91.747,,,29.351,36.95,25.446,7972.805,8009.755,8035.201,7943.399
2023,British Grand Prix,10,Great Britain,Silverstone,0 days 02:15:27.277000,ALO,14,0 days 00:01:32.131000,44.0,2.0,,Fernando Alonso,,0 days 00:00:29.444000,0 days 00:00:37.102000,0 days 00:00:25.585000,0 days 02:14:24.645000,0 days 02:15:01.747000,0 days 02:15:27.332000,302.0,257.0,248.0,306.0,False,SOFT,14.0,False,Aston Martin,0 days 02:13:55.146000,,1,6.0,False,,False,True,21.4,57.0,1001.0,False,31.1,220,2.0,True,False,False,False,False,False,+11.217,+3.109,11.217,3.109,8127.277,92.131,,,29.444,37.102,25.585,8064.645,8101.747,8127.332,8035.146
2023,British Grand Prix,10,Great Britain,Silverstone,0 days 02:16:59.313000,ALO,14,0 days 00:01:32.036000,45.0,2.0,,Fernando Alonso,,0 days 00:00:29.361000,0 days 00:00:37.053000,0 days 00:00:25.622000,0 days 02:15:56.693000,0 days 02:16:33.746000,0 days 02:16:59.368000,302.0,261.0,247.0,309.0,False,SOFT,15.0,False,Aston Martin,0 days 02:15:27.277000,,1,6.0,False,,False,True,21.4,57.0,1001.0,False,30.4,212,2.0,True,False,False,False,False,False,+11.938,+3.428,11.938,3.428,8219.313,92.036,,,29.361,37.053,25.622,8156.693,8193.746,8219.368,8127.277
2023,British Grand Prix,10,Great Britain,Silverstone,0 days 02:18:32.204000,ALO,14,0 days 00:01:32.891000,46.0,2.0,,Fernando Alonso,,0 days 00:00:29.365000,0 days 00:00:37.132000,0 days 00:00:26.394000,0 days 02:17:28.733000,0 days 02:18:05.865000,0 days 02:18:32.259000,299.0,260.0,246.0,308.0,False,SOFT,16.0,False,Aston Martin,0 days 02:16:59.313000,,1,7.0,False,,False,True,21.4,57.0,1001.0,False,30.3,186,3.0,True,False,False,False,False,False,+13.667,+0.693,13.667,0.693,8312.204,92.891,,,29.365,37.132,26.394,8248.733,8285.865,8312.259,8219.313
2023,British Grand Prix,10,Great Britain,Silverstone,0 days 02:20:04.032000,ALO,14,0 days 00:01:31.828000,47.0,2.0,,Fernando Alonso,,0 days 00:00:29.292000,0 days 00:00:37.162000,0 days 00:00:25.374000,0 days 02:19:01.551000,0 days 02:19:38.713000,0 days 02:20:04.087000,316.0,261.0,248.0,321.0,False,SOFT,17.0,False,Aston Martin,0 days 02:18:32.204000,,1,7.0,False,,False,True,21.4,59.0,1001.0,False,30.0,192,2.4,True,False,False,False,False,False,+14.363,+1.025,14.363,1.025,8404.032,91.828,,,29.292,37.162,25.374,8341.551,8378.713,8404.087,8312.204
2023,British Grand Prix,10,Great Britain,Silverstone,0 days 02:21:35.370000,ALO,14,0 days 00:01:31.338000,48.0,2.0,,Fernando Alonso,,0 days 00:00:29.103000,0 days 00:00:36.926000,0 days 00:00:25.309000,0 days 02:20:33.190000,0 days 02:21:10.116000,0 days 02:21:35.425000,315.0,261.0,248.0,318.0,True,SOFT,18.0,False,Aston Martin,0 days 02:20:04.032000,,1,7.0,False,,False,True,21.5,58.0,1001.0,False,30.0,229,2.4,True,False,False,False,False,False,+14.310,+1.159,14.31,1.159,8495.37,91.338,,,29.103,36.926,25.309,8433.19,8470.116,8495.425,8404.032
2023,British Grand Prix,10,Great Britain,Silverstone,0 days 02:23:07.445000,ALO,14,0 days 00:01:32.075000,49.0,2.0,,Fernando Alonso,,0 days 00:00:29.414000,0 days 00:00:37.105000,0 days 00:00:25.556000,0 days 02:22:04.839000,0 days 02:22:41.944000,0 days 02:23:07.500000,303.0,260.0,249.0,302.0,False,SOFT,19.0,False,Aston Martin,0 days 02:21:35.370000,,1,7.0,False,,False,True,21.5,54.0,1001.0,False,29.6,188,3.4,True,False,False,False,False,False,+15.176,+1.869,15.176,1.869,8587.445,92.075,,,29.414,37.105,25.556,8524.839,8561.944,8587.5,8495.37
2023,British Grand Prix,10,Great Britain,Silverstone,0 days 02:24:39.444000,ALO,14,0 days 00:01:31.999000,50.0,2.0,,Fernando Alonso,,0 days 00:00:29.339000,0 days 00:00:37.108000,0 days 00:00:25.552000,0 days 02:23:36.839000,0 days 02:24:13.947000,0 days 02:24:39.499000,303.0,260.0,249.0,305.0,False,SOFT,20.0,False,Aston Martin,0 days 02:23:07.445000,,1,7.0,False,,False,True,21.6,54.0,1000.9,False,29.6,200,4.3,True,False,False,False,False,False,+15.907,+2.790,15.907,2.79,8679.444,91.999,,,29.339,37.108,25.552,8616.839,8653.947,8679.499,8587.445
2023,British Grand Prix,10,Great Britain,Silverstone,0 days 02:26:11.374000,ALO,14,0 days 00:01:31.930000,51.0,2.0,,Fernando Alonso,,0 days 00:00:29.321000,0 days 00:00:37.031000,0 days 00:00:25.578000,0 days 02:25:08.820000,0 days 02:25:45.851000,0 days 02:26:11.429000,301.0,261.0,249.0,301.0,False,SOFT,21.0,False,Aston Martin,0 days 02:24:39.444000,,1,7.0,False,,False,True,21.7,54.0,1001.0,False,30.2,203,3.7,True,False,False,False,False,False,+16.437,+3.767,16.437,3.767,8771.374,91.93,,,29.321,37.031,25.578,8708.82,8745.851,8771.429,8679.444
2023,British Grand Prix,10,Great Britain,Silverstone,0 days 02:27:43.085000,ALO,14,0 days 00:01:31.711000,52.0,2.0,,Fernando Alonso,,0 days 00:00:29.243000,0 days 00:00:36.974000,0 days 00:00:25.494000,0 days 02:26:40.672000,0 days 02:27:17.646000,0 days 02:27:43.140000,303.0,260.0,249.0,304.0,False,SOFT,22.0,False,Aston Martin,0 days 02:26:11.374000,,1,7.0,False,,False,True,21.8,53.0,1001.0,False,30.2,188,3.5,True,False,False,False,False,False,+17.168,+4.272,17.168,4.272,8863.085,91.711,,,29.243,36.974,25.494,8800.672,8837.646,8863.14,8771.374
2023,British Grand Prix,10,Great Britain,Silverstone,0 days 01:03:47.254000,LEC,16,0 days 00:01:38.300000,1.0,1.0,,Charles Leclerc,,,0 days 00:00:38.716000,0 days 00:00:26.084000,,0 days 01:03:21.292000,0 days 01:03:47.369000,305.0,254.0,246.0,299.0,False,MEDIUM,1.0,True,Ferrari,0 days 01:02:08.731000,,1,4.0,False,,False,False,21.4,54.0,1001.2,False,29.6,236,3.7,True,False,False,False,False,False,+1.722,+0.530,1.722,0.53,3827.254,98.3,,,,38.716,26.084,,3801.292,3827.369,3728.731
2023,British Grand Prix,10,Great Britain,Silverstone,0 days 01:05:21.248000,LEC,16,0 days 00:01:33.994000,2.0,1.0,,Charles Leclerc,,0 days 00:00:29.616000,0 days 00:00:38.175000,0 days 00:00:26.203000,0 days 01:04:16.885000,0 days 01:04:55.060000,0 days 01:05:21.263000,295.0,255.0,245.0,300.0,True,MEDIUM,2.0,True,Ferrari,0 days 01:03:47.254000,,1,4.0,False,,False,True,21.4,55.0,1001.4,False,29.5,191,3.2,True,False,False,False,False,False,+2.697,+0.676,2.697,0.676,3921.248,93.994,,,29.616,38.175,26.203,3856.885,3895.06,3921.263,3827.254
2023,British Grand Prix,10,Great Britain,Silverstone,0 days 01:06:54.182000,LEC,16,0 days 00:01:32.934000,3.0,1.0,,Charles Leclerc,,0 days 00:00:29.544000,0 days 00:00:37.782000,0 days 00:00:25.608000,0 days 01:05:50.807000,0 days 01:06:28.589000,0 days 01:06:54.197000,309.0,254.0,247.0,303.0,True,MEDIUM,3.0,True,Ferrari,0 days 01:05:21.248000,,1,4.0,False,,False,True,21.5,54.0,1001.2,False,29.4,238,3.4,True,False,False,False,False,False,+2.444,+1.135,2.444,1.135,4014.182,92.934,,,29.544,37.782,25.608,3950.807,3988.589,4014.197,3921.248
2023,British Grand Prix,10,Great Britain,Silverstone,0 days 01:08:27.143000,LEC,16,0 days 00:01:32.961000,4.0,1.0,,Charles Leclerc,,0 days 00:00:29.430000,0 days 00:00:37.794000,0 days 00:00:25.737000,0 days 01:07:23.627000,0 days 01:08:01.421000,0 days 01:08:27.158000,297.0,252.0,247.0,298.0,False,MEDIUM,4.0,True,Ferrari,0 days 01:06:54.182000,,1,4.0,False,,False,True,21.4,55.0,1001.2,False,29.4,188,3.2,True,False,False,False,False,False,+2.651,+1.528,2.651,1.528,4107.143,92.961,,,29.43,37.794,25.737,4043.627,4081.421,4107.158,4014.182
2023,British Grand Prix,10,Great Britain,Silverstone,0 days 01:10:01.552000,LEC,16,0 days 00:01:34.409000,5.0,1.0,,Charles Leclerc,,0 days 00:00:29.912000,0 days 00:00:38.013000,0 days 00:00:26.484000,0 days 01:08:57.070000,0 days 01:09:35.083000,0 days 01:10:01.567000,304.0,253.0,246.0,290.0,False,MEDIUM,5.0,True,Ferrari,0 days 01:08:27.143000,,1,4.0,False,,False,True,21.4,55.0,1001.2,False,29.3,221,3.4,True,False,False,False,False,False,+3.913,+2.510,3.913,2.51,4201.552,94.409,,,29.912,38.013,26.484,4137.07,4175.083,4201.567,4107.143
2023,British Grand Prix,10,Great Britain,Silverstone,0 days 01:11:35.313000,LEC,16,0 days 00:01:33.761000,6.0,1.0,,Charles Leclerc,,0 days 00:00:29.929000,0 days 00:00:37.848000,0 days 00:00:25.984000,0 days 01:10:31.496000,0 days 01:11:09.344000,0 days 01:11:35.328000,290.0,252.0,246.0,291.0,False,MEDIUM,6.0,True,Ferrari,0 days 01:10:01.552000,,1,4.0,False,,False,True,21.5,55.0,1001.4,False,29.4,193,3.2,True,False,False,False,False,False,+4.618,+3.208,4.618,3.208,4295.313,93.761,,,29.929,37.848,25.984,4231.496,4269.344,4295.328,4201.552
2023,British Grand Prix,10,Great Britain,Silverstone,0 days 01:13:08.716000,LEC,16,0 days 00:01:33.403000,7.0,1.0,,Charles Leclerc,,0 days 00:00:29.706000,0 days 00:00:37.814000,0 days 00:00:25.883000,0 days 01:12:05.034000,0 days 01:12:42.848000,0 days 01:13:08.731000,291.0,254.0,245.0,296.0,False,MEDIUM,7.0,True,Ferrari,0 days 01:11:35.313000,,1,4.0,False,,False,True,21.4,54.0,1001.2,False,29.3,198,4.0,True,False,False,False,False,False,+4.903,+3.309,4.903,3.309,4388.716,93.403,,,29.706,37.814,25.883,4325.034,4362.848,4388.731,4295.313
2023,British Grand Prix,10,Great Britain,Silverstone,0 days 01:14:41.960000,LEC,16,0 days 00:01:33.244000,8.0,1.0,,Charles Leclerc,,0 days 00:00:29.749000,0 days 00:00:37.691000,0 days 00:00:25.804000,0 days 01:13:38.480000,0 days 01:14:16.171000,0 days 01:14:41.975000,292.0,255.0,246.0,296.0,False,MEDIUM,8.0,True,Ferrari,0 days 01:13:08.716000,,1,4.0,False,,False,True,21.4,55.0,1001.2,False,29.2,190,4.0,True,False,False,False,False,False,+5.305,+3.356,5.305,3.356,4481.96,93.244,,,29.749,37.691,25.804,4418.48,4456.171,4481.975,4388.716
2023,British Grand Prix,10,Great Britain,Silverstone,0 days 01:16:15.047000,LEC,16,0 days 00:01:33.087000,9.0,1.0,,Charles Leclerc,,0 days 00:00:29.728000,0 days 00:00:37.743000,0 days 00:00:25.616000,0 days 01:15:11.703000,0 days 01:15:49.446000,0 days 01:16:15.062000,292.0,254.0,246.0,300.0,False,MEDIUM,9.0,True,Ferrari,0 days 01:14:41.960000,,1,4.0,False,,False,True,21.4,55.0,1001.2,False,29.1,185,3.4,True,False,False,False,False,False,+5.568,+3.647,5.568,3.647,4575.047,93.087,,,29.728,37.743,25.616,4511.703,4549.446,4575.062,4481.96
2023,British Grand Prix,10,Great Britain,Silverstone,0 days 01:17:48.214000,LEC,16,0 days 00:01:33.167000,10.0,1.0,,Charles Leclerc,,0 days 00:00:29.678000,0 days 00:00:37.716000,0 days 00:00:25.773000,0 days 01:16:44.740000,0 days 01:17:22.456000,0 days 01:17:48.229000,293.0,252.0,246.0,293.0,False,MEDIUM,10.0,True,Ferrari,0 days 01:16:15.047000,,1,4.0,False,,False,True,21.3,55.0,1001.2,False,29.2,202,3.7,True,False,False,False,False,False,+6.131,+3.416,6.131,3.416,4668.214,93.167,,,29.678,37.716,25.773,4604.74,4642.456,4668.229,4575.047
2023,British Grand Prix,10,Great Britain,Silverstone,0 days 01:19:21.262000,LEC,16,0 days 00:01:33.048000,11.0,1.0,,Charles Leclerc,,0 days 00:00:29.640000,0 days 00:00:37.667000,0 days 00:00:25.741000,0 days 01:18:17.869000,0 days 01:18:55.536000,0 days 01:19:21.277000,291.0,254.0,246.0,293.0,False,MEDIUM,11.0,True,Ferrari,0 days 01:17:48.214000,,1,4.0,False,,False,True,21.4,55.0,1001.2,False,29.2,203,3.2,True,False,False,False,False,False,+6.573,+3.481,6.573,3.481,4761.262,93.048,,,29.64,37.667,25.741,4697.869,4735.536,4761.277,4668.214
2023,British Grand Prix,10,Great Britain,Silverstone,0 days 01:20:54.883000,LEC,16,0 days 00:01:33.621000,12.0,1.0,,Charles Leclerc,,0 days 00:00:30.025000,0 days 00:00:37.742000,0 days 00:00:25.854000,0 days 01:19:51.302000,0 days 01:20:29.044000,0 days 01:20:54.898000,291.0,253.0,246.0,293.0,False,MEDIUM,12.0,True,Ferrari,0 days 01:19:21.262000,,1,4.0,False,,False,True,21.3,55.0,1001.2,False,29.1,187,4.5,True,False,False,False,False,False,+7.529,+3.695,7.529,3.695,4854.883,93.621,,,30.025,37.742,25.854,4791.302,4829.044,4854.898,4761.262
2023,British Grand Prix,10,Great Britain,Silverstone,0 days 01:22:28.097000,LEC,16,0 days 00:01:33.214000,13.0,1.0,,Charles Leclerc,,0 days 00:00:29.752000,0 days 00:00:37.585000,0 days 00:00:25.877000,0 days 01:21:24.650000,0 days 01:22:02.235000,0 days 01:22:28.112000,292.0,253.0,245.0,291.0,False,MEDIUM,13.0,True,Ferrari,0 days 01:20:54.883000,,1,4.0,False,,False,True,21.4,56.0,1001.2,False,28.9,189,4.3,True,False,False,False,False,False,+8.046,+3.767,8.046,3.767,4948.097,93.214,,,29.752,37.585,25.877,4884.65,4922.235,4948.112,4854.883
2023,British Grand Prix,10,Great Britain,Silverstone,0 days 01:24:01.620000,LEC,16,0 days 00:01:33.523000,14.0,1.0,,Charles Leclerc,,0 days 00:00:30.064000,0 days 00:00:37.758000,0 days 00:00:25.701000,0 days 01:22:58.176000,0 days 01:23:35.934000,0 days 01:24:01.635000,295.0,253.0,246.0,300.0,False,MEDIUM,14.0,True,Ferrari,0 days 01:22:28.097000,,1,4.0,False,,False,True,21.4,58.0,1001.5,False,28.7,191,3.7,True,False,False,False,False,False,+8.511,+3.660,8.511,3.66,5041.62,93.523,,,30.064,37.758,25.701,4978.176,5015.934,5041.635,4948.097
2023,British Grand Prix,10,Great Britain,Silverstone,0 days 01:25:35.162000,LEC,16,0 days 00:01:33.542000,15.0,1.0,,Charles Leclerc,,0 days 00:00:30.096000,0 days 00:00:37.661000,0 days 00:00:25.785000,0 days 01:24:31.731000,0 days 01:25:09.392000,0 days 01:25:35.177000,292.0,253.0,246.0,297.0,False,MEDIUM,15.0,True,Ferrari,0 days 01:24:01.620000,,1,4.0,False,,False,True,21.1,60.0,1001.5,False,27.8,229,4.5,True,False,False,False,False,False,+9.083,+3.932,9.083,3.932,5135.162,93.542,,,30.096,37.661,25.785,5071.731,5109.392,5135.177,5041.62
2023,British Grand Prix,10,Great Britain,Silverstone,0 days 01:27:08.410000,LEC,16,0 days 00:01:33.248000,16.0,1.0,,Charles Leclerc,,0 days 00:00:29.940000,0 days 00:00:37.627000,0 days 00:00:25.681000,0 days 01:26:05.117000,0 days 01:26:42.744000,0 days 01:27:08.425000,293.0,254.0,247.0,303.0,False,MEDIUM,16.0,True,Ferrari,0 days 01:25:35.162000,,1,4.0,False,,False,True,20.7,63.0,1001.5,False,27.7,212,1.8,True,False,False,False,False,False,+9.541,+4.187,9.541,4.187,5228.41,93.248,,,29.94,37.627,25.681,5165.117,5202.744,5228.425,5135.162
2023,British Grand Prix,10,Great Britain,Silverstone,0 days 01:28:41.561000,LEC,16,0 days 00:01:33.151000,17.0,1.0,,Charles Leclerc,,0 days 00:00:29.878000,0 days 00:00:37.442000,0 days 00:00:25.831000,0 days 01:27:38.303000,0 days 01:28:15.745000,0 days 01:28:41.576000,291.0,255.0,245.0,298.0,False,MEDIUM,17.0,True,Ferrari,0 days 01:27:08.410000,,1,4.0,False,,False,True,20.5,63.0,1001.5,False,27.8,241,1.8,True,False,False,False,False,False,+10.053,+4.549,10.053,4.549,5321.561,93.151,,,29.878,37.442,25.831,5258.303,5295.745,5321.576,5228.41
2023,British Grand Prix,10,Great Britain,Silverstone,0 days 01:30:14.036000,LEC,16,0 days 00:01:32.475000,18.0,1.0,,Charles Leclerc,0 days 01:30:08.076000,0 days 00:00:29.986000,0 days 00:00:37.571000,0 days 00:00:24.918000,0 days 01:29:11.562000,0 days 01:29:49.133000,0 days 01:30:14.051000,290.0,254.0,,296.0,False,MEDIUM,18.0,True,Ferrari,0 days 01:28:41.561000,,1,4.0,False,,False,False,20.1,64.0,1001.2,False,28.3,223,2.0,True,False,False,False,False,False,+10.691,+4.866,10.691,4.866,5414.036,92.475,5408.076,,29.986,37.571,24.918,5351.562,5389.133,5414.051,5321.561
2023,British Grand Prix,10,Great Britain,Silverstone,0 days 01:32:06.897000,LEC,16,0 days 00:01:52.861000,19.0,2.0,0 days 01:30:36.278000,Charles Leclerc,,0 days 00:00:49.912000,0 days 00:00:37.327000,0 days 00:00:25.622000,0 days 01:31:03.963000,0 days 01:31:41.290000,0 days 01:32:06.912000,285.0,255.0,249.0,297.0,False,HARD,1.0,True,Ferrari,0 days 01:30:14.036000,,1,12.0,False,,False,False,20.1,64.0,1001.4,False,28.9,239,3.4,True,False,False,False,False,False,+30.570,+3.574,30.57,3.574,5526.897,112.861,,5436.278,49.912,37.327,25.622,5463.963,5501.29,5526.912,5414.036
2023,British Grand Prix,10,Great Britain,Silverstone,0 days 01:33:39.767000,LEC,16,0 days 00:01:32.870000,20.0,2.0,,Charles Leclerc,,0 days 00:00:29.675000,0 days 00:00:37.503000,0 days 00:00:25.692000,0 days 01:32:36.587000,0 days 01:33:14.090000,0 days 01:33:39.782000,289.0,253.0,248.0,296.0,True,HARD,2.0,True,Ferrari,0 days 01:32:06.897000,,1,12.0,False,,False,True,20.2,64.0,1001.4,False,29.1,201,3.2,True,False,False,False,False,False,+31.163,+3.005,31.163,3.005,5619.767,92.87,,,29.675,37.503,25.692,5556.587,5594.09,5619.782,5526.897
2023,British Grand Prix,10,Great Britain,Silverstone,0 days 01:35:12.615000,LEC,16,0 days 00:01:32.848000,21.0,2.0,,Charles Leclerc,,0 days 00:00:29.603000,0 days 00:00:37.559000,0 days 00:00:25.686000,0 days 01:34:09.385000,0 days 01:34:46.944000,0 days 01:35:12.630000,289.0,254.0,248.0,297.0,True,HARD,3.0,True,Ferrari,0 days 01:33:39.767000,,1,12.0,False,,False,True,20.2,64.0,1001.4,False,29.4,206,2.0,True,False,False,False,False,False,+31.497,+2.356,31.497,2.356,5712.615,92.848,,,29.603,37.559,25.686,5649.385,5686.944,5712.63,5619.767
2023,British Grand Prix,10,Great Britain,Silverstone,0 days 01:36:45.650000,LEC,16,0 days 00:01:33.035000,22.0,2.0,,Charles Leclerc,,0 days 00:00:29.891000,0 days 00:00:37.450000,0 days 00:00:25.694000,0 days 01:35:42.521000,0 days 01:36:19.971000,0 days 01:36:45.665000,291.0,254.0,248.0,298.0,False,HARD,4.0,True,Ferrari,0 days 01:35:12.615000,,1,12.0,False,,False,True,20.0,64.0,1001.2,False,29.6,222,1.7,True,False,False,False,False,False,+32.346,+1.924,32.346,1.924,5805.65,93.035,,,29.891,37.45,25.694,5742.521,5779.971,5805.665,5712.615
2023,British Grand Prix,10,Great Britain,Silverstone,0 days 01:38:18.204000,LEC,16,0 days 00:01:32.554000,23.0,2.0,,Charles Leclerc,,0 days 00:00:29.606000,0 days 00:00:37.360000,0 days 00:00:25.588000,0 days 01:37:15.271000,0 days 01:37:52.631000,0 days 01:38:18.219000,294.0,256.0,247.0,302.0,True,HARD,5.0,True,Ferrari,0 days 01:36:45.650000,,1,12.0,False,,False,True,20.2,64.0,1001.4,False,29.6,204,2.5,True,False,False,False,False,False,+32.632,+1.349,32.632,1.349,5898.204,92.554,,,29.606,37.36,25.588,5835.271,5872.631,5898.219,5805.65
2023,British Grand Prix,10,Great Britain,Silverstone,0 days 01:39:50.935000,LEC,16,0 days 00:01:32.731000,24.0,2.0,,Charles Leclerc,,0 days 00:00:29.724000,0 days 00:00:37.445000,0 days 00:00:25.562000,0 days 01:38:47.943000,0 days 01:39:25.388000,0 days 01:39:50.950000,293.0,258.0,247.0,322.0,False,HARD,6.0,True,Ferrari,0 days 01:38:18.204000,,1,12.0,False,,False,True,20.4,63.0,1001.4,False,29.7,202,1.3,True,False,False,False,False,False,+32.962,+0.642,32.962,0.642,5990.935,92.731,,,29.724,37.445,25.562,5927.943,5965.388,5990.95,5898.204
2023,British Grand Prix,10,Great Britain,Silverstone,0 days 01:41:23.733000,LEC,16,0 days 00:01:32.798000,25.0,2.0,,Charles Leclerc,,0 days 00:00:29.611000,0 days 00:00:37.691000,0 days 00:00:25.496000,0 days 01:40:20.561000,0 days 01:40:58.252000,0 days 01:41:23.748000,311.0,261.0,247.0,326.0,False,HARD,7.0,True,Ferrari,0 days 01:39:50.935000,,1,11.0,False,,False,True,20.4,62.0,1001.4,False,30.9,145,1.7,True,False,False,False,False,False,+33.506,+3.041,33.506,3.041,6083.733,92.798,,,29.611,37.691,25.496,6020.561,6058.252,6083.748,5990.935
2023,British Grand Prix,10,Great Britain,Silverstone,0 days 01:42:56.527000,LEC,16,0 days 00:01:32.794000,26.0,2.0,,Charles Leclerc,,0 days 00:00:29.640000,0 days 00:00:37.532000,0 days 00:00:25.622000,0 days 01:41:53.388000,0 days 01:42:30.920000,0 days 01:42:56.542000,292.0,255.0,247.0,301.0,False,HARD,8.0,True,Ferrari,0 days 01:41:23.733000,,1,11.0,False,,False,True,20.5,63.0,1001.4,False,31.7,220,2.0,True,False,False,False,False,False,+34.004,+2.643,34.004,2.643,6176.527,92.794,,,29.64,37.532,25.622,6113.388,6150.92,6176.542,6083.733
2023,British Grand Prix,10,Great Britain,Silverstone,0 days 01:44:29.469000,LEC,16,0 days 00:01:32.942000,27.0,2.0,,Charles Leclerc,,0 days 00:00:29.733000,0 days 00:00:37.534000,0 days 00:00:25.675000,0 days 01:43:26.275000,0 days 01:44:03.809000,0 days 01:44:29.484000,292.0,250.0,248.0,301.0,False,HARD,9.0,True,Ferrari,0 days 01:42:56.527000,,1,10.0,False,,False,True,20.6,61.0,1001.4,False,32.4,225,2.4,True,False,False,False,False,False,+34.837,+2.462,34.837,2.462,6269.469,92.942,,,29.733,37.534,25.675,6206.275,6243.809,6269.484,6176.527
2023,British Grand Prix,10,Great Britain,Silverstone,0 days 01:46:02.283000,LEC,16,0 days 00:01:32.814000,28.0,2.0,,Charles Leclerc,,0 days 00:00:29.702000,0 days 00:00:37.470000,0 days 00:00:25.642000,0 days 01:44:59.186000,0 days 01:45:36.656000,0 days 01:46:02.298000,291.0,255.0,249.0,300.0,False,HARD,10.0,True,Ferrari,0 days 01:44:29.469000,,1,10.0,False,,False,True,20.8,62.0,1001.4,False,32.8,192,2.2,True,False,False,False,False,False,+35.431,+2.206,35.431,2.206,6362.283,92.814,,,29.702,37.47,25.642,6299.186,6336.656,6362.298,6269.469
2023,British Grand Prix,10,Great Britain,Silverstone,0 days 01:47:34.941000,LEC,16,0 days 00:01:32.658000,29.0,2.0,,Charles Leclerc,,0 days 00:00:29.765000,0 days 00:00:37.441000,0 days 00:00:25.452000,0 days 01:46:32.063000,0 days 01:47:09.504000,0 days 01:47:34.956000,292.0,256.0,249.0,300.0,False,HARD,11.0,True,Ferrari,0 days 01:46:02.283000,,1,8.0,False,,False,True,20.9,61.0,1001.4,False,33.3,175,2.5,True,False,False,False,False,False,+35.834,+1.997,35.834,1.997,6454.941,92.658,,,29.765,37.441,25.452,6392.063,6429.504,6454.956,6362.283
2023,British Grand Prix,10,Great Britain,Silverstone,0 days 01:49:07.405000,LEC,16,0 days 00:01:32.464000,30.0,2.0,,Charles Leclerc,,0 days 00:00:29.742000,0 days 00:00:37.338000,0 days 00:00:25.384000,0 days 01:48:04.698000,0 days 01:48:42.036000,0 days 01:49:07.420000,293.0,257.0,249.0,301.0,True,HARD,12.0,True,Ferrari,0 days 01:47:34.941000,,1,8.0,False,,False,True,21.0,61.0,1001.4,False,32.7,195,1.8,True,False,False,False,False,False,+35.945,+1.589,35.945,1.589,6547.405,92.464,,,29.742,37.338,25.384,6484.698,6522.036,6547.42,6454.941
2023,British Grand Prix,10,Great Britain,Silverstone,0 days 01:50:40.638000,LEC,16,0 days 00:01:33.233000,31.0,2.0,,Charles Leclerc,,0 days 00:00:29.602000,0 days 00:00:37.965000,0 days 00:00:25.666000,0 days 01:49:37.022000,0 days 01:50:14.987000,0 days 01:50:40.653000,296.0,260.0,249.0,324.0,False,HARD,13.0,True,Ferrari,0 days 01:49:07.405000,,1,9.0,False,,False,True,21.1,62.0,1001.2,False,32.4,207,3.0,True,False,False,False,False,False,+36.790,+0.864,36.79,0.864,6640.638,93.233,,,29.602,37.965,25.666,6577.022,6614.987,6640.653,6547.405
2023,British Grand Prix,10,Great Britain,Silverstone,0 days 01:52:16.853000,LEC,16,0 days 00:01:36.215000,32.0,2.0,,Charles Leclerc,0 days 01:52:10.697000,0 days 00:00:29.569000,0 days 00:00:37.256000,0 days 00:00:29.390000,0 days 01:51:10.222000,0 days 01:51:47.478000,0 days 01:52:16.868000,310.0,260.0,,323.0,False,HARD,14.0,True,Ferrari,0 days 01:50:40.638000,,126,7.0,False,,False,False,21.0,62.0,1001.2,False,31.4,197,2.5,True,True,False,False,True,False,+41.022,+0.773,41.022,0.773,6736.853,96.215,6730.697,,29.569,37.256,29.39,6670.222,6707.478,6736.868,6640.638
2023,British Grand Prix,10,Great Britain,Silverstone,0 days 01:54:42.983000,LEC,16,0 days 00:02:26.130000,33.0,3.0,0 days 01:52:39.509000,Charles Leclerc,,0 days 00:01:02.979000,0 days 00:00:47.620000,0 days 00:00:35.531000,0 days 01:53:19.847000,0 days 01:54:07.467000,0 days 01:54:42.998000,173.0,192.0,118.0,227.0,False,MEDIUM,1.0,True,Ferrari,0 days 01:52:16.853000,,64,10.0,False,,False,False,21.0,63.0,1001.2,False,30.6,226,1.2,False,False,True,False,True,False,+68.314,+0.975,68.314,0.975,6882.983,146.13,,6759.509,62.979,47.62,35.531,6799.847,6847.467,6882.998,6736.853
2023,British Grand Prix,10,Great Britain,Silverstone,0 days 01:56:49.592000,LEC,16,0 days 00:02:06.609000,34.0,3.0,,Charles Leclerc,,0 days 00:00:44.063000,0 days 00:00:49.303000,0 days 00:00:33.243000,0 days 01:55:27.061000,0 days 01:56:16.364000,0 days 01:56:49.607000,163.0,229.0,225.0,245.0,False,MEDIUM,2.0,True,Ferrari,0 days 01:54:42.983000,,4,10.0,False,,False,False,20.9,63.0,1001.2,False,30.5,246,1.3,False,False,True,False,False,False,+18.120,+1.248,18.12,1.248,7009.592,126.609,,,44.063,49.303,33.243,6927.061,6976.364,7009.607,6882.983
2023,British Grand Prix,10,Great Britain,Silverstone,0 days 01:59:13.311000,LEC,16,0 days 00:02:23.719000,35.0,3.0,,Charles Leclerc,,0 days 00:00:46.464000,0 days 00:00:56.402000,0 days 00:00:40.853000,0 days 01:57:36.071000,0 days 01:58:32.473000,0 days 01:59:13.326000,173.0,184.0,80.0,93.0,False,MEDIUM,3.0,True,Ferrari,0 days 01:56:49.592000,,4,10.0,False,,False,False,20.9,63.0,1001.2,False,30.1,238,1.1,False,False,True,False,False,False,+10.534,+0.866,10.534,0.866,7153.311,143.719,,,46.464,56.402,40.853,7056.071,7112.473,7153.326,7009.592
2023,British Grand Prix,10,Great Britain,Silverstone,0 days 02:01:37.171000,LEC,16,0 days 00:02:23.860000,36.0,3.0,,Charles Leclerc,,0 days 00:00:53.584000,0 days 00:00:53.889000,0 days 00:00:36.387000,0 days 02:00:06.910000,0 days 02:01:00.799000,0 days 02:01:37.186000,202.0,98.0,223.0,254.0,False,MEDIUM,4.0,True,Ferrari,0 days 01:59:13.311000,,4,10.0,False,,False,False,20.8,63.0,1001.2,False,29.8,217,1.5,False,False,True,False,False,False,+11.295,+1.255,11.295,1.255,7297.171,143.86,,,53.584,53.889,36.387,7206.91,7260.799,7297.186,7153.311
2023,British Grand Prix,10,Great Britain,Silverstone,0 days 02:04:03.063000,LEC,16,0 days 00:02:25.892000,37.0,3.0,,Charles Leclerc,,0 days 00:00:52.231000,0 days 00:00:53.937000,0 days 00:00:39.724000,0 days 02:02:29.417000,0 days 02:03:23.354000,0 days 02:04:03.078000,153.0,170.0,103.0,264.0,False,MEDIUM,5.0,True,Ferrari,0 days 02:01:37.171000,,4,10.0,False,,False,False,20.9,63.0,1001.2,False,29.7,246,0.8,False,False,True,False,False,False,+11.772,+1.392,11.772,1.392,7443.063,145.892,,,52.231,53.937,39.724,7349.417,7403.354,7443.078,7297.171
2023,British Grand Prix,10,Great Britain,Silverstone,0 days 02:06:17.886000,LEC,16,0 days 00:02:14.823000,38.0,3.0,,Charles Leclerc,,0 days 00:00:40.310000,0 days 00:00:54.903000,0 days 00:00:39.610000,0 days 02:04:43.388000,0 days 02:05:38.291000,0 days 02:06:17.901000,132.0,150.0,250.0,167.0,False,MEDIUM,6.0,True,Ferrari,0 days 02:04:03.063000,,41,10.0,False,,False,False,20.9,63.0,1001.2,False,29.4,199,1.8,True,False,True,False,False,False,+4.830,+0.560,4.83,0.56,7577.886,134.823,,,40.31,54.903,39.61,7483.388,7538.291,7577.901,7443.063
2023,British Grand Prix,10,Great Britain,Silverstone,0 days 02:07:50.386000,LEC,16,0 days 00:01:32.500000,39.0,3.0,,Charles Leclerc,,0 days 00:00:29.082000,0 days 00:00:37.662000,0 days 00:00:25.756000,0 days 02:06:46.983000,0 days 02:07:24.645000,0 days 02:07:50.401000,304.0,259.0,250.0,305.0,False,MEDIUM,7.0,True,Ferrari,0 days 02:06:17.886000,,1,10.0,False,,False,True,21.0,64.0,1001.2,False,29.3,201,1.2,True,False,False,False,False,False,+7.056,+0.526,7.056,0.526,7670.386,92.5,,,29.082,37.662,25.756,7606.983,7644.645,7670.401,7577.886
2023,British Grand Prix,10,Great Britain,Silverstone,0 days 02:09:22.620000,LEC,16,0 days 00:01:32.234000,40.0,3.0,,Charles Leclerc,,0 days 00:00:29.238000,0 days 00:00:37.407000,0 days 00:00:25.589000,0 days 02:08:19.639000,0 days 02:08:57.046000,0 days 02:09:22.635000,298.0,259.0,251.0,311.0,True,MEDIUM,8.0,True,Ferrari,0 days 02:07:50.386000,,1,10.0,False,,False,True,21.0,63.0,1001.0,False,29.5,218,1.1,True,False,False,False,False,False,+8.760,+0.587,8.76,0.587,7762.62,92.234,,,29.238,37.407,25.589,7699.639,7737.046,7762.635,7670.386
2023,British Grand Prix,10,Great Britain,Silverstone,0 days 02:10:53.906000,LEC,16,0 days 00:01:31.286000,41.0,3.0,,Charles Leclerc,,0 days 00:00:28.968000,0 days 00:00:37.178000,0 days 00:00:25.140000,0 days 02:09:51.603000,0 days 02:10:28.781000,0 days 02:10:53.921000,320.0,264.0,251.0,330.0,True,MEDIUM,9.0,True,Ferrari,0 days 02:09:22.620000,,1,10.0,False,,False,True,21.1,62.0,1001.0,False,29.7,192,2.4,True,False,False,False,False,False,+9.337,+0.605,9.337,0.605,7853.906,91.286,,,28.968,37.178,25.14,7791.603,7828.781,7853.921,7762.62
2023,British Grand Prix,10,Great Britain,Silverstone,0 days 02:12:25.832000,LEC,16,0 days 00:01:31.926000,42.0,3.0,,Charles Leclerc,,0 days 00:00:29.130000,0 days 00:00:37.573000,0 days 00:00:25.223000,0 days 02:11:23.051000,0 days 02:12:00.624000,0 days 02:12:25.847000,318.0,255.0,252.0,328.0,False,MEDIUM,10.0,True,Ferrari,0 days 02:10:53.906000,,1,10.0,False,,False,True,21.2,61.0,1001.0,False,29.9,192,1.0,True,False,False,False,False,False,+11.002,+0.640,11.002,0.64,7945.832,91.926,,,29.13,37.573,25.223,7883.051,7920.624,7945.847,7853.906
2023,British Grand Prix,10,Great Britain,Silverstone,0 days 02:13:57.884000,LEC,16,0 days 00:01:32.052000,43.0,3.0,,Charles Leclerc,,0 days 00:00:29.019000,0 days 00:00:37.142000,0 days 00:00:25.891000,0 days 02:12:54.866000,0 days 02:13:32.008000,0 days 02:13:57.899000,319.0,262.0,248.0,326.0,False,MEDIUM,11.0,True,Ferrari,0 days 02:12:25.832000,,1,10.0,False,,False,True,21.4,61.0,1001.0,False,30.7,177,1.7,True,False,False,False,False,False,+12.465,+0.964,12.465,0.964,8037.884,92.052,,,29.019,37.142,25.891,7974.866,8012.008,8037.899,7945.832
2023,British Grand Prix,10,Great Britain,Silverstone,0 days 02:15:30.699000,LEC,16,0 days 00:01:32.815000,44.0,3.0,,Charles Leclerc,,0 days 00:00:29.468000,0 days 00:00:37.794000,0 days 00:00:25.553000,0 days 02:14:27.367000,0 days 02:15:05.161000,0 days 02:15:30.714000,322.0,256.0,250.0,297.0,False,MEDIUM,12.0,True,Ferrari,0 days 02:13:57.884000,,1,9.0,False,,False,True,21.4,57.0,1001.0,False,31.1,220,2.0,True,False,False,False,False,False,+14.653,+1.711,14.653,1.711,8130.699,92.815,,,29.468,37.794,25.553,8067.367,8105.161,8130.714,8037.884
2023,British Grand Prix,10,Great Britain,Silverstone,0 days 02:17:02.599000,LEC,16,0 days 00:01:31.900000,45.0,3.0,,Charles Leclerc,,0 days 00:00:29.278000,0 days 00:00:37.013000,0 days 00:00:25.609000,0 days 02:15:59.992000,0 days 02:16:37.005000,0 days 02:17:02.614000,299.0,260.0,248.0,301.0,False,MEDIUM,13.0,True,Ferrari,0 days 02:15:30.699000,,1,9.0,False,,False,True,21.4,57.0,1001.0,False,30.4,212,2.0,True,False,False,False,False,False,+15.201,+1.405,15.201,1.405,8222.599,91.9,,,29.278,37.013,25.609,8159.992,8197.005,8222.614,8130.699
2023,British Grand Prix,10,Great Britain,Silverstone,0 days 02:18:34.449000,LEC,16,0 days 00:01:31.850000,46.0,3.0,,Charles Leclerc,,0 days 00:00:29.173000,0 days 00:00:37.172000,0 days 00:00:25.505000,0 days 02:17:31.787000,0 days 02:18:08.959000,0 days 02:18:34.464000,296.0,259.0,248.0,303.0,False,MEDIUM,14.0,True,Ferrari,0 days 02:17:02.599000,,1,9.0,False,,False,True,21.4,57.0,1001.0,False,30.3,186,3.0,True,False,False,False,False,False,+15.960,+1.202,15.96,1.202,8314.449,91.85,,,29.173,37.172,25.505,8251.787,8288.959,8314.464,8222.599
2023,British Grand Prix,10,Great Britain,Silverstone,0 days 02:20:05.809000,LEC,16,0 days 00:01:31.360000,47.0,3.0,,Charles Leclerc,,0 days 00:00:29.224000,0 days 00:00:36.928000,0 days 00:00:25.208000,0 days 02:19:03.688000,0 days 02:19:40.616000,0 days 02:20:05.824000,299.0,258.0,250.0,309.0,False,MEDIUM,15.0,True,Ferrari,0 days 02:18:34.449000,,1,9.0,False,,False,True,21.4,59.0,1001.0,False,30.0,192,2.4,True,False,False,False,False,False,+16.175,+1.019,16.175,1.019,8405.809,91.36,,,29.224,36.928,25.208,8343.688,8380.616,8405.824,8314.449
2023,British Grand Prix,10,Great Britain,Silverstone,0 days 02:21:37.064000,LEC,16,0 days 00:01:31.255000,48.0,3.0,,Charles Leclerc,,0 days 00:00:28.991000,0 days 00:00:37.084000,0 days 00:00:25.180000,0 days 02:20:34.815000,0 days 02:21:11.899000,0 days 02:21:37.079000,315.0,263.0,250.0,325.0,True,MEDIUM,16.0,True,Ferrari,0 days 02:20:05.809000,,1,9.0,False,,False,True,21.5,58.0,1001.0,False,30.0,229,2.4,True,False,False,False,False,False,+16.014,+0.821,16.014,0.821,8497.064,91.255,,,28.991,37.084,25.18,8434.815,8471.899,8497.079,8405.809
2023,British Grand Prix,10,Great Britain,Silverstone,0 days 02:23:08.845000,LEC,16,0 days 00:01:31.781000,49.0,3.0,,Charles Leclerc,,0 days 00:00:29.058000,0 days 00:00:37.249000,0 days 00:00:25.474000,0 days 02:22:06.137000,0 days 02:22:43.386000,0 days 02:23:08.860000,317.0,260.0,248.0,319.0,False,MEDIUM,17.0,True,Ferrari,0 days 02:21:37.064000,,1,9.0,False,,False,True,21.5,54.0,1001.0,False,29.6,188,3.4,True,False,False,False,False,False,+16.531,+0.656,16.531,0.656,8588.845,91.781,,,29.058,37.249,25.474,8526.137,8563.386,8588.86,8497.064
2023,British Grand Prix,10,Great Britain,Silverstone,0 days 02:24:40.561000,LEC,16,0 days 00:01:31.716000,50.0,3.0,,Charles Leclerc,,0 days 00:00:29.128000,0 days 00:00:37.233000,0 days 00:00:25.355000,0 days 02:23:37.988000,0 days 02:24:15.221000,0 days 02:24:40.576000,315.0,260.0,250.0,325.0,False,MEDIUM,18.0,True,Ferrari,0 days 02:23:08.845000,,1,9.0,False,,False,True,21.6,54.0,1000.9,False,29.6,200,4.3,True,False,False,False,False,False,+17.022,+0.568,17.022,0.568,8680.561,91.716,,,29.128,37.233,25.355,8617.988,8655.221,8680.576,8588.845
2023,British Grand Prix,10,Great Britain,Silverstone,0 days 02:26:12.324000,LEC,16,0 days 00:01:31.763000,51.0,3.0,,Charles Leclerc,,0 days 00:00:29.111000,0 days 00:00:37.230000,0 days 00:00:25.422000,0 days 02:25:09.687000,0 days 02:25:46.917000,0 days 02:26:12.339000,318.0,264.0,251.0,329.0,False,MEDIUM,19.0,True,Ferrari,0 days 02:24:40.561000,,1,9.0,False,,False,True,21.7,54.0,1001.0,False,30.2,203,3.7,True,False,False,False,False,False,+17.395,+0.381,17.395,0.381,8772.324,91.763,,,29.111,37.23,25.422,8709.687,8746.917,8772.339,8680.561
2023,British Grand Prix,10,Great Britain,Silverstone,0 days 02:27:44.581000,LEC,16,0 days 00:01:32.257000,52.0,3.0,,Charles Leclerc,,0 days 00:00:28.928000,0 days 00:00:37.709000,0 days 00:00:25.620000,0 days 02:26:41.267000,0 days 02:27:18.976000,0 days 02:27:44.596000,331.0,263.0,247.0,322.0,False,MEDIUM,20.0,True,Ferrari,0 days 02:26:12.324000,,1,9.0,False,,False,True,21.8,53.0,1001.0,False,30.2,188,3.5,True,False,False,False,False,False,+18.593,+0.777,18.593,0.777,8864.581,92.257,,,28.928,37.709,25.62,8801.267,8838.976,8864.596,8772.324
2023,British Grand Prix,10,Great Britain,Silverstone,0 days 01:03:51.003000,STR,18,0 days 00:01:42.049000,1.0,1.0,,Lance Stroll,,,0 days 00:00:40.178000,0 days 00:00:26.538000,,0 days 01:03:24.604000,0 days 01:03:51.119000,305.0,250.0,243.0,303.0,False,MEDIUM,2.0,False,Aston Martin,0 days 01:02:08.731000,,1,11.0,False,,False,False,21.4,54.0,1001.2,False,29.6,236,3.7,True,False,False,False,False,False,+5.498,+0.685,5.498,0.685,3831.003,102.049,,,,40.178,26.538,,3804.604,3831.119,3728.731
2023,British Grand Prix,10,Great Britain,Silverstone,0 days 01:05:26.096000,STR,18,0 days 00:01:35.093000,2.0,1.0,,Lance Stroll,,0 days 00:00:29.989000,0 days 00:00:38.710000,0 days 00:00:26.394000,0 days 01:04:21.031000,0 days 01:04:59.741000,0 days 01:05:26.135000,291.0,253.0,245.0,298.0,True,MEDIUM,3.0,False,Aston Martin,0 days 01:03:51.003000,,1,11.0,False,,False,True,21.4,55.0,1001.4,False,29.5,191,3.2,True,False,False,False,False,False,+7.508,+0.759,7.508,0.759,3926.096,95.093,,,29.989,38.71,26.394,3861.031,3899.741,3926.135,3831.003
2023,British Grand Prix,10,Great Britain,Silverstone,0 days 01:07:00.117000,STR,18,0 days 00:01:34.021000,3.0,1.0,,Lance Stroll,,0 days 00:00:29.490000,0 days 00:00:38.405000,0 days 00:00:26.126000,0 days 01:05:55.625000,0 days 01:06:34.030000,0 days 01:07:00.156000,314.0,256.0,243.0,320.0,True,MEDIUM,4.0,False,Aston Martin,0 days 01:05:26.096000,,1,11.0,False,,False,True,21.5,54.0,1001.2,False,29.4,238,3.4,True,False,False,False,False,False,+8.386,+0.986,8.386,0.986,4020.117,94.021,,,29.49,38.405,26.126,3955.625,3994.03,4020.156,3926.096
2023,British Grand Prix,10,Great Britain,Silverstone,0 days 01:08:33.916000,STR,18,0 days 00:01:33.799000,4.0,1.0,,Lance Stroll,,0 days 00:00:29.690000,0 days 00:00:38.119000,0 days 00:00:25.990000,0 days 01:07:29.846000,0 days 01:08:07.965000,0 days 01:08:33.955000,304.0,256.0,244.0,320.0,True,MEDIUM,5.0,False,Aston Martin,0 days 01:07:00.117000,,1,11.0,False,,False,True,21.4,55.0,1001.2,False,29.4,188,3.2,True,False,False,False,False,False,+9.359,+0.867,9.359,0.867,4113.916,93.799,,,29.69,38.119,25.99,4049.846,4087.965,4113.955,4020.117
2023,British Grand Prix,10,Great Britain,Silverstone,0 days 01:10:07.772000,STR,18,0 days 00:01:33.856000,5.0,1.0,,Lance Stroll,,0 days 00:00:29.532000,0 days 00:00:38.206000,0 days 00:00:26.118000,0 days 01:09:03.487000,0 days 01:09:41.693000,0 days 01:10:07.811000,312.0,256.0,245.0,319.0,False,MEDIUM,6.0,False,Aston Martin,0 days 01:08:33.916000,,1,11.0,False,,False,True,21.4,55.0,1001.2,False,29.3,221,3.4,True,False,False,False,False,False,+10.102,+0.876,10.102,0.876,4207.772,93.856,,,29.532,38.206,26.118,4143.487,4181.693,4207.811,4113.916
2023,British Grand Prix,10,Great Britain,Silverstone,0 days 01:11:41.961000,STR,18,0 days 00:01:34.189000,6.0,1.0,,Lance Stroll,,0 days 00:00:29.648000,0 days 00:00:38.454000,0 days 00:00:26.087000,0 days 01:10:37.459000,0 days 01:11:15.913000,0 days 01:11:42,312.0,255.0,245.0,318.0,False,MEDIUM,7.0,False,Aston Martin,0 days 01:10:07.772000,,1,11.0,False,,False,True,21.5,55.0,1001.4,False,29.4,193,3.2,True,False,False,False,False,False,+11.248,+0.889,11.248,0.889,4301.961,94.189,,,29.648,38.454,26.087,4237.459,4275.913,4302.0,4207.772
2023,British Grand Prix,10,Great Britain,Silverstone,0 days 01:13:16.076000,STR,18,0 days 00:01:34.115000,7.0,1.0,,Lance Stroll,,0 days 00:00:29.588000,0 days 00:00:38.446000,0 days 00:00:26.081000,0 days 01:12:11.588000,0 days 01:12:50.034000,0 days 01:13:16.115000,313.0,255.0,244.0,322.0,False,MEDIUM,8.0,False,Aston Martin,0 days 01:11:41.961000,,1,11.0,False,,False,True,21.4,54.0,1001.2,False,29.3,198,4.0,True,False,False,False,False,False,+12.240,+0.886,12.24,0.886,4396.076,94.115,,,29.588,38.446,26.081,4331.588,4370.034,4396.115,4301.961
2023,British Grand Prix,10,Great Britain,Silverstone,0 days 01:14:49.948000,STR,18,0 days 00:01:33.872000,8.0,1.0,,Lance Stroll,,0 days 00:00:29.584000,0 days 00:00:38.328000,0 days 00:00:25.960000,0 days 01:13:45.699000,0 days 01:14:24.027000,0 days 01:14:49.987000,309.0,256.0,245.0,321.0,False,MEDIUM,9.0,False,Aston Martin,0 days 01:13:16.076000,,1,11.0,False,,False,True,21.5,55.0,1001.4,False,29.1,201,3.5,True,False,False,False,False,False,+13.275,+0.869,13.275,0.869,4489.948,93.872,,,29.584,38.328,25.96,4425.699,4464.027,4489.987,4396.076
2023,British Grand Prix,10,Great Britain,Silverstone,0 days 01:16:23.819000,STR,18,0 days 00:01:33.871000,9.0,1.0,,Lance Stroll,,0 days 00:00:29.582000,0 days 00:00:38.366000,0 days 00:00:25.923000,0 days 01:15:19.569000,0 days 01:15:57.935000,0 days 01:16:23.858000,307.0,256.0,246.0,320.0,False,MEDIUM,10.0,False,Aston Martin,0 days 01:14:49.948000,,1,11.0,False,,False,True,21.4,55.0,1001.2,False,29.1,185,3.4,True,False,False,False,False,False,+14.318,+1.001,14.318,1.001,4583.819,93.871,,,29.582,38.366,25.923,4519.569,4557.935,4583.858,4489.948
2023,British Grand Prix,10,Great Britain,Silverstone,0 days 01:17:57.826000,STR,18,0 days 00:01:34.007000,10.0,1.0,,Lance Stroll,,0 days 00:00:29.650000,0 days 00:00:38.414000,0 days 00:00:25.943000,0 days 01:16:53.508000,0 days 01:17:31.922000,0 days 01:17:57.865000,310.0,255.0,245.0,318.0,False,MEDIUM,11.0,False,Aston Martin,0 days 01:16:23.819000,,1,11.0,True,TRACK LIMITS AT TURN 15 LAP 10 ,False,True,21.3,55.0,1001.2,False,29.2,202,3.7,True,False,False,False,False,False,+15.753,+0.962,15.753,0.962,4677.826,94.007,,,29.65,38.414,25.943,4613.508,4651.922,4677.865,4583.819
2023,British Grand Prix,10,Great Britain,Silverstone,0 days 01:19:32.024000,STR,18,0 days 00:01:34.198000,11.0,1.0,,Lance Stroll,,0 days 00:00:29.855000,0 days 00:00:38.189000,0 days 00:00:26.154000,0 days 01:18:27.720000,0 days 01:19:05.909000,0 days 01:19:32.063000,297.0,254.0,245.0,302.0,False,MEDIUM,12.0,False,Aston Martin,0 days 01:17:57.826000,,1,11.0,True,TRACK LIMITS AT TURN 15 LAP 11 ,False,True,21.4,55.0,1001.2,False,29.2,203,3.2,True,False,False,False,False,False,+17.315,+1.302,17.315,1.302,4772.024,94.198,,,29.855,38.189,26.154,4707.72,4745.909,4772.063,4677.826
2023,British Grand Prix,10,Great Britain,Silverstone,0 days 01:21:06.790000,STR,18,0 days 00:01:34.766000,12.0,1.0,,Lance Stroll,,0 days 00:00:29.869000,0 days 00:00:38.065000,0 days 00:00:26.832000,0 days 01:20:01.932000,0 days 01:20:39.997000,0 days 01:21:06.829000,297.0,254.0,245.0,299.0,False,MEDIUM,13.0,False,Aston Martin,0 days 01:19:32.024000,,1,12.0,False,,False,True,21.3,55.0,1001.2,False,29.1,187,4.5,True,False,False,False,False,False,+19.419,+0.746,19.419,0.746,4866.79,94.766,,,29.869,38.065,26.832,4801.932,4839.997,4866.829,4772.024
2023,British Grand Prix,10,Great Britain,Silverstone,0 days 01:22:41.098000,STR,18,0 days 00:01:34.308000,13.0,1.0,,Lance Stroll,,0 days 00:00:29.781000,0 days 00:00:38.365000,0 days 00:00:26.162000,0 days 01:21:36.610000,0 days 01:22:14.975000,0 days 01:22:41.137000,302.0,253.0,246.0,294.0,False,MEDIUM,14.0,False,Aston Martin,0 days 01:21:06.790000,,1,12.0,False,,False,True,21.4,56.0,1001.2,False,28.9,189,4.3,True,False,False,False,False,False,+21.051,+1.617,21.051,1.617,4961.098,94.308,,,29.781,38.365,26.162,4896.61,4934.975,4961.137,4866.79
2023,British Grand Prix,10,Great Britain,Silverstone,0 days 01:24:15.311000,STR,18,0 days 00:01:34.213000,14.0,1.0,,Lance Stroll,,0 days 00:00:30.095000,0 days 00:00:38.077000,0 days 00:00:26.041000,0 days 01:23:11.232000,0 days 01:23:49.309000,0 days 01:24:15.350000,293.0,253.0,245.0,297.0,False,MEDIUM,15.0,False,Aston Martin,0 days 01:22:41.098000,,1,12.0,False,,False,True,21.4,58.0,1001.5,False,28.7,191,3.7,True,False,False,False,False,False,+22.185,+2.072,22.185,2.072,5055.311,94.213,,,30.095,38.077,26.041,4991.232,5029.309,5055.35,4961.098
2023,British Grand Prix,10,Great Britain,Silverstone,0 days 01:25:49.242000,STR,18,0 days 00:01:33.931000,15.0,1.0,,Lance Stroll,,0 days 00:00:30.071000,0 days 00:00:37.940000,0 days 00:00:25.920000,0 days 01:24:45.421000,0 days 01:25:23.361000,0 days 01:25:49.281000,295.0,253.0,246.0,303.0,False,MEDIUM,16.0,False,Aston Martin,0 days 01:24:15.311000,,1,12.0,False,,False,True,20.9,61.0,1001.5,False,27.7,255,2.5,True,False,False,False,False,False,+23.162,+2.545,23.162,2.545,5149.242,93.931,,,30.071,37.94,25.92,5085.421,5123.361,5149.281,5055.311
2023,British Grand Prix,10,Great Britain,Silverstone,0 days 01:27:23.040000,STR,18,0 days 00:01:33.798000,16.0,1.0,,Lance Stroll,,0 days 00:00:29.908000,0 days 00:00:37.909000,0 days 00:00:25.981000,0 days 01:26:19.189000,0 days 01:26:57.098000,0 days 01:27:23.079000,293.0,254.0,246.0,301.0,True,MEDIUM,17.0,False,Aston Martin,0 days 01:25:49.242000,,1,12.0,False,,False,True,20.7,63.0,1001.5,False,27.7,212,1.8,True,False,False,False,False,False,+24.149,+2.669,24.149,2.669,5243.04,93.798,,,29.908,37.909,25.981,5179.189,5217.098,5243.079,5149.242
2023,British Grand Prix,10,Great Britain,Silverstone,0 days 01:28:56.691000,STR,18,0 days 00:01:33.651000,17.0,1.0,,Lance Stroll,,0 days 00:00:29.906000,0 days 00:00:37.762000,0 days 00:00:25.983000,0 days 01:27:52.985000,0 days 01:28:30.747000,0 days 01:28:56.730000,296.0,255.0,245.0,301.0,True,MEDIUM,18.0,False,Aston Martin,0 days 01:27:23.040000,,1,12.0,False,,False,True,20.1,63.0,1001.4,False,27.9,222,2.2,True,False,False,False,False,False,+25.174,+2.593,25.174,2.593,5336.691,93.651,,,29.906,37.762,25.983,5272.985,5310.747,5336.73,5243.04
2023,British Grand Prix,10,Great Britain,Silverstone,0 days 01:30:29.985000,STR,18,0 days 00:01:33.294000,18.0,1.0,,Lance Stroll,,0 days 00:00:29.768000,0 days 00:00:37.691000,0 days 00:00:25.835000,0 days 01:29:26.498000,0 days 01:30:04.189000,0 days 01:30:30.024000,295.0,254.0,246.0,300.0,True,MEDIUM,19.0,False,Aston Martin,0 days 01:28:56.691000,,1,12.0,False,,False,True,20.1,64.0,1001.2,False,28.3,223,2.0,True,False,False,False,False,False,+25.980,+2.258,25.98,2.258,5429.985,93.294,,,29.768,37.691,25.835,5366.498,5404.189,5430.024,5336.691
2023,British Grand Prix,10,Great Britain,Silverstone,0 days 01:32:03.323000,STR,18,0 days 00:01:33.338000,19.0,1.0,,Lance Stroll,,0 days 00:00:29.870000,0 days 00:00:37.746000,0 days 00:00:25.722000,0 days 01:30:59.894000,0 days 01:31:37.640000,0 days 01:32:03.362000,296.0,256.0,247.0,302.0,False,MEDIUM,20.0,False,Aston Martin,0 days 01:30:29.985000,,1,11.0,False,,False,True,20.1,64.0,1001.4,False,28.9,239,3.4,True,False,False,False,False,False,+26.949,+1.934,26.949,1.934,5523.323,93.338,,,29.87,37.746,25.722,5459.894,5497.64,5523.362,5429.985
2023,British Grand Prix,10,Great Britain,Silverstone,0 days 01:33:36.812000,STR,18,0 days 00:01:33.489000,20.0,1.0,,Lance Stroll,,0 days 00:00:29.850000,0 days 00:00:37.782000,0 days 00:00:25.857000,0 days 01:32:33.212000,0 days 01:33:10.994000,0 days 01:33:36.851000,297.0,253.0,247.0,301.0,False,MEDIUM,21.0,False,Aston Martin,0 days 01:32:03.323000,,1,11.0,False,,False,True,20.2,64.0,1001.4,False,29.1,201,3.2,True,False,False,False,False,False,+28.158,+1.976,28.158,1.976,5616.812,93.489,,,29.85,37.782,25.857,5553.212,5590.994,5616.851,5523.323
2023,British Grand Prix,10,Great Britain,Silverstone,0 days 01:35:10.310000,STR,18,0 days 00:01:33.498000,21.0,1.0,,Lance Stroll,,0 days 00:00:29.828000,0 days 00:00:37.784000,0 days 00:00:25.886000,0 days 01:34:06.679000,0 days 01:34:44.463000,0 days 01:35:10.349000,298.0,253.0,246.0,304.0,False,MEDIUM,22.0,False,Aston Martin,0 days 01:33:36.812000,,1,11.0,False,,False,True,20.2,64.0,1001.4,False,29.4,206,2.0,True,False,False,False,False,False,+29.141,+2.267,29.141,2.267,5710.31,93.498,,,29.828,37.784,25.886,5646.679,5684.463,5710.349,5616.812
2023,British Grand Prix,10,Great Britain,Silverstone,0 days 01:36:43.741000,STR,18,0 days 00:01:33.431000,22.0,1.0,,Lance Stroll,,0 days 00:00:29.888000,0 days 00:00:37.713000,0 days 00:00:25.830000,0 days 01:35:40.237000,0 days 01:36:17.950000,0 days 01:36:43.780000,296.0,254.0,247.0,301.0,False,MEDIUM,23.0,False,Aston Martin,0 days 01:35:10.310000,,1,11.0,False,,False,True,20.2,64.0,1001.4,False,29.6,206,2.2,True,False,False,False,False,False,+30.422,+2.688,30.422,2.688,5803.741,93.431,,,29.888,37.713,25.83,5740.237,5777.95,5803.78,5710.31
2023,British Grand Prix,10,Great Britain,Silverstone,0 days 01:38:16.855000,STR,18,0 days 00:01:33.114000,23.0,1.0,,Lance Stroll,,0 days 00:00:29.763000,0 days 00:00:37.631000,0 days 00:00:25.720000,0 days 01:37:13.543000,0 days 01:37:51.174000,0 days 01:38:16.894000,297.0,255.0,247.0,304.0,True,MEDIUM,24.0,False,Aston Martin,0 days 01:36:43.741000,,1,11.0,False,,False,True,20.2,64.0,1001.4,False,29.6,204,2.5,True,False,False,False,False,False,+31.246,+2.684,31.246,2.684,5896.855,93.114,,,29.763,37.631,25.72,5833.543,5871.174,5896.894,5803.741
2023,British Grand Prix,10,Great Britain,Silverstone,0 days 01:39:50.246000,STR,18,0 days 00:01:33.391000,24.0,1.0,,Lance Stroll,,0 days 00:00:29.890000,0 days 00:00:37.686000,0 days 00:00:25.815000,0 days 01:38:46.784000,0 days 01:39:24.470000,0 days 01:39:50.285000,295.0,255.0,247.0,301.0,False,MEDIUM,25.0,False,Aston Martin,0 days 01:38:16.855000,,1,11.0,False,,False,True,20.4,63.0,1001.4,False,29.7,202,1.3,True,False,False,False,False,False,+32.320,+2.938,32.32,2.938,5990.246,93.391,,,29.89,37.686,25.815,5926.784,5964.47,5990.285,5896.855
2023,British Grand Prix,10,Great Britain,Silverstone,0 days 01:41:24.526000,STR,18,0 days 00:01:34.280000,25.0,1.0,,Lance Stroll,,0 days 00:00:29.885000,0 days 00:00:37.653000,0 days 00:00:26.742000,0 days 01:40:20.170000,0 days 01:40:57.823000,0 days 01:41:24.565000,297.0,256.0,245.0,303.0,False,MEDIUM,26.0,False,Aston Martin,0 days 01:39:50.246000,,1,12.0,False,,False,True,20.4,62.0,1001.4,False,30.9,145,1.7,True,False,False,False,False,False,+34.235,+0.729,34.235,0.729,6084.526,94.28,,,29.885,37.653,26.742,6020.17,6057.823,6084.565,5990.246
2023,British Grand Prix,10,Great Britain,Silverstone,0 days 01:42:58.083000,STR,18,0 days 00:01:33.557000,26.0,1.0,,Lance Stroll,,0 days 00:00:29.741000,0 days 00:00:37.957000,0 days 00:00:25.859000,0 days 01:41:54.306000,0 days 01:42:32.263000,0 days 01:42:58.122000,312.0,255.0,247.0,304.0,False,MEDIUM,27.0,False,Aston Martin,0 days 01:41:24.526000,,1,12.0,False,,False,True,20.5,63.0,1001.4,False,31.7,220,2.0,True,False,False,False,False,False,+35.534,+1.530,35.534,1.53,6178.083,93.557,,,29.741,37.957,25.859,6114.306,6152.263,6178.122,6084.526
2023,British Grand Prix,10,Great Britain,Silverstone,0 days 01:44:31.320000,STR,18,0 days 00:01:33.237000,27.0,1.0,,Lance Stroll,,0 days 00:00:29.839000,0 days 00:00:37.701000,0 days 00:00:25.697000,0 days 01:43:27.961000,0 days 01:44:05.662000,0 days 01:44:31.359000,298.0,252.0,248.0,305.0,False,MEDIUM,28.0,False,Aston Martin,0 days 01:42:58.083000,,1,11.0,False,,False,True,20.6,61.0,1001.4,False,32.4,225,2.4,True,False,False,False,False,False,+36.668,+1.831,36.668,1.831,6271.32,93.237,,,29.839,37.701,25.697,6207.961,6245.662,6271.359,6178.083
2023,British Grand Prix,10,Great Britain,Silverstone,0 days 01:46:04.580000,STR,18,0 days 00:01:33.260000,28.0,1.0,,Lance Stroll,,0 days 00:00:29.666000,0 days 00:00:37.797000,0 days 00:00:25.797000,0 days 01:45:01.025000,0 days 01:45:38.822000,0 days 01:46:04.619000,299.0,254.0,247.0,305.0,False,MEDIUM,29.0,False,Aston Martin,0 days 01:44:31.320000,,1,11.0,False,,False,True,20.8,62.0,1001.4,False,32.8,192,2.2,True,False,False,False,False,False,+37.689,+2.258,37.689,2.258,6364.58,93.26,,,29.666,37.797,25.797,6301.025,6338.822,6364.619,6271.32
2023,British Grand Prix,10,Great Britain,Silverstone,0 days 01:47:38.282000,STR,18,0 days 00:01:33.702000,29.0,1.0,,Lance Stroll,,0 days 00:00:29.929000,0 days 00:00:38.039000,0 days 00:00:25.734000,0 days 01:46:34.548000,0 days 01:47:12.587000,0 days 01:47:38.321000,312.0,255.0,248.0,302.0,False,MEDIUM,30.0,False,Aston Martin,0 days 01:46:04.580000,,1,10.0,False,,False,True,20.9,61.0,1001.4,False,33.3,175,2.5,True,False,False,False,False,False,+39.159,+1.766,39.159,1.766,6458.282,93.702,,,29.929,38.039,25.734,6394.548,6432.587,6458.321,6364.58
2023,British Grand Prix,10,Great Britain,Silverstone,0 days 01:49:12.296000,STR,18,0 days 00:01:34.014000,30.0,1.0,,Lance Stroll,,0 days 00:00:30.059000,0 days 00:00:38.192000,0 days 00:00:25.763000,0 days 01:48:08.380000,0 days 01:48:46.572000,0 days 01:49:12.335000,279.0,257.0,247.0,323.0,False,MEDIUM,31.0,False,Aston Martin,0 days 01:47:38.282000,,1,11.0,False,,False,True,21.0,61.0,1001.4,False,32.7,195,1.8,True,False,False,False,False,False,+40.836,+1.489,40.836,1.489,6552.296,94.014,,,30.059,38.192,25.763,6488.38,6526.572,6552.335,6458.282
2023,British Grand Prix,10,Great Britain,Silverstone,0 days 01:50:45.229000,STR,18,0 days 00:01:32.933000,31.0,1.0,,Lance Stroll,0 days 01:50:39.308000,0 days 00:00:29.911000,0 days 00:00:37.913000,0 days 00:00:25.109000,0 days 01:49:42.246000,0 days 01:50:20.159000,0 days 01:50:45.268000,296.0,256.0,,303.0,False,MEDIUM,32.0,False,Aston Martin,0 days 01:49:12.296000,,1,11.0,False,,False,False,21.1,62.0,1001.2,False,32.4,207,3.0,True,False,False,False,False,False,+41.829,+2.454,41.829,2.454,6645.229,92.933,6639.308,,29.911,37.913,25.109,6582.246,6620.159,6645.268,6552.296
2023,British Grand Prix,10,Great Britain,Silverstone,0 days 01:52:56.502000,STR,18,0 days 00:02:11.273000,32.0,2.0,0 days 01:51:07.917000,Lance Stroll,,0 days 00:00:49.788000,0 days 00:00:46.277000,0 days 00:00:35.208000,0 days 01:51:35.056000,0 days 01:52:21.333000,0 days 01:52:56.541000,308.0,237.0,120.0,255.0,False,SOFT,4.0,False,Aston Martin,0 days 01:50:45.229000,,126,14.0,False,,False,False,21.0,62.0,1001.2,False,31.4,197,2.5,True,True,False,False,True,False,+77.428,+8.246,77.428,8.246,6776.502,131.273,,6667.917,49.788,46.277,35.208,6695.056,6741.333,6776.541,6645.229
2023,British Grand Prix,10,Great Britain,Silverstone,0 days 01:55:05.465000,STR,18,0 days 00:02:08.963000,33.0,2.0,,Lance Stroll,,0 days 00:00:40.515000,0 days 00:00:52.367000,0 days 00:00:36.081000,0 days 01:53:37.056000,0 days 01:54:29.423000,0 days 01:55:05.504000,125.0,238.0,155.0,187.0,False,SOFT,5.0,False,Aston Martin,0 days 01:52:56.502000,,64,12.0,False,,False,False,21.0,63.0,1001.2,False,30.6,226,1.2,False,False,True,False,True,False,+85.960,+13.185,85.96,13.185,6905.465,128.963,,,40.515,52.367,36.081,6817.056,6869.423,6905.504,6776.502
2023,British Grand Prix,10,Great Britain,Silverstone,0 days 01:57:12.088000,STR,18,0 days 00:02:06.623000,34.0,2.0,,Lance Stroll,,0 days 00:00:41.803000,0 days 00:00:50.491000,0 days 00:00:34.329000,0 days 01:55:47.307000,0 days 01:56:37.798000,0 days 01:57:12.127000,217.0,235.0,239.0,203.0,False,SOFT,6.0,False,Aston Martin,0 days 01:55:05.465000,,4,12.0,False,,False,False,20.9,63.0,1001.2,False,30.5,246,1.3,False,False,True,False,False,False,+40.661,+14.994,40.661,14.994,7032.088,126.623,,,41.803,50.491,34.329,6947.307,6997.798,7032.127,6905.465
2023,British Grand Prix,10,Great Britain,Silverstone,0 days 01:59:15.516000,STR,18,0 days 00:02:03.428000,35.0,2.0,,Lance Stroll,,0 days 00:00:30.332000,0 days 00:00:52.334000,0 days 00:00:40.762000,0 days 01:57:42.459000,0 days 01:58:34.793000,0 days 01:59:15.555000,269.0,140.0,63.0,114.0,False,SOFT,7.0,False,Aston Martin,0 days 01:57:12.088000,,4,12.0,False,,False,False,20.9,63.0,1001.2,False,30.1,238,1.1,False,False,True,False,False,False,+12.904,+1.098,12.904,1.098,7155.516,123.428,,,30.332,52.334,40.762,7062.459,7114.793,7155.555,7032.088
2023,British Grand Prix,10,Great Britain,Silverstone,0 days 02:01:39.576000,STR,18,0 days 00:02:24.060000,36.0,2.0,,Lance Stroll,,0 days 00:00:54.520000,0 days 00:00:53.008000,0 days 00:00:36.532000,0 days 02:00:10.075000,0 days 02:01:03.083000,0 days 02:01:39.615000,214.0,94.0,243.0,261.0,False,SOFT,8.0,False,Aston Martin,0 days 01:59:15.516000,,4,12.0,False,,False,False,20.8,63.0,1001.2,False,29.8,217,1.5,False,False,True,False,False,False,+13.903,+1.496,13.903,1.496,7299.576,144.06,,,54.52,53.008,36.532,7210.075,7263.083,7299.615,7155.516
2023,British Grand Prix,10,Great Britain,Silverstone,0 days 02:04:05.545000,STR,18,0 days 00:02:25.969000,37.0,2.0,,Lance Stroll,,0 days 00:00:53.073000,0 days 00:00:53.112000,0 days 00:00:39.784000,0 days 02:02:32.688000,0 days 02:03:25.800000,0 days 02:04:05.584000,101.0,134.0,88.0,222.0,False,SOFT,9.0,False,Aston Martin,0 days 02:01:39.576000,,4,12.0,False,,False,False,20.9,63.0,1001.2,False,29.7,246,0.8,False,False,True,False,False,False,+11.895,+0.804,11.895,0.804,7445.545,145.969,,,53.073,53.112,39.784,7352.688,7405.8,7445.584,7299.576
2023,British Grand Prix,10,Great Britain,Silverstone,0 days 02:06:18.719000,STR,18,0 days 00:02:13.174000,38.0,2.0,,Lance Stroll,,0 days 00:00:39.575000,0 days 00:00:54.937000,0 days 00:00:38.662000,0 days 02:04:45.159000,0 days 02:05:40.096000,0 days 02:06:18.758000,131.0,185.0,249.0,192.0,False,SOFT,10.0,False,Aston Martin,0 days 02:04:05.545000,,41,12.0,False,,False,False,20.9,63.0,1001.2,False,29.4,199,1.8,True,False,True,False,False,False,+5.699,+0.483,5.699,0.483,7578.719,133.174,,,39.575,54.937,38.662,7485.159,7540.096,7578.758,7445.545
2023,British Grand Prix,10,Great Britain,Silverstone,0 days 02:07:51.025000,STR,18,0 days 00:01:32.306000,39.0,2.0,,Lance Stroll,,0 days 00:00:29.349000,0 days 00:00:37.348000,0 days 00:00:25.609000,0 days 02:06:48.107000,0 days 02:07:25.455000,0 days 02:07:51.064000,301.0,260.0,249.0,318.0,False,SOFT,11.0,False,Aston Martin,0 days 02:06:18.719000,,1,11.0,True,TRACK LIMITS AT TURN 15 LAP 39 ,False,True,21.0,64.0,1001.2,False,29.3,201,1.2,True,False,False,False,False,False,+7.650,+0.594,7.65,0.594,7671.025,92.306,,,29.349,37.348,25.609,7608.107,7645.455,7671.064,7578.719
2023,British Grand Prix,10,Great Britain,Silverstone,0 days 02:09:23.345000,STR,18,0 days 00:01:32.320000,40.0,2.0,,Lance Stroll,,0 days 00:00:29.443000,0 days 00:00:37.333000,0 days 00:00:25.544000,0 days 02:08:20.507000,0 days 02:08:57.840000,0 days 02:09:23.384000,295.0,259.0,248.0,302.0,True,SOFT,12.0,False,Aston Martin,0 days 02:07:51.025000,,1,11.0,False,,False,True,21.0,63.0,1001.0,False,29.5,218,1.1,True,False,False,False,False,False,+9.405,+0.672,9.405,0.672,7763.345,92.32,,,29.443,37.333,25.544,7700.507,7737.84,7763.384,7671.025
2023,British Grand Prix,10,Great Britain,Silverstone,0 days 02:10:55.052000,STR,18,0 days 00:01:31.707000,41.0,2.0,,Lance Stroll,,0 days 00:00:29.491000,0 days 00:00:36.951000,0 days 00:00:25.265000,0 days 02:09:52.875000,0 days 02:10:29.826000,0 days 02:10:55.091000,305.0,261.0,249.0,314.0,True,SOFT,13.0,False,Aston Martin,0 days 02:09:23.345000,,1,11.0,False,,False,True,21.1,62.0,1001.0,False,29.7,192,2.4,True,False,False,False,False,False,+10.504,+1.146,10.504,1.146,7855.052,91.707,,,29.491,36.951,25.265,7792.875,7829.826,7855.091,7763.345
2023,British Grand Prix,10,Great Britain,Silverstone,0 days 02:12:26.560000,STR,18,0 days 00:01:31.508000,42.0,2.0,,Lance Stroll,,0 days 00:00:29.197000,0 days 00:00:37.138000,0 days 00:00:25.173000,0 days 02:11:24.288000,0 days 02:12:01.426000,0 days 02:12:26.599000,309.0,258.0,249.0,333.0,True,SOFT,14.0,False,Aston Martin,0 days 02:10:55.052000,,1,11.0,False,,False,True,21.2,61.0,1001.0,False,29.9,192,1.0,True,False,False,False,False,False,+11.692,+0.690,11.692,0.69,7946.56,91.508,,,29.197,37.138,25.173,7884.288,7921.426,7946.599,7855.052
2023,British Grand Prix,10,Great Britain,Silverstone,0 days 02:13:58.363000,STR,18,0 days 00:01:31.803000,43.0,2.0,,Lance Stroll,,0 days 00:00:29.088000,0 days 00:00:37.192000,0 days 00:00:25.523000,0 days 02:12:55.687000,0 days 02:13:32.879000,0 days 02:13:58.402000,320.0,261.0,244.0,329.0,False,SOFT,15.0,False,Aston Martin,0 days 02:12:26.560000,,1,11.0,False,,False,True,21.4,61.0,1001.0,False,30.7,177,1.7,True,False,False,False,False,False,+12.860,+0.395,12.86,0.395,8038.363,91.803,,,29.088,37.192,25.523,7975.687,8012.879,8038.402,7946.56
2023,British Grand Prix,10,Great Britain,Silverstone,0 days 02:15:32.373000,STR,18,0 days 00:01:34.010000,44.0,2.0,,Lance Stroll,,0 days 00:00:29.390000,0 days 00:00:38.844000,0 days 00:00:25.776000,0 days 02:14:27.792000,0 days 02:15:06.636000,0 days 02:15:32.412000,319.0,257.0,247.0,332.0,False,SOFT,16.0,False,Aston Martin,0 days 02:13:58.363000,,1,12.0,False,,False,True,21.4,57.0,1001.0,False,31.1,220,2.0,True,False,False,False,False,False,+16.270,+0.441,16.27,0.441,8132.373,94.01,,,29.39,38.844,25.776,8067.792,8106.636,8132.412,8038.363
2023,British Grand Prix,10,Great Britain,Silverstone,0 days 02:17:05.381000,STR,18,0 days 00:01:33.008000,45.0,2.0,,Lance Stroll,,0 days 00:00:29.387000,0 days 00:00:37.641000,0 days 00:00:25.980000,0 days 02:16:01.799000,0 days 02:16:39.440000,0 days 02:17:05.420000,319.0,263.0,243.0,329.0,False,SOFT,17.0,False,Aston Martin,0 days 02:15:32.373000,,1,11.0,False,,False,True,21.4,57.0,1001.0,False,30.4,212,2.0,True,False,False,False,False,False,+17.927,+0.035,17.927,0.035,8225.381,93.008,,,29.387,37.641,25.98,8161.799,8199.44,8225.42,8132.373
2023,British Grand Prix,10,Great Britain,Silverstone,0 days 02:18:37.379000,STR,18,0 days 00:01:31.998000,46.0,2.0,,Lance Stroll,,0 days 00:00:29.398000,0 days 00:00:37.180000,0 days 00:00:25.420000,0 days 02:17:34.818000,0 days 02:18:11.998000,0 days 02:18:37.418000,300.0,260.0,247.0,307.0,False,SOFT,18.0,False,Aston Martin,0 days 02:17:05.381000,,1,11.0,False,,False,True,21.4,57.0,1001.0,False,30.3,186,3.0,True,False,False,False,False,False,+18.863,+1.426,18.863,1.426,8317.379,91.998,,,29.398,37.18,25.42,8254.818,8291.998,8317.418,8225.381
2023,British Grand Prix,10,Great Britain,Silverstone,0 days 02:20:09.147000,STR,18,0 days 00:01:31.768000,47.0,2.0,,Lance Stroll,,0 days 00:00:29.171000,0 days 00:00:37.071000,0 days 00:00:25.526000,0 days 02:19:06.589000,0 days 02:19:43.660000,0 days 02:20:09.186000,302.0,258.0,248.0,304.0,False,SOFT,19.0,False,Aston Martin,0 days 02:18:37.379000,,1,11.0,False,,False,True,21.4,59.0,1001.0,False,30.0,192,2.4,True,False,False,False,False,False,+19.486,+1.588,19.486,1.588,8409.147,91.768,,,29.171,37.071,25.526,8346.589,8383.66,8409.186,8317.379
2023,British Grand Prix,10,Great Britain,Silverstone,0 days 02:21:40.892000,STR,18,0 days 00:01:31.745000,48.0,2.0,,Lance Stroll,,0 days 00:00:29.195000,0 days 00:00:37.051000,0 days 00:00:25.499000,0 days 02:20:38.381000,0 days 02:21:15.432000,0 days 02:21:40.931000,303.0,259.0,247.0,308.0,False,SOFT,20.0,False,Aston Martin,0 days 02:20:09.147000,,1,11.0,False,,False,True,21.5,58.0,1001.0,False,30.0,229,2.4,True,False,False,False,False,False,+19.807,+1.913,19.807,1.913,8500.892,91.745,,,29.195,37.051,25.499,8438.381,8475.432,8500.931,8409.147
2023,British Grand Prix,10,Great Britain,Silverstone,0 days 02:23:12.752000,STR,18,0 days 00:01:31.860000,49.0,2.0,,Lance Stroll,,0 days 00:00:29.245000,0 days 00:00:37.173000,0 days 00:00:25.442000,0 days 02:22:10.176000,0 days 02:22:47.349000,0 days 02:23:12.791000,300.0,259.0,250.0,303.0,False,SOFT,21.0,False,Aston Martin,0 days 02:21:40.892000,,1,11.0,False,,False,True,21.5,54.0,1001.0,False,29.6,188,3.4,True,False,False,False,False,False,+20.497,+2.074,20.497,2.074,8592.752,91.86,,,29.245,37.173,25.442,8530.176,8567.349,8592.791,8500.892
2023,British Grand Prix,10,Great Britain,Silverstone,0 days 02:24:44.546000,STR,18,0 days 00:01:31.794000,50.0,2.0,,Lance Stroll,,0 days 00:00:29.135000,0 days 00:00:37.079000,0 days 00:00:25.580000,0 days 02:23:41.926000,0 days 02:24:19.005000,0 days 02:24:44.585000,305.0,257.0,247.0,308.0,False,SOFT,22.0,False,Aston Martin,0 days 02:23:12.752000,,1,11.0,False,,False,True,21.6,54.0,1000.9,False,29.6,200,4.3,True,False,False,False,False,False,+20.950,+2.433,20.95,2.433,8684.546,91.794,,,29.135,37.079,25.58,8621.926,8659.005,8684.585,8592.752
2023,British Grand Prix,10,Great Britain,Silverstone,0 days 02:26:16.237000,STR,18,0 days 00:01:31.691000,51.0,2.0,,Lance Stroll,,0 days 00:00:29.185000,0 days 00:00:37.032000,0 days 00:00:25.474000,0 days 02:25:13.770000,0 days 02:25:50.802000,0 days 02:26:16.276000,303.0,258.0,250.0,306.0,False,SOFT,23.0,False,Aston Martin,0 days 02:24:44.546000,,1,11.0,False,,False,True,21.7,54.0,1001.0,False,30.2,203,3.7,True,False,False,False,False,False,+21.299,+2.807,21.299,2.807,8776.237,91.691,,,29.185,37.032,25.474,8713.77,8750.802,8776.276,8684.546
2023,British Grand Prix,10,Great Britain,Silverstone,0 days 02:27:48.375000,STR,18,0 days 00:01:32.138000,52.0,2.0,,Lance Stroll,,0 days 00:00:29.156000,0 days 00:00:37.199000,0 days 00:00:25.783000,0 days 02:26:45.432000,0 days 02:27:22.631000,0 days 02:27:48.414000,304.0,258.0,248.0,308.0,False,SOFT,24.0,False,Aston Martin,0 days 02:26:16.237000,,1,11.0,False,,False,True,21.8,52.0,1001.0,False,29.8,193,4.8,True,False,False,False,False,False,+22.415,+3.008,22.415,3.008,8868.375,92.138,,,29.156,37.199,25.783,8805.432,8842.631,8868.414,8776.237
2023,British Grand Prix,10,Great Britain,Silverstone,0 days 01:03:52.746000,SAR,2,0 days 00:01:43.792000,1.0,1.0,,Logan Sargeant,,,0 days 00:00:40.544000,0 days 00:00:26.950000,,0 days 01:03:25.948000,0 days 01:03:52.885000,300.0,252.0,243.0,311.0,False,MEDIUM,1.0,True,Williams,0 days 01:02:08.731000,,1,15.0,False,,False,False,21.4,54.0,1001.2,False,29.6,236,3.7,True,False,False,False,False,False,+7.134,+0.275,7.134,0.275,3832.746,103.792,,,,40.544,26.95,,3805.948,3832.885,3728.731
2023,British Grand Prix,10,Great Britain,Silverstone,0 days 01:05:29.012000,SAR,2,0 days 00:01:36.266000,2.0,1.0,,Logan Sargeant,,0 days 00:00:30.851000,0 days 00:00:39.046000,0 days 00:00:26.369000,0 days 01:04:23.605000,0 days 01:05:02.651000,0 days 01:05:29.020000,298.0,252.0,245.0,306.0,True,MEDIUM,2.0,True,Williams,0 days 01:03:52.746000,,1,16.0,False,,False,True,21.4,55.0,1001.4,False,29.5,191,3.2,True,False,False,False,False,False,+10.461,+0.543,10.461,0.543,3929.012,96.266,,,30.851,39.046,26.369,3863.605,3902.651,3929.02,3832.746
2023,British Grand Prix,10,Great Britain,Silverstone,0 days 01:07:03.589000,SAR,2,0 days 00:01:34.577000,3.0,1.0,,Logan Sargeant,,0 days 00:00:29.712000,0 days 00:00:39.014000,0 days 00:00:25.851000,0 days 01:05:58.732000,0 days 01:06:37.746000,0 days 01:07:03.597000,314.0,253.0,243.0,328.0,True,MEDIUM,3.0,True,Williams,0 days 01:05:29.012000,,1,16.0,False,,False,True,21.5,54.0,1001.2,False,29.4,238,3.4,True,False,False,False,False,False,+11.752,+0.698,11.752,0.698,4023.589,94.577,,,29.712,39.014,25.851,3958.732,3997.746,4023.597,3929.012
2023,British Grand Prix,10,Great Britain,Silverstone,0 days 01:08:37.921000,SAR,2,0 days 00:01:34.332000,4.0,1.0,,Logan Sargeant,,0 days 00:00:29.681000,0 days 00:00:38.655000,0 days 00:00:25.996000,0 days 01:07:33.278000,0 days 01:08:11.933000,0 days 01:08:37.929000,318.0,255.0,244.0,326.0,True,MEDIUM,4.0,True,Williams,0 days 01:07:03.589000,,1,16.0,False,,False,True,21.4,55.0,1001.2,False,29.4,188,3.2,True,False,False,False,False,False,+13.418,+0.733,13.418,0.733,4117.921,94.332,,,29.681,38.655,25.996,4053.278,4091.933,4117.929,4023.589
2023,British Grand Prix,10,Great Britain,Silverstone,0 days 01:10:12.763000,SAR,2,0 days 00:01:34.842000,5.0,1.0,,Logan Sargeant,,0 days 00:00:29.529000,0 days 00:00:39.276000,0 days 00:00:26.037000,0 days 01:09:07.458000,0 days 01:09:46.734000,0 days 01:10:12.771000,313.0,256.0,244.0,327.0,False,MEDIUM,5.0,True,Williams,0 days 01:08:37.921000,,1,16.0,False,,False,True,21.4,55.0,1001.2,False,29.3,221,3.4,True,False,False,False,False,False,+15.080,+0.554,15.08,0.554,4212.763,94.842,,,29.529,39.276,26.037,4147.458,4186.734,4212.771,4117.921
2023,British Grand Prix,10,Great Britain,Silverstone,0 days 01:11:47.119000,SAR,2,0 days 00:01:34.356000,6.0,1.0,,Logan Sargeant,,0 days 00:00:29.765000,0 days 00:00:38.805000,0 days 00:00:25.786000,0 days 01:10:42.536000,0 days 01:11:21.341000,0 days 01:11:47.127000,312.0,257.0,244.0,319.0,False,MEDIUM,6.0,True,Williams,0 days 01:10:12.763000,,1,15.0,False,,False,True,21.4,55.0,1001.2,False,29.5,183,3.4,True,False,False,False,False,False,+16.385,+1.354,16.385,1.354,4307.119,94.356,,,29.765,38.805,25.786,4242.536,4281.341,4307.127,4212.763
2023,British Grand Prix,10,Great Britain,Silverstone,0 days 01:13:21.700000,SAR,2,0 days 00:01:34.581000,7.0,1.0,,Logan Sargeant,,0 days 00:00:29.881000,0 days 00:00:38.415000,0 days 00:00:26.285000,0 days 01:12:17.008000,0 days 01:12:55.423000,0 days 01:13:21.708000,298.0,254.0,243.0,305.0,False,MEDIUM,7.0,True,Williams,0 days 01:11:47.119000,,1,15.0,False,,False,True,21.4,54.0,1001.2,False,29.3,198,4.0,True,False,False,False,False,False,+17.927,+1.337,17.927,1.337,4401.7,94.581,,,29.881,38.415,26.285,4337.008,4375.423,4401.708,4307.119
2023,British Grand Prix,10,Great Britain,Silverstone,0 days 01:14:55.808000,SAR,2,0 days 00:01:34.108000,8.0,1.0,,Logan Sargeant,,0 days 00:00:29.809000,0 days 00:00:38.279000,0 days 00:00:26.020000,0 days 01:13:51.517000,0 days 01:14:29.796000,0 days 01:14:55.816000,298.0,253.0,245.0,306.0,True,MEDIUM,8.0,True,Williams,0 days 01:13:21.700000,,1,15.0,False,,False,True,21.5,55.0,1001.4,False,29.1,201,3.5,True,False,False,False,False,False,+19.138,+0.979,19.138,0.979,4495.808,94.108,,,29.809,38.279,26.02,4431.517,4469.796,4495.816,4401.7
2023,British Grand Prix,10,Great Britain,Silverstone,0 days 01:16:29.748000,SAR,2,0 days 00:01:33.940000,9.0,1.0,,Logan Sargeant,,0 days 00:00:29.604000,0 days 00:00:38.270000,0 days 00:00:26.066000,0 days 01:15:25.420000,0 days 01:16:03.690000,0 days 01:16:29.756000,312.0,256.0,245.0,324.0,True,MEDIUM,9.0,True,Williams,0 days 01:14:55.808000,,1,15.0,False,,False,True,21.4,55.0,1001.2,False,29.1,185,3.4,True,False,False,False,False,False,+20.269,+0.664,20.269,0.664,4589.748,93.94,,,29.604,38.27,26.066,4525.42,4563.69,4589.756,4495.808
2023,British Grand Prix,10,Great Britain,Silverstone,0 days 01:18:04.058000,SAR,2,0 days 00:01:34.310000,10.0,1.0,,Logan Sargeant,,0 days 00:00:29.699000,0 days 00:00:38.340000,0 days 00:00:26.271000,0 days 01:16:59.455000,0 days 01:17:37.795000,0 days 01:18:04.066000,314.0,255.0,246.0,321.0,False,MEDIUM,10.0,True,Williams,0 days 01:16:29.748000,,1,14.0,False,,False,True,21.3,55.0,1001.2,False,29.2,202,3.7,True,False,False,False,False,False,+21.985,+0.801,21.985,0.801,4684.058,94.31,,,29.699,38.34,26.271,4619.455,4657.795,4684.066,4589.748
2023,British Grand Prix,10,Great Britain,Silverstone,0 days 01:19:37.983000,SAR,2,0 days 00:01:33.925000,11.0,1.0,,Logan Sargeant,,0 days 00:00:29.523000,0 days 00:00:38.370000,0 days 00:00:26.032000,0 days 01:18:33.589000,0 days 01:19:11.959000,0 days 01:19:37.991000,312.0,258.0,245.0,321.0,True,MEDIUM,11.0,True,Williams,0 days 01:18:04.058000,,1,14.0,False,,False,True,21.4,55.0,1001.2,False,29.2,203,3.2,True,False,False,False,False,False,+23.271,+0.634,23.271,0.634,4777.983,93.925,,,29.523,38.37,26.032,4713.589,4751.959,4777.991,4684.058
2023,British Grand Prix,10,Great Britain,Silverstone,0 days 01:21:12.222000,SAR,2,0 days 00:01:34.239000,12.0,1.0,,Logan Sargeant,,0 days 00:00:29.847000,0 days 00:00:38.385000,0 days 00:00:26.007000,0 days 01:20:07.838000,0 days 01:20:46.223000,0 days 01:21:12.230000,313.0,255.0,245.0,318.0,False,MEDIUM,12.0,True,Williams,0 days 01:19:37.983000,,1,14.0,False,,False,True,21.3,55.0,1001.2,False,29.1,187,4.5,True,False,False,False,False,False,+24.858,+0.671,24.858,0.671,4872.222,94.239,,,29.847,38.385,26.007,4807.838,4846.223,4872.23,4777.983
2023,British Grand Prix,10,Great Britain,Silverstone,0 days 01:22:46.551000,SAR,2,0 days 00:01:34.329000,13.0,1.0,,Logan Sargeant,,0 days 00:00:29.778000,0 days 00:00:38.356000,0 days 00:00:26.195000,0 days 01:21:42.008000,0 days 01:22:20.364000,0 days 01:22:46.559000,312.0,258.0,245.0,319.0,False,MEDIUM,13.0,True,Williams,0 days 01:21:12.222000,,1,14.0,False,,False,True,21.4,56.0,1001.2,False,28.9,189,4.3,True,False,False,False,False,False,+26.516,+0.539,26.516,0.539,4966.551,94.329,,,29.778,38.356,26.195,4902.008,4940.364,4966.559,4872.222
2023,British Grand Prix,10,Great Britain,Silverstone,0 days 01:24:20.234000,SAR,2,0 days 00:01:33.683000,14.0,1.0,,Logan Sargeant,,0 days 00:00:29.967000,0 days 00:00:37.861000,0 days 00:00:25.855000,0 days 01:23:16.526000,0 days 01:23:54.387000,0 days 01:24:20.242000,312.0,253.0,247.0,299.0,True,MEDIUM,14.0,True,Williams,0 days 01:22:46.551000,,1,13.0,False,,False,True,21.4,58.0,1001.5,False,28.7,191,3.7,True,False,False,False,False,False,+27.148,+4.963,27.148,4.963,5060.234,93.683,,,29.967,37.861,25.855,4996.526,5034.387,5060.242,4966.551
2023,British Grand Prix,10,Great Britain,Silverstone,0 days 01:25:54.357000,SAR,2,0 days 00:01:34.123000,15.0,1.0,,Logan Sargeant,,0 days 00:00:30.102000,0 days 00:00:38.121000,0 days 00:00:25.900000,0 days 01:24:50.344000,0 days 01:25:28.465000,0 days 01:25:54.365000,295.0,252.0,246.0,300.0,False,MEDIUM,15.0,True,Williams,0 days 01:24:20.234000,,1,13.0,False,,False,True,20.9,61.0,1001.5,False,27.7,255,2.5,True,False,False,False,False,False,+28.265,+5.103,28.265,5.103,5154.357,94.123,,,30.102,38.121,25.9,5090.344,5128.465,5154.365,5060.234
2023,British Grand Prix,10,Great Britain,Silverstone,0 days 01:27:28.128000,SAR,2,0 days 00:01:33.771000,16.0,1.0,,Logan Sargeant,,0 days 00:00:30.013000,0 days 00:00:37.979000,0 days 00:00:25.779000,0 days 01:26:24.378000,0 days 01:27:02.357000,0 days 01:27:28.136000,295.0,254.0,246.0,301.0,False,MEDIUM,16.0,True,Williams,0 days 01:25:54.357000,,1,13.0,True,TRACK LIMITS AT TURN 9 LAP 16 ,False,True,20.7,63.0,1001.5,False,27.7,212,1.8,True,False,False,False,False,False,+29.224,+5.075,29.224,5.075,5248.128,93.771,,,30.013,37.979,25.779,5184.378,5222.357,5248.136,5154.357
2023,British Grand Prix,10,Great Britain,Silverstone,0 days 01:29:01.856000,SAR,2,0 days 00:01:33.728000,17.0,1.0,,Logan Sargeant,,0 days 00:00:30.086000,0 days 00:00:37.916000,0 days 00:00:25.726000,0 days 01:27:58.222000,0 days 01:28:36.138000,0 days 01:29:01.864000,295.0,253.0,245.0,300.0,False,MEDIUM,17.0,True,Williams,0 days 01:27:28.128000,,1,13.0,False,,False,True,20.1,63.0,1001.4,False,27.9,222,2.2,True,False,False,False,False,False,+30.349,+5.175,30.349,5.175,5341.856,93.728,,,30.086,37.916,25.726,5278.222,5316.138,5341.864,5248.128
2023,British Grand Prix,10,Great Britain,Silverstone,0 days 01:30:35.321000,SAR,2,0 days 00:01:33.465000,18.0,1.0,,Logan Sargeant,,0 days 00:00:29.973000,0 days 00:00:37.749000,0 days 00:00:25.743000,0 days 01:29:31.837000,0 days 01:30:09.586000,0 days 01:30:35.329000,297.0,254.0,246.0,301.0,True,MEDIUM,18.0,True,Williams,0 days 01:29:01.856000,,1,13.0,False,,False,True,20.1,64.0,1001.2,False,28.3,223,2.0,True,False,False,False,False,False,+31.325,+5.345,31.325,5.345,5435.321,93.465,,,29.973,37.749,25.743,5371.837,5409.586,5435.329,5341.856
2023,British Grand Prix,10,Great Britain,Silverstone,0 days 01:32:08.894000,SAR,2,0 days 00:01:33.573000,19.0,1.0,,Logan Sargeant,,0 days 00:00:30.056000,0 days 00:00:37.845000,0 days 00:00:25.672000,0 days 01:31:05.385000,0 days 01:31:43.230000,0 days 01:32:08.902000,296.0,254.0,246.0,304.0,False,MEDIUM,19.0,True,Williams,0 days 01:30:35.321000,,1,13.0,False,,False,True,20.1,64.0,1001.4,False,28.9,239,3.4,True,False,False,False,False,False,+32.516,+1.917,32.516,1.917,5528.894,93.573,,,30.056,37.845,25.672,5465.385,5503.23,5528.902,5435.321
2023,British Grand Prix,10,Great Britain,Silverstone,0 days 01:33:42.281000,SAR,2,0 days 00:01:33.387000,20.0,1.0,,Logan Sargeant,,0 days 00:00:29.896000,0 days 00:00:37.880000,0 days 00:00:25.611000,0 days 01:32:38.798000,0 days 01:33:16.678000,0 days 01:33:42.289000,296.0,253.0,246.0,304.0,True,MEDIUM,20.0,True,Williams,0 days 01:32:08.894000,,1,13.0,False,,False,True,20.2,64.0,1001.4,False,29.1,201,3.2,True,False,False,False,False,False,+33.614,+2.451,33.614,2.451,5622.281,93.387,,,29.896,37.88,25.611,5558.798,5596.678,5622.289,5528.894
2023,British Grand Prix,10,Great Britain,Silverstone,0 days 01:35:15.739000,SAR,2,0 days 00:01:33.458000,21.0,1.0,,Logan Sargeant,,0 days 00:00:29.974000,0 days 00:00:37.751000,0 days 00:00:25.733000,0 days 01:34:12.263000,0 days 01:34:50.014000,0 days 01:35:15.747000,295.0,254.0,246.0,303.0,False,MEDIUM,21.0,True,Williams,0 days 01:33:42.281000,,1,13.0,False,,False,True,20.2,64.0,1001.4,False,29.4,206,2.0,True,False,False,False,False,False,+34.587,+3.090,34.587,3.09,5715.739,93.458,,,29.974,37.751,25.733,5652.263,5690.014,5715.747,5622.281
2023,British Grand Prix,10,Great Britain,Silverstone,0 days 01:36:49.218000,SAR,2,0 days 00:01:33.479000,22.0,1.0,,Logan Sargeant,,0 days 00:00:29.976000,0 days 00:00:37.660000,0 days 00:00:25.843000,0 days 01:35:45.723000,0 days 01:36:23.383000,0 days 01:36:49.226000,296.0,254.0,246.0,303.0,False,MEDIUM,22.0,True,Williams,0 days 01:35:15.739000,,1,13.0,False,,False,True,20.0,64.0,1001.2,False,29.6,222,1.7,True,False,False,False,False,False,+35.877,+3.531,35.877,3.531,5809.218,93.479,,,29.976,37.66,25.843,5745.723,5783.383,5809.226,5715.739
2023,British Grand Prix,10,Great Britain,Silverstone,0 days 01:38:22.430000,SAR,2,0 days 00:01:33.212000,23.0,1.0,,Logan Sargeant,,0 days 00:00:29.864000,0 days 00:00:37.639000,0 days 00:00:25.709000,0 days 01:37:19.090000,0 days 01:37:56.729000,0 days 01:38:22.438000,295.0,256.0,246.0,302.0,True,MEDIUM,23.0,True,Williams,0 days 01:36:49.218000,,1,13.0,False,,False,True,20.2,64.0,1001.4,False,29.6,204,2.5,True,False,False,False,False,False,+36.836,+4.211,36.836,4.211,5902.43,93.212,,,29.864,37.639,25.709,5839.09,5876.729,5902.438,5809.218
2023,British Grand Prix,10,Great Britain,Silverstone,0 days 01:39:55.932000,SAR,2,0 days 00:01:33.502000,24.0,1.0,,Logan Sargeant,,0 days 00:00:29.929000,0 days 00:00:37.734000,0 days 00:00:25.839000,0 days 01:38:52.367000,0 days 01:39:30.101000,0 days 01:39:55.940000,296.0,253.0,246.0,304.0,False,MEDIUM,24.0,True,Williams,0 days 01:38:22.430000,,1,13.0,False,,False,True,20.4,63.0,1001.4,False,29.7,202,1.3,True,False,False,False,False,False,+37.968,+5.006,37.968,5.006,5995.932,93.502,,,29.929,37.734,25.839,5932.367,5970.101,5995.94,5902.43
2023,British Grand Prix,10,Great Britain,Silverstone,0 days 01:41:29.440000,SAR,2,0 days 00:01:33.508000,25.0,1.0,,Logan Sargeant,,0 days 00:00:29.950000,0 days 00:00:37.905000,0 days 00:00:25.653000,0 days 01:40:25.890000,0 days 01:41:03.795000,0 days 01:41:29.448000,296.0,255.0,247.0,302.0,False,MEDIUM,25.0,True,Williams,0 days 01:39:55.932000,,1,13.0,False,,False,True,20.4,62.0,1001.4,False,30.9,145,1.7,True,False,False,False,False,False,+39.200,+4.965,39.2,4.965,6089.44,93.508,,,29.95,37.905,25.653,6025.89,6063.795,6089.448,5995.932
2023,British Grand Prix,10,Great Britain,Silverstone,0 days 01:43:02.993000,SAR,2,0 days 00:01:33.553000,26.0,1.0,,Logan Sargeant,,0 days 00:00:29.921000,0 days 00:00:37.949000,0 days 00:00:25.683000,0 days 01:41:59.369000,0 days 01:42:37.318000,0 days 01:43:03.001000,297.0,255.0,246.0,304.0,False,MEDIUM,26.0,True,Williams,0 days 01:41:29.440000,,1,13.0,False,,False,True,20.5,63.0,1001.4,False,31.7,220,2.0,True,False,False,False,False,False,+40.450,+4.916,40.45,4.916,6182.993,93.553,,,29.921,37.949,25.683,6119.369,6157.318,6183.001,6089.44
2023,British Grand Prix,10,Great Britain,Silverstone,0 days 01:44:36.724000,SAR,2,0 days 00:01:33.731000,27.0,1.0,,Logan Sargeant,,0 days 00:00:29.980000,0 days 00:00:38.125000,0 days 00:00:25.626000,0 days 01:43:32.981000,0 days 01:44:11.106000,0 days 01:44:36.732000,311.0,253.0,248.0,304.0,False,MEDIUM,27.0,True,Williams,0 days 01:43:02.993000,,1,13.0,False,,False,True,20.6,61.0,1001.4,False,32.4,225,2.4,True,False,False,False,False,False,+42.093,+2.211,42.093,2.211,6276.724,93.731,,,29.98,38.125,25.626,6212.981,6251.106,6276.732,6182.993
2023,British Grand Prix,10,Great Britain,Silverstone,0 days 01:46:10.214000,SAR,2,0 days 00:01:33.490000,28.0,1.0,,Logan Sargeant,,0 days 00:00:29.964000,0 days 00:00:37.906000,0 days 00:00:25.620000,0 days 01:45:06.696000,0 days 01:45:44.602000,0 days 01:46:10.222000,297.0,251.0,248.0,304.0,False,MEDIUM,28.0,True,Williams,0 days 01:44:36.724000,,1,13.0,False,,False,True,20.8,62.0,1001.4,False,32.8,192,2.2,True,False,False,False,False,False,+43.364,+3.473,43.364,3.473,6370.214,93.49,,,29.964,37.906,25.62,6306.696,6344.602,6370.222,6276.724
2023,British Grand Prix,10,Great Britain,Silverstone,0 days 01:47:42.937000,SAR,2,0 days 00:01:32.723000,29.0,1.0,,Logan Sargeant,0 days 01:47:37.014000,0 days 00:00:29.946000,0 days 00:00:37.620000,0 days 00:00:25.157000,0 days 01:46:40.168000,0 days 01:47:17.788000,0 days 01:47:42.945000,301.0,255.0,,308.0,False,MEDIUM,29.0,True,Williams,0 days 01:46:10.214000,,1,12.0,False,,False,False,20.9,61.0,1001.4,False,33.3,175,2.5,True,False,False,False,False,False,+43.997,+4.796,43.997,4.796,6462.937,92.723,6457.014,,29.946,37.62,25.157,6400.168,6437.788,6462.945,6370.214
2023,British Grand Prix,10,Great Britain,Silverstone,0 days 01:49:35.661000,SAR,2,0 days 00:01:52.724000,30.0,2.0,0 days 01:48:05.857000,Logan Sargeant,,0 days 00:00:50.211000,0 days 00:00:37.294000,0 days 00:00:25.219000,0 days 01:48:33.156000,0 days 01:49:10.450000,0 days 01:49:35.669000,296.0,258.0,250.0,300.0,False,SOFT,1.0,True,Williams,0 days 01:47:42.937000,,1,16.0,False,,False,False,21.0,61.0,1001.4,False,32.7,195,1.8,True,False,False,False,False,False,+64.278,+2.421,64.278,2.421,6575.661,112.724,,6485.857,50.211,37.294,25.219,6513.156,6550.45,6575.669,6462.937
2023,British Grand Prix,10,Great Britain,Silverstone,0 days 01:51:07.655000,SAR,2,0 days 00:01:31.994000,31.0,2.0,,Logan Sargeant,,0 days 00:00:29.514000,0 days 00:00:37.228000,0 days 00:00:25.252000,0 days 01:50:05.183000,0 days 01:50:42.411000,0 days 01:51:07.663000,295.0,257.0,249.0,306.0,True,SOFT,2.0,True,Williams,0 days 01:49:35.661000,,1,16.0,False,,False,True,21.0,62.0,1001.4,False,31.4,235,2.2,True,False,False,False,False,False,+63.826,+1.116,63.826,1.116,6667.655,91.994,,,29.514,37.228,25.252,6605.183,6642.411,6667.663,6575.661
2023,British Grand Prix,10,Great Britain,Silverstone,0 days 01:52:59.922000,SAR,2,0 days 00:01:52.267000,32.0,2.0,,Logan Sargeant,,0 days 00:00:29.459000,0 days 00:00:48.271000,0 days 00:00:34.537000,0 days 01:51:37.122000,0 days 01:52:25.393000,0 days 01:52:59.930000,299.0,234.0,155.0,239.0,False,SOFT,3.0,True,Williams,0 days 01:51:07.655000,,126,15.0,False,,False,False,21.0,62.0,1001.2,False,31.4,197,2.5,True,True,False,False,True,False,+83.864,+3.420,83.864,3.42,6779.922,112.267,,,29.459,48.271,34.537,6697.122,6745.393,6779.93,6667.655
2023,British Grand Prix,10,Great Britain,Silverstone,0 days 01:55:08.835000,SAR,2,0 days 00:02:08.913000,33.0,2.0,,Logan Sargeant,,0 days 00:00:42.483000,0 days 00:00:49.727000,0 days 00:00:36.703000,0 days 01:53:42.413000,0 days 01:54:32.140000,0 days 01:55:08.843000,210.0,215.0,163.0,227.0,False,SOFT,4.0,True,Williams,0 days 01:52:59.922000,,64,13.0,False,,False,False,21.0,63.0,1001.2,False,30.6,226,1.2,False,False,True,False,True,False,+88.828,+3.703,88.828,3.703,6908.835,128.913,,,42.483,49.727,36.703,6822.413,6872.14,6908.843,6779.922
2023,British Grand Prix,10,Great Britain,Silverstone,0 days 01:57:14.507000,SAR,2,0 days 00:02:05.672000,34.0,2.0,,Logan Sargeant,,0 days 00:00:41.493000,0 days 00:00:50.809000,0 days 00:00:33.370000,0 days 01:55:50.336000,0 days 01:56:41.145000,0 days 01:57:14.515000,212.0,180.0,215.0,183.0,False,SOFT,5.0,True,Williams,0 days 01:55:08.835000,,4,13.0,False,,False,False,20.9,63.0,1001.2,False,30.5,246,1.3,False,False,True,False,False,False,+41.367,+2.419,41.367,2.419,7034.507,125.672,,,41.493,50.809,33.37,6950.336,7001.145,7034.515,6908.835
2023,British Grand Prix,10,Great Britain,Silverstone,0 days 01:59:16.674000,SAR,2,0 days 00:02:02.167000,35.0,2.0,,Logan Sargeant,,0 days 00:00:31.193000,0 days 00:00:50.094000,0 days 00:00:40.880000,0 days 01:57:45.708000,0 days 01:58:35.802000,0 days 01:59:16.682000,234.0,155.0,65.0,106.0,False,SOFT,6.0,True,Williams,0 days 01:57:14.507000,,4,13.0,False,,False,False,21.0,62.0,1001.2,False,30.1,247,1.7,False,False,True,False,False,False,+15.763,+1.158,15.763,1.158,7156.674,122.167,,,31.193,50.094,40.88,7065.708,7115.802,7156.682,7034.507
2023,British Grand Prix,10,Great Britain,Silverstone,0 days 02:01:41.566000,SAR,2,0 days 00:02:24.892000,36.0,2.0,,Logan Sargeant,,0 days 00:00:54.963000,0 days 00:00:52.485000,0 days 00:00:37.444000,0 days 02:00:11.645000,0 days 02:01:04.130000,0 days 02:01:41.574000,211.0,97.0,234.0,243.0,False,SOFT,7.0,True,Williams,0 days 01:59:16.674000,,4,13.0,False,,False,False,20.8,63.0,1001.2,False,29.8,217,1.5,False,False,True,False,False,False,+15.753,+1.850,15.753,1.85,7301.566,144.892,,,54.963,52.485,37.444,7211.645,7264.13,7301.574,7156.674
2023,British Grand Prix,10,Great Britain,Silverstone,0 days 02:04:06.837000,SAR,2,0 days 00:02:25.271000,37.0,2.0,,Logan Sargeant,,0 days 00:00:52.391000,0 days 00:00:53.042000,0 days 00:00:39.838000,0 days 02:02:33.965000,0 days 02:03:27.007000,0 days 02:04:06.845000,98.0,127.0,90.0,276.0,False,SOFT,8.0,True,Williams,0 days 02:01:41.566000,,4,13.0,False,,False,False,20.9,63.0,1001.2,False,29.7,246,0.8,False,False,True,False,False,False,+13.278,+1.383,13.278,1.383,7446.837,145.271,,,52.391,53.042,39.838,7353.965,7407.007,7446.845,7301.566
2023,British Grand Prix,10,Great Britain,Silverstone,0 days 02:06:19.029000,SAR,2,0 days 00:02:12.192000,38.0,2.0,,Logan Sargeant,,0 days 00:00:39.572000,0 days 00:00:54.934000,0 days 00:00:37.686000,0 days 02:04:46.417000,0 days 02:05:41.351000,0 days 02:06:19.037000,201.0,132.0,251.0,196.0,False,SOFT,9.0,True,Williams,0 days 02:04:06.837000,,41,13.0,False,,False,False,20.9,63.0,1001.2,False,29.4,199,1.8,True,False,True,False,False,False,+6.046,+0.347,6.046,0.347,7579.029,132.192,,,39.572,54.934,37.686,7486.417,7541.351,7579.037,7446.837
2023,British Grand Prix,10,Great Britain,Silverstone,0 days 02:07:51.823000,SAR,2,0 days 00:01:32.794000,39.0,2.0,,Logan Sargeant,,0 days 00:00:29.363000,0 days 00:00:37.576000,0 days 00:00:25.855000,0 days 02:06:48.400000,0 days 02:07:25.976000,0 days 02:07:51.831000,308.0,260.0,248.0,313.0,False,SOFT,10.0,True,Williams,0 days 02:06:19.029000,,1,13.0,False,,False,True,21.0,64.0,1001.2,False,29.3,201,1.2,True,False,False,False,False,False,+8.445,+0.590,8.445,0.59,7671.823,92.794,,,29.363,37.576,25.855,7608.4,7645.976,7671.831,7579.029
2023,British Grand Prix,10,Great Britain,Silverstone,0 days 02:09:24.772000,SAR,2,0 days 00:01:32.949000,40.0,2.0,,Logan Sargeant,,0 days 00:00:29.467000,0 days 00:00:37.585000,0 days 00:00:25.897000,0 days 02:08:21.298000,0 days 02:08:58.883000,0 days 02:09:24.780000,301.0,259.0,249.0,312.0,False,SOFT,11.0,True,Williams,0 days 02:07:51.823000,,1,13.0,False,,False,True,21.0,63.0,1001.0,False,29.5,218,1.1,True,False,False,False,False,False,+10.881,+0.763,10.881,0.763,7764.772,92.949,,,29.467,37.585,25.897,7701.298,7738.883,7764.78,7671.823
2023,British Grand Prix,10,Great Britain,Silverstone,0 days 02:10:56.612000,SAR,2,0 days 00:01:31.840000,41.0,2.0,,Logan Sargeant,,0 days 00:00:29.170000,0 days 00:00:37.335000,0 days 00:00:25.335000,0 days 02:09:53.950000,0 days 02:10:31.285000,0 days 02:10:56.620000,320.0,263.0,250.0,332.0,True,SOFT,12.0,True,Williams,0 days 02:09:24.772000,,1,13.0,False,,False,True,21.1,62.0,1001.0,False,29.7,192,2.4,True,False,False,False,False,False,+12.060,+0.791,12.06,0.791,7856.612,91.84,,,29.17,37.335,25.335,7793.95,7831.285,7856.62,7764.772
2023,British Grand Prix,10,Great Britain,Silverstone,0 days 02:12:28.311000,SAR,2,0 days 00:01:31.699000,42.0,2.0,,Logan Sargeant,,0 days 00:00:29.225000,0 days 00:00:37.298000,0 days 00:00:25.176000,0 days 02:11:25.845000,0 days 02:12:03.143000,0 days 02:12:28.319000,318.0,262.0,250.0,332.0,True,SOFT,13.0,True,Williams,0 days 02:10:56.612000,,1,13.0,False,,False,True,21.2,61.0,1001.0,False,29.9,192,1.0,True,False,False,False,False,False,+13.462,+0.945,13.462,0.945,7948.311,91.699,,,29.225,37.298,25.176,7885.845,7923.143,7948.319,7856.612
2023,British Grand Prix,10,Great Britain,Silverstone,0 days 02:14:00.054000,SAR,2,0 days 00:01:31.743000,43.0,2.0,,Logan Sargeant,,0 days 00:00:29.168000,0 days 00:00:37.177000,0 days 00:00:25.398000,0 days 02:12:57.487000,0 days 02:13:34.664000,0 days 02:14:00.062000,322.0,259.0,249.0,316.0,False,SOFT,14.0,True,Williams,0 days 02:12:28.311000,,1,13.0,False,,False,True,21.4,61.0,1001.0,False,30.7,177,1.7,True,False,False,False,False,False,+14.675,+1.026,14.675,1.026,8040.054,91.743,,,29.168,37.177,25.398,7977.487,8014.664,8040.062,7948.311
2023,British Grand Prix,10,Great Britain,Silverstone,0 days 02:15:32.903000,SAR,2,0 days 00:01:32.849000,44.0,2.0,,Logan Sargeant,,0 days 00:00:29.266000,0 days 00:00:37.920000,0 days 00:00:25.663000,0 days 02:14:29.328000,0 days 02:15:07.248000,0 days 02:15:32.911000,322.0,256.0,248.0,331.0,False,SOFT,15.0,True,Williams,0 days 02:14:00.054000,,1,13.0,False,,False,True,21.4,57.0,1001.0,False,31.1,220,2.0,True,False,False,False,False,False,+16.837,+0.567,16.837,0.567,8132.903,92.849,,,29.266,37.92,25.663,8069.328,8107.248,8132.911,8040.054
2023,British Grand Prix,10,Great Britain,Silverstone,0 days 02:17:05.627000,SAR,2,0 days 00:01:32.724000,45.0,2.0,,Logan Sargeant,,0 days 00:00:29.300000,0 days 00:00:37.857000,0 days 00:00:25.567000,0 days 02:16:02.211000,0 days 02:16:40.068000,0 days 02:17:05.635000,325.0,261.0,247.0,328.0,False,SOFT,16.0,True,Williams,0 days 02:15:32.903000,,1,12.0,False,,False,True,21.4,57.0,1001.0,False,30.4,212,2.0,True,False,False,False,False,False,+18.285,+0.358,18.285,0.358,8225.627,92.724,,,29.3,37.857,25.567,8162.211,8200.068,8225.635,8132.903
2023,British Grand Prix,10,Great Britain,Silverstone,0 days 02:18:38.048000,SAR,2,0 days 00:01:32.421000,46.0,2.0,,Logan Sargeant,,0 days 00:00:29.363000,0 days 00:00:37.694000,0 days 00:00:25.364000,0 days 02:17:34.998000,0 days 02:18:12.692000,0 days 02:18:38.056000,321.0,262.0,247.0,327.0,False,SOFT,17.0,True,Williams,0 days 02:17:05.627000,,1,12.0,False,,False,True,21.4,57.0,1001.0,False,30.3,186,3.0,True,False,False,False,False,False,+19.535,+0.672,19.535,0.672,8318.048,92.421,,,29.363,37.694,25.364,8254.998,8292.692,8318.056,8225.627
2023,British Grand Prix,10,Great Britain,Silverstone,0 days 02:20:09.916000,SAR,2,0 days 00:01:31.868000,47.0,2.0,,Logan Sargeant,,0 days 00:00:29.102000,0 days 00:00:37.404000,0 days 00:00:25.362000,0 days 02:19:07.158000,0 days 02:19:44.562000,0 days 02:20:09.924000,318.0,263.0,246.0,325.0,False,SOFT,18.0,True,Williams,0 days 02:18:38.048000,,1,12.0,False,,False,True,21.4,59.0,1001.0,False,30.0,192,2.4,True,False,False,False,False,False,+20.210,+0.724,20.21,0.724,8409.916,91.868,,,29.102,37.404,25.362,8347.158,8384.562,8409.924,8318.048
2023,British Grand Prix,10,Great Britain,Silverstone,0 days 02:21:41.626000,SAR,2,0 days 00:01:31.710000,48.0,2.0,,Logan Sargeant,,0 days 00:00:29.155000,0 days 00:00:37.361000,0 days 00:00:25.194000,0 days 02:20:39.079000,0 days 02:21:16.440000,0 days 02:21:41.634000,318.0,262.0,247.0,325.0,False,SOFT,19.0,True,Williams,0 days 02:20:09.916000,,1,12.0,False,,False,True,21.5,58.0,1001.0,False,30.0,229,2.4,True,False,False,False,False,False,+20.562,+0.755,20.562,0.755,8501.626,91.71,,,29.155,37.361,25.194,8439.079,8476.44,8501.634,8409.916
2023,British Grand Prix,10,Great Britain,Silverstone,0 days 02:23:13.499000,SAR,2,0 days 00:01:31.873000,49.0,2.0,,Logan Sargeant,,0 days 00:00:29.188000,0 days 00:00:37.480000,0 days 00:00:25.205000,0 days 02:22:10.822000,0 days 02:22:48.302000,0 days 02:23:13.507000,319.0,262.0,249.0,326.0,False,SOFT,20.0,True,Williams,0 days 02:21:41.626000,,1,12.0,False,,False,True,21.5,54.0,1001.0,False,29.6,188,3.4,True,False,False,False,False,False,+21.223,+0.726,21.223,0.726,8593.499,91.873,,,29.188,37.48,25.205,8530.822,8568.302,8593.507,8501.626
2023,British Grand Prix,10,Great Britain,Silverstone,0 days 02:24:45.584000,SAR,2,0 days 00:01:32.085000,50.0,2.0,,Logan Sargeant,,0 days 00:00:29.124000,0 days 00:00:37.434000,0 days 00:00:25.527000,0 days 02:23:42.631000,0 days 02:24:20.065000,0 days 02:24:45.592000,318.0,258.0,248.0,307.0,False,SOFT,21.0,True,Williams,0 days 02:23:13.499000,,1,12.0,False,,False,True,21.6,54.0,1001.0,False,29.7,182,4.0,True,False,False,False,False,False,+22.030,+1.080,22.03,1.08,8685.584,92.085,,,29.124,37.434,25.527,8622.631,8660.065,8685.592,8593.499
2023,British Grand Prix,10,Great Britain,Silverstone,0 days 02:26:17.540000,SAR,2,0 days 00:01:31.956000,51.0,2.0,,Logan Sargeant,,0 days 00:00:29.110000,0 days 00:00:37.378000,0 days 00:00:25.468000,0 days 02:25:14.702000,0 days 02:25:52.080000,0 days 02:26:17.548000,304.0,257.0,249.0,312.0,False,SOFT,22.0,True,Williams,0 days 02:24:45.584000,,1,12.0,False,,False,True,21.7,54.0,1001.0,False,30.2,203,3.7,True,False,False,False,False,False,+22.593,+1.294,22.593,1.294,8777.54,91.956,,,29.11,37.378,25.468,8714.702,8752.08,8777.548,8685.584
2023,British Grand Prix,10,Great Britain,Silverstone,0 days 02:27:49.524000,SAR,2,0 days 00:01:31.984000,52.0,2.0,,Logan Sargeant,,0 days 00:00:29.233000,0 days 00:00:37.273000,0 days 00:00:25.478000,0 days 02:26:46.781000,0 days 02:27:24.054000,0 days 02:27:49.532000,304.0,260.0,249.0,313.0,False,SOFT,23.0,True,Williams,0 days 02:26:17.540000,,1,12.0,False,,False,True,21.8,52.0,1001.0,False,29.8,193,4.8,True,False,False,False,False,False,+23.606,+1.191,23.606,1.191,8869.524,91.984,,,29.233,37.273,25.478,8806.781,8844.054,8869.532,8777.54
2023,British Grand Prix,10,Great Britain,Silverstone,0 days 01:03:54.725000,MAG,20,0 days 00:01:45.771000,1.0,1.0,,Kevin Magnussen,,,0 days 00:00:41.080000,0 days 00:00:27.183000,,0 days 01:03:27.682000,0 days 01:03:54.838000,302.0,249.0,243.0,300.0,False,MEDIUM,1.0,True,Haas F1 Team,0 days 01:02:08.731000,,1,20.0,False,,False,False,21.4,54.0,1001.2,False,29.6,236,3.7,True,False,False,False,False,False,+9.220,+0.532,9.22,0.532,3834.725,105.771,,,,41.08,27.183,,3807.682,3834.838,3728.731
2023,British Grand Prix,10,Great Britain,Silverstone,0 days 01:05:31.062000,MAG,20,0 days 00:01:36.337000,2.0,1.0,,Kevin Magnussen,,0 days 00:00:30.278000,0 days 00:00:39.301000,0 days 00:00:26.758000,0 days 01:04:25.054000,0 days 01:05:04.355000,0 days 01:05:31.113000,299.0,252.0,243.0,299.0,True,MEDIUM,2.0,True,Haas F1 Team,0 days 01:03:54.725000,,1,20.0,False,,False,True,21.4,55.0,1001.4,False,29.5,191,3.2,True,False,False,False,False,False,+12.511,+0.392,12.511,0.392,3931.062,96.337,,,30.278,39.301,26.758,3865.054,3904.355,3931.113,3834.725
2023,British Grand Prix,10,Great Britain,Silverstone,0 days 01:07:06.231000,MAG,20,0 days 00:01:35.169000,3.0,1.0,,Kevin Magnussen,,0 days 00:00:30.113000,0 days 00:00:39.022000,0 days 00:00:26.034000,0 days 01:06:01.226000,0 days 01:06:40.248000,0 days 01:07:06.282000,313.0,254.0,243.0,322.0,True,MEDIUM,3.0,True,Haas F1 Team,0 days 01:05:31.062000,,1,20.0,False,,False,True,21.5,54.0,1001.2,False,29.4,238,3.4,True,False,False,False,False,False,+14.500,+0.696,14.5,0.696,4026.231,95.169,,,30.113,39.022,26.034,3961.226,4000.248,4026.282,3931.062
2023,British Grand Prix,10,Great Britain,Silverstone,0 days 01:08:40.962000,MAG,20,0 days 00:01:34.731000,4.0,1.0,,Kevin Magnussen,,0 days 00:00:29.835000,0 days 00:00:38.779000,0 days 00:00:26.117000,0 days 01:07:36.117000,0 days 01:08:14.896000,0 days 01:08:41.013000,312.0,254.0,242.0,322.0,True,MEDIUM,4.0,True,Haas F1 Team,0 days 01:07:06.231000,,1,20.0,False,,False,True,21.4,55.0,1001.2,False,29.4,188,3.2,True,False,False,False,False,False,+16.350,+0.745,16.35,0.745,4120.962,94.731,,,29.835,38.779,26.117,4056.117,4094.896,4121.013,4026.231
2023,British Grand Prix,10,Great Britain,Silverstone,0 days 01:10:15.560000,MAG,20,0 days 00:01:34.598000,5.0,1.0,,Kevin Magnussen,,0 days 00:00:29.695000,0 days 00:00:38.919000,0 days 00:00:25.984000,0 days 01:09:10.708000,0 days 01:09:49.627000,0 days 01:10:15.611000,311.0,253.0,243.0,318.0,True,MEDIUM,5.0,True,Haas F1 Team,0 days 01:08:40.962000,,1,20.0,False,,False,True,21.4,55.0,1001.2,False,29.3,221,3.4,True,False,False,False,False,False,+17.854,+0.555,17.854,0.555,4215.56,94.598,,,29.695,38.919,25.984,4150.708,4189.627,4215.611,4120.962
2023,British Grand Prix,10,Great Britain,Silverstone,0 days 01:11:50.493000,MAG,20,0 days 00:01:34.933000,6.0,1.0,,Kevin Magnussen,,0 days 00:00:29.869000,0 days 00:00:38.891000,0 days 00:00:26.173000,0 days 01:10:45.480000,0 days 01:11:24.371000,0 days 01:11:50.544000,310.0,254.0,242.0,316.0,False,MEDIUM,6.0,True,Haas F1 Team,0 days 01:10:15.560000,,1,20.0,False,,False,True,21.4,55.0,1001.2,False,29.5,183,3.4,True,False,False,False,False,False,+19.820,+0.752,19.82,0.752,4310.493,94.933,,,29.869,38.891,26.173,4245.48,4284.371,4310.544,4215.56
2023,British Grand Prix,10,Great Britain,Silverstone,0 days 01:13:25.443000,MAG,20,0 days 00:01:34.950000,7.0,1.0,,Kevin Magnussen,,0 days 00:00:29.929000,0 days 00:00:38.904000,0 days 00:00:26.117000,0 days 01:12:20.473000,0 days 01:12:59.377000,0 days 01:13:25.494000,311.0,253.0,243.0,319.0,False,MEDIUM,7.0,True,Haas F1 Team,0 days 01:11:50.493000,,1,20.0,False,,False,True,21.4,54.0,1001.2,False,29.3,198,4.0,True,False,False,False,False,False,+21.567,+0.758,21.567,0.758,4405.443,94.95,,,29.929,38.904,26.117,4340.473,4379.377,4405.494,4310.493
2023,British Grand Prix,10,Great Britain,Silverstone,0 days 01:14:59.870000,MAG,20,0 days 00:01:34.427000,8.0,1.0,,Kevin Magnussen,,0 days 00:00:29.836000,0 days 00:00:38.749000,0 days 00:00:25.842000,0 days 01:13:55.330000,0 days 01:14:34.079000,0 days 01:14:59.921000,310.0,255.0,243.0,321.0,True,MEDIUM,8.0,True,Haas F1 Team,0 days 01:13:25.443000,,1,19.0,False,,False,True,21.5,55.0,1001.4,False,29.1,201,3.5,True,False,False,False,False,False,+23.144,+0.719,23.144,0.719,4499.87,94.427,,,29.836,38.749,25.842,4435.33,4474.079,4499.921,4405.443
2023,British Grand Prix,10,Great Britain,Silverstone,0 days 01:16:34.447000,MAG,20,0 days 00:01:34.577000,9.0,1.0,,Kevin Magnussen,,0 days 00:00:29.828000,0 days 00:00:38.656000,0 days 00:00:26.093000,0 days 01:15:29.749000,0 days 01:16:08.405000,0 days 01:16:34.498000,309.0,252.0,243.0,319.0,False,MEDIUM,9.0,True,Haas F1 Team,0 days 01:14:59.870000,,1,19.0,False,,False,True,21.4,55.0,1001.2,False,29.1,185,3.4,True,False,False,False,False,False,+24.897,+0.916,24.897,0.916,4594.447,94.577,,,29.828,38.656,26.093,4529.749,4568.405,4594.498,4499.87
2023,British Grand Prix,10,Great Britain,Silverstone,0 days 01:18:09.162000,MAG,20,0 days 00:01:34.715000,10.0,1.0,,Kevin Magnussen,,0 days 00:00:29.787000,0 days 00:00:38.759000,0 days 00:00:26.169000,0 days 01:17:04.285000,0 days 01:17:43.044000,0 days 01:18:09.213000,308.0,249.0,244.0,297.0,False,MEDIUM,10.0,True,Haas F1 Team,0 days 01:16:34.447000,,1,18.0,False,,False,True,21.3,55.0,1001.2,False,29.2,202,3.7,True,False,False,False,False,False,+27.028,+1.343,27.028,1.343,4689.162,94.715,,,29.787,38.759,26.169,4624.285,4663.044,4689.213,4594.447
2023,British Grand Prix,10,Great Britain,Silverstone,0 days 01:19:43.472000,MAG,20,0 days 00:01:34.310000,11.0,1.0,,Kevin Magnussen,,0 days 00:00:29.895000,0 days 00:00:38.407000,0 days 00:00:26.008000,0 days 01:18:39.108000,0 days 01:19:17.515000,0 days 01:19:43.523000,292.0,252.0,243.0,299.0,True,MEDIUM,11.0,True,Haas F1 Team,0 days 01:18:09.162000,,1,18.0,False,,False,True,21.4,55.0,1001.2,False,29.2,203,3.2,True,False,False,False,False,False,+28.725,+1.282,28.725,1.282,4783.472,94.31,,,29.895,38.407,26.008,4719.108,4757.515,4783.523,4689.162
2023,British Grand Prix,10,Great Britain,Silverstone,0 days 01:21:18.016000,MAG,20,0 days 00:01:34.544000,12.0,1.0,,Kevin Magnussen,,0 days 00:00:30.109000,0 days 00:00:38.295000,0 days 00:00:26.140000,0 days 01:20:13.632000,0 days 01:20:51.927000,0 days 01:21:18.067000,291.0,248.0,243.0,292.0,False,MEDIUM,12.0,True,Haas F1 Team,0 days 01:19:43.472000,,1,18.0,False,,False,True,21.3,55.0,1001.2,False,29.1,187,4.5,True,False,False,False,False,False,+30.609,+1.275,30.609,1.275,4878.016,94.544,,,30.109,38.295,26.14,4813.632,4851.927,4878.067,4783.472
2023,British Grand Prix,10,Great Britain,Silverstone,0 days 01:22:52.355000,MAG,20,0 days 00:01:34.339000,13.0,1.0,,Kevin Magnussen,,0 days 00:00:29.966000,0 days 00:00:38.293000,0 days 00:00:26.080000,0 days 01:21:48.033000,0 days 01:22:26.326000,0 days 01:22:52.406000,289.0,251.0,244.0,291.0,False,MEDIUM,13.0,True,Haas F1 Team,0 days 01:21:18.016000,,1,18.0,False,,False,True,21.4,57.0,1001.5,False,28.8,205,4.5,True,False,False,False,False,False,+32.260,+0.999,32.26,0.999,4972.355,94.339,,,29.966,38.293,26.08,4908.033,4946.326,4972.406,4878.016
2023,British Grand Prix,10,Great Britain,Silverstone,0 days 01:24:27.379000,MAG,20,0 days 00:01:35.024000,14.0,1.0,,Kevin Magnussen,,0 days 00:00:30.236000,0 days 00:00:38.717000,0 days 00:00:26.071000,0 days 01:23:22.642000,0 days 01:24:01.359000,0 days 01:24:27.430000,287.0,249.0,244.0,293.0,False,MEDIUM,14.0,True,Haas F1 Team,0 days 01:22:52.355000,,1,18.0,True,TRACK LIMITS AT TURN 9 LAP 14 ,False,True,21.4,58.0,1001.5,False,28.7,191,3.7,True,False,False,False,False,False,+34.298,+1.474,34.298,1.474,5067.379,95.024,,,30.236,38.717,26.071,5002.642,5041.359,5067.43,4972.355
2023,British Grand Prix,10,Great Britain,Silverstone,0 days 01:26:01.985000,MAG,20,0 days 00:01:34.606000,15.0,1.0,,Kevin Magnussen,,0 days 00:00:30.276000,0 days 00:00:38.161000,0 days 00:00:26.169000,0 days 01:24:57.706000,0 days 01:25:35.867000,0 days 01:26:02.036000,288.0,251.0,244.0,293.0,False,MEDIUM,15.0,True,Haas F1 Team,0 days 01:24:27.379000,,1,17.0,False,,False,True,20.9,61.0,1001.5,False,27.7,255,2.5,True,False,False,False,False,False,+35.851,+1.379,35.851,1.379,5161.985,94.606,,,30.276,38.161,26.169,5097.706,5135.867,5162.036,5067.379
2023,British Grand Prix,10,Great Britain,Silverstone,0 days 01:27:36.544000,MAG,20,0 days 00:01:34.559000,16.0,1.0,,Kevin Magnussen,,0 days 00:00:30.197000,0 days 00:00:38.218000,0 days 00:00:26.144000,0 days 01:26:32.233000,0 days 01:27:10.451000,0 days 01:27:36.595000,287.0,251.0,244.0,293.0,False,MEDIUM,16.0,True,Haas F1 Team,0 days 01:26:01.985000,,1,17.0,False,,False,True,20.7,63.0,1001.5,False,27.7,212,1.8,True,False,False,False,False,False,+37.608,+1.583,37.608,1.583,5256.544,94.559,,,30.197,38.218,26.144,5192.233,5230.451,5256.595,5161.985
2023,British Grand Prix,10,Great Britain,Silverstone,0 days 01:29:10.760000,MAG,20,0 days 00:01:34.216000,17.0,1.0,,Kevin Magnussen,,0 days 00:00:30.118000,0 days 00:00:38.047000,0 days 00:00:26.051000,0 days 01:28:06.713000,0 days 01:28:44.760000,0 days 01:29:10.811000,288.0,251.0,244.0,291.0,True,MEDIUM,17.0,True,Haas F1 Team,0 days 01:27:36.544000,,1,17.0,False,,False,True,20.1,63.0,1001.4,False,27.9,222,2.2,True,False,False,False,False,False,+39.231,+1.958,39.231,1.958,5350.76,94.216,,,30.118,38.047,26.051,5286.713,5324.76,5350.811,5256.544
2023,British Grand Prix,10,Great Britain,Silverstone,0 days 01:30:44.555000,MAG,20,0 days 00:01:33.795000,18.0,1.0,,Kevin Magnussen,,0 days 00:00:30.077000,0 days 00:00:37.825000,0 days 00:00:25.893000,0 days 01:29:40.888000,0 days 01:30:18.713000,0 days 01:30:44.606000,289.0,251.0,245.0,293.0,True,MEDIUM,18.0,True,Haas F1 Team,0 days 01:29:10.760000,,1,17.0,False,,False,True,20.1,64.0,1001.2,False,28.3,223,2.0,True,False,False,False,False,False,+40.566,+2.040,40.566,2.04,5444.555,93.795,,,30.077,37.825,25.893,5380.888,5418.713,5444.606,5350.76
2023,British Grand Prix,10,Great Britain,Silverstone,0 days 01:32:18.836000,MAG,20,0 days 00:01:34.281000,19.0,1.0,,Kevin Magnussen,,0 days 00:00:30.179000,0 days 00:00:38.080000,0 days 00:00:26.022000,0 days 01:31:14.785000,0 days 01:31:52.865000,0 days 01:32:18.887000,287.0,250.0,244.0,294.0,False,MEDIUM,19.0,True,Haas F1 Team,0 days 01:30:44.555000,,1,17.0,False,,False,True,20.1,64.0,1001.4,False,28.9,239,3.4,True,False,False,False,False,False,+42.509,+2.591,42.509,2.591,5538.836,94.281,,,30.179,38.08,26.022,5474.785,5512.865,5538.887,5444.555
2023,British Grand Prix,10,Great Britain,Silverstone,0 days 01:33:52.771000,MAG,20,0 days 00:01:33.935000,20.0,1.0,,Kevin Magnussen,,0 days 00:00:30.084000,0 days 00:00:37.955000,0 days 00:00:25.896000,0 days 01:32:48.971000,0 days 01:33:26.926000,0 days 01:33:52.822000,291.0,249.0,245.0,295.0,False,MEDIUM,20.0,True,Haas F1 Team,0 days 01:32:18.836000,,1,17.0,True,TRACK LIMITS AT TURN 15 LAP 20 ,False,True,20.3,64.0,1001.2,False,29.3,217,2.7,True,False,False,False,False,False,+44.087,+2.799,44.087,2.799,5632.771,93.935,,,30.084,37.955,25.896,5568.971,5606.926,5632.822,5538.836
2023,British Grand Prix,10,Great Britain,Silverstone,0 days 01:35:26.854000,MAG,20,0 days 00:01:34.083000,21.0,1.0,,Kevin Magnussen,,0 days 00:00:30.112000,0 days 00:00:38.107000,0 days 00:00:25.864000,0 days 01:34:22.934000,0 days 01:35:01.041000,0 days 01:35:26.905000,290.0,250.0,245.0,295.0,False,MEDIUM,21.0,True,Haas F1 Team,0 days 01:33:52.771000,,1,17.0,False,,False,True,20.2,64.0,1001.4,False,29.4,206,2.0,True,False,False,False,False,False,+45.684,+3.280,45.684,3.28,5726.854,94.083,,,30.112,38.107,25.864,5662.934,5701.041,5726.905,5632.771
2023,British Grand Prix,10,Great Britain,Silverstone,0 days 01:37:00.851000,MAG,20,0 days 00:01:33.997000,22.0,1.0,,Kevin Magnussen,,0 days 00:00:30.035000,0 days 00:00:38.079000,0 days 00:00:25.883000,0 days 01:35:56.940000,0 days 01:36:35.019000,0 days 01:37:00.902000,288.0,251.0,245.0,293.0,False,MEDIUM,22.0,True,Haas F1 Team,0 days 01:35:26.854000,,1,17.0,False,,False,True,20.0,64.0,1001.2,False,29.6,222,1.7,True,False,False,False,False,False,+47.507,+3.837,47.507,3.837,5820.851,93.997,,,30.035,38.079,25.883,5756.94,5795.019,5820.902,5726.854
2023,British Grand Prix,10,Great Britain,Silverstone,0 days 01:38:34.831000,MAG,20,0 days 00:01:33.980000,23.0,1.0,,Kevin Magnussen,,0 days 00:00:30.025000,0 days 00:00:38.038000,0 days 00:00:25.917000,0 days 01:37:30.927000,0 days 01:38:08.965000,0 days 01:38:34.882000,288.0,249.0,245.0,293.0,False,MEDIUM,23.0,True,Haas F1 Team,0 days 01:37:00.851000,,1,17.0,False,,False,True,20.2,64.0,1001.4,False,29.6,204,2.5,True,False,False,False,False,False,+49.227,+4.014,49.227,4.014,5914.831,93.98,,,30.025,38.038,25.917,5850.927,5888.965,5914.882,5820.851
2023,British Grand Prix,10,Great Britain,Silverstone,0 days 01:40:08.722000,MAG,20,0 days 00:01:33.891000,24.0,1.0,,Kevin Magnussen,,0 days 00:00:30.085000,0 days 00:00:37.930000,0 days 00:00:25.876000,0 days 01:39:04.967000,0 days 01:39:42.897000,0 days 01:40:08.773000,287.0,251.0,245.0,295.0,False,MEDIUM,24.0,True,Haas F1 Team,0 days 01:38:34.831000,,1,17.0,False,,False,True,20.4,63.0,1001.4,False,29.7,202,1.3,True,False,False,False,False,False,+50.770,+4.455,50.77,4.455,6008.722,93.891,,,30.085,37.93,25.876,5944.967,5982.897,6008.773,5914.831
2023,British Grand Prix,10,Great Britain,Silverstone,0 days 01:41:42.759000,MAG,20,0 days 00:01:34.037000,25.0,1.0,,Kevin Magnussen,,0 days 00:00:30.067000,0 days 00:00:37.956000,0 days 00:00:26.014000,0 days 01:40:38.840000,0 days 01:41:16.796000,0 days 01:41:42.810000,287.0,250.0,245.0,293.0,False,MEDIUM,25.0,True,Haas F1 Team,0 days 01:40:08.722000,,1,16.0,False,,False,True,20.4,62.0,1001.4,False,30.9,145,1.7,True,False,False,False,False,False,+52.477,+5.189,52.477,5.189,6102.759,94.037,,,30.067,37.956,26.014,6038.84,6076.796,6102.81,6008.722
2023,British Grand Prix,10,Great Britain,Silverstone,0 days 01:43:16.878000,MAG,20,0 days 00:01:34.119000,26.0,1.0,,Kevin Magnussen,,0 days 00:00:30.072000,0 days 00:00:38.238000,0 days 00:00:25.809000,0 days 01:42:12.882000,0 days 01:42:51.120000,0 days 01:43:16.929000,289.0,251.0,246.0,296.0,False,MEDIUM,26.0,True,Haas F1 Team,0 days 01:41:42.759000,,1,16.0,False,,False,True,20.5,63.0,1001.4,False,31.7,220,2.0,True,False,False,False,False,False,+54.332,+5.831,54.332,5.831,6196.878,94.119,,,30.072,38.238,25.809,6132.882,6171.12,6196.929,6102.759
2023,British Grand Prix,10,Great Britain,Silverstone,0 days 01:44:50.813000,MAG,20,0 days 00:01:33.935000,27.0,1.0,,Kevin Magnussen,,0 days 00:00:30.122000,0 days 00:00:38.020000,0 days 00:00:25.793000,0 days 01:43:47.051000,0 days 01:44:25.071000,0 days 01:44:50.864000,290.0,252.0,246.0,297.0,False,MEDIUM,27.0,True,Haas F1 Team,0 days 01:43:16.878000,,1,16.0,True,TRACK LIMITS AT TURN 15 LAP 20 ,False,True,20.8,62.0,1001.4,False,32.4,209,1.2,True,False,False,False,False,False,+56.158,+6.198,56.158,6.198,6290.813,93.935,,,30.122,38.02,25.793,6227.051,6265.071,6290.864,6196.878
2023,British Grand Prix,10,Great Britain,Silverstone,0 days 01:46:24.573000,MAG,20,0 days 00:01:33.760000,28.0,1.0,,Kevin Magnussen,,0 days 00:00:30.077000,0 days 00:00:37.988000,0 days 00:00:25.695000,0 days 01:45:20.941000,0 days 01:45:58.929000,0 days 01:46:24.624000,288.0,249.0,246.0,294.0,True,MEDIUM,28.0,True,Haas F1 Team,0 days 01:44:50.813000,,1,15.0,False,,False,True,20.8,62.0,1001.4,False,32.8,192,2.2,True,False,False,False,False,False,+57.682,+6.430,57.682,6.43,6384.573,93.76,,,30.077,37.988,25.695,6320.941,6358.929,6384.624,6290.813
2023,British Grand Prix,10,Great Britain,Silverstone,0 days 01:47:57.929000,MAG,20,0 days 00:01:33.356000,29.0,1.0,,Kevin Magnussen,,0 days 00:00:29.956000,0 days 00:00:37.772000,0 days 00:00:25.628000,0 days 01:46:54.580000,0 days 01:47:32.352000,0 days 01:47:57.980000,289.0,252.0,247.0,295.0,True,MEDIUM,29.0,True,Haas F1 Team,0 days 01:46:24.573000,,1,15.0,False,,False,True,21.0,61.0,1001.4,False,33.3,212,1.6,True,False,False,False,False,False,+58.787,+6.437,58.787,6.437,6477.929,93.356,,,29.956,37.772,25.628,6414.58,6452.352,6477.98,6384.573
2023,British Grand Prix,10,Great Britain,Silverstone,0 days 01:49:31.395000,MAG,20,0 days 00:01:33.466000,30.0,1.0,,Kevin Magnussen,,0 days 00:00:30.040000,0 days 00:00:37.797000,0 days 00:00:25.629000,0 days 01:48:28.020000,0 days 01:49:05.817000,0 days 01:49:31.446000,289.0,251.0,246.0,296.0,False,MEDIUM,30.0,True,Haas F1 Team,0 days 01:47:57.929000,,1,14.0,False,,False,True,21.0,61.0,1001.4,False,32.7,195,1.8,True,False,False,False,False,False,+59.918,+6.542,59.918,6.542,6571.395,93.466,,,30.04,37.797,25.629,6508.02,6545.817,6571.446,6477.929
2023,British Grand Prix,10,Great Britain,Silverstone,0 days 01:51:04.859000,MAG,20,0 days 00:01:33.464000,31.0,1.0,,Kevin Magnussen,,0 days 00:00:30.064000,0 days 00:00:37.752000,0 days 00:00:25.648000,0 days 01:50:01.510000,0 days 01:50:39.262000,0 days 01:51:04.910000,288.0,253.0,246.0,295.0,False,MEDIUM,31.0,True,Haas F1 Team,0 days 01:49:31.395000,,1,14.0,False,,False,True,21.0,62.0,1001.4,False,31.4,235,2.2,True,False,False,False,False,False,+61.011,+6.609,61.011,6.609,6664.859,93.464,,,30.064,37.752,25.648,6601.51,6639.262,6664.91,6571.395
2023,British Grand Prix,10,Great Britain,Silverstone,0 days 01:53:34.859000,MAG,20,,32.0,1.0,,Kevin Magnussen,,,,,,,,,,,,,MEDIUM,32.0,True,Haas F1 Team,0 days 01:51:04.859000,,1264,,False,,True,False,21.0,62.0,1001.2,False,31.4,197,2.5,True,True,True,False,True,False,+61.654,+0.147,61.654,0.147,6814.859,,,,,,,,,,6664.859
2023,British Grand Prix,10,Great Britain,Silverstone,0 days 01:03:53.398000,DEV,21,0 days 00:01:44.444000,1.0,1.0,,Nyck De Vries,,,0 days 00:00:40.637000,0 days 00:00:26.947000,,0 days 01:03:26.573000,0 days 01:03:53.526000,272.0,251.0,245.0,300.0,False,SOFT,1.0,True,AlphaTauri,0 days 01:02:08.731000,,1,17.0,False,,False,False,21.4,54.0,1001.2,False,29.6,236,3.7,True,False,False,False,False,False,+7.865,+0.417,7.865,0.417,3833.398,104.444,,,,40.637,26.947,,3806.573,3833.526,3728.731
2023,British Grand Prix,10,Great Britain,Silverstone,0 days 01:05:29.606000,DEV,21,0 days 00:01:36.208000,2.0,1.0,,Nyck De Vries,,0 days 00:00:30.296000,0 days 00:00:39.300000,0 days 00:00:26.612000,0 days 01:04:23.714000,0 days 01:05:03.014000,0 days 01:05:29.626000,299.0,253.0,242.0,303.0,True,SOFT,2.0,True,AlphaTauri,0 days 01:03:53.398000,,1,17.0,False,,False,True,21.4,55.0,1001.4,False,29.5,191,3.2,True,False,False,False,False,False,+11.055,+0.594,11.055,0.594,3929.606,96.208,,,30.296,39.3,26.612,3863.714,3903.014,3929.626,3833.398
2023,British Grand Prix,10,Great Britain,Silverstone,0 days 01:07:04.352000,DEV,21,0 days 00:01:34.746000,3.0,1.0,,Nyck De Vries,,0 days 00:00:29.731000,0 days 00:00:38.791000,0 days 00:00:26.224000,0 days 01:05:59.357000,0 days 01:06:38.148000,0 days 01:07:04.372000,316.0,255.0,235.0,330.0,True,SOFT,3.0,True,AlphaTauri,0 days 01:05:29.606000,,1,17.0,False,,False,True,21.5,54.0,1001.2,False,29.4,238,3.4,True,False,False,False,False,False,+12.621,+0.763,12.621,0.763,4024.352,94.746,,,29.731,38.791,26.224,3959.357,3998.148,4024.372,3929.606
2023,British Grand Prix,10,Great Britain,Silverstone,0 days 01:08:38.551000,DEV,21,0 days 00:01:34.199000,4.0,1.0,,Nyck De Vries,,0 days 00:00:29.709000,0 days 00:00:38.422000,0 days 00:00:26.068000,0 days 01:07:34.081000,0 days 01:08:12.503000,0 days 01:08:38.571000,316.0,254.0,243.0,325.0,True,SOFT,4.0,True,AlphaTauri,0 days 01:07:04.352000,,1,17.0,False,,False,True,21.4,55.0,1001.2,False,29.4,188,3.2,True,False,False,False,False,False,+13.989,+0.620,13.989,0.62,4118.551,94.199,,,29.709,38.422,26.068,4054.081,4092.503,4118.571,4024.352
2023,British Grand Prix,10,Great Britain,Silverstone,0 days 01:10:13.312000,DEV,21,0 days 00:01:34.761000,5.0,1.0,,Nyck De Vries,,0 days 00:00:29.662000,0 days 00:00:38.919000,0 days 00:00:26.180000,0 days 01:09:08.233000,0 days 01:09:47.152000,0 days 01:10:13.332000,317.0,256.0,243.0,323.0,False,SOFT,5.0,True,AlphaTauri,0 days 01:08:38.551000,,1,17.0,False,,False,True,21.4,55.0,1001.2,False,29.3,221,3.4,True,False,False,False,False,False,+15.636,+0.556,15.636,0.556,4213.312,94.761,,,29.662,38.919,26.18,4148.233,4187.152,4213.332,4118.551
2023,British Grand Prix,10,Great Britain,Silverstone,0 days 01:11:48.219000,DEV,21,0 days 00:01:34.907000,6.0,1.0,,Nyck De Vries,,0 days 00:00:29.823000,0 days 00:00:38.701000,0 days 00:00:26.383000,0 days 01:10:43.155000,0 days 01:11:21.856000,0 days 01:11:48.239000,314.0,254.0,243.0,317.0,False,SOFT,6.0,True,AlphaTauri,0 days 01:10:13.312000,,1,17.0,False,,False,True,21.4,55.0,1001.2,False,29.5,183,3.4,True,False,False,False,False,False,+17.487,+0.413,17.487,0.413,4308.219,94.907,,,29.823,38.701,26.383,4243.155,4281.856,4308.239,4213.312
2023,British Grand Prix,10,Great Britain,Silverstone,0 days 01:13:23.273000,DEV,21,0 days 00:01:35.054000,7.0,1.0,,Nyck De Vries,,0 days 00:00:29.867000,0 days 00:00:38.860000,0 days 00:00:26.327000,0 days 01:12:18.106000,0 days 01:12:56.966000,0 days 01:13:23.293000,313.0,255.0,243.0,318.0,False,SOFT,7.0,True,AlphaTauri,0 days 01:11:48.219000,,1,17.0,False,,False,True,21.4,54.0,1001.2,False,29.3,198,4.0,True,False,False,False,False,False,+19.449,+0.189,19.449,0.189,4403.273,95.054,,,29.867,38.86,26.327,4338.106,4376.966,4403.293,4308.219
2023,British Grand Prix,10,Great Britain,Silverstone,0 days 01:14:57.169000,DEV,21,0 days 00:01:33.896000,8.0,1.0,,Nyck De Vries,,0 days 00:00:29.915000,0 days 00:00:37.971000,0 days 00:00:26.010000,0 days 01:13:53.208000,0 days 01:14:31.179000,0 days 01:14:57.189000,294.0,253.0,244.0,301.0,True,SOFT,8.0,True,AlphaTauri,0 days 01:13:23.273000,,1,16.0,False,,False,True,21.5,55.0,1001.4,False,29.1,201,3.5,True,False,False,False,False,False,+20.488,+1.350,20.488,1.35,4497.169,93.896,,,29.915,37.971,26.01,4433.208,4471.179,4497.189,4403.273
2023,British Grand Prix,10,Great Britain,Silverstone,0 days 01:16:30.943000,DEV,21,0 days 00:01:33.774000,9.0,1.0,,Nyck De Vries,,0 days 00:00:29.853000,0 days 00:00:37.925000,0 days 00:00:25.996000,0 days 01:15:27.042000,0 days 01:16:04.967000,0 days 01:16:30.963000,298.0,252.0,244.0,305.0,True,SOFT,9.0,True,AlphaTauri,0 days 01:14:57.169000,,1,16.0,False,,False,True,21.4,55.0,1001.2,False,29.1,185,3.4,True,False,False,False,False,False,+21.433,+1.212,21.433,1.212,4590.943,93.774,,,29.853,37.925,25.996,4527.042,4564.967,4590.963,4497.169
2023,British Grand Prix,10,Great Britain,Silverstone,0 days 01:18:04.928000,DEV,21,0 days 00:01:33.985000,10.0,1.0,,Nyck De Vries,,0 days 00:00:29.892000,0 days 00:00:38.185000,0 days 00:00:25.908000,0 days 01:17:00.855000,0 days 01:17:39.040000,0 days 01:18:04.948000,299.0,251.0,244.0,304.0,False,SOFT,10.0,True,AlphaTauri,0 days 01:16:30.943000,,1,15.0,True,TRACK LIMITS AT TURN 15 LAP 10 ,False,True,21.3,55.0,1001.2,False,29.2,202,3.7,True,False,False,False,False,False,+22.817,+0.860,22.817,0.86,4684.928,93.985,,,29.892,38.185,25.908,4620.855,4659.04,4684.948,4590.943
2023,British Grand Prix,10,Great Britain,Silverstone,0 days 01:19:38.686000,DEV,21,0 days 00:01:33.758000,11.0,1.0,,Nyck De Vries,,0 days 00:00:29.689000,0 days 00:00:38.243000,0 days 00:00:25.826000,0 days 01:18:34.637000,0 days 01:19:12.880000,0 days 01:19:38.706000,314.0,255.0,244.0,320.0,True,SOFT,11.0,True,AlphaTauri,0 days 01:18:04.928000,,1,15.0,False,,False,True,21.4,55.0,1001.2,False,29.2,203,3.2,True,False,False,False,False,False,+23.970,+0.699,23.97,0.699,4778.686,93.758,,,29.689,38.243,25.826,4714.637,4752.88,4778.706,4684.928
2023,British Grand Prix,10,Great Britain,Silverstone,0 days 01:21:12.851000,DEV,21,0 days 00:01:34.165000,12.0,1.0,,Nyck De Vries,,0 days 00:00:29.904000,0 days 00:00:38.250000,0 days 00:00:26.011000,0 days 01:20:08.610000,0 days 01:20:46.860000,0 days 01:21:12.871000,312.0,254.0,245.0,320.0,False,SOFT,12.0,True,AlphaTauri,0 days 01:19:38.686000,,1,15.0,False,,False,True,21.3,55.0,1001.2,False,29.1,187,4.5,True,False,False,False,False,False,+25.494,+0.629,25.494,0.629,4872.851,94.165,,,29.904,38.25,26.011,4808.61,4846.86,4872.871,4778.686
2023,British Grand Prix,10,Great Britain,Silverstone,0 days 01:22:47.083000,DEV,21,0 days 00:01:34.232000,13.0,1.0,,Nyck De Vries,,0 days 00:00:29.768000,0 days 00:00:38.404000,0 days 00:00:26.060000,0 days 01:21:42.639000,0 days 01:22:21.043000,0 days 01:22:47.103000,312.0,256.0,244.0,317.0,False,SOFT,13.0,True,AlphaTauri,0 days 01:21:12.851000,,1,15.0,False,,False,True,21.4,57.0,1001.5,False,28.8,205,4.5,True,False,False,False,False,False,+27.018,+0.532,27.018,0.532,4967.083,94.232,,,29.768,38.404,26.06,4902.639,4941.043,4967.103,4872.851
2023,British Grand Prix,10,Great Britain,Silverstone,0 days 01:24:21.962000,DEV,21,0 days 00:01:34.879000,14.0,1.0,,Nyck De Vries,,0 days 00:00:30.138000,0 days 00:00:38.804000,0 days 00:00:25.937000,0 days 01:23:17.241000,0 days 01:23:56.045000,0 days 01:24:21.982000,313.0,253.0,245.0,323.0,False,SOFT,14.0,True,AlphaTauri,0 days 01:22:47.083000,,1,15.0,False,,False,True,21.4,58.0,1001.5,False,28.7,191,3.7,True,False,False,False,False,False,+28.846,+0.422,28.846,0.422,5061.962,94.879,,,30.138,38.804,25.937,4997.241,5036.045,5061.982,4967.083
2023,British Grand Prix,10,Great Britain,Silverstone,0 days 01:25:56.132000,DEV,21,0 days 00:01:34.170000,15.0,1.0,,Nyck De Vries,,0 days 00:00:30.231000,0 days 00:00:38.014000,0 days 00:00:25.925000,0 days 01:24:52.213000,0 days 01:25:30.227000,0 days 01:25:56.152000,294.0,252.0,245.0,298.0,False,SOFT,15.0,True,AlphaTauri,0 days 01:24:21.962000,,1,14.0,False,,False,True,20.9,61.0,1001.5,False,27.7,255,2.5,True,False,False,False,False,False,+30.033,+1.768,30.033,1.768,5156.132,94.17,,,30.231,38.014,25.925,5092.213,5130.227,5156.152,5061.962
2023,British Grand Prix,10,Great Britain,Silverstone,0 days 01:27:30.280000,DEV,21,0 days 00:01:34.148000,16.0,1.0,,Nyck De Vries,,0 days 00:00:30.057000,0 days 00:00:38.044000,0 days 00:00:26.047000,0 days 01:26:26.209000,0 days 01:27:04.253000,0 days 01:27:30.300000,293.0,252.0,245.0,301.0,False,SOFT,16.0,True,AlphaTauri,0 days 01:25:56.132000,,1,14.0,False,,False,True,20.7,63.0,1001.5,False,27.7,212,1.8,True,False,False,False,False,False,+31.366,+2.142,31.366,2.142,5250.28,94.148,,,30.057,38.044,26.047,5186.209,5224.253,5250.3,5156.132
2023,British Grand Prix,10,Great Britain,Silverstone,0 days 01:29:03.917000,DEV,21,0 days 00:01:33.637000,17.0,1.0,,Nyck De Vries,,0 days 00:00:30.045000,0 days 00:00:37.781000,0 days 00:00:25.811000,0 days 01:28:00.345000,0 days 01:28:38.126000,0 days 01:29:03.937000,293.0,253.0,245.0,302.0,True,SOFT,17.0,True,AlphaTauri,0 days 01:27:30.280000,,1,14.0,False,,False,True,20.1,63.0,1001.4,False,27.9,222,2.2,True,False,False,False,False,False,+32.413,+2.064,32.413,2.064,5343.917,93.637,,,30.045,37.781,25.811,5280.345,5318.126,5343.937,5250.28
2023,British Grand Prix,10,Great Britain,Silverstone,0 days 01:30:37.370000,DEV,21,0 days 00:01:33.453000,18.0,1.0,,Nyck De Vries,,0 days 00:00:29.966000,0 days 00:00:37.757000,0 days 00:00:25.730000,0 days 01:29:33.903000,0 days 01:30:11.660000,0 days 01:30:37.390000,293.0,253.0,245.0,300.0,True,SOFT,18.0,True,AlphaTauri,0 days 01:29:03.917000,,1,14.0,False,,False,True,20.1,64.0,1001.2,False,28.3,223,2.0,True,False,False,False,False,False,+33.357,+2.032,33.357,2.032,5437.37,93.453,,,29.966,37.757,25.73,5373.903,5411.66,5437.39,5343.917
2023,British Grand Prix,10,Great Britain,Silverstone,0 days 01:32:11.205000,DEV,21,0 days 00:01:33.835000,19.0,1.0,,Nyck De Vries,,0 days 00:00:30.126000,0 days 00:00:38,0 days 00:00:25.709000,0 days 01:31:07.516000,0 days 01:31:45.516000,0 days 01:32:11.225000,292.0,253.0,246.0,301.0,False,SOFT,19.0,True,AlphaTauri,0 days 01:30:37.370000,,1,14.0,False,,False,True,20.1,64.0,1001.4,False,28.9,239,3.4,True,False,False,False,False,False,+34.847,+2.331,34.847,2.331,5531.205,93.835,,,30.126,38.0,25.709,5467.516,5505.516,5531.225,5437.37
2023,British Grand Prix,10,Great Britain,Silverstone,0 days 01:33:44.685000,DEV,21,0 days 00:01:33.480000,20.0,1.0,,Nyck De Vries,,0 days 00:00:29.940000,0 days 00:00:37.850000,0 days 00:00:25.690000,0 days 01:32:41.165000,0 days 01:33:19.015000,0 days 01:33:44.705000,294.0,252.0,246.0,299.0,False,SOFT,20.0,True,AlphaTauri,0 days 01:32:11.205000,,1,14.0,False,,False,True,20.2,64.0,1001.4,False,29.1,201,3.2,True,False,False,False,False,False,+36.034,+2.420,36.034,2.42,5624.685,93.48,,,29.94,37.85,25.69,5561.165,5599.015,5624.705,5531.205
2023,British Grand Prix,10,Great Britain,Silverstone,0 days 01:35:18.337000,DEV,21,0 days 00:01:33.652000,21.0,1.0,,Nyck De Vries,,0 days 00:00:30.050000,0 days 00:00:37.849000,0 days 00:00:25.753000,0 days 01:34:14.755000,0 days 01:34:52.604000,0 days 01:35:18.357000,293.0,253.0,246.0,300.0,False,SOFT,21.0,True,AlphaTauri,0 days 01:33:44.685000,,1,14.0,False,,False,True,20.2,64.0,1001.4,False,29.4,206,2.0,True,False,False,False,False,False,+37.184,+2.597,37.184,2.597,5718.337,93.652,,,30.05,37.849,25.753,5654.755,5692.604,5718.357,5624.685
2023,British Grand Prix,10,Great Britain,Silverstone,0 days 01:36:51.984000,DEV,21,0 days 00:01:33.647000,22.0,1.0,,Nyck De Vries,,0 days 00:00:30.073000,0 days 00:00:37.855000,0 days 00:00:25.719000,0 days 01:35:48.430000,0 days 01:36:26.285000,0 days 01:36:52.004000,292.0,253.0,246.0,299.0,False,SOFT,22.0,True,AlphaTauri,0 days 01:35:18.337000,,1,14.0,False,,False,True,20.0,64.0,1001.2,False,29.6,222,1.7,True,False,False,False,False,False,+38.661,+2.784,38.661,2.784,5811.984,93.647,,,30.073,37.855,25.719,5748.43,5786.285,5812.004,5718.337
2023,British Grand Prix,10,Great Britain,Silverstone,0 days 01:38:25.606000,DEV,21,0 days 00:01:33.622000,23.0,1.0,,Nyck De Vries,,0 days 00:00:29.959000,0 days 00:00:37.930000,0 days 00:00:25.733000,0 days 01:37:21.963000,0 days 01:37:59.893000,0 days 01:38:25.626000,291.0,253.0,246.0,299.0,False,SOFT,23.0,True,AlphaTauri,0 days 01:36:51.984000,,1,14.0,False,,False,True,20.2,64.0,1001.4,False,29.6,204,2.5,True,False,False,False,False,False,+40.024,+3.188,40.024,3.188,5905.606,93.622,,,29.959,37.93,25.733,5841.963,5879.893,5905.626,5811.984
2023,British Grand Prix,10,Great Britain,Silverstone,0 days 01:39:59.269000,DEV,21,0 days 00:01:33.663000,24.0,1.0,,Nyck De Vries,,0 days 00:00:29.950000,0 days 00:00:37.955000,0 days 00:00:25.758000,0 days 01:38:55.576000,0 days 01:39:33.531000,0 days 01:39:59.289000,293.0,253.0,246.0,300.0,False,SOFT,24.0,True,AlphaTauri,0 days 01:38:25.606000,,1,14.0,False,,False,True,20.4,63.0,1001.4,False,29.7,202,1.3,True,False,False,False,False,False,+41.347,+3.337,41.347,3.337,5999.269,93.663,,,29.95,37.955,25.758,5935.576,5973.531,5999.289,5905.606
2023,British Grand Prix,10,Great Britain,Silverstone,0 days 01:41:32.822000,DEV,21,0 days 00:01:33.553000,25.0,1.0,,Nyck De Vries,,0 days 00:00:30.023000,0 days 00:00:37.955000,0 days 00:00:25.575000,0 days 01:40:29.312000,0 days 01:41:07.267000,0 days 01:41:32.842000,293.0,254.0,246.0,302.0,False,SOFT,25.0,True,AlphaTauri,0 days 01:39:59.269000,,1,14.0,False,,False,True,20.4,62.0,1001.4,False,30.9,145,1.7,True,False,False,False,False,False,+42.582,+3.382,42.582,3.382,6092.822,93.553,,,30.023,37.955,25.575,6029.312,6067.267,6092.842,5999.269
2023,British Grand Prix,10,Great Britain,Silverstone,0 days 01:43:06.576000,DEV,21,0 days 00:01:33.754000,26.0,1.0,,Nyck De Vries,,0 days 00:00:30.036000,0 days 00:00:38.012000,0 days 00:00:25.706000,0 days 01:42:02.878000,0 days 01:42:40.890000,0 days 01:43:06.596000,293.0,252.0,247.0,300.0,False,SOFT,26.0,True,AlphaTauri,0 days 01:41:32.822000,,1,14.0,False,,False,True,20.5,63.0,1001.4,False,31.7,220,2.0,True,False,False,False,False,False,+44.083,+3.583,44.083,3.583,6186.576,93.754,,,30.036,38.012,25.706,6122.878,6160.89,6186.596,6092.822
2023,British Grand Prix,10,Great Britain,Silverstone,0 days 01:44:39.875000,DEV,21,0 days 00:01:33.299000,27.0,1.0,,Nyck De Vries,0 days 01:44:33.924000,0 days 00:00:30.032000,0 days 00:00:37.920000,0 days 00:00:25.347000,0 days 01:43:36.628000,0 days 01:44:14.548000,0 days 01:44:39.895000,296.0,251.0,,302.0,False,SOFT,27.0,True,AlphaTauri,0 days 01:43:06.576000,,1,14.0,False,,False,False,20.6,61.0,1001.4,False,32.4,225,2.4,True,False,False,False,False,False,+45.421,+3.523,45.421,3.523,6279.875,93.299,6273.924,,30.032,37.92,25.347,6216.628,6254.548,6279.895,6186.576
2023,British Grand Prix,10,Great Britain,Silverstone,0 days 01:46:32.969000,DEV,21,0 days 00:01:53.094000,28.0,2.0,0 days 01:45:02.298000,Nyck De Vries,,0 days 00:00:50.011000,0 days 00:00:37.651000,0 days 00:00:25.432000,0 days 01:45:29.906000,0 days 01:46:07.557000,0 days 01:46:32.989000,292.0,255.0,248.0,302.0,False,MEDIUM,1.0,True,AlphaTauri,0 days 01:44:39.875000,,1,17.0,False,,False,False,20.8,62.0,1001.4,False,32.8,192,2.2,True,False,False,False,False,False,+66.125,+6.029,66.125,6.029,6392.969,113.094,,6302.298,50.011,37.651,25.432,6329.906,6367.557,6392.989,6279.875
2023,British Grand Prix,10,Great Britain,Silverstone,0 days 01:48:05.468000,DEV,21,0 days 00:01:32.499000,29.0,2.0,,Nyck De Vries,,0 days 00:00:29.586000,0 days 00:00:37.541000,0 days 00:00:25.372000,0 days 01:47:02.575000,0 days 01:47:40.116000,0 days 01:48:05.488000,292.0,254.0,247.0,303.0,True,MEDIUM,2.0,True,AlphaTauri,0 days 01:46:32.969000,,1,17.0,False,,False,True,21.0,61.0,1001.4,False,33.3,212,1.6,True,False,False,False,False,False,+66.355,+5.394,66.355,5.394,6485.468,92.499,,,29.586,37.541,25.372,6422.575,6460.116,6485.488,6392.969
2023,British Grand Prix,10,Great Britain,Silverstone,0 days 01:49:38.032000,DEV,21,0 days 00:01:32.564000,30.0,2.0,,Nyck De Vries,,0 days 00:00:29.705000,0 days 00:00:37.467000,0 days 00:00:25.392000,0 days 01:48:35.193000,0 days 01:49:12.660000,0 days 01:49:38.052000,294.0,257.0,248.0,305.0,False,MEDIUM,3.0,True,AlphaTauri,0 days 01:48:05.468000,,1,17.0,False,,False,True,21.0,61.0,1001.4,False,32.7,195,1.8,True,False,False,False,False,False,+66.593,+2.315,66.593,2.315,6578.032,92.564,,,29.705,37.467,25.392,6515.193,6552.66,6578.052,6485.468
2023,British Grand Prix,10,Great Britain,Silverstone,0 days 01:51:10.861000,DEV,21,0 days 00:01:32.829000,31.0,2.0,,Nyck De Vries,,0 days 00:00:29.797000,0 days 00:00:37.519000,0 days 00:00:25.513000,0 days 01:50:07.849000,0 days 01:50:45.368000,0 days 01:51:10.881000,293.0,257.0,247.0,304.0,False,MEDIUM,4.0,True,AlphaTauri,0 days 01:49:38.032000,,1,17.0,False,,False,True,21.0,62.0,1001.4,False,31.4,235,2.2,True,False,False,False,False,False,+66.986,+3.160,66.986,3.16,6670.861,92.829,,,29.797,37.519,25.513,6607.849,6645.368,6670.881,6578.032
2023,British Grand Prix,10,Great Britain,Silverstone,0 days 01:53:00.989000,DEV,21,0 days 00:01:50.128000,32.0,2.0,,Nyck De Vries,0 days 01:52:55.071000,0 days 00:00:29.727000,0 days 00:00:48.657000,0 days 00:00:31.744000,0 days 01:51:40.608000,0 days 01:52:29.265000,0 days 01:53:01.009000,293.0,225.0,,194.0,False,MEDIUM,5.0,True,AlphaTauri,0 days 01:51:10.861000,,126,16.0,False,,False,False,21.0,62.0,1001.2,False,31.4,197,2.5,True,True,False,False,True,False,+84.002,+5.150,84.002,5.15,6780.989,110.128,6775.071,,29.727,48.657,31.744,6700.608,6749.265,6781.009,6670.861
2023,British Grand Prix,10,Great Britain,Silverstone,0 days 01:55:25.922000,DEV,21,0 days 00:02:24.933000,33.0,3.0,0 days 01:53:23.477000,Nyck De Vries,,0 days 00:00:59.587000,0 days 00:00:49.741000,0 days 00:00:35.605000,0 days 01:54:00.596000,0 days 01:54:50.337000,0 days 01:55:25.942000,158.0,158.0,197.0,255.0,False,SOFT,1.0,True,AlphaTauri,0 days 01:53:00.989000,,64,17.0,False,,False,False,21.0,63.0,1001.2,False,30.6,226,1.2,False,False,True,False,True,False,+107.661,+6.784,107.661,6.784,6925.922,144.933,,6803.477,59.587,49.741,35.605,6840.596,6890.337,6925.942,6780.989
2023,British Grand Prix,10,Great Britain,Silverstone,0 days 01:57:32.467000,DEV,21,0 days 00:02:06.545000,34.0,3.0,,Nyck De Vries,,0 days 00:00:42.634000,0 days 00:00:51.092000,0 days 00:00:32.819000,0 days 01:56:08.576000,0 days 01:56:59.668000,0 days 01:57:32.487000,126.0,168.0,229.0,219.0,False,SOFT,2.0,True,AlphaTauri,0 days 01:55:25.922000,,4,16.0,False,,False,False,20.9,62.0,1001.2,False,30.3,190,1.8,False,False,True,False,False,False,+61.064,+6.943,61.064,6.943,7052.467,126.545,,,42.634,51.092,32.819,6968.576,7019.668,7052.487,6925.922
2023,British Grand Prix,10,Great Britain,Silverstone,0 days 01:59:21.431000,DEV,21,0 days 00:01:48.964000,35.0,3.0,,Nyck De Vries,,0 days 00:00:35.241000,0 days 00:00:39.963000,0 days 00:00:33.760000,0 days 01:58:07.728000,0 days 01:58:47.691000,0 days 01:59:21.451000,216.0,234.0,76.0,278.0,False,SOFT,3.0,True,AlphaTauri,0 days 01:57:32.467000,,4,16.0,False,,False,False,21.0,62.0,1001.2,False,30.1,247,1.7,False,False,True,False,False,False,+18.959,+0.802,18.959,0.802,7161.431,108.964,,,35.241,39.963,33.76,7087.728,7127.691,7161.451,7052.467
2023,British Grand Prix,10,Great Britain,Silverstone,0 days 02:01:46.492000,DEV,21,0 days 00:02:25.061000,36.0,3.0,,Nyck De Vries,,0 days 00:00:55.901000,0 days 00:00:50.578000,0 days 00:00:38.582000,0 days 02:00:17.352000,0 days 02:01:07.930000,0 days 02:01:46.512000,192.0,79.0,211.0,246.0,False,SOFT,4.0,True,AlphaTauri,0 days 01:59:21.431000,,4,17.0,False,,False,False,20.8,63.0,1001.2,False,29.8,217,1.5,False,False,True,False,False,False,+20.555,+1.078,20.555,1.078,7306.492,145.061,,,55.901,50.578,38.582,7217.352,7267.93,7306.512,7161.431
2023,British Grand Prix,10,Great Britain,Silverstone,0 days 02:04:10.461000,DEV,21,0 days 00:02:23.969000,37.0,3.0,,Nyck De Vries,,0 days 00:00:52.265000,0 days 00:00:51.034000,0 days 00:00:40.670000,0 days 02:02:38.777000,0 days 02:03:29.811000,0 days 02:04:10.481000,173.0,104.0,93.0,259.0,False,SOFT,5.0,True,AlphaTauri,0 days 02:01:46.492000,,4,16.0,False,,False,False,20.9,63.0,1001.2,False,29.7,246,0.8,False,False,True,False,False,False,+16.883,+0.866,16.883,0.866,7450.461,143.969,,,52.265,51.034,40.67,7358.777,7409.811,7450.481,7306.492
2023,British Grand Prix,10,Great Britain,Silverstone,0 days 02:06:20.250000,DEV,21,0 days 00:02:09.789000,38.0,3.0,,Nyck De Vries,,0 days 00:00:40.556000,0 days 00:00:53.389000,0 days 00:00:35.844000,0 days 02:04:51.037000,0 days 02:05:44.426000,0 days 02:06:20.270000,278.0,161.0,252.0,216.0,False,SOFT,6.0,True,AlphaTauri,0 days 02:04:10.461000,,41,16.0,False,,False,False,20.9,63.0,1001.2,False,29.4,199,1.8,True,False,True,False,False,False,+7.265,+0.351,7.265,0.351,7580.25,129.789,,,40.556,53.389,35.844,7491.037,7544.426,7580.27,7450.461
2023,British Grand Prix,10,Great Britain,Silverstone,0 days 02:07:53.897000,DEV,21,0 days 00:01:33.647000,39.0,3.0,,Nyck De Vries,,0 days 00:00:29.475000,0 days 00:00:38.321000,0 days 00:00:25.851000,0 days 02:06:49.745000,0 days 02:07:28.066000,0 days 02:07:53.917000,308.0,259.0,248.0,308.0,False,SOFT,7.0,True,AlphaTauri,0 days 02:06:20.250000,,1,17.0,False,,False,True,21.0,64.0,1001.2,False,29.3,201,1.2,True,False,False,False,False,False,+10.510,+0.643,10.51,0.643,7673.897,93.647,,,29.475,38.321,25.851,7609.745,7648.066,7673.917,7580.25
2023,British Grand Prix,10,Great Britain,Silverstone,0 days 02:09:27.077000,DEV,21,0 days 00:01:33.180000,40.0,3.0,,Nyck De Vries,,0 days 00:00:29.488000,0 days 00:00:37.965000,0 days 00:00:25.727000,0 days 02:08:23.405000,0 days 02:09:01.370000,0 days 02:09:27.097000,297.0,257.0,247.0,310.0,False,SOFT,8.0,True,AlphaTauri,0 days 02:07:53.897000,,1,17.0,False,,False,True,21.0,63.0,1001.0,False,29.5,218,1.1,True,False,False,False,False,False,+13.217,+0.948,13.217,0.948,7767.077,93.18,,,29.488,37.965,25.727,7703.405,7741.37,7767.097,7673.897
2023,British Grand Prix,10,Great Britain,Silverstone,0 days 02:10:59.727000,DEV,21,0 days 00:01:32.650000,41.0,3.0,,Nyck De Vries,,0 days 00:00:29.600000,0 days 00:00:37.438000,0 days 00:00:25.612000,0 days 02:09:56.697000,0 days 02:10:34.135000,0 days 02:10:59.747000,305.0,263.0,248.0,334.0,False,SOFT,9.0,True,AlphaTauri,0 days 02:09:27.077000,,1,17.0,False,,False,True,21.1,62.0,1001.0,False,29.7,192,2.4,True,False,False,False,False,False,+15.179,+0.712,15.179,0.712,7859.727,92.65,,,29.6,37.438,25.612,7796.697,7834.135,7859.747,7767.077
2023,British Grand Prix,10,Great Britain,Silverstone,0 days 02:12:32.096000,DEV,21,0 days 00:01:32.369000,42.0,3.0,,Nyck De Vries,,0 days 00:00:29.334000,0 days 00:00:37.495000,0 days 00:00:25.540000,0 days 02:11:29.081000,0 days 02:12:06.576000,0 days 02:12:32.116000,321.0,261.0,249.0,333.0,True,SOFT,10.0,True,AlphaTauri,0 days 02:10:59.727000,,1,17.0,False,,False,True,21.2,61.0,1001.0,False,29.9,192,1.0,True,False,False,False,False,False,+17.225,+0.802,17.225,0.802,7952.096,92.369,,,29.334,37.495,25.54,7889.081,7926.576,7952.116,7859.727
2023,British Grand Prix,10,Great Britain,Silverstone,0 days 02:14:04.612000,DEV,21,0 days 00:01:32.516000,43.0,3.0,,Nyck De Vries,,0 days 00:00:29.348000,0 days 00:00:37.515000,0 days 00:00:25.653000,0 days 02:13:01.464000,0 days 02:13:38.979000,0 days 02:14:04.632000,320.0,259.0,248.0,329.0,False,SOFT,11.0,True,AlphaTauri,0 days 02:12:32.096000,,1,17.0,False,,False,True,21.4,61.0,1001.0,False,30.7,177,1.7,True,False,False,False,False,False,+19.254,+0.719,19.254,0.719,8044.612,92.516,,,29.348,37.515,25.653,7981.464,8018.979,8044.632,7952.096
2023,British Grand Prix,10,Great Britain,Silverstone,0 days 02:15:38.629000,DEV,21,0 days 00:01:34.017000,44.0,3.0,,Nyck De Vries,,0 days 00:00:29.335000,0 days 00:00:38.402000,0 days 00:00:26.280000,0 days 02:14:33.967000,0 days 02:15:12.369000,0 days 02:15:38.649000,317.0,255.0,247.0,308.0,False,SOFT,12.0,True,AlphaTauri,0 days 02:14:04.612000,,1,18.0,False,,False,True,21.4,57.0,1001.0,False,31.1,220,2.0,True,False,False,False,False,False,+22.540,+0.712,22.54,0.712,8138.629,94.017,,,29.335,38.402,26.28,8073.967,8112.369,8138.649,8044.612
2023,British Grand Prix,10,Great Britain,Silverstone,0 days 02:17:11.458000,DEV,21,0 days 00:01:32.829000,45.0,3.0,,Nyck De Vries,,0 days 00:00:29.474000,0 days 00:00:37.735000,0 days 00:00:25.620000,0 days 02:16:08.123000,0 days 02:16:45.858000,0 days 02:17:11.478000,318.0,259.0,248.0,326.0,False,SOFT,13.0,True,AlphaTauri,0 days 02:15:38.629000,,1,18.0,False,,False,True,21.4,57.0,1001.0,False,30.4,212,2.0,True,False,False,False,False,False,+24.090,+1.042,24.09,1.042,8231.458,92.829,,,29.474,37.735,25.62,8168.123,8205.858,8231.478,8138.629
2023,British Grand Prix,10,Great Britain,Silverstone,0 days 02:18:44.174000,DEV,21,0 days 00:01:32.716000,46.0,3.0,,Nyck De Vries,,0 days 00:00:29.466000,0 days 00:00:37.597000,0 days 00:00:25.653000,0 days 02:17:40.944000,0 days 02:18:18.541000,0 days 02:18:44.194000,301.0,260.0,246.0,309.0,False,SOFT,14.0,True,AlphaTauri,0 days 02:17:11.458000,,1,17.0,False,,False,True,21.4,57.0,1001.0,False,30.3,186,3.0,True,False,False,False,False,False,+25.650,+1.391,25.65,1.391,8324.174,92.716,,,29.466,37.597,25.653,8260.944,8298.541,8324.194,8231.458
2023,British Grand Prix,10,Great Britain,Silverstone,0 days 02:20:16.630000,DEV,21,0 days 00:01:32.456000,47.0,3.0,,Nyck De Vries,,0 days 00:00:29.449000,0 days 00:00:37.429000,0 days 00:00:25.578000,0 days 02:19:13.643000,0 days 02:19:51.072000,0 days 02:20:16.650000,304.0,258.0,246.0,310.0,False,SOFT,15.0,True,AlphaTauri,0 days 02:18:44.174000,,1,17.0,False,,False,True,21.4,59.0,1001.0,False,30.0,192,2.4,True,False,False,False,False,False,+26.922,+1.872,26.922,1.872,8416.63,92.456,,,29.449,37.429,25.578,8353.643,8391.072,8416.65,8324.174
2023,British Grand Prix,10,Great Britain,Silverstone,0 days 02:21:48.983000,DEV,21,0 days 00:01:32.353000,48.0,3.0,,Nyck De Vries,,0 days 00:00:29.401000,0 days 00:00:37.386000,0 days 00:00:25.566000,0 days 02:20:46.051000,0 days 02:21:23.437000,0 days 02:21:49.003000,302.0,259.0,247.0,304.0,True,SOFT,16.0,True,AlphaTauri,0 days 02:20:16.630000,,1,17.0,False,,False,True,21.5,57.0,1001.0,False,29.9,184,3.2,True,False,False,False,False,False,+27.973,+2.533,27.973,2.533,8508.983,92.353,,,29.401,37.386,25.566,8446.051,8483.437,8509.003,8416.63
2023,British Grand Prix,10,Great Britain,Silverstone,0 days 02:23:21.523000,DEV,21,0 days 00:01:32.540000,49.0,3.0,,Nyck De Vries,,0 days 00:00:29.496000,0 days 00:00:37.443000,0 days 00:00:25.601000,0 days 02:22:18.499000,0 days 02:22:55.942000,0 days 02:23:21.543000,303.0,258.0,248.0,309.0,False,SOFT,17.0,True,AlphaTauri,0 days 02:21:48.983000,,1,17.0,False,,False,True,21.5,54.0,1001.0,False,29.6,188,3.4,True,False,False,False,False,False,+29.237,+2.478,29.237,2.478,8601.523,92.54,,,29.496,37.443,25.601,8538.499,8575.942,8601.543,8508.983
2023,British Grand Prix,10,Great Britain,Silverstone,0 days 02:24:54.155000,DEV,21,0 days 00:01:32.632000,50.0,3.0,,Nyck De Vries,,0 days 00:00:29.460000,0 days 00:00:37.373000,0 days 00:00:25.799000,0 days 02:23:51.003000,0 days 02:24:28.376000,0 days 02:24:54.175000,303.0,258.0,246.0,305.0,False,SOFT,18.0,True,AlphaTauri,0 days 02:23:21.523000,,1,17.0,False,,False,True,21.6,54.0,1001.0,False,29.7,182,4.0,True,False,False,False,False,False,+30.551,+2.659,30.551,2.659,8694.155,92.632,,,29.46,37.373,25.799,8631.003,8668.376,8694.175,8601.523
2023,British Grand Prix,10,Great Britain,Silverstone,0 days 02:26:26.600000,DEV,21,0 days 00:01:32.445000,51.0,3.0,,Nyck De Vries,,0 days 00:00:29.385000,0 days 00:00:37.301000,0 days 00:00:25.759000,0 days 02:25:23.560000,0 days 02:26:00.861000,0 days 02:26:26.620000,302.0,259.0,247.0,305.0,False,SOFT,19.0,True,AlphaTauri,0 days 02:24:54.155000,,1,17.0,False,,False,True,21.7,54.0,1001.0,False,30.2,203,3.7,True,False,False,False,False,False,+31.608,+2.295,31.608,2.295,8786.6,92.445,,,29.385,37.301,25.759,8723.56,8760.861,8786.62,8694.155
2023,British Grand Prix,10,Great Britain,Silverstone,0 days 02:27:59.020000,DEV,21,0 days 00:01:32.420000,52.0,3.0,,Nyck De Vries,,0 days 00:00:29.390000,0 days 00:00:37.430000,0 days 00:00:25.600000,0 days 02:26:56.010000,0 days 02:27:33.440000,0 days 02:27:59.040000,303.0,260.0,247.0,309.0,False,SOFT,20.0,True,AlphaTauri,0 days 02:26:26.600000,,1,17.0,False,,False,True,21.8,52.0,1001.0,False,29.8,193,4.8,True,False,False,False,False,False,+31.683,+2.263,31.683,2.263,8879.02,92.42,,,29.39,37.43,25.6,8816.01,8853.44,8879.04,8786.6
2023,British Grand Prix,10,Great Britain,Silverstone,0 days 01:03:52.119000,TSU,22,0 days 00:01:43.165000,1.0,1.0,,Yuki Tsunoda,,,0 days 00:00:40.490000,0 days 00:00:26.535000,,0 days 01:03:25.698000,0 days 01:03:52.119000,313.0,249.0,243.0,314.0,False,SOFT,1.0,True,AlphaTauri,0 days 01:02:08.731000,,1,13.0,False,,False,False,21.4,54.0,1001.2,False,29.6,236,3.7,True,False,False,False,False,False,+6.614,+0.649,6.614,0.649,3832.119,103.165,,,,40.49,26.535,,3805.698,3832.119,3728.731
2023,British Grand Prix,10,Great Britain,Silverstone,0 days 01:05:27.371000,TSU,22,0 days 00:01:35.252000,2.0,1.0,,Yuki Tsunoda,,0 days 00:00:30.105000,0 days 00:00:38.657000,0 days 00:00:26.490000,0 days 01:04:22.224000,0 days 01:05:00.881000,0 days 01:05:27.371000,294.0,251.0,242.0,305.0,True,SOFT,2.0,True,AlphaTauri,0 days 01:03:52.119000,,1,13.0,False,,False,True,21.4,55.0,1001.4,False,29.5,191,3.2,True,False,False,False,False,False,+8.820,+0.671,8.82,0.671,3927.371,95.252,,,30.105,38.657,26.49,3862.224,3900.881,3927.371,3832.119
2023,British Grand Prix,10,Great Britain,Silverstone,0 days 01:07:01.600000,TSU,22,0 days 00:01:34.229000,3.0,1.0,,Yuki Tsunoda,,0 days 00:00:29.768000,0 days 00:00:38.439000,0 days 00:00:26.022000,0 days 01:05:57.139000,0 days 01:06:35.578000,0 days 01:07:01.600000,314.0,253.0,244.0,327.0,True,SOFT,3.0,True,AlphaTauri,0 days 01:05:27.371000,,1,13.0,False,,False,True,21.5,54.0,1001.2,False,29.4,238,3.4,True,False,False,False,False,False,+9.818,+0.823,9.818,0.823,4021.6,94.229,,,29.768,38.439,26.022,3957.139,3995.578,4021.6,3927.371
2023,British Grand Prix,10,Great Britain,Silverstone,0 days 01:08:35.962000,TSU,22,0 days 00:01:34.362000,4.0,1.0,,Yuki Tsunoda,,0 days 00:00:29.726000,0 days 00:00:38.515000,0 days 00:00:26.121000,0 days 01:07:31.326000,0 days 01:08:09.841000,0 days 01:08:35.962000,312.0,252.0,243.0,305.0,False,SOFT,4.0,True,AlphaTauri,0 days 01:07:01.600000,,1,13.0,False,,False,True,21.4,55.0,1001.2,False,29.4,188,3.2,True,False,False,False,False,False,+11.459,+1.208,11.459,1.208,4115.962,94.362,,,29.726,38.515,26.121,4051.326,4089.841,4115.962,4021.6
2023,British Grand Prix,10,Great Britain,Silverstone,0 days 01:10:10.419000,TSU,22,0 days 00:01:34.457000,5.0,1.0,,Yuki Tsunoda,,0 days 00:00:29.859000,0 days 00:00:38.422000,0 days 00:00:26.176000,0 days 01:09:05.821000,0 days 01:09:44.243000,0 days 01:10:10.419000,296.0,252.0,243.0,301.0,False,SOFT,5.0,True,AlphaTauri,0 days 01:08:35.962000,,1,13.0,False,,False,True,21.4,55.0,1001.2,False,29.3,221,3.4,True,False,False,False,False,False,+12.738,+1.744,12.738,1.744,4210.419,94.457,,,29.859,38.422,26.176,4145.821,4184.243,4210.419,4115.962
2023,British Grand Prix,10,Great Britain,Silverstone,0 days 01:11:45.792000,TSU,22,0 days 00:01:35.373000,6.0,1.0,,Yuki Tsunoda,,0 days 00:00:29.990000,0 days 00:00:38.340000,0 days 00:00:27.043000,0 days 01:10:40.409000,0 days 01:11:18.749000,0 days 01:11:45.792000,296.0,254.0,242.0,302.0,False,SOFT,6.0,True,AlphaTauri,0 days 01:10:10.419000,,1,14.0,False,,False,True,21.5,55.0,1001.4,False,29.4,193,3.2,True,False,False,False,False,False,+15.031,+0.822,15.031,0.822,4305.792,95.373,,,29.99,38.34,27.043,4240.409,4278.749,4305.792,4210.419
2023,British Grand Prix,10,Great Britain,Silverstone,0 days 01:13:20.363000,TSU,22,0 days 00:01:34.571000,7.0,1.0,,Yuki Tsunoda,,0 days 00:00:29.982000,0 days 00:00:38.330000,0 days 00:00:26.259000,0 days 01:12:15.774000,0 days 01:12:54.104000,0 days 01:13:20.363000,311.0,252.0,242.0,305.0,False,SOFT,7.0,True,AlphaTauri,0 days 01:11:45.792000,,1,14.0,False,,False,True,21.4,54.0,1001.2,False,29.3,198,4.0,True,False,False,False,False,False,+16.590,+1.512,16.59,1.512,4400.363,94.571,,,29.982,38.33,26.259,4335.774,4374.104,4400.363,4305.792
2023,British Grand Prix,10,Great Britain,Silverstone,0 days 01:14:54.849000,TSU,22,0 days 00:01:34.486000,8.0,1.0,,Yuki Tsunoda,,0 days 00:00:30.116000,0 days 00:00:38.235000,0 days 00:00:26.135000,0 days 01:13:50.479000,0 days 01:14:28.714000,0 days 01:14:54.849000,295.0,253.0,243.0,304.0,False,SOFT,8.0,True,AlphaTauri,0 days 01:13:20.363000,,1,14.0,False,,False,True,21.5,55.0,1001.4,False,29.1,201,3.5,True,False,False,False,False,False,+18.159,+2.404,18.159,2.404,4494.849,94.486,,,30.116,38.235,26.135,4430.479,4468.714,4494.849,4400.363
2023,British Grand Prix,10,Great Britain,Silverstone,0 days 01:16:29.084000,TSU,22,0 days 00:01:34.235000,9.0,1.0,,Yuki Tsunoda,,0 days 00:00:30.041000,0 days 00:00:37.934000,0 days 00:00:26.260000,0 days 01:15:24.890000,0 days 01:16:02.824000,0 days 01:16:29.084000,295.0,254.0,244.0,304.0,False,SOFT,9.0,True,AlphaTauri,0 days 01:14:54.849000,,1,14.0,False,,False,True,21.4,55.0,1001.2,False,29.1,185,3.4,True,False,False,False,False,False,+19.575,+3.397,19.575,3.397,4589.084,94.235,,,30.041,37.934,26.26,4524.89,4562.824,4589.084,4494.849
2023,British Grand Prix,10,Great Britain,Silverstone,0 days 01:18:03.257000,TSU,22,0 days 00:01:34.173000,10.0,1.0,,Yuki Tsunoda,,0 days 00:00:29.987000,0 days 00:00:37.939000,0 days 00:00:26.247000,0 days 01:16:59.071000,0 days 01:17:37.010000,0 days 01:18:03.257000,295.0,253.0,244.0,300.0,True,SOFT,10.0,True,AlphaTauri,0 days 01:16:29.084000,,1,13.0,False,,False,True,21.3,55.0,1001.2,False,29.2,202,3.7,True,False,False,False,False,False,+21.156,+4.196,21.156,4.196,4683.257,94.173,,,29.987,37.939,26.247,4619.071,4657.01,4683.257,4589.084
2023,British Grand Prix,10,Great Britain,Silverstone,0 days 01:19:37.342000,TSU,22,0 days 00:01:34.085000,11.0,1.0,,Yuki Tsunoda,,0 days 00:00:29.919000,0 days 00:00:37.914000,0 days 00:00:26.252000,0 days 01:18:33.176000,0 days 01:19:11.090000,0 days 01:19:37.342000,294.0,254.0,244.0,300.0,True,SOFT,11.0,True,AlphaTauri,0 days 01:18:03.257000,,1,13.0,False,,False,True,21.4,55.0,1001.2,False,29.2,203,3.2,True,False,False,False,False,False,+22.672,+4.741,22.672,4.741,4777.342,94.085,,,29.919,37.914,26.252,4713.176,4751.09,4777.342,4683.257
2023,British Grand Prix,10,Great Britain,Silverstone,0 days 01:21:11.579000,TSU,22,0 days 00:01:34.237000,12.0,1.0,,Yuki Tsunoda,,0 days 00:00:30.064000,0 days 00:00:37.865000,0 days 00:00:26.308000,0 days 01:20:07.406000,0 days 01:20:45.271000,0 days 01:21:11.579000,294.0,253.0,243.0,297.0,False,SOFT,12.0,True,AlphaTauri,0 days 01:19:37.342000,,1,13.0,False,,False,True,21.3,55.0,1001.2,False,29.1,187,4.5,True,False,False,False,False,False,+24.222,+4.789,24.222,4.789,4871.579,94.237,,,30.064,37.865,26.308,4807.406,4845.271,4871.579,4777.342
2023,British Grand Prix,10,Great Britain,Silverstone,0 days 01:22:46.012000,TSU,22,0 days 00:01:34.433000,13.0,1.0,,Yuki Tsunoda,,0 days 00:00:30.153000,0 days 00:00:38.017000,0 days 00:00:26.263000,0 days 01:21:41.732000,0 days 01:22:19.749000,0 days 01:22:46.012000,293.0,253.0,244.0,296.0,False,SOFT,13.0,True,AlphaTauri,0 days 01:21:11.579000,,1,13.0,False,,False,True,21.4,56.0,1001.2,False,28.9,189,4.3,True,False,False,False,False,False,+25.966,+4.915,25.966,4.915,4966.012,94.433,,,30.153,38.017,26.263,4901.732,4939.749,4966.012,4871.579
2023,British Grand Prix,10,Great Britain,Silverstone,0 days 01:24:20.781000,TSU,22,0 days 00:01:34.769000,14.0,1.0,,Yuki Tsunoda,0 days 01:24:14.879000,0 days 00:00:30.642000,0 days 00:00:38.861000,0 days 00:00:25.266000,0 days 01:23:16.654000,0 days 01:23:55.515000,0 days 01:24:20.781000,292.0,254.0,,315.0,False,SOFT,14.0,True,AlphaTauri,0 days 01:22:46.012000,,1,14.0,False,,False,False,21.4,58.0,1001.5,False,28.7,191,3.7,True,False,False,False,False,False,+28.279,+1.252,28.279,1.252,5060.781,94.769,5054.879,,30.642,38.861,25.266,4996.654,5035.515,5060.781,4966.012
2023,British Grand Prix,10,Great Britain,Silverstone,0 days 01:26:15.425000,TSU,22,0 days 00:01:54.644000,15.0,2.0,0 days 01:24:43.191000,Yuki Tsunoda,,0 days 00:00:50.605000,0 days 00:00:38.158000,0 days 00:00:25.881000,0 days 01:25:11.386000,0 days 01:25:49.544000,0 days 01:26:15.425000,288.0,253.0,245.0,295.0,False,HARD,1.0,True,AlphaTauri,0 days 01:24:20.781000,,1,18.0,False,,False,False,20.9,61.0,1001.5,False,27.7,255,2.5,True,False,False,False,False,False,+49.362,+13.511,49.362,13.511,5175.425,114.644,,5083.191,50.605,38.158,25.881,5111.386,5149.544,5175.425,5060.781
2023,British Grand Prix,10,Great Britain,Silverstone,0 days 01:27:48.483000,TSU,22,0 days 00:01:33.058000,16.0,2.0,,Yuki Tsunoda,,0 days 00:00:29.735000,0 days 00:00:37.674000,0 days 00:00:25.649000,0 days 01:26:45.160000,0 days 01:27:22.834000,0 days 01:27:48.483000,290.0,254.0,246.0,299.0,True,HARD,2.0,True,AlphaTauri,0 days 01:26:15.425000,,1,18.0,False,,False,True,20.5,63.0,1001.5,False,27.8,241,1.8,True,False,False,False,False,False,+49.607,+11.999,49.607,11.999,5268.483,93.058,,,29.735,37.674,25.649,5205.16,5242.834,5268.483,5175.425
2023,British Grand Prix,10,Great Britain,Silverstone,0 days 01:29:21.435000,TSU,22,0 days 00:01:32.952000,17.0,2.0,,Yuki Tsunoda,,0 days 00:00:29.751000,0 days 00:00:37.423000,0 days 00:00:25.778000,0 days 01:28:18.234000,0 days 01:28:55.657000,0 days 01:29:21.435000,290.0,254.0,245.0,298.0,True,HARD,3.0,True,AlphaTauri,0 days 01:27:48.483000,,1,18.0,False,,False,True,20.1,63.0,1001.4,False,27.9,222,2.2,True,False,False,False,False,False,+49.948,+10.717,49.948,10.717,5361.435,92.952,,,29.751,37.423,25.778,5298.234,5335.657,5361.435,5268.483
2023,British Grand Prix,10,Great Britain,Silverstone,0 days 01:30:54.529000,TSU,22,0 days 00:01:33.094000,18.0,2.0,,Yuki Tsunoda,,0 days 00:00:29.777000,0 days 00:00:37.417000,0 days 00:00:25.900000,0 days 01:29:51.212000,0 days 01:30:28.629000,0 days 01:30:54.529000,289.0,253.0,245.0,298.0,False,HARD,4.0,True,AlphaTauri,0 days 01:29:21.435000,,1,18.0,False,,False,True,20.1,64.0,1001.5,False,28.3,229,2.4,True,False,False,False,False,False,+50.540,+9.974,50.54,9.974,5454.529,93.094,,,29.777,37.417,25.9,5391.212,5428.629,5454.529,5361.435
2023,British Grand Prix,10,Great Britain,Silverstone,0 days 01:32:27.953000,TSU,22,0 days 00:01:33.424000,19.0,2.0,,Yuki Tsunoda,,0 days 00:00:29.926000,0 days 00:00:37.630000,0 days 00:00:25.868000,0 days 01:31:24.455000,0 days 01:32:02.085000,0 days 01:32:27.953000,292.0,254.0,246.0,301.0,False,HARD,5.0,True,AlphaTauri,0 days 01:30:54.529000,,1,18.0,False,,False,True,20.1,64.0,1001.4,False,28.9,239,3.4,True,False,False,False,False,False,+51.598,+9.205,51.598,9.205,5547.953,93.424,,,29.926,37.63,25.868,5484.455,5522.085,5547.953,5454.529
2023,British Grand Prix,10,Great Britain,Silverstone,0 days 01:34:01.234000,TSU,22,0 days 00:01:33.281000,20.0,2.0,,Yuki Tsunoda,,0 days 00:00:29.873000,0 days 00:00:37.591000,0 days 00:00:25.817000,0 days 01:32:57.826000,0 days 01:33:35.417000,0 days 01:34:01.234000,291.0,253.0,246.0,300.0,False,HARD,6.0,True,AlphaTauri,0 days 01:32:27.953000,,1,18.0,False,,False,True,20.3,64.0,1001.2,False,29.3,217,2.7,True,False,False,False,False,False,+52.599,+8.512,52.599,8.512,5641.234,93.281,,,29.873,37.591,25.817,5577.826,5615.417,5641.234,5547.953
2023,British Grand Prix,10,Great Britain,Silverstone,0 days 01:35:34.423000,TSU,22,0 days 00:01:33.189000,21.0,2.0,,Yuki Tsunoda,,0 days 00:00:29.891000,0 days 00:00:37.549000,0 days 00:00:25.749000,0 days 01:34:31.125000,0 days 01:35:08.674000,0 days 01:35:34.423000,290.0,253.0,246.0,300.0,False,HARD,7.0,True,AlphaTauri,0 days 01:34:01.234000,,1,18.0,False,,False,True,20.2,64.0,1001.4,False,29.4,206,2.0,True,False,False,False,False,False,+53.307,+7.569,53.307,7.569,5734.423,93.189,,,29.891,37.549,25.749,5671.125,5708.674,5734.423,5641.234
2023,British Grand Prix,10,Great Britain,Silverstone,0 days 01:37:07.427000,TSU,22,0 days 00:01:33.004000,22.0,2.0,,Yuki Tsunoda,,0 days 00:00:29.825000,0 days 00:00:37.520000,0 days 00:00:25.659000,0 days 01:36:04.248000,0 days 01:36:41.768000,0 days 01:37:07.427000,290.0,253.0,246.0,300.0,False,HARD,8.0,True,AlphaTauri,0 days 01:35:34.423000,,1,18.0,False,,False,True,20.0,64.0,1001.2,False,29.6,222,1.7,True,False,False,False,False,False,+54.126,+6.619,54.126,6.619,5827.427,93.004,,,29.825,37.52,25.659,5764.248,5801.768,5827.427,5734.423
2023,British Grand Prix,10,Great Britain,Silverstone,0 days 01:38:40.525000,TSU,22,0 days 00:01:33.098000,23.0,2.0,,Yuki Tsunoda,,0 days 00:00:29.835000,0 days 00:00:37.476000,0 days 00:00:25.787000,0 days 01:37:37.262000,0 days 01:38:14.738000,0 days 01:38:40.525000,291.0,255.0,246.0,301.0,False,HARD,9.0,True,AlphaTauri,0 days 01:37:07.427000,,1,18.0,False,,False,True,20.2,64.0,1001.4,False,29.6,204,2.5,True,False,False,False,False,False,+54.946,+5.719,54.946,5.719,5920.525,93.098,,,29.835,37.476,25.787,5857.262,5894.738,5920.525,5827.427
2023,British Grand Prix,10,Great Britain,Silverstone,0 days 01:40:13.730000,TSU,22,0 days 00:01:33.205000,24.0,2.0,,Yuki Tsunoda,,0 days 00:00:29.931000,0 days 00:00:37.591000,0 days 00:00:25.683000,0 days 01:39:10.456000,0 days 01:39:48.047000,0 days 01:40:13.730000,288.0,254.0,246.0,303.0,False,HARD,10.0,True,AlphaTauri,0 days 01:38:40.525000,,1,18.0,False,,False,True,20.4,63.0,1001.4,False,29.7,202,1.3,True,False,False,False,False,False,+55.808,+5.008,55.808,5.008,6013.73,93.205,,,29.931,37.591,25.683,5950.456,5988.047,6013.73,5920.525
2023,British Grand Prix,10,Great Britain,Silverstone,0 days 01:41:46.954000,TSU,22,0 days 00:01:33.224000,25.0,2.0,,Yuki Tsunoda,,0 days 00:00:29.895000,0 days 00:00:37.664000,0 days 00:00:25.665000,0 days 01:40:43.625000,0 days 01:41:21.289000,0 days 01:41:46.954000,290.0,256.0,247.0,301.0,False,HARD,11.0,True,AlphaTauri,0 days 01:40:13.730000,,1,17.0,False,,False,True,20.5,62.0,1001.4,False,31.4,240,1.1,True,False,False,False,False,False,+56.737,+4.195,56.737,4.195,6106.954,93.224,,,29.895,37.664,25.665,6043.625,6081.289,6106.954,6013.73
2023,British Grand Prix,10,Great Britain,Silverstone,0 days 01:43:20.273000,TSU,22,0 days 00:01:33.319000,26.0,2.0,,Yuki Tsunoda,,0 days 00:00:29.958000,0 days 00:00:37.671000,0 days 00:00:25.690000,0 days 01:42:16.912000,0 days 01:42:54.583000,0 days 01:43:20.273000,291.0,253.0,247.0,302.0,False,HARD,12.0,True,AlphaTauri,0 days 01:41:46.954000,,1,17.0,False,,False,True,20.5,63.0,1001.4,False,31.7,220,2.0,True,False,False,False,False,False,+57.754,+3.422,57.754,3.422,6200.273,93.319,,,29.958,37.671,25.69,6136.912,6174.583,6200.273,6106.954
2023,British Grand Prix,10,Great Britain,Silverstone,0 days 01:44:53.691000,TSU,22,0 days 00:01:33.418000,27.0,2.0,,Yuki Tsunoda,,0 days 00:00:29.986000,0 days 00:00:37.807000,0 days 00:00:25.625000,0 days 01:43:50.259000,0 days 01:44:28.066000,0 days 01:44:53.691000,290.0,254.0,247.0,302.0,False,HARD,13.0,True,AlphaTauri,0 days 01:43:20.273000,,1,17.0,False,,False,True,20.8,62.0,1001.4,False,32.4,209,1.2,True,False,False,False,False,False,+59.060,+2.878,59.06,2.878,6293.691,93.418,,,29.986,37.807,25.625,6230.259,6268.066,6293.691,6200.273
2023,British Grand Prix,10,Great Britain,Silverstone,0 days 01:46:26.966000,TSU,22,0 days 00:01:33.275000,28.0,2.0,,Yuki Tsunoda,,0 days 00:00:29.880000,0 days 00:00:37.676000,0 days 00:00:25.719000,0 days 01:45:23.571000,0 days 01:46:01.247000,0 days 01:46:26.966000,294.0,253.0,247.0,304.0,False,HARD,14.0,True,AlphaTauri,0 days 01:44:53.691000,,1,16.0,False,,False,True,20.8,62.0,1001.4,False,32.8,192,2.2,True,False,False,False,False,False,+60.120,+2.393,60.12,2.393,6386.966,93.275,,,29.88,37.676,25.719,6323.571,6361.247,6386.966,6293.691
2023,British Grand Prix,10,Great Britain,Silverstone,0 days 01:48:00.084000,TSU,22,0 days 00:01:33.118000,29.0,2.0,,Yuki Tsunoda,,0 days 00:00:29.929000,0 days 00:00:37.597000,0 days 00:00:25.592000,0 days 01:46:56.895000,0 days 01:47:34.492000,0 days 01:48:00.084000,292.0,255.0,247.0,304.0,False,HARD,15.0,True,AlphaTauri,0 days 01:46:26.966000,,1,16.0,False,,False,True,21.0,61.0,1001.4,False,33.3,212,1.6,True,False,False,False,False,False,+60.961,+2.174,60.961,2.174,6480.084,93.118,,,29.929,37.597,25.592,6416.895,6454.492,6480.084,6386.966
2023,British Grand Prix,10,Great Britain,Silverstone,0 days 01:49:33.295000,TSU,22,0 days 00:01:33.211000,30.0,2.0,,Yuki Tsunoda,,0 days 00:00:29.940000,0 days 00:00:37.599000,0 days 00:00:25.672000,0 days 01:48:30.024000,0 days 01:49:07.623000,0 days 01:49:33.295000,292.0,256.0,247.0,305.0,False,HARD,16.0,True,AlphaTauri,0 days 01:48:00.084000,,1,15.0,False,,False,True,21.0,61.0,1001.4,False,32.7,195,1.8,True,False,False,False,False,False,+61.835,+1.900,61.835,1.9,6573.295,93.211,,,29.94,37.599,25.672,6510.024,6547.623,6573.295,6480.084
2023,British Grand Prix,10,Great Britain,Silverstone,0 days 01:51:06.574000,TSU,22,0 days 00:01:33.279000,31.0,2.0,,Yuki Tsunoda,,0 days 00:00:30.026000,0 days 00:00:37.617000,0 days 00:00:25.636000,0 days 01:50:03.321000,0 days 01:50:40.938000,0 days 01:51:06.574000,291.0,255.0,247.0,306.0,False,HARD,17.0,True,AlphaTauri,0 days 01:49:33.295000,,1,15.0,False,,False,True,21.0,62.0,1001.4,False,31.4,235,2.2,True,False,False,False,False,False,+62.726,+1.715,62.726,1.715,6666.574,93.279,,,30.026,37.617,25.636,6603.321,6640.938,6666.574,6573.295
2023,British Grand Prix,10,Great Britain,Silverstone,0 days 01:52:53.653000,TSU,22,0 days 00:01:47.079000,32.0,2.0,,Yuki Tsunoda,0 days 01:52:47.743000,0 days 00:00:29.993000,0 days 00:00:47.773000,0 days 00:00:29.313000,0 days 01:51:36.567000,0 days 01:52:24.340000,0 days 01:52:53.653000,295.0,226.0,,245.0,False,HARD,18.0,True,AlphaTauri,0 days 01:51:06.574000,,126,13.0,False,,False,False,21.0,62.0,1001.2,False,31.4,197,2.5,True,True,False,False,True,False,+77.749,+3.088,77.749,3.088,6773.653,107.079,6767.743,,29.993,47.773,29.313,6696.567,6744.34,6773.653,6666.574
2023,British Grand Prix,10,Great Britain,Silverstone,0 days 01:55:19.516000,TSU,22,0 days 00:02:25.863000,33.0,3.0,0 days 01:53:16.352000,Yuki Tsunoda,,0 days 00:01:02.610000,0 days 00:00:48.455000,0 days 00:00:34.798000,0 days 01:53:56.263000,0 days 01:54:44.718000,0 days 01:55:19.516000,191.0,203.0,181.0,131.0,False,SOFT,1.0,True,AlphaTauri,0 days 01:52:53.653000,,64,16.0,False,,False,False,21.0,63.0,1001.2,False,30.6,226,1.2,False,False,True,False,True,False,+100.646,+1.485,100.646,1.485,6919.516,145.863,,6796.352,62.61,48.455,34.798,6836.263,6884.718,6919.516,6773.653
2023,British Grand Prix,10,Great Britain,Silverstone,0 days 01:57:26.553000,TSU,22,0 days 00:02:07.037000,34.0,3.0,,Yuki Tsunoda,,0 days 00:00:42.901000,0 days 00:00:50.853000,0 days 00:00:33.283000,0 days 01:56:02.417000,0 days 01:56:53.270000,0 days 01:57:26.553000,146.0,167.0,170.0,144.0,False,SOFT,2.0,True,AlphaTauri,0 days 01:55:19.516000,,4,15.0,False,,False,False,20.9,62.0,1001.2,False,30.3,190,1.8,False,False,True,False,False,False,+53.413,+8.750,53.413,8.75,7046.553,127.037,,,42.901,50.853,33.283,6962.417,7013.27,7046.553,6919.516
2023,British Grand Prix,10,Great Britain,Silverstone,0 days 01:59:20.772000,TSU,22,0 days 00:01:54.219000,35.0,3.0,,Yuki Tsunoda,,0 days 00:00:36.295000,0 days 00:00:42.248000,0 days 00:00:35.676000,0 days 01:58:02.848000,0 days 01:58:45.096000,0 days 01:59:20.772000,218.0,242.0,83.0,276.0,False,SOFT,3.0,True,AlphaTauri,0 days 01:57:26.553000,,4,15.0,False,,False,False,21.0,62.0,1001.2,False,30.1,247,1.7,False,False,True,False,False,False,+18.157,+1.837,18.157,1.837,7160.772,114.219,,,36.295,42.248,35.676,7082.848,7125.096,7160.772,7046.553
2023,British Grand Prix,10,Great Britain,Silverstone,0 days 02:01:45.612000,TSU,22,0 days 00:02:24.840000,36.0,3.0,,Yuki Tsunoda,,0 days 00:00:54.813000,0 days 00:00:51.034000,0 days 00:00:38.993000,0 days 02:00:15.585000,0 days 02:01:06.619000,0 days 02:01:45.612000,186.0,90.0,212.0,242.0,False,SOFT,4.0,True,AlphaTauri,0 days 01:59:20.772000,,4,16.0,False,,False,False,20.8,63.0,1001.2,False,29.8,217,1.5,False,False,True,False,False,False,+19.477,+2.212,19.477,2.212,7305.612,144.84,,,54.813,51.034,38.993,7215.585,7266.619,7305.612,7160.772
2023,British Grand Prix,10,Great Britain,Silverstone,0 days 02:04:09.130000,TSU,22,0 days 00:02:23.518000,37.0,3.0,,Yuki Tsunoda,,0 days 00:00:51.597000,0 days 00:00:51.999000,0 days 00:00:39.922000,0 days 02:02:37.209000,0 days 02:03:29.208000,0 days 02:04:09.130000,121.0,107.0,93.0,265.0,False,SOFT,5.0,True,AlphaTauri,0 days 02:01:45.612000,,4,15.0,False,,False,False,20.9,63.0,1001.2,False,29.7,246,0.8,False,False,True,False,False,False,+16.017,+1.335,16.017,1.335,7449.13,143.518,,,51.597,51.999,39.922,7357.209,7409.208,7449.13,7305.612
2023,British Grand Prix,10,Great Britain,Silverstone,0 days 02:06:19.880000,TSU,22,0 days 00:02:10.750000,38.0,3.0,,Yuki Tsunoda,,0 days 00:00:40.578000,0 days 00:00:53.593000,0 days 00:00:36.579000,0 days 02:04:49.708000,0 days 02:05:43.301000,0 days 02:06:19.880000,277.0,177.0,253.0,211.0,False,SOFT,6.0,True,AlphaTauri,0 days 02:04:09.130000,,41,15.0,False,,False,False,20.9,63.0,1001.2,False,29.4,199,1.8,True,False,True,False,False,False,+6.914,+0.395,6.914,0.395,7579.88,130.75,,,40.578,53.593,36.579,7489.708,7543.301,7579.88,7449.13
2023,British Grand Prix,10,Great Britain,Silverstone,0 days 02:07:52.762000,TSU,22,0 days 00:01:32.882000,39.0,3.0,,Yuki Tsunoda,,0 days 00:00:29.280000,0 days 00:00:37.783000,0 days 00:00:25.819000,0 days 02:06:49.160000,0 days 02:07:26.943000,0 days 02:07:52.762000,311.0,259.0,247.0,310.0,True,SOFT,7.0,True,AlphaTauri,0 days 02:06:19.880000,,1,15.0,False,,False,True,21.0,64.0,1001.2,False,29.3,201,1.2,True,False,False,False,False,False,+9.391,+0.623,9.391,0.623,7672.762,92.882,,,29.28,37.783,25.819,7609.16,7646.943,7672.762,7579.88
2023,British Grand Prix,10,Great Britain,Silverstone,0 days 02:09:25.694000,TSU,22,0 days 00:01:32.932000,40.0,3.0,,Yuki Tsunoda,,0 days 00:00:29.480000,0 days 00:00:37.484000,0 days 00:00:25.968000,0 days 02:08:22.242000,0 days 02:08:59.726000,0 days 02:09:25.694000,299.0,259.0,249.0,313.0,False,SOFT,8.0,True,AlphaTauri,0 days 02:07:52.762000,,1,15.0,False,,False,True,21.0,63.0,1001.0,False,29.5,218,1.1,True,False,False,False,False,False,+11.834,+0.542,11.834,0.542,7765.694,92.932,,,29.48,37.484,25.968,7702.242,7739.726,7765.694,7672.762
2023,British Grand Prix,10,Great Britain,Silverstone,0 days 02:10:59.015000,TSU,22,0 days 00:01:33.321000,41.0,3.0,,Yuki Tsunoda,,0 days 00:00:29.282000,0 days 00:00:38.520000,0 days 00:00:25.519000,0 days 02:09:54.976000,0 days 02:10:33.496000,0 days 02:10:59.015000,323.0,260.0,248.0,330.0,False,SOFT,9.0,True,AlphaTauri,0 days 02:09:25.694000,,1,16.0,False,,False,True,21.1,62.0,1001.0,False,29.7,192,2.4,True,False,False,False,False,False,+14.467,+0.782,14.467,0.782,7859.015,93.321,,,29.282,38.52,25.519,7794.976,7833.496,7859.015,7765.694
2023,British Grand Prix,10,Great Britain,Silverstone,0 days 02:12:31.321000,TSU,22,0 days 00:01:32.306000,42.0,3.0,,Yuki Tsunoda,,0 days 00:00:29.231000,0 days 00:00:37.401000,0 days 00:00:25.674000,0 days 02:11:28.246000,0 days 02:12:05.647000,0 days 02:12:31.321000,320.0,257.0,248.0,330.0,True,SOFT,10.0,True,AlphaTauri,0 days 02:10:59.015000,,1,16.0,False,,False,True,21.2,61.0,1001.0,False,29.9,192,1.0,True,False,False,False,False,False,+16.423,+0.941,16.423,0.941,7951.321,92.306,,,29.231,37.401,25.674,7888.246,7925.647,7951.321,7859.015
2023,British Grand Prix,10,Great Britain,Silverstone,0 days 02:14:03.893000,TSU,22,0 days 00:01:32.572000,43.0,3.0,,Yuki Tsunoda,,0 days 00:00:29.334000,0 days 00:00:37.382000,0 days 00:00:25.856000,0 days 02:13:00.655000,0 days 02:13:38.037000,0 days 02:14:03.893000,319.0,255.0,248.0,311.0,False,SOFT,11.0,True,AlphaTauri,0 days 02:12:31.321000,,1,16.0,False,,False,True,21.4,61.0,1001.0,False,30.7,177,1.7,True,False,False,False,False,False,+18.535,+1.238,18.535,1.238,8043.893,92.572,,,29.334,37.382,25.856,7980.655,8018.037,8043.893,7951.321
2023,British Grand Prix,10,Great Britain,Silverstone,0 days 02:15:36.427000,TSU,22,0 days 00:01:32.534000,44.0,3.0,,Yuki Tsunoda,,0 days 00:00:29.467000,0 days 00:00:37.416000,0 days 00:00:25.651000,0 days 02:14:33.360000,0 days 02:15:10.776000,0 days 02:15:36.427000,300.0,257.0,247.0,311.0,False,SOFT,12.0,True,AlphaTauri,0 days 02:14:03.893000,,1,16.0,False,,False,True,21.4,57.0,1001.0,False,31.1,220,2.0,True,False,False,False,False,False,+20.361,+1.337,20.361,1.337,8136.427,92.534,,,29.467,37.416,25.651,8073.36,8110.776,8136.427,8043.893
2023,British Grand Prix,10,Great Britain,Silverstone,0 days 02:17:08.921000,TSU,22,0 days 00:01:32.494000,45.0,3.0,,Yuki Tsunoda,,0 days 00:00:29.489000,0 days 00:00:37.370000,0 days 00:00:25.635000,0 days 02:16:05.916000,0 days 02:16:43.286000,0 days 02:17:08.921000,304.0,260.0,247.0,310.0,False,SOFT,13.0,True,AlphaTauri,0 days 02:15:36.427000,,1,16.0,False,,False,True,21.4,57.0,1001.0,False,30.4,212,2.0,True,False,False,False,False,False,+21.586,+1.458,21.586,1.458,8228.921,92.494,,,29.489,37.37,25.635,8165.916,8203.286,8228.921,8136.427
2023,British Grand Prix,10,Great Britain,Silverstone,0 days 02:18:41.456000,TSU,22,0 days 00:01:32.535000,46.0,3.0,,Yuki Tsunoda,,0 days 00:00:29.434000,0 days 00:00:37.544000,0 days 00:00:25.557000,0 days 02:17:38.355000,0 days 02:18:15.899000,0 days 02:18:41.456000,304.0,259.0,248.0,311.0,False,SOFT,14.0,True,AlphaTauri,0 days 02:17:08.921000,,1,15.0,False,,False,True,21.4,57.0,1001.0,False,30.3,186,3.0,True,False,False,False,False,False,+22.994,+1.242,22.994,1.242,8321.456,92.535,,,29.434,37.544,25.557,8258.355,8295.899,8321.456,8228.921
2023,British Grand Prix,10,Great Britain,Silverstone,0 days 02:20:13.747000,TSU,22,0 days 00:01:32.291000,47.0,3.0,,Yuki Tsunoda,,0 days 00:00:29.342000,0 days 00:00:37.384000,0 days 00:00:25.565000,0 days 02:19:10.798000,0 days 02:19:48.182000,0 days 02:20:13.747000,305.0,256.0,247.0,311.0,True,SOFT,15.0,True,AlphaTauri,0 days 02:18:41.456000,,1,15.0,False,,False,True,21.4,59.0,1001.0,False,30.0,192,2.4,True,False,False,False,False,False,+24.137,+1.432,24.137,1.432,8413.747,92.291,,,29.342,37.384,25.565,8350.798,8388.182,8413.747,8321.456
2023,British Grand Prix,10,Great Britain,Silverstone,0 days 02:21:45.831000,TSU,22,0 days 00:01:32.084000,48.0,3.0,,Yuki Tsunoda,,0 days 00:00:29.292000,0 days 00:00:37.265000,0 days 00:00:25.527000,0 days 02:20:43.039000,0 days 02:21:20.304000,0 days 02:21:45.831000,303.0,257.0,247.0,309.0,True,SOFT,16.0,True,AlphaTauri,0 days 02:20:13.747000,,1,15.0,False,,False,True,21.5,57.0,1001.0,False,29.9,184,3.2,True,False,False,False,False,False,+24.788,+1.486,24.788,1.486,8505.831,92.084,,,29.292,37.265,25.527,8443.039,8480.304,8505.831,8413.747
2023,British Grand Prix,10,Great Britain,Silverstone,0 days 02:23:18.335000,TSU,22,0 days 00:01:32.504000,49.0,3.0,,Yuki Tsunoda,,0 days 00:00:29.451000,0 days 00:00:37.416000,0 days 00:00:25.637000,0 days 02:22:15.282000,0 days 02:22:52.698000,0 days 02:23:18.335000,301.0,256.0,248.0,308.0,False,SOFT,17.0,True,AlphaTauri,0 days 02:21:45.831000,,1,15.0,False,,False,True,21.5,54.0,1001.0,False,29.6,188,3.4,True,False,False,False,False,False,+26.107,+1.880,26.107,1.88,8598.335,92.504,,,29.451,37.416,25.637,8535.282,8572.698,8598.335,8505.831
2023,British Grand Prix,10,Great Britain,Silverstone,0 days 02:24:51.125000,TSU,22,0 days 00:01:32.790000,50.0,3.0,,Yuki Tsunoda,,0 days 00:00:29.394000,0 days 00:00:37.382000,0 days 00:00:26.014000,0 days 02:23:47.729000,0 days 02:24:25.111000,0 days 02:24:51.125000,301.0,258.0,247.0,309.0,False,SOFT,18.0,True,AlphaTauri,0 days 02:23:18.335000,,1,15.0,False,,False,True,21.6,54.0,1001.0,False,29.7,182,4.0,True,False,False,False,False,False,+27.567,+2.525,27.567,2.525,8691.125,92.79,,,29.394,37.382,26.014,8627.729,8665.111,8691.125,8598.335
2023,British Grand Prix,10,Great Britain,Silverstone,0 days 02:26:24.337000,TSU,22,0 days 00:01:33.212000,51.0,3.0,,Yuki Tsunoda,,0 days 00:00:29.404000,0 days 00:00:37.220000,0 days 00:00:26.588000,0 days 02:25:20.529000,0 days 02:25:57.749000,0 days 02:26:24.337000,298.0,259.0,246.0,307.0,False,SOFT,19.0,True,AlphaTauri,0 days 02:24:51.125000,,1,16.0,False,,False,True,21.7,54.0,1001.0,False,30.2,203,3.7,True,False,False,False,False,False,+29.420,+0.739,29.42,0.739,8784.337,93.212,,,29.404,37.22,26.588,8720.529,8757.749,8784.337,8691.125
2023,British Grand Prix,10,Great Britain,Silverstone,0 days 02:27:57.117000,TSU,22,0 days 00:01:32.780000,52.0,3.0,,Yuki Tsunoda,,0 days 00:00:29.493000,0 days 00:00:37.679000,0 days 00:00:25.608000,0 days 02:26:53.830000,0 days 02:27:31.509000,0 days 02:27:57.117000,317.0,258.0,248.0,310.0,False,SOFT,20.0,True,AlphaTauri,0 days 02:26:24.337000,,1,16.0,False,,False,True,21.8,52.0,1001.0,False,29.8,193,4.8,True,False,False,False,False,False,+29.420,+0.739,29.42,0.739,8877.117,92.78,,,29.493,37.679,25.608,8813.83,8851.509,8877.117,8784.337
2023,British Grand Prix,10,Great Britain,Silverstone,0 days 01:03:50.318000,ALB,23,0 days 00:01:41.364000,1.0,1.0,,Alexander Albon,,,0 days 00:00:39.814000,0 days 00:00:26.347000,,0 days 01:03:24.135000,0 days 01:03:50.432000,301.0,252.0,245.0,308.0,False,MEDIUM,1.0,True,Williams,0 days 01:02:08.731000,,1,10.0,False,,False,False,21.4,54.0,1001.2,False,29.6,236,3.7,True,False,False,False,False,False,+4.813,+0.350,4.813,0.35,3830.318,101.364,,,,39.814,26.347,,3804.135,3830.432,3728.731
2023,British Grand Prix,10,Great Britain,Silverstone,0 days 01:05:25.322000,ALB,23,0 days 00:01:35.004000,2.0,1.0,,Alexander Albon,,0 days 00:00:29.913000,0 days 00:00:38.718000,0 days 00:00:26.373000,0 days 01:04:20.249000,0 days 01:04:58.967000,0 days 01:05:25.340000,300.0,254.0,246.0,304.0,True,MEDIUM,2.0,True,Williams,0 days 01:03:50.318000,,1,10.0,False,,False,True,21.4,55.0,1001.4,False,29.5,191,3.2,True,False,False,False,False,False,+6.749,+0.680,6.749,0.68,3925.322,95.004,,,29.913,38.718,26.373,3860.249,3898.967,3925.34,3830.318
2023,British Grand Prix,10,Great Britain,Silverstone,0 days 01:06:59.131000,ALB,23,0 days 00:01:33.809000,3.0,1.0,,Alexander Albon,,0 days 00:00:29.457000,0 days 00:00:38.587000,0 days 00:00:25.765000,0 days 01:05:54.797000,0 days 01:06:33.384000,0 days 01:06:59.149000,316.0,255.0,245.0,322.0,True,MEDIUM,3.0,True,Williams,0 days 01:05:25.322000,,1,10.0,False,,False,True,21.5,54.0,1001.2,False,29.4,238,3.4,True,False,False,False,False,False,+7.358,+0.851,7.358,0.851,4019.131,93.809,,,29.457,38.587,25.765,3954.797,3993.384,4019.149,3925.322
2023,British Grand Prix,10,Great Britain,Silverstone,0 days 01:08:32.997000,ALB,23,0 days 00:01:33.866000,4.0,1.0,,Alexander Albon,,0 days 00:00:29.454000,0 days 00:00:38.504000,0 days 00:00:25.908000,0 days 01:07:28.603000,0 days 01:08:07.107000,0 days 01:08:33.015000,314.0,252.0,247.0,306.0,False,MEDIUM,4.0,True,Williams,0 days 01:06:59.131000,,1,10.0,False,,False,True,21.4,55.0,1001.2,False,29.4,188,3.2,True,False,False,False,False,False,+8.494,+1.369,8.494,1.369,4112.997,93.866,,,29.454,38.504,25.908,4048.603,4087.107,4113.015,4019.131
2023,British Grand Prix,10,Great Britain,Silverstone,0 days 01:10:06.857000,ALB,23,0 days 00:01:33.860000,5.0,1.0,,Alexander Albon,,0 days 00:00:29.557000,0 days 00:00:38.255000,0 days 00:00:26.048000,0 days 01:09:02.572000,0 days 01:09:40.827000,0 days 01:10:06.875000,299.0,252.0,247.0,300.0,False,MEDIUM,5.0,True,Williams,0 days 01:08:32.997000,,1,10.0,False,,False,True,21.4,55.0,1001.2,False,29.3,221,3.4,True,False,False,False,False,False,+9.211,+1.366,9.211,1.366,4206.857,93.86,,,29.557,38.255,26.048,4142.572,4180.827,4206.875,4112.997
2023,British Grand Prix,10,Great Britain,Silverstone,0 days 01:11:41.067000,ALB,23,0 days 00:01:34.210000,6.0,1.0,,Alexander Albon,,0 days 00:00:29.811000,0 days 00:00:38.423000,0 days 00:00:25.976000,0 days 01:10:36.686000,0 days 01:11:15.109000,0 days 01:11:41.085000,299.0,251.0,246.0,299.0,False,MEDIUM,6.0,True,Williams,0 days 01:10:06.857000,,1,10.0,False,,False,True,21.5,55.0,1001.4,False,29.4,193,3.2,True,False,False,False,False,False,+10.394,+1.433,10.394,1.433,4301.067,94.21,,,29.811,38.423,25.976,4236.686,4275.109,4301.085,4206.857
2023,British Grand Prix,10,Great Britain,Silverstone,0 days 01:13:15.166000,ALB,23,0 days 00:01:34.099000,7.0,1.0,,Alexander Albon,,0 days 00:00:29.761000,0 days 00:00:38.409000,0 days 00:00:25.929000,0 days 01:12:10.846000,0 days 01:12:49.255000,0 days 01:13:15.184000,300.0,252.0,246.0,304.0,False,MEDIUM,7.0,True,Williams,0 days 01:11:41.067000,,1,10.0,False,,False,True,21.4,54.0,1001.2,False,29.3,198,4.0,True,False,False,False,False,False,+11.354,+1.171,11.354,1.171,4395.166,94.099,,,29.761,38.409,25.929,4330.846,4369.255,4395.184,4301.067
2023,British Grand Prix,10,Great Britain,Silverstone,0 days 01:14:49.088000,ALB,23,0 days 00:01:33.922000,8.0,1.0,,Alexander Albon,,0 days 00:00:29.719000,0 days 00:00:38.246000,0 days 00:00:25.957000,0 days 01:13:44.903000,0 days 01:14:23.149000,0 days 01:14:49.106000,299.0,254.0,245.0,306.0,False,MEDIUM,8.0,True,Williams,0 days 01:13:15.166000,,1,10.0,False,,False,True,21.5,55.0,1001.4,False,29.1,201,3.5,True,False,False,False,False,False,+12.406,+1.161,12.406,1.161,4489.088,93.922,,,29.719,38.246,25.957,4424.903,4463.149,4489.106,4395.166
2023,British Grand Prix,10,Great Britain,Silverstone,0 days 01:16:22.819000,ALB,23,0 days 00:01:33.731000,9.0,1.0,,Alexander Albon,,0 days 00:00:29.718000,0 days 00:00:38.119000,0 days 00:00:25.894000,0 days 01:15:18.824000,0 days 01:15:56.943000,0 days 01:16:22.837000,300.0,253.0,246.0,307.0,True,MEDIUM,9.0,True,Williams,0 days 01:14:49.088000,,1,10.0,False,,False,True,21.4,55.0,1001.2,False,29.1,185,3.4,True,False,False,False,False,False,+13.317,+1.301,13.317,1.301,4582.819,93.731,,,29.718,38.119,25.894,4518.824,4556.943,4582.837,4489.088
2023,British Grand Prix,10,Great Britain,Silverstone,0 days 01:17:56.864000,ALB,23,0 days 00:01:34.045000,10.0,1.0,,Alexander Albon,,0 days 00:00:29.780000,0 days 00:00:38.276000,0 days 00:00:25.989000,0 days 01:16:52.617000,0 days 01:17:30.893000,0 days 01:17:56.882000,297.0,252.0,246.0,301.0,False,MEDIUM,10.0,True,Williams,0 days 01:16:22.819000,,1,10.0,True,TRACK LIMITS AT TURN 15 LAP 10 ,False,True,21.3,55.0,1001.2,False,29.2,202,3.7,True,False,False,False,False,False,+14.760,+1.493,14.76,1.493,4676.864,94.045,,,29.78,38.276,25.989,4612.617,4650.893,4676.882,4582.819
2023,British Grand Prix,10,Great Britain,Silverstone,0 days 01:19:30.706000,ALB,23,0 days 00:01:33.842000,11.0,1.0,,Alexander Albon,,0 days 00:00:29.669000,0 days 00:00:38.304000,0 days 00:00:25.869000,0 days 01:18:26.551000,0 days 01:19:04.855000,0 days 01:19:30.724000,297.0,254.0,246.0,302.0,False,MEDIUM,11.0,True,Williams,0 days 01:17:56.864000,,1,10.0,False,,False,True,21.4,55.0,1001.2,False,29.2,203,3.2,True,False,False,False,False,False,+16.013,+1.562,16.013,1.562,4770.706,93.842,,,29.669,38.304,25.869,4706.551,4744.855,4770.724,4676.864
2023,British Grand Prix,10,Great Britain,Silverstone,0 days 01:21:04.563000,ALB,23,0 days 00:01:33.857000,12.0,1.0,,Alexander Albon,,0 days 00:00:29.763000,0 days 00:00:38.231000,0 days 00:00:25.863000,0 days 01:20:00.487000,0 days 01:20:38.718000,0 days 01:21:04.581000,300.0,252.0,247.0,301.0,False,MEDIUM,12.0,True,Williams,0 days 01:19:30.706000,,1,10.0,False,,False,True,21.3,55.0,1001.2,False,29.1,187,4.5,True,False,False,False,False,False,+17.213,+1.651,17.213,1.651,4864.563,93.857,,,29.763,38.231,25.863,4800.487,4838.718,4864.581,4770.706
2023,British Grand Prix,10,Great Britain,Silverstone,0 days 01:22:38.314000,ALB,23,0 days 00:01:33.751000,13.0,1.0,,Alexander Albon,,0 days 00:00:29.879000,0 days 00:00:37.980000,0 days 00:00:25.892000,0 days 01:21:34.460000,0 days 01:22:12.440000,0 days 01:22:38.332000,296.0,254.0,247.0,296.0,False,MEDIUM,13.0,True,Williams,0 days 01:21:04.563000,,1,10.0,False,,False,True,21.4,56.0,1001.2,False,28.9,189,4.3,True,False,False,False,False,False,+18.279,+1.705,18.279,1.705,4958.314,93.751,,,29.879,37.98,25.892,4894.46,4932.44,4958.332,4864.563
2023,British Grand Prix,10,Great Britain,Silverstone,0 days 01:24:12.265000,ALB,23,0 days 00:01:33.951000,14.0,1.0,,Alexander Albon,,0 days 00:00:30.042000,0 days 00:00:38.047000,0 days 00:00:25.862000,0 days 01:23:08.374000,0 days 01:23:46.421000,0 days 01:24:12.283000,295.0,255.0,247.0,300.0,False,MEDIUM,14.0,True,Williams,0 days 01:22:38.314000,,1,10.0,False,,False,True,21.4,58.0,1001.5,False,28.7,191,3.7,True,False,False,False,False,False,+19.166,+1.822,19.166,1.822,5052.265,93.951,,,30.042,38.047,25.862,4988.374,5026.421,5052.283,4958.314
2023,British Grand Prix,10,Great Britain,Silverstone,0 days 01:25:46.051000,ALB,23,0 days 00:01:33.786000,15.0,1.0,,Alexander Albon,,0 days 00:00:29.977000,0 days 00:00:38.032000,0 days 00:00:25.777000,0 days 01:24:42.260000,0 days 01:25:20.292000,0 days 01:25:46.069000,295.0,253.0,247.0,302.0,False,MEDIUM,15.0,True,Williams,0 days 01:24:12.265000,,1,10.0,False,,False,True,21.1,60.0,1001.5,False,27.8,229,4.5,True,False,False,False,False,False,+19.978,+1.863,19.978,1.863,5146.051,93.786,,,29.977,38.032,25.777,5082.26,5120.292,5146.069,5052.265
2023,British Grand Prix,10,Great Britain,Silverstone,0 days 01:27:20.394000,ALB,23,0 days 00:01:34.343000,16.0,1.0,,Alexander Albon,,0 days 00:00:29.955000,0 days 00:00:38.002000,0 days 00:00:26.386000,0 days 01:26:16.024000,0 days 01:26:54.026000,0 days 01:27:20.412000,294.0,255.0,246.0,301.0,False,MEDIUM,16.0,True,Williams,0 days 01:25:46.051000,,1,11.0,False,,False,True,20.7,63.0,1001.5,False,27.7,212,1.8,True,False,False,False,False,False,+21.515,+0.626,21.515,0.626,5240.394,94.343,,,29.955,38.002,26.386,5176.024,5214.026,5240.412,5146.051
2023,British Grand Prix,10,Great Britain,Silverstone,0 days 01:28:54.101000,ALB,23,0 days 00:01:33.707000,17.0,1.0,,Alexander Albon,,0 days 00:00:29.806000,0 days 00:00:38.244000,0 days 00:00:25.657000,0 days 01:27:50.218000,0 days 01:28:28.462000,0 days 01:28:54.119000,313.0,257.0,246.0,321.0,True,MEDIUM,17.0,True,Williams,0 days 01:27:20.394000,,1,11.0,False,,False,True,20.1,63.0,1001.4,False,27.9,222,2.2,True,False,False,False,False,False,+22.581,+1.036,22.581,1.036,5334.101,93.707,,,29.806,38.244,25.657,5270.218,5308.462,5334.119,5240.394
2023,British Grand Prix,10,Great Britain,Silverstone,0 days 01:30:27.716000,ALB,23,0 days 00:01:33.615000,18.0,1.0,,Alexander Albon,,0 days 00:00:29.894000,0 days 00:00:37.859000,0 days 00:00:25.862000,0 days 01:29:24.013000,0 days 01:30:01.872000,0 days 01:30:27.734000,295.0,254.0,247.0,298.0,True,MEDIUM,18.0,True,Williams,0 days 01:28:54.101000,,1,11.0,False,,False,True,20.1,64.0,1001.2,False,28.3,223,2.0,True,False,False,False,False,False,+23.722,+1.584,23.722,1.584,5427.716,93.615,,,29.894,37.859,25.862,5364.013,5401.872,5427.734,5334.101
2023,British Grand Prix,10,Great Britain,Silverstone,0 days 01:32:01.370000,ALB,23,0 days 00:01:33.654000,19.0,1.0,,Alexander Albon,,0 days 00:00:29.949000,0 days 00:00:37.951000,0 days 00:00:25.754000,0 days 01:30:57.683000,0 days 01:31:35.634000,0 days 01:32:01.388000,297.0,254.0,248.0,304.0,False,MEDIUM,19.0,True,Williams,0 days 01:30:27.716000,,1,10.0,False,,False,True,20.1,64.0,1001.4,False,28.9,239,3.4,True,False,False,False,False,False,+25.043,+1.947,25.043,1.947,5521.37,93.654,,,29.949,37.951,25.754,5457.683,5495.634,5521.388,5427.716
2023,British Grand Prix,10,Great Britain,Silverstone,0 days 01:33:34.810000,ALB,23,0 days 00:01:33.440000,20.0,1.0,,Alexander Albon,,0 days 00:00:29.933000,0 days 00:00:37.883000,0 days 00:00:25.624000,0 days 01:32:31.321000,0 days 01:33:09.204000,0 days 01:33:34.828000,295.0,254.0,248.0,301.0,True,MEDIUM,20.0,True,Williams,0 days 01:32:01.370000,,1,10.0,False,,False,True,20.2,64.0,1001.4,False,29.1,201,3.2,True,False,False,False,False,False,+26.188,+2.185,26.188,2.185,5614.81,93.44,,,29.933,37.883,25.624,5551.321,5589.204,5614.828,5521.37
2023,British Grand Prix,10,Great Britain,Silverstone,0 days 01:35:08.005000,ALB,23,0 days 00:01:33.195000,21.0,1.0,,Alexander Albon,,0 days 00:00:29.808000,0 days 00:00:37.695000,0 days 00:00:25.692000,0 days 01:34:04.636000,0 days 01:34:42.331000,0 days 01:35:08.023000,296.0,254.0,248.0,303.0,True,MEDIUM,21.0,True,Williams,0 days 01:33:34.810000,,1,10.0,False,,False,True,20.2,64.0,1001.4,False,29.4,206,2.0,True,False,False,False,False,False,+26.874,+2.177,26.874,2.177,5708.005,93.195,,,29.808,37.695,25.692,5644.636,5682.331,5708.023,5614.81
2023,British Grand Prix,10,Great Britain,Silverstone,0 days 01:36:41.026000,ALB,23,0 days 00:01:33.021000,22.0,1.0,,Alexander Albon,,0 days 00:00:29.746000,0 days 00:00:37.759000,0 days 00:00:25.516000,0 days 01:35:37.769000,0 days 01:36:15.528000,0 days 01:36:41.044000,295.0,255.0,249.0,301.0,True,MEDIUM,22.0,True,Williams,0 days 01:35:08.005000,,1,10.0,False,,False,True,20.2,64.0,1001.4,False,29.6,206,2.2,True,False,False,False,False,False,+27.734,+2.186,27.734,2.186,5801.026,93.021,,,29.746,37.759,25.516,5737.769,5775.528,5801.044,5708.005
2023,British Grand Prix,10,Great Britain,Silverstone,0 days 01:38:14.143000,ALB,23,0 days 00:01:33.117000,23.0,1.0,,Alexander Albon,,0 days 00:00:29.874000,0 days 00:00:37.731000,0 days 00:00:25.512000,0 days 01:37:10.918000,0 days 01:37:48.649000,0 days 01:38:14.161000,295.0,255.0,248.0,304.0,False,MEDIUM,23.0,True,Williams,0 days 01:36:41.026000,,1,10.0,False,,False,True,20.2,64.0,1001.4,False,29.6,204,2.5,True,False,False,False,False,False,+28.562,+2.024,28.562,2.024,5894.143,93.117,,,29.874,37.731,25.512,5830.918,5868.649,5894.161,5801.026
2023,British Grand Prix,10,Great Britain,Silverstone,0 days 01:39:47.306000,ALB,23,0 days 00:01:33.163000,24.0,1.0,,Alexander Albon,,0 days 00:00:29.825000,0 days 00:00:37.690000,0 days 00:00:25.648000,0 days 01:38:43.986000,0 days 01:39:21.676000,0 days 01:39:47.324000,297.0,256.0,248.0,305.0,False,MEDIUM,24.0,True,Williams,0 days 01:38:14.143000,,1,10.0,False,,False,True,20.4,63.0,1001.4,False,29.7,202,1.3,True,False,False,False,False,False,+29.382,+2.443,29.382,2.443,5987.306,93.163,,,29.825,37.69,25.648,5923.986,5961.676,5987.324,5894.143
2023,British Grand Prix,10,Great Britain,Silverstone,0 days 01:41:20.680000,ALB,23,0 days 00:01:33.374000,25.0,1.0,,Alexander Albon,,0 days 00:00:29.880000,0 days 00:00:37.866000,0 days 00:00:25.628000,0 days 01:40:17.204000,0 days 01:40:55.070000,0 days 01:41:20.698000,296.0,256.0,248.0,302.0,False,MEDIUM,25.0,True,Williams,0 days 01:39:47.306000,,1,10.0,False,,False,True,20.4,62.0,1001.4,False,30.9,145,1.7,True,False,False,False,False,False,+30.465,+2.923,30.465,2.923,6080.68,93.374,,,29.88,37.866,25.628,6017.204,6055.07,6080.698,5987.306
2023,British Grand Prix,10,Great Britain,Silverstone,0 days 01:42:53.855000,ALB,23,0 days 00:01:33.175000,26.0,1.0,,Alexander Albon,,0 days 00:00:29.829000,0 days 00:00:37.818000,0 days 00:00:25.528000,0 days 01:41:50.527000,0 days 01:42:28.345000,0 days 01:42:53.873000,295.0,255.0,249.0,301.0,False,MEDIUM,26.0,True,Williams,0 days 01:41:20.680000,,1,10.0,False,,False,True,20.5,63.0,1001.4,False,31.7,220,2.0,True,False,False,False,False,False,+31.361,+3.140,31.361,3.14,6173.855,93.175,,,29.829,37.818,25.528,6110.527,6148.345,6173.873,6080.68
2023,British Grand Prix,10,Great Britain,Silverstone,0 days 01:44:26.981000,ALB,23,0 days 00:01:33.126000,27.0,1.0,,Alexander Albon,,0 days 00:00:29.871000,0 days 00:00:37.863000,0 days 00:00:25.392000,0 days 01:43:23.744000,0 days 01:44:01.607000,0 days 01:44:26.999000,294.0,254.0,249.0,301.0,False,MEDIUM,27.0,True,Williams,0 days 01:42:53.855000,,1,9.0,False,,False,True,20.6,61.0,1001.4,False,32.4,225,2.4,True,False,False,False,False,False,+32.375,+3.522,32.375,3.522,6266.981,93.126,,,29.871,37.863,25.392,6203.744,6241.607,6266.999,6173.855
2023,British Grand Prix,10,Great Britain,Silverstone,0 days 01:46:00.065000,ALB,23,0 days 00:01:33.084000,28.0,1.0,,Alexander Albon,,0 days 00:00:29.824000,0 days 00:00:37.728000,0 days 00:00:25.532000,0 days 01:44:56.823000,0 days 01:45:34.551000,0 days 01:46:00.083000,295.0,254.0,249.0,303.0,False,MEDIUM,28.0,True,Williams,0 days 01:44:26.981000,,1,9.0,False,,False,True,20.8,62.0,1001.4,False,32.8,192,2.2,True,False,False,False,False,False,+33.225,+3.759,33.225,3.759,6360.065,93.084,,,29.824,37.728,25.532,6296.823,6334.551,6360.083,6266.981
2023,British Grand Prix,10,Great Britain,Silverstone,0 days 01:47:32.934000,ALB,23,0 days 00:01:32.869000,29.0,1.0,,Alexander Albon,,0 days 00:00:29.729000,0 days 00:00:37.652000,0 days 00:00:25.488000,0 days 01:46:29.812000,0 days 01:47:07.464000,0 days 01:47:32.952000,296.0,255.0,250.0,303.0,True,MEDIUM,29.0,True,Williams,0 days 01:46:00.065000,,1,7.0,False,,False,True,20.9,61.0,1001.4,False,33.3,175,2.5,True,False,False,False,False,False,+33.837,+4.183,33.837,4.183,6452.934,92.869,,,29.729,37.652,25.488,6389.812,6427.464,6452.952,6360.065
2023,British Grand Prix,10,Great Britain,Silverstone,0 days 01:49:05.816000,ALB,23,0 days 00:01:32.882000,30.0,1.0,,Alexander Albon,,0 days 00:00:29.769000,0 days 00:00:37.638000,0 days 00:00:25.475000,0 days 01:48:02.721000,0 days 01:48:40.359000,0 days 01:49:05.834000,298.0,256.0,250.0,304.0,False,MEDIUM,30.0,True,Williams,0 days 01:47:32.934000,,1,7.0,False,,False,True,21.0,61.0,1001.4,False,32.7,195,1.8,True,False,False,False,False,False,+34.389,+2.574,34.389,2.574,6545.816,92.882,,,29.769,37.638,25.475,6482.721,6520.359,6545.834,6452.934
2023,British Grand Prix,10,Great Britain,Silverstone,0 days 01:50:38.632000,ALB,23,0 days 00:01:32.816000,31.0,1.0,,Alexander Albon,,0 days 00:00:29.701000,0 days 00:00:37.604000,0 days 00:00:25.511000,0 days 01:49:35.535000,0 days 01:50:13.139000,0 days 01:50:38.650000,295.0,256.0,249.0,306.0,True,MEDIUM,31.0,True,Williams,0 days 01:49:05.816000,,1,7.0,False,,False,True,21.1,62.0,1001.2,False,32.4,207,3.0,True,False,False,False,False,False,+34.784,+2.932,34.784,2.932,6638.632,92.816,,,29.701,37.604,25.511,6575.535,6613.139,6638.65,6545.816
2023,British Grand Prix,10,Great Britain,Silverstone,0 days 01:52:15.405000,ALB,23,0 days 00:01:36.773000,32.0,1.0,,Alexander Albon,0 days 01:52:09.478000,0 days 00:00:29.648000,0 days 00:00:37.319000,0 days 00:00:29.806000,0 days 01:51:08.298000,0 days 01:51:45.617000,0 days 01:52:15.423000,298.0,257.0,,306.0,False,MEDIUM,32.0,True,Williams,0 days 01:50:38.632000,,126,6.0,False,,False,False,21.0,62.0,1001.2,False,31.4,197,2.5,True,True,False,False,True,False,+39.421,+7.362,39.421,7.362,6735.405,96.773,6729.478,,29.648,37.319,29.806,6668.298,6705.617,6735.423,6638.632
2023,British Grand Prix,10,Great Britain,Silverstone,0 days 01:54:42.008000,ALB,23,0 days 00:02:26.603000,33.0,2.0,0 days 01:52:39.118000,Alexander Albon,,0 days 00:01:02.863000,0 days 00:00:48.740000,0 days 00:00:35,0 days 01:53:18.286000,0 days 01:54:07.026000,0 days 01:54:42.026000,178.0,187.0,111.0,227.0,False,SOFT,5.0,False,Williams,0 days 01:52:15.405000,,64,9.0,False,,False,False,21.0,63.0,1001.2,False,30.6,226,1.2,False,False,True,False,True,False,+67.339,+0.327,67.339,0.327,6882.008,146.603,,6759.118,62.863,48.74,35.0,6798.286,6847.026,6882.026,6735.405
2023,British Grand Prix,10,Great Britain,Silverstone,0 days 01:56:48.411000,ALB,23,0 days 00:02:06.403000,34.0,2.0,,Alexander Albon,,0 days 00:00:43.824000,0 days 00:00:49.309000,0 days 00:00:33.270000,0 days 01:55:25.850000,0 days 01:56:15.159000,0 days 01:56:48.429000,179.0,239.0,211.0,260.0,False,SOFT,6.0,False,Williams,0 days 01:54:42.008000,,4,9.0,False,,False,False,20.9,63.0,1001.2,False,30.5,246,1.3,False,False,True,False,False,False,+15.271,+0.926,15.271,0.926,7008.411,126.403,,,43.824,49.309,33.27,6925.85,6975.159,7008.429,6882.008
2023,British Grand Prix,10,Great Britain,Silverstone,0 days 01:59:10.976000,ALB,23,0 days 00:02:22.565000,35.0,2.0,,Alexander Albon,,0 days 00:00:45.648000,0 days 00:00:57.270000,0 days 00:00:39.647000,0 days 01:57:34.077000,0 days 01:58:31.347000,0 days 01:59:10.994000,196.0,179.0,104.0,97.0,False,SOFT,7.0,False,Williams,0 days 01:56:48.411000,,4,9.0,False,,False,False,20.9,63.0,1001.2,False,30.1,238,1.1,False,False,True,False,False,False,+10.065,+1.178,10.065,1.178,7150.976,142.565,,,45.648,57.27,39.647,7054.077,7111.347,7150.994,7008.411
2023,British Grand Prix,10,Great Britain,Silverstone,0 days 02:01:36.043000,ALB,23,0 days 00:02:25.067000,36.0,2.0,,Alexander Albon,,0 days 00:00:53.664000,0 days 00:00:55.317000,0 days 00:00:36.086000,0 days 02:00:04.658000,0 days 02:00:59.975000,0 days 02:01:36.061000,213.0,116.0,220.0,269.0,False,SOFT,8.0,False,Williams,0 days 01:59:10.976000,,4,9.0,False,,False,False,21.0,63.0,1001.2,False,30.1,236,1.3,False,False,True,False,False,False,+10.040,+1.227,10.04,1.227,7296.043,145.067,,,53.664,55.317,36.086,7204.658,7259.975,7296.061,7150.976
2023,British Grand Prix,10,Great Britain,Silverstone,0 days 02:04:01.671000,ALB,23,0 days 00:02:25.628000,37.0,2.0,,Alexander Albon,,0 days 00:00:52.550000,0 days 00:00:53.562000,0 days 00:00:39.516000,0 days 02:02:28.611000,0 days 02:03:22.173000,0 days 02:04:01.689000,125.0,152.0,100.0,266.0,False,SOFT,9.0,False,Williams,0 days 02:01:36.043000,,4,9.0,False,,False,False,20.9,63.0,1001.2,False,29.7,246,0.8,False,False,True,False,False,False,+10.380,+1.319,10.38,1.319,7441.671,145.628,,,52.55,53.562,39.516,7348.611,7402.173,7441.689,7296.043
2023,British Grand Prix,10,Great Britain,Silverstone,0 days 02:06:17.227000,ALB,23,0 days 00:02:15.556000,38.0,2.0,,Alexander Albon,,0 days 00:00:40.540000,0 days 00:00:55.375000,0 days 00:00:39.641000,0 days 02:04:42.229000,0 days 02:05:37.604000,0 days 02:06:17.245000,110.0,132.0,253.0,156.0,False,SOFT,10.0,False,Williams,0 days 02:04:01.671000,,41,9.0,False,,False,False,20.9,63.0,1001.2,False,29.4,199,1.8,True,False,True,False,False,False,+4.270,+0.352,4.27,0.352,7577.227,135.556,,,40.54,55.375,39.641,7482.229,7537.604,7577.245,7441.671
2023,British Grand Prix,10,Great Britain,Silverstone,0 days 02:07:49.857000,ALB,23,0 days 00:01:32.630000,39.0,2.0,,Alexander Albon,,0 days 00:00:29.343000,0 days 00:00:37.709000,0 days 00:00:25.578000,0 days 02:06:46.588000,0 days 02:07:24.297000,0 days 02:07:49.875000,308.0,261.0,251.0,309.0,True,SOFT,11.0,False,Williams,0 days 02:06:17.227000,,1,9.0,False,,False,True,21.0,64.0,1001.2,False,29.3,201,1.2,True,False,False,False,False,False,+6.530,+0.407,6.53,0.407,7669.857,92.63,,,29.343,37.709,25.578,7606.588,7644.297,7669.875,7577.227
2023,British Grand Prix,10,Great Britain,Silverstone,0 days 02:09:22.033000,ALB,23,0 days 00:01:32.176000,40.0,2.0,,Alexander Albon,,0 days 00:00:29.371000,0 days 00:00:37.497000,0 days 00:00:25.308000,0 days 02:08:19.246000,0 days 02:08:56.743000,0 days 02:09:22.051000,299.0,257.0,251.0,312.0,True,SOFT,12.0,False,Williams,0 days 02:07:49.857000,,1,9.0,False,,False,True,21.0,63.0,1001.0,False,29.5,218,1.1,True,False,False,False,False,False,+8.157,+0.679,8.157,0.679,7762.033,92.176,,,29.371,37.497,25.308,7699.246,7736.743,7762.051,7669.857
2023,British Grand Prix,10,Great Britain,Silverstone,0 days 02:10:53.306000,ALB,23,0 days 00:01:31.273000,41.0,2.0,,Alexander Albon,,0 days 00:00:28.927000,0 days 00:00:37.203000,0 days 00:00:25.143000,0 days 02:09:50.978000,0 days 02:10:28.181000,0 days 02:10:53.324000,320.0,263.0,251.0,330.0,True,SOFT,13.0,False,Williams,0 days 02:09:22.033000,,1,9.0,False,,False,True,21.1,62.0,1001.0,False,29.7,192,2.4,True,False,False,False,False,False,+8.732,+0.565,8.732,0.565,7853.306,91.273,,,28.927,37.203,25.143,7790.978,7828.181,7853.324,7762.033
2023,British Grand Prix,10,Great Britain,Silverstone,0 days 02:12:25.185000,ALB,23,0 days 00:01:31.879000,42.0,2.0,,Alexander Albon,,0 days 00:00:29.143000,0 days 00:00:37.517000,0 days 00:00:25.219000,0 days 02:11:22.467000,0 days 02:11:59.984000,0 days 02:12:25.203000,315.0,262.0,251.0,326.0,False,SOFT,14.0,False,Williams,0 days 02:10:53.306000,,1,9.0,False,,False,True,21.2,61.0,1001.0,False,29.9,192,1.0,True,False,False,False,False,False,+10.362,+0.749,10.362,0.749,7945.185,91.879,,,29.143,37.517,25.219,7882.467,7919.984,7945.203,7853.306
2023,British Grand Prix,10,Great Britain,Silverstone,0 days 02:13:56.937000,ALB,23,0 days 00:01:31.752000,43.0,2.0,,Alexander Albon,,0 days 00:00:29.156000,0 days 00:00:37.140000,0 days 00:00:25.456000,0 days 02:12:54.359000,0 days 02:13:31.499000,0 days 02:13:56.955000,322.0,261.0,248.0,327.0,False,SOFT,15.0,False,Williams,0 days 02:12:25.185000,,1,9.0,False,,False,True,21.4,61.0,1001.0,False,30.7,177,1.7,True,False,False,False,False,False,+11.501,+0.353,11.501,0.353,8036.937,91.752,,,29.156,37.14,25.456,7974.359,8011.499,8036.955,7945.185
2023,British Grand Prix,10,Great Britain,Silverstone,0 days 02:15:28.994000,ALB,23,0 days 00:01:32.057000,44.0,2.0,,Alexander Albon,,0 days 00:00:29.310000,0 days 00:00:37.538000,0 days 00:00:25.209000,0 days 02:14:26.265000,0 days 02:15:03.803000,0 days 02:15:29.012000,319.0,261.0,249.0,323.0,False,SOFT,16.0,False,Williams,0 days 02:13:56.937000,,1,8.0,False,,False,True,21.4,57.0,1001.0,False,31.1,220,2.0,True,False,False,False,False,False,+12.942,+0.778,12.942,0.778,8128.994,92.057,,,29.31,37.538,25.209,8066.265,8103.803,8129.012,8036.937
2023,British Grand Prix,10,Great Britain,Silverstone,0 days 02:17:01.140000,ALB,23,0 days 00:01:32.146000,45.0,2.0,,Alexander Albon,,0 days 00:00:29.212000,0 days 00:00:37.429000,0 days 00:00:25.505000,0 days 02:15:58.224000,0 days 02:16:35.653000,0 days 02:17:01.158000,320.0,261.0,249.0,305.0,False,SOFT,17.0,False,Williams,0 days 02:15:28.994000,,1,8.0,False,,False,True,21.4,57.0,1001.0,False,30.4,212,2.0,True,False,False,False,False,False,+13.796,+1.414,13.796,1.414,8221.14,92.146,,,29.212,37.429,25.505,8158.224,8195.653,8221.158,8128.994
2023,British Grand Prix,10,Great Britain,Silverstone,0 days 02:18:33.256000,ALB,23,0 days 00:01:32.116000,46.0,2.0,,Alexander Albon,,0 days 00:00:29.173000,0 days 00:00:37.411000,0 days 00:00:25.532000,0 days 02:17:30.331000,0 days 02:18:07.742000,0 days 02:18:33.274000,302.0,258.0,248.0,304.0,False,SOFT,18.0,False,Williams,0 days 02:17:01.140000,,1,8.0,False,,False,True,21.4,57.0,1001.0,False,30.3,186,3.0,True,False,False,False,False,False,+14.758,+1.091,14.758,1.091,8313.256,92.116,,,29.173,37.411,25.532,8250.331,8287.742,8313.274,8221.14
2023,British Grand Prix,10,Great Britain,Silverstone,0 days 02:20:04.793000,ALB,23,0 days 00:01:31.537000,47.0,2.0,,Alexander Albon,,0 days 00:00:29.255000,0 days 00:00:37.196000,0 days 00:00:25.086000,0 days 02:19:02.529000,0 days 02:19:39.725000,0 days 02:20:04.811000,306.0,263.0,250.0,327.0,False,SOFT,19.0,False,Williams,0 days 02:18:33.256000,,1,8.0,False,,False,True,21.4,59.0,1001.0,False,30.0,192,2.4,True,False,False,False,False,False,+15.156,+0.793,15.156,0.793,8404.793,91.537,,,29.255,37.196,25.086,8342.529,8379.725,8404.811,8313.256
2023,British Grand Prix,10,Great Britain,Silverstone,0 days 02:21:36.259000,ALB,23,0 days 00:01:31.466000,48.0,2.0,,Alexander Albon,,0 days 00:00:29.150000,0 days 00:00:37.180000,0 days 00:00:25.136000,0 days 02:20:33.961000,0 days 02:21:11.141000,0 days 02:21:36.277000,319.0,261.0,248.0,324.0,False,SOFT,20.0,False,Williams,0 days 02:20:04.793000,,1,8.0,False,,False,True,21.5,58.0,1001.0,False,30.0,229,2.4,True,False,False,False,False,False,+15.193,+0.883,15.193,0.883,8496.259,91.466,,,29.15,37.18,25.136,8433.961,8471.141,8496.277,8404.793
2023,British Grand Prix,10,Great Britain,Silverstone,0 days 02:23:08.171000,ALB,23,0 days 00:01:31.912000,49.0,2.0,,Alexander Albon,,0 days 00:00:29.166000,0 days 00:00:37.360000,0 days 00:00:25.386000,0 days 02:22:05.443000,0 days 02:22:42.803000,0 days 02:23:08.189000,317.0,262.0,248.0,321.0,False,SOFT,21.0,False,Williams,0 days 02:21:36.259000,,1,8.0,False,,False,True,21.5,54.0,1001.0,False,29.6,188,3.4,True,False,False,False,False,False,+15.875,+0.699,15.875,0.699,8588.171,91.912,,,29.166,37.36,25.386,8525.443,8562.803,8588.189,8496.259
2023,British Grand Prix,10,Great Britain,Silverstone,0 days 02:24:40.031000,ALB,23,0 days 00:01:31.860000,50.0,2.0,,Alexander Albon,,0 days 00:00:29.086000,0 days 00:00:37.286000,0 days 00:00:25.488000,0 days 02:23:37.275000,0 days 02:24:14.561000,0 days 02:24:40.049000,321.0,261.0,247.0,324.0,False,SOFT,22.0,False,Williams,0 days 02:23:08.171000,,1,8.0,False,,False,True,21.6,54.0,1000.9,False,29.6,200,4.3,True,False,False,False,False,False,+16.454,+0.547,16.454,0.547,8680.031,91.86,,,29.086,37.286,25.488,8617.275,8654.561,8680.049,8588.171
2023,British Grand Prix,10,Great Britain,Silverstone,0 days 02:26:11.961000,ALB,23,0 days 00:01:31.930000,51.0,2.0,,Alexander Albon,,0 days 00:00:29.076000,0 days 00:00:37.346000,0 days 00:00:25.508000,0 days 02:25:09.125000,0 days 02:25:46.471000,0 days 02:26:11.979000,319.0,260.0,249.0,322.0,False,SOFT,23.0,False,Williams,0 days 02:24:40.031000,,1,8.0,False,,False,True,21.7,54.0,1001.0,False,30.2,203,3.7,True,False,False,False,False,False,+17.014,+0.577,17.014,0.577,8771.961,91.93,,,29.076,37.346,25.508,8709.125,8746.471,8771.979,8680.031
2023,British Grand Prix,10,Great Britain,Silverstone,0 days 02:27:43.770000,ALB,23,0 days 00:01:31.809000,52.0,2.0,,Alexander Albon,,0 days 00:00:29.267000,0 days 00:00:37.139000,0 days 00:00:25.403000,0 days 02:26:41.246000,0 days 02:27:18.385000,0 days 02:27:43.788000,320.0,262.0,248.0,325.0,False,SOFT,24.0,False,Williams,0 days 02:26:11.961000,,1,8.0,False,,False,True,21.8,53.0,1001.0,False,30.2,188,3.5,True,False,False,False,False,False,+17.816,+0.648,17.816,0.648,8863.77,91.809,,,29.267,37.139,25.403,8801.246,8838.385,8863.788,8771.961
2023,British Grand Prix,10,Great Britain,Silverstone,0 days 01:03:54.193000,ZHO,24,0 days 00:01:45.239000,1.0,1.0,,Guanyu Zhou,,,0 days 00:00:40.598000,0 days 00:00:27.092000,,0 days 01:03:27.229000,0 days 01:03:54.197000,289.0,252.0,246.0,304.0,False,MEDIUM,1.0,True,Alfa Romeo,0 days 01:02:08.731000,,1,19.0,False,,False,False,21.4,54.0,1001.2,False,29.6,236,3.7,True,False,False,False,False,False,+8.688,+0.264,8.688,0.264,3834.193,105.239,,,,40.598,27.092,,3807.229,3834.197,3728.731
2023,British Grand Prix,10,Great Britain,Silverstone,0 days 01:05:30.105000,ZHO,24,0 days 00:01:35.912000,2.0,1.0,,Guanyu Zhou,,0 days 00:00:30.211000,0 days 00:00:38.929000,0 days 00:00:26.772000,0 days 01:04:24.408000,0 days 01:05:03.337000,0 days 01:05:30.109000,300.0,254.0,244.0,302.0,True,MEDIUM,2.0,True,Alfa Romeo,0 days 01:03:54.193000,,1,18.0,False,,False,True,21.4,55.0,1001.4,False,29.5,191,3.2,True,False,False,False,False,False,+11.554,+0.499,11.554,0.499,3930.105,95.912,,,30.211,38.929,26.772,3864.408,3903.337,3930.109,3834.193
2023,British Grand Prix,10,Great Britain,Silverstone,0 days 01:07:04.784000,ZHO,24,0 days 00:01:34.679000,3.0,1.0,,Guanyu Zhou,,0 days 00:00:29.842000,0 days 00:00:38.599000,0 days 00:00:26.238000,0 days 01:05:59.951000,0 days 01:06:38.550000,0 days 01:07:04.788000,308.0,258.0,242.0,325.0,True,MEDIUM,3.0,True,Alfa Romeo,0 days 01:05:30.105000,,1,18.0,False,,False,True,21.5,54.0,1001.2,False,29.4,238,3.4,True,False,False,False,False,False,+12.909,+0.522,12.909,0.522,4024.784,94.679,,,29.842,38.599,26.238,3959.951,3998.55,4024.788,3930.105
2023,British Grand Prix,10,Great Britain,Silverstone,0 days 01:08:39.192000,ZHO,24,0 days 00:01:34.408000,4.0,1.0,,Guanyu Zhou,,0 days 00:00:29.775000,0 days 00:00:38.606000,0 days 00:00:26.027000,0 days 01:07:34.563000,0 days 01:08:13.169000,0 days 01:08:39.196000,308.0,254.0,245.0,319.0,True,MEDIUM,4.0,True,Alfa Romeo,0 days 01:07:04.784000,,1,18.0,False,,False,True,21.4,55.0,1001.2,False,29.4,188,3.2,True,False,False,False,False,False,+14.689,+0.641,14.689,0.641,4119.192,94.408,,,29.775,38.606,26.027,4054.563,4093.169,4119.196,4024.784
2023,British Grand Prix,10,Great Britain,Silverstone,0 days 01:10:13.928000,ZHO,24,0 days 00:01:34.736000,5.0,1.0,,Guanyu Zhou,,0 days 00:00:29.721000,0 days 00:00:38.864000,0 days 00:00:26.151000,0 days 01:09:08.917000,0 days 01:09:47.781000,0 days 01:10:13.932000,310.0,256.0,245.0,319.0,False,MEDIUM,5.0,True,Alfa Romeo,0 days 01:08:39.192000,,1,18.0,False,,False,True,21.4,55.0,1001.2,False,29.3,221,3.4,True,False,False,False,False,False,+16.282,+0.616,16.282,0.616,4213.928,94.736,,,29.721,38.864,26.151,4148.917,4187.781,4213.932,4119.192
2023,British Grand Prix,10,Great Britain,Silverstone,0 days 01:11:48.735000,ZHO,24,0 days 00:01:34.807000,6.0,1.0,,Guanyu Zhou,,0 days 00:00:29.792000,0 days 00:00:38.711000,0 days 00:00:26.304000,0 days 01:10:43.724000,0 days 01:11:22.435000,0 days 01:11:48.739000,306.0,256.0,245.0,317.0,False,MEDIUM,6.0,True,Alfa Romeo,0 days 01:10:13.928000,,1,18.0,False,,False,True,21.4,55.0,1001.2,False,29.5,183,3.4,True,False,False,False,False,False,+18.062,+0.516,18.062,0.516,4308.735,94.807,,,29.792,38.711,26.304,4243.724,4282.435,4308.739,4213.928
2023,British Grand Prix,10,Great Britain,Silverstone,0 days 01:13:23.730000,ZHO,24,0 days 00:01:34.995000,7.0,1.0,,Guanyu Zhou,,0 days 00:00:29.964000,0 days 00:00:38.712000,0 days 00:00:26.319000,0 days 01:12:18.703000,0 days 01:12:57.415000,0 days 01:13:23.734000,307.0,256.0,246.0,317.0,False,MEDIUM,7.0,True,Alfa Romeo,0 days 01:11:48.735000,,1,18.0,False,,False,True,21.4,54.0,1001.2,False,29.3,198,4.0,True,False,False,False,False,False,+19.924,+0.475,19.924,0.475,4403.73,94.995,,,29.964,38.712,26.319,4338.703,4377.415,4403.734,4308.735
2023,British Grand Prix,10,Great Britain,Silverstone,0 days 01:14:57.997000,ZHO,24,0 days 00:01:34.267000,8.0,1.0,,Guanyu Zhou,,0 days 00:00:29.806000,0 days 00:00:38.437000,0 days 00:00:26.024000,0 days 01:13:53.540000,0 days 01:14:31.977000,0 days 01:14:58.001000,303.0,257.0,246.0,313.0,True,MEDIUM,8.0,True,Alfa Romeo,0 days 01:13:23.730000,,1,17.0,False,,False,True,21.5,55.0,1001.4,False,29.1,201,3.5,True,False,False,False,False,False,+21.340,+0.828,21.34,0.828,4497.997,94.267,,,29.806,38.437,26.024,4433.54,4471.977,4498.001,4403.73
2023,British Grand Prix,10,Great Britain,Silverstone,0 days 01:16:32.041000,ZHO,24,0 days 00:01:34.044000,9.0,1.0,,Guanyu Zhou,,0 days 00:00:29.700000,0 days 00:00:38.284000,0 days 00:00:26.060000,0 days 01:15:27.701000,0 days 01:16:05.985000,0 days 01:16:32.045000,303.0,255.0,245.0,317.0,True,MEDIUM,9.0,True,Alfa Romeo,0 days 01:14:57.997000,,1,17.0,False,,False,True,21.4,55.0,1001.2,False,29.1,185,3.4,True,False,False,False,False,False,+22.528,+1.095,22.528,1.095,4592.041,94.044,,,29.7,38.284,26.06,4527.701,4565.985,4592.045,4497.997
2023,British Grand Prix,10,Great Britain,Silverstone,0 days 01:18:06.433000,ZHO,24,0 days 00:01:34.392000,10.0,1.0,,Guanyu Zhou,,0 days 00:00:30.004000,0 days 00:00:38.212000,0 days 00:00:26.176000,0 days 01:17:02.049000,0 days 01:17:40.261000,0 days 01:18:06.437000,287.0,253.0,245.0,296.0,False,MEDIUM,10.0,True,Alfa Romeo,0 days 01:16:32.041000,,1,16.0,False,,False,True,21.3,55.0,1001.2,False,29.2,202,3.7,True,False,False,False,False,False,+24.327,+1.510,24.327,1.51,4686.433,94.392,,,30.004,38.212,26.176,4622.049,4660.261,4686.437,4592.041
2023,British Grand Prix,10,Great Britain,Silverstone,0 days 01:19:40.654000,ZHO,24,0 days 00:01:34.221000,11.0,1.0,,Guanyu Zhou,,0 days 00:00:29.912000,0 days 00:00:38.260000,0 days 00:00:26.049000,0 days 01:18:36.349000,0 days 01:19:14.609000,0 days 01:19:40.658000,287.0,254.0,245.0,300.0,False,MEDIUM,11.0,True,Alfa Romeo,0 days 01:18:06.433000,,1,16.0,False,,False,True,21.4,55.0,1001.2,False,29.2,203,3.2,True,False,False,False,False,False,+25.984,+1.968,25.984,1.968,4780.654,94.221,,,29.912,38.26,26.049,4716.349,4754.609,4780.658,4686.433
2023,British Grand Prix,10,Great Britain,Silverstone,0 days 01:21:14.889000,ZHO,24,0 days 00:01:34.235000,12.0,1.0,,Guanyu Zhou,,0 days 00:00:30.029000,0 days 00:00:38.168000,0 days 00:00:26.038000,0 days 01:20:10.687000,0 days 01:20:48.855000,0 days 01:21:14.893000,288.0,252.0,245.0,294.0,False,MEDIUM,12.0,True,Alfa Romeo,0 days 01:19:40.654000,,1,16.0,False,,False,True,21.3,55.0,1001.2,False,29.1,187,4.5,True,False,False,False,False,False,+27.532,+2.038,27.532,2.038,4874.889,94.235,,,30.029,38.168,26.038,4810.687,4848.855,4874.893,4780.654
2023,British Grand Prix,10,Great Britain,Silverstone,0 days 01:22:49.019000,ZHO,24,0 days 00:01:34.130000,13.0,1.0,,Guanyu Zhou,,0 days 00:00:30.012000,0 days 00:00:38.024000,0 days 00:00:26.094000,0 days 01:21:44.905000,0 days 01:22:22.929000,0 days 01:22:49.023000,286.0,253.0,245.0,295.0,False,MEDIUM,13.0,True,Alfa Romeo,0 days 01:21:14.889000,,1,16.0,False,,False,True,21.4,57.0,1001.5,False,28.8,205,4.5,True,False,False,False,False,False,+28.984,+1.936,28.984,1.936,4969.019,94.13,,,30.012,38.024,26.094,4904.905,4942.929,4969.023,4874.889
2023,British Grand Prix,10,Great Britain,Silverstone,0 days 01:24:23.437000,ZHO,24,0 days 00:01:34.418000,14.0,1.0,,Guanyu Zhou,,0 days 00:00:30.326000,0 days 00:00:38.120000,0 days 00:00:25.972000,0 days 01:23:19.349000,0 days 01:23:57.469000,0 days 01:24:23.441000,285.0,253.0,246.0,297.0,False,MEDIUM,14.0,True,Alfa Romeo,0 days 01:22:49.019000,,1,16.0,False,,False,True,21.4,58.0,1001.5,False,28.7,191,3.7,True,False,False,False,False,False,+30.349,+1.503,30.349,1.503,5063.437,94.418,,,30.326,38.12,25.972,4999.349,5037.469,5063.441,4969.019
2023,British Grand Prix,10,Great Britain,Silverstone,0 days 01:25:58.114000,ZHO,24,0 days 00:01:34.677000,15.0,1.0,,Guanyu Zhou,,0 days 00:00:30.337000,0 days 00:00:38.261000,0 days 00:00:26.079000,0 days 01:24:53.778000,0 days 01:25:32.039000,0 days 01:25:58.118000,283.0,253.0,246.0,294.0,False,MEDIUM,15.0,True,Alfa Romeo,0 days 01:24:23.437000,,1,15.0,False,,False,True,20.9,61.0,1001.5,False,27.7,255,2.5,True,False,False,False,False,False,+32.043,+1.982,32.043,1.982,5158.114,94.677,,,30.337,38.261,26.079,5093.778,5132.039,5158.118,5063.437
2023,British Grand Prix,10,Great Britain,Silverstone,0 days 01:27:32.377000,ZHO,24,0 days 00:01:34.263000,16.0,1.0,,Guanyu Zhou,,0 days 00:00:30.129000,0 days 00:00:38.017000,0 days 00:00:26.117000,0 days 01:26:28.247000,0 days 01:27:06.264000,0 days 01:27:32.381000,282.0,254.0,246.0,293.0,False,MEDIUM,16.0,True,Alfa Romeo,0 days 01:25:58.114000,,1,15.0,False,,False,True,20.7,63.0,1001.5,False,27.7,212,1.8,True,False,False,False,False,False,+33.498,+2.097,33.498,2.097,5252.377,94.263,,,30.129,38.017,26.117,5188.247,5226.264,5252.381,5158.114
2023,British Grand Prix,10,Great Britain,Silverstone,0 days 01:29:06.404000,ZHO,24,0 days 00:01:34.027000,17.0,1.0,,Guanyu Zhou,,0 days 00:00:30.276000,0 days 00:00:37.834000,0 days 00:00:25.917000,0 days 01:28:02.657000,0 days 01:28:40.491000,0 days 01:29:06.408000,282.0,254.0,246.0,291.0,True,MEDIUM,17.0,True,Alfa Romeo,0 days 01:27:32.377000,,1,15.0,False,,False,True,20.1,63.0,1001.4,False,27.9,222,2.2,True,False,False,False,False,False,+34.915,+2.502,34.915,2.502,5346.404,94.027,,,30.276,37.834,25.917,5282.657,5320.491,5346.408,5252.377
2023,British Grand Prix,10,Great Britain,Silverstone,0 days 01:30:40.265000,ZHO,24,0 days 00:01:33.861000,18.0,1.0,,Guanyu Zhou,,0 days 00:00:30.122000,0 days 00:00:37.770000,0 days 00:00:25.969000,0 days 01:29:36.530000,0 days 01:30:14.300000,0 days 01:30:40.269000,283.0,253.0,246.0,291.0,True,MEDIUM,18.0,True,Alfa Romeo,0 days 01:29:06.404000,,1,15.0,False,,False,True,20.1,64.0,1001.2,False,28.3,223,2.0,True,False,False,False,False,False,+36.276,+2.895,36.276,2.895,5440.265,93.861,,,30.122,37.77,25.969,5376.53,5414.3,5440.269,5346.404
2023,British Grand Prix,10,Great Britain,Silverstone,0 days 01:32:14.172000,ZHO,24,0 days 00:01:33.907000,19.0,1.0,,Guanyu Zhou,,0 days 00:00:30.185000,0 days 00:00:37.862000,0 days 00:00:25.860000,0 days 01:31:10.454000,0 days 01:31:48.316000,0 days 01:32:14.176000,282.0,253.0,247.0,293.0,False,MEDIUM,19.0,True,Alfa Romeo,0 days 01:30:40.265000,,1,15.0,False,,False,True,20.1,64.0,1001.4,False,28.9,239,3.4,True,False,False,False,False,False,+37.845,+2.967,37.845,2.967,5534.172,93.907,,,30.185,37.862,25.86,5470.454,5508.316,5534.176,5440.265
2023,British Grand Prix,10,Great Britain,Silverstone,0 days 01:33:47.898000,ZHO,24,0 days 00:01:33.726000,20.0,1.0,,Guanyu Zhou,,0 days 00:00:30.063000,0 days 00:00:37.732000,0 days 00:00:25.931000,0 days 01:32:44.239000,0 days 01:33:21.971000,0 days 01:33:47.902000,283.0,252.0,245.0,292.0,True,MEDIUM,20.0,True,Alfa Romeo,0 days 01:32:14.172000,,1,15.0,False,,False,True,20.3,64.0,1001.2,False,29.3,217,2.7,True,False,False,False,False,False,+39.244,+3.210,39.244,3.21,5627.898,93.726,,,30.063,37.732,25.931,5564.239,5601.971,5627.902,5534.172
2023,British Grand Prix,10,Great Britain,Silverstone,0 days 01:35:21.458000,ZHO,24,0 days 00:01:33.560000,21.0,1.0,,Guanyu Zhou,,0 days 00:00:30.122000,0 days 00:00:37.645000,0 days 00:00:25.793000,0 days 01:34:18.024000,0 days 01:34:55.669000,0 days 01:35:21.462000,283.0,254.0,246.0,294.0,True,MEDIUM,21.0,True,Alfa Romeo,0 days 01:33:47.898000,,1,15.0,False,,False,True,20.2,64.0,1001.4,False,29.4,206,2.0,True,False,False,False,False,False,+40.318,+3.134,40.318,3.134,5721.458,93.56,,,30.122,37.645,25.793,5658.024,5695.669,5721.462,5627.898
2023,British Grand Prix,10,Great Britain,Silverstone,0 days 01:36:55.137000,ZHO,24,0 days 00:01:33.679000,22.0,1.0,,Guanyu Zhou,,0 days 00:00:30.106000,0 days 00:00:37.717000,0 days 00:00:25.856000,0 days 01:35:51.568000,0 days 01:36:29.285000,0 days 01:36:55.141000,283.0,253.0,247.0,292.0,False,MEDIUM,22.0,True,Alfa Romeo,0 days 01:35:21.458000,,1,15.0,False,,False,True,20.0,64.0,1001.2,False,29.6,222,1.7,True,False,False,False,False,False,+41.837,+3.153,41.837,3.153,5815.137,93.679,,,30.106,37.717,25.856,5751.568,5789.285,5815.141,5721.458
2023,British Grand Prix,10,Great Britain,Silverstone,0 days 01:38:28.779000,ZHO,24,0 days 00:01:33.642000,23.0,1.0,,Guanyu Zhou,,0 days 00:00:30.082000,0 days 00:00:37.711000,0 days 00:00:25.849000,0 days 01:37:25.223000,0 days 01:38:02.934000,0 days 01:38:28.783000,284.0,253.0,245.0,295.0,False,MEDIUM,23.0,True,Alfa Romeo,0 days 01:36:55.137000,,1,15.0,False,,False,True,20.2,64.0,1001.4,False,29.6,204,2.5,True,False,False,False,False,False,+43.207,+3.173,43.207,3.173,5908.779,93.642,,,30.082,37.711,25.849,5845.223,5882.934,5908.783,5815.137
2023,British Grand Prix,10,Great Britain,Silverstone,0 days 01:40:01.949000,ZHO,24,0 days 00:01:33.170000,24.0,1.0,,Guanyu Zhou,0 days 01:39:56.003000,0 days 00:00:30.125000,0 days 00:00:37.640000,0 days 00:00:25.405000,0 days 01:38:58.908000,0 days 01:39:36.548000,0 days 01:40:01.953000,284.0,253.0,,296.0,False,MEDIUM,24.0,True,Alfa Romeo,0 days 01:38:28.779000,,1,15.0,False,,False,False,20.4,63.0,1001.4,False,29.7,202,1.3,True,False,False,False,False,False,+44.333,+3.140,44.333,3.14,6001.949,93.17,5996.003,,30.125,37.64,25.405,5938.908,5976.548,6001.953,5908.779
2023,British Grand Prix,10,Great Britain,Silverstone,0 days 01:41:57.189000,ZHO,24,0 days 00:01:55.240000,25.0,2.0,0 days 01:40:25.174000,Guanyu Zhou,,0 days 00:00:51.925000,0 days 00:00:37.845000,0 days 00:00:25.470000,0 days 01:40:53.878000,0 days 01:41:31.723000,0 days 01:41:57.193000,288.0,255.0,247.0,296.0,False,HARD,1.0,True,Alfa Romeo,0 days 01:40:01.949000,,1,18.0,False,,False,False,20.4,62.0,1001.4,False,30.9,145,1.7,True,False,False,False,False,False,+66.973,+10.255,66.973,10.255,6117.189,115.24,,6025.174,51.925,37.845,25.47,6053.878,6091.723,6117.193,6001.949
2023,British Grand Prix,10,Great Britain,Silverstone,0 days 01:43:29.713000,ZHO,24,0 days 00:01:32.524000,26.0,2.0,,Guanyu Zhou,,0 days 00:00:29.595000,0 days 00:00:37.380000,0 days 00:00:25.549000,0 days 01:42:26.788000,0 days 01:43:04.168000,0 days 01:43:29.717000,284.0,253.0,247.0,294.0,True,HARD,2.0,True,Alfa Romeo,0 days 01:41:57.189000,,1,18.0,False,,False,True,20.5,63.0,1001.4,False,31.7,220,2.0,True,False,False,False,False,False,+67.220,+9.440,67.22,9.44,6209.713,92.524,,,29.595,37.38,25.549,6146.788,6184.168,6209.717,6117.189
2023,British Grand Prix,10,Great Britain,Silverstone,0 days 01:45:02.625000,ZHO,24,0 days 00:01:32.912000,27.0,2.0,,Guanyu Zhou,,0 days 00:00:29.810000,0 days 00:00:37.477000,0 days 00:00:25.625000,0 days 01:43:59.527000,0 days 01:44:37.004000,0 days 01:45:02.629000,281.0,254.0,247.0,291.0,False,HARD,3.0,True,Alfa Romeo,0 days 01:43:29.713000,,1,18.0,False,,False,True,20.8,62.0,1001.4,False,32.4,209,1.2,True,False,False,False,False,False,+67.994,+8.934,67.994,8.934,6302.625,92.912,,,29.81,37.477,25.625,6239.527,6277.004,6302.629,6209.713
2023,British Grand Prix,10,Great Britain,Silverstone,0 days 01:46:35.624000,ZHO,24,0 days 00:01:32.999000,28.0,2.0,,Guanyu Zhou,,0 days 00:00:29.871000,0 days 00:00:37.467000,0 days 00:00:25.661000,0 days 01:45:32.500000,0 days 01:46:09.967000,0 days 01:46:35.628000,283.0,255.0,248.0,293.0,False,HARD,4.0,True,Alfa Romeo,0 days 01:45:02.625000,,1,18.0,False,,False,True,20.8,62.0,1001.4,False,32.8,192,2.2,True,False,False,False,False,False,+68.783,+2.658,68.783,2.658,6395.624,92.999,,,29.871,37.467,25.661,6332.5,6369.967,6395.628,6302.625
2023,British Grand Prix,10,Great Britain,Silverstone,0 days 01:48:08.436000,ZHO,24,0 days 00:01:32.812000,29.0,2.0,,Guanyu Zhou,,0 days 00:00:29.774000,0 days 00:00:37.465000,0 days 00:00:25.573000,0 days 01:47:05.402000,0 days 01:47:42.867000,0 days 01:48:08.440000,283.0,255.0,248.0,293.0,False,HARD,5.0,True,Alfa Romeo,0 days 01:46:35.624000,,1,18.0,False,,False,True,21.0,61.0,1001.4,False,33.3,212,1.6,True,False,False,False,False,False,+69.339,+2.968,69.339,2.968,6488.436,92.812,,,29.774,37.465,25.573,6425.402,6462.867,6488.44,6395.624
2023,British Grand Prix,10,Great Britain,Silverstone,0 days 01:49:41.442000,ZHO,24,0 days 00:01:33.006000,30.0,2.0,,Guanyu Zhou,,0 days 00:00:29.912000,0 days 00:00:37.316000,0 days 00:00:25.778000,0 days 01:48:38.352000,0 days 01:49:15.668000,0 days 01:49:41.446000,282.0,256.0,248.0,293.0,False,HARD,6.0,True,Alfa Romeo,0 days 01:48:08.436000,,1,18.0,False,,False,True,21.0,61.0,1001.4,False,32.7,195,1.8,True,False,False,False,False,False,+70.004,+3.411,70.004,3.411,6581.442,93.006,,,29.912,37.316,25.778,6518.352,6555.668,6581.446,6488.436
2023,British Grand Prix,10,Great Britain,Silverstone,0 days 01:51:14.515000,ZHO,24,0 days 00:01:33.073000,31.0,2.0,,Guanyu Zhou,,0 days 00:00:29.899000,0 days 00:00:37.509000,0 days 00:00:25.665000,0 days 01:50:11.345000,0 days 01:50:48.854000,0 days 01:51:14.519000,282.0,257.0,248.0,294.0,False,HARD,7.0,True,Alfa Romeo,0 days 01:49:41.442000,,1,18.0,False,,False,True,21.0,62.0,1001.4,False,31.4,235,2.2,True,False,False,False,False,False,+70.667,+3.654,70.667,3.654,6674.515,93.073,,,29.899,37.509,25.665,6611.345,6648.854,6674.519,6581.442
2023,British Grand Prix,10,Great Britain,Silverstone,0 days 01:53:09.517000,ZHO,24,0 days 00:01:55.002000,32.0,2.0,,Guanyu Zhou,,0 days 00:00:29.928000,0 days 00:00:49.268000,0 days 00:00:35.806000,0 days 01:51:44.447000,0 days 01:52:33.715000,0 days 01:53:09.521000,283.0,173.0,187.0,225.0,False,HARD,8.0,True,Alfa Romeo,0 days 01:51:14.515000,,126,17.0,False,,False,False,21.0,63.0,1001.2,False,30.6,179,1.3,True,True,False,False,True,False,+93.459,+8.528,93.459,8.528,6789.517,115.002,,,29.928,49.268,35.806,6704.447,6753.715,6789.521,6674.515
2023,British Grand Prix,10,Great Britain,Silverstone,0 days 01:55:13.619000,ZHO,24,0 days 00:02:04.102000,33.0,2.0,,Guanyu Zhou,0 days 01:55:07.647000,0 days 00:00:44.303000,0 days 00:00:48.761000,0 days 00:00:31.038000,0 days 01:53:53.824000,0 days 01:54:42.585000,0 days 01:55:13.623000,155.0,203.0,,191.0,False,HARD,9.0,True,Alfa Romeo,0 days 01:53:09.517000,,64,15.0,False,,False,False,21.0,63.0,1001.2,False,30.6,226,1.2,False,False,True,False,True,False,+99.161,+6.915,99.161,6.915,6913.619,124.102,6907.647,,44.303,48.761,31.038,6833.824,6882.585,6913.623,6789.517
2023,British Grand Prix,10,Great Britain,Silverstone,0 days 01:57:36.533000,ZHO,24,0 days 00:02:22.914000,34.0,3.0,0 days 01:55:36.349000,Guanyu Zhou,,0 days 00:00:58.448000,0 days 00:00:51.755000,0 days 00:00:32.711000,0 days 01:56:12.071000,0 days 01:57:03.826000,0 days 01:57:36.537000,192.0,201.0,232.0,251.0,False,SOFT,1.0,True,Alfa Romeo,0 days 01:55:13.619000,,4,17.0,False,,False,False,20.9,62.0,1001.2,False,30.3,190,1.8,False,False,True,False,False,False,+65.017,+3.953,65.017,3.953,7056.533,142.914,,6936.349,58.448,51.755,32.711,6972.071,7023.826,7056.537,6913.619
2023,British Grand Prix,10,Great Britain,Silverstone,0 days 01:59:23.901000,ZHO,24,0 days 00:01:47.368000,35.0,3.0,,Guanyu Zhou,,0 days 00:00:34.157000,0 days 00:00:42.243000,0 days 00:00:30.968000,0 days 01:58:10.694000,0 days 01:58:52.937000,0 days 01:59:23.905000,227.0,246.0,85.0,285.0,False,SOFT,2.0,True,Alfa Romeo,0 days 01:57:36.533000,,4,17.0,False,,False,False,21.0,62.0,1001.2,False,30.1,247,1.7,False,False,True,False,False,False,+22.558,+3.599,22.558,3.599,7163.901,107.368,,,34.157,42.243,30.968,7090.694,7132.937,7163.905,7056.533
2023,British Grand Prix,10,Great Britain,Silverstone,0 days 02:01:44.428000,ZHO,24,0 days 00:02:20.527000,36.0,3.0,,Guanyu Zhou,0 days 02:01:38.499000,0 days 00:00:55.172000,0 days 00:00:50.023000,0 days 00:00:35.332000,0 days 02:00:19.077000,0 days 02:01:09.100000,0 days 02:01:44.432000,180.0,105.0,,241.0,False,SOFT,3.0,True,Alfa Romeo,0 days 01:59:23.901000,,4,15.0,False,,False,False,20.8,63.0,1001.2,False,29.8,217,1.5,False,False,True,False,False,False,+22.149,+0.770,22.149,0.77,7304.428,140.527,7298.499,,55.172,50.023,35.332,7219.077,7269.1,7304.432,7163.901
2023,British Grand Prix,10,Great Britain,Silverstone,0 days 02:04:13.149000,ZHO,24,0 days 00:02:28.721000,37.0,4.0,0 days 02:02:12.858000,Guanyu Zhou,,0 days 00:01:00.292000,0 days 00:00:47.909000,0 days 00:00:40.520000,0 days 02:02:44.724000,0 days 02:03:32.633000,0 days 02:04:13.153000,213.0,155.0,110.0,253.0,False,SOFT,4.0,False,Alfa Romeo,0 days 02:01:44.428000,,4,18.0,False,,False,False,20.9,63.0,1001.2,False,29.7,246,0.8,False,False,True,False,False,False,+19.681,+1.168,19.681,1.168,7453.149,148.721,,7332.858,60.292,47.909,40.52,7364.724,7412.633,7453.153,7304.428
2023,British Grand Prix,10,Great Britain,Silverstone,0 days 02:06:21.063000,ZHO,24,0 days 00:02:07.914000,38.0,4.0,,Guanyu Zhou,,0 days 00:00:40.249000,0 days 00:00:53.248000,0 days 00:00:34.417000,0 days 02:04:53.402000,0 days 02:05:46.650000,0 days 02:06:21.067000,259.0,139.0,250.0,217.0,False,SOFT,5.0,False,Alfa Romeo,0 days 02:04:13.149000,,41,18.0,False,,False,False,20.9,63.0,1001.0,False,29.7,188,0.8,True,False,True,False,False,False,+8.098,+0.393,8.098,0.393,7581.063,127.914,,,40.249,53.248,34.417,7493.402,7546.65,7581.067,7453.149
2023,British Grand Prix,10,Great Britain,Silverstone,0 days 02:07:54.251000,ZHO,24,0 days 00:01:33.188000,39.0,4.0,,Guanyu Zhou,,0 days 00:00:29.200000,0 days 00:00:38.147000,0 days 00:00:25.841000,0 days 02:06:50.267000,0 days 02:07:28.414000,0 days 02:07:54.255000,306.0,261.0,250.0,315.0,False,SOFT,6.0,False,Alfa Romeo,0 days 02:06:21.063000,,1,18.0,False,,False,True,21.0,64.0,1001.2,False,29.3,201,1.2,True,False,False,False,False,False,+10.938,+0.354,10.938,0.354,7674.251,93.188,,,29.2,38.147,25.841,7610.267,7648.414,7674.255,7581.063
2023,British Grand Prix,10,Great Britain,Silverstone,0 days 02:09:27.561000,ZHO,24,0 days 00:01:33.310000,40.0,4.0,,Guanyu Zhou,,0 days 00:00:29.221000,0 days 00:00:38.255000,0 days 00:00:25.834000,0 days 02:08:23.476000,0 days 02:09:01.731000,0 days 02:09:27.565000,305.0,260.0,249.0,298.0,False,SOFT,7.0,False,Alfa Romeo,0 days 02:07:54.251000,,1,18.0,False,,False,True,21.0,63.0,1001.0,False,29.5,218,1.1,True,False,False,False,False,False,+13.701,+0.484,13.701,0.484,7767.561,93.31,,,29.221,38.255,25.834,7703.476,7741.731,7767.565,7674.251
2023,British Grand Prix,10,Great Britain,Silverstone,0 days 02:11:00.216000,ZHO,24,0 days 00:01:32.655000,41.0,4.0,,Guanyu Zhou,,0 days 00:00:29.339000,0 days 00:00:37.653000,0 days 00:00:25.663000,0 days 02:09:56.904000,0 days 02:10:34.557000,0 days 02:11:00.220000,313.0,261.0,247.0,323.0,False,SOFT,8.0,False,Alfa Romeo,0 days 02:09:27.561000,,1,18.0,False,,False,True,21.1,62.0,1001.0,False,29.7,192,2.4,True,False,False,False,False,False,+15.668,+0.489,15.668,0.489,7860.216,92.655,,,29.339,37.653,25.663,7796.904,7834.557,7860.22,7767.561
2023,British Grand Prix,10,Great Britain,Silverstone,0 days 02:12:32.459000,ZHO,24,0 days 00:01:32.243000,42.0,4.0,,Guanyu Zhou,,0 days 00:00:29.299000,0 days 00:00:37.482000,0 days 00:00:25.462000,0 days 02:11:29.519000,0 days 02:12:07.001000,0 days 02:12:32.463000,314.0,263.0,250.0,324.0,True,SOFT,9.0,False,Alfa Romeo,0 days 02:11:00.216000,,1,18.0,False,,False,True,21.2,61.0,1001.0,False,29.9,192,1.0,True,False,False,False,False,False,+17.593,+0.368,17.593,0.368,7952.459,92.243,,,29.299,37.482,25.462,7889.519,7927.001,7952.463,7860.216
2023,British Grand Prix,10,Great Britain,Silverstone,0 days 02:14:05.104000,ZHO,24,0 days 00:01:32.645000,43.0,4.0,,Guanyu Zhou,,0 days 00:00:29.298000,0 days 00:00:37.603000,0 days 00:00:25.744000,0 days 02:13:01.761000,0 days 02:13:39.364000,0 days 02:14:05.108000,315.0,264.0,249.0,324.0,False,SOFT,10.0,False,Alfa Romeo,0 days 02:12:32.459000,,1,18.0,False,,False,True,21.4,61.0,1001.0,False,30.7,177,1.7,True,False,False,False,False,False,+19.746,+0.492,19.746,0.492,8045.104,92.645,,,29.298,37.603,25.744,7981.761,8019.364,8045.108,7952.459
2023,British Grand Prix,10,Great Britain,Silverstone,0 days 02:15:37.893000,ZHO,24,0 days 00:01:32.789000,44.0,4.0,,Guanyu Zhou,,0 days 00:00:29.443000,0 days 00:00:38.134000,0 days 00:00:25.212000,0 days 02:14:34.551000,0 days 02:15:12.685000,0 days 02:15:37.897000,310.0,261.0,248.0,330.0,False,SOFT,11.0,False,Alfa Romeo,0 days 02:14:05.104000,,1,17.0,False,,False,True,21.4,57.0,1001.0,False,31.1,220,2.0,True,False,False,False,False,False,+21.887,+1.466,21.887,1.466,8137.893,92.789,,,29.443,38.134,25.212,8074.551,8112.685,8137.897,8045.104
2023,British Grand Prix,10,Great Britain,Silverstone,0 days 02:17:10.395000,ZHO,24,0 days 00:01:32.502000,45.0,4.0,,Guanyu Zhou,,0 days 00:00:29.558000,0 days 00:00:37.307000,0 days 00:00:25.637000,0 days 02:16:07.455000,0 days 02:16:44.762000,0 days 02:17:10.399000,291.0,260.0,249.0,298.0,False,SOFT,12.0,False,Alfa Romeo,0 days 02:15:37.893000,,1,17.0,False,,False,True,21.4,57.0,1001.0,False,30.4,212,2.0,True,False,False,False,False,False,+23.048,+1.462,23.048,1.462,8230.395,92.502,,,29.558,37.307,25.637,8167.455,8204.762,8230.399,8137.893
2023,British Grand Prix,10,Great Britain,Silverstone,0 days 02:18:42.724000,ZHO,24,0 days 00:01:32.329000,46.0,4.0,,Guanyu Zhou,,0 days 00:00:29.533000,0 days 00:00:37.221000,0 days 00:00:25.575000,0 days 02:17:39.932000,0 days 02:18:17.153000,0 days 02:18:42.728000,286.0,260.0,248.0,297.0,False,SOFT,13.0,False,Alfa Romeo,0 days 02:17:10.395000,,1,16.0,False,,False,True,21.4,57.0,1001.0,False,30.3,186,3.0,True,False,False,False,False,False,+24.259,+1.281,24.259,1.281,8322.724,92.329,,,29.533,37.221,25.575,8259.932,8297.153,8322.728,8230.395
2023,British Grand Prix,10,Great Britain,Silverstone,0 days 02:20:14.681000,ZHO,24,0 days 00:01:31.957000,47.0,4.0,,Guanyu Zhou,,0 days 00:00:29.433000,0 days 00:00:37.007000,0 days 00:00:25.517000,0 days 02:19:12.161000,0 days 02:19:49.168000,0 days 02:20:14.685000,290.0,258.0,249.0,300.0,True,SOFT,14.0,False,Alfa Romeo,0 days 02:18:42.724000,,1,16.0,False,,False,True,21.4,59.0,1001.0,False,30.0,192,2.4,True,False,False,False,False,False,+25.050,+0.966,25.05,0.966,8414.681,91.957,,,29.433,37.007,25.517,8352.161,8389.168,8414.685,8322.724
2023,British Grand Prix,10,Great Britain,Silverstone,0 days 02:21:46.450000,ZHO,24,0 days 00:01:31.769000,48.0,4.0,,Guanyu Zhou,,0 days 00:00:29.139000,0 days 00:00:37.142000,0 days 00:00:25.488000,0 days 02:20:43.824000,0 days 02:21:20.966000,0 days 02:21:46.454000,306.0,263.0,248.0,317.0,True,SOFT,15.0,False,Alfa Romeo,0 days 02:20:14.681000,,1,16.0,False,,False,True,21.5,57.0,1001.0,False,29.9,184,3.2,True,False,False,False,False,False,+25.440,+0.619,25.44,0.619,8506.45,91.769,,,29.139,37.142,25.488,8443.824,8480.966,8506.454,8414.681
2023,British Grand Prix,10,Great Britain,Silverstone,0 days 02:23:19.049000,ZHO,24,0 days 00:01:32.599000,49.0,4.0,,Guanyu Zhou,,0 days 00:00:29.300000,0 days 00:00:37.442000,0 days 00:00:25.857000,0 days 02:22:15.754000,0 days 02:22:53.196000,0 days 02:23:19.053000,307.0,261.0,248.0,318.0,False,SOFT,16.0,False,Alfa Romeo,0 days 02:21:46.450000,,1,16.0,False,,False,True,21.5,54.0,1001.0,False,29.6,188,3.4,True,False,False,False,False,False,+26.821,+0.714,26.821,0.714,8599.049,92.599,,,29.3,37.442,25.857,8535.754,8573.196,8599.053,8506.45
2023,British Grand Prix,10,Great Britain,Silverstone,0 days 02:24:51.508000,ZHO,24,0 days 00:01:32.459000,50.0,4.0,,Guanyu Zhou,,0 days 00:00:29.194000,0 days 00:00:37.294000,0 days 00:00:25.971000,0 days 02:23:48.247000,0 days 02:24:25.541000,0 days 02:24:51.512000,309.0,261.0,246.0,331.0,False,SOFT,17.0,False,Alfa Romeo,0 days 02:23:19.049000,,1,16.0,False,,False,True,21.6,54.0,1001.0,False,29.7,182,4.0,True,False,False,False,False,False,+27.988,+0.383,27.988,0.383,8691.508,92.459,,,29.194,37.294,25.971,8628.247,8665.541,8691.512,8599.049
2023,British Grand Prix,10,Great Britain,Silverstone,0 days 02:26:23.598000,ZHO,24,0 days 00:01:32.090000,51.0,4.0,,Guanyu Zhou,,0 days 00:00:29.285000,0 days 00:00:37.357000,0 days 00:00:25.448000,0 days 02:25:20.797000,0 days 02:25:58.154000,0 days 02:26:23.602000,309.0,263.0,248.0,326.0,False,SOFT,18.0,False,Alfa Romeo,0 days 02:24:51.508000,,1,15.0,False,,False,True,21.7,54.0,1001.0,False,30.2,203,3.7,True,False,False,False,False,False,+28.681,+2.819,28.681,2.819,8783.598,92.09,,,29.285,37.357,25.448,8720.797,8758.154,8783.602,8691.508
2023,British Grand Prix,10,Great Britain,Silverstone,0 days 02:27:55.712000,ZHO,24,0 days 00:01:32.114000,52.0,4.0,,Guanyu Zhou,,0 days 00:00:29.536000,0 days 00:00:37.162000,0 days 00:00:25.416000,0 days 02:26:53.138000,0 days 02:27:30.300000,0 days 02:27:55.716000,287.0,260.0,248.0,297.0,False,SOFT,19.0,False,Alfa Romeo,0 days 02:26:23.598000,,1,15.0,False,,False,True,21.8,52.0,1001.0,False,29.8,193,4.8,True,False,False,False,False,False,+29.820,+2.337,29.82,2.337,8875.712,92.114,,,29.536,37.162,25.416,8813.138,8850.3,8875.716,8783.598
2023,British Grand Prix,10,Great Britain,Silverstone,0 days 01:03:52.457000,HUL,27,0 days 00:01:43.503000,1.0,1.0,,Nico Hulkenberg,,,0 days 00:00:40.665000,0 days 00:00:27.066000,,0 days 01:03:25.542000,0 days 01:03:52.588000,304.0,250.0,242.0,302.0,False,HARD,1.0,True,Haas F1 Team,0 days 01:02:08.731000,,1,14.0,False,,False,False,21.4,54.0,1001.2,False,29.6,236,3.7,True,False,False,False,False,False,+6.859,+0.297,6.859,0.297,3832.457,103.503,,,,40.665,27.066,,3805.542,3832.588,3728.731
2023,British Grand Prix,10,Great Britain,Silverstone,0 days 01:05:27.734000,HUL,27,0 days 00:01:35.277000,2.0,1.0,,Nico Hulkenberg,,0 days 00:00:30.229000,0 days 00:00:38.722000,0 days 00:00:26.326000,0 days 01:04:22.723000,0 days 01:05:01.445000,0 days 01:05:27.771000,291.0,251.0,243.0,298.0,True,HARD,2.0,True,Haas F1 Team,0 days 01:03:52.457000,,1,14.0,False,,False,True,21.4,55.0,1001.4,False,29.5,191,3.2,True,False,False,False,False,False,+9.142,+0.404,9.142,0.404,3927.734,95.277,,,30.229,38.722,26.326,3862.723,3901.445,3927.771,3832.457
2023,British Grand Prix,10,Great Britain,Silverstone,0 days 01:07:02.264000,HUL,27,0 days 00:01:34.530000,3.0,1.0,,Nico Hulkenberg,,0 days 00:00:30.017000,0 days 00:00:38.446000,0 days 00:00:26.067000,0 days 01:05:57.788000,0 days 01:06:36.234000,0 days 01:07:02.301000,311.0,256.0,243.0,323.0,True,HARD,3.0,True,Haas F1 Team,0 days 01:05:27.734000,,1,14.0,False,,False,True,21.5,54.0,1001.2,False,29.4,238,3.4,True,False,False,False,False,False,+10.533,+0.664,10.533,0.664,4022.264,94.53,,,30.017,38.446,26.067,3957.788,3996.234,4022.301,3927.734
2023,British Grand Prix,10,Great Britain,Silverstone,0 days 01:08:36.618000,HUL,27,0 days 00:01:34.354000,4.0,1.0,,Nico Hulkenberg,,0 days 00:00:29.856000,0 days 00:00:38.495000,0 days 00:00:26.003000,0 days 01:07:32.157000,0 days 01:08:10.652000,0 days 01:08:36.655000,306.0,254.0,244.0,315.0,True,HARD,4.0,True,Haas F1 Team,0 days 01:07:02.264000,,1,14.0,False,,False,True,21.4,55.0,1001.2,False,29.4,188,3.2,True,False,False,False,False,False,+12.115,+0.656,12.115,0.656,4116.618,94.354,,,29.856,38.495,26.003,4052.157,4090.652,4116.655,4022.264
2023,British Grand Prix,10,Great Britain,Silverstone,0 days 01:10:12.206000,HUL,27,0 days 00:01:35.588000,5.0,1.0,,Nico Hulkenberg,,0 days 00:00:30.783000,0 days 00:00:38.914000,0 days 00:00:25.891000,0 days 01:09:07.438000,0 days 01:09:46.352000,0 days 01:10:12.243000,317.0,253.0,244.0,312.0,False,HARD,5.0,True,Haas F1 Team,0 days 01:08:36.618000,,1,15.0,False,,False,True,21.4,55.0,1001.2,False,29.3,221,3.4,True,False,False,False,False,False,+14.526,+0.951,14.526,0.951,4212.206,95.588,,,30.783,38.914,25.891,4147.438,4186.352,4212.243,4116.618
2023,British Grand Prix,10,Great Britain,Silverstone,0 days 01:11:47.837000,HUL,27,0 days 00:01:35.631000,6.0,1.0,,Nico Hulkenberg,,0 days 00:00:30.040000,0 days 00:00:38.689000,0 days 00:00:26.902000,0 days 01:10:42.283000,0 days 01:11:20.972000,0 days 01:11:47.874000,290.0,251.0,242.0,292.0,False,HARD,6.0,True,Haas F1 Team,0 days 01:10:12.206000,,1,16.0,False,,False,True,21.5,55.0,1001.4,False,29.4,193,3.2,True,False,False,False,False,False,+17.074,+0.689,17.074,0.689,4307.837,95.631,,,30.04,38.689,26.902,4242.283,4280.972,4307.874,4212.206
2023,British Grand Prix,10,Great Britain,Silverstone,0 days 01:13:22.249000,HUL,27,0 days 00:01:34.412000,7.0,1.0,,Nico Hulkenberg,0 days 01:13:16.312000,0 days 00:00:29.919000,0 days 00:00:38.794000,0 days 00:00:25.699000,0 days 01:12:17.793000,0 days 01:12:56.587000,0 days 01:13:22.286000,309.0,251.0,,304.0,False,HARD,7.0,True,Haas F1 Team,0 days 01:11:47.837000,,1,16.0,True,TRACK LIMITS AT TURN 15 LAP 7 ,False,False,21.4,54.0,1001.2,False,29.3,198,4.0,True,False,False,False,False,False,+18.985,+1.477,18.985,1.477,4402.249,94.412,4396.312,,29.919,38.794,25.699,4337.793,4376.587,4402.286,4307.837
2023,British Grand Prix,10,Great Britain,Silverstone,0 days 01:15:30.171000,HUL,27,0 days 00:02:07.922000,8.0,2.0,0 days 01:13:58.296000,Nico Hulkenberg,,0 days 00:01:03.362000,0 days 00:00:38.530000,0 days 00:00:26.030000,0 days 01:14:25.648000,0 days 01:15:04.178000,0 days 01:15:30.208000,288.0,251.0,245.0,289.0,False,MEDIUM,1.0,True,Haas F1 Team,0 days 01:13:22.249000,,1,20.0,False,,False,False,21.5,55.0,1001.4,False,29.1,201,3.5,True,False,False,False,False,False,+53.517,+30.373,53.517,30.373,4530.171,127.922,,4438.296,63.362,38.53,26.03,4465.648,4504.178,4530.208,4402.249
2023,British Grand Prix,10,Great Britain,Silverstone,0 days 01:17:03.840000,HUL,27,0 days 00:01:33.669000,9.0,2.0,,Nico Hulkenberg,,0 days 00:00:29.602000,0 days 00:00:38.090000,0 days 00:00:25.977000,0 days 01:15:59.810000,0 days 01:16:37.900000,0 days 01:17:03.877000,288.0,252.0,244.0,289.0,True,MEDIUM,2.0,True,Haas F1 Team,0 days 01:15:30.171000,,1,20.0,False,,False,True,21.3,55.0,1001.2,False,29.1,201,3.5,True,False,False,False,False,False,+54.361,+29.393,54.361,29.393,4623.84,93.669,,,29.602,38.09,25.977,4559.81,4597.9,4623.877,4530.171
2023,British Grand Prix,10,Great Britain,Silverstone,0 days 01:18:37.365000,HUL,27,0 days 00:01:33.525000,10.0,2.0,,Nico Hulkenberg,,0 days 00:00:29.701000,0 days 00:00:37.890000,0 days 00:00:25.934000,0 days 01:17:33.578000,0 days 01:18:11.468000,0 days 01:18:37.402000,289.0,253.0,245.0,288.0,True,MEDIUM,3.0,True,Haas F1 Team,0 days 01:17:03.840000,,1,19.0,False,,False,True,21.3,55.0,1001.2,False,29.2,202,3.7,True,False,False,False,False,False,+55.293,+28.265,55.293,28.265,4717.365,93.525,,,29.701,37.89,25.934,4653.578,4691.468,4717.402,4623.84
2023,British Grand Prix,10,Great Britain,Silverstone,0 days 01:20:11.331000,HUL,27,0 days 00:01:33.966000,11.0,2.0,,Nico Hulkenberg,,0 days 00:00:29.952000,0 days 00:00:37.887000,0 days 00:00:26.127000,0 days 01:19:07.354000,0 days 01:19:45.241000,0 days 01:20:11.368000,289.0,251.0,244.0,289.0,False,MEDIUM,4.0,True,Haas F1 Team,0 days 01:18:37.365000,,1,19.0,False,,False,True,21.3,55.0,1001.2,False,29.1,175,3.0,True,False,False,False,False,False,+56.661,+27.859,56.661,27.859,4811.331,93.966,,,29.952,37.887,26.127,4747.354,4785.241,4811.368,4717.365
2023,British Grand Prix,10,Great Britain,Silverstone,0 days 01:21:45.353000,HUL,27,0 days 00:01:34.022000,12.0,2.0,,Nico Hulkenberg,,0 days 00:00:29.974000,0 days 00:00:37.808000,0 days 00:00:26.240000,0 days 01:20:41.342000,0 days 01:21:19.150000,0 days 01:21:45.390000,289.0,250.0,245.0,286.0,False,MEDIUM,5.0,True,Haas F1 Team,0 days 01:20:11.331000,,1,19.0,False,,False,True,21.3,55.0,1001.2,False,29.1,187,4.5,True,False,False,False,False,False,+57.996,+27.337,57.996,27.337,4905.353,94.022,,,29.974,37.808,26.24,4841.342,4879.15,4905.39,4811.331
2023,British Grand Prix,10,Great Britain,Silverstone,0 days 01:23:19.653000,HUL,27,0 days 00:01:34.300000,13.0,2.0,,Nico Hulkenberg,,0 days 00:00:30.201000,0 days 00:00:37.980000,0 days 00:00:26.119000,0 days 01:22:15.591000,0 days 01:22:53.571000,0 days 01:23:19.690000,287.0,249.0,244.0,289.0,False,MEDIUM,6.0,True,Haas F1 Team,0 days 01:21:45.353000,,1,19.0,False,,False,True,21.4,57.0,1001.5,False,28.8,205,4.5,True,False,False,False,False,False,+59.618,+27.298,59.618,27.298,4999.653,94.3,,,30.201,37.98,26.119,4935.591,4973.571,4999.69,4905.353
2023,British Grand Prix,10,Great Britain,Silverstone,0 days 01:24:53.839000,HUL,27,0 days 00:01:34.186000,14.0,2.0,,Nico Hulkenberg,,0 days 00:00:30.334000,0 days 00:00:37.988000,0 days 00:00:25.864000,0 days 01:23:50.024000,0 days 01:24:28.012000,0 days 01:24:53.876000,288.0,250.0,245.0,292.0,False,MEDIUM,7.0,True,Haas F1 Team,0 days 01:23:19.653000,,1,19.0,False,,False,True,21.1,60.0,1001.5,False,27.8,229,4.5,True,False,False,False,False,False,+60.763,+32.500,60.763,32.5,5093.839,94.186,,,30.334,37.988,25.864,5030.024,5068.012,5093.876,4999.653
2023,British Grand Prix,10,Great Britain,Silverstone,0 days 01:26:27.764000,HUL,27,0 days 00:01:33.925000,15.0,2.0,,Nico Hulkenberg,,0 days 00:00:30.004000,0 days 00:00:37.990000,0 days 00:00:25.931000,0 days 01:25:23.880000,0 days 01:26:01.870000,0 days 01:26:27.801000,287.0,246.0,245.0,291.0,False,MEDIUM,8.0,True,Haas F1 Team,0 days 01:24:53.839000,,1,19.0,False,,False,True,20.9,61.0,1001.5,False,27.7,255,2.5,True,False,False,False,False,False,+61.703,+12.341,61.703,12.341,5187.764,93.925,,,30.004,37.99,25.931,5123.88,5161.87,5187.801,5093.839
2023,British Grand Prix,10,Great Britain,Silverstone,0 days 01:28:01.404000,HUL,27,0 days 00:01:33.640000,16.0,2.0,,Nico Hulkenberg,,0 days 00:00:30.079000,0 days 00:00:37.717000,0 days 00:00:25.844000,0 days 01:26:57.880000,0 days 01:27:35.597000,0 days 01:28:01.441000,286.0,250.0,245.0,291.0,False,MEDIUM,9.0,True,Haas F1 Team,0 days 01:26:27.764000,,1,19.0,False,,False,True,20.5,63.0,1001.5,False,27.8,241,1.8,True,False,False,False,False,False,+62.519,+12.912,62.519,12.912,5281.404,93.64,,,30.079,37.717,25.844,5217.88,5255.597,5281.441,5187.764
2023,British Grand Prix,10,Great Britain,Silverstone,0 days 01:29:35.020000,HUL,27,0 days 00:01:33.616000,17.0,2.0,,Nico Hulkenberg,,0 days 00:00:30.003000,0 days 00:00:37.774000,0 days 00:00:25.839000,0 days 01:28:31.444000,0 days 01:29:09.218000,0 days 01:29:35.057000,288.0,250.0,246.0,291.0,False,MEDIUM,10.0,True,Haas F1 Team,0 days 01:28:01.404000,,1,19.0,False,,False,True,20.1,63.0,1001.4,False,27.9,222,2.2,True,False,False,False,False,False,+63.543,+13.595,63.543,13.595,5375.02,93.616,,,30.003,37.774,25.839,5311.444,5349.218,5375.057,5281.404
2023,British Grand Prix,10,Great Britain,Silverstone,0 days 01:31:08.611000,HUL,27,0 days 00:01:33.591000,18.0,2.0,,Nico Hulkenberg,,0 days 00:00:29.983000,0 days 00:00:37.739000,0 days 00:00:25.869000,0 days 01:30:05.040000,0 days 01:30:42.779000,0 days 01:31:08.648000,288.0,251.0,245.0,291.0,False,MEDIUM,11.0,True,Haas F1 Team,0 days 01:29:35.020000,,1,19.0,False,,False,True,20.1,64.0,1001.5,False,28.3,229,2.4,True,False,False,False,False,False,+64.612,+14.106,64.612,14.106,5468.611,93.591,,,29.983,37.739,25.869,5405.04,5442.779,5468.648,5375.02
2023,British Grand Prix,10,Great Britain,Silverstone,0 days 01:32:42.374000,HUL,27,0 days 00:01:33.763000,19.0,2.0,,Nico Hulkenberg,,0 days 00:00:30.172000,0 days 00:00:37.783000,0 days 00:00:25.808000,0 days 01:31:38.820000,0 days 01:32:16.603000,0 days 01:32:42.411000,287.0,251.0,246.0,295.0,False,MEDIUM,12.0,True,Haas F1 Team,0 days 01:31:08.611000,,1,19.0,False,,False,True,20.1,64.0,1001.4,False,28.9,239,3.4,True,False,False,False,False,False,+66.020,+14.422,66.02,14.422,5562.374,93.763,,,30.172,37.783,25.808,5498.82,5536.603,5562.411,5468.611
2023,British Grand Prix,10,Great Britain,Silverstone,0 days 01:34:15.929000,HUL,27,0 days 00:01:33.555000,20.0,2.0,,Nico Hulkenberg,,0 days 00:00:30.010000,0 days 00:00:37.765000,0 days 00:00:25.780000,0 days 01:33:12.421000,0 days 01:33:50.186000,0 days 01:34:15.966000,287.0,252.0,246.0,293.0,False,MEDIUM,13.0,True,Haas F1 Team,0 days 01:32:42.374000,,1,19.0,False,,False,True,20.3,64.0,1001.2,False,29.3,217,2.7,True,False,False,False,False,False,+67.286,+14.687,67.286,14.687,5655.929,93.555,,,30.01,37.765,25.78,5592.421,5630.186,5655.966,5562.374
2023,British Grand Prix,10,Great Britain,Silverstone,0 days 01:35:49.279000,HUL,27,0 days 00:01:33.350000,21.0,2.0,,Nico Hulkenberg,,0 days 00:00:30.059000,0 days 00:00:37.605000,0 days 00:00:25.686000,0 days 01:34:46.025000,0 days 01:35:23.630000,0 days 01:35:49.316000,288.0,251.0,246.0,294.0,True,MEDIUM,14.0,True,Haas F1 Team,0 days 01:34:15.929000,,1,19.0,False,,False,True,20.2,64.0,1001.4,False,29.6,206,2.2,True,False,False,False,False,False,+68.150,+14.856,68.15,14.856,5749.279,93.35,,,30.059,37.605,25.686,5686.025,5723.63,5749.316,5655.929
2023,British Grand Prix,10,Great Britain,Silverstone,0 days 01:37:22.422000,HUL,27,0 days 00:01:33.143000,22.0,2.0,,Nico Hulkenberg,,0 days 00:00:29.962000,0 days 00:00:37.550000,0 days 00:00:25.631000,0 days 01:36:19.278000,0 days 01:36:56.828000,0 days 01:37:22.459000,288.0,252.0,246.0,294.0,True,MEDIUM,15.0,True,Haas F1 Team,0 days 01:35:49.279000,,1,19.0,False,,False,True,20.0,64.0,1001.2,False,29.6,222,1.7,True,False,False,False,False,False,+69.132,+15.006,69.132,15.006,5842.422,93.143,,,29.962,37.55,25.631,5779.278,5816.828,5842.459,5749.279
2023,British Grand Prix,10,Great Britain,Silverstone,0 days 01:38:55.716000,HUL,27,0 days 00:01:33.294000,23.0,2.0,,Nico Hulkenberg,,0 days 00:00:29.853000,0 days 00:00:37.675000,0 days 00:00:25.766000,0 days 01:37:52.312000,0 days 01:38:29.987000,0 days 01:38:55.753000,287.0,252.0,245.0,294.0,False,MEDIUM,16.0,True,Haas F1 Team,0 days 01:37:22.422000,,1,19.0,False,,False,True,20.2,63.0,1001.4,False,29.6,214,0.8,True,False,False,False,False,False,+70.133,+15.187,70.133,15.187,5935.716,93.294,,,29.853,37.675,25.766,5872.312,5909.987,5935.753,5842.422
2023,British Grand Prix,10,Great Britain,Silverstone,0 days 01:40:29.177000,HUL,27,0 days 00:01:33.461000,24.0,2.0,,Nico Hulkenberg,,0 days 00:00:29.939000,0 days 00:00:37.751000,0 days 00:00:25.771000,0 days 01:39:25.692000,0 days 01:40:03.443000,0 days 01:40:29.214000,288.0,252.0,246.0,297.0,False,MEDIUM,17.0,True,Haas F1 Team,0 days 01:38:55.716000,,1,19.0,False,,False,True,20.4,63.0,1001.4,False,29.7,202,1.3,True,False,False,False,False,False,+71.248,+15.379,71.248,15.379,6029.177,93.461,,,29.939,37.751,25.771,5965.692,6003.443,6029.214,5935.716
2023,British Grand Prix,10,Great Britain,Silverstone,0 days 01:42:02.528000,HUL,27,0 days 00:01:33.351000,25.0,2.0,,Nico Hulkenberg,,0 days 00:00:29.998000,0 days 00:00:37.687000,0 days 00:00:25.666000,0 days 01:40:59.212000,0 days 01:41:36.899000,0 days 01:42:02.565000,288.0,254.0,246.0,296.0,False,MEDIUM,18.0,True,Haas F1 Team,0 days 01:40:29.177000,,1,19.0,False,,False,True,20.5,62.0,1001.4,False,31.4,240,1.1,True,False,False,False,False,False,+72.279,+5.306,72.279,5.306,6122.528,93.351,,,29.998,37.687,25.666,6059.212,6096.899,6122.565,6029.177
2023,British Grand Prix,10,Great Britain,Silverstone,0 days 01:43:36.172000,HUL,27,0 days 00:01:33.644000,26.0,2.0,,Nico Hulkenberg,,0 days 00:00:30.174000,0 days 00:00:37.778000,0 days 00:00:25.692000,0 days 01:42:32.739000,0 days 01:43:10.517000,0 days 01:43:36.209000,288.0,252.0,246.0,296.0,False,MEDIUM,19.0,True,Haas F1 Team,0 days 01:42:02.528000,,1,19.0,False,,False,True,20.5,63.0,1001.4,False,31.7,220,2.0,True,False,False,False,False,False,+73.653,+6.437,73.653,6.437,6216.172,93.644,,,30.174,37.778,25.692,6152.739,6190.517,6216.209,6122.528
2023,British Grand Prix,10,Great Britain,Silverstone,0 days 01:45:09.294000,HUL,27,0 days 00:01:33.122000,27.0,2.0,,Nico Hulkenberg,,0 days 00:00:29.872000,0 days 00:00:37.706000,0 days 00:00:25.544000,0 days 01:44:06.081000,0 days 01:44:43.787000,0 days 01:45:09.331000,288.0,252.0,247.0,296.0,True,MEDIUM,20.0,True,Haas F1 Team,0 days 01:43:36.172000,,1,19.0,False,,False,True,20.8,62.0,1001.4,False,32.4,209,1.2,True,False,False,False,False,False,+74.663,+6.669,74.663,6.669,6309.294,93.122,,,29.872,37.706,25.544,6246.081,6283.787,6309.331,6216.172
2023,British Grand Prix,10,Great Britain,Silverstone,0 days 01:46:42.574000,HUL,27,0 days 00:01:33.280000,28.0,2.0,,Nico Hulkenberg,,0 days 00:00:30.016000,0 days 00:00:37.610000,0 days 00:00:25.654000,0 days 01:45:39.347000,0 days 01:46:16.957000,0 days 01:46:42.611000,289.0,250.0,247.0,296.0,False,MEDIUM,21.0,True,Haas F1 Team,0 days 01:45:09.294000,,1,19.0,False,,False,True,20.8,62.0,1001.4,False,32.8,192,2.2,True,False,False,False,False,False,+75.715,+6.932,75.715,6.932,6402.574,93.28,,,30.016,37.61,25.654,6339.347,6376.957,6402.611,6309.294
2023,British Grand Prix,10,Great Britain,Silverstone,0 days 01:48:15.681000,HUL,27,0 days 00:01:33.107000,29.0,2.0,,Nico Hulkenberg,,0 days 00:00:30.002000,0 days 00:00:37.572000,0 days 00:00:25.533000,0 days 01:47:12.613000,0 days 01:47:50.185000,0 days 01:48:15.718000,288.0,254.0,247.0,296.0,True,MEDIUM,22.0,True,Haas F1 Team,0 days 01:46:42.574000,,1,19.0,False,,False,True,21.0,61.0,1001.4,False,33.3,212,1.6,True,False,False,False,False,False,+76.568,+7.235,76.568,7.235,6495.681,93.107,,,30.002,37.572,25.533,6432.613,6470.185,6495.718,6402.574
2023,British Grand Prix,10,Great Britain,Silverstone,0 days 01:49:49.013000,HUL,27,0 days 00:01:33.332000,30.0,2.0,,Nico Hulkenberg,,0 days 00:00:29.991000,0 days 00:00:37.593000,0 days 00:00:25.748000,0 days 01:48:45.709000,0 days 01:49:23.302000,0 days 01:49:49.050000,287.0,254.0,247.0,295.0,False,MEDIUM,23.0,True,Haas F1 Team,0 days 01:48:15.681000,,1,19.0,False,,False,True,21.1,62.0,1001.2,False,32.4,207,3.0,True,False,False,False,False,False,+77.553,+7.571,77.553,7.571,6589.013,93.332,,,29.991,37.593,25.748,6525.709,6563.302,6589.05,6495.681
2023,British Grand Prix,10,Great Britain,Silverstone,0 days 01:51:22.146000,HUL,27,0 days 00:01:33.133000,31.0,2.0,,Nico Hulkenberg,,0 days 00:00:30.016000,0 days 00:00:37.546000,0 days 00:00:25.571000,0 days 01:50:19.066000,0 days 01:50:56.612000,0 days 01:51:22.183000,287.0,254.0,248.0,296.0,False,MEDIUM,24.0,True,Haas F1 Team,0 days 01:49:49.013000,,1,19.0,False,,False,True,21.0,62.0,1001.4,False,31.4,235,2.2,True,False,False,False,False,False,+78.298,+7.631,78.298,7.631,6682.146,93.133,,,30.016,37.546,25.571,6619.066,6656.612,6682.183,6589.013
2023,British Grand Prix,10,Great Britain,Silverstone,0 days 01:53:16.292000,HUL,27,0 days 00:01:54.146000,32.0,2.0,,Nico Hulkenberg,0 days 01:53:10.368000,0 days 00:00:30.035000,0 days 00:00:54.039000,0 days 00:00:30.072000,0 days 01:51:52.218000,0 days 01:52:46.257000,0 days 01:53:16.329000,280.0,211.0,,232.0,False,MEDIUM,25.0,True,Haas F1 Team,0 days 01:51:22.146000,,126,18.0,False,,False,False,21.0,63.0,1001.2,False,30.6,179,1.3,True,True,False,False,True,False,+100.215,+11.151,100.215,11.151,6796.292,114.146,6790.368,,30.035,54.039,30.072,6712.218,6766.257,6796.329,6682.146
2023,British Grand Prix,10,Great Britain,Silverstone,0 days 01:55:42.966000,HUL,27,0 days 00:02:26.674000,33.0,3.0,0 days 01:53:40.398000,Nico Hulkenberg,,0 days 00:00:59.270000,0 days 00:00:53.983000,0 days 00:00:33.421000,0 days 01:54:15.599000,0 days 01:55:09.582000,0 days 01:55:43.003000,180.0,221.0,181.0,251.0,False,SOFT,1.0,True,Haas F1 Team,0 days 01:53:16.292000,,64,18.0,False,,False,False,21.0,63.0,1001.2,False,30.5,201,1.7,False,False,True,False,True,False,+128.297,+17.044,128.297,17.044,6942.966,146.674,,6820.398,59.27,53.983,33.421,6855.599,6909.582,6943.003,6796.292
2023,British Grand Prix,10,Great Britain,Silverstone,0 days 01:57:48.858000,HUL,27,0 days 00:02:05.892000,34.0,3.0,,Nico Hulkenberg,,0 days 00:00:41.686000,0 days 00:00:53.089000,0 days 00:00:31.117000,0 days 01:56:24.689000,0 days 01:57:17.778000,0 days 01:57:48.895000,193.0,216.0,227.0,223.0,False,SOFT,2.0,True,Haas F1 Team,0 days 01:55:42.966000,,4,18.0,False,,False,False,20.9,62.0,1001.2,False,30.3,190,1.8,False,False,True,False,False,False,+77.381,+12.364,77.381,12.364,7068.858,125.892,,,41.686,53.089,31.117,6984.689,7037.778,7068.895,6942.966
2023,British Grand Prix,10,Great Britain,Silverstone,0 days 01:59:30.741000,HUL,27,0 days 00:01:41.883000,35.0,3.0,,Nico Hulkenberg,,0 days 00:00:32.250000,0 days 00:00:41.602000,0 days 00:00:28.031000,0 days 01:58:21.145000,0 days 01:59:02.747000,0 days 01:59:30.778000,249.0,234.0,221.0,289.0,False,SOFT,3.0,True,Haas F1 Team,0 days 01:57:48.858000,,4,18.0,False,,False,False,21.0,62.0,1001.2,False,30.1,247,1.7,False,False,True,False,False,False,+31.812,+9.254,31.812,9.254,7170.741,101.883,,,32.25,41.602,28.031,7101.145,7142.747,7170.778,7068.858
2023,British Grand Prix,10,Great Britain,Silverstone,0 days 02:01:48.527000,HUL,27,0 days 00:02:17.786000,36.0,3.0,,Nico Hulkenberg,,0 days 00:00:49.842000,0 days 00:00:50.684000,0 days 00:00:37.260000,0 days 02:00:20.620000,0 days 02:01:11.304000,0 days 02:01:48.564000,163.0,87.0,229.0,240.0,False,SOFT,4.0,True,Haas F1 Team,0 days 01:59:30.741000,,4,18.0,False,,False,False,20.8,63.0,1001.2,False,29.8,217,1.5,False,False,True,False,False,False,+22.751,+2.196,22.751,2.196,7308.527,137.786,,,49.842,50.684,37.26,7220.62,7271.304,7308.564,7170.741
2023,British Grand Prix,10,Great Britain,Silverstone,0 days 02:04:11.687000,HUL,27,0 days 00:02:23.160000,37.0,3.0,,Nico Hulkenberg,,0 days 00:00:51.864000,0 days 00:00:51.023000,0 days 00:00:40.273000,0 days 02:02:40.428000,0 days 02:03:31.451000,0 days 02:04:11.724000,173.0,96.0,96.0,257.0,False,SOFT,5.0,True,Haas F1 Team,0 days 02:01:48.527000,,4,17.0,False,,False,False,20.9,63.0,1001.2,False,29.7,246,0.8,False,False,True,False,False,False,+18.513,+1.630,18.513,1.63,7451.687,143.16,,,51.864,51.023,40.273,7360.428,7411.451,7451.724,7308.527
2023,British Grand Prix,10,Great Britain,Silverstone,0 days 02:06:20.670000,HUL,27,0 days 00:02:08.983000,38.0,3.0,,Nico Hulkenberg,,0 days 00:00:40.831000,0 days 00:00:52.970000,0 days 00:00:35.182000,0 days 02:04:52.555000,0 days 02:05:45.525000,0 days 02:06:20.707000,263.0,147.0,252.0,221.0,False,SOFT,6.0,True,Haas F1 Team,0 days 02:04:11.687000,,41,17.0,False,,False,False,20.9,63.0,1001.2,False,29.4,199,1.8,True,False,True,False,False,False,+7.686,+0.421,7.686,0.421,7580.67,128.983,,,40.831,52.97,35.182,7492.555,7545.525,7580.707,7451.687
2023,British Grand Prix,10,Great Britain,Silverstone,0 days 02:07:53.197000,HUL,27,0 days 00:01:32.527000,39.0,3.0,,Nico Hulkenberg,,0 days 00:00:29.268000,0 days 00:00:37.613000,0 days 00:00:25.646000,0 days 02:06:49.975000,0 days 02:07:27.588000,0 days 02:07:53.234000,310.0,259.0,249.0,305.0,True,SOFT,7.0,True,Haas F1 Team,0 days 02:06:20.670000,,1,16.0,False,,False,True,21.0,64.0,1001.2,False,29.3,201,1.2,True,False,False,False,False,False,+9.867,+0.476,9.867,0.476,7673.197,92.527,,,29.268,37.613,25.646,7609.975,7647.588,7673.234,7580.67
2023,British Grand Prix,10,Great Britain,Silverstone,0 days 02:09:26.129000,HUL,27,0 days 00:01:32.932000,40.0,3.0,,Nico Hulkenberg,,0 days 00:00:29.352000,0 days 00:00:37.761000,0 days 00:00:25.819000,0 days 02:08:22.586000,0 days 02:09:00.347000,0 days 02:09:26.166000,298.0,258.0,249.0,303.0,False,SOFT,8.0,True,Haas F1 Team,0 days 02:07:53.197000,,1,16.0,False,,False,True,21.0,63.0,1001.0,False,29.5,218,1.1,True,False,False,False,False,False,+12.243,+0.439,12.243,0.439,7766.129,92.932,,,29.352,37.761,25.819,7702.586,7740.347,7766.166,7673.197
2023,British Grand Prix,10,Great Britain,Silverstone,0 days 02:10:58.233000,HUL,27,0 days 00:01:32.104000,41.0,3.0,,Nico Hulkenberg,,0 days 00:00:29.176000,0 days 00:00:37.436000,0 days 00:00:25.492000,0 days 02:09:55.342000,0 days 02:10:32.778000,0 days 02:10:58.270000,317.0,261.0,249.0,301.0,True,SOFT,9.0,True,Haas F1 Team,0 days 02:09:26.129000,,1,15.0,False,,False,True,21.1,62.0,1001.0,False,29.7,192,2.4,True,False,False,False,False,False,+13.644,+0.798,13.644,0.798,7858.233,92.104,,,29.176,37.436,25.492,7795.342,7832.778,7858.27,7766.129
2023,British Grand Prix,10,Great Britain,Silverstone,0 days 02:12:30.330000,HUL,27,0 days 00:01:32.097000,42.0,3.0,,Nico Hulkenberg,,0 days 00:00:29.290000,0 days 00:00:37.329000,0 days 00:00:25.478000,0 days 02:11:27.560000,0 days 02:12:04.889000,0 days 02:12:30.367000,313.0,260.0,249.0,306.0,True,SOFT,10.0,True,Haas F1 Team,0 days 02:10:58.233000,,1,15.0,False,,False,True,21.2,61.0,1001.0,False,29.9,192,1.0,True,False,False,False,False,False,+15.482,+1.027,15.482,1.027,7950.33,92.097,,,29.29,37.329,25.478,7887.56,7924.889,7950.367,7858.233
2023,British Grand Prix,10,Great Britain,Silverstone,0 days 02:14:02.655000,HUL,27,0 days 00:01:32.325000,43.0,3.0,,Nico Hulkenberg,,0 days 00:00:29.270000,0 days 00:00:37.315000,0 days 00:00:25.740000,0 days 02:12:59.637000,0 days 02:13:36.952000,0 days 02:14:02.692000,312.0,258.0,248.0,308.0,False,SOFT,11.0,True,Haas F1 Team,0 days 02:12:30.330000,,1,15.0,False,,False,True,21.4,61.0,1001.0,False,30.7,177,1.7,True,False,False,False,False,False,+17.258,+1.284,17.258,1.284,8042.655,92.325,,,29.27,37.315,25.74,7979.637,8016.952,8042.692,7950.33
2023,British Grand Prix,10,Great Britain,Silverstone,0 days 02:15:35.096000,HUL,27,0 days 00:01:32.441000,44.0,3.0,,Nico Hulkenberg,,0 days 00:00:29.432000,0 days 00:00:37.356000,0 days 00:00:25.653000,0 days 02:14:32.124000,0 days 02:15:09.480000,0 days 02:15:35.133000,296.0,256.0,247.0,302.0,False,SOFT,12.0,True,Haas F1 Team,0 days 02:14:02.655000,,1,15.0,False,,False,True,21.4,57.0,1001.0,False,31.1,220,2.0,True,False,False,False,False,False,+19.090,+1.203,19.09,1.203,8135.096,92.441,,,29.432,37.356,25.653,8072.124,8109.48,8135.133,8042.655
2023,British Grand Prix,10,Great Britain,Silverstone,0 days 02:17:07.630000,HUL,27,0 days 00:01:32.534000,45.0,3.0,,Nico Hulkenberg,,0 days 00:00:29.521000,0 days 00:00:37.242000,0 days 00:00:25.771000,0 days 02:16:04.654000,0 days 02:16:41.896000,0 days 02:17:07.667000,297.0,262.0,234.0,320.0,False,SOFT,13.0,True,Haas F1 Team,0 days 02:15:35.096000,,1,14.0,False,,False,True,21.4,57.0,1001.0,False,30.4,212,2.0,True,False,False,False,False,False,+20.128,+0.761,20.128,0.761,8227.63,92.534,,,29.521,37.242,25.771,8164.654,8201.896,8227.667,8135.096
2023,British Grand Prix,10,Great Britain,Silverstone,0 days 02:18:40.214000,HUL,27,0 days 00:01:32.584000,46.0,3.0,,Nico Hulkenberg,,0 days 00:00:29.501000,0 days 00:00:37.481000,0 days 00:00:25.602000,0 days 02:17:37.168000,0 days 02:18:14.649000,0 days 02:18:40.251000,310.0,261.0,245.0,321.0,False,SOFT,14.0,True,Haas F1 Team,0 days 02:17:07.630000,,1,14.0,False,,False,True,21.4,57.0,1001.0,False,30.3,186,3.0,True,False,False,False,False,False,+21.661,+0.759,21.661,0.759,8320.214,92.584,,,29.501,37.481,25.602,8257.168,8294.649,8320.251,8227.63
2023,British Grand Prix,10,Great Britain,Silverstone,0 days 02:20:12.315000,HUL,27,0 days 00:01:32.101000,47.0,3.0,,Nico Hulkenberg,,0 days 00:00:29.361000,0 days 00:00:37.354000,0 days 00:00:25.386000,0 days 02:19:09.612000,0 days 02:19:46.966000,0 days 02:20:12.352000,311.0,260.0,247.0,319.0,False,SOFT,15.0,True,Haas F1 Team,0 days 02:18:40.214000,,1,14.0,False,,False,True,21.4,59.0,1001.0,False,30.0,192,2.4,True,False,False,False,False,False,+22.651,+0.830,22.651,0.83,8412.315,92.101,,,29.361,37.354,25.386,8349.612,8386.966,8412.352,8320.214
2023,British Grand Prix,10,Great Britain,Silverstone,0 days 02:21:44.375000,HUL,27,0 days 00:01:32.060000,48.0,3.0,,Nico Hulkenberg,,0 days 00:00:29.310000,0 days 00:00:37.357000,0 days 00:00:25.393000,0 days 02:20:41.662000,0 days 02:21:19.019000,0 days 02:21:44.412000,310.0,261.0,246.0,319.0,True,SOFT,16.0,True,Haas F1 Team,0 days 02:20:12.315000,,1,14.0,False,,False,True,21.5,58.0,1001.0,False,30.0,229,2.4,True,False,False,False,False,False,+23.302,+0.904,23.302,0.904,8504.375,92.06,,,29.31,37.357,25.393,8441.662,8479.019,8504.412,8412.315
2023,British Grand Prix,10,Great Britain,Silverstone,0 days 02:23:16.455000,HUL,27,0 days 00:01:32.080000,49.0,3.0,,Nico Hulkenberg,,0 days 00:00:29.299000,0 days 00:00:37.305000,0 days 00:00:25.476000,0 days 02:22:13.711000,0 days 02:22:51.016000,0 days 02:23:16.492000,310.0,260.0,248.0,319.0,False,SOFT,17.0,True,Haas F1 Team,0 days 02:21:44.375000,,1,14.0,False,,False,True,21.5,54.0,1001.0,False,29.6,188,3.4,True,False,False,False,False,False,+24.183,+0.840,24.183,0.84,8596.455,92.08,,,29.299,37.305,25.476,8533.711,8571.016,8596.492,8504.375
2023,British Grand Prix,10,Great Britain,Silverstone,0 days 02:24:48.613000,HUL,27,0 days 00:01:32.158000,50.0,3.0,,Nico Hulkenberg,,0 days 00:00:29.261000,0 days 00:00:37.170000,0 days 00:00:25.727000,0 days 02:23:45.753000,0 days 02:24:22.923000,0 days 02:24:48.650000,310.0,259.0,246.0,317.0,False,SOFT,18.0,True,Haas F1 Team,0 days 02:23:16.455000,,1,14.0,False,,False,True,21.6,54.0,1001.0,False,29.7,182,4.0,True,False,False,False,False,False,+25.093,+0.876,25.093,0.876,8688.613,92.158,,,29.261,37.17,25.727,8625.753,8662.923,8688.65,8596.455
2023,British Grand Prix,10,Great Britain,Silverstone,0 days 02:26:20.779000,HUL,27,0 days 00:01:32.166000,51.0,3.0,,Nico Hulkenberg,,0 days 00:00:29.262000,0 days 00:00:37.382000,0 days 00:00:25.522000,0 days 02:25:17.912000,0 days 02:25:55.294000,0 days 02:26:20.816000,309.0,260.0,248.0,317.0,False,SOFT,19.0,True,Haas F1 Team,0 days 02:24:48.613000,,1,14.0,False,,False,True,21.7,54.0,1001.0,False,30.2,203,3.7,True,False,False,False,False,False,+25.862,+0.909,25.862,0.909,8780.779,92.166,,,29.262,37.382,25.522,8717.912,8755.294,8780.816,8688.613
2023,British Grand Prix,10,Great Britain,Silverstone,0 days 02:27:52.555000,HUL,27,0 days 00:01:31.776000,52.0,3.0,,Nico Hulkenberg,,0 days 00:00:29.323000,0 days 00:00:37.003000,0 days 00:00:25.450000,0 days 02:26:50.139000,0 days 02:27:27.142000,0 days 02:27:52.592000,310.0,263.0,247.0,328.0,True,SOFT,20.0,True,Haas F1 Team,0 days 02:26:20.779000,,1,14.0,False,,False,True,21.8,52.0,1001.0,False,29.8,193,4.8,True,False,False,False,False,False,+26.598,+0.796,26.598,0.796,8872.555,91.776,,,29.323,37.003,25.45,8810.139,8847.142,8872.592,8780.779
2023,British Grand Prix,10,Great Britain,Silverstone,0 days 01:03:51.470000,OCO,31,0 days 00:01:42.516000,1.0,1.0,,Esteban Ocon,,,0 days 00:00:40.549000,0 days 00:00:26.555000,,0 days 01:03:25.042000,0 days 01:03:51.572000,309.0,252.0,243.0,293.0,False,SOFT,1.0,True,Alpine,0 days 01:02:08.731000,,1,12.0,False,,False,False,21.4,54.0,1001.2,False,29.6,236,3.7,True,False,False,False,False,False,+5.965,+0.467,5.965,0.467,3831.47,102.516,,,,40.549,26.555,,3805.042,3831.572,3728.731
2023,British Grand Prix,10,Great Britain,Silverstone,0 days 01:05:26.700000,OCO,31,0 days 00:01:35.230000,2.0,1.0,,Esteban Ocon,,0 days 00:00:29.953000,0 days 00:00:38.718000,0 days 00:00:26.559000,0 days 01:04:21.518000,0 days 01:05:00.236000,0 days 01:05:26.795000,290.0,253.0,243.0,296.0,True,SOFT,2.0,True,Alpine,0 days 01:03:51.470000,,1,12.0,False,,False,True,21.4,55.0,1001.4,False,29.5,191,3.2,True,False,False,False,False,False,+8.149,+0.604,8.149,0.604,3926.7,95.23,,,29.953,38.718,26.559,3861.518,3900.236,3926.795,3831.47
2023,British Grand Prix,10,Great Britain,Silverstone,0 days 01:07:00.813000,OCO,31,0 days 00:01:34.113000,3.0,1.0,,Esteban Ocon,,0 days 00:00:29.526000,0 days 00:00:38.487000,0 days 00:00:26.100000,0 days 01:05:56.321000,0 days 01:06:34.808000,0 days 01:07:00.908000,306.0,256.0,242.0,318.0,True,SOFT,3.0,True,Alpine,0 days 01:05:26.700000,,1,12.0,False,,False,True,21.5,54.0,1001.2,False,29.4,238,3.4,True,False,False,False,False,False,+8.995,+0.695,8.995,0.695,4020.813,94.113,,,29.526,38.487,26.1,3956.321,3994.808,4020.908,3926.7
2023,British Grand Prix,10,Great Britain,Silverstone,0 days 01:08:34.754000,OCO,31,0 days 00:01:33.941000,4.0,1.0,,Esteban Ocon,,0 days 00:00:29.673000,0 days 00:00:38.302000,0 days 00:00:25.966000,0 days 01:07:30.581000,0 days 01:08:08.883000,0 days 01:08:34.849000,304.0,255.0,244.0,313.0,True,SOFT,4.0,True,Alpine,0 days 01:07:00.813000,,1,12.0,False,,False,True,21.4,55.0,1001.2,False,29.4,188,3.2,True,False,False,False,False,False,+10.196,+0.837,10.196,0.837,4114.754,93.941,,,29.673,38.302,25.966,4050.581,4088.883,4114.849,4020.813
2023,British Grand Prix,10,Great Britain,Silverstone,0 days 01:10:08.700000,OCO,31,0 days 00:01:33.946000,5.0,1.0,,Esteban Ocon,,0 days 00:00:29.861000,0 days 00:00:37.958000,0 days 00:00:26.127000,0 days 01:09:04.710000,0 days 01:09:42.668000,0 days 01:10:08.795000,289.0,256.0,242.0,310.0,False,SOFT,5.0,True,Alpine,0 days 01:08:34.754000,,1,12.0,False,,False,True,21.4,55.0,1001.2,False,29.3,221,3.4,True,False,False,False,False,False,+10.994,+0.892,10.994,0.892,4208.7,93.946,,,29.861,37.958,26.127,4144.71,4182.668,4208.795,4114.754
2023,British Grand Prix,10,Great Britain,Silverstone,0 days 01:11:43.081000,OCO,31,0 days 00:01:34.381000,6.0,1.0,,Esteban Ocon,,0 days 00:00:29.933000,0 days 00:00:38.237000,0 days 00:00:26.211000,0 days 01:10:38.728000,0 days 01:11:16.965000,0 days 01:11:43.176000,285.0,254.0,241.0,305.0,False,SOFT,6.0,True,Alpine,0 days 01:10:08.700000,,1,12.0,False,,False,True,21.5,55.0,1001.4,False,29.4,193,3.2,True,False,False,False,False,False,+12.302,+1.054,12.302,1.054,4303.081,94.381,,,29.933,38.237,26.211,4238.728,4276.965,4303.176,4208.7
2023,British Grand Prix,10,Great Britain,Silverstone,0 days 01:13:17.427000,OCO,31,0 days 00:01:34.346000,7.0,1.0,,Esteban Ocon,,0 days 00:00:29.918000,0 days 00:00:38.114000,0 days 00:00:26.314000,0 days 01:12:13.094000,0 days 01:12:51.208000,0 days 01:13:17.522000,284.0,252.0,243.0,290.0,False,SOFT,7.0,True,Alpine,0 days 01:11:43.081000,,1,12.0,False,,False,True,21.4,54.0,1001.2,False,29.3,198,4.0,True,False,False,False,False,False,+13.587,+1.347,13.587,1.347,4397.427,94.346,,,29.918,38.114,26.314,4333.094,4371.208,4397.522,4303.081
2023,British Grand Prix,10,Great Britain,Silverstone,0 days 01:14:51.459000,OCO,31,0 days 00:01:34.032000,8.0,1.0,,Esteban Ocon,,0 days 00:00:29.899000,0 days 00:00:37.956000,0 days 00:00:26.177000,0 days 01:13:47.421000,0 days 01:14:25.377000,0 days 01:14:51.554000,283.0,253.0,243.0,290.0,False,SOFT,8.0,True,Alpine,0 days 01:13:17.427000,,1,12.0,False,,False,True,21.5,55.0,1001.4,False,29.1,201,3.5,True,False,False,False,False,False,+14.752,+1.477,14.752,1.477,4491.459,94.032,,,29.899,37.956,26.177,4427.421,4465.377,4491.554,4397.427
2023,British Grand Prix,10,Great Britain,Silverstone,0 days 01:16:25.305000,OCO,31,0 days 00:01:33.846000,9.0,1.0,,Esteban Ocon,0 days 01:16:19.340000,0 days 00:00:29.906000,0 days 00:00:37.765000,0 days 00:00:26.175000,0 days 01:15:21.460000,0 days 01:15:59.225000,0 days 01:16:25.400000,283.0,253.0,,294.0,False,SOFT,9.0,True,Alpine,0 days 01:14:51.459000,,1,12.0,False,,False,False,21.4,55.0,1001.2,False,29.1,185,3.4,True,False,False,False,False,False,+15.706,+1.783,15.706,1.783,4585.305,93.846,4579.34,,29.906,37.765,26.175,4521.46,4559.225,4585.4,4491.459
2023,British Grand Prix,10,Great Britain,Silverstone,0 days 01:03:45.505000,NOR,4,0 days 00:01:36.551000,1.0,1.0,,Lando Norris,,,0 days 00:00:37.869000,0 days 00:00:25.971000,,0 days 01:03:19.651000,0 days 01:03:45.604000,297.0,254.0,246.0,285.0,False,MEDIUM,1.0,True,McLaren,0 days 01:02:08.731000,,1,1.0,False,,False,False,21.4,54.0,1001.2,False,29.6,236,3.7,True,False,False,False,False,False,LAP 2,LAP 2,,,3825.505,96.551,,,,37.869,25.971,,3799.651,3825.604,3728.731
2023,British Grand Prix,10,Great Britain,Silverstone,0 days 01:05:18.551000,NOR,4,0 days 00:01:33.046000,2.0,1.0,,Lando Norris,,0 days 00:00:29.667000,0 days 00:00:37.481000,0 days 00:00:25.898000,0 days 01:04:15.236000,0 days 01:04:52.717000,0 days 01:05:18.615000,291.0,254.0,246.0,289.0,True,MEDIUM,2.0,True,McLaren,0 days 01:03:45.505000,,1,1.0,False,,False,True,21.4,55.0,1001.4,False,29.5,191,3.2,True,False,False,False,False,False,LAP 2,LAP 2,,,3918.551,93.046,,,29.667,37.481,25.898,3855.236,3892.717,3918.615,3825.505
2023,British Grand Prix,10,Great Britain,Silverstone,0 days 01:06:51.731000,NOR,4,0 days 00:01:33.180000,3.0,1.0,,Lando Norris,,0 days 00:00:29.693000,0 days 00:00:37.574000,0 days 00:00:25.913000,0 days 01:05:48.308000,0 days 01:06:25.882000,0 days 01:06:51.795000,292.0,252.0,246.0,291.0,False,MEDIUM,3.0,True,McLaren,0 days 01:05:18.551000,,1,1.0,False,,False,True,21.5,54.0,1001.2,False,29.4,238,3.4,True,False,False,False,False,False,LAP 3,LAP 3,,,4011.731,93.18,,,29.693,37.574,25.913,3948.308,3985.882,4011.795,3918.551
2023,British Grand Prix,10,Great Britain,Silverstone,0 days 01:08:24.503000,NOR,4,0 days 00:01:32.772000,4.0,1.0,,Lando Norris,,0 days 00:00:29.577000,0 days 00:00:37.365000,0 days 00:00:25.830000,0 days 01:07:21.372000,0 days 01:07:58.737000,0 days 01:08:24.567000,293.0,255.0,246.0,291.0,True,MEDIUM,4.0,True,McLaren,0 days 01:06:51.731000,,1,1.0,False,,False,True,21.4,55.0,1001.2,False,29.4,188,3.2,True,False,False,False,False,False,LAP 4,LAP 4,,,4104.503,92.772,,,29.577,37.365,25.83,4041.372,4078.737,4104.567,4011.731
2023,British Grand Prix,10,Great Britain,Silverstone,0 days 01:09:58.417000,NOR,4,0 days 00:01:33.914000,5.0,1.0,,Lando Norris,,0 days 00:00:29.778000,0 days 00:00:38.327000,0 days 00:00:25.809000,0 days 01:08:54.345000,0 days 01:09:32.672000,0 days 01:09:58.481000,293.0,256.0,247.0,307.0,False,MEDIUM,5.0,True,McLaren,0 days 01:08:24.503000,,1,2.0,False,,False,True,21.4,55.0,1001.2,False,29.3,221,3.4,True,False,False,False,False,False,+0.787,+0.787,0.787,0.787,4198.417,93.914,,,29.778,38.327,25.809,4134.345,4172.672,4198.481,4104.503
2023,British Grand Prix,10,Great Britain,Silverstone,0 days 01:11:31.529000,NOR,4,0 days 00:01:33.112000,6.0,1.0,,Lando Norris,,0 days 00:00:29.578000,0 days 00:00:37.651000,0 days 00:00:25.883000,0 days 01:10:28.059000,0 days 01:11:05.710000,0 days 01:11:31.593000,307.0,257.0,246.0,306.0,False,MEDIUM,6.0,True,McLaren,0 days 01:09:58.417000,,1,2.0,False,,False,True,21.5,55.0,1001.4,False,29.4,193,3.2,True,False,False,False,False,False,+0.839,+0.839,0.839,0.839,4291.529,93.112,,,29.578,37.651,25.883,4228.059,4265.71,4291.593,4198.417
2023,British Grand Prix,10,Great Britain,Silverstone,0 days 01:13:04.719000,NOR,4,0 days 00:01:33.190000,7.0,1.0,,Lando Norris,,0 days 00:00:29.613000,0 days 00:00:37.861000,0 days 00:00:25.716000,0 days 01:12:01.206000,0 days 01:12:39.067000,0 days 01:13:04.783000,307.0,254.0,246.0,309.0,False,MEDIUM,7.0,True,McLaren,0 days 01:11:31.529000,,1,2.0,False,,False,True,21.4,54.0,1001.2,False,29.3,198,4.0,True,False,False,False,False,False,+0.946,+0.946,0.946,0.946,4384.719,93.19,,,29.613,37.861,25.716,4321.206,4359.067,4384.783,4291.529
2023,British Grand Prix,10,Great Britain,Silverstone,0 days 01:14:37.820000,NOR,4,0 days 00:01:33.101000,8.0,1.0,,Lando Norris,,0 days 00:00:29.738000,0 days 00:00:37.618000,0 days 00:00:25.745000,0 days 01:13:34.521000,0 days 01:14:12.139000,0 days 01:14:37.884000,307.0,256.0,246.0,294.0,False,MEDIUM,8.0,True,McLaren,0 days 01:13:04.719000,,1,2.0,False,,False,True,21.4,55.0,1001.2,False,29.2,190,4.0,True,False,False,False,False,False,+1.163,+1.163,1.163,1.163,4477.82,93.101,,,29.738,37.618,25.745,4414.521,4452.139,4477.884,4384.719
2023,British Grand Prix,10,Great Britain,Silverstone,0 days 01:16:10.432000,NOR,4,0 days 00:01:32.612000,9.0,1.0,,Lando Norris,,0 days 00:00:29.744000,0 days 00:00:37.295000,0 days 00:00:25.573000,0 days 01:15:07.628000,0 days 01:15:44.923000,0 days 01:16:10.496000,296.0,260.0,247.0,311.0,True,MEDIUM,9.0,True,McLaren,0 days 01:14:37.820000,,1,2.0,False,,False,True,21.4,55.0,1001.2,False,29.1,185,3.4,True,False,False,False,False,False,+0.942,+0.942,0.942,0.942,4570.432,92.612,,,29.744,37.295,25.573,4507.628,4544.923,4570.496,4477.82
2023,British Grand Prix,10,Great Britain,Silverstone,0 days 01:17:43.409000,NOR,4,0 days 00:01:32.977000,10.0,1.0,,Lando Norris,,0 days 00:00:29.704000,0 days 00:00:37.546000,0 days 00:00:25.727000,0 days 01:16:40.200000,0 days 01:17:17.746000,0 days 01:17:43.473000,308.0,256.0,247.0,294.0,False,MEDIUM,10.0,True,McLaren,0 days 01:16:10.432000,,1,2.0,False,,False,True,21.3,55.0,1001.2,False,29.1,201,3.5,True,False,False,False,False,False,+1.328,+1.328,1.328,1.328,4663.409,92.977,,,29.704,37.546,25.727,4600.2,4637.746,4663.473,4570.432
2023,British Grand Prix,10,Great Britain,Silverstone,0 days 01:19:16.387000,NOR,4,0 days 00:01:32.978000,11.0,1.0,,Lando Norris,,0 days 00:00:29.739000,0 days 00:00:37.471000,0 days 00:00:25.768000,0 days 01:18:13.212000,0 days 01:18:50.683000,0 days 01:19:16.451000,295.0,256.0,246.0,294.0,False,MEDIUM,11.0,True,McLaren,0 days 01:17:43.409000,,1,2.0,False,,False,True,21.4,55.0,1001.2,False,29.2,203,3.2,True,False,False,False,False,False,+1.717,+1.717,1.717,1.717,4756.387,92.978,,,29.739,37.471,25.768,4693.212,4730.683,4756.451,4663.409
2023,British Grand Prix,10,Great Britain,Silverstone,0 days 01:20:49.503000,NOR,4,0 days 00:01:33.116000,12.0,1.0,,Lando Norris,,0 days 00:00:29.926000,0 days 00:00:37.304000,0 days 00:00:25.886000,0 days 01:19:46.377000,0 days 01:20:23.681000,0 days 01:20:49.567000,294.0,257.0,245.0,293.0,False,MEDIUM,12.0,True,McLaren,0 days 01:19:16.387000,,1,2.0,False,,False,True,21.3,55.0,1001.2,False,29.1,187,4.5,True,False,False,False,False,False,+2.122,+2.122,2.122,2.122,4849.503,93.116,,,29.926,37.304,25.886,4786.377,4823.681,4849.567,4756.387
2023,British Grand Prix,10,Great Britain,Silverstone,0 days 01:22:22.489000,NOR,4,0 days 00:01:32.986000,13.0,1.0,,Lando Norris,,0 days 00:00:29.809000,0 days 00:00:37.382000,0 days 00:00:25.795000,0 days 01:21:19.376000,0 days 01:21:56.758000,0 days 01:22:22.553000,295.0,255.0,246.0,290.0,False,MEDIUM,13.0,True,McLaren,0 days 01:20:49.503000,,1,2.0,True,TRACK LIMITS AT TURN 15 LAP 13 ,False,True,21.4,56.0,1001.2,False,28.9,189,4.3,True,False,False,False,False,False,+2.449,+2.449,2.449,2.449,4942.489,92.986,,,29.809,37.382,25.795,4879.376,4916.758,4942.553,4849.503
2023,British Grand Prix,10,Great Britain,Silverstone,0 days 01:23:56.159000,NOR,4,0 days 00:01:33.670000,14.0,1.0,,Lando Norris,,0 days 00:00:30.202000,0 days 00:00:37.642000,0 days 00:00:25.826000,0 days 01:22:52.755000,0 days 01:23:30.397000,0 days 01:23:56.223000,289.0,253.0,246.0,291.0,False,MEDIUM,14.0,True,McLaren,0 days 01:22:22.489000,,1,2.0,True,TRACK LIMITS AT TURN 9 LAP 14 ,False,True,21.4,58.0,1001.5,False,28.7,191,3.7,True,False,False,False,False,False,+3.078,+3.078,3.078,3.078,5036.159,93.67,,,30.202,37.642,25.826,4972.755,5010.397,5036.223,4942.489
2023,British Grand Prix,10,Great Britain,Silverstone,0 days 01:25:29.380000,NOR,4,0 days 00:01:33.221000,15.0,1.0,,Lando Norris,,0 days 00:00:30.017000,0 days 00:00:37.441000,0 days 00:00:25.763000,0 days 01:24:26.240000,0 days 01:25:03.681000,0 days 01:25:29.444000,290.0,254.0,245.0,292.0,False,MEDIUM,15.0,True,McLaren,0 days 01:23:56.159000,,1,2.0,False,,False,True,21.1,60.0,1001.5,False,27.8,229,4.5,True,False,False,False,False,False,+3.285,+3.285,3.285,3.285,5129.38,93.221,,,30.017,37.441,25.763,5066.24,5103.681,5129.444,5036.159
2023,British Grand Prix,10,Great Britain,Silverstone,0 days 01:27:02.283000,NOR,4,0 days 00:01:32.903000,16.0,1.0,,Lando Norris,,0 days 00:00:30.064000,0 days 00:00:37.308000,0 days 00:00:25.531000,0 days 01:25:59.508000,0 days 01:26:36.816000,0 days 01:27:02.347000,292.0,256.0,246.0,294.0,False,MEDIUM,16.0,True,McLaren,0 days 01:25:29.380000,,1,2.0,False,,False,True,20.7,63.0,1001.5,False,27.7,212,1.8,True,False,False,False,False,False,+3.404,+3.404,3.404,3.404,5222.283,92.903,,,30.064,37.308,25.531,5159.508,5196.816,5222.347,5129.38
2023,British Grand Prix,10,Great Britain,Silverstone,0 days 01:28:35.268000,NOR,4,0 days 00:01:32.985000,17.0,1.0,,Lando Norris,,0 days 00:00:29.955000,0 days 00:00:37.415000,0 days 00:00:25.615000,0 days 01:27:32.302000,0 days 01:28:09.717000,0 days 01:28:35.332000,291.0,256.0,245.0,294.0,False,MEDIUM,17.0,True,McLaren,0 days 01:27:02.283000,,1,2.0,False,,False,True,20.5,63.0,1001.5,False,27.8,241,1.8,True,False,False,False,False,False,+3.754,+3.754,3.754,3.754,5315.268,92.985,,,29.955,37.415,25.615,5252.302,5289.717,5315.332,5222.283
2023,British Grand Prix,10,Great Britain,Silverstone,0 days 01:30:07.999000,NOR,4,0 days 00:01:32.731000,18.0,1.0,,Lando Norris,,0 days 00:00:30.014000,0 days 00:00:37.252000,0 days 00:00:25.465000,0 days 01:29:05.346000,0 days 01:29:42.598000,0 days 01:30:08.063000,291.0,256.0,246.0,295.0,False,MEDIUM,18.0,True,McLaren,0 days 01:28:35.268000,,1,2.0,False,,False,True,20.1,64.0,1001.2,False,28.3,223,2.0,True,False,False,False,False,False,+4.010,+4.010,4.01,4.01,5407.999,92.731,,,30.014,37.252,25.465,5345.346,5382.598,5408.063,5315.268
2023,British Grand Prix,10,Great Britain,Silverstone,0 days 01:31:40.499000,NOR,4,0 days 00:01:32.500000,19.0,1.0,,Lando Norris,,0 days 00:00:29.962000,0 days 00:00:37.179000,0 days 00:00:25.359000,0 days 01:30:38.025000,0 days 01:31:15.204000,0 days 01:31:40.563000,291.0,256.0,247.0,294.0,True,MEDIUM,19.0,True,McLaren,0 days 01:30:07.999000,,1,2.0,False,,False,True,20.1,64.0,1001.5,False,28.3,229,2.4,True,False,False,False,False,False,+4.151,+4.151,4.151,4.151,5500.499,92.5,,,29.962,37.179,25.359,5438.025,5475.204,5500.563,5407.999
2023,British Grand Prix,10,Great Britain,Silverstone,0 days 01:33:13.269000,NOR,4,0 days 00:01:32.770000,20.0,1.0,,Lando Norris,,0 days 00:00:29.930000,0 days 00:00:37.420000,0 days 00:00:25.420000,0 days 01:32:10.493000,0 days 01:32:47.913000,0 days 01:33:13.333000,290.0,256.0,247.0,294.0,False,MEDIUM,20.0,True,McLaren,0 days 01:31:40.499000,,1,2.0,False,,False,True,20.2,64.0,1001.4,False,29.1,201,3.2,True,False,False,False,False,False,+4.631,+4.631,4.631,4.631,5593.269,92.77,,,29.93,37.42,25.42,5530.493,5567.913,5593.333,5500.499
2023,British Grand Prix,10,Great Britain,Silverstone,0 days 01:34:45.873000,NOR,4,0 days 00:01:32.604000,21.0,1.0,,Lando Norris,,0 days 00:00:29.883000,0 days 00:00:37.292000,0 days 00:00:25.429000,0 days 01:33:43.216000,0 days 01:34:20.508000,0 days 01:34:45.937000,292.0,255.0,246.0,297.0,False,MEDIUM,21.0,True,McLaren,0 days 01:33:13.269000,,1,2.0,False,,False,True,20.2,64.0,1001.4,False,29.4,206,2.0,True,False,False,False,False,False,+4.757,+4.757,4.757,4.757,5685.873,92.604,,,29.883,37.292,25.429,5623.216,5660.508,5685.937,5593.269
2023,British Grand Prix,10,Great Britain,Silverstone,0 days 01:36:18.510000,NOR,4,0 days 00:01:32.637000,22.0,1.0,,Lando Norris,,0 days 00:00:29.869000,0 days 00:00:37.273000,0 days 00:00:25.495000,0 days 01:35:15.806000,0 days 01:35:53.079000,0 days 01:36:18.574000,291.0,255.0,247.0,294.0,False,MEDIUM,22.0,True,McLaren,0 days 01:34:45.873000,,1,2.0,False,,False,True,20.2,64.0,1001.4,False,29.6,206,2.2,True,False,False,False,False,False,+5.210,+5.210,5.21,5.21,5778.51,92.637,,,29.869,37.273,25.495,5715.806,5753.079,5778.574,5685.873
2023,British Grand Prix,10,Great Britain,Silverstone,0 days 01:37:51.129000,NOR,4,0 days 00:01:32.619000,23.0,1.0,,Lando Norris,,0 days 00:00:29.900000,0 days 00:00:37.329000,0 days 00:00:25.390000,0 days 01:36:48.474000,0 days 01:37:25.803000,0 days 01:37:51.193000,291.0,256.0,246.0,294.0,False,MEDIUM,23.0,True,McLaren,0 days 01:36:18.510000,,1,2.0,False,,False,True,20.2,64.0,1001.4,False,29.6,204,2.5,True,False,False,False,False,False,+5.534,+5.534,5.534,5.534,5871.129,92.619,,,29.9,37.329,25.39,5808.474,5845.803,5871.193,5778.51
2023,British Grand Prix,10,Great Britain,Silverstone,0 days 01:39:23.850000,NOR,4,0 days 00:01:32.721000,24.0,1.0,,Lando Norris,,0 days 00:00:29.964000,0 days 00:00:37.298000,0 days 00:00:25.459000,0 days 01:38:21.157000,0 days 01:38:58.455000,0 days 01:39:23.914000,292.0,257.0,246.0,295.0,False,MEDIUM,24.0,True,McLaren,0 days 01:37:51.129000,,1,2.0,False,,False,True,20.2,63.0,1001.4,False,29.6,214,0.8,True,False,False,False,False,False,+5.891,+5.891,5.891,5.891,5963.85,92.721,,,29.964,37.298,25.459,5901.157,5938.455,5963.914,5871.129
2023,British Grand Prix,10,Great Britain,Silverstone,0 days 01:40:56.799000,NOR,4,0 days 00:01:32.949000,25.0,1.0,,Lando Norris,,0 days 00:00:30.063000,0 days 00:00:37.470000,0 days 00:00:25.416000,0 days 01:39:53.977000,0 days 01:40:31.447000,0 days 01:40:56.863000,292.0,256.0,247.0,297.0,False,MEDIUM,25.0,True,McLaren,0 days 01:39:23.850000,,1,2.0,False,,False,True,20.4,62.0,1001.4,False,30.9,145,1.7,True,False,False,False,False,False,+6.571,+6.571,6.571,6.571,6056.799,92.949,,,30.063,37.47,25.416,5993.977,6031.447,6056.863,5963.85
2023,British Grand Prix,10,Great Britain,Silverstone,0 days 01:42:29.557000,NOR,4,0 days 00:01:32.758000,26.0,1.0,,Lando Norris,,0 days 00:00:29.863000,0 days 00:00:37.539000,0 days 00:00:25.356000,0 days 01:41:26.726000,0 days 01:42:04.265000,0 days 01:42:29.621000,292.0,256.0,247.0,298.0,False,MEDIUM,26.0,True,McLaren,0 days 01:40:56.799000,,1,2.0,False,,False,True,20.5,62.0,1001.4,False,31.4,240,1.1,True,False,False,False,False,False,+7.064,+7.064,7.064,7.064,6149.557,92.758,,,29.863,37.539,25.356,6086.726,6124.265,6149.621,6056.799
2023,British Grand Prix,10,Great Britain,Silverstone,0 days 01:44:02.291000,NOR,4,0 days 00:01:32.734000,27.0,1.0,,Lando Norris,,0 days 00:00:29.820000,0 days 00:00:37.491000,0 days 00:00:25.423000,0 days 01:42:59.441000,0 days 01:43:36.932000,0 days 01:44:02.355000,293.0,256.0,248.0,297.0,False,MEDIUM,27.0,True,McLaren,0 days 01:42:29.557000,,1,2.0,False,,False,True,20.6,61.0,1001.4,False,32.4,225,2.4,True,False,False,False,False,False,+7.660,+7.660,7.66,7.66,6242.291,92.734,,,29.82,37.491,25.423,6179.441,6216.932,6242.355,6149.557
2023,British Grand Prix,10,Great Britain,Silverstone,0 days 01:45:35.005000,NOR,4,0 days 00:01:32.714000,28.0,1.0,,Lando Norris,,0 days 00:00:30.099000,0 days 00:00:37.351000,0 days 00:00:25.264000,0 days 01:44:32.454000,0 days 01:45:09.805000,0 days 01:45:35.069000,292.0,256.0,248.0,296.0,False,MEDIUM,28.0,True,McLaren,0 days 01:44:02.291000,,1,2.0,False,,False,True,20.8,62.0,1001.4,False,32.4,209,1.2,True,False,False,False,False,False,+8.159,+8.159,8.159,8.159,6335.005,92.714,,,30.099,37.351,25.264,6272.454,6309.805,6335.069,6242.291
2023,British Grand Prix,10,Great Britain,Silverstone,0 days 01:47:07.811000,NOR,4,0 days 00:01:32.806000,29.0,1.0,,Lando Norris,,0 days 00:00:29.991000,0 days 00:00:37.432000,0 days 00:00:25.383000,0 days 01:46:05.060000,0 days 01:46:42.492000,0 days 01:47:07.875000,293.0,253.0,249.0,298.0,False,MEDIUM,29.0,True,McLaren,0 days 01:45:35.005000,,1,2.0,False,,False,True,20.9,61.0,1001.4,False,33.3,175,2.5,True,False,False,False,False,False,+8.714,+8.714,8.714,8.714,6427.811,92.806,,,29.991,37.432,25.383,6365.06,6402.492,6427.875,6335.005
2023,British Grand Prix,10,Great Britain,Silverstone,0 days 01:48:40.420000,NOR,4,0 days 00:01:32.609000,30.0,1.0,,Lando Norris,,0 days 00:00:29.845000,0 days 00:00:37.382000,0 days 00:00:25.382000,0 days 01:47:37.720000,0 days 01:48:15.102000,0 days 01:48:40.484000,293.0,257.0,248.0,297.0,False,MEDIUM,30.0,True,McLaren,0 days 01:47:07.811000,,1,2.0,False,,False,True,21.0,61.0,1001.4,False,33.3,212,1.6,True,False,False,False,False,False,+8.988,+8.988,8.988,8.988,6520.42,92.609,,,29.845,37.382,25.382,6457.72,6495.102,6520.484,6427.811
2023,British Grand Prix,10,Great Britain,Silverstone,0 days 01:50:13.228000,NOR,4,0 days 00:01:32.808000,31.0,1.0,,Lando Norris,,0 days 00:00:29.896000,0 days 00:00:37.394000,0 days 00:00:25.518000,0 days 01:49:10.380000,0 days 01:49:47.774000,0 days 01:50:13.292000,291.0,258.0,246.0,295.0,False,MEDIUM,31.0,True,McLaren,0 days 01:48:40.420000,,1,2.0,False,,False,True,21.1,62.0,1001.2,False,32.4,207,3.0,True,False,False,False,False,False,+9.309,+9.309,9.309,9.309,6613.228,92.808,,,29.896,37.394,25.518,6550.38,6587.774,6613.292,6520.42
2023,British Grand Prix,10,Great Britain,Silverstone,0 days 01:51:45.799000,NOR,4,0 days 00:01:32.571000,32.0,1.0,,Lando Norris,,0 days 00:00:29.945000,0 days 00:00:37.312000,0 days 00:00:25.314000,0 days 01:50:43.237000,0 days 01:51:20.549000,0 days 01:51:45.863000,292.0,257.0,249.0,299.0,False,MEDIUM,32.0,True,McLaren,0 days 01:50:13.228000,,1,2.0,False,,False,True,21.0,62.0,1001.2,False,31.4,197,2.5,True,False,False,False,False,False,+9.741,+9.741,9.741,9.741,6705.799,92.571,,,29.945,37.312,25.314,6643.237,6680.549,6705.863,6613.228
2023,British Grand Prix,10,Great Britain,Silverstone,0 days 01:53:48.629000,NOR,4,0 days 00:02:02.830000,33.0,1.0,,Lando Norris,0 days 01:53:42.648000,0 days 00:00:44.093000,0 days 00:00:47.374000,0 days 00:00:31.363000,0 days 01:52:29.956000,0 days 01:53:17.330000,0 days 01:53:48.693000,202.0,184.0,,247.0,False,MEDIUM,33.0,True,McLaren,0 days 01:51:45.799000,,1264,2.0,False,,False,False,21.0,63.0,1001.2,False,30.6,179,1.3,True,True,True,False,True,False,+13.909,+13.909,13.909,13.909,6828.629,122.83,6822.648,,44.093,47.374,31.363,6749.956,6797.33,6828.693,6705.799
2023,British Grand Prix,10,Great Britain,Silverstone,0 days 01:56:34.034000,NOR,4,,34.0,2.0,0 days 01:54:11.116000,Lando Norris,,0 days 00:01:06.137000,0 days 00:00:59.212000,0 days 00:00:40.052000,0 days 01:54:54.834000,0 days 01:55:54.052000,0 days 01:56:34.129000,168.0,165.0,149.0,125.0,False,HARD,1.0,True,McLaren,0 days 01:53:48.629000,,4,2.0,False,,False,False,21.0,63.0,1001.2,False,30.5,201,1.7,False,False,True,False,False,False,+0.890,+0.890,0.89,0.89,6994.034,,,6851.116,66.137,59.212,40.052,6894.834,6954.052,6994.129,6828.629
2023,British Grand Prix,10,Great Britain,Silverstone,0 days 01:59:01.887000,NOR,4,0 days 00:02:27.853000,35.0,2.0,,Lando Norris,,0 days 00:00:49.362000,0 days 00:00:59.338000,0 days 00:00:39.153000,0 days 01:57:23.460000,0 days 01:58:22.798000,0 days 01:59:01.951000,133.0,207.0,98.0,233.0,False,HARD,2.0,True,McLaren,0 days 01:56:34.034000,,4,2.0,False,,False,False,20.9,63.0,1001.2,False,30.1,238,1.1,False,False,True,False,False,False,+1.505,+1.505,1.505,1.505,7141.887,147.853,,,49.362,59.338,39.153,7043.46,7102.798,7141.951,6994.034
2023,British Grand Prix,10,Great Britain,Silverstone,0 days 02:01:28.383000,NOR,4,0 days 00:02:26.496000,36.0,2.0,,Lando Norris,,0 days 00:00:53.041000,0 days 00:00:57.409000,0 days 00:00:36.046000,0 days 01:59:54.992000,0 days 02:00:52.401000,0 days 02:01:28.447000,184.0,170.0,131.0,272.0,False,HARD,3.0,True,McLaren,0 days 01:59:01.887000,,4,2.0,False,,False,False,21.0,63.0,1001.2,False,30.1,236,1.3,False,False,True,False,False,False,+1.615,+1.615,1.615,1.615,7288.383,146.496,,,53.041,57.409,36.046,7194.992,7252.401,7288.447,7141.887
2023,British Grand Prix,10,Great Britain,Silverstone,0 days 02:03:52.699000,NOR,4,0 days 00:02:24.316000,37.0,2.0,,Lando Norris,,0 days 00:00:50.298000,0 days 00:00:56.678000,0 days 00:00:37.340000,0 days 02:02:18.745000,0 days 02:03:15.423000,0 days 02:03:52.763000,126.0,206.0,170.0,148.0,False,HARD,4.0,True,McLaren,0 days 02:01:28.383000,,4,2.0,False,,False,False,20.9,63.0,1001.2,False,29.7,246,0.8,False,False,True,False,False,False,+1.404,+1.404,1.404,1.404,7432.699,144.316,,,50.298,56.678,37.34,7338.745,7395.423,7432.763,7288.383
2023,British Grand Prix,10,Great Britain,Silverstone,0 days 02:06:14.187000,NOR,4,0 days 00:02:21.488000,38.0,2.0,,Lando Norris,,0 days 00:00:41.458000,0 days 00:00:57.244000,0 days 00:00:42.786000,0 days 02:04:34.221000,0 days 02:05:31.465000,0 days 02:06:14.251000,244.0,168.0,249.0,86.0,False,HARD,5.0,True,McLaren,0 days 02:03:52.699000,,41,2.0,False,,False,False,20.9,63.0,1001.2,False,29.4,199,1.8,True,False,True,False,False,False,+1.150,+1.150,1.15,1.15,7574.187,141.488,,,41.458,57.244,42.786,7474.221,7531.465,7574.251,7432.699
2023,British Grand Prix,10,Great Britain,Silverstone,0 days 02:07:45.430000,NOR,4,0 days 00:01:31.243000,39.0,2.0,,Lando Norris,,0 days 00:00:29.005000,0 days 00:00:37.054000,0 days 00:00:25.184000,0 days 02:06:43.256000,0 days 02:07:20.310000,0 days 02:07:45.494000,300.0,260.0,246.0,299.0,True,HARD,6.0,True,McLaren,0 days 02:06:14.187000,,1,2.0,False,,False,True,21.0,64.0,1001.2,False,29.3,201,1.2,True,False,False,False,False,False,+2.113,+2.113,2.113,2.113,7665.43,91.243,,,29.005,37.054,25.184,7603.256,7640.31,7665.494,7574.187
2023,British Grand Prix,10,Great Britain,Silverstone,0 days 02:09:16.427000,NOR,4,0 days 00:01:30.997000,40.0,2.0,,Lando Norris,,0 days 00:00:29.275000,0 days 00:00:36.664000,0 days 00:00:25.058000,0 days 02:08:14.769000,0 days 02:08:51.433000,0 days 02:09:16.491000,293.0,262.0,250.0,293.0,True,HARD,7.0,True,McLaren,0 days 02:07:45.430000,,1,2.0,False,,False,True,21.0,63.0,1001.0,False,29.5,218,1.1,True,False,False,False,False,False,+2.541,+2.541,2.541,2.541,7756.427,90.997,,,29.275,36.664,25.058,7694.769,7731.433,7756.491,7665.43
2023,British Grand Prix,10,Great Britain,Silverstone,0 days 02:10:47.187000,NOR,4,0 days 00:01:30.760000,41.0,2.0,,Lando Norris,,0 days 00:00:29.206000,0 days 00:00:36.492000,0 days 00:00:25.062000,0 days 02:09:45.697000,0 days 02:10:22.189000,0 days 02:10:47.251000,293.0,262.0,251.0,292.0,True,HARD,8.0,True,McLaren,0 days 02:09:16.427000,,1,2.0,False,,False,True,21.1,62.0,1001.0,False,29.7,192,2.4,True,False,False,False,False,False,+2.631,+2.631,2.631,2.631,7847.187,90.76,,,29.206,36.492,25.062,7785.697,7822.189,7847.251,7756.427
2023,British Grand Prix,10,Great Britain,Silverstone,0 days 02:12:18.109000,NOR,4,0 days 00:01:30.922000,42.0,2.0,,Lando Norris,,0 days 00:00:29.176000,0 days 00:00:36.710000,0 days 00:00:25.036000,0 days 02:11:16.427000,0 days 02:11:53.137000,0 days 02:12:18.173000,294.0,263.0,251.0,291.0,False,HARD,9.0,True,McLaren,0 days 02:10:47.187000,,1,2.0,False,,False,True,21.2,61.0,1001.0,False,29.9,192,1.0,True,False,False,False,False,False,+3.282,+3.282,3.282,3.282,7938.109,90.922,,,29.176,36.71,25.036,7876.427,7913.137,7938.173,7847.187
2023,British Grand Prix,10,Great Britain,Silverstone,0 days 02:13:48.652000,NOR,4,0 days 00:01:30.543000,43.0,2.0,,Lando Norris,,0 days 00:00:29.252000,0 days 00:00:36.383000,0 days 00:00:24.908000,0 days 02:12:47.425000,0 days 02:13:23.808000,0 days 02:13:48.716000,291.0,263.0,250.0,304.0,True,HARD,10.0,True,McLaren,0 days 02:12:18.109000,,1,2.0,False,,False,True,21.4,61.0,1001.0,False,30.7,177,1.7,True,False,False,False,False,False,+3.294,+3.294,3.294,3.294,8028.652,90.543,,,29.252,36.383,24.908,7967.425,8003.808,8028.716,7938.109
2023,British Grand Prix,10,Great Britain,Silverstone,0 days 02:15:19.438000,NOR,4,0 days 00:01:30.786000,44.0,2.0,,Lando Norris,,0 days 00:00:29.152000,0 days 00:00:36.677000,0 days 00:00:24.957000,0 days 02:14:17.868000,0 days 02:14:54.545000,0 days 02:15:19.502000,295.0,262.0,250.0,300.0,False,HARD,11.0,True,McLaren,0 days 02:13:48.652000,,1,2.0,False,,False,True,21.4,57.0,1001.0,False,31.1,220,2.0,True,False,False,False,False,False,+3.405,+3.405,3.405,3.405,8119.438,90.786,,,29.152,36.677,24.957,8057.868,8094.545,8119.502,8028.652
2023,British Grand Prix,10,Great Britain,Silverstone,0 days 02:16:50.739000,NOR,4,0 days 00:01:31.301000,45.0,2.0,,Lando Norris,,0 days 00:00:29.311000,0 days 00:00:36.705000,0 days 00:00:25.285000,0 days 02:15:48.813000,0 days 02:16:25.518000,0 days 02:16:50.803000,298.0,263.0,248.0,300.0,False,HARD,12.0,True,McLaren,0 days 02:15:19.438000,,1,2.0,False,,False,True,21.4,57.0,1001.0,False,30.4,212,2.0,True,False,False,False,False,False,+3.387,+3.387,3.387,3.387,8210.739,91.301,,,29.311,36.705,25.285,8148.813,8185.518,8210.803,8119.438
2023,British Grand Prix,10,Great Britain,Silverstone,0 days 02:18:21.833000,NOR,4,0 days 00:01:31.094000,46.0,2.0,,Lando Norris,,0 days 00:00:29.257000,0 days 00:00:36.643000,0 days 00:00:25.194000,0 days 02:17:20.060000,0 days 02:17:56.703000,0 days 02:18:21.897000,297.0,263.0,249.0,298.0,False,HARD,13.0,True,McLaren,0 days 02:16:50.739000,,1,2.0,False,,False,True,21.4,57.0,1001.0,False,30.3,186,3.0,True,False,False,False,False,False,+3.366,+3.366,3.366,3.366,8301.833,91.094,,,29.257,36.643,25.194,8240.06,8276.703,8301.897,8210.739
2023,British Grand Prix,10,Great Britain,Silverstone,0 days 02:19:53.426000,NOR,4,0 days 00:01:31.593000,47.0,2.0,,Lando Norris,,0 days 00:00:29.286000,0 days 00:00:36.842000,0 days 00:00:25.465000,0 days 02:18:51.183000,0 days 02:19:28.025000,0 days 02:19:53.490000,297.0,262.0,249.0,300.0,False,HARD,14.0,True,McLaren,0 days 02:18:21.833000,,1,2.0,True,TRACK LIMITS AT TURN 15 LAP 47 ,False,True,21.4,59.0,1001.0,False,30.0,192,2.4,True,False,False,False,False,False,+3.812,+3.812,3.812,3.812,8393.426,91.593,,,29.286,36.842,25.465,8331.183,8368.025,8393.49,8301.833
2023,British Grand Prix,10,Great Britain,Silverstone,0 days 02:21:24.786000,NOR,4,0 days 00:01:31.360000,48.0,2.0,,Lando Norris,,0 days 00:00:29.353000,0 days 00:00:36.736000,0 days 00:00:25.271000,0 days 02:20:22.843000,0 days 02:20:59.579000,0 days 02:21:24.850000,297.0,262.0,250.0,298.0,False,HARD,15.0,True,McLaren,0 days 02:19:53.426000,,1,2.0,False,,False,True,21.5,58.0,1001.0,False,30.0,229,2.4,True,False,False,False,False,False,+3.770,+3.770,3.77,3.77,8484.786,91.36,,,29.353,36.736,25.271,8422.843,8459.579,8484.85,8393.426
2023,British Grand Prix,10,Great Britain,Silverstone,0 days 02:22:55.806000,NOR,4,0 days 00:01:31.020000,49.0,2.0,,Lando Norris,,0 days 00:00:29.092000,0 days 00:00:36.682000,0 days 00:00:25.246000,0 days 02:21:53.942000,0 days 02:22:30.624000,0 days 02:22:55.870000,298.0,263.0,250.0,296.0,False,HARD,16.0,True,McLaren,0 days 02:21:24.786000,,1,2.0,False,,False,True,21.5,54.0,1001.0,False,29.6,188,3.4,True,False,False,False,False,False,+3.574,+3.574,3.574,3.574,8575.806,91.02,,,29.092,36.682,25.246,8513.942,8550.624,8575.87,8484.786
2023,British Grand Prix,10,Great Britain,Silverstone,0 days 02:24:27.366000,NOR,4,0 days 00:01:31.560000,50.0,2.0,,Lando Norris,,0 days 00:00:29.228000,0 days 00:00:36.670000,0 days 00:00:25.662000,0 days 02:23:25.098000,0 days 02:24:01.768000,0 days 02:24:27.430000,300.0,262.0,248.0,298.0,False,HARD,17.0,True,McLaren,0 days 02:22:55.806000,,1,2.0,False,,False,True,21.6,54.0,1000.9,False,29.6,200,4.3,True,False,False,False,False,False,+3.795,+3.795,3.795,3.795,8667.366,91.56,,,29.228,36.67,25.662,8605.098,8641.768,8667.43,8575.806
2023,British Grand Prix,10,Great Britain,Silverstone,0 days 02:25:58.443000,NOR,4,0 days 00:01:31.077000,51.0,2.0,,Lando Norris,,0 days 00:00:29.289000,0 days 00:00:36.585000,0 days 00:00:25.203000,0 days 02:24:56.719000,0 days 02:25:33.304000,0 days 02:25:58.507000,301.0,263.0,251.0,305.0,False,HARD,18.0,True,McLaren,0 days 02:24:27.366000,,1,2.0,False,,False,True,21.7,54.0,1001.0,False,30.2,203,3.7,True,False,False,False,False,False,+3.522,+3.522,3.522,3.522,8758.443,91.077,,,29.289,36.585,25.203,8696.719,8733.304,8758.507,8667.366
2023,British Grand Prix,10,Great Britain,Silverstone,0 days 02:27:29.694000,NOR,4,0 days 00:01:31.251000,52.0,2.0,,Lando Norris,,0 days 00:00:29.108000,0 days 00:00:36.889000,0 days 00:00:25.254000,0 days 02:26:27.615000,0 days 02:27:04.504000,0 days 02:27:29.758000,298.0,263.0,251.0,298.0,False,HARD,19.0,True,McLaren,0 days 02:25:58.443000,,1,2.0,False,,False,True,21.8,53.0,1001.0,False,30.2,188,3.5,True,False,False,False,False,False,+3.798,+3.798,3.798,3.798,8849.694,91.251,,,29.108,36.889,25.254,8787.615,8824.504,8849.758,8758.443
2023,British Grand Prix,10,Great Britain,Silverstone,0 days 01:03:49.618000,HAM,44,0 days 00:01:40.664000,1.0,1.0,,Lewis Hamilton,,,0 days 00:00:39.336000,0 days 00:00:26.167000,,0 days 01:03:23.542000,0 days 01:03:50.041000,299.0,254.0,243.0,306.0,False,MEDIUM,1.0,True,Mercedes,0 days 01:02:08.731000,,1,8.0,False,,False,False,21.4,54.0,1001.2,False,29.6,236,3.7,True,False,False,False,False,False,+4.113,+0.638,4.113,0.638,3829.618,100.664,,,,39.336,26.167,,3803.542,3830.041,3728.731
2023,British Grand Prix,10,Great Britain,Silverstone,0 days 01:05:23.979000,HAM,44,0 days 00:01:34.361000,2.0,1.0,,Lewis Hamilton,,0 days 00:00:29.569000,0 days 00:00:38.433000,0 days 00:00:26.359000,0 days 01:04:19.226000,0 days 01:04:57.659000,0 days 01:05:24.018000,300.0,254.0,244.0,301.0,True,MEDIUM,2.0,True,Mercedes,0 days 01:03:49.618000,,1,8.0,False,,False,True,21.4,55.0,1001.4,False,29.5,191,3.2,True,False,False,False,False,False,+5.428,+0.580,5.428,0.58,3923.979,94.361,,,29.569,38.433,26.359,3859.226,3897.659,3924.018,3829.618
2023,British Grand Prix,10,Great Britain,Silverstone,0 days 01:06:57.641000,HAM,44,0 days 00:01:33.662000,3.0,1.0,,Lewis Hamilton,,0 days 00:00:29.579000,0 days 00:00:38.203000,0 days 00:00:25.880000,0 days 01:05:53.597000,0 days 01:06:31.800000,0 days 01:06:57.680000,314.0,255.0,244.0,320.0,True,MEDIUM,3.0,True,Mercedes,0 days 01:05:23.979000,,1,8.0,False,,False,True,21.5,54.0,1001.2,False,29.4,238,3.4,True,False,False,False,False,False,+5.910,+0.818,5.91,0.818,4017.641,93.662,,,29.579,38.203,25.88,3953.597,3991.8,4017.68,3923.979
2023,British Grand Prix,10,Great Britain,Silverstone,0 days 01:08:30.727000,HAM,44,0 days 00:01:33.086000,4.0,1.0,,Lewis Hamilton,,0 days 00:00:29.397000,0 days 00:00:38.006000,0 days 00:00:25.683000,0 days 01:07:27.077000,0 days 01:08:05.083000,0 days 01:08:30.766000,310.0,254.0,244.0,318.0,True,MEDIUM,4.0,True,Mercedes,0 days 01:06:57.641000,,1,8.0,False,,False,True,21.4,55.0,1001.2,False,29.4,188,3.2,True,False,False,False,False,False,+6.224,+0.748,6.224,0.748,4110.727,93.086,,,29.397,38.006,25.683,4047.077,4085.083,4110.766,4017.641
2023,British Grand Prix,10,Great Britain,Silverstone,0 days 01:10:04.445000,HAM,44,0 days 00:01:33.718000,5.0,1.0,,Lewis Hamilton,,0 days 00:00:29.597000,0 days 00:00:38.057000,0 days 00:00:26.064000,0 days 01:09:00.363000,0 days 01:09:38.420000,0 days 01:10:04.484000,312.0,256.0,243.0,319.0,False,MEDIUM,5.0,True,Mercedes,0 days 01:08:30.727000,,1,8.0,False,,False,True,21.4,55.0,1001.2,False,29.3,221,3.4,True,False,False,False,False,False,+6.799,+0.309,6.799,0.309,4204.445,93.718,,,29.597,38.057,26.064,4140.363,4178.42,4204.484,4110.727
2023,British Grand Prix,10,Great Britain,Silverstone,0 days 01:11:39.001000,HAM,44,0 days 00:01:34.556000,6.0,1.0,,Lewis Hamilton,,0 days 00:00:29.746000,0 days 00:00:38.779000,0 days 00:00:26.031000,0 days 01:10:34.230000,0 days 01:11:13.009000,0 days 01:11:39.040000,322.0,255.0,240.0,316.0,False,MEDIUM,6.0,True,Mercedes,0 days 01:10:04.445000,,1,8.0,False,,False,True,21.5,55.0,1001.4,False,29.4,193,3.2,True,False,False,False,False,False,+8.328,+0.229,8.328,0.229,4299.001,94.556,,,29.746,38.779,26.031,4234.23,4273.009,4299.04,4204.445
2023,British Grand Prix,10,Great Britain,Silverstone,0 days 01:13:12.329000,HAM,44,0 days 00:01:33.328000,7.0,1.0,,Lewis Hamilton,,0 days 00:00:29.597000,0 days 00:00:37.990000,0 days 00:00:25.741000,0 days 01:12:08.637000,0 days 01:12:46.627000,0 days 01:13:12.368000,315.0,253.0,244.0,297.0,False,MEDIUM,7.0,True,Mercedes,0 days 01:11:39.001000,,1,7.0,False,,False,True,21.4,54.0,1001.2,False,29.3,198,4.0,True,False,False,False,False,False,+8.556,+2.175,8.556,2.175,4392.329,93.328,,,29.597,37.99,25.741,4328.637,4366.627,4392.368,4299.001
2023,British Grand Prix,10,Great Britain,Silverstone,0 days 01:14:45.812000,HAM,44,0 days 00:01:33.483000,8.0,1.0,,Lewis Hamilton,,0 days 00:00:29.747000,0 days 00:00:37.848000,0 days 00:00:25.888000,0 days 01:13:42.115000,0 days 01:14:19.963000,0 days 01:14:45.851000,295.0,254.0,244.0,300.0,False,MEDIUM,8.0,True,Mercedes,0 days 01:13:12.329000,,1,7.0,False,,False,True,21.4,55.0,1001.2,False,29.2,190,4.0,True,False,False,False,False,False,+9.120,+2.199,9.12,2.199,4485.812,93.483,,,29.747,37.848,25.888,4422.115,4459.963,4485.851,4392.329
2023,British Grand Prix,10,Great Britain,Silverstone,0 days 01:16:19.143000,HAM,44,0 days 00:01:33.331000,9.0,1.0,,Lewis Hamilton,,0 days 00:00:29.695000,0 days 00:00:37.722000,0 days 00:00:25.914000,0 days 01:15:15.546000,0 days 01:15:53.268000,0 days 01:16:19.182000,295.0,254.0,244.0,299.0,False,MEDIUM,9.0,True,Mercedes,0 days 01:14:45.812000,,1,7.0,False,,False,True,21.4,55.0,1001.2,False,29.1,185,3.4,True,False,False,False,False,False,+9.664,+2.130,9.664,2.13,4579.143,93.331,,,29.695,37.722,25.914,4515.546,4553.268,4579.182,4485.812
2023,British Grand Prix,10,Great Britain,Silverstone,0 days 01:17:52.767000,HAM,44,0 days 00:01:33.624000,10.0,1.0,,Lewis Hamilton,,0 days 00:00:29.799000,0 days 00:00:37.826000,0 days 00:00:25.999000,0 days 01:16:48.981000,0 days 01:17:26.807000,0 days 01:17:52.806000,293.0,253.0,245.0,293.0,False,MEDIUM,10.0,True,Mercedes,0 days 01:16:19.143000,,1,7.0,False,,False,True,21.3,55.0,1001.2,False,29.2,202,3.7,True,False,False,False,False,False,+10.654,+2.342,10.654,2.342,4672.767,93.624,,,29.799,37.826,25.999,4608.981,4646.807,4672.806,4579.143
2023,British Grand Prix,10,Great Britain,Silverstone,0 days 01:19:26.286000,HAM,44,0 days 00:01:33.519000,11.0,1.0,,Lewis Hamilton,,0 days 00:00:29.689000,0 days 00:00:37.995000,0 days 00:00:25.835000,0 days 01:18:22.495000,0 days 01:19:00.490000,0 days 01:19:26.325000,292.0,254.0,244.0,295.0,False,MEDIUM,11.0,True,Mercedes,0 days 01:17:52.767000,,1,7.0,False,,False,True,21.4,55.0,1001.2,False,29.2,203,3.2,True,False,False,False,False,False,+11.616,+2.589,11.616,2.589,4766.286,93.519,,,29.689,37.995,25.835,4702.495,4740.49,4766.325,4672.767
2023,British Grand Prix,10,Great Britain,Silverstone,0 days 01:21:00.194000,HAM,44,0 days 00:01:33.908000,12.0,1.0,,Lewis Hamilton,,0 days 00:00:30.137000,0 days 00:00:37.821000,0 days 00:00:25.950000,0 days 01:19:56.462000,0 days 01:20:34.283000,0 days 01:21:00.233000,290.0,253.0,245.0,284.0,False,MEDIUM,12.0,True,Mercedes,0 days 01:19:26.286000,,1,7.0,False,,False,True,21.3,55.0,1001.2,False,29.1,187,4.5,True,False,False,False,False,False,+12.837,+3.174,12.837,3.174,4860.194,93.908,,,30.137,37.821,25.95,4796.462,4834.283,4860.233,4766.286
2023,British Grand Prix,10,Great Britain,Silverstone,0 days 01:22:33.474000,HAM,44,0 days 00:01:33.280000,13.0,1.0,,Lewis Hamilton,,0 days 00:00:29.832000,0 days 00:00:37.564000,0 days 00:00:25.884000,0 days 01:21:30.065000,0 days 01:22:07.629000,0 days 01:22:33.513000,289.0,254.0,245.0,287.0,False,MEDIUM,13.0,True,Mercedes,0 days 01:21:00.194000,,1,7.0,False,,False,True,21.4,56.0,1001.2,False,28.9,189,4.3,True,False,False,False,False,False,+13.418,+3.346,13.418,3.346,4953.474,93.28,,,29.832,37.564,25.884,4890.065,4927.629,4953.513,4860.194
2023,British Grand Prix,10,Great Britain,Silverstone,0 days 01:24:06.798000,HAM,44,0 days 00:01:33.324000,14.0,1.0,,Lewis Hamilton,,0 days 00:00:29.926000,0 days 00:00:37.676000,0 days 00:00:25.722000,0 days 01:23:03.439000,0 days 01:23:41.115000,0 days 01:24:06.837000,288.0,252.0,245.0,292.0,False,MEDIUM,14.0,True,Mercedes,0 days 01:22:33.474000,,1,7.0,False,,False,True,21.4,58.0,1001.5,False,28.7,191,3.7,True,False,False,False,False,False,+13.680,+2.732,13.68,2.732,5046.798,93.324,,,29.926,37.676,25.722,4983.439,5021.115,5046.837,4953.474
2023,British Grand Prix,10,Great Britain,Silverstone,0 days 01:25:39.954000,HAM,44,0 days 00:01:33.156000,15.0,1.0,,Lewis Hamilton,,0 days 00:00:29.932000,0 days 00:00:37.457000,0 days 00:00:25.767000,0 days 01:24:36.769000,0 days 01:25:14.226000,0 days 01:25:39.993000,287.0,255.0,246.0,291.0,False,MEDIUM,15.0,True,Mercedes,0 days 01:24:06.798000,,1,7.0,False,,False,True,21.1,60.0,1001.5,False,27.8,229,4.5,True,False,False,False,False,False,+13.883,+2.265,13.883,2.265,5139.954,93.156,,,29.932,37.457,25.767,5076.769,5114.226,5139.993,5046.798
2023,British Grand Prix,10,Great Britain,Silverstone,0 days 01:27:12.885000,HAM,44,0 days 00:01:32.931000,16.0,1.0,,Lewis Hamilton,,0 days 00:00:29.772000,0 days 00:00:37.360000,0 days 00:00:25.799000,0 days 01:26:09.765000,0 days 01:26:47.125000,0 days 01:27:12.924000,289.0,256.0,245.0,293.0,True,MEDIUM,16.0,True,Mercedes,0 days 01:25:39.954000,,1,7.0,False,,False,True,20.7,63.0,1001.5,False,27.7,212,1.8,True,False,False,False,False,False,+14.006,+1.698,14.006,1.698,5232.885,92.931,,,29.772,37.36,25.799,5169.765,5207.125,5232.924,5139.954
2023,British Grand Prix,10,Great Britain,Silverstone,0 days 01:28:46.005000,HAM,44,0 days 00:01:33.120000,17.0,1.0,,Lewis Hamilton,,0 days 00:00:29.873000,0 days 00:00:37.497000,0 days 00:00:25.750000,0 days 01:27:42.797000,0 days 01:28:20.294000,0 days 01:28:46.044000,289.0,255.0,245.0,291.0,False,MEDIUM,17.0,True,Mercedes,0 days 01:27:12.885000,,1,7.0,False,,False,True,20.1,63.0,1001.4,False,27.9,222,2.2,True,False,False,False,False,False,+14.523,+1.742,14.523,1.742,5326.005,93.12,,,29.873,37.497,25.75,5262.797,5300.294,5326.044,5232.885
2023,British Grand Prix,10,Great Britain,Silverstone,0 days 01:30:19.318000,HAM,44,0 days 00:01:33.313000,18.0,1.0,,Lewis Hamilton,,0 days 00:00:30.023000,0 days 00:00:37.546000,0 days 00:00:25.744000,0 days 01:29:16.067000,0 days 01:29:53.613000,0 days 01:30:19.357000,285.0,256.0,246.0,290.0,False,MEDIUM,18.0,True,Mercedes,0 days 01:28:46.005000,,1,7.0,False,,False,True,20.1,64.0,1001.2,False,28.3,223,2.0,True,False,False,False,False,False,+15.329,+1.753,15.329,1.753,5419.318,93.313,,,30.023,37.546,25.744,5356.067,5393.613,5419.357,5326.005
2023,British Grand Prix,10,Great Britain,Silverstone,0 days 01:31:52.519000,HAM,44,0 days 00:01:33.201000,19.0,1.0,,Lewis Hamilton,,0 days 00:00:29.921000,0 days 00:00:37.535000,0 days 00:00:25.745000,0 days 01:30:49.278000,0 days 01:31:26.813000,0 days 01:31:52.558000,284.0,256.0,246.0,292.0,False,MEDIUM,19.0,True,Mercedes,0 days 01:30:19.318000,,1,6.0,False,,False,True,20.1,64.0,1001.4,False,28.9,239,3.4,True,False,False,False,False,False,+16.192,+1.712,16.192,1.712,5512.519,93.201,,,29.921,37.535,25.745,5449.278,5486.813,5512.558,5419.318
2023,British Grand Prix,10,Great Britain,Silverstone,0 days 01:33:25.475000,HAM,44,0 days 00:01:32.956000,20.0,1.0,,Lewis Hamilton,,0 days 00:00:29.733000,0 days 00:00:37.618000,0 days 00:00:25.605000,0 days 01:32:22.291000,0 days 01:32:59.909000,0 days 01:33:25.514000,287.0,255.0,246.0,305.0,False,MEDIUM,20.0,True,Mercedes,0 days 01:31:52.519000,,1,6.0,False,,False,True,20.2,64.0,1001.4,False,29.1,201,3.2,True,False,False,False,False,False,+16.820,+1.637,16.82,1.637,5605.475,92.956,,,29.733,37.618,25.605,5542.291,5579.909,5605.514,5512.519
2023,British Grand Prix,10,Great Britain,Silverstone,0 days 01:34:58.254000,HAM,44,0 days 00:01:32.779000,21.0,1.0,,Lewis Hamilton,,0 days 00:00:29.714000,0 days 00:00:37.398000,0 days 00:00:25.667000,0 days 01:33:55.228000,0 days 01:34:32.626000,0 days 01:34:58.293000,289.0,255.0,246.0,299.0,True,MEDIUM,21.0,True,Mercedes,0 days 01:33:25.475000,,1,6.0,False,,False,True,20.2,64.0,1001.4,False,29.4,206,2.0,True,False,False,False,False,False,+17.087,+1.211,17.087,1.211,5698.254,92.779,,,29.714,37.398,25.667,5635.228,5672.626,5698.293,5605.475
2023,British Grand Prix,10,Great Britain,Silverstone,0 days 01:36:31.075000,HAM,44,0 days 00:01:32.821000,22.0,1.0,,Lewis Hamilton,,0 days 00:00:29.765000,0 days 00:00:37.425000,0 days 00:00:25.631000,0 days 01:35:28.058000,0 days 01:36:05.483000,0 days 01:36:31.114000,292.0,257.0,246.0,305.0,False,MEDIUM,22.0,True,Mercedes,0 days 01:34:58.254000,,1,6.0,False,,False,True,20.2,64.0,1001.4,False,29.6,206,2.2,True,False,False,False,False,False,+17.775,+1.129,17.775,1.129,5791.075,92.821,,,29.765,37.425,25.631,5728.058,5765.483,5791.114,5698.254
2023,British Grand Prix,10,Great Britain,Silverstone,0 days 01:38:04.049000,HAM,44,0 days 00:01:32.974000,23.0,1.0,,Lewis Hamilton,,0 days 00:00:29.743000,0 days 00:00:37.558000,0 days 00:00:25.673000,0 days 01:37:00.857000,0 days 01:37:38.415000,0 days 01:38:04.088000,291.0,256.0,247.0,297.0,False,MEDIUM,23.0,True,Mercedes,0 days 01:36:31.075000,,1,6.0,False,,False,True,20.2,64.0,1001.4,False,29.6,204,2.5,True,False,False,False,False,False,+18.469,+1.377,18.469,1.377,5884.049,92.974,,,29.743,37.558,25.673,5820.857,5858.415,5884.088,5791.075
2023,British Grand Prix,10,Great Britain,Silverstone,0 days 01:39:36.752000,HAM,44,0 days 00:01:32.703000,24.0,1.0,,Lewis Hamilton,,0 days 00:00:29.823000,0 days 00:00:37.264000,0 days 00:00:25.616000,0 days 01:38:33.911000,0 days 01:39:11.175000,0 days 01:39:36.791000,293.0,257.0,246.0,302.0,True,MEDIUM,24.0,True,Mercedes,0 days 01:38:04.049000,,1,6.0,False,,False,True,20.2,63.0,1001.4,False,29.6,214,0.8,True,False,False,False,False,False,+18.815,+1.276,18.815,1.276,5976.752,92.703,,,29.823,37.264,25.616,5913.911,5951.175,5976.791,5884.049
2023,British Grand Prix,10,Great Britain,Silverstone,0 days 01:41:09.839000,HAM,44,0 days 00:01:33.087000,25.0,1.0,,Lewis Hamilton,,0 days 00:00:29.994000,0 days 00:00:37.517000,0 days 00:00:25.576000,0 days 01:40:06.785000,0 days 01:40:44.302000,0 days 01:41:09.878000,293.0,257.0,246.0,305.0,False,MEDIUM,25.0,True,Mercedes,0 days 01:39:36.752000,,1,6.0,False,,False,True,20.4,62.0,1001.4,False,30.9,145,1.7,True,False,False,False,False,False,+19.622,+1.235,19.622,1.235,6069.839,93.087,,,29.994,37.517,25.576,6006.785,6044.302,6069.878,5976.752
2023,British Grand Prix,10,Great Britain,Silverstone,0 days 01:42:42.608000,HAM,44,0 days 00:01:32.769000,26.0,1.0,,Lewis Hamilton,,0 days 00:00:29.828000,0 days 00:00:37.608000,0 days 00:00:25.333000,0 days 01:41:39.706000,0 days 01:42:17.314000,0 days 01:42:42.647000,292.0,257.0,246.0,317.0,False,MEDIUM,26.0,True,Mercedes,0 days 01:41:09.839000,,1,6.0,False,,False,True,20.5,62.0,1001.4,False,31.4,240,1.1,True,False,False,False,False,False,+20.115,+0.823,20.115,0.823,6162.608,92.769,,,29.828,37.608,25.333,6099.706,6137.314,6162.647,6069.839
2023,British Grand Prix,10,Great Britain,Silverstone,0 days 01:44:15.322000,HAM,44,0 days 00:01:32.714000,27.0,1.0,,Lewis Hamilton,,0 days 00:00:29.668000,0 days 00:00:37.575000,0 days 00:00:25.471000,0 days 01:43:12.315000,0 days 01:43:49.890000,0 days 01:44:15.361000,292.0,254.0,247.0,305.0,False,MEDIUM,27.0,True,Mercedes,0 days 01:42:42.608000,,1,5.0,False,,False,True,20.6,61.0,1001.4,False,32.4,225,2.4,True,False,False,False,False,False,+20.656,+4.608,20.656,4.608,6255.322,92.714,,,29.668,37.575,25.471,6192.315,6229.89,6255.361,6162.608
2023,British Grand Prix,10,Great Britain,Silverstone,0 days 01:45:47.642000,HAM,44,0 days 00:01:32.320000,28.0,1.0,,Lewis Hamilton,,0 days 00:00:29.625000,0 days 00:00:37.362000,0 days 00:00:25.333000,0 days 01:44:44.986000,0 days 01:45:22.348000,0 days 01:45:47.681000,290.0,255.0,248.0,305.0,True,MEDIUM,28.0,True,Mercedes,0 days 01:44:15.322000,,1,5.0,False,,False,True,20.8,62.0,1001.4,False,32.8,192,2.2,True,False,False,False,False,False,+20.796,+4.440,20.796,4.44,6347.642,92.32,,,29.625,37.362,25.333,6284.986,6322.348,6347.681,6255.322
2023,British Grand Prix,10,Great Britain,Silverstone,0 days 01:47:19.797000,HAM,44,0 days 00:01:32.155000,29.0,1.0,,Lewis Hamilton,,0 days 00:00:29.651000,0 days 00:00:37.234000,0 days 00:00:25.270000,0 days 01:46:17.332000,0 days 01:46:54.566000,0 days 01:47:19.836000,289.0,256.0,248.0,301.0,True,MEDIUM,29.0,True,Mercedes,0 days 01:45:47.642000,,1,4.0,False,,False,True,20.9,61.0,1001.4,False,33.3,175,2.5,True,False,False,False,False,False,+20.679,+8.946,20.679,8.946,6439.797,92.155,,,29.651,37.234,25.27,6377.332,6414.566,6439.836,6347.642
2023,British Grand Prix,10,Great Britain,Silverstone,0 days 01:48:52.043000,HAM,44,0 days 00:01:32.246000,30.0,1.0,,Lewis Hamilton,,0 days 00:00:29.587000,0 days 00:00:37.329000,0 days 00:00:25.330000,0 days 01:47:49.423000,0 days 01:48:26.752000,0 days 01:48:52.082000,290.0,255.0,247.0,304.0,False,MEDIUM,30.0,True,Mercedes,0 days 01:47:19.797000,,1,3.0,False,,False,True,21.0,61.0,1001.4,False,32.7,195,1.8,True,False,False,False,False,False,+20.594,+11.606,20.594,11.606,6532.043,92.246,,,29.587,37.329,25.33,6469.423,6506.752,6532.082,6439.797
2023,British Grand Prix,10,Great Britain,Silverstone,0 days 01:50:24.787000,HAM,44,0 days 00:01:32.744000,31.0,1.0,,Lewis Hamilton,,0 days 00:00:29.714000,0 days 00:00:37.470000,0 days 00:00:25.560000,0 days 01:49:21.796000,0 days 01:49:59.266000,0 days 01:50:24.826000,287.0,255.0,247.0,294.0,False,MEDIUM,31.0,True,Mercedes,0 days 01:48:52.043000,,1,3.0,False,,False,True,21.1,62.0,1001.2,False,32.4,207,3.0,True,False,False,False,False,False,+20.939,+11.559,20.939,11.559,6624.787,92.744,,,29.714,37.47,25.56,6561.796,6599.266,6624.826,6532.043
2023,British Grand Prix,10,Great Britain,Silverstone,0 days 01:51:59.948000,HAM,44,0 days 00:01:35.161000,32.0,1.0,,Lewis Hamilton,,0 days 00:00:29.691000,0 days 00:00:37.314000,0 days 00:00:28.156000,0 days 01:50:54.517000,0 days 01:51:31.831000,0 days 01:51:59.987000,289.0,255.0,98.0,296.0,False,MEDIUM,32.0,True,Mercedes,0 days 01:50:24.787000,,126,3.0,False,,False,False,21.0,62.0,1001.2,False,31.4,197,2.5,True,True,False,False,True,False,+21.113,+11.387,21.113,11.387,6719.948,95.161,,,29.691,37.314,28.156,6654.517,6691.831,6719.987,6624.787
2023,British Grand Prix,10,Great Britain,Silverstone,0 days 01:54:03.444000,HAM,44,0 days 00:02:03.496000,33.0,1.0,,Lewis Hamilton,0 days 01:53:57.539000,0 days 00:00:44.422000,0 days 00:00:48.372000,0 days 00:00:30.702000,0 days 01:52:44.409000,0 days 01:53:32.781000,0 days 01:54:03.483000,92.0,146.0,,201.0,False,MEDIUM,33.0,True,Mercedes,0 days 01:51:59.948000,,64,3.0,False,,False,False,21.0,63.0,1001.2,False,30.6,179,1.3,False,False,True,False,True,False,+29.264,+15.355,29.264,15.355,6843.444,123.496,6837.539,,44.422,48.372,30.702,6764.409,6812.781,6843.483,6719.948
2023,British Grand Prix,10,Great Britain,Silverstone,0 days 01:56:35.208000,HAM,44,,34.0,2.0,0 days 01:54:26.694000,Lewis Hamilton,,0 days 00:01:02.563000,0 days 00:00:49.520000,0 days 00:00:39.664000,0 days 01:55:06.100000,0 days 01:55:55.583000,0 days 01:56:35.286000,118.0,158.0,179.0,245.0,False,SOFT,4.0,False,Mercedes,0 days 01:54:03.444000,,4,3.0,False,,False,False,21.0,63.0,1001.2,False,30.5,201,1.7,False,False,True,False,False,False,+2.051,+1.161,2.051,1.161,6995.208,,,6866.694,62.563,49.52,39.664,6906.1,6955.583,6995.286,6843.444
2023,British Grand Prix,10,Great Britain,Silverstone,0 days 01:59:02.626000,HAM,44,0 days 00:02:27.418000,35.0,2.0,,Lewis Hamilton,,0 days 00:00:49.033000,0 days 00:01:00.423000,0 days 00:00:37.962000,0 days 01:57:24.280000,0 days 01:58:24.703000,0 days 01:59:02.665000,137.0,171.0,102.0,222.0,False,SOFT,5.0,False,Mercedes,0 days 01:56:35.208000,,4,3.0,False,,False,False,20.9,63.0,1001.2,False,30.1,238,1.1,False,False,True,False,False,False,+2.448,+0.943,2.448,0.943,7142.626,147.418,,,49.033,60.423,37.962,7044.28,7104.703,7142.665,6995.208
2023,British Grand Prix,10,Great Britain,Silverstone,0 days 02:01:29.245000,HAM,44,0 days 00:02:26.619000,36.0,2.0,,Lewis Hamilton,,0 days 00:00:54.833000,0 days 00:00:55.763000,0 days 00:00:36.023000,0 days 01:59:57.498000,0 days 02:00:53.261000,0 days 02:01:29.284000,143.0,159.0,153.0,263.0,False,SOFT,6.0,False,Mercedes,0 days 01:59:02.626000,,4,3.0,False,,False,False,21.0,63.0,1001.2,False,30.1,236,1.3,False,False,True,False,False,False,+2.860,+1.245,2.86,1.245,7289.245,146.619,,,54.833,55.763,36.023,7197.498,7253.261,7289.284,7142.626
2023,British Grand Prix,10,Great Britain,Silverstone,0 days 02:03:54.435000,HAM,44,0 days 00:02:25.190000,37.0,2.0,,Lewis Hamilton,,0 days 00:00:51.381000,0 days 00:00:55.689000,0 days 00:00:38.120000,0 days 02:02:20.665000,0 days 02:03:16.354000,0 days 02:03:54.474000,136.0,183.0,109.0,167.0,False,SOFT,7.0,False,Mercedes,0 days 02:01:29.245000,,4,3.0,False,,False,False,20.9,63.0,1001.2,False,29.7,246,0.8,False,False,True,False,False,False,+2.251,+0.943,2.251,0.943,7434.435,145.19,,,51.381,55.689,38.12,7340.665,7396.354,7434.474,7289.245
2023,British Grand Prix,10,Great Britain,Silverstone,0 days 02:06:14.481000,HAM,44,0 days 00:02:20.046000,38.0,2.0,,Lewis Hamilton,,0 days 00:00:41.027000,0 days 00:00:56.676000,0 days 00:00:42.343000,0 days 02:04:35.501000,0 days 02:05:32.177000,0 days 02:06:14.520000,232.0,165.0,251.0,100.0,False,SOFT,8.0,False,Mercedes,0 days 02:03:54.435000,,41,3.0,False,,False,False,20.9,63.0,1001.2,False,29.4,199,1.8,True,False,True,False,False,False,+1.499,+0.281,1.499,0.281,7574.481,140.046,,,41.027,56.676,42.343,7475.501,7532.177,7574.52,7434.435
2023,British Grand Prix,10,Great Britain,Silverstone,0 days 02:07:45.908000,HAM,44,0 days 00:01:31.427000,39.0,2.0,,Lewis Hamilton,,0 days 00:00:28.789000,0 days 00:00:37.606000,0 days 00:00:25.032000,0 days 02:06:43.309000,0 days 02:07:20.915000,0 days 02:07:45.947000,310.0,259.0,248.0,305.0,True,SOFT,9.0,False,Mercedes,0 days 02:06:14.481000,,1,3.0,False,,False,True,21.0,64.0,1001.2,False,29.3,201,1.2,True,False,False,False,False,False,+2.524,+0.543,2.524,0.543,7665.908,91.427,,,28.789,37.606,25.032,7603.309,7640.915,7665.947,7574.481
2023,British Grand Prix,10,Great Britain,Silverstone,0 days 02:09:17.187000,HAM,44,0 days 00:01:31.279000,40.0,2.0,,Lewis Hamilton,,0 days 00:00:29.052000,0 days 00:00:37.164000,0 days 00:00:25.063000,0 days 02:08:14.999000,0 days 02:08:52.163000,0 days 02:09:17.226000,297.0,259.0,250.0,300.0,True,SOFT,10.0,False,Mercedes,0 days 02:07:45.908000,,1,3.0,False,,False,True,21.0,63.0,1001.0,False,29.5,218,1.1,True,False,False,False,False,False,+3.310,+0.747,3.31,0.747,7757.187,91.279,,,29.052,37.164,25.063,7694.999,7732.163,7757.226,7665.908
2023,British Grand Prix,10,Great Britain,Silverstone,0 days 02:10:47.860000,HAM,44,0 days 00:01:30.673000,41.0,2.0,,Lewis Hamilton,,0 days 00:00:29.156000,0 days 00:00:36.615000,0 days 00:00:24.902000,0 days 02:09:46.382000,0 days 02:10:22.997000,0 days 02:10:47.899000,306.0,262.0,249.0,319.0,True,SOFT,11.0,False,Mercedes,0 days 02:09:17.187000,,1,3.0,False,,False,True,21.1,62.0,1001.0,False,29.7,192,2.4,True,False,False,False,False,False,+3.295,+0.660,3.295,0.66,7847.86,90.673,,,29.156,36.615,24.902,7786.382,7822.997,7847.899,7757.187
2023,British Grand Prix,10,Great Britain,Silverstone,0 days 02:12:18.902000,HAM,44,0 days 00:01:31.042000,42.0,2.0,,Lewis Hamilton,,0 days 00:00:28.886000,0 days 00:00:37.174000,0 days 00:00:24.982000,0 days 02:11:16.785000,0 days 02:11:53.959000,0 days 02:12:18.941000,310.0,260.0,251.0,313.0,False,SOFT,12.0,False,Mercedes,0 days 02:10:47.860000,,1,3.0,False,,False,True,21.2,61.0,1001.0,False,29.9,192,1.0,True,False,False,False,False,False,+4.062,+0.780,4.062,0.78,7938.902,91.042,,,28.886,37.174,24.982,7876.785,7913.959,7938.941,7847.86
2023,British Grand Prix,10,Great Britain,Silverstone,0 days 02:13:49.447000,HAM,44,0 days 00:01:30.545000,43.0,2.0,,Lewis Hamilton,,0 days 00:00:28.901000,0 days 00:00:36.635000,0 days 00:00:25.009000,0 days 02:12:47.842000,0 days 02:13:24.477000,0 days 02:13:49.486000,316.0,262.0,249.0,323.0,True,SOFT,13.0,False,Mercedes,0 days 02:12:18.902000,,1,3.0,False,,False,True,21.4,61.0,1001.0,False,30.7,177,1.7,True,False,False,False,False,False,+4.057,+0.763,4.057,0.763,8029.447,90.545,,,28.901,36.635,25.009,7967.842,8004.477,8029.486,7938.902
2023,British Grand Prix,10,Great Britain,Silverstone,0 days 02:15:21.036000,HAM,44,0 days 00:01:31.589000,44.0,2.0,,Lewis Hamilton,,0 days 00:00:29.397000,0 days 00:00:36.955000,0 days 00:00:25.237000,0 days 02:14:18.883000,0 days 02:14:55.838000,0 days 02:15:21.075000,308.0,260.0,248.0,299.0,False,SOFT,14.0,False,Mercedes,0 days 02:13:49.447000,,1,3.0,False,,False,True,21.4,57.0,1001.0,False,31.1,220,2.0,True,False,False,False,False,False,+5.013,+1.585,5.013,1.585,8121.036,91.589,,,29.397,36.955,25.237,8058.883,8095.838,8121.075,8029.447
2023,British Grand Prix,10,Great Britain,Silverstone,0 days 02:16:52.395000,HAM,44,0 days 00:01:31.359000,45.0,2.0,,Lewis Hamilton,,0 days 00:00:29.148000,0 days 00:00:36.885000,0 days 00:00:25.326000,0 days 02:15:50.223000,0 days 02:16:27.108000,0 days 02:16:52.434000,297.0,261.0,247.0,298.0,False,SOFT,15.0,False,Mercedes,0 days 02:15:21.036000,,1,3.0,False,,False,True,21.4,57.0,1001.0,False,30.4,212,2.0,True,False,False,False,False,False,+5.030,+1.643,5.03,1.643,8212.395,91.359,,,29.148,36.885,25.326,8150.223,8187.108,8212.434,8121.036
2023,British Grand Prix,10,Great Britain,Silverstone,0 days 02:18:23.954000,HAM,44,0 days 00:01:31.559000,46.0,2.0,,Lewis Hamilton,,0 days 00:00:29.144000,0 days 00:00:37.042000,0 days 00:00:25.373000,0 days 02:17:21.578000,0 days 02:17:58.620000,0 days 02:18:23.993000,295.0,259.0,248.0,298.0,False,SOFT,16.0,False,Mercedes,0 days 02:16:52.395000,,1,3.0,False,,False,True,21.4,57.0,1001.0,False,30.3,186,3.0,True,False,False,False,False,False,+5.475,+2.108,5.475,2.108,8303.954,91.559,,,29.144,37.042,25.373,8241.578,8278.62,8303.993,8212.395
2023,British Grand Prix,10,Great Britain,Silverstone,0 days 02:19:55.202000,HAM,44,0 days 00:01:31.248000,47.0,2.0,,Lewis Hamilton,,0 days 00:00:29.108000,0 days 00:00:36.857000,0 days 00:00:25.283000,0 days 02:18:53.101000,0 days 02:19:29.958000,0 days 02:19:55.241000,296.0,261.0,249.0,298.0,False,SOFT,17.0,False,Mercedes,0 days 02:18:23.954000,,1,3.0,False,,False,True,21.4,59.0,1001.0,False,30.0,192,2.4,True,False,False,False,False,False,+5.552,+1.764,5.552,1.764,8395.202,91.248,,,29.108,36.857,25.283,8333.101,8369.958,8395.241,8303.954
2023,British Grand Prix,10,Great Britain,Silverstone,0 days 02:21:26.354000,HAM,44,0 days 00:01:31.152000,48.0,2.0,,Lewis Hamilton,,0 days 00:00:29.085000,0 days 00:00:36.857000,0 days 00:00:25.210000,0 days 02:20:24.326000,0 days 02:21:01.183000,0 days 02:21:26.393000,298.0,259.0,249.0,301.0,False,SOFT,18.0,False,Mercedes,0 days 02:19:55.202000,,1,3.0,False,,False,True,21.5,58.0,1001.0,False,30.0,229,2.4,True,False,False,False,False,False,+5.327,+1.555,5.327,1.555,8486.354,91.152,,,29.085,36.857,25.21,8424.326,8461.183,8486.393,8395.202
2023,British Grand Prix,10,Great Britain,Silverstone,0 days 02:22:57.640000,HAM,44,0 days 00:01:31.286000,49.0,2.0,,Lewis Hamilton,,0 days 00:00:29.070000,0 days 00:00:36.936000,0 days 00:00:25.280000,0 days 02:21:55.463000,0 days 02:22:32.399000,0 days 02:22:57.679000,297.0,260.0,249.0,297.0,False,SOFT,19.0,False,Mercedes,0 days 02:21:26.354000,,1,3.0,False,,False,True,21.5,54.0,1001.0,False,29.6,188,3.4,True,False,False,False,False,False,+5.395,+1.821,5.395,1.821,8577.64,91.286,,,29.07,36.936,25.28,8515.463,8552.399,8577.679,8486.354
2023,British Grand Prix,10,Great Britain,Silverstone,0 days 02:24:29.166000,HAM,44,0 days 00:01:31.526000,50.0,2.0,,Lewis Hamilton,,0 days 00:00:29.108000,0 days 00:00:36.931000,0 days 00:00:25.487000,0 days 02:23:26.787000,0 days 02:24:03.718000,0 days 02:24:29.205000,297.0,258.0,248.0,298.0,False,SOFT,20.0,False,Mercedes,0 days 02:22:57.640000,,1,3.0,False,,False,True,21.6,54.0,1000.9,False,29.6,200,4.3,True,False,False,False,False,False,+5.629,+1.787,5.629,1.787,8669.166,91.526,,,29.108,36.931,25.487,8606.787,8643.718,8669.205,8577.64
2023,British Grand Prix,10,Great Britain,Silverstone,0 days 02:26:00.869000,HAM,44,0 days 00:01:31.703000,51.0,2.0,,Lewis Hamilton,,0 days 00:00:29.105000,0 days 00:00:37.131000,0 days 00:00:25.467000,0 days 02:24:58.310000,0 days 02:25:35.441000,0 days 02:26:00.908000,297.0,258.0,248.0,295.0,False,SOFT,21.0,False,Mercedes,0 days 02:24:29.166000,,1,3.0,False,,False,True,21.7,54.0,1001.0,False,30.2,203,3.7,True,False,False,False,False,False,+5.935,+2.413,5.935,2.413,8760.869,91.703,,,29.105,37.131,25.467,8698.31,8735.441,8760.908,8669.166
2023,British Grand Prix,10,Great Britain,Silverstone,0 days 02:27:32.692000,HAM,44,0 days 00:01:31.823000,52.0,2.0,,Lewis Hamilton,,0 days 00:00:29.205000,0 days 00:00:37.209000,0 days 00:00:25.409000,0 days 02:26:30.113000,0 days 02:27:07.322000,0 days 02:27:32.731000,296.0,259.0,248.0,305.0,False,SOFT,22.0,False,Mercedes,0 days 02:26:00.869000,,1,3.0,False,,False,True,21.8,53.0,1001.0,False,30.2,188,3.5,True,False,False,False,False,False,+6.783,+2.985,6.783,2.985,8852.692,91.823,,,29.205,37.209,25.409,8790.113,8827.322,8852.731,8760.869
2023,British Grand Prix,10,Great Britain,Silverstone,0 days 01:03:48.238000,SAI,55,0 days 00:01:39.284000,1.0,1.0,,Carlos Sainz,,,0 days 00:00:39.047000,0 days 00:00:26.226000,,0 days 01:03:22.135000,0 days 01:03:48.354000,304.0,256.0,246.0,303.0,False,MEDIUM,1.0,True,Ferrari,0 days 01:02:08.731000,,1,6.0,False,,False,False,21.4,54.0,1001.2,False,29.6,236,3.7,True,False,False,False,False,False,+2.691,+0.593,2.691,0.593,3828.238,99.284,,,,39.047,26.226,,3802.135,3828.354,3728.731
2023,British Grand Prix,10,Great Britain,Silverstone,0 days 01:05:22.415000,SAI,55,0 days 00:01:34.177000,2.0,1.0,,Carlos Sainz,,0 days 00:00:29.700000,0 days 00:00:38.454000,0 days 00:00:26.023000,0 days 01:04:17.969000,0 days 01:04:56.423000,0 days 01:05:22.446000,296.0,255.0,245.0,301.0,True,MEDIUM,2.0,True,Ferrari,0 days 01:03:48.238000,,1,6.0,False,,False,True,21.4,55.0,1001.4,False,29.5,191,3.2,True,False,False,False,False,False,+3.832,+0.684,3.832,0.684,3922.415,94.177,,,29.7,38.454,26.023,3857.969,3896.423,3922.446,3828.238
2023,British Grand Prix,10,Great Britain,Silverstone,0 days 01:06:55.871000,SAI,55,0 days 00:01:33.456000,3.0,1.0,,Carlos Sainz,,0 days 00:00:29.574000,0 days 00:00:38.110000,0 days 00:00:25.772000,0 days 01:05:52.020000,0 days 01:06:30.130000,0 days 01:06:55.902000,314.0,255.0,246.0,305.0,True,MEDIUM,3.0,True,Ferrari,0 days 01:05:22.415000,,1,6.0,False,,False,True,21.5,54.0,1001.2,False,29.4,238,3.4,True,False,False,False,False,False,+4.119,+1.045,4.119,1.045,4015.871,93.456,,,29.574,38.11,25.772,3952.02,3990.13,4015.902,3922.415
2023,British Grand Prix,10,Great Britain,Silverstone,0 days 01:08:28.846000,SAI,55,0 days 00:01:32.975000,4.0,1.0,,Carlos Sainz,,0 days 00:00:29.401000,0 days 00:00:37.915000,0 days 00:00:25.659000,0 days 01:07:25.303000,0 days 01:08:03.218000,0 days 01:08:28.877000,312.0,257.0,246.0,319.0,True,MEDIUM,4.0,True,Ferrari,0 days 01:06:55.871000,,1,6.0,False,,False,True,21.4,55.0,1001.2,False,29.4,188,3.2,True,False,False,False,False,False,+4.313,+0.911,4.313,0.911,4108.846,92.975,,,29.401,37.915,25.659,4045.303,4083.218,4108.877,4015.871
2023,British Grand Prix,10,Great Britain,Silverstone,0 days 01:10:02.512000,SAI,55,0 days 00:01:33.666000,5.0,1.0,,Carlos Sainz,,0 days 00:00:29.503000,0 days 00:00:38.146000,0 days 00:00:26.017000,0 days 01:08:58.380000,0 days 01:09:36.526000,0 days 01:10:02.543000,312.0,258.0,243.0,320.0,False,MEDIUM,5.0,True,Ferrari,0 days 01:08:28.846000,,1,6.0,False,,False,True,21.4,55.0,1001.2,False,29.3,221,3.4,True,False,False,False,False,False,+4.781,+0.348,4.781,0.348,4202.512,93.666,,,29.503,38.146,26.017,4138.38,4176.526,4202.543,4108.846
2023,British Grand Prix,10,Great Britain,Silverstone,0 days 01:11:36.727000,SAI,55,0 days 00:01:34.215000,6.0,1.0,,Carlos Sainz,,0 days 00:00:29.622000,0 days 00:00:38.747000,0 days 00:00:25.846000,0 days 01:10:32.165000,0 days 01:11:10.912000,0 days 01:11:36.758000,314.0,256.0,246.0,319.0,False,MEDIUM,6.0,True,Ferrari,0 days 01:10:02.512000,,1,6.0,False,,False,True,21.5,55.0,1001.4,False,29.4,193,3.2,True,False,False,False,False,False,+6.017,+0.749,6.017,0.749,4296.727,94.215,,,29.622,38.747,25.846,4232.165,4270.912,4296.758,4202.512
2023,British Grand Prix,10,Great Britain,Silverstone,0 days 01:13:10.154000,SAI,55,0 days 00:01:33.427000,7.0,1.0,,Carlos Sainz,,0 days 00:00:29.545000,0 days 00:00:38.158000,0 days 00:00:25.724000,0 days 01:12:06.303000,0 days 01:12:44.461000,0 days 01:13:10.185000,314.0,257.0,246.0,322.0,False,MEDIUM,7.0,True,Ferrari,0 days 01:11:36.727000,,1,6.0,False,,False,True,21.4,54.0,1001.2,False,29.3,198,4.0,True,False,False,False,False,False,+6.337,+0.742,6.337,0.742,4390.154,93.427,,,29.545,38.158,25.724,4326.303,4364.461,4390.185,4296.727
2023,British Grand Prix,10,Great Britain,Silverstone,0 days 01:14:43.596000,SAI,55,0 days 00:01:33.442000,8.0,1.0,,Carlos Sainz,,0 days 00:00:29.677000,0 days 00:00:37.958000,0 days 00:00:25.807000,0 days 01:13:39.862000,0 days 01:14:17.820000,0 days 01:14:43.627000,313.0,255.0,246.0,304.0,False,MEDIUM,8.0,True,Ferrari,0 days 01:13:10.154000,,1,6.0,False,,False,True,21.4,55.0,1001.2,False,29.2,190,4.0,True,False,False,False,False,False,+6.921,+1.086,6.921,1.086,4483.596,93.442,,,29.677,37.958,25.807,4419.862,4457.82,4483.627,4390.154
2023,British Grand Prix,10,Great Britain,Silverstone,0 days 01:16:17.013000,SAI,55,0 days 00:01:33.417000,9.0,1.0,,Carlos Sainz,,0 days 00:00:29.712000,0 days 00:00:37.857000,0 days 00:00:25.848000,0 days 01:15:13.339000,0 days 01:15:51.196000,0 days 01:16:17.044000,298.0,255.0,245.0,304.0,False,MEDIUM,9.0,True,Ferrari,0 days 01:14:43.596000,,1,6.0,False,,False,True,21.4,55.0,1001.2,False,29.1,185,3.4,True,False,False,False,False,False,+7.480,+1.324,7.48,1.324,4577.013,93.417,,,29.712,37.857,25.848,4513.339,4551.196,4577.044,4483.596
2023,British Grand Prix,10,Great Britain,Silverstone,0 days 01:17:50.418000,SAI,55,0 days 00:01:33.405000,10.0,1.0,,Carlos Sainz,,0 days 00:00:29.711000,0 days 00:00:37.863000,0 days 00:00:25.831000,0 days 01:16:46.755000,0 days 01:17:24.618000,0 days 01:17:50.449000,297.0,255.0,245.0,301.0,False,MEDIUM,10.0,True,Ferrari,0 days 01:16:17.013000,,1,6.0,False,,False,True,21.3,55.0,1001.2,False,29.2,202,3.7,True,False,False,False,False,False,+8.345,+1.322,8.345,1.322,4670.418,93.405,,,29.711,37.863,25.831,4606.755,4644.618,4670.449,4577.013
2023,British Grand Prix,10,Great Britain,Silverstone,0 days 01:19:23.697000,SAI,55,0 days 00:01:33.279000,11.0,1.0,,Carlos Sainz,,0 days 00:00:29.661000,0 days 00:00:37.890000,0 days 00:00:25.728000,0 days 01:18:20.110000,0 days 01:18:58,0 days 01:19:23.728000,295.0,256.0,245.0,304.0,False,MEDIUM,11.0,True,Ferrari,0 days 01:17:50.418000,,1,6.0,False,,False,True,21.4,55.0,1001.2,False,29.2,203,3.2,True,False,False,False,False,False,+8.990,+1.490,8.99,1.49,4763.697,93.279,,,29.661,37.89,25.728,4700.11,4738.0,4763.728,4670.418
2023,British Grand Prix,10,Great Britain,Silverstone,0 days 01:20:57.020000,SAI,55,0 days 00:01:33.323000,12.0,1.0,,Carlos Sainz,,0 days 00:00:29.904000,0 days 00:00:37.722000,0 days 00:00:25.697000,0 days 01:19:53.632000,0 days 01:20:31.354000,0 days 01:20:57.051000,298.0,255.0,246.0,303.0,False,MEDIUM,12.0,True,Ferrari,0 days 01:19:23.697000,,1,6.0,False,,False,True,21.3,55.0,1001.2,False,29.1,187,4.5,True,False,False,False,False,False,+9.663,+1.481,9.663,1.481,4857.02,93.323,,,29.904,37.722,25.697,4793.632,4831.354,4857.051,4763.697
2023,British Grand Prix,10,Great Britain,Silverstone,0 days 01:22:30.125000,SAI,55,0 days 00:01:33.105000,13.0,1.0,,Carlos Sainz,,0 days 00:00:29.782000,0 days 00:00:37.583000,0 days 00:00:25.740000,0 days 01:21:26.833000,0 days 01:22:04.416000,0 days 01:22:30.156000,297.0,257.0,246.0,300.0,False,MEDIUM,13.0,True,Ferrari,0 days 01:20:57.020000,,1,6.0,False,,False,True,21.4,56.0,1001.2,False,28.9,189,4.3,True,False,False,False,False,False,+10.072,+1.420,10.072,1.42,4950.125,93.105,,,29.782,37.583,25.74,4886.833,4924.416,4950.156,4857.02
2023,British Grand Prix,10,Great Britain,Silverstone,0 days 01:24:04.066000,SAI,55,0 days 00:01:33.941000,14.0,1.0,,Carlos Sainz,,0 days 00:00:30.049000,0 days 00:00:37.973000,0 days 00:00:25.919000,0 days 01:23:00.205000,0 days 01:23:38.178000,0 days 01:24:04.097000,293.0,255.0,246.0,298.0,False,MEDIUM,14.0,True,Ferrari,0 days 01:22:30.125000,,1,6.0,False,,False,True,21.4,58.0,1001.5,False,28.7,191,3.7,True,False,False,False,False,False,+10.948,+1.641,10.948,1.641,5044.066,93.941,,,30.049,37.973,25.919,4980.205,5018.178,5044.097,4950.125
2023,British Grand Prix,10,Great Britain,Silverstone,0 days 01:25:37.689000,SAI,55,0 days 00:01:33.623000,15.0,1.0,,Carlos Sainz,,0 days 00:00:30.065000,0 days 00:00:37.735000,0 days 00:00:25.823000,0 days 01:24:34.162000,0 days 01:25:11.897000,0 days 01:25:37.720000,291.0,255.0,247.0,299.0,False,MEDIUM,15.0,True,Ferrari,0 days 01:24:04.066000,,1,6.0,False,,False,True,21.1,60.0,1001.5,False,27.8,229,4.5,True,False,False,False,False,False,+11.609,+1.983,11.609,1.983,5137.689,93.623,,,30.065,37.735,25.823,5074.162,5111.897,5137.72,5044.066
2023,British Grand Prix,10,Great Britain,Silverstone,0 days 01:27:11.187000,SAI,55,0 days 00:01:33.498000,16.0,1.0,,Carlos Sainz,,0 days 00:00:30.004000,0 days 00:00:37.705000,0 days 00:00:25.789000,0 days 01:26:07.724000,0 days 01:26:45.429000,0 days 01:27:11.218000,290.0,255.0,247.0,297.0,False,MEDIUM,16.0,True,Ferrari,0 days 01:25:37.689000,,1,6.0,False,,False,True,20.7,63.0,1001.5,False,27.7,212,1.8,True,False,False,False,False,False,+12.294,+2.197,12.294,2.197,5231.187,93.498,,,30.004,37.705,25.789,5167.724,5205.429,5231.218,5137.689
2023,British Grand Prix,10,Great Britain,Silverstone,0 days 01:28:44.263000,SAI,55,0 days 00:01:33.076000,17.0,1.0,,Carlos Sainz,,0 days 00:00:29.863000,0 days 00:00:37.473000,0 days 00:00:25.740000,0 days 01:27:41.081000,0 days 01:28:18.554000,0 days 01:28:44.294000,291.0,257.0,247.0,299.0,False,MEDIUM,17.0,True,Ferrari,0 days 01:27:11.187000,,1,6.0,False,,False,True,20.5,63.0,1001.5,False,27.8,241,1.8,True,False,False,False,False,False,+12.774,+2.070,12.774,2.07,5324.263,93.076,,,29.863,37.473,25.74,5261.081,5298.554,5324.294,5231.187
2023,British Grand Prix,10,Great Britain,Silverstone,0 days 01:30:17.565000,SAI,55,0 days 00:01:33.302000,18.0,1.0,,Carlos Sainz,,0 days 00:00:29.959000,0 days 00:00:37.619000,0 days 00:00:25.724000,0 days 01:29:14.253000,0 days 01:29:51.872000,0 days 01:30:17.596000,291.0,257.0,247.0,298.0,False,MEDIUM,18.0,True,Ferrari,0 days 01:28:44.263000,,1,6.0,False,,False,True,20.1,64.0,1001.2,False,28.3,223,2.0,True,False,False,False,False,False,+13.577,+2.301,13.577,2.301,5417.565,93.302,,,29.959,37.619,25.724,5354.253,5391.872,5417.596,5324.263
2023,British Grand Prix,10,Great Britain,Silverstone,0 days 01:31:50.807000,SAI,55,0 days 00:01:33.242000,19.0,1.0,,Carlos Sainz,,0 days 00:00:30.013000,0 days 00:00:37.663000,0 days 00:00:25.566000,0 days 01:30:47.609000,0 days 01:31:25.272000,0 days 01:31:50.838000,289.0,255.0,248.0,297.0,False,MEDIUM,19.0,True,Ferrari,0 days 01:30:17.565000,,1,5.0,False,,False,True,20.1,64.0,1001.4,False,28.9,239,3.4,True,False,False,False,False,False,+14.473,+2.757,14.473,2.757,5510.807,93.242,,,30.013,37.663,25.566,5447.609,5485.272,5510.838,5417.565
2023,British Grand Prix,10,Great Britain,Silverstone,0 days 01:33:23.814000,SAI,55,0 days 00:01:33.007000,20.0,1.0,,Carlos Sainz,,0 days 00:00:29.784000,0 days 00:00:37.571000,0 days 00:00:25.652000,0 days 01:32:20.622000,0 days 01:32:58.193000,0 days 01:33:23.845000,290.0,255.0,248.0,299.0,False,MEDIUM,20.0,True,Ferrari,0 days 01:31:50.807000,,1,5.0,False,,False,True,20.2,64.0,1001.4,False,29.1,201,3.2,True,False,False,False,False,False,+15.183,+2.951,15.183,2.951,5603.814,93.007,,,29.784,37.571,25.652,5540.622,5578.193,5603.845,5510.807
2023,British Grand Prix,10,Great Britain,Silverstone,0 days 01:34:57.075000,SAI,55,0 days 00:01:33.261000,21.0,1.0,,Carlos Sainz,,0 days 00:00:29.842000,0 days 00:00:37.625000,0 days 00:00:25.794000,0 days 01:33:53.687000,0 days 01:34:31.312000,0 days 01:34:57.106000,290.0,256.0,245.0,297.0,False,MEDIUM,21.0,True,Ferrari,0 days 01:33:23.814000,,1,5.0,False,,False,True,20.2,64.0,1001.4,False,29.4,206,2.0,True,False,False,False,False,False,+15.876,+3.292,15.876,3.292,5697.075,93.261,,,29.842,37.625,25.794,5633.687,5671.312,5697.106,5603.814
2023,British Grand Prix,10,Great Britain,Silverstone,0 days 01:36:29.946000,SAI,55,0 days 00:01:32.871000,22.0,1.0,,Carlos Sainz,,0 days 00:00:29.805000,0 days 00:00:37.465000,0 days 00:00:25.601000,0 days 01:35:26.911000,0 days 01:36:04.376000,0 days 01:36:29.977000,293.0,256.0,247.0,300.0,True,MEDIUM,22.0,True,Ferrari,0 days 01:34:57.075000,,1,5.0,False,,False,True,20.2,64.0,1001.4,False,29.6,206,2.2,True,False,False,False,False,False,+16.633,+3.653,16.633,3.653,5789.946,92.871,,,29.805,37.465,25.601,5726.911,5764.376,5789.977,5697.075
2023,British Grand Prix,10,Great Britain,Silverstone,0 days 01:38:02.701000,SAI,55,0 days 00:01:32.755000,23.0,1.0,,Carlos Sainz,,0 days 00:00:29.738000,0 days 00:00:37.491000,0 days 00:00:25.526000,0 days 01:36:59.715000,0 days 01:37:37.206000,0 days 01:38:02.732000,295.0,256.0,247.0,302.0,True,MEDIUM,23.0,True,Ferrari,0 days 01:36:29.946000,,1,5.0,False,,False,True,20.2,64.0,1001.4,False,29.6,204,2.5,True,False,False,False,False,False,+17.092,+3.702,17.092,3.702,5882.701,92.755,,,29.738,37.491,25.526,5819.715,5857.206,5882.732,5789.946
2023,British Grand Prix,10,Great Britain,Silverstone,0 days 01:39:35.471000,SAI,55,0 days 00:01:32.770000,24.0,1.0,,Carlos Sainz,,0 days 00:00:29.861000,0 days 00:00:37.373000,0 days 00:00:25.536000,0 days 01:38:32.593000,0 days 01:39:09.966000,0 days 01:39:35.502000,295.0,256.0,247.0,303.0,False,MEDIUM,24.0,True,Ferrari,0 days 01:38:02.701000,,1,5.0,False,,False,True,20.2,63.0,1001.4,False,29.6,214,0.8,True,False,False,False,False,False,+17.539,+3.662,17.539,3.662,5975.471,92.77,,,29.861,37.373,25.536,5912.593,5949.966,5975.502,5882.701
2023,British Grand Prix,10,Great Britain,Silverstone,0 days 01:41:08.604000,SAI,55,0 days 00:01:33.133000,25.0,1.0,,Carlos Sainz,,0 days 00:00:29.832000,0 days 00:00:37.717000,0 days 00:00:25.584000,0 days 01:40:05.334000,0 days 01:40:43.051000,0 days 01:41:08.635000,295.0,257.0,247.0,303.0,False,MEDIUM,25.0,True,Ferrari,0 days 01:39:35.471000,,1,5.0,False,,False,True,20.4,62.0,1001.4,False,30.9,145,1.7,True,False,False,False,False,False,+18.387,+3.926,18.387,3.926,6068.604,93.133,,,29.832,37.717,25.584,6005.334,6043.051,6068.635,5975.471
2023,British Grand Prix,10,Great Britain,Silverstone,0 days 01:42:41.785000,SAI,55,0 days 00:01:33.181000,26.0,1.0,,Carlos Sainz,0 days 01:42:35.441000,0 days 00:00:29.900000,0 days 00:00:37.824000,0 days 00:00:25.457000,0 days 01:41:38.535000,0 days 01:42:16.359000,0 days 01:42:41.816000,293.0,257.0,,302.0,False,MEDIUM,26.0,True,Ferrari,0 days 01:41:08.604000,,1,5.0,False,,False,False,20.5,62.0,1001.4,False,31.4,240,1.1,True,False,False,False,False,False,+19.340,+4.361,19.34,4.361,6161.785,93.181,6155.441,,29.9,37.824,25.457,6098.535,6136.359,6161.816,6068.604
2023,British Grand Prix,10,Great Britain,Silverstone,0 days 01:44:34.513000,SAI,55,0 days 00:01:52.728000,27.0,2.0,0 days 01:43:04.300000,Carlos Sainz,,0 days 00:00:50.102000,0 days 00:00:37.336000,0 days 00:00:25.290000,0 days 01:43:31.918000,0 days 01:44:09.254000,0 days 01:44:34.544000,289.0,256.0,250.0,299.0,False,HARD,1.0,True,Ferrari,0 days 01:42:41.785000,,1,12.0,False,,False,False,20.6,61.0,1001.4,False,32.4,225,2.4,True,False,False,False,False,False,+39.915,+3.247,39.915,3.247,6274.513,112.728,,6184.3,50.102,37.336,25.29,6211.918,6249.254,6274.544,6161.785
2023,British Grand Prix,10,Great Britain,Silverstone,0 days 01:46:06.733000,SAI,55,0 days 00:01:32.220000,28.0,2.0,,Carlos Sainz,,0 days 00:00:29.528000,0 days 00:00:37.246000,0 days 00:00:25.446000,0 days 01:45:04.072000,0 days 01:45:41.318000,0 days 01:46:06.764000,289.0,257.0,249.0,299.0,True,HARD,2.0,True,Ferrari,0 days 01:44:34.513000,,1,12.0,False,,False,True,20.8,62.0,1001.4,False,32.8,192,2.2,True,False,False,False,False,False,+39.891,+2.202,39.891,2.202,6366.733,92.22,,,29.528,37.246,25.446,6304.072,6341.318,6366.764,6274.513
2023,British Grand Prix,10,Great Britain,Silverstone,0 days 01:47:38.678000,SAI,55,0 days 00:01:31.945000,29.0,2.0,,Carlos Sainz,,0 days 00:00:29.520000,0 days 00:00:37.066000,0 days 00:00:25.359000,0 days 01:46:36.284000,0 days 01:47:13.350000,0 days 01:47:38.709000,293.0,262.0,250.0,321.0,True,HARD,3.0,True,Ferrari,0 days 01:46:06.733000,,1,11.0,False,,False,True,20.9,61.0,1001.4,False,33.3,175,2.5,True,False,False,False,False,False,+39.594,+0.435,39.594,0.435,6458.678,91.945,,,29.52,37.066,25.359,6396.284,6433.35,6458.709,6366.733
2023,British Grand Prix,10,Great Britain,Silverstone,0 days 01:49:10.807000,SAI,55,0 days 00:01:32.129000,30.0,2.0,,Carlos Sainz,,0 days 00:00:29.581000,0 days 00:00:37.220000,0 days 00:00:25.328000,0 days 01:48:08.290000,0 days 01:48:45.510000,0 days 01:49:10.838000,309.0,259.0,249.0,301.0,False,HARD,4.0,True,Ferrari,0 days 01:47:38.678000,,1,10.0,False,,False,True,21.0,61.0,1001.4,False,32.7,195,1.8,True,False,False,False,False,False,+39.379,+2.832,39.379,2.832,6550.807,92.129,,,29.581,37.22,25.328,6488.29,6525.51,6550.838,6458.678
2023,British Grand Prix,10,Great Britain,Silverstone,0 days 01:50:43.301000,SAI,55,0 days 00:01:32.494000,31.0,2.0,,Carlos Sainz,,0 days 00:00:29.760000,0 days 00:00:37.306000,0 days 00:00:25.428000,0 days 01:49:40.598000,0 days 01:50:17.904000,0 days 01:50:43.332000,292.0,257.0,248.0,301.0,False,HARD,5.0,True,Ferrari,0 days 01:49:10.807000,,1,10.0,False,,False,True,21.1,62.0,1001.2,False,32.4,207,3.0,True,False,False,False,False,False,+39.442,+2.674,39.442,2.674,6643.301,92.494,,,29.76,37.306,25.428,6580.598,6617.904,6643.332,6550.807
2023,British Grand Prix,10,Great Britain,Silverstone,0 days 01:52:25.884000,SAI,55,0 days 00:01:42.583000,32.0,2.0,,Carlos Sainz,,0 days 00:00:29.620000,0 days 00:00:37.209000,0 days 00:00:35.754000,0 days 01:51:12.952000,0 days 01:51:50.161000,0 days 01:52:25.915000,292.0,260.0,168.0,123.0,False,HARD,6.0,True,Ferrari,0 days 01:50:43.301000,,126,9.0,False,,False,False,21.0,62.0,1001.2,False,31.4,197,2.5,True,True,False,False,True,False,+49.826,+6.013,49.826,6.013,6745.884,102.583,,,29.62,37.209,35.754,6672.952,6710.161,6745.915,6643.301
2023,British Grand Prix,10,Great Britain,Silverstone,0 days 01:54:35.534000,SAI,55,0 days 00:02:09.650000,33.0,2.0,,Carlos Sainz,,0 days 00:00:41.951000,0 days 00:00:53.339000,0 days 00:00:34.360000,0 days 01:53:07.866000,0 days 01:54:01.205000,0 days 01:54:35.565000,112.0,185.0,167.0,244.0,False,HARD,7.0,True,Ferrari,0 days 01:52:25.884000,,64,7.0,False,,False,False,21.0,63.0,1001.2,False,30.6,226,1.2,False,False,True,False,True,False,+60.865,+7.485,60.865,7.485,6875.534,129.65,,,41.951,53.339,34.36,6787.866,6841.205,6875.565,6745.884
2023,British Grand Prix,10,Great Britain,Silverstone,0 days 01:56:45.857000,SAI,55,0 days 00:02:10.323000,34.0,2.0,,Carlos Sainz,,0 days 00:00:45.895000,0 days 00:00:48.024000,0 days 00:00:36.404000,0 days 01:55:21.460000,0 days 01:56:09.484000,0 days 01:56:45.888000,143.0,159.0,212.0,252.0,False,HARD,8.0,True,Ferrari,0 days 01:54:35.534000,,4,7.0,False,,False,False,20.9,63.0,1001.2,False,30.5,246,1.3,False,False,True,False,False,False,+12.717,+3.797,12.717,3.797,7005.857,130.323,,,45.895,48.024,36.404,6921.46,6969.484,7005.888,6875.534
2023,British Grand Prix,10,Great Britain,Silverstone,0 days 01:59:08.921000,SAI,55,0 days 00:02:23.064000,35.0,2.0,,Carlos Sainz,,0 days 00:00:45.843000,0 days 00:00:57.869000,0 days 00:00:39.352000,0 days 01:57:31.731000,0 days 01:58:29.600000,0 days 01:59:08.952000,199.0,184.0,93.0,96.0,False,HARD,9.0,True,Ferrari,0 days 01:56:45.857000,,4,7.0,False,,False,False,20.9,63.0,1001.2,False,30.1,238,1.1,False,False,True,False,False,False,+8.010,+1.670,8.01,1.67,7148.921,143.064,,,45.843,57.869,39.352,7051.731,7109.6,7148.952,7005.857
2023,British Grand Prix,10,Great Britain,Silverstone,0 days 02:01:34.103000,SAI,55,0 days 00:02:25.182000,36.0,2.0,,Carlos Sainz,,0 days 00:00:52.687000,0 days 00:00:56.744000,0 days 00:00:35.751000,0 days 02:00:01.639000,0 days 02:00:58.383000,0 days 02:01:34.134000,193.0,103.0,194.0,272.0,False,HARD,10.0,True,Ferrari,0 days 01:59:08.921000,,4,7.0,False,,False,False,21.0,63.0,1001.2,False,30.1,236,1.3,False,False,True,False,False,False,+6.647,+1.425,6.647,1.425,7294.103,145.182,,,52.687,56.744,35.751,7201.639,7258.383,7294.134,7148.921
2023,British Grand Prix,10,Great Britain,Silverstone,0 days 02:03:59.189000,SAI,55,0 days 00:02:25.086000,37.0,2.0,,Carlos Sainz,,0 days 00:00:52.517000,0 days 00:00:53.875000,0 days 00:00:38.694000,0 days 02:02:26.651000,0 days 02:03:20.526000,0 days 02:03:59.220000,123.0,168.0,93.0,256.0,False,HARD,11.0,True,Ferrari,0 days 02:01:34.103000,,4,7.0,False,,False,False,20.9,63.0,1001.2,False,29.7,246,0.8,False,False,True,False,False,False,+7.898,+1.237,7.898,1.237,7439.189,145.086,,,52.517,53.875,38.694,7346.651,7400.526,7439.22,7294.103
2023,British Grand Prix,10,Great Britain,Silverstone,0 days 02:06:16.597000,SAI,55,0 days 00:02:17.408000,38.0,2.0,,Carlos Sainz,,0 days 00:00:41.573000,0 days 00:00:55.163000,0 days 00:00:40.672000,0 days 02:04:40.793000,0 days 02:05:35.956000,0 days 02:06:16.628000,130.0,130.0,251.0,150.0,False,HARD,12.0,True,Ferrari,0 days 02:03:59.189000,,41,7.0,False,,False,False,20.9,63.0,1001.2,False,29.4,199,1.8,True,False,True,False,False,False,+3.572,+0.645,3.572,0.645,7576.597,137.408,,,41.573,55.163,40.672,7480.793,7535.956,7576.628,7439.189
2023,British Grand Prix,10,Great Britain,Silverstone,0 days 02:07:49.056000,SAI,55,0 days 00:01:32.459000,39.0,2.0,,Carlos Sainz,,0 days 00:00:29.532000,0 days 00:00:37.476000,0 days 00:00:25.451000,0 days 02:06:46.160000,0 days 02:07:23.636000,0 days 02:07:49.087000,308.0,259.0,250.0,309.0,False,HARD,13.0,True,Ferrari,0 days 02:06:16.597000,,1,7.0,False,,False,True,21.0,64.0,1001.2,False,29.3,201,1.2,True,False,False,False,False,False,+5.690,+0.832,5.69,0.832,7669.056,92.459,,,29.532,37.476,25.451,7606.16,7643.636,7669.087,7576.597
2023,British Grand Prix,10,Great Britain,Silverstone,0 days 02:09:20.839000,SAI,55,0 days 00:01:31.783000,40.0,2.0,,Carlos Sainz,,0 days 00:00:29.391000,0 days 00:00:37.051000,0 days 00:00:25.341000,0 days 02:08:18.478000,0 days 02:08:55.529000,0 days 02:09:20.870000,296.0,261.0,250.0,304.0,True,HARD,14.0,True,Ferrari,0 days 02:07:49.056000,,1,7.0,False,,False,True,21.0,63.0,1001.0,False,29.5,218,1.1,True,False,False,False,False,False,+6.948,+0.917,6.948,0.917,7760.839,91.783,,,29.391,37.051,25.341,7698.478,7735.529,7760.87,7669.056
2023,British Grand Prix,10,Great Britain,Silverstone,0 days 02:10:52.266000,SAI,55,0 days 00:01:31.427000,41.0,2.0,,Carlos Sainz,,0 days 00:00:29.121000,0 days 00:00:37.118000,0 days 00:00:25.188000,0 days 02:09:49.991000,0 days 02:10:27.109000,0 days 02:10:52.297000,315.0,264.0,249.0,323.0,True,HARD,15.0,True,Ferrari,0 days 02:09:20.839000,,1,7.0,False,,False,True,21.1,62.0,1001.0,False,29.7,192,2.4,True,False,False,False,False,False,+7.665,+0.680,7.665,0.68,7852.266,91.427,,,29.121,37.118,25.188,7789.991,7827.109,7852.297,7760.839
2023,British Grand Prix,10,Great Britain,Silverstone,0 days 02:12:23.909000,SAI,55,0 days 00:01:31.643000,42.0,2.0,,Carlos Sainz,,0 days 00:00:29.199000,0 days 00:00:37.208000,0 days 00:00:25.236000,0 days 02:11:21.496000,0 days 02:11:58.704000,0 days 02:12:23.940000,313.0,258.0,252.0,321.0,False,HARD,16.0,True,Ferrari,0 days 02:10:52.266000,,1,7.0,False,,False,True,21.2,61.0,1001.0,False,29.9,192,1.0,True,False,False,False,False,False,+9.079,+0.531,9.079,0.531,7943.909,91.643,,,29.199,37.208,25.236,7881.496,7918.704,7943.94,7852.266
2023,British Grand Prix,10,Great Britain,Silverstone,0 days 02:13:56.799000,SAI,55,0 days 00:01:32.890000,43.0,2.0,,Carlos Sainz,,0 days 00:00:29.296000,0 days 00:00:37.140000,0 days 00:00:26.454000,0 days 02:12:53.236000,0 days 02:13:30.376000,0 days 02:13:56.830000,314.0,262.0,238.0,323.0,False,HARD,17.0,True,Ferrari,0 days 02:12:23.909000,,1,8.0,False,,False,True,21.4,61.0,1001.0,False,30.7,177,1.7,True,False,False,False,False,False,+11.144,+1.368,11.144,1.368,8036.799,92.89,,,29.296,37.14,26.454,7973.236,8010.376,8036.83,7943.909
2023,British Grand Prix,10,Great Britain,Silverstone,0 days 02:15:31.421000,SAI,55,0 days 00:01:34.622000,44.0,2.0,,Carlos Sainz,,0 days 00:00:30.647000,0 days 00:00:38.449000,0 days 00:00:25.526000,0 days 02:14:27.477000,0 days 02:15:05.926000,0 days 02:15:31.452000,330.0,256.0,248.0,321.0,False,HARD,18.0,True,Ferrari,0 days 02:13:56.799000,,1,10.0,False,,False,True,21.4,57.0,1001.0,False,31.1,220,2.0,True,False,False,False,False,False,+15.339,+0.686,15.339,0.686,8131.421,94.622,,,30.647,38.449,25.526,8067.477,8105.926,8131.452,8036.799
2023,British Grand Prix,10,Great Britain,Silverstone,0 days 02:17:04.027000,SAI,55,0 days 00:01:32.606000,45.0,2.0,,Carlos Sainz,,0 days 00:00:29.164000,0 days 00:00:37.940000,0 days 00:00:25.502000,0 days 02:16:00.616000,0 days 02:16:38.556000,0 days 02:17:04.058000,316.0,260.0,250.0,305.0,False,HARD,19.0,True,Ferrari,0 days 02:15:31.421000,,1,10.0,False,,False,True,21.4,57.0,1001.0,False,30.4,212,2.0,True,False,False,False,False,False,+16.700,+1.499,16.7,1.499,8224.027,92.606,,,29.164,37.94,25.502,8160.616,8198.556,8224.058,8131.421
2023,British Grand Prix,10,Great Britain,Silverstone,0 days 02:18:35.933000,SAI,55,0 days 00:01:31.906000,46.0,2.0,,Carlos Sainz,,0 days 00:00:29.310000,0 days 00:00:37.118000,0 days 00:00:25.478000,0 days 02:17:33.368000,0 days 02:18:10.486000,0 days 02:18:35.964000,296.0,259.0,248.0,302.0,False,HARD,20.0,True,Ferrari,0 days 02:17:04.027000,,1,10.0,False,,False,True,21.4,57.0,1001.0,False,30.3,186,3.0,True,False,False,False,False,False,+17.437,+1.477,17.437,1.477,8315.933,91.906,,,29.31,37.118,25.478,8253.368,8290.486,8315.964,8224.027
2023,British Grand Prix,10,Great Britain,Silverstone,0 days 02:20:07.525000,SAI,55,0 days 00:01:31.592000,47.0,2.0,,Carlos Sainz,,0 days 00:00:29.236000,0 days 00:00:37.112000,0 days 00:00:25.244000,0 days 02:19:05.200000,0 days 02:19:42.312000,0 days 02:20:07.556000,299.0,257.0,250.0,305.0,False,HARD,21.0,True,Ferrari,0 days 02:18:35.933000,,1,10.0,False,,False,True,21.4,59.0,1001.0,False,30.0,192,2.4,True,False,False,False,False,False,+17.898,+1.723,17.898,1.723,8407.525,91.592,,,29.236,37.112,25.244,8345.2,8382.312,8407.556,8315.933
2023,British Grand Prix,10,Great Britain,Silverstone,0 days 02:21:38.963000,SAI,55,0 days 00:01:31.438000,48.0,2.0,,Carlos Sainz,,0 days 00:00:29.222000,0 days 00:00:36.982000,0 days 00:00:25.234000,0 days 02:20:36.778000,0 days 02:21:13.760000,0 days 02:21:38.994000,299.0,259.0,248.0,305.0,False,HARD,22.0,True,Ferrari,0 days 02:20:07.525000,,1,10.0,False,,False,True,21.5,58.0,1001.0,False,30.0,229,2.4,True,False,False,False,False,False,+17.894,+1.880,17.894,1.88,8498.963,91.438,,,29.222,36.982,25.234,8436.778,8473.76,8498.994,8407.525
2023,British Grand Prix,10,Great Britain,Silverstone,0 days 02:23:10.686000,SAI,55,0 days 00:01:31.723000,49.0,2.0,,Carlos Sainz,,0 days 00:00:29.292000,0 days 00:00:37.036000,0 days 00:00:25.395000,0 days 02:22:08.286000,0 days 02:22:45.322000,0 days 02:23:10.717000,299.0,260.0,250.0,304.0,False,HARD,23.0,True,Ferrari,0 days 02:21:38.963000,,1,10.0,False,,False,True,21.5,54.0,1001.0,False,29.6,188,3.4,True,False,False,False,False,False,+18.423,+1.892,18.423,1.892,8590.686,91.723,,,29.292,37.036,25.395,8528.286,8565.322,8590.717,8498.963
2023,British Grand Prix,10,Great Britain,Silverstone,0 days 02:24:42.094000,SAI,55,0 days 00:01:31.408000,50.0,2.0,,Carlos Sainz,,0 days 00:00:29.164000,0 days 00:00:36.938000,0 days 00:00:25.306000,0 days 02:23:39.881000,0 days 02:24:16.819000,0 days 02:24:42.125000,304.0,257.0,248.0,311.0,True,HARD,24.0,True,Ferrari,0 days 02:23:10.686000,,1,10.0,False,,False,True,21.6,54.0,1000.9,False,29.6,200,4.3,True,False,False,False,False,False,+18.517,+1.495,18.517,1.495,8682.094,91.408,,,29.164,36.938,25.306,8619.881,8656.819,8682.125,8590.686
2023,British Grand Prix,10,Great Britain,Silverstone,0 days 02:26:13.460000,SAI,55,0 days 00:01:31.366000,51.0,2.0,,Carlos Sainz,,0 days 00:00:29.054000,0 days 00:00:36.985000,0 days 00:00:25.327000,0 days 02:25:11.179000,0 days 02:25:48.164000,0 days 02:26:13.491000,306.0,260.0,249.0,311.0,True,HARD,25.0,True,Ferrari,0 days 02:24:42.094000,,1,10.0,False,,False,True,21.7,54.0,1001.0,False,30.2,203,3.7,True,False,False,False,False,False,+18.492,+1.097,18.492,1.097,8773.46,91.366,,,29.054,36.985,25.327,8711.179,8748.164,8773.491,8682.094
2023,British Grand Prix,10,Great Britain,Silverstone,0 days 02:27:45.340000,SAI,55,0 days 00:01:31.880000,52.0,2.0,,Carlos Sainz,,0 days 00:00:29.274000,0 days 00:00:37.244000,0 days 00:00:25.362000,0 days 02:26:42.765000,0 days 02:27:20.009000,0 days 02:27:45.371000,306.0,260.0,249.0,315.0,False,HARD,26.0,True,Ferrari,0 days 02:26:13.460000,,1,10.0,False,,False,True,21.8,52.0,1001.0,False,29.8,193,4.8,True,False,False,False,False,False,+19.407,+0.814,19.407,0.814,8865.34,91.88,,,29.274,37.244,25.362,8802.765,8840.009,8865.371,8773.46
2023,British Grand Prix,10,Great Britain,Silverstone,0 days 01:03:47.605000,RUS,63,0 days 00:01:38.651000,1.0,1.0,,George Russell,,,0 days 00:00:38.881000,0 days 00:00:25.997000,,0 days 01:03:21.714000,0 days 01:03:47.713000,297.0,255.0,246.0,300.0,False,SOFT,4.0,False,Mercedes,0 days 01:02:08.731000,,1,5.0,False,,False,False,21.4,54.0,1001.2,False,29.6,236,3.7,True,False,False,False,False,False,+2.100,+0.351,2.1,0.351,3827.605,98.651,,,,38.881,25.997,,3801.714,3827.713,3728.731
2023,British Grand Prix,10,Great Britain,Silverstone,0 days 01:05:21.720000,RUS,63,0 days 00:01:34.115000,2.0,1.0,,George Russell,,0 days 00:00:29.665000,0 days 00:00:38.479000,0 days 00:00:25.971000,0 days 01:04:17.283000,0 days 01:04:55.762000,0 days 01:05:21.733000,290.0,254.0,245.0,305.0,True,SOFT,5.0,False,Mercedes,0 days 01:03:47.605000,,1,5.0,False,,False,True,21.4,55.0,1001.4,False,29.5,191,3.2,True,False,False,False,False,False,+3.169,+0.472,3.169,0.472,3921.72,94.115,,,29.665,38.479,25.971,3857.283,3895.762,3921.733,3827.605
2023,British Grand Prix,10,Great Britain,Silverstone,0 days 01:06:54.816000,RUS,63,0 days 00:01:33.096000,3.0,1.0,,George Russell,,0 days 00:00:29.375000,0 days 00:00:38.040000,0 days 00:00:25.681000,0 days 01:05:51.108000,0 days 01:06:29.148000,0 days 01:06:54.829000,312.0,257.0,245.0,319.0,True,SOFT,6.0,False,Mercedes,0 days 01:05:21.720000,,1,5.0,False,,False,True,21.5,54.0,1001.2,False,29.4,238,3.4,True,False,False,False,False,False,+3.085,+0.634,3.085,0.634,4014.816,93.096,,,29.375,38.04,25.681,3951.108,3989.148,4014.829,3921.72
2023,British Grand Prix,10,Great Britain,Silverstone,0 days 01:08:27.900000,RUS,63,0 days 00:01:33.084000,4.0,1.0,,George Russell,,0 days 00:00:29.281000,0 days 00:00:38.196000,0 days 00:00:25.607000,0 days 01:07:24.110000,0 days 01:08:02.306000,0 days 01:08:27.913000,298.0,256.0,246.0,317.0,True,SOFT,7.0,False,Mercedes,0 days 01:06:54.816000,,1,5.0,False,,False,True,21.4,55.0,1001.2,False,29.4,188,3.2,True,False,False,False,False,False,+3.397,+0.757,3.397,0.757,4107.9,93.084,,,29.281,38.196,25.607,4044.11,4082.306,4107.913,4014.816
2023,British Grand Prix,10,Great Britain,Silverstone,0 days 01:10:02.111000,RUS,63,0 days 00:01:34.211000,5.0,1.0,,George Russell,,0 days 00:00:29.258000,0 days 00:00:38.446000,0 days 00:00:26.507000,0 days 01:08:57.171000,0 days 01:09:35.617000,0 days 01:10:02.124000,321.0,257.0,244.0,322.0,False,SOFT,8.0,False,Mercedes,0 days 01:08:27.900000,,1,5.0,False,,False,True,21.4,55.0,1001.2,False,29.3,221,3.4,True,False,False,False,False,False,+4.465,+0.559,4.465,0.559,4202.111,94.211,,,29.258,38.446,26.507,4137.171,4175.617,4202.124,4107.9
2023,British Grand Prix,10,Great Britain,Silverstone,0 days 01:11:35.950000,RUS,63,0 days 00:01:33.839000,6.0,1.0,,George Russell,,0 days 00:00:29.700000,0 days 00:00:38.333000,0 days 00:00:25.806000,0 days 01:10:31.824000,0 days 01:11:10.157000,0 days 01:11:35.963000,309.0,256.0,246.0,310.0,False,SOFT,9.0,False,Mercedes,0 days 01:10:02.111000,,1,5.0,False,,False,True,21.5,55.0,1001.4,False,29.4,193,3.2,True,False,False,False,False,False,+5.277,+0.637,5.277,0.637,4295.95,93.839,,,29.7,38.333,25.806,4231.824,4270.157,4295.963,4202.111
2023,British Grand Prix,10,Great Britain,Silverstone,0 days 01:13:09.382000,RUS,63,0 days 00:01:33.432000,7.0,1.0,,George Russell,,0 days 00:00:29.580000,0 days 00:00:38.128000,0 days 00:00:25.724000,0 days 01:12:05.543000,0 days 01:12:43.671000,0 days 01:13:09.395000,297.0,257.0,245.0,313.0,False,SOFT,10.0,False,Mercedes,0 days 01:11:35.950000,,1,5.0,False,,False,True,21.4,54.0,1001.2,False,29.3,198,4.0,True,False,False,False,False,False,+5.609,+0.666,5.609,0.666,4389.382,93.432,,,29.58,38.128,25.724,4325.543,4363.671,4389.395,4295.95
2023,British Grand Prix,10,Great Britain,Silverstone,0 days 01:14:42.518000,RUS,63,0 days 00:01:33.136000,8.0,1.0,,George Russell,,0 days 00:00:29.445000,0 days 00:00:37.966000,0 days 00:00:25.725000,0 days 01:13:38.840000,0 days 01:14:16.806000,0 days 01:14:42.531000,306.0,258.0,245.0,317.0,False,SOFT,11.0,False,Mercedes,0 days 01:13:09.382000,,1,5.0,False,,False,True,21.4,55.0,1001.2,False,29.2,190,4.0,True,False,False,False,False,False,+5.861,+0.558,5.861,0.558,4482.518,93.136,,,29.445,37.966,25.725,4418.84,4456.806,4482.531,4389.382
2023,British Grand Prix,10,Great Britain,Silverstone,0 days 01:16:15.672000,RUS,63,0 days 00:01:33.154000,9.0,1.0,,George Russell,,0 days 00:00:29.471000,0 days 00:00:37.931000,0 days 00:00:25.752000,0 days 01:15:12.002000,0 days 01:15:49.933000,0 days 01:16:15.685000,309.0,256.0,244.0,320.0,False,SOFT,12.0,False,Mercedes,0 days 01:14:42.518000,,1,5.0,False,,False,True,21.4,55.0,1001.2,False,29.1,185,3.4,True,False,False,False,False,False,+6.156,+0.588,6.156,0.588,4575.672,93.154,,,29.471,37.931,25.752,4512.002,4549.933,4575.685,4482.518
2023,British Grand Prix,10,Great Britain,Silverstone,0 days 01:17:49.096000,RUS,63,0 days 00:01:33.424000,10.0,1.0,,George Russell,,0 days 00:00:29.644000,0 days 00:00:37.983000,0 days 00:00:25.797000,0 days 01:16:45.329000,0 days 01:17:23.312000,0 days 01:17:49.109000,303.0,257.0,245.0,309.0,False,SOFT,13.0,False,Mercedes,0 days 01:16:15.672000,,1,5.0,False,,False,True,21.3,55.0,1001.2,False,29.2,202,3.7,True,False,False,False,False,False,+7.010,+0.879,7.01,0.879,4669.096,93.424,,,29.644,37.983,25.797,4605.329,4643.312,4669.109,4575.672
2023,British Grand Prix,10,Great Britain,Silverstone,0 days 01:19:22.185000,RUS,63,0 days 00:01:33.089000,11.0,1.0,,George Russell,,0 days 00:00:29.499000,0 days 00:00:37.901000,0 days 00:00:25.689000,0 days 01:18:18.608000,0 days 01:18:56.509000,0 days 01:19:22.198000,306.0,258.0,245.0,311.0,False,SOFT,14.0,False,Mercedes,0 days 01:17:49.096000,,1,5.0,False,,False,True,21.4,55.0,1001.2,False,29.2,203,3.2,True,False,False,False,False,False,+7.515,+0.923,7.515,0.923,4762.185,93.089,,,29.499,37.901,25.689,4698.608,4736.509,4762.198,4669.096
2023,British Grand Prix,10,Great Britain,Silverstone,0 days 01:20:55.539000,RUS,63,0 days 00:01:33.354000,12.0,1.0,,George Russell,,0 days 00:00:29.964000,0 days 00:00:37.724000,0 days 00:00:25.666000,0 days 01:19:52.162000,0 days 01:20:29.886000,0 days 01:20:55.552000,297.0,257.0,245.0,309.0,False,SOFT,15.0,False,Mercedes,0 days 01:19:22.185000,,1,5.0,False,,False,True,21.3,55.0,1001.2,False,29.1,187,4.5,True,False,False,False,False,False,+8.161,+0.632,8.161,0.632,4855.539,93.354,,,29.964,37.724,25.666,4792.162,4829.886,4855.552,4762.185
2023,British Grand Prix,10,Great Britain,Silverstone,0 days 01:22:28.698000,RUS,63,0 days 00:01:33.159000,13.0,1.0,,George Russell,,0 days 00:00:29.716000,0 days 00:00:37.705000,0 days 00:00:25.738000,0 days 01:21:25.268000,0 days 01:22:02.973000,0 days 01:22:28.711000,307.0,258.0,245.0,306.0,False,SOFT,16.0,False,Mercedes,0 days 01:20:55.539000,,1,5.0,False,,False,True,21.4,56.0,1001.2,False,28.9,189,4.3,True,False,False,False,False,False,+8.663,+0.601,8.663,0.601,4948.698,93.159,,,29.716,37.705,25.738,4885.268,4922.973,4948.711,4855.539
2023,British Grand Prix,10,Great Britain,Silverstone,0 days 01:24:02.427000,RUS,63,0 days 00:01:33.729000,14.0,1.0,,George Russell,,0 days 00:00:29.785000,0 days 00:00:38.226000,0 days 00:00:25.718000,0 days 01:22:58.496000,0 days 01:23:36.722000,0 days 01:24:02.440000,309.0,256.0,245.0,310.0,False,SOFT,17.0,False,Mercedes,0 days 01:22:28.698000,,1,5.0,True,TRACK LIMITS AT TURN 9 LAP 14 ,False,True,21.4,58.0,1001.5,False,28.7,191,3.7,True,False,False,False,False,False,+9.307,+0.796,9.307,0.796,5042.427,93.729,,,29.785,38.226,25.718,4978.496,5016.722,5042.44,4948.698
2023,British Grand Prix,10,Great Britain,Silverstone,0 days 01:25:35.697000,RUS,63,0 days 00:01:33.270000,15.0,1.0,,George Russell,,0 days 00:00:29.856000,0 days 00:00:37.796000,0 days 00:00:25.618000,0 days 01:24:32.296000,0 days 01:25:10.092000,0 days 01:25:35.710000,308.0,258.0,246.0,316.0,False,SOFT,18.0,False,Mercedes,0 days 01:24:02.427000,,1,5.0,False,,False,True,21.1,60.0,1001.5,False,27.8,229,4.5,True,False,False,False,False,False,+9.626,+0.543,9.626,0.543,5135.697,93.27,,,29.856,37.796,25.618,5072.296,5110.092,5135.71,5042.427
2023,British Grand Prix,10,Great Britain,Silverstone,0 days 01:27:09.006000,RUS,63,0 days 00:01:33.309000,16.0,1.0,,George Russell,,0 days 00:00:29.612000,0 days 00:00:37.895000,0 days 00:00:25.802000,0 days 01:26:05.322000,0 days 01:26:43.217000,0 days 01:27:09.019000,316.0,258.0,245.0,323.0,False,SOFT,19.0,False,Mercedes,0 days 01:25:35.697000,,1,5.0,False,,False,True,20.7,63.0,1001.5,False,27.7,212,1.8,True,False,False,False,False,False,+10.097,+0.556,10.097,0.556,5229.006,93.309,,,29.612,37.895,25.802,5165.322,5203.217,5229.019,5135.697
2023,British Grand Prix,10,Great Britain,Silverstone,0 days 01:28:42.180000,RUS,63,0 days 00:01:33.174000,17.0,1.0,,George Russell,,0 days 00:00:29.733000,0 days 00:00:37.811000,0 days 00:00:25.630000,0 days 01:27:38.752000,0 days 01:28:16.563000,0 days 01:28:42.193000,308.0,258.0,246.0,314.0,False,SOFT,20.0,False,Mercedes,0 days 01:27:09.006000,,1,5.0,False,,False,True,20.5,63.0,1001.5,False,27.8,241,1.8,True,False,False,False,False,False,+10.704,+0.651,10.704,0.651,5322.18,93.174,,,29.733,37.811,25.63,5258.752,5296.563,5322.193,5229.006
2023,British Grand Prix,10,Great Britain,Silverstone,0 days 01:30:15.252000,RUS,63,0 days 00:01:33.072000,18.0,1.0,,George Russell,,0 days 00:00:29.740000,0 days 00:00:37.844000,0 days 00:00:25.488000,0 days 01:29:11.933000,0 days 01:29:49.777000,0 days 01:30:15.265000,309.0,258.0,247.0,315.0,True,SOFT,21.0,False,Mercedes,0 days 01:28:42.180000,,1,5.0,False,,False,True,20.1,64.0,1001.2,False,28.3,223,2.0,True,False,False,False,False,False,+11.276,+0.430,11.276,0.43,5415.252,93.072,,,29.74,37.844,25.488,5351.933,5389.777,5415.265,5322.18
2023,British Grand Prix,10,Great Britain,Silverstone,0 days 01:31:48.059000,RUS,63,0 days 00:01:32.807000,19.0,1.0,,George Russell,,0 days 00:00:29.856000,0 days 00:00:37.379000,0 days 00:00:25.572000,0 days 01:30:45.121000,0 days 01:31:22.500000,0 days 01:31:48.072000,293.0,254.0,246.0,300.0,True,SOFT,22.0,False,Mercedes,0 days 01:30:15.252000,,1,4.0,False,,False,True,20.1,64.0,1001.4,False,28.9,239,3.4,True,False,False,False,False,False,+11.716,+5.144,11.716,5.144,5508.059,92.807,,,29.856,37.379,25.572,5445.121,5482.5,5508.072,5415.252
2023,British Grand Prix,10,Great Britain,Silverstone,0 days 01:33:20.862000,RUS,63,0 days 00:01:32.803000,20.0,1.0,,George Russell,,0 days 00:00:29.746000,0 days 00:00:37.397000,0 days 00:00:25.660000,0 days 01:32:17.818000,0 days 01:32:55.215000,0 days 01:33:20.875000,293.0,252.0,247.0,297.0,True,SOFT,23.0,False,Mercedes,0 days 01:31:48.059000,,1,4.0,False,,False,True,20.2,64.0,1001.4,False,29.1,201,3.2,True,False,False,False,False,False,+12.240,+5.256,12.24,5.256,5600.862,92.803,,,29.746,37.397,25.66,5537.818,5575.215,5600.875,5508.059
2023,British Grand Prix,10,Great Britain,Silverstone,0 days 01:34:53.712000,RUS,63,0 days 00:01:32.850000,21.0,1.0,,George Russell,,0 days 00:00:29.774000,0 days 00:00:37.425000,0 days 00:00:25.651000,0 days 01:33:50.649000,0 days 01:34:28.074000,0 days 01:34:53.725000,293.0,254.0,247.0,297.0,False,SOFT,24.0,False,Mercedes,0 days 01:33:20.862000,,1,4.0,False,,False,True,20.2,64.0,1001.4,False,29.4,206,2.0,True,False,False,False,False,False,+12.584,+5.379,12.584,5.379,5693.712,92.85,,,29.774,37.425,25.651,5630.649,5668.074,5693.725,5600.862
2023,British Grand Prix,10,Great Britain,Silverstone,0 days 01:36:26.280000,RUS,63,0 days 00:01:32.568000,22.0,1.0,,George Russell,,0 days 00:00:29.654000,0 days 00:00:37.288000,0 days 00:00:25.626000,0 days 01:35:23.379000,0 days 01:36:00.667000,0 days 01:36:26.293000,292.0,254.0,247.0,297.0,True,SOFT,25.0,False,Mercedes,0 days 01:34:53.712000,,1,4.0,False,,False,True,20.2,64.0,1001.4,False,29.6,206,2.2,True,False,False,False,False,False,+12.980,+5.431,12.98,5.431,5786.28,92.568,,,29.654,37.288,25.626,5723.379,5760.667,5786.293,5693.712
2023,British Grand Prix,10,Great Britain,Silverstone,0 days 01:37:58.963000,RUS,63,0 days 00:01:32.683000,23.0,1.0,,George Russell,,0 days 00:00:29.682000,0 days 00:00:37.421000,0 days 00:00:25.580000,0 days 01:36:55.975000,0 days 01:37:33.396000,0 days 01:37:58.976000,293.0,254.0,247.0,297.0,False,SOFT,26.0,False,Mercedes,0 days 01:36:26.280000,,1,4.0,False,,False,True,20.2,64.0,1001.4,False,29.6,204,2.5,True,False,False,False,False,False,+13.390,+5.354,13.39,5.354,5878.963,92.683,,,29.682,37.421,25.58,5815.975,5853.396,5878.976,5786.28
2023,British Grand Prix,10,Great Britain,Silverstone,0 days 01:39:31.815000,RUS,63,0 days 00:01:32.852000,24.0,1.0,,George Russell,,0 days 00:00:29.890000,0 days 00:00:37.327000,0 days 00:00:25.635000,0 days 01:38:28.866000,0 days 01:39:06.193000,0 days 01:39:31.828000,292.0,254.0,246.0,297.0,False,SOFT,27.0,False,Mercedes,0 days 01:37:58.963000,,1,4.0,False,,False,True,20.2,63.0,1001.4,False,29.6,214,0.8,True,False,False,False,False,False,+13.877,+5.538,13.877,5.538,5971.815,92.852,,,29.89,37.327,25.635,5908.866,5946.193,5971.828,5878.963
2023,British Grand Prix,10,Great Britain,Silverstone,0 days 01:41:04.678000,RUS,63,0 days 00:01:32.863000,25.0,1.0,,George Russell,,0 days 00:00:29.909000,0 days 00:00:37.461000,0 days 00:00:25.493000,0 days 01:40:01.737000,0 days 01:40:39.198000,0 days 01:41:04.691000,293.0,255.0,247.0,302.0,False,SOFT,28.0,False,Mercedes,0 days 01:39:31.815000,,1,4.0,False,,False,True,20.4,62.0,1001.4,False,30.9,145,1.7,True,False,False,False,False,False,+14.447,+5.631,14.447,5.631,6064.678,92.863,,,29.909,37.461,25.493,6001.737,6039.198,6064.691,5971.815
2023,British Grand Prix,10,Great Britain,Silverstone,0 days 01:42:37.636000,RUS,63,0 days 00:01:32.958000,26.0,1.0,,George Russell,,0 days 00:00:29.802000,0 days 00:00:37.537000,0 days 00:00:25.619000,0 days 01:41:34.493000,0 days 01:42:12.030000,0 days 01:42:37.649000,293.0,255.0,247.0,300.0,False,SOFT,29.0,False,Mercedes,0 days 01:41:04.678000,,1,4.0,False,,False,True,20.5,62.0,1001.4,False,31.4,240,1.1,True,False,False,False,False,False,+15.127,+5.531,15.127,5.531,6157.636,92.958,,,29.802,37.537,25.619,6094.493,6132.03,6157.649,6064.678
2023,British Grand Prix,10,Great Britain,Silverstone,0 days 01:44:10.698000,RUS,63,0 days 00:01:33.062000,27.0,1.0,,George Russell,,0 days 00:00:29.871000,0 days 00:00:37.552000,0 days 00:00:25.639000,0 days 01:43:07.520000,0 days 01:43:45.072000,0 days 01:44:10.711000,293.0,253.0,247.0,301.0,False,SOFT,30.0,False,Mercedes,0 days 01:42:37.636000,,1,4.0,False,,False,True,20.6,61.0,1001.4,False,32.4,225,2.4,True,False,False,False,False,False,+16.048,+5.713,16.048,5.713,6250.698,93.062,,,29.871,37.552,25.639,6187.52,6225.072,6250.711,6157.636
2023,British Grand Prix,10,Great Britain,Silverstone,0 days 01:45:43.202000,RUS,63,0 days 00:01:32.504000,28.0,1.0,,George Russell,0 days 01:45:37.282000,0 days 00:00:29.894000,0 days 00:00:37.569000,0 days 00:00:25.041000,0 days 01:44:40.605000,0 days 01:45:18.174000,0 days 01:45:43.215000,293.0,253.0,,305.0,False,SOFT,31.0,False,Mercedes,0 days 01:44:10.698000,,1,4.0,False,,False,False,20.8,62.0,1001.4,False,32.4,209,1.2,True,False,False,False,False,False,+16.689,+5.732,16.689,5.732,6343.202,92.504,6337.282,,29.894,37.569,25.041,6280.605,6318.174,6343.215,6250.698
2023,British Grand Prix,10,Great Britain,Silverstone,0 days 01:47:36.464000,RUS,63,0 days 00:01:53.262000,29.0,2.0,0 days 01:46:06.781000,George Russell,,0 days 00:00:50.724000,0 days 00:00:37.231000,0 days 00:00:25.307000,0 days 01:46:33.939000,0 days 01:47:11.170000,0 days 01:47:36.477000,289.0,259.0,250.0,301.0,False,MEDIUM,1.0,True,Mercedes,0 days 01:45:43.202000,,1,9.0,False,,False,False,20.9,61.0,1001.4,False,33.3,175,2.5,True,False,False,False,False,False,+37.393,+1.559,37.393,1.559,6456.464,113.262,,6366.781,50.724,37.231,25.307,6393.939,6431.17,6456.477,6343.202
2023,British Grand Prix,10,Great Britain,Silverstone,0 days 01:49:07.974000,RUS,63,0 days 00:01:31.510000,30.0,2.0,,George Russell,,0 days 00:00:29.321000,0 days 00:00:37.145000,0 days 00:00:25.044000,0 days 01:48:05.798000,0 days 01:48:42.943000,0 days 01:49:07.987000,293.0,261.0,249.0,318.0,True,MEDIUM,2.0,True,Mercedes,0 days 01:47:36.464000,,1,9.0,False,,False,True,21.0,61.0,1001.4,False,32.7,195,1.8,True,False,False,False,False,False,+36.547,+0.584,36.547,0.584,6547.974,91.51,,,29.321,37.145,25.044,6485.798,6522.943,6547.987,6456.464
2023,British Grand Prix,10,Great Britain,Silverstone,0 days 01:50:39.774000,RUS,63,0 days 00:01:31.800000,31.0,2.0,,George Russell,,0 days 00:00:29.104000,0 days 00:00:37.339000,0 days 00:00:25.357000,0 days 01:49:37.091000,0 days 01:50:14.430000,0 days 01:50:39.787000,318.0,258.0,249.0,305.0,False,MEDIUM,3.0,True,Mercedes,0 days 01:49:07.974000,,1,8.0,False,,False,True,21.1,62.0,1001.2,False,32.4,207,3.0,True,False,False,False,False,False,+35.931,+1.147,35.931,1.147,6639.774,91.8,,,29.104,37.339,25.357,6577.091,6614.43,6639.787,6547.974
2023,British Grand Prix,10,Great Britain,Silverstone,0 days 01:52:19.871000,RUS,63,0 days 00:01:40.097000,32.0,2.0,,George Russell,,0 days 00:00:29.566000,0 days 00:00:37.175000,0 days 00:00:33.356000,0 days 01:51:09.353000,0 days 01:51:46.528000,0 days 01:52:19.884000,294.0,262.0,200.0,320.0,False,MEDIUM,4.0,True,Mercedes,0 days 01:50:39.774000,,126,8.0,False,,False,False,21.0,62.0,1001.2,False,31.4,197,2.5,True,True,False,False,True,False,+43.813,+3.018,43.813,3.018,6739.871,100.097,,,29.566,37.175,33.356,6669.353,6706.528,6739.884,6639.774
2023,British Grand Prix,10,Great Britain,Silverstone,0 days 01:54:28.049000,RUS,63,0 days 00:02:08.178000,33.0,2.0,,George Russell,,0 days 00:00:41.806000,0 days 00:00:51.231000,0 days 00:00:35.141000,0 days 01:53:01.690000,0 days 01:53:52.921000,0 days 01:54:28.062000,122.0,242.0,173.0,250.0,False,MEDIUM,5.0,True,Mercedes,0 days 01:52:19.871000,,64,6.0,False,,False,False,21.0,63.0,1001.2,False,30.6,226,1.2,False,False,True,False,True,False,+53.380,+5.855,53.38,5.855,6868.049,128.178,,,41.806,51.231,35.141,6781.69,6832.921,6868.062,6739.871
2023,British Grand Prix,10,Great Britain,Silverstone,0 days 01:56:39.060000,RUS,63,0 days 00:02:11.011000,34.0,2.0,,George Russell,,0 days 00:00:47.259000,0 days 00:00:46.162000,0 days 00:00:37.590000,0 days 01:55:15.321000,0 days 01:56:01.483000,0 days 01:56:39.073000,149.0,245.0,238.0,233.0,False,MEDIUM,6.0,True,Mercedes,0 days 01:54:28.049000,,4,5.0,False,,False,False,20.9,63.0,1001.2,False,30.5,246,1.3,False,False,True,False,False,False,+7.691,+3.370,7.691,3.37,6999.06,131.011,,,47.259,46.162,37.59,6915.321,6961.483,6999.073,6868.049
2023,British Grand Prix,10,Great Britain,Silverstone,0 days 01:59:05.572000,RUS,63,0 days 00:02:26.512000,35.0,2.0,,George Russell,,0 days 00:00:47.905000,0 days 00:00:59.461000,0 days 00:00:39.146000,0 days 01:57:26.978000,0 days 01:58:26.439000,0 days 01:59:05.585000,214.0,208.0,118.0,135.0,False,MEDIUM,7.0,True,Mercedes,0 days 01:56:39.060000,,4,5.0,False,,False,False,20.9,63.0,1001.2,False,30.1,238,1.1,False,False,True,False,False,False,+4.863,+1.412,4.863,1.412,7145.572,146.512,,,47.905,59.461,39.146,7046.978,7106.439,7145.585,6999.06
2023,British Grand Prix,10,Great Britain,Silverstone,0 days 02:01:31.938000,RUS,63,0 days 00:02:26.366000,36.0,2.0,,George Russell,,0 days 00:00:54.080000,0 days 00:00:55.585000,0 days 00:00:36.701000,0 days 01:59:59.665000,0 days 02:00:55.250000,0 days 02:01:31.951000,108.0,134.0,189.0,276.0,False,MEDIUM,8.0,True,Mercedes,0 days 01:59:05.572000,,4,5.0,False,,False,False,21.0,63.0,1001.2,False,30.1,236,1.3,False,False,True,False,False,False,+4.482,+1.372,4.482,1.372,7291.938,146.366,,,54.08,55.585,36.701,7199.665,7255.25,7291.951,7145.572
2023,British Grand Prix,10,Great Britain,Silverstone,0 days 02:03:56.665000,RUS,63,0 days 00:02:24.727000,37.0,2.0,,George Russell,,0 days 00:00:51.251000,0 days 00:00:55.160000,0 days 00:00:38.316000,0 days 02:02:23.202000,0 days 02:03:18.362000,0 days 02:03:56.678000,180.0,166.0,114.0,182.0,False,MEDIUM,9.0,True,Mercedes,0 days 02:01:31.938000,,4,5.0,False,,False,False,20.9,63.0,1001.2,False,29.7,246,0.8,False,False,True,False,False,False,+4.809,+1.475,4.809,1.475,7436.665,144.727,,,51.251,55.16,38.316,7343.202,7398.362,7436.678,7291.938
2023,British Grand Prix,10,Great Britain,Silverstone,0 days 02:06:15.589000,RUS,63,0 days 00:02:18.924000,38.0,2.0,,George Russell,,0 days 00:00:41.753000,0 days 00:00:55.605000,0 days 00:00:41.566000,0 days 02:04:38.431000,0 days 02:05:34.036000,0 days 02:06:15.602000,191.0,189.0,252.0,109.0,False,MEDIUM,10.0,True,Mercedes,0 days 02:03:56.665000,,41,5.0,False,,False,False,20.9,63.0,1001.2,False,29.4,199,1.8,True,False,True,False,False,False,+2.596,+0.493,2.596,0.493,7575.589,138.924,,,41.753,55.605,41.566,7478.431,7534.036,7575.602,7436.665
2023,British Grand Prix,10,Great Britain,Silverstone,0 days 02:07:47.437000,RUS,63,0 days 00:01:31.848000,39.0,2.0,,George Russell,,0 days 00:00:29.049000,0 days 00:00:37.331000,0 days 00:00:25.468000,0 days 02:06:44.651000,0 days 02:07:21.982000,0 days 02:07:47.450000,311.0,260.0,251.0,309.0,False,MEDIUM,11.0,True,Mercedes,0 days 02:06:15.589000,,1,5.0,False,,False,True,21.0,64.0,1001.2,False,29.3,201,1.2,True,False,False,False,False,False,+4.104,+0.674,4.104,0.674,7667.437,91.848,,,29.049,37.331,25.468,7604.651,7641.982,7667.45,7575.589
2023,British Grand Prix,10,Great Britain,Silverstone,0 days 02:09:19.043000,RUS,63,0 days 00:01:31.606000,40.0,2.0,,George Russell,,0 days 00:00:29.251000,0 days 00:00:37.051000,0 days 00:00:25.304000,0 days 02:08:16.701000,0 days 02:08:53.752000,0 days 02:09:19.056000,299.0,260.0,251.0,309.0,False,MEDIUM,12.0,True,Mercedes,0 days 02:07:47.437000,,1,5.0,False,,False,True,21.0,63.0,1001.0,False,29.5,218,1.1,True,False,False,False,False,False,+5.161,+0.809,5.161,0.809,7759.043,91.606,,,29.251,37.051,25.304,7696.701,7733.752,7759.056,7667.437
2023,British Grand Prix,10,Great Britain,Silverstone,0 days 02:10:50.167000,RUS,63,0 days 00:01:31.124000,41.0,2.0,,George Russell,,0 days 00:00:29.144000,0 days 00:00:36.929000,0 days 00:00:25.051000,0 days 02:09:48.200000,0 days 02:10:25.129000,0 days 02:10:50.180000,316.0,265.0,251.0,324.0,True,MEDIUM,13.0,True,Mercedes,0 days 02:09:19.043000,,1,5.0,False,,False,True,21.1,62.0,1001.0,False,29.7,192,2.4,True,False,False,False,False,False,+5.610,+1.079,5.61,1.079,7850.167,91.124,,,29.144,36.929,25.051,7788.2,7825.129,7850.18,7759.043
2023,British Grand Prix,10,Great Britain,Silverstone,0 days 02:12:21.355000,RUS,63,0 days 00:01:31.188000,42.0,2.0,,George Russell,,0 days 00:00:29.144000,0 days 00:00:36.948000,0 days 00:00:25.096000,,0 days 02:11:56.272000,0 days 02:12:21.368000,301.0,263.0,251.0,320.0,False,MEDIUM,14.0,True,Mercedes,0 days 02:10:50.167000,,1,5.0,False,,False,True,21.2,61.0,1001.0,False,29.9,192,1.0,True,False,False,False,False,False,+6.538,+1.095,6.538,1.095,7941.355,91.188,,,29.144,36.948,25.096,,7916.272,7941.368,7850.167
2023,British Grand Prix,10,Great Britain,Silverstone,0 days 02:13:52.586000,RUS,63,0 days 00:01:31.231000,43.0,2.0,,George Russell,,0 days 00:00:29.193000,0 days 00:00:36.759000,0 days 00:00:25.279000,0 days 02:12:50.561000,0 days 02:13:27.320000,0 days 02:13:52.599000,301.0,262.0,250.0,308.0,False,MEDIUM,15.0,True,Mercedes,0 days 02:12:21.355000,,1,5.0,False,,False,True,21.4,61.0,1001.0,False,30.7,177,1.7,True,False,False,False,False,False,+7.219,+1.327,7.219,1.327,8032.586,91.231,,,29.193,36.759,25.279,7970.561,8007.32,8032.599,7941.355
2023,British Grand Prix,10,Great Britain,Silverstone,0 days 02:15:24.154000,RUS,63,0 days 00:01:31.568000,44.0,2.0,,George Russell,,0 days 00:00:29.174000,0 days 00:00:37.026000,0 days 00:00:25.368000,0 days 02:14:21.773000,0 days 02:14:58.799000,0 days 02:15:24.167000,299.0,259.0,249.0,305.0,False,MEDIUM,16.0,True,Mercedes,0 days 02:13:52.586000,,1,5.0,False,,False,True,21.4,57.0,1001.0,False,31.1,220,2.0,True,False,False,False,False,False,+8.148,+1.394,8.148,1.394,8124.154,91.568,,,29.174,37.026,25.368,8061.773,8098.799,8124.167,8032.586
2023,British Grand Prix,10,Great Britain,Silverstone,0 days 02:16:55.872000,RUS,63,0 days 00:01:31.718000,45.0,2.0,,George Russell,,0 days 00:00:29.201000,0 days 00:00:37.067000,0 days 00:00:25.450000,0 days 02:15:53.368000,0 days 02:16:30.435000,0 days 02:16:55.885000,308.0,262.0,248.0,304.0,False,MEDIUM,17.0,True,Mercedes,0 days 02:15:24.154000,,1,5.0,True,TRACK LIMITS AT TURN 15 LAP 45 ,False,True,21.4,57.0,1001.0,False,30.4,212,2.0,True,False,False,False,False,False,+8.524,+1.706,8.524,1.706,8215.872,91.718,,,29.201,37.067,25.45,8153.368,8190.435,8215.885,8124.154
2023,British Grand Prix,10,Great Britain,Silverstone,0 days 02:18:27.856000,RUS,63,0 days 00:01:31.984000,46.0,2.0,,George Russell,,0 days 00:00:29.319000,0 days 00:00:37.124000,0 days 00:00:25.541000,0 days 02:17:25.204000,0 days 02:18:02.328000,0 days 02:18:27.869000,296.0,260.0,248.0,299.0,False,MEDIUM,18.0,True,Mercedes,0 days 02:16:55.872000,,1,5.0,True,TRACK LIMITS AT TURN 15 LAP 46 ,False,True,21.4,57.0,1001.0,False,30.3,186,3.0,True,False,False,False,False,False,+9.394,+2.194,9.394,2.194,8307.856,91.984,,,29.319,37.124,25.541,8245.204,8282.328,8307.869,8215.872
2023,British Grand Prix,10,Great Britain,Silverstone,0 days 02:19:59.500000,RUS,63,0 days 00:01:31.644000,47.0,2.0,,George Russell,,0 days 00:00:29.177000,0 days 00:00:36.978000,0 days 00:00:25.489000,0 days 02:18:57.046000,0 days 02:19:34.024000,0 days 02:19:59.513000,299.0,260.0,250.0,301.0,False,MEDIUM,19.0,True,Mercedes,0 days 02:18:27.856000,,1,5.0,False,,False,True,21.4,59.0,1001.0,False,30.0,192,2.4,True,False,False,False,False,False,+9.890,+2.411,9.89,2.411,8399.5,91.644,,,29.177,36.978,25.489,8337.046,8374.024,8399.513,8307.856
2023,British Grand Prix,10,Great Britain,Silverstone,0 days 02:21:31.069000,RUS,63,0 days 00:01:31.569000,48.0,2.0,,George Russell,,0 days 00:00:29.189000,0 days 00:00:37.001000,0 days 00:00:25.379000,0 days 02:20:28.702000,0 days 02:21:05.703000,0 days 02:21:31.082000,299.0,260.0,251.0,300.0,False,MEDIUM,20.0,True,Mercedes,0 days 02:19:59.500000,,1,5.0,False,,False,True,21.5,58.0,1001.0,False,30.0,229,2.4,True,False,False,False,False,False,+10.063,+2.858,10.063,2.858,8491.069,91.569,,,29.189,37.001,25.379,8428.702,8465.703,8491.082,8399.5
2023,British Grand Prix,10,Great Britain,Silverstone,0 days 02:23:02.681000,RUS,63,0 days 00:01:31.612000,49.0,2.0,,George Russell,,0 days 00:00:29.143000,0 days 00:00:36.987000,0 days 00:00:25.482000,0 days 02:22:00.225000,0 days 02:22:37.212000,0 days 02:23:02.694000,300.0,260.0,250.0,298.0,False,MEDIUM,21.0,True,Mercedes,0 days 02:21:31.069000,,1,5.0,False,,False,True,21.5,54.0,1001.0,False,29.6,188,3.4,True,False,False,False,False,False,+10.453,+3.011,10.453,3.011,8582.681,91.612,,,29.143,36.987,25.482,8520.225,8557.212,8582.694,8491.069
2023,British Grand Prix,10,Great Britain,Silverstone,0 days 02:24:34.102000,RUS,63,0 days 00:01:31.421000,50.0,2.0,,George Russell,,0 days 00:00:29.173000,0 days 00:00:36.843000,0 days 00:00:25.405000,0 days 02:23:31.867000,0 days 02:24:08.710000,0 days 02:24:34.115000,302.0,261.0,249.0,301.0,False,MEDIUM,22.0,True,Mercedes,0 days 02:23:02.681000,,1,5.0,False,,False,True,21.6,54.0,1000.9,False,29.6,200,4.3,True,False,False,False,False,False,+10.582,+2.680,10.582,2.68,8674.102,91.421,,,29.173,36.843,25.405,8611.867,8648.71,8674.115,8582.681
2023,British Grand Prix,10,Great Britain,Silverstone,0 days 02:26:05.665000,RUS,63,0 days 00:01:31.563000,51.0,2.0,,George Russell,,0 days 00:00:29.089000,0 days 00:00:37.001000,0 days 00:00:25.473000,0 days 02:25:03.204000,0 days 02:25:40.205000,0 days 02:26:05.678000,302.0,259.0,250.0,302.0,False,MEDIUM,23.0,True,Mercedes,0 days 02:24:34.102000,,1,5.0,False,,False,True,21.7,54.0,1001.0,False,30.2,203,3.7,True,False,False,False,False,False,+10.726,+2.950,10.726,2.95,8765.665,91.563,,,29.089,37.001,25.473,8703.204,8740.205,8765.678,8674.102
2023,British Grand Prix,10,Great Britain,Silverstone,0 days 02:27:37.098000,RUS,63,0 days 00:01:31.433000,52.0,2.0,,George Russell,,0 days 00:00:29.079000,0 days 00:00:36.925000,0 days 00:00:25.429000,0 days 02:26:34.757000,0 days 02:27:11.682000,0 days 02:27:37.111000,305.0,262.0,250.0,308.0,False,MEDIUM,24.0,True,Mercedes,0 days 02:26:05.665000,,1,5.0,False,,False,True,21.8,53.0,1001.0,False,30.2,188,3.5,True,False,False,False,False,False,+11.205,+3.462,11.205,3.462,8857.098,91.433,,,29.079,36.925,25.429,8794.757,8831.682,8857.111,8765.665
2023,British Grand Prix,10,Great Britain,Silverstone,0 days 01:03:53.929000,BOT,77,0 days 00:01:44.975000,1.0,1.0,,Valtteri Bottas,,,0 days 00:00:40.871000,0 days 00:00:27.112000,,0 days 01:03:26.932000,0 days 01:03:54.041000,281.0,252.0,245.0,301.0,False,HARD,1.0,True,Alfa Romeo,0 days 01:02:08.731000,,1,18.0,False,,False,False,21.4,54.0,1001.2,False,29.6,236,3.7,True,False,False,False,False,False,+8.424,+0.531,8.424,0.531,3833.929,104.975,,,,40.871,27.112,,3806.932,3834.041,3728.731
2023,British Grand Prix,10,Great Britain,Silverstone,0 days 01:05:30.670000,BOT,77,0 days 00:01:36.741000,2.0,1.0,,Valtteri Bottas,,0 days 00:00:30.424000,0 days 00:00:39.379000,0 days 00:00:26.938000,0 days 01:04:24.375000,0 days 01:05:03.754000,0 days 01:05:30.692000,304.0,252.0,242.0,299.0,True,HARD,2.0,True,Alfa Romeo,0 days 01:03:53.929000,,1,19.0,False,,False,True,21.4,55.0,1001.4,False,29.5,191,3.2,True,False,False,False,False,False,+12.119,+0.565,12.119,0.565,3930.67,96.741,,,30.424,39.379,26.938,3864.375,3903.754,3930.692,3833.929
2023,British Grand Prix,10,Great Britain,Silverstone,0 days 01:07:05.535000,BOT,77,0 days 00:01:34.865000,3.0,1.0,,Valtteri Bottas,,0 days 00:00:29.844000,0 days 00:00:38.861000,0 days 00:00:26.160000,0 days 01:06:00.536000,0 days 01:06:39.397000,0 days 01:07:05.557000,314.0,255.0,244.0,322.0,True,HARD,3.0,True,Alfa Romeo,0 days 01:05:30.670000,,1,19.0,False,,False,True,21.5,54.0,1001.2,False,29.4,238,3.4,True,False,False,False,False,False,+13.737,+0.828,13.737,0.828,4025.535,94.865,,,29.844,38.861,26.16,3960.536,3999.397,4025.557,3930.67
2023,British Grand Prix,10,Great Britain,Silverstone,0 days 01:08:40.146000,BOT,77,0 days 00:01:34.611000,4.0,1.0,,Valtteri Bottas,,0 days 00:00:29.847000,0 days 00:00:38.703000,0 days 00:00:26.061000,0 days 01:07:35.404000,0 days 01:08:14.107000,0 days 01:08:40.168000,307.0,254.0,245.0,318.0,True,HARD,4.0,True,Alfa Romeo,0 days 01:07:05.535000,,1,19.0,False,,False,True,21.4,55.0,1001.2,False,29.4,188,3.2,True,False,False,False,False,False,+15.643,+0.954,15.643,0.954,4120.146,94.611,,,29.847,38.703,26.061,4055.404,4094.107,4120.168,4025.535
2023,British Grand Prix,10,Great Britain,Silverstone,0 days 01:10:14.950000,BOT,77,0 days 00:01:34.804000,5.0,1.0,,Valtteri Bottas,,0 days 00:00:29.766000,0 days 00:00:38.804000,0 days 00:00:26.234000,0 days 01:09:09.934000,0 days 01:09:48.738000,0 days 01:10:14.972000,308.0,254.0,245.0,317.0,False,HARD,5.0,True,Alfa Romeo,0 days 01:08:40.146000,,1,19.0,False,,False,True,21.4,55.0,1001.2,False,29.3,221,3.4,True,False,False,False,False,False,+17.304,+1.022,17.304,1.022,4214.95,94.804,,,29.766,38.804,26.234,4149.934,4188.738,4214.972,4120.146
2023,British Grand Prix,10,Great Britain,Silverstone,0 days 01:11:49.741000,BOT,77,0 days 00:01:34.791000,6.0,1.0,,Valtteri Bottas,,0 days 00:00:30.046000,0 days 00:00:38.444000,0 days 00:00:26.301000,0 days 01:10:45.018000,0 days 01:11:23.462000,0 days 01:11:49.763000,288.0,253.0,245.0,298.0,False,HARD,6.0,True,Alfa Romeo,0 days 01:10:14.950000,,1,19.0,False,,False,True,21.4,55.0,1001.2,False,29.5,183,3.4,True,False,False,False,False,False,+19.068,+1.006,19.068,1.006,4309.741,94.791,,,30.046,38.444,26.301,4245.018,4283.462,4309.763,4214.95
2023,British Grand Prix,10,Great Britain,Silverstone,0 days 01:13:24.620000,BOT,77,0 days 00:01:34.879000,7.0,1.0,,Valtteri Bottas,,0 days 00:00:29.863000,0 days 00:00:38.733000,0 days 00:00:26.283000,0 days 01:12:19.626000,0 days 01:12:58.359000,0 days 01:13:24.642000,304.0,255.0,245.0,316.0,False,HARD,7.0,True,Alfa Romeo,0 days 01:11:49.741000,,1,19.0,False,,False,True,21.4,54.0,1001.2,False,29.3,198,4.0,True,False,False,False,False,False,+20.847,+0.890,20.847,0.89,4404.62,94.879,,,29.863,38.733,26.283,4339.626,4378.359,4404.642,4309.741
2023,British Grand Prix,10,Great Britain,Silverstone,0 days 01:14:59.096000,BOT,77,0 days 00:01:34.476000,8.0,1.0,,Valtteri Bottas,,0 days 00:00:29.875000,0 days 00:00:38.578000,0 days 00:00:26.023000,0 days 01:13:54.517000,0 days 01:14:33.095000,0 days 01:14:59.118000,303.0,255.0,245.0,312.0,True,HARD,8.0,True,Alfa Romeo,0 days 01:13:24.620000,,1,18.0,False,,False,True,21.5,55.0,1001.4,False,29.1,201,3.5,True,False,False,False,False,False,+22.425,+1.094,22.425,1.094,4499.096,94.476,,,29.875,38.578,26.023,4434.517,4473.095,4499.118,4404.62
2023,British Grand Prix,10,Great Britain,Silverstone,0 days 01:16:33.482000,BOT,77,0 days 00:01:34.386000,9.0,1.0,,Valtteri Bottas,,0 days 00:00:29.954000,0 days 00:00:38.344000,0 days 00:00:26.088000,0 days 01:15:29.072000,0 days 01:16:07.416000,0 days 01:16:33.504000,288.0,252.0,245.0,299.0,True,HARD,9.0,True,Alfa Romeo,0 days 01:14:59.096000,,1,18.0,False,,False,True,21.4,55.0,1001.2,False,29.1,185,3.4,True,False,False,False,False,False,+23.981,+1.453,23.981,1.453,4593.482,94.386,,,29.954,38.344,26.088,4529.072,4567.416,4593.504,4499.096
2023,British Grand Prix,10,Great Britain,Silverstone,0 days 01:18:07.788000,BOT,77,0 days 00:01:34.306000,10.0,1.0,,Valtteri Bottas,,0 days 00:00:30.015000,0 days 00:00:38.203000,0 days 00:00:26.088000,0 days 01:17:03.519000,0 days 01:17:41.722000,0 days 01:18:07.810000,287.0,253.0,245.0,297.0,True,HARD,10.0,True,Alfa Romeo,0 days 01:16:33.482000,,1,17.0,False,,False,True,21.3,55.0,1001.2,False,29.2,202,3.7,True,False,False,False,False,False,+25.715,+1.355,25.715,1.355,4687.788,94.306,,,30.015,38.203,26.088,4623.519,4661.722,4687.81,4593.482
2023,British Grand Prix,10,Great Britain,Silverstone,0 days 01:19:42.142000,BOT,77,0 days 00:01:34.354000,11.0,1.0,,Valtteri Bottas,,0 days 00:00:29.900000,0 days 00:00:38.383000,0 days 00:00:26.071000,0 days 01:18:37.710000,0 days 01:19:16.093000,0 days 01:19:42.164000,288.0,252.0,245.0,297.0,False,HARD,11.0,True,Alfa Romeo,0 days 01:18:07.788000,,1,17.0,False,,False,True,21.4,55.0,1001.2,False,29.2,203,3.2,True,False,False,False,False,False,+27.472,+1.488,27.472,1.488,4782.142,94.354,,,29.9,38.383,26.071,4717.71,4756.093,4782.164,4687.788
2023,British Grand Prix,10,Great Britain,Silverstone,0 days 01:21:16.683000,BOT,77,0 days 00:01:34.541000,12.0,1.0,,Valtteri Bottas,,0 days 00:00:30.094000,0 days 00:00:38.281000,0 days 00:00:26.166000,0 days 01:20:12.258000,0 days 01:20:50.539000,0 days 01:21:16.705000,287.0,252.0,245.0,291.0,False,HARD,12.0,True,Alfa Romeo,0 days 01:19:42.142000,,1,17.0,False,,False,True,21.3,55.0,1001.2,False,29.1,187,4.5,True,False,False,False,False,False,+29.326,+1.794,29.326,1.794,4876.683,94.541,,,30.094,38.281,26.166,4812.258,4850.539,4876.705,4782.142
2023,British Grand Prix,10,Great Britain,Silverstone,0 days 01:22:51.301000,BOT,77,0 days 00:01:34.618000,13.0,1.0,,Valtteri Bottas,,0 days 00:00:30.119000,0 days 00:00:38.272000,0 days 00:00:26.227000,0 days 01:21:46.824000,0 days 01:22:25.096000,0 days 01:22:51.323000,283.0,252.0,245.0,288.0,False,HARD,13.0,True,Alfa Romeo,0 days 01:21:16.683000,,1,17.0,False,,False,True,21.4,57.0,1001.5,False,28.8,205,4.5,True,False,False,False,False,False,+31.261,+2.297,31.261,2.297,4971.301,94.618,,,30.119,38.272,26.227,4906.824,4945.096,4971.323,4876.683
2023,British Grand Prix,10,Great Britain,Silverstone,0 days 01:24:25.905000,BOT,77,0 days 00:01:34.604000,14.0,1.0,,Valtteri Bottas,,0 days 00:00:30.215000,0 days 00:00:38.253000,0 days 00:00:26.136000,0 days 01:23:21.538000,0 days 01:23:59.791000,0 days 01:24:25.927000,283.0,252.0,246.0,293.0,False,HARD,14.0,True,Alfa Romeo,0 days 01:22:51.301000,,1,17.0,False,,False,True,21.4,58.0,1001.5,False,28.7,191,3.7,True,False,False,False,False,False,+32.804,+2.455,32.804,2.455,5065.905,94.604,,,30.215,38.253,26.136,5001.538,5039.791,5065.927,4971.301
2023,British Grand Prix,10,Great Britain,Silverstone,0 days 01:26:00.532000,BOT,77,0 days 00:01:34.627000,15.0,1.0,,Valtteri Bottas,,0 days 00:00:30.331000,0 days 00:00:38.191000,0 days 00:00:26.105000,0 days 01:24:56.258000,0 days 01:25:34.449000,0 days 01:26:00.554000,283.0,252.0,246.0,293.0,False,HARD,15.0,True,Alfa Romeo,0 days 01:24:25.905000,,1,16.0,False,,False,True,20.9,61.0,1001.5,False,27.7,255,2.5,True,False,False,False,False,False,+34.472,+2.433,34.472,2.433,5160.532,94.627,,,30.331,38.191,26.105,5096.258,5134.449,5160.554,5065.905
2023,British Grand Prix,10,Great Britain,Silverstone,0 days 01:27:34.899000,BOT,77,0 days 00:01:34.367000,16.0,1.0,,Valtteri Bottas,,0 days 00:00:30.152000,0 days 00:00:38.057000,0 days 00:00:26.158000,0 days 01:26:30.706000,0 days 01:27:08.763000,0 days 01:27:34.921000,283.0,252.0,247.0,292.0,False,HARD,16.0,True,Alfa Romeo,0 days 01:26:00.532000,,1,16.0,False,,False,True,20.7,63.0,1001.5,False,27.7,212,1.8,True,False,False,False,False,False,+36.025,+2.549,36.025,2.549,5254.899,94.367,,,30.152,38.057,26.158,5190.706,5228.763,5254.921,5160.532
2023,British Grand Prix,10,Great Britain,Silverstone,0 days 01:29:08.766000,BOT,77,0 days 00:01:33.867000,17.0,1.0,,Valtteri Bottas,,0 days 00:00:30.111000,0 days 00:00:37.712000,0 days 00:00:26.044000,0 days 01:28:05.032000,0 days 01:28:42.744000,0 days 01:29:08.788000,284.0,253.0,245.0,293.0,True,HARD,17.0,True,Alfa Romeo,0 days 01:27:34.899000,,1,16.0,False,,False,True,20.1,63.0,1001.4,False,27.9,222,2.2,True,False,False,False,False,False,+37.273,+2.358,37.273,2.358,5348.766,93.867,,,30.111,37.712,26.044,5285.032,5322.744,5348.788,5254.899
2023,British Grand Prix,10,Great Britain,Silverstone,0 days 01:30:42.515000,BOT,77,0 days 00:01:33.749000,18.0,1.0,,Valtteri Bottas,,0 days 00:00:30.055000,0 days 00:00:37.711000,0 days 00:00:25.983000,0 days 01:29:38.843000,0 days 01:30:16.554000,0 days 01:30:42.537000,284.0,254.0,247.0,293.0,True,HARD,18.0,True,Alfa Romeo,0 days 01:29:08.766000,,1,16.0,False,,False,True,20.1,64.0,1001.2,False,28.3,223,2.0,True,False,False,False,False,False,+38.533,+2.252,38.533,2.252,5442.515,93.749,,,30.055,37.711,25.983,5378.843,5416.554,5442.537,5348.766
2023,British Grand Prix,10,Great Britain,Silverstone,0 days 01:32:16.245000,BOT,77,0 days 00:01:33.730000,19.0,1.0,,Valtteri Bottas,,0 days 00:00:30.048000,0 days 00:00:37.742000,0 days 00:00:25.940000,0 days 01:31:12.585000,0 days 01:31:50.327000,0 days 01:32:16.267000,284.0,253.0,248.0,298.0,True,HARD,19.0,True,Alfa Romeo,0 days 01:30:42.515000,,1,16.0,False,,False,True,20.1,64.0,1001.4,False,28.9,239,3.4,True,False,False,False,False,False,+39.918,+2.073,39.918,2.073,5536.245,93.73,,,30.048,37.742,25.94,5472.585,5510.327,5536.267,5442.515
2023,British Grand Prix,10,Great Britain,Silverstone,0 days 01:33:49.916000,BOT,77,0 days 00:01:33.671000,20.0,1.0,,Valtteri Bottas,,0 days 00:00:29.995000,0 days 00:00:37.645000,0 days 00:00:26.031000,0 days 01:32:46.262000,0 days 01:33:23.907000,0 days 01:33:49.938000,284.0,252.0,247.0,294.0,True,HARD,20.0,True,Alfa Romeo,0 days 01:32:16.245000,,1,16.0,False,,False,True,20.3,64.0,1001.2,False,29.3,217,2.7,True,False,False,False,False,False,+41.288,+2.044,41.288,2.044,5629.916,93.671,,,29.995,37.645,26.031,5566.262,5603.907,5629.938,5536.245
2023,British Grand Prix,10,Great Britain,Silverstone,0 days 01:35:23.523000,BOT,77,0 days 00:01:33.607000,21.0,1.0,,Valtteri Bottas,,0 days 00:00:29.996000,0 days 00:00:37.774000,0 days 00:00:25.837000,0 days 01:34:19.934000,0 days 01:34:57.708000,0 days 01:35:23.545000,284.0,253.0,248.0,297.0,True,HARD,21.0,True,Alfa Romeo,0 days 01:33:49.916000,,1,16.0,False,,False,True,20.2,64.0,1001.4,False,29.4,206,2.0,True,False,False,False,False,False,+42.404,+2.086,42.404,2.086,5723.523,93.607,,,29.996,37.774,25.837,5659.934,5697.708,5723.545,5629.916
2023,British Grand Prix,10,Great Britain,Silverstone,0 days 01:36:56.991000,BOT,77,0 days 00:01:33.468000,22.0,1.0,,Valtteri Bottas,,0 days 00:00:29.936000,0 days 00:00:37.631000,0 days 00:00:25.901000,0 days 01:35:53.481000,0 days 01:36:31.112000,0 days 01:36:57.013000,284.0,254.0,247.0,296.0,True,HARD,22.0,True,Alfa Romeo,0 days 01:35:23.523000,,1,16.0,False,,False,True,20.0,64.0,1001.2,False,29.6,222,1.7,True,False,False,False,False,False,+43.691,+1.854,43.691,1.854,5816.991,93.468,,,29.936,37.631,25.901,5753.481,5791.112,5817.013,5723.523
2023,British Grand Prix,10,Great Britain,Silverstone,0 days 01:38:30.778000,BOT,77,0 days 00:01:33.787000,23.0,1.0,,Valtteri Bottas,,0 days 00:00:30.029000,0 days 00:00:37.836000,0 days 00:00:25.922000,0 days 01:37:27.042000,0 days 01:38:04.878000,0 days 01:38:30.800000,285.0,253.0,247.0,296.0,False,HARD,23.0,True,Alfa Romeo,0 days 01:36:56.991000,,1,16.0,False,,False,True,20.2,64.0,1001.4,False,29.6,204,2.5,True,False,False,False,False,False,+45.213,+2.041,45.213,2.041,5910.778,93.787,,,30.029,37.836,25.922,5847.042,5884.878,5910.8,5816.991
2023,British Grand Prix,10,Great Britain,Silverstone,0 days 01:40:04.242000,BOT,77,0 days 00:01:33.464000,24.0,1.0,,Valtteri Bottas,,0 days 00:00:29.834000,0 days 00:00:37.764000,0 days 00:00:25.866000,0 days 01:39:00.634000,0 days 01:39:38.398000,0 days 01:40:04.264000,285.0,253.0,247.0,300.0,True,HARD,24.0,True,Alfa Romeo,0 days 01:38:30.778000,,1,16.0,False,,False,True,20.4,63.0,1001.4,False,29.7,202,1.3,True,False,False,False,False,False,+46.315,+1.775,46.315,1.775,6004.242,93.464,,,29.834,37.764,25.866,5940.634,5978.398,6004.264,5910.778
2023,British Grand Prix,10,Great Britain,Silverstone,0 days 01:41:37.534000,BOT,77,0 days 00:01:33.292000,25.0,1.0,,Valtteri Bottas,,0 days 00:00:29.892000,0 days 00:00:37.622000,0 days 00:00:25.778000,0 days 01:40:34.156000,0 days 01:41:11.778000,0 days 01:41:37.556000,283.0,254.0,247.0,295.0,True,HARD,25.0,True,Alfa Romeo,0 days 01:40:04.242000,,1,15.0,False,,False,True,20.4,62.0,1001.4,False,30.9,145,1.7,True,False,False,False,False,False,+47.288,+4.706,47.288,4.706,6097.534,93.292,,,29.892,37.622,25.778,6034.156,6071.778,6097.556,6004.242
2023,British Grand Prix,10,Great Britain,Silverstone,0 days 01:43:11.004000,BOT,77,0 days 00:01:33.470000,26.0,1.0,,Valtteri Bottas,,0 days 00:00:29.981000,0 days 00:00:37.671000,0 days 00:00:25.818000,0 days 01:42:07.537000,0 days 01:42:45.208000,0 days 01:43:11.026000,283.0,253.0,247.0,294.0,False,HARD,26.0,True,Alfa Romeo,0 days 01:41:37.534000,,1,15.0,False,,False,True,20.5,63.0,1001.4,False,31.7,220,2.0,True,False,False,False,False,False,+48.501,+4.448,48.501,4.448,6191.004,93.47,,,29.981,37.671,25.818,6127.537,6165.208,6191.026,6097.534
2023,British Grand Prix,10,Great Britain,Silverstone,0 days 01:44:44.592000,BOT,77,0 days 00:01:33.588000,27.0,1.0,,Valtteri Bottas,,0 days 00:00:29.999000,0 days 00:00:37.771000,0 days 00:00:25.818000,0 days 01:43:41.025000,0 days 01:44:18.796000,0 days 01:44:44.614000,284.0,254.0,248.0,296.0,False,HARD,27.0,True,Alfa Romeo,0 days 01:43:11.004000,,1,15.0,False,,False,True,20.6,61.0,1001.4,False,32.4,225,2.4,True,False,False,False,False,False,+49.960,+4.308,49.96,4.308,6284.592,93.588,,,29.999,37.771,25.818,6221.025,6258.796,6284.614,6191.004
2023,British Grand Prix,10,Great Britain,Silverstone,0 days 01:46:18.092000,BOT,77,0 days 00:01:33.500000,28.0,1.0,,Valtteri Bottas,,0 days 00:00:29.900000,0 days 00:00:37.790000,0 days 00:00:25.810000,0 days 01:45:14.514000,0 days 01:45:52.304000,0 days 01:46:18.114000,284.0,250.0,248.0,293.0,False,HARD,28.0,True,Alfa Romeo,0 days 01:44:44.592000,,1,14.0,False,,False,True,20.8,62.0,1001.4,False,32.8,192,2.2,True,False,False,False,False,False,+51.252,+7.861,51.252,7.861,6378.092,93.5,,,29.9,37.79,25.81,6314.514,6352.304,6378.114,6284.592
2023,British Grand Prix,10,Great Britain,Silverstone,0 days 01:47:51.443000,BOT,77,0 days 00:01:33.351000,29.0,1.0,,Valtteri Bottas,,0 days 00:00:30,0 days 00:00:37.592000,0 days 00:00:25.759000,0 days 01:46:48.114000,0 days 01:47:25.706000,0 days 01:47:51.465000,284.0,255.0,249.0,293.0,False,HARD,29.0,True,Alfa Romeo,0 days 01:46:18.092000,,1,14.0,False,,False,True,21.0,61.0,1001.4,False,33.3,212,1.6,True,False,False,False,False,False,+52.350,+5.155,52.35,5.155,6471.443,93.351,,,30.0,37.592,25.759,6408.114,6445.706,6471.465,6378.092
2023,British Grand Prix,10,Great Britain,Silverstone,0 days 01:49:24.810000,BOT,77,0 days 00:01:33.367000,30.0,1.0,,Valtteri Bottas,,0 days 00:00:29.967000,0 days 00:00:37.720000,0 days 00:00:25.680000,0 days 01:48:21.432000,0 days 01:48:59.152000,0 days 01:49:24.832000,283.0,255.0,248.0,294.0,False,HARD,30.0,True,Alfa Romeo,0 days 01:47:51.443000,,1,13.0,False,,False,True,21.0,61.0,1001.4,False,32.7,195,1.8,True,False,False,False,False,False,+53.376,+7.137,53.376,7.137,6564.81,93.367,,,29.967,37.72,25.68,6501.432,6539.152,6564.832,6471.443
2023,British Grand Prix,10,Great Britain,Silverstone,0 days 01:50:58.250000,BOT,77,0 days 00:01:33.440000,31.0,1.0,,Valtteri Bottas,,0 days 00:00:29.976000,0 days 00:00:37.764000,0 days 00:00:25.700000,0 days 01:49:54.808000,0 days 01:50:32.572000,0 days 01:50:58.272000,282.0,255.0,248.0,294.0,False,HARD,31.0,True,Alfa Romeo,0 days 01:49:24.810000,,1,13.0,False,,False,True,21.0,62.0,1001.4,False,31.4,235,2.2,True,False,False,False,False,False,+54.408,+8.796,54.408,8.796,6658.25,93.44,,,29.976,37.764,25.7,6594.808,6632.572,6658.272,6564.81
2023,British Grand Prix,10,Great Britain,Silverstone,0 days 01:52:44.215000,BOT,77,0 days 00:01:45.965000,32.0,1.0,,Valtteri Bottas,0 days 01:52:38.227000,0 days 00:00:29.929000,0 days 00:00:43.363000,0 days 00:00:32.673000,0 days 01:51:28.201000,0 days 01:52:11.564000,0 days 01:52:44.237000,283.0,196.0,,207.0,False,HARD,32.0,True,Alfa Romeo,0 days 01:50:58.250000,,126,12.0,False,,False,False,21.0,62.0,1001.2,False,31.4,197,2.5,True,True,False,False,True,False,+66.415,+5.284,66.415,5.284,6764.215,105.965,6758.227,,29.929,43.363,32.673,6688.201,6731.564,6764.237,6658.25
2023,British Grand Prix,10,Great Britain,Silverstone,0 days 01:55:11.123000,BOT,77,0 days 00:02:26.908000,33.0,2.0,0 days 01:53:07.883000,Valtteri Bottas,,0 days 00:01:04.731000,0 days 00:00:46.829000,0 days 00:00:35.348000,0 days 01:53:48.968000,0 days 01:54:35.797000,0 days 01:55:11.145000,170.0,230.0,154.0,164.0,False,SOFT,1.0,True,Alfa Romeo,0 days 01:52:44.215000,,64,14.0,False,,False,False,21.0,63.0,1001.2,False,30.6,226,1.2,False,False,True,False,True,False,+96.454,+2.288,96.454,2.288,6911.123,146.908,,6787.883,64.731,46.829,35.348,6828.968,6875.797,6911.145,6764.215
2023,British Grand Prix,10,Great Britain,Silverstone,0 days 01:57:17.803000,BOT,77,0 days 00:02:06.680000,34.0,2.0,,Valtteri Bottas,,0 days 00:00:44.769000,0 days 00:00:47.908000,0 days 00:00:34.003000,0 days 01:55:55.914000,0 days 01:56:43.822000,0 days 01:57:17.825000,194.0,171.0,197.0,195.0,False,SOFT,2.0,True,Alfa Romeo,0 days 01:55:11.123000,,4,14.0,False,,False,False,20.9,63.0,1001.2,False,30.5,246,1.3,False,False,True,False,False,False,+45.717,+2.998,45.717,2.998,7037.803,126.68,,,44.769,47.908,34.003,6955.914,7003.822,7037.825,6911.123
2023,British Grand Prix,10,Great Britain,Silverstone,0 days 01:59:17.832000,BOT,77,0 days 00:02:00.029000,35.0,2.0,,Valtteri Bottas,,0 days 00:00:40.431000,0 days 00:00:43.960000,0 days 00:00:35.638000,0 days 01:57:58.256000,0 days 01:58:42.216000,0 days 01:59:17.854000,206.0,228.0,86.0,153.0,False,SOFT,3.0,True,Alfa Romeo,0 days 01:57:17.803000,,4,14.0,False,,False,False,21.0,62.0,1001.2,False,30.1,247,1.7,False,False,True,False,False,False,+16.320,+1.938,16.32,1.938,7157.832,120.029,,,40.431,43.96,35.638,7078.256,7122.216,7157.854,7037.803
2023,British Grand Prix,10,Great Britain,Silverstone,0 days 02:01:43.080000,BOT,77,0 days 00:02:25.248000,36.0,2.0,,Valtteri Bottas,,0 days 00:00:56.103000,0 days 00:00:51.036000,0 days 00:00:38.109000,0 days 02:00:13.957000,0 days 02:01:04.993000,0 days 02:01:43.102000,198.0,85.0,224.0,241.0,False,SOFT,4.0,True,Alfa Romeo,0 days 01:59:17.832000,,4,14.0,False,,False,False,20.8,63.0,1001.2,False,29.8,217,1.5,False,False,True,False,False,False,+15.624,+1.514,15.624,1.514,7303.08,145.248,,,56.103,51.036,38.109,7213.957,7264.993,7303.102,7157.832
2023,British Grand Prix,10,Great Britain,Silverstone,0 days 02:04:08.107000,BOT,77,0 days 00:02:25.027000,37.0,2.0,,Valtteri Bottas,,0 days 00:00:52.907000,0 days 00:00:52.237000,0 days 00:00:39.883000,0 days 02:02:36.009000,0 days 02:03:28.246000,0 days 02:04:08.129000,110.0,119.0,94.0,253.0,False,SOFT,5.0,True,Alfa Romeo,0 days 02:01:43.080000,,4,14.0,False,,False,False,20.9,63.0,1001.2,False,29.7,246,0.8,False,False,True,False,False,False,+14.682,+1.404,14.682,1.404,7448.107,145.027,,,52.907,52.237,39.883,7356.009,7408.246,7448.129,7303.08
2023,British Grand Prix,10,Great Britain,Silverstone,0 days 02:06:19.478000,BOT,77,0 days 00:02:11.371000,38.0,2.0,,Valtteri Bottas,,0 days 00:00:39.816000,0 days 00:00:54.101000,0 days 00:00:37.454000,0 days 02:04:47.945000,0 days 02:05:42.046000,0 days 02:06:19.500000,219.0,150.0,252.0,192.0,False,SOFT,6.0,True,Alfa Romeo,0 days 02:04:08.107000,,41,14.0,False,,False,False,20.9,63.0,1001.2,False,29.4,199,1.8,True,False,True,False,False,False,+6.519,+0.473,6.519,0.473,7579.478,131.371,,,39.816,54.101,37.454,7487.945,7542.046,7579.5,7448.107
2023,British Grand Prix,10,Great Britain,Silverstone,0 days 02:07:52.096000,BOT,77,0 days 00:01:32.618000,39.0,2.0,,Valtteri Bottas,,0 days 00:00:29.365000,0 days 00:00:37.584000,0 days 00:00:25.669000,0 days 02:06:48.865000,0 days 02:07:26.449000,0 days 02:07:52.118000,303.0,258.0,251.0,312.0,True,SOFT,7.0,True,Alfa Romeo,0 days 02:06:19.478000,,1,14.0,False,,False,True,21.0,64.0,1001.2,False,29.3,201,1.2,True,False,False,False,False,False,+8.768,+0.323,8.768,0.323,7672.096,92.618,,,29.365,37.584,25.669,7608.865,7646.449,7672.118,7579.478
2023,British Grand Prix,10,Great Britain,Silverstone,0 days 02:09:25.152000,BOT,77,0 days 00:01:33.056000,40.0,2.0,,Valtteri Bottas,,0 days 00:00:29.615000,0 days 00:00:37.557000,0 days 00:00:25.884000,0 days 02:08:21.733000,0 days 02:08:59.290000,0 days 02:09:25.174000,294.0,256.0,251.0,304.0,False,SOFT,8.0,True,Alfa Romeo,0 days 02:07:52.096000,,1,14.0,False,,False,True,21.0,63.0,1001.0,False,29.5,218,1.1,True,False,False,False,False,False,+11.292,+0.380,11.292,0.38,7765.152,93.056,,,29.615,37.557,25.884,7701.733,7739.29,7765.174,7672.096
2023,British Grand Prix,10,Great Britain,Silverstone,0 days 02:10:57.381000,BOT,77,0 days 00:01:32.229000,41.0,2.0,,Valtteri Bottas,,0 days 00:00:29.317000,0 days 00:00:37.418000,0 days 00:00:25.494000,0 days 02:09:54.491000,0 days 02:10:31.909000,0 days 02:10:57.403000,313.0,262.0,251.0,323.0,True,SOFT,9.0,True,Alfa Romeo,0 days 02:09:25.152000,,1,14.0,False,,False,True,21.1,62.0,1001.0,False,29.7,192,2.4,True,False,False,False,False,False,+12.846,+0.786,12.846,0.786,7857.381,92.229,,,29.317,37.418,25.494,7794.491,7831.909,7857.403,7765.152
2023,British Grand Prix,10,Great Britain,Silverstone,0 days 02:12:29.283000,BOT,77,0 days 00:01:31.902000,42.0,2.0,,Valtteri Bottas,,0 days 00:00:29.193000,0 days 00:00:37.413000,0 days 00:00:25.296000,0 days 02:11:26.596000,0 days 02:12:04.009000,0 days 02:12:29.305000,311.0,262.0,250.0,321.0,True,SOFT,10.0,True,Alfa Romeo,0 days 02:10:57.381000,,1,14.0,False,,False,True,21.2,61.0,1001.0,False,29.9,192,1.0,True,False,False,False,False,False,+14.455,+0.993,14.455,0.993,7949.283,91.902,,,29.193,37.413,25.296,7886.596,7924.009,7949.305,7857.381
2023,British Grand Prix,10,Great Britain,Silverstone,0 days 02:14:01.330000,BOT,77,0 days 00:01:32.047000,43.0,2.0,,Valtteri Bottas,,0 days 00:00:29.472000,0 days 00:00:37.073000,0 days 00:00:25.502000,0 days 02:12:58.777000,0 days 02:13:35.850000,0 days 02:14:01.352000,294.0,260.0,249.0,302.0,False,SOFT,11.0,True,Alfa Romeo,0 days 02:12:29.283000,,1,14.0,False,,False,True,21.4,61.0,1001.0,False,30.7,177,1.7,True,False,False,False,False,False,+15.974,+1.299,15.974,1.299,8041.33,92.047,,,29.472,37.073,25.502,7978.777,8015.85,8041.352,7949.283
2023,British Grand Prix,10,Great Britain,Silverstone,0 days 02:15:33.893000,BOT,77,0 days 00:01:32.563000,44.0,2.0,,Valtteri Bottas,,0 days 00:00:29.574000,0 days 00:00:37.415000,0 days 00:00:25.574000,0 days 02:14:30.926000,0 days 02:15:08.341000,0 days 02:15:33.915000,296.0,256.0,248.0,304.0,False,SOFT,12.0,True,Alfa Romeo,0 days 02:14:01.330000,,1,14.0,False,,False,True,21.4,57.0,1001.0,False,31.1,220,2.0,True,False,False,False,False,False,+17.887,+0.990,17.887,0.99,8133.893,92.563,,,29.574,37.415,25.574,8070.926,8108.341,8133.915,8041.33
2023,British Grand Prix,10,Great Britain,Silverstone,0 days 02:17:07.070000,BOT,77,0 days 00:01:33.177000,45.0,2.0,,Valtteri Bottas,,0 days 00:00:29.477000,0 days 00:00:37.792000,0 days 00:00:25.908000,0 days 02:16:03.392000,0 days 02:16:41.184000,0 days 02:17:07.092000,299.0,261.0,234.0,304.0,False,SOFT,13.0,True,Alfa Romeo,0 days 02:15:33.893000,,1,13.0,False,,False,True,21.4,57.0,1001.0,False,30.4,212,2.0,True,False,False,False,False,False,+19.722,+1.443,19.722,1.443,8227.07,93.177,,,29.477,37.792,25.908,8163.392,8201.184,8227.092,8133.893
2023,British Grand Prix,10,Great Britain,Silverstone,0 days 02:18:39.354000,BOT,77,0 days 00:01:32.284000,46.0,2.0,,Valtteri Bottas,,0 days 00:00:29.478000,0 days 00:00:37.322000,0 days 00:00:25.484000,0 days 02:17:36.570000,0 days 02:18:13.892000,0 days 02:18:39.376000,291.0,259.0,249.0,301.0,False,SOFT,14.0,True,Alfa Romeo,0 days 02:17:07.070000,,1,13.0,False,,False,True,21.4,57.0,1001.0,False,30.3,186,3.0,True,False,False,False,False,False,+20.902,+1.367,20.902,1.367,8319.354,92.284,,,29.478,37.322,25.484,8256.57,8293.892,8319.376,8227.07
2023,British Grand Prix,10,Great Britain,Silverstone,0 days 02:20:11.433000,BOT,77,0 days 00:01:32.079000,47.0,2.0,,Valtteri Bottas,,0 days 00:00:29.491000,0 days 00:00:37.185000,0 days 00:00:25.403000,0 days 02:19:08.867000,0 days 02:19:46.052000,0 days 02:20:11.455000,291.0,257.0,249.0,297.0,False,SOFT,15.0,True,Alfa Romeo,0 days 02:18:39.354000,,1,13.0,False,,False,True,21.4,59.0,1001.0,False,30.0,192,2.4,True,False,False,False,False,False,+21.821,+1.611,21.821,1.611,8411.433,92.079,,,29.491,37.185,25.403,8348.867,8386.052,8411.455,8319.354
2023,British Grand Prix,10,Great Britain,Silverstone,0 days 02:21:43.407000,BOT,77,0 days 00:01:31.974000,48.0,2.0,,Valtteri Bottas,,0 days 00:00:29.329000,0 days 00:00:37.239000,0 days 00:00:25.406000,0 days 02:20:40.784000,0 days 02:21:18.023000,0 days 02:21:43.429000,290.0,259.0,249.0,300.0,False,SOFT,16.0,True,Alfa Romeo,0 days 02:20:11.433000,,1,13.0,False,,False,True,21.5,58.0,1001.0,False,30.0,229,2.4,True,False,False,False,False,False,+22.397,+1.781,22.397,1.781,8503.407,91.974,,,29.329,37.239,25.406,8440.784,8478.023,8503.429,8411.433
2023,British Grand Prix,10,Great Britain,Silverstone,0 days 02:23:15.574000,BOT,77,0 days 00:01:32.167000,49.0,2.0,,Valtteri Bottas,,0 days 00:00:29.485000,0 days 00:00:37.237000,0 days 00:00:25.445000,0 days 02:22:12.914000,0 days 02:22:50.151000,0 days 02:23:15.596000,290.0,259.0,250.0,298.0,False,SOFT,17.0,True,Alfa Romeo,0 days 02:21:43.407000,,1,13.0,False,,False,True,21.5,54.0,1001.0,False,29.6,188,3.4,True,False,False,False,False,False,+23.346,+2.075,23.346,2.075,8595.574,92.167,,,29.485,37.237,25.445,8532.914,8570.151,8595.596,8503.407
2023,British Grand Prix,10,Great Britain,Silverstone,0 days 02:24:47.737000,BOT,77,0 days 00:01:32.163000,50.0,2.0,,Valtteri Bottas,,0 days 00:00:29.428000,0 days 00:00:37.192000,0 days 00:00:25.543000,0 days 02:23:45.024000,0 days 02:24:22.216000,0 days 02:24:47.759000,290.0,258.0,249.0,299.0,False,SOFT,18.0,True,Alfa Romeo,0 days 02:23:15.574000,,1,13.0,False,,False,True,21.6,54.0,1001.0,False,29.7,182,4.0,True,False,False,False,False,False,+24.232,+2.202,24.232,2.202,8687.737,92.163,,,29.428,37.192,25.543,8625.024,8662.216,8687.759,8595.574
2023,British Grand Prix,10,Great Britain,Silverstone,0 days 02:26:19.870000,BOT,77,0 days 00:01:32.133000,51.0,2.0,,Valtteri Bottas,,0 days 00:00:29.433000,0 days 00:00:37.132000,0 days 00:00:25.568000,0 days 02:25:17.192000,0 days 02:25:54.324000,0 days 02:26:19.892000,288.0,261.0,251.0,295.0,False,SOFT,19.0,True,Alfa Romeo,0 days 02:24:47.737000,,1,13.0,False,,False,True,21.7,54.0,1001.0,False,30.2,203,3.7,True,False,False,False,False,False,+24.967,+2.374,24.967,2.374,8779.87,92.133,,,29.433,37.132,25.568,8717.192,8754.324,8779.892,8687.737
2023,British Grand Prix,10,Great Britain,Silverstone,0 days 02:27:51.722000,BOT,77,0 days 00:01:31.852000,52.0,2.0,,Valtteri Bottas,,0 days 00:00:29.345000,0 days 00:00:37.127000,0 days 00:00:25.380000,0 days 02:26:49.237000,0 days 02:27:26.364000,0 days 02:27:51.744000,293.0,261.0,248.0,307.0,True,SOFT,20.0,True,Alfa Romeo,0 days 02:26:19.870000,,1,13.0,False,,False,True,21.8,52.0,1001.0,False,29.8,193,4.8,True,False,False,False,False,False,+25.802,+2.196,25.802,2.196,8871.722,91.852,,,29.345,37.127,25.38,8809.237,8846.364,8871.744,8779.87
2023,British Grand Prix,10,Great Britain,Silverstone,0 days 01:03:46.727000,PIA,81,0 days 00:01:37.773000,1.0,1.0,,Oscar Piastri,,,0 days 00:00:38.393000,0 days 00:00:26.200000,,0 days 01:03:20.620000,0 days 01:03:46.823000,306.0,254.0,246.0,297.0,False,MEDIUM,1.0,True,McLaren,0 days 01:02:08.731000,,1,3.0,False,,False,False,21.4,54.0,1001.2,False,29.6,236,3.7,True,False,False,False,False,False,+1.222,+0.606,1.222,0.606,3826.727,97.773,,,,38.393,26.2,,3800.62,3826.823,3728.731
2023,British Grand Prix,10,Great Britain,Silverstone,0 days 01:05:20.572000,PIA,81,0 days 00:01:33.845000,2.0,1.0,,Oscar Piastri,,0 days 00:00:29.690000,0 days 00:00:38.097000,0 days 00:00:26.058000,0 days 01:04:16.453000,0 days 01:04:54.550000,0 days 01:05:20.608000,293.0,254.0,246.0,291.0,True,MEDIUM,2.0,True,McLaren,0 days 01:03:46.727000,,1,3.0,False,,False,True,21.4,55.0,1001.4,False,29.5,191,3.2,True,False,False,False,False,False,+2.021,+1.018,2.021,1.018,3920.572,93.845,,,29.69,38.097,26.058,3856.453,3894.55,3920.608,3826.727
2023,British Grand Prix,10,Great Britain,Silverstone,0 days 01:06:53.071000,PIA,81,0 days 00:01:32.499000,3.0,1.0,,Oscar Piastri,,0 days 00:00:29.356000,0 days 00:00:37.593000,0 days 00:00:25.550000,0 days 01:05:49.964000,0 days 01:06:27.557000,0 days 01:06:53.107000,309.0,257.0,246.0,316.0,True,MEDIUM,3.0,True,McLaren,0 days 01:05:20.572000,,1,3.0,False,,False,True,21.5,54.0,1001.2,False,29.4,238,3.4,True,False,False,False,False,False,+1.309,+0.784,1.309,0.784,4013.071,92.499,,,29.356,37.593,25.55,3949.964,3987.557,4013.107,3920.572
2023,British Grand Prix,10,Great Britain,Silverstone,0 days 01:08:25.652000,PIA,81,0 days 00:01:32.581000,4.0,1.0,,Oscar Piastri,,0 days 00:00:29.344000,0 days 00:00:37.635000,0 days 00:00:25.602000,0 days 01:07:22.451000,0 days 01:08:00.086000,0 days 01:08:25.688000,311.0,257.0,246.0,316.0,False,MEDIUM,4.0,True,McLaren,0 days 01:06:53.071000,,1,3.0,False,,False,True,21.4,55.0,1001.2,False,29.4,188,3.2,True,False,False,False,False,False,+1.149,+0.588,1.149,0.588,4105.652,92.581,,,29.344,37.635,25.602,4042.451,4080.086,4105.688,4013.071
2023,British Grand Prix,10,Great Britain,Silverstone,0 days 01:09:59.113000,PIA,81,0 days 00:01:33.461000,5.0,1.0,,Oscar Piastri,,0 days 00:00:29.602000,0 days 00:00:37.893000,0 days 00:00:25.966000,0 days 01:08:55.290000,0 days 01:09:33.183000,0 days 01:09:59.149000,311.0,257.0,244.0,318.0,False,MEDIUM,5.0,True,McLaren,0 days 01:08:25.652000,,1,3.0,False,,False,True,21.4,55.0,1001.2,False,29.3,221,3.4,True,False,False,False,False,False,+1.467,+0.696,1.467,0.696,4199.113,93.461,,,29.602,37.893,25.966,4135.29,4173.183,4199.149,4105.652
2023,British Grand Prix,10,Great Britain,Silverstone,0 days 01:11:32.121000,PIA,81,0 days 00:01:33.008000,6.0,1.0,,Oscar Piastri,,0 days 00:00:29.595000,0 days 00:00:37.671000,0 days 00:00:25.742000,0 days 01:10:28.744000,0 days 01:11:06.415000,0 days 01:11:32.157000,309.0,258.0,246.0,316.0,False,MEDIUM,6.0,True,McLaren,0 days 01:09:59.113000,,1,3.0,False,,False,True,21.5,55.0,1001.4,False,29.4,193,3.2,True,False,False,False,False,False,+1.448,+0.592,1.448,0.592,4292.121,93.008,,,29.595,37.671,25.742,4228.744,4266.415,4292.157,4199.113
2023,British Grand Prix,10,Great Britain,Silverstone,0 days 01:13:05.411000,PIA,81,0 days 00:01:33.290000,7.0,1.0,,Oscar Piastri,,0 days 00:00:29.724000,0 days 00:00:37.765000,0 days 00:00:25.801000,0 days 01:12:01.881000,0 days 01:12:39.646000,0 days 01:13:05.447000,309.0,257.0,245.0,316.0,False,MEDIUM,7.0,True,McLaren,0 days 01:11:32.121000,,1,3.0,False,,False,True,21.4,54.0,1001.2,False,29.3,198,4.0,True,False,False,False,False,False,+1.594,+0.674,1.594,0.674,4385.411,93.29,,,29.724,37.765,25.801,4321.881,4359.646,4385.447,4292.121
2023,British Grand Prix,10,Great Britain,Silverstone,0 days 01:14:38.644000,PIA,81,0 days 00:01:33.233000,8.0,1.0,,Oscar Piastri,,0 days 00:00:29.640000,0 days 00:00:37.784000,0 days 00:00:25.809000,0 days 01:13:35.087000,0 days 01:14:12.871000,0 days 01:14:38.680000,312.0,257.0,245.0,315.0,False,MEDIUM,8.0,True,McLaren,0 days 01:13:05.411000,,1,3.0,False,,False,True,21.4,55.0,1001.2,False,29.2,190,4.0,True,False,False,False,False,False,+1.987,+0.824,1.987,0.824,4478.644,93.233,,,29.64,37.784,25.809,4415.087,4452.871,4478.68,4385.411
2023,British Grand Prix,10,Great Britain,Silverstone,0 days 01:16:11.434000,PIA,81,0 days 00:01:32.790000,9.0,1.0,,Oscar Piastri,,0 days 00:00:29.631000,0 days 00:00:37.572000,0 days 00:00:25.587000,0 days 01:15:08.311000,0 days 01:15:45.883000,0 days 01:16:11.470000,309.0,259.0,246.0,318.0,False,MEDIUM,9.0,True,McLaren,0 days 01:14:38.644000,,1,3.0,False,,False,True,21.4,55.0,1001.2,False,29.1,185,3.4,True,False,False,False,False,False,+1.955,+1.002,1.955,1.002,4571.434,92.79,,,29.631,37.572,25.587,4508.311,4545.883,4571.47,4478.644
2023,British Grand Prix,10,Great Britain,Silverstone,0 days 01:17:44.813000,PIA,81,0 days 00:01:33.379000,10.0,1.0,,Oscar Piastri,,0 days 00:00:29.625000,0 days 00:00:37.789000,0 days 00:00:25.965000,0 days 01:16:41.095000,0 days 01:17:18.884000,0 days 01:17:44.849000,312.0,253.0,245.0,296.0,False,MEDIUM,10.0,True,McLaren,0 days 01:16:11.434000,,1,3.0,False,,False,True,21.3,55.0,1001.2,False,29.1,201,3.5,True,False,False,False,False,False,+2.740,+1.404,2.74,1.404,4664.813,93.379,,,29.625,37.789,25.965,4601.095,4638.884,4664.849,4571.434
2023,British Grand Prix,10,Great Britain,Silverstone,0 days 01:19:17.789000,PIA,81,0 days 00:01:32.976000,11.0,1.0,,Oscar Piastri,,0 days 00:00:29.632000,0 days 00:00:37.552000,0 days 00:00:25.792000,0 days 01:18:14.481000,0 days 01:18:52.033000,0 days 01:19:17.825000,296.0,257.0,245.0,297.0,False,MEDIUM,11.0,True,McLaren,0 days 01:17:44.813000,,1,3.0,False,,False,True,21.4,55.0,1001.2,False,29.2,203,3.2,True,False,False,False,False,False,+3.092,+1.397,3.092,1.397,4757.789,92.976,,,29.632,37.552,25.792,4694.481,4732.033,4757.825,4664.813
2023,British Grand Prix,10,Great Britain,Silverstone,0 days 01:20:51.253000,PIA,81,0 days 00:01:33.464000,12.0,1.0,,Oscar Piastri,,0 days 00:00:29.965000,0 days 00:00:37.446000,0 days 00:00:26.053000,0 days 01:19:47.790000,0 days 01:20:25.236000,0 days 01:20:51.289000,294.0,255.0,243.0,294.0,False,MEDIUM,12.0,True,McLaren,0 days 01:19:17.789000,,1,3.0,False,,False,True,21.3,55.0,1001.2,False,29.1,187,4.5,True,False,False,False,False,False,+3.896,+1.750,3.896,1.75,4851.253,93.464,,,29.965,37.446,26.053,4787.79,4825.236,4851.289,4757.789
2023,British Grand Prix,10,Great Britain,Silverstone,0 days 01:22:24.397000,PIA,81,0 days 00:01:33.144000,13.0,1.0,,Oscar Piastri,,0 days 00:00:29.818000,0 days 00:00:37.330000,0 days 00:00:25.996000,0 days 01:21:21.107000,0 days 01:21:58.437000,0 days 01:22:24.433000,296.0,255.0,243.0,292.0,False,MEDIUM,13.0,True,McLaren,0 days 01:20:51.253000,,1,3.0,False,,False,True,21.4,56.0,1001.2,False,28.9,189,4.3,True,False,False,False,False,False,+4.362,+1.908,4.362,1.908,4944.397,93.144,,,29.818,37.33,25.996,4881.107,4918.437,4944.433,4851.253
2023,British Grand Prix,10,Great Britain,Silverstone,0 days 01:23:58,PIA,81,0 days 00:01:33.603000,14.0,1.0,,Oscar Piastri,,0 days 00:00:30.266000,0 days 00:00:37.378000,0 days 00:00:25.959000,0 days 01:22:54.699000,0 days 01:23:32.077000,0 days 01:23:58.036000,290.0,255.0,244.0,294.0,False,MEDIUM,14.0,True,McLaren,0 days 01:22:24.397000,,1,3.0,False,,False,True,21.4,58.0,1001.5,False,28.7,191,3.7,True,False,False,False,False,False,+4.851,+1.792,4.851,1.792,5038.0,93.603,,,30.266,37.378,25.959,4974.699,5012.077,5038.036,4944.397
2023,British Grand Prix,10,Great Britain,Silverstone,0 days 01:25:31.267000,PIA,81,0 days 00:01:33.267000,15.0,1.0,,Oscar Piastri,,0 days 00:00:30.086000,0 days 00:00:37.311000,0 days 00:00:25.870000,0 days 01:24:28.122000,0 days 01:25:05.433000,0 days 01:25:31.303000,291.0,255.0,244.0,295.0,False,MEDIUM,15.0,True,McLaren,0 days 01:23:58,,1,3.0,False,,False,True,21.1,60.0,1001.5,False,27.8,229,4.5,True,False,False,False,False,False,+5.151,+1.866,5.151,1.866,5131.267,93.267,,,30.086,37.311,25.87,5068.122,5105.433,5131.303,5038.0
2023,British Grand Prix,10,Great Britain,Silverstone,0 days 01:27:04.272000,PIA,81,0 days 00:01:33.005000,16.0,1.0,,Oscar Piastri,,0 days 00:00:29.927000,0 days 00:00:37.276000,0 days 00:00:25.802000,0 days 01:26:01.230000,0 days 01:26:38.506000,0 days 01:27:04.308000,292.0,255.0,245.0,298.0,False,MEDIUM,16.0,True,McLaren,0 days 01:25:31.267000,,1,3.0,False,,False,True,20.7,63.0,1001.5,False,27.7,212,1.8,True,False,False,False,False,False,+5.354,+1.957,5.354,1.957,5224.272,93.005,,,29.927,37.276,25.802,5161.23,5198.506,5224.308,5131.267
2023,British Grand Prix,10,Great Britain,Silverstone,0 days 01:28:37.047000,PIA,81,0 days 00:01:32.775000,17.0,1.0,,Oscar Piastri,,0 days 00:00:29.857000,0 days 00:00:37.159000,0 days 00:00:25.759000,0 days 01:27:34.165000,0 days 01:28:11.324000,0 days 01:28:37.083000,292.0,257.0,245.0,298.0,False,MEDIUM,17.0,True,McLaren,0 days 01:27:04.272000,,1,3.0,False,,False,True,20.5,63.0,1001.5,False,27.8,241,1.8,True,False,False,False,False,False,+5.504,+1.750,5.504,1.75,5317.047,92.775,,,29.857,37.159,25.759,5254.165,5291.324,5317.083,5224.272
2023,British Grand Prix,10,Great Britain,Silverstone,0 days 01:30:10.066000,PIA,81,0 days 00:01:33.019000,18.0,1.0,,Oscar Piastri,,0 days 00:00:29.992000,0 days 00:00:37.231000,0 days 00:00:25.796000,0 days 01:29:07.075000,0 days 01:29:44.306000,0 days 01:30:10.102000,291.0,254.0,245.0,297.0,False,MEDIUM,18.0,True,McLaren,0 days 01:28:37.047000,,1,3.0,False,,False,True,20.1,64.0,1001.2,False,28.3,223,2.0,True,False,False,False,False,False,+6.042,+2.046,6.042,2.046,5410.066,93.019,,,29.992,37.231,25.796,5347.075,5384.306,5410.102,5317.047
2023,British Grand Prix,10,Great Britain,Silverstone,0 days 01:31:42.946000,PIA,81,0 days 00:01:32.880000,19.0,1.0,,Oscar Piastri,,0 days 00:00:30.074000,0 days 00:00:37.180000,0 days 00:00:25.626000,0 days 01:30:40.176000,0 days 01:31:17.356000,0 days 01:31:42.982000,291.0,256.0,246.0,299.0,False,MEDIUM,19.0,True,McLaren,0 days 01:30:10.066000,,1,3.0,False,,False,True,20.1,64.0,1001.5,False,28.3,229,2.4,True,False,False,False,False,False,+6.572,+2.421,6.572,2.421,5502.946,92.88,,,30.074,37.18,25.626,5440.176,5477.356,5502.982,5410.066
2023,British Grand Prix,10,Great Britain,Silverstone,0 days 01:33:15.606000,PIA,81,0 days 00:01:32.660000,20.0,1.0,,Oscar Piastri,,0 days 00:00:29.790000,0 days 00:00:37.239000,0 days 00:00:25.631000,0 days 01:32:12.772000,0 days 01:32:50.011000,0 days 01:33:15.642000,291.0,255.0,247.0,298.0,False,MEDIUM,20.0,True,McLaren,0 days 01:31:42.946000,,1,3.0,False,,False,True,20.2,64.0,1001.4,False,29.1,201,3.2,True,False,False,False,False,False,+6.984,+2.337,6.984,2.337,5595.606,92.66,,,29.79,37.239,25.631,5532.772,5570.011,5595.642,5502.946
2023,British Grand Prix,10,Great Britain,Silverstone,0 days 01:34:48.355000,PIA,81,0 days 00:01:32.749000,21.0,1.0,,Oscar Piastri,,0 days 00:00:29.861000,0 days 00:00:37.222000,0 days 00:00:25.666000,0 days 01:33:45.503000,0 days 01:34:22.725000,0 days 01:34:48.391000,292.0,254.0,247.0,298.0,False,MEDIUM,21.0,True,McLaren,0 days 01:33:15.606000,,1,3.0,False,,False,True,20.2,64.0,1001.4,False,29.4,206,2.0,True,False,False,False,False,False,+7.205,+2.500,7.205,2.5,5688.355,92.749,,,29.861,37.222,25.666,5625.503,5662.725,5688.391,5595.606
2023,British Grand Prix,10,Great Britain,Silverstone,0 days 01:36:20.892000,PIA,81,0 days 00:01:32.537000,22.0,1.0,,Oscar Piastri,,0 days 00:00:29.838000,0 days 00:00:37.067000,0 days 00:00:25.632000,0 days 01:35:18.229000,0 days 01:35:55.296000,0 days 01:36:20.928000,291.0,256.0,246.0,296.0,False,MEDIUM,22.0,True,McLaren,0 days 01:34:48.355000,,1,3.0,False,,False,True,20.2,64.0,1001.4,False,29.6,206,2.2,True,False,False,False,False,False,+7.549,+2.361,7.549,2.361,5780.892,92.537,,,29.838,37.067,25.632,5718.229,5755.296,5780.928,5688.355
2023,British Grand Prix,10,Great Britain,Silverstone,0 days 01:37:53.624000,PIA,81,0 days 00:01:32.732000,23.0,1.0,,Oscar Piastri,,0 days 00:00:29.864000,0 days 00:00:37.221000,0 days 00:00:25.647000,0 days 01:36:50.792000,0 days 01:37:28.013000,0 days 01:37:53.660000,291.0,255.0,247.0,297.0,False,MEDIUM,23.0,True,McLaren,0 days 01:36:20.892000,,1,3.0,False,,False,True,20.2,64.0,1001.4,False,29.6,204,2.5,True,False,False,False,False,False,+8.036,+2.502,8.036,2.502,5873.624,92.732,,,29.864,37.221,25.647,5810.792,5848.013,5873.66,5780.892
2023,British Grand Prix,10,Great Britain,Silverstone,0 days 01:39:26.300000,PIA,81,0 days 00:01:32.676000,24.0,1.0,,Oscar Piastri,,0 days 00:00:30.040000,0 days 00:00:37.138000,0 days 00:00:25.498000,0 days 01:38:23.700000,0 days 01:39:00.838000,0 days 01:39:26.336000,291.0,257.0,246.0,300.0,False,MEDIUM,24.0,True,McLaren,0 days 01:37:53.624000,,1,3.0,False,,False,True,20.2,63.0,1001.4,False,29.6,214,0.8,True,False,False,False,False,False,+8.339,+2.448,8.339,2.448,5966.3,92.676,,,30.04,37.138,25.498,5903.7,5940.838,5966.336,5873.624
2023,British Grand Prix,10,Great Britain,Silverstone,0 days 01:40:59.109000,PIA,81,0 days 00:01:32.809000,25.0,1.0,,Oscar Piastri,,0 days 00:00:30.094000,0 days 00:00:37.157000,0 days 00:00:25.558000,0 days 01:39:56.430000,0 days 01:40:33.587000,0 days 01:40:59.145000,293.0,257.0,246.0,300.0,False,MEDIUM,25.0,True,McLaren,0 days 01:39:26.300000,,1,3.0,False,,False,True,20.4,62.0,1001.4,False,30.9,145,1.7,True,False,False,False,False,False,+8.816,+2.245,8.816,2.245,6059.109,92.809,,,30.094,37.157,25.558,5996.43,6033.587,6059.145,5966.3
2023,British Grand Prix,10,Great Britain,Silverstone,0 days 01:42:32.161000,PIA,81,0 days 00:01:33.052000,26.0,1.0,,Oscar Piastri,,0 days 00:00:29.914000,0 days 00:00:37.402000,0 days 00:00:25.736000,0 days 01:41:29.059000,0 days 01:42:06.461000,0 days 01:42:32.197000,293.0,256.0,245.0,302.0,False,MEDIUM,26.0,True,McLaren,0 days 01:40:59.109000,,1,3.0,False,,False,True,20.5,62.0,1001.4,False,31.4,240,1.1,True,False,False,False,False,False,+9.596,+2.558,9.596,2.558,6152.161,93.052,,,29.914,37.402,25.736,6089.059,6126.461,6152.197,6059.109
2023,British Grand Prix,10,Great Britain,Silverstone,0 days 01:44:05.005000,PIA,81,0 days 00:01:32.844000,27.0,1.0,,Oscar Piastri,,0 days 00:00:29.936000,0 days 00:00:37.305000,0 days 00:00:25.603000,0 days 01:43:02.133000,0 days 01:43:39.438000,0 days 01:44:05.041000,293.0,256.0,247.0,300.0,False,MEDIUM,27.0,True,McLaren,0 days 01:42:32.161000,,1,3.0,False,,False,True,20.6,61.0,1001.4,False,32.4,225,2.4,True,False,False,False,False,False,+10.335,+2.692,10.335,2.692,6245.005,92.844,,,29.936,37.305,25.603,6182.133,6219.438,6245.041,6152.161
2023,British Grand Prix,10,Great Britain,Silverstone,0 days 01:45:38.195000,PIA,81,0 days 00:01:33.190000,28.0,1.0,,Oscar Piastri,,0 days 00:00:30.085000,0 days 00:00:37.378000,0 days 00:00:25.727000,0 days 01:44:35.126000,0 days 01:45:12.504000,0 days 01:45:38.231000,291.0,257.0,248.0,298.0,False,MEDIUM,28.0,True,McLaren,0 days 01:44:05.005000,,1,3.0,False,,False,True,20.8,62.0,1001.4,False,32.4,209,1.2,True,False,False,False,False,False,+11.325,+3.159,11.325,3.159,6338.195,93.19,,,30.085,37.378,25.727,6275.126,6312.504,6338.231,6245.005
2023,British Grand Prix,10,Great Britain,Silverstone,0 days 01:47:10.758000,PIA,81,0 days 00:01:32.563000,29.0,1.0,,Oscar Piastri,0 days 01:47:04.827000,0 days 00:00:29.939000,0 days 00:00:37.390000,0 days 00:00:25.234000,0 days 01:46:08.170000,0 days 01:46:45.560000,0 days 01:47:10.794000,292.0,256.0,,297.0,False,MEDIUM,29.0,True,McLaren,0 days 01:45:38.195000,,1,3.0,False,,False,False,20.9,61.0,1001.4,False,33.3,175,2.5,True,False,False,False,False,False,+11.790,+3.218,11.79,3.218,6430.758,92.563,6424.827,,29.939,37.39,25.234,6368.17,6405.56,6430.794,6338.195
2023,British Grand Prix,10,Great Britain,Silverstone,0 days 01:49:03.248000,PIA,81,0 days 00:01:52.490000,30.0,2.0,0 days 01:47:33.436000,Oscar Piastri,,0 days 00:00:50.213000,0 days 00:00:36.939000,0 days 00:00:25.338000,0 days 01:48:01.007000,0 days 01:48:37.946000,0 days 01:49:03.284000,291.0,259.0,249.0,300.0,False,HARD,1.0,True,McLaren,0 days 01:47:10.758000,,1,6.0,False,,False,False,21.0,61.0,1001.4,False,33.3,212,1.6,True,False,False,False,False,False,+31.815,+1.211,31.815,1.211,6543.248,112.49,,6453.436,50.213,36.939,25.338,6481.007,6517.946,6543.284,6430.758
2023,British Grand Prix,10,Great Britain,Silverstone,0 days 01:50:34.928000,PIA,81,0 days 00:01:31.680000,31.0,2.0,,Oscar Piastri,,0 days 00:00:29.485000,0 days 00:00:37.273000,0 days 00:00:24.922000,0 days 01:49:32.769000,0 days 01:50:10.042000,0 days 01:50:34.964000,292.0,261.0,248.0,322.0,True,HARD,2.0,True,McLaren,0 days 01:49:03.248000,,1,5.0,False,,False,True,21.1,62.0,1001.2,False,32.4,207,3.0,True,False,False,False,False,False,+31.077,+2.577,31.077,2.577,6634.928,91.68,,,29.485,37.273,24.922,6572.769,6610.042,6634.964,6543.248
2023,British Grand Prix,10,Great Britain,Silverstone,0 days 01:52:14.338000,PIA,81,0 days 00:01:39.410000,32.0,2.0,,Oscar Piastri,,0 days 00:00:29.584000,0 days 00:00:36.908000,0 days 00:00:32.918000,0 days 01:51:04.548000,0 days 01:51:41.456000,0 days 01:52:14.374000,288.0,258.0,159.0,298.0,False,HARD,3.0,True,McLaren,0 days 01:50:34.928000,,126,5.0,False,,False,False,21.0,62.0,1001.2,False,31.4,197,2.5,True,True,False,False,True,False,+38.280,+3.421,38.28,3.421,6734.338,99.41,,,29.584,36.908,32.918,6664.548,6701.456,6734.374,6634.928
2023,British Grand Prix,10,Great Britain,Silverstone,0 days 01:54:22.194000,PIA,81,0 days 00:02:07.856000,33.0,2.0,,Oscar Piastri,,0 days 00:00:43.068000,0 days 00:00:49.753000,0 days 00:00:35.035000,0 days 01:52:57.442000,0 days 01:53:47.195000,0 days 01:54:22.230000,167.0,193.0,189.0,216.0,False,HARD,4.0,True,McLaren,0 days 01:52:14.338000,,64,5.0,False,,False,False,21.0,63.0,1001.2,False,30.6,226,1.2,False,False,True,False,True,False,+47.525,+7.347,47.525,7.347,6862.194,127.856,,,43.068,49.753,35.035,6777.442,6827.195,6862.23,6734.338
2023,British Grand Prix,10,Great Britain,Silverstone,0 days 01:56:36.777000,PIA,81,0 days 00:02:14.583000,34.0,2.0,,Oscar Piastri,,0 days 00:00:46.332000,0 days 00:00:48.464000,0 days 00:00:39.787000,0 days 01:55:08.562000,0 days 01:55:57.026000,0 days 01:56:36.813000,175.0,193.0,187.0,258.0,False,HARD,5.0,True,McLaren,0 days 01:54:22.194000,,4,4.0,False,,False,False,20.9,63.0,1001.2,False,30.5,246,1.3,False,False,True,False,False,False,+4.321,+1.056,4.321,1.056,6996.777,134.583,,,46.332,48.464,39.787,6908.562,6957.026,6996.813,6862.194
2023,British Grand Prix,10,Great Britain,Silverstone,0 days 01:59:05.166000,PIA,81,0 days 00:02:28.389000,35.0,2.0,,Oscar Piastri,,0 days 00:00:48.523000,0 days 00:01:00.377000,0 days 00:00:39.489000,0 days 01:57:25.336000,0 days 01:58:25.713000,0 days 01:59:05.202000,131.0,144.0,92.0,196.0,False,HARD,6.0,True,McLaren,0 days 01:56:36.777000,,4,4.0,False,,False,False,20.9,63.0,1001.2,False,30.1,238,1.1,False,False,True,False,False,False,+3.451,+1.003,3.451,1.003,7145.166,148.389,,,48.523,60.377,39.489,7045.336,7105.713,7145.202,6996.777
2023,British Grand Prix,10,Great Britain,Silverstone,0 days 02:01:30.566000,PIA,81,0 days 00:02:25.400000,36.0,2.0,,Oscar Piastri,,0 days 00:00:53.344000,0 days 00:00:55.470000,0 days 00:00:36.586000,0 days 01:59:58.546000,0 days 02:00:54.016000,0 days 02:01:30.602000,152.0,142.0,148.0,269.0,False,HARD,7.0,True,McLaren,0 days 01:59:05.166000,,4,4.0,False,,False,False,21.0,63.0,1001.2,False,30.1,236,1.3,False,False,True,False,False,False,+3.110,+1.338,3.11,1.338,7290.566,145.4,,,53.344,55.47,36.586,7198.546,7254.016,7290.602,7145.166
2023,British Grand Prix,10,Great Britain,Silverstone,0 days 02:03:55.633000,PIA,81,0 days 00:02:25.067000,37.0,2.0,,Oscar Piastri,,0 days 00:00:51.094000,0 days 00:00:55.673000,0 days 00:00:38.300000,0 days 02:02:21.696000,0 days 02:03:17.369000,0 days 02:03:55.669000,130.0,179.0,106.0,172.0,False,HARD,8.0,True,McLaren,0 days 02:01:30.566000,,4,4.0,False,,False,False,20.9,63.0,1001.2,False,29.7,246,0.8,False,False,True,False,False,False,+3.334,+1.083,3.334,1.083,7435.633,145.067,,,51.094,55.673,38.3,7341.696,7397.369,7435.669,7290.566
2023,British Grand Prix,10,Great Britain,Silverstone,0 days 02:06:15.135000,PIA,81,0 days 00:02:19.502000,38.0,2.0,,Oscar Piastri,,0 days 00:00:40.865000,0 days 00:00:56.576000,0 days 00:00:42.061000,0 days 02:04:36.534000,0 days 02:05:33.110000,0 days 02:06:15.171000,242.0,159.0,249.0,100.0,False,HARD,9.0,True,McLaren,0 days 02:03:55.633000,,41,4.0,False,,False,False,20.9,63.0,1001.2,False,29.4,199,1.8,True,False,True,False,False,False,+2.103,+0.626,2.103,0.626,7575.135,139.502,,,40.865,56.576,42.061,7476.534,7533.11,7575.171,7435.633
2023,British Grand Prix,10,Great Britain,Silverstone,0 days 02:07:46.781000,PIA,81,0 days 00:01:31.646000,39.0,2.0,,Oscar Piastri,,0 days 00:00:29.356000,0 days 00:00:36.926000,0 days 00:00:25.364000,0 days 02:06:44.527000,0 days 02:07:21.453000,0 days 02:07:46.817000,302.0,259.0,250.0,306.0,True,HARD,10.0,True,McLaren,0 days 02:06:15.135000,,1,4.0,False,,False,True,21.0,64.0,1001.2,False,29.3,201,1.2,True,False,False,False,False,False,+3.430,+0.906,3.43,0.906,7666.781,91.646,,,29.356,36.926,25.364,7604.527,7641.453,7666.817,7575.135
2023,British Grand Prix,10,Great Britain,Silverstone,0 days 02:09:18.256000,PIA,81,0 days 00:01:31.475000,40.0,2.0,,Oscar Piastri,,0 days 00:00:29.284000,0 days 00:00:36.811000,0 days 00:00:25.380000,0 days 02:08:16.101000,0 days 02:08:52.912000,0 days 02:09:18.292000,295.0,260.0,250.0,300.0,True,HARD,11.0,True,McLaren,0 days 02:07:46.781000,,1,4.0,False,,False,True,21.0,63.0,1001.0,False,29.5,218,1.1,True,False,False,False,False,False,+4.352,+1.057,4.352,1.057,7758.256,91.475,,,29.284,36.811,25.38,7696.101,7732.912,7758.292,7666.781
2023,British Grand Prix,10,Great Britain,Silverstone,0 days 02:10:49.106000,PIA,81,0 days 00:01:30.850000,41.0,2.0,,Oscar Piastri,,0 days 00:00:29.043000,0 days 00:00:36.680000,0 days 00:00:25.127000,0 days 02:09:47.335000,0 days 02:10:24.015000,0 days 02:10:49.142000,313.0,262.0,250.0,308.0,True,HARD,12.0,True,McLaren,0 days 02:09:18.256000,,1,4.0,False,,False,True,21.1,62.0,1001.0,False,29.7,192,2.4,True,False,False,False,False,False,+4.558,+1.263,4.558,1.263,7849.106,90.85,,,29.043,36.68,25.127,7787.335,7824.015,7849.142,7758.256
2023,British Grand Prix,10,Great Britain,Silverstone,0 days 02:12:20.284000,PIA,81,0 days 00:01:31.178000,42.0,2.0,,Oscar Piastri,,0 days 00:00:29.221000,0 days 00:00:36.820000,0 days 00:00:25.137000,0 days 02:11:18.363000,0 days 02:11:55.183000,0 days 02:12:20.320000,298.0,260.0,251.0,303.0,False,HARD,13.0,True,McLaren,0 days 02:10:49.106000,,1,4.0,False,,False,True,21.2,61.0,1001.0,False,29.9,192,1.0,True,False,False,False,False,False,+5.443,+1.388,5.443,1.388,7940.284,91.178,,,29.221,36.82,25.137,7878.363,7915.183,7940.32,7849.106
2023,British Grand Prix,10,Great Britain,Silverstone,0 days 02:13:51.295000,PIA,81,0 days 00:01:31.011000,43.0,2.0,,Oscar Piastri,,0 days 00:00:29.264000,0 days 00:00:36.603000,0 days 00:00:25.144000,0 days 02:12:49.584000,0 days 02:13:26.187000,0 days 02:13:51.331000,300.0,262.0,249.0,305.0,False,HARD,14.0,True,McLaren,0 days 02:12:20.284000,,1,4.0,False,,False,True,21.4,61.0,1001.0,False,30.7,177,1.7,True,False,False,False,False,False,+5.892,+1.835,5.892,1.835,8031.295,91.011,,,29.264,36.603,25.144,7969.584,8006.187,8031.331,7940.284
2023,British Grand Prix,10,Great Britain,Silverstone,0 days 02:15:22.760000,PIA,81,0 days 00:01:31.465000,44.0,2.0,,Oscar Piastri,,0 days 00:00:29.294000,0 days 00:00:36.911000,0 days 00:00:25.260000,0 days 02:14:20.625000,0 days 02:14:57.536000,0 days 02:15:22.796000,298.0,260.0,249.0,303.0,False,HARD,15.0,True,McLaren,0 days 02:13:51.295000,,1,4.0,False,,False,True,21.4,57.0,1001.0,False,31.1,220,2.0,True,False,False,False,False,False,+6.694,+1.725,6.694,1.725,8122.76,91.465,,,29.294,36.911,25.26,8060.625,8097.536,8122.796,8031.295
2023,British Grand Prix,10,Great Britain,Silverstone,0 days 02:16:54.166000,PIA,81,0 days 00:01:31.406000,45.0,2.0,,Oscar Piastri,,0 days 00:00:29.352000,0 days 00:00:36.800000,0 days 00:00:25.254000,0 days 02:15:52.148000,0 days 02:16:28.948000,0 days 02:16:54.202000,300.0,263.0,248.0,302.0,False,HARD,16.0,True,McLaren,0 days 02:15:22.760000,,1,4.0,False,,False,True,21.4,57.0,1001.0,False,30.4,212,2.0,True,False,False,False,False,False,+6.782,+1.770,6.782,1.77,8214.166,91.406,,,29.352,36.8,25.254,8152.148,8188.948,8214.202,8122.76
2023,British Grand Prix,10,Great Britain,Silverstone,0 days 02:18:25.662000,PIA,81,0 days 00:01:31.496000,46.0,2.0,,Oscar Piastri,,0 days 00:00:29.211000,0 days 00:00:36.867000,0 days 00:00:25.418000,0 days 02:17:23.413000,0 days 02:18:00.280000,0 days 02:18:25.698000,298.0,262.0,246.0,302.0,False,HARD,17.0,True,McLaren,0 days 02:16:54.166000,,1,4.0,False,,False,True,21.4,57.0,1001.0,False,30.3,186,3.0,True,False,False,False,False,False,+7.118,+1.664,7.118,1.664,8305.662,91.496,,,29.211,36.867,25.418,8243.413,8280.28,8305.698,8214.166
2023,British Grand Prix,10,Great Britain,Silverstone,0 days 02:19:57.089000,PIA,81,0 days 00:01:31.427000,47.0,2.0,,Oscar Piastri,,0 days 00:00:29.187000,0 days 00:00:36.888000,0 days 00:00:25.352000,0 days 02:18:54.885000,0 days 02:19:31.773000,0 days 02:19:57.125000,299.0,260.0,248.0,300.0,False,HARD,18.0,True,McLaren,0 days 02:18:25.662000,,1,4.0,False,,False,True,21.4,59.0,1001.0,False,30.0,192,2.4,True,False,False,False,False,False,+7.479,+1.904,7.479,1.904,8397.089,91.427,,,29.187,36.888,25.352,8334.885,8371.773,8397.125,8305.662
2023,British Grand Prix,10,Great Britain,Silverstone,0 days 02:21:28.248000,PIA,81,0 days 00:01:31.159000,48.0,2.0,,Oscar Piastri,,0 days 00:00:29.228000,0 days 00:00:36.655000,0 days 00:00:25.276000,0 days 02:20:26.353000,0 days 02:21:03.008000,0 days 02:21:28.284000,300.0,261.0,250.0,302.0,False,HARD,19.0,True,McLaren,0 days 02:19:57.089000,,1,4.0,False,,False,True,21.5,58.0,1001.0,False,30.0,229,2.4,True,False,False,False,False,False,+7.205,+1.911,7.205,1.911,8488.248,91.159,,,29.228,36.655,25.276,8426.353,8463.008,8488.284,8397.089
2023,British Grand Prix,10,Great Britain,Silverstone,0 days 02:22:59.670000,PIA,81,0 days 00:01:31.422000,49.0,2.0,,Oscar Piastri,,0 days 00:00:29.203000,0 days 00:00:36.860000,0 days 00:00:25.359000,0 days 02:21:57.487000,0 days 02:22:34.347000,0 days 02:22:59.706000,298.0,262.0,249.0,298.0,False,HARD,20.0,True,McLaren,0 days 02:21:28.248000,,1,4.0,False,,False,True,21.5,54.0,1001.0,False,29.6,188,3.4,True,False,False,False,False,False,+7.442,+2.047,7.442,2.047,8579.67,91.422,,,29.203,36.86,25.359,8517.487,8554.347,8579.706,8488.248
2023,British Grand Prix,10,Great Britain,Silverstone,0 days 02:24:31.422000,PIA,81,0 days 00:01:31.752000,50.0,2.0,,Oscar Piastri,,0 days 00:00:29.431000,0 days 00:00:36.833000,0 days 00:00:25.488000,0 days 02:23:29.137000,0 days 02:24:05.970000,0 days 02:24:31.458000,301.0,261.0,246.0,303.0,False,HARD,21.0,True,McLaren,0 days 02:22:59.670000,,1,4.0,False,,False,True,21.6,54.0,1000.9,False,29.6,200,4.3,True,False,False,False,False,False,+7.806,+2.226,7.806,2.226,8671.422,91.752,,,29.431,36.833,25.488,8609.137,8645.97,8671.458,8579.67
2023,British Grand Prix,10,Great Britain,Silverstone,0 days 02:26:02.727000,PIA,81,0 days 00:01:31.305000,51.0,2.0,,Oscar Piastri,,0 days 00:00:29.211000,0 days 00:00:36.743000,0 days 00:00:25.351000,0 days 02:25:00.669000,0 days 02:25:37.412000,0 days 02:26:02.763000,300.0,262.0,250.0,299.0,False,HARD,22.0,True,McLaren,0 days 02:24:31.422000,,1,4.0,False,,False,True,21.7,54.0,1001.0,False,30.2,203,3.7,True,False,False,False,False,False,+7.776,+1.901,7.776,1.901,8762.727,91.305,,,29.211,36.743,25.351,8700.669,8737.412,8762.763,8671.422
2023,British Grand Prix,10,Great Britain,Silverstone,0 days 02:27:33.668000,PIA,81,0 days 00:01:30.941000,52.0,2.0,,Oscar Piastri,,0 days 00:00:29.092000,0 days 00:00:36.590000,0 days 00:00:25.259000,0 days 02:26:31.855000,0 days 02:27:08.445000,0 days 02:27:33.704000,303.0,261.0,250.0,309.0,False,HARD,23.0,True,McLaren,0 days 02:26:02.727000,,1,4.0,False,,False,True,21.8,53.0,1001.0,False,30.2,188,3.5,True,False,False,False,False,False,+7.743,+0.980,7.743,0.98,8853.668,90.941,,,29.092,36.59,25.259,8791.855,8828.445,8853.704,8762.727
