Year,GrandPrix,Round,Country,Location,Time,Driver,DriverNumber,LapTime,LapNumber,Stint,PitOutTime,DriverFullName,PitInTime,Sector1Time,Sector2Time,Sector3Time,Sector1SessionTime,Sector2SessionTime,Sector3SessionTime,SpeedI1,SpeedI2,SpeedFL,SpeedST,IsPersonalBest,Compound,TyreLife,FreshTyre,Team,LapStartTime,LapStartDate,TrackStatus,Position,Deleted,DeletedReason,FastF1Generated,IsAccurate,AirTemp,Humidity,Pressure,Rainfall,TrackTemp,WindDirection,WindSpeed,HasGreen,HasYellow,HasSafetyCar,HasRedFlag,HasVSC,HasVSCEnding,GapToLeader,IntervalToPositionAhead,GapToLeaderSeconds,IntervalToPositionAheadSeconds,TimeSeconds,LapTimeSeconds,PitInTimeSeconds,PitOutTimeSeconds,Sector1TimeSeconds,Sector2TimeSeconds,Sector3TimeSeconds,Sector1SessionTimeSeconds,Sector2SessionTimeSeconds,Sector3SessionTimeSeconds,LapStartTimeSeconds
2023,São Paulo Grand Prix,20,Brazil,São Paulo,0 days 01:04:22.976000,VER,1,0 days 00:01:59.857000,1.0,1.0,,Max Verstappen,0 days 01:04:20.007000,,0 days 00:01:00.960000,0 days 00:00:35.620000,,0 days 01:03:47.462000,0 days 01:04:23.022000,294.0,178.0,,207.0,False,SOFT,4.0,False,Red Bull Racing,0 days 01:02:22.839000,,124,1.0,False,,False,False,20.6,58.0,928.0,False,47.8,181,1.1,True,True,True,False,False,False,LAP 2,LAP 2,,,3862.976,119.857,3860.007,,,60.96,35.62,,3827.462,3863.022,3742.839
2023,São Paulo Grand Prix,20,Brazil,São Paulo,0 days 01:06:46.332000,VER,1,0 days 00:02:23.356000,2.0,2.0,0 days 01:04:38.647000,Max Verstappen,0 days 01:06:43.349000,0 days 00:00:44.083000,0 days 00:01:03.234000,0 days 00:00:36.039000,0 days 01:05:07.084000,0 days 01:06:10.318000,0 days 01:06:46.357000,152.0,164.0,,,False,SOFT,5.0,False,Red Bull Racing,0 days 01:04:22.976000,,45,1.0,False,,False,False,20.6,60.0,928.0,False,47.1,178,1.2,False,False,True,True,False,False,LAP 3,LAP 3,,,4006.332,143.356,4003.349,3878.647,44.083,63.234,36.039,3907.084,3970.318,4006.357,3862.976
2023,São Paulo Grand Prix,20,Brazil,São Paulo,0 days 01:32:11.454000,VER,1,,3.0,3.0,0 days 01:30:05.989000,Max Verstappen,,,0 days 00:00:49.786000,0 days 00:00:49.011000,,0 days 01:31:22.613000,0 days 01:32:11.565000,271.0,218.0,71.0,207.0,False,SOFT,4.0,False,Red Bull Racing,0 days 01:30:00.364000,,1,1.0,False,,False,False,20.7,55.0,927.9,False,49.2,198,2.2,True,False,False,False,False,False,LAP 4,LAP 4,,,5531.454,,,5405.989,,49.786,49.011,,5482.613,5531.565,5400.364
2023,São Paulo Grand Prix,20,Brazil,São Paulo,0 days 01:34:24.124000,VER,1,0 days 00:02:12.670000,4.0,3.0,,Max Verstappen,,0 days 00:01:16.382000,0 days 00:00:38.838000,0 days 00:00:17.450000,0 days 01:33:27.861000,0 days 01:34:06.699000,0 days 01:34:24.149000,287.0,239.0,294.0,208.0,True,SOFT,5.0,False,Red Bull Racing,0 days 01:32:11.454000,,1,1.0,False,,False,True,20.8,56.0,927.9,False,48.7,98,1.7,True,False,False,False,False,False,LAP 4,LAP 4,,,5664.124,132.67,,,76.382,38.838,17.45,5607.861,5646.699,5664.149,5531.454
2023,São Paulo Grand Prix,20,Brazil,São Paulo,0 days 01:35:39.869000,VER,1,0 days 00:01:15.745000,5.0,3.0,,Max Verstappen,,0 days 00:00:19.651000,0 days 00:00:38.648000,0 days 00:00:17.446000,0 days 01:34:43.800000,0 days 01:35:22.448000,0 days 01:35:39.894000,298.0,238.0,295.0,277.0,True,SOFT,6.0,False,Red Bull Racing,0 days 01:34:24.124000,,1,1.0,False,,False,True,21.0,55.0,927.7,False,50.2,180,0.8,True,False,False,False,False,False,LAP 5,LAP 5,,,5739.869,75.745,,,19.651,38.648,17.446,5683.8,5722.448,5739.894,5664.124
2023,São Paulo Grand Prix,20,Brazil,São Paulo,0 days 01:36:55.416000,VER,1,0 days 00:01:15.547000,6.0,3.0,,Max Verstappen,,0 days 00:00:19.715000,0 days 00:00:38.471000,0 days 00:00:17.361000,0 days 01:35:59.609000,0 days 01:36:38.080000,0 days 01:36:55.441000,299.0,241.0,296.0,275.0,True,SOFT,7.0,False,Red Bull Racing,0 days 01:35:39.869000,,1,1.0,False,,False,True,20.9,55.0,927.9,False,49.8,186,1.1,True,False,False,False,False,False,LAP 6,LAP 6,,,5815.416,75.547,,,19.715,38.471,17.361,5759.609,5798.08,5815.441,5739.869
2023,São Paulo Grand Prix,20,Brazil,São Paulo,0 days 01:38:11.007000,VER,1,0 days 00:01:15.591000,7.0,3.0,,Max Verstappen,,0 days 00:00:19.596000,0 days 00:00:38.586000,0 days 00:00:17.409000,0 days 01:37:15.037000,0 days 01:37:53.623000,0 days 01:38:11.032000,299.0,244.0,296.0,284.0,False,SOFT,8.0,False,Red Bull Racing,0 days 01:36:55.416000,,1,1.0,False,,False,True,21.0,57.0,927.9,False,49.8,307,1.2,True,False,False,False,False,False,LAP 7,LAP 7,,,5891.007,75.591,,,19.596,38.586,17.409,5835.037,5873.623,5891.032,5815.416
2023,São Paulo Grand Prix,20,Brazil,São Paulo,0 days 01:39:26.871000,VER,1,0 days 00:01:15.864000,8.0,3.0,,Max Verstappen,,0 days 00:00:19.615000,0 days 00:00:38.746000,0 days 00:00:17.503000,0 days 01:38:30.647000,0 days 01:39:09.393000,0 days 01:39:26.896000,297.0,242.0,295.0,298.0,False,SOFT,9.0,False,Red Bull Racing,0 days 01:38:11.007000,,1,1.0,False,,False,True,21.1,58.0,927.9,False,49.7,204,1.8,True,False,False,False,False,False,LAP 8,LAP 8,,,5966.871,75.864,,,19.615,38.746,17.503,5910.647,5949.393,5966.896,5891.007
2023,São Paulo Grand Prix,20,Brazil,São Paulo,0 days 01:40:43.040000,VER,1,0 days 00:01:16.169000,9.0,3.0,,Max Verstappen,,0 days 00:00:19.722000,0 days 00:00:38.984000,0 days 00:00:17.463000,0 days 01:39:46.618000,0 days 01:40:25.602000,0 days 01:40:43.065000,293.0,243.0,298.0,275.0,False,SOFT,10.0,False,Red Bull Racing,0 days 01:39:26.871000,,1,1.0,False,,False,True,21.1,58.0,927.9,False,49.3,175,1.7,True,False,False,False,False,False,LAP 9,LAP 9,,,6043.04,76.169,,,19.722,38.984,17.463,5986.618,6025.602,6043.065,5966.871
2023,São Paulo Grand Prix,20,Brazil,São Paulo,0 days 01:41:59.029000,VER,1,0 days 00:01:15.989000,10.0,3.0,,Max Verstappen,,0 days 00:00:19.626000,0 days 00:00:38.882000,0 days 00:00:17.481000,0 days 01:41:02.691000,0 days 01:41:41.573000,0 days 01:41:59.054000,297.0,241.0,298.0,283.0,False,SOFT,11.0,False,Red Bull Racing,0 days 01:40:43.040000,,1,1.0,False,,False,True,21.0,58.0,927.7,False,49.4,263,1.0,True,False,False,False,False,False,LAP 10,LAP 10,,,6119.029,75.989,,,19.626,38.882,17.481,6062.691,6101.573,6119.054,6043.04
2023,São Paulo Grand Prix,20,Brazil,São Paulo,0 days 01:43:15.301000,VER,1,0 days 00:01:16.272000,11.0,3.0,,Max Verstappen,,0 days 00:00:19.709000,0 days 00:00:39.073000,0 days 00:00:17.490000,0 days 01:42:18.763000,0 days 01:42:57.836000,0 days 01:43:15.326000,297.0,241.0,298.0,279.0,False,SOFT,12.0,False,Red Bull Racing,0 days 01:41:59.029000,,1,1.0,False,,False,True,20.9,58.0,927.5,False,49.2,291,1.5,True,False,False,False,False,False,LAP 11,LAP 11,,,6195.301,76.272,,,19.709,39.073,17.49,6138.763,6177.836,6195.326,6119.029
2023,São Paulo Grand Prix,20,Brazil,São Paulo,0 days 01:44:31.180000,VER,1,0 days 00:01:15.879000,12.0,3.0,,Max Verstappen,,0 days 00:00:19.615000,0 days 00:00:38.779000,0 days 00:00:17.485000,0 days 01:43:34.941000,0 days 01:44:13.720000,0 days 01:44:31.205000,299.0,245.0,297.0,288.0,False,SOFT,13.0,False,Red Bull Racing,0 days 01:43:15.301000,,1,1.0,False,,False,True,20.8,57.0,927.7,False,48.9,152,1.7,True,False,False,False,False,False,LAP 12,LAP 12,,,6271.18,75.879,,,19.615,38.779,17.485,6214.941,6253.72,6271.205,6195.301
2023,São Paulo Grand Prix,20,Brazil,São Paulo,0 days 01:45:47.479000,VER,1,0 days 00:01:16.299000,13.0,3.0,,Max Verstappen,,0 days 00:00:19.715000,0 days 00:00:38.924000,0 days 00:00:17.660000,0 days 01:44:50.920000,0 days 01:45:29.844000,0 days 01:45:47.504000,299.0,242.0,298.0,283.0,False,SOFT,14.0,False,Red Bull Racing,0 days 01:44:31.180000,,1,1.0,False,,False,True,20.8,55.0,927.7,False,49.1,181,1.3,True,False,False,False,False,False,LAP 13,LAP 13,,,6347.479,76.299,,,19.715,38.924,17.66,6290.92,6329.844,6347.504,6271.18
2023,São Paulo Grand Prix,20,Brazil,São Paulo,0 days 01:47:03.559000,VER,1,0 days 00:01:16.080000,14.0,3.0,,Max Verstappen,,0 days 00:00:19.631000,0 days 00:00:38.941000,0 days 00:00:17.508000,0 days 01:46:07.135000,0 days 01:46:46.076000,0 days 01:47:03.584000,299.0,243.0,298.0,287.0,False,SOFT,15.0,False,Red Bull Racing,0 days 01:45:47.479000,,1,1.0,False,,False,True,20.6,56.0,927.7,False,48.8,159,1.8,True,False,False,False,False,False,LAP 14,LAP 14,,,6423.559,76.08,,,19.631,38.941,17.508,6367.135,6406.076,6423.584,6347.479
2023,São Paulo Grand Prix,20,Brazil,São Paulo,0 days 01:48:19.967000,VER,1,0 days 00:01:16.408000,15.0,3.0,,Max Verstappen,,0 days 00:00:19.694000,0 days 00:00:39.078000,0 days 00:00:17.636000,0 days 01:47:23.278000,0 days 01:48:02.356000,0 days 01:48:19.992000,299.0,241.0,297.0,285.0,False,SOFT,16.0,False,Red Bull Racing,0 days 01:47:03.559000,,1,1.0,False,,False,True,20.6,56.0,927.7,False,48.9,189,0.4,True,False,False,False,False,False,LAP 16,LAP 16,,,6499.967,76.408,,,19.694,39.078,17.636,6443.278,6482.356,6499.992,6423.559
2023,São Paulo Grand Prix,20,Brazil,São Paulo,0 days 01:49:36.272000,VER,1,0 days 00:01:16.305000,16.0,3.0,,Max Verstappen,,0 days 00:00:19.643000,0 days 00:00:38.976000,0 days 00:00:17.686000,0 days 01:48:39.635000,0 days 01:49:18.611000,0 days 01:49:36.297000,301.0,244.0,295.0,281.0,False,SOFT,17.0,False,Red Bull Racing,0 days 01:48:19.967000,,1,1.0,False,,False,True,20.8,55.0,927.9,False,48.9,194,1.7,True,False,False,False,False,False,LAP 16,LAP 16,,,6576.272,76.305,,,19.643,38.976,17.686,6519.635,6558.611,6576.297,6499.967
2023,São Paulo Grand Prix,20,Brazil,São Paulo,0 days 01:50:52.442000,VER,1,0 days 00:01:16.170000,17.0,3.0,,Max Verstappen,,0 days 00:00:19.691000,0 days 00:00:38.843000,0 days 00:00:17.636000,0 days 01:49:55.988000,0 days 01:50:34.831000,0 days 01:50:52.467000,300.0,246.0,297.0,284.0,False,SOFT,18.0,False,Red Bull Racing,0 days 01:49:36.272000,,1,1.0,False,,False,True,20.9,55.0,927.7,False,49.0,176,2.2,True,False,False,False,False,False,LAP 17,LAP 17,,,6652.442,76.17,,,19.691,38.843,17.636,6595.988,6634.831,6652.467,6576.272
2023,São Paulo Grand Prix,20,Brazil,São Paulo,0 days 01:52:08.783000,VER,1,0 days 00:01:16.341000,18.0,3.0,,Max Verstappen,,0 days 00:00:19.717000,0 days 00:00:38.977000,0 days 00:00:17.647000,0 days 01:51:12.184000,0 days 01:51:51.161000,0 days 01:52:08.808000,299.0,243.0,297.0,284.0,False,SOFT,19.0,False,Red Bull Racing,0 days 01:50:52.442000,,1,1.0,False,,False,True,21.0,56.0,927.7,False,48.7,170,2.2,True,False,False,False,False,False,LAP 18,LAP 18,,,6728.783,76.341,,,19.717,38.977,17.647,6672.184,6711.161,6728.808,6652.442
2023,São Paulo Grand Prix,20,Brazil,São Paulo,0 days 01:53:24.830000,VER,1,0 days 00:01:16.047000,19.0,3.0,,Max Verstappen,,0 days 00:00:19.706000,0 days 00:00:38.725000,0 days 00:00:17.616000,0 days 01:52:28.514000,0 days 01:53:07.239000,0 days 01:53:24.855000,297.0,242.0,298.0,287.0,False,SOFT,20.0,False,Red Bull Racing,0 days 01:52:08.783000,,1,1.0,False,,False,True,20.9,57.0,927.7,False,48.8,197,1.5,True,False,False,False,False,False,LAP 19,LAP 19,,,6804.83,76.047,,,19.706,38.725,17.616,6748.514,6787.239,6804.855,6728.783
2023,São Paulo Grand Prix,20,Brazil,São Paulo,0 days 01:54:40.826000,VER,1,0 days 00:01:15.996000,20.0,3.0,,Max Verstappen,,0 days 00:00:19.636000,0 days 00:00:38.684000,0 days 00:00:17.676000,0 days 01:53:44.491000,0 days 01:54:23.175000,0 days 01:54:40.851000,301.0,244.0,298.0,286.0,False,SOFT,21.0,False,Red Bull Racing,0 days 01:53:24.830000,,1,1.0,False,,False,True,20.8,57.0,927.9,False,48.9,166,0.8,True,False,False,False,False,False,LAP 20,LAP 20,,,6880.826,75.996,,,19.636,38.684,17.676,6824.491,6863.175,6880.851,6804.83
2023,São Paulo Grand Prix,20,Brazil,São Paulo,0 days 01:55:57.033000,VER,1,0 days 00:01:16.207000,21.0,3.0,,Max Verstappen,,0 days 00:00:19.640000,0 days 00:00:38.911000,0 days 00:00:17.656000,0 days 01:55:00.491000,0 days 01:55:39.402000,0 days 01:55:57.058000,295.0,241.0,298.0,284.0,False,SOFT,22.0,False,Red Bull Racing,0 days 01:54:40.826000,,1,1.0,False,,False,True,20.6,58.0,927.9,False,48.9,190,2.5,True,False,False,False,False,False,LAP 21,LAP 21,,,6957.033,76.207,,,19.64,38.911,17.656,6900.491,6939.402,6957.058,6880.826
2023,São Paulo Grand Prix,20,Brazil,São Paulo,0 days 01:57:13.239000,VER,1,0 days 00:01:16.206000,22.0,3.0,,Max Verstappen,,0 days 00:00:19.695000,0 days 00:00:38.751000,0 days 00:00:17.760000,0 days 01:56:16.753000,0 days 01:56:55.504000,0 days 01:57:13.264000,296.0,243.0,298.0,285.0,False,SOFT,23.0,False,Red Bull Racing,0 days 01:55:57.033000,,1,1.0,False,,False,True,20.5,59.0,927.7,False,48.3,198,1.3,True,False,False,False,False,False,LAP 22,LAP 22,,,7033.239,76.206,,,19.695,38.751,17.76,6976.753,7015.504,7033.264,6957.033
2023,São Paulo Grand Prix,20,Brazil,São Paulo,0 days 01:58:29.265000,VER,1,0 days 00:01:16.026000,23.0,3.0,,Max Verstappen,,0 days 00:00:19.674000,0 days 00:00:38.663000,0 days 00:00:17.689000,0 days 01:57:32.938000,0 days 01:58:11.601000,0 days 01:58:29.290000,295.0,243.0,298.0,285.0,False,SOFT,24.0,False,Red Bull Racing,0 days 01:57:13.239000,,1,1.0,False,,False,True,20.4,59.0,927.7,False,48.3,175,1.5,True,False,False,False,False,False,LAP 23,LAP 23,,,7109.265,76.026,,,19.674,38.663,17.689,7052.938,7091.601,7109.29,7033.239
2023,São Paulo Grand Prix,20,Brazil,São Paulo,0 days 01:59:45.662000,VER,1,0 days 00:01:16.397000,24.0,3.0,,Max Verstappen,,0 days 00:00:19.648000,0 days 00:00:39.015000,0 days 00:00:17.734000,0 days 01:58:48.938000,0 days 01:59:27.953000,0 days 01:59:45.687000,294.0,243.0,300.0,288.0,False,SOFT,25.0,False,Red Bull Racing,0 days 01:58:29.265000,,1,1.0,False,,False,True,20.5,59.0,927.7,False,48.5,195,1.5,True,False,False,False,False,False,LAP 24,LAP 24,,,7185.662,76.397,,,19.648,39.015,17.734,7128.938,7167.953,7185.687,7109.265
2023,São Paulo Grand Prix,20,Brazil,São Paulo,0 days 02:01:01.931000,VER,1,0 days 00:01:16.269000,25.0,3.0,,Max Verstappen,,0 days 00:00:19.662000,0 days 00:00:38.884000,0 days 00:00:17.723000,0 days 02:00:05.349000,0 days 02:00:44.233000,0 days 02:01:01.956000,296.0,243.0,299.0,287.0,False,SOFT,26.0,False,Red Bull Racing,0 days 01:59:45.662000,,1,1.0,False,,False,True,20.5,58.0,927.7,False,48.1,155,1.2,True,False,False,False,False,False,LAP 25,LAP 25,,,7261.931,76.269,,,19.662,38.884,17.723,7205.349,7244.233,7261.956,7185.662
2023,São Paulo Grand Prix,20,Brazil,São Paulo,0 days 02:02:18.366000,VER,1,0 days 00:01:16.435000,26.0,3.0,,Max Verstappen,,0 days 00:00:19.675000,0 days 00:00:39.003000,0 days 00:00:17.757000,0 days 02:01:21.631000,0 days 02:02:00.634000,0 days 02:02:18.391000,295.0,242.0,299.0,287.0,False,SOFT,27.0,False,Red Bull Racing,0 days 02:01:01.931000,,1,1.0,False,,False,True,20.5,58.0,927.7,False,47.8,200,0.6,True,False,False,False,False,False,LAP 26,LAP 26,,,7338.366,76.435,,,19.675,39.003,17.757,7281.631,7320.634,7338.391,7261.931
2023,São Paulo Grand Prix,20,Brazil,São Paulo,0 days 02:03:38.630000,VER,1,0 days 00:01:20.264000,27.0,3.0,,Max Verstappen,0 days 02:03:35.731000,0 days 00:00:19.657000,0 days 00:00:39.037000,0 days 00:00:21.570000,0 days 02:02:38.048000,0 days 02:03:17.085000,0 days 02:03:38.655000,298.0,243.0,,284.0,False,SOFT,28.0,False,Red Bull Racing,0 days 02:02:18.366000,,1,1.0,False,,False,False,20.5,57.0,927.9,False,48.4,190,0.6,True,False,False,False,False,False,LAP 28,LAP 28,,,7418.63,80.264,7415.731,,19.657,39.037,21.57,7358.048,7397.085,7418.655,7338.366
2023,São Paulo Grand Prix,20,Brazil,São Paulo,0 days 02:05:11.431000,VER,1,0 days 00:01:32.801000,28.0,4.0,0 days 02:03:58.809000,Max Verstappen,,0 days 00:00:36.681000,0 days 00:00:38.792000,0 days 00:00:17.328000,0 days 02:04:15.336000,0 days 02:04:54.128000,0 days 02:05:11.456000,293.0,240.0,297.0,284.0,False,MEDIUM,1.0,True,Red Bull Racing,0 days 02:03:38.630000,,1,1.0,False,,False,False,20.6,57.0,927.7,False,48.7,196,1.1,True,False,False,False,False,False,LAP 28,LAP 28,,,7511.431,92.801,,7438.809,36.681,38.792,17.328,7455.336,7494.128,7511.456,7418.63
2023,São Paulo Grand Prix,20,Brazil,São Paulo,0 days 02:06:27.144000,VER,1,0 days 00:01:15.713000,29.0,4.0,,Max Verstappen,,0 days 00:00:19.586000,0 days 00:00:38.794000,0 days 00:00:17.333000,0 days 02:05:31.042000,0 days 02:06:09.836000,0 days 02:06:27.169000,299.0,240.0,296.0,280.0,False,MEDIUM,2.0,True,Red Bull Racing,0 days 02:05:11.431000,,1,1.0,False,,False,True,20.5,57.0,927.7,False,48.8,154,1.2,True,False,False,False,False,False,LAP 29,LAP 29,,,7587.144,75.713,,,19.586,38.794,17.333,7531.042,7569.836,7587.169,7511.431
2023,São Paulo Grand Prix,20,Brazil,São Paulo,0 days 02:07:42.943000,VER,1,0 days 00:01:15.799000,30.0,4.0,,Max Verstappen,,0 days 00:00:19.535000,0 days 00:00:38.740000,0 days 00:00:17.524000,0 days 02:06:46.704000,0 days 02:07:25.444000,0 days 02:07:42.968000,299.0,241.0,296.0,281.0,False,MEDIUM,3.0,True,Red Bull Racing,0 days 02:06:27.144000,,1,1.0,False,,False,True,20.4,57.0,927.7,False,48.4,174,1.1,True,False,False,False,False,False,LAP 30,LAP 30,,,7662.943,75.799,,,19.535,38.74,17.524,7606.704,7645.444,7662.968,7587.144
2023,São Paulo Grand Prix,20,Brazil,São Paulo,0 days 02:08:58.730000,VER,1,0 days 00:01:15.787000,31.0,4.0,,Max Verstappen,,0 days 00:00:19.535000,0 days 00:00:38.727000,0 days 00:00:17.525000,,0 days 02:08:41.230000,0 days 02:08:58.755000,300.0,240.0,296.0,278.0,False,MEDIUM,4.0,True,Red Bull Racing,0 days 02:07:42.943000,,1,1.0,False,,False,True,20.4,57.0,927.7,False,48.0,219,1.3,True,False,False,False,False,False,LAP 31,LAP 31,,,7738.73,75.787,,,19.535,38.727,17.525,,7721.23,7738.755,7662.943
2023,São Paulo Grand Prix,20,Brazil,São Paulo,0 days 02:10:14.169000,VER,1,0 days 00:01:15.439000,32.0,4.0,,Max Verstappen,,0 days 00:00:19.497000,0 days 00:00:38.517000,0 days 00:00:17.425000,0 days 02:09:18.252000,0 days 02:09:56.769000,0 days 02:10:14.194000,299.0,240.0,298.0,277.0,True,MEDIUM,5.0,True,Red Bull Racing,0 days 02:08:58.730000,,1,1.0,False,,False,True,20.5,58.0,927.7,False,47.8,185,1.7,True,False,False,False,False,False,LAP 32,LAP 32,,,7814.169,75.439,,,19.497,38.517,17.425,7758.252,7796.769,7814.194,7738.73
2023,São Paulo Grand Prix,20,Brazil,São Paulo,0 days 02:11:29.343000,VER,1,0 days 00:01:15.174000,33.0,4.0,,Max Verstappen,,0 days 00:00:19.581000,0 days 00:00:38.120000,0 days 00:00:17.473000,0 days 02:10:33.775000,0 days 02:11:11.895000,0 days 02:11:29.368000,299.0,240.0,298.0,280.0,True,MEDIUM,6.0,True,Red Bull Racing,0 days 02:10:14.169000,,1,1.0,False,,False,True,20.4,58.0,927.9,False,47.4,170,1.7,True,False,False,False,False,False,LAP 33,LAP 33,,,7889.343,75.174,,,19.581,38.12,17.473,7833.775,7871.895,7889.368,7814.169
2023,São Paulo Grand Prix,20,Brazil,São Paulo,0 days 02:12:44.458000,VER,1,0 days 00:01:15.115000,34.0,4.0,,Max Verstappen,,0 days 00:00:19.531000,0 days 00:00:38.213000,0 days 00:00:17.371000,0 days 02:11:48.899000,0 days 02:12:27.112000,0 days 02:12:44.483000,299.0,241.0,300.0,281.0,True,MEDIUM,7.0,True,Red Bull Racing,0 days 02:11:29.343000,,1,1.0,False,,False,True,20.3,59.0,927.9,False,47.3,181,1.7,True,False,False,False,False,False,LAP 34,LAP 34,,,7964.458,75.115,,,19.531,38.213,17.371,7908.899,7947.112,7964.483,7889.343
2023,São Paulo Grand Prix,20,Brazil,São Paulo,0 days 02:13:59.615000,VER,1,0 days 00:01:15.157000,35.0,4.0,,Max Verstappen,,0 days 00:00:19.526000,0 days 00:00:38.270000,0 days 00:00:17.361000,0 days 02:13:04.009000,0 days 02:13:42.279000,0 days 02:13:59.640000,299.0,241.0,300.0,283.0,False,MEDIUM,8.0,True,Red Bull Racing,0 days 02:12:44.458000,,1,1.0,False,,False,True,20.3,60.0,927.7,False,47.3,311,1.6,True,False,False,False,False,False,LAP 35,LAP 35,,,8039.615,75.157,,,19.526,38.27,17.361,7984.009,8022.279,8039.64,7964.458
2023,São Paulo Grand Prix,20,Brazil,São Paulo,0 days 02:15:14.740000,VER,1,0 days 00:01:15.125000,36.0,4.0,,Max Verstappen,,0 days 00:00:19.467000,0 days 00:00:38.269000,0 days 00:00:17.389000,0 days 02:14:19.107000,0 days 02:14:57.376000,0 days 02:15:14.765000,301.0,241.0,300.0,285.0,False,MEDIUM,9.0,True,Red Bull Racing,0 days 02:13:59.615000,,1,1.0,False,,False,True,20.2,59.0,927.7,False,47.2,177,1.3,True,False,False,False,False,False,LAP 36,LAP 36,,,8114.74,75.125,,,19.467,38.269,17.389,8059.107,8097.376,8114.765,8039.615
2023,São Paulo Grand Prix,20,Brazil,São Paulo,0 days 02:16:29.422000,VER,1,0 days 00:01:14.682000,37.0,4.0,,Max Verstappen,,0 days 00:00:19.387000,0 days 00:00:37.977000,0 days 00:00:17.318000,0 days 02:15:34.152000,0 days 02:16:12.129000,0 days 02:16:29.447000,301.0,244.0,299.0,287.0,True,MEDIUM,10.0,True,Red Bull Racing,0 days 02:15:14.740000,,1,1.0,False,,False,True,20.3,58.0,927.7,False,47.3,182,2.0,True,False,False,False,False,False,LAP 37,LAP 37,,,8189.422,74.682,,,19.387,37.977,17.318,8134.152,8172.129,8189.447,8114.74
2023,São Paulo Grand Prix,20,Brazil,São Paulo,0 days 02:17:44.376000,VER,1,0 days 00:01:14.954000,38.0,4.0,,Max Verstappen,,0 days 00:00:19.309000,0 days 00:00:38.193000,0 days 00:00:17.452000,0 days 02:16:48.756000,0 days 02:17:26.949000,0 days 02:17:44.401000,296.0,242.0,300.0,284.0,False,MEDIUM,11.0,True,Red Bull Racing,0 days 02:16:29.422000,,1,1.0,False,,False,True,20.4,58.0,927.7,False,47.4,159,1.6,True,False,False,False,False,False,LAP 38,LAP 38,,,8264.376,74.954,,,19.309,38.193,17.452,8208.756,8246.949,8264.401,8189.422
2023,São Paulo Grand Prix,20,Brazil,São Paulo,0 days 02:18:59.350000,VER,1,0 days 00:01:14.974000,39.0,4.0,,Max Verstappen,,0 days 00:00:19.293000,0 days 00:00:38.211000,0 days 00:00:17.470000,0 days 02:18:03.694000,0 days 02:18:41.905000,0 days 02:18:59.375000,300.0,245.0,300.0,289.0,False,MEDIUM,12.0,True,Red Bull Racing,0 days 02:17:44.376000,,1,1.0,False,,False,True,20.5,59.0,927.7,False,47.5,191,1.7,True,False,False,False,False,False,LAP 39,LAP 39,,,8339.35,74.974,,,19.293,38.211,17.47,8283.694,8321.905,8339.375,8264.376
2023,São Paulo Grand Prix,20,Brazil,São Paulo,0 days 02:20:14.568000,VER,1,0 days 00:01:15.218000,40.0,4.0,,Max Verstappen,,0 days 00:00:19.389000,0 days 00:00:38.459000,0 days 00:00:17.370000,0 days 02:19:18.764000,0 days 02:19:57.223000,0 days 02:20:14.593000,299.0,243.0,300.0,289.0,False,MEDIUM,13.0,True,Red Bull Racing,0 days 02:18:59.350000,,1,1.0,False,,False,True,20.4,58.0,927.7,False,47.2,161,1.0,True,False,False,False,False,False,LAP 40,LAP 40,,,8414.568,75.218,,,19.389,38.459,17.37,8358.764,8397.223,8414.593,8339.35
2023,São Paulo Grand Prix,20,Brazil,São Paulo,0 days 02:21:29.923000,VER,1,0 days 00:01:15.355000,41.0,4.0,,Max Verstappen,,0 days 00:00:19.440000,0 days 00:00:38.372000,0 days 00:00:17.543000,0 days 02:20:34.033000,0 days 02:21:12.405000,0 days 02:21:29.948000,296.0,243.0,299.0,286.0,False,MEDIUM,14.0,True,Red Bull Racing,0 days 02:20:14.568000,,1,1.0,False,,False,True,20.4,59.0,927.9,False,47.0,152,1.2,True,False,False,False,False,False,LAP 41,LAP 41,,,8489.923,75.355,,,19.44,38.372,17.543,8434.033,8472.405,8489.948,8414.568
2023,São Paulo Grand Prix,20,Brazil,São Paulo,0 days 02:22:45.125000,VER,1,0 days 00:01:15.202000,42.0,4.0,,Max Verstappen,,0 days 00:00:19.381000,0 days 00:00:38.269000,0 days 00:00:17.552000,0 days 02:21:49.329000,0 days 02:22:27.598000,0 days 02:22:45.150000,298.0,242.0,301.0,287.0,False,MEDIUM,15.0,True,Red Bull Racing,0 days 02:21:29.923000,,1,1.0,False,,False,True,20.5,59.0,927.7,False,46.6,170,1.0,True,False,False,False,False,False,LAP 42,LAP 42,,,8565.125,75.202,,,19.381,38.269,17.552,8509.329,8547.598,8565.15,8489.923
2023,São Paulo Grand Prix,20,Brazil,São Paulo,0 days 02:24:00.177000,VER,1,0 days 00:01:15.052000,43.0,4.0,,Max Verstappen,,0 days 00:00:19.240000,0 days 00:00:38.300000,0 days 00:00:17.512000,0 days 02:23:04.390000,0 days 02:23:42.690000,0 days 02:24:00.202000,298.0,244.0,299.0,290.0,False,MEDIUM,16.0,True,Red Bull Racing,0 days 02:22:45.125000,,1,1.0,False,,False,True,20.5,58.0,927.7,False,47.1,161,2.0,True,False,False,False,False,False,LAP 43,LAP 43,,,8640.177,75.052,,,19.24,38.3,17.512,8584.39,8622.69,8640.202,8565.125
2023,São Paulo Grand Prix,20,Brazil,São Paulo,0 days 02:25:15.497000,VER,1,0 days 00:01:15.320000,44.0,4.0,,Max Verstappen,,0 days 00:00:19.385000,0 days 00:00:38.279000,0 days 00:00:17.656000,0 days 02:24:19.587000,0 days 02:24:57.866000,0 days 02:25:15.522000,298.0,243.0,299.0,291.0,False,MEDIUM,17.0,True,Red Bull Racing,0 days 02:24:00.177000,,1,1.0,False,,False,True,20.4,59.0,927.7,False,47.1,182,2.5,True,False,False,False,False,False,LAP 44,LAP 44,,,8715.497,75.32,,,19.385,38.279,17.656,8659.587,8697.866,8715.522,8640.177
2023,São Paulo Grand Prix,20,Brazil,São Paulo,0 days 02:26:30.968000,VER,1,0 days 00:01:15.471000,45.0,4.0,,Max Verstappen,,0 days 00:00:19.386000,0 days 00:00:38.417000,0 days 00:00:17.668000,0 days 02:25:34.908000,0 days 02:26:13.325000,0 days 02:26:30.993000,298.0,245.0,301.0,289.0,False,MEDIUM,18.0,True,Red Bull Racing,0 days 02:25:15.497000,,1,1.0,False,,False,True,20.3,59.0,927.9,False,47.1,160,1.6,True,False,False,False,False,False,LAP 45,LAP 45,,,8790.968,75.471,,,19.386,38.417,17.668,8734.908,8773.325,8790.993,8715.497
2023,São Paulo Grand Prix,20,Brazil,São Paulo,0 days 02:27:46.297000,VER,1,0 days 00:01:15.329000,46.0,4.0,,Max Verstappen,,0 days 00:00:19.292000,0 days 00:00:38.439000,0 days 00:00:17.598000,0 days 02:26:50.285000,0 days 02:27:28.724000,0 days 02:27:46.322000,299.0,244.0,301.0,290.0,False,MEDIUM,19.0,True,Red Bull Racing,0 days 02:26:30.968000,,1,1.0,False,,False,True,20.3,59.0,927.9,False,47.1,164,1.5,True,False,False,False,False,False,LAP 46,LAP 46,,,8866.297,75.329,,,19.292,38.439,17.598,8810.285,8848.724,8866.322,8790.968
2023,São Paulo Grand Prix,20,Brazil,São Paulo,0 days 02:29:01.659000,VER,1,0 days 00:01:15.362000,47.0,4.0,,Max Verstappen,,0 days 00:00:19.295000,0 days 00:00:38.490000,0 days 00:00:17.577000,0 days 02:28:05.617000,0 days 02:28:44.107000,0 days 02:29:01.684000,301.0,244.0,300.0,294.0,False,MEDIUM,20.0,True,Red Bull Racing,0 days 02:27:46.297000,,1,1.0,False,,False,True,20.3,59.0,927.9,False,46.8,233,1.2,True,False,False,False,False,False,LAP 47,LAP 47,,,8941.659,75.362,,,19.295,38.49,17.577,8885.617,8924.107,8941.684,8866.297
2023,São Paulo Grand Prix,20,Brazil,São Paulo,0 days 02:30:17.183000,VER,1,0 days 00:01:15.524000,48.0,4.0,,Max Verstappen,,0 days 00:00:19.383000,0 days 00:00:38.593000,0 days 00:00:17.548000,0 days 02:29:21.067000,0 days 02:29:59.660000,0 days 02:30:17.208000,300.0,245.0,299.0,296.0,False,MEDIUM,21.0,True,Red Bull Racing,0 days 02:29:01.659000,,1,1.0,False,,False,True,20.3,59.0,927.7,False,46.7,213,1.6,True,False,False,False,False,False,LAP 48,LAP 48,,,9017.183,75.524,,,19.383,38.593,17.548,8961.067,8999.66,9017.208,8941.659
2023,São Paulo Grand Prix,20,Brazil,São Paulo,0 days 02:31:32.625000,VER,1,0 days 00:01:15.442000,49.0,4.0,,Max Verstappen,,0 days 00:00:19.350000,0 days 00:00:38.524000,0 days 00:00:17.568000,0 days 02:30:36.558000,0 days 02:31:15.082000,0 days 02:31:32.650000,300.0,245.0,300.0,297.0,False,MEDIUM,22.0,True,Red Bull Racing,0 days 02:30:17.183000,,1,1.0,False,,False,True,20.3,58.0,927.7,False,46.2,197,1.3,True,False,False,False,False,False,LAP 49,LAP 49,,,9092.625,75.442,,,19.35,38.524,17.568,9036.558,9075.082,9092.65,9017.183
2023,São Paulo Grand Prix,20,Brazil,São Paulo,0 days 02:32:48.061000,VER,1,0 days 00:01:15.436000,50.0,4.0,,Max Verstappen,,0 days 00:00:19.309000,0 days 00:00:38.558000,0 days 00:00:17.569000,0 days 02:31:51.959000,0 days 02:32:30.517000,0 days 02:32:48.086000,302.0,246.0,300.0,297.0,False,MEDIUM,23.0,True,Red Bull Racing,0 days 02:31:32.625000,,1,1.0,False,,False,True,20.2,58.0,927.7,False,45.4,150,1.5,True,False,False,False,False,False,LAP 50,LAP 50,,,9168.061,75.436,,,19.309,38.558,17.569,9111.959,9150.517,9168.086,9092.625
2023,São Paulo Grand Prix,20,Brazil,São Paulo,0 days 02:34:03.501000,VER,1,0 days 00:01:15.440000,51.0,4.0,,Max Verstappen,,0 days 00:00:19.368000,0 days 00:00:38.559000,0 days 00:00:17.513000,0 days 02:33:07.454000,0 days 02:33:46.013000,0 days 02:34:03.526000,300.0,245.0,301.0,297.0,False,MEDIUM,24.0,True,Red Bull Racing,0 days 02:32:48.061000,,1,1.0,False,,False,True,20.2,58.0,927.9,False,44.9,157,2.2,True,False,False,False,False,False,LAP 51,LAP 51,,,9243.501,75.44,,,19.368,38.559,17.513,9187.454,9226.013,9243.526,9168.061
2023,São Paulo Grand Prix,20,Brazil,São Paulo,0 days 02:35:18.891000,VER,1,0 days 00:01:15.390000,52.0,4.0,,Max Verstappen,,0 days 00:00:19.273000,0 days 00:00:38.651000,0 days 00:00:17.466000,0 days 02:34:22.799000,0 days 02:35:01.450000,0 days 02:35:18.916000,301.0,248.0,302.0,300.0,False,MEDIUM,25.0,True,Red Bull Racing,0 days 02:34:03.501000,,1,1.0,False,,False,True,20.3,58.0,927.7,False,42.5,164,0.6,True,False,False,False,False,False,LAP 52,LAP 52,,,9318.891,75.39,,,19.273,38.651,17.466,9262.799,9301.45,9318.916,9243.501
2023,São Paulo Grand Prix,20,Brazil,São Paulo,0 days 02:36:34.197000,VER,1,0 days 00:01:15.306000,53.0,4.0,,Max Verstappen,,0 days 00:00:19.371000,0 days 00:00:38.476000,0 days 00:00:17.459000,0 days 02:35:38.287000,0 days 02:36:16.763000,0 days 02:36:34.222000,300.0,246.0,302.0,299.0,False,MEDIUM,26.0,True,Red Bull Racing,0 days 02:35:18.891000,,1,1.0,False,,False,True,20.3,59.0,927.7,False,41.8,0,1.1,True,False,False,False,False,False,LAP 53,LAP 53,,,9394.197,75.306,,,19.371,38.476,17.459,9338.287,9376.763,9394.222,9318.891
2023,São Paulo Grand Prix,20,Brazil,São Paulo,0 days 02:37:49.585000,VER,1,0 days 00:01:15.388000,54.0,4.0,,Max Verstappen,,0 days 00:00:19.436000,0 days 00:00:38.471000,0 days 00:00:17.481000,0 days 02:36:53.658000,0 days 02:37:32.129000,0 days 02:37:49.610000,304.0,248.0,303.0,300.0,False,MEDIUM,27.0,True,Red Bull Racing,0 days 02:36:34.197000,,1,1.0,False,,False,True,20.3,58.0,927.7,False,41.1,183,0.6,True,False,False,False,False,False,LAP 54,LAP 54,,,9469.585,75.388,,,19.436,38.471,17.481,9413.658,9452.129,9469.61,9394.197
2023,São Paulo Grand Prix,20,Brazil,São Paulo,0 days 02:39:05.106000,VER,1,0 days 00:01:15.521000,55.0,4.0,,Max Verstappen,,0 days 00:00:19.350000,0 days 00:00:38.626000,0 days 00:00:17.545000,0 days 02:38:08.960000,0 days 02:38:47.586000,0 days 02:39:05.131000,302.0,249.0,303.0,302.0,False,MEDIUM,28.0,True,Red Bull Racing,0 days 02:37:49.585000,,1,1.0,False,,False,True,20.3,59.0,927.9,False,40.5,160,1.1,True,False,False,False,False,False,LAP 55,LAP 55,,,9545.106,75.521,,,19.35,38.626,17.545,9488.96,9527.586,9545.131,9469.585
2023,São Paulo Grand Prix,20,Brazil,São Paulo,0 days 02:40:24.415000,VER,1,0 days 00:01:19.309000,56.0,4.0,,Max Verstappen,0 days 02:40:21.518000,0 days 00:00:19.306000,0 days 00:00:38.725000,0 days 00:00:21.278000,0 days 02:39:24.437000,0 days 02:40:03.162000,0 days 02:40:24.440000,301.0,246.0,,304.0,False,MEDIUM,29.0,True,Red Bull Racing,0 days 02:39:05.106000,,1,1.0,False,,False,False,20.0,59.0,927.7,False,40.0,174,0.6,True,False,False,False,False,False,LAP 56,LAP 56,,,9624.415,79.309,9621.518,,19.306,38.725,21.278,9564.437,9603.162,9624.44,9545.106
2023,São Paulo Grand Prix,20,Brazil,São Paulo,0 days 02:41:55.733000,VER,1,0 days 00:01:31.318000,57.0,5.0,0 days 02:40:44.987000,Max Verstappen,,0 days 00:00:36.587000,0 days 00:00:37.575000,0 days 00:00:17.156000,0 days 02:41:01.027000,0 days 02:41:38.602000,0 days 02:41:55.758000,297.0,244.0,300.0,304.0,False,SOFT,1.0,True,Red Bull Racing,0 days 02:40:24.415000,,1,2.0,False,,False,False,20.0,58.0,927.9,False,39.6,179,1.1,True,False,False,False,False,False,+11.450,+11.450,11.45,11.45,9715.733,91.318,,9644.987,36.587,37.575,17.156,9661.027,9698.602,9715.758,9624.415
2023,São Paulo Grand Prix,20,Brazil,São Paulo,0 days 02:43:09.777000,VER,1,0 days 00:01:14.044000,58.0,5.0,,Max Verstappen,,0 days 00:00:19.086000,0 days 00:00:37.775000,0 days 00:00:17.183000,0 days 02:42:14.844000,0 days 02:42:52.619000,0 days 02:43:09.802000,301.0,241.0,301.0,295.0,True,SOFT,2.0,True,Red Bull Racing,0 days 02:41:55.733000,,1,2.0,False,,False,True,20.0,59.0,927.7,False,39.6,197,1.0,True,False,False,False,False,False,+9.698,+9.698,9.698,9.698,9789.777,74.044,,,19.086,37.775,17.183,9734.844,9772.619,9789.802,9715.733
2023,São Paulo Grand Prix,20,Brazil,São Paulo,0 days 02:44:23.866000,VER,1,0 days 00:01:14.089000,59.0,5.0,,Max Verstappen,,0 days 00:00:19.095000,0 days 00:00:38.081000,0 days 00:00:16.913000,0 days 02:43:28.897000,0 days 02:44:06.978000,0 days 02:44:23.891000,304.0,246.0,320.0,294.0,False,SOFT,3.0,True,Red Bull Racing,0 days 02:43:09.777000,,1,2.0,False,,False,True,19.9,58.0,927.7,False,38.7,200,0.8,True,False,False,False,False,False,+8.219,+8.219,8.219,8.219,9863.866,74.089,,,19.095,38.081,16.913,9808.897,9846.978,9863.891,9789.777
2023,São Paulo Grand Prix,20,Brazil,São Paulo,0 days 02:45:38.131000,VER,1,0 days 00:01:14.265000,60.0,5.0,,Max Verstappen,,0 days 00:00:19.068000,0 days 00:00:38.005000,0 days 00:00:17.192000,0 days 02:44:42.959000,0 days 02:45:20.964000,0 days 02:45:38.156000,302.0,247.0,301.0,306.0,False,SOFT,4.0,True,Red Bull Racing,0 days 02:44:23.866000,,1,1.0,False,,False,True,19.9,59.0,927.7,False,38.4,63,1.5,True,False,False,False,False,False,LAP 60,LAP 60,,,9938.131,74.265,,,19.068,38.005,17.192,9882.959,9920.964,9938.156,9863.866
2023,São Paulo Grand Prix,20,Brazil,São Paulo,0 days 02:46:52.715000,VER,1,0 days 00:01:14.584000,61.0,5.0,,Max Verstappen,,0 days 00:00:19.203000,0 days 00:00:38.130000,0 days 00:00:17.251000,0 days 02:45:57.359000,0 days 02:46:35.489000,0 days 02:46:52.740000,303.0,243.0,302.0,292.0,False,SOFT,5.0,True,Red Bull Racing,0 days 02:45:38.131000,,1,1.0,False,,False,True,19.8,58.0,927.9,False,38.0,177,1.2,True,False,False,False,False,False,LAP 61,LAP 61,,,10012.715,74.584,,,19.203,38.13,17.251,9957.359,9995.489,10012.74,9938.131
2023,São Paulo Grand Prix,20,Brazil,São Paulo,0 days 02:48:07.227000,VER,1,0 days 00:01:14.512000,62.0,5.0,,Max Verstappen,,0 days 00:00:19.251000,0 days 00:00:38.079000,0 days 00:00:17.182000,0 days 02:47:11.991000,0 days 02:47:50.070000,0 days 02:48:07.252000,303.0,247.0,300.0,289.0,False,SOFT,6.0,True,Red Bull Racing,0 days 02:46:52.715000,,1,1.0,False,,False,True,19.8,58.0,927.7,False,37.9,176,2.4,True,False,False,False,False,False,LAP 62,LAP 62,,,10087.227,74.512,,,19.251,38.079,17.182,10031.991,10070.07,10087.252,10012.715
2023,São Paulo Grand Prix,20,Brazil,São Paulo,0 days 02:49:21.576000,VER,1,0 days 00:01:14.349000,63.0,5.0,,Max Verstappen,,0 days 00:00:19.143000,0 days 00:00:38.070000,0 days 00:00:17.136000,0 days 02:48:26.395000,0 days 02:49:04.465000,0 days 02:49:21.601000,303.0,245.0,302.0,294.0,False,SOFT,7.0,True,Red Bull Racing,0 days 02:48:07.227000,,1,1.0,False,,False,True,19.9,60.0,927.7,False,37.6,177,1.3,True,False,False,False,False,False,LAP 63,LAP 63,,,10161.576,74.349,,,19.143,38.07,17.136,10106.395,10144.465,10161.601,10087.227
2023,São Paulo Grand Prix,20,Brazil,São Paulo,0 days 02:50:35.669000,VER,1,0 days 00:01:14.093000,64.0,5.0,,Max Verstappen,,0 days 00:00:19.010000,0 days 00:00:37.856000,0 days 00:00:17.227000,0 days 02:49:40.611000,0 days 02:50:18.467000,0 days 02:50:35.694000,303.0,245.0,303.0,295.0,False,SOFT,8.0,True,Red Bull Racing,0 days 02:49:21.576000,,1,1.0,False,,False,True,19.8,59.0,927.7,False,37.6,132,0.6,True,False,False,False,False,False,LAP 64,LAP 64,,,10235.669,74.093,,,19.01,37.856,17.227,10180.611,10218.467,10235.694,10161.576
2023,São Paulo Grand Prix,20,Brazil,São Paulo,0 days 02:51:49.685000,VER,1,0 days 00:01:14.016000,65.0,5.0,,Max Verstappen,,0 days 00:00:19.059000,0 days 00:00:37.802000,0 days 00:00:17.155000,0 days 02:50:54.753000,0 days 02:51:32.555000,0 days 02:51:49.710000,303.0,245.0,301.0,298.0,True,SOFT,9.0,True,Red Bull Racing,0 days 02:50:35.669000,,1,1.0,False,,False,True,19.9,59.0,927.7,False,37.8,154,1.6,True,False,False,False,False,False,LAP 65,LAP 65,,,10309.685,74.016,,,19.059,37.802,17.155,10254.753,10292.555,10309.71,10235.669
2023,São Paulo Grand Prix,20,Brazil,São Paulo,0 days 02:53:03.451000,VER,1,0 days 00:01:13.766000,66.0,5.0,,Max Verstappen,,0 days 00:00:19.057000,0 days 00:00:37.743000,0 days 00:00:16.966000,0 days 02:52:08.767000,0 days 02:52:46.510000,0 days 02:53:03.476000,305.0,248.0,322.0,297.0,True,SOFT,10.0,True,Red Bull Racing,0 days 02:51:49.685000,,1,1.0,False,,False,True,19.8,60.0,927.9,False,37.8,153,1.2,True,False,False,False,False,False,LAP 66,LAP 66,,,10383.451,73.766,,,19.057,37.743,16.966,10328.767,10366.51,10383.476,10309.685
2023,São Paulo Grand Prix,20,Brazil,São Paulo,0 days 02:54:16.981000,VER,1,0 days 00:01:13.530000,67.0,5.0,,Max Verstappen,,0 days 00:00:18.922000,0 days 00:00:37.449000,0 days 00:00:17.159000,0 days 02:53:22.398000,0 days 02:53:59.847000,0 days 02:54:17.006000,304.0,249.0,301.0,315.0,True,SOFT,11.0,True,Red Bull Racing,0 days 02:53:03.451000,,1,1.0,False,,False,True,19.7,59.0,927.7,False,37.1,175,1.7,True,False,False,False,False,False,LAP 67,LAP 67,,,10456.981,73.53,,,18.922,37.449,17.159,10402.398,10439.847,10457.006,10383.451
2023,São Paulo Grand Prix,20,Brazil,São Paulo,0 days 02:55:30.403000,VER,1,0 days 00:01:13.422000,68.0,5.0,,Max Verstappen,,0 days 00:00:19.013000,0 days 00:00:37.350000,0 days 00:00:17.059000,0 days 02:54:36.019000,0 days 02:55:13.369000,0 days 02:55:30.428000,305.0,250.0,302.0,302.0,True,SOFT,12.0,True,Red Bull Racing,0 days 02:54:16.981000,,1,1.0,False,,False,True,19.7,60.0,927.9,False,37.0,212,1.6,True,False,False,False,False,False,LAP 68,LAP 68,,,10530.403,73.422,,,19.013,37.35,17.059,10476.019,10513.369,10530.428,10456.981
2023,São Paulo Grand Prix,20,Brazil,São Paulo,0 days 02:56:44.462000,VER,1,0 days 00:01:14.059000,69.0,5.0,,Max Verstappen,,0 days 00:00:19.201000,0 days 00:00:37.672000,0 days 00:00:17.186000,0 days 02:55:49.629000,0 days 02:56:27.301000,0 days 02:56:44.487000,304.0,245.0,300.0,302.0,False,SOFT,13.0,True,Red Bull Racing,0 days 02:55:30.403000,,1,1.0,False,,False,True,19.7,60.0,927.7,False,36.8,179,2.2,True,False,False,False,False,False,LAP 69,LAP 69,,,10604.462,74.059,,,19.201,37.672,17.186,10549.629,10587.301,10604.487,10530.403
2023,São Paulo Grand Prix,20,Brazil,São Paulo,0 days 02:57:58.030000,VER,1,0 days 00:01:13.568000,70.0,5.0,,Max Verstappen,,0 days 00:00:18.888000,0 days 00:00:37.474000,0 days 00:00:17.206000,0 days 02:57:03.375000,0 days 02:57:40.849000,0 days 02:57:58.055000,304.0,246.0,301.0,299.0,False,SOFT,14.0,True,Red Bull Racing,0 days 02:56:44.462000,,1,1.0,False,,False,True,19.6,61.0,927.9,False,36.6,152,1.5,True,False,False,False,False,False,LAP 70,LAP 70,,,10678.03,73.568,,,18.888,37.474,17.206,10623.375,10660.849,10678.055,10604.462
2023,São Paulo Grand Prix,20,Brazil,São Paulo,0 days 02:59:11.965000,VER,1,0 days 00:01:13.935000,71.0,5.0,,Max Verstappen,,0 days 00:00:18.976000,0 days 00:00:37.680000,0 days 00:00:17.279000,0 days 02:58:17.031000,0 days 02:58:54.711000,0 days 02:59:11.990000,304.0,245.0,299.0,301.0,False,SOFT,15.0,True,Red Bull Racing,0 days 02:57:58.030000,,1,1.0,False,,False,True,19.7,61.0,927.7,False,36.4,177,1.2,True,False,False,False,False,False,LAP 71,LAP 71,,,10751.965,73.935,,,18.976,37.68,17.279,10697.031,10734.711,10751.99,10678.03
2023,São Paulo Grand Prix,20,Brazil,São Paulo,0 days 01:04:44.750000,GAS,10,0 days 00:02:21.630000,1.0,1.0,,Pierre Gasly,0 days 01:04:41.335000,,0 days 00:01:12.075000,0 days 00:00:42.309000,,0 days 01:04:02.491000,0 days 01:04:44.835000,317.0,159.0,,200.0,False,SOFT,3.0,False,Alpine,0 days 01:02:22.839000,,124,12.0,False,,False,False,20.6,58.0,928.0,False,47.8,181,1.1,True,True,True,False,False,False,+18.227,+0.976,18.227,0.976,3884.75,141.63,3881.335,,,72.075,42.309,,3842.491,3884.835,3742.839
2023,São Paulo Grand Prix,20,Brazil,São Paulo,0 days 01:07:09.311000,GAS,10,0 days 00:02:24.561000,2.0,2.0,0 days 01:05:01.928000,Pierre Gasly,0 days 01:07:04.755000,0 days 00:00:41.470000,0 days 00:00:58.747000,0 days 00:00:44.344000,0 days 01:05:26.243000,0 days 01:06:24.990000,0 days 01:07:09.334000,258.0,160.0,,,False,SOFT,4.0,False,Alpine,0 days 01:04:44.750000,,45,11.0,False,,False,False,20.6,60.0,928.0,False,47.1,178,1.2,False,False,True,True,False,False,+16.648,+1.201,16.648,1.201,4029.311,144.561,4024.755,3901.928,41.47,58.747,44.344,3926.243,3984.99,4029.334,3884.75
2023,São Paulo Grand Prix,20,Brazil,São Paulo,0 days 01:33:07.259000,GAS,10,,3.0,3.0,0 days 01:30:41.457000,Pierre Gasly,,,0 days 00:00:42.476000,0 days 00:01:19.757000,,0 days 01:31:47.581000,0 days 01:33:07.409000,273.0,232.0,4.0,200.0,False,SOFT,4.0,False,Alpine,0 days 01:30:00.364000,,1,11.0,False,,False,False,20.7,55.0,927.9,False,49.2,198,2.2,True,False,False,False,False,False,+31.479,+3.634,31.479,3.634,5587.259,,,5441.457,,42.476,79.757,,5507.581,5587.409,5400.364
2023,São Paulo Grand Prix,20,Brazil,São Paulo,0 days 01:34:28.224000,GAS,10,0 days 00:01:20.965000,4.0,3.0,,Pierre Gasly,,0 days 00:00:22.928000,0 days 00:00:40.595000,0 days 00:00:17.442000,0 days 01:33:30.210000,0 days 01:34:10.805000,0 days 01:34:28.247000,316.0,244.0,301.0,240.0,True,SOFT,5.0,False,Alpine,0 days 01:33:07.259000,,1,9.0,False,,False,True,20.9,54.0,927.7,False,49.7,149,0.8,True,False,False,False,False,False,+4.182,+0.335,4.182,0.335,5668.224,80.965,,,22.928,40.595,17.442,5610.21,5650.805,5668.247,5587.259
2023,São Paulo Grand Prix,20,Brazil,São Paulo,0 days 01:35:45.485000,GAS,10,0 days 00:01:17.261000,5.0,3.0,,Pierre Gasly,,0 days 00:00:19.906000,0 days 00:00:39.737000,0 days 00:00:17.618000,0 days 01:34:48.153000,0 days 01:35:27.890000,0 days 01:35:45.508000,309.0,239.0,306.0,281.0,True,SOFT,6.0,False,Alpine,0 days 01:34:28.224000,,1,9.0,False,,False,True,21.0,55.0,927.7,False,50.2,180,0.8,True,False,False,False,False,False,+5.716,+0.426,5.716,0.426,5745.485,77.261,,,19.906,39.737,17.618,5688.153,5727.89,5745.508,5668.224
2023,São Paulo Grand Prix,20,Brazil,São Paulo,0 days 01:37:02.162000,GAS,10,0 days 00:01:16.677000,6.0,3.0,,Pierre Gasly,,0 days 00:00:19.852000,0 days 00:00:39.534000,0 days 00:00:17.291000,0 days 01:36:05.360000,0 days 01:36:44.894000,0 days 01:37:02.185000,318.0,240.0,326.0,289.0,True,SOFT,7.0,False,Alpine,0 days 01:35:45.485000,,1,9.0,False,,False,True,20.9,55.0,927.9,False,49.8,186,1.1,True,False,False,False,False,False,+6.966,+0.551,6.966,0.551,5822.162,76.677,,,19.852,39.534,17.291,5765.36,5804.894,5822.185,5745.485
2023,São Paulo Grand Prix,20,Brazil,São Paulo,0 days 01:38:18.599000,GAS,10,0 days 00:01:16.437000,7.0,3.0,,Pierre Gasly,,0 days 00:00:19.619000,0 days 00:00:39.466000,0 days 00:00:17.352000,0 days 01:37:21.804000,0 days 01:38:01.270000,0 days 01:38:18.622000,320.0,239.0,326.0,302.0,True,SOFT,8.0,False,Alpine,0 days 01:37:02.162000,,1,9.0,False,,False,True,21.1,57.0,927.7,False,49.6,170,1.2,True,False,False,False,False,False,+7.592,+0.527,7.592,0.527,5898.599,76.437,,,19.619,39.466,17.352,5841.804,5881.27,5898.622,5822.162
2023,São Paulo Grand Prix,20,Brazil,São Paulo,0 days 01:39:35.157000,GAS,10,0 days 00:01:16.558000,8.0,3.0,,Pierre Gasly,,0 days 00:00:19.514000,0 days 00:00:39.663000,0 days 00:00:17.381000,0 days 01:38:38.136000,0 days 01:39:17.799000,0 days 01:39:35.180000,319.0,241.0,324.0,304.0,False,SOFT,9.0,False,Alpine,0 days 01:38:18.599000,,1,9.0,False,,False,True,21.1,58.0,927.9,False,49.7,204,1.8,True,False,False,False,False,False,+8.501,+0.531,8.501,0.531,5975.157,76.558,,,19.514,39.663,17.381,5918.136,5957.799,5975.18,5898.599
2023,São Paulo Grand Prix,20,Brazil,São Paulo,0 days 01:40:51.688000,GAS,10,0 days 00:01:16.531000,9.0,3.0,,Pierre Gasly,,0 days 00:00:19.543000,0 days 00:00:39.620000,0 days 00:00:17.368000,0 days 01:39:54.723000,0 days 01:40:34.343000,0 days 01:40:51.711000,320.0,242.0,328.0,309.0,False,SOFT,10.0,False,Alpine,0 days 01:39:35.157000,,1,9.0,False,,False,True,21.1,58.0,927.9,False,49.3,175,1.7,True,False,False,False,False,False,+8.867,+0.445,8.867,0.445,6051.688,76.531,,,19.543,39.62,17.368,5994.723,6034.343,6051.711,5975.157
2023,São Paulo Grand Prix,20,Brazil,São Paulo,0 days 01:42:08.659000,GAS,10,0 days 00:01:16.971000,10.0,3.0,,Pierre Gasly,,0 days 00:00:19.668000,0 days 00:00:39.846000,0 days 00:00:17.457000,0 days 01:41:11.379000,0 days 01:41:51.225000,0 days 01:42:08.682000,320.0,242.0,328.0,300.0,False,SOFT,11.0,False,Alpine,0 days 01:40:51.688000,,1,9.0,False,,False,True,21.0,58.0,927.7,False,49.4,263,1.0,True,False,False,False,False,False,+9.859,+0.583,9.859,0.583,6128.659,76.971,,,19.668,39.846,17.457,6071.379,6111.225,6128.682,6051.688
2023,São Paulo Grand Prix,20,Brazil,São Paulo,0 days 01:43:25.541000,GAS,10,0 days 00:01:16.882000,11.0,3.0,,Pierre Gasly,,0 days 00:00:19.546000,0 days 00:00:39.772000,0 days 00:00:17.564000,0 days 01:42:28.228000,0 days 01:43:08,0 days 01:43:25.564000,319.0,245.0,326.0,309.0,False,SOFT,12.0,False,Alpine,0 days 01:42:08.659000,,1,9.0,False,,False,True,20.9,58.0,927.5,False,49.2,291,1.5,True,False,False,False,False,False,+10.449,+0.550,10.449,0.55,6205.541,76.882,,,19.546,39.772,17.564,6148.228,6188.0,6205.564,6128.659
2023,São Paulo Grand Prix,20,Brazil,São Paulo,0 days 01:44:42.744000,GAS,10,0 days 00:01:17.203000,12.0,3.0,,Pierre Gasly,,0 days 00:00:19.639000,0 days 00:00:40.051000,0 days 00:00:17.513000,0 days 01:43:45.203000,0 days 01:44:25.254000,0 days 01:44:42.767000,320.0,243.0,325.0,306.0,False,SOFT,13.0,False,Alpine,0 days 01:43:25.541000,,1,9.0,False,,False,True,20.8,57.0,927.7,False,48.9,152,1.7,True,False,False,False,False,False,+11.774,+0.578,11.774,0.578,6282.744,77.203,,,19.639,40.051,17.513,6225.203,6265.254,6282.767,6205.541
2023,São Paulo Grand Prix,20,Brazil,São Paulo,0 days 01:45:59.820000,GAS,10,0 days 00:01:17.076000,13.0,3.0,,Pierre Gasly,,0 days 00:00:19.706000,0 days 00:00:39.865000,0 days 00:00:17.505000,0 days 01:45:02.473000,0 days 01:45:42.338000,0 days 01:45:59.843000,320.0,239.0,326.0,304.0,False,SOFT,14.0,False,Alpine,0 days 01:44:42.744000,,1,9.0,False,,False,True,20.8,55.0,927.7,False,49.1,181,1.3,True,False,False,False,False,False,+12.544,+0.742,12.544,0.742,6359.82,77.076,,,19.706,39.865,17.505,6302.473,6342.338,6359.843,6282.744
2023,São Paulo Grand Prix,20,Brazil,São Paulo,0 days 01:47:17.102000,GAS,10,0 days 00:01:17.282000,14.0,3.0,,Pierre Gasly,,0 days 00:00:19.625000,0 days 00:00:40.140000,0 days 00:00:17.517000,0 days 01:46:19.468000,0 days 01:46:59.608000,0 days 01:47:17.125000,322.0,241.0,327.0,312.0,False,SOFT,15.0,False,Alpine,0 days 01:45:59.820000,,1,9.0,False,,False,True,20.6,57.0,927.7,False,49.1,73,1.1,True,False,False,False,False,False,+13.761,+0.666,13.761,0.666,6437.102,77.282,,,19.625,40.14,17.517,6379.468,6419.608,6437.125,6359.82
2023,São Paulo Grand Prix,20,Brazil,São Paulo,0 days 01:48:34.298000,GAS,10,0 days 00:01:17.196000,15.0,3.0,,Pierre Gasly,,0 days 00:00:19.753000,0 days 00:00:39.855000,0 days 00:00:17.588000,0 days 01:47:36.878000,0 days 01:48:16.733000,0 days 01:48:34.321000,321.0,241.0,325.0,317.0,False,SOFT,16.0,False,Alpine,0 days 01:47:17.102000,,1,9.0,False,,False,True,20.6,56.0,927.7,False,48.9,189,0.4,True,False,False,False,False,False,+14.537,+0.481,14.537,0.481,6514.298,77.196,,,19.753,39.855,17.588,6456.878,6496.733,6514.321,6437.102
2023,São Paulo Grand Prix,20,Brazil,São Paulo,0 days 01:49:52.042000,GAS,10,0 days 00:01:17.744000,16.0,3.0,,Pierre Gasly,,0 days 00:00:19.848000,0 days 00:00:40.317000,0 days 00:00:17.579000,0 days 01:48:54.169000,0 days 01:49:34.486000,0 days 01:49:52.065000,319.0,238.0,324.0,300.0,False,SOFT,17.0,False,Alpine,0 days 01:48:34.298000,,1,9.0,False,,False,True,20.8,55.0,927.9,False,48.9,194,1.7,True,False,False,False,False,False,+15.985,+0.735,15.985,0.735,6592.042,77.744,,,19.848,40.317,17.579,6534.169,6574.486,6592.065,6514.298
2023,São Paulo Grand Prix,20,Brazil,São Paulo,0 days 01:51:09.486000,GAS,10,0 days 00:01:17.444000,17.0,3.0,,Pierre Gasly,,0 days 00:00:19.728000,0 days 00:00:40.005000,0 days 00:00:17.711000,0 days 01:50:11.793000,0 days 01:50:51.798000,0 days 01:51:09.509000,320.0,238.0,323.0,310.0,False,SOFT,18.0,False,Alpine,0 days 01:49:52.042000,,1,9.0,False,,False,True,20.9,55.0,927.7,False,49.0,176,2.2,True,False,False,False,False,False,+17.250,+0.911,17.25,0.911,6669.486,77.444,,,19.728,40.005,17.711,6611.793,6651.798,6669.509,6592.042
2023,São Paulo Grand Prix,20,Brazil,São Paulo,0 days 01:52:26.787000,GAS,10,0 days 00:01:17.301000,18.0,3.0,,Pierre Gasly,,0 days 00:00:19.675000,0 days 00:00:40.056000,0 days 00:00:17.570000,0 days 01:51:29.184000,0 days 01:52:09.240000,0 days 01:52:26.810000,320.0,239.0,326.0,312.0,False,SOFT,19.0,False,Alpine,0 days 01:51:09.486000,,1,8.0,False,,False,True,21.0,56.0,927.7,False,48.7,164,1.7,True,False,False,False,False,False,+18.221,+0.875,18.221,0.875,6746.787,77.301,,,19.675,40.056,17.57,6689.184,6729.24,6746.81,6669.486
2023,São Paulo Grand Prix,20,Brazil,São Paulo,0 days 01:53:43.992000,GAS,10,0 days 00:01:17.205000,19.0,3.0,,Pierre Gasly,,0 days 00:00:19.836000,0 days 00:00:39.743000,0 days 00:00:17.626000,0 days 01:52:46.646000,0 days 01:53:26.389000,0 days 01:53:44.015000,307.0,249.0,326.0,311.0,False,SOFT,20.0,False,Alpine,0 days 01:52:26.787000,,1,7.0,False,,False,True,20.9,57.0,927.7,False,48.8,197,1.5,True,False,False,False,False,False,+19.373,+0.874,19.373,0.874,6823.992,77.205,,,19.836,39.743,17.626,6766.646,6806.389,6824.015,6746.787
2023,São Paulo Grand Prix,20,Brazil,São Paulo,0 days 01:55:01.166000,GAS,10,0 days 00:01:17.174000,20.0,3.0,,Pierre Gasly,,0 days 00:00:19.684000,0 days 00:00:39.976000,0 days 00:00:17.514000,0 days 01:54:03.699000,0 days 01:54:43.675000,0 days 01:55:01.189000,320.0,246.0,326.0,308.0,False,SOFT,21.0,False,Alpine,0 days 01:53:43.992000,,1,7.0,False,,False,True,20.8,57.0,927.9,False,48.9,166,0.8,True,False,False,False,False,False,+20.557,+0.833,20.557,0.833,6901.166,77.174,,,19.684,39.976,17.514,6843.699,6883.675,6901.189,6823.992
2023,São Paulo Grand Prix,20,Brazil,São Paulo,0 days 01:56:18.577000,GAS,10,0 days 00:01:17.411000,21.0,3.0,,Pierre Gasly,,0 days 00:00:19.683000,0 days 00:00:40.016000,0 days 00:00:17.712000,0 days 01:55:20.872000,0 days 01:56:00.888000,0 days 01:56:18.600000,319.0,248.0,322.0,313.0,False,SOFT,22.0,False,Alpine,0 days 01:55:01.166000,,1,6.0,False,,False,True,20.5,59.0,927.7,False,48.3,198,1.3,True,False,False,False,False,False,+21.725,+0.864,21.725,0.864,6978.577,77.411,,,19.683,40.016,17.712,6920.872,6960.888,6978.6,6901.166
2023,São Paulo Grand Prix,20,Brazil,São Paulo,0 days 01:57:35.940000,GAS,10,0 days 00:01:17.363000,22.0,3.0,,Pierre Gasly,,0 days 00:00:19.725000,0 days 00:00:39.923000,0 days 00:00:17.715000,0 days 01:56:38.325000,0 days 01:57:18.248000,0 days 01:57:35.963000,317.0,241.0,310.0,310.0,False,SOFT,23.0,False,Alpine,0 days 01:56:18.577000,,1,5.0,False,,False,True,20.6,59.0,927.7,False,48.3,189,2.2,True,False,False,False,False,False,+22.809,+1.131,22.809,1.131,7055.94,77.363,,,19.725,39.923,17.715,6998.325,7038.248,7055.963,6978.577
2023,São Paulo Grand Prix,20,Brazil,São Paulo,0 days 01:58:53.323000,GAS,10,0 days 00:01:17.383000,23.0,3.0,,Pierre Gasly,,0 days 00:00:19.805000,0 days 00:00:39.883000,0 days 00:00:17.695000,0 days 01:57:55.768000,0 days 01:58:35.651000,0 days 01:58:53.346000,305.0,244.0,308.0,306.0,False,SOFT,24.0,False,Alpine,0 days 01:57:35.940000,,1,5.0,False,,False,True,20.4,59.0,927.7,False,48.3,175,1.5,True,False,False,False,False,False,+24.058,+1.827,24.058,1.827,7133.323,77.383,,,19.805,39.883,17.695,7075.768,7115.651,7133.346,7055.94
2023,São Paulo Grand Prix,20,Brazil,São Paulo,0 days 02:00:10.797000,GAS,10,0 days 00:01:17.474000,24.0,3.0,,Pierre Gasly,,0 days 00:00:19.794000,0 days 00:00:39.875000,0 days 00:00:17.805000,0 days 01:59:13.140000,0 days 01:59:53.015000,0 days 02:00:10.820000,304.0,243.0,306.0,299.0,False,SOFT,25.0,False,Alpine,0 days 01:58:53.323000,,1,5.0,False,,False,True,20.5,59.0,927.7,False,48.5,195,1.5,True,False,False,False,False,False,+25.194,+2.206,25.194,2.206,7210.797,77.474,,,19.794,39.875,17.805,7153.14,7193.015,7210.82,7133.323
2023,São Paulo Grand Prix,20,Brazil,São Paulo,0 days 02:01:28.804000,GAS,10,0 days 00:01:18.007000,25.0,3.0,,Pierre Gasly,,0 days 00:00:20.035000,0 days 00:00:40.084000,0 days 00:00:17.888000,0 days 02:00:30.855000,0 days 02:01:10.939000,0 days 02:01:28.827000,304.0,241.0,308.0,303.0,False,SOFT,26.0,False,Alpine,0 days 02:00:10.797000,,1,5.0,False,,False,True,20.5,58.0,927.7,False,48.1,153,0.8,True,False,False,False,False,False,+26.955,+2.801,26.955,2.801,7288.804,78.007,,,20.035,40.084,17.888,7230.855,7270.939,7288.827,7210.797
2023,São Paulo Grand Prix,20,Brazil,São Paulo,0 days 02:02:50.317000,GAS,10,0 days 00:01:21.513000,26.0,3.0,,Pierre Gasly,0 days 02:02:47.404000,0 days 00:00:19.956000,0 days 00:00:40.003000,0 days 00:00:21.554000,0 days 02:01:48.783000,0 days 02:02:28.786000,0 days 02:02:50.340000,304.0,240.0,,297.0,False,SOFT,27.0,False,Alpine,0 days 02:01:28.804000,,1,5.0,False,,False,False,20.5,58.0,927.7,False,47.8,200,0.6,True,False,False,False,False,False,+28.268,+3.344,28.268,3.344,7370.317,81.513,7367.404,,19.956,40.003,21.554,7308.783,7348.786,7370.34,7288.804
2023,São Paulo Grand Prix,20,Brazil,São Paulo,0 days 02:04:25.493000,GAS,10,0 days 00:01:35.176000,27.0,4.0,0 days 02:03:12.778000,Pierre Gasly,,0 days 00:00:39.141000,0 days 00:00:38.715000,0 days 00:00:17.320000,0 days 02:03:29.481000,0 days 02:04:08.196000,0 days 02:04:25.516000,300.0,243.0,310.0,297.0,False,MEDIUM,1.0,True,Alpine,0 days 02:02:50.317000,,1,12.0,False,,False,False,20.5,57.0,927.9,False,48.4,190,0.6,True,False,False,False,False,False,+50.717,+2.075,50.717,2.075,7465.493,95.176,,7392.778,39.141,38.715,17.32,7409.481,7448.196,7465.516,7370.317
2023,São Paulo Grand Prix,20,Brazil,São Paulo,0 days 02:05:40.708000,GAS,10,0 days 00:01:15.215000,28.0,4.0,,Pierre Gasly,,0 days 00:00:19.349000,0 days 00:00:38.714000,0 days 00:00:17.152000,0 days 02:04:44.865000,0 days 02:05:23.579000,0 days 02:05:40.731000,308.0,250.0,325.0,300.0,True,MEDIUM,2.0,True,Alpine,0 days 02:04:25.493000,,1,12.0,False,,False,True,20.7,56.0,927.7,False,48.8,172,1.2,True,False,False,False,False,False,+29.488,+0.754,29.488,0.754,7540.708,75.215,,,19.349,38.714,17.152,7484.865,7523.579,7540.731,7465.493
2023,São Paulo Grand Prix,20,Brazil,São Paulo,0 days 02:06:57.116000,GAS,10,0 days 00:01:16.408000,29.0,4.0,,Pierre Gasly,,0 days 00:00:19.283000,0 days 00:00:39.816000,0 days 00:00:17.309000,0 days 02:06:00.014000,0 days 02:06:39.830000,0 days 02:06:57.139000,320.0,242.0,326.0,315.0,False,MEDIUM,3.0,True,Alpine,0 days 02:05:40.708000,,1,11.0,False,,False,True,20.5,57.0,927.7,False,48.8,154,1.2,True,False,False,False,False,False,+30.214,+0.163,30.214,0.163,7617.116,76.408,,,19.283,39.816,17.309,7560.014,7599.83,7617.139,7540.708
2023,São Paulo Grand Prix,20,Brazil,São Paulo,0 days 02:08:12.718000,GAS,10,0 days 00:01:15.602000,30.0,4.0,,Pierre Gasly,,0 days 00:00:19.443000,0 days 00:00:38.962000,0 days 00:00:17.197000,0 days 02:07:16.582000,0 days 02:07:55.544000,0 days 02:08:12.741000,307.0,246.0,329.0,319.0,False,MEDIUM,4.0,True,Alpine,0 days 02:06:57.116000,,1,11.0,False,,False,True,20.4,57.0,927.7,False,48.4,174,1.1,True,False,False,False,False,False,+30.015,+0.486,30.015,0.486,7692.718,75.602,,,19.443,38.962,17.197,7636.582,7675.544,7692.741,7617.116
2023,São Paulo Grand Prix,20,Brazil,São Paulo,0 days 02:09:28.880000,GAS,10,0 days 00:01:16.162000,31.0,4.0,,Pierre Gasly,,0 days 00:00:19.343000,0 days 00:00:39.536000,0 days 00:00:17.283000,0 days 02:08:32.084000,0 days 02:09:11.620000,0 days 02:09:28.903000,321.0,242.0,329.0,316.0,False,MEDIUM,5.0,True,Alpine,0 days 02:08:12.718000,,1,10.0,False,,False,True,20.5,57.0,927.7,False,48.0,150,1.6,True,False,False,False,False,False,+30.415,+0.179,30.415,0.179,7768.88,76.162,,,19.343,39.536,17.283,7712.084,7751.62,7768.903,7692.718
2023,São Paulo Grand Prix,20,Brazil,São Paulo,0 days 02:10:44.510000,GAS,10,0 days 00:01:15.630000,32.0,4.0,,Pierre Gasly,,0 days 00:00:19.275000,0 days 00:00:38.956000,0 days 00:00:17.399000,0 days 02:09:48.178000,0 days 02:10:27.134000,0 days 02:10:44.533000,303.0,245.0,306.0,331.0,False,MEDIUM,6.0,True,Alpine,0 days 02:09:28.880000,,1,9.0,False,,False,True,20.5,58.0,927.7,False,47.8,185,1.7,True,False,False,False,False,False,+30.413,+6.434,30.413,6.434,7844.51,75.63,,,19.275,38.956,17.399,7788.178,7827.134,7844.533,7768.88
2023,São Paulo Grand Prix,20,Brazil,São Paulo,0 days 02:11:59.953000,GAS,10,0 days 00:01:15.443000,33.0,4.0,,Pierre Gasly,,0 days 00:00:19.412000,0 days 00:00:38.739000,0 days 00:00:17.292000,0 days 02:11:03.945000,0 days 02:11:42.684000,0 days 02:11:59.976000,301.0,249.0,309.0,291.0,False,MEDIUM,7.0,True,Alpine,0 days 02:10:44.510000,,1,9.0,False,,False,True,20.4,58.0,927.9,False,47.4,170,1.7,True,False,False,False,False,False,+30.708,+6.154,30.708,6.154,7919.953,75.443,,,19.412,38.739,17.292,7863.945,7902.684,7919.976,7844.51
2023,São Paulo Grand Prix,20,Brazil,São Paulo,0 days 02:13:15.632000,GAS,10,0 days 00:01:15.679000,34.0,4.0,,Pierre Gasly,,0 days 00:00:19.356000,0 days 00:00:38.895000,0 days 00:00:17.428000,0 days 02:12:19.332000,0 days 02:12:58.227000,0 days 02:13:15.655000,303.0,249.0,309.0,296.0,False,MEDIUM,8.0,True,Alpine,0 days 02:11:59.953000,,1,9.0,False,,False,True,20.3,60.0,927.7,False,47.3,311,1.6,True,False,False,False,False,False,+31.253,+5.954,31.253,5.954,7995.632,75.679,,,19.356,38.895,17.428,7939.332,7978.227,7995.655,7919.953
2023,São Paulo Grand Prix,20,Brazil,São Paulo,0 days 02:14:31.362000,GAS,10,0 days 00:01:15.730000,35.0,4.0,,Pierre Gasly,,0 days 00:00:19.395000,0 days 00:00:38.928000,0 days 00:00:17.407000,0 days 02:13:35.050000,0 days 02:14:13.978000,0 days 02:14:31.385000,304.0,249.0,310.0,295.0,False,MEDIUM,9.0,True,Alpine,0 days 02:13:15.632000,,1,9.0,False,,False,True,20.2,60.0,927.7,False,47.2,156,1.0,True,False,False,False,False,False,+31.824,+4.406,31.824,4.406,8071.362,75.73,,,19.395,38.928,17.407,8015.05,8053.978,8071.385,7995.632
2023,São Paulo Grand Prix,20,Brazil,São Paulo,0 days 02:15:47.072000,GAS,10,0 days 00:01:15.710000,36.0,4.0,,Pierre Gasly,,0 days 00:00:19.533000,0 days 00:00:38.912000,0 days 00:00:17.265000,0 days 02:14:50.918000,0 days 02:15:29.830000,0 days 02:15:47.095000,303.0,248.0,311.0,294.0,False,MEDIUM,10.0,True,Alpine,0 days 02:14:31.362000,,1,9.0,False,,False,True,20.2,59.0,927.7,False,47.2,177,1.3,True,False,False,False,False,False,+32.419,+3.300,32.419,3.3,8147.072,75.71,,,19.533,38.912,17.265,8090.918,8129.83,8147.095,8071.362
2023,São Paulo Grand Prix,20,Brazil,São Paulo,0 days 02:17:03.033000,GAS,10,0 days 00:01:15.961000,37.0,4.0,,Pierre Gasly,,0 days 00:00:19.473000,0 days 00:00:39.094000,0 days 00:00:17.394000,0 days 02:16:06.568000,0 days 02:16:45.662000,0 days 02:17:03.056000,304.0,247.0,311.0,291.0,False,MEDIUM,11.0,True,Alpine,0 days 02:15:47.072000,,1,9.0,False,,False,True,20.3,58.0,927.7,False,47.3,182,2.0,True,False,False,False,False,False,+33.702,+2.526,33.702,2.526,8223.033,75.961,,,19.473,39.094,17.394,8166.568,8205.662,8223.056,8147.072
2023,São Paulo Grand Prix,20,Brazil,São Paulo,0 days 02:18:19.035000,GAS,10,0 days 00:01:16.002000,38.0,4.0,,Pierre Gasly,,0 days 00:00:19.405000,0 days 00:00:39.158000,0 days 00:00:17.439000,0 days 02:17:22.461000,0 days 02:18:01.619000,0 days 02:18:19.058000,306.0,245.0,311.0,296.0,False,MEDIUM,12.0,True,Alpine,0 days 02:17:03.033000,,1,9.0,False,,False,True,20.5,59.0,927.7,False,47.5,191,1.7,True,False,False,False,False,False,+34.659,+1.799,34.659,1.799,8299.035,76.002,,,19.405,39.158,17.439,8242.461,8281.619,8299.058,8223.033
2023,São Paulo Grand Prix,20,Brazil,São Paulo,0 days 02:19:35.481000,GAS,10,0 days 00:01:16.446000,39.0,4.0,,Pierre Gasly,,0 days 00:00:19.453000,0 days 00:00:39.446000,0 days 00:00:17.547000,0 days 02:18:38.511000,0 days 02:19:17.957000,0 days 02:19:35.504000,306.0,245.0,310.0,292.0,False,MEDIUM,13.0,True,Alpine,0 days 02:18:19.035000,,1,9.0,False,,False,True,20.5,58.0,927.7,False,47.5,174,2.0,True,False,False,False,False,False,+36.208,+1.660,36.208,1.66,8375.481,76.446,,,19.453,39.446,17.547,8318.511,8357.957,8375.504,8299.035
2023,São Paulo Grand Prix,20,Brazil,São Paulo,0 days 02:20:51.866000,GAS,10,0 days 00:01:16.385000,40.0,4.0,,Pierre Gasly,,0 days 00:00:19.554000,0 days 00:00:39.413000,0 days 00:00:17.418000,0 days 02:19:55.058000,0 days 02:20:34.471000,0 days 02:20:51.889000,306.0,246.0,312.0,293.0,False,MEDIUM,14.0,True,Alpine,0 days 02:19:35.481000,,1,9.0,False,,False,True,20.4,58.0,927.7,False,47.2,161,1.0,True,False,False,False,False,False,+37.395,+1.163,37.395,1.163,8451.866,76.385,,,19.554,39.413,17.418,8395.058,8434.471,8451.889,8375.481
2023,São Paulo Grand Prix,20,Brazil,São Paulo,0 days 02:22:08.381000,GAS,10,0 days 00:01:16.515000,41.0,4.0,,Pierre Gasly,,0 days 00:00:19.516000,0 days 00:00:39.520000,0 days 00:00:17.479000,0 days 02:21:11.405000,0 days 02:21:50.925000,0 days 02:22:08.404000,319.0,244.0,313.0,295.0,False,MEDIUM,15.0,True,Alpine,0 days 02:20:51.866000,,1,9.0,False,,False,True,20.4,59.0,927.9,False,47.0,152,1.2,True,False,False,False,False,False,+38.574,+0.973,38.574,0.973,8528.381,76.515,,,19.516,39.52,17.479,8471.405,8510.925,8528.404,8451.866
2023,São Paulo Grand Prix,20,Brazil,São Paulo,0 days 02:23:24.644000,GAS,10,0 days 00:01:16.263000,42.0,4.0,,Pierre Gasly,,0 days 00:00:19.437000,0 days 00:00:39.469000,0 days 00:00:17.357000,0 days 02:22:27.841000,0 days 02:23:07.310000,0 days 02:23:24.667000,319.0,246.0,330.0,297.0,False,MEDIUM,16.0,True,Alpine,0 days 02:22:08.381000,,1,9.0,False,,False,True,20.5,58.0,927.7,False,47.1,161,2.0,True,False,False,False,False,False,+39.715,+0.351,39.715,0.351,8604.644,76.263,,,19.437,39.469,17.357,8547.841,8587.31,8604.667,8528.381
2023,São Paulo Grand Prix,20,Brazil,São Paulo,0 days 02:24:41.274000,GAS,10,0 days 00:01:16.630000,43.0,4.0,,Pierre Gasly,,0 days 00:00:19.515000,0 days 00:00:39.547000,0 days 00:00:17.568000,0 days 02:23:44.182000,0 days 02:24:23.729000,0 days 02:24:41.297000,311.0,250.0,301.0,313.0,False,MEDIUM,17.0,True,Alpine,0 days 02:23:24.644000,,1,8.0,False,,False,True,20.5,59.0,927.7,False,46.9,191,2.0,True,False,False,False,False,False,+41.145,+4.257,41.145,4.257,8681.274,76.63,,,19.515,39.547,17.568,8624.182,8663.729,8681.297,8604.644
2023,São Paulo Grand Prix,20,Brazil,São Paulo,0 days 02:25:58.304000,GAS,10,0 days 00:01:17.030000,44.0,4.0,,Pierre Gasly,,0 days 00:00:19.624000,0 days 00:00:39.785000,0 days 00:00:17.621000,0 days 02:25:00.921000,0 days 02:25:40.706000,0 days 02:25:58.327000,299.0,243.0,309.0,287.0,False,MEDIUM,18.0,True,Alpine,0 days 02:24:41.274000,,1,8.0,False,,False,True,20.4,59.0,927.7,False,47.1,182,2.5,True,False,False,False,False,False,+42.886,+4.088,42.886,4.088,8758.304,77.03,,,19.624,39.785,17.621,8700.921,8740.706,8758.327,8681.274
2023,São Paulo Grand Prix,20,Brazil,São Paulo,0 days 02:27:14.923000,GAS,10,0 days 00:01:16.619000,45.0,4.0,,Pierre Gasly,,0 days 00:00:19.661000,0 days 00:00:39.328000,0 days 00:00:17.630000,0 days 02:26:17.988000,0 days 02:26:57.316000,0 days 02:27:14.946000,300.0,244.0,310.0,290.0,False,MEDIUM,19.0,True,Alpine,0 days 02:25:58.304000,,1,8.0,False,,False,True,20.3,59.0,927.9,False,47.1,164,1.5,True,False,False,False,False,False,+44.029,+3.724,44.029,3.724,8834.923,76.619,,,19.661,39.328,17.63,8777.988,8817.316,8834.946,8758.304
2023,São Paulo Grand Prix,20,Brazil,São Paulo,0 days 02:28:35.487000,GAS,10,0 days 00:01:20.564000,46.0,4.0,,Pierre Gasly,0 days 02:28:32.589000,0 days 00:00:19.547000,0 days 00:00:39.519000,0 days 00:00:21.498000,0 days 02:27:34.493000,0 days 02:28:14.012000,0 days 02:28:35.510000,303.0,244.0,,290.0,False,MEDIUM,20.0,True,Alpine,0 days 02:27:14.923000,,1,9.0,False,,False,False,20.3,59.0,927.9,False,46.8,233,1.2,True,False,False,False,False,False,+45.308,+3.512,45.308,3.512,8915.487,80.564,8912.589,,19.547,39.519,21.498,8854.493,8894.012,8915.51,8834.923
2023,São Paulo Grand Prix,20,Brazil,São Paulo,0 days 02:30:07.689000,GAS,10,0 days 00:01:32.202000,47.0,5.0,0 days 02:28:56.229000,Pierre Gasly,,0 days 00:00:36.964000,0 days 00:00:38.184000,0 days 00:00:17.054000,0 days 02:29:12.474000,0 days 02:29:50.658000,0 days 02:30:07.712000,300.0,248.0,309.0,290.0,False,SOFT,1.0,True,Alpine,0 days 02:28:35.487000,,1,10.0,False,,False,False,20.3,58.0,927.9,False,46.7,148,1.1,True,False,False,False,False,False,+66.093,+2.304,66.093,2.304,9007.689,92.202,,8936.229,36.964,38.184,17.054,8952.474,8990.658,9007.712,8915.487
2023,São Paulo Grand Prix,20,Brazil,São Paulo,0 days 02:31:22.210000,GAS,10,0 days 00:01:14.521000,48.0,5.0,,Pierre Gasly,,0 days 00:00:19.161000,0 days 00:00:38.402000,0 days 00:00:16.958000,0 days 02:30:26.873000,0 days 02:31:05.275000,0 days 02:31:22.233000,306.0,244.0,322.0,299.0,True,SOFT,2.0,True,Alpine,0 days 02:30:07.689000,,1,9.0,False,,False,True,20.3,58.0,927.7,False,46.2,197,1.3,True,False,False,False,False,False,+65.221,+0.103,65.221,0.103,9082.21,74.521,,,19.161,38.402,16.958,9026.873,9065.275,9082.233,9007.689
2023,São Paulo Grand Prix,20,Brazil,São Paulo,0 days 02:32:36.913000,GAS,10,0 days 00:01:14.703000,49.0,5.0,,Pierre Gasly,,0 days 00:00:19.059000,0 days 00:00:38.666000,0 days 00:00:16.978000,0 days 02:31:41.292000,0 days 02:32:19.958000,0 days 02:32:36.936000,319.0,249.0,326.0,307.0,False,SOFT,3.0,True,Alpine,0 days 02:31:22.210000,,1,9.0,False,,False,True,20.2,58.0,927.7,False,45.4,150,1.5,True,False,False,False,False,False,+64.491,+0.269,64.491,0.269,9156.913,74.703,,,19.059,38.666,16.978,9101.292,9139.958,9156.936,9082.21
2023,São Paulo Grand Prix,20,Brazil,São Paulo,0 days 02:33:51.882000,GAS,10,0 days 00:01:14.969000,50.0,5.0,,Pierre Gasly,,0 days 00:00:19.158000,0 days 00:00:38.527000,0 days 00:00:17.284000,0 days 02:32:56.094000,0 days 02:33:34.621000,0 days 02:33:51.905000,309.0,247.0,303.0,316.0,False,SOFT,4.0,True,Alpine,0 days 02:32:36.913000,,1,8.0,False,,False,True,20.2,58.0,927.9,False,44.9,157,2.2,True,False,False,False,False,False,+63.821,+12.076,63.821,12.076,9231.882,74.969,,,19.158,38.527,17.284,9176.094,9214.621,9231.905,9156.913
2023,São Paulo Grand Prix,20,Brazil,São Paulo,0 days 02:35:06.996000,GAS,10,0 days 00:01:15.114000,51.0,5.0,,Pierre Gasly,,0 days 00:00:19.358000,0 days 00:00:38.593000,0 days 00:00:17.163000,0 days 02:34:11.263000,0 days 02:34:49.856000,0 days 02:35:07.019000,299.0,243.0,306.0,284.0,False,SOFT,5.0,True,Alpine,0 days 02:33:51.882000,,1,8.0,False,,False,True,20.3,59.0,927.7,False,43.2,181,1.5,True,False,False,False,False,False,+63.541,+22.947,63.541,22.947,9306.996,75.114,,,19.358,38.593,17.163,9251.263,9289.856,9307.019,9231.882
2023,São Paulo Grand Prix,20,Brazil,São Paulo,0 days 02:36:22.032000,GAS,10,0 days 00:01:15.036000,52.0,5.0,,Pierre Gasly,,0 days 00:00:19.275000,0 days 00:00:38.529000,0 days 00:00:17.232000,0 days 02:35:26.294000,0 days 02:36:04.823000,0 days 02:36:22.055000,305.0,248.0,310.0,286.0,False,SOFT,6.0,True,Alpine,0 days 02:35:06.996000,,1,8.0,False,,False,True,20.3,59.0,927.7,False,41.8,0,1.1,True,False,False,False,False,False,+63.207,+1.797,63.207,1.797,9382.032,75.036,,,19.275,38.529,17.232,9326.294,9364.823,9382.055,9306.996
2023,São Paulo Grand Prix,20,Brazil,São Paulo,0 days 02:37:37.063000,GAS,10,0 days 00:01:15.031000,53.0,5.0,,Pierre Gasly,,0 days 00:00:19.300000,0 days 00:00:38.678000,0 days 00:00:17.053000,0 days 02:36:41.355000,0 days 02:37:20.033000,0 days 02:37:37.086000,306.0,252.0,324.0,285.0,False,SOFT,7.0,True,Alpine,0 days 02:36:22.032000,,1,8.0,False,,False,True,20.3,58.0,927.7,False,41.1,183,0.6,True,False,False,False,False,False,+63.018,+1.895,63.018,1.895,9457.063,75.031,,,19.3,38.678,17.053,9401.355,9440.033,9457.086,9382.032
2023,São Paulo Grand Prix,20,Brazil,São Paulo,0 days 02:38:52.127000,GAS,10,0 days 00:01:15.064000,54.0,5.0,,Pierre Gasly,,0 days 00:00:19.218000,0 days 00:00:38.634000,0 days 00:00:17.212000,0 days 02:37:56.304000,0 days 02:38:34.938000,0 days 02:38:52.150000,306.0,246.0,310.0,299.0,False,SOFT,8.0,True,Alpine,0 days 02:37:37.063000,,1,8.0,False,,False,True,20.3,59.0,927.9,False,40.5,160,1.1,True,False,False,False,False,False,+62.597,+1.805,62.597,1.805,9532.127,75.064,,,19.218,38.634,17.212,9476.304,9514.938,9532.15,9457.063
2023,São Paulo Grand Prix,20,Brazil,São Paulo,0 days 02:40:07.433000,GAS,10,0 days 00:01:15.306000,55.0,5.0,,Pierre Gasly,,0 days 00:00:19.309000,0 days 00:00:38.736000,0 days 00:00:17.261000,0 days 02:39:11.459000,0 days 02:39:50.195000,0 days 02:40:07.456000,306.0,247.0,310.0,293.0,False,SOFT,9.0,True,Alpine,0 days 02:38:52.127000,,1,8.0,False,,False,True,20.2,59.0,927.7,False,40.5,304,1.1,True,False,False,False,False,False,+62.374,+1.908,62.374,1.908,9607.433,75.306,,,19.309,38.736,17.261,9551.459,9590.195,9607.456,9532.127
2023,São Paulo Grand Prix,20,Brazil,São Paulo,0 days 02:41:22.758000,GAS,10,0 days 00:01:15.325000,56.0,5.0,,Pierre Gasly,,0 days 00:00:19.318000,0 days 00:00:38.704000,0 days 00:00:17.303000,0 days 02:40:26.774000,0 days 02:41:05.478000,0 days 02:41:22.781000,306.0,246.0,311.0,290.0,False,SOFT,10.0,True,Alpine,0 days 02:40:07.433000,,1,7.0,False,,False,True,20.0,58.0,927.9,False,39.6,179,1.1,True,False,False,False,False,False,+54.205,+2.095,54.205,2.095,9682.758,75.325,,,19.318,38.704,17.303,9626.774,9665.478,9682.781,9607.433
2023,São Paulo Grand Prix,20,Brazil,São Paulo,0 days 02:42:37.817000,GAS,10,0 days 00:01:15.059000,57.0,5.0,,Pierre Gasly,,0 days 00:00:19.221000,0 days 00:00:38.588000,0 days 00:00:17.250000,0 days 02:41:42.002000,0 days 02:42:20.590000,0 days 02:42:37.840000,305.0,248.0,310.0,292.0,False,SOFT,11.0,True,Alpine,0 days 02:41:22.758000,,1,7.0,False,,False,True,20.0,59.0,927.7,False,39.6,197,1.0,True,False,False,False,False,False,+53.610,+2.534,53.61,2.534,9757.817,75.059,,,19.221,38.588,17.25,9702.002,9740.59,9757.84,9682.758
2023,São Paulo Grand Prix,20,Brazil,São Paulo,0 days 02:43:52.734000,GAS,10,0 days 00:01:14.917000,58.0,5.0,,Pierre Gasly,,0 days 00:00:19.176000,0 days 00:00:38.536000,0 days 00:00:17.205000,0 days 02:42:57.016000,0 days 02:43:35.552000,0 days 02:43:52.757000,305.0,248.0,309.0,294.0,False,SOFT,12.0,True,Alpine,0 days 02:42:37.817000,,1,7.0,False,,False,True,20.0,59.0,927.9,False,38.8,160,1.2,True,False,False,False,False,False,+52.718,+2.762,52.718,2.762,9832.734,74.917,,,19.176,38.536,17.205,9777.016,9815.552,9832.757,9757.817
2023,São Paulo Grand Prix,20,Brazil,São Paulo,0 days 02:45:07.528000,GAS,10,0 days 00:01:14.794000,59.0,5.0,,Pierre Gasly,,0 days 00:00:19.190000,0 days 00:00:38.409000,0 days 00:00:17.195000,0 days 02:44:11.947000,0 days 02:44:50.356000,0 days 02:45:07.551000,304.0,250.0,309.0,298.0,False,SOFT,13.0,True,Alpine,0 days 02:43:52.734000,,1,7.0,False,,False,True,19.9,58.0,927.7,False,38.7,200,0.8,True,False,False,False,False,False,+43.590,+3.156,43.59,3.156,9907.528,74.794,,,19.19,38.409,17.195,9851.947,9890.356,9907.551,9832.734
2023,São Paulo Grand Prix,20,Brazil,São Paulo,0 days 02:46:22.146000,GAS,10,0 days 00:01:14.618000,60.0,5.0,,Pierre Gasly,,0 days 00:00:19.212000,0 days 00:00:38.217000,0 days 00:00:17.189000,0 days 02:45:26.763000,0 days 02:46:04.980000,0 days 02:46:22.169000,305.0,250.0,309.0,293.0,False,SOFT,14.0,True,Alpine,0 days 02:45:07.528000,,1,7.0,False,,False,True,19.8,58.0,927.9,False,38.0,177,1.2,True,False,False,False,False,False,+44.075,+3.198,44.075,3.198,9982.146,74.618,,,19.212,38.217,17.189,9926.763,9964.98,9982.169,9907.528
2023,São Paulo Grand Prix,20,Brazil,São Paulo,0 days 02:47:36.873000,GAS,10,0 days 00:01:14.727000,61.0,5.0,,Pierre Gasly,,0 days 00:00:19.167000,0 days 00:00:38.373000,0 days 00:00:17.187000,0 days 02:46:41.336000,0 days 02:47:19.709000,0 days 02:47:36.896000,306.0,249.0,309.0,297.0,False,SOFT,15.0,True,Alpine,0 days 02:46:22.146000,,1,7.0,False,,False,True,19.8,58.0,927.7,False,37.9,176,2.4,True,False,False,False,False,False,+44.215,+3.258,44.215,3.258,10056.873,74.727,,,19.167,38.373,17.187,10001.336,10039.709,10056.896,9982.146
2023,São Paulo Grand Prix,20,Brazil,São Paulo,0 days 02:48:51.544000,GAS,10,0 days 00:01:14.671000,62.0,5.0,,Pierre Gasly,,0 days 00:00:19.122000,0 days 00:00:38.379000,0 days 00:00:17.170000,0 days 02:47:56.018000,0 days 02:48:34.397000,0 days 02:48:51.567000,306.0,251.0,309.0,294.0,False,SOFT,16.0,True,Alpine,0 days 02:47:36.873000,,1,7.0,False,,False,True,19.8,59.0,927.9,False,37.8,182,2.0,True,False,False,False,False,False,+44.393,+3.348,44.393,3.348,10131.544,74.671,,,19.122,38.379,17.17,10076.018,10114.397,10131.567,10056.873
2023,São Paulo Grand Prix,20,Brazil,São Paulo,0 days 02:50:06.198000,GAS,10,0 days 00:01:14.654000,63.0,5.0,,Pierre Gasly,,0 days 00:00:19.095000,0 days 00:00:38.412000,0 days 00:00:17.147000,0 days 02:49:10.662000,0 days 02:49:49.074000,0 days 02:50:06.221000,305.0,252.0,309.0,302.0,False,SOFT,17.0,True,Alpine,0 days 02:48:51.544000,,1,7.0,False,,False,True,19.9,60.0,927.7,False,37.6,177,1.3,True,False,False,False,False,False,+44.688,+3.324,44.688,3.324,10206.198,74.654,,,19.095,38.412,17.147,10150.662,10189.074,10206.221,10131.544
2023,São Paulo Grand Prix,20,Brazil,São Paulo,0 days 02:51:21.098000,GAS,10,0 days 00:01:14.900000,64.0,5.0,,Pierre Gasly,,0 days 00:00:19.147000,0 days 00:00:38.431000,0 days 00:00:17.322000,0 days 02:50:25.368000,0 days 02:51:03.799000,0 days 02:51:21.121000,306.0,248.0,309.0,301.0,False,SOFT,18.0,True,Alpine,0 days 02:50:06.198000,,1,7.0,False,,False,True,19.9,59.0,927.7,False,37.8,154,1.6,True,False,False,False,False,False,+45.487,+3.529,45.487,3.529,10281.098,74.9,,,19.147,38.431,17.322,10225.368,10263.799,10281.121,10206.198
2023,São Paulo Grand Prix,20,Brazil,São Paulo,0 days 02:52:36.036000,GAS,10,0 days 00:01:14.938000,65.0,5.0,,Pierre Gasly,,0 days 00:00:19.213000,0 days 00:00:38.492000,0 days 00:00:17.233000,0 days 02:51:40.334000,0 days 02:52:18.826000,0 days 02:52:36.059000,305.0,254.0,309.0,299.0,False,SOFT,19.0,True,Alpine,0 days 02:51:21.098000,,1,7.0,False,,False,True,19.8,60.0,927.9,False,37.8,153,1.2,True,False,False,False,False,False,+46.410,+3.637,46.41,3.637,10356.036,74.938,,,19.213,38.492,17.233,10300.334,10338.826,10356.059,10281.098
2023,São Paulo Grand Prix,20,Brazil,São Paulo,0 days 02:53:51.053000,GAS,10,0 days 00:01:15.017000,66.0,5.0,,Pierre Gasly,,0 days 00:00:19.179000,0 days 00:00:38.591000,0 days 00:00:17.247000,0 days 02:52:55.238000,0 days 02:53:33.829000,0 days 02:53:51.076000,307.0,248.0,310.0,302.0,False,SOFT,20.0,True,Alpine,0 days 02:52:36.036000,,1,7.0,False,,False,True,19.8,60.0,927.7,False,37.1,159,1.3,True,False,False,False,False,False,+47.512,+3.869,47.512,3.869,10431.053,75.017,,,19.179,38.591,17.247,10375.238,10413.829,10431.076,10356.036
2023,São Paulo Grand Prix,20,Brazil,São Paulo,0 days 02:55:06.020000,GAS,10,0 days 00:01:14.967000,67.0,5.0,,Pierre Gasly,,0 days 00:00:19.115000,0 days 00:00:38.591000,0 days 00:00:17.261000,0 days 02:54:10.191000,0 days 02:54:48.782000,0 days 02:55:06.043000,308.0,252.0,308.0,300.0,False,SOFT,21.0,True,Alpine,0 days 02:53:51.053000,,1,7.0,False,,False,True,19.7,59.0,927.7,False,37.1,175,1.7,True,False,False,False,False,False,+49.087,+4.026,49.087,4.026,10506.02,74.967,,,19.115,38.591,17.261,10450.191,10488.782,10506.043,10431.053
2023,São Paulo Grand Prix,20,Brazil,São Paulo,0 days 02:56:21.267000,GAS,10,0 days 00:01:15.247000,68.0,5.0,,Pierre Gasly,,0 days 00:00:19.173000,0 days 00:00:38.772000,0 days 00:00:17.302000,0 days 02:55:25.216000,0 days 02:56:03.988000,0 days 02:56:21.290000,307.0,251.0,308.0,303.0,False,SOFT,22.0,True,Alpine,0 days 02:55:06.020000,,1,7.0,False,,False,True,19.7,60.0,927.7,False,36.8,179,2.2,True,False,False,False,False,False,+50.918,+4.371,50.918,4.371,10581.267,75.247,,,19.173,38.772,17.302,10525.216,10563.988,10581.29,10506.02
2023,São Paulo Grand Prix,20,Brazil,São Paulo,0 days 02:57:36.362000,GAS,10,0 days 00:01:15.095000,69.0,5.0,,Pierre Gasly,,0 days 00:00:19.089000,0 days 00:00:38.684000,0 days 00:00:17.322000,0 days 02:56:40.379000,0 days 02:57:19.063000,0 days 02:57:36.385000,304.0,248.0,307.0,303.0,False,SOFT,23.0,True,Alpine,0 days 02:56:21.267000,,1,7.0,False,,False,True,19.6,61.0,927.9,False,36.6,152,1.5,True,False,False,False,False,False,+51.960,+4.483,51.96,4.483,10656.362,75.095,,,19.089,38.684,17.322,10600.379,10639.063,10656.385,10581.267
2023,São Paulo Grand Prix,20,Brazil,São Paulo,0 days 02:58:51.475000,GAS,10,0 days 00:01:15.113000,70.0,5.0,,Pierre Gasly,,0 days 00:00:19.153000,0 days 00:00:38.721000,0 days 00:00:17.239000,0 days 02:57:55.538000,0 days 02:58:34.259000,0 days 02:58:51.498000,305.0,250.0,308.0,302.0,False,SOFT,24.0,True,Alpine,0 days 02:57:36.362000,,1,7.0,False,,False,True,19.7,61.0,927.7,False,36.4,177,1.2,True,False,False,False,False,False,+53.500,+4.715,53.5,4.715,10731.475,75.113,,,19.153,38.721,17.239,10675.538,10714.259,10731.498,10656.362
2023,São Paulo Grand Prix,20,Brazil,São Paulo,0 days 03:00:08.058000,GAS,10,0 days 00:01:16.583000,71.0,5.0,,Pierre Gasly,,0 days 00:00:19.371000,0 days 00:00:39.145000,0 days 00:00:18.067000,0 days 02:59:10.869000,0 days 02:59:50.014000,0 days 03:00:08.081000,305.0,226.0,218.0,273.0,False,SOFT,25.0,True,Alpine,0 days 02:58:51.475000,,1,7.0,False,,False,True,19.8,60.0,927.7,False,36.5,159,0.8,True,False,False,False,False,False,+55.505,+5.288,55.505,5.288,10808.058,76.583,,,19.371,39.145,18.067,10750.869,10790.014,10808.081,10731.475
2023,São Paulo Grand Prix,20,Brazil,São Paulo,0 days 01:04:36.253000,PER,11,0 days 00:02:13.140000,1.0,1.0,,Sergio Perez,0 days 01:04:32.756000,,0 days 00:01:08.271000,0 days 00:00:39.585000,,0 days 01:03:56.741000,0 days 01:04:36.288000,305.0,177.0,,232.0,False,SOFT,4.0,False,Red Bull Racing,0 days 01:02:22.839000,,124,7.0,False,,False,False,20.6,58.0,928.0,False,47.8,181,1.1,True,True,True,False,False,False,+10.398,+1.080,10.398,1.08,3876.253,133.14,3872.756,,,68.271,39.585,,3836.741,3876.288,3742.839
2023,São Paulo Grand Prix,20,Brazil,São Paulo,0 days 01:07:00.302000,PER,11,0 days 00:02:24.049000,2.0,2.0,0 days 01:04:53.616000,Sergio Perez,0 days 01:06:56.364000,0 days 00:00:38.897000,0 days 00:01:02.929000,0 days 00:00:42.223000,0 days 01:05:15.178000,0 days 01:06:18.107000,0 days 01:07:00.330000,237.0,162.0,,,False,SOFT,5.0,False,Red Bull Racing,0 days 01:04:36.253000,,45,7.0,False,,False,False,20.6,60.0,928.0,False,47.1,178,1.2,False,False,True,True,False,False,+10.631,+1.746,10.631,1.746,4020.302,144.049,4016.364,3893.616,38.897,62.929,42.223,3915.178,3978.107,4020.33,3876.253
2023,São Paulo Grand Prix,20,Brazil,São Paulo,0 days 01:32:31.506000,PER,11,,3.0,3.0,0 days 01:30:28.176000,Sergio Perez,,,0 days 00:00:45.908000,0 days 00:00:55.520000,,0 days 01:31:36.175000,0 days 01:32:31.925000,282.0,201.0,47.0,232.0,False,SOFT,4.0,False,Red Bull Racing,0 days 01:30:00.364000,,1,7.0,False,,False,False,20.7,55.0,927.9,False,49.2,198,2.2,True,False,False,False,False,False,+19.031,+1.983,19.031,1.983,5551.506,,,5428.176,,45.908,55.52,,5496.175,5551.925,5400.364
2023,São Paulo Grand Prix,20,Brazil,São Paulo,0 days 01:34:27.183000,PER,11,0 days 00:01:55.677000,4.0,3.0,,Sergio Perez,,0 days 00:00:57.884000,0 days 00:00:40.303000,0 days 00:00:17.490000,0 days 01:33:29.418000,0 days 01:34:09.721000,0 days 01:34:27.211000,315.0,242.0,305.0,216.0,True,SOFT,5.0,False,Red Bull Racing,0 days 01:32:31.506000,,1,6.0,False,,False,True,20.8,56.0,927.9,False,48.7,98,1.7,True,False,False,False,False,False,+3.146,+0.613,3.146,0.613,5667.183,115.677,,,57.884,40.303,17.49,5609.418,5649.721,5667.211,5551.506
2023,São Paulo Grand Prix,20,Brazil,São Paulo,0 days 01:35:44.226000,PER,11,0 days 00:01:17.043000,5.0,3.0,,Sergio Perez,,0 days 00:00:19.961000,0 days 00:00:39.500000,0 days 00:00:17.582000,0 days 01:34:47.172000,0 days 01:35:26.672000,0 days 01:35:44.254000,306.0,245.0,303.0,284.0,True,SOFT,6.0,False,Red Bull Racing,0 days 01:34:27.183000,,1,6.0,False,,False,True,21.0,55.0,927.7,False,50.2,180,0.8,True,False,False,False,False,False,+4.357,+0.723,4.357,0.723,5744.226,77.043,,,19.961,39.5,17.582,5687.172,5726.672,5744.254,5667.183
2023,São Paulo Grand Prix,20,Brazil,São Paulo,0 days 01:37:00.520000,PER,11,0 days 00:01:16.294000,6.0,3.0,,Sergio Perez,,0 days 00:00:19.659000,0 days 00:00:39.278000,0 days 00:00:17.357000,0 days 01:36:03.913000,0 days 01:36:43.191000,0 days 01:37:00.548000,320.0,242.0,324.0,295.0,True,SOFT,7.0,False,Red Bull Racing,0 days 01:35:44.226000,,1,6.0,False,,False,True,20.9,55.0,927.9,False,49.8,186,1.1,True,False,False,False,False,False,+5.312,+0.623,5.312,0.623,5820.52,76.294,,,19.659,39.278,17.357,5763.913,5803.191,5820.548,5744.226
2023,São Paulo Grand Prix,20,Brazil,São Paulo,0 days 01:38:16.885000,PER,11,0 days 00:01:16.365000,7.0,3.0,,Sergio Perez,,0 days 00:00:19.712000,0 days 00:00:39.293000,0 days 00:00:17.360000,0 days 01:37:20.260000,0 days 01:37:59.553000,0 days 01:38:16.913000,318.0,245.0,327.0,287.0,False,SOFT,8.0,False,Red Bull Racing,0 days 01:37:00.520000,,1,6.0,False,,False,True,21.1,57.0,927.7,False,49.6,170,1.2,True,False,False,False,False,False,+6.107,+0.532,6.107,0.532,5896.885,76.365,,,19.712,39.293,17.36,5840.26,5879.553,5896.913,5820.52
2023,São Paulo Grand Prix,20,Brazil,São Paulo,0 days 01:39:33.647000,PER,11,0 days 00:01:16.762000,8.0,3.0,,Sergio Perez,,0 days 00:00:19.763000,0 days 00:00:39.582000,0 days 00:00:17.417000,0 days 01:38:36.676000,0 days 01:39:16.258000,0 days 01:39:33.675000,322.0,242.0,326.0,282.0,False,SOFT,9.0,False,Red Bull Racing,0 days 01:38:16.885000,,1,6.0,False,,False,True,21.1,58.0,927.9,False,49.7,204,1.8,True,False,False,False,False,False,+6.998,+0.627,6.998,0.627,5973.647,76.762,,,19.763,39.582,17.417,5916.676,5956.258,5973.675,5896.885
2023,São Paulo Grand Prix,20,Brazil,São Paulo,0 days 01:40:50.187000,PER,11,0 days 00:01:16.540000,9.0,3.0,,Sergio Perez,,0 days 00:00:19.733000,0 days 00:00:39.343000,0 days 00:00:17.464000,0 days 01:39:53.408000,0 days 01:40:32.751000,0 days 01:40:50.215000,323.0,243.0,329.0,287.0,False,SOFT,10.0,False,Red Bull Racing,0 days 01:39:33.647000,,1,6.0,False,,False,True,21.1,58.0,927.9,False,49.3,175,1.7,True,False,False,False,False,False,+7.372,+0.527,7.372,0.527,6050.187,76.54,,,19.733,39.343,17.464,5993.408,6032.751,6050.215,5973.647
2023,São Paulo Grand Prix,20,Brazil,São Paulo,0 days 01:42:06.728000,PER,11,0 days 00:01:16.541000,10.0,3.0,,Sergio Perez,,0 days 00:00:19.726000,0 days 00:00:39.478000,0 days 00:00:17.337000,0 days 01:41:09.941000,0 days 01:41:49.419000,0 days 01:42:06.756000,320.0,242.0,333.0,293.0,False,SOFT,11.0,False,Red Bull Racing,0 days 01:40:50.187000,,1,6.0,False,,False,True,21.0,58.0,927.7,False,49.4,263,1.0,True,False,False,False,False,False,+7.945,+0.364,7.945,0.364,6126.728,76.541,,,19.726,39.478,17.337,6069.941,6109.419,6126.756,6050.187
2023,São Paulo Grand Prix,20,Brazil,São Paulo,0 days 01:43:23.880000,PER,11,0 days 00:01:17.152000,11.0,3.0,,Sergio Perez,,0 days 00:00:19.832000,0 days 00:00:39.679000,0 days 00:00:17.641000,0 days 01:42:26.588000,0 days 01:43:06.267000,0 days 01:43:23.908000,315.0,243.0,325.0,289.0,False,SOFT,12.0,False,Red Bull Racing,0 days 01:42:06.728000,,1,6.0,False,,False,True,20.9,58.0,927.5,False,49.2,291,1.5,True,False,False,False,False,False,+8.579,+0.487,8.579,0.487,6203.88,77.152,,,19.832,39.679,17.641,6146.588,6186.267,6203.908,6126.728
2023,São Paulo Grand Prix,20,Brazil,São Paulo,0 days 01:44:40.758000,PER,11,0 days 00:01:16.878000,12.0,3.0,,Sergio Perez,,0 days 00:00:19.901000,0 days 00:00:39.469000,0 days 00:00:17.508000,0 days 01:43:43.809000,0 days 01:44:23.278000,0 days 01:44:40.786000,318.0,244.0,325.0,289.0,False,SOFT,13.0,False,Red Bull Racing,0 days 01:43:23.880000,,1,6.0,False,,False,True,20.8,57.0,927.7,False,48.9,152,1.7,True,False,False,False,False,False,+9.778,+0.567,9.778,0.567,6280.758,76.878,,,19.901,39.469,17.508,6223.809,6263.278,6280.786,6203.88
2023,São Paulo Grand Prix,20,Brazil,São Paulo,0 days 01:45:57.724000,PER,11,0 days 00:01:16.966000,13.0,3.0,,Sergio Perez,,0 days 00:00:19.811000,0 days 00:00:39.674000,0 days 00:00:17.481000,0 days 01:45:00.597000,0 days 01:45:40.271000,0 days 01:45:57.752000,322.0,233.0,327.0,307.0,False,SOFT,14.0,False,Red Bull Racing,0 days 01:44:40.758000,,1,6.0,False,,False,True,20.8,55.0,927.7,False,49.1,181,1.3,True,False,False,False,False,False,+10.448,+0.469,10.448,0.469,6357.724,76.966,,,19.811,39.674,17.481,6300.597,6340.271,6357.752,6280.758
2023,São Paulo Grand Prix,20,Brazil,São Paulo,0 days 01:47:14.964000,PER,11,0 days 00:01:17.240000,14.0,3.0,,Sergio Perez,,0 days 00:00:19.762000,0 days 00:00:39.712000,0 days 00:00:17.766000,0 days 01:46:17.514000,0 days 01:46:57.226000,0 days 01:47:14.992000,303.0,241.0,304.0,314.0,False,SOFT,15.0,False,Red Bull Racing,0 days 01:45:57.724000,,1,5.0,False,,False,True,20.6,56.0,927.7,False,48.8,159,1.8,True,False,False,False,False,False,+11.454,+1.550,11.454,1.55,6434.964,77.24,,,19.762,39.712,17.766,6377.514,6417.226,6434.992,6357.724
2023,São Paulo Grand Prix,20,Brazil,São Paulo,0 days 01:48:31.664000,PER,11,0 days 00:01:16.700000,15.0,3.0,,Sergio Perez,,0 days 00:00:19.727000,0 days 00:00:39.250000,0 days 00:00:17.723000,0 days 01:47:34.719000,0 days 01:48:13.969000,0 days 01:48:31.692000,304.0,242.0,303.0,291.0,False,SOFT,16.0,False,Red Bull Racing,0 days 01:47:14.964000,,1,5.0,False,,False,True,20.6,56.0,927.7,False,48.9,189,0.4,True,False,False,False,False,False,+11.697,+1.213,11.697,1.213,6511.664,76.7,,,19.727,39.25,17.723,6454.719,6493.969,6511.692,6434.964
2023,São Paulo Grand Prix,20,Brazil,São Paulo,0 days 01:49:48.211000,PER,11,0 days 00:01:16.547000,16.0,3.0,,Sergio Perez,,0 days 00:00:19.741000,0 days 00:00:39.234000,0 days 00:00:17.572000,0 days 01:48:51.433000,0 days 01:49:30.667000,0 days 01:49:48.239000,306.0,245.0,321.0,291.0,False,SOFT,17.0,False,Red Bull Racing,0 days 01:48:31.664000,,1,5.0,False,,False,True,20.8,55.0,927.9,False,48.9,194,1.7,True,False,False,False,False,False,+12.127,+0.711,12.127,0.711,6588.211,76.547,,,19.741,39.234,17.572,6531.433,6570.667,6588.239,6511.664
2023,São Paulo Grand Prix,20,Brazil,São Paulo,0 days 01:51:05.481000,PER,11,0 days 00:01:17.270000,17.0,3.0,,Sergio Perez,,0 days 00:00:19.847000,0 days 00:00:39.801000,0 days 00:00:17.622000,0 days 01:50:08.086000,0 days 01:50:47.887000,0 days 01:51:05.509000,319.0,241.0,321.0,280.0,False,SOFT,18.0,False,Red Bull Racing,0 days 01:49:48.211000,,1,5.0,False,,False,True,20.9,55.0,927.7,False,49.0,176,2.2,True,False,False,False,False,False,+13.223,+0.624,13.223,0.624,6665.481,77.27,,,19.847,39.801,17.622,6608.086,6647.887,6665.509,6588.211
2023,São Paulo Grand Prix,20,Brazil,São Paulo,0 days 01:52:22.742000,PER,11,0 days 00:01:17.261000,18.0,3.0,,Sergio Perez,,0 days 00:00:19.762000,0 days 00:00:39.710000,0 days 00:00:17.789000,0 days 01:51:25.271000,0 days 01:52:04.981000,0 days 01:52:22.770000,303.0,245.0,300.0,314.0,False,SOFT,19.0,False,Red Bull Racing,0 days 01:51:05.481000,,1,4.0,False,,False,True,21.0,56.0,927.7,False,48.7,164,1.7,True,False,False,False,False,False,+13.959,+8.199,13.959,8.199,6742.742,77.261,,,19.762,39.71,17.789,6685.271,6724.981,6742.77,6665.481
2023,São Paulo Grand Prix,20,Brazil,São Paulo,0 days 01:53:39.672000,PER,11,0 days 00:01:16.930000,19.0,3.0,,Sergio Perez,,0 days 00:00:19.816000,0 days 00:00:39.213000,0 days 00:00:17.901000,0 days 01:52:42.586000,0 days 01:53:21.799000,0 days 01:53:39.700000,300.0,245.0,300.0,300.0,False,SOFT,20.0,False,Red Bull Racing,0 days 01:52:22.742000,,1,4.0,False,,False,True,20.9,57.0,927.7,False,48.8,197,1.5,True,False,False,False,False,False,+14.859,+8.597,14.859,8.597,6819.672,76.93,,,19.816,39.213,17.901,6762.586,6801.799,6819.7,6742.742
2023,São Paulo Grand Prix,20,Brazil,São Paulo,0 days 01:55:00.657000,PER,11,0 days 00:01:20.985000,20.0,3.0,,Sergio Perez,0 days 01:54:57.753000,0 days 00:00:19.892000,0 days 00:00:39.258000,0 days 00:00:21.835000,0 days 01:53:59.592000,0 days 01:54:38.850000,0 days 01:55:00.685000,301.0,247.0,,295.0,False,SOFT,21.0,False,Red Bull Racing,0 days 01:53:39.672000,,1,6.0,False,,False,False,20.8,57.0,927.9,False,48.9,166,0.8,True,False,False,False,False,False,+15.933,+8.786,15.933,8.786,6900.657,80.985,6897.753,,19.892,39.258,21.835,6839.592,6878.85,6900.685,6819.672
2023,São Paulo Grand Prix,20,Brazil,São Paulo,0 days 01:56:33.542000,PER,11,0 days 00:01:32.885000,21.0,4.0,0 days 01:55:21.002000,Sergio Perez,,0 days 00:00:36.799000,0 days 00:00:38.842000,0 days 00:00:17.244000,0 days 01:55:37.484000,0 days 01:56:16.326000,0 days 01:56:33.570000,297.0,243.0,327.0,295.0,False,MEDIUM,1.0,True,Red Bull Racing,0 days 01:55:00.657000,,1,9.0,False,,False,False,20.5,59.0,927.7,False,48.3,198,1.3,True,False,False,False,False,False,+36.712,+0.463,36.712,0.463,6993.542,92.885,,6921.002,36.799,38.842,17.244,6937.484,6976.326,6993.57,6900.657
2023,São Paulo Grand Prix,20,Brazil,São Paulo,0 days 01:57:49.540000,PER,11,0 days 00:01:15.998000,22.0,4.0,,Sergio Perez,,0 days 00:00:19.439000,0 days 00:00:39.119000,0 days 00:00:17.440000,0 days 01:56:53.009000,0 days 01:57:32.128000,0 days 01:57:49.568000,320.0,240.0,325.0,294.0,True,MEDIUM,2.0,True,Red Bull Racing,0 days 01:56:33.542000,,1,9.0,False,,False,True,20.6,59.0,927.7,False,48.3,189,2.2,True,False,False,False,False,False,+36.501,+0.441,36.501,0.441,7069.54,75.998,,,19.439,39.119,17.44,7013.009,7052.128,7069.568,6993.542
2023,São Paulo Grand Prix,20,Brazil,São Paulo,0 days 01:59:05.928000,PER,11,0 days 00:01:16.388000,23.0,4.0,,Sergio Perez,,0 days 00:00:19.760000,0 days 00:00:38.981000,0 days 00:00:17.647000,0 days 01:58:09.328000,0 days 01:58:48.309000,0 days 01:59:05.956000,319.0,245.0,299.0,312.0,False,MEDIUM,3.0,True,Red Bull Racing,0 days 01:57:49.540000,,1,7.0,False,,False,True,20.4,59.0,927.7,False,48.3,175,1.5,True,False,False,False,False,False,+36.679,+8.379,36.679,8.379,7145.928,76.388,,,19.76,38.981,17.647,7089.328,7128.309,7145.956,7069.54
2023,São Paulo Grand Prix,20,Brazil,São Paulo,0 days 02:00:21.984000,PER,11,0 days 00:01:16.056000,24.0,4.0,,Sergio Perez,,0 days 00:00:19.561000,0 days 00:00:38.933000,0 days 00:00:17.562000,0 days 01:59:25.517000,0 days 02:00:04.450000,0 days 02:00:22.012000,301.0,248.0,300.0,290.0,False,MEDIUM,4.0,True,Red Bull Racing,0 days 01:59:05.928000,,1,7.0,False,,False,True,20.5,58.0,927.7,False,48.1,155,1.2,True,False,False,False,False,False,+36.327,+7.500,36.327,7.5,7221.984,76.056,,,19.561,38.933,17.562,7165.517,7204.45,7222.012,7145.928
2023,São Paulo Grand Prix,20,Brazil,São Paulo,0 days 02:01:37.953000,PER,11,0 days 00:01:15.969000,25.0,4.0,,Sergio Perez,,0 days 00:00:19.597000,0 days 00:00:38.914000,0 days 00:00:17.458000,0 days 02:00:41.609000,0 days 02:01:20.523000,0 days 02:01:37.981000,302.0,244.0,318.0,298.0,True,MEDIUM,5.0,True,Red Bull Racing,0 days 02:00:21.984000,,1,7.0,False,,False,True,20.5,58.0,927.7,False,48.1,153,0.8,True,False,False,False,False,False,+36.169,+6.551,36.169,6.551,7297.953,75.969,,,19.597,38.914,17.458,7241.609,7280.523,7297.981,7221.984
2023,São Paulo Grand Prix,20,Brazil,São Paulo,0 days 02:02:53.744000,PER,11,0 days 00:01:15.791000,26.0,4.0,,Sergio Perez,,0 days 00:00:19.319000,0 days 00:00:38.849000,0 days 00:00:17.623000,0 days 02:01:57.300000,0 days 02:02:36.149000,0 days 02:02:53.772000,302.0,240.0,301.0,319.0,True,MEDIUM,6.0,True,Red Bull Racing,0 days 02:01:37.953000,,1,7.0,False,,False,True,20.5,58.0,927.7,False,47.8,200,0.6,True,False,False,False,False,False,+35.400,+5.160,35.4,5.16,7373.744,75.791,,,19.319,38.849,17.623,7317.3,7356.149,7373.772,7297.953
2023,São Paulo Grand Prix,20,Brazil,São Paulo,0 days 02:04:09.207000,PER,11,0 days 00:01:15.463000,27.0,4.0,,Sergio Perez,,0 days 00:00:19.497000,0 days 00:00:38.440000,0 days 00:00:17.526000,0 days 02:03:13.269000,0 days 02:03:51.709000,0 days 02:04:09.235000,303.0,241.0,302.0,298.0,True,MEDIUM,7.0,True,Red Bull Racing,0 days 02:02:53.744000,,1,4.0,False,,False,True,20.5,57.0,927.9,False,48.4,190,0.6,True,False,False,False,False,False,+34.335,+3.335,34.335,3.335,7449.207,75.463,,,19.497,38.44,17.526,7393.269,7431.709,7449.235,7373.744
2023,São Paulo Grand Prix,20,Brazil,São Paulo,0 days 02:05:24.861000,PER,11,0 days 00:01:15.654000,28.0,4.0,,Sergio Perez,,0 days 00:00:19.510000,0 days 00:00:38.684000,0 days 00:00:17.460000,0 days 02:04:28.745000,0 days 02:05:07.429000,0 days 02:05:24.889000,303.0,246.0,301.0,296.0,False,MEDIUM,8.0,True,Red Bull Racing,0 days 02:04:09.207000,,1,4.0,False,,False,True,20.7,56.0,927.7,False,48.8,172,1.2,True,False,False,False,False,False,+13.453,+2.770,13.453,2.77,7524.861,75.654,,,19.51,38.684,17.46,7468.745,7507.429,7524.889,7449.207
2023,São Paulo Grand Prix,20,Brazil,São Paulo,0 days 02:06:40.703000,PER,11,0 days 00:01:15.842000,29.0,4.0,,Sergio Perez,,0 days 00:00:19.512000,0 days 00:00:38.837000,0 days 00:00:17.493000,0 days 02:05:44.401000,0 days 02:06:23.238000,0 days 02:06:40.731000,304.0,248.0,302.0,291.0,False,MEDIUM,9.0,True,Red Bull Racing,0 days 02:05:24.861000,,1,4.0,False,,False,True,20.5,57.0,927.7,False,48.8,154,1.2,True,False,False,False,False,False,+13.559,+2.493,13.559,2.493,7600.703,75.842,,,19.512,38.837,17.493,7544.401,7583.238,7600.731,7524.861
2023,São Paulo Grand Prix,20,Brazil,São Paulo,0 days 02:07:56.551000,PER,11,0 days 00:01:15.848000,30.0,4.0,,Sergio Perez,,0 days 00:00:19.585000,0 days 00:00:38.680000,0 days 00:00:17.583000,0 days 02:07:00.316000,0 days 02:07:38.996000,0 days 02:07:56.579000,304.0,239.0,301.0,289.0,False,MEDIUM,10.0,True,Red Bull Racing,0 days 02:06:40.703000,,1,4.0,False,,False,True,20.4,57.0,927.7,False,48.4,174,1.1,True,False,False,False,False,False,+13.650,+2.280,13.65,2.28,7676.551,75.848,,,19.585,38.68,17.583,7620.316,7658.996,7676.579,7600.703
2023,São Paulo Grand Prix,20,Brazil,São Paulo,0 days 02:09:12.329000,PER,11,0 days 00:01:15.778000,31.0,4.0,,Sergio Perez,,0 days 00:00:19.474000,0 days 00:00:38.718000,0 days 00:00:17.586000,0 days 02:08:16.053000,0 days 02:08:54.771000,0 days 02:09:12.357000,304.0,248.0,302.0,296.0,False,MEDIUM,11.0,True,Red Bull Racing,0 days 02:07:56.551000,,1,4.0,False,,False,True,20.4,57.0,927.7,False,48.0,219,1.3,True,False,False,False,False,False,+13.638,+1.968,13.638,1.968,7752.329,75.778,,,19.474,38.718,17.586,7696.053,7734.771,7752.357,7676.551
2023,São Paulo Grand Prix,20,Brazil,São Paulo,0 days 02:10:28.088000,PER,11,0 days 00:01:15.759000,32.0,4.0,,Sergio Perez,,0 days 00:00:19.408000,0 days 00:00:38.818000,0 days 00:00:17.533000,0 days 02:09:31.765000,0 days 02:10:10.583000,0 days 02:10:28.116000,304.0,246.0,303.0,297.0,False,MEDIUM,12.0,True,Red Bull Racing,0 days 02:09:12.329000,,1,4.0,False,,False,True,20.5,58.0,927.7,False,47.8,185,1.7,True,False,False,False,False,False,+13.960,+1.698,13.96,1.698,7828.088,75.759,,,19.408,38.818,17.533,7771.765,7810.583,7828.116,7752.329
2023,São Paulo Grand Prix,20,Brazil,São Paulo,0 days 02:11:43.729000,PER,11,0 days 00:01:15.641000,33.0,4.0,,Sergio Perez,,0 days 00:00:19.411000,0 days 00:00:38.732000,0 days 00:00:17.498000,0 days 02:10:47.527000,0 days 02:11:26.259000,0 days 02:11:43.757000,303.0,247.0,303.0,302.0,False,MEDIUM,13.0,True,Red Bull Racing,0 days 02:10:28.088000,,1,4.0,False,,False,True,20.4,58.0,927.9,False,47.4,170,1.7,True,False,False,False,False,False,+14.431,+1.509,14.431,1.509,7903.729,75.641,,,19.411,38.732,17.498,7847.527,7886.259,7903.757,7828.088
2023,São Paulo Grand Prix,20,Brazil,São Paulo,0 days 02:12:59.461000,PER,11,0 days 00:01:15.732000,34.0,4.0,,Sergio Perez,,0 days 00:00:19.364000,0 days 00:00:38.783000,0 days 00:00:17.585000,0 days 02:12:03.121000,0 days 02:12:41.904000,0 days 02:12:59.489000,303.0,252.0,305.0,306.0,False,MEDIUM,14.0,True,Red Bull Racing,0 days 02:11:43.729000,,1,4.0,False,,False,True,20.3,59.0,927.9,False,47.3,181,1.7,True,False,False,False,False,False,+15.038,+1.395,15.038,1.395,7979.461,75.732,,,19.364,38.783,17.585,7923.121,7961.904,7979.489,7903.729
2023,São Paulo Grand Prix,20,Brazil,São Paulo,0 days 02:14:14.988000,PER,11,0 days 00:01:15.527000,35.0,4.0,,Sergio Perez,,0 days 00:00:19.470000,0 days 00:00:38.598000,0 days 00:00:17.459000,0 days 02:13:18.959000,0 days 02:13:57.557000,0 days 02:14:15.016000,304.0,251.0,306.0,305.0,False,MEDIUM,15.0,True,Red Bull Racing,0 days 02:12:59.461000,,1,4.0,False,,False,True,20.2,60.0,927.7,False,47.2,156,1.0,True,False,False,False,False,False,+15.373,+1.190,15.373,1.19,8054.988,75.527,,,19.47,38.598,17.459,7998.959,8037.557,8055.016,7979.461
2023,São Paulo Grand Prix,20,Brazil,São Paulo,0 days 02:15:30.984000,PER,11,0 days 00:01:15.996000,36.0,4.0,,Sergio Perez,,0 days 00:00:19.517000,0 days 00:00:38.949000,0 days 00:00:17.530000,0 days 02:14:34.533000,0 days 02:15:13.482000,0 days 02:15:31.012000,304.0,248.0,306.0,307.0,False,MEDIUM,16.0,True,Red Bull Racing,0 days 02:14:14.988000,,1,4.0,False,,False,True,20.2,59.0,927.7,False,47.2,177,1.3,True,False,False,False,False,False,+16.284,+1.253,16.284,1.253,8130.984,75.996,,,19.517,38.949,17.53,8074.533,8113.482,8131.012,8054.988
2023,São Paulo Grand Prix,20,Brazil,São Paulo,0 days 02:16:47.046000,PER,11,0 days 00:01:16.062000,37.0,4.0,,Sergio Perez,,0 days 00:00:19.640000,0 days 00:00:38.893000,0 days 00:00:17.529000,0 days 02:15:50.652000,0 days 02:16:29.545000,0 days 02:16:47.074000,305.0,245.0,304.0,306.0,False,MEDIUM,17.0,True,Red Bull Racing,0 days 02:15:30.984000,,1,4.0,False,,False,True,20.3,58.0,927.7,False,47.3,182,2.0,True,False,False,False,False,False,+17.657,+1.606,17.657,1.606,8207.046,76.062,,,19.64,38.893,17.529,8150.652,8189.545,8207.074,8130.984
2023,São Paulo Grand Prix,20,Brazil,São Paulo,0 days 02:18:03.074000,PER,11,0 days 00:01:16.028000,38.0,4.0,,Sergio Perez,,0 days 00:00:19.569000,0 days 00:00:38.954000,0 days 00:00:17.505000,0 days 02:17:06.643000,0 days 02:17:45.597000,0 days 02:18:03.102000,304.0,241.0,302.0,305.0,False,MEDIUM,18.0,True,Red Bull Racing,0 days 02:16:47.046000,,1,4.0,False,,False,True,20.4,58.0,927.7,False,47.4,159,1.6,True,False,False,False,False,False,+18.724,+1.688,18.724,1.688,8283.074,76.028,,,19.569,38.954,17.505,8226.643,8265.597,8283.102,8207.046
2023,São Paulo Grand Prix,20,Brazil,São Paulo,0 days 02:19:19.200000,PER,11,0 days 00:01:16.126000,39.0,4.0,,Sergio Perez,,0 days 00:00:19.490000,0 days 00:00:39.038000,0 days 00:00:17.598000,0 days 02:18:22.592000,0 days 02:19:01.630000,0 days 02:19:19.228000,304.0,249.0,303.0,305.0,False,MEDIUM,19.0,True,Red Bull Racing,0 days 02:18:03.074000,,1,4.0,False,,False,True,20.5,58.0,927.7,False,47.5,174,2.0,True,False,False,False,False,False,+19.875,+1.801,19.875,1.801,8359.2,76.126,,,19.49,39.038,17.598,8302.592,8341.63,8359.228,8283.074
2023,São Paulo Grand Prix,20,Brazil,São Paulo,0 days 02:20:35.615000,PER,11,0 days 00:01:16.415000,40.0,4.0,,Sergio Perez,,0 days 00:00:19.450000,0 days 00:00:39.300000,0 days 00:00:17.665000,0 days 02:19:38.678000,0 days 02:20:17.978000,0 days 02:20:35.643000,303.0,244.0,301.0,300.0,False,MEDIUM,20.0,True,Red Bull Racing,0 days 02:19:19.200000,,1,4.0,False,,False,True,20.4,58.0,927.7,False,47.2,161,1.0,True,False,False,False,False,False,+21.055,+2.129,21.055,2.129,8435.615,76.415,,,19.45,39.3,17.665,8378.678,8417.978,8435.643,8359.2
2023,São Paulo Grand Prix,20,Brazil,São Paulo,0 days 02:21:51.693000,PER,11,0 days 00:01:16.078000,41.0,4.0,,Sergio Perez,,0 days 00:00:19.552000,0 days 00:00:38.912000,0 days 00:00:17.614000,0 days 02:20:55.195000,0 days 02:21:34.107000,0 days 02:21:51.721000,303.0,247.0,303.0,304.0,False,MEDIUM,21.0,True,Red Bull Racing,0 days 02:20:35.615000,,1,4.0,False,,False,True,20.4,59.0,927.9,False,47.0,152,1.2,True,False,False,False,False,False,+21.801,+2.087,21.801,2.087,8511.693,76.078,,,19.552,38.912,17.614,8455.195,8494.107,8511.721,8435.615
2023,São Paulo Grand Prix,20,Brazil,São Paulo,0 days 02:23:07.731000,PER,11,0 days 00:01:16.038000,42.0,4.0,,Sergio Perez,,0 days 00:00:19.551000,0 days 00:00:38.843000,0 days 00:00:17.644000,0 days 02:22:11.272000,0 days 02:22:50.115000,0 days 02:23:07.759000,304.0,251.0,303.0,306.0,False,MEDIUM,22.0,True,Red Bull Racing,0 days 02:21:51.693000,,1,4.0,False,,False,True,20.5,59.0,927.7,False,46.6,170,1.0,True,False,False,False,False,False,+22.624,+1.857,22.624,1.857,8587.731,76.038,,,19.551,38.843,17.644,8531.272,8570.115,8587.759,8511.693
2023,São Paulo Grand Prix,20,Brazil,São Paulo,0 days 02:24:24.039000,PER,11,0 days 00:01:16.308000,43.0,4.0,,Sergio Perez,,0 days 00:00:19.420000,0 days 00:00:39.176000,0 days 00:00:17.712000,0 days 02:23:27.179000,0 days 02:24:06.355000,0 days 02:24:24.067000,304.0,254.0,302.0,305.0,False,MEDIUM,23.0,True,Red Bull Racing,0 days 02:23:07.731000,,1,4.0,False,,False,True,20.5,59.0,927.7,False,46.9,191,2.0,True,False,False,False,False,False,+23.878,+2.390,23.878,2.39,8664.039,76.308,,,19.42,39.176,17.712,8607.179,8646.355,8664.067,8587.731
2023,São Paulo Grand Prix,20,Brazil,São Paulo,0 days 02:25:40.408000,PER,11,0 days 00:01:16.369000,44.0,4.0,,Sergio Perez,,0 days 00:00:19.518000,0 days 00:00:39.021000,0 days 00:00:17.830000,0 days 02:24:43.585000,0 days 02:25:22.606000,0 days 02:25:40.436000,303.0,251.0,300.0,304.0,False,MEDIUM,24.0,True,Red Bull Racing,0 days 02:24:24.039000,,1,4.0,False,,False,True,20.4,59.0,927.7,False,47.1,182,2.5,True,False,False,False,False,False,+24.910,+2.913,24.91,2.913,8740.408,76.369,,,19.518,39.021,17.83,8683.585,8722.606,8740.436,8664.039
2023,São Paulo Grand Prix,20,Brazil,São Paulo,0 days 02:26:56.728000,PER,11,0 days 00:01:16.320000,45.0,4.0,,Sergio Perez,,0 days 00:00:19.574000,0 days 00:00:38.997000,0 days 00:00:17.749000,0 days 02:26:00.010000,0 days 02:26:39.007000,0 days 02:26:56.756000,302.0,245.0,302.0,304.0,False,MEDIUM,25.0,True,Red Bull Racing,0 days 02:25:40.408000,,1,4.0,False,,False,True,20.3,59.0,927.9,False,47.1,160,1.6,True,False,False,False,False,False,+25.766,+3.327,25.766,3.327,8816.728,76.32,,,19.574,38.997,17.749,8760.01,8799.007,8816.756,8740.408
2023,São Paulo Grand Prix,20,Brazil,São Paulo,0 days 02:28:16.962000,PER,11,0 days 00:01:20.234000,46.0,4.0,,Sergio Perez,0 days 02:28:14.058000,0 days 00:00:19.545000,0 days 00:00:38.996000,0 days 00:00:21.693000,0 days 02:27:16.301000,0 days 02:27:55.297000,0 days 02:28:16.990000,303.0,251.0,,306.0,False,MEDIUM,26.0,True,Red Bull Racing,0 days 02:26:56.728000,,1,4.0,False,,False,False,20.3,59.0,927.9,False,47.1,164,1.5,True,False,False,False,False,False,+26.747,+3.895,26.747,3.895,8896.962,80.234,8894.058,,19.545,38.996,21.693,8836.301,8875.297,8896.99,8816.728
2023,São Paulo Grand Prix,20,Brazil,São Paulo,0 days 02:29:50.301000,PER,11,0 days 00:01:33.339000,47.0,5.0,0 days 02:28:37.636000,Sergio Perez,,0 days 00:00:37.159000,0 days 00:00:38.882000,0 days 00:00:17.298000,0 days 02:28:54.149000,0 days 02:29:33.031000,0 days 02:29:50.329000,293.0,236.0,320.0,306.0,False,SOFT,4.0,False,Red Bull Racing,0 days 02:28:16.962000,,1,7.0,False,,False,False,20.3,58.0,927.9,False,46.7,148,1.1,True,False,False,False,False,False,+48.794,+0.231,48.794,0.231,8990.301,93.339,,8917.636,37.159,38.882,17.298,8934.149,8973.031,8990.329,8896.962
2023,São Paulo Grand Prix,20,Brazil,São Paulo,0 days 02:31:05.525000,PER,11,0 days 00:01:15.224000,48.0,5.0,,Sergio Perez,,0 days 00:00:19.338000,0 days 00:00:38.511000,0 days 00:00:17.375000,0 days 02:30:09.667000,0 days 02:30:48.178000,0 days 02:31:05.553000,302.0,240.0,298.0,311.0,True,SOFT,5.0,False,Red Bull Racing,0 days 02:29:50.301000,,1,6.0,False,,False,True,20.3,59.0,927.7,False,46.7,213,1.6,True,False,False,False,False,False,+48.340,+3.282,48.34,3.282,9065.525,75.224,,,19.338,38.511,17.375,9009.667,9048.178,9065.553,8990.301
2023,São Paulo Grand Prix,20,Brazil,São Paulo,0 days 02:32:20.502000,PER,11,0 days 00:01:14.977000,49.0,5.0,,Sergio Perez,,0 days 00:00:19.261000,0 days 00:00:38.312000,0 days 00:00:17.404000,0 days 02:31:24.814000,0 days 02:32:03.126000,0 days 02:32:20.530000,303.0,242.0,300.0,294.0,True,SOFT,6.0,False,Red Bull Racing,0 days 02:31:05.525000,,1,6.0,False,,False,True,20.2,58.0,927.7,False,45.4,150,1.5,True,False,False,False,False,False,+47.876,+2.682,47.876,2.682,9140.502,74.977,,,19.261,38.312,17.404,9084.814,9123.126,9140.53,9065.525
2023,São Paulo Grand Prix,20,Brazil,São Paulo,0 days 02:33:35.842000,PER,11,0 days 00:01:15.340000,50.0,5.0,,Sergio Perez,,0 days 00:00:19.303000,0 days 00:00:38.566000,0 days 00:00:17.471000,0 days 02:32:39.833000,0 days 02:33:18.399000,0 days 02:33:35.870000,304.0,236.0,302.0,292.0,False,SOFT,7.0,False,Red Bull Racing,0 days 02:32:20.502000,,1,6.0,False,,False,True,20.2,58.0,927.9,False,44.9,157,2.2,True,False,False,False,False,False,+47.799,+2.249,47.799,2.249,9215.842,75.34,,,19.303,38.566,17.471,9159.833,9198.399,9215.87,9140.502
2023,São Paulo Grand Prix,20,Brazil,São Paulo,0 days 02:34:50.620000,PER,11,0 days 00:01:14.778000,51.0,5.0,,Sergio Perez,,0 days 00:00:19.205000,0 days 00:00:38.198000,0 days 00:00:17.375000,0 days 02:33:55.075000,0 days 02:34:33.273000,0 days 02:34:50.648000,304.0,240.0,302.0,295.0,True,SOFT,8.0,False,Red Bull Racing,0 days 02:33:35.842000,,1,6.0,False,,False,True,20.3,59.0,927.7,False,43.2,181,1.5,True,False,False,False,False,False,+47.126,+1.649,47.126,1.649,9290.62,74.778,,,19.205,38.198,17.375,9235.075,9273.273,9290.648,9215.842
2023,São Paulo Grand Prix,20,Brazil,São Paulo,0 days 02:36:05.369000,PER,11,0 days 00:01:14.749000,52.0,5.0,,Sergio Perez,,0 days 00:00:19.226000,0 days 00:00:38.195000,0 days 00:00:17.328000,0 days 02:35:09.874000,0 days 02:35:48.069000,0 days 02:36:05.397000,304.0,252.0,303.0,296.0,True,SOFT,9.0,False,Red Bull Racing,0 days 02:34:50.620000,,1,5.0,False,,False,True,20.3,58.0,927.7,False,42.5,164,0.6,True,False,False,False,False,False,+46.488,+1.059,46.488,1.059,9365.369,74.749,,,19.226,38.195,17.328,9309.874,9348.069,9365.397,9290.62
2023,São Paulo Grand Prix,20,Brazil,São Paulo,0 days 02:37:20.128000,PER,11,0 days 00:01:14.759000,53.0,5.0,,Sergio Perez,,0 days 00:00:19.242000,0 days 00:00:38.218000,0 days 00:00:17.299000,0 days 02:36:24.639000,0 days 02:37:02.857000,0 days 02:37:20.156000,305.0,247.0,304.0,306.0,False,SOFT,10.0,False,Red Bull Racing,0 days 02:36:05.369000,,1,4.0,False,,False,True,20.3,58.0,927.7,False,41.1,183,0.6,True,False,False,False,False,False,+45.936,+1.022,45.936,1.022,9440.128,74.759,,,19.242,38.218,17.299,9384.639,9422.857,9440.156,9365.369
2023,São Paulo Grand Prix,20,Brazil,São Paulo,0 days 02:38:34.605000,PER,11,0 days 00:01:14.477000,54.0,5.0,,Sergio Perez,,0 days 00:00:19.070000,0 days 00:00:38.119000,0 days 00:00:17.288000,0 days 02:37:39.226000,0 days 02:38:17.345000,0 days 02:38:34.633000,320.0,255.0,304.0,306.0,True,SOFT,11.0,False,Red Bull Racing,0 days 02:37:20.128000,,1,4.0,False,,False,True,20.3,59.0,927.9,False,40.5,160,1.1,True,False,False,False,False,False,+45.023,+1.060,45.023,1.06,9514.605,74.477,,,19.07,38.119,17.288,9459.226,9497.345,9514.633,9440.128
2023,São Paulo Grand Prix,20,Brazil,São Paulo,0 days 02:39:48.729000,PER,11,0 days 00:01:14.124000,55.0,5.0,,Sergio Perez,,0 days 00:00:18.979000,0 days 00:00:38.054000,0 days 00:00:17.091000,0 days 02:38:53.612000,0 days 02:39:31.666000,0 days 02:39:48.757000,320.0,256.0,323.0,308.0,True,SOFT,12.0,False,Red Bull Racing,0 days 02:38:34.605000,,1,4.0,False,,False,True,20.2,59.0,927.7,False,40.5,304,1.1,True,False,False,False,False,False,+43.758,+0.611,43.758,0.611,9588.729,74.124,,,18.979,38.054,17.091,9533.612,9571.666,9588.757,9514.605
2023,São Paulo Grand Prix,20,Brazil,São Paulo,0 days 02:41:03.685000,PER,11,0 days 00:01:14.956000,56.0,5.0,,Sergio Perez,,0 days 00:00:19.275000,0 days 00:00:38.572000,0 days 00:00:17.109000,0 days 02:40:08.032000,0 days 02:40:46.604000,0 days 02:41:03.713000,313.0,254.0,320.0,309.0,False,SOFT,13.0,False,Red Bull Racing,0 days 02:39:48.729000,,1,4.0,False,,False,True,20.0,59.0,927.7,False,40.0,174,0.6,True,False,False,False,False,False,+35.197,+0.793,35.197,0.793,9663.685,74.956,,,19.275,38.572,17.109,9608.032,9646.604,9663.713,9588.729
2023,São Paulo Grand Prix,20,Brazil,São Paulo,0 days 02:42:18.371000,PER,11,0 days 00:01:14.686000,57.0,5.0,,Sergio Perez,,0 days 00:00:19.150000,0 days 00:00:38.471000,0 days 00:00:17.065000,0 days 02:41:22.863000,0 days 02:42:01.334000,0 days 02:42:18.399000,322.0,252.0,322.0,317.0,False,SOFT,14.0,False,Red Bull Racing,0 days 02:41:03.685000,,1,4.0,False,,False,True,20.0,59.0,927.7,False,39.6,197,1.0,True,False,False,False,False,False,+34.250,+0.790,34.25,0.79,9738.371,74.686,,,19.15,38.471,17.065,9682.863,9721.334,9738.399,9663.685
2023,São Paulo Grand Prix,20,Brazil,São Paulo,0 days 02:43:32.731000,PER,11,0 days 00:01:14.360000,58.0,5.0,,Sergio Perez,,0 days 00:00:19.020000,0 days 00:00:38.352000,0 days 00:00:16.988000,0 days 02:42:37.419000,0 days 02:43:15.771000,0 days 02:43:32.759000,322.0,257.0,324.0,311.0,False,SOFT,15.0,False,Red Bull Racing,0 days 02:42:18.371000,,1,4.0,False,,False,True,20.0,59.0,927.9,False,38.8,160,1.2,True,False,False,False,False,False,+32.815,+0.639,32.815,0.639,9812.731,74.36,,,19.02,38.352,16.988,9757.419,9795.771,9812.759,9738.371
2023,São Paulo Grand Prix,20,Brazil,São Paulo,0 days 02:44:47.274000,PER,11,0 days 00:01:14.543000,59.0,5.0,,Sergio Perez,,0 days 00:00:19.365000,0 days 00:00:38.206000,0 days 00:00:16.972000,0 days 02:43:52.124000,0 days 02:44:30.330000,0 days 02:44:47.302000,322.0,255.0,326.0,311.0,False,SOFT,16.0,False,Red Bull Racing,0 days 02:43:32.731000,,1,4.0,False,,False,True,19.9,58.0,927.7,False,38.7,200,0.8,True,False,False,False,False,False,+23.442,+0.517,23.442,0.517,9887.274,74.543,,,19.365,38.206,16.972,9832.124,9870.33,9887.302,9812.731
2023,São Paulo Grand Prix,20,Brazil,São Paulo,0 days 02:46:02.400000,PER,11,0 days 00:01:15.126000,60.0,5.0,,Sergio Perez,,0 days 00:00:19.294000,0 days 00:00:38.824000,0 days 00:00:17.008000,0 days 02:45:06.596000,0 days 02:45:45.420000,0 days 02:46:02.428000,325.0,250.0,324.0,328.0,False,SOFT,17.0,False,Red Bull Racing,0 days 02:44:47.274000,,1,4.0,False,,False,True,19.9,59.0,927.7,False,38.4,63,1.5,True,False,False,False,False,False,+24.428,+0.629,24.428,0.629,9962.4,75.126,,,19.294,38.824,17.008,9906.596,9945.42,9962.428,9887.274
2023,São Paulo Grand Prix,20,Brazil,São Paulo,0 days 02:47:17.448000,PER,11,0 days 00:01:15.048000,61.0,5.0,,Sergio Perez,,0 days 00:00:19.226000,0 days 00:00:38.630000,0 days 00:00:17.192000,0 days 02:46:21.654000,0 days 02:47:00.284000,0 days 02:47:17.476000,319.0,251.0,323.0,301.0,False,SOFT,18.0,False,Red Bull Racing,0 days 02:46:02.400000,,1,4.0,False,,False,True,19.8,58.0,927.7,False,37.9,176,2.4,True,False,False,False,False,False,+24.884,+0.765,24.884,0.765,10037.448,75.048,,,19.226,38.63,17.192,9981.654,10020.284,10037.476,9962.4
2023,São Paulo Grand Prix,20,Brazil,São Paulo,0 days 02:48:32.219000,PER,11,0 days 00:01:14.771000,62.0,5.0,,Sergio Perez,,0 days 00:00:19.058000,0 days 00:00:38.518000,0 days 00:00:17.195000,0 days 02:47:36.534000,0 days 02:48:15.052000,0 days 02:48:32.247000,322.0,251.0,323.0,311.0,False,SOFT,19.0,False,Red Bull Racing,0 days 02:47:17.448000,,1,4.0,False,,False,True,19.8,59.0,927.9,False,37.8,182,2.0,True,False,False,False,False,False,+25.153,+0.856,25.153,0.856,10112.219,74.771,,,19.058,38.518,17.195,10056.534,10095.052,10112.247,10037.448
2023,São Paulo Grand Prix,20,Brazil,São Paulo,0 days 02:49:46.857000,PER,11,0 days 00:01:14.638000,63.0,5.0,,Sergio Perez,,0 days 00:00:19.066000,0 days 00:00:38.475000,0 days 00:00:17.097000,0 days 02:48:51.313000,0 days 02:49:29.788000,0 days 02:49:46.885000,322.0,253.0,324.0,313.0,False,SOFT,20.0,False,Red Bull Racing,0 days 02:48:32.219000,,1,4.0,False,,False,True,19.9,60.0,927.7,False,37.6,177,1.3,True,False,False,False,False,False,+25.435,+0.836,25.435,0.836,10186.857,74.638,,,19.066,38.475,17.097,10131.313,10169.788,10186.885,10112.219
2023,São Paulo Grand Prix,20,Brazil,São Paulo,0 days 02:51:01.206000,PER,11,0 days 00:01:14.349000,64.0,5.0,,Sergio Perez,,0 days 00:00:18.963000,0 days 00:00:38.315000,0 days 00:00:17.071000,0 days 02:50:05.848000,0 days 02:50:44.163000,0 days 02:51:01.234000,323.0,256.0,325.0,311.0,False,SOFT,21.0,False,Red Bull Racing,0 days 02:49:46.857000,,1,4.0,False,,False,True,19.8,59.0,927.7,False,37.6,132,0.6,True,False,False,False,False,False,+25.691,+0.676,25.691,0.676,10261.206,74.349,,,18.963,38.315,17.071,10205.848,10244.163,10261.234,10186.857
2023,São Paulo Grand Prix,20,Brazil,São Paulo,0 days 02:52:15.963000,PER,11,0 days 00:01:14.757000,65.0,5.0,,Sergio Perez,,0 days 00:00:19.173000,0 days 00:00:38.509000,0 days 00:00:17.075000,0 days 02:51:20.407000,0 days 02:51:58.916000,0 days 02:52:15.991000,324.0,255.0,324.0,305.0,False,SOFT,22.0,False,Red Bull Racing,0 days 02:51:01.206000,,1,4.0,False,,False,True,19.8,60.0,927.9,False,37.8,153,1.2,True,False,False,False,False,False,+26.431,+0.825,26.431,0.825,10335.963,74.757,,,19.173,38.509,17.075,10280.407,10318.916,10335.991,10261.206
2023,São Paulo Grand Prix,20,Brazil,São Paulo,0 days 02:53:30.403000,PER,11,0 days 00:01:14.440000,66.0,5.0,,Sergio Perez,,0 days 00:00:19.204000,0 days 00:00:38.209000,0 days 00:00:17.027000,0 days 02:52:35.195000,0 days 02:53:13.404000,0 days 02:53:30.431000,323.0,258.0,326.0,308.0,False,SOFT,23.0,False,Red Bull Racing,0 days 02:52:15.963000,,1,4.0,False,,False,True,19.8,60.0,927.7,False,37.1,159,1.3,True,False,False,False,False,False,+26.966,+0.709,26.966,0.709,10410.403,74.44,,,19.204,38.209,17.027,10355.195,10393.404,10410.431,10335.963
2023,São Paulo Grand Prix,20,Brazil,São Paulo,0 days 02:54:45.115000,PER,11,0 days 00:01:14.712000,67.0,5.0,,Sergio Perez,,0 days 00:00:19.136000,0 days 00:00:38.498000,0 days 00:00:17.078000,0 days 02:53:49.567000,0 days 02:54:28.065000,0 days 02:54:45.143000,324.0,255.0,324.0,326.0,False,SOFT,24.0,False,Red Bull Racing,0 days 02:53:30.403000,,1,4.0,False,,False,True,19.7,59.0,927.7,False,37.1,175,1.7,True,False,False,False,False,False,+28.290,+0.902,28.29,0.902,10485.115,74.712,,,19.136,38.498,17.078,10429.567,10468.065,10485.143,10410.403
2023,São Paulo Grand Prix,20,Brazil,São Paulo,0 days 02:55:59.814000,PER,11,0 days 00:01:14.699000,68.0,5.0,,Sergio Perez,,0 days 00:00:18.986000,0 days 00:00:38.527000,0 days 00:00:17.186000,0 days 02:55:04.129000,0 days 02:55:42.656000,0 days 02:55:59.842000,324.0,258.0,326.0,318.0,False,SOFT,25.0,False,Red Bull Racing,0 days 02:54:45.115000,,1,4.0,False,,False,True,19.7,60.0,927.9,False,37.0,212,1.6,True,False,False,False,False,False,+29.582,+0.674,29.582,0.674,10559.814,74.699,,,18.986,38.527,17.186,10504.129,10542.656,10559.842,10485.115
2023,São Paulo Grand Prix,20,Brazil,São Paulo,0 days 02:57:14.582000,PER,11,0 days 00:01:14.768000,69.0,5.0,,Sergio Perez,,0 days 00:00:19.311000,0 days 00:00:38.437000,0 days 00:00:17.020000,0 days 02:56:19.153000,0 days 02:56:57.590000,0 days 02:57:14.610000,323.0,251.0,327.0,305.0,False,SOFT,26.0,False,Red Bull Racing,0 days 02:55:59.814000,,1,4.0,False,,False,True,19.6,61.0,927.9,False,36.6,152,1.5,True,False,False,False,False,False,+30.312,+0.443,30.312,0.443,10634.582,74.768,,,19.311,38.437,17.02,10579.153,10617.59,10634.61,10559.814
2023,São Paulo Grand Prix,20,Brazil,São Paulo,0 days 02:58:30.234000,PER,11,0 days 00:01:15.652000,70.0,5.0,,Sergio Perez,,0 days 00:00:19.294000,0 days 00:00:38.935000,0 days 00:00:17.423000,0 days 02:57:33.904000,0 days 02:58:12.839000,0 days 02:58:30.262000,305.0,252.0,302.0,314.0,False,SOFT,27.0,False,Red Bull Racing,0 days 02:57:14.582000,,1,3.0,False,,False,True,19.7,61.0,927.7,False,36.4,177,1.2,True,False,False,False,False,False,+32.204,+24.093,32.204,24.093,10710.234,75.652,,,19.294,38.935,17.423,10653.904,10692.839,10710.262,10634.582
2023,São Paulo Grand Prix,20,Brazil,São Paulo,0 days 02:59:46.173000,PER,11,0 days 00:01:15.939000,71.0,5.0,,Sergio Perez,,0 days 00:00:19.508000,0 days 00:00:39.289000,0 days 00:00:17.142000,0 days 02:58:49.770000,0 days 02:59:29.059000,0 days 02:59:46.201000,302.0,252.0,328.0,305.0,False,SOFT,28.0,False,Red Bull Racing,0 days 02:58:30.234000,,1,4.0,False,,False,True,19.8,60.0,927.7,False,36.5,159,0.8,True,False,False,False,False,False,+34.412,+0.237,34.412,0.237,10786.173,75.939,,,19.508,39.289,17.142,10729.77,10769.059,10786.201,10710.234
2023,São Paulo Grand Prix,20,Brazil,São Paulo,0 days 01:04:30.422000,ALO,14,0 days 00:02:07.301000,1.0,1.0,,Fernando Alonso,0 days 01:04:27.460000,,0 days 00:01:04.852000,0 days 00:00:37.849000,,0 days 01:03:52.648000,0 days 01:04:30.460000,309.0,188.0,,213.0,False,SOFT,4.0,False,Aston Martin,0 days 01:02:22.839000,,124,4.0,False,,False,False,20.6,58.0,928.0,False,47.8,181,1.1,True,True,True,False,False,False,+5.585,+2.292,5.585,2.292,3870.422,127.301,3867.46,,,64.852,37.849,,3832.648,3870.46,3742.839
2023,São Paulo Grand Prix,20,Brazil,São Paulo,0 days 01:06:51.565000,ALO,14,0 days 00:02:21.143000,2.0,2.0,0 days 01:04:45.959000,Fernando Alonso,0 days 01:06:48.380000,0 days 00:00:41.778000,0 days 00:01:02.103000,0 days 00:00:37.262000,0 days 01:05:12.238000,0 days 01:06:14.341000,0 days 01:06:51.603000,187.0,170.0,,,False,SOFT,5.0,False,Aston Martin,0 days 01:04:30.422000,,45,4.0,False,,False,False,20.6,60.0,928.0,False,47.1,178,1.2,False,False,True,True,False,False,+4.711,+1.260,4.711,1.26,4011.565,141.143,4008.38,3885.959,41.778,62.103,37.262,3912.238,3974.341,4011.603,3870.422
2023,São Paulo Grand Prix,20,Brazil,São Paulo,0 days 01:32:22.541000,ALO,14,,3.0,3.0,0 days 01:30:16.598000,Fernando Alonso,,,0 days 00:00:47.838000,0 days 00:00:52.626000,,0 days 01:31:30.019000,0 days 01:32:22.690000,265.0,196.0,60.0,213.0,False,SOFT,4.0,False,Aston Martin,0 days 01:30:00.364000,,1,4.0,False,,False,False,20.7,55.0,927.9,False,49.2,198,2.2,True,False,False,False,False,False,+10.096,+3.975,10.096,3.975,5542.541,,,5416.598,,47.838,52.626,,5490.019,5542.69,5400.364
2023,São Paulo Grand Prix,20,Brazil,São Paulo,0 days 01:34:25.595000,ALO,14,0 days 00:02:03.054000,4.0,3.0,,Fernando Alonso,,0 days 00:01:06.237000,0 days 00:00:39.286000,0 days 00:00:17.531000,0 days 01:33:28.816000,0 days 01:34:08.102000,0 days 01:34:25.633000,303.0,245.0,300.0,212.0,True,SOFT,5.0,False,Aston Martin,0 days 01:32:22.541000,,1,3.0,False,,False,True,20.8,56.0,927.9,False,48.7,98,1.7,True,False,False,False,False,False,+1.514,+0.827,1.514,0.827,5665.595,123.054,,,66.237,39.286,17.531,5608.816,5648.102,5665.633,5542.541
2023,São Paulo Grand Prix,20,Brazil,São Paulo,0 days 01:35:42.078000,ALO,14,0 days 00:01:16.483000,5.0,3.0,,Fernando Alonso,,0 days 00:00:19.926000,0 days 00:00:38.916000,0 days 00:00:17.641000,0 days 01:34:45.559000,0 days 01:35:24.475000,0 days 01:35:42.116000,298.0,242.0,300.0,298.0,True,SOFT,6.0,False,Aston Martin,0 days 01:34:25.595000,,1,3.0,False,,False,True,21.0,55.0,927.7,False,50.2,180,0.8,True,False,False,False,False,False,+2.243,+1.072,2.243,1.072,5742.078,76.483,,,19.926,38.916,17.641,5685.559,5724.475,5742.116,5665.595
2023,São Paulo Grand Prix,20,Brazil,São Paulo,0 days 01:36:58.003000,ALO,14,0 days 00:01:15.925000,6.0,3.0,,Fernando Alonso,,0 days 00:00:19.658000,0 days 00:00:38.793000,0 days 00:00:17.474000,0 days 01:36:01.774000,0 days 01:36:40.567000,0 days 01:36:58.041000,303.0,245.0,301.0,288.0,True,SOFT,7.0,False,Aston Martin,0 days 01:35:42.078000,,1,3.0,False,,False,True,20.9,55.0,927.9,False,49.8,186,1.1,True,False,False,False,False,False,+2.630,+1.928,2.63,1.928,5818.003,75.925,,,19.658,38.793,17.474,5761.774,5800.567,5818.041,5742.078
2023,São Paulo Grand Prix,20,Brazil,São Paulo,0 days 01:38:13.975000,ALO,14,0 days 00:01:15.972000,7.0,3.0,,Fernando Alonso,,0 days 00:00:19.673000,0 days 00:00:38.838000,0 days 00:00:17.461000,0 days 01:37:17.714000,0 days 01:37:56.552000,0 days 01:38:14.013000,298.0,248.0,303.0,299.0,False,SOFT,8.0,False,Aston Martin,0 days 01:36:58.003000,,1,3.0,False,,False,True,21.1,57.0,927.7,False,49.6,170,1.2,True,False,False,False,False,False,+3.023,+2.486,3.023,2.486,5893.975,75.972,,,19.673,38.838,17.461,5837.714,5876.552,5894.013,5818.003
2023,São Paulo Grand Prix,20,Brazil,São Paulo,0 days 01:39:30.086000,ALO,14,0 days 00:01:16.111000,8.0,3.0,,Fernando Alonso,,0 days 00:00:19.648000,0 days 00:00:38.965000,0 days 00:00:17.498000,0 days 01:38:33.661000,0 days 01:39:12.626000,0 days 01:39:30.124000,297.0,245.0,302.0,295.0,False,SOFT,9.0,False,Aston Martin,0 days 01:38:13.975000,,1,3.0,False,,False,True,21.1,58.0,927.9,False,49.7,204,1.8,True,False,False,False,False,False,+3.264,+2.059,3.264,2.059,5970.086,76.111,,,19.648,38.965,17.498,5913.661,5952.626,5970.124,5893.975
2023,São Paulo Grand Prix,20,Brazil,São Paulo,0 days 01:40:46.363000,ALO,14,0 days 00:01:16.277000,9.0,3.0,,Fernando Alonso,,0 days 00:00:19.604000,0 days 00:00:39.246000,0 days 00:00:17.427000,0 days 01:39:49.728000,0 days 01:40:28.974000,0 days 01:40:46.401000,297.0,235.0,304.0,294.0,False,SOFT,10.0,False,Aston Martin,0 days 01:39:30.086000,,1,3.0,False,,False,True,21.1,58.0,927.9,False,49.3,175,1.7,True,False,False,False,False,False,+3.376,+1.697,3.376,1.697,6046.363,76.277,,,19.604,39.246,17.427,5989.728,6028.974,6046.401,5970.086
2023,São Paulo Grand Prix,20,Brazil,São Paulo,0 days 01:42:02.613000,ALO,14,0 days 00:01:16.250000,10.0,3.0,,Fernando Alonso,,0 days 00:00:19.702000,0 days 00:00:39.080000,0 days 00:00:17.468000,0 days 01:41:06.103000,0 days 01:41:45.183000,0 days 01:42:02.651000,298.0,241.0,303.0,297.0,False,SOFT,11.0,False,Aston Martin,0 days 01:40:46.363000,,1,3.0,False,,False,True,21.0,58.0,927.7,False,49.4,263,1.0,True,False,False,False,False,False,+3.632,+1.271,3.632,1.271,6122.613,76.25,,,19.702,39.08,17.468,6066.103,6105.183,6122.651,6046.363
2023,São Paulo Grand Prix,20,Brazil,São Paulo,0 days 01:43:19.025000,ALO,14,0 days 00:01:16.412000,11.0,3.0,,Fernando Alonso,,0 days 00:00:19.707000,0 days 00:00:39.265000,0 days 00:00:17.440000,0 days 01:42:22.358000,0 days 01:43:01.623000,0 days 01:43:19.063000,299.0,239.0,305.0,296.0,False,SOFT,12.0,False,Aston Martin,0 days 01:42:02.613000,,1,3.0,False,,False,True,20.9,58.0,927.5,False,49.2,291,1.5,True,False,False,False,False,False,+3.773,+1.642,3.773,1.642,6199.025,76.412,,,19.707,39.265,17.44,6142.358,6181.623,6199.063,6122.613
2023,São Paulo Grand Prix,20,Brazil,São Paulo,0 days 01:44:35.509000,ALO,14,0 days 00:01:16.484000,12.0,3.0,,Fernando Alonso,,0 days 00:00:19.781000,0 days 00:00:39.237000,0 days 00:00:17.466000,0 days 01:43:38.844000,0 days 01:44:18.081000,0 days 01:44:35.547000,301.0,241.0,303.0,296.0,False,SOFT,13.0,False,Aston Martin,0 days 01:43:19.025000,,1,3.0,False,,False,True,20.8,57.0,927.7,False,48.9,152,1.7,True,False,False,False,False,False,+4.373,+2.107,4.373,2.107,6275.509,76.484,,,19.781,39.237,17.466,6218.844,6258.081,6275.547,6199.025
2023,São Paulo Grand Prix,20,Brazil,São Paulo,0 days 01:45:51.845000,ALO,14,0 days 00:01:16.336000,13.0,3.0,,Fernando Alonso,,0 days 00:00:19.686000,0 days 00:00:39.078000,0 days 00:00:17.572000,0 days 01:44:55.233000,0 days 01:45:34.311000,0 days 01:45:51.883000,298.0,248.0,303.0,297.0,False,SOFT,14.0,False,Aston Martin,0 days 01:44:35.509000,,1,3.0,False,,False,True,20.8,55.0,927.7,False,49.1,181,1.3,True,False,False,False,False,False,+4.402,+2.065,4.402,2.065,6351.845,76.336,,,19.686,39.078,17.572,6295.233,6334.311,6351.883,6275.509
2023,São Paulo Grand Prix,20,Brazil,São Paulo,0 days 01:47:08.186000,ALO,14,0 days 00:01:16.341000,14.0,3.0,,Fernando Alonso,,0 days 00:00:19.777000,0 days 00:00:39.089000,0 days 00:00:17.475000,0 days 01:46:11.660000,0 days 01:46:50.749000,0 days 01:47:08.224000,302.0,241.0,304.0,298.0,False,SOFT,15.0,False,Aston Martin,0 days 01:45:51.845000,,1,3.0,False,,False,True,20.6,56.0,927.7,False,48.8,159,1.8,True,False,False,False,False,False,+4.672,+2.149,4.672,2.149,6428.186,76.341,,,19.777,39.089,17.475,6371.66,6410.749,6428.224,6351.845
2023,São Paulo Grand Prix,20,Brazil,São Paulo,0 days 01:48:24.584000,ALO,14,0 days 00:01:16.398000,15.0,3.0,,Fernando Alonso,,0 days 00:00:19.632000,0 days 00:00:39.191000,0 days 00:00:17.575000,0 days 01:47:27.856000,0 days 01:48:07.047000,0 days 01:48:24.622000,301.0,246.0,302.0,304.0,False,SOFT,16.0,False,Aston Martin,0 days 01:47:08.186000,,1,3.0,False,,False,True,20.6,56.0,927.7,False,48.9,189,0.4,True,False,False,False,False,False,+4.659,+2.365,4.659,2.365,6504.584,76.398,,,19.632,39.191,17.575,6447.856,6487.047,6504.622,6428.186
2023,São Paulo Grand Prix,20,Brazil,São Paulo,0 days 01:49:40.972000,ALO,14,0 days 00:01:16.388000,16.0,3.0,,Fernando Alonso,,0 days 00:00:19.583000,0 days 00:00:39.138000,0 days 00:00:17.667000,0 days 01:48:44.205000,0 days 01:49:23.343000,0 days 01:49:41.010000,302.0,246.0,302.0,298.0,False,SOFT,17.0,False,Aston Martin,0 days 01:48:24.584000,,1,3.0,False,,False,True,20.8,55.0,927.9,False,48.9,194,1.7,True,False,False,False,False,False,+4.750,+2.259,4.75,2.259,6580.972,76.388,,,19.583,39.138,17.667,6524.205,6563.343,6581.01,6504.584
2023,São Paulo Grand Prix,20,Brazil,São Paulo,0 days 01:50:57.589000,ALO,14,0 days 00:01:16.617000,17.0,3.0,,Fernando Alonso,,0 days 00:00:19.700000,0 days 00:00:39.220000,0 days 00:00:17.697000,0 days 01:50:00.710000,0 days 01:50:39.930000,0 days 01:50:57.627000,300.0,247.0,301.0,298.0,False,SOFT,18.0,False,Aston Martin,0 days 01:49:40.972000,,1,3.0,False,,False,True,20.9,55.0,927.7,False,49.0,176,2.2,True,False,False,False,False,False,+5.188,+2.350,5.188,2.35,6657.589,76.617,,,19.7,39.22,17.697,6600.71,6639.93,6657.627,6580.972
2023,São Paulo Grand Prix,20,Brazil,São Paulo,0 days 01:52:14.543000,ALO,14,0 days 00:01:16.954000,18.0,3.0,,Fernando Alonso,,0 days 00:00:19.729000,0 days 00:00:39.523000,0 days 00:00:17.702000,0 days 01:51:17.356000,0 days 01:51:56.879000,0 days 01:52:14.581000,299.0,245.0,303.0,297.0,False,SOFT,19.0,False,Aston Martin,0 days 01:50:57.589000,,1,3.0,False,,False,True,21.0,56.0,927.7,False,48.7,170,2.2,True,False,False,False,False,False,+5.805,+3.042,5.805,3.042,6734.543,76.954,,,19.729,39.523,17.702,6677.356,6716.879,6734.581,6657.589
2023,São Paulo Grand Prix,20,Brazil,São Paulo,0 days 01:53:31.053000,ALO,14,0 days 00:01:16.510000,19.0,3.0,,Fernando Alonso,,0 days 00:00:19.717000,0 days 00:00:39.145000,0 days 00:00:17.648000,0 days 01:52:34.298000,0 days 01:53:13.443000,0 days 01:53:31.091000,299.0,245.0,300.0,299.0,False,SOFT,20.0,False,Aston Martin,0 days 01:52:14.543000,,1,3.0,False,,False,True,20.9,57.0,927.7,False,48.8,197,1.5,True,False,False,False,False,False,+6.262,+3.487,6.262,3.487,6811.053,76.51,,,19.717,39.145,17.648,6754.298,6793.443,6811.091,6734.543
2023,São Paulo Grand Prix,20,Brazil,São Paulo,0 days 01:54:47.906000,ALO,14,0 days 00:01:16.853000,20.0,3.0,,Fernando Alonso,,0 days 00:00:19.755000,0 days 00:00:39.476000,0 days 00:00:17.622000,0 days 01:53:50.846000,0 days 01:54:30.322000,0 days 01:54:47.944000,297.0,246.0,303.0,289.0,False,SOFT,21.0,False,Aston Martin,0 days 01:53:31.053000,,1,3.0,False,,False,True,20.8,57.0,927.9,False,48.9,166,0.8,True,False,False,False,False,False,+7.129,+4.027,7.129,4.027,6887.906,76.853,,,19.755,39.476,17.622,6830.846,6870.322,6887.944,6811.053
2023,São Paulo Grand Prix,20,Brazil,São Paulo,0 days 01:56:04.521000,ALO,14,0 days 00:01:16.615000,21.0,3.0,,Fernando Alonso,,0 days 00:00:19.592000,0 days 00:00:39.313000,0 days 00:00:17.710000,0 days 01:55:07.536000,0 days 01:55:46.849000,0 days 01:56:04.559000,299.0,249.0,302.0,297.0,False,SOFT,22.0,False,Aston Martin,0 days 01:54:47.906000,,1,3.0,False,,False,True,20.6,58.0,927.9,False,48.9,190,2.5,True,False,False,False,False,False,+7.488,+4.270,7.488,4.27,6964.521,76.615,,,19.592,39.313,17.71,6907.536,6946.849,6964.559,6887.906
2023,São Paulo Grand Prix,20,Brazil,São Paulo,0 days 01:57:21.021000,ALO,14,0 days 00:01:16.500000,22.0,3.0,,Fernando Alonso,,0 days 00:00:19.576000,0 days 00:00:39.237000,0 days 00:00:17.687000,0 days 01:56:24.135000,0 days 01:57:03.372000,0 days 01:57:21.059000,297.0,248.0,303.0,300.0,False,SOFT,23.0,False,Aston Martin,0 days 01:56:04.521000,,1,3.0,False,,False,True,20.6,59.0,927.7,False,48.3,189,2.2,True,False,False,False,False,False,+7.826,+4.574,7.826,4.574,7041.021,76.5,,,19.576,39.237,17.687,6984.135,7023.372,7041.059,6964.521
2023,São Paulo Grand Prix,20,Brazil,São Paulo,0 days 01:58:37.708000,ALO,14,0 days 00:01:16.687000,23.0,3.0,,Fernando Alonso,,0 days 00:00:19.652000,0 days 00:00:39.365000,0 days 00:00:17.670000,0 days 01:57:40.711000,0 days 01:58:20.076000,0 days 01:58:37.746000,297.0,249.0,302.0,298.0,False,SOFT,24.0,False,Aston Martin,0 days 01:57:21.021000,,1,3.0,False,,False,True,20.4,59.0,927.7,False,48.3,175,1.5,True,False,False,False,False,False,+8.481,+4.923,8.481,4.923,7117.708,76.687,,,19.652,39.365,17.67,7060.711,7100.076,7117.746,7041.021
2023,São Paulo Grand Prix,20,Brazil,São Paulo,0 days 01:59:54.989000,ALO,14,0 days 00:01:17.281000,24.0,3.0,,Fernando Alonso,,0 days 00:00:19.664000,0 days 00:00:39.899000,0 days 00:00:17.718000,0 days 01:58:57.410000,0 days 01:59:37.309000,0 days 01:59:55.027000,299.0,249.0,302.0,301.0,False,SOFT,25.0,False,Aston Martin,0 days 01:58:37.708000,,1,3.0,False,,False,True,20.5,59.0,927.7,False,48.5,195,1.5,True,False,False,False,False,False,+9.355,+5.680,9.355,5.68,7194.989,77.281,,,19.664,39.899,17.718,7137.41,7177.309,7195.027,7117.708
2023,São Paulo Grand Prix,20,Brazil,São Paulo,0 days 02:01:15.961000,ALO,14,0 days 00:01:20.972000,25.0,3.0,,Fernando Alonso,0 days 02:01:13.030000,0 days 00:00:19.569000,0 days 00:00:39.567000,0 days 00:00:21.836000,0 days 02:00:14.596000,0 days 02:00:54.163000,0 days 02:01:15.999000,298.0,251.0,,302.0,False,SOFT,26.0,False,Aston Martin,0 days 01:59:54.989000,,1,3.0,False,,False,False,20.5,58.0,927.7,False,48.1,155,1.2,True,False,False,False,False,False,+10.050,+6.310,10.05,6.31,7275.961,80.972,7273.03,,19.569,39.567,21.836,7214.596,7254.163,7275.999,7194.989
2023,São Paulo Grand Prix,20,Brazil,São Paulo,0 days 02:02:49.549000,ALO,14,0 days 00:01:33.588000,26.0,4.0,0 days 02:01:37.342000,Fernando Alonso,,0 days 00:00:37.563000,0 days 00:00:38.674000,0 days 00:00:17.351000,0 days 02:01:53.562000,0 days 02:02:32.236000,0 days 02:02:49.587000,297.0,249.0,301.0,302.0,False,MEDIUM,1.0,True,Aston Martin,0 days 02:01:15.961000,,1,4.0,False,,False,False,20.5,58.0,927.7,False,47.8,200,0.6,True,False,False,False,False,False,+31.208,+0.975,31.208,0.975,7369.549,93.588,,7297.342,37.563,38.674,17.351,7313.562,7352.236,7369.587,7275.961
2023,São Paulo Grand Prix,20,Brazil,São Paulo,0 days 02:04:05.880000,ALO,14,0 days 00:01:16.331000,27.0,4.0,,Fernando Alonso,,0 days 00:00:19.599000,0 days 00:00:39.362000,0 days 00:00:17.370000,0 days 02:03:09.186000,0 days 02:03:48.548000,0 days 02:04:05.918000,298.0,243.0,301.0,297.0,False,MEDIUM,2.0,True,Aston Martin,0 days 02:02:49.549000,,1,3.0,False,,False,True,20.5,57.0,927.9,False,48.4,190,0.6,True,False,False,False,False,False,+31.000,+27.573,31.0,27.573,7445.88,76.331,,,19.599,39.362,17.37,7389.186,7428.548,7445.918,7369.549
2023,São Paulo Grand Prix,20,Brazil,São Paulo,0 days 02:05:22.082000,ALO,14,0 days 00:01:16.202000,28.0,4.0,,Fernando Alonso,,0 days 00:00:19.661000,0 days 00:00:39.141000,0 days 00:00:17.400000,0 days 02:04:25.579000,0 days 02:05:04.720000,0 days 02:05:22.120000,300.0,239.0,301.0,293.0,False,MEDIUM,3.0,True,Aston Martin,0 days 02:04:05.880000,,1,3.0,False,,False,True,20.7,56.0,927.7,False,48.8,172,1.2,True,False,False,False,False,False,+10.651,+5.431,10.651,5.431,7522.082,76.202,,,19.661,39.141,17.4,7465.579,7504.72,7522.12,7445.88
2023,São Paulo Grand Prix,20,Brazil,São Paulo,0 days 02:06:38.210000,ALO,14,0 days 00:01:16.128000,29.0,4.0,,Fernando Alonso,,0 days 00:00:19.511000,0 days 00:00:39.226000,0 days 00:00:17.391000,0 days 02:05:41.631000,0 days 02:06:20.857000,0 days 02:06:38.248000,296.0,240.0,302.0,292.0,False,MEDIUM,4.0,True,Aston Martin,0 days 02:05:22.082000,,1,3.0,False,,False,True,20.5,57.0,927.7,False,48.8,154,1.2,True,False,False,False,False,False,+11.113,+5.884,11.113,5.884,7598.21,76.128,,,19.511,39.226,17.391,7541.631,7580.857,7598.248,7522.082
2023,São Paulo Grand Prix,20,Brazil,São Paulo,0 days 02:07:54.269000,ALO,14,0 days 00:01:16.059000,30.0,4.0,,Fernando Alonso,,0 days 00:00:19.540000,0 days 00:00:39.047000,0 days 00:00:17.472000,0 days 02:06:57.788000,0 days 02:07:36.835000,0 days 02:07:54.307000,298.0,239.0,301.0,292.0,False,MEDIUM,5.0,True,Aston Martin,0 days 02:06:38.210000,,1,3.0,False,,False,True,20.4,57.0,927.7,False,48.4,174,1.1,True,False,False,False,False,False,+11.370,+5.741,11.37,5.741,7674.269,76.059,,,19.54,39.047,17.472,7617.788,7656.835,7674.307,7598.21
2023,São Paulo Grand Prix,20,Brazil,São Paulo,0 days 02:09:10.364000,ALO,14,0 days 00:01:16.095000,31.0,4.0,,Fernando Alonso,,0 days 00:00:19.673000,0 days 00:00:38.954000,0 days 00:00:17.468000,0 days 02:08:13.980000,0 days 02:08:52.934000,0 days 02:09:10.402000,296.0,241.0,301.0,284.0,False,MEDIUM,6.0,True,Aston Martin,0 days 02:07:54.269000,,1,3.0,False,,False,True,20.4,57.0,927.7,False,48.0,219,1.3,True,False,False,False,False,False,+11.670,+6.280,11.67,6.28,7750.364,76.095,,,19.673,38.954,17.468,7693.98,7732.934,7750.402,7674.269
2023,São Paulo Grand Prix,20,Brazil,São Paulo,0 days 02:10:26.392000,ALO,14,0 days 00:01:16.028000,32.0,4.0,,Fernando Alonso,,0 days 00:00:19.583000,0 days 00:00:38.995000,0 days 00:00:17.450000,0 days 02:09:29.985000,0 days 02:10:08.980000,0 days 02:10:26.430000,296.0,241.0,302.0,284.0,False,MEDIUM,7.0,True,Aston Martin,0 days 02:09:10.364000,,1,3.0,False,,False,True,20.5,58.0,927.7,False,47.8,185,1.7,True,False,False,False,False,False,+12.262,+6.980,12.262,6.98,7826.392,76.028,,,19.583,38.995,17.45,7769.985,7808.98,7826.43,7750.364
2023,São Paulo Grand Prix,20,Brazil,São Paulo,0 days 02:11:42.228000,ALO,14,0 days 00:01:15.836000,33.0,4.0,,Fernando Alonso,,0 days 00:00:19.554000,0 days 00:00:38.912000,0 days 00:00:17.370000,0 days 02:10:45.984000,0 days 02:11:24.896000,0 days 02:11:42.266000,295.0,239.0,302.0,289.0,True,MEDIUM,8.0,True,Aston Martin,0 days 02:10:26.392000,,1,3.0,False,,False,True,20.4,58.0,927.9,False,47.4,170,1.7,True,False,False,False,False,False,+12.922,+7.539,12.922,7.539,7902.228,75.836,,,19.554,38.912,17.37,7845.984,7884.896,7902.266,7826.392
2023,São Paulo Grand Prix,20,Brazil,São Paulo,0 days 02:12:58.077000,ALO,14,0 days 00:01:15.849000,34.0,4.0,,Fernando Alonso,,0 days 00:00:19.455000,0 days 00:00:38.985000,0 days 00:00:17.409000,0 days 02:12:01.721000,0 days 02:12:40.706000,0 days 02:12:58.115000,295.0,240.0,302.0,293.0,False,MEDIUM,9.0,True,Aston Martin,0 days 02:11:42.228000,,1,3.0,False,,False,True,20.3,59.0,927.9,False,47.3,181,1.7,True,False,False,False,False,False,+13.643,+8.325,13.643,8.325,7978.077,75.849,,,19.455,38.985,17.409,7921.721,7960.706,7978.115,7902.228
2023,São Paulo Grand Prix,20,Brazil,São Paulo,0 days 02:14:13.798000,ALO,14,0 days 00:01:15.721000,35.0,4.0,,Fernando Alonso,,0 days 00:00:19.453000,0 days 00:00:38.922000,0 days 00:00:17.346000,0 days 02:13:17.568000,0 days 02:13:56.490000,0 days 02:14:13.836000,298.0,239.0,304.0,288.0,True,MEDIUM,10.0,True,Aston Martin,0 days 02:12:58.077000,,1,3.0,False,,False,True,20.2,60.0,927.7,False,47.2,156,1.0,True,False,False,False,False,False,+14.213,+9.071,14.213,9.071,8053.798,75.721,,,19.453,38.922,17.346,7997.568,8036.49,8053.836,7978.077
2023,São Paulo Grand Prix,20,Brazil,São Paulo,0 days 02:15:29.742000,ALO,14,0 days 00:01:15.944000,36.0,4.0,,Fernando Alonso,,0 days 00:00:19.523000,0 days 00:00:39.020000,0 days 00:00:17.401000,0 days 02:14:33.359000,0 days 02:15:12.379000,0 days 02:15:29.780000,294.0,236.0,304.0,287.0,False,MEDIUM,11.0,True,Aston Martin,0 days 02:14:13.798000,,1,3.0,False,,False,True,20.2,59.0,927.7,False,47.2,177,1.3,True,False,False,False,False,False,+15.002,+10.165,15.002,10.165,8129.742,75.944,,,19.523,39.02,17.401,8073.359,8112.379,8129.78,8053.798
2023,São Paulo Grand Prix,20,Brazil,São Paulo,0 days 02:16:45.443000,ALO,14,0 days 00:01:15.701000,37.0,4.0,,Fernando Alonso,,0 days 00:00:19.498000,0 days 00:00:38.913000,0 days 00:00:17.290000,0 days 02:15:49.278000,0 days 02:16:28.191000,0 days 02:16:45.481000,298.0,243.0,303.0,278.0,True,MEDIUM,12.0,True,Aston Martin,0 days 02:15:29.742000,,1,3.0,False,,False,True,20.3,58.0,927.7,False,47.3,182,2.0,True,False,False,False,False,False,+16.021,+10.939,16.021,10.939,8205.443,75.701,,,19.498,38.913,17.29,8149.278,8188.191,8205.481,8129.742
2023,São Paulo Grand Prix,20,Brazil,São Paulo,0 days 02:18:01.392000,ALO,14,0 days 00:01:15.949000,38.0,4.0,,Fernando Alonso,,0 days 00:00:19.427000,0 days 00:00:39.129000,0 days 00:00:17.393000,0 days 02:17:04.908000,0 days 02:17:44.037000,0 days 02:18:01.430000,301.0,244.0,301.0,288.0,False,MEDIUM,13.0,True,Aston Martin,0 days 02:16:45.443000,,1,3.0,False,,False,True,20.4,58.0,927.7,False,47.4,159,1.6,True,False,False,False,False,False,+17.036,+11.937,17.036,11.937,8281.392,75.949,,,19.427,39.129,17.393,8224.908,8264.037,8281.43,8205.443
2023,São Paulo Grand Prix,20,Brazil,São Paulo,0 days 02:19:17.407000,ALO,14,0 days 00:01:16.015000,39.0,4.0,,Fernando Alonso,,0 days 00:00:19.468000,0 days 00:00:39.144000,0 days 00:00:17.403000,0 days 02:18:20.898000,0 days 02:19:00.042000,0 days 02:19:17.445000,299.0,242.0,301.0,293.0,False,MEDIUM,14.0,True,Aston Martin,0 days 02:18:01.392000,,1,3.0,False,,False,True,20.5,58.0,927.7,False,47.5,174,2.0,True,False,False,False,False,False,+18.074,+12.882,18.074,12.882,8357.407,76.015,,,19.468,39.144,17.403,8300.898,8340.042,8357.445,8281.392
2023,São Paulo Grand Prix,20,Brazil,São Paulo,0 days 02:20:33.477000,ALO,14,0 days 00:01:16.070000,40.0,4.0,,Fernando Alonso,,0 days 00:00:19.448000,0 days 00:00:39.121000,0 days 00:00:17.501000,0 days 02:19:36.893000,0 days 02:20:16.014000,0 days 02:20:33.515000,297.0,242.0,302.0,286.0,False,MEDIUM,15.0,True,Aston Martin,0 days 02:19:17.407000,,1,3.0,False,,False,True,20.4,58.0,927.7,False,47.2,161,1.0,True,False,False,False,False,False,+18.926,+13.680,18.926,13.68,8433.477,76.07,,,19.448,39.121,17.501,8376.893,8416.014,8433.515,8357.407
2023,São Paulo Grand Prix,20,Brazil,São Paulo,0 days 02:21:49.613000,ALO,14,0 days 00:01:16.136000,41.0,4.0,,Fernando Alonso,,0 days 00:00:19.546000,0 days 00:00:39.169000,0 days 00:00:17.421000,0 days 02:20:53.061000,0 days 02:21:32.230000,0 days 02:21:49.651000,299.0,241.0,302.0,287.0,False,MEDIUM,16.0,True,Aston Martin,0 days 02:20:33.477000,,1,3.0,False,,False,True,20.4,59.0,927.9,False,47.0,152,1.2,True,False,False,False,False,False,+19.714,+14.392,19.714,14.392,8509.613,76.136,,,19.546,39.169,17.421,8453.061,8492.23,8509.651,8433.477
2023,São Paulo Grand Prix,20,Brazil,São Paulo,0 days 02:23:05.875000,ALO,14,0 days 00:01:16.262000,42.0,4.0,,Fernando Alonso,,0 days 00:00:19.593000,0 days 00:00:39.163000,0 days 00:00:17.506000,0 days 02:22:09.244000,0 days 02:22:48.407000,0 days 02:23:05.913000,297.0,245.0,302.0,294.0,False,MEDIUM,17.0,True,Aston Martin,0 days 02:21:49.613000,,1,3.0,False,,False,True,20.5,59.0,927.7,False,46.6,170,1.0,True,False,False,False,False,False,+20.767,+15.152,20.767,15.152,8585.875,76.262,,,19.593,39.163,17.506,8529.244,8568.407,8585.913,8509.613
2023,São Paulo Grand Prix,20,Brazil,São Paulo,0 days 02:24:21.648000,ALO,14,0 days 00:01:15.773000,43.0,4.0,,Fernando Alonso,,0 days 00:00:19.369000,0 days 00:00:38.845000,0 days 00:00:17.559000,0 days 02:23:25.282000,0 days 02:24:04.127000,0 days 02:24:21.686000,299.0,253.0,301.0,298.0,False,MEDIUM,18.0,True,Aston Martin,0 days 02:23:05.875000,,1,3.0,False,,False,True,20.5,59.0,927.7,False,46.9,191,2.0,True,False,False,False,False,False,+21.488,+15.721,21.488,15.721,8661.648,75.773,,,19.369,38.845,17.559,8605.282,8644.127,8661.686,8585.875
2023,São Paulo Grand Prix,20,Brazil,São Paulo,0 days 02:25:37.484000,ALO,14,0 days 00:01:15.836000,44.0,4.0,,Fernando Alonso,,0 days 00:00:19.381000,0 days 00:00:38.801000,0 days 00:00:17.654000,0 days 02:24:41.067000,0 days 02:25:19.868000,0 days 02:25:37.522000,299.0,250.0,300.0,298.0,False,MEDIUM,19.0,True,Aston Martin,0 days 02:24:21.648000,,1,3.0,False,,False,True,20.4,59.0,927.7,False,47.1,182,2.5,True,False,False,False,False,False,+21.997,+15.939,21.997,15.939,8737.484,75.836,,,19.381,38.801,17.654,8681.067,8719.868,8737.522,8661.648
2023,São Paulo Grand Prix,20,Brazil,São Paulo,0 days 02:26:53.396000,ALO,14,0 days 00:01:15.912000,45.0,4.0,,Fernando Alonso,,0 days 00:00:19.405000,0 days 00:00:38.907000,0 days 00:00:17.600000,0 days 02:25:56.927000,0 days 02:26:35.834000,0 days 02:26:53.434000,299.0,250.0,302.0,298.0,False,MEDIUM,20.0,True,Aston Martin,0 days 02:25:37.484000,,1,3.0,False,,False,True,20.3,59.0,927.9,False,47.1,160,1.6,True,False,False,False,False,False,+22.439,+16.194,22.439,16.194,8813.396,75.912,,,19.405,38.907,17.6,8756.927,8795.834,8813.434,8737.484
2023,São Paulo Grand Prix,20,Brazil,São Paulo,0 days 02:28:09.136000,ALO,14,0 days 00:01:15.740000,46.0,4.0,,Fernando Alonso,,0 days 00:00:19.335000,0 days 00:00:38.780000,0 days 00:00:17.625000,0 days 02:27:12.769000,0 days 02:27:51.549000,0 days 02:28:09.174000,301.0,252.0,302.0,302.0,False,MEDIUM,21.0,True,Aston Martin,0 days 02:26:53.396000,,1,3.0,False,,False,True,20.3,59.0,927.9,False,47.1,164,1.5,True,False,False,False,False,False,+22.844,+16.352,22.844,16.352,8889.136,75.74,,,19.335,38.78,17.625,8832.769,8871.549,8889.174,8813.396
2023,São Paulo Grand Prix,20,Brazil,São Paulo,0 days 02:29:28.899000,ALO,14,0 days 00:01:19.763000,47.0,4.0,,Fernando Alonso,0 days 02:29:25.995000,0 days 00:00:19.392000,0 days 00:00:38.776000,0 days 00:00:21.595000,0 days 02:28:28.566000,0 days 02:29:07.342000,0 days 02:29:28.937000,298.0,250.0,,302.0,False,MEDIUM,22.0,True,Aston Martin,0 days 02:28:09.136000,,1,3.0,False,,False,False,20.3,58.0,927.9,False,46.7,148,1.1,True,False,False,False,False,False,+23.293,+16.576,23.293,16.576,8968.899,79.763,8965.995,,19.392,38.776,21.595,8908.566,8947.342,8968.937,8889.136
2023,São Paulo Grand Prix,20,Brazil,São Paulo,0 days 02:31:02.225000,ALO,14,0 days 00:01:33.326000,48.0,5.0,0 days 02:29:49.900000,Fernando Alonso,,0 days 00:00:36.865000,0 days 00:00:39.066000,0 days 00:00:17.395000,0 days 02:30:05.802000,0 days 02:30:44.868000,0 days 02:31:02.263000,298.0,240.0,300.0,302.0,False,SOFT,1.0,True,Aston Martin,0 days 02:29:28.899000,,1,5.0,False,,False,False,20.3,59.0,927.7,False,46.7,213,1.6,True,False,False,False,False,False,+45.058,+6.749,45.058,6.749,9062.225,93.326,,8989.9,36.865,39.066,17.395,9005.802,9044.868,9062.263,8968.899
2023,São Paulo Grand Prix,20,Brazil,São Paulo,0 days 02:32:17.807000,ALO,14,0 days 00:01:15.582000,49.0,5.0,,Fernando Alonso,,0 days 00:00:19.495000,0 days 00:00:38.669000,0 days 00:00:17.418000,0 days 02:31:21.758000,0 days 02:32:00.427000,0 days 02:32:17.845000,300.0,242.0,302.0,293.0,True,SOFT,2.0,True,Aston Martin,0 days 02:31:02.225000,,1,5.0,False,,False,True,20.2,58.0,927.7,False,45.4,150,1.5,True,False,False,False,False,False,+45.182,+6.172,45.182,6.172,9137.807,75.582,,,19.495,38.669,17.418,9081.758,9120.427,9137.845,9062.225
2023,São Paulo Grand Prix,20,Brazil,São Paulo,0 days 02:33:33.590000,ALO,14,0 days 00:01:15.783000,50.0,5.0,,Fernando Alonso,,0 days 00:00:19.437000,0 days 00:00:38.929000,0 days 00:00:17.417000,0 days 02:32:37.282000,0 days 02:33:16.211000,0 days 02:33:33.628000,300.0,239.0,302.0,292.0,False,SOFT,3.0,True,Aston Martin,0 days 02:32:17.807000,,1,5.0,False,,False,True,20.2,58.0,927.9,False,44.9,157,2.2,True,False,False,False,False,False,+45.550,+5.957,45.55,5.957,9213.59,75.783,,,19.437,38.929,17.417,9157.282,9196.211,9213.628,9137.807
2023,São Paulo Grand Prix,20,Brazil,São Paulo,0 days 02:34:48.980000,ALO,14,0 days 00:01:15.390000,51.0,5.0,,Fernando Alonso,,0 days 00:00:19.329000,0 days 00:00:38.699000,0 days 00:00:17.362000,0 days 02:33:52.957000,0 days 02:34:31.656000,0 days 02:34:49.018000,303.0,242.0,301.0,295.0,True,SOFT,4.0,True,Aston Martin,0 days 02:33:33.590000,,1,5.0,False,,False,True,20.3,59.0,927.7,False,43.2,181,1.5,True,False,False,False,False,False,+45.477,+4.867,45.477,4.867,9288.98,75.39,,,19.329,38.699,17.362,9232.957,9271.656,9289.018,9213.59
2023,São Paulo Grand Prix,20,Brazil,São Paulo,0 days 02:36:04.325000,ALO,14,0 days 00:01:15.345000,52.0,5.0,,Fernando Alonso,,0 days 00:00:19.330000,0 days 00:00:38.765000,0 days 00:00:17.250000,0 days 02:35:08.348000,0 days 02:35:47.113000,0 days 02:36:04.363000,302.0,254.0,301.0,296.0,True,SOFT,5.0,True,Aston Martin,0 days 02:34:48.980000,,1,4.0,False,,False,True,20.3,58.0,927.7,False,42.5,164,0.6,True,False,False,False,False,False,+45.429,+8.871,45.429,8.871,9364.325,75.345,,,19.33,38.765,17.25,9308.348,9347.113,9364.363,9288.98
2023,São Paulo Grand Prix,20,Brazil,São Paulo,0 days 02:37:19.121000,ALO,14,0 days 00:01:14.796000,53.0,5.0,,Fernando Alonso,,0 days 00:00:19.234000,0 days 00:00:38.285000,0 days 00:00:17.277000,0 days 02:36:23.597000,0 days 02:37:01.882000,0 days 02:37:19.159000,301.0,254.0,302.0,302.0,True,SOFT,6.0,True,Aston Martin,0 days 02:36:04.325000,,1,3.0,False,,False,True,20.3,58.0,927.7,False,41.1,183,0.6,True,False,False,False,False,False,+44.914,+37.361,44.914,37.361,9439.121,74.796,,,19.234,38.285,17.277,9383.597,9421.882,9439.159,9364.325
2023,São Paulo Grand Prix,20,Brazil,São Paulo,0 days 02:38:33.563000,ALO,14,0 days 00:01:14.442000,54.0,5.0,,Fernando Alonso,,0 days 00:00:19.235000,0 days 00:00:37.979000,0 days 00:00:17.228000,0 days 02:37:38.394000,0 days 02:38:16.373000,0 days 02:38:33.601000,300.0,257.0,302.0,302.0,True,SOFT,7.0,True,Aston Martin,0 days 02:37:19.121000,,1,3.0,False,,False,True,20.3,59.0,927.9,False,40.5,160,1.1,True,False,False,False,False,False,+43.963,+36.289,43.963,36.289,9513.563,74.442,,,19.235,37.979,17.228,9458.394,9496.373,9513.601,9439.121
2023,São Paulo Grand Prix,20,Brazil,São Paulo,0 days 02:39:48.258000,ALO,14,0 days 00:01:14.695000,55.0,5.0,,Fernando Alonso,,0 days 00:00:19.240000,0 days 00:00:38.283000,0 days 00:00:17.172000,0 days 02:38:52.841000,0 days 02:39:31.124000,0 days 02:39:48.296000,300.0,255.0,303.0,302.0,False,SOFT,8.0,True,Aston Martin,0 days 02:38:33.563000,,1,3.0,False,,False,True,20.2,59.0,927.7,False,40.5,304,1.1,True,False,False,False,False,False,+43.147,+35.347,43.147,35.347,9588.258,74.695,,,19.24,38.283,17.172,9532.841,9571.124,9588.296,9513.563
2023,São Paulo Grand Prix,20,Brazil,São Paulo,0 days 02:41:03.023000,ALO,14,0 days 00:01:14.765000,56.0,5.0,,Fernando Alonso,,0 days 00:00:19.352000,0 days 00:00:38.190000,0 days 00:00:17.223000,0 days 02:40:07.648000,0 days 02:40:45.838000,0 days 02:41:03.061000,296.0,252.0,301.0,305.0,False,SOFT,9.0,True,Aston Martin,0 days 02:39:48.258000,,1,3.0,False,,False,True,20.0,59.0,927.7,False,40.0,174,0.6,True,False,False,False,False,False,+34.404,+42.365,34.404,42.365,9663.023,74.765,,,19.352,38.19,17.223,9607.648,9645.838,9663.061,9588.258
2023,São Paulo Grand Prix,20,Brazil,São Paulo,0 days 02:42:17.717000,ALO,14,0 days 00:01:14.694000,57.0,5.0,,Fernando Alonso,,0 days 00:00:19.315000,0 days 00:00:38.157000,0 days 00:00:17.222000,0 days 02:41:22.376000,0 days 02:42:00.533000,0 days 02:42:17.755000,300.0,258.0,302.0,295.0,False,SOFT,10.0,True,Aston Martin,0 days 02:41:03.023000,,1,3.0,False,,False,True,20.0,59.0,927.7,False,39.6,197,1.0,True,False,False,False,False,False,+33.460,+22.010,33.46,22.01,9737.717,74.694,,,19.315,38.157,17.222,9682.376,9720.533,9737.755,9663.023
2023,São Paulo Grand Prix,20,Brazil,São Paulo,0 days 02:43:32.240000,ALO,14,0 days 00:01:14.523000,58.0,5.0,,Fernando Alonso,,0 days 00:00:19.207000,0 days 00:00:38.075000,0 days 00:00:17.241000,0 days 02:42:36.962000,0 days 02:43:15.037000,0 days 02:43:32.278000,298.0,254.0,303.0,303.0,False,SOFT,11.0,True,Aston Martin,0 days 02:42:17.717000,,1,3.0,False,,False,True,20.0,59.0,927.9,False,38.8,160,1.2,True,False,False,False,False,False,+32.176,+22.478,32.176,22.478,9812.24,74.523,,,19.207,38.075,17.241,9756.962,9795.037,9812.278,9737.717
2023,São Paulo Grand Prix,20,Brazil,São Paulo,0 days 02:44:46.917000,ALO,14,0 days 00:01:14.677000,59.0,5.0,,Fernando Alonso,,0 days 00:00:19.464000,0 days 00:00:37.955000,0 days 00:00:17.258000,0 days 02:43:51.742000,0 days 02:44:29.697000,0 days 02:44:46.955000,295.0,252.0,302.0,306.0,False,SOFT,12.0,True,Aston Martin,0 days 02:43:32.240000,,1,3.0,False,,False,True,19.9,58.0,927.7,False,38.7,200,0.8,True,False,False,False,False,False,+22.925,+31.113,22.925,31.113,9886.917,74.677,,,19.464,37.955,17.258,9831.742,9869.697,9886.955,9812.24
2023,São Paulo Grand Prix,20,Brazil,São Paulo,0 days 02:46:01.916000,ALO,14,0 days 00:01:14.999000,60.0,5.0,,Fernando Alonso,,0 days 00:00:19.455000,0 days 00:00:38.253000,0 days 00:00:17.291000,0 days 02:45:06.410000,0 days 02:45:44.663000,0 days 02:46:01.954000,307.0,249.0,303.0,302.0,False,SOFT,13.0,True,Aston Martin,0 days 02:44:46.917000,,1,3.0,False,,False,True,19.9,59.0,927.7,False,38.4,63,1.5,True,False,False,False,False,False,+23.799,+10.368,23.799,10.368,9961.916,74.999,,,19.455,38.253,17.291,9906.41,9944.663,9961.954,9886.917
2023,São Paulo Grand Prix,20,Brazil,São Paulo,0 days 02:47:16.828000,ALO,14,0 days 00:01:14.912000,61.0,5.0,,Fernando Alonso,,0 days 00:00:19.337000,0 days 00:00:38.292000,0 days 00:00:17.283000,0 days 02:46:21.291000,0 days 02:46:59.583000,0 days 02:47:16.866000,295.0,255.0,302.0,297.0,False,SOFT,14.0,True,Aston Martin,0 days 02:46:01.916000,,1,3.0,False,,False,True,19.8,58.0,927.7,False,37.9,176,2.4,True,False,False,False,False,False,+24.119,+12.780,24.119,12.78,10036.828,74.912,,,19.337,38.292,17.283,9981.291,10019.583,10036.866,9961.916
2023,São Paulo Grand Prix,20,Brazil,São Paulo,0 days 02:48:31.502000,ALO,14,0 days 00:01:14.674000,62.0,5.0,,Fernando Alonso,,0 days 00:00:19.242000,0 days 00:00:38.205000,0 days 00:00:17.227000,0 days 02:47:36.108000,0 days 02:48:14.313000,0 days 02:48:31.540000,297.0,258.0,303.0,292.0,False,SOFT,15.0,True,Aston Martin,0 days 02:47:16.828000,,1,3.0,False,,False,True,19.8,59.0,927.9,False,37.8,182,2.0,True,False,False,False,False,False,+24.297,+13.652,24.297,13.652,10111.502,74.674,,,19.242,38.205,17.227,10056.108,10094.313,10111.54,10036.828
2023,São Paulo Grand Prix,20,Brazil,São Paulo,0 days 02:49:46.154000,ALO,14,0 days 00:01:14.652000,63.0,5.0,,Fernando Alonso,,0 days 00:00:19.220000,0 days 00:00:38.201000,0 days 00:00:17.231000,0 days 02:48:50.760000,0 days 02:49:28.961000,0 days 02:49:46.192000,299.0,253.0,304.0,298.0,False,SOFT,16.0,True,Aston Martin,0 days 02:48:31.502000,,1,3.0,False,,False,True,19.9,60.0,927.7,False,37.6,177,1.3,True,False,False,False,False,False,+24.599,+14.936,24.599,14.936,10186.154,74.652,,,19.22,38.201,17.231,10130.76,10168.961,10186.192,10111.502
2023,São Paulo Grand Prix,20,Brazil,São Paulo,0 days 02:51:00.671000,ALO,14,0 days 00:01:14.517000,64.0,5.0,,Fernando Alonso,,0 days 00:00:19.072000,0 days 00:00:38.246000,0 days 00:00:17.199000,0 days 02:50:05.264000,0 days 02:50:43.510000,0 days 02:51:00.709000,303.0,252.0,304.0,298.0,False,SOFT,17.0,True,Aston Martin,0 days 02:49:46.154000,,1,3.0,False,,False,True,19.8,59.0,927.7,False,37.6,132,0.6,True,False,False,False,False,False,+25.015,+15.776,25.015,15.776,10260.671,74.517,,,19.072,38.246,17.199,10205.264,10243.51,10260.709,10186.154
2023,São Paulo Grand Prix,20,Brazil,São Paulo,0 days 02:52:15.272000,ALO,14,0 days 00:01:14.601000,65.0,5.0,,Fernando Alonso,,0 days 00:00:19.250000,0 days 00:00:38.140000,0 days 00:00:17.211000,0 days 02:51:19.959000,0 days 02:51:58.099000,0 days 02:52:15.310000,303.0,255.0,304.0,302.0,False,SOFT,18.0,True,Aston Martin,0 days 02:51:00.671000,,1,3.0,False,,False,True,19.8,60.0,927.9,False,37.8,153,1.2,True,False,False,False,False,False,+25.606,+16.718,25.606,16.718,10335.272,74.601,,,19.25,38.14,17.211,10279.959,10318.099,10335.31,10260.671
2023,São Paulo Grand Prix,20,Brazil,São Paulo,0 days 02:53:29.828000,ALO,14,0 days 00:01:14.556000,66.0,5.0,,Fernando Alonso,,0 days 00:00:19.220000,0 days 00:00:38.090000,0 days 00:00:17.246000,0 days 02:52:34.530000,0 days 02:53:12.620000,0 days 02:53:29.866000,302.0,253.0,306.0,288.0,False,SOFT,19.0,True,Aston Martin,0 days 02:52:15.272000,,1,3.0,False,,False,True,19.8,60.0,927.7,False,37.1,159,1.3,True,False,False,False,False,False,+26.377,+17.889,26.377,17.889,10409.828,74.556,,,19.22,38.09,17.246,10354.53,10392.62,10409.866,10335.272
2023,São Paulo Grand Prix,20,Brazil,São Paulo,0 days 02:54:44.354000,ALO,14,0 days 00:01:14.526000,67.0,5.0,,Fernando Alonso,,0 days 00:00:19.223000,0 days 00:00:38.045000,0 days 00:00:17.258000,0 days 02:53:49.089000,0 days 02:54:27.134000,0 days 02:54:44.392000,303.0,254.0,304.0,290.0,False,SOFT,20.0,True,Aston Martin,0 days 02:53:29.828000,,1,3.0,False,,False,True,19.7,59.0,927.7,False,37.1,175,1.7,True,False,False,False,False,False,+27.388,+19.084,27.388,19.084,10484.354,74.526,,,19.223,38.045,17.258,10429.089,10467.134,10484.392,10409.828
2023,São Paulo Grand Prix,20,Brazil,São Paulo,0 days 02:55:59.297000,ALO,14,0 days 00:01:14.943000,68.0,5.0,,Fernando Alonso,,0 days 00:00:19.174000,0 days 00:00:38.448000,0 days 00:00:17.321000,0 days 02:55:03.566000,0 days 02:55:42.014000,0 days 02:55:59.335000,304.0,256.0,303.0,289.0,False,SOFT,21.0,True,Aston Martin,0 days 02:54:44.354000,,1,3.0,False,,False,True,19.7,60.0,927.9,False,37.0,212,1.6,True,False,False,False,False,False,+28.908,+20.448,28.908,20.448,10559.297,74.943,,,19.174,38.448,17.321,10503.566,10542.014,10559.335,10484.354
2023,São Paulo Grand Prix,20,Brazil,São Paulo,0 days 02:57:14.308000,ALO,14,0 days 00:01:15.011000,69.0,5.0,,Fernando Alonso,,0 days 00:00:19.307000,0 days 00:00:38.382000,0 days 00:00:17.322000,0 days 02:56:18.642000,0 days 02:56:57.024000,0 days 02:57:14.346000,301.0,254.0,303.0,305.0,False,SOFT,22.0,True,Aston Martin,0 days 02:55:59.297000,,1,3.0,False,,False,True,19.6,61.0,927.9,False,36.6,152,1.5,True,False,False,False,False,False,+29.846,+21.773,29.846,21.773,10634.308,75.011,,,19.307,38.382,17.322,10578.642,10617.024,10634.346,10559.297
2023,São Paulo Grand Prix,20,Brazil,São Paulo,0 days 02:58:30.672000,ALO,14,0 days 00:01:16.364000,70.0,5.0,,Fernando Alonso,,0 days 00:00:19.679000,0 days 00:00:39.430000,0 days 00:00:17.255000,0 days 02:57:34.025000,0 days 02:58:13.455000,0 days 02:58:30.710000,324.0,251.0,322.0,301.0,False,SOFT,23.0,True,Aston Martin,0 days 02:57:14.308000,,1,4.0,False,,False,True,19.7,61.0,927.7,False,36.4,177,1.2,True,False,False,False,False,False,+32.789,+0.585,32.789,0.585,10710.672,76.364,,,19.679,39.43,17.255,10654.025,10693.455,10710.71,10634.308
2023,São Paulo Grand Prix,20,Brazil,São Paulo,0 days 02:59:46.120000,ALO,14,0 days 00:01:15.448000,71.0,5.0,,Fernando Alonso,,0 days 00:00:19.001000,0 days 00:00:38.936000,0 days 00:00:17.511000,0 days 02:58:49.711000,0 days 02:59:28.647000,0 days 02:59:46.158000,322.0,252.0,302.0,328.0,False,SOFT,24.0,True,Aston Martin,0 days 02:58:30.672000,,1,3.0,False,,False,True,19.8,60.0,927.7,False,36.5,159,0.8,True,False,False,False,False,False,+34.175,+26.075,34.175,26.075,10786.12,75.448,,,19.001,38.936,17.511,10729.711,10768.647,10786.158,10710.672
2023,São Paulo Grand Prix,20,Brazil,São Paulo,0 days 01:04:31.861000,STR,18,0 days 00:02:08.727000,1.0,1.0,,Lance Stroll,0 days 01:04:28.694000,,0 days 00:01:05.592000,0 days 00:00:38.270000,,0 days 01:03:53.616000,0 days 01:04:31.897000,307.0,170.0,,210.0,False,SOFT,1.0,True,Aston Martin,0 days 01:02:22.839000,,124,5.0,False,,False,False,20.6,58.0,928.0,False,47.8,181,1.1,True,True,True,False,False,False,+6.608,+1.023,6.608,1.023,3871.861,128.727,3868.694,,,65.592,38.27,,3833.616,3871.897,3742.839
2023,São Paulo Grand Prix,20,Brazil,São Paulo,0 days 01:06:54.024000,STR,18,0 days 00:02:22.163000,2.0,2.0,0 days 01:04:47.303000,Lance Stroll,0 days 01:06:50.661000,0 days 00:00:41.554000,0 days 00:01:02.159000,0 days 00:00:38.450000,0 days 01:05:13.440000,0 days 01:06:15.599000,0 days 01:06:54.049000,210.0,149.0,,,False,SOFT,2.0,False,Aston Martin,0 days 01:04:31.861000,,45,5.0,False,,False,False,20.6,60.0,928.0,False,47.1,178,1.2,False,False,True,True,False,False,+6.159,+1.448,6.159,1.448,4014.024,142.163,4010.661,3887.303,41.554,62.159,38.45,3913.44,3975.599,4014.049,3871.861
2023,São Paulo Grand Prix,20,Brazil,São Paulo,0 days 01:32:24.445000,STR,18,,3.0,3.0,0 days 01:30:20.692000,Lance Stroll,,,0 days 00:00:47.450000,0 days 00:00:52.598000,,0 days 01:31:31.941000,0 days 01:32:24.628000,269.0,224.0,56.0,210.0,False,SOFT,4.0,False,Aston Martin,0 days 01:30:00.364000,,1,5.0,False,,False,False,20.7,55.0,927.9,False,49.2,198,2.2,True,False,False,False,False,False,+12.642,+2.546,12.642,2.546,5544.445,,,5420.692,,47.45,52.598,,5491.941,5544.628,5400.364
2023,São Paulo Grand Prix,20,Brazil,São Paulo,0 days 01:34:27.615000,STR,18,0 days 00:02:03.170000,4.0,3.0,,Lance Stroll,,0 days 00:01:05.147000,0 days 00:00:40.483000,0 days 00:00:17.540000,0 days 01:33:29.617000,0 days 01:34:10.100000,0 days 01:34:27.640000,312.0,250.0,302.0,214.0,True,SOFT,5.0,False,Aston Martin,0 days 01:32:24.445000,,1,7.0,False,,False,True,20.8,56.0,927.9,False,48.7,98,1.7,True,False,False,False,False,False,+3.551,+0.405,3.551,0.405,5667.615,123.17,,,65.147,40.483,17.54,5609.617,5650.1,5667.64,5544.445
2023,São Paulo Grand Prix,20,Brazil,São Paulo,0 days 01:35:44.574000,STR,18,0 days 00:01:16.959000,5.0,3.0,,Lance Stroll,,0 days 00:00:19.735000,0 days 00:00:39.709000,0 days 00:00:17.515000,0 days 01:34:47.375000,0 days 01:35:27.084000,0 days 01:35:44.599000,304.0,237.0,299.0,303.0,True,SOFT,6.0,False,Aston Martin,0 days 01:34:27.615000,,1,7.0,False,,False,True,21.0,55.0,927.7,False,50.2,180,0.8,True,False,False,False,False,False,+4.743,+0.333,4.743,0.333,5744.574,76.959,,,19.735,39.709,17.515,5687.375,5727.084,5744.599,5667.615
2023,São Paulo Grand Prix,20,Brazil,São Paulo,0 days 01:37:01.017000,STR,18,0 days 00:01:16.443000,6.0,3.0,,Lance Stroll,,0 days 00:00:19.729000,0 days 00:00:39.391000,0 days 00:00:17.323000,0 days 01:36:04.328000,0 days 01:36:43.719000,0 days 01:37:01.042000,315.0,248.0,319.0,279.0,True,SOFT,7.0,False,Aston Martin,0 days 01:35:44.574000,,1,7.0,False,,False,True,20.9,55.0,927.9,False,49.8,186,1.1,True,False,False,False,False,False,+5.767,+0.455,5.767,0.455,5821.017,76.443,,,19.729,39.391,17.323,5764.328,5803.719,5821.042,5744.574
2023,São Paulo Grand Prix,20,Brazil,São Paulo,0 days 01:38:17.472000,STR,18,0 days 00:01:16.455000,7.0,3.0,,Lance Stroll,,0 days 00:00:19.608000,0 days 00:00:39.527000,0 days 00:00:17.320000,0 days 01:37:20.650000,0 days 01:38:00.177000,0 days 01:38:17.497000,316.0,248.0,321.0,297.0,False,SOFT,8.0,False,Aston Martin,0 days 01:37:01.017000,,1,7.0,False,,False,True,21.1,57.0,927.7,False,49.6,170,1.2,True,False,False,False,False,False,+6.654,+0.547,6.654,0.547,5897.472,76.455,,,19.608,39.527,17.32,5840.65,5880.177,5897.497,5821.017
2023,São Paulo Grand Prix,20,Brazil,São Paulo,0 days 01:39:33.939000,STR,18,0 days 00:01:16.467000,8.0,3.0,,Lance Stroll,,0 days 00:00:19.565000,0 days 00:00:39.699000,0 days 00:00:17.203000,0 days 01:38:37.062000,0 days 01:39:16.761000,0 days 01:39:33.964000,319.0,241.0,324.0,303.0,False,SOFT,9.0,False,Aston Martin,0 days 01:38:17.472000,,1,7.0,False,,False,True,21.1,58.0,927.9,False,49.7,204,1.8,True,False,False,False,False,False,+7.287,+0.289,7.287,0.289,5973.939,76.467,,,19.565,39.699,17.203,5917.062,5956.761,5973.964,5897.472
2023,São Paulo Grand Prix,20,Brazil,São Paulo,0 days 01:40:50.639000,STR,18,0 days 00:01:16.700000,9.0,3.0,,Lance Stroll,,0 days 00:00:19.667000,0 days 00:00:39.738000,0 days 00:00:17.295000,0 days 01:39:53.631000,0 days 01:40:33.369000,0 days 01:40:50.664000,318.0,245.0,322.0,291.0,False,SOFT,10.0,False,Aston Martin,0 days 01:39:33.939000,,1,7.0,False,,False,True,21.1,58.0,927.9,False,49.3,175,1.7,True,False,False,False,False,False,+7.599,+0.452,7.599,0.452,6050.639,76.7,,,19.667,39.738,17.295,5993.631,6033.369,6050.664,5973.939
2023,São Paulo Grand Prix,20,Brazil,São Paulo,0 days 01:42:07.554000,STR,18,0 days 00:01:16.915000,10.0,3.0,,Lance Stroll,,0 days 00:00:19.727000,0 days 00:00:39.851000,0 days 00:00:17.337000,0 days 01:41:10.391000,0 days 01:41:50.242000,0 days 01:42:07.579000,313.0,246.0,325.0,302.0,False,SOFT,11.0,False,Aston Martin,0 days 01:40:50.639000,,1,7.0,False,,False,True,21.0,58.0,927.7,False,49.4,263,1.0,True,False,False,False,False,False,+8.720,+0.775,8.72,0.775,6127.554,76.915,,,19.727,39.851,17.337,6070.391,6110.242,6127.579,6050.639
2023,São Paulo Grand Prix,20,Brazil,São Paulo,0 days 01:43:24.486000,STR,18,0 days 00:01:16.932000,11.0,3.0,,Lance Stroll,,0 days 00:00:19.612000,0 days 00:00:39.830000,0 days 00:00:17.490000,0 days 01:42:27.191000,0 days 01:43:07.021000,0 days 01:43:24.511000,315.0,246.0,323.0,305.0,False,SOFT,12.0,False,Aston Martin,0 days 01:42:07.554000,,1,7.0,False,,False,True,20.9,58.0,927.5,False,49.2,291,1.5,True,False,False,False,False,False,+9.363,+0.592,9.363,0.592,6204.486,76.932,,,19.612,39.83,17.49,6147.191,6187.021,6204.511,6127.554
2023,São Paulo Grand Prix,20,Brazil,São Paulo,0 days 01:44:41.534000,STR,18,0 days 00:01:17.048000,12.0,3.0,,Lance Stroll,,0 days 00:00:19.661000,0 days 00:00:39.944000,0 days 00:00:17.443000,0 days 01:43:44.172000,0 days 01:44:24.116000,0 days 01:44:41.559000,317.0,248.0,321.0,307.0,False,SOFT,13.0,False,Aston Martin,0 days 01:43:24.486000,,1,7.0,False,,False,True,20.8,57.0,927.7,False,48.9,152,1.7,True,False,False,False,False,False,+10.528,+0.750,10.528,0.75,6281.534,77.048,,,19.661,39.944,17.443,6224.172,6264.116,6281.559,6204.486
2023,São Paulo Grand Prix,20,Brazil,São Paulo,0 days 01:45:58.613000,STR,18,0 days 00:01:17.079000,13.0,3.0,,Lance Stroll,,0 days 00:00:19.707000,0 days 00:00:39.759000,0 days 00:00:17.613000,0 days 01:45:01.266000,0 days 01:45:41.025000,0 days 01:45:58.638000,315.0,248.0,320.0,302.0,False,SOFT,14.0,False,Aston Martin,0 days 01:44:41.534000,,1,7.0,False,,False,True,20.8,55.0,927.7,False,49.1,181,1.3,True,False,False,False,False,False,+11.293,+0.845,11.293,0.845,6358.613,77.079,,,19.707,39.759,17.613,6301.266,6341.025,6358.638,6281.534
2023,São Paulo Grand Prix,20,Brazil,São Paulo,0 days 01:47:16.030000,STR,18,0 days 00:01:17.417000,14.0,3.0,,Lance Stroll,,0 days 00:00:19.559000,0 days 00:00:40.363000,0 days 00:00:17.495000,0 days 01:46:18.197000,0 days 01:46:58.560000,0 days 01:47:16.055000,317.0,243.0,325.0,309.0,False,SOFT,15.0,False,Aston Martin,0 days 01:45:58.613000,,1,7.0,False,,False,True,20.6,57.0,927.7,False,49.1,73,1.1,True,False,False,False,False,False,+12.660,+0.611,12.66,0.611,6436.03,77.417,,,19.559,40.363,17.495,6378.197,6418.56,6436.055,6358.613
2023,São Paulo Grand Prix,20,Brazil,São Paulo,0 days 01:48:33.283000,STR,18,0 days 00:01:17.253000,15.0,3.0,,Lance Stroll,,0 days 00:00:19.638000,0 days 00:00:40.037000,0 days 00:00:17.578000,0 days 01:47:35.693000,0 days 01:48:15.730000,0 days 01:48:33.308000,317.0,245.0,320.0,310.0,False,SOFT,16.0,False,Aston Martin,0 days 01:47:16.030000,,1,7.0,False,,False,True,20.6,56.0,927.7,False,48.9,189,0.4,True,False,False,False,False,False,+13.483,+0.634,13.483,0.634,6513.283,77.253,,,19.638,40.037,17.578,6455.693,6495.73,6513.308,6436.03
2023,São Paulo Grand Prix,20,Brazil,São Paulo,0 days 01:49:50.564000,STR,18,0 days 00:01:17.281000,16.0,3.0,,Lance Stroll,,0 days 00:00:19.778000,0 days 00:00:39.890000,0 days 00:00:17.613000,0 days 01:48:53.086000,0 days 01:49:32.976000,0 days 01:49:50.589000,312.0,246.0,319.0,298.0,False,SOFT,17.0,False,Aston Martin,0 days 01:48:33.283000,,1,7.0,False,,False,True,20.8,55.0,927.9,False,48.9,194,1.7,True,False,False,False,False,False,+14.467,+0.733,14.467,0.733,6590.564,77.281,,,19.778,39.89,17.613,6533.086,6572.976,6590.589,6513.283
2023,São Paulo Grand Prix,20,Brazil,São Paulo,0 days 01:51:07.839000,STR,18,0 days 00:01:17.275000,17.0,3.0,,Lance Stroll,,0 days 00:00:19.643000,0 days 00:00:40.029000,0 days 00:00:17.603000,0 days 01:50:10.232000,0 days 01:50:50.261000,0 days 01:51:07.864000,318.0,249.0,316.0,301.0,False,SOFT,18.0,False,Aston Martin,0 days 01:49:50.564000,,1,7.0,False,,False,True,20.9,55.0,927.7,False,49.0,176,2.2,True,False,False,False,False,False,+15.568,+0.620,15.568,0.62,6667.839,77.275,,,19.643,40.029,17.603,6610.232,6650.261,6667.864,6590.564
2023,São Paulo Grand Prix,20,Brazil,São Paulo,0 days 01:52:25.245000,STR,18,0 days 00:01:17.406000,18.0,3.0,,Lance Stroll,,0 days 00:00:19.816000,0 days 00:00:40.012000,0 days 00:00:17.578000,0 days 01:51:27.680000,0 days 01:52:07.692000,0 days 01:52:25.270000,318.0,242.0,314.0,289.0,False,SOFT,19.0,False,Aston Martin,0 days 01:51:07.839000,,1,6.0,False,,False,True,21.0,56.0,927.7,False,48.7,164,1.7,True,False,False,False,False,False,+16.620,+0.697,16.62,0.697,6745.245,77.406,,,19.816,40.012,17.578,6687.68,6727.692,6745.27,6667.839
2023,São Paulo Grand Prix,20,Brazil,São Paulo,0 days 01:53:42.521000,STR,18,0 days 00:01:17.276000,19.0,3.0,,Lance Stroll,,0 days 00:00:19.805000,0 days 00:00:39.784000,0 days 00:00:17.687000,0 days 01:52:45.075000,0 days 01:53:24.859000,0 days 01:53:42.546000,315.0,248.0,304.0,296.0,False,SOFT,20.0,False,Aston Martin,0 days 01:52:25.245000,,1,5.0,False,,False,True,20.9,57.0,927.7,False,48.8,197,1.5,True,False,False,False,False,False,+17.747,+0.901,17.747,0.901,6822.521,77.276,,,19.805,39.784,17.687,6765.075,6804.859,6822.546,6745.245
2023,São Paulo Grand Prix,20,Brazil,São Paulo,0 days 01:54:59.718000,STR,18,0 days 00:01:17.197000,20.0,3.0,,Lance Stroll,,0 days 00:00:19.838000,0 days 00:00:39.624000,0 days 00:00:17.735000,0 days 01:54:02.384000,0 days 01:54:42.008000,0 days 01:54:59.743000,300.0,241.0,302.0,293.0,False,SOFT,21.0,False,Aston Martin,0 days 01:53:42.521000,,1,4.0,False,,False,True,20.8,57.0,927.9,False,48.9,166,0.8,True,False,False,False,False,False,+18.939,+3.040,18.939,3.04,6899.718,77.197,,,19.838,39.624,17.735,6842.384,6882.008,6899.743,6822.521
2023,São Paulo Grand Prix,20,Brazil,São Paulo,0 days 01:56:17.079000,STR,18,0 days 00:01:17.361000,21.0,3.0,,Lance Stroll,,0 days 00:00:19.833000,0 days 00:00:39.781000,0 days 00:00:17.747000,0 days 01:55:19.576000,0 days 01:55:59.357000,0 days 01:56:17.104000,296.0,248.0,300.0,289.0,False,SOFT,22.0,False,Aston Martin,0 days 01:54:59.718000,,1,4.0,False,,False,True,20.5,59.0,927.7,False,48.3,198,1.3,True,False,False,False,False,False,+20.066,+12.549,20.066,12.549,6977.079,77.361,,,19.833,39.781,17.747,6919.576,6959.357,6977.104,6899.718
2023,São Paulo Grand Prix,20,Brazil,São Paulo,0 days 01:57:37.687000,STR,18,0 days 00:01:20.608000,22.0,3.0,,Lance Stroll,0 days 01:57:34.782000,0 days 00:00:19.814000,0 days 00:00:39.652000,0 days 00:00:21.142000,0 days 01:56:36.918000,0 days 01:57:16.570000,0 days 01:57:37.712000,299.0,247.0,,294.0,False,SOFT,23.0,False,Aston Martin,0 days 01:56:17.079000,,1,6.0,False,,False,False,20.6,59.0,927.7,False,48.3,189,2.2,True,False,False,False,False,False,+21.016,+13.173,21.016,13.173,7057.687,80.608,7054.782,,19.814,39.652,21.142,6996.918,7036.57,7057.712,6977.079
2023,São Paulo Grand Prix,20,Brazil,São Paulo,0 days 01:59:10.368000,STR,18,0 days 00:01:32.681000,23.0,4.0,0 days 01:57:58.469000,Lance Stroll,,0 days 00:00:36.828000,0 days 00:00:38.572000,0 days 00:00:17.281000,0 days 01:58:14.540000,0 days 01:58:53.112000,0 days 01:59:10.393000,297.0,246.0,298.0,294.0,False,MEDIUM,1.0,True,Aston Martin,0 days 01:57:37.687000,,1,10.0,False,,False,False,20.4,59.0,927.7,False,48.3,175,1.5,True,False,False,False,False,False,+41.143,+1.138,41.143,1.138,7150.368,92.681,,7078.469,36.828,38.572,17.281,7094.54,7133.112,7150.393,7057.687
2023,São Paulo Grand Prix,20,Brazil,São Paulo,0 days 02:00:26.044000,STR,18,0 days 00:01:15.676000,24.0,4.0,,Lance Stroll,,0 days 00:00:19.604000,0 days 00:00:38.913000,0 days 00:00:17.159000,0 days 01:59:29.997000,0 days 02:00:08.910000,0 days 02:00:26.069000,301.0,240.0,319.0,286.0,True,MEDIUM,2.0,True,Aston Martin,0 days 01:59:10.368000,,1,9.0,False,,False,True,20.5,58.0,927.7,False,48.1,155,1.2,True,False,False,False,False,False,+40.547,+0.063,40.547,0.063,7226.044,75.676,,,19.604,38.913,17.159,7169.997,7208.91,7226.069,7150.368
2023,São Paulo Grand Prix,20,Brazil,São Paulo,0 days 02:01:41.841000,STR,18,0 days 00:01:15.797000,25.0,4.0,,Lance Stroll,,0 days 00:00:19.362000,0 days 00:00:39.105000,0 days 00:00:17.330000,0 days 02:00:45.431000,0 days 02:01:24.536000,0 days 02:01:41.866000,295.0,247.0,307.0,326.0,False,MEDIUM,3.0,True,Aston Martin,0 days 02:00:26.044000,,1,9.0,False,,False,True,20.5,58.0,927.7,False,48.1,153,0.8,True,False,False,False,False,False,+39.988,+0.909,39.988,0.909,7301.841,75.797,,,19.362,39.105,17.33,7245.431,7284.536,7301.866,7226.044
2023,São Paulo Grand Prix,20,Brazil,São Paulo,0 days 02:02:57.613000,STR,18,0 days 00:01:15.772000,26.0,4.0,,Lance Stroll,,0 days 00:00:19.451000,0 days 00:00:39.199000,0 days 00:00:17.122000,0 days 02:02:01.317000,0 days 02:02:40.516000,0 days 02:02:57.638000,315.0,241.0,322.0,293.0,False,MEDIUM,4.0,True,Aston Martin,0 days 02:01:41.841000,,1,8.0,False,,False,True,20.5,58.0,927.7,False,47.8,200,0.6,True,False,False,False,False,False,+39.437,+0.065,39.437,0.065,7377.613,75.772,,,19.451,39.199,17.122,7321.317,7360.516,7377.638,7301.841
2023,São Paulo Grand Prix,20,Brazil,São Paulo,0 days 02:04:13.492000,STR,18,0 days 00:01:15.879000,27.0,4.0,,Lance Stroll,,0 days 00:00:19.414000,0 days 00:00:39,0 days 00:00:17.465000,0 days 02:03:17.052000,0 days 02:03:56.052000,0 days 02:04:13.517000,297.0,242.0,298.0,312.0,False,MEDIUM,5.0,True,Aston Martin,0 days 02:02:57.613000,,1,5.0,False,,False,True,20.5,57.0,927.9,False,48.4,190,0.6,True,False,False,False,False,False,+38.636,+4.283,38.636,4.283,7453.492,75.879,,,19.414,39.0,17.465,7397.052,7436.052,7453.517,7377.613
2023,São Paulo Grand Prix,20,Brazil,São Paulo,0 days 02:05:29.530000,STR,18,0 days 00:01:16.038000,28.0,4.0,,Lance Stroll,,0 days 00:00:19.561000,0 days 00:00:39.056000,0 days 00:00:17.421000,0 days 02:04:33.078000,0 days 02:05:12.134000,0 days 02:05:29.555000,302.0,236.0,301.0,284.0,False,MEDIUM,6.0,True,Aston Martin,0 days 02:04:13.492000,,1,5.0,False,,False,True,20.7,56.0,927.7,False,48.8,172,1.2,True,False,False,False,False,False,+18.130,+4.677,18.13,4.677,7529.53,76.038,,,19.561,39.056,17.421,7473.078,7512.134,7529.555,7453.492
2023,São Paulo Grand Prix,20,Brazil,São Paulo,0 days 02:06:45.459000,STR,18,0 days 00:01:15.929000,29.0,4.0,,Lance Stroll,,0 days 00:00:19.499000,0 days 00:00:38.982000,0 days 00:00:17.448000,0 days 02:05:49.054000,0 days 02:06:28.036000,0 days 02:06:45.484000,303.0,244.0,302.0,289.0,False,MEDIUM,7.0,True,Aston Martin,0 days 02:05:29.530000,,1,5.0,False,,False,True,20.5,57.0,927.7,False,48.8,154,1.2,True,False,False,False,False,False,+18.362,+4.759,18.362,4.759,7605.459,75.929,,,19.499,38.982,17.448,7549.054,7588.036,7605.484,7529.53
2023,São Paulo Grand Prix,20,Brazil,São Paulo,0 days 02:08:01.372000,STR,18,0 days 00:01:15.913000,30.0,4.0,,Lance Stroll,,0 days 00:00:19.478000,0 days 00:00:38.864000,0 days 00:00:17.571000,0 days 02:07:04.962000,0 days 02:07:43.826000,0 days 02:08:01.397000,305.0,247.0,300.0,289.0,False,MEDIUM,8.0,True,Aston Martin,0 days 02:06:45.459000,,1,5.0,False,,False,True,20.4,57.0,927.7,False,48.4,174,1.1,True,False,False,False,False,False,+18.468,+4.818,18.468,4.818,7681.372,75.913,,,19.478,38.864,17.571,7624.962,7663.826,7681.397,7605.459
2023,São Paulo Grand Prix,20,Brazil,São Paulo,0 days 02:09:17.277000,STR,18,0 days 00:01:15.905000,31.0,4.0,,Lance Stroll,,0 days 00:00:19.470000,0 days 00:00:38.910000,0 days 00:00:17.525000,0 days 02:08:20.867000,0 days 02:08:59.777000,0 days 02:09:17.302000,305.0,241.0,301.0,290.0,False,MEDIUM,9.0,True,Aston Martin,0 days 02:08:01.372000,,1,5.0,False,,False,True,20.5,57.0,927.7,False,48.0,150,1.6,True,False,False,False,False,False,+18.587,+4.949,18.587,4.949,7757.277,75.905,,,19.47,38.91,17.525,7700.867,7739.777,7757.302,7681.372
2023,São Paulo Grand Prix,20,Brazil,São Paulo,0 days 02:10:33.370000,STR,18,0 days 00:01:16.093000,32.0,4.0,,Lance Stroll,,0 days 00:00:19.483000,0 days 00:00:39.100000,0 days 00:00:17.510000,0 days 02:09:36.785000,0 days 02:10:15.885000,0 days 02:10:33.395000,304.0,244.0,302.0,290.0,False,MEDIUM,10.0,True,Aston Martin,0 days 02:09:17.277000,,1,5.0,False,,False,True,20.5,58.0,927.7,False,47.8,185,1.7,True,False,False,False,False,False,+19.238,+5.278,19.238,5.278,7833.37,76.093,,,19.483,39.1,17.51,7776.785,7815.885,7833.395,7757.277
2023,São Paulo Grand Prix,20,Brazil,São Paulo,0 days 02:11:49.213000,STR,18,0 days 00:01:15.843000,33.0,4.0,,Lance Stroll,,0 days 00:00:19.508000,0 days 00:00:38.910000,0 days 00:00:17.425000,0 days 02:10:52.903000,0 days 02:11:31.813000,0 days 02:11:49.238000,302.0,245.0,302.0,293.0,False,MEDIUM,11.0,True,Aston Martin,0 days 02:10:33.370000,,1,5.0,False,,False,True,20.4,58.0,927.9,False,47.4,170,1.7,True,False,False,False,False,False,+19.911,+5.480,19.911,5.48,7909.213,75.843,,,19.508,38.91,17.425,7852.903,7891.813,7909.238,7833.37
2023,São Paulo Grand Prix,20,Brazil,São Paulo,0 days 02:13:05.348000,STR,18,0 days 00:01:16.135000,34.0,4.0,,Lance Stroll,,0 days 00:00:19.614000,0 days 00:00:39.010000,0 days 00:00:17.511000,0 days 02:12:08.852000,0 days 02:12:47.862000,0 days 02:13:05.373000,304.0,249.0,302.0,295.0,False,MEDIUM,12.0,True,Aston Martin,0 days 02:11:49.213000,,1,5.0,False,,False,True,20.3,59.0,927.9,False,47.3,181,1.7,True,False,False,False,False,False,+20.916,+5.878,20.916,5.878,7985.348,76.135,,,19.614,39.01,17.511,7928.852,7967.862,7985.373,7909.213
2023,São Paulo Grand Prix,20,Brazil,São Paulo,0 days 02:14:21.078000,STR,18,0 days 00:01:15.730000,35.0,4.0,,Lance Stroll,,0 days 00:00:19.389000,0 days 00:00:38.923000,0 days 00:00:17.418000,0 days 02:13:24.762000,0 days 02:14:03.685000,0 days 02:14:21.103000,304.0,246.0,304.0,296.0,False,MEDIUM,13.0,True,Aston Martin,0 days 02:13:05.348000,,1,5.0,False,,False,True,20.2,60.0,927.7,False,47.2,156,1.0,True,False,False,False,False,False,+21.493,+6.078,21.493,6.078,8061.078,75.73,,,19.389,38.923,17.418,8004.762,8043.685,8061.103,7985.348
2023,São Paulo Grand Prix,20,Brazil,São Paulo,0 days 02:15:36.643000,STR,18,0 days 00:01:15.565000,36.0,4.0,,Lance Stroll,,0 days 00:00:19.430000,0 days 00:00:38.753000,0 days 00:00:17.382000,0 days 02:14:40.533000,0 days 02:15:19.286000,0 days 02:15:36.668000,305.0,249.0,305.0,298.0,True,MEDIUM,14.0,True,Aston Martin,0 days 02:14:21.078000,,1,5.0,False,,False,True,20.2,59.0,927.7,False,47.2,177,1.3,True,False,False,False,False,False,+21.944,+5.660,21.944,5.66,8136.643,75.565,,,19.43,38.753,17.382,8080.533,8119.286,8136.668,8061.078
2023,São Paulo Grand Prix,20,Brazil,São Paulo,0 days 02:16:52.573000,STR,18,0 days 00:01:15.930000,37.0,4.0,,Lance Stroll,,0 days 00:00:19.514000,0 days 00:00:39,0 days 00:00:17.416000,0 days 02:15:56.182000,0 days 02:16:35.182000,0 days 02:16:52.598000,305.0,246.0,304.0,292.0,False,MEDIUM,15.0,True,Aston Martin,0 days 02:15:36.643000,,1,5.0,False,,False,True,20.3,58.0,927.7,False,47.3,182,2.0,True,False,False,False,False,False,+23.192,+5.535,23.192,5.535,8212.573,75.93,,,19.514,39.0,17.416,8156.182,8195.182,8212.598,8136.643
2023,São Paulo Grand Prix,20,Brazil,São Paulo,0 days 02:18:08.395000,STR,18,0 days 00:01:15.822000,38.0,4.0,,Lance Stroll,,0 days 00:00:19.399000,0 days 00:00:38.961000,0 days 00:00:17.462000,0 days 02:17:11.997000,0 days 02:17:50.958000,0 days 02:18:08.420000,306.0,248.0,303.0,293.0,False,MEDIUM,16.0,True,Aston Martin,0 days 02:16:52.573000,,1,5.0,False,,False,True,20.4,58.0,927.7,False,47.4,159,1.6,True,False,False,False,False,False,+24.055,+5.331,24.055,5.331,8288.395,75.822,,,19.399,38.961,17.462,8231.997,8270.958,8288.42,8212.573
2023,São Paulo Grand Prix,20,Brazil,São Paulo,0 days 02:19:24.571000,STR,18,0 days 00:01:16.176000,39.0,4.0,,Lance Stroll,,0 days 00:00:19.468000,0 days 00:00:39.219000,0 days 00:00:17.489000,0 days 02:18:27.888000,0 days 02:19:07.107000,0 days 02:19:24.596000,305.0,248.0,303.0,294.0,False,MEDIUM,17.0,True,Aston Martin,0 days 02:18:08.395000,,1,5.0,False,,False,True,20.5,58.0,927.7,False,47.5,174,2.0,True,False,False,False,False,False,+25.254,+5.379,25.254,5.379,8364.571,76.176,,,19.468,39.219,17.489,8307.888,8347.107,8364.596,8288.395
2023,São Paulo Grand Prix,20,Brazil,São Paulo,0 days 02:20:40.561000,STR,18,0 days 00:01:15.990000,40.0,4.0,,Lance Stroll,,0 days 00:00:19.410000,0 days 00:00:39.120000,0 days 00:00:17.460000,0 days 02:19:44.006000,0 days 02:20:23.126000,0 days 02:20:40.586000,305.0,248.0,302.0,294.0,False,MEDIUM,18.0,True,Aston Martin,0 days 02:19:24.571000,,1,5.0,False,,False,True,20.4,58.0,927.7,False,47.2,161,1.0,True,False,False,False,False,False,+26.015,+4.960,26.015,4.96,8440.561,75.99,,,19.41,39.12,17.46,8384.006,8423.126,8440.586,8364.571
2023,São Paulo Grand Prix,20,Brazil,São Paulo,0 days 02:21:56.505000,STR,18,0 days 00:01:15.944000,41.0,4.0,,Lance Stroll,,0 days 00:00:19.558000,0 days 00:00:38.808000,0 days 00:00:17.578000,0 days 02:21:00.144000,0 days 02:21:38.952000,0 days 02:21:56.530000,305.0,252.0,304.0,293.0,False,MEDIUM,19.0,True,Aston Martin,0 days 02:20:40.561000,,1,5.0,False,,False,True,20.4,59.0,927.9,False,47.0,152,1.2,True,False,False,False,False,False,+26.620,+4.819,26.62,4.819,8516.505,75.944,,,19.558,38.808,17.578,8460.144,8498.952,8516.53,8440.561
2023,São Paulo Grand Prix,20,Brazil,São Paulo,0 days 02:23:12.690000,STR,18,0 days 00:01:16.185000,42.0,4.0,,Lance Stroll,,0 days 00:00:19.564000,0 days 00:00:39.081000,0 days 00:00:17.540000,0 days 02:22:16.094000,0 days 02:22:55.175000,0 days 02:23:12.715000,300.0,249.0,303.0,300.0,False,MEDIUM,20.0,True,Aston Martin,0 days 02:21:56.505000,,1,5.0,False,,False,True,20.5,59.0,927.7,False,46.6,170,1.0,True,False,False,False,False,False,+27.588,+4.964,27.588,4.964,8592.69,76.185,,,19.564,39.081,17.54,8536.094,8575.175,8592.715,8516.505
2023,São Paulo Grand Prix,20,Brazil,São Paulo,0 days 02:24:28.956000,STR,18,0 days 00:01:16.266000,43.0,4.0,,Lance Stroll,,0 days 00:00:19.435000,0 days 00:00:39.144000,0 days 00:00:17.687000,0 days 02:23:32.150000,0 days 02:24:11.294000,0 days 02:24:28.981000,305.0,247.0,303.0,295.0,False,MEDIUM,21.0,True,Aston Martin,0 days 02:23:12.690000,,1,5.0,False,,False,True,20.5,59.0,927.7,False,46.9,191,2.0,True,False,False,False,False,False,+28.810,+4.932,28.81,4.932,8668.956,76.266,,,19.435,39.144,17.687,8612.15,8651.294,8668.981,8592.69
2023,São Paulo Grand Prix,20,Brazil,São Paulo,0 days 02:25:45.516000,STR,18,0 days 00:01:16.560000,44.0,4.0,,Lance Stroll,,0 days 00:00:19.421000,0 days 00:00:39.404000,0 days 00:00:17.735000,0 days 02:24:48.402000,0 days 02:25:27.806000,0 days 02:25:45.541000,305.0,245.0,302.0,296.0,False,MEDIUM,22.0,True,Aston Martin,0 days 02:24:28.956000,,1,5.0,False,,False,True,20.4,59.0,927.7,False,47.1,182,2.5,True,False,False,False,False,False,+30.048,+5.138,30.048,5.138,8745.516,76.56,,,19.421,39.404,17.735,8688.402,8727.806,8745.541,8668.956
2023,São Paulo Grand Prix,20,Brazil,São Paulo,0 days 02:27:01.997000,STR,18,0 days 00:01:16.481000,45.0,4.0,,Lance Stroll,,0 days 00:00:19.512000,0 days 00:00:39.176000,0 days 00:00:17.793000,0 days 02:26:05.053000,0 days 02:26:44.229000,0 days 02:27:02.022000,305.0,245.0,304.0,294.0,False,MEDIUM,23.0,True,Aston Martin,0 days 02:25:45.516000,,1,5.0,False,,False,True,20.3,59.0,927.9,False,47.1,160,1.6,True,False,False,False,False,False,+31.057,+5.291,31.057,5.291,8821.997,76.481,,,19.512,39.176,17.793,8765.053,8804.229,8822.022,8745.516
2023,São Paulo Grand Prix,20,Brazil,São Paulo,0 days 02:28:18.188000,STR,18,0 days 00:01:16.191000,46.0,4.0,,Lance Stroll,,0 days 00:00:19.479000,0 days 00:00:39.154000,0 days 00:00:17.558000,0 days 02:27:21.501000,0 days 02:28:00.655000,0 days 02:28:18.213000,305.0,245.0,304.0,295.0,False,MEDIUM,24.0,True,Aston Martin,0 days 02:27:01.997000,,1,5.0,False,,False,True,20.3,59.0,927.9,False,46.8,233,1.2,True,False,False,False,False,False,+31.916,+5.188,31.916,5.188,8898.188,76.191,,,19.479,39.154,17.558,8841.501,8880.655,8898.213,8821.997
2023,São Paulo Grand Prix,20,Brazil,São Paulo,0 days 02:29:34.446000,STR,18,0 days 00:01:16.258000,47.0,4.0,,Lance Stroll,,0 days 00:00:19.512000,0 days 00:00:39.158000,0 days 00:00:17.588000,0 days 02:28:37.725000,0 days 02:29:16.883000,0 days 02:29:34.471000,305.0,241.0,302.0,291.0,False,MEDIUM,25.0,True,Aston Martin,0 days 02:28:18.188000,,1,4.0,False,,False,True,20.3,58.0,927.9,False,46.7,148,1.1,True,False,False,False,False,False,+32.805,+9.530,32.805,9.53,8974.446,76.258,,,19.512,39.158,17.588,8917.725,8956.883,8974.471,8898.188
2023,São Paulo Grand Prix,20,Brazil,São Paulo,0 days 02:30:50.595000,STR,18,0 days 00:01:16.149000,48.0,4.0,,Lance Stroll,,0 days 00:00:19.502000,0 days 00:00:39.083000,0 days 00:00:17.564000,0 days 02:29:53.973000,0 days 02:30:33.056000,0 days 02:30:50.620000,305.0,245.0,302.0,295.0,False,MEDIUM,26.0,True,Aston Martin,0 days 02:29:34.446000,,1,3.0,False,,False,True,20.3,59.0,927.7,False,46.7,213,1.6,True,False,False,False,False,False,+33.440,+26.756,33.44,26.756,9050.595,76.149,,,19.502,39.083,17.564,8993.973,9033.056,9050.62,8974.446
2023,São Paulo Grand Prix,20,Brazil,São Paulo,0 days 02:32:06.793000,STR,18,0 days 00:01:16.198000,49.0,4.0,,Lance Stroll,,0 days 00:00:19.633000,0 days 00:00:38.901000,0 days 00:00:17.664000,0 days 02:31:10.253000,0 days 02:31:49.154000,0 days 02:32:06.818000,305.0,244.0,302.0,292.0,False,MEDIUM,27.0,True,Aston Martin,0 days 02:30:50.595000,,1,3.0,False,,False,True,20.3,58.0,927.7,False,46.2,197,1.3,True,False,False,False,False,False,+34.186,+27.294,34.186,27.294,9126.793,76.198,,,19.633,38.901,17.664,9070.253,9109.154,9126.818,9050.595
2023,São Paulo Grand Prix,20,Brazil,São Paulo,0 days 02:33:22.736000,STR,18,0 days 00:01:15.943000,50.0,4.0,,Lance Stroll,,0 days 00:00:19.364000,0 days 00:00:39.014000,0 days 00:00:17.565000,0 days 02:32:26.182000,0 days 02:33:05.196000,0 days 02:33:22.761000,306.0,243.0,302.0,293.0,False,MEDIUM,28.0,True,Aston Martin,0 days 02:32:06.793000,,1,3.0,False,,False,True,20.2,58.0,927.9,False,44.9,157,2.2,True,False,False,False,False,False,+34.698,+27.546,34.698,27.546,9202.736,75.943,,,19.364,39.014,17.565,9146.182,9185.196,9202.761,9126.793
2023,São Paulo Grand Prix,20,Brazil,São Paulo,0 days 02:34:39.178000,STR,18,0 days 00:01:16.442000,51.0,4.0,,Lance Stroll,,0 days 00:00:19.434000,0 days 00:00:39.195000,0 days 00:00:17.813000,0 days 02:33:42.195000,0 days 02:34:21.390000,0 days 02:34:39.203000,305.0,246.0,302.0,291.0,False,MEDIUM,29.0,True,Aston Martin,0 days 02:33:22.736000,,1,3.0,False,,False,True,20.3,59.0,927.7,False,43.2,181,1.5,True,False,False,False,False,False,+35.677,+28.168,35.677,28.168,9279.178,76.442,,,19.434,39.195,17.813,9222.195,9261.39,9279.203,9202.736
2023,São Paulo Grand Prix,20,Brazil,São Paulo,0 days 02:35:58.894000,STR,18,0 days 00:01:19.716000,52.0,4.0,,Lance Stroll,0 days 02:35:55.959000,0 days 00:00:19.456000,0 days 00:00:39.231000,0 days 00:00:21.029000,0 days 02:34:58.659000,0 days 02:35:37.890000,0 days 02:35:58.919000,305.0,245.0,,295.0,False,MEDIUM,30.0,True,Aston Martin,0 days 02:34:39.178000,,1,3.0,False,,False,False,20.3,58.0,927.7,False,42.5,164,0.6,True,False,False,False,False,False,+36.564,+29.016,36.564,29.016,9358.894,79.716,9355.959,,19.456,39.231,21.029,9298.659,9337.89,9358.919,9279.178
2023,São Paulo Grand Prix,20,Brazil,São Paulo,0 days 02:37:33.031000,STR,18,0 days 00:01:34.137000,53.0,5.0,0 days 02:36:21.380000,Lance Stroll,,0 days 00:00:38.608000,0 days 00:00:38.361000,0 days 00:00:17.168000,0 days 02:36:37.527000,0 days 02:37:15.888000,0 days 02:37:33.056000,298.0,245.0,303.0,295.0,False,SOFT,3.0,False,Aston Martin,0 days 02:35:58.894000,,1,6.0,False,,False,False,20.3,58.0,927.7,False,41.1,183,0.6,True,False,False,False,False,False,+58.831,+5.054,58.831,5.054,9453.031,94.137,,9381.38,38.608,38.361,17.168,9397.527,9435.888,9453.056,9358.894
2023,São Paulo Grand Prix,20,Brazil,São Paulo,0 days 02:38:47.439000,STR,18,0 days 00:01:14.408000,54.0,5.0,,Lance Stroll,,0 days 00:00:19.121000,0 days 00:00:38.182000,0 days 00:00:17.105000,0 days 02:37:52.177000,0 days 02:38:30.359000,0 days 02:38:47.464000,303.0,249.0,304.0,298.0,True,SOFT,4.0,False,Aston Martin,0 days 02:37:33.031000,,1,6.0,False,,False,True,20.3,59.0,927.9,False,40.5,160,1.1,True,False,False,False,False,False,+57.862,+3.335,57.862,3.335,9527.439,74.408,,,19.121,38.182,17.105,9472.177,9510.359,9527.464,9453.031
2023,São Paulo Grand Prix,20,Brazil,São Paulo,0 days 02:40:02.587000,STR,18,0 days 00:01:15.148000,55.0,5.0,,Lance Stroll,,0 days 00:00:19.207000,0 days 00:00:38.611000,0 days 00:00:17.330000,0 days 02:39:06.671000,0 days 02:39:45.282000,0 days 02:40:02.612000,306.0,236.0,307.0,286.0,False,SOFT,5.0,False,Aston Martin,0 days 02:38:47.439000,,1,5.0,False,,False,True,20.2,59.0,927.7,False,40.5,304,1.1,True,False,False,False,False,False,+57.504,+2.360,57.504,2.36,9602.587,75.148,,,19.207,38.611,17.33,9546.671,9585.282,9602.612,9527.439
2023,São Paulo Grand Prix,20,Brazil,São Paulo,0 days 02:41:17.316000,STR,18,0 days 00:01:14.729000,56.0,5.0,,Lance Stroll,,0 days 00:00:19.227000,0 days 00:00:38.312000,0 days 00:00:17.190000,0 days 02:40:21.839000,0 days 02:41:00.151000,0 days 02:41:17.341000,307.0,250.0,303.0,291.0,False,SOFT,6.0,False,Aston Martin,0 days 02:40:02.587000,,1,5.0,False,,False,True,20.0,58.0,927.9,False,39.6,179,1.1,True,False,False,False,False,False,+48.703,+13.506,48.703,13.506,9677.316,74.729,,,19.227,38.312,17.19,9621.839,9660.151,9677.341,9602.587
2023,São Paulo Grand Prix,20,Brazil,São Paulo,0 days 02:42:31.962000,STR,18,0 days 00:01:14.646000,57.0,5.0,,Lance Stroll,,0 days 00:00:19.164000,0 days 00:00:38.190000,0 days 00:00:17.292000,0 days 02:41:36.505000,0 days 02:42:14.695000,0 days 02:42:31.987000,305.0,236.0,303.0,293.0,False,SOFT,7.0,False,Aston Martin,0 days 02:41:17.316000,,1,5.0,False,,False,True,20.0,59.0,927.7,False,39.6,197,1.0,True,False,False,False,False,False,+47.704,+13.454,47.704,13.454,9751.962,74.646,,,19.164,38.19,17.292,9696.505,9734.695,9751.987,9677.316
2023,São Paulo Grand Prix,20,Brazil,São Paulo,0 days 02:43:46.484000,STR,18,0 days 00:01:14.522000,58.0,5.0,,Lance Stroll,,0 days 00:00:19.142000,0 days 00:00:38.165000,0 days 00:00:17.215000,0 days 02:42:51.129000,0 days 02:43:29.294000,0 days 02:43:46.509000,304.0,241.0,303.0,292.0,False,SOFT,8.0,False,Aston Martin,0 days 02:42:31.962000,,1,5.0,False,,False,True,20.0,59.0,927.9,False,38.8,160,1.2,True,False,False,False,False,False,+46.419,+13.604,46.419,13.604,9826.484,74.522,,,19.142,38.165,17.215,9771.129,9809.294,9826.509,9751.962
2023,São Paulo Grand Prix,20,Brazil,São Paulo,0 days 02:45:00.614000,STR,18,0 days 00:01:14.130000,59.0,5.0,,Lance Stroll,,0 days 00:00:19.089000,0 days 00:00:37.784000,0 days 00:00:17.257000,0 days 02:44:05.598000,0 days 02:44:43.382000,0 days 02:45:00.639000,304.0,245.0,303.0,295.0,True,SOFT,9.0,False,Aston Martin,0 days 02:43:46.484000,,1,5.0,False,,False,True,19.9,58.0,927.7,False,38.7,200,0.8,True,False,False,False,False,False,+36.625,+13.183,36.625,13.183,9900.614,74.13,,,19.089,37.784,17.257,9845.598,9883.382,9900.639,9826.484
2023,São Paulo Grand Prix,20,Brazil,São Paulo,0 days 02:46:15.023000,STR,18,0 days 00:01:14.409000,60.0,5.0,,Lance Stroll,,0 days 00:00:19.182000,0 days 00:00:38.051000,0 days 00:00:17.176000,0 days 02:45:19.821000,0 days 02:45:57.872000,0 days 02:46:15.048000,306.0,249.0,303.0,298.0,False,SOFT,10.0,False,Aston Martin,0 days 02:45:00.614000,,1,5.0,False,,False,True,19.8,58.0,927.9,False,38.0,177,1.2,True,False,False,False,False,False,+36.906,+12.478,36.906,12.478,9975.023,74.409,,,19.182,38.051,17.176,9919.821,9957.872,9975.048,9900.614
2023,São Paulo Grand Prix,20,Brazil,São Paulo,0 days 02:47:29.500000,STR,18,0 days 00:01:14.477000,61.0,5.0,,Lance Stroll,,0 days 00:00:19.161000,0 days 00:00:38.137000,0 days 00:00:17.179000,0 days 02:46:34.209000,0 days 02:47:12.346000,0 days 02:47:29.525000,305.0,249.0,302.0,297.0,False,SOFT,11.0,False,Aston Martin,0 days 02:46:15.023000,,1,5.0,False,,False,True,19.8,58.0,927.7,False,37.9,176,2.4,True,False,False,False,False,False,+36.794,+11.910,36.794,11.91,10049.5,74.477,,,19.161,38.137,17.179,9994.209,10032.346,10049.525,9975.023
2023,São Paulo Grand Prix,20,Brazil,São Paulo,0 days 02:48:43.840000,STR,18,0 days 00:01:14.340000,62.0,5.0,,Lance Stroll,,0 days 00:00:19.081000,0 days 00:00:38.046000,0 days 00:00:17.213000,0 days 02:47:48.606000,0 days 02:48:26.652000,0 days 02:48:43.865000,305.0,254.0,303.0,297.0,False,SOFT,12.0,False,Aston Martin,0 days 02:47:29.500000,,1,5.0,False,,False,True,19.8,59.0,927.9,False,37.8,182,2.0,True,False,False,False,False,False,+36.640,+11.487,36.64,11.487,10123.84,74.34,,,19.081,38.046,17.213,10068.606,10106.652,10123.865,10049.5
2023,São Paulo Grand Prix,20,Brazil,São Paulo,0 days 02:49:58.122000,STR,18,0 days 00:01:14.282000,63.0,5.0,,Lance Stroll,,0 days 00:00:19.144000,0 days 00:00:37.967000,0 days 00:00:17.171000,0 days 02:49:03.009000,0 days 02:49:40.976000,0 days 02:49:58.147000,305.0,255.0,304.0,300.0,False,SOFT,13.0,False,Aston Martin,0 days 02:48:43.840000,,1,5.0,False,,False,True,19.9,60.0,927.7,False,37.6,177,1.3,True,False,False,False,False,False,+36.546,+11.265,36.546,11.265,10198.122,74.282,,,19.144,37.967,17.171,10143.009,10180.976,10198.147,10123.84
2023,São Paulo Grand Prix,20,Brazil,São Paulo,0 days 02:51:12.207000,STR,18,0 days 00:01:14.085000,64.0,5.0,,Lance Stroll,,0 days 00:00:19.001000,0 days 00:00:37.957000,0 days 00:00:17.127000,0 days 02:50:17.148000,0 days 02:50:55.105000,0 days 02:51:12.232000,306.0,246.0,304.0,298.0,True,SOFT,14.0,False,Aston Martin,0 days 02:49:58.122000,,1,5.0,False,,False,True,19.9,59.0,927.7,False,37.8,154,1.6,True,False,False,False,False,False,+36.550,+10.859,36.55,10.859,10272.207,74.085,,,19.001,37.957,17.127,10217.148,10255.105,10272.232,10198.122
2023,São Paulo Grand Prix,20,Brazil,São Paulo,0 days 02:52:26.438000,STR,18,0 days 00:01:14.231000,65.0,5.0,,Lance Stroll,,0 days 00:00:19.052000,0 days 00:00:37.985000,0 days 00:00:17.194000,0 days 02:51:31.284000,0 days 02:52:09.269000,0 days 02:52:26.463000,305.0,254.0,304.0,300.0,False,SOFT,15.0,False,Aston Martin,0 days 02:51:12.207000,,1,5.0,False,,False,True,19.8,60.0,927.9,False,37.8,153,1.2,True,False,False,False,False,False,+36.774,+10.343,36.774,10.343,10346.438,74.231,,,19.052,37.985,17.194,10291.284,10329.269,10346.463,10272.207
2023,São Paulo Grand Prix,20,Brazil,São Paulo,0 days 02:53:40.804000,STR,18,0 days 00:01:14.366000,66.0,5.0,,Lance Stroll,,0 days 00:00:19.073000,0 days 00:00:38.060000,0 days 00:00:17.233000,0 days 02:52:45.536000,0 days 02:53:23.596000,0 days 02:53:40.829000,305.0,247.0,305.0,297.0,False,SOFT,16.0,False,Aston Martin,0 days 02:52:26.438000,,1,5.0,False,,False,True,19.8,60.0,927.7,False,37.1,159,1.3,True,False,False,False,False,False,+37.226,+10.260,37.226,10.26,10420.804,74.366,,,19.073,38.06,17.233,10365.536,10403.596,10420.829,10346.438
2023,São Paulo Grand Prix,20,Brazil,São Paulo,0 days 02:54:54.811000,STR,18,0 days 00:01:14.007000,67.0,5.0,,Lance Stroll,,0 days 00:00:19.106000,0 days 00:00:37.834000,0 days 00:00:17.067000,0 days 02:53:59.935000,0 days 02:54:37.769000,0 days 02:54:54.836000,306.0,252.0,303.0,293.0,True,SOFT,17.0,False,Aston Martin,0 days 02:53:40.804000,,1,5.0,False,,False,True,19.7,59.0,927.7,False,37.1,175,1.7,True,False,False,False,False,False,+37.847,+9.557,37.847,9.557,10494.811,74.007,,,19.106,37.834,17.067,10439.935,10477.769,10494.836,10420.804
2023,São Paulo Grand Prix,20,Brazil,São Paulo,0 days 02:56:09.207000,STR,18,0 days 00:01:14.396000,68.0,5.0,,Lance Stroll,,0 days 00:00:19.040000,0 days 00:00:38.152000,0 days 00:00:17.204000,0 days 02:55:13.876000,0 days 02:55:52.028000,0 days 02:56:09.232000,306.0,247.0,303.0,300.0,False,SOFT,18.0,False,Aston Martin,0 days 02:54:54.811000,,1,5.0,False,,False,True,19.7,60.0,927.9,False,37.0,212,1.6,True,False,False,False,False,False,+38.810,+9.228,38.81,9.228,10569.207,74.396,,,19.04,38.152,17.204,10513.876,10552.028,10569.232,10494.811
2023,São Paulo Grand Prix,20,Brazil,São Paulo,0 days 02:57:23.545000,STR,18,0 days 00:01:14.338000,69.0,5.0,,Lance Stroll,,0 days 00:00:19.055000,0 days 00:00:38.083000,0 days 00:00:17.200000,0 days 02:56:28.287000,0 days 02:57:06.370000,0 days 02:57:23.570000,305.0,253.0,302.0,296.0,False,SOFT,19.0,False,Aston Martin,0 days 02:56:09.207000,,1,5.0,False,,False,True,19.6,61.0,927.9,False,36.6,152,1.5,True,False,False,False,False,False,+39.104,+9.235,39.104,9.235,10643.545,74.338,,,19.055,38.083,17.2,10588.287,10626.37,10643.57,10569.207
2023,São Paulo Grand Prix,20,Brazil,São Paulo,0 days 02:58:38.053000,STR,18,0 days 00:01:14.508000,70.0,5.0,,Lance Stroll,,0 days 00:00:19.136000,0 days 00:00:38.181000,0 days 00:00:17.191000,0 days 02:57:42.706000,0 days 02:58:20.887000,0 days 02:58:38.078000,306.0,253.0,304.0,291.0,False,SOFT,20.0,False,Aston Martin,0 days 02:57:23.545000,,1,5.0,False,,False,True,19.7,61.0,927.7,False,36.4,177,1.2,True,False,False,False,False,False,+40.047,+7.258,40.047,7.258,10718.053,74.508,,,19.136,38.181,17.191,10662.706,10700.887,10718.078,10643.545
2023,São Paulo Grand Prix,20,Brazil,São Paulo,0 days 02:59:52.810000,STR,18,0 days 00:01:14.757000,71.0,5.0,,Lance Stroll,,0 days 00:00:19.142000,0 days 00:00:38.393000,0 days 00:00:17.222000,0 days 02:58:57.220000,0 days 02:59:35.613000,0 days 02:59:52.835000,306.0,247.0,306.0,299.0,False,SOFT,21.0,False,Aston Martin,0 days 02:58:38.053000,,1,5.0,False,,False,True,19.8,60.0,927.7,False,36.5,159,0.8,True,False,False,False,False,False,+40.892,+6.480,40.892,6.48,10792.81,74.757,,,19.142,38.393,17.222,10737.22,10775.613,10792.835,10718.053
2023,São Paulo Grand Prix,20,Brazil,São Paulo,0 days 01:04:51.044000,SAR,2,0 days 00:02:27.935000,1.0,1.0,,Logan Sargeant,0 days 01:04:46.991000,,0 days 00:01:11.572000,0 days 00:00:45.328000,,0 days 01:04:05.788000,0 days 01:04:51.084000,204.0,209.0,,190.0,False,MEDIUM,1.0,True,Williams,0 days 01:02:22.839000,,124,15.0,False,,False,False,20.6,58.0,928.0,False,47.8,181,1.1,True,True,True,False,False,False,+22.819,+0.700,22.819,0.7,3891.044,147.935,3886.991,,,71.572,45.328,,3845.788,3891.084,3742.839
2023,São Paulo Grand Prix,20,Brazil,São Paulo,0 days 01:07:16.394000,SAR,2,0 days 00:02:25.350000,2.0,2.0,0 days 01:05:14.443000,Logan Sargeant,0 days 01:07:11.286000,0 days 00:00:43.031000,0 days 00:00:55.409000,0 days 00:00:46.910000,0 days 01:05:34.092000,0 days 01:06:29.501000,0 days 01:07:16.411000,208.0,197.0,,,False,MEDIUM,2.0,False,Williams,0 days 01:04:51.044000,,45,14.0,False,,False,False,20.6,60.0,928.0,False,47.1,178,1.2,False,False,True,True,False,False,+22.517,+1.277,22.517,1.277,4036.394,145.35,4031.286,3914.443,43.031,55.409,46.91,3934.092,3989.501,4036.411,3891.044
2023,São Paulo Grand Prix,20,Brazil,São Paulo,0 days 01:33:08.300000,SAR,2,,3.0,3.0,0 days 01:30:52.488000,Logan Sargeant,,,0 days 00:00:42.462000,0 days 00:01:11.303000,,0 days 01:31:57.128000,0 days 01:33:08.424000,266.0,233.0,93.0,190.0,False,SOFT,1.0,True,Williams,0 days 01:30:00.364000,,1,14.0,False,,False,False,20.7,55.0,927.9,False,49.2,198,2.2,True,False,False,False,False,False,+56.846,+0.283,56.846,0.283,5588.3,,,5452.488,,42.462,71.303,,5517.128,5588.424,5400.364
2023,São Paulo Grand Prix,20,Brazil,São Paulo,0 days 01:34:30.101000,SAR,2,0 days 00:01:21.801000,4.0,3.0,,Logan Sargeant,,0 days 00:00:23.011000,0 days 00:00:41.101000,0 days 00:00:17.689000,0 days 01:33:31.328000,0 days 01:34:12.429000,0 days 01:34:30.118000,304.0,240.0,311.0,241.0,True,SOFT,2.0,True,Williams,0 days 01:33:08.300000,,1,15.0,False,,False,True,20.9,54.0,927.7,False,49.7,149,0.8,True,False,False,False,False,False,+6.113,+0.509,6.113,0.509,5670.101,81.801,,,23.011,41.101,17.689,5611.328,5652.429,5670.118,5588.3
2023,São Paulo Grand Prix,20,Brazil,São Paulo,0 days 01:35:48.363000,SAR,2,0 days 00:01:18.262000,5.0,3.0,,Logan Sargeant,,0 days 00:00:20.197000,0 days 00:00:40.426000,0 days 00:00:17.639000,0 days 01:34:50.315000,0 days 01:35:30.741000,0 days 01:35:48.380000,306.0,244.0,308.0,288.0,True,SOFT,3.0,True,Williams,0 days 01:34:30.101000,,1,15.0,False,,False,True,21.0,55.0,927.7,False,50.2,180,0.8,True,False,False,False,False,False,+8.592,+0.453,8.592,0.453,5748.363,78.262,,,20.197,40.426,17.639,5690.315,5730.741,5748.38,5670.101
2023,São Paulo Grand Prix,20,Brazil,São Paulo,0 days 01:37:05.610000,SAR,2,0 days 00:01:17.247000,6.0,3.0,,Logan Sargeant,,0 days 00:00:19.744000,0 days 00:00:39.920000,0 days 00:00:17.583000,0 days 01:36:08.124000,0 days 01:36:48.044000,0 days 01:37:05.627000,324.0,245.0,320.0,300.0,True,SOFT,4.0,True,Williams,0 days 01:35:48.363000,,1,15.0,False,,False,True,20.9,55.0,927.9,False,49.8,186,1.1,True,False,False,False,False,False,+10.379,+0.489,10.379,0.489,5825.61,77.247,,,19.744,39.92,17.583,5768.124,5808.044,5825.627,5748.363
2023,São Paulo Grand Prix,20,Brazil,São Paulo,0 days 01:38:22.792000,SAR,2,0 days 00:01:17.182000,7.0,3.0,,Logan Sargeant,,0 days 00:00:19.662000,0 days 00:00:40.058000,0 days 00:00:17.462000,0 days 01:37:25.289000,0 days 01:38:05.347000,0 days 01:38:22.809000,315.0,246.0,318.0,304.0,True,SOFT,5.0,True,Williams,0 days 01:37:05.610000,,1,15.0,False,,False,True,21.1,57.0,927.7,False,49.6,170,1.2,True,False,False,False,False,False,+11.963,+0.568,11.963,0.568,5902.792,77.182,,,19.662,40.058,17.462,5845.289,5885.347,5902.809,5825.61
2023,São Paulo Grand Prix,20,Brazil,São Paulo,0 days 01:39:39.590000,SAR,2,0 days 00:01:16.798000,8.0,3.0,,Logan Sargeant,,0 days 00:00:19.531000,0 days 00:00:39.829000,0 days 00:00:17.438000,0 days 01:38:42.340000,0 days 01:39:22.169000,0 days 01:39:39.607000,321.0,245.0,326.0,307.0,True,SOFT,6.0,True,Williams,0 days 01:38:22.792000,,1,15.0,False,,False,True,21.1,58.0,927.9,False,49.7,204,1.8,True,False,False,False,False,False,+12.944,+0.540,12.944,0.54,5979.59,76.798,,,19.531,39.829,17.438,5922.34,5962.169,5979.607,5902.792
2023,São Paulo Grand Prix,20,Brazil,São Paulo,0 days 01:40:56.444000,SAR,2,0 days 00:01:16.854000,9.0,3.0,,Logan Sargeant,,0 days 00:00:19.522000,0 days 00:00:39.929000,0 days 00:00:17.403000,0 days 01:39:59.129000,0 days 01:40:39.058000,0 days 01:40:56.461000,317.0,239.0,328.0,305.0,False,SOFT,7.0,True,Williams,0 days 01:39:39.590000,,1,15.0,False,,False,True,21.1,58.0,927.9,False,49.3,175,1.7,True,False,False,False,False,False,+13.624,+0.441,13.624,0.441,6056.444,76.854,,,19.522,39.929,17.403,5999.129,6039.058,6056.461,5979.59
2023,São Paulo Grand Prix,20,Brazil,São Paulo,0 days 01:42:13.378000,SAR,2,0 days 00:01:16.934000,10.0,3.0,,Logan Sargeant,,0 days 00:00:19.457000,0 days 00:00:39.998000,0 days 00:00:17.479000,0 days 01:41:15.918000,0 days 01:41:55.916000,0 days 01:42:13.395000,321.0,243.0,321.0,305.0,False,SOFT,8.0,True,Williams,0 days 01:40:56.444000,,1,15.0,False,,False,True,21.0,58.0,927.7,False,49.4,263,1.0,True,False,False,False,False,False,+14.530,+0.580,14.53,0.58,6133.378,76.934,,,19.457,39.998,17.479,6075.918,6115.916,6133.395,6056.444
2023,São Paulo Grand Prix,20,Brazil,São Paulo,0 days 01:43:30.673000,SAR,2,0 days 00:01:17.295000,11.0,3.0,,Logan Sargeant,,0 days 00:00:19.599000,0 days 00:00:40.195000,0 days 00:00:17.501000,0 days 01:42:32.994000,0 days 01:43:13.189000,0 days 01:43:30.690000,323.0,239.0,321.0,307.0,False,SOFT,9.0,True,Williams,0 days 01:42:13.378000,,1,15.0,False,,False,True,20.9,58.0,927.5,False,49.2,291,1.5,True,False,False,False,False,False,+15.551,+0.767,15.551,0.767,6210.673,77.295,,,19.599,40.195,17.501,6152.994,6193.189,6210.69,6133.378
2023,São Paulo Grand Prix,20,Brazil,São Paulo,0 days 01:44:48.333000,SAR,2,0 days 00:01:17.660000,12.0,3.0,,Logan Sargeant,,0 days 00:00:19.603000,0 days 00:00:40.335000,0 days 00:00:17.722000,0 days 01:43:50.293000,0 days 01:44:30.628000,0 days 01:44:48.350000,319.0,238.0,321.0,308.0,False,SOFT,10.0,True,Williams,0 days 01:43:30.673000,,1,15.0,False,,False,True,20.8,57.0,927.7,False,48.9,152,1.7,True,False,False,False,False,False,+17.333,+0.900,17.333,0.9,6288.333,77.66,,,19.603,40.335,17.722,6230.293,6270.628,6288.35,6210.673
2023,São Paulo Grand Prix,20,Brazil,São Paulo,0 days 01:46:06.254000,SAR,2,0 days 00:01:17.921000,13.0,3.0,,Logan Sargeant,,0 days 00:00:19.679000,0 days 00:00:40.783000,0 days 00:00:17.459000,0 days 01:45:08.029000,0 days 01:45:48.812000,0 days 01:46:06.271000,325.0,243.0,325.0,305.0,False,SOFT,11.0,True,Williams,0 days 01:44:48.333000,,1,14.0,False,,False,True,20.8,55.0,927.7,False,49.1,181,1.3,True,False,False,False,False,False,+18.982,+0.034,18.982,0.034,6366.254,77.921,,,19.679,40.783,17.459,6308.029,6348.812,6366.271,6288.333
2023,São Paulo Grand Prix,20,Brazil,São Paulo,0 days 01:47:23.841000,SAR,2,0 days 00:01:17.587000,14.0,3.0,,Logan Sargeant,,0 days 00:00:19.746000,0 days 00:00:40.115000,0 days 00:00:17.726000,0 days 01:46:26.017000,0 days 01:47:06.132000,0 days 01:47:23.858000,309.0,244.0,305.0,311.0,False,SOFT,12.0,True,Williams,0 days 01:46:06.254000,,1,13.0,False,,False,True,20.6,57.0,927.7,False,49.1,73,1.1,True,False,False,False,False,False,+20.352,+1.345,20.352,1.345,6443.841,77.587,,,19.746,40.115,17.726,6386.017,6426.132,6443.858,6366.254
2023,São Paulo Grand Prix,20,Brazil,São Paulo,0 days 01:48:41.691000,SAR,2,0 days 00:01:17.850000,15.0,3.0,,Logan Sargeant,,0 days 00:00:19.784000,0 days 00:00:40.164000,0 days 00:00:17.902000,0 days 01:47:43.642000,0 days 01:48:23.806000,0 days 01:48:41.708000,307.0,246.0,300.0,298.0,False,SOFT,13.0,True,Williams,0 days 01:47:23.841000,,1,12.0,False,,False,True,20.6,56.0,927.7,False,48.9,189,0.4,True,False,False,False,False,False,+21.754,+1.624,21.754,1.624,6521.691,77.85,,,19.784,40.164,17.902,6463.642,6503.806,6521.708,6443.841
2023,São Paulo Grand Prix,20,Brazil,São Paulo,0 days 01:49:59.176000,SAR,2,0 days 00:01:17.485000,16.0,3.0,,Logan Sargeant,,0 days 00:00:19.869000,0 days 00:00:39.858000,0 days 00:00:17.758000,0 days 01:49:01.577000,0 days 01:49:41.435000,0 days 01:49:59.193000,302.0,242.0,319.0,298.0,False,SOFT,14.0,True,Williams,0 days 01:48:41.691000,,1,12.0,False,,False,True,20.8,55.0,927.9,False,48.9,194,1.7,True,False,False,False,False,False,+23.090,+0.716,23.09,0.716,6599.176,77.485,,,19.869,39.858,17.758,6541.577,6581.435,6599.193,6521.691
2023,São Paulo Grand Prix,20,Brazil,São Paulo,0 days 01:51:21.602000,SAR,2,0 days 00:01:22.426000,17.0,3.0,,Logan Sargeant,0 days 01:51:18.677000,0 days 00:00:19.849000,0 days 00:00:40.555000,0 days 00:00:22.022000,0 days 01:50:19.042000,0 days 01:50:59.597000,0 days 01:51:21.619000,318.0,240.0,,309.0,False,SOFT,15.0,True,Williams,0 days 01:49:59.176000,,1,12.0,False,,False,False,21.0,56.0,927.7,False,48.7,170,2.2,True,False,False,False,False,False,+25.188,+1.888,25.188,1.888,6681.602,82.426,6678.677,,19.849,40.555,22.022,6619.042,6659.597,6681.619,6599.176
2023,São Paulo Grand Prix,20,Brazil,São Paulo,0 days 01:52:55.359000,SAR,2,0 days 00:01:33.757000,18.0,4.0,0 days 01:51:43.114000,Logan Sargeant,,0 days 00:00:37.965000,0 days 00:00:38.433000,0 days 00:00:17.359000,0 days 01:51:59.584000,0 days 01:52:38.017000,0 days 01:52:55.376000,297.0,250.0,298.0,309.0,False,SOFT,1.0,True,Williams,0 days 01:51:21.602000,,1,15.0,False,,False,False,21.0,56.0,927.7,False,48.7,164,1.7,True,False,False,False,False,False,+46.604,+3.390,46.604,3.39,6775.359,93.757,,6703.114,37.965,38.433,17.359,6719.584,6758.017,6775.376,6681.602
2023,São Paulo Grand Prix,20,Brazil,São Paulo,0 days 01:54:11.594000,SAR,2,0 days 00:01:16.235000,19.0,4.0,,Logan Sargeant,,0 days 00:00:19.761000,0 days 00:00:39.011000,0 days 00:00:17.463000,0 days 01:53:15.137000,0 days 01:53:54.148000,0 days 01:54:11.611000,304.0,242.0,303.0,291.0,True,SOFT,2.0,True,Williams,0 days 01:52:55.359000,,1,15.0,False,,False,True,20.9,57.0,927.7,False,48.8,197,1.5,True,False,False,False,False,False,+46.816,+2.113,46.816,2.113,6851.594,76.235,,,19.761,39.011,17.463,6795.137,6834.148,6851.611,6775.359
2023,São Paulo Grand Prix,20,Brazil,São Paulo,0 days 01:55:27.973000,SAR,2,0 days 00:01:16.379000,20.0,4.0,,Logan Sargeant,,0 days 00:00:19.476000,0 days 00:00:39.451000,0 days 00:00:17.452000,0 days 01:54:31.087000,0 days 01:55:10.538000,0 days 01:55:27.990000,305.0,245.0,303.0,298.0,False,SOFT,3.0,True,Williams,0 days 01:54:11.594000,,1,15.0,False,,False,True,20.6,58.0,927.9,False,48.9,190,2.5,True,False,False,False,False,False,+47.196,+1.667,47.196,1.667,6927.973,76.379,,,19.476,39.451,17.452,6871.087,6910.538,6927.99,6851.594
2023,São Paulo Grand Prix,20,Brazil,São Paulo,0 days 01:56:44.261000,SAR,2,0 days 00:01:16.288000,21.0,4.0,,Logan Sargeant,,0 days 00:00:19.598000,0 days 00:00:39.174000,0 days 00:00:17.516000,0 days 01:55:47.588000,0 days 01:56:26.762000,0 days 01:56:44.278000,303.0,241.0,303.0,297.0,False,SOFT,4.0,True,Williams,0 days 01:55:27.973000,,1,15.0,False,,False,True,20.5,59.0,927.7,False,48.3,198,1.3,True,False,False,False,False,False,+47.268,+1.188,47.268,1.188,7004.261,76.288,,,19.598,39.174,17.516,6947.588,6986.762,7004.278,6927.973
2023,São Paulo Grand Prix,20,Brazil,São Paulo,0 days 01:58:00.362000,SAR,2,0 days 00:01:16.101000,22.0,4.0,,Logan Sargeant,,0 days 00:00:19.582000,0 days 00:00:39.197000,0 days 00:00:17.322000,0 days 01:57:03.860000,0 days 01:57:43.057000,0 days 01:58:00.379000,303.0,240.0,315.0,288.0,True,SOFT,5.0,True,Williams,0 days 01:56:44.261000,,1,13.0,False,,False,True,20.6,59.0,927.7,False,48.3,189,2.2,True,False,False,False,False,False,+47.267,+2.722,47.267,2.722,7080.362,76.101,,,19.582,39.197,17.322,7023.86,7063.057,7080.379,7004.261
2023,São Paulo Grand Prix,20,Brazil,São Paulo,0 days 01:59:16.720000,SAR,2,0 days 00:01:16.358000,23.0,4.0,,Logan Sargeant,,0 days 00:00:19.315000,0 days 00:00:39.558000,0 days 00:00:17.485000,0 days 01:58:19.694000,0 days 01:58:59.252000,0 days 01:59:16.737000,305.0,246.0,301.0,312.0,False,SOFT,6.0,True,Williams,0 days 01:58:00.362000,,1,13.0,False,,False,True,20.5,59.0,927.7,False,48.5,195,1.5,True,False,False,False,False,False,+47.494,+2.442,47.494,2.442,7156.72,76.358,,,19.315,39.558,17.485,7099.694,7139.252,7156.737,7080.362
2023,São Paulo Grand Prix,20,Brazil,São Paulo,0 days 02:00:33.257000,SAR,2,0 days 00:01:16.537000,24.0,4.0,,Logan Sargeant,,0 days 00:00:19.628000,0 days 00:00:39.343000,0 days 00:00:17.566000,0 days 01:59:36.365000,0 days 02:00:15.708000,0 days 02:00:33.274000,301.0,245.0,301.0,297.0,False,SOFT,7.0,True,Williams,0 days 01:59:16.720000,,1,13.0,False,,False,True,20.5,58.0,927.7,False,48.1,155,1.2,True,False,False,False,False,False,+47.614,+2.088,47.614,2.088,7233.257,76.537,,,19.628,39.343,17.566,7176.365,7215.708,7233.274,7156.72
2023,São Paulo Grand Prix,20,Brazil,São Paulo,0 days 02:01:50.050000,SAR,2,0 days 00:01:16.793000,25.0,4.0,,Logan Sargeant,,0 days 00:00:19.598000,0 days 00:00:39.617000,0 days 00:00:17.578000,0 days 02:00:52.872000,0 days 02:01:32.489000,0 days 02:01:50.067000,304.0,244.0,303.0,297.0,False,SOFT,8.0,True,Williams,0 days 02:00:33.257000,,1,13.0,False,,False,True,20.5,58.0,927.7,False,48.1,153,0.8,True,False,False,False,False,False,+48.169,+2.060,48.169,2.06,7310.05,76.793,,,19.598,39.617,17.578,7252.872,7292.489,7310.067,7233.257
2023,São Paulo Grand Prix,20,Brazil,São Paulo,0 days 02:03:06.816000,SAR,2,0 days 00:01:16.766000,26.0,4.0,,Logan Sargeant,,0 days 00:00:19.594000,0 days 00:00:39.559000,0 days 00:00:17.613000,0 days 02:02:09.661000,0 days 02:02:49.220000,0 days 02:03:06.833000,304.0,241.0,304.0,294.0,False,SOFT,9.0,True,Williams,0 days 02:01:50.050000,,1,13.0,False,,False,True,20.5,58.0,927.7,False,47.8,200,0.6,True,False,False,False,False,False,+48.502,+2.192,48.502,2.192,7386.816,76.766,,,19.594,39.559,17.613,7329.661,7369.22,7386.833,7310.05
2023,São Paulo Grand Prix,20,Brazil,São Paulo,0 days 02:04:23.464000,SAR,2,0 days 00:01:16.648000,27.0,4.0,,Logan Sargeant,,0 days 00:00:19.547000,0 days 00:00:39.469000,0 days 00:00:17.632000,0 days 02:03:26.380000,0 days 02:04:05.849000,0 days 02:04:23.481000,304.0,241.0,304.0,300.0,False,SOFT,10.0,True,Williams,0 days 02:03:06.816000,,1,11.0,False,,False,True,20.6,57.0,927.7,False,48.7,196,1.1,True,False,False,False,False,False,+44.834,+1.720,44.834,1.72,7463.464,76.648,,,19.547,39.469,17.632,7406.38,7445.849,7463.481,7386.816
2023,São Paulo Grand Prix,20,Brazil,São Paulo,0 days 02:05:40.122000,SAR,2,0 days 00:01:16.658000,28.0,4.0,,Logan Sargeant,,0 days 00:00:19.492000,0 days 00:00:39.645000,0 days 00:00:17.521000,0 days 02:04:42.973000,0 days 02:05:22.618000,0 days 02:05:40.139000,306.0,241.0,302.0,296.0,False,SOFT,11.0,True,Williams,0 days 02:04:23.464000,,1,11.0,False,,False,True,20.7,56.0,927.7,False,48.8,172,1.2,True,False,False,False,False,False,+28.734,+1.316,28.734,1.316,7540.122,76.658,,,19.492,39.645,17.521,7482.973,7522.618,7540.139,7463.464
2023,São Paulo Grand Prix,20,Brazil,São Paulo,0 days 02:06:57.123000,SAR,2,0 days 00:01:17.001000,29.0,4.0,,Logan Sargeant,,0 days 00:00:19.606000,0 days 00:00:39.708000,0 days 00:00:17.687000,0 days 02:05:59.745000,0 days 02:06:39.453000,0 days 02:06:57.140000,305.0,239.0,304.0,300.0,False,SOFT,12.0,True,Williams,0 days 02:05:40.122000,,1,12.0,False,,False,True,20.5,57.0,927.7,False,48.8,154,1.2,True,False,False,False,False,False,+30.051,+1.410,30.051,1.41,7617.123,77.001,,,19.606,39.708,17.687,7559.745,7599.453,7617.14,7540.122
2023,São Paulo Grand Prix,20,Brazil,São Paulo,0 days 02:08:14.598000,SAR,2,0 days 00:01:17.475000,30.0,4.0,,Logan Sargeant,,0 days 00:00:19.927000,0 days 00:00:39.867000,0 days 00:00:17.681000,0 days 02:07:17.067000,0 days 02:07:56.934000,0 days 02:08:14.615000,321.0,240.0,301.0,286.0,False,SOFT,13.0,True,Williams,0 days 02:06:57.123000,,1,12.0,False,,False,True,20.4,57.0,927.7,False,48.4,174,1.1,True,False,False,False,False,False,+31.703,+1.688,31.703,1.688,7694.598,77.475,,,19.927,39.867,17.681,7637.067,7676.934,7694.615,7617.123
2023,São Paulo Grand Prix,20,Brazil,São Paulo,0 days 02:09:31.549000,SAR,2,0 days 00:01:16.951000,31.0,4.0,,Logan Sargeant,,0 days 00:00:19.654000,0 days 00:00:39.547000,0 days 00:00:17.750000,0 days 02:08:34.269000,0 days 02:09:13.816000,0 days 02:09:31.566000,305.0,243.0,303.0,294.0,False,SOFT,14.0,True,Williams,0 days 02:08:14.598000,,1,11.0,False,,False,True,20.5,57.0,927.7,False,48.0,150,1.6,True,False,False,False,False,False,+32.889,+2.474,32.889,2.474,7771.549,76.951,,,19.654,39.547,17.75,7714.269,7753.816,7771.566,7694.598
2023,São Paulo Grand Prix,20,Brazil,São Paulo,0 days 02:10:48.574000,SAR,2,0 days 00:01:17.025000,32.0,4.0,,Logan Sargeant,,0 days 00:00:19.563000,0 days 00:00:39.783000,0 days 00:00:17.679000,0 days 02:09:51.129000,0 days 02:10:30.912000,0 days 02:10:48.591000,304.0,240.0,302.0,297.0,False,SOFT,15.0,True,Williams,0 days 02:09:31.549000,,1,11.0,False,,False,True,20.5,58.0,927.7,False,47.8,185,1.7,True,False,False,False,False,False,+34.440,+2.206,34.44,2.206,7848.574,77.025,,,19.563,39.783,17.679,7791.129,7830.912,7848.591,7771.549
2023,São Paulo Grand Prix,20,Brazil,São Paulo,0 days 02:12:05.222000,SAR,2,0 days 00:01:16.648000,33.0,4.0,,Logan Sargeant,,0 days 00:00:19.633000,0 days 00:00:39.409000,0 days 00:00:17.606000,0 days 02:11:08.224000,0 days 02:11:47.633000,0 days 02:12:05.239000,303.0,241.0,302.0,301.0,False,SOFT,16.0,True,Williams,0 days 02:10:48.574000,,1,11.0,False,,False,True,20.4,58.0,927.9,False,47.4,170,1.7,True,False,False,False,False,False,+35.934,+2.010,35.934,2.01,7925.222,76.648,,,19.633,39.409,17.606,7868.224,7907.633,7925.239,7848.574
2023,São Paulo Grand Prix,20,Brazil,São Paulo,0 days 02:13:22.780000,SAR,2,0 days 00:01:17.558000,34.0,4.0,,Logan Sargeant,,0 days 00:00:19.843000,0 days 00:00:40.179000,0 days 00:00:17.536000,0 days 02:12:25.082000,0 days 02:13:05.261000,0 days 02:13:22.797000,319.0,244.0,306.0,303.0,False,SOFT,17.0,True,Williams,0 days 02:12:05.222000,,1,12.0,False,,False,True,20.3,60.0,927.7,False,47.3,311,1.6,True,False,False,False,False,False,+38.378,+1.326,38.378,1.326,8002.78,77.558,,,19.843,40.179,17.536,7945.082,7985.261,8002.797,7925.222
2023,São Paulo Grand Prix,20,Brazil,São Paulo,0 days 02:14:40.483000,SAR,2,0 days 00:01:17.703000,35.0,4.0,,Logan Sargeant,,0 days 00:00:19.896000,0 days 00:00:40.401000,0 days 00:00:17.406000,0 days 02:13:42.693000,0 days 02:14:23.094000,0 days 02:14:40.500000,315.0,243.0,323.0,294.0,False,SOFT,18.0,True,Williams,0 days 02:13:22.780000,,1,12.0,False,,False,True,20.2,60.0,927.7,False,47.2,156,1.0,True,False,False,False,False,False,+41.038,+2.858,41.038,2.858,8080.483,77.703,,,19.896,40.401,17.406,8022.693,8063.094,8080.5,8002.78
2023,São Paulo Grand Prix,20,Brazil,São Paulo,0 days 02:15:57.675000,SAR,2,0 days 00:01:17.192000,36.0,4.0,,Logan Sargeant,,0 days 00:00:19.663000,0 days 00:00:39.984000,0 days 00:00:17.545000,0 days 02:15:00.163000,0 days 02:15:40.147000,0 days 02:15:57.692000,321.0,240.0,305.0,298.0,False,SOFT,19.0,True,Williams,0 days 02:14:40.483000,,1,12.0,False,,False,True,20.2,59.0,927.7,False,47.2,177,1.3,True,False,False,False,False,False,+42.969,+2.607,42.969,2.607,8157.675,77.192,,,19.663,39.984,17.545,8100.163,8140.147,8157.692,8080.483
2023,São Paulo Grand Prix,20,Brazil,São Paulo,0 days 02:17:14.672000,SAR,2,0 days 00:01:16.997000,37.0,4.0,,Logan Sargeant,,0 days 00:00:19.670000,0 days 00:00:39.765000,0 days 00:00:17.562000,0 days 02:16:17.362000,0 days 02:16:57.127000,0 days 02:17:14.689000,309.0,241.0,304.0,302.0,False,SOFT,20.0,True,Williams,0 days 02:15:57.675000,,1,12.0,False,,False,True,20.3,58.0,927.7,False,47.3,182,2.0,True,False,False,False,False,False,+45.298,+2.000,45.298,2.0,8234.672,76.997,,,19.67,39.765,17.562,8177.362,8217.127,8234.689,8157.675
2023,São Paulo Grand Prix,20,Brazil,São Paulo,0 days 02:18:32.064000,SAR,2,0 days 00:01:17.392000,38.0,4.0,,Logan Sargeant,,0 days 00:00:19.594000,0 days 00:00:40.110000,0 days 00:00:17.688000,0 days 02:17:34.283000,0 days 02:18:14.393000,0 days 02:18:32.081000,309.0,242.0,302.0,299.0,False,SOFT,21.0,True,Williams,0 days 02:17:14.672000,,1,12.0,False,,False,True,20.5,59.0,927.7,False,47.5,191,1.7,True,False,False,False,False,False,+47.714,+1.490,47.714,1.49,8312.064,77.392,,,19.594,40.11,17.688,8254.283,8294.393,8312.081,8234.672
2023,São Paulo Grand Prix,20,Brazil,São Paulo,0 days 02:19:49.304000,SAR,2,0 days 00:01:17.240000,39.0,4.0,,Logan Sargeant,,0 days 00:00:19.555000,0 days 00:00:39.788000,0 days 00:00:17.897000,0 days 02:18:51.636000,0 days 02:19:31.424000,0 days 02:19:49.321000,308.0,241.0,300.0,303.0,False,SOFT,22.0,True,Williams,0 days 02:18:32.064000,,1,11.0,False,,False,True,20.5,58.0,927.7,False,47.5,174,2.0,True,False,False,False,False,False,+49.967,+0.967,49.967,0.967,8389.304,77.24,,,19.555,39.788,17.897,8331.636,8371.424,8389.321,8312.064
2023,São Paulo Grand Prix,20,Brazil,São Paulo,0 days 02:21:06.208000,SAR,2,0 days 00:01:16.904000,40.0,4.0,,Logan Sargeant,,0 days 00:00:19.611000,0 days 00:00:39.539000,0 days 00:00:17.754000,0 days 02:20:08.932000,0 days 02:20:48.471000,0 days 02:21:06.225000,305.0,244.0,300.0,298.0,False,SOFT,23.0,True,Williams,0 days 02:19:49.304000,,1,11.0,False,,False,True,20.4,58.0,927.7,False,47.2,161,1.0,True,False,False,False,False,False,+51.660,+9.374,51.66,9.374,8466.208,76.904,,,19.611,39.539,17.754,8408.932,8448.471,8466.225,8389.304
2023,São Paulo Grand Prix,20,Brazil,São Paulo,0 days 02:22:23.117000,SAR,2,0 days 00:01:16.909000,41.0,4.0,,Logan Sargeant,,0 days 00:00:19.554000,0 days 00:00:39.496000,0 days 00:00:17.859000,0 days 02:21:25.779000,0 days 02:22:05.275000,0 days 02:22:23.134000,305.0,241.0,302.0,301.0,False,SOFT,24.0,True,Williams,0 days 02:21:06.208000,,1,11.0,False,,False,True,20.5,59.0,927.7,False,46.6,170,1.0,True,False,False,False,False,False,+53.239,+10.203,53.239,10.203,8543.117,76.909,,,19.554,39.496,17.859,8485.779,8525.275,8543.134,8466.208
2023,São Paulo Grand Prix,20,Brazil,São Paulo,0 days 02:23:40.164000,SAR,2,0 days 00:01:17.047000,42.0,4.0,,Logan Sargeant,,0 days 00:00:19.521000,0 days 00:00:39.701000,0 days 00:00:17.825000,0 days 02:22:42.655000,0 days 02:23:22.356000,0 days 02:23:40.181000,304.0,242.0,300.0,299.0,False,SOFT,25.0,True,Williams,0 days 02:22:23.117000,,1,11.0,False,,False,True,20.5,58.0,927.7,False,47.1,161,2.0,True,False,False,False,False,False,+55.032,+11.368,55.032,11.368,8620.164,77.047,,,19.521,39.701,17.825,8562.655,8602.356,8620.181,8543.117
2023,São Paulo Grand Prix,20,Brazil,São Paulo,0 days 02:24:57.789000,SAR,2,0 days 00:01:17.625000,43.0,4.0,,Logan Sargeant,,0 days 00:00:19.658000,0 days 00:00:39.983000,0 days 00:00:17.984000,0 days 02:23:59.839000,0 days 02:24:39.822000,0 days 02:24:57.806000,305.0,246.0,298.0,299.0,False,SOFT,26.0,True,Williams,0 days 02:23:40.164000,,1,11.0,False,,False,True,20.5,59.0,927.7,False,46.9,191,2.0,True,False,False,False,False,False,+57.607,+12.727,57.607,12.727,8697.789,77.625,,,19.658,39.983,17.984,8639.839,8679.822,8697.806,8620.164
2023,São Paulo Grand Prix,20,Brazil,São Paulo,0 days 02:26:19.784000,SAR,2,0 days 00:01:21.995000,44.0,4.0,,Logan Sargeant,0 days 02:26:16.872000,0 days 00:00:19.817000,0 days 00:00:40,0 days 00:00:22.178000,0 days 02:25:17.623000,0 days 02:25:57.623000,0 days 02:26:19.801000,297.0,243.0,,294.0,False,SOFT,27.0,True,Williams,0 days 02:24:57.789000,,1,12.0,False,,False,False,20.4,59.0,927.7,False,47.1,182,2.5,True,False,False,False,False,False,+60.407,+14.629,60.407,14.629,8779.784,81.995,8776.872,,19.817,40.0,22.178,8717.623,8757.623,8779.801,8697.789
2023,São Paulo Grand Prix,20,Brazil,São Paulo,0 days 02:27:54.461000,SAR,2,0 days 00:01:34.677000,45.0,5.0,0 days 02:26:41.059000,Logan Sargeant,,0 days 00:00:37.806000,0 days 00:00:39.366000,0 days 00:00:17.505000,0 days 02:26:57.607000,0 days 02:27:36.973000,0 days 02:27:54.478000,296.0,247.0,300.0,294.0,False,SOFT,1.0,True,Williams,0 days 02:26:19.784000,,1,13.0,False,,False,False,20.3,59.0,927.9,False,47.1,164,1.5,True,False,False,False,False,False,1 L,+11.544,,11.544,8874.461,94.677,,8801.059,37.806,39.366,17.505,8817.607,8856.973,8874.478,8779.784
2023,São Paulo Grand Prix,20,Brazil,São Paulo,0 days 02:29:10.578000,SAR,2,0 days 00:01:16.117000,46.0,5.0,,Logan Sargeant,,0 days 00:00:19.592000,0 days 00:00:38.991000,0 days 00:00:17.534000,0 days 02:28:14.070000,0 days 02:28:53.061000,0 days 02:29:10.595000,305.0,246.0,301.0,292.0,False,SOFT,2.0,True,Williams,0 days 02:27:54.461000,,1,13.0,False,,False,True,20.3,59.0,927.9,False,46.8,233,1.2,True,False,False,False,False,False,1 L,+10.632,,10.632,8950.578,76.117,,,19.592,38.991,17.534,8894.07,8933.061,8950.595,8874.461
2023,São Paulo Grand Prix,20,Brazil,São Paulo,0 days 02:30:26.629000,SAR,2,0 days 00:01:16.051000,47.0,5.0,,Logan Sargeant,,0 days 00:00:19.599000,0 days 00:00:38.830000,0 days 00:00:17.622000,0 days 02:29:30.194000,0 days 02:30:09.024000,0 days 02:30:26.646000,303.0,246.0,298.0,291.0,True,SOFT,3.0,True,Williams,0 days 02:29:10.578000,,1,12.0,False,,False,True,20.3,59.0,927.7,False,46.7,213,1.6,True,False,False,False,False,False,1 L,+15.106,,15.106,9026.629,76.051,,,19.599,38.83,17.622,8970.194,9009.024,9026.646,8950.578
2023,São Paulo Grand Prix,20,Brazil,São Paulo,0 days 02:31:42.437000,SAR,2,0 days 00:01:15.808000,48.0,5.0,,Logan Sargeant,,0 days 00:00:19.475000,0 days 00:00:38.830000,0 days 00:00:17.503000,0 days 02:30:46.121000,0 days 02:31:24.951000,0 days 02:31:42.454000,303.0,244.0,299.0,298.0,True,SOFT,4.0,True,Williams,0 days 02:30:26.629000,,1,12.0,False,,False,True,20.3,58.0,927.7,False,46.2,197,1.3,True,False,False,False,False,False,1 L,+14.544,,14.544,9102.437,75.808,,,19.475,38.83,17.503,9046.121,9084.951,9102.454,9026.629
2023,São Paulo Grand Prix,20,Brazil,São Paulo,0 days 02:32:58.425000,SAR,2,0 days 00:01:15.988000,49.0,5.0,,Logan Sargeant,,0 days 00:00:19.521000,0 days 00:00:38.988000,0 days 00:00:17.479000,0 days 02:32:01.975000,0 days 02:32:40.963000,0 days 02:32:58.442000,303.0,246.0,298.0,289.0,False,SOFT,5.0,True,Williams,0 days 02:31:42.437000,,1,12.0,False,,False,True,20.2,58.0,927.7,False,45.4,150,1.5,True,False,False,False,False,False,1 L,+14.216,,14.216,9178.425,75.988,,,19.521,38.988,17.479,9121.975,9160.963,9178.442,9102.437
2023,São Paulo Grand Prix,20,Brazil,São Paulo,0 days 02:34:14.578000,SAR,2,0 days 00:01:16.153000,50.0,5.0,,Logan Sargeant,,0 days 00:00:19.558000,0 days 00:00:39.127000,0 days 00:00:17.468000,0 days 02:33:18,0 days 02:33:57.127000,0 days 02:34:14.595000,301.0,245.0,298.0,294.0,False,SOFT,6.0,True,Williams,0 days 02:32:58.425000,,1,12.0,False,,False,True,20.3,59.0,927.7,False,43.2,181,1.5,True,False,False,False,False,False,1 L,+13.939,,13.939,9254.578,76.153,,,19.558,39.127,17.468,9198.0,9237.127,9254.595,9178.425
2023,São Paulo Grand Prix,20,Brazil,São Paulo,0 days 02:35:30.316000,SAR,2,0 days 00:01:15.738000,51.0,5.0,,Logan Sargeant,,0 days 00:00:19.374000,0 days 00:00:38.861000,0 days 00:00:17.503000,0 days 02:34:33.969000,0 days 02:35:12.830000,0 days 02:35:30.333000,300.0,246.0,300.0,291.0,True,SOFT,7.0,True,Williams,0 days 02:34:14.578000,,1,12.0,False,,False,True,20.3,58.0,927.7,False,42.5,164,0.6,True,False,False,False,False,False,1 L,+18.244,,18.244,9330.316,75.738,,,19.374,38.861,17.503,9273.969,9312.83,9330.333,9254.578
2023,São Paulo Grand Prix,20,Brazil,São Paulo,0 days 02:36:46.111000,SAR,2,0 days 00:01:15.795000,52.0,5.0,,Logan Sargeant,,0 days 00:00:19.398000,0 days 00:00:38.915000,0 days 00:00:17.482000,0 days 02:35:49.731000,0 days 02:36:28.646000,0 days 02:36:46.128000,300.0,246.0,300.0,290.0,False,SOFT,8.0,True,Williams,0 days 02:35:30.316000,,1,11.0,False,,False,True,20.3,59.0,927.7,False,41.8,0,1.1,True,False,False,False,False,False,1 L,+13.926,,13.926,9406.111,75.795,,,19.398,38.915,17.482,9349.731,9388.646,9406.128,9330.316
2023,São Paulo Grand Prix,20,Brazil,São Paulo,0 days 02:38:01.989000,SAR,2,0 days 00:01:15.878000,53.0,5.0,,Logan Sargeant,,0 days 00:00:19.483000,0 days 00:00:39.017000,0 days 00:00:17.378000,0 days 02:37:05.611000,0 days 02:37:44.628000,0 days 02:38:02.006000,301.0,249.0,302.0,295.0,False,SOFT,9.0,True,Williams,0 days 02:36:46.111000,,1,11.0,False,,False,True,20.3,58.0,927.7,False,41.1,183,0.6,True,False,False,False,False,False,1 L,+14.275,,14.275,9481.989,75.878,,,19.483,39.017,17.378,9425.611,9464.628,9482.006,9406.111
2023,São Paulo Grand Prix,20,Brazil,São Paulo,0 days 02:39:18.791000,SAR,2,0 days 00:01:16.802000,54.0,5.0,,Logan Sargeant,,0 days 00:00:19.639000,0 days 00:00:39.715000,0 days 00:00:17.448000,0 days 02:38:21.645000,0 days 02:39:01.360000,0 days 02:39:18.808000,313.0,247.0,304.0,301.0,False,SOFT,10.0,True,Williams,0 days 02:38:01.989000,,1,12.0,False,,False,True,20.2,59.0,927.7,False,40.5,304,1.1,True,False,False,False,False,False,1 L,+2.162,,2.162,9558.791,76.802,,,19.639,39.715,17.448,9501.645,9541.36,9558.808,9481.989
2023,São Paulo Grand Prix,20,Brazil,São Paulo,0 days 02:40:35.077000,SAR,2,0 days 00:01:16.286000,55.0,5.0,,Logan Sargeant,,0 days 00:00:19.477000,0 days 00:00:39.356000,0 days 00:00:17.453000,0 days 02:39:38.285000,0 days 02:40:17.641000,0 days 02:40:35.094000,297.0,245.0,301.0,300.0,False,SOFT,11.0,True,Williams,0 days 02:39:18.791000,,1,12.0,False,,False,True,20.0,59.0,927.7,False,40.0,174,0.6,True,False,False,False,False,False,+89.961,+3.615,89.961,3.615,9635.077,76.286,,,19.477,39.356,17.453,9578.285,9617.641,9635.094,9558.791
2023,São Paulo Grand Prix,20,Brazil,São Paulo,0 days 02:41:51.046000,SAR,2,0 days 00:01:15.969000,56.0,5.0,,Logan Sargeant,,0 days 00:00:19.361000,0 days 00:00:39.046000,0 days 00:00:17.562000,0 days 02:40:54.455000,0 days 02:41:33.501000,0 days 02:41:51.063000,302.0,247.0,301.0,291.0,False,SOFT,12.0,True,Williams,0 days 02:40:35.077000,,1,12.0,False,,False,True,20.0,58.0,927.9,False,39.6,179,1.1,True,False,False,False,False,False,1 L,+4.562,,4.562,9711.046,75.969,,,19.361,39.046,17.562,9654.455,9693.501,9711.063,9635.077
2023,São Paulo Grand Prix,20,Brazil,São Paulo,0 days 02:43:07.099000,SAR,2,0 days 00:01:16.053000,57.0,5.0,,Logan Sargeant,,0 days 00:00:19.460000,0 days 00:00:39.076000,0 days 00:00:17.517000,0 days 02:42:10.523000,0 days 02:42:49.599000,0 days 02:43:07.116000,301.0,246.0,300.0,295.0,False,SOFT,13.0,True,Williams,0 days 02:41:51.046000,,1,11.0,False,,False,True,20.0,59.0,927.7,False,39.6,197,1.0,True,False,False,False,False,False,1 L,+5.327,,5.327,9787.099,76.053,,,19.46,39.076,17.517,9730.523,9769.599,9787.116,9711.046
2023,São Paulo Grand Prix,20,Brazil,São Paulo,0 days 02:44:23.612000,SAR,2,0 days 00:01:16.513000,58.0,5.0,,Logan Sargeant,,0 days 00:00:19.365000,0 days 00:00:39.201000,0 days 00:00:17.947000,0 days 02:43:26.481000,0 days 02:44:05.682000,0 days 02:44:23.629000,298.0,246.0,281.0,302.0,False,SOFT,14.0,True,Williams,0 days 02:43:07.099000,,1,11.0,False,,False,True,19.9,58.0,927.7,False,38.7,200,0.8,True,False,False,False,False,False,+83.311,+6.343,83.311,6.343,9863.612,76.513,,,19.365,39.201,17.947,9806.481,9845.682,9863.629,9787.099
2023,São Paulo Grand Prix,20,Brazil,São Paulo,0 days 02:45:40.031000,SAR,2,0 days 00:01:16.419000,59.0,5.0,,Logan Sargeant,,0 days 00:00:19.784000,0 days 00:00:39.267000,0 days 00:00:17.368000,0 days 02:44:43.413000,0 days 02:45:22.680000,0 days 02:45:40.048000,321.0,246.0,303.0,278.0,False,SOFT,15.0,True,Williams,0 days 02:44:23.612000,,1,11.0,False,,False,True,19.9,59.0,927.7,False,38.4,63,1.5,True,False,False,False,False,False,1 L,+8.430,,8.43,9940.031,76.419,,,19.784,39.267,17.368,9883.413,9922.68,9940.048,9863.612
2023,São Paulo Grand Prix,20,Brazil,São Paulo,0 days 02:46:56.048000,SAR,2,0 days 00:01:16.017000,60.0,5.0,,Logan Sargeant,,0 days 00:00:19.439000,0 days 00:00:39.080000,0 days 00:00:17.498000,0 days 02:45:59.487000,0 days 02:46:38.567000,0 days 02:46:56.065000,300.0,249.0,303.0,300.0,False,SOFT,16.0,True,Williams,0 days 02:45:40.031000,,1,11.0,False,,False,True,19.8,58.0,927.9,False,38.0,177,1.2,True,False,False,False,False,False,1 L,+9.292,,9.292,10016.048,76.017,,,19.439,39.08,17.498,9959.487,9998.567,10016.065,9940.031
2023,São Paulo Grand Prix,20,Brazil,São Paulo,0 days 02:48:11.867000,SAR,2,0 days 00:01:15.819000,61.0,5.0,,Logan Sargeant,,0 days 00:00:19.423000,0 days 00:00:38.959000,0 days 00:00:17.437000,0 days 02:47:15.488000,0 days 02:47:54.447000,0 days 02:48:11.884000,303.0,250.0,301.0,296.0,False,SOFT,17.0,True,Williams,0 days 02:46:56.048000,,1,11.0,False,,False,True,19.8,58.0,927.7,False,37.9,176,2.4,True,False,False,False,False,False,1 L,+10.198,,10.198,10091.867,75.819,,,19.423,38.959,17.437,10035.488,10074.447,10091.884,10016.048
2023,São Paulo Grand Prix,20,Brazil,São Paulo,0 days 02:49:27.809000,SAR,2,0 days 00:01:15.942000,62.0,5.0,,Logan Sargeant,,0 days 00:00:19.375000,0 days 00:00:39.063000,0 days 00:00:17.504000,0 days 02:48:31.259000,0 days 02:49:10.322000,0 days 02:49:27.826000,302.0,249.0,301.0,301.0,False,SOFT,18.0,True,Williams,0 days 02:48:11.867000,,1,11.0,False,,False,True,19.9,60.0,927.7,False,37.6,177,1.3,True,False,False,False,False,False,1 L,+11.131,,11.131,10167.809,75.942,,,19.375,39.063,17.504,10111.259,10150.322,10167.826,10091.867
2023,São Paulo Grand Prix,20,Brazil,São Paulo,0 days 02:50:43.598000,SAR,2,0 days 00:01:15.789000,63.0,5.0,,Logan Sargeant,,0 days 00:00:19.293000,0 days 00:00:38.995000,0 days 00:00:17.501000,0 days 02:49:47.119000,0 days 02:50:26.114000,0 days 02:50:43.615000,303.0,248.0,302.0,300.0,False,SOFT,19.0,True,Williams,0 days 02:49:27.809000,,1,11.0,False,,False,True,19.8,59.0,927.7,False,37.6,132,0.6,True,False,False,False,False,False,1 L,+11.086,,11.086,10243.598,75.789,,,19.293,38.995,17.501,10187.119,10226.114,10243.615,10167.809
2023,São Paulo Grand Prix,20,Brazil,São Paulo,0 days 02:52:01.182000,SAR,2,0 days 00:01:17.584000,64.0,5.0,,Logan Sargeant,,0 days 00:00:20.146000,0 days 00:00:39.934000,0 days 00:00:17.504000,0 days 02:51:03.761000,0 days 02:51:43.695000,0 days 02:52:01.199000,185.0,248.0,301.0,299.0,False,SOFT,20.0,True,Williams,0 days 02:50:43.598000,,1,11.0,False,,False,True,19.9,59.0,927.7,False,37.8,154,1.6,True,False,False,False,False,False,1 L,+13.558,,13.558,10321.182,77.584,,,20.146,39.934,17.504,10263.761,10303.695,10321.199,10243.598
2023,São Paulo Grand Prix,20,Brazil,São Paulo,0 days 02:53:17.408000,SAR,2,0 days 00:01:16.226000,65.0,5.0,,Logan Sargeant,,0 days 00:00:19.370000,0 days 00:00:39.289000,0 days 00:00:17.567000,0 days 02:52:20.569000,0 days 02:52:59.858000,0 days 02:53:17.425000,305.0,249.0,303.0,300.0,False,SOFT,21.0,True,Williams,0 days 02:52:01.182000,,1,11.0,False,,False,True,19.8,60.0,927.7,False,37.1,159,1.3,True,False,False,False,False,False,1 L,+14.277,,14.277,10397.408,76.226,,,19.37,39.289,17.567,10340.569,10379.858,10397.425,10321.182
2023,São Paulo Grand Prix,20,Brazil,São Paulo,0 days 02:54:33.885000,SAR,2,0 days 00:01:16.477000,66.0,5.0,,Logan Sargeant,,0 days 00:00:19.506000,0 days 00:00:39.447000,0 days 00:00:17.524000,0 days 02:53:36.931000,0 days 02:54:16.378000,0 days 02:54:33.902000,303.0,246.0,300.0,300.0,False,SOFT,22.0,True,Williams,0 days 02:53:17.408000,,1,11.0,False,,False,True,19.7,59.0,927.7,False,37.1,175,1.7,True,False,False,False,False,False,1 L,+14.454,,14.454,10473.885,76.477,,,19.506,39.447,17.524,10416.931,10456.378,10473.902,10397.408
2023,São Paulo Grand Prix,20,Brazil,São Paulo,0 days 02:55:50.218000,SAR,2,0 days 00:01:16.333000,67.0,5.0,,Logan Sargeant,,0 days 00:00:19.412000,0 days 00:00:39.427000,0 days 00:00:17.494000,0 days 02:54:53.314000,0 days 02:55:32.741000,0 days 02:55:50.235000,304.0,246.0,300.0,301.0,False,SOFT,23.0,True,Williams,0 days 02:54:33.885000,,1,11.0,False,,False,True,19.7,60.0,927.9,False,37.0,212,1.6,True,False,False,False,False,False,1 L,+15.400,,15.4,10550.218,76.333,,,19.412,39.427,17.494,10493.314,10532.741,10550.235,10473.885
2023,São Paulo Grand Prix,20,Brazil,São Paulo,0 days 02:57:06.309000,SAR,2,0 days 00:01:16.091000,68.0,5.0,,Logan Sargeant,,0 days 00:00:19.403000,0 days 00:00:39.171000,0 days 00:00:17.517000,0 days 02:56:09.638000,0 days 02:56:48.809000,0 days 02:57:06.326000,302.0,247.0,301.0,300.0,False,SOFT,24.0,True,Williams,0 days 02:55:50.218000,,1,11.0,False,,False,True,19.7,60.0,927.7,False,36.8,179,2.2,True,False,False,False,False,False,1 L,+16.264,,16.264,10626.309,76.091,,,19.403,39.171,17.517,10569.638,10608.809,10626.326,10550.218
2023,São Paulo Grand Prix,20,Brazil,São Paulo,0 days 02:58:22.213000,SAR,2,0 days 00:01:15.904000,69.0,5.0,,Logan Sargeant,,0 days 00:00:19.322000,0 days 00:00:39.036000,0 days 00:00:17.546000,0 days 02:57:25.648000,0 days 02:58:04.684000,0 days 02:58:22.230000,304.0,249.0,301.0,303.0,False,SOFT,25.0,True,Williams,0 days 02:57:06.309000,,1,11.0,False,,False,True,19.7,61.0,927.7,False,36.4,177,1.2,True,False,False,False,False,False,1 L,+16.972,,16.972,10702.213,75.904,,,19.322,39.036,17.546,10645.648,10684.684,10702.23,10626.309
2023,São Paulo Grand Prix,20,Brazil,São Paulo,0 days 02:59:38.173000,SAR,2,0 days 00:01:15.960000,70.0,5.0,,Logan Sargeant,,0 days 00:00:19.366000,0 days 00:00:39.084000,0 days 00:00:17.510000,0 days 02:58:41.596000,0 days 02:59:20.680000,0 days 02:59:38.190000,304.0,249.0,300.0,304.0,False,SOFT,26.0,True,Williams,0 days 02:58:22.213000,,1,11.0,False,,False,True,19.8,60.0,927.7,False,36.5,159,0.8,True,False,False,False,False,False,1 L,+16.319,,16.319,10778.173,75.96,,,19.366,39.084,17.51,10721.596,10760.68,10778.19,10702.213
2023,São Paulo Grand Prix,20,Brazil,São Paulo,0 days 01:04:22.976000,MAG,20,,1.0,1.0,,Kevin Magnussen,,,,,,,,,,,,False,SOFT,1.0,True,Haas F1 Team,0 days 01:02:22.839000,,124,,False,,True,False,20.6,58.0,928.0,False,47.8,181,1.1,True,True,True,False,False,False,,,,,3862.976,,,,,,,,,,3742.839
2023,São Paulo Grand Prix,20,Brazil,São Paulo,0 days 01:04:43.108000,TSU,22,0 days 00:02:19.969000,1.0,1.0,,Yuki Tsunoda,0 days 01:04:39.819000,,0 days 00:01:11.374000,0 days 00:00:41.451000,,0 days 01:04:01.679000,0 days 01:04:43.131000,306.0,168.0,,213.0,False,SOFT,4.0,False,AlphaTauri,0 days 01:02:22.839000,,124,11.0,False,,False,False,20.6,58.0,928.0,False,47.8,181,1.1,True,True,True,False,False,False,+17.251,+2.261,17.251,2.261,3883.108,139.969,3879.819,,,71.374,41.451,,3841.679,3883.131,3742.839
2023,São Paulo Grand Prix,20,Brazil,São Paulo,0 days 01:07:07.234000,TSU,22,0 days 00:02:24.126000,2.0,2.0,0 days 01:05:00.866000,Yuki Tsunoda,0 days 01:07:02.974000,0 days 00:00:41.250000,0 days 00:00:59.052000,0 days 00:00:43.824000,0 days 01:05:24.379000,0 days 01:06:23.431000,0 days 01:07:07.255000,273.0,165.0,,,False,SOFT,5.0,False,AlphaTauri,0 days 01:04:43.108000,,45,10.0,False,,False,False,20.6,60.0,928.0,False,47.1,178,1.2,False,False,True,True,False,False,+15.447,+1.895,15.447,1.895,4027.234,144.126,4022.974,3900.866,41.25,59.052,43.824,3924.379,3983.431,4027.255,3883.108
2023,São Paulo Grand Prix,20,Brazil,São Paulo,0 days 01:33:07.110000,TSU,22,,3.0,3.0,0 days 01:30:38.379000,Yuki Tsunoda,,,0 days 00:00:43.630000,0 days 00:01:21.879000,,0 days 01:31:45.331000,0 days 01:33:07.362000,270.0,230.0,3.0,213.0,False,SOFT,1.0,True,AlphaTauri,0 days 01:30:00.364000,,1,10.0,False,,False,False,20.7,55.0,927.9,False,49.2,198,2.2,True,False,False,False,False,False,+27.845,+2.639,27.845,2.639,5587.11,,,5438.379,,43.63,81.879,,5505.331,5587.362,5400.364
2023,São Paulo Grand Prix,20,Brazil,São Paulo,0 days 01:34:28.950000,TSU,22,0 days 00:01:21.840000,4.0,3.0,,Yuki Tsunoda,,0 days 00:00:23.156000,0 days 00:00:40.617000,0 days 00:00:18.067000,0 days 01:33:30.287000,0 days 01:34:10.904000,0 days 01:34:28.971000,317.0,245.0,317.0,238.0,True,SOFT,2.0,True,AlphaTauri,0 days 01:33:07.110000,,1,11.0,False,,False,True,20.9,54.0,927.7,False,49.7,149,0.8,True,False,False,False,False,False,+5.002,+0.191,5.002,0.191,5668.95,81.84,,,23.156,40.617,18.067,5610.287,5650.904,5668.971,5587.11
2023,São Paulo Grand Prix,20,Brazil,São Paulo,0 days 01:35:46.474000,TSU,22,0 days 00:01:17.524000,5.0,3.0,,Yuki Tsunoda,,0 days 00:00:20.148000,0 days 00:00:39.917000,0 days 00:00:17.459000,0 days 01:34:49.119000,0 days 01:35:29.036000,0 days 01:35:46.495000,301.0,245.0,307.0,276.0,True,SOFT,3.0,True,AlphaTauri,0 days 01:34:28.950000,,1,11.0,False,,False,True,21.0,55.0,927.7,False,50.2,180,0.8,True,False,False,False,False,False,+6.699,+0.508,6.699,0.508,5746.474,77.524,,,20.148,39.917,17.459,5689.119,5729.036,5746.495,5668.95
2023,São Paulo Grand Prix,20,Brazil,São Paulo,0 days 01:37:03.427000,TSU,22,0 days 00:01:16.953000,6.0,3.0,,Yuki Tsunoda,,0 days 00:00:19.913000,0 days 00:00:39.800000,0 days 00:00:17.240000,0 days 01:36:06.408000,0 days 01:36:46.208000,0 days 01:37:03.448000,321.0,244.0,326.0,279.0,True,SOFT,4.0,True,AlphaTauri,0 days 01:35:46.474000,,1,11.0,False,,False,True,20.9,55.0,927.9,False,49.8,186,1.1,True,False,False,False,False,False,+8.235,+0.578,8.235,0.578,5823.427,76.953,,,19.913,39.8,17.24,5766.408,5806.208,5823.448,5746.474
2023,São Paulo Grand Prix,20,Brazil,São Paulo,0 days 01:38:20.083000,TSU,22,0 days 00:01:16.656000,7.0,3.0,,Yuki Tsunoda,,0 days 00:00:19.870000,0 days 00:00:39.504000,0 days 00:00:17.282000,0 days 01:37:23.318000,0 days 01:38:02.822000,0 days 01:38:20.104000,318.0,246.0,325.0,288.0,True,SOFT,5.0,True,AlphaTauri,0 days 01:37:03.427000,,1,11.0,False,,False,True,21.1,57.0,927.7,False,49.6,170,1.2,True,False,False,False,False,False,+9.076,+0.625,9.076,0.625,5900.083,76.656,,,19.87,39.504,17.282,5843.318,5882.822,5900.104,5823.427
2023,São Paulo Grand Prix,20,Brazil,São Paulo,0 days 01:39:36.762000,TSU,22,0 days 00:01:16.679000,8.0,3.0,,Yuki Tsunoda,,0 days 00:00:19.616000,0 days 00:00:39.768000,0 days 00:00:17.295000,0 days 01:38:39.720000,0 days 01:39:19.488000,0 days 01:39:36.783000,323.0,244.0,327.0,305.0,False,SOFT,6.0,True,AlphaTauri,0 days 01:38:20.083000,,1,11.0,False,,False,True,21.1,58.0,927.9,False,49.7,204,1.8,True,False,False,False,False,False,+10.124,+0.670,10.124,0.67,5976.762,76.679,,,19.616,39.768,17.295,5919.72,5959.488,5976.783,5900.083
2023,São Paulo Grand Prix,20,Brazil,São Paulo,0 days 01:40:53.554000,TSU,22,0 days 00:01:16.792000,9.0,3.0,,Yuki Tsunoda,,0 days 00:00:19.567000,0 days 00:00:39.833000,0 days 00:00:17.392000,0 days 01:39:56.350000,0 days 01:40:36.183000,0 days 01:40:53.575000,317.0,246.0,325.0,298.0,False,SOFT,7.0,True,AlphaTauri,0 days 01:39:36.762000,,1,11.0,False,,False,True,21.1,58.0,927.9,False,49.3,175,1.7,True,False,False,False,False,False,+10.713,+0.735,10.713,0.735,6053.554,76.792,,,19.567,39.833,17.392,5996.35,6036.183,6053.575,5976.762
2023,São Paulo Grand Prix,20,Brazil,São Paulo,0 days 01:42:10.592000,TSU,22,0 days 00:01:17.038000,10.0,3.0,,Yuki Tsunoda,,0 days 00:00:19.548000,0 days 00:00:39.923000,0 days 00:00:17.567000,0 days 01:41:13.123000,0 days 01:41:53.046000,0 days 01:42:10.613000,315.0,245.0,325.0,300.0,False,SOFT,8.0,True,AlphaTauri,0 days 01:40:53.554000,,1,11.0,False,,False,True,21.0,58.0,927.7,False,49.4,263,1.0,True,False,False,False,False,False,+11.765,+0.682,11.765,0.682,6130.592,77.038,,,19.548,39.923,17.567,6073.123,6113.046,6130.613,6053.554
2023,São Paulo Grand Prix,20,Brazil,São Paulo,0 days 01:43:27.548000,TSU,22,0 days 00:01:16.956000,11.0,3.0,,Yuki Tsunoda,,0 days 00:00:19.781000,0 days 00:00:39.870000,0 days 00:00:17.305000,0 days 01:42:30.394000,0 days 01:43:10.264000,0 days 01:43:27.569000,319.0,242.0,326.0,295.0,False,SOFT,9.0,True,AlphaTauri,0 days 01:42:10.592000,,1,11.0,False,,False,True,20.9,58.0,927.5,False,49.2,291,1.5,True,False,False,False,False,False,+12.450,+0.531,12.45,0.531,6207.548,76.956,,,19.781,39.87,17.305,6150.394,6190.264,6207.569,6130.592
2023,São Paulo Grand Prix,20,Brazil,São Paulo,0 days 01:44:44.694000,TSU,22,0 days 00:01:17.146000,12.0,3.0,,Yuki Tsunoda,,0 days 00:00:19.770000,0 days 00:00:39.915000,0 days 00:00:17.461000,0 days 01:43:47.339000,0 days 01:44:27.254000,0 days 01:44:44.715000,323.0,242.0,327.0,285.0,False,SOFT,10.0,True,AlphaTauri,0 days 01:43:27.548000,,1,11.0,False,,False,True,20.8,57.0,927.7,False,48.9,152,1.7,True,False,False,False,False,False,+13.734,+0.378,13.734,0.378,6284.694,77.146,,,19.77,39.915,17.461,6227.339,6267.254,6284.715,6207.548
2023,São Paulo Grand Prix,20,Brazil,São Paulo,0 days 01:46:01.736000,TSU,22,0 days 00:01:17.042000,13.0,3.0,,Yuki Tsunoda,,0 days 00:00:19.818000,0 days 00:00:39.524000,0 days 00:00:17.700000,0 days 01:45:04.533000,0 days 01:45:44.057000,0 days 01:46:01.757000,307.0,246.0,308.0,320.0,False,SOFT,11.0,True,AlphaTauri,0 days 01:44:44.694000,,1,10.0,False,,False,True,20.8,55.0,927.7,False,49.1,181,1.3,True,False,False,False,False,False,+14.333,+1.789,14.333,1.789,6361.736,77.042,,,19.818,39.524,17.7,6304.533,6344.057,6361.757,6284.694
2023,São Paulo Grand Prix,20,Brazil,São Paulo,0 days 01:47:19.069000,TSU,22,0 days 00:01:17.333000,14.0,3.0,,Yuki Tsunoda,,0 days 00:00:19.834000,0 days 00:00:39.885000,0 days 00:00:17.614000,0 days 01:46:21.591000,0 days 01:47:01.476000,0 days 01:47:19.090000,308.0,245.0,307.0,291.0,False,SOFT,12.0,True,AlphaTauri,0 days 01:46:01.736000,,1,10.0,False,,False,True,20.6,57.0,927.7,False,49.1,73,1.1,True,False,False,False,False,False,+15.587,+1.826,15.587,1.826,6439.069,77.333,,,19.834,39.885,17.614,6381.591,6421.476,6439.09,6361.736
2023,São Paulo Grand Prix,20,Brazil,São Paulo,0 days 01:48:36.341000,TSU,22,0 days 00:01:17.272000,15.0,3.0,,Yuki Tsunoda,,0 days 00:00:19.793000,0 days 00:00:39.726000,0 days 00:00:17.753000,0 days 01:47:38.883000,0 days 01:48:18.609000,0 days 01:48:36.362000,307.0,243.0,304.0,300.0,False,SOFT,13.0,True,AlphaTauri,0 days 01:47:19.069000,,1,10.0,False,,False,True,20.6,56.0,927.7,False,48.9,189,0.4,True,False,False,False,False,False,+16.436,+1.899,16.436,1.899,6516.341,77.272,,,19.793,39.726,17.753,6458.883,6498.609,6516.362,6439.069
2023,São Paulo Grand Prix,20,Brazil,São Paulo,0 days 01:49:58.596000,TSU,22,0 days 00:01:22.255000,16.0,3.0,,Yuki Tsunoda,,0 days 00:00:19.915000,0 days 00:00:44.603000,0 days 00:00:17.737000,0 days 01:48:56.277000,0 days 01:49:40.880000,0 days 01:49:58.617000,308.0,237.0,301.0,288.0,False,SOFT,14.0,True,AlphaTauri,0 days 01:48:36.341000,,1,11.0,False,,False,True,20.8,55.0,927.9,False,48.9,194,1.7,True,False,False,False,False,False,+22.374,+2.763,22.374,2.763,6598.596,82.255,,,19.915,44.603,17.737,6536.277,6580.88,6598.617,6516.341
2023,São Paulo Grand Prix,20,Brazil,São Paulo,0 days 01:51:15.640000,TSU,22,0 days 00:01:17.044000,17.0,3.0,,Yuki Tsunoda,,0 days 00:00:19.959000,0 days 00:00:39.443000,0 days 00:00:17.642000,0 days 01:50:18.576000,0 days 01:50:58.019000,0 days 01:51:15.661000,306.0,243.0,303.0,288.0,False,SOFT,15.0,True,AlphaTauri,0 days 01:49:58.596000,,1,11.0,False,,False,True,21.0,56.0,927.7,False,48.7,170,2.2,True,False,False,False,False,False,+23.260,+2.397,23.26,2.397,6675.64,77.044,,,19.959,39.443,17.642,6618.576,6658.019,6675.661,6598.596
2023,São Paulo Grand Prix,20,Brazil,São Paulo,0 days 01:52:32.658000,TSU,22,0 days 00:01:17.018000,18.0,3.0,,Yuki Tsunoda,,0 days 00:00:19.827000,0 days 00:00:39.606000,0 days 00:00:17.585000,0 days 01:51:35.488000,0 days 01:52:15.094000,0 days 01:52:32.679000,307.0,242.0,304.0,294.0,False,SOFT,16.0,True,AlphaTauri,0 days 01:51:15.640000,,1,10.0,False,,False,True,21.0,56.0,927.7,False,48.7,164,1.7,True,False,False,False,False,False,+23.933,+2.000,23.933,2.0,6752.658,77.018,,,19.827,39.606,17.585,6695.488,6735.094,6752.679,6675.64
2023,São Paulo Grand Prix,20,Brazil,São Paulo,0 days 01:53:49.835000,TSU,22,0 days 00:01:17.177000,19.0,3.0,,Yuki Tsunoda,,0 days 00:00:19.809000,0 days 00:00:39.534000,0 days 00:00:17.834000,0 days 01:52:52.488000,0 days 01:53:32.022000,0 days 01:53:49.856000,304.0,243.0,303.0,301.0,False,SOFT,17.0,True,AlphaTauri,0 days 01:52:32.658000,,1,9.0,False,,False,True,20.9,57.0,927.7,False,48.8,197,1.5,True,False,False,False,False,False,+25.005,+4.613,25.005,4.613,6829.835,77.177,,,19.809,39.534,17.834,6772.488,6812.022,6829.856,6752.658
2023,São Paulo Grand Prix,20,Brazil,São Paulo,0 days 01:55:06.560000,TSU,22,0 days 00:01:16.725000,20.0,3.0,,Yuki Tsunoda,,0 days 00:00:19.678000,0 days 00:00:39.440000,0 days 00:00:17.607000,0 days 01:54:09.534000,0 days 01:54:48.974000,0 days 01:55:06.581000,304.0,241.0,303.0,301.0,False,SOFT,18.0,True,AlphaTauri,0 days 01:53:49.835000,,1,8.0,False,,False,True,20.8,57.0,927.9,False,48.9,166,0.8,True,False,False,False,False,False,+25.781,+5.224,25.781,5.224,6906.56,76.725,,,19.678,39.44,17.607,6849.534,6888.974,6906.581,6829.835
2023,São Paulo Grand Prix,20,Brazil,São Paulo,0 days 01:56:23.679000,TSU,22,0 days 00:01:17.119000,21.0,3.0,,Yuki Tsunoda,,0 days 00:00:19.762000,0 days 00:00:39.633000,0 days 00:00:17.724000,0 days 01:55:26.343000,0 days 01:56:05.976000,0 days 01:56:23.700000,305.0,244.0,302.0,293.0,False,SOFT,19.0,True,AlphaTauri,0 days 01:55:06.560000,,1,7.0,False,,False,True,20.5,59.0,927.7,False,48.3,198,1.3,True,False,False,False,False,False,+26.669,+4.944,26.669,4.944,6983.679,77.119,,,19.762,39.633,17.724,6926.343,6965.976,6983.7,6906.56
2023,São Paulo Grand Prix,20,Brazil,São Paulo,0 days 01:57:40.431000,TSU,22,0 days 00:01:16.752000,22.0,3.0,,Yuki Tsunoda,,0 days 00:00:19.616000,0 days 00:00:39.452000,0 days 00:00:17.684000,0 days 01:56:43.316000,0 days 01:57:22.768000,0 days 01:57:40.452000,305.0,246.0,303.0,297.0,False,SOFT,20.0,True,AlphaTauri,0 days 01:56:23.679000,,1,7.0,False,,False,True,20.6,59.0,927.7,False,48.3,189,2.2,True,False,False,False,False,False,+27.241,+6.263,27.241,6.263,7060.431,76.752,,,19.616,39.452,17.684,7003.316,7042.768,7060.452,6983.679
2023,São Paulo Grand Prix,20,Brazil,São Paulo,0 days 01:58:57.526000,TSU,22,0 days 00:01:17.095000,23.0,3.0,,Yuki Tsunoda,,0 days 00:00:19.764000,0 days 00:00:39.540000,0 days 00:00:17.791000,0 days 01:58:00.216000,0 days 01:58:39.756000,0 days 01:58:57.547000,303.0,245.0,302.0,295.0,False,SOFT,21.0,True,AlphaTauri,0 days 01:57:40.431000,,1,6.0,False,,False,True,20.4,59.0,927.7,False,48.3,175,1.5,True,False,False,False,False,False,+28.261,+4.203,28.261,4.203,7137.526,77.095,,,19.764,39.54,17.791,7080.216,7119.756,7137.547,7060.431
2023,São Paulo Grand Prix,20,Brazil,São Paulo,0 days 02:00:14.462000,TSU,22,0 days 00:01:16.936000,24.0,3.0,,Yuki Tsunoda,,0 days 00:00:19.693000,0 days 00:00:39.432000,0 days 00:00:17.811000,0 days 01:59:17.240000,0 days 01:59:56.672000,0 days 02:00:14.483000,304.0,243.0,303.0,297.0,False,SOFT,22.0,True,AlphaTauri,0 days 01:58:57.526000,,1,6.0,False,,False,True,20.5,59.0,927.7,False,48.5,195,1.5,True,False,False,False,False,False,+28.827,+3.633,28.827,3.633,7214.462,76.936,,,19.693,39.432,17.811,7157.24,7196.672,7214.483,7137.526
2023,São Paulo Grand Prix,20,Brazil,São Paulo,0 days 02:01:31.510000,TSU,22,0 days 00:01:17.048000,25.0,3.0,,Yuki Tsunoda,,0 days 00:00:19.610000,0 days 00:00:39.673000,0 days 00:00:17.765000,0 days 02:00:34.093000,0 days 02:01:13.766000,0 days 02:01:31.531000,304.0,247.0,303.0,302.0,False,SOFT,23.0,True,AlphaTauri,0 days 02:00:14.462000,,1,6.0,False,,False,True,20.5,58.0,927.7,False,48.1,153,0.8,True,False,False,False,False,False,+29.618,+2.663,29.618,2.663,7291.51,77.048,,,19.61,39.673,17.765,7234.093,7273.766,7291.531,7214.462
2023,São Paulo Grand Prix,20,Brazil,São Paulo,0 days 02:02:52.273000,TSU,22,0 days 00:01:20.763000,26.0,3.0,,Yuki Tsunoda,0 days 02:02:49.372000,0 days 00:00:19.676000,0 days 00:00:39.567000,0 days 00:00:21.520000,0 days 02:01:51.207000,0 days 02:02:30.774000,0 days 02:02:52.294000,304.0,242.0,,300.0,False,SOFT,24.0,True,AlphaTauri,0 days 02:01:31.510000,,1,6.0,False,,False,False,20.5,58.0,927.7,False,47.8,200,0.6,True,False,False,False,False,False,+30.250,+1.982,30.25,1.982,7372.273,80.763,7369.372,,19.676,39.567,21.52,7311.207,7350.774,7372.294,7291.51
2023,São Paulo Grand Prix,20,Brazil,São Paulo,0 days 02:04:30.527000,TSU,22,0 days 00:01:38.254000,27.0,4.0,0 days 02:03:16.544000,Yuki Tsunoda,,0 days 00:00:41.229000,0 days 00:00:39.565000,0 days 00:00:17.460000,0 days 02:03:33.523000,0 days 02:04:13.088000,0 days 02:04:30.548000,297.0,238.0,303.0,300.0,False,MEDIUM,1.0,True,AlphaTauri,0 days 02:02:52.273000,,1,13.0,False,,False,False,20.5,57.0,927.9,False,48.4,190,0.6,True,False,False,False,False,False,+55.667,+4.976,55.667,4.976,7470.527,98.254,,7396.544,41.229,39.565,17.46,7413.523,7453.088,7470.548,7372.273
2023,São Paulo Grand Prix,20,Brazil,São Paulo,0 days 02:05:46.660000,TSU,22,0 days 00:01:16.133000,28.0,4.0,,Yuki Tsunoda,,0 days 00:00:19.395000,0 days 00:00:39.334000,0 days 00:00:17.404000,0 days 02:04:49.943000,0 days 02:05:29.277000,0 days 02:05:46.681000,305.0,244.0,301.0,294.0,True,MEDIUM,2.0,True,AlphaTauri,0 days 02:04:30.527000,,1,13.0,False,,False,True,20.7,56.0,927.7,False,48.8,172,1.2,True,False,False,False,False,False,+35.258,+5.770,35.258,5.77,7546.66,76.133,,,19.395,39.334,17.404,7489.943,7529.277,7546.681,7470.527
2023,São Paulo Grand Prix,20,Brazil,São Paulo,0 days 02:07:02.259000,TSU,22,0 days 00:01:15.599000,29.0,4.0,,Yuki Tsunoda,,0 days 00:00:19.368000,0 days 00:00:38.809000,0 days 00:00:17.422000,0 days 02:06:06.049000,0 days 02:06:44.858000,0 days 02:07:02.280000,305.0,243.0,303.0,295.0,True,MEDIUM,3.0,True,AlphaTauri,0 days 02:05:46.660000,,1,13.0,False,,False,True,20.5,57.0,927.7,False,48.8,154,1.2,True,False,False,False,False,False,+35.169,+5.118,35.169,5.118,7622.259,75.599,,,19.368,38.809,17.422,7566.049,7604.858,7622.28,7546.66
2023,São Paulo Grand Prix,20,Brazil,São Paulo,0 days 02:08:17.975000,TSU,22,0 days 00:01:15.716000,30.0,4.0,,Yuki Tsunoda,,0 days 00:00:19.315000,0 days 00:00:38.840000,0 days 00:00:17.561000,0 days 02:07:21.595000,0 days 02:08:00.435000,0 days 02:08:17.996000,307.0,244.0,303.0,296.0,False,MEDIUM,4.0,True,AlphaTauri,0 days 02:07:02.259000,,1,13.0,False,,False,True,20.4,57.0,927.7,False,48.0,219,1.3,True,False,False,False,False,False,+35.087,+3.384,35.087,3.384,7697.975,75.716,,,19.315,38.84,17.561,7641.595,7680.435,7697.996,7622.259
2023,São Paulo Grand Prix,20,Brazil,São Paulo,0 days 02:09:33.652000,TSU,22,0 days 00:01:15.677000,31.0,4.0,,Yuki Tsunoda,,0 days 00:00:19.351000,0 days 00:00:38.798000,0 days 00:00:17.528000,0 days 02:08:37.347000,0 days 02:09:16.145000,0 days 02:09:33.673000,307.0,244.0,305.0,294.0,False,MEDIUM,5.0,True,AlphaTauri,0 days 02:08:17.975000,,1,13.0,False,,False,True,20.5,57.0,927.7,False,48.0,150,1.6,True,False,False,False,False,False,+34.989,+2.100,34.989,2.1,7773.652,75.677,,,19.351,38.798,17.528,7717.347,7756.145,7773.673,7697.975
2023,São Paulo Grand Prix,20,Brazil,São Paulo,0 days 02:10:49.265000,TSU,22,0 days 00:01:15.613000,32.0,4.0,,Yuki Tsunoda,,0 days 00:00:19.423000,0 days 00:00:38.943000,0 days 00:00:17.247000,0 days 02:09:53.096000,0 days 02:10:32.039000,0 days 02:10:49.286000,307.0,245.0,322.0,298.0,False,MEDIUM,6.0,True,AlphaTauri,0 days 02:09:33.652000,,1,12.0,False,,False,True,20.5,58.0,927.7,False,47.8,185,1.7,True,False,False,False,False,False,+35.265,+0.825,35.265,0.825,7849.265,75.613,,,19.423,38.943,17.247,7793.096,7832.039,7849.286,7773.652
2023,São Paulo Grand Prix,20,Brazil,São Paulo,0 days 02:12:05.378000,TSU,22,0 days 00:01:16.113000,33.0,4.0,,Yuki Tsunoda,,0 days 00:00:19.365000,0 days 00:00:39.469000,0 days 00:00:17.279000,0 days 02:11:08.651000,0 days 02:11:48.120000,0 days 02:12:05.399000,315.0,241.0,328.0,297.0,False,MEDIUM,7.0,True,AlphaTauri,0 days 02:10:49.265000,,1,12.0,False,,False,True,20.4,58.0,927.9,False,47.4,170,1.7,True,False,False,False,False,False,+36.260,+0.326,36.26,0.326,7925.378,76.113,,,19.365,39.469,17.279,7868.651,7908.12,7925.399,7849.265
2023,São Paulo Grand Prix,20,Brazil,São Paulo,0 days 02:13:21.466000,TSU,22,0 days 00:01:16.088000,34.0,4.0,,Yuki Tsunoda,,0 days 00:00:19.482000,0 days 00:00:39.115000,0 days 00:00:17.491000,0 days 02:12:24.881000,0 days 02:13:03.996000,0 days 02:13:21.487000,306.0,246.0,306.0,329.0,False,MEDIUM,8.0,True,AlphaTauri,0 days 02:12:05.378000,,1,11.0,False,,False,True,20.3,60.0,927.7,False,47.3,311,1.6,True,False,False,False,False,False,+37.008,+1.249,37.008,1.249,8001.466,76.088,,,19.482,39.115,17.491,7944.881,7983.996,8001.487,7925.378
2023,São Paulo Grand Prix,20,Brazil,São Paulo,0 days 02:14:37.633000,TSU,22,0 days 00:01:16.167000,35.0,4.0,,Yuki Tsunoda,,0 days 00:00:19.515000,0 days 00:00:39.412000,0 days 00:00:17.240000,0 days 02:13:41.002000,0 days 02:14:20.414000,0 days 02:14:37.654000,307.0,242.0,323.0,301.0,False,MEDIUM,9.0,True,AlphaTauri,0 days 02:13:21.466000,,1,11.0,False,,False,True,20.2,60.0,927.7,False,47.2,156,1.0,True,False,False,False,False,False,+38.180,+0.580,38.18,0.58,8077.633,76.167,,,19.515,39.412,17.24,8021.002,8060.414,8077.654,8001.466
2023,São Paulo Grand Prix,20,Brazil,São Paulo,0 days 02:15:53.297000,TSU,22,0 days 00:01:15.664000,36.0,4.0,,Yuki Tsunoda,,0 days 00:00:19.431000,0 days 00:00:38.873000,0 days 00:00:17.360000,0 days 02:14:57.085000,0 days 02:15:35.958000,0 days 02:15:53.318000,320.0,245.0,306.0,316.0,False,MEDIUM,10.0,True,AlphaTauri,0 days 02:14:37.633000,,1,10.0,False,,False,True,20.2,59.0,927.7,False,47.2,177,1.3,True,False,False,False,False,False,+38.593,+6.174,38.593,6.174,8153.297,75.664,,,19.431,38.873,17.36,8097.085,8135.958,8153.318,8077.633
2023,São Paulo Grand Prix,20,Brazil,São Paulo,0 days 02:17:08.982000,TSU,22,0 days 00:01:15.685000,37.0,4.0,,Yuki Tsunoda,,0 days 00:00:19.471000,0 days 00:00:38.834000,0 days 00:00:17.380000,0 days 02:16:12.789000,0 days 02:16:51.623000,0 days 02:17:09.003000,305.0,250.0,304.0,299.0,False,MEDIUM,11.0,True,AlphaTauri,0 days 02:15:53.297000,,1,10.0,False,,False,True,20.3,58.0,927.7,False,47.3,182,2.0,True,False,False,False,False,False,+39.597,+5.895,39.597,5.895,8228.982,75.685,,,19.471,38.834,17.38,8172.789,8211.623,8229.003,8153.297
2023,São Paulo Grand Prix,20,Brazil,São Paulo,0 days 02:18:24.808000,TSU,22,0 days 00:01:15.826000,38.0,4.0,,Yuki Tsunoda,,0 days 00:00:19.432000,0 days 00:00:38.844000,0 days 00:00:17.550000,0 days 02:17:28.435000,0 days 02:18:07.279000,0 days 02:18:24.829000,306.0,244.0,304.0,295.0,False,MEDIUM,12.0,True,AlphaTauri,0 days 02:17:08.982000,,1,10.0,False,,False,True,20.5,59.0,927.7,False,47.5,191,1.7,True,False,False,False,False,False,+40.432,+5.773,40.432,5.773,8304.808,75.826,,,19.432,38.844,17.55,8248.435,8287.279,8304.829,8228.982
2023,São Paulo Grand Prix,20,Brazil,São Paulo,0 days 02:19:40.815000,TSU,22,0 days 00:01:16.007000,39.0,4.0,,Yuki Tsunoda,,0 days 00:00:19.509000,0 days 00:00:38.890000,0 days 00:00:17.608000,0 days 02:18:44.338000,0 days 02:19:23.228000,0 days 02:19:40.836000,305.0,250.0,300.0,297.0,False,MEDIUM,13.0,True,AlphaTauri,0 days 02:18:24.808000,,1,10.0,False,,False,True,20.5,58.0,927.7,False,47.5,174,2.0,True,False,False,False,False,False,+41.472,+5.264,41.472,5.264,8380.815,76.007,,,19.509,38.89,17.608,8324.338,8363.228,8380.836,8304.808
2023,São Paulo Grand Prix,20,Brazil,São Paulo,0 days 02:20:56.826000,TSU,22,0 days 00:01:16.011000,40.0,4.0,,Yuki Tsunoda,,0 days 00:00:19.481000,0 days 00:00:38.977000,0 days 00:00:17.553000,0 days 02:20:00.317000,0 days 02:20:39.294000,0 days 02:20:56.847000,306.0,247.0,303.0,290.0,False,MEDIUM,14.0,True,AlphaTauri,0 days 02:19:40.815000,,1,10.0,False,,False,True,20.4,58.0,927.7,False,47.2,161,1.0,True,False,False,False,False,False,+42.286,+4.891,42.286,4.891,8456.826,76.011,,,19.481,38.977,17.553,8400.317,8439.294,8456.847,8380.815
2023,São Paulo Grand Prix,20,Brazil,São Paulo,0 days 02:22:12.914000,TSU,22,0 days 00:01:16.088000,41.0,4.0,,Yuki Tsunoda,,0 days 00:00:19.456000,0 days 00:00:39.132000,0 days 00:00:17.500000,0 days 02:21:16.303000,0 days 02:21:55.435000,0 days 02:22:12.935000,307.0,248.0,305.0,298.0,False,MEDIUM,15.0,True,AlphaTauri,0 days 02:20:56.826000,,1,10.0,False,,False,True,20.4,59.0,927.9,False,47.0,152,1.2,True,False,False,False,False,False,+43.036,+4.462,43.036,4.462,8532.914,76.088,,,19.456,39.132,17.5,8476.303,8515.435,8532.935,8456.826
2023,São Paulo Grand Prix,20,Brazil,São Paulo,0 days 02:23:28.766000,TSU,22,0 days 00:01:15.852000,42.0,4.0,,Yuki Tsunoda,,0 days 00:00:19.358000,0 days 00:00:38.982000,0 days 00:00:17.512000,0 days 02:22:32.293000,0 days 02:23:11.275000,0 days 02:23:28.787000,306.0,249.0,304.0,301.0,False,MEDIUM,16.0,True,AlphaTauri,0 days 02:22:12.914000,,1,10.0,False,,False,True,20.5,58.0,927.7,False,47.1,161,2.0,True,False,False,False,False,False,+43.664,+3.949,43.664,3.949,8608.766,75.852,,,19.358,38.982,17.512,8552.293,8591.275,8608.787,8532.914
2023,São Paulo Grand Prix,20,Brazil,São Paulo,0 days 02:24:45.006000,TSU,22,0 days 00:01:16.240000,43.0,4.0,,Yuki Tsunoda,,0 days 00:00:19.419000,0 days 00:00:39.023000,0 days 00:00:17.798000,0 days 02:23:48.206000,0 days 02:24:27.229000,0 days 02:24:45.027000,308.0,249.0,306.0,300.0,False,MEDIUM,17.0,True,AlphaTauri,0 days 02:23:28.766000,,1,10.0,False,,False,True,20.5,59.0,927.7,False,46.9,191,2.0,True,False,False,False,False,False,+44.880,+2.675,44.88,2.675,8685.006,76.24,,,19.419,39.023,17.798,8628.206,8667.229,8685.027,8608.766
2023,São Paulo Grand Prix,20,Brazil,São Paulo,0 days 02:26:01.184000,TSU,22,0 days 00:01:16.178000,44.0,4.0,,Yuki Tsunoda,,0 days 00:00:19.386000,0 days 00:00:39.176000,0 days 00:00:17.616000,0 days 02:25:04.413000,0 days 02:25:43.589000,0 days 02:26:01.205000,308.0,249.0,308.0,301.0,False,MEDIUM,18.0,True,AlphaTauri,0 days 02:24:45.006000,,1,10.0,False,,False,True,20.4,59.0,927.7,False,47.1,182,2.5,True,False,False,False,False,False,+45.759,+1.569,45.759,1.569,8761.184,76.178,,,19.386,39.176,17.616,8704.413,8743.589,8761.205,8685.006
2023,São Paulo Grand Prix,20,Brazil,São Paulo,0 days 02:27:17.609000,TSU,22,0 days 00:01:16.425000,45.0,4.0,,Yuki Tsunoda,,0 days 00:00:19.428000,0 days 00:00:39.256000,0 days 00:00:17.741000,0 days 02:26:20.633000,0 days 02:26:59.889000,0 days 02:27:17.630000,309.0,249.0,321.0,304.0,False,MEDIUM,19.0,True,AlphaTauri,0 days 02:26:01.184000,,1,9.0,False,,False,True,20.3,59.0,927.9,False,47.1,164,1.5,True,False,False,False,False,False,+46.784,+0.553,46.784,0.553,8837.609,76.425,,,19.428,39.256,17.741,8780.633,8819.889,8837.63,8761.184
2023,São Paulo Grand Prix,20,Brazil,São Paulo,0 days 02:28:33.911000,TSU,22,0 days 00:01:16.302000,46.0,4.0,,Yuki Tsunoda,,0 days 00:00:19.499000,0 days 00:00:39.266000,0 days 00:00:17.537000,0 days 02:27:37.129000,0 days 02:28:16.395000,0 days 02:28:33.932000,306.0,248.0,304.0,311.0,False,MEDIUM,20.0,True,AlphaTauri,0 days 02:27:17.609000,,1,8.0,False,,False,True,20.3,59.0,927.9,False,46.8,233,1.2,True,False,False,False,False,False,+47.635,+2.342,47.635,2.342,8913.911,76.302,,,19.499,39.266,17.537,8857.129,8896.395,8913.932,8837.609
2023,São Paulo Grand Prix,20,Brazil,São Paulo,0 days 02:29:50.215000,TSU,22,0 days 00:01:16.304000,47.0,4.0,,Yuki Tsunoda,,0 days 00:00:19.510000,0 days 00:00:39.119000,0 days 00:00:17.675000,0 days 02:28:53.442000,0 days 02:29:32.561000,0 days 02:29:50.236000,304.0,250.0,302.0,302.0,False,MEDIUM,21.0,True,AlphaTauri,0 days 02:28:33.911000,,1,6.0,False,,False,True,20.3,58.0,927.9,False,46.7,148,1.1,True,False,False,False,False,False,+48.563,+25.273,48.563,25.273,8990.215,76.304,,,19.51,39.119,17.675,8933.442,8972.561,8990.236,8913.911
2023,São Paulo Grand Prix,20,Brazil,São Paulo,0 days 02:31:07.030000,TSU,22,0 days 00:01:16.815000,48.0,4.0,,Yuki Tsunoda,,0 days 00:00:19.726000,0 days 00:00:39.585000,0 days 00:00:17.504000,0 days 02:30:09.962000,0 days 02:30:49.547000,0 days 02:31:07.051000,320.0,248.0,305.0,298.0,False,MEDIUM,22.0,True,AlphaTauri,0 days 02:29:50.215000,,1,7.0,False,,False,True,20.3,59.0,927.7,False,46.7,213,1.6,True,False,False,False,False,False,+49.847,+1.505,49.847,1.505,9067.03,76.815,,,19.726,39.585,17.504,9009.962,9049.547,9067.051,8990.215
2023,São Paulo Grand Prix,20,Brazil,São Paulo,0 days 02:32:23.444000,TSU,22,0 days 00:01:16.414000,49.0,4.0,,Yuki Tsunoda,,0 days 00:00:19.591000,0 days 00:00:39.249000,0 days 00:00:17.574000,0 days 02:31:26.642000,0 days 02:32:05.891000,0 days 02:32:23.465000,308.0,249.0,304.0,298.0,False,MEDIUM,23.0,True,AlphaTauri,0 days 02:31:07.030000,,1,7.0,False,,False,True,20.2,58.0,927.7,False,45.4,150,1.5,True,False,False,False,False,False,+50.851,+2.975,50.851,2.975,9143.444,76.414,,,19.591,39.249,17.574,9086.642,9125.891,9143.465,9067.03
2023,São Paulo Grand Prix,20,Brazil,São Paulo,0 days 02:33:39.806000,TSU,22,0 days 00:01:16.362000,50.0,4.0,,Yuki Tsunoda,,0 days 00:00:19.541000,0 days 00:00:39.090000,0 days 00:00:17.731000,0 days 02:32:43.006000,0 days 02:33:22.096000,0 days 02:33:39.827000,307.0,249.0,304.0,300.0,False,MEDIUM,24.0,True,AlphaTauri,0 days 02:32:23.444000,,1,7.0,False,,False,True,20.2,58.0,927.9,False,44.9,157,2.2,True,False,False,False,False,False,+51.773,+3.974,51.773,3.974,9219.806,76.362,,,19.541,39.09,17.731,9163.006,9202.096,9219.827,9143.444
2023,São Paulo Grand Prix,20,Brazil,São Paulo,0 days 02:34:55.900000,TSU,22,0 days 00:01:16.094000,51.0,4.0,,Yuki Tsunoda,,0 days 00:00:19.485000,0 days 00:00:39.029000,0 days 00:00:17.580000,0 days 02:33:59.312000,0 days 02:34:38.341000,0 days 02:34:55.921000,306.0,248.0,303.0,304.0,False,MEDIUM,25.0,True,AlphaTauri,0 days 02:33:39.806000,,1,7.0,False,,False,True,20.3,59.0,927.7,False,43.2,181,1.5,True,False,False,False,False,False,+52.399,+5.280,52.399,5.28,9295.9,76.094,,,19.485,39.029,17.58,9239.312,9278.341,9295.921,9219.806
2023,São Paulo Grand Prix,20,Brazil,São Paulo,0 days 02:36:11.916000,TSU,22,0 days 00:01:16.016000,52.0,4.0,,Yuki Tsunoda,,0 days 00:00:19.400000,0 days 00:00:39.014000,0 days 00:00:17.602000,0 days 02:35:15.321000,0 days 02:35:54.335000,0 days 02:36:11.937000,306.0,247.0,304.0,302.0,False,MEDIUM,26.0,True,AlphaTauri,0 days 02:34:55.900000,,1,6.0,False,,False,True,20.3,58.0,927.7,False,42.5,164,0.6,True,False,False,False,False,False,+53.039,+6.551,53.039,6.551,9371.916,76.016,,,19.4,39.014,17.602,9315.321,9354.335,9371.937,9295.9
2023,São Paulo Grand Prix,20,Brazil,São Paulo,0 days 02:37:27.969000,TSU,22,0 days 00:01:16.053000,53.0,4.0,,Yuki Tsunoda,,0 days 00:00:19.402000,0 days 00:00:39.079000,0 days 00:00:17.572000,0 days 02:36:31.339000,0 days 02:37:10.418000,0 days 02:37:27.990000,304.0,248.0,304.0,301.0,False,MEDIUM,27.0,True,AlphaTauri,0 days 02:36:11.916000,,1,5.0,False,,False,True,20.3,58.0,927.7,False,41.1,183,0.6,True,False,False,False,False,False,+53.777,+7.841,53.777,7.841,9447.969,76.053,,,19.402,39.079,17.572,9391.339,9430.418,9447.99,9371.916
2023,São Paulo Grand Prix,20,Brazil,São Paulo,0 days 02:38:44.120000,TSU,22,0 days 00:01:16.151000,54.0,4.0,,Yuki Tsunoda,,0 days 00:00:19.492000,0 days 00:00:39.006000,0 days 00:00:17.653000,0 days 02:37:47.482000,0 days 02:38:26.488000,0 days 02:38:44.141000,304.0,249.0,303.0,301.0,False,MEDIUM,28.0,True,AlphaTauri,0 days 02:37:27.969000,,1,5.0,False,,False,True,20.3,59.0,927.9,False,40.5,160,1.1,True,False,False,False,False,False,+54.527,+9.504,54.527,9.504,9524.12,76.151,,,19.492,39.006,17.653,9467.482,9506.488,9524.141,9447.969
2023,São Paulo Grand Prix,20,Brazil,São Paulo,0 days 02:40:03.929000,TSU,22,0 days 00:01:19.809000,55.0,4.0,,Yuki Tsunoda,0 days 02:40:01.050000,0 days 00:00:19.524000,0 days 00:00:39.042000,0 days 00:00:21.243000,0 days 02:39:03.665000,0 days 02:39:42.707000,0 days 02:40:03.950000,304.0,250.0,,300.0,False,MEDIUM,29.0,True,AlphaTauri,0 days 02:38:44.120000,,1,6.0,False,,False,False,20.2,59.0,927.7,False,40.5,304,1.1,True,False,False,False,False,False,+55.151,+11.350,55.151,11.35,9603.929,79.809,9601.05,,19.524,39.042,21.243,9543.665,9582.707,9603.95,9524.12
2023,São Paulo Grand Prix,20,Brazil,São Paulo,0 days 02:41:38.232000,TSU,22,0 days 00:01:34.303000,56.0,5.0,0 days 02:40:24.674000,Yuki Tsunoda,,0 days 00:00:37.357000,0 days 00:00:39.495000,0 days 00:00:17.451000,0 days 02:40:41.307000,0 days 02:41:20.802000,0 days 02:41:38.253000,296.0,245.0,303.0,300.0,False,SOFT,4.0,False,AlphaTauri,0 days 02:40:03.929000,,1,10.0,False,,False,False,20.0,58.0,927.9,False,39.6,179,1.1,True,False,False,False,False,False,+69.611,+5.434,69.611,5.434,9698.232,94.303,,9624.674,37.357,39.495,17.451,9641.307,9680.802,9698.253,9603.929
2023,São Paulo Grand Prix,20,Brazil,São Paulo,0 days 02:42:53.734000,TSU,22,0 days 00:01:15.502000,57.0,5.0,,Yuki Tsunoda,,0 days 00:00:19.336000,0 days 00:00:38.645000,0 days 00:00:17.521000,0 days 02:41:57.589000,0 days 02:42:36.234000,0 days 02:42:53.755000,304.0,245.0,302.0,298.0,True,SOFT,5.0,False,AlphaTauri,0 days 02:41:38.232000,,1,9.0,False,,False,True,20.0,59.0,927.7,False,39.6,197,1.0,True,False,False,False,False,False,+69.457,+13.313,69.457,13.313,9773.734,75.502,,,19.336,38.645,17.521,9717.589,9756.234,9773.755,9698.232
2023,São Paulo Grand Prix,20,Brazil,São Paulo,0 days 02:44:08.938000,TSU,22,0 days 00:01:15.204000,58.0,5.0,,Yuki Tsunoda,,0 days 00:00:19.395000,0 days 00:00:38.393000,0 days 00:00:17.416000,0 days 02:43:13.150000,0 days 02:43:51.543000,0 days 02:44:08.959000,303.0,248.0,302.0,295.0,True,SOFT,6.0,False,AlphaTauri,0 days 02:42:53.734000,,1,9.0,False,,False,True,20.0,59.0,927.9,False,38.8,160,1.2,True,False,False,False,False,False,+68.857,+13.617,68.857,13.617,9848.938,75.204,,,19.395,38.393,17.416,9793.15,9831.543,9848.959,9773.734
2023,São Paulo Grand Prix,20,Brazil,São Paulo,0 days 02:45:24.001000,TSU,22,0 days 00:01:15.063000,59.0,5.0,,Yuki Tsunoda,,0 days 00:00:19.333000,0 days 00:00:38.332000,0 days 00:00:17.398000,0 days 02:44:28.292000,0 days 02:45:06.624000,0 days 02:45:24.022000,303.0,246.0,303.0,294.0,True,SOFT,7.0,False,AlphaTauri,0 days 02:44:08.938000,,1,9.0,False,,False,True,19.9,59.0,927.7,False,38.4,63,1.5,True,False,False,False,False,False,+60.006,+13.950,60.006,13.95,9924.001,75.063,,,19.333,38.332,17.398,9868.292,9906.624,9924.022,9848.938
2023,São Paulo Grand Prix,20,Brazil,São Paulo,0 days 02:46:38.790000,TSU,22,0 days 00:01:14.789000,60.0,5.0,,Yuki Tsunoda,,0 days 00:00:19.308000,0 days 00:00:38.081000,0 days 00:00:17.400000,0 days 02:45:43.330000,0 days 02:46:21.411000,0 days 02:46:38.811000,305.0,249.0,303.0,298.0,True,SOFT,8.0,False,AlphaTauri,0 days 02:45:24.001000,,1,9.0,False,,False,True,19.8,58.0,927.9,False,38.0,177,1.2,True,False,False,False,False,False,+60.670,+13.570,60.67,13.57,9998.79,74.789,,,19.308,38.081,17.4,9943.33,9981.411,9998.811,9924.001
2023,São Paulo Grand Prix,20,Brazil,São Paulo,0 days 02:47:53.454000,TSU,22,0 days 00:01:14.664000,61.0,5.0,,Yuki Tsunoda,,0 days 00:00:19.272000,0 days 00:00:37.996000,0 days 00:00:17.396000,0 days 02:46:58.083000,0 days 02:47:36.079000,0 days 02:47:53.475000,304.0,247.0,301.0,297.0,True,SOFT,9.0,False,AlphaTauri,0 days 02:46:38.790000,,1,9.0,False,,False,True,19.8,58.0,927.7,False,37.9,176,2.4,True,False,False,False,False,False,+60.726,+12.927,60.726,12.927,10073.454,74.664,,,19.272,37.996,17.396,10018.083,10056.079,10073.475,9998.79
2023,São Paulo Grand Prix,20,Brazil,São Paulo,0 days 02:49:07.820000,TSU,22,0 days 00:01:14.366000,62.0,5.0,,Yuki Tsunoda,,0 days 00:00:19.148000,0 days 00:00:37.962000,0 days 00:00:17.256000,0 days 02:48:12.623000,0 days 02:48:50.585000,0 days 02:49:07.841000,304.0,247.0,302.0,301.0,True,SOFT,10.0,False,AlphaTauri,0 days 02:47:53.454000,,1,9.0,False,,False,True,19.8,59.0,927.9,False,37.8,182,2.0,True,False,False,False,False,False,+60.607,+11.943,60.607,11.943,10147.82,74.366,,,19.148,37.962,17.256,10092.623,10130.585,10147.841,10073.454
2023,São Paulo Grand Prix,20,Brazil,São Paulo,0 days 02:50:22.310000,TSU,22,0 days 00:01:14.490000,63.0,5.0,,Yuki Tsunoda,,0 days 00:00:19.224000,0 days 00:00:37.959000,0 days 00:00:17.307000,0 days 02:49:27.065000,0 days 02:50:05.024000,0 days 02:50:22.331000,304.0,247.0,304.0,301.0,False,SOFT,11.0,False,AlphaTauri,0 days 02:49:07.820000,,1,9.0,False,,False,True,19.8,59.0,927.7,False,37.6,132,0.6,True,False,False,False,False,False,+60.746,+11.312,60.746,11.312,10222.31,74.49,,,19.224,37.959,17.307,10167.065,10205.024,10222.331,10147.82
2023,São Paulo Grand Prix,20,Brazil,São Paulo,0 days 02:51:36.541000,TSU,22,0 days 00:01:14.231000,64.0,5.0,,Yuki Tsunoda,,0 days 00:00:19.075000,0 days 00:00:37.813000,0 days 00:00:17.343000,0 days 02:50:41.406000,0 days 02:51:19.219000,0 days 02:51:36.562000,305.0,249.0,302.0,303.0,True,SOFT,12.0,False,AlphaTauri,0 days 02:50:22.310000,,1,9.0,False,,False,True,19.9,59.0,927.7,False,37.8,154,1.6,True,False,False,False,False,False,+60.862,+10.363,60.862,10.363,10296.541,74.231,,,19.075,37.813,17.343,10241.406,10279.219,10296.562,10222.31
2023,São Paulo Grand Prix,20,Brazil,São Paulo,0 days 02:52:51.628000,TSU,22,0 days 00:01:15.087000,65.0,5.0,,Yuki Tsunoda,,0 days 00:00:19.264000,0 days 00:00:38.376000,0 days 00:00:17.447000,0 days 02:51:55.826000,0 days 02:52:34.202000,0 days 02:52:51.649000,302.0,240.0,303.0,302.0,False,SOFT,13.0,False,AlphaTauri,0 days 02:51:36.541000,,1,9.0,False,,False,True,19.8,60.0,927.9,False,37.8,153,1.2,True,False,False,False,False,False,+61.939,+10.100,61.939,10.1,10371.628,75.087,,,19.264,38.376,17.447,10315.826,10354.202,10371.649,10296.541
2023,São Paulo Grand Prix,20,Brazil,São Paulo,0 days 02:54:06.664000,TSU,22,0 days 00:01:15.036000,66.0,5.0,,Yuki Tsunoda,,0 days 00:00:19.313000,0 days 00:00:38.196000,0 days 00:00:17.527000,0 days 02:53:10.962000,0 days 02:53:49.158000,0 days 02:54:06.685000,303.0,247.0,303.0,297.0,False,SOFT,14.0,False,AlphaTauri,0 days 02:52:51.628000,,1,9.0,False,,False,True,19.8,60.0,927.7,False,37.1,159,1.3,True,False,False,False,False,False,+63.055,+10.015,63.055,10.015,10446.664,75.036,,,19.313,38.196,17.527,10390.962,10429.158,10446.685,10371.628
2023,São Paulo Grand Prix,20,Brazil,São Paulo,0 days 02:55:21.548000,TSU,22,0 days 00:01:14.884000,67.0,5.0,,Yuki Tsunoda,,0 days 00:00:19.273000,0 days 00:00:38.069000,0 days 00:00:17.542000,0 days 02:54:25.958000,0 days 02:55:04.027000,0 days 02:55:21.569000,303.0,246.0,301.0,299.0,False,SOFT,15.0,False,AlphaTauri,0 days 02:54:06.664000,,1,9.0,False,,False,True,19.7,60.0,927.9,False,37.0,212,1.6,True,False,False,False,False,False,+64.545,+9.483,64.545,9.483,10521.548,74.884,,,19.273,38.069,17.542,10465.958,10504.027,10521.569,10446.664
2023,São Paulo Grand Prix,20,Brazil,São Paulo,0 days 02:56:36.571000,TSU,22,0 days 00:01:15.023000,68.0,5.0,,Yuki Tsunoda,,0 days 00:00:19.286000,0 days 00:00:38.221000,0 days 00:00:17.516000,0 days 02:55:40.855000,0 days 02:56:19.076000,0 days 02:56:36.592000,303.0,246.0,301.0,299.0,False,SOFT,16.0,False,AlphaTauri,0 days 02:55:21.548000,,1,9.0,False,,False,True,19.7,60.0,927.7,False,36.8,179,2.2,True,False,False,False,False,False,+66.149,+9.034,66.149,9.034,10596.571,75.023,,,19.286,38.221,17.516,10540.855,10579.076,10596.592,10521.548
2023,São Paulo Grand Prix,20,Brazil,São Paulo,0 days 02:57:51.595000,TSU,22,0 days 00:01:15.024000,69.0,5.0,,Yuki Tsunoda,,0 days 00:00:19.341000,0 days 00:00:38.241000,0 days 00:00:17.442000,0 days 02:56:55.933000,0 days 02:57:34.174000,0 days 02:57:51.616000,303.0,237.0,301.0,296.0,False,SOFT,17.0,False,AlphaTauri,0 days 02:56:36.571000,,1,9.0,False,,False,True,19.6,61.0,927.9,False,36.6,152,1.5,True,False,False,False,False,False,+67.139,+8.600,67.139,8.6,10671.595,75.024,,,19.341,38.241,17.442,10615.933,10654.174,10671.616,10596.571
2023,São Paulo Grand Prix,20,Brazil,São Paulo,0 days 02:59:06.714000,TSU,22,0 days 00:01:15.119000,70.0,5.0,,Yuki Tsunoda,,0 days 00:00:19.405000,0 days 00:00:38.264000,0 days 00:00:17.450000,0 days 02:58:11.021000,0 days 02:58:49.285000,0 days 02:59:06.735000,302.0,244.0,301.0,298.0,False,SOFT,18.0,False,AlphaTauri,0 days 02:57:51.595000,,1,9.0,False,,False,True,19.7,61.0,927.7,False,36.4,177,1.2,True,False,False,False,False,False,+68.667,+8.005,68.667,8.005,10746.714,75.119,,,19.405,38.264,17.45,10691.021,10729.285,10746.735,10671.595
2023,São Paulo Grand Prix,20,Brazil,São Paulo,0 days 03:00:21.845000,TSU,22,0 days 00:01:15.131000,71.0,5.0,,Yuki Tsunoda,,0 days 00:00:19.297000,0 days 00:00:38.352000,0 days 00:00:17.482000,0 days 02:59:26.032000,0 days 03:00:04.384000,0 days 03:00:21.866000,302.0,245.0,304.0,299.0,False,SOFT,19.0,False,AlphaTauri,0 days 02:59:06.714000,,1,9.0,False,,False,True,19.8,60.0,927.7,False,36.5,200,1.2,True,False,False,False,False,False,+69.901,+7.073,69.901,7.073,10821.845,75.131,,,19.297,38.352,17.482,10766.032,10804.384,10821.866,10746.714
2023,São Paulo Grand Prix,20,Brazil,São Paulo,0 days 01:04:22.976000,ALB,23,,1.0,1.0,,Alexander Albon,,,,,,,,,,,,False,SOFT,4.0,False,Williams,0 days 01:02:22.839000,,124,,False,,True,False,20.6,58.0,928.0,False,47.8,181,1.1,True,True,True,False,False,False,,,,,3862.976,,,,,,,,,,3742.839
2023,São Paulo Grand Prix,20,Brazil,São Paulo,0 days 01:04:50.022000,ZHO,24,0 days 00:02:26.873000,1.0,1.0,,Guanyu Zhou,0 days 01:04:45.866000,,0 days 00:01:11.207000,0 days 00:00:45.316000,,0 days 01:04:04.757000,0 days 01:04:50.022000,287.0,188.0,,192.0,False,SOFT,1.0,True,Alfa Romeo,0 days 01:02:22.839000,,124,14.0,False,,False,False,20.6,58.0,928.0,False,47.8,181,1.1,True,True,True,False,False,False,+22.119,+2.285,22.119,2.285,3890.022,146.873,3885.866,,,71.207,45.316,,3844.757,3890.022,3742.839
2023,São Paulo Grand Prix,20,Brazil,São Paulo,0 days 01:07:14.907000,ZHO,24,0 days 00:02:24.885000,2.0,2.0,0 days 01:05:07.194000,Guanyu Zhou,0 days 01:07:09.708000,0 days 00:00:38.882000,0 days 00:00:59.660000,0 days 00:00:46.343000,0 days 01:05:28.904000,0 days 01:06:28.564000,0 days 01:07:14.907000,263.0,165.0,,,False,SOFT,2.0,False,Alfa Romeo,0 days 01:04:50.022000,,45,13.0,False,,False,False,20.6,60.0,928.0,False,47.1,178,1.2,False,False,True,True,False,False,+21.240,+3.161,21.24,3.161,4034.907,144.885,4029.708,3907.194,38.882,59.66,46.343,3928.904,3988.564,4034.907,3890.022
2023,São Paulo Grand Prix,20,Brazil,São Paulo,0 days 01:33:08.017000,ZHO,24,,3.0,3.0,0 days 01:30:49.660000,Guanyu Zhou,,,0 days 00:00:43.079000,0 days 00:01:11.589000,,0 days 01:31:56.519000,0 days 01:33:08.159000,257.0,218.0,76.0,192.0,False,SOFT,1.0,True,Alfa Romeo,0 days 01:30:00.364000,,1,13.0,False,,False,False,20.7,55.0,927.9,False,49.2,198,2.2,True,False,False,False,False,False,+37.164,+2.210,37.164,2.21,5588.017,,,5449.66,,43.079,71.589,,5516.519,5588.159,5400.364
2023,São Paulo Grand Prix,20,Brazil,São Paulo,0 days 01:34:29.556000,ZHO,24,0 days 00:01:21.539000,4.0,3.0,,Guanyu Zhou,,0 days 00:00:23.222000,0 days 00:00:40.949000,0 days 00:00:17.368000,0 days 01:33:31.239000,0 days 01:34:12.188000,0 days 01:34:29.556000,310.0,231.0,316.0,234.0,True,SOFT,2.0,True,Alfa Romeo,0 days 01:33:08.017000,,1,14.0,False,,False,True,20.9,54.0,927.7,False,49.7,149,0.8,True,False,False,False,False,False,+5.604,+0.201,5.604,0.201,5669.556,81.539,,,23.222,40.949,17.368,5611.239,5652.188,5669.556,5588.017
2023,São Paulo Grand Prix,20,Brazil,São Paulo,0 days 01:35:47.795000,ZHO,24,0 days 00:01:18.239000,5.0,3.0,,Guanyu Zhou,,0 days 00:00:20.366000,0 days 00:00:40.294000,0 days 00:00:17.579000,0 days 01:34:49.922000,0 days 01:35:30.216000,0 days 01:35:47.795000,307.0,240.0,324.0,278.0,True,SOFT,3.0,True,Alfa Romeo,0 days 01:34:29.556000,,1,14.0,False,,False,True,21.0,55.0,927.7,False,50.2,180,0.8,True,False,False,False,False,False,+8.139,+0.648,8.139,0.648,5747.795,78.239,,,20.366,40.294,17.579,5689.922,5730.216,5747.795,5669.556
2023,São Paulo Grand Prix,20,Brazil,São Paulo,0 days 01:37:05.084000,ZHO,24,0 days 00:01:17.289000,6.0,3.0,,Guanyu Zhou,,0 days 00:00:19.817000,0 days 00:00:40.046000,0 days 00:00:17.426000,0 days 01:36:07.612000,0 days 01:36:47.658000,0 days 01:37:05.084000,322.0,233.0,325.0,279.0,True,SOFT,4.0,True,Alfa Romeo,0 days 01:35:47.795000,,1,14.0,False,,False,True,20.9,55.0,927.9,False,49.8,186,1.1,True,False,False,False,False,False,+9.890,+0.627,9.89,0.627,5825.084,77.289,,,19.817,40.046,17.426,5767.612,5807.658,5825.084,5747.795
2023,São Paulo Grand Prix,20,Brazil,São Paulo,0 days 01:38:22.190000,ZHO,24,0 days 00:01:17.106000,7.0,3.0,,Guanyu Zhou,,0 days 00:00:19.730000,0 days 00:00:39.991000,0 days 00:00:17.385000,0 days 01:37:24.814000,0 days 01:38:04.805000,0 days 01:38:22.190000,319.0,238.0,325.0,291.0,True,SOFT,5.0,True,Alfa Romeo,0 days 01:37:05.084000,,1,14.0,False,,False,True,21.1,57.0,927.7,False,49.6,170,1.2,True,False,False,False,False,False,+11.395,+0.625,11.395,0.625,5902.19,77.106,,,19.73,39.991,17.385,5844.814,5884.805,5902.19,5825.084
2023,São Paulo Grand Prix,20,Brazil,São Paulo,0 days 01:39:39.071000,ZHO,24,0 days 00:01:16.881000,8.0,3.0,,Guanyu Zhou,,0 days 00:00:19.702000,0 days 00:00:39.625000,0 days 00:00:17.554000,0 days 01:38:41.892000,0 days 01:39:21.517000,0 days 01:39:39.071000,315.0,241.0,323.0,285.0,True,SOFT,6.0,True,Alfa Romeo,0 days 01:38:22.190000,,1,14.0,False,,False,True,21.1,58.0,927.9,False,49.7,204,1.8,True,False,False,False,False,False,+12.404,+0.829,12.404,0.829,5979.071,76.881,,,19.702,39.625,17.554,5921.892,5961.517,5979.071,5902.19
2023,São Paulo Grand Prix,20,Brazil,São Paulo,0 days 01:40:56.048000,ZHO,24,0 days 00:01:16.977000,9.0,3.0,,Guanyu Zhou,,0 days 00:00:19.599000,0 days 00:00:39.840000,0 days 00:00:17.538000,0 days 01:39:58.670000,0 days 01:40:38.510000,0 days 01:40:56.048000,314.0,238.0,322.0,297.0,False,SOFT,7.0,True,Alfa Romeo,0 days 01:39:39.071000,,1,14.0,False,,False,True,21.1,58.0,927.9,False,49.3,175,1.7,True,False,False,False,False,False,+13.183,+0.925,13.183,0.925,6056.048,76.977,,,19.599,39.84,17.538,5998.67,6038.51,6056.048,5979.071
2023,São Paulo Grand Prix,20,Brazil,São Paulo,0 days 01:42:12.800000,ZHO,24,0 days 00:01:16.752000,10.0,3.0,,Guanyu Zhou,,0 days 00:00:19.527000,0 days 00:00:39.606000,0 days 00:00:17.619000,0 days 01:41:15.575000,0 days 01:41:55.181000,0 days 01:42:12.800000,318.0,241.0,322.0,316.0,True,SOFT,8.0,True,Alfa Romeo,0 days 01:40:56.048000,,1,14.0,False,,False,True,21.0,58.0,927.7,False,49.4,263,1.0,True,False,False,False,False,False,+13.950,+0.927,13.95,0.927,6132.8,76.752,,,19.527,39.606,17.619,6075.575,6115.181,6132.8,6056.048
2023,São Paulo Grand Prix,20,Brazil,São Paulo,0 days 01:43:29.843000,ZHO,24,0 days 00:01:17.043000,11.0,3.0,,Guanyu Zhou,,0 days 00:00:19.715000,0 days 00:00:39.907000,0 days 00:00:17.421000,0 days 01:42:32.515000,0 days 01:43:12.422000,0 days 01:43:29.843000,321.0,240.0,332.0,295.0,False,SOFT,9.0,True,Alfa Romeo,0 days 01:42:12.800000,,1,14.0,False,,False,True,20.9,58.0,927.5,False,49.2,291,1.5,True,False,False,False,False,False,+14.542,+0.193,14.542,0.193,6209.843,77.043,,,19.715,39.907,17.421,6152.515,6192.422,6209.843,6132.8
2023,São Paulo Grand Prix,20,Brazil,São Paulo,0 days 01:44:47.410000,ZHO,24,0 days 00:01:17.567000,12.0,3.0,,Guanyu Zhou,,0 days 00:00:19.990000,0 days 00:00:40.186000,0 days 00:00:17.391000,0 days 01:43:49.833000,0 days 01:44:30.019000,0 days 01:44:47.410000,316.0,238.0,325.0,310.0,False,SOFT,10.0,True,Alfa Romeo,0 days 01:43:29.843000,,1,14.0,False,,False,True,20.8,57.0,927.7,False,48.9,152,1.7,True,False,False,False,False,False,+16.433,+0.317,16.433,0.317,6287.41,77.567,,,19.99,40.186,17.391,6229.833,6270.019,6287.41,6209.843
2023,São Paulo Grand Prix,20,Brazil,São Paulo,0 days 01:46:05.052000,ZHO,24,0 days 00:01:17.642000,13.0,3.0,,Guanyu Zhou,,0 days 00:00:20.028000,0 days 00:00:39.691000,0 days 00:00:17.923000,0 days 01:45:07.438000,0 days 01:45:47.129000,0 days 01:46:05.052000,297.0,239.0,302.0,308.0,False,SOFT,11.0,True,Alfa Romeo,0 days 01:44:47.410000,,1,13.0,False,,False,True,20.8,55.0,927.7,False,49.1,181,1.3,True,False,False,False,False,False,+17.604,+1.534,17.604,1.534,6365.052,77.642,,,20.028,39.691,17.923,6307.438,6347.129,6365.052,6287.41
2023,São Paulo Grand Prix,20,Brazil,São Paulo,0 days 01:47:22.536000,ZHO,24,0 days 00:01:17.484000,14.0,3.0,,Guanyu Zhou,,0 days 00:00:19.964000,0 days 00:00:39.786000,0 days 00:00:17.734000,0 days 01:46:25.016000,0 days 01:47:04.802000,0 days 01:47:22.536000,298.0,242.0,301.0,294.0,False,SOFT,12.0,True,Alfa Romeo,0 days 01:46:05.052000,,1,12.0,False,,False,True,20.6,57.0,927.7,False,49.1,73,1.1,True,False,False,False,False,False,+19.007,+1.664,19.007,1.664,6442.536,77.484,,,19.964,39.786,17.734,6385.016,6424.802,6442.536,6365.052
2023,São Paulo Grand Prix,20,Brazil,São Paulo,0 days 01:48:44.197000,ZHO,24,0 days 00:01:21.661000,15.0,3.0,,Guanyu Zhou,0 days 01:48:41.288000,0 days 00:00:19.922000,0 days 00:00:39.705000,0 days 00:00:22.034000,0 days 01:47:42.458000,0 days 01:48:22.163000,0 days 01:48:44.197000,298.0,245.0,,293.0,False,SOFT,13.0,True,Alfa Romeo,0 days 01:47:22.536000,,1,13.0,False,,False,False,20.6,56.0,927.7,False,48.9,189,0.4,True,False,False,False,False,False,+20.156,+2.001,20.156,2.001,6524.197,81.661,6521.288,,19.922,39.705,22.034,6462.458,6502.163,6524.197,6442.536
2023,São Paulo Grand Prix,20,Brazil,São Paulo,0 days 01:50:19.150000,ZHO,24,0 days 00:01:34.953000,16.0,4.0,0 days 01:49:05.304000,Guanyu Zhou,,0 days 00:00:38.301000,0 days 00:00:38.999000,0 days 00:00:17.653000,0 days 01:49:22.498000,0 days 01:50:01.497000,0 days 01:50:19.150000,290.0,247.0,293.0,293.0,False,MEDIUM,1.0,True,Alfa Romeo,0 days 01:48:44.197000,,1,15.0,False,,False,False,20.8,55.0,927.9,False,48.9,194,1.7,True,False,False,False,False,False,+42.856,+5.096,42.856,5.096,6619.15,94.953,,6545.304,38.301,38.999,17.653,6562.498,6601.497,6619.15,6524.197
2023,São Paulo Grand Prix,20,Brazil,São Paulo,0 days 01:51:35.382000,ZHO,24,0 days 00:01:16.232000,17.0,4.0,,Guanyu Zhou,,0 days 00:00:19.873000,0 days 00:00:38.707000,0 days 00:00:17.652000,0 days 01:50:39.023000,0 days 01:51:17.730000,0 days 01:51:35.382000,297.0,248.0,294.0,294.0,True,MEDIUM,2.0,True,Alfa Romeo,0 days 01:50:19.150000,,1,15.0,False,,False,True,21.0,56.0,927.7,False,48.7,170,2.2,True,False,False,False,False,False,+42.917,+4.934,42.917,4.934,6695.382,76.232,,,19.873,38.707,17.652,6639.023,6677.73,6695.382,6619.15
2023,São Paulo Grand Prix,20,Brazil,São Paulo,0 days 01:52:52.021000,ZHO,24,0 days 00:01:16.639000,18.0,4.0,,Guanyu Zhou,,0 days 00:00:19.946000,0 days 00:00:38.978000,0 days 00:00:17.715000,0 days 01:51:55.328000,0 days 01:52:34.306000,0 days 01:52:52.021000,298.0,243.0,294.0,292.0,False,MEDIUM,3.0,True,Alfa Romeo,0 days 01:51:35.382000,,1,14.0,False,,False,True,21.0,56.0,927.7,False,48.7,164,1.7,True,False,False,False,False,False,+43.214,+5.121,43.214,5.121,6772.021,76.639,,,19.946,38.978,17.715,6715.328,6754.306,6772.021,6695.382
2023,São Paulo Grand Prix,20,Brazil,São Paulo,0 days 01:54:09.427000,ZHO,24,0 days 00:01:17.406000,19.0,4.0,,Guanyu Zhou,,0 days 00:00:20.049000,0 days 00:00:39.332000,0 days 00:00:18.025000,0 days 01:53:12.070000,0 days 01:53:51.402000,0 days 01:54:09.427000,299.0,245.0,279.0,296.0,False,MEDIUM,4.0,True,Alfa Romeo,0 days 01:52:52.021000,,1,14.0,False,,False,True,20.9,57.0,927.7,False,48.8,197,1.5,True,False,False,False,False,False,+44.418,+5.270,44.418,5.27,6849.427,77.406,,,20.049,39.332,18.025,6792.07,6831.402,6849.427,6772.021
2023,São Paulo Grand Prix,20,Brazil,São Paulo,0 days 01:55:26.341000,ZHO,24,0 days 00:01:16.914000,20.0,4.0,,Guanyu Zhou,,0 days 00:00:19.922000,0 days 00:00:39.350000,0 days 00:00:17.642000,0 days 01:54:29.349000,0 days 01:55:08.699000,0 days 01:55:26.341000,316.0,248.0,300.0,281.0,False,MEDIUM,5.0,True,Alfa Romeo,0 days 01:54:09.427000,,1,14.0,False,,False,True,20.6,58.0,927.9,False,48.9,190,2.5,True,False,False,False,False,False,+45.529,+1.249,45.529,1.249,6926.341,76.914,,,19.922,39.35,17.642,6869.349,6908.699,6926.341,6849.427
2023,São Paulo Grand Prix,20,Brazil,São Paulo,0 days 01:56:43.108000,ZHO,24,0 days 00:01:16.767000,21.0,4.0,,Guanyu Zhou,,0 days 00:00:19.840000,0 days 00:00:39.276000,0 days 00:00:17.651000,0 days 01:55:46.181000,0 days 01:56:25.457000,0 days 01:56:43.108000,301.0,245.0,299.0,294.0,False,MEDIUM,6.0,True,Alfa Romeo,0 days 01:55:26.341000,,1,14.0,False,,False,True,20.5,59.0,927.7,False,48.3,198,1.3,True,False,False,False,False,False,+46.080,+1.559,46.08,1.559,7003.108,76.767,,,19.84,39.276,17.651,6946.181,6985.457,7003.108,6926.341
2023,São Paulo Grand Prix,20,Brazil,São Paulo,0 days 01:58:13.454000,ZHO,24,0 days 00:01:30.346000,22.0,4.0,,Guanyu Zhou,0 days 01:58:10.016000,0 days 00:00:19.797000,0 days 00:00:39.257000,0 days 00:00:31.292000,0 days 01:57:02.905000,0 days 01:57:42.162000,0 days 01:58:13.454000,298.0,242.0,,294.0,False,MEDIUM,7.0,True,Alfa Romeo,0 days 01:56:43.108000,,1,14.0,False,,False,False,20.6,59.0,927.7,False,48.3,189,2.2,True,False,False,False,False,False,+50.713,+3.375,50.713,3.375,7093.454,90.346,7090.016,,19.797,39.257,31.292,7022.905,7062.162,7093.454,7003.108
2023,São Paulo Grand Prix,20,Brazil,São Paulo,0 days 01:04:54.149000,HUL,27,0 days 00:02:31.032000,1.0,1.0,,Nico Hulkenberg,0 days 01:04:49.569000,,0 days 00:01:12.310000,0 days 00:00:43.330000,,0 days 01:04:10.866000,0 days 01:04:54.194000,128.0,149.0,,197.0,False,SOFT,1.0,True,Haas F1 Team,0 days 01:02:22.839000,,124,17.0,False,,False,False,20.6,58.0,928.0,False,47.8,181,1.1,True,True,True,False,False,False,+24.614,+0.997,24.614,0.997,3894.149,151.032,3889.569,,,72.31,43.33,,3850.866,3894.194,3742.839
2023,São Paulo Grand Prix,20,Brazil,São Paulo,0 days 01:07:20.387000,HUL,27,0 days 00:02:26.238000,2.0,2.0,0 days 01:05:23.912000,Nico Hulkenberg,0 days 01:07:14.911000,0 days 00:00:53.623000,0 days 00:00:51.887000,0 days 00:00:40.728000,0 days 01:05:47.811000,0 days 01:06:39.698000,0 days 01:07:20.426000,213.0,151.0,,,False,MEDIUM,1.0,True,Haas F1 Team,0 days 01:04:54.149000,,45,15.0,False,,False,False,20.6,60.0,928.0,False,47.1,178,1.2,False,False,True,True,False,False,+27.789,+5.272,27.789,5.272,4040.387,146.238,4034.911,3923.912,53.623,51.887,40.728,3947.811,3999.698,4040.426,3894.149
2023,São Paulo Grand Prix,20,Brazil,São Paulo,0 days 01:33:08.393000,HUL,27,,3.0,3.0,0 days 01:30:55.957000,Nico Hulkenberg,,,0 days 00:00:43.894000,0 days 00:01:07.343000,,0 days 01:32:01.191000,0 days 01:33:08.518000,257.0,228.0,107.0,197.0,False,SOFT,4.0,False,Haas F1 Team,0 days 01:30:00.364000,,1,15.0,False,,False,False,20.7,55.0,927.9,False,49.2,198,2.2,True,False,False,False,False,False,+56.939,+0.093,56.939,0.093,5588.393,,,5455.957,,43.894,67.343,,5521.191,5588.518,5400.364
2023,São Paulo Grand Prix,20,Brazil,São Paulo,0 days 01:34:29.036000,HUL,27,0 days 00:01:20.643000,4.0,3.0,,Nico Hulkenberg,,0 days 00:00:22.490000,0 days 00:00:40.794000,0 days 00:00:17.359000,0 days 01:33:30.922000,0 days 01:34:11.716000,0 days 01:34:29.075000,310.0,238.0,307.0,240.0,True,SOFT,5.0,False,Haas F1 Team,0 days 01:33:08.393000,,1,12.0,False,,False,True,20.9,54.0,927.7,False,49.7,149,0.8,True,False,False,False,False,False,+5.073,+0.071,5.073,0.071,5669.036,80.643,,,22.49,40.794,17.359,5610.922,5651.716,5669.075,5588.393
2023,São Paulo Grand Prix,20,Brazil,São Paulo,0 days 01:35:47.076000,HUL,27,0 days 00:01:18.040000,5.0,3.0,,Nico Hulkenberg,,0 days 00:00:20.547000,0 days 00:00:40.041000,0 days 00:00:17.452000,0 days 01:34:49.622000,0 days 01:35:29.663000,0 days 01:35:47.115000,309.0,241.0,321.0,285.0,True,SOFT,6.0,False,Haas F1 Team,0 days 01:34:29.036000,,1,12.0,False,,False,True,21.0,55.0,927.7,False,50.2,180,0.8,True,False,False,False,False,False,+7.397,+0.698,7.397,0.698,5747.076,78.04,,,20.547,40.041,17.452,5689.622,5729.663,5747.115,5669.036
2023,São Paulo Grand Prix,20,Brazil,São Paulo,0 days 01:37:04.277000,HUL,27,0 days 00:01:17.201000,6.0,3.0,,Nico Hulkenberg,,0 days 00:00:19.765000,0 days 00:00:39.972000,0 days 00:00:17.464000,0 days 01:36:06.880000,0 days 01:36:46.852000,0 days 01:37:04.316000,323.0,246.0,322.0,283.0,True,SOFT,7.0,False,Haas F1 Team,0 days 01:35:47.076000,,1,12.0,False,,False,True,20.9,55.0,927.9,False,49.8,186,1.1,True,False,False,False,False,False,+9.058,+0.823,9.058,0.823,5824.277,77.201,,,19.765,39.972,17.464,5766.88,5806.852,5824.316,5747.076
2023,São Paulo Grand Prix,20,Brazil,São Paulo,0 days 01:38:21.068000,HUL,27,0 days 00:01:16.791000,7.0,3.0,,Nico Hulkenberg,,0 days 00:00:19.485000,0 days 00:00:39.830000,0 days 00:00:17.476000,0 days 01:37:23.801000,0 days 01:38:03.631000,0 days 01:38:21.107000,320.0,238.0,323.0,324.0,True,SOFT,8.0,False,Haas F1 Team,0 days 01:37:04.277000,,1,12.0,False,,False,True,21.1,57.0,927.7,False,49.6,170,1.2,True,False,False,False,False,False,+10.266,+0.967,10.266,0.967,5901.068,76.791,,,19.485,39.83,17.476,5843.801,5883.631,5901.107,5824.277
2023,São Paulo Grand Prix,20,Brazil,São Paulo,0 days 01:39:37.852000,HUL,27,0 days 00:01:16.784000,8.0,3.0,,Nico Hulkenberg,,0 days 00:00:19.526000,0 days 00:00:39.795000,0 days 00:00:17.463000,0 days 01:38:40.633000,0 days 01:39:20.428000,0 days 01:39:37.891000,319.0,245.0,325.0,304.0,True,SOFT,9.0,False,Haas F1 Team,0 days 01:38:21.068000,,1,12.0,False,,False,True,21.1,58.0,927.9,False,49.7,204,1.8,True,False,False,False,False,False,+11.202,+1.078,11.202,1.078,5977.852,76.784,,,19.526,39.795,17.463,5920.633,5960.428,5977.891,5901.068
2023,São Paulo Grand Prix,20,Brazil,São Paulo,0 days 01:40:54.527000,HUL,27,0 days 00:01:16.675000,9.0,3.0,,Nico Hulkenberg,,0 days 00:00:19.493000,0 days 00:00:39.803000,0 days 00:00:17.379000,0 days 01:39:57.384000,0 days 01:40:37.187000,0 days 01:40:54.566000,316.0,247.0,325.0,304.0,True,SOFT,10.0,False,Haas F1 Team,0 days 01:39:37.852000,,1,12.0,False,,False,True,21.1,58.0,927.9,False,49.3,175,1.7,True,False,False,False,False,False,+11.687,+0.974,11.687,0.974,6054.527,76.675,,,19.493,39.803,17.379,5997.384,6037.187,6054.566,5977.852
2023,São Paulo Grand Prix,20,Brazil,São Paulo,0 days 01:42:11.893000,HUL,27,0 days 00:01:17.366000,10.0,3.0,,Nico Hulkenberg,,0 days 00:00:19.607000,0 days 00:00:40.010000,0 days 00:00:17.749000,0 days 01:41:14.173000,0 days 01:41:54.183000,0 days 01:42:11.932000,317.0,241.0,306.0,310.0,False,SOFT,11.0,False,Haas F1 Team,0 days 01:40:54.527000,,1,13.0,False,,False,True,21.0,58.0,927.7,False,49.4,263,1.0,True,False,False,False,False,False,+12.952,+1.187,12.952,1.187,6131.893,77.366,,,19.607,40.01,17.749,6074.173,6114.183,6131.932,6054.527
2023,São Paulo Grand Prix,20,Brazil,São Paulo,0 days 01:43:29.650000,HUL,27,0 days 00:01:17.757000,11.0,3.0,,Nico Hulkenberg,,0 days 00:00:20.033000,0 days 00:00:40.050000,0 days 00:00:17.674000,0 days 01:42:31.965000,0 days 01:43:12.015000,0 days 01:43:29.689000,318.0,235.0,324.0,278.0,False,SOFT,12.0,False,Haas F1 Team,0 days 01:42:11.893000,,1,13.0,False,,False,True,20.9,58.0,927.5,False,49.2,291,1.5,True,False,False,False,False,False,+14.537,+0.799,14.537,0.799,6209.65,77.757,,,20.033,40.05,17.674,6151.965,6192.015,6209.689,6131.893
2023,São Paulo Grand Prix,20,Brazil,São Paulo,0 days 01:44:47.217000,HUL,27,0 days 00:01:17.567000,12.0,3.0,,Nico Hulkenberg,,0 days 00:00:19.708000,0 days 00:00:40.211000,0 days 00:00:17.648000,0 days 01:43:49.397000,0 days 01:44:29.608000,0 days 01:44:47.256000,317.0,237.0,307.0,318.0,False,SOFT,13.0,False,Haas F1 Team,0 days 01:43:29.650000,,1,13.0,False,,False,True,20.8,57.0,927.7,False,48.9,152,1.7,True,False,False,False,False,False,+16.116,+1.300,16.116,1.3,6287.217,77.567,,,19.708,40.211,17.648,6229.397,6269.608,6287.256,6209.65
2023,São Paulo Grand Prix,20,Brazil,São Paulo,0 days 01:46:06.366000,HUL,27,0 days 00:01:19.149000,13.0,3.0,,Nico Hulkenberg,,0 days 00:00:20.581000,0 days 00:00:40.716000,0 days 00:00:17.852000,0 days 01:45:07.837000,0 days 01:45:48.553000,0 days 01:46:06.405000,317.0,235.0,305.0,284.0,False,SOFT,14.0,False,Haas F1 Team,0 days 01:44:47.217000,,1,15.0,False,,False,True,20.8,55.0,927.7,False,49.1,181,1.3,True,False,False,False,False,False,+18.948,+1.344,18.948,1.344,6366.366,79.149,,,20.581,40.716,17.852,6307.837,6348.553,6366.405,6287.217
2023,São Paulo Grand Prix,20,Brazil,São Paulo,0 days 01:47:25.236000,HUL,27,0 days 00:01:18.870000,14.0,3.0,,Nico Hulkenberg,,0 days 00:00:20.296000,0 days 00:00:40.709000,0 days 00:00:17.865000,0 days 01:46:26.701000,0 days 01:47:07.410000,0 days 01:47:25.275000,316.0,239.0,305.0,278.0,False,SOFT,15.0,False,Haas F1 Team,0 days 01:46:06.366000,,1,15.0,False,,False,True,20.6,57.0,927.7,False,49.1,73,1.1,True,False,False,False,False,False,+21.742,+1.390,21.742,1.39,6445.236,78.87,,,20.296,40.709,17.865,6386.701,6427.41,6445.275,6366.366
2023,São Paulo Grand Prix,20,Brazil,São Paulo,0 days 01:48:44.291000,HUL,27,0 days 00:01:19.055000,15.0,3.0,,Nico Hulkenberg,,0 days 00:00:20.272000,0 days 00:00:40.790000,0 days 00:00:17.993000,0 days 01:47:45.547000,0 days 01:48:26.337000,0 days 01:48:44.330000,319.0,233.0,301.0,270.0,False,SOFT,16.0,False,Haas F1 Team,0 days 01:47:25.236000,,1,14.0,False,,False,True,20.6,56.0,927.7,False,48.9,189,0.4,True,False,False,False,False,False,+24.362,+2.608,24.362,2.608,6524.291,79.055,,,20.272,40.79,17.993,6465.547,6506.337,6524.33,6445.236
2023,São Paulo Grand Prix,20,Brazil,São Paulo,0 days 01:50:03.616000,HUL,27,0 days 00:01:19.325000,16.0,3.0,,Nico Hulkenberg,,0 days 00:00:20.339000,0 days 00:00:41.169000,0 days 00:00:17.817000,0 days 01:49:04.669000,0 days 01:49:45.838000,0 days 01:50:03.655000,314.0,234.0,303.0,271.0,False,SOFT,17.0,False,Haas F1 Team,0 days 01:48:44.291000,,1,13.0,False,,False,True,20.8,55.0,927.9,False,48.9,194,1.7,True,False,False,False,False,False,+27.404,+4.314,27.404,4.314,6603.616,79.325,,,20.339,41.169,17.817,6544.669,6585.838,6603.655,6524.291
2023,São Paulo Grand Prix,20,Brazil,São Paulo,0 days 01:51:22.592000,HUL,27,0 days 00:01:18.976000,17.0,3.0,,Nico Hulkenberg,,0 days 00:00:20.172000,0 days 00:00:40.665000,0 days 00:00:18.139000,0 days 01:50:23.827000,0 days 01:51:04.492000,0 days 01:51:22.631000,304.0,236.0,301.0,293.0,False,SOFT,18.0,False,Haas F1 Team,0 days 01:50:03.616000,,1,13.0,False,,False,True,21.0,56.0,927.7,False,48.7,170,2.2,True,False,False,False,False,False,+30.201,+5.045,30.201,5.045,6682.592,78.976,,,20.172,40.665,18.139,6623.827,6664.492,6682.631,6603.616
2023,São Paulo Grand Prix,20,Brazil,São Paulo,0 days 01:52:40.631000,HUL,27,0 days 00:01:18.039000,18.0,3.0,,Nico Hulkenberg,,0 days 00:00:19.868000,0 days 00:00:40.131000,0 days 00:00:18.040000,0 days 01:51:42.499000,0 days 01:52:22.630000,0 days 01:52:40.670000,303.0,231.0,301.0,291.0,False,SOFT,19.0,False,Haas F1 Team,0 days 01:51:22.592000,,1,12.0,False,,False,True,21.0,56.0,927.7,False,48.7,164,1.7,True,False,False,False,False,False,+31.883,+9.937,31.883,9.937,6760.631,78.039,,,19.868,40.131,18.04,6702.499,6742.63,6760.67,6682.592
2023,São Paulo Grand Prix,20,Brazil,São Paulo,0 days 01:53:58.212000,HUL,27,0 days 00:01:17.581000,19.0,3.0,,Nico Hulkenberg,,0 days 00:00:19.820000,0 days 00:00:39.952000,0 days 00:00:17.809000,0 days 01:53:00.490000,0 days 01:53:40.442000,0 days 01:53:58.251000,302.0,239.0,302.0,297.0,False,SOFT,20.0,False,Haas F1 Team,0 days 01:52:40.631000,,1,10.0,False,,False,True,20.9,57.0,927.7,False,48.8,197,1.5,True,False,False,False,False,False,+33.382,+8.377,33.382,8.377,6838.212,77.581,,,19.82,39.952,17.809,6780.49,6820.442,6838.251,6760.631
2023,São Paulo Grand Prix,20,Brazil,São Paulo,0 days 01:55:15.604000,HUL,27,0 days 00:01:17.392000,20.0,3.0,,Nico Hulkenberg,,0 days 00:00:19.754000,0 days 00:00:39.738000,0 days 00:00:17.900000,0 days 01:54:18.005000,0 days 01:54:57.743000,0 days 01:55:15.643000,300.0,240.0,302.0,287.0,False,SOFT,21.0,False,Haas F1 Team,0 days 01:53:58.212000,,1,9.0,False,,False,True,20.6,58.0,927.9,False,48.9,190,2.5,True,False,False,False,False,False,+34.778,+9.044,34.778,9.044,6915.604,77.392,,,19.754,39.738,17.9,6858.005,6897.743,6915.643,6838.212
2023,São Paulo Grand Prix,20,Brazil,São Paulo,0 days 01:56:36.656000,HUL,27,0 days 00:01:21.052000,21.0,3.0,,Nico Hulkenberg,0 days 01:56:33.720000,0 days 00:00:19.772000,0 days 00:00:39.536000,0 days 00:00:21.744000,0 days 01:55:35.415000,0 days 01:56:14.951000,0 days 01:56:36.695000,301.0,238.0,,293.0,False,SOFT,22.0,False,Haas F1 Team,0 days 01:55:15.604000,,1,11.0,False,,False,False,20.5,59.0,927.7,False,48.3,198,1.3,True,False,False,False,False,False,+35.824,+9.130,35.824,9.13,6996.656,81.052,6993.72,,19.772,39.536,21.744,6935.415,6974.951,6996.695,6915.604
2023,São Paulo Grand Prix,20,Brazil,São Paulo,0 days 01:58:13.649000,HUL,27,0 days 00:01:36.993000,22.0,4.0,0 days 01:56:58.126000,Nico Hulkenberg,,0 days 00:00:38.941000,0 days 00:00:40.388000,0 days 00:00:17.664000,0 days 01:57:15.636000,0 days 01:57:56.024000,0 days 01:58:13.688000,290.0,234.0,299.0,293.0,False,SOFT,4.0,False,Haas F1 Team,0 days 01:56:36.656000,,1,15.0,False,,False,False,20.6,59.0,927.7,False,48.3,189,2.2,True,False,False,False,False,False,+60.429,+9.736,60.429,9.736,7093.649,96.993,,7018.126,38.941,40.388,17.664,7035.636,7076.024,7093.688,6996.656
2023,São Paulo Grand Prix,20,Brazil,São Paulo,0 days 01:59:31.641000,HUL,27,0 days 00:01:17.992000,23.0,4.0,,Nico Hulkenberg,,0 days 00:00:19.896000,0 days 00:00:40.241000,0 days 00:00:17.855000,0 days 01:58:33.584000,0 days 01:59:13.825000,0 days 01:59:31.680000,300.0,230.0,300.0,283.0,False,SOFT,5.0,False,Haas F1 Team,0 days 01:58:13.649000,,1,14.0,False,,False,True,20.5,59.0,927.7,False,48.5,195,1.5,True,False,False,False,False,False,+62.398,+14.904,62.398,14.904,7171.641,77.992,,,19.896,40.241,17.855,7113.584,7153.825,7171.68,7093.649
2023,São Paulo Grand Prix,20,Brazil,São Paulo,0 days 02:00:48.868000,HUL,27,0 days 00:01:17.227000,24.0,4.0,,Nico Hulkenberg,,0 days 00:00:19.890000,0 days 00:00:39.686000,0 days 00:00:17.651000,0 days 01:59:51.570000,0 days 02:00:31.256000,0 days 02:00:48.907000,300.0,241.0,299.0,282.0,False,SOFT,6.0,False,Haas F1 Team,0 days 01:59:31.641000,,1,14.0,False,,False,True,20.5,58.0,927.7,False,48.1,155,1.2,True,False,False,False,False,False,+63.199,+15.585,63.199,15.585,7248.868,77.227,,,19.89,39.686,17.651,7191.57,7231.256,7248.907,7171.641
2023,São Paulo Grand Prix,20,Brazil,São Paulo,0 days 02:02:06.038000,HUL,27,0 days 00:01:17.170000,25.0,4.0,,Nico Hulkenberg,,0 days 00:00:19.594000,0 days 00:00:39.856000,0 days 00:00:17.720000,0 days 02:01:08.501000,0 days 02:01:48.357000,0 days 02:02:06.077000,297.0,240.0,300.0,291.0,False,SOFT,7.0,False,Haas F1 Team,0 days 02:00:48.868000,,1,14.0,False,,False,True,20.5,58.0,927.7,False,48.1,153,0.8,True,False,False,False,False,False,+64.127,+15.958,64.127,15.958,7326.038,77.17,,,19.594,39.856,17.72,7268.501,7308.357,7326.077,7248.868
2023,São Paulo Grand Prix,20,Brazil,São Paulo,0 days 02:03:23.320000,HUL,27,0 days 00:01:17.282000,26.0,4.0,,Nico Hulkenberg,,0 days 00:00:19.668000,0 days 00:00:39.748000,0 days 00:00:17.866000,0 days 02:02:25.745000,0 days 02:03:05.493000,0 days 02:03:23.359000,298.0,234.0,302.0,290.0,False,SOFT,8.0,False,Haas F1 Team,0 days 02:02:06.038000,,1,14.0,False,,False,True,20.5,57.0,927.9,False,48.4,190,0.6,True,False,False,False,False,False,+64.979,+34.738,64.979,34.738,7403.32,77.282,,,19.668,39.748,17.866,7345.745,7385.493,7403.359,7326.038
2023,São Paulo Grand Prix,20,Brazil,São Paulo,0 days 02:04:39.501000,HUL,27,0 days 00:01:16.181000,27.0,4.0,,Nico Hulkenberg,,0 days 00:00:19.583000,0 days 00:00:39.046000,0 days 00:00:17.552000,0 days 02:03:42.942000,0 days 02:04:21.988000,0 days 02:04:39.540000,304.0,246.0,303.0,295.0,True,SOFT,9.0,False,Haas F1 Team,0 days 02:03:23.320000,,1,14.0,False,,False,True,20.6,57.0,927.7,False,48.7,196,1.1,True,False,False,False,False,False,+64.631,+8.973,64.631,8.973,7479.501,76.181,,,19.583,39.046,17.552,7422.942,7461.988,7479.54,7403.32
2023,São Paulo Grand Prix,20,Brazil,São Paulo,0 days 02:05:55.520000,HUL,27,0 days 00:01:16.019000,28.0,4.0,,Nico Hulkenberg,,0 days 00:00:19.402000,0 days 00:00:38.946000,0 days 00:00:17.671000,0 days 02:04:58.942000,0 days 02:05:37.888000,0 days 02:05:55.559000,303.0,245.0,302.0,302.0,True,SOFT,10.0,False,Haas F1 Team,0 days 02:04:39.501000,,1,14.0,False,,False,True,20.7,56.0,927.7,False,48.8,172,1.2,True,False,False,False,False,False,+44.127,+8.869,44.127,8.869,7555.52,76.019,,,19.402,38.946,17.671,7498.942,7537.888,7555.559,7479.501
2023,São Paulo Grand Prix,20,Brazil,São Paulo,0 days 02:07:11.338000,HUL,27,0 days 00:01:15.818000,29.0,4.0,,Nico Hulkenberg,,0 days 00:00:19.426000,0 days 00:00:38.744000,0 days 00:00:17.648000,0 days 02:06:14.985000,0 days 02:06:53.729000,0 days 02:07:11.377000,301.0,246.0,303.0,299.0,True,SOFT,11.0,False,Haas F1 Team,0 days 02:05:55.520000,,1,14.0,False,,False,True,20.5,57.0,927.7,False,48.8,154,1.2,True,False,False,False,False,False,+44.245,+9.076,44.245,9.076,7631.338,75.818,,,19.426,38.744,17.648,7574.985,7613.729,7631.377,7555.52
2023,São Paulo Grand Prix,20,Brazil,São Paulo,0 days 02:08:27.504000,HUL,27,0 days 00:01:16.166000,30.0,4.0,,Nico Hulkenberg,,0 days 00:00:19.524000,0 days 00:00:38.861000,0 days 00:00:17.781000,0 days 02:07:30.901000,0 days 02:08:09.762000,0 days 02:08:27.543000,299.0,247.0,301.0,296.0,False,SOFT,12.0,False,Haas F1 Team,0 days 02:07:11.338000,,1,14.0,False,,False,True,20.4,57.0,927.7,False,48.0,219,1.3,True,False,False,False,False,False,+44.602,+9.515,44.602,9.515,7707.504,76.166,,,19.524,38.861,17.781,7650.901,7689.762,7707.543,7631.338
2023,São Paulo Grand Prix,20,Brazil,São Paulo,0 days 02:09:43.867000,HUL,27,0 days 00:01:16.363000,31.0,4.0,,Nico Hulkenberg,,0 days 00:00:19.419000,0 days 00:00:39.148000,0 days 00:00:17.796000,0 days 02:08:46.962000,0 days 02:09:26.110000,0 days 02:09:43.906000,298.0,241.0,302.0,293.0,False,SOFT,13.0,False,Haas F1 Team,0 days 02:08:27.504000,,1,14.0,False,,False,True,20.5,57.0,927.7,False,48.0,150,1.6,True,False,False,False,False,False,+45.189,+15.603,45.189,15.603,7783.867,76.363,,,19.419,39.148,17.796,7726.962,7766.11,7783.906,7707.504
2023,São Paulo Grand Prix,20,Brazil,São Paulo,0 days 02:11:00.710000,HUL,27,0 days 00:01:16.843000,32.0,4.0,,Nico Hulkenberg,,0 days 00:00:19.737000,0 days 00:00:39.353000,0 days 00:00:17.753000,0 days 02:10:03.643000,0 days 02:10:42.996000,0 days 02:11:00.749000,299.0,242.0,302.0,289.0,False,SOFT,14.0,False,Haas F1 Team,0 days 02:09:43.867000,,1,13.0,False,,False,True,20.5,58.0,927.7,False,47.8,185,1.7,True,False,False,False,False,False,+46.570,+11.305,46.57,11.305,7860.71,76.843,,,19.737,39.353,17.753,7803.643,7842.996,7860.749,7783.867
2023,São Paulo Grand Prix,20,Brazil,São Paulo,0 days 02:12:17.595000,HUL,27,0 days 00:01:16.885000,33.0,4.0,,Nico Hulkenberg,,0 days 00:00:19.757000,0 days 00:00:39.489000,0 days 00:00:17.639000,0 days 02:11:20.506000,0 days 02:11:59.995000,0 days 02:12:17.634000,300.0,243.0,303.0,289.0,False,SOFT,15.0,False,Haas F1 Team,0 days 02:11:00.710000,,1,13.0,False,,False,True,20.3,59.0,927.9,False,47.3,181,1.7,True,False,False,False,False,False,+48.301,+12.367,48.301,12.367,7937.595,76.885,,,19.757,39.489,17.639,7880.506,7919.995,7937.634,7860.71
2023,São Paulo Grand Prix,20,Brazil,São Paulo,0 days 02:13:34.058000,HUL,27,0 days 00:01:16.463000,34.0,4.0,,Nico Hulkenberg,,0 days 00:00:19.638000,0 days 00:00:39.138000,0 days 00:00:17.687000,0 days 02:12:37.272000,0 days 02:13:16.410000,0 days 02:13:34.097000,301.0,242.0,303.0,291.0,False,SOFT,16.0,False,Haas F1 Team,0 days 02:12:17.595000,,1,13.0,False,,False,True,20.3,60.0,927.7,False,47.3,311,1.6,True,False,False,False,False,False,+49.636,+11.258,49.636,11.258,8014.058,76.463,,,19.638,39.138,17.687,7957.272,7996.41,8014.097,7937.595
2023,São Paulo Grand Prix,20,Brazil,São Paulo,0 days 02:14:50.423000,HUL,27,0 days 00:01:16.365000,35.0,4.0,,Nico Hulkenberg,,0 days 00:00:19.507000,0 days 00:00:39.206000,0 days 00:00:17.652000,0 days 02:13:53.604000,0 days 02:14:32.810000,0 days 02:14:50.462000,300.0,242.0,305.0,294.0,False,SOFT,17.0,False,Haas F1 Team,0 days 02:13:34.058000,,1,13.0,False,,False,True,20.2,60.0,927.7,False,47.2,156,1.0,True,False,False,False,False,False,+50.842,+9.804,50.842,9.804,8090.423,76.365,,,19.507,39.206,17.652,8033.604,8072.81,8090.462,8014.058
2023,São Paulo Grand Prix,20,Brazil,São Paulo,0 days 02:16:07.204000,HUL,27,0 days 00:01:16.781000,36.0,4.0,,Nico Hulkenberg,,0 days 00:00:19.433000,0 days 00:00:39.522000,0 days 00:00:17.826000,0 days 02:15:09.895000,0 days 02:15:49.417000,0 days 02:16:07.243000,303.0,237.0,303.0,294.0,False,SOFT,18.0,False,Haas F1 Team,0 days 02:14:50.423000,,1,13.0,False,,False,True,20.2,59.0,927.7,False,47.2,177,1.3,True,False,False,False,False,False,+52.478,+9.509,52.478,9.509,8167.204,76.781,,,19.433,39.522,17.826,8109.895,8149.417,8167.243,8090.423
2023,São Paulo Grand Prix,20,Brazil,São Paulo,0 days 02:17:24.040000,HUL,27,0 days 00:01:16.836000,37.0,4.0,,Nico Hulkenberg,,0 days 00:00:19.600000,0 days 00:00:39.484000,0 days 00:00:17.752000,0 days 02:16:26.843000,0 days 02:17:06.327000,0 days 02:17:24.079000,304.0,243.0,303.0,290.0,False,SOFT,19.0,False,Haas F1 Team,0 days 02:16:07.204000,,1,13.0,False,,False,True,20.4,58.0,927.7,False,47.4,159,1.6,True,False,False,False,False,False,+54.641,+9.343,54.641,9.343,8244.04,76.836,,,19.6,39.484,17.752,8186.843,8226.327,8244.079,8167.204
2023,São Paulo Grand Prix,20,Brazil,São Paulo,0 days 02:18:42.997000,HUL,27,0 days 00:01:18.957000,38.0,4.0,,Nico Hulkenberg,,0 days 00:00:20.125000,0 days 00:00:40.837000,0 days 00:00:17.995000,0 days 02:17:44.204000,0 days 02:18:25.041000,0 days 02:18:43.036000,307.0,236.0,303.0,291.0,False,SOFT,20.0,False,Haas F1 Team,0 days 02:17:24.040000,,1,14.0,False,,False,True,20.5,59.0,927.7,False,47.5,191,1.7,True,False,False,False,False,False,+58.649,+2.687,58.649,2.687,8322.997,78.957,,,20.125,40.837,17.995,8264.204,8305.041,8323.036,8244.04
2023,São Paulo Grand Prix,20,Brazil,São Paulo,0 days 02:20:00.676000,HUL,27,0 days 00:01:17.679000,39.0,4.0,,Nico Hulkenberg,,0 days 00:00:19.613000,0 days 00:00:40.191000,0 days 00:00:17.875000,0 days 02:19:02.649000,0 days 02:19:42.840000,0 days 02:20:00.715000,305.0,237.0,302.0,294.0,False,SOFT,21.0,False,Haas F1 Team,0 days 02:18:42.997000,,1,14.0,False,,False,True,20.5,58.0,927.7,False,47.5,174,2.0,True,False,False,False,False,False,+61.342,+4.588,61.342,4.588,8400.676,77.679,,,19.613,40.191,17.875,8342.649,8382.84,8400.715,8322.997
2023,São Paulo Grand Prix,20,Brazil,São Paulo,0 days 02:21:17.953000,HUL,27,0 days 00:01:17.277000,40.0,4.0,,Nico Hulkenberg,,0 days 00:00:19.739000,0 days 00:00:39.693000,0 days 00:00:17.845000,0 days 02:20:20.454000,0 days 02:21:00.147000,0 days 02:21:17.992000,304.0,243.0,302.0,290.0,False,SOFT,22.0,False,Haas F1 Team,0 days 02:20:00.676000,,1,13.0,False,,False,True,20.4,59.0,927.9,False,47.0,152,1.2,True,False,False,False,False,False,+63.412,+6.016,63.412,6.016,8477.953,77.277,,,19.739,39.693,17.845,8420.454,8460.147,8477.992,8400.676
2023,São Paulo Grand Prix,20,Brazil,São Paulo,0 days 02:22:34.987000,HUL,27,0 days 00:01:17.034000,41.0,4.0,,Nico Hulkenberg,,0 days 00:00:19.669000,0 days 00:00:39.526000,0 days 00:00:17.839000,0 days 02:21:37.661000,0 days 02:22:17.187000,0 days 02:22:35.026000,303.0,242.0,303.0,290.0,False,SOFT,23.0,False,Haas F1 Team,0 days 02:21:17.953000,,1,13.0,False,,False,True,20.5,59.0,927.7,False,46.6,170,1.0,True,False,False,False,False,False,+65.091,+7.201,65.091,7.201,8554.987,77.034,,,19.669,39.526,17.839,8497.661,8537.187,8555.026,8477.953
2023,São Paulo Grand Prix,20,Brazil,São Paulo,0 days 02:23:51.808000,HUL,27,0 days 00:01:16.821000,42.0,4.0,,Nico Hulkenberg,,0 days 00:00:19.434000,0 days 00:00:39.554000,0 days 00:00:17.833000,0 days 02:22:54.460000,0 days 02:23:34.014000,0 days 02:23:51.847000,303.0,243.0,301.0,294.0,False,SOFT,24.0,False,Haas F1 Team,0 days 02:22:34.987000,,1,13.0,False,,False,True,20.5,58.0,927.7,False,47.1,161,2.0,True,False,False,False,False,False,+66.686,+7.999,66.686,7.999,8631.808,76.821,,,19.434,39.554,17.833,8574.46,8614.014,8631.847,8554.987
2023,São Paulo Grand Prix,20,Brazil,São Paulo,0 days 02:25:08.604000,HUL,27,0 days 00:01:16.796000,43.0,4.0,,Nico Hulkenberg,,0 days 00:00:19.593000,0 days 00:00:39.399000,0 days 00:00:17.804000,0 days 02:24:11.440000,0 days 02:24:50.839000,0 days 02:25:08.643000,303.0,243.0,301.0,295.0,False,SOFT,25.0,False,Haas F1 Team,0 days 02:23:51.808000,,1,13.0,False,,False,True,20.5,59.0,927.7,False,46.9,191,2.0,True,False,False,False,False,False,+68.441,+8.539,68.441,8.539,8708.604,76.796,,,19.593,39.399,17.804,8651.44,8690.839,8708.643,8631.808
2023,São Paulo Grand Prix,20,Brazil,São Paulo,0 days 02:26:25.528000,HUL,27,0 days 00:01:16.924000,44.0,4.0,,Nico Hulkenberg,,0 days 00:00:19.543000,0 days 00:00:39.448000,0 days 00:00:17.933000,0 days 02:25:28.186000,0 days 02:26:07.634000,0 days 02:26:25.567000,299.0,246.0,302.0,292.0,False,SOFT,26.0,False,Haas F1 Team,0 days 02:25:08.604000,,1,13.0,False,,False,True,20.3,59.0,927.9,False,47.1,160,1.6,True,False,False,False,False,False,+70.057,+9.659,70.057,9.659,8785.528,76.924,,,19.543,39.448,17.933,8728.186,8767.634,8785.567,8708.604
2023,São Paulo Grand Prix,20,Brazil,São Paulo,0 days 02:27:42.912000,HUL,27,0 days 00:01:17.384000,45.0,4.0,,Nico Hulkenberg,,0 days 00:00:19.555000,0 days 00:00:39.784000,0 days 00:00:18.045000,0 days 02:26:45.122000,0 days 02:27:24.906000,0 days 02:27:42.951000,301.0,238.0,302.0,292.0,False,SOFT,27.0,False,Haas F1 Team,0 days 02:26:25.528000,,1,12.0,False,,False,True,20.3,59.0,927.9,False,47.1,164,1.5,True,False,False,False,False,False,+71.951,+25.673,71.951,25.673,8862.912,77.384,,,19.555,39.784,18.045,8805.122,8844.906,8862.951,8785.528
2023,São Paulo Grand Prix,20,Brazil,São Paulo,0 days 02:29:03.641000,HUL,27,0 days 00:01:20.729000,46.0,4.0,,Nico Hulkenberg,0 days 02:29:00.714000,0 days 00:00:19.521000,0 days 00:00:39.698000,0 days 00:00:21.510000,0 days 02:28:02.472000,0 days 02:28:42.170000,0 days 02:29:03.680000,302.0,241.0,,290.0,False,SOFT,28.0,False,Haas F1 Team,0 days 02:27:42.912000,,1,12.0,False,,False,False,20.3,59.0,927.9,False,46.8,233,1.2,True,False,False,False,False,False,+73.662,+5.016,73.662,5.016,8943.641,80.729,8940.714,,19.521,39.698,21.51,8882.472,8922.17,8943.68,8862.912
2023,São Paulo Grand Prix,20,Brazil,São Paulo,0 days 02:30:39.160000,HUL,27,0 days 00:01:35.519000,47.0,5.0,0 days 02:29:24.651000,Nico Hulkenberg,,0 days 00:00:37.683000,0 days 00:00:40.072000,0 days 00:00:17.764000,0 days 02:29:41.363000,0 days 02:30:21.435000,0 days 02:30:39.199000,293.0,236.0,300.0,290.0,False,SOFT,4.0,False,Haas F1 Team,0 days 02:29:03.641000,,1,13.0,False,,False,False,20.3,59.0,927.7,False,46.7,213,1.6,True,False,False,False,False,False,1 L,+12.538,,12.538,9039.16,95.519,,8964.651,37.683,40.072,17.764,8981.363,9021.435,9039.199,8943.641
2023,São Paulo Grand Prix,20,Brazil,São Paulo,0 days 02:31:56.151000,HUL,27,0 days 00:01:16.991000,48.0,5.0,,Nico Hulkenberg,,0 days 00:00:19.623000,0 days 00:00:39.714000,0 days 00:00:17.654000,0 days 02:30:58.822000,0 days 02:31:38.536000,0 days 02:31:56.190000,303.0,239.0,301.0,288.0,False,SOFT,5.0,False,Haas F1 Team,0 days 02:30:39.160000,,1,13.0,False,,False,True,20.3,58.0,927.7,False,46.2,197,1.3,True,False,False,False,False,False,1 L,+13.721,,13.721,9116.151,76.991,,,19.623,39.714,17.654,9058.822,9098.536,9116.19,9039.16
2023,São Paulo Grand Prix,20,Brazil,São Paulo,0 days 02:33:13.043000,HUL,27,0 days 00:01:16.892000,49.0,5.0,,Nico Hulkenberg,,0 days 00:00:19.602000,0 days 00:00:39.506000,0 days 00:00:17.784000,0 days 02:32:15.792000,0 days 02:32:55.298000,0 days 02:33:13.082000,304.0,234.0,300.0,286.0,False,SOFT,6.0,False,Haas F1 Team,0 days 02:31:56.151000,,1,13.0,False,,False,True,20.2,58.0,927.7,False,45.4,150,1.5,True,False,False,False,False,False,1 L,+14.619,,14.619,9193.043,76.892,,,19.602,39.506,17.784,9135.792,9175.298,9193.082,9116.151
2023,São Paulo Grand Prix,20,Brazil,São Paulo,0 days 02:34:29.565000,HUL,27,0 days 00:01:16.522000,50.0,5.0,,Nico Hulkenberg,,0 days 00:00:19.605000,0 days 00:00:39.184000,0 days 00:00:17.733000,0 days 02:33:32.687000,0 days 02:34:11.871000,0 days 02:34:29.604000,299.0,234.0,300.0,286.0,False,SOFT,7.0,False,Haas F1 Team,0 days 02:33:13.043000,,1,13.0,False,,False,True,20.3,59.0,927.7,False,43.2,181,1.5,True,False,False,False,False,False,1 L,+14.989,,14.989,9269.565,76.522,,,19.605,39.184,17.733,9212.687,9251.871,9269.604,9193.043
2023,São Paulo Grand Prix,20,Brazil,São Paulo,0 days 02:35:46.131000,HUL,27,0 days 00:01:16.566000,51.0,5.0,,Nico Hulkenberg,,0 days 00:00:19.631000,0 days 00:00:39.080000,0 days 00:00:17.855000,0 days 02:34:49.235000,0 days 02:35:28.315000,0 days 02:35:46.170000,298.0,238.0,300.0,285.0,False,SOFT,8.0,False,Haas F1 Team,0 days 02:34:29.565000,,1,13.0,False,,False,True,20.3,58.0,927.7,False,42.5,164,0.6,True,False,False,False,False,False,1 L,+34.030,,34.03,9346.131,76.566,,,19.631,39.08,17.855,9289.235,9328.315,9346.17,9269.565
2023,São Paulo Grand Prix,20,Brazil,São Paulo,0 days 02:37:02.360000,HUL,27,0 days 00:01:16.229000,52.0,5.0,,Nico Hulkenberg,,0 days 00:00:19.469000,0 days 00:00:39.233000,0 days 00:00:17.527000,0 days 02:36:05.639000,0 days 02:36:44.872000,0 days 02:37:02.399000,301.0,239.0,301.0,287.0,False,SOFT,9.0,False,Haas F1 Team,0 days 02:35:46.131000,,1,13.0,False,,False,True,20.3,59.0,927.7,False,41.8,0,1.1,True,False,False,False,False,False,1 L,+14.417,,14.417,9422.36,76.229,,,19.469,39.233,17.527,9365.639,9404.872,9422.399,9346.131
2023,São Paulo Grand Prix,20,Brazil,São Paulo,0 days 02:38:18.751000,HUL,27,0 days 00:01:16.391000,53.0,5.0,,Nico Hulkenberg,,0 days 00:00:19.606000,0 days 00:00:39.290000,0 days 00:00:17.495000,0 days 02:37:22.005000,0 days 02:38:01.295000,0 days 02:38:18.790000,301.0,246.0,301.0,291.0,False,SOFT,10.0,False,Haas F1 Team,0 days 02:37:02.360000,,1,13.0,False,,False,True,20.3,59.0,927.9,False,40.5,160,1.1,True,False,False,False,False,False,1 L,+16.736,,16.736,9498.751,76.391,,,19.606,39.29,17.495,9442.005,9481.295,9498.79,9422.36
2023,São Paulo Grand Prix,20,Brazil,São Paulo,0 days 02:39:34.472000,HUL,27,0 days 00:01:15.721000,54.0,5.0,,Nico Hulkenberg,,0 days 00:00:19.349000,0 days 00:00:38.848000,0 days 00:00:17.524000,0 days 02:38:38.139000,0 days 02:39:16.987000,0 days 02:39:34.511000,301.0,244.0,302.0,290.0,True,SOFT,11.0,False,Haas F1 Team,0 days 02:38:18.751000,,1,13.0,False,,False,True,20.2,59.0,927.7,False,40.5,304,1.1,True,False,False,False,False,False,1 L,+15.656,,15.656,9574.472,75.721,,,19.349,38.848,17.524,9518.139,9556.987,9574.511,9498.751
2023,São Paulo Grand Prix,20,Brazil,São Paulo,0 days 02:40:50.477000,HUL,27,0 days 00:01:16.005000,55.0,5.0,,Nico Hulkenberg,,0 days 00:00:19.329000,0 days 00:00:39.046000,0 days 00:00:17.630000,0 days 02:39:53.840000,0 days 02:40:32.886000,0 days 02:40:50.516000,302.0,240.0,301.0,296.0,False,SOFT,12.0,False,Haas F1 Team,0 days 02:39:34.472000,,1,13.0,False,,False,True,20.0,59.0,927.7,False,40.0,174,0.6,True,False,False,False,False,False,1 L,+15.395,,15.395,9650.477,76.005,,,19.329,39.046,17.63,9593.84,9632.886,9650.516,9574.472
2023,São Paulo Grand Prix,20,Brazil,São Paulo,0 days 02:42:06.287000,HUL,27,0 days 00:01:15.810000,56.0,5.0,,Nico Hulkenberg,,0 days 00:00:19.375000,0 days 00:00:38.882000,0 days 00:00:17.553000,0 days 02:41:09.891000,0 days 02:41:48.773000,0 days 02:42:06.326000,301.0,244.0,302.0,294.0,False,SOFT,13.0,False,Haas F1 Team,0 days 02:40:50.477000,,1,13.0,False,,False,True,20.0,58.0,927.9,False,39.6,179,1.1,True,False,False,False,False,False,1 L,+15.238,,15.238,9726.287,75.81,,,19.375,38.882,17.553,9669.891,9708.773,9726.326,9650.477
2023,São Paulo Grand Prix,20,Brazil,São Paulo,0 days 02:43:21.798000,HUL,27,0 days 00:01:15.511000,57.0,5.0,,Nico Hulkenberg,,0 days 00:00:19.360000,0 days 00:00:38.723000,0 days 00:00:17.428000,0 days 02:42:25.686000,0 days 02:43:04.409000,0 days 02:43:21.837000,301.0,247.0,303.0,296.0,True,SOFT,14.0,False,Haas F1 Team,0 days 02:42:06.287000,,1,13.0,False,,False,True,20.0,59.0,927.9,False,38.8,160,1.2,True,False,False,False,False,False,1 L,+4.829,,4.829,9801.798,75.511,,,19.36,38.723,17.428,9745.686,9784.409,9801.837,9726.287
2023,São Paulo Grand Prix,20,Brazil,São Paulo,0 days 02:44:37.437000,HUL,27,0 days 00:01:15.639000,58.0,5.0,,Nico Hulkenberg,,0 days 00:00:19.353000,0 days 00:00:38.803000,0 days 00:00:17.483000,0 days 02:43:41.190000,0 days 02:44:19.993000,0 days 02:44:37.476000,301.0,245.0,302.0,300.0,False,SOFT,15.0,False,Haas F1 Team,0 days 02:43:21.798000,,1,12.0,False,,False,True,19.9,58.0,927.7,False,38.7,200,0.8,True,False,False,False,False,False,1 L,+14.058,,14.058,9877.437,75.639,,,19.353,38.803,17.483,9821.19,9859.993,9877.476,9801.798
2023,São Paulo Grand Prix,20,Brazil,São Paulo,0 days 02:45:53.780000,HUL,27,0 days 00:01:16.343000,59.0,5.0,,Nico Hulkenberg,,0 days 00:00:19.454000,0 days 00:00:39.476000,0 days 00:00:17.413000,0 days 02:44:56.930000,0 days 02:45:36.406000,0 days 02:45:53.819000,276.0,244.0,305.0,298.0,False,SOFT,16.0,False,Haas F1 Team,0 days 02:44:37.437000,,1,12.0,False,,False,True,19.9,59.0,927.7,False,38.4,63,1.5,True,False,False,False,False,False,1 L,+13.757,,13.757,9953.78,76.343,,,19.454,39.476,17.413,9896.93,9936.406,9953.819,9877.437
2023,São Paulo Grand Prix,20,Brazil,São Paulo,0 days 02:47:09.032000,HUL,27,0 days 00:01:15.252000,60.0,5.0,,Nico Hulkenberg,,0 days 00:00:19.219000,0 days 00:00:38.639000,0 days 00:00:17.394000,0 days 02:46:13.038000,0 days 02:46:51.677000,0 days 02:47:09.071000,306.0,250.0,304.0,298.0,True,SOFT,17.0,False,Haas F1 Team,0 days 02:45:53.780000,,1,12.0,False,,False,True,19.8,58.0,927.9,False,38.0,177,1.2,True,False,False,False,False,False,1 L,+12.974,,12.974,10029.032,75.252,,,19.219,38.639,17.394,9973.038,10011.677,10029.071,9953.78
2023,São Paulo Grand Prix,20,Brazil,São Paulo,0 days 02:48:24.389000,HUL,27,0 days 00:01:15.357000,61.0,5.0,,Nico Hulkenberg,,0 days 00:00:19.247000,0 days 00:00:38.729000,0 days 00:00:17.381000,0 days 02:47:28.318000,0 days 02:48:07.047000,0 days 02:48:24.428000,302.0,250.0,302.0,298.0,False,SOFT,18.0,False,Haas F1 Team,0 days 02:47:09.032000,,1,12.0,False,,False,True,19.8,59.0,927.9,False,37.8,182,2.0,True,False,False,False,False,False,1 L,+12.520,,12.52,10104.389,75.357,,,19.247,38.729,17.381,10048.318,10087.047,10104.428,10029.032
2023,São Paulo Grand Prix,20,Brazil,São Paulo,0 days 02:49:39.701000,HUL,27,0 days 00:01:15.312000,62.0,5.0,,Nico Hulkenberg,,0 days 00:00:19.214000,0 days 00:00:38.633000,0 days 00:00:17.465000,0 days 02:48:43.642000,0 days 02:49:22.275000,0 days 02:49:39.740000,300.0,249.0,304.0,296.0,False,SOFT,19.0,False,Haas F1 Team,0 days 02:48:24.389000,,1,12.0,False,,False,True,19.9,60.0,927.7,False,37.6,177,1.3,True,False,False,False,False,False,1 L,+11.905,,11.905,10179.701,75.312,,,19.214,38.633,17.465,10123.642,10162.275,10179.74,10104.389
2023,São Paulo Grand Prix,20,Brazil,São Paulo,0 days 02:50:54.879000,HUL,27,0 days 00:01:15.178000,63.0,5.0,,Nico Hulkenberg,,0 days 00:00:19.225000,0 days 00:00:38.499000,0 days 00:00:17.454000,0 days 02:49:58.965000,0 days 02:50:37.464000,0 days 02:50:54.918000,299.0,248.0,304.0,298.0,True,SOFT,20.0,False,Haas F1 Team,0 days 02:49:39.701000,,1,12.0,False,,False,True,19.8,59.0,927.7,False,37.6,132,0.6,True,False,False,False,False,False,1 L,+11.289,,11.289,10254.879,75.178,,,19.225,38.499,17.454,10198.965,10237.464,10254.918,10179.701
2023,São Paulo Grand Prix,20,Brazil,São Paulo,0 days 02:52:10.283000,HUL,27,0 days 00:01:15.404000,64.0,5.0,,Nico Hulkenberg,,0 days 00:00:19.325000,0 days 00:00:38.729000,0 days 00:00:17.350000,0 days 02:51:14.243000,0 days 02:51:52.972000,0 days 02:52:10.322000,298.0,251.0,302.0,297.0,False,SOFT,21.0,False,Haas F1 Team,0 days 02:50:54.879000,,1,12.0,False,,False,True,19.9,59.0,927.7,False,37.8,154,1.6,True,False,False,False,False,False,1 L,+9.098,,9.098,10330.283,75.404,,,19.325,38.729,17.35,10274.243,10312.972,10330.322,10254.879
2023,São Paulo Grand Prix,20,Brazil,São Paulo,0 days 02:53:25.481000,HUL,27,0 days 00:01:15.198000,65.0,5.0,,Nico Hulkenberg,,0 days 00:00:19.320000,0 days 00:00:38.449000,0 days 00:00:17.429000,0 days 02:52:29.642000,0 days 02:53:08.091000,0 days 02:53:25.520000,297.0,248.0,303.0,295.0,False,SOFT,22.0,False,Haas F1 Team,0 days 02:52:10.283000,,1,12.0,False,,False,True,19.8,60.0,927.7,False,37.1,159,1.3,True,False,False,False,False,False,1 L,+8.075,,8.075,10405.481,75.198,,,19.32,38.449,17.429,10349.642,10388.091,10405.52,10330.283
2023,São Paulo Grand Prix,20,Brazil,São Paulo,0 days 02:54:40.517000,HUL,27,0 days 00:01:15.036000,66.0,5.0,,Nico Hulkenberg,,0 days 00:00:19.281000,0 days 00:00:38.344000,0 days 00:00:17.411000,0 days 02:53:44.801000,0 days 02:54:23.145000,0 days 02:54:40.556000,301.0,252.0,303.0,297.0,True,SOFT,23.0,False,Haas F1 Team,0 days 02:53:25.481000,,1,12.0,False,,False,True,19.7,59.0,927.7,False,37.1,175,1.7,True,False,False,False,False,False,1 L,+6.640,,6.64,10480.517,75.036,,,19.281,38.344,17.411,10424.801,10463.145,10480.556,10405.481
2023,São Paulo Grand Prix,20,Brazil,São Paulo,0 days 02:55:55.860000,HUL,27,0 days 00:01:15.343000,67.0,5.0,,Nico Hulkenberg,,0 days 00:00:19.271000,0 days 00:00:38.611000,0 days 00:00:17.461000,0 days 02:54:59.827000,0 days 02:55:38.438000,0 days 02:55:55.899000,300.0,250.0,303.0,298.0,False,SOFT,24.0,False,Haas F1 Team,0 days 02:54:40.517000,,1,12.0,False,,False,True,19.7,60.0,927.9,False,37.0,212,1.6,True,False,False,False,False,False,1 L,+5.657,,5.657,10555.86,75.343,,,19.271,38.611,17.461,10499.827,10538.438,10555.899,10480.517
2023,São Paulo Grand Prix,20,Brazil,São Paulo,0 days 02:57:11.022000,HUL,27,0 days 00:01:15.162000,68.0,5.0,,Nico Hulkenberg,,0 days 00:00:19.255000,0 days 00:00:38.480000,0 days 00:00:17.427000,0 days 02:56:15.154000,0 days 02:56:53.634000,0 days 02:57:11.061000,302.0,253.0,304.0,301.0,False,SOFT,25.0,False,Haas F1 Team,0 days 02:55:55.860000,,1,12.0,False,,False,True,19.7,60.0,927.7,False,36.8,179,2.2,True,False,False,False,False,False,1 L,+4.730,,4.73,10631.022,75.162,,,19.255,38.48,17.427,10575.154,10613.634,10631.061,10555.86
2023,São Paulo Grand Prix,20,Brazil,São Paulo,0 days 02:58:26.330000,HUL,27,0 days 00:01:15.308000,69.0,5.0,,Nico Hulkenberg,,0 days 00:00:19.210000,0 days 00:00:38.687000,0 days 00:00:17.411000,0 days 02:57:30.271000,0 days 02:58:08.958000,0 days 02:58:26.369000,300.0,251.0,303.0,296.0,False,SOFT,26.0,False,Haas F1 Team,0 days 02:57:11.022000,,1,12.0,False,,False,True,19.7,61.0,927.7,False,36.4,177,1.2,True,False,False,False,False,False,1 L,+4.121,,4.121,10706.33,75.308,,,19.21,38.687,17.411,10650.271,10688.958,10706.369,10631.022
2023,São Paulo Grand Prix,20,Brazil,São Paulo,0 days 02:59:41.925000,HUL,27,0 days 00:01:15.595000,70.0,5.0,,Nico Hulkenberg,,0 days 00:00:19.357000,0 days 00:00:38.803000,0 days 00:00:17.435000,0 days 02:58:45.726000,0 days 02:59:24.529000,0 days 02:59:41.964000,297.0,249.0,302.0,297.0,False,SOFT,27.0,False,Haas F1 Team,0 days 02:58:26.330000,,1,12.0,False,,False,True,19.8,60.0,927.7,False,36.5,159,0.8,True,False,False,False,False,False,1 L,+3.760,,3.76,10781.925,75.595,,,19.357,38.803,17.435,10725.726,10764.529,10781.964,10706.33
2023,São Paulo Grand Prix,20,Brazil,São Paulo,0 days 01:04:52.553000,RIC,3,0 days 00:02:29.416000,1.0,1.0,,Daniel Ricciardo,0 days 01:04:48.319000,,0 days 00:01:11.688000,0 days 00:00:43.918000,,0 days 01:04:08.663000,0 days 01:04:52.553000,143.0,139.0,,208.0,False,SOFT,1.0,True,AlphaTauri,0 days 01:02:22.839000,,124,16.0,False,,False,False,20.6,58.0,928.0,False,47.8,181,1.1,True,True,True,False,False,False,+23.617,+0.798,23.617,0.798,3892.553,149.416,3888.319,,,71.688,43.918,,3848.663,3892.553,3742.839
2023,São Paulo Grand Prix,20,Brazil,São Paulo,0 days 01:32:51.633000,RIC,3,,2.0,2.0,0 days 01:31:05.082000,Daniel Ricciardo,0 days 01:32:48.299000,,0 days 00:00:42.106000,0 days 00:00:43.355000,,0 days 01:32:08.362000,0 days 01:32:51.706000,270.0,222.0,,208.0,False,SOFT,4.0,False,AlphaTauri,0 days 01:30:00.364000,,1,17.0,False,,False,False,20.7,55.0,927.9,False,49.2,198,2.2,True,False,False,False,False,False,1 L,+1.590,,1.59,5571.633,,5568.299,5465.082,,42.106,43.355,,5528.362,5571.706,5400.364
2023,São Paulo Grand Prix,20,Brazil,São Paulo,0 days 01:34:35.454000,RIC,3,0 days 00:01:43.821000,3.0,3.0,0 days 01:33:21.112000,Daniel Ricciardo,,0 days 00:00:46.788000,0 days 00:00:39.446000,0 days 00:00:17.587000,0 days 01:33:38.421000,0 days 01:34:17.867000,0 days 01:34:35.454000,293.0,241.0,303.0,208.0,False,SOFT,5.0,False,AlphaTauri,0 days 01:32:51.633000,,1,17.0,False,,False,False,20.8,56.0,927.9,False,48.7,98,1.7,True,False,False,False,False,False,1 L,+1.266,,1.266,5675.454,103.821,,5601.112,46.788,39.446,17.587,5618.421,5657.867,5675.454,5571.633
2023,São Paulo Grand Prix,20,Brazil,São Paulo,0 days 01:35:52.234000,RIC,3,0 days 00:01:16.780000,4.0,3.0,,Daniel Ricciardo,,0 days 00:00:20.051000,0 days 00:00:39.188000,0 days 00:00:17.541000,0 days 01:34:55.505000,0 days 01:35:34.693000,0 days 01:35:52.234000,302.0,244.0,301.0,278.0,True,SOFT,6.0,False,AlphaTauri,0 days 01:34:35.454000,,1,17.0,False,,False,True,21.0,55.0,927.7,False,50.2,180,0.8,True,False,False,False,False,False,1 L,+0.960,,0.96,5752.234,76.78,,,20.051,39.188,17.541,5695.505,5734.693,5752.234,5675.454
2023,São Paulo Grand Prix,20,Brazil,São Paulo,0 days 01:37:08.957000,RIC,3,0 days 00:01:16.723000,5.0,3.0,,Daniel Ricciardo,,0 days 00:00:19.916000,0 days 00:00:39.343000,0 days 00:00:17.464000,0 days 01:36:12.150000,0 days 01:36:51.493000,0 days 01:37:08.957000,306.0,235.0,322.0,281.0,True,SOFT,7.0,False,AlphaTauri,0 days 01:35:52.234000,,1,17.0,False,,False,True,20.9,55.0,927.9,False,49.8,186,1.1,True,False,False,False,False,False,1 L,+0.753,,0.753,5828.957,76.723,,,19.916,39.343,17.464,5772.15,5811.493,5828.957,5752.234
2023,São Paulo Grand Prix,20,Brazil,São Paulo,0 days 01:38:25.358000,RIC,3,0 days 00:01:16.401000,6.0,3.0,,Daniel Ricciardo,,0 days 00:00:19.549000,0 days 00:00:39.465000,0 days 00:00:17.387000,0 days 01:37:28.506000,0 days 01:38:07.971000,0 days 01:38:25.358000,313.0,236.0,324.0,296.0,True,SOFT,8.0,False,AlphaTauri,0 days 01:37:08.957000,,1,17.0,False,,False,True,21.1,57.0,927.7,False,49.6,170,1.2,True,False,False,False,False,False,1 L,+0.416,,0.416,5905.358,76.401,,,19.549,39.465,17.387,5848.506,5887.971,5905.358,5828.957
2023,São Paulo Grand Prix,20,Brazil,São Paulo,0 days 01:39:41.966000,RIC,3,0 days 00:01:16.608000,7.0,3.0,,Daniel Ricciardo,,0 days 00:00:19.680000,0 days 00:00:39.648000,0 days 00:00:17.280000,0 days 01:38:45.038000,0 days 01:39:24.686000,0 days 01:39:41.966000,323.0,242.0,326.0,281.0,False,SOFT,9.0,False,AlphaTauri,0 days 01:38:25.358000,,1,17.0,False,,False,True,21.1,58.0,927.9,False,49.7,204,1.8,True,False,False,False,False,False,1 L,+0.311,,0.311,5981.966,76.608,,,19.68,39.648,17.28,5925.038,5964.686,5981.966,5905.358
2023,São Paulo Grand Prix,20,Brazil,São Paulo,0 days 01:40:58.457000,RIC,3,0 days 00:01:16.491000,8.0,3.0,,Daniel Ricciardo,,0 days 00:00:19.574000,0 days 00:00:39.631000,0 days 00:00:17.286000,0 days 01:40:01.540000,0 days 01:40:41.171000,0 days 01:40:58.457000,301.0,241.0,328.0,297.0,False,SOFT,10.0,False,AlphaTauri,0 days 01:39:41.966000,,1,17.0,False,,False,True,21.1,58.0,927.9,False,49.3,175,1.7,True,False,False,False,False,False,1 L,+0.161,,0.161,6058.457,76.491,,,19.574,39.631,17.286,6001.54,6041.171,6058.457,5981.966
2023,São Paulo Grand Prix,20,Brazil,São Paulo,0 days 01:42:15.575000,RIC,3,0 days 00:01:17.118000,9.0,3.0,,Daniel Ricciardo,,0 days 00:00:19.632000,0 days 00:00:40.234000,0 days 00:00:17.252000,0 days 01:41:18.089000,0 days 01:41:58.323000,0 days 01:42:15.575000,320.0,240.0,323.0,319.0,False,SOFT,11.0,False,AlphaTauri,0 days 01:40:58.457000,,1,16.0,False,,False,True,21.0,58.0,927.7,False,49.4,161,1.2,True,False,False,False,False,False,1 L,1 L,,,6135.575,77.118,,,19.632,40.234,17.252,6078.089,6118.323,6135.575,6058.457
2023,São Paulo Grand Prix,20,Brazil,São Paulo,0 days 01:43:32.411000,RIC,3,0 days 00:01:16.836000,10.0,3.0,,Daniel Ricciardo,,0 days 00:00:19.658000,0 days 00:00:39.611000,0 days 00:00:17.567000,0 days 01:42:35.233000,0 days 01:43:14.844000,0 days 01:43:32.411000,306.0,241.0,308.0,303.0,False,SOFT,12.0,False,AlphaTauri,0 days 01:42:15.575000,,1,16.0,False,,False,True,20.9,58.0,927.5,False,49.2,291,1.5,True,False,False,False,False,False,1 L,1 L,,,6212.411,76.836,,,19.658,39.611,17.567,6155.233,6194.844,6212.411,6135.575
2023,São Paulo Grand Prix,20,Brazil,São Paulo,0 days 01:44:49.275000,RIC,3,0 days 00:01:16.864000,11.0,3.0,,Daniel Ricciardo,,0 days 00:00:19.755000,0 days 00:00:39.670000,0 days 00:00:17.439000,0 days 01:43:52.166000,0 days 01:44:31.836000,0 days 01:44:49.275000,307.0,241.0,325.0,296.0,False,SOFT,13.0,False,AlphaTauri,0 days 01:43:32.411000,,1,16.0,False,,False,True,20.8,57.0,927.7,False,48.9,152,1.7,True,False,False,False,False,False,1 L,1 L,,,6289.275,76.864,,,19.755,39.67,17.439,6232.166,6271.836,6289.275,6212.411
2023,São Paulo Grand Prix,20,Brazil,São Paulo,0 days 01:46:06.775000,RIC,3,0 days 00:01:17.500000,12.0,3.0,,Daniel Ricciardo,,0 days 00:00:19.681000,0 days 00:00:40.470000,0 days 00:00:17.349000,0 days 01:45:08.956000,0 days 01:45:49.426000,0 days 01:46:06.775000,314.0,235.0,329.0,304.0,False,SOFT,14.0,False,AlphaTauri,0 days 01:44:49.275000,,1,16.0,False,,False,True,20.8,55.0,927.7,False,49.1,181,1.3,True,False,False,False,False,False,1 L,1 L,,,6366.775,77.5,,,19.681,40.47,17.349,6308.956,6349.426,6366.775,6289.275
2023,São Paulo Grand Prix,20,Brazil,São Paulo,0 days 01:47:25.115000,RIC,3,0 days 00:01:18.340000,13.0,3.0,,Daniel Ricciardo,,0 days 00:00:20.265000,0 days 00:00:40.696000,0 days 00:00:17.379000,0 days 01:46:27.040000,0 days 01:47:07.736000,0 days 01:47:25.115000,311.0,233.0,321.0,268.0,False,SOFT,15.0,False,AlphaTauri,0 days 01:46:06.775000,,1,16.0,False,,False,True,20.6,57.0,927.7,False,49.1,73,1.1,True,False,False,False,False,False,1 L,+78.848,,78.848,6445.115,78.34,,,20.265,40.696,17.379,6387.04,6427.736,6445.115,6366.775
2023,São Paulo Grand Prix,20,Brazil,São Paulo,0 days 01:48:42.083000,RIC,3,0 days 00:01:16.968000,14.0,3.0,,Daniel Ricciardo,,0 days 00:00:19.699000,0 days 00:00:39.770000,0 days 00:00:17.499000,0 days 01:47:44.814000,0 days 01:48:24.584000,0 days 01:48:42.083000,306.0,245.0,322.0,299.0,False,SOFT,16.0,False,AlphaTauri,0 days 01:47:25.115000,,1,16.0,False,,False,True,20.6,56.0,927.7,False,48.9,189,0.4,True,False,False,False,False,False,1 L,+76.813,,76.813,6522.083,76.968,,,19.699,39.77,17.499,6464.814,6504.584,6522.083,6445.115
2023,São Paulo Grand Prix,20,Brazil,São Paulo,0 days 01:49:59.490000,RIC,3,0 days 00:01:17.407000,15.0,3.0,,Daniel Ricciardo,,0 days 00:00:19.910000,0 days 00:00:40.199000,0 days 00:00:17.298000,0 days 01:49:01.993000,0 days 01:49:42.192000,0 days 01:49:59.490000,307.0,239.0,328.0,290.0,False,SOFT,17.0,False,AlphaTauri,0 days 01:48:42.083000,,1,16.0,False,,False,True,20.8,55.0,927.9,False,48.9,194,1.7,True,False,False,False,False,False,1 L,+79.637,,79.637,6599.49,77.407,,,19.91,40.199,17.298,6541.993,6582.192,6599.49,6522.083
2023,São Paulo Grand Prix,20,Brazil,São Paulo,0 days 01:51:17.472000,RIC,3,0 days 00:01:17.982000,16.0,3.0,,Daniel Ricciardo,,0 days 00:00:20.017000,0 days 00:00:40.423000,0 days 00:00:17.542000,0 days 01:50:19.507000,0 days 01:50:59.930000,0 days 01:51:17.472000,317.0,237.0,319.0,273.0,False,SOFT,18.0,False,AlphaTauri,0 days 01:49:59.490000,,1,16.0,False,,False,True,21.0,56.0,927.7,False,48.7,170,2.2,True,False,False,False,False,False,1 L,+58.288,,58.288,6677.472,77.982,,,20.017,40.423,17.542,6619.507,6659.93,6677.472,6599.49
2023,São Paulo Grand Prix,20,Brazil,São Paulo,0 days 01:52:34.284000,RIC,3,0 days 00:01:16.812000,17.0,3.0,,Daniel Ricciardo,,0 days 00:00:19.527000,0 days 00:00:39.697000,0 days 00:00:17.588000,0 days 01:51:36.999000,0 days 01:52:16.696000,0 days 01:52:34.284000,307.0,244.0,304.0,305.0,False,SOFT,19.0,False,AlphaTauri,0 days 01:51:17.472000,,1,16.0,False,,False,True,21.0,56.0,927.7,False,48.7,164,1.7,True,False,False,False,False,False,1 L,+76.720,,76.72,6754.284,76.812,,,19.527,39.697,17.588,6696.999,6736.696,6754.284,6677.472
2023,São Paulo Grand Prix,20,Brazil,São Paulo,0 days 01:53:51.486000,RIC,3,0 days 00:01:17.202000,18.0,3.0,,Daniel Ricciardo,,0 days 00:00:19.778000,0 days 00:00:39.590000,0 days 00:00:17.834000,0 days 01:52:54.062000,0 days 01:53:33.652000,0 days 01:53:51.486000,305.0,245.0,304.0,295.0,False,SOFT,20.0,False,AlphaTauri,0 days 01:52:34.284000,,1,16.0,False,,False,True,20.9,57.0,927.7,False,48.8,197,1.5,True,False,False,False,False,False,1 L,+56.093,,56.093,6831.486,77.202,,,19.778,39.59,17.834,6774.062,6813.652,6831.486,6754.284
2023,São Paulo Grand Prix,20,Brazil,São Paulo,0 days 01:55:08.242000,RIC,3,0 days 00:01:16.756000,19.0,3.0,,Daniel Ricciardo,,0 days 00:00:19.637000,0 days 00:00:39.590000,0 days 00:00:17.529000,0 days 01:54:11.123000,0 days 01:54:50.713000,0 days 01:55:08.242000,304.0,249.0,304.0,294.0,False,SOFT,21.0,False,AlphaTauri,0 days 01:53:51.486000,,1,16.0,False,,False,True,20.8,57.0,927.9,False,48.9,166,0.8,True,False,False,False,False,False,1 L,+56.614,,56.614,6908.242,76.756,,,19.637,39.59,17.529,6851.123,6890.713,6908.242,6831.486
2023,São Paulo Grand Prix,20,Brazil,São Paulo,0 days 01:56:25.101000,RIC,3,0 days 00:01:16.859000,20.0,3.0,,Daniel Ricciardo,,0 days 00:00:19.583000,0 days 00:00:39.548000,0 days 00:00:17.728000,0 days 01:55:27.825000,0 days 01:56:07.373000,0 days 01:56:25.101000,305.0,241.0,303.0,299.0,False,SOFT,22.0,False,AlphaTauri,0 days 01:55:08.242000,,1,16.0,False,,False,True,20.5,59.0,927.7,False,48.3,198,1.3,True,False,False,False,False,False,1 L,+57.094,,57.094,6985.101,76.859,,,19.583,39.548,17.728,6927.825,6967.373,6985.101,6908.242
2023,São Paulo Grand Prix,20,Brazil,São Paulo,0 days 01:57:41.787000,RIC,3,0 days 00:01:16.686000,21.0,3.0,,Daniel Ricciardo,,0 days 00:00:19.672000,0 days 00:00:39.497000,0 days 00:00:17.517000,0 days 01:56:44.773000,0 days 01:57:24.270000,0 days 01:57:41.787000,305.0,248.0,304.0,292.0,False,SOFT,23.0,False,AlphaTauri,0 days 01:56:25.101000,,1,16.0,False,,False,True,20.6,59.0,927.7,False,48.3,189,2.2,True,False,False,False,False,False,1 L,+68.959,,68.959,7061.787,76.686,,,19.672,39.497,17.517,7004.773,7044.27,7061.787,6985.101
2023,São Paulo Grand Prix,20,Brazil,São Paulo,0 days 01:58:58.780000,RIC,3,0 days 00:01:16.993000,22.0,3.0,,Daniel Ricciardo,,0 days 00:00:19.717000,0 days 00:00:39.577000,0 days 00:00:17.699000,0 days 01:58:01.504000,0 days 01:58:41.081000,0 days 01:58:58.780000,305.0,246.0,304.0,296.0,False,SOFT,24.0,False,AlphaTauri,0 days 01:57:41.787000,,1,16.0,False,,False,True,20.4,59.0,927.7,False,48.3,175,1.5,True,False,False,False,False,False,1 L,+45.097,,45.097,7138.78,76.993,,,19.717,39.577,17.699,7081.504,7121.081,7138.78,7061.787
2023,São Paulo Grand Prix,20,Brazil,São Paulo,0 days 02:00:15.551000,RIC,3,0 days 00:01:16.771000,23.0,3.0,,Daniel Ricciardo,,0 days 00:00:19.627000,0 days 00:00:39.514000,0 days 00:00:17.630000,0 days 01:59:18.407000,0 days 01:59:57.921000,0 days 02:00:15.551000,305.0,248.0,305.0,299.0,False,SOFT,25.0,False,AlphaTauri,0 days 01:58:58.780000,,1,15.0,False,,False,True,20.5,58.0,927.7,False,48.1,155,1.2,True,False,False,False,False,False,1 L,+43.876,,43.876,7215.551,76.771,,,19.627,39.514,17.63,7158.407,7197.921,7215.551,7138.78
2023,São Paulo Grand Prix,20,Brazil,São Paulo,0 days 02:01:32.155000,RIC,3,0 days 00:01:16.604000,24.0,3.0,,Daniel Ricciardo,,0 days 00:00:19.435000,0 days 00:00:39.747000,0 days 00:00:17.422000,0 days 02:00:34.986000,0 days 02:01:14.733000,0 days 02:01:32.155000,319.0,247.0,321.0,298.0,False,SOFT,26.0,False,AlphaTauri,0 days 02:00:15.551000,,1,15.0,False,,False,True,20.5,58.0,927.7,False,48.1,153,0.8,True,False,False,False,False,False,1 L,+43.253,,43.253,7292.155,76.604,,,19.435,39.747,17.422,7234.986,7274.733,7292.155,7215.551
2023,São Paulo Grand Prix,20,Brazil,São Paulo,0 days 02:02:50.594000,RIC,3,0 days 00:01:18.439000,25.0,3.0,,Daniel Ricciardo,,0 days 00:00:19.541000,0 days 00:00:40.606000,0 days 00:00:18.292000,0 days 02:01:51.696000,0 days 02:02:32.302000,0 days 02:02:50.594000,317.0,175.0,306.0,299.0,False,SOFT,27.0,False,AlphaTauri,0 days 02:01:32.155000,,1,15.0,False,,False,True,20.5,58.0,927.7,False,47.8,200,0.6,True,False,False,False,False,False,1 L,+44.571,,44.571,7370.594,78.439,,,19.541,40.606,18.292,7311.696,7352.302,7370.594,7292.155
2023,São Paulo Grand Prix,20,Brazil,São Paulo,0 days 02:04:11.185000,RIC,3,0 days 00:01:20.591000,26.0,3.0,,Daniel Ricciardo,0 days 02:04:08.309000,0 days 00:00:19.527000,0 days 00:00:39.553000,0 days 00:00:21.511000,0 days 02:03:10.121000,0 days 02:03:49.674000,0 days 02:04:11.185000,318.0,248.0,,296.0,False,SOFT,28.0,False,AlphaTauri,0 days 02:02:50.594000,,1,15.0,False,,False,False,20.5,57.0,927.9,False,48.4,190,0.6,True,False,False,False,False,False,1 L,+43.953,,43.953,7451.185,80.591,7448.309,,19.527,39.553,21.511,7390.121,7429.674,7451.185,7370.594
2023,São Paulo Grand Prix,20,Brazil,São Paulo,0 days 02:05:47.153000,RIC,3,0 days 00:01:35.968000,27.0,4.0,0 days 02:04:32.277000,Daniel Ricciardo,,0 days 00:00:38.933000,0 days 00:00:39.802000,0 days 00:00:17.233000,0 days 02:04:50.118000,0 days 02:05:29.920000,0 days 02:05:47.153000,275.0,238.0,320.0,296.0,False,MEDIUM,1.0,True,AlphaTauri,0 days 02:04:11.185000,,1,15.0,False,,False,False,20.7,56.0,927.7,False,48.8,172,1.2,True,False,False,False,False,False,1 L,+67.618,,67.618,7547.153,95.968,,7472.277,38.933,39.802,17.233,7490.118,7529.92,7547.153,7451.185
2023,São Paulo Grand Prix,20,Brazil,São Paulo,0 days 02:07:02.990000,RIC,3,0 days 00:01:15.837000,28.0,4.0,,Daniel Ricciardo,,0 days 00:00:19.586000,0 days 00:00:38.978000,0 days 00:00:17.273000,0 days 02:06:06.739000,0 days 02:06:45.717000,0 days 02:07:02.990000,318.0,243.0,320.0,284.0,True,MEDIUM,2.0,True,AlphaTauri,0 days 02:05:47.153000,,1,15.0,False,,False,True,20.5,57.0,927.7,False,48.8,154,1.2,True,False,False,False,False,False,1 L,+67.436,,67.436,7622.99,75.837,,,19.586,38.978,17.273,7566.739,7605.717,7622.99,7547.153
2023,São Paulo Grand Prix,20,Brazil,São Paulo,0 days 02:08:18.638000,RIC,3,0 days 00:01:15.648000,29.0,4.0,,Daniel Ricciardo,,0 days 00:00:19.230000,0 days 00:00:39.090000,0 days 00:00:17.328000,0 days 02:07:22.220000,0 days 02:08:01.310000,0 days 02:08:18.638000,322.0,245.0,320.0,300.0,True,MEDIUM,3.0,True,AlphaTauri,0 days 02:07:02.990000,,1,15.0,False,,False,True,20.4,57.0,927.7,False,48.0,219,1.3,True,False,False,False,False,False,1 L,+67.266,,67.266,7698.638,75.648,,,19.23,39.09,17.328,7642.22,7681.31,7698.638,7622.99
2023,São Paulo Grand Prix,20,Brazil,São Paulo,0 days 02:09:34.045000,RIC,3,0 days 00:01:15.407000,30.0,4.0,,Daniel Ricciardo,,0 days 00:00:19.428000,0 days 00:00:38.874000,0 days 00:00:17.105000,0 days 02:08:38.066000,0 days 02:09:16.940000,0 days 02:09:34.045000,321.0,250.0,324.0,293.0,True,MEDIUM,4.0,True,AlphaTauri,0 days 02:08:18.638000,,1,15.0,False,,False,True,20.5,57.0,927.7,False,48.0,150,1.6,True,False,False,False,False,False,1 L,+66.507,,66.507,7774.045,75.407,,,19.428,38.874,17.105,7718.066,7756.94,7774.045,7698.638
2023,São Paulo Grand Prix,20,Brazil,São Paulo,0 days 02:10:50.075000,RIC,3,0 days 00:01:16.030000,31.0,4.0,,Daniel Ricciardo,,0 days 00:00:19.547000,0 days 00:00:39.219000,0 days 00:00:17.264000,0 days 02:09:53.592000,0 days 02:10:32.811000,0 days 02:10:50.075000,321.0,246.0,324.0,291.0,False,MEDIUM,5.0,True,AlphaTauri,0 days 02:09:34.045000,,1,15.0,False,,False,True,20.5,58.0,927.7,False,47.8,185,1.7,True,False,False,False,False,False,1 L,+66.174,,66.174,7850.075,76.03,,,19.547,39.219,17.264,7793.592,7832.811,7850.075,7774.045
2023,São Paulo Grand Prix,20,Brazil,São Paulo,0 days 02:12:06.202000,RIC,3,0 days 00:01:16.127000,32.0,4.0,,Daniel Ricciardo,,0 days 00:00:19.436000,0 days 00:00:39.389000,0 days 00:00:17.302000,0 days 02:11:09.511000,0 days 02:11:48.900000,0 days 02:12:06.202000,320.0,248.0,325.0,304.0,False,MEDIUM,6.0,True,AlphaTauri,0 days 02:10:50.075000,,1,15.0,False,,False,True,20.4,58.0,927.9,False,47.4,170,1.7,True,False,False,False,False,False,1 L,+59.389,,59.389,7926.202,76.127,,,19.436,39.389,17.302,7869.511,7908.9,7926.202,7850.075
2023,São Paulo Grand Prix,20,Brazil,São Paulo,0 days 02:13:22.816000,RIC,3,0 days 00:01:16.614000,33.0,4.0,,Daniel Ricciardo,,0 days 00:00:19.285000,0 days 00:00:40.195000,0 days 00:00:17.134000,0 days 02:12:25.487000,0 days 02:13:05.682000,0 days 02:13:22.816000,309.0,247.0,326.0,303.0,False,MEDIUM,7.0,True,AlphaTauri,0 days 02:12:06.202000,,1,15.0,False,,False,True,20.3,60.0,927.7,False,47.3,311,1.6,True,False,False,False,False,False,1 L,+60.692,,60.692,8002.816,76.614,,,19.285,40.195,17.134,7945.487,7985.682,8002.816,7926.202
2023,São Paulo Grand Prix,20,Brazil,São Paulo,0 days 02:14:38.352000,RIC,3,0 days 00:01:15.536000,34.0,4.0,,Daniel Ricciardo,,0 days 00:00:19.516000,0 days 00:00:38.934000,0 days 00:00:17.086000,0 days 02:13:42.332000,0 days 02:14:21.266000,0 days 02:14:38.352000,306.0,253.0,326.0,308.0,False,MEDIUM,8.0,True,AlphaTauri,0 days 02:13:22.816000,,1,15.0,False,,False,True,20.2,60.0,927.7,False,47.2,156,1.0,True,False,False,False,False,False,1 L,+60.732,,60.732,8078.352,75.536,,,19.516,38.934,17.086,8022.332,8061.266,8078.352,8002.816
2023,São Paulo Grand Prix,20,Brazil,São Paulo,0 days 02:15:54.988000,RIC,3,0 days 00:01:16.636000,35.0,4.0,,Daniel Ricciardo,,0 days 00:00:19.479000,0 days 00:00:40.001000,0 days 00:00:17.156000,0 days 02:14:57.831000,0 days 02:15:37.832000,0 days 02:15:54.988000,315.0,243.0,324.0,300.0,False,MEDIUM,9.0,True,AlphaTauri,0 days 02:14:38.352000,,1,15.0,False,,False,True,20.2,59.0,927.7,False,47.2,177,1.3,True,False,False,False,False,False,1 L,+61.965,,61.965,8154.988,76.636,,,19.479,40.001,17.156,8097.831,8137.832,8154.988,8078.352
2023,São Paulo Grand Prix,20,Brazil,São Paulo,0 days 02:17:10.476000,RIC,3,0 days 00:01:15.488000,36.0,4.0,,Daniel Ricciardo,,0 days 00:00:19.404000,0 days 00:00:38.782000,0 days 00:00:17.302000,0 days 02:16:14.392000,0 days 02:16:53.174000,0 days 02:17:10.476000,306.0,247.0,305.0,316.0,False,MEDIUM,10.0,True,AlphaTauri,0 days 02:15:54.988000,,1,15.0,False,,False,True,20.3,58.0,927.7,False,47.3,182,2.0,True,False,False,False,False,False,1 L,+61.873,,61.873,8230.476,75.488,,,19.404,38.782,17.302,8174.392,8213.174,8230.476,8154.988
2023,São Paulo Grand Prix,20,Brazil,São Paulo,0 days 02:18:26.106000,RIC,3,0 days 00:01:15.630000,37.0,4.0,,Daniel Ricciardo,,0 days 00:00:19.370000,0 days 00:00:38.836000,0 days 00:00:17.424000,0 days 02:17:29.846000,0 days 02:18:08.682000,0 days 02:18:26.106000,307.0,250.0,306.0,303.0,False,MEDIUM,11.0,True,AlphaTauri,0 days 02:17:10.476000,,1,15.0,False,,False,True,20.5,59.0,927.7,False,47.5,191,1.7,True,False,False,False,False,False,1 L,+61.715,,61.715,8306.106,75.63,,,19.37,38.836,17.424,8249.846,8288.682,8306.106,8230.476
2023,São Paulo Grand Prix,20,Brazil,São Paulo,0 days 02:19:41.945000,RIC,3,0 days 00:01:15.839000,38.0,4.0,,Daniel Ricciardo,,0 days 00:00:19.404000,0 days 00:00:38.982000,0 days 00:00:17.453000,0 days 02:18:45.510000,0 days 02:19:24.492000,0 days 02:19:41.945000,307.0,245.0,305.0,304.0,False,MEDIUM,12.0,True,AlphaTauri,0 days 02:18:26.106000,,1,15.0,False,,False,True,20.5,58.0,927.7,False,47.5,174,2.0,True,False,False,False,False,False,1 L,+58.914,,58.914,8381.945,75.839,,,19.404,38.982,17.453,8325.51,8364.492,8381.945,8306.106
2023,São Paulo Grand Prix,20,Brazil,São Paulo,0 days 02:20:58.039000,RIC,3,0 days 00:01:16.094000,39.0,4.0,,Daniel Ricciardo,,0 days 00:00:19.501000,0 days 00:00:39.139000,0 days 00:00:17.454000,0 days 02:20:01.446000,0 days 02:20:40.585000,0 days 02:20:58.039000,306.0,249.0,305.0,300.0,False,MEDIUM,13.0,True,AlphaTauri,0 days 02:19:41.945000,,1,15.0,False,,False,True,20.4,58.0,927.7,False,47.2,161,1.0,True,False,False,False,False,False,1 L,+57.329,,57.329,8458.039,76.094,,,19.501,39.139,17.454,8401.446,8440.585,8458.039,8381.945
2023,São Paulo Grand Prix,20,Brazil,São Paulo,0 days 02:22:13.979000,RIC,3,0 days 00:01:15.940000,40.0,4.0,,Daniel Ricciardo,,0 days 00:00:19.449000,0 days 00:00:39.067000,0 days 00:00:17.424000,0 days 02:21:17.488000,0 days 02:21:56.555000,0 days 02:22:13.979000,307.0,247.0,306.0,301.0,False,MEDIUM,14.0,True,AlphaTauri,0 days 02:20:58.039000,,1,14.0,False,,False,True,20.4,59.0,927.9,False,47.0,152,1.2,True,False,False,False,False,False,1 L,+55.992,,55.992,8533.979,75.94,,,19.449,39.067,17.424,8477.488,8516.555,8533.979,8458.039
2023,São Paulo Grand Prix,20,Brazil,São Paulo,0 days 02:23:29.829000,RIC,3,0 days 00:01:15.850000,41.0,4.0,,Daniel Ricciardo,,0 days 00:00:19.322000,0 days 00:00:39.137000,0 days 00:00:17.391000,0 days 02:22:33.301000,0 days 02:23:12.438000,0 days 02:23:29.829000,320.0,247.0,306.0,299.0,False,MEDIUM,15.0,True,AlphaTauri,0 days 02:22:13.979000,,1,14.0,False,,False,True,20.5,58.0,927.7,False,47.1,161,2.0,True,False,False,False,False,False,1 L,+54.808,,54.808,8609.829,75.85,,,19.322,39.137,17.391,8553.301,8592.438,8609.829,8533.979
2023,São Paulo Grand Prix,20,Brazil,São Paulo,0 days 02:24:46.388000,RIC,3,0 days 00:01:16.559000,42.0,4.0,,Daniel Ricciardo,,0 days 00:00:19.368000,0 days 00:00:39.332000,0 days 00:00:17.859000,0 days 02:23:49.197000,0 days 02:24:28.529000,0 days 02:24:46.388000,322.0,249.0,302.0,302.0,False,MEDIUM,16.0,True,AlphaTauri,0 days 02:23:29.829000,,1,14.0,False,,False,True,20.5,59.0,927.7,False,46.9,191,2.0,True,False,False,False,False,False,1 L,+54.546,,54.546,8686.388,76.559,,,19.368,39.332,17.859,8629.197,8668.529,8686.388,8609.829
2023,São Paulo Grand Prix,20,Brazil,São Paulo,0 days 02:26:03.169000,RIC,3,0 days 00:01:16.781000,43.0,4.0,,Daniel Ricciardo,,0 days 00:00:19.585000,0 days 00:00:39.472000,0 days 00:00:17.724000,0 days 02:25:05.973000,0 days 02:25:45.445000,0 days 02:26:03.169000,307.0,247.0,304.0,303.0,False,MEDIUM,17.0,True,AlphaTauri,0 days 02:24:46.388000,,1,14.0,False,,False,True,20.4,59.0,927.7,False,47.1,182,2.5,True,False,False,False,False,False,1 L,+54.548,,54.548,8763.169,76.781,,,19.585,39.472,17.724,8705.973,8745.445,8763.169,8686.388
2023,São Paulo Grand Prix,20,Brazil,São Paulo,0 days 02:27:19.902000,RIC,3,0 days 00:01:16.733000,44.0,4.0,,Daniel Ricciardo,,0 days 00:00:19.536000,0 days 00:00:39.245000,0 days 00:00:17.952000,0 days 02:26:22.705000,0 days 02:27:01.950000,0 days 02:27:19.902000,306.0,253.0,306.0,294.0,False,MEDIUM,18.0,True,AlphaTauri,0 days 02:26:03.169000,,1,14.0,False,,False,True,20.3,59.0,927.9,False,47.1,164,1.5,True,False,False,False,False,False,1 L,+54.340,,54.34,8839.902,76.733,,,19.536,39.245,17.952,8782.705,8821.95,8839.902,8763.169
2023,São Paulo Grand Prix,20,Brazil,São Paulo,0 days 02:28:36.002000,RIC,3,0 days 00:01:16.100000,45.0,4.0,,Daniel Ricciardo,,0 days 00:00:19.480000,0 days 00:00:39.154000,0 days 00:00:17.466000,0 days 02:27:39.382000,0 days 02:28:18.536000,0 days 02:28:36.002000,306.0,254.0,304.0,298.0,False,MEDIUM,19.0,True,AlphaTauri,0 days 02:27:19.902000,,1,14.0,False,,False,True,20.3,59.0,927.9,False,46.8,233,1.2,True,False,False,False,False,False,1 L,+41.507,,41.507,8916.002,76.1,,,19.48,39.154,17.466,8859.382,8898.536,8916.002,8839.902
2023,São Paulo Grand Prix,20,Brazil,São Paulo,0 days 02:29:52.277000,RIC,3,0 days 00:01:16.275000,46.0,4.0,,Daniel Ricciardo,,0 days 00:00:19.490000,0 days 00:00:39.332000,0 days 00:00:17.453000,0 days 02:28:55.492000,0 days 02:29:34.824000,0 days 02:29:52.277000,306.0,250.0,304.0,298.0,False,MEDIUM,20.0,True,AlphaTauri,0 days 02:28:36.002000,,1,14.0,False,,False,True,20.3,58.0,927.9,False,46.7,148,1.1,True,False,False,False,False,False,1 L,+41.665,,41.665,8992.277,76.275,,,19.49,39.332,17.453,8935.492,8974.824,8992.277,8916.002
2023,São Paulo Grand Prix,20,Brazil,São Paulo,0 days 02:31:08.416000,RIC,3,0 days 00:01:16.139000,47.0,4.0,,Daniel Ricciardo,,0 days 00:00:19.517000,0 days 00:00:39.220000,0 days 00:00:17.402000,0 days 02:30:11.794000,0 days 02:30:51.014000,0 days 02:31:08.416000,308.0,250.0,303.0,295.0,False,MEDIUM,21.0,True,AlphaTauri,0 days 02:29:52.277000,,1,14.0,False,,False,True,20.3,59.0,927.7,False,46.7,213,1.6,True,False,False,False,False,False,1 L,+29.222,,29.222,9068.416,76.139,,,19.517,39.22,17.402,9011.794,9051.014,9068.416,8992.277
2023,São Paulo Grand Prix,20,Brazil,São Paulo,0 days 02:32:24.622000,RIC,3,0 days 00:01:16.206000,48.0,4.0,,Daniel Ricciardo,,0 days 00:00:19.490000,0 days 00:00:39.228000,0 days 00:00:17.488000,0 days 02:31:27.906000,0 days 02:32:07.134000,0 days 02:32:24.622000,308.0,250.0,305.0,298.0,False,MEDIUM,22.0,True,AlphaTauri,0 days 02:31:08.416000,,1,14.0,False,,False,True,20.2,58.0,927.7,False,45.4,150,1.5,True,False,False,False,False,False,1 L,+28.437,,28.437,9144.622,76.206,,,19.49,39.228,17.488,9087.906,9127.134,9144.622,9068.416
2023,São Paulo Grand Prix,20,Brazil,São Paulo,0 days 02:33:40.471000,RIC,3,0 days 00:01:15.849000,49.0,4.0,,Daniel Ricciardo,,0 days 00:00:19.454000,0 days 00:00:39.150000,0 days 00:00:17.245000,0 days 02:32:44.076000,0 days 02:33:23.226000,0 days 02:33:40.471000,308.0,249.0,323.0,301.0,False,MEDIUM,23.0,True,AlphaTauri,0 days 02:32:24.622000,,1,14.0,False,,False,True,20.2,58.0,927.9,False,44.9,157,2.2,True,False,False,False,False,False,1 L,+27.394,,27.394,9220.471,75.849,,,19.454,39.15,17.245,9164.076,9203.226,9220.471,9144.622
2023,São Paulo Grand Prix,20,Brazil,São Paulo,0 days 02:34:56.597000,RIC,3,0 days 00:01:16.126000,50.0,4.0,,Daniel Ricciardo,,0 days 00:00:19.441000,0 days 00:00:39.331000,0 days 00:00:17.354000,0 days 02:33:59.912000,0 days 02:34:39.243000,0 days 02:34:56.597000,321.0,249.0,322.0,306.0,False,MEDIUM,24.0,True,AlphaTauri,0 days 02:33:40.471000,,1,14.0,False,,False,True,20.3,59.0,927.7,False,43.2,181,1.5,True,False,False,False,False,False,1 L,+26.998,,26.998,9296.597,76.126,,,19.441,39.331,17.354,9239.912,9279.243,9296.597,9220.471
2023,São Paulo Grand Prix,20,Brazil,São Paulo,0 days 02:36:12.544000,RIC,3,0 days 00:01:15.947000,51.0,4.0,,Daniel Ricciardo,,0 days 00:00:19.372000,0 days 00:00:39.215000,0 days 00:00:17.360000,0 days 02:35:15.969000,0 days 02:35:55.184000,0 days 02:36:12.544000,321.0,251.0,323.0,306.0,False,MEDIUM,25.0,True,AlphaTauri,0 days 02:34:56.597000,,1,14.0,False,,False,True,20.3,58.0,927.7,False,42.5,164,0.6,True,False,False,False,False,False,1 L,+26.379,,26.379,9372.544,75.947,,,19.372,39.215,17.36,9315.969,9355.184,9372.544,9296.597
2023,São Paulo Grand Prix,20,Brazil,São Paulo,0 days 02:37:28.631000,RIC,3,0 days 00:01:16.087000,52.0,4.0,,Daniel Ricciardo,,0 days 00:00:19.383000,0 days 00:00:39.455000,0 days 00:00:17.249000,0 days 02:36:31.927000,0 days 02:37:11.382000,0 days 02:37:28.631000,321.0,252.0,322.0,308.0,False,MEDIUM,26.0,True,AlphaTauri,0 days 02:36:12.544000,,1,14.0,False,,False,True,20.3,58.0,927.7,False,41.1,183,0.6,True,False,False,False,False,False,1 L,+26.237,,26.237,9448.631,76.087,,,19.383,39.455,17.249,9391.927,9431.382,9448.631,9372.544
2023,São Paulo Grand Prix,20,Brazil,São Paulo,0 days 02:38:44.586000,RIC,3,0 days 00:01:15.955000,53.0,4.0,,Daniel Ricciardo,,0 days 00:00:19.465000,0 days 00:00:39.197000,0 days 00:00:17.293000,0 days 02:37:48.096000,0 days 02:38:27.293000,0 days 02:38:44.586000,320.0,253.0,322.0,310.0,False,MEDIUM,27.0,True,AlphaTauri,0 days 02:37:28.631000,,1,14.0,False,,False,True,20.3,59.0,927.9,False,40.5,160,1.1,True,False,False,False,False,False,1 L,+25.801,,25.801,9524.586,75.955,,,19.465,39.197,17.293,9468.096,9507.293,9524.586,9448.631
2023,São Paulo Grand Prix,20,Brazil,São Paulo,0 days 02:40:00.837000,RIC,3,0 days 00:01:16.251000,54.0,4.0,,Daniel Ricciardo,,0 days 00:00:19.622000,0 days 00:00:39.307000,0 days 00:00:17.322000,0 days 02:39:04.208000,0 days 02:39:43.515000,0 days 02:40:00.837000,320.0,252.0,319.0,300.0,False,MEDIUM,28.0,True,AlphaTauri,0 days 02:38:44.586000,,1,14.0,False,,False,True,20.2,59.0,927.7,False,40.5,304,1.1,True,False,False,False,False,False,1 L,+26.331,,26.331,9600.837,76.251,,,19.622,39.307,17.322,9544.208,9583.515,9600.837,9524.586
2023,São Paulo Grand Prix,20,Brazil,São Paulo,0 days 02:41:20.074000,RIC,3,0 days 00:01:19.237000,55.0,4.0,,Daniel Ricciardo,0 days 02:41:17.143000,0 days 00:00:19.130000,0 days 00:00:38.878000,0 days 00:00:21.229000,0 days 02:40:19.967000,0 days 02:40:58.845000,0 days 02:41:20.074000,303.0,247.0,,323.0,False,MEDIUM,29.0,True,AlphaTauri,0 days 02:40:00.837000,,1,14.0,False,,False,False,20.0,58.0,927.9,False,39.6,179,1.1,True,False,False,False,False,False,1 L,+25.832,,25.832,9680.074,79.237,9677.143,,19.13,38.878,21.229,9619.967,9658.845,9680.074,9600.837
2023,São Paulo Grand Prix,20,Brazil,São Paulo,0 days 02:42:54.289000,RIC,3,0 days 00:01:34.215000,56.0,5.0,0 days 02:41:40.767000,Daniel Ricciardo,,0 days 00:00:37.611000,0 days 00:00:39.364000,0 days 00:00:17.240000,0 days 02:41:57.685000,0 days 02:42:37.049000,0 days 02:42:54.289000,242.0,241.0,320.0,323.0,False,SOFT,1.0,True,AlphaTauri,0 days 02:41:20.074000,,1,14.0,False,,False,False,20.0,59.0,927.7,False,39.6,197,1.0,True,False,False,False,False,False,1 L,+48.096,,48.096,9774.289,94.215,,9700.767,37.611,39.364,17.24,9717.685,9757.049,9774.289,9680.074
2023,São Paulo Grand Prix,20,Brazil,São Paulo,0 days 02:44:09.612000,RIC,3,0 days 00:01:15.323000,57.0,5.0,,Daniel Ricciardo,,0 days 00:00:19.357000,0 days 00:00:38.793000,0 days 00:00:17.173000,0 days 02:43:13.646000,0 days 02:43:52.439000,0 days 02:44:09.612000,315.0,243.0,319.0,293.0,True,SOFT,2.0,True,AlphaTauri,0 days 02:42:54.289000,,1,14.0,False,,False,True,20.0,59.0,927.9,False,38.8,160,1.2,True,False,False,False,False,False,1 L,+59.589,,59.589,9849.612,75.323,,,19.357,38.793,17.173,9793.646,9832.439,9849.612,9774.289
2023,São Paulo Grand Prix,20,Brazil,São Paulo,0 days 02:45:24.602000,RIC,3,0 days 00:01:14.990000,58.0,5.0,,Daniel Ricciardo,,0 days 00:00:19.189000,0 days 00:00:38.635000,0 days 00:00:17.166000,0 days 02:44:28.801000,0 days 02:45:07.436000,0 days 02:45:24.602000,314.0,247.0,321.0,304.0,True,SOFT,3.0,True,AlphaTauri,0 days 02:44:09.612000,,1,13.0,False,,False,True,19.9,59.0,927.7,False,38.4,63,1.5,True,False,False,False,False,False,1 L,+47.131,,47.131,9924.602,74.99,,,19.189,38.635,17.166,9868.801,9907.436,9924.602,9849.612
2023,São Paulo Grand Prix,20,Brazil,São Paulo,0 days 02:46:39.390000,RIC,3,0 days 00:01:14.788000,59.0,5.0,,Daniel Ricciardo,,0 days 00:00:19.145000,0 days 00:00:38.584000,0 days 00:00:17.059000,0 days 02:45:43.747000,0 days 02:46:22.331000,0 days 02:46:39.390000,318.0,250.0,322.0,300.0,True,SOFT,4.0,True,AlphaTauri,0 days 02:45:24.602000,,1,13.0,False,,False,True,19.8,58.0,927.9,False,38.0,177,1.2,True,False,False,False,False,False,1 L,+45.576,,45.576,9999.39,74.788,,,19.145,38.584,17.059,9943.747,9982.331,9999.39,9924.602
2023,São Paulo Grand Prix,20,Brazil,São Paulo,0 days 02:47:54.114000,RIC,3,0 days 00:01:14.724000,60.0,5.0,,Daniel Ricciardo,,0 days 00:00:19.198000,0 days 00:00:38.434000,0 days 00:00:17.092000,0 days 02:46:58.588000,0 days 02:47:37.022000,0 days 02:47:54.114000,320.0,250.0,320.0,310.0,True,SOFT,5.0,True,AlphaTauri,0 days 02:46:39.390000,,1,13.0,False,,False,True,19.8,58.0,927.7,False,37.9,176,2.4,True,False,False,False,False,False,1 L,+45.048,,45.048,10074.114,74.724,,,19.198,38.434,17.092,10018.588,10057.022,10074.114,9999.39
2023,São Paulo Grand Prix,20,Brazil,São Paulo,0 days 02:49:08.902000,RIC,3,0 days 00:01:14.788000,61.0,5.0,,Daniel Ricciardo,,0 days 00:00:19.071000,0 days 00:00:38.417000,0 days 00:00:17.300000,0 days 02:48:13.185000,0 days 02:48:51.602000,0 days 02:49:08.902000,320.0,250.0,305.0,309.0,False,SOFT,6.0,True,AlphaTauri,0 days 02:47:54.114000,,1,13.0,False,,False,True,19.8,59.0,927.9,False,37.8,182,2.0,True,False,False,False,False,False,1 L,+44.479,,44.479,10148.902,74.788,,,19.071,38.417,17.3,10093.185,10131.602,10148.902,10074.114
2023,São Paulo Grand Prix,20,Brazil,São Paulo,0 days 02:50:23.031000,RIC,3,0 days 00:01:14.129000,62.0,5.0,,Daniel Ricciardo,,0 days 00:00:19.046000,0 days 00:00:38.093000,0 days 00:00:16.990000,0 days 02:49:27.948000,0 days 02:50:06.041000,0 days 02:50:23.031000,319.0,249.0,321.0,301.0,True,SOFT,7.0,True,AlphaTauri,0 days 02:49:08.902000,,1,13.0,False,,False,True,19.8,59.0,927.7,False,37.6,132,0.6,True,False,False,False,False,False,1 L,+43.411,,43.411,10223.031,74.129,,,19.046,38.093,16.99,10167.948,10206.041,10223.031,10148.902
2023,São Paulo Grand Prix,20,Brazil,São Paulo,0 days 02:51:37.071000,RIC,3,0 days 00:01:14.040000,63.0,5.0,,Daniel Ricciardo,,0 days 00:00:18.896000,0 days 00:00:38.158000,0 days 00:00:16.986000,0 days 02:50:41.927000,0 days 02:51:20.085000,0 days 02:51:37.071000,321.0,249.0,321.0,315.0,True,SOFT,8.0,True,AlphaTauri,0 days 02:50:23.031000,,1,13.0,False,,False,True,19.9,59.0,927.7,False,37.8,154,1.6,True,False,False,False,False,False,1 L,+42.281,,42.281,10297.071,74.04,,,18.896,38.158,16.986,10241.927,10280.085,10297.071,10223.031
2023,São Paulo Grand Prix,20,Brazil,São Paulo,0 days 02:52:51.917000,RIC,3,0 days 00:01:14.846000,64.0,5.0,,Daniel Ricciardo,,0 days 00:00:19.044000,0 days 00:00:38.783000,0 days 00:00:17.019000,0 days 02:51:56.115000,0 days 02:52:34.898000,0 days 02:52:51.917000,315.0,251.0,324.0,307.0,False,SOFT,9.0,True,AlphaTauri,0 days 02:51:37.071000,,1,13.0,False,,False,True,19.8,60.0,927.9,False,37.8,153,1.2,True,False,False,False,False,False,1 L,+41.600,,41.6,10371.917,74.846,,,19.044,38.783,17.019,10316.115,10354.898,10371.917,10297.071
2023,São Paulo Grand Prix,20,Brazil,São Paulo,0 days 02:54:06.830000,RIC,3,0 days 00:01:14.913000,65.0,5.0,,Daniel Ricciardo,,0 days 00:00:19.474000,0 days 00:00:38.412000,0 days 00:00:17.027000,0 days 02:53:11.391000,0 days 02:53:49.803000,0 days 02:54:06.830000,313.0,249.0,317.0,270.0,False,SOFT,10.0,True,AlphaTauri,0 days 02:52:51.917000,,1,13.0,False,,False,True,19.8,60.0,927.7,False,37.1,159,1.3,True,False,False,False,False,False,1 L,+41.435,,41.435,10446.83,74.913,,,19.474,38.412,17.027,10391.391,10429.803,10446.83,10371.917
2023,São Paulo Grand Prix,20,Brazil,São Paulo,0 days 02:55:21.820000,RIC,3,0 days 00:01:14.990000,66.0,5.0,,Daniel Ricciardo,,0 days 00:00:19.577000,0 days 00:00:38.387000,0 days 00:00:17.026000,0 days 02:54:26.407000,0 days 02:55:04.794000,0 days 02:55:21.820000,321.0,249.0,321.0,260.0,False,SOFT,11.0,True,AlphaTauri,0 days 02:54:06.830000,,1,13.0,False,,False,True,19.7,60.0,927.9,False,37.0,212,1.6,True,False,False,False,False,False,1 L,+41.403,,41.403,10521.82,74.99,,,19.577,38.387,17.026,10466.407,10504.794,10521.82,10446.83
2023,São Paulo Grand Prix,20,Brazil,São Paulo,0 days 02:56:39.753000,RIC,3,0 days 00:01:17.933000,67.0,5.0,,Daniel Ricciardo,,0 days 00:00:19.481000,0 days 00:00:39.313000,0 days 00:00:19.139000,0 days 02:55:41.301000,0 days 02:56:20.614000,0 days 02:56:39.753000,315.0,160.0,301.0,265.0,False,SOFT,12.0,True,AlphaTauri,0 days 02:55:21.820000,,1,13.0,False,,False,True,19.7,60.0,927.7,False,36.8,179,2.2,True,False,False,False,False,False,1 L,+43.859,,43.859,10599.753,77.933,,,19.481,39.313,19.139,10541.301,10580.614,10599.753,10521.82
2023,São Paulo Grand Prix,20,Brazil,São Paulo,0 days 02:57:53.619000,RIC,3,0 days 00:01:13.866000,68.0,5.0,,Daniel Ricciardo,,0 days 00:00:19.034000,0 days 00:00:37.703000,0 days 00:00:17.129000,0 days 02:56:58.787000,0 days 02:57:36.490000,0 days 02:57:53.619000,306.0,250.0,303.0,306.0,True,SOFT,13.0,True,AlphaTauri,0 days 02:56:39.753000,,1,13.0,False,,False,True,19.6,61.0,927.9,False,36.6,152,1.5,True,False,False,False,False,False,1 L,+42.563,,42.563,10673.619,73.866,,,19.034,37.703,17.129,10618.787,10656.49,10673.619,10599.753
2023,São Paulo Grand Prix,20,Brazil,São Paulo,0 days 02:59:07.634000,RIC,3,0 days 00:01:14.015000,69.0,5.0,,Daniel Ricciardo,,0 days 00:00:18.996000,0 days 00:00:37.926000,0 days 00:00:17.093000,0 days 02:58:12.615000,0 days 02:58:50.541000,0 days 02:59:07.634000,304.0,249.0,305.0,302.0,False,SOFT,14.0,True,AlphaTauri,0 days 02:57:53.619000,,1,13.0,False,,False,True,19.7,61.0,927.7,False,36.4,177,1.2,True,False,False,False,False,False,1 L,+41.281,,41.281,10747.634,74.015,,,18.996,37.926,17.093,10692.615,10730.541,10747.634,10673.619
2023,São Paulo Grand Prix,20,Brazil,São Paulo,0 days 03:00:21.960000,RIC,3,0 days 00:01:14.326000,70.0,5.0,,Daniel Ricciardo,,0 days 00:00:19.064000,0 days 00:00:38.189000,0 days 00:00:17.073000,0 days 02:59:26.698000,0 days 03:00:04.887000,0 days 03:00:21.960000,320.0,246.0,287.0,306.0,False,SOFT,15.0,True,AlphaTauri,0 days 02:59:07.634000,,1,13.0,False,,False,True,19.8,60.0,927.7,False,36.5,200,1.2,True,False,False,False,False,False,1 L,+40.033,,40.033,10821.96,74.326,,,19.064,38.189,17.073,10766.698,10804.887,10821.96,10747.634
2023,São Paulo Grand Prix,20,Brazil,São Paulo,0 days 01:04:39.051000,OCO,31,0 days 00:02:15.909000,1.0,1.0,,Esteban Ocon,0 days 01:04:35.788000,,0 days 00:01:09.072000,0 days 00:00:40.567000,,0 days 01:03:58.523000,0 days 01:04:39.069000,304.0,162.0,,212.0,False,SOFT,4.0,False,Alpine,0 days 01:02:22.839000,,124,9.0,False,,False,False,20.6,58.0,928.0,False,47.8,181,1.1,True,True,True,False,False,False,+13.197,+1.598,13.197,1.598,3879.051,135.909,3875.788,,,69.072,40.567,,3838.523,3879.069,3742.839
2023,São Paulo Grand Prix,20,Brazil,São Paulo,0 days 01:07:03.768000,OCO,31,0 days 00:02:24.717000,2.0,2.0,0 days 01:04:57.991000,Esteban Ocon,0 days 01:06:59.661000,0 days 00:00:40.820000,0 days 00:01:00.598000,0 days 00:00:43.299000,0 days 01:05:19.889000,0 days 01:06:20.487000,0 days 01:07:03.786000,234.0,145.0,,,False,SOFT,5.0,False,Alpine,0 days 01:04:39.051000,,45,9.0,False,,False,False,20.6,60.0,928.0,False,47.1,178,1.2,False,False,True,True,False,False,+13.552,+1.814,13.552,1.814,4023.768,144.717,4019.661,3897.991,40.82,60.598,43.299,3919.889,3980.487,4023.786,3879.051
2023,São Paulo Grand Prix,20,Brazil,São Paulo,0 days 01:33:06.548000,OCO,31,,3.0,3.0,0 days 01:30:34.363000,Esteban Ocon,,,0 days 00:00:44.620000,0 days 00:01:24.314000,,0 days 01:31:42.363000,0 days 01:33:06.752000,277.0,219.0,3.0,212.0,False,SOFT,4.0,False,Alpine,0 days 01:30:00.364000,,1,9.0,False,,False,False,20.7,55.0,927.9,False,49.2,198,2.2,True,False,False,False,False,False,+25.206,+3.705,25.206,3.705,5586.548,,,5434.363,,44.62,84.314,,5502.363,5586.752,5400.364
2023,São Paulo Grand Prix,20,Brazil,São Paulo,0 days 01:34:28.823000,OCO,31,0 days 00:01:22.275000,4.0,3.0,,Esteban Ocon,,0 days 00:00:23.847000,0 days 00:00:40.801000,0 days 00:00:17.627000,0 days 01:33:30.413000,0 days 01:34:11.214000,0 days 01:34:28.841000,321.0,225.0,307.0,234.0,True,SOFT,5.0,False,Alpine,0 days 01:33:06.548000,,1,10.0,False,,False,True,20.9,54.0,927.7,False,49.7,149,0.8,True,False,False,False,False,False,+4.811,+0.629,4.811,0.629,5668.823,82.275,,,23.847,40.801,17.627,5610.413,5651.214,5668.841,5586.548
2023,São Paulo Grand Prix,20,Brazil,São Paulo,0 days 01:35:45.934000,OCO,31,0 days 00:01:17.111000,5.0,3.0,,Esteban Ocon,,0 days 00:00:19.910000,0 days 00:00:39.661000,0 days 00:00:17.540000,0 days 01:34:48.751000,0 days 01:35:28.412000,0 days 01:35:45.952000,312.0,238.0,312.0,288.0,True,SOFT,6.0,False,Alpine,0 days 01:34:28.823000,,1,10.0,False,,False,True,21.0,55.0,927.7,False,50.2,180,0.8,True,False,False,False,False,False,+6.191,+0.475,6.191,0.475,5745.934,77.111,,,19.91,39.661,17.54,5688.751,5728.412,5745.952,5668.823
2023,São Paulo Grand Prix,20,Brazil,São Paulo,0 days 01:37:02.861000,OCO,31,0 days 00:01:16.927000,6.0,3.0,,Esteban Ocon,,0 days 00:00:19.867000,0 days 00:00:39.668000,0 days 00:00:17.392000,0 days 01:36:05.819000,0 days 01:36:45.487000,0 days 01:37:02.879000,322.0,237.0,324.0,278.0,True,SOFT,7.0,False,Alpine,0 days 01:35:45.934000,,1,10.0,False,,False,True,20.9,55.0,927.9,False,49.8,186,1.1,True,False,False,False,False,False,+7.445,+0.699,7.445,0.699,5822.861,76.927,,,19.867,39.668,17.392,5765.819,5805.487,5822.879,5745.934
2023,São Paulo Grand Prix,20,Brazil,São Paulo,0 days 01:38:19.458000,OCO,31,0 days 00:01:16.597000,7.0,3.0,,Esteban Ocon,,0 days 00:00:19.686000,0 days 00:00:39.522000,0 days 00:00:17.389000,0 days 01:37:22.565000,0 days 01:38:02.087000,0 days 01:38:19.476000,318.0,233.0,327.0,288.0,True,SOFT,8.0,False,Alpine,0 days 01:37:02.861000,,1,10.0,False,,False,True,21.1,57.0,927.7,False,49.6,170,1.2,True,False,False,False,False,False,+8.683,+0.861,8.683,0.861,5899.458,76.597,,,19.686,39.522,17.389,5842.565,5882.087,5899.476,5822.861
2023,São Paulo Grand Prix,20,Brazil,São Paulo,0 days 01:39:36.084000,OCO,31,0 days 00:01:16.626000,8.0,3.0,,Esteban Ocon,,0 days 00:00:19.508000,0 days 00:00:39.736000,0 days 00:00:17.382000,0 days 01:38:38.984000,0 days 01:39:18.720000,0 days 01:39:36.102000,319.0,240.0,328.0,298.0,False,SOFT,9.0,False,Alpine,0 days 01:38:19.458000,,1,10.0,False,,False,True,21.1,58.0,927.9,False,49.7,204,1.8,True,False,False,False,False,False,+9.454,+0.953,9.454,0.953,5976.084,76.626,,,19.508,39.736,17.382,5918.984,5958.72,5976.102,5899.458
2023,São Paulo Grand Prix,20,Brazil,São Paulo,0 days 01:40:52.902000,OCO,31,0 days 00:01:16.818000,9.0,3.0,,Esteban Ocon,,0 days 00:00:19.530000,0 days 00:00:39.754000,0 days 00:00:17.534000,0 days 01:39:55.632000,0 days 01:40:35.386000,0 days 01:40:52.920000,318.0,238.0,312.0,289.0,False,SOFT,10.0,False,Alpine,0 days 01:39:36.084000,,1,10.0,False,,False,True,21.1,58.0,927.9,False,49.3,175,1.7,True,False,False,False,False,False,+9.978,+1.111,9.978,1.111,6052.902,76.818,,,19.53,39.754,17.534,5995.632,6035.386,6052.92,5976.084
2023,São Paulo Grand Prix,20,Brazil,São Paulo,0 days 01:42:09.978000,OCO,31,0 days 00:01:17.076000,10.0,3.0,,Esteban Ocon,,0 days 00:00:19.658000,0 days 00:00:39.888000,0 days 00:00:17.530000,0 days 01:41:12.578000,0 days 01:41:52.466000,0 days 01:42:09.996000,307.0,244.0,313.0,298.0,False,SOFT,11.0,False,Alpine,0 days 01:40:52.902000,,1,10.0,False,,False,True,21.0,58.0,927.7,False,49.4,263,1.0,True,False,False,False,False,False,+11.083,+1.224,11.083,1.224,6129.978,77.076,,,19.658,39.888,17.53,6072.578,6112.466,6129.996,6052.902
2023,São Paulo Grand Prix,20,Brazil,São Paulo,0 days 01:43:27.109000,OCO,31,0 days 00:01:17.131000,11.0,3.0,,Esteban Ocon,,0 days 00:00:19.770000,0 days 00:00:39.806000,0 days 00:00:17.555000,0 days 01:42:29.766000,0 days 01:43:09.572000,0 days 01:43:27.127000,304.0,243.0,312.0,295.0,False,SOFT,12.0,False,Alpine,0 days 01:42:09.978000,,1,10.0,False,,False,True,20.9,58.0,927.5,False,49.2,291,1.5,True,False,False,False,False,False,+11.919,+1.470,11.919,1.47,6207.109,77.131,,,19.77,39.806,17.555,6149.766,6189.572,6207.127,6129.978
2023,São Paulo Grand Prix,20,Brazil,São Paulo,0 days 01:44:44.421000,OCO,31,0 days 00:01:17.312000,12.0,3.0,,Esteban Ocon,,0 days 00:00:19.795000,0 days 00:00:39.890000,0 days 00:00:17.627000,0 days 01:43:46.922000,0 days 01:44:26.812000,0 days 01:44:44.439000,304.0,240.0,311.0,301.0,False,SOFT,13.0,False,Alpine,0 days 01:43:27.109000,,1,10.0,False,,False,True,20.8,57.0,927.7,False,48.9,152,1.7,True,False,False,False,False,False,+13.356,+1.582,13.356,1.582,6284.421,77.312,,,19.795,39.89,17.627,6226.922,6266.812,6284.439,6207.109
2023,São Paulo Grand Prix,20,Brazil,São Paulo,0 days 01:46:02.669000,OCO,31,0 days 00:01:18.248000,13.0,3.0,,Esteban Ocon,,0 days 00:00:20.296000,0 days 00:00:40.403000,0 days 00:00:17.549000,0 days 01:45:04.735000,0 days 01:45:45.138000,0 days 01:46:02.687000,315.0,242.0,313.0,309.0,False,SOFT,14.0,False,Alpine,0 days 01:44:44.421000,,1,11.0,False,,False,True,20.8,55.0,927.7,False,49.1,181,1.3,True,False,False,False,False,False,+15.308,+0.975,15.308,0.975,6362.669,78.248,,,20.296,40.403,17.549,6304.735,6345.138,6362.687,6284.421
2023,São Paulo Grand Prix,20,Brazil,São Paulo,0 days 01:47:24.079000,OCO,31,0 days 00:01:21.410000,14.0,3.0,,Esteban Ocon,0 days 01:47:21.211000,0 days 00:00:19.757000,0 days 00:00:40.251000,0 days 00:00:21.402000,0 days 01:46:22.444000,0 days 01:47:02.695000,0 days 01:47:24.097000,315.0,241.0,,298.0,False,SOFT,15.0,False,Alpine,0 days 01:46:02.669000,,1,14.0,False,,False,False,20.6,57.0,927.7,False,49.1,73,1.1,True,False,False,False,False,False,+16.841,+1.222,16.841,1.222,6444.079,81.41,6441.211,,19.757,40.251,21.402,6382.444,6422.695,6444.097,6362.669
2023,São Paulo Grand Prix,20,Brazil,São Paulo,0 days 01:48:57.860000,OCO,31,0 days 00:01:33.781000,15.0,4.0,0 days 01:47:45.211000,Esteban Ocon,,0 days 00:00:37.456000,0 days 00:00:38.990000,0 days 00:00:17.335000,0 days 01:48:01.553000,0 days 01:48:40.543000,0 days 01:48:57.878000,291.0,241.0,304.0,298.0,False,MEDIUM,1.0,True,Alpine,0 days 01:47:24.079000,,1,15.0,False,,False,False,20.6,56.0,927.7,False,48.9,189,0.4,True,False,False,False,False,False,+37.963,+17.854,37.963,17.854,6537.86,93.781,,6465.211,37.456,38.99,17.335,6481.553,6520.543,6537.878,6444.079
2023,São Paulo Grand Prix,20,Brazil,São Paulo,0 days 01:50:13.945000,OCO,31,0 days 00:01:16.085000,16.0,4.0,,Esteban Ocon,,0 days 00:00:19.529000,0 days 00:00:39.148000,0 days 00:00:17.408000,0 days 01:49:17.407000,0 days 01:49:56.555000,0 days 01:50:13.963000,299.0,244.0,306.0,292.0,True,MEDIUM,2.0,True,Alpine,0 days 01:48:57.860000,,1,14.0,False,,False,True,20.8,55.0,927.9,False,48.9,194,1.7,True,False,False,False,False,False,+37.673,+10.329,37.673,10.329,6613.945,76.085,,,19.529,39.148,17.408,6557.407,6596.555,6613.963,6537.86
2023,São Paulo Grand Prix,20,Brazil,São Paulo,0 days 01:51:30.330000,OCO,31,0 days 00:01:16.385000,17.0,4.0,,Esteban Ocon,,0 days 00:00:19.729000,0 days 00:00:39.231000,0 days 00:00:17.425000,0 days 01:50:33.692000,0 days 01:51:12.923000,0 days 01:51:30.348000,298.0,241.0,307.0,292.0,False,MEDIUM,3.0,True,Alpine,0 days 01:50:13.945000,,1,14.0,False,,False,True,21.0,56.0,927.7,False,48.7,170,2.2,True,False,False,False,False,False,+37.983,+7.805,37.983,7.805,6690.33,76.385,,,19.729,39.231,17.425,6633.692,6672.923,6690.348,6613.945
2023,São Paulo Grand Prix,20,Brazil,São Paulo,0 days 01:52:46.781000,OCO,31,0 days 00:01:16.451000,18.0,4.0,,Esteban Ocon,,0 days 00:00:19.588000,0 days 00:00:39.398000,0 days 00:00:17.465000,0 days 01:51:49.936000,0 days 01:52:29.334000,0 days 01:52:46.799000,300.0,241.0,307.0,296.0,False,MEDIUM,4.0,True,Alpine,0 days 01:51:30.330000,,1,13.0,False,,False,True,21.0,56.0,927.7,False,48.7,164,1.7,True,False,False,False,False,False,+38.093,+6.210,38.093,6.21,6766.781,76.451,,,19.588,39.398,17.465,6709.936,6749.334,6766.799,6690.33
2023,São Paulo Grand Prix,20,Brazil,São Paulo,0 days 01:54:03.861000,OCO,31,0 days 00:01:17.080000,19.0,4.0,,Esteban Ocon,,0 days 00:00:19.698000,0 days 00:00:39.905000,0 days 00:00:17.477000,0 days 01:53:06.497000,0 days 01:53:46.402000,0 days 01:54:03.879000,299.0,244.0,311.0,296.0,False,MEDIUM,5.0,True,Alpine,0 days 01:52:46.781000,,1,12.0,False,,False,True,20.9,57.0,927.7,False,48.8,197,1.5,True,False,False,False,False,False,+39.148,+2.733,39.148,2.733,6843.861,77.08,,,19.698,39.905,17.477,6786.497,6826.402,6843.879,6766.781
2023,São Paulo Grand Prix,20,Brazil,São Paulo,0 days 01:55:20.999000,OCO,31,0 days 00:01:17.138000,20.0,4.0,,Esteban Ocon,,0 days 00:00:19.630000,0 days 00:00:40.047000,0 days 00:00:17.461000,0 days 01:54:23.509000,0 days 01:55:03.556000,0 days 01:55:21.017000,302.0,238.0,311.0,298.0,False,MEDIUM,6.0,True,Alpine,0 days 01:54:03.861000,,1,12.0,False,,False,True,20.6,58.0,927.9,False,48.9,190,2.5,True,False,False,False,False,False,+40.288,+2.148,40.288,2.148,6920.999,77.138,,,19.63,40.047,17.461,6863.509,6903.556,6921.017,6843.861
2023,São Paulo Grand Prix,20,Brazil,São Paulo,0 days 01:56:38.150000,OCO,31,0 days 00:01:17.151000,21.0,4.0,,Esteban Ocon,,0 days 00:00:19.725000,0 days 00:00:39.972000,0 days 00:00:17.454000,0 days 01:55:40.742000,0 days 01:56:20.714000,0 days 01:56:38.168000,303.0,242.0,310.0,291.0,False,MEDIUM,7.0,True,Alpine,0 days 01:55:20.999000,,1,12.0,False,,False,True,20.5,59.0,927.7,False,48.3,198,1.3,True,False,False,False,False,False,+41.213,+2.763,41.213,2.763,6998.15,77.151,,,19.725,39.972,17.454,6940.742,6980.714,6998.168,6920.999
2023,São Paulo Grand Prix,20,Brazil,São Paulo,0 days 01:57:55.119000,OCO,31,0 days 00:01:16.969000,22.0,4.0,,Esteban Ocon,,0 days 00:00:19.644000,0 days 00:00:39.855000,0 days 00:00:17.470000,0 days 01:56:57.812000,0 days 01:57:37.667000,0 days 01:57:55.137000,303.0,241.0,308.0,297.0,False,MEDIUM,8.0,True,Alpine,0 days 01:56:38.150000,,1,11.0,False,,False,True,20.6,59.0,927.7,False,48.3,189,2.2,True,False,False,False,False,False,+41.974,+3.045,41.974,3.045,7075.119,76.969,,,19.644,39.855,17.47,7017.812,7057.667,7075.137,6998.15
2023,São Paulo Grand Prix,20,Brazil,São Paulo,0 days 01:59:12.418000,OCO,31,0 days 00:01:17.299000,23.0,4.0,,Esteban Ocon,,0 days 00:00:19.641000,0 days 00:00:40.147000,0 days 00:00:17.511000,0 days 01:58:14.778000,0 days 01:58:54.925000,0 days 01:59:12.436000,304.0,239.0,311.0,298.0,False,MEDIUM,9.0,True,Alpine,0 days 01:57:55.119000,,1,11.0,False,,False,True,20.4,59.0,927.7,False,48.3,175,1.5,True,False,False,False,False,False,+43.264,+2.121,43.264,2.121,7152.418,77.299,,,19.641,40.147,17.511,7094.778,7134.925,7152.436,7075.119
2023,São Paulo Grand Prix,20,Brazil,São Paulo,0 days 02:00:29.360000,OCO,31,0 days 00:01:16.942000,24.0,4.0,,Esteban Ocon,,0 days 00:00:19.674000,0 days 00:00:39.789000,0 days 00:00:17.479000,0 days 01:59:32.110000,0 days 02:00:11.899000,0 days 02:00:29.378000,302.0,244.0,309.0,300.0,False,MEDIUM,10.0,True,Alpine,0 days 01:59:12.418000,,1,11.0,False,,False,True,20.5,58.0,927.7,False,48.1,155,1.2,True,False,False,False,False,False,+43.698,+3.203,43.698,3.203,7229.36,76.942,,,19.674,39.789,17.479,7172.11,7211.899,7229.378,7152.418
2023,São Paulo Grand Prix,20,Brazil,São Paulo,0 days 02:01:46.254000,OCO,31,0 days 00:01:16.894000,25.0,4.0,,Esteban Ocon,,0 days 00:00:19.613000,0 days 00:00:39.801000,0 days 00:00:17.480000,0 days 02:00:48.991000,0 days 02:01:28.792000,0 days 02:01:46.272000,305.0,240.0,311.0,298.0,False,MEDIUM,11.0,True,Alpine,0 days 02:00:29.360000,,1,11.0,False,,False,True,20.5,58.0,927.7,False,48.1,153,0.8,True,False,False,False,False,False,+44.323,+3.017,44.323,3.017,7306.254,76.894,,,19.613,39.801,17.48,7248.991,7288.792,7306.272,7229.36
2023,São Paulo Grand Prix,20,Brazil,São Paulo,0 days 02:03:02.991000,OCO,31,0 days 00:01:16.737000,26.0,4.0,,Esteban Ocon,,0 days 00:00:19.567000,0 days 00:00:39.646000,0 days 00:00:17.524000,0 days 02:02:05.839000,0 days 02:02:45.485000,0 days 02:03:03.009000,306.0,241.0,313.0,300.0,False,MEDIUM,12.0,True,Alpine,0 days 02:01:46.254000,,1,11.0,False,,False,True,20.5,58.0,927.7,False,47.8,200,0.6,True,False,False,False,False,False,+44.740,+3.343,44.74,3.343,7382.991,76.737,,,19.567,39.646,17.524,7325.839,7365.485,7383.009,7306.254
2023,São Paulo Grand Prix,20,Brazil,São Paulo,0 days 02:04:19.731000,OCO,31,0 days 00:01:16.740000,27.0,4.0,,Esteban Ocon,,0 days 00:00:19.558000,0 days 00:00:39.640000,0 days 00:00:17.542000,0 days 02:03:22.567000,0 days 02:04:02.207000,0 days 02:04:19.749000,303.0,242.0,312.0,299.0,False,MEDIUM,13.0,True,Alpine,0 days 02:03:02.991000,,1,8.0,False,,False,True,20.6,57.0,927.7,False,48.7,196,1.1,True,False,False,False,False,False,+44.977,+4.323,44.977,4.323,7459.731,76.74,,,19.558,39.64,17.542,7402.567,7442.207,7459.749,7382.991
2023,São Paulo Grand Prix,20,Brazil,São Paulo,0 days 02:05:37.163000,OCO,31,0 days 00:01:17.432000,28.0,4.0,,Esteban Ocon,,0 days 00:00:19.919000,0 days 00:00:39.990000,0 days 00:00:17.523000,0 days 02:04:39.668000,0 days 02:05:19.658000,0 days 02:05:37.181000,318.0,245.0,308.0,296.0,False,MEDIUM,14.0,True,Alpine,0 days 02:04:19.731000,,1,9.0,False,,False,True,20.7,56.0,927.7,False,48.8,172,1.2,True,False,False,False,False,False,+25.830,+1.868,25.83,1.868,7537.163,77.432,,,19.919,39.99,17.523,7479.668,7519.658,7537.181,7459.731
2023,São Paulo Grand Prix,20,Brazil,São Paulo,0 days 02:06:54.393000,OCO,31,0 days 00:01:17.230000,29.0,4.0,,Esteban Ocon,,0 days 00:00:19.699000,0 days 00:00:39.917000,0 days 00:00:17.614000,0 days 02:05:56.880000,0 days 02:06:36.797000,0 days 02:06:54.411000,303.0,239.0,309.0,294.0,False,MEDIUM,15.0,True,Alpine,0 days 02:05:37.163000,,1,9.0,False,,False,True,20.5,57.0,927.7,False,48.8,154,1.2,True,False,False,False,False,False,+27.352,+3.234,27.352,3.234,7614.393,77.23,,,19.699,39.917,17.614,7556.88,7596.797,7614.411,7537.163
2023,São Paulo Grand Prix,20,Brazil,São Paulo,0 days 02:08:11.557000,OCO,31,0 days 00:01:17.164000,30.0,4.0,,Esteban Ocon,,0 days 00:00:19.653000,0 days 00:00:39.788000,0 days 00:00:17.723000,0 days 02:07:14.064000,0 days 02:07:53.852000,0 days 02:08:11.575000,305.0,239.0,308.0,293.0,False,MEDIUM,16.0,True,Alpine,0 days 02:06:54.393000,,1,9.0,False,,False,True,20.4,57.0,927.7,False,48.4,174,1.1,True,False,False,False,False,False,+28.714,+4.630,28.714,4.63,7691.557,77.164,,,19.653,39.788,17.723,7634.064,7673.852,7691.575,7614.393
2023,São Paulo Grand Prix,20,Brazil,São Paulo,0 days 02:09:32.141000,OCO,31,0 days 00:01:20.584000,31.0,4.0,,Esteban Ocon,0 days 02:09:29.227000,0 days 00:00:19.608000,0 days 00:00:39.445000,0 days 00:00:21.531000,0 days 02:08:31.183000,0 days 02:09:10.628000,0 days 02:09:32.159000,306.0,242.0,,298.0,False,MEDIUM,17.0,True,Alpine,0 days 02:08:11.557000,,1,12.0,False,,False,False,20.5,57.0,927.7,False,48.0,150,1.6,True,False,False,False,False,False,+29.603,+5.684,29.603,5.684,7772.141,80.584,7769.227,,19.608,39.445,21.531,7711.183,7750.628,7772.159,7691.557
2023,São Paulo Grand Prix,20,Brazil,São Paulo,0 days 02:11:06.779000,OCO,31,0 days 00:01:34.638000,32.0,5.0,0 days 02:09:53.649000,Esteban Ocon,,0 days 00:00:38.061000,0 days 00:00:39.322000,0 days 00:00:17.255000,0 days 02:10:10.220000,0 days 02:10:49.542000,0 days 02:11:06.797000,292.0,240.0,306.0,298.0,False,SOFT,4.0,False,Alpine,0 days 02:09:32.141000,,1,14.0,False,,False,False,20.5,58.0,927.7,False,47.8,185,1.7,True,False,False,False,False,False,+52.679,+6.109,52.679,6.109,7866.779,94.638,,7793.649,38.061,39.322,17.255,7810.22,7849.542,7866.797,7772.141
2023,São Paulo Grand Prix,20,Brazil,São Paulo,0 days 02:12:22.221000,OCO,31,0 days 00:01:15.442000,33.0,5.0,,Esteban Ocon,,0 days 00:00:19.358000,0 days 00:00:38.801000,0 days 00:00:17.283000,0 days 02:11:26.155000,0 days 02:12:04.956000,0 days 02:12:22.239000,299.0,240.0,310.0,297.0,True,SOFT,5.0,False,Alpine,0 days 02:11:06.779000,,1,14.0,False,,False,True,20.3,59.0,927.9,False,47.3,181,1.7,True,False,False,False,False,False,+52.981,+4.680,52.981,4.68,7942.221,75.442,,,19.358,38.801,17.283,7886.155,7924.956,7942.239,7866.779
2023,São Paulo Grand Prix,20,Brazil,São Paulo,0 days 02:13:37.586000,OCO,31,0 days 00:01:15.365000,34.0,5.0,,Esteban Ocon,,0 days 00:00:19.349000,0 days 00:00:38.811000,0 days 00:00:17.205000,0 days 02:12:41.588000,0 days 02:13:20.399000,0 days 02:13:37.604000,301.0,244.0,311.0,300.0,True,SOFT,6.0,False,Alpine,0 days 02:12:22.221000,,1,14.0,False,,False,True,20.3,60.0,927.7,False,47.3,311,1.6,True,False,False,False,False,False,+53.228,+3.592,53.228,3.592,8017.586,75.365,,,19.349,38.811,17.205,7961.588,8000.399,8017.604,7942.221
2023,São Paulo Grand Prix,20,Brazil,São Paulo,0 days 02:14:52.989000,OCO,31,0 days 00:01:15.403000,35.0,5.0,,Esteban Ocon,,0 days 00:00:19.309000,0 days 00:00:38.887000,0 days 00:00:17.207000,0 days 02:13:56.913000,0 days 02:14:35.800000,0 days 02:14:53.007000,302.0,241.0,311.0,300.0,False,SOFT,7.0,False,Alpine,0 days 02:13:37.586000,,1,14.0,False,,False,True,20.2,60.0,927.7,False,47.2,156,1.0,True,False,False,False,False,False,+53.462,+2.620,53.462,2.62,8092.989,75.403,,,19.309,38.887,17.207,8036.913,8075.8,8093.007,8017.586
2023,São Paulo Grand Prix,20,Brazil,São Paulo,0 days 02:16:08.527000,OCO,31,0 days 00:01:15.538000,36.0,5.0,,Esteban Ocon,,0 days 00:00:19.305000,0 days 00:00:38.949000,0 days 00:00:17.284000,0 days 02:15:12.312000,0 days 02:15:51.261000,0 days 02:16:08.545000,305.0,244.0,310.0,301.0,False,SOFT,8.0,False,Alpine,0 days 02:14:52.989000,,1,14.0,False,,False,True,20.2,59.0,927.7,False,47.2,177,1.3,True,False,False,False,False,False,+53.787,+1.323,53.787,1.323,8168.527,75.538,,,19.305,38.949,17.284,8112.312,8151.261,8168.545,8092.989
2023,São Paulo Grand Prix,20,Brazil,São Paulo,0 days 02:17:24.357000,OCO,31,0 days 00:01:15.830000,37.0,5.0,,Esteban Ocon,,0 days 00:00:19.440000,0 days 00:00:39.094000,0 days 00:00:17.296000,0 days 02:16:27.985000,0 days 02:17:07.079000,0 days 02:17:24.375000,306.0,241.0,328.0,300.0,False,SOFT,9.0,False,Alpine,0 days 02:16:08.527000,,1,14.0,False,,False,True,20.4,58.0,927.7,False,47.4,159,1.6,True,False,False,False,False,False,+55.140,+0.499,55.14,0.499,8244.357,75.83,,,19.44,39.094,17.296,8187.985,8227.079,8244.375,8168.527
2023,São Paulo Grand Prix,20,Brazil,São Paulo,0 days 02:18:40.259000,OCO,31,0 days 00:01:15.902000,38.0,5.0,,Esteban Ocon,,0 days 00:00:19.454000,0 days 00:00:38.992000,0 days 00:00:17.456000,0 days 02:17:43.829000,0 days 02:18:22.821000,0 days 02:18:40.277000,302.0,245.0,309.0,321.0,False,SOFT,10.0,False,Alpine,0 days 02:17:24.357000,,1,13.0,False,,False,True,20.5,59.0,927.7,False,47.5,191,1.7,True,False,False,False,False,False,+55.962,+8.248,55.962,8.248,8320.259,75.902,,,19.454,38.992,17.456,8263.829,8302.821,8320.277,8244.357
2023,São Paulo Grand Prix,20,Brazil,São Paulo,0 days 02:19:56.029000,OCO,31,0 days 00:01:15.770000,39.0,5.0,,Esteban Ocon,,0 days 00:00:19.284000,0 days 00:00:39.113000,0 days 00:00:17.373000,0 days 02:18:59.561000,0 days 02:19:38.674000,0 days 02:19:56.047000,302.0,247.0,309.0,298.0,False,SOFT,11.0,False,Alpine,0 days 02:18:40.259000,,1,13.0,False,,False,True,20.5,58.0,927.7,False,47.5,174,2.0,True,False,False,False,False,False,+56.754,+7.774,56.754,7.774,8396.029,75.77,,,19.284,39.113,17.373,8339.561,8378.674,8396.047,8320.259
2023,São Paulo Grand Prix,20,Brazil,São Paulo,0 days 02:21:11.879000,OCO,31,0 days 00:01:15.850000,40.0,5.0,,Esteban Ocon,,0 days 00:00:19.426000,0 days 00:00:38.925000,0 days 00:00:17.499000,0 days 02:20:15.473000,0 days 02:20:54.398000,0 days 02:21:11.897000,302.0,244.0,309.0,298.0,False,SOFT,12.0,False,Alpine,0 days 02:19:56.029000,,1,12.0,False,,False,True,20.4,58.0,927.7,False,47.2,161,1.0,True,False,False,False,False,False,+57.396,+5.736,57.396,5.736,8471.879,75.85,,,19.426,38.925,17.499,8415.473,8454.398,8471.897,8396.029
2023,São Paulo Grand Prix,20,Brazil,São Paulo,0 days 02:22:27.720000,OCO,31,0 days 00:01:15.841000,41.0,5.0,,Esteban Ocon,,0 days 00:00:19.371000,0 days 00:00:38.992000,0 days 00:00:17.478000,0 days 02:21:31.268000,0 days 02:22:10.260000,0 days 02:22:27.738000,302.0,246.0,311.0,297.0,False,SOFT,13.0,False,Alpine,0 days 02:21:11.879000,,1,12.0,False,,False,True,20.5,59.0,927.7,False,46.6,170,1.0,True,False,False,False,False,False,+57.890,+4.651,57.89,4.651,8547.72,75.841,,,19.371,38.992,17.478,8491.268,8530.26,8547.738,8471.879
2023,São Paulo Grand Prix,20,Brazil,São Paulo,0 days 02:23:43.752000,OCO,31,0 days 00:01:16.032000,42.0,5.0,,Esteban Ocon,,0 days 00:00:19.346000,0 days 00:00:39.185000,0 days 00:00:17.501000,0 days 02:22:47.084000,0 days 02:23:26.269000,0 days 02:23:43.770000,302.0,244.0,308.0,298.0,False,SOFT,14.0,False,Alpine,0 days 02:22:27.720000,,1,12.0,False,,False,True,20.5,58.0,927.7,False,47.1,161,2.0,True,False,False,False,False,False,+58.687,+3.655,58.687,3.655,8623.752,76.032,,,19.346,39.185,17.501,8567.084,8606.269,8623.77,8547.72
2023,São Paulo Grand Prix,20,Brazil,São Paulo,0 days 02:25:00.004000,OCO,31,0 days 00:01:16.252000,43.0,5.0,,Esteban Ocon,,0 days 00:00:19.445000,0 days 00:00:39.239000,0 days 00:00:17.568000,0 days 02:24:03.215000,0 days 02:24:42.454000,0 days 02:25:00.022000,303.0,242.0,309.0,299.0,False,SOFT,15.0,False,Alpine,0 days 02:23:43.752000,,1,12.0,False,,False,True,20.5,59.0,927.7,False,46.9,191,2.0,True,False,False,False,False,False,+59.902,+2.295,59.902,2.295,8700.004,76.252,,,19.445,39.239,17.568,8643.215,8682.454,8700.022,8623.752
2023,São Paulo Grand Prix,20,Brazil,São Paulo,0 days 02:26:16.180000,OCO,31,0 days 00:01:16.176000,44.0,5.0,,Esteban Ocon,,0 days 00:00:19.402000,0 days 00:00:39.404000,0 days 00:00:17.370000,0 days 02:25:19.424000,0 days 02:25:58.828000,0 days 02:26:16.198000,303.0,242.0,324.0,299.0,False,SOFT,16.0,False,Alpine,0 days 02:25:00.004000,,1,11.0,False,,False,True,20.3,59.0,927.9,False,47.1,160,1.6,True,False,False,False,False,False,+60.875,+0.554,60.875,0.554,8776.18,76.176,,,19.402,39.404,17.37,8719.424,8758.828,8776.198,8700.004
2023,São Paulo Grand Prix,20,Brazil,São Paulo,0 days 02:27:32.564000,OCO,31,0 days 00:01:16.384000,45.0,5.0,,Esteban Ocon,,0 days 00:00:19.394000,0 days 00:00:39.345000,0 days 00:00:17.645000,0 days 02:26:35.592000,0 days 02:27:14.937000,0 days 02:27:32.582000,300.0,247.0,308.0,307.0,False,SOFT,17.0,False,Alpine,0 days 02:26:16.180000,,1,11.0,False,,False,True,20.3,59.0,927.9,False,47.1,164,1.5,True,False,False,False,False,False,+61.662,+15.420,61.662,15.42,8852.564,76.384,,,19.394,39.345,17.645,8795.592,8834.937,8852.582,8776.18
2023,São Paulo Grand Prix,20,Brazil,São Paulo,0 days 02:28:48.783000,OCO,31,0 days 00:01:16.219000,46.0,5.0,,Esteban Ocon,,0 days 00:00:19.447000,0 days 00:00:39.270000,0 days 00:00:17.502000,0 days 02:27:52.029000,0 days 02:28:31.299000,0 days 02:28:48.801000,302.0,243.0,308.0,298.0,False,SOFT,18.0,False,Alpine,0 days 02:27:32.564000,,1,10.0,False,,False,True,20.3,59.0,927.9,False,46.8,233,1.2,True,False,False,False,False,False,+62.546,+17.279,62.546,17.279,8928.783,76.219,,,19.447,39.27,17.502,8872.029,8911.299,8928.801,8852.564
2023,São Paulo Grand Prix,20,Brazil,São Paulo,0 days 02:30:05.133000,OCO,31,0 days 00:01:16.350000,47.0,5.0,,Esteban Ocon,,0 days 00:00:19.388000,0 days 00:00:39.424000,0 days 00:00:17.538000,0 days 02:29:08.189000,0 days 02:29:47.613000,0 days 02:30:05.151000,301.0,244.0,307.0,297.0,False,SOFT,19.0,False,Alpine,0 days 02:28:48.783000,,1,8.0,False,,False,True,20.3,58.0,927.9,False,46.7,148,1.1,True,False,False,False,False,False,+63.525,+14.962,63.525,14.962,9005.133,76.35,,,19.388,39.424,17.538,8948.189,8987.613,9005.151,8928.783
2023,São Paulo Grand Prix,20,Brazil,São Paulo,0 days 02:31:22.373000,OCO,31,0 days 00:01:17.240000,48.0,5.0,,Esteban Ocon,,0 days 00:00:19.654000,0 days 00:00:39.938000,0 days 00:00:17.648000,0 days 02:30:24.805000,0 days 02:31:04.743000,0 days 02:31:22.391000,317.0,243.0,305.0,297.0,False,SOFT,20.0,False,Alpine,0 days 02:30:05.133000,,1,10.0,False,,False,True,20.3,58.0,927.7,False,46.2,197,1.3,True,False,False,False,False,False,+65.220,+1.366,65.22,1.366,9082.373,77.24,,,19.654,39.938,17.648,9024.805,9064.743,9082.391,9005.133
2023,São Paulo Grand Prix,20,Brazil,São Paulo,0 days 02:32:39.217000,OCO,31,0 days 00:01:16.844000,49.0,5.0,,Esteban Ocon,,0 days 00:00:19.718000,0 days 00:00:39.580000,0 days 00:00:17.546000,0 days 02:31:42.109000,0 days 02:32:21.689000,0 days 02:32:39.235000,319.0,247.0,309.0,279.0,False,SOFT,21.0,False,Alpine,0 days 02:31:22.373000,,1,10.0,False,,False,True,20.2,58.0,927.7,False,45.4,150,1.5,True,False,False,False,False,False,+66.664,+2.173,66.664,2.173,9159.217,76.844,,,19.718,39.58,17.546,9102.109,9141.689,9159.235,9082.373
2023,São Paulo Grand Prix,20,Brazil,São Paulo,0 days 02:33:55.771000,OCO,31,0 days 00:01:16.554000,50.0,5.0,,Esteban Ocon,,0 days 00:00:19.481000,0 days 00:00:39.580000,0 days 00:00:17.493000,0 days 02:32:58.716000,0 days 02:33:38.296000,0 days 02:33:55.789000,304.0,242.0,308.0,299.0,False,SOFT,22.0,False,Alpine,0 days 02:32:39.217000,,1,10.0,False,,False,True,20.2,58.0,927.9,False,44.9,157,2.2,True,False,False,False,False,False,+67.781,+2.886,67.781,2.886,9235.771,76.554,,,19.481,39.58,17.493,9178.716,9218.296,9235.789,9159.217
2023,São Paulo Grand Prix,20,Brazil,São Paulo,0 days 02:35:15.830000,OCO,31,0 days 00:01:20.059000,51.0,5.0,,Esteban Ocon,0 days 02:35:13.006000,0 days 00:00:19.443000,0 days 00:00:39.330000,0 days 00:00:21.286000,0 days 02:34:15.232000,0 days 02:34:54.562000,0 days 02:35:15.848000,303.0,246.0,,299.0,False,SOFT,23.0,False,Alpine,0 days 02:33:55.771000,,1,10.0,False,,False,False,20.3,59.0,927.7,False,43.2,181,1.5,True,False,False,False,False,False,+68.604,+3.540,68.604,3.54,9315.83,80.059,9313.006,,19.443,39.33,21.286,9255.232,9294.562,9315.848,9235.771
2023,São Paulo Grand Prix,20,Brazil,São Paulo,0 days 02:36:47.868000,OCO,31,0 days 00:01:32.038000,52.0,6.0,0 days 02:35:36.490000,Esteban Ocon,,0 days 00:00:36.739000,0 days 00:00:38.308000,0 days 00:00:16.991000,0 days 02:35:52.587000,0 days 02:36:30.895000,0 days 02:36:47.886000,294.0,244.0,310.0,299.0,False,SOFT,1.0,True,Alpine,0 days 02:35:15.830000,,1,12.0,False,,False,False,20.3,59.0,927.7,False,41.8,0,1.1,True,False,False,False,False,False,1 L,+1.830,,1.83,9407.868,92.038,,9336.49,36.739,38.308,16.991,9352.587,9390.895,9407.886,9315.83
2023,São Paulo Grand Prix,20,Brazil,São Paulo,0 days 02:38:02.074000,OCO,31,0 days 00:01:14.206000,53.0,6.0,,Esteban Ocon,,0 days 00:00:19.112000,0 days 00:00:38.174000,0 days 00:00:16.920000,0 days 02:37:06.998000,0 days 02:37:45.172000,0 days 02:38:02.092000,303.0,247.0,326.0,298.0,True,SOFT,2.0,True,Alpine,0 days 02:36:47.868000,,1,12.0,False,,False,True,20.3,58.0,927.7,False,41.1,183,0.6,True,False,False,False,False,False,1 L,+0.261,,0.261,9482.074,74.206,,,19.112,38.174,16.92,9426.998,9465.172,9482.092,9407.868
2023,São Paulo Grand Prix,20,Brazil,São Paulo,0 days 02:39:16.594000,OCO,31,0 days 00:01:14.520000,54.0,6.0,,Esteban Ocon,,0 days 00:00:19.006000,0 days 00:00:38.343000,0 days 00:00:17.171000,0 days 02:38:21.098000,0 days 02:38:59.441000,0 days 02:39:16.612000,301.0,247.0,309.0,325.0,False,SOFT,3.0,True,Alpine,0 days 02:38:02.074000,,1,11.0,False,,False,True,20.2,59.0,927.7,False,40.5,304,1.1,True,False,False,False,False,False,1 L,+13.920,,13.92,9556.594,74.52,,,19.006,38.343,17.171,9501.098,9539.441,9556.612,9482.074
2023,São Paulo Grand Prix,20,Brazil,São Paulo,0 days 02:40:31.404000,OCO,31,0 days 00:01:14.810000,55.0,6.0,,Esteban Ocon,,0 days 00:00:19.173000,0 days 00:00:38.530000,0 days 00:00:17.107000,0 days 02:39:35.785000,0 days 02:40:14.315000,0 days 02:40:31.422000,302.0,247.0,309.0,300.0,False,SOFT,4.0,True,Alpine,0 days 02:39:16.594000,,1,11.0,False,,False,True,20.0,59.0,927.7,False,40.0,174,0.6,True,False,False,False,False,False,+86.346,+31.235,86.346,31.235,9631.404,74.81,,,19.173,38.53,17.107,9575.785,9614.315,9631.422,9556.594
2023,São Paulo Grand Prix,20,Brazil,São Paulo,0 days 02:41:46.411000,OCO,31,0 days 00:01:15.007000,56.0,6.0,,Esteban Ocon,,0 days 00:00:19.208000,0 days 00:00:38.625000,0 days 00:00:17.174000,0 days 02:40:50.630000,0 days 02:41:29.255000,0 days 02:41:46.429000,303.0,249.0,310.0,297.0,False,SOFT,5.0,True,Alpine,0 days 02:40:31.404000,,1,11.0,False,,False,True,20.0,58.0,927.9,False,39.6,179,1.1,True,False,False,False,False,False,1 L,+8.254,,8.254,9706.411,75.007,,,19.208,38.625,17.174,9650.63,9689.255,9706.429,9631.404
2023,São Paulo Grand Prix,20,Brazil,São Paulo,0 days 02:43:01.702000,OCO,31,0 days 00:01:15.291000,57.0,6.0,,Esteban Ocon,,0 days 00:00:19.248000,0 days 00:00:38.731000,0 days 00:00:17.312000,0 days 02:42:05.677000,0 days 02:42:44.408000,0 days 02:43:01.720000,303.0,242.0,309.0,298.0,False,SOFT,6.0,True,Alpine,0 days 02:41:46.411000,,1,10.0,False,,False,True,20.0,59.0,927.7,False,39.6,197,1.0,True,False,False,False,False,False,1 L,+8.045,,8.045,9781.702,75.291,,,19.248,38.731,17.312,9725.677,9764.408,9781.72,9706.411
2023,São Paulo Grand Prix,20,Brazil,São Paulo,0 days 02:44:16.974000,OCO,31,0 days 00:01:15.272000,58.0,6.0,,Esteban Ocon,,0 days 00:00:19.446000,0 days 00:00:38.648000,0 days 00:00:17.178000,0 days 02:43:21.166000,0 days 02:43:59.814000,0 days 02:44:16.992000,300.0,246.0,309.0,298.0,False,SOFT,7.0,True,Alpine,0 days 02:43:01.702000,,1,10.0,False,,False,True,19.9,58.0,927.7,False,38.7,200,0.8,True,False,False,False,False,False,+76.968,+8.111,76.968,8.111,9856.974,75.272,,,19.446,38.648,17.178,9801.166,9839.814,9856.992,9781.702
2023,São Paulo Grand Prix,20,Brazil,São Paulo,0 days 02:45:31.550000,OCO,31,0 days 00:01:14.576000,59.0,6.0,,Esteban Ocon,,0 days 00:00:19.114000,0 days 00:00:38.323000,0 days 00:00:17.139000,0 days 02:44:36.106000,0 days 02:45:14.429000,0 days 02:45:31.568000,300.0,245.0,308.0,297.0,False,SOFT,8.0,True,Alpine,0 days 02:44:16.974000,,1,10.0,False,,False,True,19.9,59.0,927.7,False,38.4,63,1.5,True,False,False,False,False,False,+67.621,+7.615,67.621,7.615,9931.55,74.576,,,19.114,38.323,17.139,9876.106,9914.429,9931.568,9856.974
2023,São Paulo Grand Prix,20,Brazil,São Paulo,0 days 02:46:46.706000,OCO,31,0 days 00:01:15.156000,60.0,6.0,,Esteban Ocon,,0 days 00:00:19.276000,0 days 00:00:38.618000,0 days 00:00:17.262000,0 days 02:45:50.844000,0 days 02:46:29.462000,0 days 02:46:46.724000,297.0,244.0,310.0,293.0,False,SOFT,9.0,True,Alpine,0 days 02:45:31.550000,,1,10.0,False,,False,True,19.8,58.0,927.9,False,38.0,177,1.2,True,False,False,False,False,False,+68.650,+7.980,68.65,7.98,10006.706,75.156,,,19.276,38.618,17.262,9950.844,9989.462,10006.724,9931.55
2023,São Paulo Grand Prix,20,Brazil,São Paulo,0 days 02:48:01.631000,OCO,31,0 days 00:01:14.925000,61.0,6.0,,Esteban Ocon,,0 days 00:00:19.289000,0 days 00:00:38.423000,0 days 00:00:17.213000,0 days 02:47:06.013000,0 days 02:47:44.436000,0 days 02:48:01.649000,298.0,248.0,307.0,295.0,False,SOFT,10.0,True,Alpine,0 days 02:46:46.706000,,1,10.0,False,,False,True,19.8,58.0,927.7,False,37.9,176,2.4,True,False,False,False,False,False,+68.962,+8.236,68.962,8.236,10081.631,74.925,,,19.289,38.423,17.213,10026.013,10064.436,10081.649,10006.706
2023,São Paulo Grand Prix,20,Brazil,São Paulo,0 days 02:49:16.678000,OCO,31,0 days 00:01:15.047000,62.0,6.0,,Esteban Ocon,,0 days 00:00:19.325000,0 days 00:00:38.486000,0 days 00:00:17.236000,0 days 02:48:20.974000,0 days 02:48:59.460000,0 days 02:49:16.696000,297.0,251.0,308.0,295.0,False,SOFT,11.0,True,Alpine,0 days 02:48:01.631000,,1,10.0,False,,False,True,19.9,60.0,927.7,False,37.6,177,1.3,True,False,False,False,False,False,+69.526,+8.919,69.526,8.919,10156.678,75.047,,,19.325,38.486,17.236,10100.974,10139.46,10156.696,10081.631
2023,São Paulo Grand Prix,20,Brazil,São Paulo,0 days 02:50:32.438000,OCO,31,0 days 00:01:15.760000,63.0,6.0,,Esteban Ocon,,0 days 00:00:19.439000,0 days 00:00:39.023000,0 days 00:00:17.298000,0 days 02:49:36.135000,0 days 02:50:15.158000,0 days 02:50:32.456000,316.0,243.0,313.0,291.0,False,SOFT,12.0,True,Alpine,0 days 02:49:16.678000,,1,10.0,False,,False,True,19.8,59.0,927.7,False,37.6,132,0.6,True,False,False,False,False,False,+70.943,+10.197,70.943,10.197,10232.438,75.76,,,19.439,39.023,17.298,10176.135,10215.158,10232.456,10156.678
2023,São Paulo Grand Prix,20,Brazil,São Paulo,0 days 02:51:47.570000,OCO,31,0 days 00:01:15.132000,64.0,6.0,,Esteban Ocon,,0 days 00:00:19.198000,0 days 00:00:38.777000,0 days 00:00:17.157000,0 days 02:50:51.654000,0 days 02:51:30.431000,0 days 02:51:47.588000,302.0,248.0,309.0,302.0,False,SOFT,13.0,True,Alpine,0 days 02:50:32.438000,,1,10.0,False,,False,True,19.9,59.0,927.7,False,37.8,154,1.6,True,False,False,False,False,False,+71.960,+11.098,71.96,11.098,10307.57,75.132,,,19.198,38.777,17.157,10251.654,10290.431,10307.588,10232.438
2023,São Paulo Grand Prix,20,Brazil,São Paulo,0 days 02:53:03.544000,OCO,31,0 days 00:01:15.974000,65.0,6.0,,Esteban Ocon,,0 days 00:00:19.198000,0 days 00:00:38.661000,0 days 00:00:18.115000,,0 days 02:52:45.447000,0 days 02:53:03.562000,302.0,247.0,276.0,300.0,False,SOFT,14.0,True,Alpine,0 days 02:51:47.570000,,1,10.0,False,,False,True,19.8,60.0,927.9,False,37.8,153,1.2,True,False,False,False,False,False,+73.467,+11.528,73.467,11.528,10383.544,75.974,,,19.198,38.661,18.115,,10365.447,10383.562,10307.57
2023,São Paulo Grand Prix,20,Brazil,São Paulo,0 days 02:54:19.367000,OCO,31,0 days 00:01:15.823000,66.0,6.0,,Esteban Ocon,,0 days 00:00:19.597000,0 days 00:00:39.033000,0 days 00:00:17.193000,0 days 02:53:23.159000,0 days 02:54:02.192000,0 days 02:54:19.385000,314.0,248.0,309.0,277.0,False,SOFT,15.0,True,Alpine,0 days 02:53:03.544000,,1,10.0,False,,False,True,19.7,59.0,927.7,False,37.1,175,1.7,True,False,False,False,False,False,1 L,+12.771,,12.771,10459.367,75.823,,,19.597,39.033,17.193,10403.159,10442.192,10459.385,10383.544
2023,São Paulo Grand Prix,20,Brazil,São Paulo,0 days 02:55:34.750000,OCO,31,0 days 00:01:15.383000,67.0,6.0,,Esteban Ocon,,0 days 00:00:19.247000,0 days 00:00:38.820000,0 days 00:00:17.316000,0 days 02:54:38.632000,0 days 02:55:17.452000,0 days 02:55:34.768000,303.0,246.0,308.0,299.0,False,SOFT,16.0,True,Alpine,0 days 02:54:19.367000,,1,10.0,False,,False,True,19.7,60.0,927.9,False,37.0,212,1.6,True,False,False,False,False,False,1 L,+13.282,,13.282,10534.75,75.383,,,19.247,38.82,17.316,10478.632,10517.452,10534.768,10459.367
2023,São Paulo Grand Prix,20,Brazil,São Paulo,0 days 02:56:49.987000,OCO,31,0 days 00:01:15.237000,68.0,6.0,,Esteban Ocon,,0 days 00:00:19.204000,0 days 00:00:38.811000,0 days 00:00:17.222000,0 days 02:55:53.972000,0 days 02:56:32.783000,0 days 02:56:50.005000,301.0,250.0,308.0,298.0,False,SOFT,17.0,True,Alpine,0 days 02:55:34.750000,,1,10.0,False,,False,True,19.7,60.0,927.7,False,36.8,179,2.2,True,False,False,False,False,False,1 L,+13.487,,13.487,10609.987,75.237,,,19.204,38.811,17.222,10553.972,10592.783,10610.005,10534.75
2023,São Paulo Grand Prix,20,Brazil,São Paulo,0 days 02:58:05.192000,OCO,31,0 days 00:01:15.205000,69.0,6.0,,Esteban Ocon,,0 days 00:00:19.200000,0 days 00:00:38.750000,0 days 00:00:17.255000,0 days 02:57:09.205000,0 days 02:57:47.955000,0 days 02:58:05.210000,300.0,248.0,308.0,297.0,False,SOFT,18.0,True,Alpine,0 days 02:56:49.987000,,1,10.0,False,,False,True,19.6,61.0,927.9,False,36.6,152,1.5,True,False,False,False,False,False,1 L,+13.665,,13.665,10685.192,75.205,,,19.2,38.75,17.255,10629.205,10667.955,10685.21,10609.987
2023,São Paulo Grand Prix,20,Brazil,São Paulo,0 days 02:59:21.806000,OCO,31,0 days 00:01:16.614000,70.0,6.0,,Esteban Ocon,,0 days 00:00:20.320000,0 days 00:00:39.073000,0 days 00:00:17.221000,0 days 02:58:25.530000,0 days 02:59:04.603000,0 days 02:59:21.824000,314.0,243.0,303.0,193.0,False,SOFT,19.0,True,Alpine,0 days 02:58:05.192000,,1,10.0,False,,False,True,19.8,60.0,927.7,False,36.5,159,0.8,True,False,False,False,False,False,1 L,+15.163,,15.163,10761.806,76.614,,,20.32,39.073,17.221,10705.53,10744.603,10761.824,10685.192
2023,São Paulo Grand Prix,20,Brazil,São Paulo,0 days 01:04:24.991000,NOR,4,0 days 00:02:01.881000,1.0,1.0,,Lando Norris,0 days 01:04:21.694000,,0 days 00:01:01.428000,0 days 00:00:36.254000,,0 days 01:03:48.851000,0 days 01:04:25.038000,299.0,190.0,,222.0,False,SOFT,4.0,False,McLaren,0 days 01:02:22.839000,,124,2.0,False,,False,False,20.6,58.0,928.0,False,47.8,181,1.1,True,True,True,False,False,False,+0.896,+0.896,0.896,0.896,3864.991,121.881,3861.694,,,61.428,36.254,,3828.851,3865.038,3742.839
2023,São Paulo Grand Prix,20,Brazil,São Paulo,0 days 01:06:47.511000,NOR,4,0 days 00:02:22.520000,2.0,2.0,0 days 01:04:41.178000,Lando Norris,0 days 01:06:44.505000,0 days 00:00:43.538000,0 days 00:01:03.196000,0 days 00:00:35.786000,0 days 01:05:08.576000,0 days 01:06:11.772000,0 days 01:06:47.558000,172.0,181.0,,,False,SOFT,5.0,False,McLaren,0 days 01:04:24.991000,,45,2.0,False,,False,False,20.6,60.0,928.0,False,47.1,178,1.2,False,False,True,True,False,False,+1.470,+1.470,1.47,1.47,4007.511,142.52,4004.505,3881.178,43.538,63.196,35.786,3908.576,3971.772,4007.558,3864.991
2023,São Paulo Grand Prix,20,Brazil,São Paulo,0 days 01:32:13.915000,NOR,4,,3.0,3.0,0 days 01:30:09.145000,Lando Norris,,,0 days 00:00:47.895000,0 days 00:00:49.350000,,0 days 01:31:24.675000,0 days 01:32:14.003000,268.0,230.0,56.0,222.0,False,SOFT,1.0,True,McLaren,0 days 01:30:00.364000,,1,2.0,False,,False,False,20.7,55.0,927.9,False,49.2,198,2.2,True,False,False,False,False,False,+2.461,+2.461,2.461,2.461,5533.915,,,5409.145,,47.895,49.35,,5484.675,5534.003,5400.364
2023,São Paulo Grand Prix,20,Brazil,São Paulo,0 days 01:34:24.772000,NOR,4,0 days 00:02:10.857000,4.0,3.0,,Lando Norris,,0 days 00:01:14.417000,0 days 00:00:39.080000,0 days 00:00:17.360000,0 days 01:33:28.379000,0 days 01:34:07.459000,0 days 01:34:24.819000,302.0,234.0,298.0,208.0,True,SOFT,2.0,True,McLaren,0 days 01:32:13.915000,,1,2.0,False,,False,True,20.8,56.0,927.9,False,48.7,98,1.7,True,False,False,False,False,False,+0.687,+0.687,0.687,0.687,5664.772,130.857,,,74.417,39.08,17.36,5608.379,5647.459,5664.819,5533.915
2023,São Paulo Grand Prix,20,Brazil,São Paulo,0 days 01:35:41.003000,NOR,4,0 days 00:01:16.231000,5.0,3.0,,Lando Norris,,0 days 00:00:19.874000,0 days 00:00:38.874000,0 days 00:00:17.483000,0 days 01:34:44.693000,0 days 01:35:23.567000,0 days 01:35:41.050000,301.0,243.0,300.0,274.0,True,SOFT,3.0,True,McLaren,0 days 01:34:24.772000,,1,2.0,False,,False,True,21.0,55.0,927.7,False,50.2,180,0.8,True,False,False,False,False,False,+1.171,+1.171,1.171,1.171,5741.003,76.231,,,19.874,38.874,17.483,5684.693,5723.567,5741.05,5664.772
2023,São Paulo Grand Prix,20,Brazil,São Paulo,0 days 01:36:55.943000,NOR,4,0 days 00:01:14.940000,6.0,3.0,,Lando Norris,,0 days 00:00:19.345000,0 days 00:00:38.553000,0 days 00:00:17.042000,0 days 01:36:00.395000,0 days 01:36:38.948000,0 days 01:36:55.990000,318.0,255.0,319.0,288.0,True,SOFT,4.0,True,McLaren,0 days 01:35:41.003000,,1,2.0,False,,False,True,20.9,55.0,927.9,False,49.8,186,1.1,True,False,False,False,False,False,+0.702,+0.702,0.702,0.702,5815.943,74.94,,,19.345,38.553,17.042,5760.395,5798.948,5815.99,5741.003
2023,São Paulo Grand Prix,20,Brazil,São Paulo,0 days 01:38:11.371000,NOR,4,0 days 00:01:15.428000,7.0,3.0,,Lando Norris,,0 days 00:00:19.413000,0 days 00:00:39.073000,0 days 00:00:16.942000,0 days 01:37:15.403000,0 days 01:37:54.476000,0 days 01:38:11.418000,310.0,255.0,318.0,294.0,False,SOFT,5.0,True,McLaren,0 days 01:36:55.943000,,1,2.0,False,,False,True,21.0,57.0,927.9,False,49.8,307,1.2,True,False,False,False,False,False,+0.537,+0.537,0.537,0.537,5891.371,75.428,,,19.413,39.073,16.942,5835.403,5874.476,5891.418,5815.943
2023,São Paulo Grand Prix,20,Brazil,São Paulo,0 days 01:39:28.108000,NOR,4,0 days 00:01:16.737000,8.0,3.0,,Lando Norris,,0 days 00:00:19.338000,0 days 00:00:39.765000,0 days 00:00:17.634000,0 days 01:38:30.756000,0 days 01:39:10.521000,0 days 01:39:28.155000,318.0,233.0,289.0,314.0,False,SOFT,6.0,True,McLaren,0 days 01:38:11.371000,,1,2.0,False,,False,True,21.1,58.0,927.9,False,49.7,204,1.8,True,False,False,False,False,False,+1.237,+1.237,1.237,1.237,5968.108,76.737,,,19.338,39.765,17.634,5910.756,5950.521,5968.155,5891.371
2023,São Paulo Grand Prix,20,Brazil,São Paulo,0 days 01:40:44.684000,NOR,4,0 days 00:01:16.576000,9.0,3.0,,Lando Norris,,0 days 00:00:20.081000,0 days 00:00:39.252000,0 days 00:00:17.243000,0 days 01:39:48.236000,0 days 01:40:27.488000,0 days 01:40:44.731000,292.0,248.0,302.0,264.0,False,SOFT,7.0,True,McLaren,0 days 01:39:28.108000,,1,2.0,False,,False,True,21.1,58.0,927.9,False,49.3,175,1.7,True,False,False,False,False,False,+1.679,+1.679,1.679,1.679,6044.684,76.576,,,20.081,39.252,17.243,5988.236,6027.488,6044.731,5968.108
2023,São Paulo Grand Prix,20,Brazil,São Paulo,0 days 01:42:01.355000,NOR,4,0 days 00:01:16.671000,10.0,3.0,,Lando Norris,,0 days 00:00:19.877000,0 days 00:00:39.218000,0 days 00:00:17.576000,0 days 01:41:04.608000,0 days 01:41:43.826000,0 days 01:42:01.402000,295.0,243.0,302.0,273.0,False,SOFT,8.0,True,McLaren,0 days 01:40:44.684000,,1,2.0,False,,False,True,21.0,58.0,927.7,False,49.4,263,1.0,True,False,False,False,False,False,+2.361,+2.361,2.361,2.361,6121.355,76.671,,,19.877,39.218,17.576,6064.608,6103.826,6121.402,6044.684
2023,São Paulo Grand Prix,20,Brazil,São Paulo,0 days 01:43:17.398000,NOR,4,0 days 00:01:16.043000,11.0,3.0,,Lando Norris,,0 days 00:00:19.611000,0 days 00:00:39.051000,0 days 00:00:17.381000,0 days 01:42:21.013000,0 days 01:43:00.064000,0 days 01:43:17.445000,296.0,247.0,302.0,284.0,False,SOFT,9.0,True,McLaren,0 days 01:42:01.355000,,1,2.0,False,,False,True,20.9,58.0,927.5,False,49.2,291,1.5,True,False,False,False,False,False,+2.131,+2.131,2.131,2.131,6197.398,76.043,,,19.611,39.051,17.381,6141.013,6180.064,6197.445,6121.355
2023,São Paulo Grand Prix,20,Brazil,São Paulo,0 days 01:44:33.413000,NOR,4,0 days 00:01:16.015000,12.0,3.0,,Lando Norris,,0 days 00:00:19.709000,0 days 00:00:38.894000,0 days 00:00:17.412000,0 days 01:43:37.154000,0 days 01:44:16.048000,0 days 01:44:33.460000,298.0,248.0,301.0,281.0,False,SOFT,10.0,True,McLaren,0 days 01:43:17.398000,,1,2.0,False,,False,True,20.8,57.0,927.7,False,48.9,152,1.7,True,False,False,False,False,False,+2.266,+2.266,2.266,2.266,6273.413,76.015,,,19.709,38.894,17.412,6217.154,6256.048,6273.46,6197.398
2023,São Paulo Grand Prix,20,Brazil,São Paulo,0 days 01:45:49.778000,NOR,4,0 days 00:01:16.365000,13.0,3.0,,Lando Norris,,0 days 00:00:19.759000,0 days 00:00:38.991000,0 days 00:00:17.615000,0 days 01:44:53.219000,0 days 01:45:32.210000,0 days 01:45:49.825000,297.0,249.0,303.0,278.0,False,SOFT,11.0,True,McLaren,0 days 01:44:33.413000,,1,2.0,False,,False,True,20.8,55.0,927.7,False,49.1,181,1.3,True,False,False,False,False,False,+2.337,+2.337,2.337,2.337,6349.778,76.365,,,19.759,38.991,17.615,6293.219,6332.21,6349.825,6273.413
2023,São Paulo Grand Prix,20,Brazil,São Paulo,0 days 01:47:06.048000,NOR,4,0 days 00:01:16.270000,14.0,3.0,,Lando Norris,,0 days 00:00:19.729000,0 days 00:00:39.054000,0 days 00:00:17.487000,0 days 01:46:09.554000,0 days 01:46:48.608000,0 days 01:47:06.095000,296.0,246.0,302.0,283.0,False,SOFT,12.0,True,McLaren,0 days 01:45:49.778000,,1,2.0,False,,False,True,20.6,56.0,927.7,False,48.8,159,1.8,True,False,False,False,False,False,+2.523,+2.523,2.523,2.523,6426.048,76.27,,,19.729,39.054,17.487,6369.554,6408.608,6426.095,6349.778
2023,São Paulo Grand Prix,20,Brazil,São Paulo,0 days 01:48:22.222000,NOR,4,0 days 00:01:16.174000,15.0,3.0,,Lando Norris,,0 days 00:00:19.660000,0 days 00:00:38.963000,0 days 00:00:17.551000,0 days 01:47:25.755000,0 days 01:48:04.718000,0 days 01:48:22.269000,297.0,246.0,302.0,285.0,False,SOFT,13.0,True,McLaren,0 days 01:47:06.048000,,1,2.0,False,,False,True,20.6,56.0,927.7,False,48.9,189,0.4,True,False,False,False,False,False,+2.294,+2.294,2.294,2.294,6502.222,76.174,,,19.66,38.963,17.551,6445.755,6484.718,6502.269,6426.048
2023,São Paulo Grand Prix,20,Brazil,São Paulo,0 days 01:49:38.726000,NOR,4,0 days 00:01:16.504000,16.0,3.0,,Lando Norris,,0 days 00:00:19.766000,0 days 00:00:39.085000,0 days 00:00:17.653000,0 days 01:48:42.035000,0 days 01:49:21.120000,0 days 01:49:38.773000,300.0,248.0,299.0,280.0,False,SOFT,14.0,True,McLaren,0 days 01:48:22.222000,,1,2.0,False,,False,True,20.8,55.0,927.9,False,48.9,194,1.7,True,False,False,False,False,False,+2.454,+2.454,2.454,2.454,6578.726,76.504,,,19.766,39.085,17.653,6522.035,6561.12,6578.773,6502.222
2023,São Paulo Grand Prix,20,Brazil,São Paulo,0 days 01:50:55.241000,NOR,4,0 days 00:01:16.515000,17.0,3.0,,Lando Norris,,0 days 00:00:19.734000,0 days 00:00:39.049000,0 days 00:00:17.732000,0 days 01:49:58.507000,0 days 01:50:37.556000,0 days 01:50:55.288000,299.0,250.0,301.0,280.0,False,SOFT,15.0,True,McLaren,0 days 01:49:38.726000,,1,2.0,False,,False,True,20.9,55.0,927.7,False,49.0,176,2.2,True,False,False,False,False,False,+2.799,+2.799,2.799,2.799,6655.241,76.515,,,19.734,39.049,17.732,6598.507,6637.556,6655.288,6578.726
2023,São Paulo Grand Prix,20,Brazil,São Paulo,0 days 01:52:11.508000,NOR,4,0 days 00:01:16.267000,18.0,3.0,,Lando Norris,,0 days 00:00:19.668000,0 days 00:00:39.001000,0 days 00:00:17.598000,0 days 01:51:14.956000,0 days 01:51:53.957000,0 days 01:52:11.555000,300.0,249.0,302.0,288.0,False,SOFT,16.0,True,McLaren,0 days 01:50:55.241000,,1,2.0,False,,False,True,21.0,56.0,927.7,False,48.7,170,2.2,True,False,False,False,False,False,+2.763,+2.763,2.763,2.763,6731.508,76.267,,,19.668,39.001,17.598,6674.956,6713.957,6731.555,6655.241
2023,São Paulo Grand Prix,20,Brazil,São Paulo,0 days 01:53:27.566000,NOR,4,0 days 00:01:16.058000,19.0,3.0,,Lando Norris,,0 days 00:00:19.651000,0 days 00:00:38.797000,0 days 00:00:17.610000,0 days 01:52:31.206000,0 days 01:53:10.003000,0 days 01:53:27.613000,301.0,250.0,302.0,286.0,False,SOFT,17.0,True,McLaren,0 days 01:52:11.508000,,1,2.0,False,,False,True,20.9,57.0,927.7,False,48.8,197,1.5,True,False,False,False,False,False,+2.775,+2.775,2.775,2.775,6807.566,76.058,,,19.651,38.797,17.61,6751.206,6790.003,6807.613,6731.508
2023,São Paulo Grand Prix,20,Brazil,São Paulo,0 days 01:54:43.896000,NOR,4,0 days 00:01:16.330000,20.0,3.0,,Lando Norris,,0 days 00:00:19.653000,0 days 00:00:38.958000,0 days 00:00:17.719000,0 days 01:53:47.266000,0 days 01:54:26.224000,0 days 01:54:43.943000,302.0,248.0,301.0,282.0,False,SOFT,18.0,True,McLaren,0 days 01:53:27.566000,,1,2.0,False,,False,True,20.8,57.0,927.9,False,48.9,166,0.8,True,False,False,False,False,False,+3.102,+3.102,3.102,3.102,6883.896,76.33,,,19.653,38.958,17.719,6827.266,6866.224,6883.943,6807.566
2023,São Paulo Grand Prix,20,Brazil,São Paulo,0 days 01:56:00.251000,NOR,4,0 days 00:01:16.355000,21.0,3.0,,Lando Norris,,0 days 00:00:19.604000,0 days 00:00:39.114000,0 days 00:00:17.637000,0 days 01:55:03.547000,0 days 01:55:42.661000,0 days 01:56:00.298000,302.0,250.0,301.0,289.0,False,SOFT,19.0,True,McLaren,0 days 01:54:43.896000,,1,2.0,False,,False,True,20.6,58.0,927.9,False,48.9,190,2.5,True,False,False,False,False,False,+3.245,+3.245,3.245,3.245,6960.251,76.355,,,19.604,39.114,17.637,6903.547,6942.661,6960.298,6883.896
2023,São Paulo Grand Prix,20,Brazil,São Paulo,0 days 01:57:16.447000,NOR,4,0 days 00:01:16.196000,22.0,3.0,,Lando Norris,,0 days 00:00:19.545000,0 days 00:00:38.929000,0 days 00:00:17.722000,0 days 01:56:19.843000,0 days 01:56:58.772000,0 days 01:57:16.494000,301.0,246.0,303.0,292.0,False,SOFT,20.0,True,McLaren,0 days 01:56:00.251000,,1,2.0,False,,False,True,20.6,59.0,927.7,False,48.3,189,2.2,True,False,False,False,False,False,+3.252,+3.252,3.252,3.252,7036.447,76.196,,,19.545,38.929,17.722,6979.843,7018.772,7036.494,6960.251
2023,São Paulo Grand Prix,20,Brazil,São Paulo,0 days 01:58:32.790000,NOR,4,0 days 00:01:16.343000,23.0,3.0,,Lando Norris,,0 days 00:00:19.591000,0 days 00:00:39.102000,0 days 00:00:17.650000,0 days 01:57:36.085000,0 days 01:58:15.187000,0 days 01:58:32.837000,302.0,244.0,301.0,289.0,False,SOFT,21.0,True,McLaren,0 days 01:57:16.447000,,1,2.0,False,,False,True,20.4,59.0,927.7,False,48.3,175,1.5,True,False,False,False,False,False,+3.558,+3.558,3.558,3.558,7112.79,76.343,,,19.591,39.102,17.65,7056.085,7095.187,7112.837,7036.447
2023,São Paulo Grand Prix,20,Brazil,São Paulo,0 days 01:59:49.302000,NOR,4,0 days 00:01:16.512000,24.0,3.0,,Lando Norris,,0 days 00:00:19.564000,0 days 00:00:39.262000,0 days 00:00:17.686000,0 days 01:58:52.401000,0 days 01:59:31.663000,0 days 01:59:49.349000,299.0,246.0,303.0,293.0,False,SOFT,22.0,True,McLaren,0 days 01:58:32.790000,,1,2.0,False,,False,True,20.5,59.0,927.7,False,48.5,195,1.5,True,False,False,False,False,False,+3.675,+3.675,3.675,3.675,7189.302,76.512,,,19.564,39.262,17.686,7132.401,7171.663,7189.349,7112.79
2023,São Paulo Grand Prix,20,Brazil,São Paulo,0 days 02:01:05.617000,NOR,4,0 days 00:01:16.315000,25.0,3.0,,Lando Norris,,0 days 00:00:19.653000,0 days 00:00:39.128000,0 days 00:00:17.534000,0 days 02:00:09.002000,0 days 02:00:48.130000,0 days 02:01:05.664000,302.0,253.0,303.0,292.0,False,SOFT,23.0,True,McLaren,0 days 01:59:49.302000,,1,2.0,False,,False,True,20.5,58.0,927.7,False,48.1,155,1.2,True,False,False,False,False,False,+3.724,+3.724,3.724,3.724,7265.617,76.315,,,19.653,39.128,17.534,7209.002,7248.13,7265.664,7189.302
2023,São Paulo Grand Prix,20,Brazil,São Paulo,0 days 02:02:21.881000,NOR,4,0 days 00:01:16.264000,26.0,3.0,,Lando Norris,,0 days 00:00:19.647000,0 days 00:00:39.080000,0 days 00:00:17.537000,0 days 02:01:25.311000,0 days 02:02:04.391000,0 days 02:02:21.928000,302.0,250.0,303.0,288.0,False,SOFT,24.0,True,McLaren,0 days 02:01:05.617000,,1,2.0,False,,False,True,20.5,58.0,927.7,False,47.8,200,0.6,True,False,False,False,False,False,+3.548,+3.548,3.548,3.548,7341.881,76.264,,,19.647,39.08,17.537,7285.311,7324.391,7341.928,7265.617
2023,São Paulo Grand Prix,20,Brazil,São Paulo,0 days 02:03:42.699000,NOR,4,0 days 00:01:20.818000,27.0,3.0,,Lando Norris,0 days 02:03:39.762000,0 days 00:00:19.618000,0 days 00:00:39.099000,0 days 00:00:22.101000,0 days 02:02:41.546000,0 days 02:03:20.645000,0 days 02:03:42.746000,304.0,250.0,,290.0,False,SOFT,25.0,True,McLaren,0 days 02:02:21.881000,,1,2.0,False,,False,False,20.5,57.0,927.9,False,48.4,190,0.6,True,False,False,False,False,False,+3.427,+3.427,3.427,3.427,7422.699,80.818,7419.762,,19.618,39.099,22.101,7361.546,7400.645,7422.746,7341.881
2023,São Paulo Grand Prix,20,Brazil,São Paulo,0 days 02:05:16.651000,NOR,4,0 days 00:01:33.952000,28.0,4.0,0 days 02:04:03.637000,Lando Norris,,0 days 00:00:37.328000,0 days 00:00:39.226000,0 days 00:00:17.398000,0 days 02:04:20.074000,0 days 02:04:59.300000,0 days 02:05:16.698000,296.0,239.0,300.0,290.0,False,MEDIUM,1.0,True,McLaren,0 days 02:03:42.699000,,1,2.0,False,,False,False,20.6,57.0,927.7,False,48.7,196,1.1,True,False,False,False,False,False,+5.239,+5.239,5.239,5.239,7516.651,93.952,,7443.637,37.328,39.226,17.398,7460.074,7499.3,7516.698,7422.699
2023,São Paulo Grand Prix,20,Brazil,São Paulo,0 days 02:06:32.342000,NOR,4,0 days 00:01:15.691000,29.0,4.0,,Lando Norris,,0 days 00:00:19.480000,0 days 00:00:38.968000,0 days 00:00:17.243000,0 days 02:05:36.178000,0 days 02:06:15.146000,0 days 02:06:32.389000,303.0,244.0,300.0,285.0,False,MEDIUM,2.0,True,McLaren,0 days 02:05:16.651000,,1,2.0,False,,False,True,20.5,57.0,927.7,False,48.8,154,1.2,True,False,False,False,False,False,+5.229,+5.229,5.229,5.229,7592.342,75.691,,,19.48,38.968,17.243,7536.178,7575.146,7592.389,7516.651
2023,São Paulo Grand Prix,20,Brazil,São Paulo,0 days 02:07:48.542000,NOR,4,0 days 00:01:16.200000,30.0,4.0,,Lando Norris,,0 days 00:00:19.426000,0 days 00:00:39.167000,0 days 00:00:17.607000,0 days 02:06:51.815000,0 days 02:07:30.982000,0 days 02:07:48.589000,302.0,238.0,300.0,283.0,False,MEDIUM,3.0,True,McLaren,0 days 02:06:32.342000,,1,2.0,False,,False,True,20.4,57.0,927.7,False,48.4,174,1.1,True,False,False,False,False,False,+5.629,+5.629,5.629,5.629,7668.542,76.2,,,19.426,39.167,17.607,7611.815,7650.982,7668.589,7592.342
2023,São Paulo Grand Prix,20,Brazil,São Paulo,0 days 02:09:04.095000,NOR,4,0 days 00:01:15.553000,31.0,4.0,,Lando Norris,,0 days 00:00:19.328000,0 days 00:00:38.699000,0 days 00:00:17.526000,0 days 02:08:07.917000,0 days 02:08:46.616000,0 days 02:09:04.142000,304.0,241.0,299.0,284.0,False,MEDIUM,4.0,True,McLaren,0 days 02:07:48.542000,,1,2.0,False,,False,True,20.4,57.0,927.7,False,48.0,219,1.3,True,False,False,False,False,False,+5.390,+5.390,5.39,5.39,7744.095,75.553,,,19.328,38.699,17.526,7687.917,7726.616,7744.142,7668.542
2023,São Paulo Grand Prix,20,Brazil,São Paulo,0 days 02:10:19.428000,NOR,4,0 days 00:01:15.333000,32.0,4.0,,Lando Norris,,0 days 00:00:19.374000,0 days 00:00:38.568000,0 days 00:00:17.391000,0 days 02:09:23.516000,0 days 02:10:02.084000,0 days 02:10:19.475000,301.0,241.0,301.0,282.0,False,MEDIUM,5.0,True,McLaren,0 days 02:09:04.095000,,1,2.0,False,,False,True,20.5,58.0,927.7,False,47.8,185,1.7,True,False,False,False,False,False,+5.282,+5.282,5.282,5.282,7819.428,75.333,,,19.374,38.568,17.391,7763.516,7802.084,7819.475,7744.095
2023,São Paulo Grand Prix,20,Brazil,São Paulo,0 days 02:11:34.694000,NOR,4,0 days 00:01:15.266000,33.0,4.0,,Lando Norris,,0 days 00:00:19.329000,0 days 00:00:38.423000,0 days 00:00:17.514000,0 days 02:10:38.804000,0 days 02:11:17.227000,0 days 02:11:34.741000,301.0,243.0,301.0,287.0,False,MEDIUM,6.0,True,McLaren,0 days 02:10:19.428000,,1,2.0,False,,False,True,20.4,58.0,927.9,False,47.4,170,1.7,True,False,False,False,False,False,+5.383,+5.383,5.383,5.383,7894.694,75.266,,,19.329,38.423,17.514,7838.804,7877.227,7894.741,7819.428
2023,São Paulo Grand Prix,20,Brazil,São Paulo,0 days 02:12:49.747000,NOR,4,0 days 00:01:15.053000,34.0,4.0,,Lando Norris,,0 days 00:00:19.316000,0 days 00:00:38.339000,0 days 00:00:17.398000,0 days 02:11:54.057000,0 days 02:12:32.396000,0 days 02:12:49.794000,300.0,246.0,303.0,288.0,False,MEDIUM,7.0,True,McLaren,0 days 02:11:34.694000,,1,2.0,False,,False,True,20.3,59.0,927.9,False,47.3,181,1.7,True,False,False,False,False,False,+5.318,+5.318,5.318,5.318,7969.747,75.053,,,19.316,38.339,17.398,7914.057,7952.396,7969.794,7894.694
2023,São Paulo Grand Prix,20,Brazil,São Paulo,0 days 02:14:04.732000,NOR,4,0 days 00:01:14.985000,35.0,4.0,,Lando Norris,,0 days 00:00:19.218000,0 days 00:00:38.456000,0 days 00:00:17.311000,0 days 02:13:09.012000,0 days 02:13:47.468000,0 days 02:14:04.779000,299.0,250.0,303.0,291.0,False,MEDIUM,8.0,True,McLaren,0 days 02:12:49.747000,,1,2.0,False,,False,True,20.3,60.0,927.7,False,47.3,311,1.6,True,False,False,False,False,False,+5.142,+5.142,5.142,5.142,8044.732,74.985,,,19.218,38.456,17.311,7989.012,8027.468,8044.779,7969.747
2023,São Paulo Grand Prix,20,Brazil,São Paulo,0 days 02:15:19.577000,NOR,4,0 days 00:01:14.845000,36.0,4.0,,Lando Norris,,0 days 00:00:19.234000,0 days 00:00:38.246000,0 days 00:00:17.365000,0 days 02:14:24.013000,0 days 02:15:02.259000,0 days 02:15:19.624000,301.0,248.0,304.0,286.0,True,MEDIUM,9.0,True,McLaren,0 days 02:14:04.732000,,1,2.0,False,,False,True,20.2,59.0,927.7,False,47.2,177,1.3,True,False,False,False,False,False,+4.870,+4.870,4.87,4.87,8119.577,74.845,,,19.234,38.246,17.365,8064.013,8102.259,8119.624,8044.732
2023,São Paulo Grand Prix,20,Brazil,São Paulo,0 days 02:16:34.504000,NOR,4,0 days 00:01:14.927000,37.0,4.0,,Lando Norris,,0 days 00:00:19.299000,0 days 00:00:38.327000,0 days 00:00:17.301000,0 days 02:15:38.923000,0 days 02:16:17.250000,0 days 02:16:34.551000,303.0,251.0,303.0,291.0,False,MEDIUM,10.0,True,McLaren,0 days 02:15:19.577000,,1,2.0,False,,False,True,20.3,58.0,927.7,False,47.3,182,2.0,True,False,False,False,False,False,+5.113,+5.113,5.113,5.113,8194.504,74.927,,,19.299,38.327,17.301,8138.923,8177.25,8194.551,8119.577
2023,São Paulo Grand Prix,20,Brazil,São Paulo,0 days 02:17:49.444000,NOR,4,0 days 00:01:14.940000,38.0,4.0,,Lando Norris,,0 days 00:00:19.254000,0 days 00:00:38.363000,0 days 00:00:17.323000,0 days 02:16:53.805000,0 days 02:17:32.168000,0 days 02:17:49.491000,303.0,250.0,303.0,293.0,False,MEDIUM,11.0,True,McLaren,0 days 02:16:34.504000,,1,2.0,False,,False,True,20.4,58.0,927.7,False,47.4,159,1.6,True,False,False,False,False,False,+5.099,+5.099,5.099,5.099,8269.444,74.94,,,19.254,38.363,17.323,8213.805,8252.168,8269.491,8194.504
2023,São Paulo Grand Prix,20,Brazil,São Paulo,0 days 02:19:04.515000,NOR,4,0 days 00:01:15.071000,39.0,4.0,,Lando Norris,,0 days 00:00:19.253000,0 days 00:00:38.494000,0 days 00:00:17.324000,0 days 02:18:08.744000,0 days 02:18:47.238000,0 days 02:19:04.562000,302.0,252.0,303.0,292.0,False,MEDIUM,12.0,True,McLaren,0 days 02:17:49.444000,,1,2.0,False,,False,True,20.5,59.0,927.7,False,47.5,191,1.7,True,False,False,False,False,False,+5.192,+5.192,5.192,5.192,8344.515,75.071,,,19.253,38.494,17.324,8288.744,8327.238,8344.562,8269.444
2023,São Paulo Grand Prix,20,Brazil,São Paulo,0 days 02:20:19.788000,NOR,4,0 days 00:01:15.273000,40.0,4.0,,Lando Norris,,0 days 00:00:19.325000,0 days 00:00:38.562000,0 days 00:00:17.386000,0 days 02:19:23.887000,0 days 02:20:02.449000,0 days 02:20:19.835000,301.0,251.0,303.0,290.0,False,MEDIUM,13.0,True,McLaren,0 days 02:19:04.515000,,1,2.0,False,,False,True,20.4,58.0,927.7,False,47.2,161,1.0,True,False,False,False,False,False,+5.246,+5.246,5.246,5.246,8419.788,75.273,,,19.325,38.562,17.386,8363.887,8402.449,8419.835,8344.515
2023,São Paulo Grand Prix,20,Brazil,São Paulo,0 days 02:21:35.215000,NOR,4,0 days 00:01:15.427000,41.0,4.0,,Lando Norris,,0 days 00:00:19.417000,0 days 00:00:38.517000,0 days 00:00:17.493000,0 days 02:20:39.252000,0 days 02:21:17.769000,0 days 02:21:35.262000,302.0,249.0,303.0,291.0,False,MEDIUM,14.0,True,McLaren,0 days 02:20:19.788000,,1,2.0,False,,False,True,20.4,59.0,927.9,False,47.0,152,1.2,True,False,False,False,False,False,+5.322,+5.322,5.322,5.322,8495.215,75.427,,,19.417,38.517,17.493,8439.252,8477.769,8495.262,8419.788
2023,São Paulo Grand Prix,20,Brazil,São Paulo,0 days 02:22:50.717000,NOR,4,0 days 00:01:15.502000,42.0,4.0,,Lando Norris,,0 days 00:00:19.378000,0 days 00:00:38.545000,0 days 00:00:17.579000,0 days 02:21:54.640000,0 days 02:22:33.185000,0 days 02:22:50.764000,302.0,247.0,303.0,296.0,False,MEDIUM,15.0,True,McLaren,0 days 02:21:35.215000,,1,2.0,False,,False,True,20.5,59.0,927.7,False,46.6,170,1.0,True,False,False,False,False,False,+5.615,+5.615,5.615,5.615,8570.717,75.502,,,19.378,38.545,17.579,8514.64,8553.185,8570.764,8495.215
2023,São Paulo Grand Prix,20,Brazil,São Paulo,0 days 02:24:05.916000,NOR,4,0 days 00:01:15.199000,43.0,4.0,,Lando Norris,,0 days 00:00:19.295000,0 days 00:00:38.429000,0 days 00:00:17.475000,0 days 02:23:10.059000,0 days 02:23:48.488000,0 days 02:24:05.963000,303.0,249.0,302.0,293.0,False,MEDIUM,16.0,True,McLaren,0 days 02:22:50.717000,,1,2.0,False,,False,True,20.5,58.0,927.7,False,47.1,161,2.0,True,False,False,False,False,False,+5.767,+5.767,5.767,5.767,8645.916,75.199,,,19.295,38.429,17.475,8590.059,8628.488,8645.963,8570.717
2023,São Paulo Grand Prix,20,Brazil,São Paulo,0 days 02:25:21.536000,NOR,4,0 days 00:01:15.620000,44.0,4.0,,Lando Norris,,0 days 00:00:19.380000,0 days 00:00:38.611000,0 days 00:00:17.629000,0 days 02:24:25.343000,0 days 02:25:03.954000,0 days 02:25:21.583000,302.0,248.0,302.0,292.0,False,MEDIUM,17.0,True,McLaren,0 days 02:24:05.916000,,1,2.0,False,,False,True,20.4,59.0,927.7,False,47.1,182,2.5,True,False,False,False,False,False,+6.058,+6.058,6.058,6.058,8721.536,75.62,,,19.38,38.611,17.629,8665.343,8703.954,8721.583,8645.916
2023,São Paulo Grand Prix,20,Brazil,São Paulo,0 days 02:26:37.187000,NOR,4,0 days 00:01:15.651000,45.0,4.0,,Lando Norris,,0 days 00:00:19.398000,0 days 00:00:38.691000,0 days 00:00:17.562000,0 days 02:25:40.981000,0 days 02:26:19.672000,0 days 02:26:37.234000,304.0,248.0,303.0,293.0,False,MEDIUM,18.0,True,McLaren,0 days 02:25:21.536000,,1,2.0,False,,False,True,20.3,59.0,927.9,False,47.1,160,1.6,True,False,False,False,False,False,+6.245,+6.245,6.245,6.245,8797.187,75.651,,,19.398,38.691,17.562,8740.981,8779.672,8797.234,8721.536
2023,São Paulo Grand Prix,20,Brazil,São Paulo,0 days 02:27:52.772000,NOR,4,0 days 00:01:15.585000,46.0,4.0,,Lando Norris,,0 days 00:00:19.275000,0 days 00:00:38.592000,0 days 00:00:17.718000,0 days 02:26:56.509000,0 days 02:27:35.101000,0 days 02:27:52.819000,303.0,253.0,303.0,301.0,False,MEDIUM,19.0,True,McLaren,0 days 02:26:37.187000,,1,2.0,False,,False,True,20.3,59.0,927.9,False,47.1,164,1.5,True,False,False,False,False,False,+6.492,+6.492,6.492,6.492,8872.772,75.585,,,19.275,38.592,17.718,8816.509,8855.101,8872.819,8797.187
2023,São Paulo Grand Prix,20,Brazil,São Paulo,0 days 02:29:08.344000,NOR,4,0 days 00:01:15.572000,47.0,4.0,,Lando Norris,,0 days 00:00:19.299000,0 days 00:00:38.776000,0 days 00:00:17.497000,0 days 02:28:12.118000,0 days 02:28:50.894000,0 days 02:29:08.391000,303.0,248.0,303.0,293.0,False,MEDIUM,20.0,True,McLaren,0 days 02:27:52.772000,,1,2.0,False,,False,True,20.3,59.0,927.9,False,46.8,233,1.2,True,False,False,False,False,False,+6.707,+6.707,6.707,6.707,8948.344,75.572,,,19.299,38.776,17.497,8892.118,8930.894,8948.391,8872.772
2023,São Paulo Grand Prix,20,Brazil,São Paulo,0 days 02:30:23.840000,NOR,4,0 days 00:01:15.496000,48.0,4.0,,Lando Norris,,0 days 00:00:19.364000,0 days 00:00:38.730000,0 days 00:00:17.402000,0 days 02:29:27.755000,0 days 02:30:06.485000,0 days 02:30:23.887000,303.0,253.0,302.0,290.0,False,MEDIUM,21.0,True,McLaren,0 days 02:29:08.344000,,1,2.0,False,,False,True,20.3,59.0,927.7,False,46.7,213,1.6,True,False,False,False,False,False,+6.684,+6.684,6.684,6.684,9023.84,75.496,,,19.364,38.73,17.402,8967.755,9006.485,9023.887,8948.344
2023,São Paulo Grand Prix,20,Brazil,São Paulo,0 days 02:31:39.495000,NOR,4,0 days 00:01:15.655000,49.0,4.0,,Lando Norris,,0 days 00:00:19.379000,0 days 00:00:38.819000,0 days 00:00:17.457000,0 days 02:30:43.266000,0 days 02:31:22.085000,0 days 02:31:39.542000,304.0,248.0,303.0,287.0,False,MEDIUM,22.0,True,McLaren,0 days 02:30:23.840000,,1,2.0,False,,False,True,20.3,58.0,927.7,False,46.2,197,1.3,True,False,False,False,False,False,+6.892,+6.892,6.892,6.892,9099.495,75.655,,,19.379,38.819,17.457,9043.266,9082.085,9099.542,9023.84
2023,São Paulo Grand Prix,20,Brazil,São Paulo,0 days 02:32:55.191000,NOR,4,0 days 00:01:15.696000,50.0,4.0,,Lando Norris,,0 days 00:00:19.383000,0 days 00:00:38.820000,0 days 00:00:17.493000,0 days 02:31:58.925000,0 days 02:32:37.745000,0 days 02:32:55.238000,306.0,252.0,302.0,289.0,False,MEDIUM,23.0,True,McLaren,0 days 02:31:39.495000,,1,2.0,False,,False,True,20.2,58.0,927.7,False,45.4,150,1.5,True,False,False,False,False,False,+7.152,+7.152,7.152,7.152,9175.191,75.696,,,19.383,38.82,17.493,9118.925,9157.745,9175.238,9099.495
2023,São Paulo Grand Prix,20,Brazil,São Paulo,0 days 02:34:11.010000,NOR,4,0 days 00:01:15.819000,51.0,4.0,,Lando Norris,,0 days 00:00:19.438000,0 days 00:00:38.949000,0 days 00:00:17.432000,0 days 02:33:14.676000,0 days 02:33:53.625000,0 days 02:34:11.057000,305.0,249.0,302.0,293.0,False,MEDIUM,24.0,True,McLaren,0 days 02:32:55.191000,,1,2.0,False,,False,True,20.2,58.0,927.9,False,44.9,157,2.2,True,False,False,False,False,False,+7.511,+7.511,7.511,7.511,9251.01,75.819,,,19.438,38.949,17.432,9194.676,9233.625,9251.057,9175.191
2023,São Paulo Grand Prix,20,Brazil,São Paulo,0 days 02:35:26.424000,NOR,4,0 days 00:01:15.414000,52.0,4.0,,Lando Norris,,0 days 00:00:19.307000,0 days 00:00:38.660000,0 days 00:00:17.447000,0 days 02:34:30.364000,0 days 02:35:09.024000,0 days 02:35:26.471000,302.0,250.0,303.0,288.0,False,MEDIUM,25.0,True,McLaren,0 days 02:34:11.010000,,1,2.0,False,,False,True,20.3,58.0,927.7,False,42.5,164,0.6,True,False,False,False,False,False,+7.533,+7.533,7.533,7.533,9326.424,75.414,,,19.307,38.66,17.447,9270.364,9309.024,9326.471,9251.01
2023,São Paulo Grand Prix,20,Brazil,São Paulo,0 days 02:36:41.747000,NOR,4,0 days 00:01:15.323000,53.0,4.0,,Lando Norris,,0 days 00:00:19.310000,0 days 00:00:38.648000,0 days 00:00:17.365000,0 days 02:35:45.781000,0 days 02:36:24.429000,0 days 02:36:41.794000,304.0,254.0,303.0,286.0,False,MEDIUM,26.0,True,McLaren,0 days 02:35:26.424000,,1,2.0,False,,False,True,20.3,59.0,927.7,False,41.8,0,1.1,True,False,False,False,False,False,+7.553,+7.553,7.553,7.553,9401.747,75.323,,,19.31,38.648,17.365,9345.781,9384.429,9401.794,9326.424
2023,São Paulo Grand Prix,20,Brazil,São Paulo,0 days 02:37:57.260000,NOR,4,0 days 00:01:15.513000,54.0,4.0,,Lando Norris,,0 days 00:00:19.357000,0 days 00:00:38.685000,0 days 00:00:17.471000,0 days 02:37:01.151000,0 days 02:37:39.836000,0 days 02:37:57.307000,300.0,257.0,303.0,289.0,False,MEDIUM,27.0,True,McLaren,0 days 02:36:41.747000,,1,2.0,False,,False,True,20.3,58.0,927.7,False,41.1,183,0.6,True,False,False,False,False,False,+7.674,+7.674,7.674,7.674,9477.26,75.513,,,19.357,38.685,17.471,9421.151,9459.836,9477.307,9401.747
2023,São Paulo Grand Prix,20,Brazil,São Paulo,0 days 02:39:12.903000,NOR,4,0 days 00:01:15.643000,55.0,4.0,,Lando Norris,,0 days 00:00:19.331000,0 days 00:00:38.857000,0 days 00:00:17.455000,0 days 02:38:16.638000,0 days 02:38:55.495000,0 days 02:39:12.950000,302.0,252.0,304.0,292.0,False,MEDIUM,28.0,True,McLaren,0 days 02:37:57.260000,,1,2.0,False,,False,True,20.3,59.0,927.9,False,40.5,160,1.1,True,False,False,False,False,False,+7.800,+7.800,7.8,7.8,9552.903,75.643,,,19.331,38.857,17.455,9496.638,9535.495,9552.95,9477.26
2023,São Paulo Grand Prix,20,Brazil,São Paulo,0 days 02:40:28.612000,NOR,4,0 days 00:01:15.709000,56.0,4.0,,Lando Norris,,0 days 00:00:19.420000,0 days 00:00:38.887000,0 days 00:00:17.402000,0 days 02:39:32.370000,0 days 02:40:11.257000,0 days 02:40:28.659000,304.0,253.0,303.0,295.0,False,MEDIUM,29.0,True,McLaren,0 days 02:39:12.903000,,1,2.0,False,,False,True,20.0,59.0,927.7,False,40.0,174,0.6,True,False,False,False,False,False,+7.957,+7.957,7.957,7.957,9628.612,75.709,,,19.42,38.887,17.402,9572.37,9611.257,9628.659,9552.903
2023,São Paulo Grand Prix,20,Brazil,São Paulo,0 days 02:41:44.241000,NOR,4,0 days 00:01:15.629000,57.0,4.0,,Lando Norris,,0 days 00:00:19.312000,0 days 00:00:38.796000,0 days 00:00:17.521000,0 days 02:40:47.971000,0 days 02:41:26.767000,0 days 02:41:44.288000,303.0,254.0,305.0,292.0,False,MEDIUM,30.0,True,McLaren,0 days 02:40:28.612000,,1,1.0,False,,False,True,20.0,58.0,927.9,False,39.6,179,1.1,True,False,False,False,False,False,LAP 57,LAP 57,,,9704.241,75.629,,,19.312,38.796,17.521,9647.971,9686.767,9704.288,9628.612
2023,São Paulo Grand Prix,20,Brazil,São Paulo,0 days 02:43:00.054000,NOR,4,0 days 00:01:15.813000,58.0,4.0,,Lando Norris,,0 days 00:00:19.405000,0 days 00:00:38.879000,0 days 00:00:17.529000,0 days 02:42:03.693000,0 days 02:42:42.572000,0 days 02:43:00.101000,306.0,253.0,304.0,299.0,False,MEDIUM,31.0,True,McLaren,0 days 02:41:44.241000,,1,1.0,False,,False,True,20.0,59.0,927.7,False,39.6,197,1.0,True,False,False,False,False,False,LAP 58,LAP 58,,,9780.054,75.813,,,19.405,38.879,17.529,9723.693,9762.572,9780.101,9704.241
2023,São Paulo Grand Prix,20,Brazil,São Paulo,0 days 02:44:19.850000,NOR,4,0 days 00:01:19.796000,59.0,4.0,,Lando Norris,0 days 02:44:16.937000,0 days 00:00:19.460000,0 days 00:00:38.832000,0 days 00:00:21.504000,0 days 02:43:19.561000,0 days 02:43:58.393000,0 days 02:44:19.897000,306.0,252.0,,297.0,False,MEDIUM,32.0,True,McLaren,0 days 02:43:00.054000,,1,1.0,False,,False,False,19.9,58.0,927.7,False,38.7,200,0.8,True,False,False,False,False,False,LAP 60,LAP 60,,,9859.85,79.796,9856.937,,19.46,38.832,21.504,9799.561,9838.393,9859.897,9780.054
2023,São Paulo Grand Prix,20,Brazil,São Paulo,0 days 02:45:51.559000,NOR,4,0 days 00:01:31.709000,60.0,5.0,0 days 02:44:40.578000,Lando Norris,,0 days 00:00:36.824000,0 days 00:00:37.917000,0 days 00:00:16.968000,0 days 02:44:56.721000,0 days 02:45:34.638000,0 days 02:45:51.606000,297.0,257.0,301.0,297.0,False,SOFT,4.0,False,McLaren,0 days 02:44:19.850000,,1,2.0,False,,False,False,19.9,59.0,927.7,False,38.4,63,1.5,True,False,False,False,False,False,+13.431,+13.431,13.431,13.431,9951.559,91.709,,9880.578,36.824,37.917,16.968,9896.721,9934.638,9951.606,9859.85
2023,São Paulo Grand Prix,20,Brazil,São Paulo,0 days 02:47:04.045000,NOR,4,0 days 00:01:12.486000,61.0,5.0,,Lando Norris,,0 days 00:00:18.840000,0 days 00:00:36.731000,0 days 00:00:16.915000,0 days 02:46:10.446000,0 days 02:46:47.177000,0 days 02:47:04.092000,304.0,261.0,303.0,301.0,True,SOFT,5.0,False,McLaren,0 days 02:45:51.559000,,1,2.0,False,,False,True,19.8,58.0,927.9,False,38.0,177,1.2,True,False,False,False,False,False,+11.339,+11.339,11.339,11.339,10024.045,72.486,,,18.84,36.731,16.915,9970.446,10007.177,10024.092,9951.559
2023,São Paulo Grand Prix,20,Brazil,São Paulo,0 days 02:48:17.855000,NOR,4,0 days 00:01:13.810000,62.0,5.0,,Lando Norris,,0 days 00:00:19.133000,0 days 00:00:37.661000,0 days 00:00:17.016000,0 days 02:47:23.225000,0 days 02:48:00.886000,0 days 02:48:17.902000,294.0,251.0,302.0,295.0,False,SOFT,6.0,False,McLaren,0 days 02:47:04.045000,,1,2.0,False,,False,True,19.8,59.0,927.9,False,37.8,182,2.0,True,False,False,False,False,False,+10.645,+10.645,10.645,10.645,10097.855,73.81,,,19.133,37.661,17.016,10043.225,10080.886,10097.902,10024.045
2023,São Paulo Grand Prix,20,Brazil,São Paulo,0 days 02:49:31.222000,NOR,4,0 days 00:01:13.367000,63.0,5.0,,Lando Norris,,0 days 00:00:18.863000,0 days 00:00:37.455000,0 days 00:00:17.049000,0 days 02:48:36.765000,0 days 02:49:14.220000,0 days 02:49:31.269000,298.0,253.0,304.0,292.0,False,SOFT,7.0,False,McLaren,0 days 02:48:17.855000,,1,2.0,False,,False,True,19.9,60.0,927.7,False,37.6,177,1.3,True,False,False,False,False,False,+9.663,+9.663,9.663,9.663,10171.222,73.367,,,18.863,37.455,17.049,10116.765,10154.22,10171.269,10097.855
2023,São Paulo Grand Prix,20,Brazil,São Paulo,0 days 02:50:44.890000,NOR,4,0 days 00:01:13.668000,64.0,5.0,,Lando Norris,,0 days 00:00:18.900000,0 days 00:00:37.618000,0 days 00:00:17.150000,0 days 02:49:50.169000,0 days 02:50:27.787000,0 days 02:50:44.937000,300.0,253.0,305.0,298.0,False,SOFT,8.0,False,McLaren,0 days 02:49:31.222000,,1,2.0,False,,False,True,19.8,59.0,927.7,False,37.6,132,0.6,True,False,False,False,False,False,+9.239,+9.239,9.239,9.239,10244.89,73.668,,,18.9,37.618,17.15,10190.169,10227.787,10244.937,10171.222
2023,São Paulo Grand Prix,20,Brazil,São Paulo,0 days 02:51:58.566000,NOR,4,0 days 00:01:13.676000,65.0,5.0,,Lando Norris,,0 days 00:00:19.003000,0 days 00:00:37.558000,0 days 00:00:17.115000,0 days 02:51:03.940000,0 days 02:51:41.498000,0 days 02:51:58.613000,303.0,253.0,302.0,297.0,False,SOFT,9.0,False,McLaren,0 days 02:50:44.890000,,1,2.0,False,,False,True,19.9,59.0,927.7,False,37.8,154,1.6,True,False,False,False,False,False,+8.888,+8.888,8.888,8.888,10318.566,73.676,,,19.003,37.558,17.115,10263.94,10301.498,10318.613,10244.89
2023,São Paulo Grand Prix,20,Brazil,São Paulo,0 days 02:53:11.939000,NOR,4,0 days 00:01:13.373000,66.0,5.0,,Lando Norris,,0 days 00:00:18.912000,0 days 00:00:37.381000,0 days 00:00:17.080000,0 days 02:52:17.525000,0 days 02:52:54.906000,0 days 02:53:11.986000,303.0,256.0,305.0,292.0,False,SOFT,10.0,False,McLaren,0 days 02:51:58.566000,,1,2.0,False,,False,True,19.8,60.0,927.7,False,37.1,159,1.3,True,False,False,False,False,False,+8.361,+8.361,8.361,8.361,10391.939,73.373,,,18.912,37.381,17.08,10337.525,10374.906,10391.986,10318.566
2023,São Paulo Grand Prix,20,Brazil,São Paulo,0 days 02:54:25.262000,NOR,4,0 days 00:01:13.323000,67.0,5.0,,Lando Norris,,0 days 00:00:18.993000,0 days 00:00:37.287000,0 days 00:00:17.043000,0 days 02:53:30.979000,0 days 02:54:08.266000,0 days 02:54:25.309000,303.0,255.0,304.0,291.0,False,SOFT,11.0,False,McLaren,0 days 02:53:11.939000,,1,2.0,False,,False,True,19.7,59.0,927.7,False,37.1,175,1.7,True,False,False,False,False,False,+8.304,+8.304,8.304,8.304,10465.262,73.323,,,18.993,37.287,17.043,10410.979,10448.266,10465.309,10391.939
2023,São Paulo Grand Prix,20,Brazil,São Paulo,0 days 02:55:38.848000,NOR,4,0 days 00:01:13.586000,68.0,5.0,,Lando Norris,,0 days 00:00:18.946000,0 days 00:00:37.528000,0 days 00:00:17.112000,0 days 02:54:44.255000,0 days 02:55:21.783000,0 days 02:55:38.895000,302.0,256.0,303.0,298.0,False,SOFT,12.0,False,McLaren,0 days 02:54:25.262000,,1,2.0,False,,False,True,19.7,60.0,927.9,False,37.0,212,1.6,True,False,False,False,False,False,+8.460,+8.460,8.46,8.46,10538.848,73.586,,,18.946,37.528,17.112,10484.255,10521.783,10538.895,10465.262
2023,São Paulo Grand Prix,20,Brazil,São Paulo,0 days 02:56:52.535000,NOR,4,0 days 00:01:13.687000,69.0,5.0,,Lando Norris,,0 days 00:00:18.922000,0 days 00:00:37.689000,0 days 00:00:17.076000,0 days 02:55:57.817000,0 days 02:56:35.506000,0 days 02:56:52.582000,304.0,257.0,304.0,301.0,False,SOFT,13.0,False,McLaren,0 days 02:55:38.848000,,1,2.0,False,,False,True,19.7,60.0,927.7,False,36.8,179,2.2,True,False,False,False,False,False,+8.098,+8.098,8.098,8.098,10612.535,73.687,,,18.922,37.689,17.076,10557.817,10595.506,10612.582,10538.848
2023,São Paulo Grand Prix,20,Brazil,São Paulo,0 days 02:58:05.997000,NOR,4,0 days 00:01:13.462000,70.0,5.0,,Lando Norris,,0 days 00:00:18.979000,0 days 00:00:37.565000,0 days 00:00:16.918000,0 days 02:57:11.561000,0 days 02:57:49.126000,0 days 02:58:06.044000,308.0,256.0,321.0,295.0,False,SOFT,14.0,False,McLaren,0 days 02:56:52.535000,,1,2.0,False,,False,True,19.6,61.0,927.9,False,36.6,152,1.5,True,False,False,False,False,False,+8.111,+8.111,8.111,8.111,10685.997,73.462,,,18.979,37.565,16.918,10631.561,10669.126,10686.044,10612.535
2023,São Paulo Grand Prix,20,Brazil,São Paulo,0 days 02:59:20.242000,NOR,4,0 days 00:01:14.245000,71.0,5.0,,Lando Norris,,0 days 00:00:18.970000,0 days 00:00:37.831000,0 days 00:00:17.444000,0 days 02:58:25.014000,0 days 02:59:02.845000,0 days 02:59:20.289000,295.0,246.0,283.0,314.0,False,SOFT,15.0,False,McLaren,0 days 02:58:05.997000,,1,2.0,False,,False,True,19.8,60.0,927.7,False,36.5,159,0.8,True,False,False,False,False,False,+8.100,+8.100,8.1,8.1,10760.242,74.245,,,18.97,37.831,17.444,10705.014,10742.845,10760.289,10685.997
2023,São Paulo Grand Prix,20,Brazil,São Paulo,0 days 01:04:28,HAM,44,0 days 00:02:04.866000,1.0,1.0,,Lewis Hamilton,0 days 01:04:24.882000,,0 days 00:01:03.429000,0 days 00:00:36.902000,,0 days 01:03:51.163000,0 days 01:04:28.055000,298.0,189.0,,216.0,False,SOFT,4.0,False,Mercedes,0 days 01:02:22.839000,,124,3.0,False,,False,False,20.6,58.0,928.0,False,47.8,181,1.1,True,True,True,False,False,False,+3.293,+2.397,3.293,2.397,3868.0,124.866,3864.882,,,63.429,36.902,,3831.163,3868.055,3742.839
2023,São Paulo Grand Prix,20,Brazil,São Paulo,0 days 01:06:49.894000,HAM,44,0 days 00:02:21.894000,2.0,2.0,0 days 01:04:43.475000,Lewis Hamilton,0 days 01:06:46.864000,0 days 00:00:43.347000,0 days 00:01:01.865000,0 days 00:00:36.682000,0 days 01:05:11.380000,0 days 01:06:13.245000,0 days 01:06:49.927000,156.0,156.0,,,False,SOFT,5.0,False,Mercedes,0 days 01:04:28,,45,3.0,False,,False,False,20.6,60.0,928.0,False,47.1,178,1.2,False,False,True,True,False,False,+3.451,+1.981,3.451,1.981,4009.894,141.894,4006.864,3883.475,43.347,61.865,36.682,3911.38,3973.245,4009.927,3868.0
2023,São Paulo Grand Prix,20,Brazil,São Paulo,0 days 01:32:20.698000,HAM,44,,3.0,3.0,0 days 01:30:13.270000,Lewis Hamilton,,,0 days 00:00:46.514000,0 days 00:00:53.974000,,0 days 01:31:26.894000,0 days 01:32:20.862000,265.0,202.0,53.0,216.0,False,SOFT,4.0,False,Mercedes,0 days 01:30:00.364000,,1,3.0,False,,False,False,20.7,55.0,927.9,False,49.2,198,2.2,True,False,False,False,False,False,+6.121,+1.520,6.121,1.52,5540.698,,,5413.27,,46.514,53.974,,5486.894,5540.862,5400.364
2023,São Paulo Grand Prix,20,Brazil,São Paulo,0 days 01:34:26.187000,HAM,44,0 days 00:02:05.489000,4.0,3.0,,Lewis Hamilton,,0 days 00:01:08.028000,0 days 00:00:39.877000,0 days 00:00:17.584000,0 days 01:33:28.759000,0 days 01:34:08.636000,0 days 01:34:26.220000,296.0,244.0,299.0,213.0,True,SOFT,5.0,False,Mercedes,0 days 01:32:20.698000,,1,4.0,False,,False,True,20.8,56.0,927.9,False,48.7,98,1.7,True,False,False,False,False,False,+2.105,+0.591,2.105,0.591,5666.187,125.489,,,68.028,39.877,17.584,5608.759,5648.636,5666.22,5540.698
2023,São Paulo Grand Prix,20,Brazil,São Paulo,0 days 01:35:43.025000,HAM,44,0 days 00:01:16.838000,5.0,3.0,,Lewis Hamilton,,0 days 00:00:20.084000,0 days 00:00:39.162000,0 days 00:00:17.592000,0 days 01:34:46.304000,0 days 01:35:25.466000,0 days 01:35:43.058000,297.0,244.0,296.0,279.0,True,SOFT,6.0,False,Mercedes,0 days 01:34:26.187000,,1,4.0,False,,False,True,21.0,55.0,927.7,False,50.2,180,0.8,True,False,False,False,False,False,+3.162,+0.919,3.162,0.919,5743.025,76.838,,,20.084,39.162,17.592,5686.304,5725.466,5743.058,5666.187
2023,São Paulo Grand Prix,20,Brazil,São Paulo,0 days 01:36:59.506000,HAM,44,0 days 00:01:16.481000,6.0,3.0,,Lewis Hamilton,,0 days 00:00:19.873000,0 days 00:00:38.932000,0 days 00:00:17.676000,0 days 01:36:02.931000,0 days 01:36:41.863000,0 days 01:36:59.539000,300.0,250.0,296.0,279.0,True,SOFT,7.0,False,Mercedes,0 days 01:35:43.025000,,1,4.0,False,,False,True,20.9,55.0,927.9,False,49.8,186,1.1,True,False,False,False,False,False,+4.090,+1.503,4.09,1.503,5819.506,76.481,,,19.873,38.932,17.676,5762.931,5801.863,5819.539,5743.025
2023,São Paulo Grand Prix,20,Brazil,São Paulo,0 days 01:38:15.980000,HAM,44,0 days 00:01:16.474000,7.0,3.0,,Lewis Hamilton,,0 days 00:00:19.827000,0 days 00:00:39.009000,0 days 00:00:17.638000,0 days 01:37:19.366000,0 days 01:37:58.375000,0 days 01:38:16.013000,297.0,248.0,296.0,289.0,True,SOFT,8.0,False,Mercedes,0 days 01:36:59.506000,,1,4.0,False,,False,True,21.1,57.0,927.7,False,49.6,170,1.2,True,False,False,False,False,False,+4.978,+1.955,4.978,1.955,5895.98,76.474,,,19.827,39.009,17.638,5839.366,5878.375,5896.013,5819.506
2023,São Paulo Grand Prix,20,Brazil,São Paulo,0 days 01:39:32.550000,HAM,44,0 days 00:01:16.570000,8.0,3.0,,Lewis Hamilton,,0 days 00:00:19.729000,0 days 00:00:39.139000,0 days 00:00:17.702000,0 days 01:38:35.742000,0 days 01:39:14.881000,0 days 01:39:32.583000,297.0,246.0,295.0,282.0,False,SOFT,9.0,False,Mercedes,0 days 01:38:15.980000,,1,4.0,False,,False,True,21.1,58.0,927.9,False,49.7,204,1.8,True,False,False,False,False,False,+5.681,+2.417,5.681,2.417,5972.55,76.57,,,19.729,39.139,17.702,5915.742,5954.881,5972.583,5895.98
2023,São Paulo Grand Prix,20,Brazil,São Paulo,0 days 01:40:49.093000,HAM,44,0 days 00:01:16.543000,9.0,3.0,,Lewis Hamilton,,0 days 00:00:19.846000,0 days 00:00:39.099000,0 days 00:00:17.598000,0 days 01:39:52.429000,0 days 01:40:31.528000,0 days 01:40:49.126000,291.0,243.0,296.0,280.0,False,SOFT,10.0,False,Mercedes,0 days 01:39:32.550000,,1,4.0,False,,False,True,21.1,58.0,927.9,False,49.3,175,1.7,True,False,False,False,False,False,+6.051,+2.675,6.051,2.675,6049.093,76.543,,,19.846,39.099,17.598,5992.429,6031.528,6049.126,5972.55
2023,São Paulo Grand Prix,20,Brazil,São Paulo,0 days 01:42:05.832000,HAM,44,0 days 00:01:16.739000,10.0,3.0,,Lewis Hamilton,,0 days 00:00:19.869000,0 days 00:00:39.252000,0 days 00:00:17.618000,0 days 01:41:08.995000,0 days 01:41:48.247000,0 days 01:42:05.865000,288.0,244.0,296.0,277.0,False,SOFT,11.0,False,Mercedes,0 days 01:40:49.093000,,1,4.0,False,,False,True,21.0,58.0,927.7,False,49.4,263,1.0,True,False,False,False,False,False,+6.796,+3.164,6.796,3.164,6125.832,76.739,,,19.869,39.252,17.618,6068.995,6108.247,6125.865,6049.093
2023,São Paulo Grand Prix,20,Brazil,São Paulo,0 days 01:43:22.431000,HAM,44,0 days 00:01:16.599000,11.0,3.0,,Lewis Hamilton,,0 days 00:00:19.795000,0 days 00:00:39.132000,0 days 00:00:17.672000,0 days 01:42:25.660000,0 days 01:43:04.792000,0 days 01:43:22.464000,291.0,247.0,298.0,281.0,False,SOFT,12.0,False,Mercedes,0 days 01:42:05.832000,,1,4.0,False,,False,True,20.9,58.0,927.5,False,49.2,291,1.5,True,False,False,False,False,False,+7.130,+3.357,7.13,3.357,6202.431,76.599,,,19.795,39.132,17.672,6145.66,6184.792,6202.464,6125.832
2023,São Paulo Grand Prix,20,Brazil,São Paulo,0 days 01:44:39.382000,HAM,44,0 days 00:01:16.951000,12.0,3.0,,Lewis Hamilton,,0 days 00:00:19.913000,0 days 00:00:39.348000,0 days 00:00:17.690000,0 days 01:43:42.377000,0 days 01:44:21.725000,0 days 01:44:39.415000,290.0,239.0,295.0,271.0,False,SOFT,13.0,False,Mercedes,0 days 01:43:22.431000,,1,4.0,False,,False,True,20.8,57.0,927.7,False,48.9,152,1.7,True,False,False,False,False,False,+8.191,+3.818,8.191,3.818,6279.382,76.951,,,19.913,39.348,17.69,6222.377,6261.725,6279.415,6202.431
2023,São Paulo Grand Prix,20,Brazil,São Paulo,0 days 01:45:56.378000,HAM,44,0 days 00:01:16.996000,13.0,3.0,,Lewis Hamilton,,0 days 00:00:19.898000,0 days 00:00:39.355000,0 days 00:00:17.743000,0 days 01:44:59.313000,0 days 01:45:38.668000,0 days 01:45:56.411000,293.0,246.0,297.0,274.0,False,SOFT,14.0,False,Mercedes,0 days 01:44:39.382000,,1,4.0,False,,False,True,20.8,55.0,927.7,False,49.1,181,1.3,True,False,False,False,False,False,+8.887,+4.485,8.887,4.485,6356.378,76.996,,,19.898,39.355,17.743,6299.313,6338.668,6356.411,6279.382
2023,São Paulo Grand Prix,20,Brazil,São Paulo,0 days 01:47:13.474000,HAM,44,0 days 00:01:17.096000,14.0,3.0,,Lewis Hamilton,,0 days 00:00:19.802000,0 days 00:00:39.500000,0 days 00:00:17.794000,0 days 01:46:16.213000,0 days 01:46:55.713000,0 days 01:47:13.507000,291.0,243.0,296.0,279.0,False,SOFT,15.0,False,Mercedes,0 days 01:45:56.378000,,1,4.0,False,,False,True,20.6,56.0,927.7,False,48.8,159,1.8,True,False,False,False,False,False,+9.904,+5.232,9.904,5.232,6433.474,77.096,,,19.802,39.5,17.794,6376.213,6415.713,6433.507,6356.378
2023,São Paulo Grand Prix,20,Brazil,São Paulo,0 days 01:48:30.451000,HAM,44,0 days 00:01:16.977000,15.0,3.0,,Lewis Hamilton,,0 days 00:00:19.778000,0 days 00:00:39.438000,0 days 00:00:17.761000,0 days 01:47:33.285000,0 days 01:48:12.723000,0 days 01:48:30.484000,292.0,245.0,294.0,277.0,False,SOFT,16.0,False,Mercedes,0 days 01:47:13.474000,,1,4.0,False,,False,True,20.6,56.0,927.7,False,48.9,189,0.4,True,False,False,False,False,False,+10.465,+5.806,10.465,5.806,6510.451,76.977,,,19.778,39.438,17.761,6453.285,6492.723,6510.484,6433.474
2023,São Paulo Grand Prix,20,Brazil,São Paulo,0 days 01:49:47.703000,HAM,44,0 days 00:01:17.252000,16.0,3.0,,Lewis Hamilton,,0 days 00:00:19.864000,0 days 00:00:39.523000,0 days 00:00:17.865000,0 days 01:48:50.348000,0 days 01:49:29.871000,0 days 01:49:47.736000,295.0,245.0,294.0,274.0,False,SOFT,17.0,False,Mercedes,0 days 01:48:30.451000,,1,4.0,False,,False,True,20.8,55.0,927.9,False,48.9,194,1.7,True,False,False,False,False,False,+11.431,+6.731,11.431,6.731,6587.703,77.252,,,19.864,39.523,17.865,6530.348,6569.871,6587.736,6510.451
2023,São Paulo Grand Prix,20,Brazil,São Paulo,0 days 01:51:05.063000,HAM,44,0 days 00:01:17.360000,17.0,3.0,,Lewis Hamilton,,0 days 00:00:19.904000,0 days 00:00:39.553000,0 days 00:00:17.903000,0 days 01:50:07.640000,0 days 01:50:47.193000,0 days 01:51:05.096000,294.0,247.0,294.0,283.0,False,SOFT,18.0,False,Mercedes,0 days 01:49:47.703000,,1,4.0,False,,False,True,20.9,55.0,927.7,False,49.0,176,2.2,True,False,False,False,False,False,+12.599,+7.411,12.599,7.411,6665.063,77.36,,,19.904,39.553,17.903,6607.64,6647.193,6665.096,6587.703
2023,São Paulo Grand Prix,20,Brazil,São Paulo,0 days 01:52:27.245000,HAM,44,0 days 00:01:22.182000,18.0,3.0,,Lewis Hamilton,0 days 01:52:24.333000,0 days 00:00:20.231000,0 days 00:00:40.419000,0 days 00:00:21.532000,0 days 01:51:25.327000,0 days 01:52:05.746000,0 days 01:52:27.278000,320.0,242.0,,290.0,False,SOFT,19.0,False,Mercedes,0 days 01:51:05.063000,,1,9.0,False,,False,False,21.0,56.0,927.7,False,48.7,164,1.7,True,False,False,False,False,False,+14.794,+0.796,14.794,0.796,6747.245,82.182,6744.333,,20.231,40.419,21.532,6685.327,6725.746,6747.278,6665.063
2023,São Paulo Grand Prix,20,Brazil,São Paulo,0 days 01:54:01.240000,HAM,44,0 days 00:01:33.995000,19.0,4.0,0 days 01:52:47.879000,Lewis Hamilton,,0 days 00:00:36.979000,0 days 00:00:39.390000,0 days 00:00:17.626000,0 days 01:53:04.257000,0 days 01:53:43.647000,0 days 01:54:01.273000,293.0,241.0,297.0,290.0,False,MEDIUM,1.0,True,Mercedes,0 days 01:52:27.245000,,1,11.0,False,,False,False,20.9,57.0,927.7,False,48.8,197,1.5,True,False,False,False,False,False,+36.410,+3.028,36.41,3.028,6841.24,93.995,,6767.879,36.979,39.39,17.626,6784.257,6823.647,6841.273,6747.245
2023,São Paulo Grand Prix,20,Brazil,São Paulo,0 days 01:55:17.659000,HAM,44,0 days 00:01:16.419000,20.0,4.0,,Lewis Hamilton,,0 days 00:00:19.789000,0 days 00:00:39.101000,0 days 00:00:17.529000,0 days 01:54:21.062000,0 days 01:55:00.163000,0 days 01:55:17.692000,295.0,244.0,298.0,279.0,True,MEDIUM,2.0,True,Mercedes,0 days 01:54:01.240000,,1,10.0,False,,False,True,20.6,58.0,927.9,False,48.9,190,2.5,True,False,False,False,False,False,+36.840,+2.019,36.84,2.019,6917.659,76.419,,,19.789,39.101,17.529,6861.062,6900.163,6917.692,6841.24
2023,São Paulo Grand Prix,20,Brazil,São Paulo,0 days 01:56:33.175000,HAM,44,0 days 00:01:15.516000,21.0,4.0,,Lewis Hamilton,,0 days 00:00:19.442000,0 days 00:00:38.753000,0 days 00:00:17.321000,0 days 01:55:37.134000,0 days 01:56:15.887000,0 days 01:56:33.208000,297.0,248.0,313.0,288.0,True,MEDIUM,3.0,True,Mercedes,0 days 01:55:17.659000,,1,8.0,False,,False,True,20.5,59.0,927.7,False,48.3,198,1.3,True,False,False,False,False,False,+36.249,+0.463,36.249,0.463,6993.175,75.516,,,19.442,38.753,17.321,6937.134,6975.887,6993.208,6917.659
2023,São Paulo Grand Prix,20,Brazil,São Paulo,0 days 01:57:49.321000,HAM,44,0 days 00:01:16.146000,22.0,4.0,,Lewis Hamilton,,0 days 00:00:19.390000,0 days 00:00:39.206000,0 days 00:00:17.550000,0 days 01:56:52.598000,0 days 01:57:31.804000,0 days 01:57:49.354000,292.0,239.0,294.0,312.0,False,MEDIUM,4.0,True,Mercedes,0 days 01:56:33.175000,,1,8.0,False,,False,True,20.6,59.0,927.7,False,48.3,189,2.2,True,False,False,False,False,False,+36.060,+15.048,36.06,15.048,7069.321,76.146,,,19.39,39.206,17.55,7012.598,7051.804,7069.354,6993.175
2023,São Paulo Grand Prix,20,Brazil,São Paulo,0 days 01:59:07.094000,HAM,44,0 days 00:01:17.773000,23.0,4.0,,Lewis Hamilton,,0 days 00:00:20.068000,0 days 00:00:40.168000,0 days 00:00:17.537000,0 days 01:58:09.422000,0 days 01:58:49.590000,0 days 01:59:07.127000,295.0,237.0,297.0,297.0,False,MEDIUM,5.0,True,Mercedes,0 days 01:57:49.321000,,1,8.0,False,,False,True,20.4,59.0,927.7,False,48.3,175,1.5,True,False,False,False,False,False,+37.839,+1.160,37.839,1.16,7147.094,77.773,,,20.068,40.168,17.537,7089.422,7129.59,7147.127,7069.321
2023,São Paulo Grand Prix,20,Brazil,São Paulo,0 days 02:00:23.978000,HAM,44,0 days 00:01:16.884000,24.0,4.0,,Lewis Hamilton,,0 days 00:00:19.673000,0 days 00:00:39.663000,0 days 00:00:17.548000,0 days 01:59:26.800000,0 days 02:00:06.463000,0 days 02:00:24.011000,299.0,236.0,295.0,283.0,False,MEDIUM,6.0,True,Mercedes,0 days 01:59:07.094000,,1,8.0,False,,False,True,20.5,58.0,927.7,False,48.1,155,1.2,True,False,False,False,False,False,+38.286,+1.959,38.286,1.959,7223.978,76.884,,,19.673,39.663,17.548,7166.8,7206.463,7224.011,7147.094
2023,São Paulo Grand Prix,20,Brazil,São Paulo,0 days 02:01:41.005000,HAM,44,0 days 00:01:17.027000,25.0,4.0,,Lewis Hamilton,,0 days 00:00:19.724000,0 days 00:00:39.687000,0 days 00:00:17.616000,0 days 02:00:43.735000,0 days 02:01:23.422000,0 days 02:01:41.038000,298.0,242.0,298.0,276.0,False,MEDIUM,7.0,True,Mercedes,0 days 02:00:23.978000,,1,8.0,False,,False,True,20.5,58.0,927.7,False,48.1,153,0.8,True,False,False,False,False,False,+39.074,+3.052,39.074,3.052,7301.005,77.027,,,19.724,39.687,17.616,7243.735,7283.422,7301.038,7223.978
2023,São Paulo Grand Prix,20,Brazil,São Paulo,0 days 02:02:57.745000,HAM,44,0 days 00:01:16.740000,26.0,4.0,,Lewis Hamilton,,0 days 00:00:19.623000,0 days 00:00:39.497000,0 days 00:00:17.620000,0 days 02:02:00.661000,0 days 02:02:40.158000,0 days 02:02:57.778000,295.0,240.0,297.0,275.0,False,MEDIUM,8.0,True,Mercedes,0 days 02:01:41.005000,,1,9.0,False,,False,True,20.5,58.0,927.7,False,47.8,200,0.6,True,False,False,False,False,False,+39.372,+3.972,39.372,3.972,7377.745,76.74,,,19.623,39.497,17.62,7320.661,7360.158,7377.778,7301.005
2023,São Paulo Grand Prix,20,Brazil,São Paulo,0 days 02:04:14.786000,HAM,44,0 days 00:01:17.041000,27.0,4.0,,Lewis Hamilton,,0 days 00:00:19.668000,0 days 00:00:39.766000,0 days 00:00:17.607000,0 days 02:03:17.446000,0 days 02:03:57.212000,0 days 02:04:14.819000,312.0,237.0,300.0,272.0,False,MEDIUM,9.0,True,Mercedes,0 days 02:02:57.745000,,1,6.0,False,,False,True,20.5,57.0,927.9,False,48.4,190,0.6,True,False,False,False,False,False,+39.911,+1.286,39.911,1.286,7454.786,77.041,,,19.668,39.766,17.607,7397.446,7437.212,7454.819,7377.745
2023,São Paulo Grand Prix,20,Brazil,São Paulo,0 days 02:05:31.251000,HAM,44,0 days 00:01:16.465000,28.0,4.0,,Lewis Hamilton,,0 days 00:00:19.468000,0 days 00:00:39.432000,0 days 00:00:17.565000,0 days 02:04:34.287000,0 days 02:05:13.719000,0 days 02:05:31.284000,299.0,245.0,296.0,287.0,False,MEDIUM,10.0,True,Mercedes,0 days 02:04:14.786000,,1,6.0,False,,False,True,20.7,56.0,927.7,False,48.8,172,1.2,True,False,False,False,False,False,+19.815,+1.685,19.815,1.685,7531.251,76.465,,,19.468,39.432,17.565,7474.287,7513.719,7531.284,7454.786
2023,São Paulo Grand Prix,20,Brazil,São Paulo,0 days 02:06:47.458000,HAM,44,0 days 00:01:16.207000,29.0,4.0,,Lewis Hamilton,,0 days 00:00:19.487000,0 days 00:00:39.074000,0 days 00:00:17.646000,0 days 02:05:50.771000,0 days 02:06:29.845000,0 days 02:06:47.491000,301.0,241.0,298.0,300.0,False,MEDIUM,11.0,True,Mercedes,0 days 02:05:31.251000,,1,6.0,False,,False,True,20.5,57.0,927.7,False,48.8,154,1.2,True,False,False,False,False,False,+20.325,+1.963,20.325,1.963,7607.458,76.207,,,19.487,39.074,17.646,7550.771,7589.845,7607.491,7531.251
2023,São Paulo Grand Prix,20,Brazil,São Paulo,0 days 02:08:03.732000,HAM,44,0 days 00:01:16.274000,30.0,4.0,,Lewis Hamilton,,0 days 00:00:19.434000,0 days 00:00:39.220000,0 days 00:00:17.620000,0 days 02:07:06.925000,0 days 02:07:46.145000,0 days 02:08:03.765000,302.0,242.0,296.0,292.0,False,MEDIUM,12.0,True,Mercedes,0 days 02:06:47.458000,,1,6.0,False,,False,True,20.4,57.0,927.7,False,48.4,174,1.1,True,False,False,False,False,False,+20.797,+2.329,20.797,2.329,7683.732,76.274,,,19.434,39.22,17.62,7626.925,7666.145,7683.765,7607.458
2023,São Paulo Grand Prix,20,Brazil,São Paulo,0 days 02:09:19.911000,HAM,44,0 days 00:01:16.179000,31.0,4.0,,Lewis Hamilton,,0 days 00:00:19.419000,0 days 00:00:39.084000,0 days 00:00:17.676000,0 days 02:08:23.184000,0 days 02:09:02.268000,0 days 02:09:19.944000,302.0,248.0,296.0,290.0,False,MEDIUM,13.0,True,Mercedes,0 days 02:08:03.732000,,1,6.0,False,,False,True,20.5,57.0,927.7,False,48.0,150,1.6,True,False,False,False,False,False,+21.176,+2.589,21.176,2.589,7759.911,76.179,,,19.419,39.084,17.676,7703.184,7742.268,7759.944,7683.732
2023,São Paulo Grand Prix,20,Brazil,São Paulo,0 days 02:10:35.988000,HAM,44,0 days 00:01:16.077000,32.0,4.0,,Lewis Hamilton,,0 days 00:00:19.437000,0 days 00:00:39.079000,0 days 00:00:17.561000,0 days 02:09:39.381000,0 days 02:10:18.460000,0 days 02:10:36.021000,294.0,241.0,297.0,286.0,False,MEDIUM,14.0,True,Mercedes,0 days 02:09:19.911000,,1,6.0,False,,False,True,20.5,58.0,927.7,False,47.8,185,1.7,True,False,False,False,False,False,+21.821,+2.583,21.821,2.583,7835.988,76.077,,,19.437,39.079,17.561,7779.381,7818.46,7836.021,7759.911
2023,São Paulo Grand Prix,20,Brazil,São Paulo,0 days 02:11:52.077000,HAM,44,0 days 00:01:16.089000,33.0,4.0,,Lewis Hamilton,,0 days 00:00:19.509000,0 days 00:00:38.973000,0 days 00:00:17.607000,0 days 02:10:55.530000,0 days 02:11:34.503000,0 days 02:11:52.110000,300.0,248.0,298.0,279.0,False,MEDIUM,15.0,True,Mercedes,0 days 02:10:35.988000,,1,6.0,False,,False,True,20.4,58.0,927.9,False,47.4,170,1.7,True,False,False,False,False,False,+22.738,+2.827,22.738,2.827,7912.077,76.089,,,19.509,38.973,17.607,7855.53,7894.503,7912.11,7835.988
2023,São Paulo Grand Prix,20,Brazil,São Paulo,0 days 02:13:08.459000,HAM,44,0 days 00:01:16.382000,34.0,4.0,,Lewis Hamilton,,0 days 00:00:19.527000,0 days 00:00:39.226000,0 days 00:00:17.629000,0 days 02:12:11.637000,0 days 02:12:50.863000,0 days 02:13:08.492000,297.0,247.0,298.0,283.0,False,MEDIUM,16.0,True,Mercedes,0 days 02:11:52.077000,,1,6.0,False,,False,True,20.3,59.0,927.9,False,47.3,181,1.7,True,False,False,False,False,False,+23.993,+3.077,23.993,3.077,7988.459,76.382,,,19.527,39.226,17.629,7931.637,7970.863,7988.492,7912.077
2023,São Paulo Grand Prix,20,Brazil,São Paulo,0 days 02:14:24.605000,HAM,44,0 days 00:01:16.146000,35.0,4.0,,Lewis Hamilton,,0 days 00:00:19.465000,0 days 00:00:39.106000,0 days 00:00:17.575000,0 days 02:13:27.957000,0 days 02:14:07.063000,0 days 02:14:24.638000,298.0,249.0,299.0,289.0,False,MEDIUM,17.0,True,Mercedes,0 days 02:13:08.459000,,1,6.0,False,,False,True,20.2,60.0,927.7,False,47.2,156,1.0,True,False,False,False,False,False,+24.986,+3.493,24.986,3.493,8064.605,76.146,,,19.465,39.106,17.575,8007.957,8047.063,8064.638,7988.459
2023,São Paulo Grand Prix,20,Brazil,São Paulo,0 days 02:15:40.888000,HAM,44,0 days 00:01:16.283000,36.0,4.0,,Lewis Hamilton,,0 days 00:00:19.520000,0 days 00:00:39.210000,0 days 00:00:17.553000,0 days 02:14:44.158000,0 days 02:15:23.368000,0 days 02:15:40.921000,297.0,243.0,299.0,286.0,False,MEDIUM,18.0,True,Mercedes,0 days 02:14:24.605000,,1,6.0,False,,False,True,20.2,59.0,927.7,False,47.2,177,1.3,True,False,False,False,False,False,+26.148,+4.245,26.148,4.245,8140.888,76.283,,,19.52,39.21,17.553,8084.158,8123.368,8140.921,8064.605
2023,São Paulo Grand Prix,20,Brazil,São Paulo,0 days 02:16:58.432000,HAM,44,0 days 00:01:17.544000,37.0,4.0,,Lewis Hamilton,,0 days 00:00:19.731000,0 days 00:00:40.182000,0 days 00:00:17.631000,0 days 02:16:00.652000,0 days 02:16:40.834000,0 days 02:16:58.465000,298.0,241.0,300.0,298.0,False,MEDIUM,19.0,True,Mercedes,0 days 02:15:40.888000,,1,7.0,False,,False,True,20.3,58.0,927.7,False,47.3,182,2.0,True,False,False,False,False,False,+29.020,+1.208,29.02,1.208,8218.432,77.544,,,19.731,40.182,17.631,8160.652,8200.834,8218.465,8140.888
2023,São Paulo Grand Prix,20,Brazil,São Paulo,0 days 02:18:14.759000,HAM,44,0 days 00:01:16.327000,38.0,4.0,,Lewis Hamilton,,0 days 00:00:19.535000,0 days 00:00:39.144000,0 days 00:00:17.648000,0 days 02:17:18,0 days 02:17:57.144000,0 days 02:18:14.792000,303.0,249.0,298.0,280.0,False,MEDIUM,20.0,True,Mercedes,0 days 02:16:58.432000,,1,7.0,False,,False,True,20.5,59.0,927.7,False,47.5,191,1.7,True,False,False,False,False,False,+30.383,+1.554,30.383,1.554,8294.759,76.327,,,19.535,39.144,17.648,8238.0,8277.144,8294.792,8218.432
2023,São Paulo Grand Prix,20,Brazil,São Paulo,0 days 02:19:31.375000,HAM,44,0 days 00:01:16.616000,39.0,4.0,,Lewis Hamilton,,0 days 00:00:19.606000,0 days 00:00:39.305000,0 days 00:00:17.705000,0 days 02:18:34.398000,0 days 02:19:13.703000,0 days 02:19:31.408000,299.0,247.0,297.0,288.0,False,MEDIUM,21.0,True,Mercedes,0 days 02:18:14.759000,,1,7.0,False,,False,True,20.5,58.0,927.7,False,47.5,174,2.0,True,False,False,False,False,False,+32.005,+2.189,32.005,2.189,8371.375,76.616,,,19.606,39.305,17.705,8314.398,8353.703,8371.408,8294.759
2023,São Paulo Grand Prix,20,Brazil,São Paulo,0 days 02:20:47.738000,HAM,44,0 days 00:01:16.363000,40.0,4.0,,Lewis Hamilton,,0 days 00:00:19.552000,0 days 00:00:39.107000,0 days 00:00:17.704000,0 days 02:19:50.960000,0 days 02:20:30.067000,0 days 02:20:47.771000,299.0,251.0,297.0,289.0,False,MEDIUM,22.0,True,Mercedes,0 days 02:19:31.375000,,1,7.0,False,,False,True,20.4,58.0,927.7,False,47.2,161,1.0,True,False,False,False,False,False,+33.153,+2.693,33.153,2.693,8447.738,76.363,,,19.552,39.107,17.704,8390.96,8430.067,8447.771,8371.375
2023,São Paulo Grand Prix,20,Brazil,São Paulo,0 days 02:22:04.127000,HAM,44,0 days 00:01:16.389000,41.0,4.0,,Lewis Hamilton,,0 days 00:00:19.588000,0 days 00:00:39.067000,0 days 00:00:17.734000,0 days 02:21:07.359000,0 days 02:21:46.426000,0 days 02:22:04.160000,298.0,250.0,298.0,289.0,False,MEDIUM,23.0,True,Mercedes,0 days 02:20:47.738000,,1,7.0,False,,False,True,20.4,59.0,927.9,False,47.0,152,1.2,True,False,False,False,False,False,+34.202,+3.114,34.202,3.114,8524.127,76.389,,,19.588,39.067,17.734,8467.359,8506.426,8524.16,8447.738
2023,São Paulo Grand Prix,20,Brazil,São Paulo,0 days 02:23:20.553000,HAM,44,0 days 00:01:16.426000,42.0,4.0,,Lewis Hamilton,,0 days 00:00:19.594000,0 days 00:00:39.078000,0 days 00:00:17.754000,0 days 02:22:23.754000,0 days 02:23:02.832000,0 days 02:23:20.586000,297.0,250.0,296.0,295.0,False,MEDIUM,24.0,True,Mercedes,0 days 02:22:04.127000,,1,7.0,False,,False,True,20.5,58.0,927.7,False,47.1,161,2.0,True,False,False,False,False,False,+35.397,+3.362,35.397,3.362,8600.553,76.426,,,19.594,39.078,17.754,8543.754,8582.832,8600.586,8524.127
2023,São Paulo Grand Prix,20,Brazil,São Paulo,0 days 02:24:37.093000,HAM,44,0 days 00:01:16.540000,43.0,4.0,,Lewis Hamilton,,0 days 00:00:19.504000,0 days 00:00:39.122000,0 days 00:00:17.914000,0 days 02:23:40.090000,0 days 02:24:19.212000,0 days 02:24:37.126000,299.0,245.0,295.0,292.0,False,MEDIUM,25.0,True,Mercedes,0 days 02:23:20.553000,,1,7.0,False,,False,True,20.5,59.0,927.7,False,46.9,191,2.0,True,False,False,False,False,False,+36.888,+3.705,36.888,3.705,8677.093,76.54,,,19.504,39.122,17.914,8620.09,8659.212,8677.126,8600.553
2023,São Paulo Grand Prix,20,Brazil,São Paulo,0 days 02:25:54.318000,HAM,44,0 days 00:01:17.225000,44.0,4.0,,Lewis Hamilton,,0 days 00:00:19.598000,0 days 00:00:39.494000,0 days 00:00:18.133000,0 days 02:24:56.724000,0 days 02:25:36.218000,0 days 02:25:54.351000,297.0,246.0,296.0,287.0,False,MEDIUM,26.0,True,Mercedes,0 days 02:24:37.093000,,1,7.0,False,,False,True,20.4,59.0,927.7,False,47.1,182,2.5,True,False,False,False,False,False,+38.798,+4.384,38.798,4.384,8754.318,77.225,,,19.598,39.494,18.133,8696.724,8736.218,8754.351,8677.093
2023,São Paulo Grand Prix,20,Brazil,São Paulo,0 days 02:27:11.293000,HAM,44,0 days 00:01:16.975000,45.0,4.0,,Lewis Hamilton,,0 days 00:00:19.635000,0 days 00:00:39.423000,0 days 00:00:17.917000,0 days 02:26:13.986000,0 days 02:26:53.409000,0 days 02:27:11.326000,299.0,247.0,297.0,295.0,False,MEDIUM,27.0,True,Mercedes,0 days 02:25:54.318000,,1,7.0,False,,False,True,20.3,59.0,927.9,False,47.1,160,1.6,True,False,False,False,False,False,+40.305,+4.844,40.305,4.844,8831.293,76.975,,,19.635,39.423,17.917,8773.986,8813.409,8831.326,8754.318
2023,São Paulo Grand Prix,20,Brazil,São Paulo,0 days 02:28:31.785000,HAM,44,0 days 00:01:20.492000,46.0,4.0,,Lewis Hamilton,0 days 02:28:28.886000,0 days 00:00:19.646000,0 days 00:00:39.339000,0 days 00:00:21.507000,0 days 02:27:30.972000,0 days 02:28:10.311000,0 days 02:28:31.818000,298.0,248.0,,292.0,False,MEDIUM,28.0,True,Mercedes,0 days 02:27:11.293000,,1,7.0,False,,False,False,20.3,59.0,927.9,False,46.8,233,1.2,True,False,False,False,False,False,+41.796,+5.135,41.796,5.135,8911.785,80.492,8908.886,,19.646,39.339,21.507,8850.972,8890.311,8911.818,8831.293
2023,São Paulo Grand Prix,20,Brazil,São Paulo,0 days 02:30:05.314000,HAM,44,0 days 00:01:33.529000,47.0,5.0,0 days 02:28:52.917000,Lewis Hamilton,,0 days 00:00:37.211000,0 days 00:00:39.170000,0 days 00:00:17.148000,0 days 02:29:09.029000,0 days 02:29:48.199000,0 days 02:30:05.347000,295.0,243.0,319.0,292.0,False,SOFT,4.0,False,Mercedes,0 days 02:28:31.785000,,1,9.0,False,,False,False,20.3,58.0,927.9,False,46.7,148,1.1,True,False,False,False,False,False,+63.789,+0.264,63.789,0.264,9005.314,93.529,,8932.917,37.211,39.17,17.148,8949.029,8988.199,9005.347,8911.785
2023,São Paulo Grand Prix,20,Brazil,São Paulo,0 days 02:31:21.072000,HAM,44,0 days 00:01:15.758000,48.0,5.0,,Lewis Hamilton,,0 days 00:00:19.119000,0 days 00:00:39.203000,0 days 00:00:17.436000,0 days 02:30:24.466000,0 days 02:31:03.669000,0 days 02:31:21.105000,298.0,236.0,293.0,319.0,False,SOFT,5.0,False,Mercedes,0 days 02:30:05.314000,,1,8.0,False,,False,True,20.3,58.0,927.7,False,46.2,197,1.3,True,False,False,False,False,False,+63.854,+13.955,63.854,13.955,9081.072,75.758,,,19.119,39.203,17.436,9024.466,9063.669,9081.105,9005.314
2023,São Paulo Grand Prix,20,Brazil,São Paulo,0 days 02:32:36.893000,HAM,44,0 days 00:01:15.821000,49.0,5.0,,Lewis Hamilton,,0 days 00:00:19.557000,0 days 00:00:38.831000,0 days 00:00:17.433000,0 days 02:31:40.662000,0 days 02:32:19.493000,0 days 02:32:36.926000,299.0,239.0,294.0,275.0,False,SOFT,6.0,False,Mercedes,0 days 02:31:21.072000,,1,8.0,False,,False,True,20.2,58.0,927.7,False,45.4,150,1.5,True,False,False,False,False,False,+64.222,+13.371,64.222,13.371,9156.893,75.821,,,19.557,38.831,17.433,9100.662,9139.493,9156.926,9081.072
2023,São Paulo Grand Prix,20,Brazil,São Paulo,0 days 02:33:52.838000,HAM,44,0 days 00:01:15.945000,50.0,5.0,,Lewis Hamilton,,0 days 00:00:19.364000,0 days 00:00:39.483000,0 days 00:00:17.098000,0 days 02:32:56.290000,0 days 02:33:35.773000,0 days 02:33:52.871000,321.0,245.0,315.0,289.0,False,SOFT,7.0,False,Mercedes,0 days 02:32:36.893000,,1,9.0,False,,False,True,20.2,58.0,927.9,False,44.9,157,2.2,True,False,False,False,False,False,+64.895,+1.028,64.895,1.028,9232.838,75.945,,,19.364,39.483,17.098,9176.29,9215.773,9232.871,9156.893
2023,São Paulo Grand Prix,20,Brazil,São Paulo,0 days 02:35:08.602000,HAM,44,0 days 00:01:15.764000,51.0,5.0,,Lewis Hamilton,,0 days 00:00:19.164000,0 days 00:00:39.243000,0 days 00:00:17.357000,0 days 02:34:12.035000,0 days 02:34:51.278000,0 days 02:35:08.635000,310.0,244.0,297.0,299.0,False,SOFT,8.0,False,Mercedes,0 days 02:33:52.838000,,1,9.0,False,,False,True,20.3,59.0,927.7,False,43.2,181,1.5,True,False,False,False,False,False,+65.065,+1.524,65.065,1.524,9308.602,75.764,,,19.164,39.243,17.357,9252.035,9291.278,9308.635,9232.838
2023,São Paulo Grand Prix,20,Brazil,São Paulo,0 days 02:36:24.298000,HAM,44,0 days 00:01:15.696000,52.0,5.0,,Lewis Hamilton,,0 days 00:00:19.356000,0 days 00:00:39.008000,0 days 00:00:17.332000,0 days 02:35:27.991000,0 days 02:36:06.999000,0 days 02:36:24.331000,301.0,243.0,297.0,281.0,False,SOFT,9.0,False,Mercedes,0 days 02:35:08.602000,,1,9.0,False,,False,True,20.3,59.0,927.7,False,41.8,0,1.1,True,False,False,False,False,False,+65.375,+2.168,65.375,2.168,9384.298,75.696,,,19.356,39.008,17.332,9327.991,9366.999,9384.331,9308.602
2023,São Paulo Grand Prix,20,Brazil,São Paulo,0 days 02:37:39.714000,HAM,44,0 days 00:01:15.416000,53.0,5.0,,Lewis Hamilton,,0 days 00:00:19.351000,0 days 00:00:38.709000,0 days 00:00:17.356000,0 days 02:36:43.682000,0 days 02:37:22.391000,0 days 02:37:39.747000,300.0,244.0,300.0,281.0,True,SOFT,10.0,False,Mercedes,0 days 02:36:24.298000,,1,9.0,False,,False,True,20.3,58.0,927.7,False,41.1,183,0.6,True,False,False,False,False,False,+65.497,+2.479,65.497,2.479,9459.714,75.416,,,19.351,38.709,17.356,9403.682,9442.391,9459.747,9384.298
2023,São Paulo Grand Prix,20,Brazil,São Paulo,0 days 02:38:54.919000,HAM,44,0 days 00:01:15.205000,54.0,5.0,,Lewis Hamilton,,0 days 00:00:19.224000,0 days 00:00:38.597000,0 days 00:00:17.384000,0 days 02:37:58.971000,0 days 02:38:37.568000,0 days 02:38:54.952000,301.0,249.0,298.0,288.0,True,SOFT,11.0,False,Mercedes,0 days 02:37:39.714000,,1,9.0,False,,False,True,20.3,59.0,927.9,False,40.5,160,1.1,True,False,False,False,False,False,+65.291,+2.694,65.291,2.694,9534.919,75.205,,,19.224,38.597,17.384,9478.971,9517.568,9534.952,9459.714
2023,São Paulo Grand Prix,20,Brazil,São Paulo,0 days 02:40:10.089000,HAM,44,0 days 00:01:15.170000,55.0,5.0,,Lewis Hamilton,,0 days 00:00:19.238000,0 days 00:00:38.532000,0 days 00:00:17.400000,0 days 02:39:14.190000,0 days 02:39:52.722000,0 days 02:40:10.122000,298.0,249.0,298.0,290.0,True,SOFT,12.0,False,Mercedes,0 days 02:38:54.919000,,1,9.0,False,,False,True,20.2,59.0,927.7,False,40.5,304,1.1,True,False,False,False,False,False,+64.942,+2.568,64.942,2.568,9610.089,75.17,,,19.238,38.532,17.4,9554.19,9592.722,9610.122,9534.919
2023,São Paulo Grand Prix,20,Brazil,São Paulo,0 days 02:41:25.402000,HAM,44,0 days 00:01:15.313000,56.0,5.0,,Lewis Hamilton,,0 days 00:00:19.250000,0 days 00:00:38.637000,0 days 00:00:17.426000,0 days 02:40:29.372000,0 days 02:41:08.009000,0 days 02:41:25.435000,298.0,252.0,298.0,291.0,False,SOFT,13.0,False,Mercedes,0 days 02:40:10.089000,,1,8.0,False,,False,True,20.0,58.0,927.9,False,39.6,179,1.1,True,False,False,False,False,False,+56.756,+2.551,56.756,2.551,9685.402,75.313,,,19.25,38.637,17.426,9629.372,9668.009,9685.435,9610.089
2023,São Paulo Grand Prix,20,Brazil,São Paulo,0 days 02:42:40.433000,HAM,44,0 days 00:01:15.031000,57.0,5.0,,Lewis Hamilton,,0 days 00:00:19.205000,0 days 00:00:38.470000,0 days 00:00:17.356000,0 days 02:41:44.640000,0 days 02:42:23.110000,0 days 02:42:40.466000,297.0,250.0,299.0,286.0,True,SOFT,14.0,False,Mercedes,0 days 02:41:25.402000,,1,8.0,False,,False,True,20.0,59.0,927.7,False,39.6,197,1.0,True,False,False,False,False,False,+56.144,+2.534,56.144,2.534,9760.433,75.031,,,19.205,38.47,17.356,9704.64,9743.11,9760.466,9685.402
2023,São Paulo Grand Prix,20,Brazil,São Paulo,0 days 02:43:55.338000,HAM,44,0 days 00:01:14.905000,58.0,5.0,,Lewis Hamilton,,0 days 00:00:19.197000,0 days 00:00:38.368000,0 days 00:00:17.340000,0 days 02:42:59.663000,0 days 02:43:38.031000,0 days 02:43:55.371000,298.0,252.0,298.0,286.0,True,SOFT,15.0,False,Mercedes,0 days 02:42:40.433000,,1,8.0,False,,False,True,20.0,59.0,927.9,False,38.8,160,1.2,True,False,False,False,False,False,+55.240,+2.522,55.24,2.522,9835.338,74.905,,,19.197,38.368,17.34,9779.663,9818.031,9835.371,9760.433
2023,São Paulo Grand Prix,20,Brazil,São Paulo,0 days 02:45:10.077000,HAM,44,0 days 00:01:14.739000,59.0,5.0,,Lewis Hamilton,,0 days 00:00:19.110000,0 days 00:00:38.291000,0 days 00:00:17.338000,0 days 02:44:14.481000,0 days 02:44:52.772000,0 days 02:45:10.110000,298.0,248.0,298.0,288.0,True,SOFT,16.0,False,Mercedes,0 days 02:43:55.338000,,1,8.0,False,,False,True,19.9,58.0,927.7,False,38.7,200,0.8,True,False,False,False,False,False,+46.056,+2.466,46.056,2.466,9910.077,74.739,,,19.11,38.291,17.338,9854.481,9892.772,9910.11,9835.338
2023,São Paulo Grand Prix,20,Brazil,São Paulo,0 days 02:46:25.250000,HAM,44,0 days 00:01:15.173000,60.0,5.0,,Lewis Hamilton,,0 days 00:00:19.297000,0 days 00:00:38.479000,0 days 00:00:17.397000,0 days 02:45:29.407000,0 days 02:46:07.886000,0 days 02:46:25.283000,293.0,245.0,298.0,289.0,False,SOFT,17.0,False,Mercedes,0 days 02:45:10.077000,,1,8.0,False,,False,True,19.8,58.0,927.9,False,38.0,177,1.2,True,False,False,False,False,False,+47.100,+3.025,47.1,3.025,9985.25,75.173,,,19.297,38.479,17.397,9929.407,9967.886,9985.283,9910.077
2023,São Paulo Grand Prix,20,Brazil,São Paulo,0 days 02:47:40.549000,HAM,44,0 days 00:01:15.299000,61.0,5.0,,Lewis Hamilton,,0 days 00:00:19.346000,0 days 00:00:38.542000,0 days 00:00:17.411000,0 days 02:46:44.629000,0 days 02:47:23.171000,0 days 02:47:40.582000,299.0,248.0,297.0,281.0,False,SOFT,18.0,False,Mercedes,0 days 02:46:25.250000,,1,8.0,False,,False,True,19.8,58.0,927.7,False,37.9,176,2.4,True,False,False,False,False,False,+47.799,+3.584,47.799,3.584,10060.549,75.299,,,19.346,38.542,17.411,10004.629,10043.171,10060.582,9985.25
2023,São Paulo Grand Prix,20,Brazil,São Paulo,0 days 02:48:55.907000,HAM,44,0 days 00:01:15.358000,62.0,5.0,,Lewis Hamilton,,0 days 00:00:19.274000,0 days 00:00:38.684000,0 days 00:00:17.400000,0 days 02:47:59.856000,0 days 02:48:38.540000,0 days 02:48:55.940000,299.0,246.0,297.0,286.0,False,SOFT,19.0,False,Mercedes,0 days 02:47:40.549000,,1,8.0,False,,False,True,19.8,59.0,927.9,False,37.8,182,2.0,True,False,False,False,False,False,+48.664,+4.271,48.664,4.271,10135.907,75.358,,,19.274,38.684,17.4,10079.856,10118.54,10135.94,10060.549
2023,São Paulo Grand Prix,20,Brazil,São Paulo,0 days 02:50:11.038000,HAM,44,0 days 00:01:15.131000,63.0,5.0,,Lewis Hamilton,,0 days 00:00:19.258000,0 days 00:00:38.472000,0 days 00:00:17.401000,0 days 02:49:15.198000,0 days 02:49:53.670000,0 days 02:50:11.071000,297.0,249.0,297.0,288.0,False,SOFT,20.0,False,Mercedes,0 days 02:48:55.907000,,1,8.0,False,,False,True,19.9,60.0,927.7,False,37.6,177,1.3,True,False,False,False,False,False,+49.434,+4.746,49.434,4.746,10211.038,75.131,,,19.258,38.472,17.401,10155.198,10193.67,10211.071,10135.907
2023,São Paulo Grand Prix,20,Brazil,São Paulo,0 days 02:51:26.208000,HAM,44,0 days 00:01:15.170000,64.0,5.0,,Lewis Hamilton,,0 days 00:00:19.282000,0 days 00:00:38.384000,0 days 00:00:17.504000,0 days 02:50:30.353000,0 days 02:51:08.737000,0 days 02:51:26.241000,297.0,248.0,296.0,289.0,False,SOFT,21.0,False,Mercedes,0 days 02:50:11.038000,,1,8.0,False,,False,True,19.9,59.0,927.7,False,37.8,154,1.6,True,False,False,False,False,False,+50.499,+5.012,50.499,5.012,10286.208,75.17,,,19.282,38.384,17.504,10230.353,10268.737,10286.241,10211.038
2023,São Paulo Grand Prix,20,Brazil,São Paulo,0 days 02:52:41.553000,HAM,44,0 days 00:01:15.345000,65.0,5.0,,Lewis Hamilton,,0 days 00:00:19.295000,0 days 00:00:38.577000,0 days 00:00:17.473000,0 days 02:51:45.536000,0 days 02:52:24.113000,0 days 02:52:41.586000,297.0,248.0,298.0,289.0,False,SOFT,22.0,False,Mercedes,0 days 02:51:26.208000,,1,8.0,False,,False,True,19.8,60.0,927.9,False,37.8,153,1.2,True,False,False,False,False,False,+51.839,+5.429,51.839,5.429,10361.553,75.345,,,19.295,38.577,17.473,10305.536,10344.113,10361.586,10286.208
2023,São Paulo Grand Prix,20,Brazil,São Paulo,0 days 02:53:56.676000,HAM,44,0 days 00:01:15.123000,66.0,5.0,,Lewis Hamilton,,0 days 00:00:19.313000,0 days 00:00:38.369000,0 days 00:00:17.441000,0 days 02:53:00.899000,0 days 02:53:39.268000,0 days 02:53:56.709000,297.0,251.0,297.0,284.0,False,SOFT,23.0,False,Mercedes,0 days 02:52:41.553000,,1,8.0,False,,False,True,19.8,60.0,927.7,False,37.1,159,1.3,True,False,False,False,False,False,+53.040,+5.528,53.04,5.528,10436.676,75.123,,,19.313,38.369,17.441,10380.899,10419.268,10436.709,10361.553
2023,São Paulo Grand Prix,20,Brazil,São Paulo,0 days 02:55:12.091000,HAM,44,0 days 00:01:15.415000,67.0,5.0,,Lewis Hamilton,,0 days 00:00:19.351000,0 days 00:00:38.603000,0 days 00:00:17.461000,0 days 02:54:16.060000,0 days 02:54:54.663000,0 days 02:55:12.124000,298.0,250.0,295.0,286.0,False,SOFT,24.0,False,Mercedes,0 days 02:53:56.676000,,1,8.0,False,,False,True,19.7,59.0,927.7,False,37.1,175,1.7,True,False,False,False,False,False,+55.062,+5.975,55.062,5.975,10512.091,75.415,,,19.351,38.603,17.461,10456.06,10494.663,10512.124,10436.676
2023,São Paulo Grand Prix,20,Brazil,São Paulo,0 days 02:56:27.556000,HAM,44,0 days 00:01:15.465000,68.0,5.0,,Lewis Hamilton,,0 days 00:00:19.377000,0 days 00:00:38.492000,0 days 00:00:17.596000,0 days 02:55:31.501000,0 days 02:56:09.993000,0 days 02:56:27.589000,297.0,249.0,297.0,290.0,False,SOFT,25.0,False,Mercedes,0 days 02:55:12.091000,,1,8.0,False,,False,True,19.7,60.0,927.7,False,36.8,179,2.2,True,False,False,False,False,False,+57.115,+6.197,57.115,6.197,10587.556,75.465,,,19.377,38.492,17.596,10531.501,10569.993,10587.589,10512.091
2023,São Paulo Grand Prix,20,Brazil,São Paulo,0 days 02:57:43.038000,HAM,44,0 days 00:01:15.482000,69.0,5.0,,Lewis Hamilton,,0 days 00:00:19.335000,0 days 00:00:38.721000,0 days 00:00:17.426000,0 days 02:56:46.924000,0 days 02:57:25.645000,0 days 02:57:43.071000,297.0,246.0,295.0,296.0,False,SOFT,26.0,False,Mercedes,0 days 02:56:27.556000,,1,8.0,False,,False,True,19.6,61.0,927.9,False,36.6,152,1.5,True,False,False,False,False,False,+58.539,+6.579,58.539,6.579,10663.038,75.482,,,19.335,38.721,17.426,10606.924,10645.645,10663.071,10587.556
2023,São Paulo Grand Prix,20,Brazil,São Paulo,0 days 02:58:58.739000,HAM,44,0 days 00:01:15.701000,70.0,5.0,,Lewis Hamilton,,0 days 00:00:19.530000,0 days 00:00:38.634000,0 days 00:00:17.537000,0 days 02:58:02.601000,0 days 02:58:41.235000,0 days 02:58:58.772000,300.0,248.0,296.0,288.0,False,SOFT,27.0,False,Mercedes,0 days 02:57:43.038000,,1,8.0,False,,False,True,19.7,61.0,927.7,False,36.4,177,1.2,True,False,False,False,False,False,+60.662,+7.162,60.662,7.162,10738.739,75.701,,,19.53,38.634,17.537,10682.601,10721.235,10738.772,10663.038
2023,São Paulo Grand Prix,20,Brazil,São Paulo,0 days 03:00:14.824000,HAM,44,0 days 00:01:16.085000,71.0,5.0,,Lewis Hamilton,,0 days 00:00:19.486000,0 days 00:00:38.948000,0 days 00:00:17.651000,0 days 02:59:18.258000,0 days 02:59:57.206000,0 days 03:00:14.857000,299.0,236.0,296.0,284.0,False,SOFT,28.0,False,Mercedes,0 days 02:58:58.739000,,1,8.0,False,,False,True,19.8,60.0,927.7,False,36.5,200,1.2,True,False,False,False,False,False,+62.828,+7.323,62.828,7.323,10814.824,76.085,,,19.486,38.948,17.651,10758.258,10797.206,10814.857,10738.739
2023,São Paulo Grand Prix,20,Brazil,São Paulo,0 days 01:04:37.538000,SAI,55,0 days 00:02:14.431000,1.0,1.0,,Carlos Sainz,0 days 01:04:33.756000,,0 days 00:01:09.040000,0 days 00:00:39.936000,,0 days 01:03:57.663000,0 days 01:04:37.569000,317.0,160.0,,227.0,False,SOFT,3.0,False,Ferrari,0 days 01:02:22.839000,,124,8.0,False,,False,False,20.6,58.0,928.0,False,47.8,181,1.1,True,True,True,False,False,False,+11.599,+1.201,11.599,1.201,3877.538,134.431,3873.756,,,69.04,39.936,,3837.663,3877.569,3742.839
2023,São Paulo Grand Prix,20,Brazil,São Paulo,0 days 01:07:02.209000,SAI,55,0 days 00:02:24.671000,2.0,2.0,0 days 01:04:56.881000,Carlos Sainz,0 days 01:06:58.067000,0 days 00:00:40.669000,0 days 00:01:01.007000,0 days 00:00:42.995000,0 days 01:05:18.238000,0 days 01:06:19.245000,0 days 01:07:02.240000,248.0,136.0,,,False,SOFT,4.0,False,Ferrari,0 days 01:04:37.538000,,45,8.0,False,,False,False,20.6,60.0,928.0,False,47.1,178,1.2,False,False,True,True,False,False,+11.738,+1.107,11.738,1.107,4022.209,144.671,4018.067,3896.881,40.669,61.007,42.995,3918.238,3979.245,4022.24,3877.538
2023,São Paulo Grand Prix,20,Brazil,São Paulo,0 days 01:32:35.576000,SAI,55,,3.0,3.0,0 days 01:30:31.723000,Carlos Sainz,,,0 days 00:00:43.899000,0 days 00:00:55.967000,,0 days 01:31:39.722000,0 days 01:32:36.050000,267.0,220.0,23.0,227.0,False,SOFT,5.0,False,Ferrari,0 days 01:30:00.364000,,1,8.0,False,,False,False,20.7,55.0,927.9,False,49.2,198,2.2,True,False,False,False,False,False,+21.501,+2.470,21.501,2.47,5555.576,,,5431.723,,43.899,55.967,,5499.722,5556.05,5400.364
2023,São Paulo Grand Prix,20,Brazil,São Paulo,0 days 01:34:27.824000,SAI,55,0 days 00:01:52.248000,4.0,3.0,,Carlos Sainz,,0 days 00:00:54.349000,0 days 00:00:40.450000,0 days 00:00:17.449000,0 days 01:33:29.956000,0 days 01:34:10.406000,0 days 01:34:27.855000,312.0,236.0,313.0,229.0,True,SOFT,6.0,False,Ferrari,0 days 01:32:35.576000,,1,8.0,False,,False,True,20.8,56.0,927.9,False,48.7,98,1.7,True,False,False,False,False,False,+3.847,+0.296,3.847,0.296,5667.824,112.248,,,54.349,40.45,17.449,5609.956,5650.406,5667.855,5555.576
2023,São Paulo Grand Prix,20,Brazil,São Paulo,0 days 01:35:45.064000,SAI,55,0 days 00:01:17.240000,5.0,3.0,,Carlos Sainz,,0 days 00:00:19.753000,0 days 00:00:39.933000,0 days 00:00:17.554000,0 days 01:34:47.608000,0 days 01:35:27.541000,0 days 01:35:45.095000,308.0,247.0,307.0,310.0,True,SOFT,7.0,False,Ferrari,0 days 01:34:27.824000,,1,8.0,False,,False,True,21.0,55.0,927.7,False,50.2,180,0.8,True,False,False,False,False,False,+5.290,+0.547,5.29,0.547,5745.064,77.24,,,19.753,39.933,17.554,5687.608,5727.541,5745.095,5667.824
2023,São Paulo Grand Prix,20,Brazil,São Paulo,0 days 01:37:01.607000,SAI,55,0 days 00:01:16.543000,6.0,3.0,,Carlos Sainz,,0 days 00:00:19.767000,0 days 00:00:39.358000,0 days 00:00:17.418000,0 days 01:36:04.862000,0 days 01:36:44.220000,0 days 01:37:01.638000,324.0,245.0,327.0,282.0,True,SOFT,8.0,False,Ferrari,0 days 01:35:45.064000,,1,8.0,False,,False,True,20.9,55.0,927.9,False,49.8,186,1.1,True,False,False,False,False,False,+6.415,+0.648,6.415,0.648,5821.607,76.543,,,19.767,39.358,17.418,5764.862,5804.22,5821.638,5745.064
2023,São Paulo Grand Prix,20,Brazil,São Paulo,0 days 01:38:18.072000,SAI,55,0 days 00:01:16.465000,7.0,3.0,,Carlos Sainz,,0 days 00:00:19.572000,0 days 00:00:39.526000,0 days 00:00:17.367000,0 days 01:37:21.210000,0 days 01:38:00.736000,0 days 01:38:18.103000,323.0,244.0,326.0,307.0,True,SOFT,9.0,False,Ferrari,0 days 01:37:01.607000,,1,8.0,False,,False,True,21.1,57.0,927.7,False,49.6,170,1.2,True,False,False,False,False,False,+7.292,+0.638,7.292,0.638,5898.072,76.465,,,19.572,39.526,17.367,5841.21,5880.736,5898.103,5821.607
2023,São Paulo Grand Prix,20,Brazil,São Paulo,0 days 01:39:34.611000,SAI,55,0 days 00:01:16.539000,8.0,3.0,,Carlos Sainz,,0 days 00:00:19.475000,0 days 00:00:39.666000,0 days 00:00:17.398000,0 days 01:38:37.578000,0 days 01:39:17.244000,0 days 01:39:34.642000,326.0,246.0,327.0,308.0,False,SOFT,10.0,False,Ferrari,0 days 01:38:18.072000,,1,8.0,False,,False,True,21.1,58.0,927.9,False,49.7,204,1.8,True,False,False,False,False,False,+7.970,+0.683,7.97,0.683,5974.611,76.539,,,19.475,39.666,17.398,5917.578,5957.244,5974.642,5898.072
2023,São Paulo Grand Prix,20,Brazil,São Paulo,0 days 01:40:51.234000,SAI,55,0 days 00:01:16.623000,9.0,3.0,,Carlos Sainz,,0 days 00:00:19.552000,0 days 00:00:39.586000,0 days 00:00:17.485000,0 days 01:39:54.194000,0 days 01:40:33.780000,0 days 01:40:51.265000,324.0,241.0,330.0,302.0,False,SOFT,11.0,False,Ferrari,0 days 01:39:34.611000,,1,8.0,False,,False,True,21.1,58.0,927.9,False,49.3,175,1.7,True,False,False,False,False,False,+8.422,+0.636,8.422,0.636,6051.234,76.623,,,19.552,39.586,17.485,5994.194,6033.78,6051.265,5974.611
2023,São Paulo Grand Prix,20,Brazil,São Paulo,0 days 01:42:08.078000,SAI,55,0 days 00:01:16.844000,10.0,3.0,,Carlos Sainz,,0 days 00:00:19.617000,0 days 00:00:39.793000,0 days 00:00:17.434000,0 days 01:41:10.882000,0 days 01:41:50.675000,0 days 01:42:08.109000,325.0,244.0,329.0,306.0,False,SOFT,12.0,False,Ferrari,0 days 01:40:51.234000,,1,8.0,False,,False,True,21.0,58.0,927.7,False,49.4,263,1.0,True,False,False,False,False,False,+9.276,+0.556,9.276,0.556,6128.078,76.844,,,19.617,39.793,17.434,6070.882,6110.675,6128.109,6051.234
2023,São Paulo Grand Prix,20,Brazil,São Paulo,0 days 01:43:24.975000,SAI,55,0 days 00:01:16.897000,11.0,3.0,,Carlos Sainz,,0 days 00:00:19.437000,0 days 00:00:40.017000,0 days 00:00:17.443000,0 days 01:42:27.546000,0 days 01:43:07.563000,0 days 01:43:25.006000,324.0,243.0,330.0,312.0,False,SOFT,13.0,False,Ferrari,0 days 01:42:08.078000,,1,8.0,False,,False,True,20.9,58.0,927.5,False,49.2,291,1.5,True,False,False,False,False,False,+9.899,+0.536,9.899,0.536,6204.975,76.897,,,19.437,40.017,17.443,6147.546,6187.563,6205.006,6128.078
2023,São Paulo Grand Prix,20,Brazil,São Paulo,0 days 01:44:42.165000,SAI,55,0 days 00:01:17.190000,12.0,3.0,,Carlos Sainz,,0 days 00:00:19.638000,0 days 00:00:40.045000,0 days 00:00:17.507000,0 days 01:43:44.644000,0 days 01:44:24.689000,0 days 01:44:42.196000,322.0,242.0,326.0,301.0,False,SOFT,14.0,False,Ferrari,0 days 01:43:24.975000,,1,8.0,False,,False,True,20.8,57.0,927.7,False,48.9,152,1.7,True,False,False,False,False,False,+11.196,+0.668,11.196,0.668,6282.165,77.19,,,19.638,40.045,17.507,6224.644,6264.689,6282.196,6204.975
2023,São Paulo Grand Prix,20,Brazil,São Paulo,0 days 01:45:59.060000,SAI,55,0 days 00:01:16.895000,13.0,3.0,,Carlos Sainz,,0 days 00:00:19.551000,0 days 00:00:39.899000,0 days 00:00:17.445000,0 days 01:45:01.747000,0 days 01:45:41.646000,0 days 01:45:59.091000,325.0,244.0,329.0,304.0,False,SOFT,15.0,False,Ferrari,0 days 01:44:42.165000,,1,8.0,False,,False,True,20.8,55.0,927.7,False,49.1,181,1.3,True,False,False,False,False,False,+11.802,+0.509,11.802,0.509,6359.06,76.895,,,19.551,39.899,17.445,6301.747,6341.646,6359.091,6282.165
2023,São Paulo Grand Prix,20,Brazil,São Paulo,0 days 01:47:16.415000,SAI,55,0 days 00:01:17.355000,14.0,3.0,,Carlos Sainz,,0 days 00:00:19.643000,0 days 00:00:40.101000,0 days 00:00:17.611000,0 days 01:46:18.734000,0 days 01:46:58.835000,0 days 01:47:16.446000,325.0,235.0,331.0,313.0,False,SOFT,16.0,False,Ferrari,0 days 01:45:59.060000,,1,8.0,False,,False,True,20.6,57.0,927.7,False,49.1,73,1.1,True,False,False,False,False,False,+12.856,+0.385,12.856,0.385,6436.415,77.355,,,19.643,40.101,17.611,6378.734,6418.835,6436.446,6359.06
2023,São Paulo Grand Prix,20,Brazil,São Paulo,0 days 01:48:33.798000,SAI,55,0 days 00:01:17.383000,15.0,3.0,,Carlos Sainz,,0 days 00:00:19.634000,0 days 00:00:40.039000,0 days 00:00:17.710000,0 days 01:47:36.080000,0 days 01:48:16.119000,0 days 01:48:33.829000,326.0,240.0,328.0,313.0,False,SOFT,17.0,False,Ferrari,0 days 01:47:16.415000,,1,8.0,False,,False,True,20.6,56.0,927.7,False,48.9,189,0.4,True,False,False,False,False,False,+14.056,+0.573,14.056,0.573,6513.798,77.383,,,19.634,40.039,17.71,6456.08,6496.119,6513.829,6436.415
2023,São Paulo Grand Prix,20,Brazil,São Paulo,0 days 01:49:51.304000,SAI,55,0 days 00:01:17.506000,16.0,3.0,,Carlos Sainz,,0 days 00:00:19.636000,0 days 00:00:40.249000,0 days 00:00:17.621000,0 days 01:48:53.465000,0 days 01:49:33.714000,0 days 01:49:51.335000,324.0,242.0,325.0,306.0,False,SOFT,18.0,False,Ferrari,0 days 01:48:33.798000,,1,8.0,False,,False,True,20.8,55.0,927.9,False,48.9,194,1.7,True,False,False,False,False,False,+15.250,+0.783,15.25,0.783,6591.304,77.506,,,19.636,40.249,17.621,6533.465,6573.714,6591.335,6513.798
2023,São Paulo Grand Prix,20,Brazil,São Paulo,0 days 01:51:08.569000,SAI,55,0 days 00:01:17.265000,17.0,3.0,,Carlos Sainz,,0 days 00:00:19.503000,0 days 00:00:40.223000,0 days 00:00:17.539000,0 days 01:50:10.838000,0 days 01:50:51.061000,0 days 01:51:08.600000,324.0,245.0,325.0,310.0,False,SOFT,19.0,False,Ferrari,0 days 01:49:51.304000,,1,8.0,False,,False,True,20.9,55.0,927.7,False,49.0,176,2.2,True,False,False,False,False,False,+16.339,+0.771,16.339,0.771,6668.569,77.265,,,19.503,40.223,17.539,6610.838,6651.061,6668.6,6591.304
2023,São Paulo Grand Prix,20,Brazil,São Paulo,0 days 01:52:25.912000,SAI,55,0 days 00:01:17.343000,18.0,3.0,,Carlos Sainz,,0 days 00:00:19.410000,0 days 00:00:40.366000,0 days 00:00:17.567000,0 days 01:51:28.010000,0 days 01:52:08.376000,0 days 01:52:25.943000,327.0,243.0,327.0,315.0,False,SOFT,20.0,False,Ferrari,0 days 01:51:08.569000,,1,7.0,False,,False,True,21.0,56.0,927.7,False,48.7,164,1.7,True,False,False,False,False,False,+17.346,+0.726,17.346,0.726,6745.912,77.343,,,19.41,40.366,17.567,6688.01,6728.376,6745.943,6668.569
2023,São Paulo Grand Prix,20,Brazil,São Paulo,0 days 01:53:43.133000,SAI,55,0 days 00:01:17.221000,19.0,3.0,,Carlos Sainz,,0 days 00:00:19.510000,0 days 00:00:40.113000,0 days 00:00:17.598000,0 days 01:52:45.453000,0 days 01:53:25.566000,0 days 01:53:43.164000,325.0,244.0,324.0,319.0,False,SOFT,21.0,False,Ferrari,0 days 01:52:25.912000,,1,6.0,False,,False,True,20.9,57.0,927.7,False,48.8,197,1.5,True,False,False,False,False,False,+18.499,+0.752,18.499,0.752,6823.133,77.221,,,19.51,40.113,17.598,6765.453,6805.566,6823.164,6745.912
2023,São Paulo Grand Prix,20,Brazil,São Paulo,0 days 01:55:00.362000,SAI,55,0 days 00:01:17.229000,20.0,3.0,,Carlos Sainz,,0 days 00:00:19.588000,0 days 00:00:39.885000,0 days 00:00:17.756000,0 days 01:54:02.752000,0 days 01:54:42.637000,0 days 01:55:00.393000,322.0,246.0,322.0,323.0,False,SOFT,22.0,False,Ferrari,0 days 01:53:43.133000,,1,5.0,False,,False,True,20.8,57.0,927.9,False,48.9,166,0.8,True,False,False,False,False,False,+19.536,+0.644,19.536,0.644,6900.362,77.229,,,19.588,39.885,17.756,6842.752,6882.637,6900.393,6823.133
2023,São Paulo Grand Prix,20,Brazil,São Paulo,0 days 01:56:17.722000,SAI,55,0 days 00:01:17.360000,21.0,3.0,,Carlos Sainz,,0 days 00:00:19.475000,0 days 00:00:40.101000,0 days 00:00:17.784000,0 days 01:55:19.868000,0 days 01:55:59.969000,0 days 01:56:17.753000,322.0,241.0,322.0,318.0,False,SOFT,23.0,False,Ferrari,0 days 01:55:00.362000,,1,5.0,False,,False,True,20.5,59.0,927.7,False,48.3,198,1.3,True,False,False,False,False,False,+20.689,+0.643,20.689,0.643,6977.722,77.36,,,19.475,40.101,17.784,6919.868,6959.969,6977.753,6900.362
2023,São Paulo Grand Prix,20,Brazil,São Paulo,0 days 01:57:34.744000,SAI,55,0 days 00:01:17.022000,22.0,3.0,,Carlos Sainz,,0 days 00:00:19.458000,0 days 00:00:39.988000,0 days 00:00:17.576000,0 days 01:56:37.211000,0 days 01:57:17.199000,0 days 01:57:34.775000,321.0,246.0,320.0,320.0,False,SOFT,24.0,False,Ferrari,0 days 01:56:17.722000,,1,4.0,False,,False,True,20.6,59.0,927.7,False,48.3,189,2.2,True,False,False,False,False,False,+21.678,+0.738,21.678,0.738,7054.744,77.022,,,19.458,39.988,17.576,6997.211,7037.199,7054.775,6977.722
2023,São Paulo Grand Prix,20,Brazil,São Paulo,0 days 01:58:51.496000,SAI,55,0 days 00:01:16.752000,23.0,3.0,,Carlos Sainz,,0 days 00:00:19.490000,0 days 00:00:39.303000,0 days 00:00:17.959000,0 days 01:57:54.265000,0 days 01:58:33.568000,0 days 01:58:51.527000,303.0,247.0,301.0,324.0,False,SOFT,25.0,False,Ferrari,0 days 01:57:34.744000,,1,4.0,False,,False,True,20.4,59.0,927.7,False,48.3,175,1.5,True,False,False,False,False,False,+22.262,+13.781,22.262,13.781,7131.496,76.752,,,19.49,39.303,17.959,7074.265,7113.568,7131.527,7054.744
2023,São Paulo Grand Prix,20,Brazil,São Paulo,0 days 02:00:08.635000,SAI,55,0 days 00:01:17.139000,24.0,3.0,,Carlos Sainz,,0 days 00:00:19.708000,0 days 00:00:39.490000,0 days 00:00:17.941000,0 days 01:59:11.235000,0 days 01:59:50.725000,0 days 02:00:08.666000,302.0,245.0,301.0,304.0,False,SOFT,26.0,False,Ferrari,0 days 01:58:51.496000,,1,4.0,False,,False,True,20.5,59.0,927.7,False,48.5,195,1.5,True,False,False,False,False,False,+22.988,+13.633,22.988,13.633,7208.635,77.139,,,19.708,39.49,17.941,7151.235,7190.725,7208.666,7131.496
2023,São Paulo Grand Prix,20,Brazil,São Paulo,0 days 02:01:26.059000,SAI,55,0 days 00:01:17.424000,25.0,3.0,,Carlos Sainz,,0 days 00:00:19.748000,0 days 00:00:39.680000,0 days 00:00:17.996000,0 days 02:00:28.414000,0 days 02:01:08.094000,0 days 02:01:26.090000,302.0,244.0,302.0,304.0,False,SOFT,27.0,False,Ferrari,0 days 02:00:08.635000,,1,4.0,False,,False,True,20.5,58.0,927.7,False,48.1,153,0.8,True,False,False,False,False,False,+24.154,+14.114,24.154,14.114,7286.059,77.424,,,19.748,39.68,17.996,7228.414,7268.094,7286.09,7208.635
2023,São Paulo Grand Prix,20,Brazil,São Paulo,0 days 02:02:47.117000,SAI,55,0 days 00:01:21.058000,26.0,3.0,,Carlos Sainz,0 days 02:02:44.185000,0 days 00:00:19.741000,0 days 00:00:39.539000,0 days 00:00:21.778000,0 days 02:01:45.831000,0 days 02:02:25.370000,0 days 02:02:47.148000,302.0,244.0,,302.0,False,SOFT,28.0,False,Ferrari,0 days 02:01:26.059000,,1,3.0,False,,False,False,20.5,58.0,927.7,False,47.8,200,0.6,True,False,False,False,False,False,+24.924,+21.367,24.924,21.367,7367.117,81.058,7364.185,,19.741,39.539,21.778,7305.831,7345.37,7367.148,7286.059
2023,São Paulo Grand Prix,20,Brazil,São Paulo,0 days 02:04:19.969000,SAI,55,0 days 00:01:32.852000,27.0,4.0,0 days 02:03:07.747000,Carlos Sainz,,0 days 00:00:36.895000,0 days 00:00:38.656000,0 days 00:00:17.301000,0 days 02:03:24.043000,0 days 02:04:02.699000,0 days 02:04:20,295.0,243.0,326.0,302.0,False,MEDIUM,1.0,True,Ferrari,0 days 02:02:47.117000,,1,9.0,False,,False,False,20.5,57.0,927.9,False,48.4,190,0.6,True,False,False,False,False,False,+45.328,+0.328,45.328,0.328,7459.969,92.852,,7387.747,36.895,38.656,17.301,7404.043,7442.699,7460.0,7367.117
2023,São Paulo Grand Prix,20,Brazil,São Paulo,0 days 02:05:35.368000,SAI,55,0 days 00:01:15.399000,28.0,4.0,,Carlos Sainz,,0 days 00:00:19.219000,0 days 00:00:38.629000,0 days 00:00:17.551000,0 days 02:04:39.219000,0 days 02:05:17.848000,0 days 02:05:35.399000,302.0,244.0,301.0,324.0,True,MEDIUM,2.0,True,Ferrari,0 days 02:04:19.969000,,1,8.0,False,,False,True,20.7,56.0,927.7,False,48.8,172,1.2,True,False,False,False,False,False,+23.962,+3.605,23.962,3.605,7535.368,75.399,,,19.219,38.629,17.551,7479.219,7517.848,7535.399,7459.969
2023,São Paulo Grand Prix,20,Brazil,São Paulo,0 days 02:06:51.204000,SAI,55,0 days 00:01:15.836000,29.0,4.0,,Carlos Sainz,,0 days 00:00:19.368000,0 days 00:00:38.940000,0 days 00:00:17.528000,0 days 02:05:54.767000,0 days 02:06:33.707000,0 days 02:06:51.235000,302.0,246.0,303.0,299.0,False,MEDIUM,3.0,True,Ferrari,0 days 02:05:35.368000,,1,8.0,False,,False,True,20.5,57.0,927.7,False,48.8,154,1.2,True,False,False,False,False,False,+24.118,+3.157,24.118,3.157,7611.204,75.836,,,19.368,38.94,17.528,7554.767,7593.707,7611.235,7535.368
2023,São Paulo Grand Prix,20,Brazil,São Paulo,0 days 02:08:06.962000,SAI,55,0 days 00:01:15.758000,30.0,4.0,,Carlos Sainz,,0 days 00:00:19.403000,0 days 00:00:38.761000,0 days 00:00:17.594000,0 days 02:07:10.638000,0 days 02:07:49.399000,0 days 02:08:06.993000,306.0,250.0,304.0,303.0,False,MEDIUM,4.0,True,Ferrari,0 days 02:06:51.204000,,1,8.0,False,,False,True,20.4,57.0,927.7,False,48.4,174,1.1,True,False,False,False,False,False,+24.019,+2.741,24.019,2.741,7686.962,75.758,,,19.403,38.761,17.594,7630.638,7669.399,7686.993,7611.204
2023,São Paulo Grand Prix,20,Brazil,São Paulo,0 days 02:09:22.552000,SAI,55,0 days 00:01:15.590000,31.0,4.0,,Carlos Sainz,,0 days 00:00:19.262000,0 days 00:00:38.771000,0 days 00:00:17.557000,0 days 02:08:26.255000,0 days 02:09:05.026000,0 days 02:09:22.583000,308.0,249.0,305.0,306.0,False,MEDIUM,5.0,True,Ferrari,0 days 02:08:06.962000,,1,8.0,False,,False,True,20.5,57.0,927.7,False,48.0,150,1.6,True,False,False,False,False,False,+23.893,+1.954,23.893,1.954,7762.552,75.59,,,19.262,38.771,17.557,7706.255,7745.026,7762.583,7686.962
2023,São Paulo Grand Prix,20,Brazil,São Paulo,0 days 02:10:38.052000,SAI,55,0 days 00:01:15.500000,32.0,4.0,,Carlos Sainz,,0 days 00:00:19.372000,0 days 00:00:38.676000,0 days 00:00:17.452000,0 days 02:09:41.955000,0 days 02:10:20.631000,0 days 02:10:38.083000,308.0,249.0,310.0,306.0,False,MEDIUM,6.0,True,Ferrari,0 days 02:09:22.552000,,1,8.0,False,,False,True,20.5,58.0,927.7,False,47.8,185,1.7,True,False,False,False,False,False,+23.979,+1.322,23.979,1.322,7838.052,75.5,,,19.372,38.676,17.452,7781.955,7820.631,7838.083,7762.552
2023,São Paulo Grand Prix,20,Brazil,São Paulo,0 days 02:11:53.690000,SAI,55,0 days 00:01:15.638000,33.0,4.0,,Carlos Sainz,,0 days 00:00:19.416000,0 days 00:00:38.964000,0 days 00:00:17.258000,0 days 02:10:57.499000,0 days 02:11:36.463000,0 days 02:11:53.721000,308.0,246.0,326.0,308.0,False,MEDIUM,7.0,True,Ferrari,0 days 02:10:38.052000,,1,8.0,False,,False,True,20.4,58.0,927.9,False,47.4,170,1.7,True,False,False,False,False,False,+24.554,+0.744,24.554,0.744,7913.69,75.638,,,19.416,38.964,17.258,7857.499,7896.463,7913.721,7838.052
2023,São Paulo Grand Prix,20,Brazil,São Paulo,0 days 02:13:09.739000,SAI,55,0 days 00:01:16.049000,34.0,4.0,,Carlos Sainz,,0 days 00:00:19.319000,0 days 00:00:39.418000,0 days 00:00:17.312000,0 days 02:12:13.040000,0 days 02:12:52.458000,0 days 02:13:09.770000,324.0,247.0,328.0,322.0,False,MEDIUM,8.0,True,Ferrari,0 days 02:11:53.690000,,1,7.0,False,,False,True,20.3,59.0,927.9,False,47.3,181,1.7,True,False,False,False,False,False,+25.495,+0.196,25.495,0.196,7989.739,76.049,,,19.319,39.418,17.312,7933.04,7972.458,7989.77,7913.69
2023,São Paulo Grand Prix,20,Brazil,São Paulo,0 days 02:14:25.652000,SAI,55,0 days 00:01:15.913000,35.0,4.0,,Carlos Sainz,,0 days 00:00:19.278000,0 days 00:00:39.123000,0 days 00:00:17.512000,0 days 02:13:29.048000,0 days 02:14:08.171000,0 days 02:14:25.683000,304.0,247.0,309.0,322.0,False,MEDIUM,9.0,True,Ferrari,0 days 02:13:09.739000,,1,7.0,False,,False,True,20.2,60.0,927.7,False,47.2,156,1.0,True,False,False,False,False,False,+26.109,+1.123,26.109,1.123,8065.652,75.913,,,19.278,39.123,17.512,8009.048,8048.171,8065.683,7989.739
2023,São Paulo Grand Prix,20,Brazil,São Paulo,0 days 02:15:41.255000,SAI,55,0 days 00:01:15.603000,36.0,4.0,,Carlos Sainz,,0 days 00:00:19.358000,0 days 00:00:38.905000,0 days 00:00:17.340000,0 days 02:14:45.041000,0 days 02:15:23.946000,0 days 02:15:41.286000,318.0,248.0,327.0,310.0,False,MEDIUM,10.0,True,Ferrari,0 days 02:14:25.652000,,1,7.0,False,,False,True,20.2,59.0,927.7,False,47.2,177,1.3,True,False,False,False,False,False,+26.706,+0.565,26.706,0.565,8141.255,75.603,,,19.358,38.905,17.34,8085.041,8123.946,8141.286,8065.652
2023,São Paulo Grand Prix,20,Brazil,São Paulo,0 days 02:16:57.203000,SAI,55,0 days 00:01:15.948000,37.0,4.0,,Carlos Sainz,,0 days 00:00:19.374000,0 days 00:00:39.093000,0 days 00:00:17.481000,0 days 02:16:00.660000,0 days 02:16:39.753000,0 days 02:16:57.234000,325.0,249.0,303.0,322.0,False,MEDIUM,11.0,True,Ferrari,0 days 02:15:41.255000,,1,6.0,False,,False,True,20.3,58.0,927.7,False,47.3,182,2.0,True,False,False,False,False,False,+27.812,+4.620,27.812,4.62,8217.203,75.948,,,19.374,39.093,17.481,8160.66,8199.753,8217.234,8141.255
2023,São Paulo Grand Prix,20,Brazil,São Paulo,0 days 02:18:13.180000,SAI,55,0 days 00:01:15.977000,38.0,4.0,,Carlos Sainz,,0 days 00:00:19.430000,0 days 00:00:38.966000,0 days 00:00:17.581000,0 days 02:17:16.664000,0 days 02:17:55.630000,0 days 02:18:13.211000,301.0,247.0,302.0,297.0,False,MEDIUM,12.0,True,Ferrari,0 days 02:16:57.203000,,1,6.0,False,,False,True,20.4,58.0,927.7,False,47.4,159,1.6,True,False,False,False,False,False,+28.804,+4.785,28.804,4.785,8293.18,75.977,,,19.43,38.966,17.581,8236.664,8275.63,8293.211,8217.203
2023,São Paulo Grand Prix,20,Brazil,São Paulo,0 days 02:19:29.142000,SAI,55,0 days 00:01:15.962000,39.0,4.0,,Carlos Sainz,,0 days 00:00:19.421000,0 days 00:00:38.901000,0 days 00:00:17.640000,0 days 02:18:32.632000,0 days 02:19:11.533000,0 days 02:19:29.173000,304.0,249.0,302.0,299.0,False,MEDIUM,13.0,True,Ferrari,0 days 02:18:13.180000,,1,6.0,False,,False,True,20.5,58.0,927.7,False,47.5,174,2.0,True,False,False,False,False,False,+29.792,+4.571,29.792,4.571,8369.142,75.962,,,19.421,38.901,17.64,8312.632,8351.533,8369.173,8293.18
2023,São Paulo Grand Prix,20,Brazil,São Paulo,0 days 02:20:45.004000,SAI,55,0 days 00:01:15.862000,40.0,4.0,,Carlos Sainz,,0 days 00:00:19.422000,0 days 00:00:38.843000,0 days 00:00:17.597000,0 days 02:19:48.595000,0 days 02:20:27.438000,0 days 02:20:45.035000,304.0,249.0,302.0,299.0,False,MEDIUM,14.0,True,Ferrari,0 days 02:19:29.142000,,1,6.0,False,,False,True,20.4,58.0,927.7,False,47.2,161,1.0,True,False,False,False,False,False,+30.436,+4.443,30.436,4.443,8445.004,75.862,,,19.422,38.843,17.597,8388.595,8427.438,8445.035,8369.142
2023,São Paulo Grand Prix,20,Brazil,São Paulo,0 days 02:22:00.974000,SAI,55,0 days 00:01:15.970000,41.0,4.0,,Carlos Sainz,,0 days 00:00:19.503000,0 days 00:00:38.884000,0 days 00:00:17.583000,0 days 02:21:04.538000,0 days 02:21:43.422000,0 days 02:22:01.005000,303.0,250.0,303.0,299.0,False,MEDIUM,15.0,True,Ferrari,0 days 02:20:45.004000,,1,6.0,False,,False,True,20.4,59.0,927.9,False,47.0,152,1.2,True,False,False,False,False,False,+31.088,+4.468,31.088,4.468,8520.974,75.97,,,19.503,38.884,17.583,8464.538,8503.422,8521.005,8445.004
2023,São Paulo Grand Prix,20,Brazil,São Paulo,0 days 02:23:17.141000,SAI,55,0 days 00:01:16.167000,42.0,4.0,,Carlos Sainz,,0 days 00:00:19.542000,0 days 00:00:38.909000,0 days 00:00:17.716000,0 days 02:22:20.547000,0 days 02:22:59.456000,0 days 02:23:17.172000,304.0,250.0,303.0,300.0,False,MEDIUM,16.0,True,Ferrari,0 days 02:22:00.974000,,1,6.0,False,,False,True,20.5,58.0,927.7,False,47.1,161,2.0,True,False,False,False,False,False,+32.035,+4.447,32.035,4.447,8597.141,76.167,,,19.542,38.909,17.716,8540.547,8579.456,8597.172,8520.974
2023,São Paulo Grand Prix,20,Brazil,São Paulo,0 days 02:24:33.339000,SAI,55,0 days 00:01:16.198000,43.0,4.0,,Carlos Sainz,,0 days 00:00:19.439000,0 days 00:00:39.013000,0 days 00:00:17.746000,0 days 02:23:36.611000,0 days 02:24:15.624000,0 days 02:24:33.370000,304.0,249.0,302.0,299.0,False,MEDIUM,17.0,True,Ferrari,0 days 02:23:17.141000,,1,6.0,False,,False,True,20.5,59.0,927.7,False,46.9,191,2.0,True,False,False,False,False,False,+33.183,+4.373,33.183,4.373,8673.339,76.198,,,19.439,39.013,17.746,8616.611,8655.624,8673.37,8597.141
2023,São Paulo Grand Prix,20,Brazil,São Paulo,0 days 02:25:49.884000,SAI,55,0 days 00:01:16.545000,44.0,4.0,,Carlos Sainz,,0 days 00:00:19.556000,0 days 00:00:39.241000,0 days 00:00:17.748000,0 days 02:24:52.926000,0 days 02:25:32.167000,0 days 02:25:49.915000,304.0,248.0,303.0,298.0,False,MEDIUM,18.0,True,Ferrari,0 days 02:24:33.339000,,1,6.0,False,,False,True,20.4,59.0,927.7,False,47.1,182,2.5,True,False,False,False,False,False,+34.414,+4.366,34.414,4.366,8749.884,76.545,,,19.556,39.241,17.748,8692.926,8732.167,8749.915,8673.339
2023,São Paulo Grand Prix,20,Brazil,São Paulo,0 days 02:27:06.410000,SAI,55,0 days 00:01:16.526000,45.0,4.0,,Carlos Sainz,,0 days 00:00:19.475000,0 days 00:00:39.252000,0 days 00:00:17.799000,0 days 02:26:09.390000,0 days 02:26:48.642000,0 days 02:27:06.441000,303.0,247.0,303.0,300.0,False,MEDIUM,19.0,True,Ferrari,0 days 02:25:49.884000,,1,6.0,False,,False,True,20.3,59.0,927.9,False,47.1,160,1.6,True,False,False,False,False,False,+35.461,+4.404,35.461,4.404,8826.41,76.526,,,19.475,39.252,17.799,8769.39,8808.642,8826.441,8749.884
2023,São Paulo Grand Prix,20,Brazil,São Paulo,0 days 02:28:22.931000,SAI,55,0 days 00:01:16.521000,46.0,4.0,,Carlos Sainz,,0 days 00:00:19.549000,0 days 00:00:39.276000,0 days 00:00:17.696000,0 days 02:27:25.990000,0 days 02:28:05.266000,0 days 02:28:22.962000,305.0,250.0,304.0,303.0,False,MEDIUM,20.0,True,Ferrari,0 days 02:27:06.410000,,1,6.0,False,,False,True,20.3,59.0,927.9,False,46.8,233,1.2,True,False,False,False,False,False,+36.653,+4.737,36.653,4.737,8902.931,76.521,,,19.549,39.276,17.696,8845.99,8885.266,8902.962,8826.41
2023,São Paulo Grand Prix,20,Brazil,São Paulo,0 days 02:29:39.178000,SAI,55,0 days 00:01:16.247000,47.0,4.0,,Carlos Sainz,,0 days 00:00:19.421000,0 days 00:00:39.230000,0 days 00:00:17.596000,0 days 02:28:42.383000,0 days 02:29:21.613000,0 days 02:29:39.209000,305.0,251.0,302.0,302.0,False,MEDIUM,21.0,True,Ferrari,0 days 02:28:22.931000,,1,5.0,False,,False,True,20.3,58.0,927.9,False,46.7,148,1.1,True,False,False,False,False,False,+37.532,+4.727,37.532,4.727,8979.178,76.247,,,19.421,39.23,17.596,8922.383,8961.613,8979.209,8902.931
2023,São Paulo Grand Prix,20,Brazil,São Paulo,0 days 02:30:55.469000,SAI,55,0 days 00:01:16.291000,48.0,4.0,,Carlos Sainz,,0 days 00:00:19.571000,0 days 00:00:39.080000,0 days 00:00:17.640000,0 days 02:29:58.780000,0 days 02:30:37.860000,0 days 02:30:55.500000,305.0,250.0,302.0,302.0,False,MEDIUM,22.0,True,Ferrari,0 days 02:29:39.178000,,1,4.0,False,,False,True,20.3,59.0,927.7,False,46.7,213,1.6,True,False,False,False,False,False,+38.309,+4.869,38.309,4.869,9055.469,76.291,,,19.571,39.08,17.64,8998.78,9037.86,9055.5,8979.178
2023,São Paulo Grand Prix,20,Brazil,São Paulo,0 days 02:32:11.635000,SAI,55,0 days 00:01:16.166000,49.0,4.0,,Carlos Sainz,,0 days 00:00:19.544000,0 days 00:00:39.007000,0 days 00:00:17.615000,0 days 02:31:15.044000,0 days 02:31:54.051000,0 days 02:32:11.666000,305.0,249.0,302.0,300.0,False,MEDIUM,23.0,True,Ferrari,0 days 02:30:55.469000,,1,4.0,False,,False,True,20.3,58.0,927.7,False,46.2,197,1.3,True,False,False,False,False,False,+39.020,+4.834,39.02,4.834,9131.635,76.166,,,19.544,39.007,17.615,9075.044,9114.051,9131.666,9055.469
2023,São Paulo Grand Prix,20,Brazil,São Paulo,0 days 02:33:27.632000,SAI,55,0 days 00:01:15.997000,50.0,4.0,,Carlos Sainz,,0 days 00:00:19.423000,0 days 00:00:38.985000,0 days 00:00:17.589000,0 days 02:32:31.089000,0 days 02:33:10.074000,0 days 02:33:27.663000,306.0,249.0,303.0,302.0,False,MEDIUM,24.0,True,Ferrari,0 days 02:32:11.635000,,1,4.0,False,,False,True,20.2,58.0,927.9,False,44.9,157,2.2,True,False,False,False,False,False,+39.593,+4.895,39.593,4.895,9207.632,75.997,,,19.423,38.985,17.589,9151.089,9190.074,9207.663,9131.635
2023,São Paulo Grand Prix,20,Brazil,São Paulo,0 days 02:34:47.973000,SAI,55,0 days 00:01:20.341000,51.0,4.0,,Carlos Sainz,0 days 02:34:45.069000,0 days 00:00:19.479000,0 days 00:00:39.274000,0 days 00:00:21.588000,0 days 02:33:47.142000,0 days 02:34:26.416000,0 days 02:34:48.004000,305.0,250.0,,302.0,False,MEDIUM,25.0,True,Ferrari,0 days 02:33:27.632000,,1,4.0,False,,False,False,20.3,59.0,927.7,False,43.2,181,1.5,True,False,False,False,False,False,+40.618,+4.926,40.618,4.926,9287.973,80.341,9285.069,,19.479,39.274,21.588,9227.142,9266.416,9288.004,9207.632
2023,São Paulo Grand Prix,20,Brazil,São Paulo,0 days 02:36:20.301000,SAI,55,0 days 00:01:32.328000,52.0,5.0,0 days 02:35:08.850000,Carlos Sainz,,0 days 00:00:36.818000,0 days 00:00:38.227000,0 days 00:00:17.283000,0 days 02:35:24.822000,0 days 02:36:03.049000,0 days 02:36:20.332000,299.0,248.0,302.0,302.0,False,SOFT,4.0,False,Ferrari,0 days 02:34:47.973000,,1,7.0,False,,False,False,20.3,58.0,927.7,False,42.5,164,0.6,True,False,False,False,False,False,+61.410,+24.843,61.41,24.843,9380.301,92.328,,9308.85,36.818,38.227,17.283,9324.822,9363.049,9380.332,9287.973
2023,São Paulo Grand Prix,20,Brazil,São Paulo,0 days 02:37:35.309000,SAI,55,0 days 00:01:15.008000,53.0,5.0,,Carlos Sainz,,0 days 00:00:19.286000,0 days 00:00:38.364000,0 days 00:00:17.358000,0 days 02:36:39.618000,0 days 02:37:17.982000,0 days 02:37:35.340000,306.0,251.0,305.0,299.0,True,SOFT,5.0,False,Ferrari,0 days 02:36:20.301000,,1,7.0,False,,False,True,20.3,58.0,927.7,False,41.1,183,0.6,True,False,False,False,False,False,+61.123,+2.292,61.123,2.292,9455.309,75.008,,,19.286,38.364,17.358,9399.618,9437.982,9455.34,9380.301
2023,São Paulo Grand Prix,20,Brazil,São Paulo,0 days 02:38:50.378000,SAI,55,0 days 00:01:15.069000,54.0,5.0,,Carlos Sainz,,0 days 00:00:19.329000,0 days 00:00:38.373000,0 days 00:00:17.367000,0 days 02:37:54.669000,0 days 02:38:33.042000,0 days 02:38:50.409000,305.0,249.0,304.0,301.0,False,SOFT,6.0,False,Ferrari,0 days 02:37:35.309000,,1,7.0,False,,False,True,20.3,59.0,927.9,False,40.5,160,1.1,True,False,False,False,False,False,+60.792,+2.930,60.792,2.93,9530.378,75.069,,,19.329,38.373,17.367,9474.669,9513.042,9530.409,9455.309
2023,São Paulo Grand Prix,20,Brazil,São Paulo,0 days 02:40:05.571000,SAI,55,0 days 00:01:15.193000,55.0,5.0,,Carlos Sainz,,0 days 00:00:19.325000,0 days 00:00:38.500000,0 days 00:00:17.368000,0 days 02:39:09.734000,0 days 02:39:48.234000,0 days 02:40:05.602000,305.0,250.0,304.0,303.0,False,SOFT,7.0,False,Ferrari,0 days 02:38:50.378000,,1,7.0,False,,False,True,20.2,59.0,927.7,False,40.5,304,1.1,True,False,False,False,False,False,+60.466,+2.953,60.466,2.953,9605.571,75.193,,,19.325,38.5,17.368,9549.734,9588.234,9605.602,9530.378
2023,São Paulo Grand Prix,20,Brazil,São Paulo,0 days 02:41:20.719000,SAI,55,0 days 00:01:15.148000,56.0,5.0,,Carlos Sainz,,0 days 00:00:19.339000,0 days 00:00:38.491000,0 days 00:00:17.318000,0 days 02:40:24.941000,0 days 02:41:03.432000,0 days 02:41:20.750000,305.0,255.0,304.0,303.0,False,SOFT,8.0,False,Ferrari,0 days 02:40:05.571000,,1,6.0,False,,False,True,20.0,58.0,927.9,False,39.6,179,1.1,True,False,False,False,False,False,+52.110,+3.407,52.11,3.407,9680.719,75.148,,,19.339,38.491,17.318,9624.941,9663.432,9680.75,9605.571
2023,São Paulo Grand Prix,20,Brazil,São Paulo,0 days 02:42:35.330000,SAI,55,0 days 00:01:14.611000,57.0,5.0,,Carlos Sainz,,0 days 00:00:19.144000,0 days 00:00:38.149000,0 days 00:00:17.318000,0 days 02:41:39.894000,0 days 02:42:18.043000,0 days 02:42:35.361000,306.0,251.0,304.0,300.0,True,SOFT,9.0,False,Ferrari,0 days 02:41:20.719000,,1,6.0,False,,False,True,20.0,59.0,927.7,False,39.6,197,1.0,True,False,False,False,False,False,+51.076,+3.372,51.076,3.372,9755.33,74.611,,,19.144,38.149,17.318,9699.894,9738.043,9755.361,9680.719
2023,São Paulo Grand Prix,20,Brazil,São Paulo,0 days 02:43:50.017000,SAI,55,0 days 00:01:14.687000,58.0,5.0,,Carlos Sainz,,0 days 00:00:19.135000,0 days 00:00:38.251000,0 days 00:00:17.301000,0 days 02:42:54.496000,0 days 02:43:32.747000,0 days 02:43:50.048000,305.0,252.0,303.0,302.0,False,SOFT,10.0,False,Ferrari,0 days 02:42:35.330000,,1,6.0,False,,False,True,20.0,59.0,927.9,False,38.8,160,1.2,True,False,False,False,False,False,+49.956,+3.537,49.956,3.537,9830.017,74.687,,,19.135,38.251,17.301,9774.496,9812.747,9830.048,9755.33
2023,São Paulo Grand Prix,20,Brazil,São Paulo,0 days 02:45:04.423000,SAI,55,0 days 00:01:14.406000,59.0,5.0,,Carlos Sainz,,0 days 00:00:19.203000,0 days 00:00:37.929000,0 days 00:00:17.274000,0 days 02:44:09.251000,0 days 02:44:47.180000,0 days 02:45:04.454000,304.0,252.0,303.0,301.0,True,SOFT,11.0,False,Ferrari,0 days 02:43:50.017000,,1,6.0,False,,False,True,19.9,58.0,927.7,False,38.7,200,0.8,True,False,False,False,False,False,+40.434,+3.809,40.434,3.809,9904.423,74.406,,,19.203,37.929,17.274,9849.251,9887.18,9904.454,9830.017
2023,São Paulo Grand Prix,20,Brazil,São Paulo,0 days 02:46:18.992000,SAI,55,0 days 00:01:14.569000,60.0,5.0,,Carlos Sainz,,0 days 00:00:19.186000,0 days 00:00:37.973000,0 days 00:00:17.410000,0 days 02:45:23.640000,0 days 02:46:01.613000,0 days 02:46:19.023000,306.0,253.0,304.0,300.0,False,SOFT,12.0,False,Ferrari,0 days 02:45:04.423000,,1,6.0,False,,False,True,19.8,58.0,927.9,False,38.0,177,1.2,True,False,False,False,False,False,+40.877,+3.971,40.877,3.971,9978.992,74.569,,,19.186,37.973,17.41,9923.64,9961.613,9979.023,9904.423
2023,São Paulo Grand Prix,20,Brazil,São Paulo,0 days 02:47:33.663000,SAI,55,0 days 00:01:14.671000,61.0,5.0,,Carlos Sainz,,0 days 00:00:19.213000,0 days 00:00:38.124000,0 days 00:00:17.334000,0 days 02:46:38.236000,0 days 02:47:16.360000,0 days 02:47:33.694000,304.0,252.0,303.0,298.0,False,SOFT,13.0,False,Ferrari,0 days 02:46:18.992000,,1,6.0,False,,False,True,19.8,58.0,927.7,False,37.9,176,2.4,True,False,False,False,False,False,+40.957,+4.163,40.957,4.163,10053.663,74.671,,,19.213,38.124,17.334,9998.236,10036.36,10053.694,9978.992
2023,São Paulo Grand Prix,20,Brazil,São Paulo,0 days 02:48:48.244000,SAI,55,0 days 00:01:14.581000,62.0,5.0,,Carlos Sainz,,0 days 00:00:19.122000,0 days 00:00:38.141000,0 days 00:00:17.318000,0 days 02:47:52.816000,0 days 02:48:30.957000,0 days 02:48:48.275000,305.0,255.0,304.0,300.0,False,SOFT,14.0,False,Ferrari,0 days 02:47:33.663000,,1,6.0,False,,False,True,19.8,59.0,927.9,False,37.8,182,2.0,True,False,False,False,False,False,+41.045,+4.405,41.045,4.405,10128.244,74.581,,,19.122,38.141,17.318,10072.816,10110.957,10128.275,10053.663
2023,São Paulo Grand Prix,20,Brazil,São Paulo,0 days 02:50:02.920000,SAI,55,0 days 00:01:14.676000,63.0,5.0,,Carlos Sainz,,0 days 00:00:19.115000,0 days 00:00:38.045000,0 days 00:00:17.516000,0 days 02:49:07.390000,0 days 02:49:45.435000,0 days 02:50:02.951000,305.0,254.0,304.0,302.0,False,SOFT,15.0,False,Ferrari,0 days 02:48:48.244000,,1,6.0,False,,False,True,19.9,60.0,927.7,False,37.6,177,1.3,True,False,False,False,False,False,+41.344,+4.798,41.344,4.798,10202.92,74.676,,,19.115,38.045,17.516,10147.39,10185.435,10202.951,10128.244
2023,São Paulo Grand Prix,20,Brazil,São Paulo,0 days 02:51:17.619000,SAI,55,0 days 00:01:14.699000,64.0,5.0,,Carlos Sainz,,0 days 00:00:19.195000,0 days 00:00:38.137000,0 days 00:00:17.367000,0 days 02:50:22.146000,0 days 02:51:00.283000,0 days 02:51:17.650000,302.0,252.0,304.0,300.0,False,SOFT,16.0,False,Ferrari,0 days 02:50:02.920000,,1,6.0,False,,False,True,19.9,59.0,927.7,False,37.8,154,1.6,True,False,False,False,False,False,+41.958,+5.408,41.958,5.408,10277.619,74.699,,,19.195,38.137,17.367,10222.146,10260.283,10277.65,10202.92
2023,São Paulo Grand Prix,20,Brazil,São Paulo,0 days 02:52:32.446000,SAI,55,0 days 00:01:14.827000,65.0,5.0,,Carlos Sainz,,0 days 00:00:19.201000,0 days 00:00:38.223000,0 days 00:00:17.403000,0 days 02:51:36.851000,0 days 02:52:15.074000,0 days 02:52:32.477000,302.0,251.0,303.0,298.0,False,SOFT,17.0,False,Ferrari,0 days 02:51:17.619000,,1,6.0,False,,False,True,19.8,60.0,927.9,False,37.8,153,1.2,True,False,False,False,False,False,+42.773,+5.999,42.773,5.999,10352.446,74.827,,,19.201,38.223,17.403,10296.851,10335.074,10352.477,10277.619
2023,São Paulo Grand Prix,20,Brazil,São Paulo,0 days 02:53:47.228000,SAI,55,0 days 00:01:14.782000,66.0,5.0,,Carlos Sainz,,0 days 00:00:19.266000,0 days 00:00:38.124000,0 days 00:00:17.392000,0 days 02:52:51.743000,0 days 02:53:29.867000,0 days 02:53:47.259000,304.0,253.0,304.0,298.0,False,SOFT,18.0,False,Ferrari,0 days 02:52:32.446000,,1,6.0,False,,False,True,19.8,60.0,927.7,False,37.1,159,1.3,True,False,False,False,False,False,+43.643,+6.417,43.643,6.417,10427.228,74.782,,,19.266,38.124,17.392,10371.743,10409.867,10427.259,10352.446
2023,São Paulo Grand Prix,20,Brazil,São Paulo,0 days 02:55:02.039000,SAI,55,0 days 00:01:14.811000,67.0,5.0,,Carlos Sainz,,0 days 00:00:19.214000,0 days 00:00:38.175000,0 days 00:00:17.422000,0 days 02:54:06.473000,0 days 02:54:44.648000,0 days 02:55:02.070000,303.0,250.0,303.0,298.0,False,SOFT,19.0,False,Ferrari,0 days 02:53:47.228000,,1,6.0,False,,False,True,19.7,59.0,927.7,False,37.1,175,1.7,True,False,False,False,False,False,+45.061,+7.214,45.061,7.214,10502.039,74.811,,,19.214,38.175,17.422,10446.473,10484.648,10502.07,10427.228
2023,São Paulo Grand Prix,20,Brazil,São Paulo,0 days 02:56:16.952000,SAI,55,0 days 00:01:14.913000,68.0,5.0,,Carlos Sainz,,0 days 00:00:19.191000,0 days 00:00:38.268000,0 days 00:00:17.454000,0 days 02:55:21.261000,0 days 02:55:59.529000,0 days 02:56:16.983000,305.0,252.0,302.0,300.0,False,SOFT,20.0,False,Ferrari,0 days 02:55:02.039000,,1,6.0,False,,False,True,19.7,60.0,927.7,False,36.8,179,2.2,True,False,False,False,False,False,+46.547,+7.737,46.547,7.737,10576.952,74.913,,,19.191,38.268,17.454,10521.261,10559.529,10576.983,10502.039
2023,São Paulo Grand Prix,20,Brazil,São Paulo,0 days 02:57:31.929000,SAI,55,0 days 00:01:14.977000,69.0,5.0,,Carlos Sainz,,0 days 00:00:19.194000,0 days 00:00:38.321000,0 days 00:00:17.462000,0 days 02:56:36.177000,0 days 02:57:14.498000,0 days 02:57:31.960000,302.0,252.0,302.0,298.0,False,SOFT,21.0,False,Ferrari,0 days 02:56:16.952000,,1,6.0,False,,False,True,19.6,61.0,927.9,False,36.6,152,1.5,True,False,False,False,False,False,+47.477,+8.373,47.477,8.373,10651.929,74.977,,,19.194,38.321,17.462,10596.177,10634.498,10651.96,10576.952
2023,São Paulo Grand Prix,20,Brazil,São Paulo,0 days 02:58:46.804000,SAI,55,0 days 00:01:14.875000,70.0,5.0,,Carlos Sainz,,0 days 00:00:19.140000,0 days 00:00:38.367000,0 days 00:00:17.368000,0 days 02:57:51.100000,0 days 02:58:29.467000,0 days 02:58:46.835000,305.0,253.0,303.0,298.0,False,SOFT,22.0,False,Ferrari,0 days 02:57:31.929000,,1,6.0,False,,False,True,19.7,61.0,927.7,False,36.4,177,1.2,True,False,False,False,False,False,+48.785,+8.738,48.785,8.738,10726.804,74.875,,,19.14,38.367,17.368,10671.1,10709.467,10726.835,10651.929
2023,São Paulo Grand Prix,20,Brazil,São Paulo,0 days 03:00:02.153000,SAI,55,0 days 00:01:15.349000,71.0,5.0,,Carlos Sainz,,0 days 00:00:19.288000,0 days 00:00:38.560000,0 days 00:00:17.501000,0 days 02:59:06.123000,0 days 02:59:44.683000,0 days 03:00:02.184000,303.0,252.0,304.0,298.0,False,SOFT,23.0,False,Ferrari,0 days 02:58:46.804000,,1,6.0,False,,False,True,19.8,60.0,927.7,False,36.5,159,0.8,True,False,False,False,False,False,+50.217,+9.325,50.217,9.325,10802.153,75.349,,,19.288,38.56,17.501,10746.123,10784.683,10802.184,10726.804
2023,São Paulo Grand Prix,20,Brazil,São Paulo,0 days 01:04:34.376000,RUS,63,0 days 00:02:11.238000,1.0,1.0,,George Russell,0 days 01:04:30.788000,,0 days 00:01:07.493000,0 days 00:00:38.514000,,0 days 01:03:55.929000,0 days 01:04:34.397000,305.0,187.0,,225.0,False,SOFT,4.0,False,Mercedes,0 days 01:02:22.839000,,124,6.0,False,,False,False,20.6,58.0,928.0,False,47.8,181,1.1,True,True,True,False,False,False,+9.318,+2.710,9.318,2.71,3874.376,131.238,3870.788,,,67.493,38.514,,3835.929,3874.397,3742.839
2023,São Paulo Grand Prix,20,Brazil,São Paulo,0 days 01:06:57.966000,RUS,63,0 days 00:02:23.590000,2.0,2.0,0 days 01:04:51.350000,George Russell,0 days 01:06:54.114000,0 days 00:00:40.051000,0 days 00:01:02.430000,0 days 00:00:41.109000,0 days 01:05:14.448000,0 days 01:06:16.878000,0 days 01:06:57.987000,222.0,176.0,,,False,SOFT,5.0,False,Mercedes,0 days 01:04:34.376000,,45,6.0,False,,False,False,20.6,60.0,928.0,False,47.1,178,1.2,False,False,True,True,False,False,+8.885,+2.726,8.885,2.726,4017.966,143.59,4014.114,3891.35,40.051,62.43,41.109,3914.448,3976.878,4017.987,3874.376
2023,São Paulo Grand Prix,20,Brazil,São Paulo,0 days 01:32:30.878000,RUS,63,,3.0,3.0,0 days 01:30:25.114000,George Russell,,,0 days 00:00:45.584000,0 days 00:00:57.048000,,0 days 01:31:34.003000,0 days 01:32:31.034000,281.0,171.0,58.0,225.0,False,SOFT,4.0,False,Mercedes,0 days 01:30:00.364000,,1,6.0,False,,False,False,20.7,55.0,927.9,False,49.2,198,2.2,True,False,False,False,False,False,+17.048,+4.406,17.048,4.406,5550.878,,,5425.114,,45.584,57.048,,5494.003,5551.034,5400.364
2023,São Paulo Grand Prix,20,Brazil,São Paulo,0 days 01:34:26.582000,RUS,63,0 days 00:01:55.704000,4.0,3.0,,George Russell,,0 days 00:00:58.369000,0 days 00:00:39.897000,0 days 00:00:17.438000,0 days 01:33:29.268000,0 days 01:34:09.165000,0 days 01:34:26.603000,303.0,249.0,303.0,225.0,True,SOFT,5.0,False,Mercedes,0 days 01:32:30.878000,,1,5.0,False,,False,True,20.8,56.0,927.9,False,48.7,98,1.7,True,False,False,False,False,False,+2.533,+0.428,2.533,0.428,5666.582,115.704,,,58.369,39.897,17.438,5609.268,5649.165,5666.603,5550.878
2023,São Paulo Grand Prix,20,Brazil,São Paulo,0 days 01:35:43.503000,RUS,63,0 days 00:01:16.921000,5.0,3.0,,George Russell,,0 days 00:00:20.041000,0 days 00:00:39.441000,0 days 00:00:17.439000,0 days 01:34:46.644000,0 days 01:35:26.085000,0 days 01:35:43.524000,301.0,244.0,301.0,284.0,True,SOFT,6.0,False,Mercedes,0 days 01:34:26.582000,,1,5.0,False,,False,True,21.0,55.0,927.7,False,50.2,180,0.8,True,False,False,False,False,False,+3.681,+0.519,3.681,0.519,5743.503,76.921,,,20.041,39.441,17.439,5686.644,5726.085,5743.524,5666.582
2023,São Paulo Grand Prix,20,Brazil,São Paulo,0 days 01:36:59.934000,RUS,63,0 days 00:01:16.431000,6.0,3.0,,George Russell,,0 days 00:00:19.866000,0 days 00:00:39.207000,0 days 00:00:17.358000,0 days 01:36:03.390000,0 days 01:36:42.597000,0 days 01:36:59.955000,314.0,247.0,317.0,280.0,True,SOFT,7.0,False,Mercedes,0 days 01:35:43.503000,,1,5.0,False,,False,True,20.9,55.0,927.9,False,49.8,186,1.1,True,False,False,False,False,False,+4.689,+0.599,4.689,0.599,5819.934,76.431,,,19.866,39.207,17.358,5763.39,5802.597,5819.955,5743.503
2023,São Paulo Grand Prix,20,Brazil,São Paulo,0 days 01:38:16.417000,RUS,63,0 days 00:01:16.483000,7.0,3.0,,George Russell,,0 days 00:00:19.926000,0 days 00:00:39.186000,0 days 00:00:17.371000,0 days 01:37:19.881000,0 days 01:37:59.067000,0 days 01:38:16.438000,315.0,249.0,315.0,281.0,False,SOFT,8.0,False,Mercedes,0 days 01:36:59.934000,,1,5.0,False,,False,True,21.1,57.0,927.7,False,49.6,170,1.2,True,False,False,False,False,False,+5.575,+0.597,5.575,0.597,5896.417,76.483,,,19.926,39.186,17.371,5839.881,5879.067,5896.438,5819.934
2023,São Paulo Grand Prix,20,Brazil,São Paulo,0 days 01:39:33.076000,RUS,63,0 days 00:01:16.659000,8.0,3.0,,George Russell,,0 days 00:00:19.791000,0 days 00:00:39.433000,0 days 00:00:17.435000,0 days 01:38:36.229000,0 days 01:39:15.662000,0 days 01:39:33.097000,310.0,249.0,318.0,282.0,False,SOFT,9.0,False,Mercedes,0 days 01:38:16.417000,,1,5.0,False,,False,True,21.1,58.0,927.9,False,49.7,204,1.8,True,False,False,False,False,False,+6.205,+0.526,6.205,0.526,5973.076,76.659,,,19.791,39.433,17.435,5916.229,5955.662,5973.097,5896.417
2023,São Paulo Grand Prix,20,Brazil,São Paulo,0 days 01:40:49.739000,RUS,63,0 days 00:01:16.663000,9.0,3.0,,George Russell,,0 days 00:00:19.809000,0 days 00:00:39.428000,0 days 00:00:17.426000,0 days 01:39:52.906000,0 days 01:40:32.334000,0 days 01:40:49.760000,312.0,246.0,318.0,283.0,False,SOFT,10.0,False,Mercedes,0 days 01:39:33.076000,,1,5.0,False,,False,True,21.1,58.0,927.9,False,49.3,175,1.7,True,False,False,False,False,False,+6.845,+0.794,6.845,0.794,6049.739,76.663,,,19.809,39.428,17.426,5992.906,6032.334,6049.76,5973.076
2023,São Paulo Grand Prix,20,Brazil,São Paulo,0 days 01:42:06.460000,RUS,63,0 days 00:01:16.721000,10.0,3.0,,George Russell,,0 days 00:00:19.793000,0 days 00:00:39.485000,0 days 00:00:17.443000,0 days 01:41:09.553000,0 days 01:41:49.038000,0 days 01:42:06.481000,308.0,249.0,318.0,293.0,False,SOFT,11.0,False,Mercedes,0 days 01:40:49.739000,,1,5.0,False,,False,True,21.0,58.0,927.7,False,49.4,263,1.0,True,False,False,False,False,False,+7.431,+0.628,7.431,0.628,6126.46,76.721,,,19.793,39.485,17.443,6069.553,6109.038,6126.481,6049.739
2023,São Paulo Grand Prix,20,Brazil,São Paulo,0 days 01:43:23.393000,RUS,63,0 days 00:01:16.933000,11.0,3.0,,George Russell,,0 days 00:00:19.811000,0 days 00:00:39.510000,0 days 00:00:17.612000,0 days 01:42:26.292000,0 days 01:43:05.802000,0 days 01:43:23.414000,312.0,245.0,302.0,300.0,False,SOFT,12.0,False,Mercedes,0 days 01:42:06.460000,,1,5.0,False,,False,True,20.9,58.0,927.5,False,49.2,291,1.5,True,False,False,False,False,False,+8.126,+0.996,8.126,0.996,6203.393,76.933,,,19.811,39.51,17.612,6146.292,6185.802,6203.414,6126.46
2023,São Paulo Grand Prix,20,Brazil,São Paulo,0 days 01:44:40.370000,RUS,63,0 days 00:01:16.977000,12.0,3.0,,George Russell,,0 days 00:00:19.867000,0 days 00:00:39.402000,0 days 00:00:17.708000,0 days 01:43:43.281000,0 days 01:44:22.683000,0 days 01:44:40.391000,299.0,244.0,299.0,302.0,False,SOFT,13.0,False,Mercedes,0 days 01:43:23.393000,,1,5.0,False,,False,True,20.8,57.0,927.7,False,48.9,152,1.7,True,False,False,False,False,False,+9.211,+1.020,9.211,1.02,6280.37,76.977,,,19.867,39.402,17.708,6223.281,6262.683,6280.391,6203.393
2023,São Paulo Grand Prix,20,Brazil,São Paulo,0 days 01:45:57.426000,RUS,63,0 days 00:01:17.056000,13.0,3.0,,George Russell,,0 days 00:00:19.717000,0 days 00:00:39.546000,0 days 00:00:17.793000,0 days 01:45:00.108000,0 days 01:45:39.654000,0 days 01:45:57.447000,307.0,242.0,302.0,297.0,False,SOFT,14.0,False,Mercedes,0 days 01:44:40.370000,,1,5.0,False,,False,True,20.8,55.0,927.7,False,49.1,181,1.3,True,False,False,False,False,False,+9.979,+1.092,9.979,1.092,6357.426,77.056,,,19.717,39.546,17.793,6300.108,6339.654,6357.447,6280.37
2023,São Paulo Grand Prix,20,Brazil,São Paulo,0 days 01:47:15.467000,RUS,63,0 days 00:01:18.041000,14.0,3.0,,George Russell,,0 days 00:00:20,0 days 00:00:40.421000,0 days 00:00:17.620000,0 days 01:46:17.447000,0 days 01:46:57.868000,0 days 01:47:15.488000,317.0,244.0,314.0,287.0,False,SOFT,15.0,False,Mercedes,0 days 01:45:57.426000,,1,6.0,False,,False,True,20.6,56.0,927.7,False,48.8,159,1.8,True,False,False,False,False,False,+12.049,+0.595,12.049,0.595,6435.467,78.041,,,20.0,40.421,17.62,6377.447,6417.868,6435.488,6357.426
2023,São Paulo Grand Prix,20,Brazil,São Paulo,0 days 01:48:32.782000,RUS,63,0 days 00:01:17.315000,15.0,3.0,,George Russell,,0 days 00:00:19.742000,0 days 00:00:39.787000,0 days 00:00:17.786000,0 days 01:47:35.230000,0 days 01:48:15.017000,0 days 01:48:32.803000,312.0,242.0,300.0,286.0,False,SOFT,16.0,False,Mercedes,0 days 01:47:15.467000,,1,6.0,False,,False,True,20.6,56.0,927.7,False,48.9,189,0.4,True,False,False,False,False,False,+12.849,+1.103,12.849,1.103,6512.782,77.315,,,19.742,39.787,17.786,6455.23,6495.017,6512.803,6435.467
2023,São Paulo Grand Prix,20,Brazil,São Paulo,0 days 01:49:49.978000,RUS,63,0 days 00:01:17.196000,16.0,3.0,,George Russell,,0 days 00:00:19.765000,0 days 00:00:39.548000,0 days 00:00:17.883000,0 days 01:48:52.568000,0 days 01:49:32.116000,0 days 01:49:49.999000,301.0,243.0,298.0,301.0,False,SOFT,17.0,False,Mercedes,0 days 01:48:32.782000,,1,6.0,False,,False,True,20.8,55.0,927.9,False,48.9,194,1.7,True,False,False,False,False,False,+13.734,+1.607,13.734,1.607,6589.978,77.196,,,19.765,39.548,17.883,6532.568,6572.116,6589.999,6512.782
2023,São Paulo Grand Prix,20,Brazil,São Paulo,0 days 01:51:07.370000,RUS,63,0 days 00:01:17.392000,17.0,3.0,,George Russell,,0 days 00:00:19.725000,0 days 00:00:39.699000,0 days 00:00:17.968000,0 days 01:50:09.724000,0 days 01:50:49.423000,0 days 01:51:07.391000,298.0,246.0,298.0,298.0,False,SOFT,18.0,False,Mercedes,0 days 01:49:49.978000,,1,6.0,False,,False,True,20.9,55.0,927.7,False,49.0,176,2.2,True,False,False,False,False,False,+14.948,+1.725,14.948,1.725,6667.37,77.392,,,19.725,39.699,17.968,6609.724,6649.423,6667.391,6589.978
2023,São Paulo Grand Prix,20,Brazil,São Paulo,0 days 01:52:24.689000,RUS,63,0 days 00:01:17.319000,18.0,3.0,,George Russell,,0 days 00:00:19.890000,0 days 00:00:39.632000,0 days 00:00:17.797000,0 days 01:51:27.281000,0 days 01:52:06.913000,0 days 01:52:24.710000,297.0,244.0,298.0,297.0,False,SOFT,19.0,False,Mercedes,0 days 01:51:07.370000,,1,5.0,False,,False,True,21.0,56.0,927.7,False,48.7,164,1.7,True,False,False,False,False,False,+15.923,+1.147,15.923,1.147,6744.689,77.319,,,19.89,39.632,17.797,6687.281,6726.913,6744.71,6667.37
2023,São Paulo Grand Prix,20,Brazil,São Paulo,0 days 01:53:45.222000,RUS,63,0 days 00:01:20.533000,19.0,3.0,,George Russell,0 days 01:53:42.300000,0 days 00:00:19.820000,0 days 00:00:39.316000,0 days 00:00:21.397000,0 days 01:52:44.530000,0 days 01:53:23.846000,0 days 01:53:45.243000,292.0,245.0,,297.0,False,SOFT,20.0,False,Mercedes,0 days 01:52:24.689000,,1,8.0,False,,False,False,20.9,57.0,927.7,False,48.8,197,1.5,True,False,False,False,False,False,+16.891,+2.019,16.891,2.019,6825.222,80.533,6822.3,,19.82,39.316,21.397,6764.53,6803.846,6825.243,6744.689
2023,São Paulo Grand Prix,20,Brazil,São Paulo,0 days 01:55:18.943000,RUS,63,0 days 00:01:33.721000,20.0,4.0,0 days 01:54:06.050000,George Russell,,0 days 00:00:36.829000,0 days 00:00:39.435000,0 days 00:00:17.457000,0 days 01:54:22.072000,0 days 01:55:01.507000,0 days 01:55:18.964000,294.0,242.0,299.0,297.0,False,MEDIUM,1.0,True,Mercedes,0 days 01:53:45.222000,,1,11.0,False,,False,False,20.8,57.0,927.9,False,48.9,166,0.8,True,False,False,False,False,False,+38.117,+1.284,38.117,1.284,6918.943,93.721,,6846.05,36.829,39.435,17.457,6862.072,6901.507,6918.964,6825.222
2023,São Paulo Grand Prix,20,Brazil,São Paulo,0 days 01:56:35.516000,RUS,63,0 days 00:01:16.573000,21.0,4.0,,George Russell,,0 days 00:00:19.626000,0 days 00:00:39.395000,0 days 00:00:17.552000,0 days 01:55:38.590000,0 days 01:56:17.985000,0 days 01:56:35.537000,302.0,245.0,300.0,287.0,False,MEDIUM,2.0,True,Mercedes,0 days 01:55:18.943000,,1,10.0,False,,False,True,20.5,59.0,927.7,False,48.3,198,1.3,True,False,False,False,False,False,+38.496,+1.784,38.496,1.784,6995.516,76.573,,,19.626,39.395,17.552,6938.59,6977.985,6995.537,6918.943
2023,São Paulo Grand Prix,20,Brazil,São Paulo,0 days 01:57:52.169000,RUS,63,0 days 00:01:16.653000,22.0,4.0,,George Russell,,0 days 00:00:19.712000,0 days 00:00:39.255000,0 days 00:00:17.686000,0 days 01:56:55.249000,0 days 01:57:34.504000,0 days 01:57:52.190000,295.0,240.0,297.0,287.0,False,MEDIUM,3.0,True,Mercedes,0 days 01:56:35.516000,,1,10.0,False,,False,True,20.6,59.0,927.7,False,48.3,189,2.2,True,False,False,False,False,False,+38.929,+2.428,38.929,2.428,7072.169,76.653,,,19.712,39.255,17.686,7015.249,7054.504,7072.19,6995.516
2023,São Paulo Grand Prix,20,Brazil,São Paulo,0 days 01:59:09.257000,RUS,63,0 days 00:01:17.088000,23.0,4.0,,George Russell,,0 days 00:00:19.781000,0 days 00:00:39.643000,0 days 00:00:17.664000,0 days 01:58:11.971000,0 days 01:58:51.614000,0 days 01:59:09.278000,300.0,240.0,298.0,280.0,False,MEDIUM,4.0,True,Mercedes,0 days 01:57:52.169000,,1,9.0,False,,False,True,20.4,59.0,927.7,False,48.3,175,1.5,True,False,False,False,False,False,+40.005,+2.166,40.005,2.166,7149.257,77.088,,,19.781,39.643,17.664,7091.971,7131.614,7149.278,7072.169
2023,São Paulo Grand Prix,20,Brazil,São Paulo,0 days 02:00:26.157000,RUS,63,0 days 00:01:16.900000,24.0,4.0,,George Russell,,0 days 00:00:19.834000,0 days 00:00:39.497000,0 days 00:00:17.569000,0 days 01:59:29.112000,0 days 02:00:08.609000,0 days 02:00:26.178000,299.0,241.0,298.0,286.0,False,MEDIUM,5.0,True,Mercedes,0 days 01:59:09.257000,,1,10.0,False,,False,True,20.5,58.0,927.7,False,48.1,155,1.2,True,False,False,False,False,False,+40.484,+2.198,40.484,2.198,7226.157,76.9,,,19.834,39.497,17.569,7169.112,7208.609,7226.178,7149.257
2023,São Paulo Grand Prix,20,Brazil,São Paulo,0 days 02:01:43.237000,RUS,63,0 days 00:01:17.080000,25.0,4.0,,George Russell,,0 days 00:00:19.650000,0 days 00:00:39.750000,0 days 00:00:17.680000,0 days 02:00:45.828000,0 days 02:01:25.578000,0 days 02:01:43.258000,313.0,241.0,301.0,290.0,False,MEDIUM,6.0,True,Mercedes,0 days 02:00:26.157000,,1,10.0,False,,False,True,20.5,58.0,927.7,False,48.1,153,0.8,True,False,False,False,False,False,+41.333,+1.345,41.333,1.345,7303.237,77.08,,,19.65,39.75,17.68,7245.828,7285.578,7303.258,7226.157
2023,São Paulo Grand Prix,20,Brazil,São Paulo,0 days 02:02:59.732000,RUS,63,0 days 00:01:16.495000,26.0,4.0,,George Russell,,0 days 00:00:19.619000,0 days 00:00:39.207000,0 days 00:00:17.669000,0 days 02:02:02.877000,0 days 02:02:42.084000,0 days 02:02:59.753000,304.0,243.0,302.0,290.0,False,MEDIUM,7.0,True,Mercedes,0 days 02:01:43.237000,,1,10.0,False,,False,True,20.5,58.0,927.7,False,47.8,200,0.6,True,False,False,False,False,False,+41.397,+1.960,41.397,1.96,7379.732,76.495,,,19.619,39.207,17.669,7322.877,7362.084,7379.753,7303.237
2023,São Paulo Grand Prix,20,Brazil,São Paulo,0 days 02:04:15.360000,RUS,63,0 days 00:01:15.628000,27.0,4.0,,George Russell,,0 days 00:00:19.444000,0 days 00:00:38.796000,0 days 00:00:17.388000,0 days 02:03:19.197000,0 days 02:03:57.993000,0 days 02:04:15.381000,304.0,252.0,319.0,297.0,True,MEDIUM,8.0,True,Mercedes,0 days 02:02:59.732000,,1,7.0,False,,False,True,20.6,57.0,927.7,False,48.7,196,1.1,True,False,False,False,False,False,+40.658,+0.710,40.658,0.71,7455.36,75.628,,,19.444,38.796,17.388,7399.197,7437.993,7455.381,7379.732
2023,São Paulo Grand Prix,20,Brazil,São Paulo,0 days 02:05:31.622000,RUS,63,0 days 00:01:16.262000,28.0,4.0,,George Russell,,0 days 00:00:19.294000,0 days 00:00:39.457000,0 days 00:00:17.511000,0 days 02:04:34.675000,0 days 02:05:14.132000,0 days 02:05:31.643000,314.0,251.0,320.0,310.0,False,MEDIUM,9.0,True,Mercedes,0 days 02:04:15.360000,,1,7.0,False,,False,True,20.7,56.0,927.7,False,48.8,172,1.2,True,False,False,False,False,False,+20.357,+0.542,20.357,0.542,7531.622,76.262,,,19.294,39.457,17.511,7474.675,7514.132,7531.643,7455.36
2023,São Paulo Grand Prix,20,Brazil,São Paulo,0 days 02:06:47.927000,RUS,63,0 days 00:01:16.305000,29.0,4.0,,George Russell,,0 days 00:00:19.412000,0 days 00:00:39.481000,0 days 00:00:17.412000,0 days 02:05:51.055000,0 days 02:06:30.536000,0 days 02:06:47.948000,312.0,244.0,320.0,296.0,False,MEDIUM,10.0,True,Mercedes,0 days 02:05:31.622000,,1,7.0,False,,False,True,20.5,57.0,927.7,False,48.8,154,1.2,True,False,False,False,False,False,+20.961,+0.636,20.961,0.636,7607.927,76.305,,,19.412,39.481,17.412,7551.055,7590.536,7607.948,7531.622
2023,São Paulo Grand Prix,20,Brazil,São Paulo,0 days 02:08:04.221000,RUS,63,0 days 00:01:16.294000,30.0,4.0,,George Russell,,0 days 00:00:19.370000,0 days 00:00:39.503000,0 days 00:00:17.421000,0 days 02:07:07.318000,0 days 02:07:46.821000,0 days 02:08:04.242000,311.0,244.0,318.0,300.0,False,MEDIUM,11.0,True,Mercedes,0 days 02:06:47.927000,,1,7.0,False,,False,True,20.4,57.0,927.7,False,48.4,174,1.1,True,False,False,False,False,False,+21.278,+0.489,21.278,0.489,7684.221,76.294,,,19.37,39.503,17.421,7627.318,7666.821,7684.242,7607.927
2023,São Paulo Grand Prix,20,Brazil,São Paulo,0 days 02:09:20.519000,RUS,63,0 days 00:01:16.298000,31.0,4.0,,George Russell,,0 days 00:00:19.301000,0 days 00:00:39.473000,0 days 00:00:17.524000,0 days 02:08:23.543000,0 days 02:09:03.016000,0 days 02:09:20.540000,316.0,242.0,317.0,302.0,False,MEDIUM,12.0,True,Mercedes,0 days 02:08:04.221000,,1,7.0,False,,False,True,20.5,57.0,927.7,False,48.0,150,1.6,True,False,False,False,False,False,+21.939,+0.763,21.939,0.763,7760.519,76.298,,,19.301,39.473,17.524,7703.543,7743.016,7760.54,7684.221
2023,São Paulo Grand Prix,20,Brazil,São Paulo,0 days 02:10:36.680000,RUS,63,0 days 00:01:16.161000,32.0,4.0,,George Russell,,0 days 00:00:19.240000,0 days 00:00:39.451000,0 days 00:00:17.470000,0 days 02:09:39.780000,0 days 02:10:19.231000,0 days 02:10:36.701000,313.0,247.0,316.0,310.0,False,MEDIUM,13.0,True,Mercedes,0 days 02:09:20.519000,,1,7.0,False,,False,True,20.5,58.0,927.7,False,47.8,185,1.7,True,False,False,False,False,False,+22.657,+0.836,22.657,0.836,7836.68,76.161,,,19.24,39.451,17.47,7779.78,7819.231,7836.701,7760.519
2023,São Paulo Grand Prix,20,Brazil,São Paulo,0 days 02:11:53.113000,RUS,63,0 days 00:01:16.433000,33.0,4.0,,George Russell,,0 days 00:00:19.482000,0 days 00:00:39.389000,0 days 00:00:17.562000,0 days 02:10:56.183000,0 days 02:11:35.572000,0 days 02:11:53.134000,315.0,245.0,301.0,301.0,False,MEDIUM,14.0,True,Mercedes,0 days 02:10:36.680000,,1,7.0,False,,False,True,20.4,58.0,927.9,False,47.4,170,1.7,True,False,False,False,False,False,+23.810,+1.072,23.81,1.072,7913.113,76.433,,,19.482,39.389,17.562,7856.183,7895.572,7913.134,7836.68
2023,São Paulo Grand Prix,20,Brazil,São Paulo,0 days 02:13:09.749000,RUS,63,0 days 00:01:16.636000,34.0,4.0,,George Russell,,0 days 00:00:19.521000,0 days 00:00:39.350000,0 days 00:00:17.765000,0 days 02:12:12.655000,0 days 02:12:52.005000,0 days 02:13:09.770000,296.0,247.0,300.0,298.0,False,MEDIUM,15.0,True,Mercedes,0 days 02:11:53.113000,,1,8.0,False,,False,True,20.3,59.0,927.9,False,47.3,181,1.7,True,False,False,False,False,False,+25.299,+1.306,25.299,1.306,7989.749,76.636,,,19.521,39.35,17.765,7932.655,7972.005,7989.77,7913.113
2023,São Paulo Grand Prix,20,Brazil,São Paulo,0 days 02:14:27.019000,RUS,63,0 days 00:01:17.270000,35.0,4.0,,George Russell,,0 days 00:00:19.811000,0 days 00:00:39.854000,0 days 00:00:17.605000,0 days 02:13:29.581000,0 days 02:14:09.435000,0 days 02:14:27.040000,308.0,244.0,301.0,292.0,False,MEDIUM,16.0,True,Mercedes,0 days 02:13:09.749000,,1,8.0,False,,False,True,20.2,60.0,927.7,False,47.2,156,1.0,True,False,False,False,False,False,+27.418,+1.309,27.418,1.309,8067.019,77.27,,,19.811,39.854,17.605,8009.581,8049.435,8067.04,7989.749
2023,São Paulo Grand Prix,20,Brazil,São Paulo,0 days 02:15:43.850000,RUS,63,0 days 00:01:16.831000,36.0,4.0,,George Russell,,0 days 00:00:19.743000,0 days 00:00:39.465000,0 days 00:00:17.623000,0 days 02:14:46.783000,0 days 02:15:26.248000,0 days 02:15:43.871000,294.0,243.0,301.0,277.0,False,MEDIUM,17.0,True,Mercedes,0 days 02:14:27.019000,,1,8.0,False,,False,True,20.2,59.0,927.7,False,47.2,177,1.3,True,False,False,False,False,False,+29.119,+2.413,29.119,2.413,8143.85,76.831,,,19.743,39.465,17.623,8086.783,8126.248,8143.871,8067.019
2023,São Paulo Grand Prix,20,Brazil,São Paulo,0 days 02:17:00.592000,RUS,63,0 days 00:01:16.742000,37.0,4.0,,George Russell,,0 days 00:00:19.688000,0 days 00:00:39.337000,0 days 00:00:17.717000,0 days 02:16:03.559000,0 days 02:16:42.896000,0 days 02:17:00.613000,300.0,241.0,299.0,286.0,False,MEDIUM,18.0,True,Mercedes,0 days 02:15:43.850000,,1,8.0,False,,False,True,20.3,58.0,927.7,False,47.3,182,2.0,True,False,False,False,False,False,+31.176,+2.156,31.176,2.156,8220.592,76.742,,,19.688,39.337,17.717,8163.559,8202.896,8220.613,8143.85
2023,São Paulo Grand Prix,20,Brazil,São Paulo,0 days 02:18:17.236000,RUS,63,0 days 00:01:16.644000,38.0,4.0,,George Russell,,0 days 00:00:19.652000,0 days 00:00:39.275000,0 days 00:00:17.717000,0 days 02:17:20.265000,0 days 02:17:59.540000,0 days 02:18:17.257000,303.0,243.0,299.0,286.0,False,MEDIUM,19.0,True,Mercedes,0 days 02:17:00.592000,,1,8.0,False,,False,True,20.5,59.0,927.7,False,47.5,191,1.7,True,False,False,False,False,False,+32.863,+2.480,32.863,2.48,8297.236,76.644,,,19.652,39.275,17.717,8240.265,8279.54,8297.257,8220.592
2023,São Paulo Grand Prix,20,Brazil,São Paulo,0 days 02:19:33.910000,RUS,63,0 days 00:01:16.674000,39.0,4.0,,George Russell,,0 days 00:00:19.604000,0 days 00:00:39.295000,0 days 00:00:17.775000,0 days 02:18:36.861000,0 days 02:19:16.156000,0 days 02:19:33.931000,301.0,250.0,298.0,294.0,False,MEDIUM,20.0,True,Mercedes,0 days 02:18:17.236000,,1,8.0,False,,False,True,20.5,58.0,927.7,False,47.5,174,2.0,True,False,False,False,False,False,+34.548,+2.543,34.548,2.543,8373.91,76.674,,,19.604,39.295,17.775,8316.861,8356.156,8373.931,8297.236
2023,São Paulo Grand Prix,20,Brazil,São Paulo,0 days 02:20:50.816000,RUS,63,0 days 00:01:16.906000,40.0,4.0,,George Russell,,0 days 00:00:19.687000,0 days 00:00:39.445000,0 days 00:00:17.774000,0 days 02:19:53.618000,0 days 02:20:33.063000,0 days 02:20:50.837000,296.0,246.0,297.0,300.0,False,MEDIUM,21.0,True,Mercedes,0 days 02:19:33.910000,,1,8.0,False,,False,True,20.4,58.0,927.7,False,47.2,161,1.0,True,False,False,False,False,False,+36.232,+3.079,36.232,3.079,8450.816,76.906,,,19.687,39.445,17.774,8393.618,8433.063,8450.837,8373.91
2023,São Paulo Grand Prix,20,Brazil,São Paulo,0 days 02:22:07.525000,RUS,63,0 days 00:01:16.709000,41.0,4.0,,George Russell,,0 days 00:00:19.728000,0 days 00:00:39.246000,0 days 00:00:17.735000,0 days 02:21:10.565000,0 days 02:21:49.811000,0 days 02:22:07.546000,301.0,249.0,298.0,295.0,False,MEDIUM,22.0,True,Mercedes,0 days 02:20:50.816000,,1,8.0,False,,False,True,20.4,59.0,927.9,False,47.0,152,1.2,True,False,False,False,False,False,+37.601,+3.399,37.601,3.399,8527.525,76.709,,,19.728,39.246,17.735,8470.565,8509.811,8527.546,8450.816
2023,São Paulo Grand Prix,20,Brazil,São Paulo,0 days 02:23:24.525000,RUS,63,0 days 00:01:17,42.0,4.0,,George Russell,,0 days 00:00:19.653000,0 days 00:00:39.565000,0 days 00:00:17.782000,0 days 02:22:27.199000,0 days 02:23:06.764000,0 days 02:23:24.546000,295.0,244.0,296.0,295.0,False,MEDIUM,23.0,True,Mercedes,0 days 02:22:07.525000,,1,8.0,False,,False,True,20.5,58.0,927.7,False,47.1,161,2.0,True,False,False,False,False,False,+39.364,+3.967,39.364,3.967,8604.525,77.0,,,19.653,39.565,17.782,8547.199,8586.764,8604.546,8527.525
2023,São Paulo Grand Prix,20,Brazil,São Paulo,0 days 02:24:42.265000,RUS,63,0 days 00:01:17.740000,43.0,4.0,,George Russell,,0 days 00:00:19.918000,0 days 00:00:40.147000,0 days 00:00:17.675000,0 days 02:23:44.464000,0 days 02:24:24.611000,0 days 02:24:42.286000,307.0,246.0,315.0,272.0,False,MEDIUM,24.0,True,Mercedes,0 days 02:23:24.525000,,1,9.0,False,,False,True,20.5,59.0,927.7,False,46.9,191,2.0,True,False,False,False,False,False,+42.205,+1.060,42.205,1.06,8682.265,77.74,,,19.918,40.147,17.675,8624.464,8664.611,8682.286,8604.525
2023,São Paulo Grand Prix,20,Brazil,São Paulo,0 days 02:25:59.687000,RUS,63,0 days 00:01:17.422000,44.0,4.0,,George Russell,,0 days 00:00:19.496000,0 days 00:00:40.033000,0 days 00:00:17.893000,0 days 02:25:01.782000,0 days 02:25:41.815000,0 days 02:25:59.708000,308.0,244.0,299.0,307.0,False,MEDIUM,25.0,True,Mercedes,0 days 02:24:42.265000,,1,9.0,False,,False,True,20.4,59.0,927.7,False,47.1,182,2.5,True,False,False,False,False,False,+44.190,+1.304,44.19,1.304,8759.687,77.422,,,19.496,40.033,17.893,8701.782,8741.815,8759.708,8682.265
2023,São Paulo Grand Prix,20,Brazil,São Paulo,0 days 02:27:20.870000,RUS,63,0 days 00:01:21.183000,45.0,4.0,,George Russell,0 days 02:27:17.949000,0 days 00:00:19.794000,0 days 00:00:39.586000,0 days 00:00:21.803000,0 days 02:26:19.502000,0 days 02:26:59.088000,0 days 02:27:20.891000,297.0,245.0,,293.0,False,MEDIUM,26.0,True,Mercedes,0 days 02:25:59.687000,,1,10.0,False,,False,False,20.3,59.0,927.9,False,47.1,164,1.5,True,False,False,False,False,False,+46.287,+2.225,46.287,2.225,8840.87,81.183,8837.949,,19.794,39.586,21.803,8779.502,8819.088,8840.891,8759.687
2023,São Paulo Grand Prix,20,Brazil,São Paulo,0 days 02:28:55.023000,RUS,63,0 days 00:01:34.153000,46.0,5.0,0 days 02:27:41.871000,George Russell,,0 days 00:00:37.403000,0 days 00:00:39.226000,0 days 00:00:17.524000,0 days 02:27:58.294000,0 days 02:28:37.520000,0 days 02:28:55.044000,292.0,245.0,295.0,293.0,False,SOFT,4.0,False,Mercedes,0 days 02:27:20.870000,,1,11.0,False,,False,False,20.3,59.0,927.9,False,46.8,233,1.2,True,False,False,False,False,False,+68.670,+6.124,68.67,6.124,8935.023,94.153,,8861.871,37.403,39.226,17.524,8878.294,8917.52,8935.044,8840.87
2023,São Paulo Grand Prix,20,Brazil,São Paulo,0 days 02:30:11.557000,RUS,63,0 days 00:01:16.534000,47.0,5.0,,George Russell,,0 days 00:00:19.745000,0 days 00:00:39.379000,0 days 00:00:17.410000,0 days 02:29:14.789000,0 days 02:29:54.168000,0 days 02:30:11.578000,299.0,241.0,294.0,283.0,False,SOFT,5.0,False,Mercedes,0 days 02:28:55.023000,,1,11.0,False,,False,True,20.3,58.0,927.9,False,46.7,148,1.1,True,False,False,False,False,False,+69.844,+3.751,69.844,3.751,9011.557,76.534,,,19.745,39.379,17.41,8954.789,8994.168,9011.578,8935.023
2023,São Paulo Grand Prix,20,Brazil,São Paulo,0 days 02:31:27.930000,RUS,63,0 days 00:01:16.373000,48.0,5.0,,George Russell,,0 days 00:00:19.778000,0 days 00:00:39.121000,0 days 00:00:17.474000,0 days 02:30:31.356000,0 days 02:31:10.477000,0 days 02:31:27.951000,297.0,248.0,295.0,289.0,False,SOFT,6.0,False,Mercedes,0 days 02:30:11.557000,,1,11.0,False,,False,True,20.3,58.0,927.7,False,46.2,197,1.3,True,False,False,False,False,False,+70.719,+5.499,70.719,5.499,9087.93,76.373,,,19.778,39.121,17.474,9031.356,9070.477,9087.951,9011.557
2023,São Paulo Grand Prix,20,Brazil,São Paulo,0 days 02:32:44.243000,RUS,63,0 days 00:01:16.313000,49.0,5.0,,George Russell,,0 days 00:00:19.584000,0 days 00:00:39.208000,0 days 00:00:17.521000,0 days 02:31:47.535000,0 days 02:32:26.743000,0 days 02:32:44.264000,295.0,244.0,295.0,284.0,False,SOFT,7.0,False,Mercedes,0 days 02:31:27.930000,,1,11.0,False,,False,True,20.2,58.0,927.7,False,45.4,150,1.5,True,False,False,False,False,False,+71.618,+5.026,71.618,5.026,9164.243,76.313,,,19.584,39.208,17.521,9107.535,9146.743,9164.264,9087.93
2023,São Paulo Grand Prix,20,Brazil,São Paulo,0 days 02:34:00.667000,RUS,63,0 days 00:01:16.424000,50.0,5.0,,George Russell,,0 days 00:00:19.833000,0 days 00:00:39.150000,0 days 00:00:17.441000,0 days 02:33:04.097000,0 days 02:33:43.247000,0 days 02:34:00.688000,296.0,243.0,296.0,275.0,False,SOFT,8.0,False,Mercedes,0 days 02:32:44.243000,,1,11.0,False,,False,True,20.2,58.0,927.9,False,44.9,157,2.2,True,False,False,False,False,False,+72.574,+4.793,72.574,4.793,9240.667,76.424,,,19.833,39.15,17.441,9184.097,9223.247,9240.688,9164.243
2023,São Paulo Grand Prix,20,Brazil,São Paulo,0 days 02:35:16.603000,RUS,63,0 days 00:01:15.936000,51.0,5.0,,George Russell,,0 days 00:00:19.529000,0 days 00:00:38.882000,0 days 00:00:17.525000,0 days 02:34:20.217000,0 days 02:34:59.099000,0 days 02:35:16.624000,294.0,247.0,294.0,284.0,False,SOFT,9.0,False,Mercedes,0 days 02:34:00.667000,,1,11.0,False,,False,True,20.3,58.0,927.7,False,42.5,164,0.6,True,False,False,False,False,False,+73.049,+4.432,73.049,4.432,9316.603,75.936,,,19.529,38.882,17.525,9260.217,9299.099,9316.624,9240.667
2023,São Paulo Grand Prix,20,Brazil,São Paulo,0 days 02:36:32.236000,RUS,63,0 days 00:01:15.633000,52.0,5.0,,George Russell,,0 days 00:00:19.463000,0 days 00:00:38.778000,0 days 00:00:17.392000,0 days 02:35:36.087000,0 days 02:36:14.865000,0 days 02:36:32.257000,293.0,246.0,294.0,291.0,False,SOFT,10.0,False,Mercedes,0 days 02:35:16.603000,,1,10.0,False,,False,True,20.3,59.0,927.7,False,41.8,0,1.1,True,False,False,False,False,False,+73.292,+7.917,73.292,7.917,9392.236,75.633,,,19.463,38.778,17.392,9336.087,9374.865,9392.257,9316.603
2023,São Paulo Grand Prix,20,Brazil,São Paulo,0 days 02:37:47.714000,RUS,63,0 days 00:01:15.478000,53.0,5.0,,George Russell,,0 days 00:00:19.430000,0 days 00:00:38.602000,0 days 00:00:17.446000,0 days 02:36:51.687000,0 days 02:37:30.289000,0 days 02:37:47.735000,293.0,245.0,296.0,289.0,True,SOFT,11.0,False,Mercedes,0 days 02:36:32.236000,,1,10.0,False,,False,True,20.3,58.0,927.7,False,41.1,183,0.6,True,False,False,False,False,False,+73.454,+7.957,73.454,7.957,9467.714,75.478,,,19.43,38.602,17.446,9411.687,9450.289,9467.735,9392.236
2023,São Paulo Grand Prix,20,Brazil,São Paulo,0 days 02:39:02.777000,RUS,63,0 days 00:01:15.063000,54.0,5.0,,George Russell,,0 days 00:00:19.360000,0 days 00:00:38.372000,0 days 00:00:17.331000,0 days 02:38:07.095000,0 days 02:38:45.467000,0 days 02:39:02.798000,294.0,250.0,297.0,292.0,True,SOFT,12.0,False,Mercedes,0 days 02:37:47.714000,,1,10.0,False,,False,True,20.3,59.0,927.9,False,40.5,160,1.1,True,False,False,False,False,False,+73.137,+7.846,73.137,7.846,9542.777,75.063,,,19.36,38.372,17.331,9487.095,9525.467,9542.798,9467.714
2023,São Paulo Grand Prix,20,Brazil,São Paulo,0 days 02:40:17.711000,RUS,63,0 days 00:01:14.934000,55.0,5.0,,George Russell,,0 days 00:00:19.301000,0 days 00:00:38.220000,0 days 00:00:17.413000,0 days 02:39:22.099000,0 days 02:40:00.319000,0 days 02:40:17.732000,294.0,250.0,296.0,295.0,True,SOFT,13.0,False,Mercedes,0 days 02:39:02.777000,,1,10.0,False,,False,True,20.0,59.0,927.7,False,40.0,174,0.6,True,False,False,False,False,False,+72.543,+7.592,72.543,7.592,9617.711,74.934,,,19.301,38.22,17.413,9562.099,9600.319,9617.732,9542.777
2023,São Paulo Grand Prix,20,Brazil,São Paulo,0 days 02:41:32.839000,RUS,63,0 days 00:01:15.128000,56.0,5.0,,George Russell,,0 days 00:00:19.400000,0 days 00:00:38.251000,0 days 00:00:17.477000,0 days 02:40:37.132000,0 days 02:41:15.383000,0 days 02:41:32.860000,293.0,247.0,297.0,296.0,False,SOFT,14.0,False,Mercedes,0 days 02:40:17.711000,,1,9.0,False,,False,True,20.0,58.0,927.9,False,39.6,179,1.1,True,False,False,False,False,False,+64.177,+7.421,64.177,7.421,9692.839,75.128,,,19.4,38.251,17.477,9637.132,9675.383,9692.86,9617.711
2023,São Paulo Grand Prix,20,Brazil,São Paulo,0 days 02:43:16.969000,RUS,63,0 days 00:01:44.130000,57.0,5.0,,George Russell,0 days 02:43:14.016000,0 days 00:00:19.394000,0 days 00:00:50.612000,0 days 00:00:34.124000,0 days 02:41:52.254000,0 days 02:42:42.866000,0 days 02:43:16.990000,295.0,103.0,,291.0,False,SOFT,15.0,False,Mercedes,0 days 02:41:32.839000,,1,12.0,False,,False,False,20.0,59.0,927.7,False,39.6,197,1.0,True,False,False,False,False,False,1 L,+3.031,,3.031,9796.969,104.13,9794.016,,19.394,50.612,34.124,9712.254,9762.866,9796.99,9692.839
2023,São Paulo Grand Prix,20,Brazil,São Paulo,0 days 01:04:45.332000,BOT,77,0 days 00:02:22.202000,1.0,1.0,,Valtteri Bottas,0 days 01:04:41.913000,,0 days 00:01:12.425000,0 days 00:00:42.061000,,0 days 01:04:03.304000,0 days 01:04:45.350000,300.0,168.0,,204.0,False,SOFT,1.0,True,Alfa Romeo,0 days 01:02:22.839000,,124,13.0,False,,False,False,20.6,58.0,928.0,False,47.8,181,1.1,True,True,True,False,False,False,+19.834,+1.607,19.834,1.607,3885.332,142.202,3881.913,,,72.425,42.061,,3843.304,3885.35,3742.839
2023,São Paulo Grand Prix,20,Brazil,São Paulo,0 days 01:07:11.563000,BOT,77,0 days 00:02:26.231000,2.0,2.0,0 days 01:05:02.741000,Valtteri Bottas,0 days 01:07:06.458000,0 days 00:00:41.959000,0 days 00:00:58.487000,0 days 00:00:45.785000,0 days 01:05:27.309000,0 days 01:06:25.796000,0 days 01:07:11.581000,264.0,166.0,,,False,SOFT,2.0,False,Alfa Romeo,0 days 01:04:45.332000,,45,12.0,False,,False,False,20.6,60.0,928.0,False,47.1,178,1.2,False,False,True,True,False,False,+18.079,+1.431,18.079,1.431,4031.563,146.231,4026.458,3902.741,41.959,58.487,45.785,3927.309,3985.796,4031.581,3885.332
2023,São Paulo Grand Prix,20,Brazil,São Paulo,0 days 01:33:07.634000,BOT,77,,3.0,3.0,0 days 01:30:44.660000,Valtteri Bottas,,,0 days 00:00:42.025000,0 days 00:01:17.358000,,0 days 01:31:50.316000,0 days 01:33:07.752000,260.0,204.0,54.0,204.0,False,SOFT,1.0,True,Alfa Romeo,0 days 01:30:00.364000,,1,12.0,False,,False,False,20.7,55.0,927.9,False,49.2,198,2.2,True,False,False,False,False,False,+56.180,+0.375,56.18,0.375,5587.634,,,5444.66,,42.025,77.358,,5510.316,5587.752,5400.364
2023,São Paulo Grand Prix,20,Brazil,São Paulo,0 days 01:34:29.392000,BOT,77,0 days 00:01:21.758000,4.0,3.0,,Valtteri Bottas,,0 days 00:00:23.372000,0 days 00:00:40.933000,0 days 00:00:17.453000,0 days 01:33:31.024000,0 days 01:34:11.957000,0 days 01:34:29.410000,309.0,225.0,310.0,223.0,True,SOFT,2.0,True,Alfa Romeo,0 days 01:33:07.634000,,1,13.0,False,,False,True,20.9,54.0,927.7,False,49.7,149,0.8,True,False,False,False,False,False,+5.403,+0.330,5.403,0.33,5669.392,81.758,,,23.372,40.933,17.453,5611.024,5651.957,5669.41,5587.634
2023,São Paulo Grand Prix,20,Brazil,São Paulo,0 days 01:35:47.166000,BOT,77,0 days 00:01:17.774000,5.0,3.0,,Valtteri Bottas,,0 days 00:00:20.327000,0 days 00:00:40.190000,0 days 00:00:17.257000,0 days 01:34:49.737000,0 days 01:35:29.927000,0 days 01:35:47.184000,309.0,241.0,317.0,297.0,True,SOFT,3.0,True,Alfa Romeo,0 days 01:34:29.392000,,1,13.0,False,,False,True,21.0,55.0,927.7,False,50.2,180,0.8,True,False,False,False,False,False,+7.491,+0.094,7.491,0.094,5747.166,77.774,,,20.327,40.19,17.257,5689.737,5729.927,5747.184,5669.392
2023,São Paulo Grand Prix,20,Brazil,São Paulo,0 days 01:37:04.405000,BOT,77,0 days 00:01:17.239000,6.0,3.0,,Valtteri Bottas,,0 days 00:00:20.099000,0 days 00:00:39.936000,0 days 00:00:17.204000,0 days 01:36:07.283000,0 days 01:36:47.219000,0 days 01:37:04.423000,322.0,232.0,333.0,291.0,True,SOFT,4.0,True,Alfa Romeo,0 days 01:35:47.166000,,1,13.0,False,,False,True,20.9,55.0,927.9,False,49.8,186,1.1,True,False,False,False,False,False,+9.263,+0.205,9.263,0.205,5824.405,77.239,,,20.099,39.936,17.204,5767.283,5807.219,5824.423,5747.166
2023,São Paulo Grand Prix,20,Brazil,São Paulo,0 days 01:38:21.566000,BOT,77,0 days 00:01:17.161000,7.0,3.0,,Valtteri Bottas,,0 days 00:00:19.908000,0 days 00:00:39.805000,0 days 00:00:17.448000,0 days 01:37:24.331000,0 days 01:38:04.136000,0 days 01:38:21.584000,316.0,241.0,324.0,327.0,True,SOFT,5.0,True,Alfa Romeo,0 days 01:37:04.405000,,1,13.0,False,,False,True,21.1,57.0,927.7,False,49.6,170,1.2,True,False,False,False,False,False,+10.770,+0.504,10.77,0.504,5901.566,77.161,,,19.908,39.805,17.448,5844.331,5884.136,5901.584,5824.405
2023,São Paulo Grand Prix,20,Brazil,São Paulo,0 days 01:39:38.206000,BOT,77,0 days 00:01:16.640000,8.0,3.0,,Valtteri Bottas,,0 days 00:00:19.538000,0 days 00:00:39.753000,0 days 00:00:17.349000,0 days 01:38:41.122000,0 days 01:39:20.875000,0 days 01:39:38.224000,320.0,242.0,327.0,291.0,True,SOFT,6.0,True,Alfa Romeo,0 days 01:38:21.566000,,1,13.0,False,,False,True,21.1,58.0,927.9,False,49.7,204,1.8,True,False,False,False,False,False,+11.575,+0.373,11.575,0.373,5978.206,76.64,,,19.538,39.753,17.349,5921.122,5960.875,5978.224,5901.566
2023,São Paulo Grand Prix,20,Brazil,São Paulo,0 days 01:40:55.108000,BOT,77,0 days 00:01:16.902000,9.0,3.0,,Valtteri Bottas,,0 days 00:00:19.803000,0 days 00:00:39.761000,0 days 00:00:17.338000,0 days 01:39:58.027000,0 days 01:40:37.788000,0 days 01:40:55.126000,314.0,246.0,321.0,289.0,False,SOFT,7.0,True,Alfa Romeo,0 days 01:39:38.206000,,1,13.0,False,,False,True,21.1,58.0,927.9,False,49.3,175,1.7,True,False,False,False,False,False,+12.258,+0.571,12.258,0.571,6055.108,76.902,,,19.803,39.761,17.338,5998.027,6037.788,6055.126,5978.206
2023,São Paulo Grand Prix,20,Brazil,São Paulo,0 days 01:42:11.867000,BOT,77,0 days 00:01:16.759000,10.0,3.0,,Valtteri Bottas,,0 days 00:00:19.592000,0 days 00:00:39.785000,0 days 00:00:17.382000,0 days 01:41:14.718000,0 days 01:41:54.503000,0 days 01:42:11.885000,321.0,244.0,322.0,302.0,False,SOFT,8.0,True,Alfa Romeo,0 days 01:40:55.108000,,1,12.0,False,,False,True,21.0,58.0,927.7,False,49.4,263,1.0,True,False,False,False,False,False,+13.023,+0.071,13.023,0.071,6131.867,76.759,,,19.592,39.785,17.382,6074.718,6114.503,6131.885,6055.108
2023,São Paulo Grand Prix,20,Brazil,São Paulo,0 days 01:43:28.998000,BOT,77,0 days 00:01:17.131000,11.0,3.0,,Valtteri Bottas,,0 days 00:00:19.457000,0 days 00:00:39.979000,0 days 00:00:17.695000,0 days 01:42:31.342000,0 days 01:43:11.321000,0 days 01:43:29.016000,315.0,238.0,303.0,322.0,False,SOFT,9.0,True,Alfa Romeo,0 days 01:42:11.867000,,1,12.0,False,,False,True,20.9,58.0,927.5,False,49.2,291,1.5,True,False,False,False,False,False,+13.738,+1.288,13.738,1.288,6208.998,77.131,,,19.457,39.979,17.695,6151.342,6191.321,6209.016,6131.867
2023,São Paulo Grand Prix,20,Brazil,São Paulo,0 days 01:44:45.835000,BOT,77,0 days 00:01:16.837000,12.0,3.0,,Valtteri Bottas,,0 days 00:00:19.954000,0 days 00:00:39.342000,0 days 00:00:17.541000,0 days 01:43:48.970000,0 days 01:44:28.312000,0 days 01:44:45.853000,300.0,241.0,319.0,301.0,False,SOFT,10.0,True,Alfa Romeo,0 days 01:43:28.998000,,1,12.0,False,,False,True,20.8,57.0,927.7,False,48.9,152,1.7,True,False,False,False,False,False,+14.816,+1.082,14.816,1.082,6285.835,76.837,,,19.954,39.342,17.541,6228.97,6268.312,6285.853,6208.998
2023,São Paulo Grand Prix,20,Brazil,São Paulo,0 days 01:46:03.394000,BOT,77,0 days 00:01:17.559000,13.0,3.0,,Valtteri Bottas,,0 days 00:00:19.788000,0 days 00:00:40.123000,0 days 00:00:17.648000,0 days 01:45:05.641000,0 days 01:45:45.764000,0 days 01:46:03.412000,315.0,241.0,319.0,307.0,False,SOFT,11.0,True,Alfa Romeo,0 days 01:44:45.835000,,1,12.0,False,,False,True,20.8,55.0,927.7,False,49.1,181,1.3,True,False,False,False,False,False,+16.070,+0.762,16.07,0.762,6363.394,77.559,,,19.788,40.123,17.648,6305.641,6345.764,6363.412,6285.835
2023,São Paulo Grand Prix,20,Brazil,São Paulo,0 days 01:47:20.771000,BOT,77,0 days 00:01:17.377000,14.0,3.0,,Valtteri Bottas,,0 days 00:00:19.659000,0 days 00:00:40.155000,0 days 00:00:17.563000,0 days 01:46:23.071000,0 days 01:47:03.226000,0 days 01:47:20.789000,321.0,244.0,316.0,301.0,False,SOFT,12.0,True,Alfa Romeo,0 days 01:46:03.394000,,1,11.0,False,,False,True,20.6,57.0,927.7,False,49.1,73,1.1,True,False,False,False,False,False,+17.343,+0.549,17.343,0.549,6440.771,77.377,,,19.659,40.155,17.563,6383.071,6423.226,6440.789,6363.394
2023,São Paulo Grand Prix,20,Brazil,São Paulo,0 days 01:48:38.114000,BOT,77,0 days 00:01:17.343000,15.0,3.0,,Valtteri Bottas,,0 days 00:00:19.785000,0 days 00:00:39.677000,0 days 00:00:17.881000,0 days 01:47:40.574000,0 days 01:48:20.251000,0 days 01:48:38.132000,301.0,245.0,297.0,317.0,False,SOFT,13.0,True,Alfa Romeo,0 days 01:47:20.771000,,1,11.0,False,,False,True,20.6,56.0,927.7,False,48.9,189,0.4,True,False,False,False,False,False,+18.145,+1.709,18.145,1.709,6518.114,77.343,,,19.785,39.677,17.881,6460.574,6500.251,6518.132,6440.771
2023,São Paulo Grand Prix,20,Brazil,São Paulo,0 days 01:49:55.879000,BOT,77,0 days 00:01:17.765000,16.0,3.0,,Valtteri Bottas,,0 days 00:00:19.903000,0 days 00:00:39.929000,0 days 00:00:17.933000,0 days 01:48:58.035000,0 days 01:49:37.964000,0 days 01:49:55.897000,301.0,243.0,296.0,297.0,False,SOFT,14.0,True,Alfa Romeo,0 days 01:48:38.114000,,1,10.0,False,,False,True,20.8,55.0,927.9,False,48.9,194,1.7,True,False,False,False,False,False,+19.611,+3.626,19.611,3.626,6595.879,77.765,,,19.903,39.929,17.933,6538.035,6577.964,6595.897,6518.114
2023,São Paulo Grand Prix,20,Brazil,São Paulo,0 days 01:51:13.310000,BOT,77,0 days 00:01:17.431000,17.0,3.0,,Valtteri Bottas,,0 days 00:00:19.830000,0 days 00:00:39.672000,0 days 00:00:17.929000,0 days 01:50:15.727000,0 days 01:50:55.399000,0 days 01:51:13.328000,300.0,241.0,296.0,296.0,False,SOFT,15.0,True,Alfa Romeo,0 days 01:49:55.879000,,1,10.0,False,,False,True,20.9,55.0,927.7,False,49.0,176,2.2,True,False,False,False,False,False,+20.863,+3.613,20.863,3.613,6673.31,77.431,,,19.83,39.672,17.929,6615.727,6655.399,6673.328,6595.879
2023,São Paulo Grand Prix,20,Brazil,São Paulo,0 days 01:52:34.673000,BOT,77,0 days 00:01:21.363000,18.0,3.0,,Valtteri Bottas,0 days 01:52:31.739000,0 days 00:00:19.873000,0 days 00:00:39.710000,0 days 00:00:21.780000,0 days 01:51:33.201000,0 days 01:52:12.911000,0 days 01:52:34.691000,299.0,239.0,,295.0,False,SOFT,16.0,True,Alfa Romeo,0 days 01:51:13.310000,,1,11.0,False,,False,False,21.0,56.0,927.7,False,48.7,164,1.7,True,False,False,False,False,False,+21.971,+7.177,21.971,7.177,6754.673,81.363,6751.739,,19.873,39.71,21.78,6693.201,6732.911,6754.691,6673.31
2023,São Paulo Grand Prix,20,Brazil,São Paulo,0 days 01:54:09.395000,BOT,77,0 days 00:01:34.722000,19.0,4.0,0 days 01:52:55.879000,Valtteri Bottas,,0 days 00:00:37.836000,0 days 00:00:39.453000,0 days 00:00:17.433000,0 days 01:53:12.527000,0 days 01:53:51.980000,0 days 01:54:09.413000,293.0,239.0,314.0,295.0,False,MEDIUM,1.0,True,Alfa Romeo,0 days 01:52:34.673000,,1,13.0,False,,False,False,20.9,57.0,927.7,False,48.8,197,1.5,True,False,False,False,False,False,+44.703,+0.285,44.703,0.285,6849.395,94.722,,6775.879,37.836,39.453,17.433,6792.527,6831.98,6849.413,6754.673
2023,São Paulo Grand Prix,20,Brazil,São Paulo,0 days 01:55:25.126000,BOT,77,0 days 00:01:15.731000,20.0,4.0,,Valtteri Bottas,,0 days 00:00:19.320000,0 days 00:00:38.836000,0 days 00:00:17.575000,0 days 01:54:28.733000,0 days 01:55:07.569000,0 days 01:55:25.144000,298.0,247.0,295.0,315.0,True,MEDIUM,2.0,True,Alfa Romeo,0 days 01:54:09.395000,,1,13.0,False,,False,True,20.6,58.0,927.9,False,48.9,190,2.5,True,False,False,False,False,False,+44.280,+3.992,44.28,3.992,6925.126,75.731,,,19.32,38.836,17.575,6868.733,6907.569,6925.144,6849.395
2023,São Paulo Grand Prix,20,Brazil,São Paulo,0 days 01:56:41.578000,BOT,77,0 days 00:01:16.452000,21.0,4.0,,Valtteri Bottas,,0 days 00:00:19.775000,0 days 00:00:39.005000,0 days 00:00:17.672000,0 days 01:55:44.919000,0 days 01:56:23.924000,0 days 01:56:41.596000,296.0,243.0,295.0,291.0,False,MEDIUM,3.0,True,Alfa Romeo,0 days 01:55:25.126000,,1,13.0,False,,False,True,20.5,59.0,927.7,False,48.3,198,1.3,True,False,False,False,False,False,+44.521,+3.308,44.521,3.308,7001.578,76.452,,,19.775,39.005,17.672,6944.919,6983.924,7001.596,6925.126
2023,São Paulo Grand Prix,20,Brazil,São Paulo,0 days 01:57:57.788000,BOT,77,0 days 00:01:16.210000,22.0,4.0,,Valtteri Bottas,,0 days 00:00:19.728000,0 days 00:00:38.896000,0 days 00:00:17.586000,0 days 01:57:01.324000,0 days 01:57:40.220000,0 days 01:57:57.806000,297.0,245.0,296.0,292.0,False,MEDIUM,4.0,True,Alfa Romeo,0 days 01:56:41.578000,,1,12.0,False,,False,True,20.6,59.0,927.7,False,48.3,189,2.2,True,False,False,False,False,False,+44.545,+2.571,44.545,2.571,7077.788,76.21,,,19.728,38.896,17.586,7021.324,7060.22,7077.806,7001.578
2023,São Paulo Grand Prix,20,Brazil,São Paulo,0 days 01:59:14.310000,BOT,77,0 days 00:01:16.522000,23.0,4.0,,Valtteri Bottas,,0 days 00:00:19.710000,0 days 00:00:39.229000,0 days 00:00:17.583000,0 days 01:58:17.516000,0 days 01:58:56.745000,0 days 01:59:14.328000,300.0,244.0,298.0,297.0,False,MEDIUM,5.0,True,Alfa Romeo,0 days 01:57:57.788000,,1,12.0,False,,False,True,20.4,59.0,927.7,False,48.3,175,1.5,True,False,False,False,False,False,+45.052,+1.788,45.052,1.788,7154.31,76.522,,,19.71,39.229,17.583,7097.516,7136.745,7154.328,7077.788
2023,São Paulo Grand Prix,20,Brazil,São Paulo,0 days 02:00:31.208000,BOT,77,0 days 00:01:16.898000,24.0,4.0,,Valtteri Bottas,,0 days 00:00:19.773000,0 days 00:00:39.373000,0 days 00:00:17.752000,0 days 01:59:34.101000,0 days 02:00:13.474000,0 days 02:00:31.226000,294.0,243.0,297.0,296.0,False,MEDIUM,6.0,True,Alfa Romeo,0 days 01:59:14.310000,,1,12.0,False,,False,True,20.5,58.0,927.7,False,48.1,155,1.2,True,False,False,False,False,False,+45.526,+1.747,45.526,1.747,7231.208,76.898,,,19.773,39.373,17.752,7174.101,7213.474,7231.226,7154.31
2023,São Paulo Grand Prix,20,Brazil,São Paulo,0 days 02:01:48.035000,BOT,77,0 days 00:01:16.827000,25.0,4.0,,Valtteri Bottas,,0 days 00:00:19.790000,0 days 00:00:39.331000,0 days 00:00:17.706000,0 days 02:00:51.016000,0 days 02:01:30.347000,0 days 02:01:48.053000,300.0,247.0,299.0,297.0,False,MEDIUM,7.0,True,Alfa Romeo,0 days 02:00:31.208000,,1,12.0,False,,False,True,20.5,58.0,927.7,False,48.1,153,0.8,True,False,False,False,False,False,+46.109,+1.672,46.109,1.672,7308.035,76.827,,,19.79,39.331,17.706,7251.016,7290.347,7308.053,7231.208
2023,São Paulo Grand Prix,20,Brazil,São Paulo,0 days 02:03:04.663000,BOT,77,0 days 00:01:16.628000,26.0,4.0,,Valtteri Bottas,,0 days 00:00:19.638000,0 days 00:00:39.333000,0 days 00:00:17.657000,0 days 02:02:07.691000,0 days 02:02:47.024000,0 days 02:03:04.681000,299.0,242.0,300.0,293.0,False,MEDIUM,8.0,True,Alfa Romeo,0 days 02:01:48.035000,,1,12.0,False,,False,True,20.5,58.0,927.7,False,47.8,200,0.6,True,False,False,False,False,False,+46.310,+1.570,46.31,1.57,7384.663,76.628,,,19.638,39.333,17.657,7327.691,7367.024,7384.681,7308.035
2023,São Paulo Grand Prix,20,Brazil,São Paulo,0 days 02:04:21.744000,BOT,77,0 days 00:01:17.081000,27.0,4.0,,Valtteri Bottas,,0 days 00:00:19.690000,0 days 00:00:39.703000,0 days 00:00:17.688000,0 days 02:03:24.371000,0 days 02:04:04.074000,0 days 02:04:21.762000,301.0,248.0,301.0,299.0,False,MEDIUM,9.0,True,Alfa Romeo,0 days 02:03:04.663000,,1,10.0,False,,False,True,20.6,57.0,927.7,False,48.7,196,1.1,True,False,False,False,False,False,+46.860,+1.599,46.86,1.599,7461.744,77.081,,,19.69,39.703,17.688,7404.371,7444.074,7461.762,7384.663
2023,São Paulo Grand Prix,20,Brazil,São Paulo,0 days 02:05:38.855000,BOT,77,0 days 00:01:17.111000,28.0,4.0,,Valtteri Bottas,,0 days 00:00:19.802000,0 days 00:00:39.569000,0 days 00:00:17.740000,0 days 02:04:41.564000,0 days 02:05:21.133000,0 days 02:05:38.873000,302.0,236.0,297.0,298.0,False,MEDIUM,10.0,True,Alfa Romeo,0 days 02:04:21.744000,,1,10.0,False,,False,True,20.7,56.0,927.7,False,48.8,172,1.2,True,False,False,False,False,False,+27.418,+1.588,27.418,1.588,7538.855,77.111,,,19.802,39.569,17.74,7481.564,7521.133,7538.873,7461.744
2023,São Paulo Grand Prix,20,Brazil,São Paulo,0 days 02:06:55.776000,BOT,77,0 days 00:01:16.921000,29.0,4.0,,Valtteri Bottas,,0 days 00:00:19.706000,0 days 00:00:39.489000,0 days 00:00:17.726000,0 days 02:05:58.579000,0 days 02:06:38.068000,0 days 02:06:55.794000,300.0,244.0,298.0,298.0,False,MEDIUM,11.0,True,Alfa Romeo,0 days 02:05:38.855000,,1,10.0,False,,False,True,20.5,57.0,927.7,False,48.8,154,1.2,True,False,False,False,False,False,+28.641,+1.289,28.641,1.289,7615.776,76.921,,,19.706,39.489,17.726,7558.579,7598.068,7615.794,7538.855
2023,São Paulo Grand Prix,20,Brazil,São Paulo,0 days 02:08:12.325000,BOT,77,0 days 00:01:16.549000,30.0,4.0,,Valtteri Bottas,,0 days 00:00:19.628000,0 days 00:00:39.303000,0 days 00:00:17.618000,0 days 02:07:15.422000,0 days 02:07:54.725000,0 days 02:08:12.343000,301.0,245.0,316.0,296.0,False,MEDIUM,12.0,True,Alfa Romeo,0 days 02:06:55.776000,,1,10.0,False,,False,True,20.4,57.0,927.7,False,48.4,174,1.1,True,False,False,False,False,False,+29.382,+0.768,29.382,0.768,7692.325,76.549,,,19.628,39.303,17.618,7635.422,7674.725,7692.343,7615.776
2023,São Paulo Grand Prix,20,Brazil,São Paulo,0 days 02:09:28.827000,BOT,77,0 days 00:01:16.502000,31.0,4.0,,Valtteri Bottas,,0 days 00:00:19.459000,0 days 00:00:39.430000,0 days 00:00:17.613000,0 days 02:08:31.802000,0 days 02:09:11.232000,0 days 02:09:28.845000,318.0,244.0,313.0,316.0,False,MEDIUM,13.0,True,Alfa Romeo,0 days 02:08:12.325000,,1,9.0,False,,False,True,20.5,57.0,927.7,False,48.0,150,1.6,True,False,False,False,False,False,+30.236,+0.688,30.236,0.688,7768.827,76.502,,,19.459,39.43,17.613,7711.802,7751.232,7768.845,7692.325
2023,São Paulo Grand Prix,20,Brazil,São Paulo,0 days 02:10:46.424000,BOT,77,0 days 00:01:17.597000,32.0,4.0,,Valtteri Bottas,,0 days 00:00:19.787000,0 days 00:00:40.057000,0 days 00:00:17.753000,0 days 02:09:48.632000,0 days 02:10:28.689000,0 days 02:10:46.442000,317.0,245.0,296.0,317.0,False,MEDIUM,14.0,True,Alfa Romeo,0 days 02:09:28.827000,,1,10.0,False,,False,True,20.5,58.0,927.7,False,47.8,185,1.7,True,False,False,False,False,False,+32.234,+1.821,32.234,1.821,7846.424,77.597,,,19.787,40.057,17.753,7788.632,7828.689,7846.442,7768.827
2023,São Paulo Grand Prix,20,Brazil,São Paulo,0 days 02:12:03.277000,BOT,77,0 days 00:01:16.853000,33.0,4.0,,Valtteri Bottas,,0 days 00:00:19.734000,0 days 00:00:39.366000,0 days 00:00:17.753000,0 days 02:11:06.176000,0 days 02:11:45.542000,0 days 02:12:03.295000,297.0,244.0,296.0,295.0,False,MEDIUM,15.0,True,Alfa Romeo,0 days 02:10:46.424000,,1,10.0,False,,False,True,20.4,58.0,927.9,False,47.4,170,1.7,True,False,False,False,False,False,+33.924,+3.216,33.924,3.216,7923.277,76.853,,,19.734,39.366,17.753,7866.176,7905.542,7923.295,7846.424
2023,São Paulo Grand Prix,20,Brazil,São Paulo,0 days 02:13:20.217000,BOT,77,0 days 00:01:16.940000,34.0,4.0,,Valtteri Bottas,,0 days 00:00:19.656000,0 days 00:00:39.475000,0 days 00:00:17.809000,0 days 02:12:22.951000,0 days 02:13:02.426000,0 days 02:13:20.235000,297.0,242.0,296.0,294.0,False,MEDIUM,16.0,True,Alfa Romeo,0 days 02:12:03.277000,,1,10.0,False,,False,True,20.3,60.0,927.7,False,47.3,311,1.6,True,False,False,False,False,False,+35.726,+4.473,35.726,4.473,8000.217,76.94,,,19.656,39.475,17.809,7942.951,7982.426,8000.235,7923.277
2023,São Paulo Grand Prix,20,Brazil,São Paulo,0 days 02:14:37.239000,BOT,77,0 days 00:01:17.022000,35.0,4.0,,Valtteri Bottas,,0 days 00:00:19.759000,0 days 00:00:39.544000,0 days 00:00:17.719000,0 days 02:13:39.994000,0 days 02:14:19.538000,0 days 02:14:37.257000,297.0,245.0,298.0,294.0,False,MEDIUM,17.0,True,Alfa Romeo,0 days 02:13:20.217000,,1,10.0,False,,False,True,20.2,60.0,927.7,False,47.2,156,1.0,True,False,False,False,False,False,+37.600,+5.776,37.6,5.776,8077.239,77.022,,,19.759,39.544,17.719,8019.994,8059.538,8077.257,8000.217
2023,São Paulo Grand Prix,20,Brazil,São Paulo,0 days 02:15:55.118000,BOT,77,0 days 00:01:17.879000,36.0,4.0,,Valtteri Bottas,,0 days 00:00:19.933000,0 days 00:00:40.236000,0 days 00:00:17.710000,0 days 02:14:57.190000,0 days 02:15:37.426000,0 days 02:15:55.136000,295.0,241.0,297.0,293.0,False,MEDIUM,18.0,True,Alfa Romeo,0 days 02:14:37.239000,,1,11.0,False,,False,True,20.2,59.0,927.7,False,47.2,177,1.3,True,False,False,False,False,False,+40.362,+1.769,40.362,1.769,8155.118,77.879,,,19.933,40.236,17.71,8097.19,8137.426,8155.136,8077.239
2023,São Paulo Grand Prix,20,Brazil,São Paulo,0 days 02:17:12.733000,BOT,77,0 days 00:01:17.615000,37.0,4.0,,Valtteri Bottas,,0 days 00:00:20.002000,0 days 00:00:39.872000,0 days 00:00:17.741000,0 days 02:16:15.138000,0 days 02:16:55.010000,0 days 02:17:12.751000,318.0,242.0,297.0,294.0,False,MEDIUM,19.0,True,Alfa Romeo,0 days 02:15:55.118000,,1,11.0,False,,False,True,20.3,58.0,927.7,False,47.3,182,2.0,True,False,False,False,False,False,+43.298,+3.701,43.298,3.701,8232.733,77.615,,,20.002,39.872,17.741,8175.138,8215.01,8232.751,8155.118
2023,São Paulo Grand Prix,20,Brazil,São Paulo,0 days 02:18:30.609000,BOT,77,0 days 00:01:17.876000,38.0,4.0,,Valtteri Bottas,,0 days 00:00:20.168000,0 days 00:00:39.963000,0 days 00:00:17.745000,0 days 02:17:32.919000,0 days 02:18:12.882000,0 days 02:18:30.627000,319.0,245.0,299.0,290.0,False,MEDIUM,20.0,True,Alfa Romeo,0 days 02:17:12.733000,,1,11.0,False,,False,True,20.5,59.0,927.7,False,47.5,191,1.7,True,False,False,False,False,False,+46.224,+5.757,46.224,5.757,8310.609,77.876,,,20.168,39.963,17.745,8252.919,8292.882,8310.627,8232.733
2023,São Paulo Grand Prix,20,Brazil,São Paulo,0 days 02:19:53.904000,BOT,77,0 days 00:01:23.295000,39.0,4.0,,Valtteri Bottas,0 days 02:19:50.970000,0 days 00:00:19.751000,0 days 00:00:39.893000,0 days 00:00:23.651000,0 days 02:18:50.378000,0 days 02:19:30.271000,0 days 02:19:53.922000,301.0,246.0,,301.0,False,MEDIUM,21.0,True,Alfa Romeo,0 days 02:18:30.609000,,1,12.0,False,,False,False,20.5,58.0,927.7,False,47.5,174,2.0,True,False,False,False,False,False,+49.026,+7.534,49.026,7.534,8393.904,83.295,8390.97,,19.751,39.893,23.651,8330.378,8370.271,8393.922,8310.609
2023,São Paulo Grand Prix,20,Brazil,São Paulo,0 days 01:04:40.269000,PIA,81,0 days 00:02:17.108000,1.0,1.0,,Oscar Piastri,0 days 01:04:36.881000,,0 days 00:01:10.583000,0 days 00:00:40.137000,,0 days 01:04:00.132000,0 days 01:04:40.288000,288.0,155.0,,221.0,False,SOFT,3.0,False,McLaren,0 days 01:02:22.839000,,124,10.0,False,,False,False,20.6,58.0,928.0,False,47.8,181,1.1,True,True,True,False,False,False,+14.990,+1.793,14.99,1.793,3880.269,137.108,3876.881,,,70.583,40.137,,3840.132,3880.288,3742.839
2023,São Paulo Grand Prix,20,Brazil,São Paulo,0 days 01:32:45.035000,PIA,81,,2.0,2.0,0 days 01:31:00.972000,Oscar Piastri,0 days 01:32:42.049000,,0 days 00:00:42.003000,0 days 00:00:38.889000,,0 days 01:32:06.222000,0 days 01:32:45.096000,269.0,214.0,,221.0,False,MEDIUM,1.0,True,McLaren,0 days 01:30:00.364000,,1,16.0,False,,False,False,20.7,55.0,927.9,False,49.2,198,2.2,True,False,False,False,False,False,1 L,1 L,,,5565.035,,5562.049,5460.972,,42.003,38.889,,5526.222,5565.096,5400.364
2023,São Paulo Grand Prix,20,Brazil,São Paulo,0 days 01:34:34.189000,PIA,81,0 days 00:01:49.154000,3.0,3.0,0 days 01:33:20.643000,Oscar Piastri,,0 days 00:00:52.458000,0 days 00:00:39.190000,0 days 00:00:17.506000,0 days 01:33:37.493000,0 days 01:34:16.683000,0 days 01:34:34.189000,294.0,245.0,301.0,221.0,False,MEDIUM,2.0,False,McLaren,0 days 01:32:45.035000,,1,16.0,False,,False,False,20.8,56.0,927.9,False,48.7,98,1.7,True,False,False,False,False,False,1 L,1 L,,,5674.189,109.154,,5600.643,52.458,39.19,17.506,5617.493,5656.683,5674.189,5565.035
2023,São Paulo Grand Prix,20,Brazil,São Paulo,0 days 01:35:51.273000,PIA,81,0 days 00:01:17.084000,4.0,3.0,,Oscar Piastri,,0 days 00:00:20.226000,0 days 00:00:39.220000,0 days 00:00:17.638000,0 days 01:34:54.415000,0 days 01:35:33.635000,0 days 01:35:51.273000,304.0,245.0,301.0,279.0,True,MEDIUM,3.0,False,McLaren,0 days 01:34:34.189000,,1,16.0,False,,False,True,21.0,55.0,927.7,False,50.2,180,0.8,True,False,False,False,False,False,1 L,1 L,,,5751.273,77.084,,,20.226,39.22,17.638,5694.415,5733.635,5751.273,5674.189
2023,São Paulo Grand Prix,20,Brazil,São Paulo,0 days 01:37:08.205000,PIA,81,0 days 00:01:16.932000,5.0,3.0,,Oscar Piastri,,0 days 00:00:19.860000,0 days 00:00:39.414000,0 days 00:00:17.658000,0 days 01:36:11.133000,0 days 01:36:50.547000,0 days 01:37:08.205000,306.0,242.0,304.0,286.0,True,MEDIUM,4.0,False,McLaren,0 days 01:35:51.273000,,1,16.0,False,,False,True,20.9,55.0,927.9,False,49.8,186,1.1,True,False,False,False,False,False,1 L,1 L,,,5828.205,76.932,,,19.86,39.414,17.658,5771.133,5810.547,5828.205,5751.273
2023,São Paulo Grand Prix,20,Brazil,São Paulo,0 days 01:38:24.943000,PIA,81,0 days 00:01:16.738000,6.0,3.0,,Oscar Piastri,,0 days 00:00:19.801000,0 days 00:00:39.346000,0 days 00:00:17.591000,0 days 01:37:28.006000,0 days 01:38:07.352000,0 days 01:38:24.943000,307.0,242.0,307.0,289.0,True,MEDIUM,5.0,False,McLaren,0 days 01:37:08.205000,,1,16.0,False,,False,True,21.1,57.0,927.7,False,49.6,170,1.2,True,False,False,False,False,False,1 L,1 L,,,5904.943,76.738,,,19.801,39.346,17.591,5848.006,5887.352,5904.943,5828.205
2023,São Paulo Grand Prix,20,Brazil,São Paulo,0 days 01:39:41.656000,PIA,81,0 days 00:01:16.713000,7.0,3.0,,Oscar Piastri,,0 days 00:00:19.938000,0 days 00:00:39.209000,0 days 00:00:17.566000,0 days 01:38:44.881000,0 days 01:39:24.090000,0 days 01:39:41.656000,307.0,246.0,309.0,296.0,True,MEDIUM,6.0,False,McLaren,0 days 01:38:24.943000,,1,16.0,False,,False,True,21.1,58.0,927.9,False,49.7,204,1.8,True,False,False,False,False,False,1 L,1 L,,,5981.656,76.713,,,19.938,39.209,17.566,5924.881,5964.09,5981.656,5904.943
2023,São Paulo Grand Prix,20,Brazil,São Paulo,0 days 01:40:58.297000,PIA,81,0 days 00:01:16.641000,8.0,3.0,,Oscar Piastri,,0 days 00:00:19.547000,0 days 00:00:39.549000,0 days 00:00:17.545000,0 days 01:40:01.203000,0 days 01:40:40.752000,0 days 01:40:58.297000,300.0,246.0,306.0,301.0,True,MEDIUM,7.0,False,McLaren,0 days 01:39:41.656000,,1,16.0,False,,False,True,21.1,58.0,927.9,False,49.3,175,1.7,True,False,False,False,False,False,1 L,1 L,,,6058.297,76.641,,,19.547,39.549,17.545,6001.203,6040.752,6058.297,5981.656
2023,São Paulo Grand Prix,20,Brazil,São Paulo,0 days 01:42:15.586000,PIA,81,0 days 00:01:17.289000,9.0,3.0,,Oscar Piastri,,0 days 00:00:19.716000,0 days 00:00:39.867000,0 days 00:00:17.706000,0 days 01:41:18.013000,0 days 01:41:57.880000,0 days 01:42:15.586000,296.0,242.0,303.0,306.0,False,MEDIUM,8.0,False,McLaren,0 days 01:40:58.297000,,1,17.0,False,,False,True,21.0,58.0,927.7,False,49.4,161,1.2,True,False,False,False,False,False,1 L,1 L,,,6135.586,77.289,,,19.716,39.867,17.706,6078.013,6117.88,6135.586,6058.297
2023,São Paulo Grand Prix,20,Brazil,São Paulo,0 days 01:43:33.897000,PIA,81,0 days 00:01:18.311000,10.0,3.0,,Oscar Piastri,,0 days 00:00:20.261000,0 days 00:00:40.361000,0 days 00:00:17.689000,0 days 01:42:35.847000,0 days 01:43:16.208000,0 days 01:43:33.897000,310.0,238.0,306.0,271.0,False,MEDIUM,9.0,False,McLaren,0 days 01:42:15.586000,,1,17.0,False,,False,True,20.9,58.0,927.5,False,49.2,291,1.5,True,False,False,False,False,False,1 L,+1.485,,1.485,6213.897,78.311,,,20.261,40.361,17.689,6155.847,6196.208,6213.897,6135.586
2023,São Paulo Grand Prix,20,Brazil,São Paulo,0 days 01:44:51.108000,PIA,81,0 days 00:01:17.211000,11.0,3.0,,Oscar Piastri,,0 days 00:00:19.943000,0 days 00:00:39.543000,0 days 00:00:17.725000,0 days 01:43:53.840000,0 days 01:44:33.383000,0 days 01:44:51.108000,304.0,240.0,308.0,284.0,False,MEDIUM,10.0,False,McLaren,0 days 01:43:33.897000,,1,17.0,False,,False,True,20.8,57.0,927.7,False,48.9,152,1.7,True,False,False,False,False,False,1 L,+1.832,,1.832,6291.108,77.211,,,19.943,39.543,17.725,6233.84,6273.383,6291.108,6213.897
2023,São Paulo Grand Prix,20,Brazil,São Paulo,0 days 01:46:08.586000,PIA,81,0 days 00:01:17.478000,12.0,3.0,,Oscar Piastri,,0 days 00:00:19.872000,0 days 00:00:39.795000,0 days 00:00:17.811000,0 days 01:45:10.980000,0 days 01:45:50.775000,0 days 01:46:08.586000,306.0,241.0,311.0,289.0,False,MEDIUM,11.0,False,McLaren,0 days 01:44:51.108000,,1,17.0,False,,False,True,20.8,55.0,927.7,False,49.1,181,1.3,True,False,False,False,False,False,1 L,+1.810,,1.81,6368.586,77.478,,,19.872,39.795,17.811,6310.98,6350.775,6368.586,6291.108
2023,São Paulo Grand Prix,20,Brazil,São Paulo,0 days 01:47:26.563000,PIA,81,0 days 00:01:17.977000,13.0,3.0,,Oscar Piastri,,0 days 00:00:19.824000,0 days 00:00:40.371000,0 days 00:00:17.782000,0 days 01:46:28.410000,0 days 01:47:08.781000,0 days 01:47:26.563000,310.0,236.0,307.0,297.0,False,MEDIUM,12.0,False,McLaren,0 days 01:46:08.586000,,1,17.0,False,,False,True,20.6,57.0,927.7,False,49.1,73,1.1,True,False,False,False,False,False,1 L,+1.447,,1.447,6446.563,77.977,,,19.824,40.371,17.782,6388.41,6428.781,6446.563,6368.586
2023,São Paulo Grand Prix,20,Brazil,São Paulo,0 days 01:48:44.261000,PIA,81,0 days 00:01:17.698000,14.0,3.0,,Oscar Piastri,,0 days 00:00:19.741000,0 days 00:00:40.438000,0 days 00:00:17.519000,0 days 01:47:46.304000,0 days 01:48:26.742000,0 days 01:48:44.261000,323.0,238.0,323.0,296.0,False,MEDIUM,13.0,False,McLaren,0 days 01:47:26.563000,,1,17.0,False,,False,True,20.6,56.0,927.7,False,48.9,189,0.4,True,False,False,False,False,False,1 L,+2.196,,2.196,6524.261,77.698,,,19.741,40.438,17.519,6466.304,6506.742,6524.261,6446.563
2023,São Paulo Grand Prix,20,Brazil,São Paulo,0 days 01:50:01.787000,PIA,81,0 days 00:01:17.526000,15.0,3.0,,Oscar Piastri,,0 days 00:00:19.686000,0 days 00:00:39.983000,0 days 00:00:17.857000,0 days 01:49:03.947000,0 days 01:49:43.930000,0 days 01:50:01.787000,306.0,244.0,304.0,305.0,False,MEDIUM,14.0,False,McLaren,0 days 01:48:44.261000,,1,17.0,False,,False,True,20.8,55.0,927.9,False,48.9,194,1.7,True,False,False,False,False,False,1 L,+2.296,,2.296,6601.787,77.526,,,19.686,39.983,17.857,6543.947,6583.93,6601.787,6524.261
2023,São Paulo Grand Prix,20,Brazil,São Paulo,0 days 01:51:19.229000,PIA,81,0 days 00:01:17.442000,16.0,3.0,,Oscar Piastri,,0 days 00:00:19.841000,0 days 00:00:39.920000,0 days 00:00:17.681000,0 days 01:50:21.628000,0 days 01:51:01.548000,0 days 01:51:19.229000,307.0,243.0,304.0,295.0,False,MEDIUM,15.0,False,McLaren,0 days 01:50:01.787000,,1,17.0,False,,False,True,21.0,56.0,927.7,False,48.7,170,2.2,True,False,False,False,False,False,1 L,+1.756,,1.756,6679.229,77.442,,,19.841,39.92,17.681,6621.628,6661.548,6679.229,6601.787
2023,São Paulo Grand Prix,20,Brazil,São Paulo,0 days 01:52:36.494000,PIA,81,0 days 00:01:17.265000,17.0,3.0,,Oscar Piastri,,0 days 00:00:19.693000,0 days 00:00:39.744000,0 days 00:00:17.828000,0 days 01:51:38.922000,0 days 01:52:18.666000,0 days 01:52:36.494000,307.0,245.0,304.0,295.0,False,MEDIUM,16.0,False,McLaren,0 days 01:51:19.229000,,1,17.0,False,,False,True,21.0,56.0,927.7,False,48.7,164,1.7,True,False,False,False,False,False,1 L,+2.209,,2.209,6756.494,77.265,,,19.693,39.744,17.828,6698.922,6738.666,6756.494,6679.229
2023,São Paulo Grand Prix,20,Brazil,São Paulo,0 days 01:53:54.077000,PIA,81,0 days 00:01:17.583000,18.0,3.0,,Oscar Piastri,,0 days 00:00:20.037000,0 days 00:00:39.790000,0 days 00:00:17.756000,0 days 01:52:56.531000,0 days 01:53:36.321000,0 days 01:53:54.077000,304.0,245.0,304.0,292.0,False,MEDIUM,17.0,False,McLaren,0 days 01:52:36.494000,,1,17.0,False,,False,True,20.9,57.0,927.7,False,48.8,197,1.5,True,False,False,False,False,False,1 L,+2.598,,2.598,6834.077,77.583,,,20.037,39.79,17.756,6776.531,6816.321,6834.077,6756.494
2023,São Paulo Grand Prix,20,Brazil,São Paulo,0 days 01:55:11.173000,PIA,81,0 days 00:01:17.096000,19.0,3.0,,Oscar Piastri,,0 days 00:00:19.821000,0 days 00:00:39.441000,0 days 00:00:17.834000,0 days 01:54:13.898000,0 days 01:54:53.339000,0 days 01:55:11.173000,305.0,248.0,303.0,292.0,False,MEDIUM,18.0,False,McLaren,0 days 01:53:54.077000,,1,17.0,False,,False,True,20.8,57.0,927.9,False,48.9,166,0.8,True,False,False,False,False,False,1 L,+2.930,,2.93,6911.173,77.096,,,19.821,39.441,17.834,6853.898,6893.339,6911.173,6834.077
2023,São Paulo Grand Prix,20,Brazil,São Paulo,0 days 01:56:28.606000,PIA,81,0 days 00:01:17.433000,20.0,3.0,,Oscar Piastri,,0 days 00:00:19.837000,0 days 00:00:39.830000,0 days 00:00:17.766000,0 days 01:55:31.010000,0 days 01:56:10.840000,0 days 01:56:28.606000,305.0,251.0,302.0,289.0,False,MEDIUM,19.0,False,McLaren,0 days 01:55:11.173000,,1,17.0,False,,False,True,20.5,59.0,927.7,False,48.3,198,1.3,True,False,False,False,False,False,1 L,+3.503,,3.503,6988.606,77.433,,,19.837,39.83,17.766,6931.01,6970.84,6988.606,6911.173
2023,São Paulo Grand Prix,20,Brazil,São Paulo,0 days 01:57:45.649000,PIA,81,0 days 00:01:17.043000,21.0,3.0,,Oscar Piastri,,0 days 00:00:19.964000,0 days 00:00:39.353000,0 days 00:00:17.726000,0 days 01:56:48.570000,0 days 01:57:27.923000,0 days 01:57:45.649000,304.0,249.0,302.0,289.0,False,MEDIUM,20.0,False,McLaren,0 days 01:56:28.606000,,1,17.0,False,,False,True,20.6,59.0,927.7,False,48.3,189,2.2,True,False,False,False,False,False,1 L,+3.861,,3.861,7065.649,77.043,,,19.964,39.353,17.726,7008.57,7047.923,7065.649,6988.606
2023,São Paulo Grand Prix,20,Brazil,São Paulo,0 days 01:59:03.084000,PIA,81,0 days 00:01:17.435000,22.0,3.0,,Oscar Piastri,,0 days 00:00:19.989000,0 days 00:00:39.608000,0 days 00:00:17.838000,0 days 01:58:05.638000,0 days 01:58:45.246000,0 days 01:59:03.084000,300.0,250.0,301.0,292.0,False,MEDIUM,21.0,False,McLaren,0 days 01:57:45.649000,,1,17.0,False,,False,True,20.4,59.0,927.7,False,48.3,175,1.5,True,False,False,False,False,False,1 L,+4.303,,4.303,7143.084,77.435,,,19.989,39.608,17.838,7085.638,7125.246,7143.084,7065.649
2023,São Paulo Grand Prix,20,Brazil,São Paulo,0 days 02:00:20.227000,PIA,81,0 days 00:01:17.143000,23.0,3.0,,Oscar Piastri,,0 days 00:00:19.826000,0 days 00:00:39.452000,0 days 00:00:17.865000,0 days 01:59:22.910000,0 days 02:00:02.362000,0 days 02:00:20.227000,301.0,248.0,301.0,292.0,False,MEDIUM,22.0,False,McLaren,0 days 01:59:03.084000,,1,16.0,False,,False,True,20.5,58.0,927.7,False,48.1,155,1.2,True,False,False,False,False,False,1 L,+4.675,,4.675,7220.227,77.143,,,19.826,39.452,17.865,7162.91,7202.362,7220.227,7143.084
2023,São Paulo Grand Prix,20,Brazil,São Paulo,0 days 02:01:41.987000,PIA,81,0 days 00:01:21.760000,24.0,3.0,,Oscar Piastri,0 days 02:01:39.014000,0 days 00:00:19.869000,0 days 00:00:39.450000,0 days 00:00:22.441000,0 days 02:00:40.096000,0 days 02:01:19.546000,0 days 02:01:41.987000,300.0,252.0,,291.0,False,MEDIUM,23.0,False,McLaren,0 days 02:00:20.227000,,1,16.0,False,,False,False,20.5,58.0,927.7,False,48.1,153,0.8,True,False,False,False,False,False,1 L,+5.293,,5.293,7301.987,81.76,7299.014,,19.869,39.45,22.441,7240.096,7279.546,7301.987,7220.227
2023,São Paulo Grand Prix,20,Brazil,São Paulo,0 days 02:03:16.147000,PIA,81,0 days 00:01:34.160000,25.0,4.0,0 days 02:02:02.560000,Oscar Piastri,,0 days 00:00:37.402000,0 days 00:00:39.126000,0 days 00:00:17.632000,0 days 02:02:19.389000,0 days 02:02:58.515000,0 days 02:03:16.147000,294.0,245.0,300.0,291.0,False,SOFT,4.0,False,McLaren,0 days 02:01:41.987000,,1,16.0,False,,False,False,20.5,58.0,927.7,False,47.8,200,0.6,True,False,False,False,False,False,1 L,+25.552,,25.552,7396.147,94.16,,7322.56,37.402,39.126,17.632,7339.389,7378.515,7396.147,7301.987
2023,São Paulo Grand Prix,20,Brazil,São Paulo,0 days 02:04:32.515000,PIA,81,0 days 00:01:16.368000,26.0,4.0,,Oscar Piastri,,0 days 00:00:19.589000,0 days 00:00:39.220000,0 days 00:00:17.559000,0 days 02:03:35.736000,0 days 02:04:14.956000,0 days 02:04:32.515000,304.0,241.0,303.0,288.0,True,SOFT,5.0,False,McLaren,0 days 02:03:16.147000,,1,16.0,False,,False,True,20.6,57.0,927.7,False,48.7,196,1.1,True,False,False,False,False,False,1 L,+21.329,,21.329,7472.515,76.368,,,19.589,39.22,17.559,7415.736,7454.956,7472.515,7396.147
2023,São Paulo Grand Prix,20,Brazil,São Paulo,0 days 02:05:48.785000,PIA,81,0 days 00:01:16.270000,27.0,4.0,,Oscar Piastri,,0 days 00:00:19.556000,0 days 00:00:39.120000,0 days 00:00:17.594000,0 days 02:04:52.071000,0 days 02:05:31.191000,0 days 02:05:48.785000,305.0,247.0,304.0,294.0,True,SOFT,6.0,False,McLaren,0 days 02:04:32.515000,,1,16.0,False,,False,True,20.7,56.0,927.7,False,48.8,172,1.2,True,False,False,False,False,False,1 L,+1.509,,1.509,7548.785,76.27,,,19.556,39.12,17.594,7492.071,7531.191,7548.785,7472.515
2023,São Paulo Grand Prix,20,Brazil,São Paulo,0 days 02:07:05.054000,PIA,81,0 days 00:01:16.269000,28.0,4.0,,Oscar Piastri,,0 days 00:00:19.639000,0 days 00:00:38.978000,0 days 00:00:17.652000,0 days 02:06:08.424000,0 days 02:06:47.402000,0 days 02:07:05.054000,306.0,249.0,306.0,294.0,True,SOFT,7.0,False,McLaren,0 days 02:05:48.785000,,1,16.0,False,,False,True,20.5,57.0,927.7,False,48.8,154,1.2,True,False,False,False,False,False,1 L,+2.063,,2.063,7625.054,76.269,,,19.639,38.978,17.652,7568.424,7607.402,7625.054,7548.785
2023,São Paulo Grand Prix,20,Brazil,São Paulo,0 days 02:08:20.913000,PIA,81,0 days 00:01:15.859000,29.0,4.0,,Oscar Piastri,,0 days 00:00:19.451000,0 days 00:00:38.807000,0 days 00:00:17.601000,0 days 02:07:24.505000,0 days 02:08:03.312000,0 days 02:08:20.913000,307.0,251.0,304.0,295.0,True,SOFT,8.0,False,McLaren,0 days 02:07:05.054000,,1,16.0,False,,False,True,20.4,57.0,927.7,False,48.0,219,1.3,True,False,False,False,False,False,1 L,+2.274,,2.274,7700.913,75.859,,,19.451,38.807,17.601,7644.505,7683.312,7700.913,7625.054
2023,São Paulo Grand Prix,20,Brazil,São Paulo,0 days 02:09:36.593000,PIA,81,0 days 00:01:15.680000,30.0,4.0,,Oscar Piastri,,0 days 00:00:19.471000,0 days 00:00:38.656000,0 days 00:00:17.553000,0 days 02:08:40.384000,0 days 02:09:19.040000,0 days 02:09:36.593000,306.0,250.0,305.0,293.0,True,SOFT,9.0,False,McLaren,0 days 02:08:20.913000,,1,16.0,False,,False,True,20.5,57.0,927.7,False,48.0,150,1.6,True,False,False,False,False,False,1 L,+2.547,,2.547,7776.593,75.68,,,19.471,38.656,17.553,7720.384,7759.04,7776.593,7700.913
2023,São Paulo Grand Prix,20,Brazil,São Paulo,0 days 02:10:52.151000,PIA,81,0 days 00:01:15.558000,31.0,4.0,,Oscar Piastri,,0 days 00:00:19.483000,0 days 00:00:38.572000,0 days 00:00:17.503000,0 days 02:09:56.076000,0 days 02:10:34.648000,0 days 02:10:52.151000,305.0,247.0,307.0,293.0,True,SOFT,10.0,False,McLaren,0 days 02:09:36.593000,,1,16.0,False,,False,True,20.5,58.0,927.7,False,47.8,185,1.7,True,False,False,False,False,False,1 L,+2.075,,2.075,7852.151,75.558,,,19.483,38.572,17.503,7796.076,7834.648,7852.151,7776.593
2023,São Paulo Grand Prix,20,Brazil,São Paulo,0 days 02:12:08.017000,PIA,81,0 days 00:01:15.866000,32.0,4.0,,Oscar Piastri,,0 days 00:00:19.681000,0 days 00:00:38.656000,0 days 00:00:17.529000,0 days 02:11:11.832000,0 days 02:11:50.488000,0 days 02:12:08.017000,305.0,250.0,306.0,291.0,False,SOFT,11.0,False,McLaren,0 days 02:10:52.151000,,1,16.0,False,,False,True,20.4,58.0,927.9,False,47.4,170,1.7,True,False,False,False,False,False,1 L,+1.814,,1.814,7928.017,75.866,,,19.681,38.656,17.529,7871.832,7910.488,7928.017,7852.151
2023,São Paulo Grand Prix,20,Brazil,São Paulo,0 days 02:13:23.673000,PIA,81,0 days 00:01:15.656000,33.0,4.0,,Oscar Piastri,,0 days 00:00:19.479000,0 days 00:00:38.731000,0 days 00:00:17.446000,0 days 02:12:27.496000,0 days 02:13:06.227000,0 days 02:13:23.673000,305.0,245.0,326.0,295.0,False,SOFT,12.0,False,McLaren,0 days 02:12:08.017000,,1,16.0,False,,False,True,20.3,60.0,927.7,False,47.3,311,1.6,True,False,False,False,False,False,1 L,+0.856,,0.856,8003.673,75.656,,,19.479,38.731,17.446,7947.496,7986.227,8003.673,7928.017
2023,São Paulo Grand Prix,20,Brazil,São Paulo,0 days 02:14:40.165000,PIA,81,0 days 00:01:16.492000,34.0,4.0,,Oscar Piastri,,0 days 00:00:19.380000,0 days 00:00:39.498000,0 days 00:00:17.614000,0 days 02:13:43.053000,0 days 02:14:22.551000,0 days 02:14:40.165000,321.0,249.0,309.0,306.0,False,SOFT,13.0,False,McLaren,0 days 02:13:23.673000,,1,16.0,False,,False,True,20.2,60.0,927.7,False,47.2,156,1.0,True,False,False,False,False,False,1 L,+1.695,,1.695,8080.165,76.492,,,19.38,39.498,17.614,8023.053,8062.551,8080.165,8003.673
2023,São Paulo Grand Prix,20,Brazil,São Paulo,0 days 02:15:56.344000,PIA,81,0 days 00:01:16.179000,35.0,4.0,,Oscar Piastri,,0 days 00:00:19.390000,0 days 00:00:39.126000,0 days 00:00:17.663000,0 days 02:14:59.555000,0 days 02:15:38.681000,0 days 02:15:56.344000,310.0,246.0,310.0,297.0,False,SOFT,14.0,False,McLaren,0 days 02:14:40.165000,,1,16.0,False,,False,True,20.2,59.0,927.7,False,47.2,177,1.3,True,False,False,False,False,False,1 L,+1.261,,1.261,8156.344,76.179,,,19.39,39.126,17.663,8099.555,8138.681,8156.344,8080.165
2023,São Paulo Grand Prix,20,Brazil,São Paulo,0 days 02:17:12.658000,PIA,81,0 days 00:01:16.314000,36.0,4.0,,Oscar Piastri,,0 days 00:00:19.423000,0 days 00:00:39.576000,0 days 00:00:17.315000,0 days 02:16:15.767000,0 days 02:16:55.343000,0 days 02:17:12.658000,325.0,242.0,322.0,297.0,False,SOFT,15.0,False,McLaren,0 days 02:15:56.344000,,1,16.0,False,,False,True,20.3,58.0,927.7,False,47.3,182,2.0,True,False,False,False,False,False,1 L,+2.181,,2.181,8232.658,76.314,,,19.423,39.576,17.315,8175.767,8215.343,8232.658,8156.344
2023,São Paulo Grand Prix,20,Brazil,São Paulo,0 days 02:18:28.706000,PIA,81,0 days 00:01:16.048000,37.0,4.0,,Oscar Piastri,,0 days 00:00:19.477000,0 days 00:00:38.922000,0 days 00:00:17.649000,0 days 02:17:32.135000,0 days 02:18:11.057000,0 days 02:18:28.706000,308.0,254.0,305.0,303.0,False,SOFT,16.0,False,McLaren,0 days 02:17:12.658000,,1,16.0,False,,False,True,20.5,59.0,927.7,False,47.5,191,1.7,True,False,False,False,False,False,1 L,+2.599,,2.599,8308.706,76.048,,,19.477,38.922,17.649,8252.135,8291.057,8308.706,8232.658
2023,São Paulo Grand Prix,20,Brazil,São Paulo,0 days 02:19:44.781000,PIA,81,0 days 00:01:16.075000,38.0,4.0,,Oscar Piastri,,0 days 00:00:19.592000,0 days 00:00:38.851000,0 days 00:00:17.632000,0 days 02:18:48.298000,0 days 02:19:27.149000,0 days 02:19:44.781000,305.0,253.0,303.0,290.0,False,SOFT,17.0,False,McLaren,0 days 02:18:28.706000,,1,16.0,False,,False,True,20.5,58.0,927.7,False,47.5,174,2.0,True,False,False,False,False,False,1 L,+2.835,,2.835,8384.781,76.075,,,19.592,38.851,17.632,8328.298,8367.149,8384.781,8308.706
2023,São Paulo Grand Prix,20,Brazil,São Paulo,0 days 02:21:00.880000,PIA,81,0 days 00:01:16.099000,39.0,4.0,,Oscar Piastri,,0 days 00:00:19.484000,0 days 00:00:38.981000,0 days 00:00:17.634000,0 days 02:20:04.265000,0 days 02:20:43.246000,0 days 02:21:00.880000,303.0,246.0,303.0,291.0,False,SOFT,18.0,False,McLaren,0 days 02:19:44.781000,,1,16.0,False,,False,True,20.4,58.0,927.7,False,47.2,161,1.0,True,False,False,False,False,False,1 L,+2.840,,2.84,8460.88,76.099,,,19.484,38.981,17.634,8404.265,8443.246,8460.88,8384.781
2023,São Paulo Grand Prix,20,Brazil,São Paulo,0 days 02:22:17.465000,PIA,81,0 days 00:01:16.585000,40.0,4.0,,Oscar Piastri,,0 days 00:00:19.723000,0 days 00:00:39.211000,0 days 00:00:17.651000,0 days 02:21:20.603000,0 days 02:21:59.814000,0 days 02:22:17.465000,305.0,249.0,304.0,292.0,False,SOFT,19.0,False,McLaren,0 days 02:21:00.880000,,1,15.0,False,,False,True,20.5,59.0,927.7,False,46.6,170,1.0,True,False,False,False,False,False,1 L,+3.485,,3.485,8537.465,76.585,,,19.723,39.211,17.651,8480.603,8519.814,8537.465,8460.88
2023,São Paulo Grand Prix,20,Brazil,São Paulo,0 days 02:23:33.663000,PIA,81,0 days 00:01:16.198000,41.0,4.0,,Oscar Piastri,,0 days 00:00:19.632000,0 days 00:00:38.918000,0 days 00:00:17.648000,0 days 02:22:37.097000,0 days 02:23:16.015000,0 days 02:23:33.663000,305.0,254.0,303.0,290.0,False,SOFT,20.0,False,McLaren,0 days 02:22:17.465000,,1,15.0,False,,False,True,20.5,58.0,927.7,False,47.1,161,2.0,True,False,False,False,False,False,1 L,+3.804,,3.804,8613.663,76.198,,,19.632,38.918,17.648,8557.097,8596.015,8613.663,8537.465
2023,São Paulo Grand Prix,20,Brazil,São Paulo,0 days 02:24:50.018000,PIA,81,0 days 00:01:16.355000,42.0,4.0,,Oscar Piastri,,0 days 00:00:19.532000,0 days 00:00:39.135000,0 days 00:00:17.688000,0 days 02:23:53.195000,0 days 02:24:32.330000,0 days 02:24:50.018000,304.0,252.0,302.0,293.0,False,SOFT,21.0,False,McLaren,0 days 02:23:33.663000,,1,15.0,False,,False,True,20.5,59.0,927.7,False,46.9,191,2.0,True,False,False,False,False,False,1 L,+3.629,,3.629,8690.018,76.355,,,19.532,39.135,17.688,8633.195,8672.33,8690.018,8613.663
2023,São Paulo Grand Prix,20,Brazil,São Paulo,0 days 02:26:06.726000,PIA,81,0 days 00:01:16.708000,43.0,4.0,,Oscar Piastri,,0 days 00:00:19.565000,0 days 00:00:39.457000,0 days 00:00:17.686000,0 days 02:25:09.583000,0 days 02:25:49.040000,0 days 02:26:06.726000,304.0,252.0,304.0,292.0,False,SOFT,22.0,False,McLaren,0 days 02:24:50.018000,,1,15.0,False,,False,True,20.4,59.0,927.7,False,47.1,182,2.5,True,False,False,False,False,False,1 L,+3.556,,3.556,8766.726,76.708,,,19.565,39.457,17.686,8709.583,8749.04,8766.726,8690.018
2023,São Paulo Grand Prix,20,Brazil,São Paulo,0 days 02:27:23.104000,PIA,81,0 days 00:01:16.378000,44.0,4.0,,Oscar Piastri,,0 days 00:00:19.637000,0 days 00:00:39.024000,0 days 00:00:17.717000,0 days 02:26:26.363000,0 days 02:27:05.387000,0 days 02:27:23.104000,302.0,253.0,305.0,291.0,False,SOFT,23.0,False,McLaren,0 days 02:26:06.726000,,1,15.0,False,,False,True,20.3,59.0,927.9,False,47.1,164,1.5,True,False,False,False,False,False,1 L,+3.201,,3.201,8843.104,76.378,,,19.637,39.024,17.717,8786.363,8825.387,8843.104,8766.726
2023,São Paulo Grand Prix,20,Brazil,São Paulo,0 days 02:28:39.556000,PIA,81,0 days 00:01:16.452000,45.0,4.0,,Oscar Piastri,,0 days 00:00:19.602000,0 days 00:00:39.287000,0 days 00:00:17.563000,0 days 02:27:42.706000,0 days 02:28:21.993000,0 days 02:28:39.556000,304.0,252.0,303.0,292.0,False,SOFT,24.0,False,McLaren,0 days 02:27:23.104000,,1,15.0,False,,False,True,20.3,59.0,927.9,False,46.8,233,1.2,True,False,False,False,False,False,1 L,+3.553,,3.553,8919.556,76.452,,,19.602,39.287,17.563,8862.706,8901.993,8919.556,8843.104
2023,São Paulo Grand Prix,20,Brazil,São Paulo,0 days 02:29:56.211000,PIA,81,0 days 00:01:16.655000,46.0,4.0,,Oscar Piastri,,0 days 00:00:19.693000,0 days 00:00:39.357000,0 days 00:00:17.605000,0 days 02:28:59.249000,0 days 02:29:38.606000,0 days 02:29:56.211000,304.0,250.0,302.0,289.0,False,SOFT,25.0,False,McLaren,0 days 02:28:39.556000,,1,15.0,False,,False,True,20.3,58.0,927.9,False,46.7,148,1.1,True,False,False,False,False,False,1 L,+3.933,,3.933,8996.211,76.655,,,19.693,39.357,17.605,8939.249,8978.606,8996.211,8919.556
2023,São Paulo Grand Prix,20,Brazil,São Paulo,0 days 02:31:12.517000,PIA,81,0 days 00:01:16.306000,47.0,4.0,,Oscar Piastri,,0 days 00:00:19.571000,0 days 00:00:39.132000,0 days 00:00:17.603000,0 days 02:30:15.782000,0 days 02:30:54.914000,0 days 02:31:12.517000,306.0,250.0,301.0,290.0,False,SOFT,26.0,False,McLaren,0 days 02:29:56.211000,,1,15.0,False,,False,True,20.3,59.0,927.7,False,46.7,213,1.6,True,False,False,False,False,False,1 L,+4.100,,4.1,9072.517,76.306,,,19.571,39.132,17.603,9015.782,9054.914,9072.517,8996.211
2023,São Paulo Grand Prix,20,Brazil,São Paulo,0 days 02:32:28.983000,PIA,81,0 days 00:01:16.466000,48.0,4.0,,Oscar Piastri,,0 days 00:00:19.551000,0 days 00:00:39.262000,0 days 00:00:17.653000,0 days 02:31:32.068000,0 days 02:32:11.330000,0 days 02:32:28.983000,304.0,252.0,302.0,292.0,False,SOFT,27.0,False,McLaren,0 days 02:31:12.517000,,1,15.0,False,,False,True,20.2,58.0,927.7,False,45.4,150,1.5,True,False,False,False,False,False,1 L,+4.339,,4.339,9148.983,76.466,,,19.551,39.262,17.653,9092.068,9131.33,9148.983,9072.517
2023,São Paulo Grand Prix,20,Brazil,São Paulo,0 days 02:33:45.228000,PIA,81,0 days 00:01:16.245000,49.0,4.0,,Oscar Piastri,,0 days 00:00:19.568000,0 days 00:00:39.004000,0 days 00:00:17.673000,0 days 02:32:48.551000,0 days 02:33:27.555000,0 days 02:33:45.228000,305.0,250.0,302.0,291.0,False,SOFT,28.0,False,McLaren,0 days 02:32:28.983000,,1,15.0,False,,False,True,20.2,58.0,927.9,False,44.9,157,2.2,True,False,False,False,False,False,1 L,+4.756,,4.756,9225.228,76.245,,,19.568,39.004,17.673,9168.551,9207.555,9225.228,9148.983
2023,São Paulo Grand Prix,20,Brazil,São Paulo,0 days 02:35:01.643000,PIA,81,0 days 00:01:16.415000,50.0,4.0,,Oscar Piastri,,0 days 00:00:19.603000,0 days 00:00:39.155000,0 days 00:00:17.657000,0 days 02:34:04.831000,0 days 02:34:43.986000,0 days 02:35:01.643000,306.0,255.0,303.0,292.0,False,SOFT,29.0,False,McLaren,0 days 02:33:45.228000,,1,15.0,False,,False,True,20.3,59.0,927.7,False,43.2,181,1.5,True,False,False,False,False,False,1 L,+5.045,,5.045,9301.643,76.415,,,19.603,39.155,17.657,9244.831,9283.986,9301.643,9225.228
2023,São Paulo Grand Prix,20,Brazil,São Paulo,0 days 02:36:17.747000,PIA,81,0 days 00:01:16.104000,51.0,4.0,,Oscar Piastri,,0 days 00:00:19.561000,0 days 00:00:38.955000,0 days 00:00:17.588000,0 days 02:35:21.204000,0 days 02:36:00.159000,0 days 02:36:17.747000,306.0,253.0,303.0,293.0,False,SOFT,30.0,False,McLaren,0 days 02:35:01.643000,,1,15.0,False,,False,True,20.3,59.0,927.7,False,41.8,0,1.1,True,False,False,False,False,False,1 L,+5.202,,5.202,9377.747,76.104,,,19.561,38.955,17.588,9321.204,9360.159,9377.747,9301.643
2023,São Paulo Grand Prix,20,Brazil,São Paulo,0 days 02:37:40.593000,PIA,81,0 days 00:01:22.846000,52.0,4.0,,Oscar Piastri,0 days 02:37:37.661000,0 days 00:00:19.650000,0 days 00:00:41.441000,0 days 00:00:21.755000,0 days 02:36:37.397000,0 days 02:37:18.838000,0 days 02:37:40.593000,303.0,249.0,,293.0,False,SOFT,31.0,False,McLaren,0 days 02:36:17.747000,,1,15.0,False,,False,False,20.3,58.0,927.7,False,41.1,183,0.6,True,False,False,False,False,False,1 L,+7.775,,7.775,9460.593,82.846,9457.661,,19.65,41.441,21.755,9397.397,9438.838,9460.593,9377.747
2023,São Paulo Grand Prix,20,Brazil,São Paulo,0 days 02:39:14.355000,PIA,81,0 days 00:01:33.762000,53.0,5.0,0 days 02:38:01.004000,Oscar Piastri,,0 days 00:00:36.675000,0 days 00:00:39.591000,0 days 00:00:17.496000,0 days 02:38:17.268000,0 days 02:38:56.859000,0 days 02:39:14.355000,298.0,251.0,304.0,293.0,False,SOFT,6.0,False,McLaren,0 days 02:37:40.593000,,1,15.0,False,,False,False,20.3,59.0,927.9,False,40.5,160,1.1,True,False,False,False,False,False,2 L,+29.768,,29.768,9554.355,93.762,,9481.004,36.675,39.591,17.496,9497.268,9536.859,9554.355,9460.593
2023,São Paulo Grand Prix,20,Brazil,São Paulo,0 days 02:40:29.931000,PIA,81,0 days 00:01:15.576000,54.0,5.0,,Oscar Piastri,,0 days 00:00:19.422000,0 days 00:00:38.629000,0 days 00:00:17.525000,0 days 02:39:33.777000,0 days 02:40:12.406000,0 days 02:40:29.931000,306.0,247.0,302.0,294.0,False,SOFT,7.0,False,McLaren,0 days 02:39:14.355000,,1,15.0,False,,False,True,20.0,59.0,927.7,False,40.0,174,0.6,True,False,False,False,False,False,1 L,+28.957,,28.957,9629.931,75.576,,,19.422,38.629,17.525,9573.777,9612.406,9629.931,9554.355
2023,São Paulo Grand Prix,20,Brazil,São Paulo,0 days 02:41:44.882000,PIA,81,0 days 00:01:14.951000,55.0,5.0,,Oscar Piastri,,0 days 00:00:19.669000,0 days 00:00:38.041000,0 days 00:00:17.241000,0 days 02:40:49.600000,0 days 02:41:27.641000,0 days 02:41:44.882000,306.0,251.0,323.0,284.0,True,SOFT,8.0,False,McLaren,0 days 02:40:29.931000,,1,15.0,False,,False,True,20.0,58.0,927.9,False,39.6,179,1.1,True,False,False,False,False,False,2 L,+24.807,,24.807,9704.882,74.951,,,19.669,38.041,17.241,9649.6,9687.641,9704.882,9629.931
2023,São Paulo Grand Prix,20,Brazil,São Paulo,0 days 02:43:00.815000,PIA,81,0 days 00:01:15.933000,56.0,5.0,,Oscar Piastri,,0 days 00:00:19.402000,0 days 00:00:38.891000,0 days 00:00:17.640000,0 days 02:42:04.284000,0 days 02:42:43.175000,0 days 02:43:00.815000,321.0,248.0,266.0,291.0,False,SOFT,9.0,False,McLaren,0 days 02:41:44.882000,,1,15.0,False,,False,True,20.0,59.0,927.7,False,39.6,197,1.0,True,False,False,False,False,False,2 L,+6.525,,6.525,9780.815,75.933,,,19.402,38.891,17.64,9724.284,9763.175,9780.815,9704.882
2023,São Paulo Grand Prix,20,Brazil,São Paulo,0 days 02:44:18.466000,PIA,81,0 days 00:01:17.651000,57.0,5.0,,Oscar Piastri,,0 days 00:00:21.451000,0 days 00:00:38.869000,0 days 00:00:17.331000,0 days 02:43:22.266000,0 days 02:44:01.135000,0 days 02:44:18.466000,321.0,253.0,304.0,213.0,False,SOFT,10.0,False,McLaren,0 days 02:43:00.815000,,1,15.0,False,,False,True,19.9,58.0,927.7,False,38.7,200,0.8,True,False,False,False,False,False,1 L,+8.853,,8.853,9858.466,77.651,,,21.451,38.869,17.331,9802.266,9841.135,9858.466,9780.815
2023,São Paulo Grand Prix,20,Brazil,São Paulo,0 days 02:45:32.999000,PIA,81,0 days 00:01:14.533000,58.0,5.0,,Oscar Piastri,,0 days 00:00:19.365000,0 days 00:00:37.897000,0 days 00:00:17.271000,0 days 02:44:37.831000,0 days 02:45:15.728000,0 days 02:45:32.999000,304.0,256.0,304.0,294.0,True,SOFT,11.0,False,McLaren,0 days 02:44:18.466000,,1,14.0,False,,False,True,19.9,59.0,927.7,False,38.4,63,1.5,True,False,False,False,False,False,1 L,+8.396,,8.396,9932.999,74.533,,,19.365,37.897,17.271,9877.831,9915.728,9932.999,9858.466
2023,São Paulo Grand Prix,20,Brazil,São Paulo,0 days 02:46:47.401000,PIA,81,0 days 00:01:14.402000,59.0,5.0,,Oscar Piastri,,0 days 00:00:19.296000,0 days 00:00:38.003000,0 days 00:00:17.103000,0 days 02:45:52.295000,0 days 02:46:30.298000,0 days 02:46:47.401000,307.0,254.0,321.0,294.0,True,SOFT,12.0,False,McLaren,0 days 02:45:32.999000,,1,14.0,False,,False,True,19.8,58.0,927.9,False,38.0,177,1.2,True,False,False,False,False,False,1 L,+8.010,,8.01,10007.401,74.402,,,19.296,38.003,17.103,9952.295,9990.298,10007.401,9932.999
2023,São Paulo Grand Prix,20,Brazil,São Paulo,0 days 02:48:02.026000,PIA,81,0 days 00:01:14.625000,60.0,5.0,,Oscar Piastri,,0 days 00:00:19.135000,0 days 00:00:38.428000,0 days 00:00:17.062000,0 days 02:47:06.536000,0 days 02:47:44.964000,0 days 02:48:02.026000,322.0,255.0,320.0,307.0,False,SOFT,13.0,False,McLaren,0 days 02:46:47.401000,,1,14.0,False,,False,True,19.8,58.0,927.7,False,37.9,176,2.4,True,False,False,False,False,False,1 L,+7.911,,7.911,10082.026,74.625,,,19.135,38.428,17.062,10026.536,10064.964,10082.026,10007.401
2023,São Paulo Grand Prix,20,Brazil,São Paulo,0 days 02:49:16.817000,PIA,81,0 days 00:01:14.791000,61.0,5.0,,Oscar Piastri,,0 days 00:00:19.347000,0 days 00:00:38.434000,0 days 00:00:17.010000,0 days 02:48:21.373000,0 days 02:48:59.807000,0 days 02:49:16.817000,321.0,252.0,328.0,303.0,False,SOFT,14.0,False,McLaren,0 days 02:48:02.026000,,1,14.0,False,,False,True,19.9,60.0,927.7,False,37.6,177,1.3,True,False,False,False,False,False,1 L,+8.080,,8.08,10156.817,74.791,,,19.347,38.434,17.01,10101.373,10139.807,10156.817,10082.026
2023,São Paulo Grand Prix,20,Brazil,São Paulo,0 days 02:50:31.159000,PIA,81,0 days 00:01:14.342000,62.0,5.0,,Oscar Piastri,,0 days 00:00:18.988000,0 days 00:00:37.981000,0 days 00:00:17.373000,0 days 02:49:35.805000,0 days 02:50:13.786000,0 days 02:50:31.159000,297.0,252.0,304.0,320.0,True,SOFT,15.0,False,McLaren,0 days 02:49:16.817000,,1,14.0,False,,False,True,19.8,59.0,927.7,False,37.6,132,0.6,True,False,False,False,False,False,1 L,+8.127,,8.127,10231.159,74.342,,,18.988,37.981,17.373,10175.805,10213.786,10231.159,10156.817
2023,São Paulo Grand Prix,20,Brazil,São Paulo,0 days 02:51:45.774000,PIA,81,0 days 00:01:14.615000,63.0,5.0,,Oscar Piastri,,0 days 00:00:19.261000,0 days 00:00:38.041000,0 days 00:00:17.313000,0 days 02:50:50.420000,0 days 02:51:28.461000,0 days 02:51:45.774000,297.0,253.0,301.0,288.0,False,SOFT,16.0,False,McLaren,0 days 02:50:31.159000,,1,14.0,False,,False,True,19.9,59.0,927.7,False,37.8,154,1.6,True,False,False,False,False,False,1 L,+8.560,,8.56,10305.774,74.615,,,19.261,38.041,17.313,10250.42,10288.461,10305.774,10231.159
2023,São Paulo Grand Prix,20,Brazil,São Paulo,0 days 02:53:00.167000,PIA,81,0 days 00:01:14.393000,64.0,5.0,,Oscar Piastri,,0 days 00:00:19.268000,0 days 00:00:37.865000,0 days 00:00:17.260000,0 days 02:52:05.042000,0 days 02:52:42.907000,0 days 02:53:00.167000,302.0,257.0,304.0,290.0,False,SOFT,17.0,False,McLaren,0 days 02:51:45.774000,,1,14.0,False,,False,True,19.8,60.0,927.9,False,37.8,153,1.2,True,False,False,False,False,False,1 L,+8.249,,8.249,10380.167,74.393,,,19.268,37.865,17.26,10325.042,10362.907,10380.167,10305.774
2023,São Paulo Grand Prix,20,Brazil,São Paulo,0 days 02:54:14.558000,PIA,81,0 days 00:01:14.391000,65.0,5.0,,Oscar Piastri,,0 days 00:00:19.263000,0 days 00:00:37.904000,0 days 00:00:17.224000,0 days 02:53:19.430000,0 days 02:53:57.334000,0 days 02:54:14.558000,303.0,258.0,303.0,293.0,False,SOFT,18.0,False,McLaren,0 days 02:53:00.167000,,1,14.0,False,,False,True,19.7,59.0,927.7,False,37.1,175,1.7,True,False,False,False,False,False,1 L,+7.727,,7.727,10454.558,74.391,,,19.263,37.904,17.224,10399.43,10437.334,10454.558,10380.167
2023,São Paulo Grand Prix,20,Brazil,São Paulo,0 days 02:55:28.868000,PIA,81,0 days 00:01:14.310000,66.0,5.0,,Oscar Piastri,,0 days 00:00:19.239000,0 days 00:00:37.796000,0 days 00:00:17.275000,0 days 02:54:33.797000,0 days 02:55:11.593000,0 days 02:55:28.868000,304.0,258.0,304.0,297.0,True,SOFT,19.0,False,McLaren,0 days 02:54:14.558000,,1,14.0,False,,False,True,19.7,60.0,927.9,False,37.0,212,1.6,True,False,False,False,False,False,1 L,+6.914,,6.914,10528.868,74.31,,,19.239,37.796,17.275,10473.797,10511.593,10528.868,10454.558
2023,São Paulo Grand Prix,20,Brazil,São Paulo,0 days 02:56:46.392000,PIA,81,0 days 00:01:17.524000,67.0,5.0,,Oscar Piastri,,0 days 00:00:19.206000,0 days 00:00:40.999000,0 days 00:00:17.319000,0 days 02:55:48.074000,0 days 02:56:29.073000,0 days 02:56:46.392000,303.0,255.0,303.0,297.0,False,SOFT,20.0,False,McLaren,0 days 02:55:28.868000,,1,14.0,False,,False,True,19.7,60.0,927.7,False,36.8,179,2.2,True,False,False,False,False,False,2 L,+6.638,,6.638,10606.392,77.524,,,19.206,40.999,17.319,10548.074,10589.073,10606.392,10528.868
2023,São Paulo Grand Prix,20,Brazil,São Paulo,0 days 02:58:00.837000,PIA,81,0 days 00:01:14.445000,68.0,5.0,,Oscar Piastri,,0 days 00:00:19.175000,0 days 00:00:37.945000,0 days 00:00:17.325000,0 days 02:57:05.567000,0 days 02:57:43.512000,0 days 02:58:00.837000,307.0,259.0,303.0,296.0,False,SOFT,21.0,False,McLaren,0 days 02:56:46.392000,,1,14.0,False,,False,True,19.6,61.0,927.9,False,36.6,152,1.5,True,False,False,False,False,False,2 L,+7.217,,7.217,10680.837,74.445,,,19.175,37.945,17.325,10625.567,10663.512,10680.837,10606.392
2023,São Paulo Grand Prix,20,Brazil,São Paulo,0 days 02:59:15.636000,PIA,81,0 days 00:01:14.799000,69.0,5.0,,Oscar Piastri,,0 days 00:00:19.286000,0 days 00:00:38.182000,0 days 00:00:17.331000,0 days 02:58:20.123000,0 days 02:58:58.305000,0 days 02:59:15.636000,303.0,257.0,303.0,296.0,False,SOFT,22.0,False,McLaren,0 days 02:58:00.837000,,1,14.0,False,,False,True,19.8,60.0,927.7,False,36.5,159,0.8,True,False,False,False,False,False,2 L,+8.001,,8.001,10755.636,74.799,,,19.286,38.182,17.331,10700.123,10738.305,10755.636,10680.837
