tree
version=v4
num_class=1
num_tree_per_iteration=1
label_index=0
max_feature_idx=11
objective=regression
feature_names=Column_0 Column_1 Column_2 Column_3 Column_4 Column_5 Column_6 Column_7 Column_8 Column_9 Column_10 Column_11
feature_infos=[70.927875578362219:112.06499700054708] [2:78] [4:6084] [0:2] [1:6] [0:1] [0:156] [0:75] [0:5625] [2:78] [2.8169014084507045:100] [2022:2024]
tree_sizes=5365 5542 5535 5551 5587 5562 5549 5546 5570 5592 5572 5542 5613 5591 5579 5577 5593 5579 5558 5595 5567 5596 5598 5608 5605 5585 5582 5606 5593 5605 5607 5599 5596 5614 5643

Tree=0
num_leaves=63
num_cat=0
split_feature=0 0 0 0 0 11 0 0 11 0 0 11 0 0 9 3 11 0 0 0 4 9 3 9 7 9 4 9 11 9 11 4 0 11 2 4 6 9 0 7 11 4 9 4 11 0 9 7 0 0 11 6 0 11 4 6 4 4 9 0 11 9
split_gain=4.20865e+06 496276 464913 122236 111142 41404.2 38398.2 28274 21855 19473.1 19263.9 24575.8 13449.5 13072.1 10556.6 11274.4 9681.7 7839.12 14112.5 7233.81 5351.97 5266.89 4913.04 4209.88 3613.61 4421.47 3067.04 2781.66 2772.33 2400.42 3244.1 2139.67 1772.33 1332.32 1212.31 1164.32 1276.98 1131.82 1015.87 965.686 902.559 838.338 829.61 827.832 751.594 656.49 624.931 617.22 592.071 580.938 529.681 525.271 511.79 508.779 507.346 500.569 473.449 452.544 441.303 409.436 405.867 453.164
threshold=91.906897968634112 105.21585997946028 81.702686681457138 96.525003405553363 73.75223807119589 2023.5000000000002 85.395726527799056 80.46523122516966 2022.5000000000002 80.46523122516966 100.33765204161863 2023.5000000000002 110.31862351031204 83.126967932187142 4.5000000000000009 1.0000000180025095e-35 2023.5000000000002 82.498256809305289 83.45996261283635 88.279460480606971 2.5000000000000004 33.500000000000007 1.5000000000000002 39.500000000000007 34.500000000000007 34.500000000000007 2.5000000000000004 54.500000000000007 2023.5000000000002 3.5000000000000004 2022.5000000000002 2.5000000000000004 94.418460680367915 2022.5000000000002 30.500000000000004 2.5000000000000004 2.5000000000000004 28.500000000000004 84.127543646855841 39.500000000000007 2023.5000000000002 2.5000000000000004 16.500000000000004 3.5000000000000004 2023.5000000000002 94.418460680367915 7.5000000000000009 64.500000000000014 77.543965397965493 84.127543646855841 2023.5000000000002 12.500000000000002 82.498256809305289 2022.5000000000002 1.5000000000000002 19.500000000000004 2.5000000000000004 2.5000000000000004 22.500000000000004 82.498256809305289 2023.5000000000002 3.5000000000000004
decision_type=2 2 2 2 2 2 2 2 2 2 2 2 2 2 2 2 2 2 2 2 2 2 2 2 2 2 2 2 2 2 2 2 2 2 2 2 2 2 2 2 2 2 2 2 2 2 2 2 2 2 2 2 2 2 2 2 2 2 2 2 2 2
left_child=2 3 4 21 56 7 8 14 17 27 20 22 40 31 15 -6 -14 39 57 28 42 29 23 -12 38 49 46 34 -8 30 -2 52 33 -31 -7 51 -37 -13 -15 -4 -3 -39 60 -28 -22 53 47 -16 -48 -26 -44 -25 -10 -23 -30 -11 -1 -19 -34 -33 -5 -62
right_child=1 12 6 10 5 9 19 -9 13 55 11 37 16 24 26 -17 -18 18 -20 -21 44 45 -24 35 25 -27 43 -29 54 32 -32 59 58 -35 -36 36 -38 41 -40 -41 -42 -43 50 -45 -46 -47 48 -49 -50 -51 -52 -53 -54 -55 -56 -57 -58 -59 -60 -61 61 -63
leaf_value=87.44302024503321 88.995640036822977 89.231251815781221 87.961136003159837 88.898289174687235 88.725127700217172 88.048080792948497 88.220875095437009 87.435968212738103 87.971090179197063 88.219904466217642 89.076692506961081 88.904374471485283 89.556820225144804 87.989425878279476 87.986425186794634 87.860178988792953 89.323083718516202 88.347795836930771 88.093831609362681 88.347448159769812 88.779375309277484 88.541956502214333 89.028496524345925 89.558278728020241 88.061781337894971 88.495286241669419 87.716522210330396 87.755577563790041 88.168795536918907 88.618945136280331 88.630317797018989 87.96690340494095 88.668982995030277 88.542833070870557 87.878473662030743 89.436243079898688 89.075581947097277 88.810797626266719 88.063492131887429 88.154244513030903 89.319786230984803 88.900030696801011 88.835113435046964 87.65883649542927 88.707971023645754 88.553973187437123 87.734372440344629 87.784006397081072 87.787836625030039 88.120773295821536 88.768933197348602 89.338151895426847 87.922825243157874 88.478134059300956 88.087749062005614 88.133472453521875 87.394559062058818 88.282328295564554 88.608492845502425 87.850149983030661 88.955755666844567 88.817301310767519
leaf_weight=1695 91 804 657 707 53 128 1628 893 1068 315 227 1234 1295 2218 72 124 734 491 2412 883 585 447 469 101 1471 65 1691 525 285 957 193 96 796 1532 775 50 80 1085 608 74 853 417 1000 1283 1342 733 1261 98 1204 607 577 118 1372 1164 642 364 1616 569 584 1041 85 592
leaf_count=1695 91 804 657 707 53 128 1628 893 1068 315 227 1234 1295 2218 72 124 734 491 2412 883 585 447 469 101 1471 65 1691 525 285 957 193 96 796 1532 775 50 80 1085 608 74 853 417 1000 1283 1342 733 1261 98 1204 607 577 118 1372 1164 642 364 1616 569 584 1041 85 592
internal_value=88.2863 88.8649 87.9005 88.7384 87.6661 87.7592 88.0758 87.6982 88.0358 87.9527 88.8613 88.9463 89.3853 87.9899 87.7388 88.1202 89.4728 88.1292 88.1606 88.2241 88.7955 88.5744 89.153 89.2529 88.0425 88.0916 87.7268 87.848 88.1815 88.6083 88.7495 87.917 88.5978 88.5722 87.9022 89.3649 89.2221 88.867 88.0053 87.9805 89.2774 88.836 88.838 87.6914 88.7299 88.5142 87.767 87.8675 87.7603 88.0789 88.8112 89.445 87.9438 88.496 88.1125 88.1734 87.4191 88.3127 88.6436 87.8597 88.8681 88.8357
internal_weight=47136 18852 28284 15166 12097 8786 16187 6679 12749 2107 8669 3781 3686 8546 5786 177 2029 4203 3472 3438 4888 6497 1045 576 4969 2143 5609 1428 2555 4153 284 3577 3869 2489 903 349 130 2736 2826 731 1657 1502 2961 2974 1927 2344 2635 170 2465 2078 1577 219 2440 1611 927 679 3311 1060 1380 1137 1384 677
internal_count=47136 18852 28284 15166 12097 8786 16187 6679 12749 2107 8669 3781 3686 8546 5786 177 2029 4203 3472 3438 4888 6497 1045 576 4969 2143 5609 1428 2555 4153 284 3577 3869 2489 903 349 130 2736 2826 731 1657 1502 2961 2974 1927 2344 2635 170 2465 2078 1577 219 2440 1611 927 679 3311 1060 1380 1137 1384 677
is_linear=0
shrinkage=1


Tree=1
num_leaves=63
num_cat=0
split_feature=9 7 9 7 9 7 9 7 9 7 7 9 7 7 9 7 7 7 11 9 7 7 4 6 4 4 1 7 9 11 11 4 9 7 9 11 4 11 4 3 1 7 9 7 3 11 6 11 4 1 7 9 6 1 11 9 4 4 3 11 11 4
split_gain=357286 339800 384804 465430 280966 371426 58495.1 120432 54684.4 93278.2 51225.8 51635.7 51309.1 50048.8 37934 38902.6 33241.7 27254.1 24151.4 23614.6 24480 22593.6 21933.9 21704.3 21243 18844 18227.6 17899.4 40191.3 19265.3 15135.6 10905.1 10262.5 10140.8 10073.7 9858.24 9087.24 9047.09 8910.46 8344.75 8278.16 11035.4 8039.87 14324 7717.64 7353.83 7320.93 7009.24 6583.51 6581.76 6568.8 15518 6507.03 6498.34 6379.59 12447.7 6250.36 6229.78 7768.32 6114.46 6041.28 5805.23
threshold=56.500000000000007 51.500000000000007 19.500000000000004 30.500000000000004 40.500000000000007 14.500000000000002 26.500000000000004 42.500000000000007 5.5000000000000009 60.500000000000007 11.500000000000002 32.500000000000007 23.500000000000004 33.500000000000007 10.500000000000002 45.500000000000007 40.500000000000007 24.500000000000004 2022.5000000000002 48.500000000000007 3.5000000000000004 8.5000000000000018 2.5000000000000004 15.500000000000002 2.5000000000000004 3.5000000000000004 13.500000000000002 18.500000000000004 44.500000000000007 2022.5000000000002 2022.5000000000002 1.5000000000000002 46.500000000000007 36.500000000000007 25.500000000000004 2022.5000000000002 2.5000000000000004 2022.5000000000002 1.5000000000000002 1.5000000000000002 30.500000000000004 6.5000000000000009 61.500000000000007 5.5000000000000009 1.0000000180025095e-35 2022.5000000000002 12.500000000000002 2022.5000000000002 3.5000000000000004 21.500000000000004 56.500000000000007 10.500000000000002 26.500000000000004 32.500000000000007 2022.5000000000002 25.500000000000004 2.5000000000000004 3.5000000000000004 1.0000000180025095e-35 2022.5000000000002 2023.5000000000002 1.5000000000000002
decision_type=2 2 2 2 2 2 2 2 2 2 2 2 2 2 2 2 2 2 2 2 2 2 2 2 2 2 2 2 2 2 2 2 2 2 2 2 2 2 2 2 2 2 2 2 2 2 2 2 2 2 2 2 2 2 2 2 2 2 2 2 2 2
left_child=1 2 13 4 10 18 7 33 9 -3 24 17 45 26 16 37 35 23 40 20 32 49 42 39 30 27 46 28 29 -7 -4 -8 -20 47 -25 -15 -23 -16 50 -12 48 -42 43 53 -11 -13 -1 -5 -6 -21 51 -10 -22 -2 -19 -56 -9 -24 -59 -28 -36 -35
right_child=22 8 3 6 5 25 31 56 38 44 11 12 -14 14 15 -17 -18 54 19 21 52 36 57 34 -26 -27 59 -29 -30 -31 -32 -33 -34 61 60 -37 -38 -39 -40 -41 41 -43 -44 -45 -46 -47 -48 -49 -50 -51 -52 -53 -54 -55 55 -57 -58 58 -60 -61 -62 -63
leaf_value=1.0313574838286828 0.38207351672482659 0.34449771381198585 -0.044248044797981334 0.43066111357009729 0.51752067294808068 0.95406724335165594 -0.18956784674765051 -0.40249753061190668 0.10153857910312897 -0.18378500281922197 0.8886158690999052 0.42239802839314494 -0.15583279172725845 0.58293137394528505 0.48897541933724675 -0.074675089226406477 0.40557330833175753 0.44816123881491876 0.99370622451991264 0.031046347934502835 0.11556952739729061 0.017352564289575309 -0.43703163527335165 0.76405318118846766 0.9733933905557145 -0.61169018198191594 0.17613913415161811 -0.39808598265026074 -0.33651460760664809 0.079574263121248504 0.67423085955760942 -0.45426751330652426 0.42000232875689697 0.17274311870440981 0.30722537105485959 0.99066963893577142 -0.41364412820204849 0.28169214734657977 -0.50347745899066776 0.53129770407957189 0.4787187572505987 -0.23148243699754986 -0.37263734302281559 -0.34035054978492779 -0.47295451998449389 0.23289477415520643 0.65913823343421285 0.14331391609986927 0.24750378479907545 0.2224386535667025 -0.40927103861900466 -0.35498111583576925 0.28875817609767546 -0.097432707726955406 0.38542134793532706 0.12000902803096257 -0.6752250567434257 -0.47083541122511385 -0.72018310184906476 0.64699890384278824 0.52723426837563514 -0.14671795313562849
leaf_weight=406 142 769 109 270 930 84 434 1705 241 344 492 674 896 274 675 748 2972 576 145 819 945 204 1940 207 429 673 137 2698 938 244 222 3942 173 213 852 340 304 2431 1430 254 106 111 617 328 712 2157 208 989 302 995 1736 811 1279 139 907 863 242 729 562 140 499 423
leaf_count=406 142 769 109 270 930 84 434 1705 241 344 492 674 896 274 675 748 2972 576 145 819 945 204 1940 207 429 673 137 2698 938 244 222 3942 173 213 852 340 304 2431 1430 254 106 111 617 328 712 2157 208 989 302 995 1736 811 1279 139 907 863 242 729 562 140 499 423
internal_value=9.02741e-06 0.0444979 0.101799 0.013881 0.143566 -0.0272544 -0.303083 -0.160652 -0.302849 -0.0741288 0.348263 0.31253 0.173799 0.400465 0.357963 0.248947 0.475022 0.423661 0.222306 0.168865 0.274131 0.0535548 -0.425918 0.545853 0.74119 -0.366992 0.754564 -0.325303 -0.169997 0.305764 0.438196 -0.428066 0.683908 0.123077 0.439136 0.809967 -0.240863 0.326884 -0.401768 0.767836 0.401453 0.116018 -0.245537 -0.11636 -0.379023 0.278146 0.906549 0.205234 0.45159 0.136095 -0.349436 -0.250396 0.215256 0.145358 0.303472 0.256158 -0.436728 -0.494264 -0.579859 0.415608 0.388821 -0.0396176
internal_weight=47136 42679 36636 28305 20087 10950 8218 3842 6043 1825 9137 8377 3727 8331 7440 3854 3586 4650 6313 4864 2542 2322 4457 2304 760 4637 891 3964 1266 328 331 4376 318 1895 1558 614 508 3106 4218 746 1449 217 1226 609 1056 2831 614 1259 1232 1814 2788 1052 2224 281 2346 1770 1947 3231 1291 277 1351 636
internal_count=47136 42679 36636 28305 20087 10950 8218 3842 6043 1825 9137 8377 3727 8331 7440 3854 3586 4650 6313 4864 2542 2322 4457 2304 760 4637 891 3964 1266 328 331 4376 318 1895 1558 614 508 3106 4218 746 1449 217 1226 609 1056 2831 614 1259 1232 1814 2788 1052 2224 281 2346 1770 1947 3231 1291 277 1351 636
is_linear=0
shrinkage=0.05


Tree=2
num_leaves=63
num_cat=0
split_feature=0 0 0 0 0 0 0 0 0 4 7 10 7 0 7 0 7 9 4 9 0 0 4 9 10 7 6 10 0 9 6 7 4 0 0 5 7 7 9 7 4 7 0 0 4 6 4 9 9 7 9 4 4 1 4 6 0 0 9 7 9 9
split_gain=3.54151e+06 423711 393305 111378 96440.9 26483.1 18706 10286.8 9350.87 5802.84 8551.6 14766.8 7877.87 5373.6 5243.12 6309.78 5104.67 6540.55 4335.01 4248.86 2892.21 5619.07 15779 3038.13 2169.24 2631.19 2009.6 4407.53 1986.96 1802.68 1731.11 1683.77 1636.02 1492.28 1438.37 1218.17 1188.3 1186.94 1146.03 3209.05 1080.68 2511.49 1279.5 927.697 843.426 1009.02 795.696 755.531 749.754 2559.43 688.229 662.95 659.739 860.603 567.457 497.372 482.393 478.789 433.999 437.745 552.875 433.4
threshold=91.906897968634112 105.21585997946028 81.702686681457138 96.525003405553363 73.75223807119589 84.127543646855841 100.33765204161863 88.279460480606971 110.31862351031204 1.5000000000000002 58.500000000000007 11.882352941176473 66.500000000000014 80.46523122516966 50.500000000000007 80.46523122516966 34.500000000000007 35.500000000000007 2.5000000000000004 33.500000000000007 77.543965397965493 80.46523122516966 3.5000000000000004 55.500000000000007 5.9411764705882364 49.500000000000007 25.500000000000004 67.498469075321509 80.46523122516966 4.5000000000000009 3.5000000000000004 21.500000000000004 2.5000000000000004 83.45996261283635 94.418460680367915 1.0000000180025095e-35 23.500000000000004 19.500000000000004 20.500000000000004 35.500000000000007 3.5000000000000004 16.500000000000004 83.45996261283635 82.498256809305289 2.5000000000000004 1.0000000180025095e-35 2.5000000000000004 16.500000000000004 34.500000000000007 37.500000000000007 37.500000000000007 1.5000000000000002 2.5000000000000004 6.5000000000000009 1.5000000000000002 11.500000000000002 94.418460680367915 78.950806549903049 31.500000000000004 54.500000000000007 7.5000000000000009 22.500000000000004
decision_type=2 2 2 2 2 2 2 2 2 2 2 2 2 2 2 2 2 2 2 2 2 2 2 2 2 2 2 2 2 2 2 2 2 2 2 2 2 2 2 2 2 2 2 2 2 2 2 2 2 2 2 2 2 2 2 2 2 2 2 2 2 2
left_child=2 3 4 19 -1 16 18 32 51 10 11 -6 20 -12 15 -13 30 43 47 24 36 31 48 -24 25 -2 27 58 -16 -14 40 -22 54 -32 -26 -29 -11 -10 -17 -40 41 42 -4 -18 55 -46 50 -5 49 -23 -28 -3 -43 -54 -7 -37 -21 -33 59 60 -8 -36
right_child=1 8 5 6 9 7 26 -9 37 12 13 14 29 -15 28 38 17 -19 -20 56 21 22 23 -25 34 -27 46 35 -30 -31 33 57 -34 -35 61 44 -38 -39 39 -41 -42 52 -44 -45 45 -47 -48 -49 -50 -51 -52 -53 53 -55 -56 -57 -58 -59 -60 -61 -62 -63
leaf_value=-0.79952195710606055 0.64866822756253761 0.97354459260467796 -0.41429785991901691 0.53324802973296237 0.5038423629667399 -0.095245182447526611 0.69110062952908613 0.05004545881485091 1.0376124141366807 -0.58651576382935711 -0.45004764238993328 -0.47262154908850795 0.082490566159018661 -0.75991632631846839 -0.45008913681983947 -0.079889046516186668 -0.26205280292560074 0.36393073764501832 0.40736229836817106 0.18768707140429736 -0.4927734545839525 -0.34177959904647792 -0.16002874203596792 -0.56228792543922157 0.25562214865071703 0.2977129782361092 0.58920344169051553 0.51199130249023439 -0.75470261730559896 -0.27187174079692467 -0.29997434133145984 -0.43698680677801183 -0.18763287142420929 -0.24021354290827404 0.34272575101148062 0.90869161593286618 -0.52088898672390538 1.1281182379308943 -0.12510635624891558 -0.56402826938712802 -0.11833397724564627 -0.22768871495485304 -0.19722926495231199 -0.19654929132697044 0.85508579889933278 0.63202502945051764 0.62708821360904388 0.4792778652702448 -0.80788984954833998 -0.7355537548732487 0.49596697542892143 0.8920538967281747 -0.22079991472217794 0.0038515691639918644 -0.13506435812776171 0.76147247478573821 0.23745795547799778 -0.37843594032397371 0.53346362702215655 0.50489079751259047 0.60073470208624058 0.28420343671293341
leaf_weight=3311 90 584 205 1384 52 1499 274 883 981 1257 527 255 52 195 249 224 645 50 1927 1611 1171 51 190 62 2489 138 404 59 72 112 3543 941 1146 1527 852 151 1922 1048 158 56 257 124 106 3742 83 216 400 1577 249 297 540 1073 66 117 2277 214 733 694 290 120 1030 584
leaf_count=3311 90 584 205 1384 52 1499 274 883 981 1257 527 255 52 195 249 224 645 50 1927 1611 1171 51 190 62 2489 138 404 59 72 112 3543 941 1146 1527 852 151 1922 1048 158 56 257 124 106 3742 83 216 400 1577 249 297 540 1073 66 117 2277 214 733 694 290 120 1030 584
internal_value=1.81774e-05 0.530861 -0.353808 0.413951 -0.569479 -0.192606 0.531257 -0.107049 1.01165 -0.482706 -0.401631 -0.311096 -0.50336 -0.53468 -0.353348 -0.275249 -0.240429 -0.199732 0.466405 0.25737 -0.511582 -0.480621 -0.594058 -0.260848 0.287803 0.438497 0.614949 0.642869 -0.520561 -0.159664 -0.270763 -0.446097 -0.135236 -0.282027 0.278939 0.748003 -0.547016 1.08489 -0.159514 -0.242077 -0.205245 -0.241129 -0.341198 -0.206239 0.768164 0.696605 0.563879 0.504677 -0.73403 -0.679004 0.536456 0.921348 -0.138962 -0.0779028 -0.119288 0.824707 0.203348 -0.412384 0.598108 0.610886 0.620241 0.319143
internal_weight=47136 18852 28284 15166 12097 16187 8669 5805 3686 8786 1788 1066 6998 722 1014 693 10382 4437 4888 6497 6834 3655 849 252 4153 228 3781 2437 321 164 5945 2806 4922 5070 3925 723 3179 2029 438 214 875 618 311 4387 664 299 1344 2961 597 348 944 1657 307 183 3776 365 2344 1635 1714 1424 1304 1436
internal_count=47136 18852 28284 15166 12097 16187 8669 5805 3686 8786 1788 1066 6998 722 1014 693 10382 4437 4888 6497 6834 3655 849 252 4153 228 3781 2437 321 164 5945 2806 4922 5070 3925 723 3179 2029 438 214 875 618 311 4387 664 299 1344 2961 597 348 944 1657 307 183 3776 365 2344 1635 1714 1424 1304 1436
is_linear=0
shrinkage=0.05


Tree=3
num_leaves=63
num_cat=0
split_feature=0 0 0 0 0 0 0 0 0 4 7 10 7 0 7 0 7 4 9 9 7 0 0 4 9 3 7 3 10 7 0 9 7 0 4 0 7 7 0 9 7 0 4 9 4 5 3 0 9 9 7 10 4 1 10 4 0 4 9 1 0 9
split_gain=3.19668e+06 382422 355020 100546 87016.9 23903 16903.2 9284.63 8438.59 5231.3 7717.13 13346.7 7108.86 4854.63 4735.81 5694.64 4613.58 3912.82 3835.8 2924.18 2997.83 2606.98 5080.72 14241.3 2747.7 2551.62 4871.69 2040.17 1962.84 2378.16 1798.65 1628.87 1519.34 1499.95 1476.71 1298.81 1072.7 1070.99 1038.47 1036.19 2902.47 852.02 796.154 1746.8 737.221 729.728 703.56 915.344 681.888 681.836 2378.49 640.982 1317.65 939.233 640.279 599.075 536.886 512.101 488.45 606.007 472.435 465.547
threshold=91.906897968634112 105.21585997946028 81.702686681457138 96.525003405553363 73.75223807119589 84.127543646855841 100.33765204161863 88.279460480606971 110.31862351031204 1.5000000000000002 58.500000000000007 11.882352941176473 66.500000000000014 80.46523122516966 50.500000000000007 80.46523122516966 33.500000000000007 2.5000000000000004 33.500000000000007 35.500000000000007 34.500000000000007 77.543965397965493 80.46523122516966 3.5000000000000004 55.500000000000007 1.5000000000000002 19.500000000000004 1.5000000000000002 5.9411764705882364 49.500000000000007 80.46523122516966 4.5000000000000009 21.500000000000004 82.498256809305289 2.5000000000000004 94.418460680367915 23.500000000000004 19.500000000000004 83.45996261283635 20.500000000000004 35.500000000000007 82.498256809305289 2.5000000000000004 31.500000000000004 3.5000000000000004 1.0000000180025095e-35 1.5000000000000002 83.126967932187142 16.500000000000004 33.500000000000007 38.500000000000007 78.679653679653697 2.5000000000000004 22.500000000000004 74.625530963559143 1.5000000000000002 83.287826955045844 1.5000000000000002 44.500000000000007 11.500000000000002 83.126967932187142 36.500000000000007
decision_type=2 2 2 2 2 2 2 2 2 2 2 2 2 2 2 2 2 2 2 2 2 2 2 2 2 2 2 2 2 2 2 2 2 2 2 2 2 2 2 2 2 2 2 2 2 2 2 2 2 2 2 2 2 2 2 2 2 2 2 2 2 2
left_child=2 3 4 18 -1 16 17 34 55 10 11 -6 21 -12 15 -13 27 48 28 41 -21 36 32 49 -25 26 54 33 29 -2 -16 -14 -23 -4 57 -30 -11 -10 61 -17 -41 -18 43 -27 51 -46 -43 -48 -5 50 -24 52 60 56 -8 -3 -53 -7 -54 -60 -35 -29
right_child=1 8 5 6 9 7 25 -9 37 12 13 14 31 -15 30 39 19 -19 -20 20 -22 22 23 24 -26 42 -28 38 35 -31 -32 -33 -34 44 -36 -37 -38 -39 -40 40 -42 46 -44 -45 45 -47 47 -49 -50 -51 -52 53 58 -55 -56 -57 -58 -59 59 -61 -62 -63
leaf_value=-0.75955792648780751 0.61659124521108788 0.92495055723597863 -0.2885341159964333 0.5066048812143209 0.47912558657521348 -0.090486098013604077 0.8530737946972704 0.047546016618107555 0.98578463700055596 -0.55721329344095982 -0.42758786142323957 -0.44908278619870545 0.078443864769530747 -0.72211436505220383 -0.42767468240737916 -0.075912346923434071 -0.24890306339355114 0.3870047520033057 0.19318962549654914 -0.18394311232226238 0.3460910090278177 -0.46815580872748896 -0.31461795395495845 -0.15206919412182263 -0.53461978007669719 0.58774848733024532 0.5675489532976451 -0.26586276522467223 0.24284617780968848 0.28293441462002211 -0.71748440193803353 -0.25839845918976101 -0.39178948142043202 -0.30737429498354973 -0.17825940485511046 0.30320822422423127 -0.49485808385639718 1.0717661068664492 -0.23953906917228804 -0.11889038067943646 -0.53632160793270989 -0.17527634109628465 0.59445063394031095 0.46818308608939163 -0.090291857788683844 -0.24618471090946722 -0.32142633860781794 -0.19938811636356271 0.45532915487639958 -0.76294535709043265 -0.69886178064903781 -0.37024373865445259 -0.087127469166129262 -0.19146903817920852 0.70961468830146268 0.84749272723881686 -0.23651159056346782 -0.12831410428467824 -0.29117183049971407 -0.12261540533851883 -0.20842187004536392 -0.31963279438206826
leaf_weight=3311 90 584 722 1384 52 1499 131 883 981 1257 527 255 52 195 249 224 682 1927 2344 55 50 1171 50 190 62 562 1236 600 2489 138 72 112 1635 210 1146 1436 1922 1048 876 158 56 2879 580 766 249 108 199 734 1577 270 277 196 264 289 506 1073 136 2277 87 143 319 1584
leaf_count=3311 90 584 722 1384 52 1499 131 883 981 1257 527 255 52 195 249 224 682 1927 2344 55 50 1171 50 190 62 562 1236 600 2489 138 72 112 1635 210 1146 1436 1922 1048 876 158 56 2879 580 766 249 108 199 734 1577 270 277 196 264 289 506 1073 136 2277 87 143 319 1584
internal_value=2.15814e-05 0.50436 -0.336138 0.393291 -0.541044 -0.182982 0.504747 -0.101699 0.961118 -0.458619 -0.381639 -0.295633 -0.478229 -0.50803 -0.335802 -0.261577 -0.228416 0.443099 0.244519 -0.190934 0.0692908 -0.48604 -0.456644 -0.56451 -0.24795 0.584304 0.626707 -0.258186 0.273435 0.41678 -0.494721 -0.151736 -0.423816 -0.226451 -0.128479 0.265003 -0.519683 1.0307 -0.28634 -0.151627 -0.230134 -0.197029 0.54237 0.51919 -0.203915 -0.138023 -0.187685 -0.225739 0.479461 -0.697487 -0.641262 -0.218128 -0.1933 -0.258643 0.740416 0.875337 -0.316352 -0.113326 -0.134098 -0.18738 -0.248219 -0.304992
internal_weight=47136 18852 28284 15166 12097 16187 8669 5805 3686 8786 1788 1066 6998 722 1014 693 10382 4888 6497 4599 105 6834 3655 849 252 3781 1873 5783 4153 228 321 164 2806 2723 4922 3925 3179 2029 3060 438 214 4494 1908 1328 2001 357 3812 933 2961 597 327 1644 1023 621 637 1657 332 3776 494 230 529 2184
internal_count=47136 18852 28284 15166 12097 16187 8669 5805 3686 8786 1788 1066 6998 722 1014 693 10382 4888 6497 4599 105 6834 3655 849 252 3781 1873 5783 4153 228 321 164 2806 2723 4922 3925 3179 2029 3060 438 214 4494 1908 1328 2001 357 3812 933 2961 597 327 1644 1023 621 637 1657 332 3776 494 230 529 2184
is_linear=0
shrinkage=0.05


Tree=4
num_leaves=63
num_cat=0
split_feature=0 0 0 0 0 11 0 11 0 0 11 0 11 0 9 3 0 0 0 3 3 4 9 9 11 7 9 4 9 11 11 10 11 0 0 0 0 6 4 6 9 7 7 0 9 4 10 10 0 11 9 11 4 4 9 0 7 6 11 7 11 10
split_gain=2.88537e+06 345174 320445 90755.1 78515.1 29660.6 21578.5 21325.2 21121.4 15263.4 18543.8 11839.9 9258.45 8380.08 8300.73 8472.51 7895.45 10832.6 6358.49 4147.89 4049.62 3531.75 3463.84 3288.69 2391.9 2546.6 5635.56 2191.67 2190.62 1864.91 1789.33 4163.76 1572.68 1381.56 1351.47 1335.87 1087.29 1043.97 966.879 1211.56 865.229 820.242 769.115 682.144 615.417 615.108 609.967 609.408 601.531 559.451 555.458 523.532 490.117 479.369 437.577 440.649 422.043 415.862 404.882 384.832 342.164 542.344
threshold=91.906897968634112 105.21585997946028 81.702686681457138 96.525003405553363 73.75223807119589 2023.5000000000002 84.127543646855841 2022.5000000000002 80.46523122516966 100.33765204161863 2023.5000000000002 80.46523122516966 2022.5000000000002 88.279460480606971 4.5000000000000009 1.0000000180025095e-35 82.498256809305289 83.45996261283635 83.126967932187142 1.5000000000000002 1.5000000000000002 2.5000000000000004 27.500000000000004 39.500000000000007 2023.5000000000002 33.500000000000007 30.500000000000004 2.5000000000000004 50.500000000000007 2023.5000000000002 2022.5000000000002 5.9411764705882364 2023.5000000000002 110.31862351031204 82.498256809305289 94.418460680367915 85.395726527799056 6.5000000000000009 2.5000000000000004 2.5000000000000004 31.500000000000004 40.500000000000007 29.500000000000004 83.45996261283635 16.500000000000004 2.5000000000000004 41.223155929038292 63.356807511737095 94.418460680367915 2022.5000000000002 15.500000000000002 2023.5000000000002 3.5000000000000004 3.5000000000000004 7.5000000000000009 77.543965397965493 64.500000000000014 19.500000000000004 2022.5000000000002 28.500000000000004 2023.5000000000002 5.9411764705882364
decision_type=2 2 2 2 2 2 2 2 2 2 2 2 2 2 2 2 2 2 2 2 2 2 2 2 2 2 2 2 2 2 2 2 2 2 2 2 2 2 2 2 2 2 2 2 2 2 2 2 2 2 2 2 2 2 2 2 2 2 2 2 2 2
left_child=2 3 4 22 59 8 7 16 14 21 20 28 -3 29 15 -6 41 53 34 32 23 44 30 -11 25 43 -27 54 37 36 31 -2 33 -14 -9 -32 -8 -7 57 -40 -12 -4 -36 -20 60 -42 -31 -26 49 -24 -21 -23 -29 -18 56 -56 -16 -25 -46 -1 -5 -62
right_child=1 12 6 9 5 11 13 18 -10 10 40 -13 19 -15 27 -17 17 -19 24 50 -22 51 48 38 47 26 -28 52 -30 46 35 -33 -34 -35 42 -37 -38 -39 39 -41 45 -43 -44 -45 58 -47 -48 -49 -50 -51 -52 -53 -54 -55 55 -57 -58 -59 -60 -61 61 -63
leaf_value=-0.74978958332689505 0.68180809691145616 1.0905527925037202 -0.26491715682064293 0.50840627412338035 0.40979136837853325 -0.15459017037735745 -0.13237543893008114 -0.26618447674548679 -0.71398234833540264 0.66981053841741467 0.51652418209461681 -0.099856395754483809 0.82513211980010537 0.04517140504117103 -0.2466899394335812 -0.33988244367599485 0.073643973079067213 -0.15941077542107152 -0.26395769765908772 0.91042247920841357 0.62210316428732371 0.40894279003143308 0.21594649120332293 1.0518526350093793 -0.23340704827162023 -0.14252557015137274 0.39304582417011263 -0.47325970689455671 -0.42842191147235625 -0.12388735479845057 0.21132618710480999 0.29243796773484743 0.87187865670925913 1.0263538572813642 -0.36383311525959328 0.29197606362165623 -0.068513029137903012 -0.32269929815702936 0.99991512195736765 0.65767521351943792 0.43391425084390695 -0.064316673963739177 -0.30559436533186174 -0.18388553773154559 0.46230208072873114 0.51115242441305131 -0.17860230299851054 -0.29239389965143153 0.22445486433846606 0.15876383918767784 0.80860744077195124 0.34937585740149779 -0.51817919808384783 -0.0099036123973524418 -0.45680639472797441 -0.4109756344047325 -0.41405177809975363 0.83920882119072826 0.40689472694285433 -0.70554765046987322 0.59788345524759012 0.43583807707221828
leaf_weight=1184 73 629 675 707 53 109 1134 1164 893 227 1334 679 131 883 72 124 845 1278 555 230 469 585 643 157 1158 676 52 1691 586 860 1447 1101 550 656 1118 817 1628 733 50 80 985 56 1295 540 723 417 1300 755 1049 1367 1490 1342 1283 215 1261 1204 98 62 854 2127 65 612
leaf_count=1184 73 629 675 707 53 109 1134 1164 893 227 1334 679 131 883 72 124 845 1278 555 230 469 585 643 157 1158 676 52 1691 586 860 1447 1101 550 656 1118 817 1628 733 50 80 985 56 1295 540 723 417 1300 755 1049 1367 1490 1342 1283 215 1261 1204 98 62 854 2127 65 612
internal_value=1.81577e-05 0.47917 -0.319354 0.373649 -0.514026 -0.435731 -0.173847 -0.217015 -0.48735 0.479539 0.555139 -0.271948 0.913114 -0.0966175 -0.452254 -0.114335 -0.106346 -0.0614462 -0.263438 0.876258 0.734666 0.420958 0.232306 0.825073 -0.217684 -0.176484 -0.103777 -0.462894 -0.353646 -0.122059 0.266814 0.317213 0.94443 0.993955 -0.31115 0.240548 -0.0947734 -0.301152 0.923844 0.795972 0.486325 -0.249665 -0.332719 -0.224678 0.455504 0.457239 -0.156887 -0.25683 0.193446 0.177157 0.822746 0.367665 -0.492808 0.0566999 -0.428957 -0.434599 -0.345056 0.995763 0.432577 -0.721592 0.481293 0.452263
internal_weight=47136 18852 28284 15166 12097 8786 16187 10382 6679 8669 3781 2107 3686 5805 5786 177 3069 2338 7313 3057 1045 4888 6497 576 3736 1823 728 5609 1428 4922 3438 1174 1337 787 3577 2264 2762 842 349 130 2736 731 2413 1095 2961 1402 2160 1913 3059 2010 1720 1927 2974 1060 2635 2465 170 219 1577 3311 1384 677
internal_count=47136 18852 28284 15166 12097 8786 16187 10382 6679 8669 3781 2107 3686 5805 5786 177 3069 2338 7313 3057 1045 4888 6497 576 3736 1823 728 5609 1428 4922 3438 1174 1337 787 3577 2264 2762 842 349 130 2736 731 2413 1095 2961 1402 2160 1913 3059 2010 1720 1927 2974 1060 2635 2465 170 219 1577 3311 1384 677
is_linear=0
shrinkage=0.05


Tree=5
num_leaves=63
num_cat=0
split_feature=0 0 0 0 0 0 0 0 0 4 7 10 7 7 9 0 7 0 4 9 0 0 4 9 3 7 3 10 7 0 9 7 4 0 0 7 7 0 9 7 0 9 4 4 5 9 7 10 9 3 0 9 10 4 1 6 4 0 9 9 0 9
split_gain=2.60446e+06 311564 289229 81933.5 70858.8 19476.7 13786.2 7563.79 6849.05 4328.78 6472.11 11478 5923.48 3866.66 5186.59 3861.44 3821.46 4656.72 3188.97 3172.49 2133.35 4194.67 11440.3 2264.15 2056.45 3938.16 1672.74 1626.22 2108.62 1474.91 1352.42 1252.88 1245.7 1219.92 1082.79 988.911 928.462 866.77 865.553 2348.39 674.151 650.013 1430.33 600.009 579.677 578.776 1941.95 566.573 556.087 547.232 722.947 537.734 535.005 1144.79 755.528 488.559 438.656 399.149 396.874 394.496 392.431 386.511
threshold=91.906897968634112 105.21585997946028 81.702686681457138 96.525003405553363 73.75223807119589 84.127543646855841 100.33765204161863 88.279460480606971 110.31862351031204 1.5000000000000002 58.500000000000007 11.882352941176473 66.500000000000014 34.500000000000007 35.500000000000007 80.46523122516966 50.500000000000007 80.46523122516966 2.5000000000000004 33.500000000000007 77.543965397965493 80.46523122516966 3.5000000000000004 55.500000000000007 1.5000000000000002 19.500000000000004 1.5000000000000002 5.9411764705882364 49.500000000000007 80.46523122516966 4.5000000000000009 21.500000000000004 2.5000000000000004 82.498256809305289 94.418460680367915 20.500000000000004 23.500000000000004 83.45996261283635 20.500000000000004 35.500000000000007 82.498256809305289 31.500000000000004 2.5000000000000004 3.5000000000000004 1.0000000180025095e-35 33.500000000000007 38.500000000000007 74.625530963559143 16.500000000000004 1.5000000000000002 83.126967932187142 17.500000000000004 77.232854864433818 2.5000000000000004 20.500000000000004 8.5000000000000018 1.5000000000000002 83.287826955045844 34.500000000000007 36.500000000000007 94.418460680367915 16.500000000000004
decision_type=2 2 2 2 2 2 2 2 2 2 2 2 2 2 2 2 2 2 2 2 2 2 2 2 2 2 2 2 2 2 2 2 2 2 2 2 2 2 2 2 2 2 2 2 2 2 2 2 2 2 2 2 2 2 2 2 2 2 2 2 2 2
left_child=2 3 4 19 -1 13 18 32 51 10 11 -6 20 26 40 -12 17 -13 48 27 36 31 45 -24 25 47 33 28 -2 -18 -14 -22 56 -4 -29 -10 -11 59 -19 -40 -15 -26 -43 52 -45 46 -23 55 -5 -42 -51 -3 53 -35 57 -8 -7 -54 -20 -28 -21 -48
right_child=1 8 5 6 9 7 24 -9 35 12 15 16 30 14 -16 -17 29 38 58 60 21 22 23 -25 41 -27 37 34 -30 -31 -32 -33 -34 43 -36 -37 -38 -39 39 -41 49 42 -44 44 -46 -47 61 -49 -50 50 -52 -53 54 -55 -56 -57 -58 -59 -60 -61 -62 -63
leaf_value=-0.68553397039860364 0.56547995662951223 0.84276872785467849 -0.25958608224807483 0.45728431353586246 0.45320818848205069 -0.080912409124238874 0.86063710489390821 0.042915389374620444 0.88971379914946425 -0.50419818728261989 -0.38791194396940143 -0.40533481396734716 0.075858406871557246 -0.22413904383017369 0.33113218583312687 -0.6506758581375589 -0.3845258059072495 -0.067162968449548097 0.38817346746189668 0.15992895712036057 -0.4227747158090816 -0.28286097521227144 -0.13953886457431222 -0.48682786741427009 0.53651895087662915 0.51234698933175038 -0.24045092149097244 0.21910327152363271 0.25162965527541348 -0.64689150601217194 -0.2310139894063494 -0.35344303137921074 -0.16168001585351363 -0.22247813886531081 0.27420665816789547 0.97090469060543771 -0.44633686490810237 -0.21584128073692865 -0.10802183288823133 -0.48352247025098721 -0.1573424543946601 0.42269538666776135 0.53121588062341163 -0.082387722523964618 -0.22127532650776416 -0.6895980952014783 -0.48480699870838884 0.63915005241860534 0.41097597025495364 -0.29147023929776378 -0.17934614034431678 0.76728941542498552 -0.33772775634433572 -0.1169117046363219 -0.18195377434314128 0.62080030890611504 -0.11591435947544182 -0.21655505239963532 0.33428286786925299 -0.28855698584410294 0.20474746395521659 -0.66204884789254936
leaf_weight=3311 90 493 742 1384 52 1499 80 883 1028 1257 527 255 52 645 50 195 249 224 530 1611 1171 50 190 62 586 1236 647 2489 138 72 112 1635 1146 562 1436 1001 1922 906 158 56 2839 766 556 250 108 270 53 506 1577 184 719 1164 184 481 359 51 2277 122 1397 1584 733 224
leaf_count=3311 90 493 742 1384 52 1499 80 883 1028 1257 527 255 52 645 50 195 249 224 530 1611 1171 50 190 62 586 1236 647 2489 138 72 112 1635 1146 562 1436 1001 1922 906 158 56 2839 766 556 250 108 270 53 506 1577 184 719 1164 184 481 359 51 2277 122 1397 1584 733 224
internal_value=2.67176e-05 0.455257 -0.303401 0.355005 -0.488348 -0.165163 0.455617 -0.0917906 0.867534 -0.413969 -0.343951 -0.2652 -0.431806 -0.206175 -0.170757 -0.459689 -0.302456 -0.235776 0.399943 0.220707 -0.438936 -0.412344 -0.510347 -0.226589 0.527466 0.565545 -0.232575 0.247003 0.377468 -0.445216 -0.133813 -0.382519 -0.115962 -0.204319 0.239329 0.93023 -0.469369 -0.257793 -0.136351 -0.208099 -0.176553 0.489807 0.468707 -0.184351 -0.1248 -0.629536 -0.577977 0.667794 0.43277 -0.168291 -0.202496 0.790244 -0.19675 -0.173958 -0.232176 0.772714 -0.102046 -0.290296 0.349301 -0.274722 0.174028 -0.63002
internal_weight=47136 18852 28284 15166 12097 16187 8669 5805 3686 8786 1788 1066 6998 10382 4437 722 1014 693 4888 6497 6834 3655 849 252 3781 1873 5945 4153 228 321 164 2806 4922 2808 3925 2029 3179 3137 438 214 4387 1908 1322 2066 358 597 327 637 2961 3742 903 1657 1708 1043 665 131 3776 306 1927 2231 2344 277
internal_count=47136 18852 28284 15166 12097 16187 8669 5805 3686 8786 1788 1066 6998 10382 4437 722 1014 693 4888 6497 6834 3655 849 252 3781 1873 5945 4153 228 321 164 2806 4922 2808 3925 2029 3179 3137 438 214 4387 1908 1322 2066 358 597 327 637 2961 3742 903 1657 1708 1043 665 131 3776 306 1927 2231 2344 277
is_linear=0
shrinkage=0.05


Tree=6
num_leaves=63
num_cat=0
split_feature=9 7 9 7 9 7 9 7 9 7 7 9 7 7 9 7 11 6 7 9 9 10 7 1 9 7 7 7 6 9 7 9 6 11 11 1 9 7 6 7 9 11 3 1 7 3 1 11 7 11 11 11 7 7 9 11 11 3 7 9 9 11
split_gain=215377 202163 234146 278084 176951 213117 43135.5 88436.8 33066.6 55503.5 30888.6 33693.2 31946 30030.1 22320.8 20614.5 16451.2 16382.4 16012.8 14295.3 12613.6 13180.7 9149.51 8864.5 9467.81 10380 8483.13 7940.77 7905.87 7761.59 6560.39 8342.15 6539.12 6430.28 6193.25 5866.14 5579.58 18581.7 5284.92 5147.03 7866.7 5085.91 5991.61 4891.23 6731.21 4661.55 4564.29 8184.27 4261.33 4208.65 4203.19 4111.38 4515.5 4255.99 5631.26 3980.64 3966.69 5050.82 3837.52 12285.8 3782.51 3581.88
threshold=56.500000000000007 51.500000000000007 19.500000000000004 29.500000000000004 41.500000000000007 14.500000000000002 27.500000000000004 42.500000000000007 5.5000000000000009 60.500000000000007 10.500000000000002 33.500000000000007 22.500000000000004 37.500000000000007 11.500000000000002 44.500000000000007 2022.5000000000002 12.500000000000002 18.500000000000004 22.500000000000004 50.500000000000007 88.657804459691263 24.500000000000004 21.500000000000004 61.500000000000007 2.5000000000000004 2.5000000000000004 36.500000000000007 13.500000000000002 47.500000000000007 40.500000000000007 6.5000000000000009 29.500000000000004 2022.5000000000002 2022.5000000000002 19.500000000000004 47.500000000000007 20.500000000000004 31.500000000000004 33.500000000000007 10.500000000000002 2022.5000000000002 1.0000000180025095e-35 30.500000000000004 6.5000000000000009 1.0000000180025095e-35 21.500000000000004 2022.5000000000002 27.500000000000004 2023.5000000000002 2023.5000000000002 2022.5000000000002 44.500000000000007 45.500000000000007 4.5000000000000009 2023.5000000000002 2023.5000000000002 1.5000000000000002 21.500000000000004 25.500000000000004 3.5000000000000004 2023.5000000000002
decision_type=2 2 2 2 2 2 2 2 2 2 2 2 2 2 2 2 2 2 2 2 2 2 2 2 2 2 2 2 2 2 2 2 2 2 2 2 2 2 2 2 2 2 2 2 2 2 2 2 2 2 2 2 2 2 2 2 2 2 2 2 2 2
left_child=1 2 13 4 10 16 7 27 9 50 32 18 34 17 30 33 43 39 28 22 26 55 -20 -2 25 -25 29 41 -12 -18 31 -15 -4 -16 -13 58 37 46 -28 -1 -41 -5 -43 -6 -45 -11 47 -7 -19 -30 -3 52 -32 54 -53 -22 57 -10 59 -21 -55 -34
right_child=23 8 3 6 5 36 -8 -9 56 45 11 12 -14 14 15 -17 20 48 19 35 21 -23 -24 24 -26 -27 38 -29 49 -31 51 -33 61 -35 -36 -37 -38 -39 -40 40 -42 42 -44 44 -46 -47 -48 -49 -50 -51 -52 53 -54 60 -56 -57 -58 -59 -60 -61 -62 -63
leaf_value=0.75315794350643017 -0.40466528081871139 0.41426479416148665 0.68345550853043213 0.32408757521155107 0.35313697515293524 0.56231655438115968 -0.33322025479876438 -0.340691287184548 -0.30998992031740719 -0.13896578814370045 0.73708149593742778 0.35052423504713998 -0.12869697178816403 0.79929513535450969 0.40345400794758196 -0.074312174798032052 0.74995164669981795 0.75984109751366335 0.83919854594383936 0.80517345841699006 -0.41208073290656605 0.096363448564112428 0.3826138019100076 0.22015629996376776 -0.33792306561857166 -0.21708671159658471 0.067705984426229826 -0.042421778234342733 0.30236474826088494 0.25601259358743633 0.22610930397488122 0.352177062208203 0.19015635071998394 0.18180230161653302 0.17504388232151058 0.15737474336497048 -0.36425014096984476 -0.34145725246045822 0.20950389306822959 0.73273251998667821 0.35098997485697758 -0.37975327212931748 0.13617990639013439 0.37893124150780011 -0.17708012042301041 -0.3636874422024502 -0.19298856289113672 -0.022298886368413026 0.3166871473075189 0.60906220469771144 0.17382539220927759 0.83360566488901766 0.47828236692045867 0.37929439984612334 0.32940591769426808 -0.10956705601581561 -0.24310771364649642 -0.47554074253182155 0.26608026543299362 0.27487161577603464 0.18534178759160258 0.57019492848444797
leaf_weight=438 2124 298 509 365 1173 73 4364 2203 2171 344 310 658 881 163 434 764 108 57 174 148 169 1116 304 170 1504 659 1235 689 317 302 255 296 134 1339 2149 1019 2002 1515 1407 244 309 58 1237 105 111 712 226 313 1011 176 471 59 607 318 820 305 1456 591 1916 417 1217 117
leaf_count=438 2124 298 509 365 1173 73 4364 2203 2171 344 310 658 881 163 434 764 108 57 174 148 169 1116 304 170 1504 659 1235 689 317 302 255 296 134 1339 2149 1019 2002 1515 1407 244 309 58 1237 105 111 712 226 313 1011 176 471 59 607 318 820 305 1456 591 1916 417 1217 117
internal_value=2.49304e-05 0.0345666 0.0787643 0.0101839 0.116459 -0.0275047 -0.220911 -0.11319 -0.233352 -0.0554965 0.274931 0.247472 0.133865 0.31174 0.257272 0.142738 0.161965 0.477447 0.335059 0.293804 0.116745 0.00254351 0.550234 -0.330669 -0.263155 -0.12726 0.176219 0.100224 0.538804 0.387644 0.335009 0.512361 0.580192 0.236258 0.216291 0.258635 -0.304225 -0.247581 0.143273 0.623964 0.520454 0.159423 0.112793 0.31289 0.0936808 -0.290688 -0.0150062 0.0894175 0.341032 0.412877 0.267423 0.310011 0.404038 0.276279 0.364163 -0.218076 -0.310272 -0.345575 0.300142 0.414969 0.225746 0.368885
internal_weight=47136 42679 36636 28305 19389 10160 8916 4552 6043 1825 9229 8469 3688 8331 6272 2537 6031 2059 4781 3978 4642 1590 478 4457 2333 829 3052 2349 803 410 3735 459 760 1773 2807 3500 4129 2127 2642 991 553 1660 1295 1389 216 1056 612 386 1068 493 769 3276 862 2414 879 474 4218 2762 2481 565 1535 251
internal_count=47136 42679 36636 28305 19389 10160 8916 4552 6043 1825 9229 8469 3688 8331 6272 2537 6031 2059 4781 3978 4642 1590 478 4457 2333 829 3052 2349 803 410 3735 459 760 1773 2807 3500 4129 2127 2642 991 553 1660 1295 1389 216 1056 612 386 1068 493 769 3276 862 2414 879 474 4218 2762 2481 565 1535 251
is_linear=0
shrinkage=0.05


Tree=7
num_leaves=63
num_cat=0
split_feature=9 7 9 7 9 7 9 7 9 7 7 7 9 7 9 7 7 7 11 9 7 7 4 9 7 4 7 9 11 4 11 1 4 7 4 11 3 11 9 9 11 11 4 7 9 4 1 7 1 3 4 1 11 7 11 7 9 1 11 6 7 9
split_gain=194404 182485 211362 251059 155373 200222 32069.8 64860.7 29846.2 50103.8 27612.3 27419.4 25676.5 30104.2 21704.9 24286.2 21422.1 16274.4 14671.8 13261.9 13396.9 12834.4 12334.4 12022.4 16192.8 11022.8 10018.6 22589.6 11874.7 9913.58 8841.3 8291.32 7817.43 6842.2 6467.37 5944.74 7174.65 5429.45 5319.08 5278.84 5721.94 5210.72 5204.85 5048.45 6871.29 4935.27 4598.42 6003.25 4565.02 4207.2 4205.76 4106.65 4045.55 4009.89 3973.19 3847.84 8736.39 3831.48 3795.02 3783.3 3729.68 7794.66
threshold=56.500000000000007 51.500000000000007 19.500000000000004 30.500000000000004 40.500000000000007 14.500000000000002 26.500000000000004 43.500000000000007 5.5000000000000009 60.500000000000007 10.500000000000002 32.500000000000007 33.500000000000007 22.500000000000004 11.500000000000002 44.500000000000007 39.500000000000007 18.500000000000004 2022.5000000000002 48.500000000000007 3.5000000000000004 8.5000000000000018 2.5000000000000004 25.500000000000004 24.500000000000004 3.5000000000000004 18.500000000000004 44.500000000000007 2022.5000000000002 2.5000000000000004 2022.5000000000002 13.500000000000002 2.5000000000000004 36.500000000000007 1.5000000000000002 2022.5000000000002 1.0000000180025095e-35 2022.5000000000002 46.500000000000007 27.500000000000004 2022.5000000000002 2022.5000000000002 2.5000000000000004 35.500000000000007 8.5000000000000018 1.5000000000000002 30.500000000000004 6.5000000000000009 54.500000000000007 1.0000000180025095e-35 3.5000000000000004 21.500000000000004 2022.5000000000002 23.500000000000004 2022.5000000000002 56.500000000000007 10.500000000000002 27.500000000000004 2023.5000000000002 26.500000000000004 2.5000000000000004 60.500000000000007
decision_type=2 2 2 2 2 2 2 2 2 2 2 2 2 2 2 2 2 2 2 2 2 2 2 2 2 2 2 2 2 2 2 2 2 2 2 2 2 2 2 2 2 2 2 2 2 2 2 2 2 2 2 2 2 2 2 2 2 2 2 2 2 2
left_child=1 2 11 4 10 18 7 33 9 58 29 31 17 54 16 -16 43 32 46 20 38 51 48 24 37 26 27 28 -7 30 -4 -1 39 52 -8 -25 -37 -19 -20 -12 -41 -33 -23 -13 -45 55 50 -48 60 -11 -6 -21 -5 -38 -14 56 -10 -24 -3 -22 61 -2
right_child=22 8 3 6 5 25 34 -9 45 49 12 14 13 -15 15 -17 -18 23 19 21 59 42 57 35 -26 -27 -28 -29 -30 -31 -32 41 -34 -35 -36 36 53 -39 -40 40 -42 -43 -44 44 -46 -47 47 -49 -50 -51 -52 -53 -54 -55 -56 -57 -58 -59 -60 -61 -62 -63
leaf_value=0.71146361201325647 0.38532231700174591 0.39362083325019254 -0.084238773562559266 0.32260796511745105 0.39080450130328459 0.74217923888038195 -0.13203154504915765 -0.33018840535867516 0.083984180809545117 -0.13203763804602289 0.83214935175577809 0.88350993848826787 0.33165500267954073 -0.12219233707613722 0.24698912108767712 -0.070601421526998429 0.30041009195448976 0.46404984386885062 0.72459593191538785 0.012326816228556267 0.078822533048848856 0.0066255797176826281 -0.39099372580321412 0.32615001334435023 0.27675550693995854 -0.45866912136550098 -0.29410375662991589 -0.24830630705863457 0.055650055028650225 0.76242817382017769 0.58330242104417696 0.093679076913777776 0.71431789459976247 -0.04113726896488086 -0.33582471252509283 -0.35856583246029916 0.25938118300660773 0.82206483054500057 0.31140722903712048 0.13653349519581892 0.496927476779503 0.60776803514692535 -0.31958182178217864 0.70995129240460175 0.31385990497789218 -0.37046091213025761 0.35551612991038883 -0.16830516687461308 -0.37462206772792467 -0.34552857205883025 0.17514467840307324 0.16349037365554031 0.10431622780453076 0.11785851641458614 0.1819660714218069 -0.30161321997385693 -0.25852677087799592 -0.24840481180397359 0.16515254023721665 0.21086150326815548 -0.19484147102220251 -0.15998828989481276
leaf_weight=484 96 298 81 270 930 84 434 1855 241 344 59 145 578 887 2830 764 3457 225 145 819 945 204 2649 764 1080 673 2698 938 244 347 126 110 300 728 3942 63 887 210 173 207 237 89 304 257 195 1430 106 111 239 712 302 995 989 1155 1931 1736 811 582 471 1279 690 201
leaf_count=484 96 298 81 270 930 84 434 1855 241 344 59 145 578 887 2830 764 3457 225 145 819 945 204 2649 764 1080 673 2698 938 244 347 126 110 300 728 3942 63 887 210 173 207 237 89 304 257 195 1430 106 111 239 712 302 995 989 1155 1931 1736 811 582 471 1279 690 201
internal_value=3.64748e-05 0.0328533 0.0748448 0.00968655 0.104934 -0.0220945 -0.223107 -0.117646 -0.221692 -0.0527192 0.257153 0.296195 0.235015 0.128078 0.269019 0.179475 0.348338 0.304989 0.161135 0.119486 0.198372 0.0330758 -0.314144 0.266968 0.380946 -0.271533 -0.239652 -0.123465 0.233205 0.599093 0.322917 0.59966 0.511967 0.0808404 -0.315649 0.206668 0.163166 0.638385 0.501507 0.390093 0.329602 0.325513 -0.18882 0.624894 0.540152 -0.29477 0.300761 0.0880048 -0.178884 -0.276178 0.338129 0.0952889 0.151353 0.179432 0.21657 -0.255827 -0.180052 -0.365396 0.25409 0.15482 -0.131151 0.0169585
internal_weight=47136 42679 36636 28305 20087 10950 8218 3842 6043 1825 9137 8331 8583 3396 7648 3594 4054 5187 6313 4864 2542 2322 4457 4384 1515 4637 3964 1266 328 554 207 683 803 1987 4376 2869 2105 435 318 503 444 199 508 597 452 4218 1449 217 1226 1056 1232 1814 1259 2042 2509 2788 1052 3231 769 2224 987 297
internal_count=47136 42679 36636 28305 20087 10950 8218 3842 6043 1825 9137 8331 8583 3396 7648 3594 4054 5187 6313 4864 2542 2322 4457 4384 1515 4637 3964 1266 328 554 207 683 803 1987 4376 2869 2105 435 318 503 444 199 508 597 452 4218 1449 217 1226 1056 1232 1814 1259 2042 2509 2788 1052 3231 769 2224 987 297
is_linear=0
shrinkage=0.05


Tree=8
num_leaves=63
num_cat=0
split_feature=0 0 0 0 0 11 0 0 11 0 0 11 0 0 11 9 3 0 11 9 10 3 9 7 11 10 0 0 11 0 0 9 9 11 1 9 9 10 10 0 7 7 0 0 0 10 11 7 7 7 7 7 7 0 1 11 1 7 11 5 7 9
split_gain=2.05092e+06 248620 230957 75431.3 60518.7 21778.3 16818.9 14577.4 25652.5 14556.1 14457 12754.1 13838.5 6989.17 6766.52 6740.26 6361.7 6187.25 3057.69 2390.82 2100.37 2043.46 1767.04 1681.29 1415.09 2956.31 1337.99 1304.32 1262.68 995.531 969.894 904.276 879.886 854.488 840 797.515 750.94 4180.56 740.767 707.043 643.588 637.729 593.809 550.365 535.883 500.513 462.652 450.124 395.295 375.835 319.579 309.199 305.246 302.943 302.514 251.45 243.586 230.186 219.306 213.62 210.313 207.338
threshold=91.906897968634112 105.21585997946028 81.702686681457138 96.525003405553363 73.75223807119589 2023.5000000000002 80.46523122516966 83.45996261283635 2022.5000000000002 82.498256809305289 100.33765204161863 2023.5000000000002 101.66509006393967 88.279460480606971 2022.5000000000002 4.5000000000000009 1.0000000180025095e-35 80.46523122516966 2023.5000000000002 15.500000000000002 62.880184331797238 1.5000000000000002 54.500000000000007 30.500000000000004 2022.5000000000002 5.9411764705882364 84.127543646855841 101.2598164799824 2023.5000000000002 77.543965397965493 85.395726527799056 36.500000000000007 36.500000000000007 2023.5000000000002 3.5000000000000004 38.500000000000007 35.500000000000007 52.056338028169016 5.9411764705882364 77.543965397965493 40.500000000000007 29.500000000000004 110.31862351031204 94.418460680367915 82.498256809305289 31.010199125789221 2023.5000000000002 22.500000000000004 30.500000000000004 36.500000000000007 20.500000000000004 28.500000000000004 13.500000000000002 94.418460680367915 11.500000000000002 2022.5000000000002 16.500000000000004 41.500000000000007 2022.5000000000002 1.0000000180025095e-35 22.500000000000004 8.5000000000000018
decision_type=2 2 2 2 2 2 2 2 2 2 2 2 2 2 2 2 2 2 2 2 2 2 2 2 2 2 2 2 2 2 2 2 2 2 2 2 2 2 2 2 2 2 2 2 2 2 2 2 2 2 2 2 2 2 2 2 2 2 2 2 2 2
left_child=2 3 4 19 51 6 15 8 9 40 20 12 52 18 -3 16 -6 22 35 24 33 28 34 29 25 -2 49 -13 42 -17 57 -10 53 -5 -7 36 -9 -38 -35 61 -4 -29 -16 -26 -33 -23 -22 -14 54 -20 -44 -1 -12 58 -11 -31 -36 -28 -21 -19 -15 -25
right_child=1 14 7 10 5 17 -8 13 31 48 11 27 47 60 21 23 -18 59 26 32 46 45 -24 39 43 -27 30 41 -30 55 -32 44 -34 38 56 -37 37 -39 -40 -41 -42 -43 50 -45 -46 -47 -48 -49 -50 -51 -52 -53 -54 -55 -56 -57 -58 -59 -60 -61 -62 -63
leaf_value=-0.64158921814769632 0.58957142984544908 0.92393842806134918 -0.22204695388674739 0.40793885814827535 0.3795904975467258 -0.062581982654001986 -0.61217059760552395 -0.086449260971399919 -0.23826061449553562 0.0032763356735413425 0.88369299878676744 0.38429524967906714 0.47831338011251917 -0.00033362796590128704 0.71473989465019927 -0.44241117518478773 -0.26993480425834654 -0.13315538771223215 -0.22926455104763865 0.19437785831563872 0.34010744415830146 0.78575724889154308 -0.35783314326360199 -0.32249216304276446 0.1746421272884662 0.25337538053592046 -0.12285681687540724 0.42759190900568023 0.72516851151703499 -0.34216754082102835 -0.17270285577384822 -0.23444919627682556 0.1404393020308288 0.52252105467247245 -0.21526111749848964 -0.11984080616190861 0.399271614344896 -0.094969975832883302 0.34558093505044096 -0.32661461915664058 -0.044639292955398563 0.4949484851174808 0.80625303953344174 0.24454822491862657 -0.29481485890523168 0.69002837787052052 0.28754943212576672 0.56368370689562897 0.11060274105012978 -0.16792796659843748 0.9029692941177182 -0.6025610483208097 1.0510402664857752 0.2079536687347987 0.081617055240065406 -0.4003197938737415 -0.27483400280560383 -0.078507071148255378 0.15576739589807889 -0.076052287591022921 0.049378028584945818 -0.38543513213372271
leaf_weight=1184 73 629 675 1470 53 62 893 2904 2978 210 191 1109 369 356 131 1648 124 294 600 652 822 218 525 184 806 623 728 934 550 404 927 505 1984 65 290 1930 52 221 1515 997 56 693 329 452 1702 1502 1016 401 552 461 327 2127 84 948 298 524 551 505 959 385 527 1852
leaf_count=1184 73 629 675 1470 53 62 893 2904 2978 210 191 1109 369 356 131 1648 124 294 600 652 822 218 525 184 806 623 728 934 550 404 927 505 1984 65 290 1930 52 221 1515 997 56 693 329 452 1702 1502 1016 401 552 461 327 2127 84 948 298 524 551 505 959 385 527 1852
internal_value=4.44046e-05 0.404013 -0.269215 0.314458 -0.434484 -0.36575 -0.409981 -0.145685 -0.200211 -0.0370424 0.410993 0.484525 0.63346 -0.104372 0.772296 -0.378674 -0.0743762 -0.225415 -0.118553 0.185607 0.354026 0.740801 -0.284484 -0.38826 0.231952 0.28944 -0.156718 0.427428 0.789362 -0.418429 -0.133996 -0.256554 0.165625 0.379703 -0.241485 -0.0944547 -0.0789984 0.000266646 0.353189 -0.362506 -0.208543 0.456571 0.83324 0.199938 -0.281117 0.702614 0.31123 0.523452 0.0813083 -0.202802 0.855772 -0.616708 0.938451 0.185087 0.049312 -0.375404 -0.254578 -0.104775 0.171508 -0.100944 0.0293524 -0.37991
internal_weight=47136 18852 28284 15166 12097 8786 6679 16187 6976 1791 8669 3781 1045 9211 3686 5786 177 2107 8328 6497 4888 3057 1428 5609 1954 696 3221 2736 1337 2576 2160 5185 4543 3050 903 5107 3177 273 1580 3033 731 1627 787 1258 2207 1720 1838 770 1060 1061 656 3311 275 2559 508 928 841 1233 1611 679 883 2036
internal_count=47136 18852 28284 15166 12097 8786 6679 16187 6976 1791 8669 3781 1045 9211 3686 5786 177 2107 8328 6497 4888 3057 1428 5609 1954 696 3221 2736 1337 2576 2160 5185 4543 3050 903 5107 3177 273 1580 3033 731 1627 787 1258 2207 1720 1838 770 1060 1061 656 3311 275 2559 508 928 841 1233 1611 679 883 2036
is_linear=0
shrinkage=0.05


Tree=9
num_leaves=63
num_cat=0
split_feature=0 0 0 0 0 11 0 0 11 0 0 11 0 0 11 9 3 0 11 9 9 3 9 7 0 0 11 10 11 0 0 6 9 0 10 10 11 10 0 7 7 0 11 0 10 7 7 7 9 7 7 7 1 0 1 7 11 7 6 6 7 9
split_gain=1.85124e+06 224429 208464 68089.9 54616.5 19653.4 15181.1 13156.8 23152.6 13139.5 13055.2 11524.6 12507.2 6308.35 6106.39 6085.16 5750 5585.01 2760.78 2175.73 1904.3 1847.78 1595.46 1517.64 1207.88 1177.47 1142.52 3144.8 1141.71 897.569 875.329 832.055 816.394 785.139 724.358 4690.19 692.121 649.269 638.064 580.634 579.613 534.004 522.924 483.319 453.734 407.105 356.752 339.16 328.981 288.36 279.218 277.968 273.104 256.901 254.934 227.264 226.809 207.729 260.474 205.612 189.851 186.428
threshold=91.906897968634112 105.21585997946028 81.702686681457138 96.525003405553363 73.75223807119589 2023.5000000000002 80.46523122516966 83.45996261283635 2022.5000000000002 82.498256809305289 100.33765204161863 2023.5000000000002 101.66509006393967 88.279460480606971 2022.5000000000002 4.5000000000000009 1.0000000180025095e-35 80.46523122516966 2023.5000000000002 27.500000000000004 31.500000000000004 1.5000000000000002 50.500000000000007 30.500000000000004 84.127543646855841 101.2598164799824 2022.5000000000002 5.9411764705882364 2023.5000000000002 77.543965397965493 85.395726527799056 6.5000000000000009 36.500000000000007 94.418460680367915 51.000400160064032 50.352112676056343 2023.5000000000002 5.9411764705882364 77.543965397965493 40.500000000000007 32.500000000000007 110.31862351031204 2023.5000000000002 82.498256809305289 31.010199125789221 21.500000000000004 30.500000000000004 36.500000000000007 37.500000000000007 20.500000000000004 28.500000000000004 13.500000000000002 11.500000000000002 84.127543646855841 14.500000000000002 29.500000000000004 2022.5000000000002 41.500000000000007 21.500000000000004 21.500000000000004 22.500000000000004 8.5000000000000018
decision_type=2 2 2 2 2 2 2 2 2 2 2 2 2 2 2 2 2 2 2 2 2 2 2 2 2 2 2 2 2 2 2 2 2 2 2 2 2 2 2 2 2 2 2 2 2 2 2 2 2 2 2 2 2 2 2 2 2 2 2 2 2 2
left_child=2 3 4 19 50 6 15 8 9 39 20 12 51 18 -3 16 -6 22 34 26 36 28 31 29 47 -13 27 -2 41 -17 57 -7 -10 -28 35 -9 -5 -38 61 -4 -27 -16 -22 -34 -23 -14 52 -20 -21 -43 -1 -12 -11 -36 -55 -30 -31 58 -26 -19 -15 -25
right_child=1 14 7 10 5 17 -8 13 32 46 11 25 45 60 21 23 -18 59 24 48 42 44 -24 38 30 40 33 -29 55 56 -32 -33 43 -35 53 -37 37 -39 -40 -41 -42 49 -44 -45 -46 -47 -48 -49 -50 -51 -52 -53 -54 54 -56 -57 -58 -59 -60 -61 -62 -63
leaf_value=-0.60953682261277864 0.56049120476116998 0.87781483115847159 -0.21096102895292304 0.38934094135684805 0.3609624499744839 -0.095471931015903302 -0.58159631783530219 -0.080628847942328441 -0.22635157997289454 0.0031132950096888256 0.83973846395810448 0.36509779806180043 0.45297067898662152 -0.00031699318869211597 0.67927363728031975 -0.42030403447528908 -0.2565460439300537 -0.069720644120381661 -0.21782039565708297 0.16646659380899054 0.32738480360544164 0.74664878222496001 -0.33398796215577264 -0.30645471371347843 -0.15354759164358656 0.4079006490929632 0.16031164038000187 0.22245272195815172 0.63556092077414905 -0.32510140700399143 -0.16407701706171543 -0.24480152739480912 -0.22274990531008532 0.22213767692774608 -0.1261547086521996 0.39919562250375745 0.49679084864529699 0.33066480528087805 -0.31030025370613129 -0.042446487430940594 0.47286018514930278 0.76606253008408975 0.27463882745981433 -0.28008277105041729 0.6555499161995022 0.53431211499133746 0.10508260388760937 -0.15954973951191742 0.13233329166186616 0.85795847663065283 -0.57244715583951855 0.99910650612326235 0.077549850743086415 -0.11940094785070761 -0.075511221059653633 0.72414888285123391 -0.38034193133399602 -0.074589474121644253 -0.091894371597161184 -0.12531899223288048 0.046913803121918167 -0.36617377612118585
leaf_weight=1184 73 629 675 1371 53 109 893 2517 2978 210 191 1109 356 356 131 1648 124 361 600 1180 921 218 586 184 291 986 1447 1101 226 404 927 733 505 817 1160 51 65 1425 997 56 641 329 1106 1702 1502 414 552 461 1879 327 2127 84 298 576 803 324 524 505 437 318 527 1852
leaf_count=1184 73 629 675 1371 53 109 893 2517 2978 210 191 1109 356 356 131 1648 124 361 600 1180 921 218 586 184 291 986 1447 1101 226 404 927 733 505 817 1160 51 65 1425 997 56 641 329 1106 1702 1502 414 552 461 1879 327 2127 84 298 576 803 324 524 505 437 318 527 1852
internal_value=4.97767e-05 0.383849 -0.255766 0.298762 -0.412782 -0.347485 -0.389502 -0.138406 -0.190207 -0.035192 0.39048 0.460356 0.60193 -0.0991568 0.733757 -0.359758 -0.0706252 -0.214171 -0.112629 0.176342 0.336344 0.703837 -0.270292 -0.368867 -0.148895 0.406081 0.203685 0.243936 0.750012 -0.397531 -0.127305 -0.225612 -0.243734 0.182713 -0.0897311 -0.070946 0.362859 0.338244 -0.344398 -0.198134 0.433771 0.791732 0.298757 -0.267073 0.667526 0.497348 0.0772526 -0.192681 0.145552 0.813114 -0.585892 0.89188 0.0468552 -0.108693 -0.0939206 0.688976 -0.356674 -0.0995445 -0.116722 -0.0959127 0.0278872 -0.360932
internal_weight=47136 18852 28284 15166 12097 8786 6679 16187 6976 1791 8669 3781 1045 9211 3686 5786 177 2107 8328 6497 4888 3057 1428 5609 3221 2736 3438 1174 1337 2576 2160 842 5185 2264 5107 2568 2861 1490 3033 731 1627 787 2027 2207 1720 770 1060 1061 3059 656 3311 275 508 2539 1379 550 928 1233 728 679 883 2036
internal_count=47136 18852 28284 15166 12097 8786 6679 16187 6976 1791 8669 3781 1045 9211 3686 5786 177 2107 8328 6497 4888 3057 1428 5609 3221 2736 3438 1174 1337 2576 2160 842 5185 2264 5107 2568 2861 1490 3033 731 1627 787 2027 2207 1720 770 1060 1061 3059 656 3311 275 508 2539 1379 550 928 1233 728 679 883 2036
is_linear=0
shrinkage=0.05


Tree=10
num_leaves=63
num_cat=0
split_feature=0 0 0 0 0 11 0 0 11 0 0 11 0 0 11 10 0 0 11 4 10 4 3 10 11 10 0 0 11 0 1 10 10 10 4 0 10 8 8 8 0 0 4 6 0 4 10 8 8 8 0 4 8 8 4 0 0 1 1 8 10 4
split_gain=1.671e+06 202603 188159 61464.8 49290.4 17736.8 13702.9 11874.3 20896.4 11860.9 11789.4 10413.5 11304 5693.97 5509.89 5105.03 5040.99 3384.58 2492.79 1979.46 1923.22 1692.01 1672.01 1424.74 1196.3 2479.28 1090.31 1062.95 1030.75 789.841 703.824 657.44 3901.38 613.676 552.808 530.234 528.275 665.533 523.837 523.523 517.642 480.21 410.943 399.356 389.859 388.386 376.962 369.17 364.036 325.909 292.109 261.635 260.182 260.045 254.985 248.185 232.745 233.479 230.41 217.107 212.898 212.122
threshold=91.906897968634112 105.21585997946028 81.702686681457138 96.525003405553363 73.75223807119589 2023.5000000000002 80.46523122516966 83.45996261283635 2022.5000000000002 82.498256809305289 100.33765204161863 2023.5000000000002 101.66509006393967 88.279460480606971 2022.5000000000002 5.6470900876959886 80.46523122516966 77.543965397965493 2023.5000000000002 2.5000000000000004 32.501530924678512 2.5000000000000004 1.5000000000000002 71.547619047619065 2022.5000000000002 5.9411764705882364 84.127543646855841 101.2598164799824 2023.5000000000002 85.395726527799056 3.5000000000000004 50.820554210384721 49.647887323943671 54.46570972886763 1.5000000000000002 94.418460680367915 10.566188197767145 4160.5000000000009 1640.5000000000002 870.50000000000011 94.418460680367915 110.31862351031204 1.5000000000000002 3.5000000000000004 82.498256809305289 3.5000000000000004 24.322344322344325 380.50000000000006 506.50000000000006 870.50000000000011 77.543965397965493 2.5000000000000004 420.50000000000006 240.50000000000003 1.5000000000000002 99.234782552937261 84.127543646855841 15.500000000000002 16.500000000000004 90.500000000000014 61.985915492957751 1.5000000000000002
decision_type=2 2 2 2 2 2 2 2 2 2 2 2 2 2 2 2 2 2 2 2 2 2 2 2 2 2 2 2 2 2 2 2 2 2 2 2 2 2 2 2 2 2 2 2 2 2 2 2 2 2 2 2 2 2 2 2 2 2 2 2 2 2
left_child=2 3 4 20 51 6 15 8 9 38 19 12 53 18 -3 17 23 -6 31 46 24 36 28 30 25 -2 42 -13 41 -28 -7 32 -9 -10 -24 48 37 -17 -4 -29 -26 -16 -20 49 -35 -11 -5 -14 -22 -23 -38 -1 -43 -12 -48 -21 -33 -58 -32 -47 -37 -31
right_child=1 14 7 10 5 16 -8 13 33 45 11 27 47 -15 22 21 -18 -19 26 55 35 43 34 -25 40 -27 29 39 -30 61 58 56 -34 44 -36 60 50 -39 -40 -41 -42 52 -44 -45 -46 59 54 -49 -50 -51 -52 -53 -54 -55 -56 -57 57 -59 -60 -61 -62 -63
leaf_value=-0.53974325608813545 0.53284533959788249 0.83399374752952937 -0.20042858263268273 0.3702967549163621 0.27199223076855694 -0.054426129039317851 -0.55254902687115426 -0.076543523925409765 -0.21467874135399231 0.088651915964011077 0.80868710634925156 0.34685935154261888 0.42748125682394189 0.02649523212658705 0.6455672576210717 -0.11504872018343781 -0.091131767960458743 -0.24034258925914764 -0.14703235118715993 0.27526590119567235 0.11980900349601815 -0.41001994835042554 0.69835445207218783 -0.32257244914034966 0.15628767857598699 0.22663492963970572 -0.094580641192707843 0.38586196075276258 0.65465092991311413 -0.1190224591397739 -0.19074130914459808 -0.11985240709540355 0.34189560823273241 -0.21106390194919633 0.61770929305404643 0.19625396282187965 -0.34412914572209385 -0.30482869487872227 -0.04036139536845057 0.44687113998259181 0.22062449952618024 0.72787547492980953 -0.21076883097553012 -0.35324025980740226 -0.26043975698910959 0.053392504510385075 0.3962396695911885 0.50546169399131424 0.15667035531641071 -0.35895236608223674 -0.30725088749288032 -0.57396401332496649 0.81519135039027146 0.98292851146898785 0.32465382294926215 0.36568089837498136 -0.11147789210786825 -0.07018691039595458 -0.24901619899800395 -0.049068271040916447 0.15656299047770414 -0.17202656424991081
leaf_weight=1695 73 629 675 1081 53 62 893 2494 2695 845 219 1109 331 883 131 72 679 79 464 1838 1647 1082 343 526 935 689 1233 934 550 285 276 1160 56 545 1377 589 1266 138 56 693 487 329 597 1324 1945 131 159 439 1169 568 1204 1616 327 56 1721 89 643 754 564 84 908 642
leaf_count=1695 73 629 675 1081 53 62 893 2494 2695 845 219 1109 331 883 131 72 679 79 464 1838 1647 1082 343 526 935 689 1233 934 550 285 276 1160 56 545 1377 589 1266 138 56 693 487 329 597 1324 1945 131 159 439 1169 568 1204 1616 327 56 1721 89 643 754 564 84 908 642
internal_value=5.47616e-05 0.364692 -0.242989 0.283849 -0.392162 -0.330131 -0.370047 -0.13149 -0.180702 -0.033434 0.37099 0.437392 0.571969 -0.0942036 0.69715 -0.341788 -0.203484 -0.0340964 -0.107003 0.319546 0.167536 -0.348963 0.668728 -0.256801 0.205846 0.256637 -0.141464 0.3858 0.712649 -0.120951 -0.218127 -0.0852446 -0.0672219 -0.231554 0.634191 0.148092 -0.319669 -0.240639 -0.188245 0.41211 0.178465 0.752293 -0.183065 -0.375243 -0.249724 0.0733992 0.345416 0.472545 0.135163 -0.392671 -0.326287 -0.556615 0.772582 0.84762 0.330918 0.279632 -0.103183 -0.0892617 -0.230124 0.0132963 0.172303 -0.155882
internal_weight=47136 18852 28284 15166 12097 8786 6679 16187 6976 1791 8669 3781 1045 9211 3686 5786 2107 132 8328 4888 6497 5654 3057 1428 2184 762 3221 2736 1337 2160 902 5107 2550 5185 1720 4313 2680 210 731 1627 1422 787 1061 2974 2490 1060 2961 770 2816 1650 2470 3311 656 275 1880 1927 2557 1397 840 215 1497 927
internal_count=47136 18852 28284 15166 12097 8786 6679 16187 6976 1791 8669 3781 1045 9211 3686 5786 2107 132 8328 4888 6497 5654 3057 1428 2184 762 3221 2736 1337 2160 902 5107 2550 5185 1720 4313 2680 210 731 1627 1422 787 1061 2974 2490 1060 2961 770 2816 1650 2470 3311 656 275 1880 1927 2557 1397 840 215 1497 927
is_linear=0
shrinkage=0.05


Tree=11
num_leaves=63
num_cat=0
split_feature=9 7 9 7 9 7 9 7 9 7 7 7 9 7 9 7 7 7 11 4 4 9 10 11 4 9 7 7 1 4 9 7 11 11 4 11 11 6 11 11 7 7 9 1 11 7 6 10 7 4 9 7 7 9 4 1 10 11 1 7 4 1
split_gain=129446 120654 147765 168057 103428 126624 23727.2 43279.6 21547.4 44138.1 20739.1 18761.7 18379.8 19120.7 16077.1 15144.1 14681.1 10329.1 9881.62 8053.67 7856.1 7797.69 8113.71 6336.78 6069.74 5866.11 10636.5 5300.82 4973.58 4706.87 4454.72 4272.05 4258.39 3946.2 3810.53 3767 3656.64 3549.58 3503.9 3339.5 3334.34 3288.34 9140.69 3776.63 3266.42 3822.1 3258.21 3235.66 6834.67 3233.06 3118.57 6234.82 3085.97 5393.7 3024.89 3007.09 3332.39 2772.97 2768.54 4085.11 2879.68 2744.4
threshold=56.500000000000007 50.500000000000007 20.500000000000004 29.500000000000004 41.500000000000007 14.500000000000002 6.5000000000000009 59.500000000000007 27.500000000000004 41.500000000000007 31.500000000000004 10.500000000000002 33.500000000000007 22.500000000000004 12.500000000000002 43.500000000000007 38.500000000000007 17.500000000000004 2022.5000000000002 2.5000000000000004 2.5000000000000004 50.500000000000007 88.657804459691263 2022.5000000000002 3.5000000000000004 26.500000000000004 23.500000000000004 2.5000000000000004 14.500000000000002 2.5000000000000004 47.500000000000007 35.500000000000007 2022.5000000000002 2022.5000000000002 1.5000000000000002 2022.5000000000002 2023.5000000000002 11.500000000000002 2022.5000000000002 2022.5000000000002 64.500000000000014 17.500000000000004 47.500000000000007 21.500000000000004 2022.5000000000002 23.500000000000004 31.500000000000004 12.687234518220434 40.500000000000007 1.5000000000000002 59.500000000000007 3.5000000000000004 35.500000000000007 8.5000000000000018 2.5000000000000004 2.5000000000000004 4.3167701863354049 2022.5000000000002 30.500000000000004 6.5000000000000009 3.5000000000000004 27.500000000000004
decision_type=2 2 2 2 2 2 2 2 2 2 2 2 2 2 2 2 2 2 2 2 2 2 2 2 2 2 2 2 2 2 2 2 2 2 2 2 2 2 2 2 2 2 2 2 2 2 2 2 2 2 2 2 2 2 2 2 2 2 2 2 2 2
left_child=1 2 10 4 11 18 7 36 9 31 28 20 17 35 16 -16 52 29 58 50 23 27 54 -4 41 26 39 30 -1 33 -20 38 -30 -13 -10 -14 -3 -33 -5 -19 -9 42 43 -7 -27 -46 -29 48 -18 -8 51 -2 -12 -54 -23 56 -50 -26 60 -60 -6 -21
right_child=19 6 3 8 5 24 49 40 34 -11 14 12 13 -15 15 -17 47 25 21 61 -22 22 -24 -25 57 44 -28 46 32 -31 -32 37 -34 -35 -36 -37 -38 -39 -40 -41 -42 -43 -44 -45 45 -47 -48 -49 55 -51 -52 -53 53 -55 -56 -57 -58 -59 59 -61 -62 -63
leaf_value=0.58997467182105479 0.31739154993873281 0.32413486711978917 -0.059349346926747738 0.27689248382041753 0.31685959014405773 0.24875493805876561 -0.20747726988792492 -0.1069229136488322 -0.10574557200846996 -0.26411896746081881 0.6809517798840421 0.16251181361541808 0.27258215709508871 -0.099005664771973423 0.19753804119158191 -0.053152847748400137 0.72305471122905773 0.37492073027789596 0.57693114298199299 -0.31938577188949613 0.58606326170880851 -0.0045265219321145734 0.072337841957400256 0.41186082523467854 -0.10080151384627378 0.27311429003810977 0.22080363787329596 0.04990441428607445 0.027065221046488303 0.60924882734468744 0.20262765619227596 -0.17976318833883853 0.54481669609611094 0.50363333472499139 -0.27285483231610574 0.13572449935516992 0.12868521699530519 0.058804084177311915 0.08049293060776494 0.65882441731599661 -0.27496149377886109 -0.23770665307888061 -0.23925496418989198 -0.12143375925513694 0.21089735572839513 0.067635287785380749 0.16123809370329001 0.21152425070961911 0.31821323558168357 -0.29868175506701367 -0.20183721463420704 -0.1439441360299005 0.64093802201677363 0.25180539980991601 -0.26813667341117181 0.25167323031637262 0.77263118824509325 -0.417113517911335 0.29778473839444936 -0.1353699317574501 0.13679422819333162 -0.19876584103519473
leaf_weight=505 96 399 105 296 872 176 2665 427 375 1955 205 181 658 881 2800 767 92 219 108 2649 435 169 1116 220 80 664 1133 1235 86 257 302 247 73 161 3989 2149 602 419 972 207 970 2622 581 112 995 877 1407 2169 128 1546 832 298 168 193 305 1269 60 558 105 111 301 582
leaf_count=505 96 399 105 296 872 176 2665 427 375 1955 205 181 658 881 2800 767 92 219 108 2649 435 169 1116 220 80 664 1133 1235 86 257 302 247 73 161 3989 2149 602 419 972 207 970 2622 581 112 995 877 1407 2169 128 1546 832 298 168 193 305 1269 60 558 105 111 301 582
internal_value=5.84654e-05 0.0268371 0.0628236 0.00656385 0.0873063 -0.0224842 -0.169546 -0.0439744 -0.182263 -0.096641 0.244861 0.209312 0.187699 0.104125 0.222111 0.143632 0.287406 0.253325 0.123561 -0.256313 0.447114 0.0885158 -0.00126836 0.259893 -0.235784 0.224852 0.30123 0.135277 0.513095 0.44727 0.302401 0.0727019 0.266726 0.324113 -0.258524 0.167893 0.206842 -0.0298029 0.126526 0.514105 -0.223716 -0.20975 -0.125217 0.104853 0.177796 0.143856 0.109236 0.251163 0.306493 -0.241026 -0.147011 -0.0310059 0.524612 0.434182 -0.174367 0.279709 0.466587 -0.377678 0.240532 0.0755703 0.270814 -0.297728
internal_weight=47136 42679 36070 27555 19302 10160 6609 2398 8253 3889 8515 9142 8382 3688 7851 3567 4284 4694 6031 4457 760 4642 1590 325 4129 4095 1559 3052 664 599 410 1934 159 342 4364 2807 1001 666 1268 426 1397 3491 869 288 2536 1872 2642 3718 1549 4211 1226 394 566 361 474 1457 188 638 1389 216 1173 3231
internal_count=47136 42679 36070 27555 19302 10160 6609 2398 8253 3889 8515 9142 8382 3688 7851 3567 4284 4694 6031 4457 760 4642 1590 325 4129 4095 1559 3052 664 599 410 1934 159 342 4364 2807 1001 666 1268 426 1397 3491 869 288 2536 1872 2642 3718 1549 4211 1226 394 566 361 474 1457 188 638 1389 216 1173 3231
is_linear=0
shrinkage=0.05


Tree=12
num_leaves=63
num_cat=0
split_feature=7 10 7 4 10 7 10 7 11 10 7 10 7 11 7 7 10 7 7 10 7 10 7 10 7 10 10 7 4 10 7 10 7 7 7 10 7 6 7 7 7 10 5 10 7 10 7 7 7 7 1 10 7 11 3 3 11 10 7 11 10 7
split_gain=85865.2 106539 81973.2 77128.6 46794.3 77100.2 40609 42472 22896.4 20741.3 30647.9 19170.7 21546.3 17191.4 14991.3 12609.5 10503.7 16162.6 9976.57 17696.3 9455.23 9418.86 16695.3 8129.33 9243.25 7334.63 6856.68 6723.07 6235.72 6210.16 9290.47 6197.01 5835.46 5816 5479.84 5265.93 7038.13 5084.05 5076.42 5070.43 4947.05 4870.58 4554.53 4493.06 7760.31 5463.75 5745.09 4696.96 4128.09 4075.19 3852.01 3507.15 4132.71 3352.24 3093.03 3029.95 5687.09 2952.26 2917.59 2902.04 2885.26 2863.45
threshold=54.500000000000007 23.273809523809526 42.500000000000007 3.5000000000000004 39.638906961613536 30.500000000000004 55.634920634920647 24.500000000000004 2023.5000000000002 64.850506548060309 19.500000000000004 72.792207792207805 15.500000000000002 2022.5000000000002 39.500000000000007 31.500000000000004 78.102564102564116 12.500000000000002 35.500000000000007 50.352112676056343 26.500000000000004 82.497911445279883 9.5000000000000018 86.402157164869053 7.5000000000000009 45.534290271132384 52.223320158102773 23.500000000000004 2.5000000000000004 16.941270263087965 46.500000000000007 32.501530924678512 7.5000000000000009 15.500000000000002 21.500000000000004 88.810641627543049 6.5000000000000009 2.5000000000000004 9.5000000000000018 39.500000000000007 11.500000000000002 61.416040100250633 1.0000000180025095e-35 91.2662090007628 4.5000000000000009 93.276836158192097 3.5000000000000004 4.5000000000000009 5.5000000000000009 3.5000000000000004 14.500000000000002 69.669913419913442 17.500000000000004 2023.5000000000002 1.0000000180025095e-35 1.5000000000000002 2022.5000000000002 45.773809523809533 35.500000000000007 2022.5000000000002 56.840463458110527 17.500000000000004
decision_type=2 2 2 2 2 2 2 2 2 2 2 2 2 2 2 2 2 2 2 2 2 2 2 2 2 2 2 2 2 2 2 2 2 2 2 2 2 2 2 2 2 2 2 2 2 2 2 2 2 2 2 2 2 2 2 2 2 2 2 2 2 2
left_child=1 14 3 4 15 6 20 9 13 34 11 33 16 54 -1 50 40 21 19 57 25 38 23 32 35 -6 -22 -27 55 -16 59 58 -23 -11 61 48 43 -2 -18 -33 -13 -36 -10 47 45 49 -47 -37 -25 -45 -3 -35 -53 -39 -5 -4 -57 -7 -17 -31 -9 -8
right_child=37 2 28 8 5 18 7 60 42 10 -12 12 -14 -15 29 31 17 -19 -20 -21 26 22 -24 24 -26 27 -28 -29 -30 30 -32 39 -34 51 41 36 -38 53 -40 -41 -42 -43 -44 44 -46 46 -48 -49 -50 -51 -52 52 -54 -55 -56 56 -58 -59 -60 -61 -62 -63
leaf_value=0.47879183648677359 -0.1301173607911518 0.55429621370296922 -0.16175949528385483 -0.063192231119300599 0.59791369916544745 0.088397777779947367 0.48200071673420147 -0.012353328085057652 -0.1131325053776393 0.32931196050416978 -0.19499653936744588 0.39574049650011839 -0.21662029821608236 -0.3752201879914821 0.24107147184339772 0.3541520298979513 0.38608639724888522 -0.22124239800021403 -0.25583518959587132 -0.24058540369867276 0.18652926520399979 0.39612606536732753 -0.20524417715275345 0.61541204578471642 -0.19257065891817968 0.43228443154873697 -0.071411460879954355 0.19208527853327828 -0.3991461856796622 0.33570375927417512 -0.041118150227224509 0.14302720474360681 0.11309589587102778 0.20071603770494378 0.16052404877984339 0.61466470070605006 -0.24216106978434643 -0.28841435621113304 0.12610907133914759 -0.081485678058819844 0.13648914501782036 -0.11287345842257435 0.11057017283752389 0.62947779277585592 -0.17740105335509709 0.046714928278609014 -0.21061504483721746 0.1237093378711438 0.14950652426357072 0.15828847841183907 0.21121176577440426 0.14923013203849014 -0.14374716751961683 -0.18112451977465999 -0.27549128579596682 -0.38456338338744245 -0.18060667461832561 -0.077913836369628342 0.20113518997243954 0.15721806464232038 -0.22821734853670708 0.23572940391146724
leaf_weight=533 1408 306 1971 760 193 789 132 172 406 586 1359 221 828 1666 3225 392 243 601 1983 1185 1402 246 700 52 435 427 315 924 457 309 573 1283 699 904 811 52 225 1816 824 312 1092 203 515 52 429 2345 238 620 479 354 114 311 195 1229 221 547 919 402 1559 877 1562 1148
leaf_count=533 1408 306 1971 760 193 789 132 172 406 586 1359 221 828 1666 3225 392 243 601 1983 1185 1402 246 700 52 435 427 315 924 457 309 573 1283 699 904 811 52 225 1816 824 312 1092 203 515 52 429 2345 238 620 479 354 114 311 195 1229 221 547 919 402 1559 877 1562 1148
internal_value=6.47892e-05 0.0218638 -0.0085733 0.0168324 0.0432186 0.0185802 0.0576578 0.0284167 -0.202785 0.0533252 0.0306184 0.054716 0.0282503 -0.277474 0.226873 0.203067 0.0487362 0.0286017 -0.173046 -0.10387 0.22006 0.0474136 0.0260963 0.0521359 0.0279496 0.309839 0.139191 0.26827 -0.2256 0.199841 0.12415 0.172286 0.18712 0.196968 0.192716 0.0477813 0.0294731 -0.208841 0.185627 0.0990833 0.180397 0.105728 0.0119352 0.044473 0.0212134 0.0497712 0.02293 0.162564 0.196212 0.220048 0.461908 0.141767 0.0362532 -0.245186 -0.111256 -0.202414 -0.256922 0.0322399 0.232048 0.203969 -0.206828 0.261486
internal_weight=47136 42683 37166 33272 29704 25738 21379 18118 3568 16384 14090 12731 10735 2647 5517 3966 9907 8594 4359 2376 3261 7993 6926 6226 5281 1544 1717 1351 3894 4984 1759 3546 945 1996 2294 4846 4315 4453 1067 1595 1313 1014 921 4090 3418 2989 2583 672 531 406 420 1410 506 3045 981 3437 1466 1191 1951 1186 1734 1280
internal_count=47136 42683 37166 33272 29704 25738 21379 18118 3568 16384 14090 12731 10735 2647 5517 3966 9907 8594 4359 2376 3261 7993 6926 6226 5281 1544 1717 1351 3894 4984 1759 3546 945 1996 2294 4846 4315 4453 1067 1595 1313 1014 921 4090 3418 2989 2583 672 531 406 420 1410 506 3045 981 3437 1466 1191 1951 1186 1734 1280
is_linear=0
shrinkage=0.05


Tree=13
num_leaves=63
num_cat=0
split_feature=0 0 0 0 0 0 11 0 11 0 11 0 9 6 0 0 0 11 9 11 9 4 7 0 10 11 10 0 0 6 7 9 1 0 7 9 7 9 9 0 4 4 0 9 7 7 0 7 11 1 7 7 4 7 6 0 0 0 0 11 0 7
split_gain=1.33205e+06 173776 150345 41716.6 36177.5 23019.2 13853.1 11877.5 11051.7 18282.2 8029.92 10638.6 4957.61 4539.57 4248.48 4214.33 8259.56 4206.14 3053.27 1524.28 1480.82 1459.5 1360.59 1321.12 974.17 946.316 2170.69 844.939 1659.7 750.518 689.583 5243.19 642.538 575.185 520.857 518.4 496.136 482.51 459.302 411.503 375.785 354.018 336.423 333.743 313.541 271.699 255.859 253.482 236.019 222.985 213.176 210.541 204.541 192.065 250.531 189.749 177.188 172.435 234.998 171.774 167.43 158.987
threshold=91.906897968634112 100.33765204161863 81.702686681457138 73.75223807119589 105.21585997946028 96.525003405553363 2023.5000000000002 80.46523122516966 2022.5000000000002 83.45996261283635 2023.5000000000002 101.66509006393967 4.5000000000000009 1.0000000180025095e-35 88.279460480606971 82.498256809305289 83.45996261283635 2022.5000000000002 57.500000000000007 2023.5000000000002 15.500000000000002 2.5000000000000004 30.500000000000004 80.46523122516966 50.820554210384721 2022.5000000000002 5.9411764705882364 85.395726527799056 84.127543646855841 7.5000000000000009 34.500000000000007 29.500000000000004 3.5000000000000004 77.543965397965493 30.500000000000004 36.500000000000007 40.500000000000007 32.500000000000007 37.500000000000007 82.498256809305289 3.5000000000000004 1.5000000000000002 94.418460680367915 14.500000000000002 22.500000000000004 9.5000000000000018 101.2598164799824 15.500000000000002 2022.5000000000002 11.500000000000002 65.500000000000014 29.500000000000004 2.5000000000000004 30.500000000000004 21.500000000000004 99.234782552937261 85.395726527799056 101.2598164799824 101.66509006393967 2022.5000000000002 101.66509006393967 22.500000000000004
decision_type=2 2 2 2 2 2 2 2 2 2 2 2 2 2 2 2 2 2 2 2 2 2 2 2 2 2 2 2 2 2 2 2 2 2 2 2 2 2 2 2 2 2 2 2 2 2 2 2 2 2 2 2 2 2 2 2 2 2 2 2 2 2
left_child=2 5 3 51 10 20 7 12 15 35 11 47 13 -5 19 34 40 -6 23 30 25 43 29 32 -19 26 -2 28 41 -14 -11 -32 -8 -24 -4 -10 49 46 -22 -37 -17 -21 -27 -7 -13 -42 -12 -3 -45 56 -34 -1 -9 54 -30 -23 -18 -39 -59 -35 -48 -16
right_child=1 4 8 6 17 21 18 52 9 14 37 44 22 -15 61 16 36 24 -20 27 38 55 33 -25 -26 42 -28 -29 53 -31 31 -33 50 59 -36 39 -38 57 -40 -41 45 -43 -44 48 -46 -47 60 -49 -50 -51 -52 -53 -54 -55 -56 -57 -58 58 -60 -61 -62 -63
leaf_value=-0.52141448309363392 0.48134982027591688 0.75243509409644393 -0.19256141157710416 0.34195998412591444 0.74428097788492842 0.32808057805706309 -0.030344518881350282 -0.48560090927940031 -0.19968921834028341 -0.092279544854952003 0.35190963408428694 0.38854821931993644 -0.36643252820600342 -0.20666629506111145 -0.010073796445738619 0.099924215485671292 -0.092338357961288919 0.63170438076276803 -0.29242570248675498 -0.12018604495288226 0.13864958820136972 0.24649218127415062 -0.30291556911048323 -0.095008238328744068 0.57107361729724193 0.13151061016910445 0.19355668643537241 -0.16443353526097532 -0.13499390971235264 -0.31075858371724713 -0.065639130535118911 0.45873200501297035 -0.20801624054795709 -0.23448345343565152 -0.098302833150894872 -0.19147601420877011 -0.049513135885202786 0.31122786279489745 0.10613809883633155 -0.24421458622588352 0.070531250853797023 -0.17917080614479092 0.18612612694041358 0.31365898052244695 0.45948035703962714 -0.044119311841533476 0.43098128096262611 0.91945818967986526 0.27410941755882584 -0.079300603034790959 -0.13744258999824524 -0.48959781652909318 -0.56776397152950897 -0.050676628437905935 -0.063951983529388995 0.32578828064600629 -0.14517097012314273 0.38205153524727004 0.32283931208231365 -0.27925777144713793 0.37686801828222077 0.033129911360461624
leaf_weight=1229 73 219 522 53 629 1210 62 761 2978 1165 574 369 1229 124 356 845 388 1436 478 464 2664 1838 2036 679 1621 806 623 927 200 1347 730 50 753 541 209 505 1122 535 1879 1702 131 597 452 785 401 84 344 56 966 1370 135 2082 132 697 336 89 282 400 414 456 469 527
leaf_count=1229 73 219 522 53 629 1210 62 761 2978 1165 574 369 1229 124 356 845 388 1436 478 464 2664 1838 2036 679 1621 806 623 927 200 1347 730 50 753 541 209 505 1122 535 1879 1702 131 597 452 785 401 84 344 56 966 1370 135 2082 132 697 336 89 282 400 414 456 469 527
internal_value=6.60834e-05 0.325627 -0.216932 -0.350276 0.513066 0.202658 -0.293212 -0.328488 -0.117265 -0.144697 0.404185 0.522403 -0.302186 -0.0413621 -0.0856201 -0.0550272 -0.0358138 0.624613 -0.181284 -0.102941 0.140952 0.284628 -0.310407 -0.148508 0.599753 0.177421 0.224396 -0.124056 -0.107673 -0.337454 -0.0679264 -0.0314749 -0.186602 -0.28733 -0.16579 -0.213588 -0.0763017 0.358856 0.12523 -0.232242 0.084916 -0.153518 0.15127 0.306859 0.426043 0.0257175 0.380529 0.789673 0.292012 -0.0910015 -0.197459 -0.501563 -0.498373 -0.0681263 -0.0906715 0.250324 -0.114766 0.336303 0.352375 -0.255226 0.400272 0.0157141
internal_weight=47136 18852 28284 12097 7467 11385 8786 6679 16187 11234 3781 1045 5786 177 6049 4953 4222 3686 2107 5166 6497 4888 5609 1629 3057 1954 696 3221 2294 2576 1945 780 950 3033 731 5185 3162 2736 4543 2207 1060 1061 1258 2961 770 215 1387 275 1751 2040 888 3311 893 1233 536 1927 670 1349 814 997 813 883
internal_count=47136 18852 28284 12097 7467 11385 8786 6679 16187 11234 3781 1045 5786 177 6049 4953 4222 3686 2107 5166 6497 4888 5609 1629 3057 1954 696 3221 2294 2576 1945 780 950 3033 731 5185 3162 2736 4543 2207 1060 1061 1258 2961 770 215 1387 275 1751 2040 888 3311 893 1233 536 1927 670 1349 814 997 813 883
is_linear=0
shrinkage=0.05


Tree=14
num_leaves=63
num_cat=0
split_feature=0 0 0 0 0 0 11 0 11 0 11 0 10 0 0 0 11 7 0 7 11 4 10 7 3 11 10 11 7 6 6 7 10 0 7 10 7 7 10 0 0 4 11 4 0 0 0 10 7 7 10 7 4 7 6 7 7 0 0 0 11 1
split_gain=1.20234e+06 156868 135702 37648 32638.8 20776.5 12502.3 10724.9 9973.98 16500.4 7254.52 9615.14 4085.35 3834.63 3804.48 7455.42 3798.16 2743.99 2679.39 1385.25 1376.63 1317.17 1308.71 1267 917.829 883.211 834.139 1952.67 773.985 773.134 629.965 622.973 4740.62 519.185 469.986 453.925 447.88 440.597 434.726 389.368 367.237 339.139 336.267 305.233 522.285 305.216 695.076 297.448 762.505 282.959 272.554 610.576 402.055 269.41 266.085 245.451 234.535 234.114 226.391 225.136 219.312 201.411
threshold=91.906897968634112 100.33765204161863 81.702686681457138 73.75223807119589 105.21585997946028 96.525003405553363 2023.5000000000002 80.46523122516966 2022.5000000000002 83.45996261283635 2023.5000000000002 101.66509006393967 5.6470900876959886 88.279460480606971 82.498256809305289 83.45996261283635 2022.5000000000002 67.500000000000014 80.46523122516966 35.500000000000007 2023.5000000000002 2.5000000000000004 70.438540332906541 22.500000000000004 1.5000000000000002 2023.5000000000002 5.9411764705882364 2022.5000000000002 30.500000000000004 7.5000000000000009 7.5000000000000009 34.500000000000007 42.17939214232765 94.418460680367915 30.500000000000004 54.083333333333336 40.500000000000007 33.500000000000007 60.82693947144076 76.707416796837762 82.498256809305289 3.5000000000000004 2022.5000000000002 2.5000000000000004 85.395726527799056 85.395726527799056 84.127543646855841 13.840996168582377 63.500000000000007 21.500000000000004 5.9411764705882364 52.500000000000007 1.5000000000000002 30.500000000000004 21.500000000000004 9.5000000000000018 13.500000000000002 94.418460680367915 101.2598164799824 77.543965397965493 2023.5000000000002 11.500000000000002
decision_type=2 2 2 2 2 2 2 2 2 2 2 2 2 2 2 2 2 2 2 2 2 2 2 2 2 2 2 2 2 2 2 2 2 2 2 2 2 2 2 2 2 2 2 2 2 2 2 2 2 2 2 2 2 2 2 2 2 2 2 2 2 2
left_child=2 5 3 -1 10 23 7 12 14 35 11 56 17 20 34 41 -6 -5 22 29 31 50 30 57 25 -18 27 -25 43 -14 -8 -11 -33 42 -4 -10 61 -26 58 -21 -37 -16 -28 -22 54 46 -30 48 -41 -13 51 -7 -52 -27 -45 -43 -3 -2 -12 -49 -35 -17
right_child=1 4 8 6 16 21 18 -9 9 13 38 49 19 -15 15 36 24 -19 -20 39 28 -23 -24 26 37 53 33 -29 45 -31 -32 32 -34 60 -36 40 -38 -39 -40 47 -42 55 -44 44 -46 -47 -48 59 -50 -51 52 -53 -54 -55 -56 -57 -58 -59 -60 -61 -62 -63
leaf_value=-0.47650030970717405 0.095920331830354366 0.7048011085391046 -0.1829517511000604 0.19180368822974125 0.70712599522726882 0.47584036421419973 -0.061409478154883061 -0.47351358675049993 -0.18829374297352014 -0.08766952457678015 0.33447929488368189 0.36796503733520081 -0.3449364042411962 0.01492939855656597 0.094933910589259526 -0.10904579872755996 0.63905074326520039 -0.26320876607795557 -0.090264812160173777 -0.29274868654887726 -0.16088497951360126 0.23782296543886799 -0.27092536420287455 0.45760756499561905 0.53255689484868463 0.49993654736052173 0.15804069391216924 0.14374655864416405 -0.12309022405863342 -0.29312015416356624 -0.18874689336831649 -0.062361663489132073 0.43624516380183831 0.19330766164700425 -0.093411096666983898 -0.18111811432994276 -0.047039683585188702 0.61821277378900963 0.31697450956639883 -0.073531121047479761 -0.22872027667206099 0.067031403457971692 0.11937636649647443 -0.13153783716657311 -0.19201935290844141 -0.13335305444597401 -0.048146427260087353 -0.28396054943339438 -0.25544673419845892 0.43549188021004925 0.31673584682927969 0.26245013350248336 0.27434678202025703 0.58518935790197335 -0.055817330815985125 -0.041939297654611227 0.844816199134378 0.12602918493585155 0.37746763452938165 -0.24087845859834403 0.14480942205347391 -0.07533846490201844
leaf_weight=3311 1647 191 522 73 629 66 113 893 2678 1165 660 356 1376 883 845 670 787 59 679 939 949 1927 560 73 1502 234 919 155 559 1687 755 730 50 685 209 545 1122 218 1194 83 1962 131 1534 206 166 373 697 628 196 414 884 79 1932 316 271 84 84 1099 882 745 385 1370
leaf_count=3311 1647 191 522 73 629 66 113 893 2678 1165 660 356 1376 883 845 670 787 59 679 939 949 1927 560 73 1502 234 919 155 559 1687 755 730 50 685 209 545 1122 218 1194 83 1962 131 1534 206 166 373 697 628 196 414 884 79 1932 316 271 84 84 1099 882 745 385 1370
internal_value=6.65937e-05 0.309371 -0.206096 -0.332779 0.487458 0.192537 -0.27857 -0.312082 -0.111407 -0.137467 0.384038 0.496404 -0.287089 -0.0813425 -0.0522814 -0.034026 0.593409 -0.0119854 -0.172238 -0.293507 -0.0977985 0.270412 -0.211121 0.133915 0.569785 0.602819 0.152841 0.245818 -0.117864 -0.316504 -0.172265 -0.0645224 -0.0298756 0.146754 -0.157521 -0.202915 -0.0724927 0.543769 0.340953 -0.266208 -0.21845 0.0806761 0.133922 -0.142708 -0.115664 -0.0935097 -0.0815766 -0.25095 -0.201802 0.404796 0.291531 0.362208 0.287763 0.5499 -0.0887357 0.0244366 0.750493 0.108014 0.3593 -0.26078 0.176014 -0.0864595
internal_weight=47136 18852 28284 12097 7467 11385 8786 6679 16187 11234 3781 1045 5786 6049 4953 4222 3686 132 2107 5654 5166 4888 1428 6497 3057 1337 3751 228 3221 3063 868 1945 780 3523 731 5185 3162 1720 2736 2591 2507 1060 2453 1592 643 1629 1256 1652 279 770 2961 145 2816 550 477 215 275 2746 1542 1373 1070 2040
internal_count=47136 18852 28284 12097 7467 11385 8786 6679 16187 11234 3781 1045 5786 6049 4953 4222 3686 132 2107 5654 5166 4888 1428 6497 3057 1337 3751 228 3221 3063 868 1945 780 3523 731 5185 3162 1720 2736 2591 2507 1060 2453 1592 643 1629 1256 1652 279 770 2961 145 2816 550 477 215 275 2746 1542 1373 1070 2040
is_linear=0
shrinkage=0.05


Tree=15
num_leaves=63
num_cat=0
split_feature=0 0 0 0 0 0 0 3 0 10 3 0 7 4 9 0 7 4 4 9 4 0 0 3 3 9 0 7 9 7 1 7 0 9 0 9 7 9 0 0 0 9 1 7 0 0 7 1 9 10 4 7 6 4 7 7 7 6 1 7 9 6
split_gain=1.08527e+06 141607 122482 33973.7 29457.5 18752.2 8442.45 3265.69 3066.93 2282.66 3641.49 1769.06 1333.94 1747.2 3426.28 1277.13 2717.15 5213.66 4050.6 1232.01 1189.48 1185.06 1115.65 1081.96 984.657 1738.37 4029.42 971.005 900.55 885.633 794.245 931.667 651.478 579.847 475.517 471.601 616.137 400.209 398.084 363.572 360.846 349.819 306.323 1787.27 296.076 286.928 285.013 276.609 275.377 270.185 266.816 827.819 576.418 505.861 510.562 326.658 279.657 410.53 393.543 249.894 247.51 243.48
threshold=91.906897968634112 100.33765204161863 81.702686681457138 73.75223807119589 105.21585997946028 96.525003405553363 83.45996261283635 1.5000000000000002 88.279460480606971 7.0298986903879426 1.0000000180025095e-35 77.543965397965493 30.500000000000004 2.5000000000000004 36.500000000000007 80.46523122516966 51.500000000000007 1.5000000000000002 3.5000000000000004 14.500000000000002 2.5000000000000004 80.46523122516966 82.498256809305289 1.5000000000000002 1.5000000000000002 39.500000000000007 101.2598164799824 21.500000000000004 55.500000000000007 29.500000000000004 2.5000000000000004 49.500000000000007 83.126967932187142 30.500000000000004 85.395726527799056 33.500000000000007 38.500000000000007 37.500000000000007 101.2598164799824 78.950806549903049 84.127543646855841 10.500000000000002 19.500000000000004 37.500000000000007 101.2598164799824 82.983783769479672 36.500000000000007 17.500000000000004 16.500000000000004 4.1241496598639467 3.5000000000000004 14.500000000000002 10.500000000000002 2.5000000000000004 30.500000000000004 9.5000000000000018 20.500000000000004 1.0000000180025095e-35 13.500000000000002 39.500000000000007 22.500000000000004 4.5000000000000009
decision_type=2 2 2 2 2 2 2 2 2 2 2 2 2 2 2 2 2 2 2 2 2 2 2 2 2 2 2 2 2 2 2 2 2 2 2 2 2 2 2 2 2 2 2 2 2 2 2 2 2 2 2 2 2 2 2 2 2 2 2 2 2 2
left_child=2 5 3 -1 24 19 7 22 12 10 -5 29 -8 34 -15 27 17 42 35 30 48 49 -4 -6 25 44 47 -13 -20 -11 31 -2 50 -25 40 36 -19 -21 -26 61 -14 -9 -17 -44 46 -43 -3 -27 -7 -12 51 52 -24 54 -53 -52 58 -58 -55 -40 -38 -29
right_child=1 4 6 9 23 20 8 41 -10 11 21 15 13 14 -16 16 -18 18 28 37 -22 -23 32 33 38 26 -28 39 -30 -31 -32 -33 -34 -35 -36 -37 60 -39 59 -41 -42 45 43 -45 -46 -47 -48 -49 -50 -51 55 53 -54 56 -56 -57 57 -59 -60 -61 -62 -63
leaf_value=-0.45268248757878365 0.39497707259345366 0.39276342856578339 -0.15890302430535785 0.1939836767841788 0.59395262520614722 0.29406597199078499 -0.10387986362315148 -0.10263133475648577 0.014183773023394523 -0.32458734071688561 -0.061540814483804364 -0.26864793839324075 -0.074928226810521609 0.41806335973265496 -0.074406250754672318 -0.078937308503407147 -0.42937051889289668 -0.19744349453086948 -0.11405220401551359 0.12563345796491152 0.22593798462742037 -0.41425665966669717 -0.24793762601461988 0.56287376742152606 0.29879564107510087 0.58938382607025863 0.28612385533750062 -0.14490345486490935 -0.33350768666832692 -0.27395783879762931 0.15219578065726747 0.14157850880737174 -0.17630619272930934 0.50265889826275056 -0.1011465739633656 -0.46257254432818107 -0.29223536861344024 0.095600129084037422 0.34400438051263005 -0.18367313763086701 -0.040103475470193113 -0.17406575939946514 -0.090078353136192751 -0.42427535515205533 0.37600302091152893 -0.20675288275304698 0.2959638246107793 0.48802287902042374 0.26180033275534143 -0.19633989683562711 -0.0048765130418488819 -0.19561204696695011 -0.091751378220232105 -0.17916642169441499 -0.092572946178203497 -0.10886246394916353 0.063284859030993776 -0.0598229613319348 -0.00034163840846823798 0.41281090548781108 -0.43430597857425091 -0.23327895960438833
leaf_weight=3311 76 116 1181 67 1739 1384 4151 121 883 1579 55 1171 1805 54 98 221 278 50 190 2799 1927 59 148 1087 512 256 223 90 62 2085 1671 72 261 860 946 270 51 1879 1214 790 1274 1377 190 50 778 1452 344 156 1577 123 177 131 101 69 1492 131 112 168 55 182 151 1254
leaf_count=3311 76 116 1181 67 1739 1384 4151 121 883 1579 55 1171 1805 54 98 221 278 50 190 2799 1927 59 148 1087 512 256 223 90 62 2085 1671 72 261 860 946 270 51 1879 1214 790 1274 1377 190 50 778 1452 344 156 1577 123 177 131 101 69 1492 131 112 168 55 182 151 1254
internal_value=6.85816e-05 0.293929 -0.1958 -0.316155 0.463132 0.182924 -0.105841 -0.147336 -0.074402 -0.264658 -0.129383 -0.26949 -0.0837958 -0.0638154 0.102106 -0.249378 -0.28774 -0.255534 -0.334784 0.12723 0.256907 -0.221251 -0.117991 0.563787 0.364882 0.391235 0.459423 -0.231732 -0.16917 -0.295861 0.162214 0.273513 -0.100957 0.536551 -0.0701063 -0.41425 -0.360831 0.113594 0.338817 -0.211357 -0.0605381 -0.187328 -0.122028 -0.161195 0.355914 -0.190912 0.321184 0.552291 0.276977 -0.155293 -0.0932789 -0.0991999 -0.185225 -0.0885438 -0.101008 -0.0493297 -0.0383325 -0.0105121 -0.100526 0.353268 -0.400078 -0.227477
internal_weight=47136 18852 28284 12097 7467 11385 16187 6976 9211 8786 304 8482 8328 4177 152 4818 1513 1235 774 6497 4888 237 4026 3686 3781 1873 635 3305 252 3664 1819 148 2845 1947 4025 522 252 4678 1908 2134 3079 2950 461 240 1238 2829 460 412 2961 178 2584 2276 249 2027 1623 308 404 280 124 1396 202 1344
internal_count=47136 18852 28284 12097 7467 11385 16187 6976 9211 8786 304 8482 8328 4177 152 4818 1513 1235 774 6497 4888 237 4026 3686 3781 1873 635 3305 252 3664 1819 148 2845 1947 4025 522 252 4678 1908 2134 3079 2950 461 240 1238 2829 460 412 2961 178 2584 2276 249 2027 1623 308 404 280 124 1396 202 1344
is_linear=0
shrinkage=0.05


Tree=16
num_leaves=63
num_cat=0
split_feature=0 0 0 0 0 0 11 0 11 0 11 0 9 0 11 0 0 0 9 9 10 8 8 9 0 10 11 10 1 0 11 10 0 8 0 10 8 9 8 9 4 5 4 0 0 11 11 8 0 8 8 0 0 4 1 8 8 0 6 0 6 6
split_gain=979585 127827 110558 30654 26578.6 16924.1 10383.4 8852.53 8744.47 13734.8 6297.25 8179.62 3719.54 3762.81 3402.16 3199.18 6651.22 3147.87 2295.34 1115.3 1074.7 1035.43 985.766 3059.43 981.603 782.459 781.92 1714.95 518.766 510.966 499.498 559.71 429.959 424.418 406.212 477.162 529.436 406.158 368.902 339.259 331.589 274.505 385.067 359.048 265.619 250.323 247.92 241.162 238.345 234.974 207.401 207.299 224.844 202.152 190.777 188.724 183.536 178.536 219.41 176.309 171.287 162.661
threshold=91.906897968634112 100.33765204161863 81.702686681457138 73.75223807119589 105.21585997946028 96.525003405553363 2023.5000000000002 80.46523122516966 2022.5000000000002 83.45996261283635 2023.5000000000002 101.66509006393967 4.5000000000000009 77.543965397965493 2022.5000000000002 82.498256809305289 83.45996261283635 88.279460480606971 57.500000000000007 15.500000000000002 60.82693947144076 600.50000000000011 1190.5000000000002 34.500000000000007 80.46523122516966 50.820554210384721 2022.5000000000002 5.9411764705882364 3.5000000000000004 77.543965397965493 2023.5000000000002 5.9411764705882364 77.543965397965493 930.50000000000011 82.498256809305289 22.611077297626295 2070.5000000000005 37.500000000000007 1722.5000000000002 37.500000000000007 2.5000000000000004 1.0000000180025095e-35 2.5000000000000004 85.395726527799056 94.418460680367915 2022.5000000000002 2023.5000000000002 506.50000000000006 85.395726527799056 240.50000000000003 870.50000000000011 101.2598164799824 101.66509006393967 2.5000000000000004 15.500000000000002 2256.5000000000005 4290.5000000000009 85.395726527799056 12.500000000000002 84.127543646855841 16.500000000000004 7.5000000000000009
decision_type=2 2 2 2 2 2 2 2 2 2 2 2 2 2 2 2 2 2 2 2 2 2 2 2 2 2 2 2 2 2 2 2 2 2 2 2 2 2 2 2 2 2 2 2 2 2 2 2 2 2 2 2 2 2 2 2 2 2 2 2 2 2
left_child=2 5 3 50 10 19 7 12 15 34 11 49 13 -5 -6 33 40 22 24 26 30 32 41 48 28 -16 27 -2 -8 55 -7 -32 -14 -4 -10 36 -36 -12 57 -21 -17 -11 -43 60 -28 -31 -22 -13 59 -3 -1 -39 -53 -9 -42 -23 -30 -18 -59 -24 -44 -37
right_child=1 4 8 6 14 20 18 53 9 17 37 47 21 -15 25 16 38 -19 -20 39 46 29 23 -25 -26 -27 44 -29 56 45 31 -33 -34 -35 35 61 -38 51 -40 -41 54 42 43 -45 -46 -47 -48 -49 -50 -51 -52 52 -54 -55 -56 -57 -58 58 -60 -61 -62 -63
leaf_value=-0.44894358853596011 0.42355752466095464 0.65165937584096745 -0.16584965571789625 0.29373144327583955 0.64307932758331299 0.28514203898740131 -0.018722511302857171 -0.4165448151172928 -0.15817657748933134 -0.088562105107638581 0.32287114008291878 0.33410032493359337 -0.3129510034788357 -0.19397011920561391 0.54178699637089822 0.1100046148478826 -0.066637287571793422 0.013475386590784209 -0.25091260104904844 0.11876540856526929 0.23501916692357516 -0.27627036956785739 -0.076784536266647926 0.27212365912668635 -0.080024518624720209 0.48775274397559587 0.11123741332795865 0.16779801395363536 -0.17848500464089334 -0.20018869668849734 0.38821291663429958 0.23615475607613856 -0.26305745715139989 -0.080851856183083284 -0.0048616819842295222 -0.22316220385173888 -0.16750193525444379 0.2534269944853253 -0.04075227950765152 0.090822665036170494 0.034587542975466123 -0.1383575600263578 -0.10921231047738165 -0.14936251244250129 0.15971725399788905 -0.24784555065802777 0.19770258943626798 0.39611603910057108 -0.10125375855076031 0.80487473002651277 -0.41869284592508071 0.3328880868467895 0.26911888365351827 -0.49478653764366209 0.097807048791153137 -0.24560854353014411 -0.11334062955835285 -0.13043453242004718 -0.07303193213016286 -0.042178905892225504 -0.046936652191104593 -0.194517312400874
leaf_weight=1229 73 219 522 58 629 1416 62 761 1164 1178 1644 369 1306 119 1436 491 1407 883 478 2664 876 1387 957 65 679 1621 806 623 753 640 65 1473 728 209 54 694 703 449 1065 1879 398 1099 167 187 452 557 1058 401 573 56 2082 317 326 132 171 991 135 297 393 607 333 2570
leaf_count=1229 73 219 522 58 629 1416 62 761 1164 1178 1644 369 1306 119 1436 491 1407 883 478 2664 876 1387 957 65 679 1621 806 623 753 640 65 1473 728 209 54 694 703 449 1065 1879 398 1099 167 187 452 557 1058 401 573 56 2082 317 326 132 171 991 135 297 393 607 333 2570
internal_value=6.49831e-05 0.279251 -0.186023 -0.300369 0.44001 0.173785 -0.251453 -0.281994 -0.100555 -0.124956 0.346684 0.451352 -0.259287 -0.0333779 0.535621 -0.0451946 -0.0284551 -0.0737503 -0.154552 0.120876 0.24407 -0.266408 -0.0886601 -0.0632632 -0.126137 0.513305 0.152524 0.1952 -0.158971 -0.249927 0.263205 0.242832 -0.295234 -0.141698 -0.184668 -0.192294 -0.155928 0.306555 -0.0647886 0.107232 0.0798827 -0.107498 -0.119929 -0.0902829 0.128773 -0.222557 0.21472 0.366875 -0.0735893 0.685681 -0.430055 0.281713 0.301033 -0.428656 0.0537338 -0.263603 -0.168726 -0.0769682 -0.0979002 -0.0633926 -0.0679232 -0.200676
internal_weight=47136 18852 28284 12097 7467 11385 8786 6679 16187 11234 3781 1045 5786 177 3686 4953 4222 6049 2107 6497 4888 5609 5166 2202 1629 3057 1954 696 950 3575 2954 1538 2034 731 5185 4021 757 2736 3162 4543 1060 2964 1786 687 1258 1197 1934 770 2137 275 3311 1092 643 893 569 2378 888 2097 690 1564 500 3264
internal_count=47136 18852 28284 12097 7467 11385 8786 6679 16187 11234 3781 1045 5786 177 3686 4953 4222 6049 2107 6497 4888 5609 5166 2202 1629 3057 1954 696 950 3575 2954 1538 2034 731 5185 4021 757 2736 3162 4543 1060 2964 1786 687 1258 1197 1934 770 2137 275 3311 1092 643 893 569 2378 888 2097 690 1564 500 3264
is_linear=0
shrinkage=0.05


Tree=17
num_leaves=63
num_cat=0
split_feature=0 0 0 0 0 0 0 3 0 9 0 0 7 0 7 9 7 9 5 9 10 3 0 0 7 3 9 0 7 1 7 6 0 0 9 7 0 9 9 0 7 0 9 1 0 0 7 1 0 0 1 9 0 5 9 6 9 7 7 1 6 7
split_gain=884195 115385 99790.7 27663.8 23981.1 15275.4 6879.19 2646.92 2498.43 1888.47 4507.68 1489.77 1110.43 1077.84 2197.79 3388.52 2278.6 2699.08 2163.91 1008.03 970.054 937.764 913.158 828.338 826.267 784.054 1388.1 3328.01 719.893 677.382 825.002 600.455 541.889 524.283 491.159 347.917 328.966 328.221 301.701 261.981 257.019 243.401 233.57 232.602 222.46 216.826 216.756 213.462 218.424 311.765 201.958 541.564 205.998 245.369 361.623 293.058 201.52 189.882 189.265 182.76 173.875 166.291
threshold=91.906897968634112 100.33765204161863 81.702686681457138 73.75223807119589 105.21585997946028 96.525003405553363 83.45996261283635 1.5000000000000002 88.279460480606971 4.5000000000000009 77.543965397965493 77.543965397965493 29.500000000000004 80.46523122516966 51.500000000000007 19.500000000000004 37.500000000000007 33.500000000000007 1.0000000180025095e-35 14.500000000000002 60.82693947144076 1.5000000000000002 82.498256809305289 80.46523122516966 21.500000000000004 1.5000000000000002 39.500000000000007 101.2598164799824 36.500000000000007 2.5000000000000004 49.500000000000007 10.500000000000002 85.395726527799056 83.126967932187142 31.500000000000004 65.500000000000014 101.2598164799824 34.500000000000007 10.500000000000002 101.2598164799824 36.500000000000007 82.983783769479672 16.500000000000004 8.5000000000000018 99.234782552937261 94.418460680367915 39.500000000000007 14.500000000000002 84.127543646855841 85.395726527799056 3.5000000000000004 31.500000000000004 84.127543646855841 1.0000000180025095e-35 35.500000000000007 17.500000000000004 54.500000000000007 44.500000000000007 67.500000000000014 14.500000000000002 12.500000000000002 48.500000000000007
decision_type=2 2 2 2 2 2 2 2 2 2 2 2 2 2 2 2 2 2 2 2 2 2 2 2 2 2 2 2 2 2 2 2 2 2 2 2 2 2 2 2 2 2 2 2 2 2 2 2 2 2 2 2 2 2 2 2 2 2 2 2 2 2
left_child=2 5 3 57 25 19 7 22 12 10 -5 28 47 24 15 -15 17 -17 56 29 42 -6 -4 58 -13 26 39 43 60 30 -2 -20 50 -24 -23 -26 -27 -21 61 40 -3 -40 -7 -28 -22 -31 -38 -8 -49 -50 51 -14 53 54 -52 -56 -19 59 -12 -1 -11 -9
right_child=1 4 6 9 21 20 8 38 -10 11 23 13 32 14 -16 16 -18 18 31 37 44 34 33 -25 35 36 27 -29 -30 45 -32 -33 -34 -35 -36 -37 46 -39 41 -41 -42 -43 -44 -45 -46 -47 -48 48 49 -51 52 -53 -54 -55 55 -57 -58 -59 -60 -61 -62 -63
leaf_value=-0.43826707602300935 0.36348731629647218 0.35643741540419749 -0.14358279102861679 0.2792937880047297 0.53686198401451113 0.26529013217621705 -0.11018769983637877 -0.020979929881600232 0.01280237952012242 -0.29690196738535474 -0.20419895598917834 -0.24252745079251686 -0.042408958298795763 -0.061461204137226257 -0.38722635185419452 -0.074312116966551933 -0.40096258470123891 -0.13938857798078841 -0.21456831378948499 0.11517697370808111 0.19648468109367467 0.50632344728578127 -0.084268958300896118 -0.37340890677769978 -0.19487041075981404 0.26975604571329453 0.58103095436873653 0.25641428437616148 -0.24155384620694226 0.12363890728428686 0.12526035139005479 -0.40692885566042714 -0.09034285326627875 -0.15875716697851211 0.45060338789550819 -0.10835436881512635 0.31066915079006935 0.088476719190787242 -0.15681851516957618 0.34014808007780184 0.26511176215047427 -0.18689810405839785 0.23564065802230039 0.47306160233035599 0.24573623814943324 0.16202234303202412 0.37444671761142756 -0.10235356635907678 -0.044237266478956927 -0.09172986050561649 -0.056385257011637047 0.1301302411786297 -0.036337816648728746 -0.07265619036663766 0.13485554173588754 -0.033297262948517703 -0.24789167299626336 -0.3909807570910675 -0.08995963532529358 -0.40269963536435827 -0.26186715807677924 -0.13993418137057567
leaf_weight=948 76 116 1181 58 1739 1428 1427 51 883 1475 80 1171 224 239 278 210 254 168 53 2454 1644 1144 2584 59 2022 512 91 223 1616 1083 72 250 995 261 803 128 1214 2224 1377 778 344 1452 1526 321 290 588 182 1140 577 875 286 56 1249 1397 52 50 61 1291 71 1072 593 70
leaf_count=948 76 116 1181 58 1739 1428 1427 51 883 1475 80 1171 224 239 278 210 254 168 53 2454 1644 1144 2584 59 2022 512 91 223 1616 1083 72 250 995 261 803 128 1214 2224 1377 778 344 1452 1526 321 290 588 182 1140 577 875 286 56 1249 1397 52 50 61 1291 71 1072 593 70
internal_value=6.38705e-05 0.265308 -0.176731 -0.285367 0.418044 0.165107 -0.0955319 -0.132988 -0.0671522 -0.238898 -0.107615 -0.243015 -0.0756307 -0.224583 -0.259841 -0.230872 -0.271416 -0.226584 -0.286429 0.11484 0.231881 0.508862 -0.106569 -0.215316 -0.208445 0.329395 0.352927 0.41388 -0.267131 0.146485 0.249245 -0.374115 -0.0579699 -0.0911576 0.483589 -0.189775 0.306119 0.102506 -0.168994 0.32135 0.288876 -0.172319 0.25006 0.49827 0.203996 0.137237 0.31925 -0.0945455 -0.0858928 -0.072904 -0.0482243 -0.00754303 -0.0519733 -0.0628845 -0.0275923 0.0528561 -0.169265 -0.408566 -0.151462 -0.419603 -0.28699 -0.0904204
internal_weight=47136 18852 28284 12097 7467 11385 16187 6976 9211 8786 268 8518 8328 4834 1513 1235 996 742 532 6497 4888 3686 4026 210 3321 3781 1873 635 3684 1819 148 303 4309 2845 1947 2150 1908 4678 2950 1238 460 2829 2954 412 1934 1671 1396 4019 2592 1452 3314 280 3034 1785 388 102 229 3311 151 2020 2068 121
internal_count=47136 18852 28284 12097 7467 11385 16187 6976 9211 8786 268 8518 8328 4834 1513 1235 996 742 532 6497 4888 3686 4026 210 3321 3781 1873 635 3684 1819 148 303 4309 2845 1947 2150 1908 4678 2950 1238 460 2829 2954 412 1934 1671 1396 4019 2592 1452 3314 280 3034 1785 388 102 229 3311 151 2020 2068 121
is_linear=0
shrinkage=0.05


Tree=18
num_leaves=63
num_cat=0
split_feature=9 7 9 7 9 7 9 7 9 7 7 7 9 7 9 7 7 11 7 9 7 9 10 4 7 9 7 11 4 9 10 1 11 1 11 7 4 11 9 6 11 11 4 4 1 7 9 1 4 11 10 4 1 3 1 4 11 1 1 3 9 7
split_gain=66234.8 57920.2 75058 80075.2 53243.5 60296.3 11784.9 21683.5 10759.8 21671.9 10010.5 8966.3 9176.42 9280 7215.67 8099.33 7429.93 5903.55 5267.64 4481.97 9842.65 4401.18 4599.34 3856.62 3743.85 3427.83 5421.35 3194.19 3006.16 2379.89 2619.42 2367.17 4678.35 2269.05 2189.6 2073.28 2066.58 2482.4 2065.91 2037.05 1997.24 1981.89 1958.92 1844.01 1705.31 1687.52 2825.54 1646.83 1595.73 1594.9 2361.58 1568.9 1534.07 1487.86 1658.37 1483.18 1432.79 1408.04 2397.13 1598.48 1391.96 2257.79
threshold=57.500000000000007 50.500000000000007 20.500000000000004 29.500000000000004 41.500000000000007 13.500000000000002 6.5000000000000009 60.500000000000007 27.500000000000004 41.500000000000007 30.500000000000004 10.500000000000002 33.500000000000007 22.500000000000004 12.500000000000002 43.500000000000007 38.500000000000007 2022.5000000000002 16.500000000000004 45.500000000000007 20.500000000000004 49.500000000000007 86.874487284659565 2.5000000000000004 2.5000000000000004 27.500000000000004 23.500000000000004 2022.5000000000002 2.5000000000000004 22.500000000000004 52.223320158102773 21.500000000000004 2022.5000000000002 15.500000000000002 2022.5000000000002 35.500000000000007 2.5000000000000004 2022.5000000000002 3.5000000000000004 13.500000000000002 2023.5000000000002 2022.5000000000002 1.5000000000000002 3.5000000000000004 28.500000000000004 35.500000000000007 8.5000000000000018 21.500000000000004 1.5000000000000002 2022.5000000000002 56.840463458110527 2.5000000000000004 15.500000000000002 1.0000000180025095e-35 14.500000000000002 2.5000000000000004 2022.5000000000002 24.500000000000004 12.500000000000002 1.5000000000000002 24.500000000000004 19.500000000000004
decision_type=2 2 2 2 2 2 2 2 2 2 2 2 2 2 2 2 2 2 2 2 2 2 2 2 2 2 2 2 2 2 2 2 2 2 2 2 2 2 2 2 2 2 2 2 2 2 2 2 2 2 2 2 2 2 2 2 2 2 2 2 2 2
left_child=1 2 10 4 11 17 7 40 9 35 33 23 18 34 16 -16 45 57 36 20 31 24 51 27 -19 26 29 -4 -2 -20 -31 32 -7 -1 -14 41 37 -13 -18 -37 -3 -5 -10 -21 -30 -12 -47 -24 -8 -27 -51 -23 -26 54 -36 -11 -45 58 -6 -59 -32 -62
right_child=28 6 3 8 5 19 48 -9 42 55 14 12 13 -15 15 -17 38 21 25 43 -22 22 47 -25 52 49 -28 -29 44 30 60 -33 -34 -35 53 39 -38 -39 -40 -41 -42 -43 -44 56 -46 46 -48 -49 -50 50 -52 -53 -54 -55 -56 -57 -58 59 -60 -61 61 -63
leaf_value=0.44618222123810231 -0.12134806379313444 0.21707185119731479 -0.046970624501975082 0.2022973143407191 0.13653044123232841 0.46772782417860903 -0.1447818294100022 -0.16759902840702659 -0.071805411644299766 -0.16749823844362927 0.48785825386788084 0.1045299299829302 0.1966384765428911 -0.069099097155159148 0.1458979576438699 -0.036317343797515299 0.27868173827199405 0.27568414821398085 0.55803193323820544 -0.17199584893250541 -0.17626679942635518 -0.0090134147057930637 -0.011938300483117718 0.40815729216493052 0.027259299592757077 0.19150219772606966 0.15487266727274429 0.28753219801171925 -0.2359398886816062 -0.043681915520497092 0.49976874621873046 -0.069893053397785287 0.054685240186774689 0.18187378027353365 0.061877786218079725 -0.12088699813892967 0.45780582877000175 0.45349239832017479 0.16393697610372102 0.055654092158042567 0.079121840593447568 0.054602712040263617 -0.19160958754719892 -0.081049980520304432 -0.13215832067298192 0.45522301412898414 0.1736657764017582 0.090484257732087625 -0.20885823854516758 0.031306878122814318 0.14775230797841757 -0.19865698935702203 0.11383409826195781 0.10343151061236602 -0.29238048338422584 -0.29874999711851041 -0.3093175255456691 -0.044874213252418728 0.297287454771055 0.16463150958620157 0.41871563454627236 0.15567434513771108
leaf_weight=391 1068 436 105 296 495 87 2665 1300 375 1707 205 137 658 881 2968 767 448 282 102 2402 1107 170 689 435 804 596 1321 220 2496 52 96 186 312 105 93 284 209 81 3270 382 662 972 3989 82 476 168 193 910 1546 775 995 304 1411 2006 50 248 456 128 441 311 156 174
leaf_count=391 1068 436 105 296 495 87 2665 1300 375 1707 205 137 658 881 2968 767 448 282 102 2402 1107 170 689 435 804 596 1321 220 2496 52 96 186 312 105 93 284 209 81 3270 382 662 972 3989 82 476 168 193 910 1546 775 995 304 1411 2006 50 248 456 128 441 311 156 174
internal_value=6.10905e-05 0.01821 0.0428805 0.00331167 0.0580411 -0.0183427 -0.117976 -0.0294782 -0.127445 -0.0669402 0.172849 0.146408 0.131466 0.072413 0.159325 0.108478 0.203619 0.0870273 0.177836 -0.153572 -0.0886545 0.0596714 0.00580861 0.310805 0.104366 0.161006 0.211029 0.179634 -0.193495 0.338436 0.290499 0.0771442 0.145704 0.390718 0.116838 0.0517201 0.345235 0.235692 0.177836 -0.0196886 0.134052 0.0892165 -0.181335 -0.190888 -0.21937 0.372368 0.305605 0.046368 -0.168352 0.12074 0.0968156 -0.130814 0.0824379 0.0923219 -0.0631243 -0.184295 -0.27475 0.177835 0.212514 0.103571 0.331309 0.280926
internal_weight=47136 43096 36487 27972 19719 10577 6609 2398 8253 3889 8515 9142 8382 3688 8019 3735 4284 5945 4694 4632 1692 4570 2073 760 2497 4267 1901 325 4040 580 478 585 399 496 2807 1934 427 218 3718 666 1098 1268 4364 2940 2972 566 361 1599 4211 2366 1770 474 2215 2149 143 1955 538 1375 936 439 426 330
internal_count=47136 43096 36487 27972 19719 10577 6609 2398 8253 3889 8515 9142 8382 3688 8019 3735 4284 5945 4694 4632 1692 4570 2073 760 2497 4267 1901 325 4040 580 478 585 399 496 2807 1934 427 218 3718 666 1098 1268 4364 2940 2972 566 361 1599 4211 2366 1770 474 2215 2149 143 1955 538 1375 936 439 426 330
is_linear=0
shrinkage=0.05


Tree=19
num_leaves=63
num_cat=0
split_feature=0 0 0 0 0 0 11 0 11 0 11 0 9 3 0 0 11 0 9 0 7 10 9 9 7 11 10 7 0 0 4 3 2 7 11 10 0 5 10 7 7 4 0 3 7 11 0 7 0 7 4 0 0 11 2 3 2 9 0 2 3 2
split_gain=747807 101751 85001.5 24255.9 19160 13762.9 8223.02 11357.3 8195.65 7252.98 4861.21 6834.48 2953.24 3054.67 2710.67 6205.89 2706.34 2234.96 1771.09 974.002 851.857 828.635 823.773 764.323 2933.66 713.264 1571.17 651.101 582.591 560.678 488.298 487.864 436.537 411.001 404.083 495.603 390.128 374.333 371.688 421.066 352.677 312.257 279.242 252.488 246.542 240.802 238.207 221.212 214.954 203.747 198.836 189.795 200.385 185.299 506.552 393.938 181.766 174.168 168.313 166.583 161.233 160.302
threshold=91.906897968634112 100.33765204161863 81.702686681457138 73.75223807119589 105.21585997946028 96.525003405553363 2022.5000000000002 83.45996261283635 2023.5000000000002 80.46523122516966 2023.5000000000002 101.66509006393967 4.5000000000000009 1.0000000180025095e-35 82.498256809305289 83.45996261283635 2022.5000000000002 88.279460480606971 59.500000000000007 85.395726527799056 35.500000000000007 60.82693947144076 22.500000000000004 36.500000000000007 35.500000000000007 2022.5000000000002 5.9411764705882364 21.500000000000004 85.395726527799056 80.46523122516966 2.5000000000000004 1.0000000180025095e-35 12.500000000000002 30.500000000000004 2023.5000000000002 5.9411764705882364 82.498256809305289 1.0000000180025095e-35 22.611077297626295 45.500000000000007 24.500000000000004 3.5000000000000004 94.418460680367915 1.5000000000000002 9.5000000000000018 2022.5000000000002 77.543965397965493 19.500000000000004 84.127543646855841 15.500000000000002 2.5000000000000004 101.2598164799824 101.66509006393967 2023.5000000000002 272.50000000000006 1.5000000000000002 240.50000000000003 38.500000000000007 84.127543646855841 380.50000000000006 1.0000000180025095e-35 72.500000000000014
decision_type=2 2 2 2 2 2 2 2 2 2 2 2 2 2 2 2 2 2 2 2 2 2 2 2 2 2 2 2 2 2 2 2 2 2 2 2 2 2 2 2 2 2 2 2 2 2 2 2 2 2 2 2 2 2 2 2 2 2 2 2 2 2
left_child=2 5 3 -1 10 22 14 36 9 12 11 49 13 -5 33 41 61 19 29 23 31 34 25 24 -9 26 -2 53 -17 32 48 -14 -10 -4 -7 -36 -8 -21 39 -38 51 -16 -27 -39 -43 -33 -22 -13 -25 -3 -11 -12 -53 55 -55 -18 -23 -24 -26 -34 -30 -6
right_child=1 4 6 8 16 21 7 17 18 50 40 47 20 -15 15 28 27 -19 -20 37 46 56 57 30 58 42 -28 -29 60 -31 -32 45 59 -35 35 -37 38 43 -40 -41 -42 44 -44 -45 -46 -47 -48 -49 -50 -51 -52 52 -54 54 -56 -57 -58 -59 -60 -61 -62 -63
leaf_value=-0.37814723426593105 0.38031181700257077 0.58317884854836899 -0.14646852319401266 0.2897811394267612 0.52977157720631984 0.24978761174599723 -0.13965595265996719 0.2871700691153754 -0.0061427524208556867 -0.36750742271503439 0.22486747475730051 0.28886287552046491 -0.27511464283695436 -0.16024422276973727 0.099834384285821753 -0.041592431161851309 0.48480434549220092 0.0088157357223592938 -0.2235963246228467 -0.077915641437211178 -0.22176832403632121 0.17349190401471049 0.0972092024692294 -0.1301041767656019 -0.063527671438604841 0.090169476936806492 0.13939753153954829 0.47241331610406284 -0.13906454810010108 -0.074573349086591731 -0.062648994799026456 -0.21441724480904206 -0.11538857623168293 -0.063005504146395691 0.34820595999558768 0.20552987194772976 -0.0061138537946072505 -0.097522514578905456 -0.18040251255608172 -0.15120269836476921 0.29057625857161151 0.074788785908427663 0.13161521009342858 -0.14619827582303865 -0.034455385076429916 -0.25228162727596465 -0.18821147744802372 0.34794067414240404 -0.055970895471142951 0.72350762133012747 -0.44294879540464938 0.29382089133478861 0.24178641837047038 0.35507174886058601 0.44162672742884213 0.40360520333794681 0.20564783500885342 0.075416245829067641 -0.029884783453051473 -0.15963913757011772 -0.080308391822098146 0.5975384870760001
leaf_weight=3311 73 219 522 53 316 1416 1164 66 63 761 449 331 1227 124 845 2412 358 883 431 696 1686 1097 1964 569 974 1187 859 1569 148 679 1024 925 369 209 65 1473 54 486 3264 703 1439 131 633 623 84 911 860 439 121 56 132 418 430 348 422 360 837 1781 607 565 602 313
leaf_count=3311 73 219 522 53 316 1416 1164 66 63 761 449 331 1227 124 845 2412 358 883 431 696 1686 1097 1964 569 974 1187 859 1569 148 679 1024 925 369 209 65 1473 54 486 3264 703 1439 131 633 623 84 911 860 439 121 56 132 418 430 348 422 360 837 1781 607 565 602 313
internal_value=6.38052e-05 0.243995 -0.162525 -0.262788 0.387423 0.1499 -0.0875839 -0.111246 -0.219276 -0.246409 0.308173 0.400144 -0.225859 -0.0245918 -0.0339029 -0.0184965 0.468608 -0.064683 -0.133191 -0.0772461 -0.232204 0.213281 0.102189 -0.061299 -0.0369351 0.122995 0.15866 0.448719 -0.0535944 -0.10982 -0.0846723 -0.250157 -0.13372 -0.122731 0.230082 0.211785 -0.165544 -0.106887 -0.173 -0.140881 0.272911 0.0861483 0.104652 -0.124979 0.0321223 -0.233335 -0.210514 0.322959 -0.117211 0.614291 -0.379147 0.253098 0.267757 0.423431 0.403026 0.444717 0.18751 0.0868694 -0.0506412 -0.142304 -0.0920793 0.564396
internal_weight=47136 18852 28284 12097 7467 11385 16187 11234 8786 6679 3781 1045 5786 177 4953 4222 3686 6049 2107 5166 5609 4888 6497 3361 1647 2752 932 3057 3162 1676 1714 3063 997 731 2954 1538 5185 1805 4021 757 2736 1060 1820 1109 215 1836 2546 770 690 275 893 1297 848 1488 770 718 1934 3745 1581 934 750 629
internal_count=47136 18852 28284 12097 7467 11385 16187 11234 8786 6679 3781 1045 5786 177 4953 4222 3686 6049 2107 5166 5609 4888 6497 3361 1647 2752 932 3057 3162 1676 1714 3063 997 731 2954 1538 5185 1805 4021 757 2736 1060 1820 1109 215 1836 2546 770 690 275 893 1297 848 1488 770 718 1934 3745 1581 934 750 629
is_linear=0
shrinkage=0.05


Tree=20
num_leaves=63
num_cat=0
split_feature=9 7 9 7 9 7 9 7 7 7 9 7 9 7 9 7 11 9 7 7 9 7 7 11 7 11 4 11 4 10 4 7 6 11 2 3 11 4 7 7 2 2 9 9 2 11 9 3 11 9 7 7 2 2 4 9 7 11 11 6 11 3
split_gain=53978.3 47091.6 55513.8 63728.1 47809.5 54703.7 11687.3 24597.3 8659.23 7539.44 15725 7210.02 8390.24 7146.8 5143.31 4870.13 4764.39 5462.21 5961.52 4557.88 4848.06 5433.36 4245.8 4208.98 3679.62 3083.16 3029.14 2718.12 2533.39 2484.99 2440.64 2190.33 2125.44 2047.67 2016.03 2006.44 2005.28 1993.94 1666.99 1645.09 2124.84 1631.66 1592.24 1592.1 1492.38 1478.15 1608.8 1475.2 1437.81 1432.63 1871.33 1345.99 1316.45 1727.29 1409.92 1314.89 1540.27 1627.11 1314.69 1374.82 1297.19 1265.82
threshold=57.500000000000007 54.500000000000007 16.500000000000004 32.500000000000007 38.500000000000007 13.500000000000002 24.500000000000004 45.500000000000007 35.500000000000007 18.500000000000004 45.500000000000007 13.500000000000002 30.500000000000004 25.500000000000004 8.5000000000000018 47.500000000000007 2022.5000000000002 46.500000000000007 5.5000000000000009 21.500000000000004 22.500000000000004 27.500000000000004 42.500000000000007 2022.5000000000002 9.5000000000000018 2022.5000000000002 2.5000000000000004 2022.5000000000002 3.5000000000000004 4.1241496598639467 1.5000000000000002 60.500000000000007 11.500000000000002 2022.5000000000002 420.50000000000006 1.0000000180025095e-35 2022.5000000000002 3.5000000000000004 38.500000000000007 47.500000000000007 6.5000000000000009 342.50000000000006 44.500000000000007 52.500000000000007 506.50000000000006 2023.5000000000002 50.500000000000007 1.0000000180025095e-35 2023.5000000000002 63.500000000000007 1.5000000000000002 40.500000000000007 600.50000000000011 90.500000000000014 3.5000000000000004 24.500000000000004 15.500000000000002 2022.5000000000002 2022.5000000000002 2.5000000000000004 2023.5000000000002 1.5000000000000002
decision_type=2 2 2 2 2 2 2 2 2 2 2 2 2 2 2 2 2 2 2 2 2 2 2 2 2 2 2 2 2 2 2 2 2 2 2 2 2 2 2 2 2 2 2 2 2 2 2 2 2 2 2 2 2 2 2 2 2 2 2 2 2 2
left_child=1 2 8 4 11 16 7 51 32 10 23 26 19 -14 22 33 52 18 42 55 21 41 25 -7 34 38 27 -4 44 31 -8 -3 -1 -16 45 -30 39 -11 -10 -24 -41 -21 -18 -12 -2 46 -19 -31 -26 50 -46 -5 53 -6 -55 -13 -57 -58 -22 -60 -49 -54
right_child=28 29 3 6 5 9 30 -9 14 37 43 12 13 -15 15 -17 17 24 -20 20 58 -23 36 -25 48 -27 -28 -29 35 47 -32 -33 -34 -35 -36 -37 -38 -39 -40 40 -42 -43 -44 -45 49 -47 -48 60 -50 -51 -52 -53 61 54 -56 56 57 -59 59 -61 -62 -63
leaf_value=0.40670544130012437 -0.19498438379819064 0.15503872986208267 0.0042961900082084687 0.083878996791015625 0.093869208925357855 0.27630350071510285 -0.070246173527131625 -0.1709662765774746 0.37435631600586144 -0.14712480971418757 -0.090231689481097388 0.45152893282703516 0.1060876981209747 -0.057171441761959665 0.19929901676072892 -0.018067712486352368 0.38797683562628288 0.04344741539162552 0.084524513033414697 0.40838191926953649 0.16901591484930811 0.14948787583494655 0.11400272857662666 0.042385078500417513 -0.21385012409492826 0.41661967095800645 0.37266113590466587 0.28599020854466495 -0.17872648359972798 -0.099025739951734928 -0.18044876298596055 -0.10047407682321452 0.23256313231829082 0.10241488601384319 0.084571861768302892 -0.3098654026632699 0.13170156909939912 -0.25399661353316216 0.088676086004669141 0.56039343070983882 0.24088847398083676 0.1207842638255176 0.19054960230158435 -0.20086062903714841 0.13813776100094013 0.030252080376627546 -0.19667183739778757 -0.19398933562608589 -0.039305027372153634 -0.16273064012542193 -0.098939110809151923 -0.00964262262438168 -0.039825515053993052 0.26963596762765629 0.10067970644881952 0.44725062232547341 0.12492554395144205 0.29145888494921257 -0.15927092555707154 0.094486969044241767 -0.12640960977432261 0.14551696542372497
leaf_weight=361 1085 126 142 1785 304 261 580 2190 73 3394 540 96 2857 875 725 728 220 115 1700 376 661 782 217 725 177 306 425 215 681 1097 3849 246 352 2221 1481 519 1942 503 168 59 441 58 197 828 93 787 175 1791 352 930 732 490 128 609 157 89 250 363 54 1936 1193 324
leaf_count=361 1085 126 142 1785 304 261 580 2190 73 3394 540 96 2857 875 725 728 220 115 1700 376 661 782 217 725 177 306 425 215 681 1097 3849 246 352 2221 1481 519 1942 503 168 59 441 58 197 828 93 787 175 1791 352 930 732 490 128 609 157 89 250 363 54 1936 1193 324
internal_value=6.52826e-05 0.0164492 0.0341928 0.00455548 0.04994 -0.0118327 -0.108495 -0.0513913 0.155371 -0.11831 -0.0476266 0.137265 0.123712 0.0678038 0.138142 0.0977104 0.087127 0.0643454 0.126184 0.168414 0.145889 0.22855 0.18443 0.104527 0.0219089 0.311315 0.282442 0.174283 -0.174667 -0.137501 -0.166037 -0.0137324 0.321186 0.126319 0.0467389 -0.235659 0.158218 -0.160982 0.17642 0.229748 0.279643 0.370325 0.295399 -0.157293 -0.14882 -0.00531141 -0.101613 -0.148776 -0.0980094 -0.120182 -0.0720731 0.0637383 0.164925 0.195168 0.235189 0.277238 0.252788 0.223864 0.1079 0.087522 -0.167024 0.0930475
internal_weight=47136 43096 38643 31050 22156 12977 8894 4465 7593 6251 2354 9179 8397 3732 6880 3674 6726 5204 2117 4665 3867 1216 3206 986 3087 547 782 357 4040 4453 4429 372 713 2946 2558 1200 2659 3897 241 717 500 434 417 1368 2840 1077 290 4081 529 1755 825 2275 1522 1070 766 798 702 613 2651 1990 2984 452
internal_count=47136 43096 38643 31050 22156 12977 8894 4465 7593 6251 2354 9179 8397 3732 6880 3674 6726 5204 2117 4665 3867 1216 3206 986 3087 547 782 357 4040 4453 4429 372 713 2946 2558 1200 2659 3897 241 717 500 434 417 1368 2840 1077 290 4081 529 1755 825 2275 1522 1070 766 798 702 613 2651 1990 2984 452
is_linear=0
shrinkage=0.05


Tree=21
num_leaves=63
num_cat=0
split_feature=9 8 9 8 9 8 9 8 8 9 8 8 9 8 9 8 8 8 11 8 9 4 9 9 8 4 4 11 4 4 11 11 11 3 10 4 4 6 11 3 9 10 8 5 9 8 9 8 4 1 4 8 9 11 4 1 9 8 1 11 11 1
split_gain=48854.3 43469 54921.6 60685.8 37420.7 45779.1 8662.13 16047.2 8225.46 16649.1 7502.93 6699.85 6915.16 7931.11 6249.62 5519.65 5486.92 4563.36 4329.88 3473.39 3525.6 2934.69 2836.42 2817.48 4063.6 2649.57 2495.64 2585.33 2127.24 2105.28 1914.9 1848.95 1819.85 2449.67 1729.54 1674.73 1649.84 1611.61 1606.58 1577.53 1535.77 2393.26 1525.3 1481.04 1454.9 1441.82 1437.84 2440.79 1335.32 1332.75 1298.05 1290.39 1680.8 1278.14 1272.99 1257.75 1223.18 3875.86 1220.64 2346.76 1204.14 1196.79
threshold=56.500000000000007 2550.5000000000005 20.500000000000004 870.50000000000011 41.500000000000007 210.50000000000003 6.5000000000000009 3540.5000000000005 1332.5000000000002 32.500000000000007 992.50000000000011 90.500000000000014 34.500000000000007 462.50000000000006 12.500000000000002 1980.5000000000002 1482.5000000000002 306.50000000000006 2022.5000000000002 72.500000000000014 44.500000000000007 2.5000000000000004 48.500000000000007 26.500000000000004 552.50000000000011 1.5000000000000002 2.5000000000000004 2022.5000000000002 2.5000000000000004 3.5000000000000004 2022.5000000000002 2022.5000000000002 2022.5000000000002 1.0000000180025095e-35 6.4309346567411092 2.5000000000000004 2.5000000000000004 14.500000000000002 2023.5000000000002 1.5000000000000002 22.500000000000004 52.223320158102773 30.500000000000004 1.0000000180025095e-35 23.500000000000004 4160.5000000000009 61.500000000000007 30.500000000000004 2.5000000000000004 27.500000000000004 2.5000000000000004 1190.5000000000002 7.5000000000000009 2022.5000000000002 1.5000000000000002 32.500000000000007 47.500000000000007 420.50000000000006 21.500000000000004 2022.5000000000002 2022.5000000000002 10.500000000000002
decision_type=2 2 2 2 2 2 2 2 2 2 2 2 2 2 2 2 2 2 2 2 2 2 2 2 2 2 2 2 2 2 2 2 2 2 2 2 2 2 2 2 2 2 2 2 2 2 2 2 2 2 2 2 2 2 2 2 2 2 2 2 2 2
left_child=1 2 10 4 11 18 7 38 9 36 37 26 17 31 16 -16 51 28 -6 20 42 46 -21 24 40 -10 27 -4 30 56 -13 -14 -25 -34 -18 39 -5 -1 -3 -27 -19 -42 -20 50 -38 -9 47 55 -24 -23 -22 -12 -53 -31 -8 -2 57 58 59 -7 -54 -45
right_child=21 6 3 8 5 29 54 45 25 -11 14 12 13 -15 15 -17 34 23 19 22 43 49 48 32 -26 35 -28 -29 -30 53 -32 -33 33 -35 -36 -37 44 -39 -40 -41 41 -43 -44 61 -46 -47 -48 -49 -50 -51 -52 52 60 -55 -56 -57 -58 -59 -60 -61 -62 -63
leaf_value=0.37417081836536531 0.17529849835000672 0.20497334901262076 -0.050381751208883399 0.062685107283464617 0.15153945656297663 0.34538661057602554 -0.12350048153234612 -0.058172153322979217 -0.081560083903192582 -0.16120817090981124 0.45707641380674702 0.079109591880874464 0.18501931826894696 -0.071407434278292756 0.11458913367211132 -0.051064421006612071 0.2510749600332049 0.48581370075929514 0.37165126763690604 0.036682944998708659 0.081449735249791821 -0.19751198805112322 -0.0071066626955459764 0.16721093348108576 0.13479473334719055 -0.11762498027835278 0.36977390063870447 0.29608835125489064 0.35760497052323786 -0.038012522427756108 0.28160596346234756 0.080808364765220728 -0.22551444882498337 0.086424763971577584 0.14188964044989269 -0.24984958500576804 0.10912779032877865 0.21341962168350315 0.075457179631271812 -0.19352816520898139 -0.048626838748888027 0.32053541790230045 0.15779000042857944 -0.060625687865675362 -0.15865567123818541 -0.16862515830261496 -0.14518695403385493 -0.12931467305472558 -0.17242470014009811 -0.1135727686510864 -0.062365479711232588 0.45607346244886815 0.12674740540381721 -0.25228904992112605 -0.18071699439626218 -0.035674514331987928 -0.15876068046628686 -0.14562509459996933 -0.082524039119690931 0.0079104864683894206 0.31883744615535803 0.092368538514622026
leaf_weight=399 142 399 90 1726 1389 62 2665 427 926 1925 135 212 548 871 2962 605 409 102 109 1093 258 2649 204 759 1133 1232 364 132 330 80 262 1915 64 2036 3309 644 72 265 602 1562 52 272 361 137 166 970 617 328 304 582 397 101 168 558 1546 139 1604 1329 213 283 162 1779
leaf_count=399 142 399 90 1726 1389 62 2665 427 926 1925 135 212 548 871 2962 605 409 102 109 1093 258 2649 204 759 1133 1232 364 132 330 80 262 1915 64 2036 3309 644 72 265 602 1562 52 272 361 137 166 970 617 328 304 582 397 101 168 558 1546 139 1604 1329 213 283 162 1779
internal_value=6.70865e-05 0.0165182 0.0381185 0.00381929 0.0523389 -0.0136999 -0.101357 -0.0254847 -0.10965 -0.0567491 0.149099 0.125726 0.114496 0.058212 0.135415 0.0864847 0.176124 0.150411 0.0741139 0.0509175 0.0822914 -0.157432 -0.00868618 0.130415 0.184506 -0.156768 0.289204 0.156009 0.259988 -0.141953 0.191406 0.104062 0.100863 0.0768129 0.153966 -0.176993 0.0456631 0.310441 0.127241 -0.160115 0.316084 0.261304 0.208082 0.0592219 -0.077507 -0.134934 -0.091444 -0.0368382 -0.106191 -0.182433 -0.00567222 0.321142 0.277593 -0.22553 -0.144546 0.071164 -0.126617 -0.0992217 0.011352 0.0693958 0.22174 0.0814004
internal_weight=47136 42679 36070 27555 19302 10160 6609 2398 8253 3889 8515 9142 8556 3334 7851 3567 4284 5222 6031 4642 3041 4457 1601 4418 1559 4364 586 222 804 4129 474 2463 2859 2100 3718 3438 1964 664 1001 2794 426 324 470 2571 238 1397 1226 609 508 3231 655 566 431 638 4211 281 3491 1887 558 345 330 1916
internal_count=47136 42679 36070 27555 19302 10160 6609 2398 8253 3889 8515 9142 8556 3334 7851 3567 4284 5222 6031 4642 3041 4457 1601 4418 1559 4364 586 222 804 4129 474 2463 2859 2100 3718 3438 1964 664 1001 2794 426 324 470 2571 238 1397 1226 609 508 3231 655 566 431 638 4211 281 3491 1887 558 345 330 1916
is_linear=0
shrinkage=0.05


Tree=22
num_leaves=63
num_cat=0
split_feature=0 0 0 0 0 0 11 0 11 0 11 0 0 0 9 3 11 0 0 0 9 8 4 11 10 8 9 8 5 6 6 4 11 10 4 0 8 5 3 8 10 8 11 10 8 2 0 2 0 8 11 0 3 2 4 8 11 0 3 2 0 4
split_gain=594837 87887.4 67873 20604.2 13554.4 12199.3 8124.97 10289 6535.11 6376.91 3468.05 6117.49 2627.94 5752.77 2601.32 2609.3 2074.97 1466.04 2229.81 1361.99 1306.88 751.43 706.27 828.813 664.832 658.116 2383.44 620.937 618.298 541.775 502.827 486.157 481.631 1452.43 443.48 379.295 372.475 336.893 317.794 307.59 296.552 299.704 294.281 438.008 293.706 262.126 253.178 243.793 212.179 210.145 207.056 203.989 202.442 198.113 194.279 192.029 191.638 274.43 186.977 182.724 165.975 165.779
threshold=91.906897968634112 100.33765204161863 81.702686681457138 73.75223807119589 105.21585997946028 96.525003405553363 2022.5000000000002 83.45996261283635 2023.5000000000002 80.46523122516966 2023.5000000000002 101.66509006393967 82.498256809305289 83.45996261283635 4.5000000000000009 1.0000000180025095e-35 2022.5000000000002 88.279460480606971 85.395726527799056 85.395726527799056 59.500000000000007 1406.5000000000002 1.5000000000000002 2023.5000000000002 62.382075471698123 1190.5000000000002 34.500000000000007 506.50000000000006 1.0000000180025095e-35 11.500000000000002 5.5000000000000009 2.5000000000000004 2022.5000000000002 5.9411764705882364 2.5000000000000004 82.498256809305289 930.50000000000011 1.0000000180025095e-35 1.5000000000000002 600.50000000000011 22.611077297626295 2070.5000000000005 2023.5000000000002 5.9411764705882364 930.50000000000011 132.50000000000003 94.418460680367915 1190.5000000000002 77.543965397965493 380.50000000000006 2022.5000000000002 84.127543646855841 1.5000000000000002 90.500000000000014 2.5000000000000004 240.50000000000003 2022.5000000000002 76.707416796837762 1.5000000000000002 240.50000000000003 83.126967932187142 2.5000000000000004
decision_type=2 2 2 2 2 2 2 2 2 2 2 2 2 2 2 2 2 2 2 2 2 2 2 2 2 2 2 2 2 2 2 2 2 2 2 2 2 2 2 2 2 2 2 2 2 2 2 2 2 2 2 2 2 2 2 2 2 2 2 2 2 2
left_child=2 5 3 -1 10 27 12 35 9 14 11 55 36 44 15 -5 53 18 25 -15 30 29 -18 38 42 34 -27 -2 -25 56 -10 -30 33 -29 51 -8 -4 -20 -24 54 41 -37 -7 -44 45 -14 -34 -32 -23 58 -31 -9 -39 -6 -12 -3 -16 -58 -13 -26 -43 -11
right_child=1 4 6 8 16 24 7 17 20 61 39 49 13 19 21 -17 22 -19 37 -21 -22 48 23 28 59 26 -28 32 31 50 47 -33 46 -35 -36 40 -38 52 -40 -41 -42 60 43 -45 -46 -47 -48 -49 -50 -51 -52 -53 -54 -55 -56 -57 57 -59 -60 -61 -62 -63
leaf_value=-0.34085342130583274 0.067135761094800517 0.53505397621068096 -0.13466846776025704 0.27989600358185945 0.47323925384014931 0.2210303800601251 -0.12769448653757254 -0.10839110766575069 -0.0056082687085406667 -0.33249863803230245 0.22165207952633079 0.19101526238585032 0.020671001273026401 -0.024922306927908131 -0.21913392380664223 -0.13602091070733965 0.44072576802003316 0.0023535161771852634 -0.084640149315197824 -0.10205230904708354 -0.19523157152726697 -0.19446205807867825 0.44597283105639846 0.44668163180351261 0.15145645704631502 -0.032822045869774934 0.27392302831239773 0.33886205442098749 0.35736992544102891 -0.18214382472215773 -0.095152772145688735 0.26915552557793815 0.074142235638098478 0.11015829453866716 -0.043742024870132637 -0.017806848647919569 -0.055258849355375533 -0.10464505533372231 0.38745987663783676 0.27092872230211895 -0.1671371143526422 -0.12376205062143247 0.31706341005635985 0.18324444372885146 0.11659292541053586 0.093713736716583118 0.10837081423243917 -0.14427813238284867 -0.16159358849203348 0.31307168089801618 -0.21901165294440156 -0.039160227052313146 -0.1484187225298956 0.54334741583307289 0.26544438777642959 0.66825597905276113 -0.22004691436192761 -0.27737993751528967 0.28039368269840875 0.18402640738844003 -0.17771098771580943 -0.4012645957702981
leaf_weight=3311 2746 219 522 53 368 1453 1164 569 137 761 880 92 210 2412 645 124 894 883 696 750 431 1546 543 155 1034 1564 65 73 641 841 1213 232 1652 1209 1030 54 209 486 592 1439 3264 488 65 1515 552 298 817 326 791 439 805 133 623 261 417 56 364 617 239 821 215 132
leaf_count=3311 2746 219 522 53 368 1453 1164 569 137 761 880 92 210 2412 645 124 894 883 696 750 431 1546 543 155 1034 1564 65 73 641 841 1213 232 1652 1209 1030 54 209 486 592 1439 3264 488 65 1515 552 298 817 326 791 439 805 133 623 261 417 56 364 617 239 821 215 132
internal_value=6.76033e-05 0.217624 -0.144942 -0.234535 0.350922 0.130175 -0.0779753 -0.101495 -0.194434 -0.218662 0.284246 0.361982 -0.0246179 -0.00945085 -0.199399 -0.0105799 0.419221 -0.0571777 -0.0673525 -0.043245 -0.117563 -0.205353 0.40179 0.385499 0.189845 -0.0432558 -0.0204188 0.0852591 0.35164 -0.220961 -0.0974826 0.334267 0.0985039 0.123439 -0.0647077 -0.153176 -0.112078 -0.11217 0.415826 0.254431 -0.160518 -0.131787 0.204388 0.18895 0.0912987 0.0636287 0.0855099 -0.105649 -0.183413 0.289002 -0.2003 -0.0953562 -0.129352 0.503154 0.235929 0.56452 -0.241738 -0.256357 0.256217 0.165966 -0.140497 -0.343106
internal_weight=47136 18852 28284 12097 7467 11385 16187 11234 8786 6679 3781 1045 4953 4222 5786 177 3686 6049 5166 3162 2107 5609 3057 2163 4888 3361 1629 6497 1028 3272 1676 873 3751 1282 1732 5185 731 1805 1135 2736 4021 757 3033 1580 1060 508 2469 1539 2337 770 1646 702 1109 629 1297 275 1626 981 331 1855 703 893
internal_count=47136 18852 28284 12097 7467 11385 16187 11234 8786 6679 3781 1045 4953 4222 5786 177 3686 6049 5166 3162 2107 5609 3057 2163 4888 3361 1629 6497 1028 3272 1676 873 3751 1282 1732 5185 731 1805 1135 2736 4021 757 3033 1580 1060 508 2469 1539 2337 770 1646 702 1109 629 1297 275 1626 981 331 1855 703 893
is_linear=0
shrinkage=0.05


Tree=23
num_leaves=63
num_cat=0
split_feature=0 0 0 0 0 0 11 0 11 0 11 0 0 0 9 0 11 0 0 0 9 7 4 11 10 9 4 7 5 4 11 10 4 0 0 7 0 11 1 5 0 7 4 7 11 10 0 1 1 9 7 1 11 0 7 4 7 4 1 0 7 1
split_gain=536928 79343.7 61262.6 18592.7 12234.6 11011 7333.44 9286.54 5898.51 5757.62 3134.93 5528.06 2372.42 5192.97 2349.07 2378.67 1874.27 1323.24 2013.02 1229.4 1179.82 687.608 636.792 747.503 600.493 595.465 3465.01 560.659 559.144 438.341 434.991 1313.51 429.134 367.693 351.531 340.096 328.746 331.934 318.741 304.105 302.986 277.375 267.606 316.925 260.015 396.772 228.539 221.38 219.46 194.376 189.294 184.537 181.389 176.855 182.714 175.469 175.238 165.735 162.136 153.7 161.418 193.055
threshold=91.906897968634112 100.33765204161863 81.702686681457138 73.75223807119589 105.21585997946028 96.525003405553363 2022.5000000000002 83.45996261283635 2023.5000000000002 80.46523122516966 2023.5000000000002 101.66509006393967 82.498256809305289 83.45996261283635 4.5000000000000009 77.543965397965493 2022.5000000000002 88.279460480606971 85.395726527799056 85.395726527799056 59.500000000000007 30.500000000000004 1.5000000000000002 2023.5000000000002 62.880184331797238 37.500000000000007 2.5000000000000004 22.500000000000004 1.0000000180025095e-35 2.5000000000000004 2022.5000000000002 5.9411764705882364 2.5000000000000004 77.543965397965493 83.126967932187142 40.500000000000007 76.707416796837762 2022.5000000000002 26.500000000000004 1.0000000180025095e-35 77.543965397965493 24.500000000000004 3.5000000000000004 9.5000000000000018 2023.5000000000002 5.9411764705882364 94.418460680367915 2.5000000000000004 3.5000000000000004 23.500000000000004 19.500000000000004 7.5000000000000009 2022.5000000000002 84.127543646855841 41.500000000000007 2.5000000000000004 15.500000000000002 1.5000000000000002 15.500000000000002 82.498256809305289 51.500000000000007 11.500000000000002
decision_type=2 2 2 2 2 2 2 2 2 2 2 2 2 2 2 2 2 2 2 2 2 2 2 2 2 2 2 2 2 2 2 2 2 2 2 2 2 2 2 2 2 2 2 2 2 2 2 2 2 2 2 2 2 2 2 2 2 2 2 2 2 2
left_child=2 5 3 -1 10 27 12 34 9 14 11 56 35 42 15 -5 51 18 25 -15 38 33 -18 49 44 26 53 -2 -25 -30 31 -29 -27 36 59 -4 -16 -38 48 -20 -23 55 -14 -44 -7 -46 -32 -36 -10 -24 -13 -6 -35 54 -9 -12 -3 -33 -26 -8 61 -61
right_child=1 4 6 8 16 24 7 17 20 -11 41 50 13 19 21 -17 22 -19 39 -21 -22 40 23 28 58 32 -28 30 29 -31 46 57 -34 52 47 -37 37 -39 -40 -41 -42 -43 43 -45 45 -47 -48 -49 -50 -51 -52 -53 -54 -55 -56 -57 -58 -59 -60 60 -62 -63
leaf_value=-0.3238158971812703 0.06378019518519927 0.50842288578640338 -0.11629798505852035 0.24996008016295354 0.43820171246022888 0.20960191457551974 -0.12131524198263777 -0.095410075402621072 0.0077118153862344718 -0.32599242797100569 0.21058205474519026 0.24347749171486824 0.099420198630332413 -0.02367670798758402 -0.20421706775645698 -0.13778558106844624 0.41871409876519738 0.0022359734190453046 -0.080414213665161119 -0.096956487899725552 -0.18549259008480301 -0.18998622313002833 0.42917172913965973 0.42449072397672216 0.14370852790145958 -0.093629868412179337 0.34363736258494476 0.32214792880103799 0.33952926407721923 0.25575550772089817 0.070437366309381647 0.12349849056594929 -0.04164330689322962 -0.1620196445775621 -0.062955897233828356 0.011645137258527572 -0.21096638305187226 -0.27632298952774986 -0.12386666997079401 -0.12289577184041947 -0.15561783924586847 0.25739169483466279 0.085048688886630724 -0.038816274519352358 0.30145043174877312 0.17408826445605319 0.10295889712025329 -0.16859050645272711 -0.082936528783491323 0.37823245509238174 0.29745367642424325 0.50544623684168521 -0.20835243617012389 -0.013342354432056391 -0.037728035964908514 0.25220392110672868 0.63542938433195417 0.085971151330200016 0.17453342422733681 -0.17090604200640466 -0.11758660406402766 -0.13762783148080313
leaf_weight=3311 2746 219 675 58 263 1470 1164 164 71 893 880 331 845 2412 778 119 894 883 696 750 431 2036 367 155 1021 661 62 73 641 232 1652 599 1001 404 53 56 349 521 551 1109 997 1439 131 84 65 1515 817 1555 1054 768 439 366 524 627 846 417 56 610 817 747 488 1178
leaf_count=3311 2746 219 675 58 263 1470 1164 164 71 893 880 331 845 2412 778 119 894 883 696 750 431 2036 367 155 1021 661 62 73 641 232 1652 599 1001 404 53 56 349 521 551 1109 997 1439 131 84 65 1515 817 1555 1054 768 439 366 524 627 846 417 56 610 817 747 488 1178
internal_value=6.85032e-05 0.206764 -0.137701 -0.22282 0.333418 0.123674 -0.0740797 -0.0964249 -0.184727 -0.207745 0.27007 0.343979 -0.0233878 -0.00897696 -0.18944 -0.0100091 0.398306 -0.0543213 -0.0639879 -0.0410848 -0.111696 -0.195099 0.38174 0.366269 0.180363 -0.0410924 -0.0202548 0.0810017 0.33411 0.31759 0.0935874 0.117285 -0.0623659 -0.214275 -0.145523 -0.106487 -0.228729 -0.250383 -0.0926161 -0.106571 -0.178745 0.241724 0.0867451 0.0366761 0.194083 0.179518 0.0812382 -0.165153 -0.0772094 0.395071 0.274603 0.478078 -0.188383 -0.0342413 -0.0471843 0.224152 0.536513 0.104655 0.157501 -0.136654 -0.143998 -0.150626
internal_weight=47136 18852 28284 12097 7467 11385 16187 11234 8786 6679 3781 1045 4953 4222 5786 177 3686 6049 5166 3162 2107 5609 3057 2163 4888 3361 1699 6497 1028 873 3751 1282 1662 2576 5185 731 1648 870 1676 1805 3033 2736 1060 215 3050 1580 2469 1608 1125 1135 770 629 928 1637 1010 1297 275 1209 1838 3577 2413 1925
internal_count=47136 18852 28284 12097 7467 11385 16187 11234 8786 6679 3781 1045 4953 4222 5786 177 3686 6049 5166 3162 2107 5609 3057 2163 4888 3361 1699 6497 1028 873 3751 1282 1662 2576 5185 731 1648 870 1676 1805 3033 2736 1060 215 3050 1580 2469 1608 1125 1135 770 629 928 1637 1010 1297 275 1209 1838 3577 2413 1925
is_linear=0
shrinkage=0.05


Tree=24
num_leaves=63
num_cat=0
split_feature=0 0 0 0 0 0 11 0 11 0 11 0 0 0 10 7 11 0 0 0 10 6 4 11 7 10 10 7 0 4 11 10 1 4 11 11 0 10 0 3 7 7 7 11 10 0 1 0 0 11 1 0 6 7 6 1 6 10 7 0 3 4
split_gain=484655 71629.1 55294.6 16778.2 11043.7 9938.34 6619.09 8382.33 5323.74 5196.75 2833.21 4995.98 2141.44 4687.34 1865.65 2582.54 1692.9 1194.3 1817.12 1109.71 652.709 580.739 574.134 674.183 553.996 2107.15 542.391 506.284 487.347 475.407 392.966 1187.83 366.099 352.707 343.686 329.635 492.39 321.198 317.216 290.363 287.174 251.385 250.584 239.674 359.414 227.908 224.461 206.297 200.413 256.317 199.541 180.312 179.971 170.756 215.151 168.959 162.206 160.72 159.899 158.496 155.287 155.104
threshold=91.906897968634112 100.33765204161863 81.702686681457138 73.75223807119589 105.21585997946028 96.525003405553363 2022.5000000000002 83.45996261283635 2023.5000000000002 80.46523122516966 2023.5000000000002 101.66509006393967 82.498256809305289 83.45996261283635 8.3920187793427239 65.500000000000014 2022.5000000000002 88.279460480606971 85.395726527799056 85.395726527799056 69.122426868905748 3.5000000000000004 1.5000000000000002 2023.5000000000002 34.500000000000007 49.164578111946533 62.382075471698123 22.500000000000004 80.46523122516966 2.5000000000000004 2022.5000000000002 5.9411764705882364 14.500000000000002 2.5000000000000004 2022.5000000000002 2022.5000000000002 77.543965397965493 52.223320158102773 83.126967932187142 1.5000000000000002 48.500000000000007 30.500000000000004 29.500000000000004 2023.5000000000002 5.9411764705882364 77.543965397965493 15.500000000000002 94.418460680367915 76.707416796837762 2022.5000000000002 2.5000000000000004 84.127543646855841 16.500000000000004 19.500000000000004 21.500000000000004 9.5000000000000018 25.500000000000004 21.498599439775916 15.500000000000002 78.310579063613147 1.0000000180025095e-35 2.5000000000000004
decision_type=2 2 2 2 2 2 2 2 2 2 2 2 2 2 2 2 2 2 2 2 2 2 2 2 2 2 2 2 2 2 2 2 2 2 2 2 2 2 2 2 2 2 2 2 2 2 2 2 2 2 2 2 2 2 2 2 2 2 2 2 2 2
left_child=2 5 3 -1 10 27 12 38 9 14 11 58 37 41 15 -5 55 18 24 -15 32 40 -18 39 33 -26 43 -2 -22 -25 31 -29 59 51 45 36 -17 -4 56 -24 48 46 -12 -7 -45 -23 -14 -32 -16 -50 -40 -9 -30 54 -13 -6 57 -8 -3 -10 -21 -11
right_child=1 4 6 8 16 26 7 17 20 61 42 53 13 19 21 35 22 -19 -20 60 28 34 23 29 25 -27 -28 30 52 -31 47 -33 -34 -35 -36 -37 -38 -39 50 -41 -42 -43 -44 44 -46 -47 -48 -49 49 -51 -52 -53 -54 -55 -56 -57 -58 -59 -60 -61 -62 -63
leaf_value=-0.30762999050967077 0.060592346240131378 0.48311729233915157 -0.048427762143179981 0.22313510511471676 0.42683397533447764 0.1995135725136882 -0.11596360175446732 -0.098304968460577374 0.034620008952199265 -0.29961729294671785 0.21491283741309528 0.17950129253775984 0.032226682191407251 -0.022493363222292992 -0.19847556259593555 -0.29174029154855696 0.39780178671575794 0.0021243010350483586 -0.10124863144669348 -0.13824381706598621 -0.16594887544801509 -0.1757949964796513 0.40390662129310995 0.33730138879815225 -0.029747629024047841 0.25866997645659878 0.14978630637080642 0.30625819629599416 0.0024648194077114267 0.25490242555500975 0.066917628667446077 0.099431047409137885 -0.10354797618156367 -0.040018758600808967 -0.19224906826455418 -0.065039369666830035 -0.087748243251784916 -0.12214413825899761 -0.059866398388036979 0.34851825208326215 -0.17510768791363726 0.10581180007319063 0.24655189473358241 0.28660628687364581 0.16538959364030795 -0.14088658844753779 0.10196106174076236 0.097817245945778467 -0.19219790441783394 -0.25531469647846528 -0.16016639857569703 -0.033259305419650546 -0.10322636919455175 0.28261479363116354 0.26549141801968973 0.49110788414496503 -0.11274548312575416 -0.14468460209438277 0.60421530731937345 -0.058331485968683955 -0.080555763300848057 -0.36517515268540923
leaf_weight=3311 2746 219 209 64 368 1453 708 569 51 761 1469 134 330 2412 741 60 894 883 1805 148 578 1041 543 777 1564 65 1855 73 53 251 1652 1209 857 1030 1434 93 60 522 53 592 551 552 1267 65 1515 923 178 817 253 566 1555 133 165 439 197 261 1035 1834 56 403 602 132
leaf_count=3311 2746 219 209 64 368 1453 708 569 51 761 1469 134 330 2412 741 60 894 883 1805 148 578 1041 543 777 1564 65 1855 73 53 251 1652 1209 857 1030 1434 93 60 522 53 592 551 552 1267 65 1515 923 178 817 253 566 1555 133 165 439 197 261 1035 1834 56 403 602 132
internal_value=6.9373e-05 0.196446 -0.130822 -0.211689 0.316785 0.117498 -0.070379 -0.091608 -0.175502 -0.19737 0.256599 0.326861 -0.0222193 -0.00852781 -0.17998 -0.0531069 0.378434 -0.0516066 -0.0607902 -0.0390325 -0.10612 -0.186348 0.36269 0.347998 -0.0390371 -0.0180846 0.171356 0.0769577 -0.141891 0.317455 0.0889176 0.111442 -0.0843063 -0.0587189 -0.173358 -0.136787 -0.191354 -0.10117 -0.138255 0.375353 -0.207161 0.0824147 0.229651 0.184492 0.170558 -0.159472 0.0568233 0.0771799 -0.21836 -0.236081 -0.156903 -0.0860535 -0.0776141 0.260909 0.23134 0.454249 -0.129829 -0.136736 0.509895 -0.0478257 -0.0921151 -0.309711
internal_weight=47136 18852 28284 12097 7467 11385 16187 11234 8786 6679 3781 1045 4953 4222 5786 277 3686 6049 5166 3162 2107 5509 3057 2163 3361 1629 4888 6497 796 1028 3751 1282 1311 1732 3398 213 120 731 5185 1135 2111 1060 2736 3033 1580 1964 508 2469 1560 819 1608 702 218 770 331 629 3577 2542 275 454 750 893
internal_count=47136 18852 28284 12097 7467 11385 16187 11234 8786 6679 3781 1045 4953 4222 5786 277 3686 6049 5166 3162 2107 5509 3057 2163 3361 1629 4888 6497 796 1028 3751 1282 1311 1732 3398 213 120 731 5185 1135 2111 1060 2736 3033 1580 1964 508 2469 1560 819 1608 702 218 770 331 629 3577 2542 275 454 750 893
is_linear=0
shrinkage=0.05


Tree=25
num_leaves=63
num_cat=0
split_feature=9 7 9 7 9 7 9 7 9 7 7 7 9 7 9 7 7 11 7 7 9 7 11 9 9 7 9 4 11 11 9 4 10 7 4 11 2 2 4 11 6 4 7 9 2 4 11 7 7 11 2 4 3 7 2 11 4 11 4 11 7 9
split_gain=33029.1 29192.8 36136.4 41003.9 25156.4 27552.3 7058.75 13864.2 5607.4 9228.43 4898.94 4800.83 4936.68 5156.36 3872.94 4043.34 3466.45 3258.17 3192.33 2601.82 2520.58 5551.66 2958.7 2500.94 1841.13 2074.84 1812.72 1810.68 2135.78 1684.85 1622.2 1551.77 4929.23 1454.59 1424.92 1591.84 1358.6 1239.75 1814.05 1222.12 2297.63 1178.02 1350.38 2640.03 1078.45 1023.16 1022.77 1062 1012.09 976.189 971.63 1080.82 1014.66 942.879 914.596 906.378 895.139 893.477 874.705 873.964 838.489 2461.36
threshold=55.500000000000007 50.500000000000007 20.500000000000004 28.500000000000004 42.500000000000007 15.500000000000002 28.500000000000004 41.500000000000007 5.5000000000000009 60.500000000000007 30.500000000000004 8.5000000000000018 35.500000000000007 20.500000000000004 13.500000000000002 36.500000000000007 43.500000000000007 2022.5000000000002 16.500000000000004 7.5000000000000009 59.500000000000007 3.5000000000000004 2022.5000000000002 23.500000000000004 7.5000000000000009 39.500000000000007 49.500000000000007 2.5000000000000004 2022.5000000000002 2022.5000000000002 45.500000000000007 1.5000000000000002 7.7677224736048265 23.500000000000004 2.5000000000000004 2022.5000000000002 870.50000000000011 462.50000000000006 2.5000000000000004 2022.5000000000002 2.5000000000000004 1.5000000000000002 56.500000000000007 11.500000000000002 240.50000000000003 3.5000000000000004 2022.5000000000002 39.500000000000007 43.500000000000007 2023.5000000000002 506.50000000000006 3.5000000000000004 1.5000000000000002 25.500000000000004 462.50000000000006 2023.5000000000002 2.5000000000000004 2023.5000000000002 2.5000000000000004 2023.5000000000002 35.500000000000007 36.500000000000007
decision_type=2 2 2 2 2 2 2 2 2 2 2 2 2 2 2 2 2 2 2 2 2 2 2 2 2 2 2 2 2 2 2 2 2 2 2 2 2 2 2 2 2 2 2 2 2 2 2 2 2 2 2 2 2 2 2 2 2 2 2 2 2 2
left_child=1 2 10 4 11 17 7 39 9 49 44 27 18 29 15 -12 -16 50 34 30 21 22 -2 33 25 -17 -21 28 -4 -14 -19 -27 -33 -20 35 -13 -22 -25 -39 -5 -41 42 43 -10 -1 -7 47 -26 59 -3 51 -6 -52 -35 -23 -43 -9 -24 -28 -48 61 -8
right_child=20 8 3 6 5 45 60 56 41 -11 14 12 13 -15 16 24 -18 19 23 26 36 54 57 37 46 31 58 -29 -30 -31 -32 32 -34 53 -36 -37 -38 38 -40 40 -42 55 -44 -45 -46 -47 48 -49 -50 -51 52 -53 -54 -55 -56 -57 -58 -59 -60 -61 -62 -63
leaf_value=0.31283510893184163 0.3383603416198922 0.17413901799908876 -0.040864914714167005 0.10610589503992832 0.19883571733892566 -0.11445466392445601 -0.046411800111781948 -0.11856746166257198 0.044570809261956591 -0.10937993832573106 0.29707435568906465 0.050872916365463532 0.16562646179832136 -0.055234297704626546 0.09486006553495574 0.32934415926878485 -0.038976138450647471 0.15658729567605217 0.33399138174337506 0.020360303319109704 -0.16708561975468428 -0.15585752130330432 -0.11175771650254401 0.11173854402978756 0.01267162023215658 0.13093378996751451 -0.010254941939217289 0.3112361189162699 0.26371981782572612 0.063821084072426593 0.04956174110038998 0.64124405064329038 0.1073803480338692 -0.0071036400564321103 0.29169284157517228 0.2411805015897199 -0.096422644674978603 0.073705396293033229 -0.12554649064289122 -0.18280930300925191 0.037565394590240685 -0.17355718850867019 -0.12242625466165886 -0.10478434914068202 0.13049540314190791 -0.18992167993742734 0.074477256005647571 0.18643725286486124 0.04448532909103968 0.066129828871598878 -0.046873325967783298 0.07702137841289991 0.11672506188174195 0.19754247207485606 -0.068684851591624463 -0.094504967701974973 -0.21307660667731387 0.081403857322968537 -0.14408641602196656 0.17149414521712436 -0.15382356515203388 -0.15007500718913788
leaf_weight=391 96 356 101 571 546 2779 944 1914 441 1056 382 198 515 889 2614 173 593 430 169 1339 2382 741 90 3031 107 1559 204 366 132 1930 1997 63 135 72 358 248 960 850 131 126 1722 1054 1736 895 105 539 526 498 950 511 137 276 303 255 511 560 290 174 304 419 1932 1460
leaf_count=391 96 356 101 571 546 2779 944 1914 441 1056 382 198 515 889 2614 173 593 430 169 1339 2382 741 90 3031 107 1559 204 366 132 1930 1997 63 135 72 358 248 960 850 131 126 1722 1054 1736 895 105 539 526 498 950 511 137 276 303 255 511 560 290 174 304 419 1932 1460
internal_value=6.86985e-05 0.0144133 0.0323426 0.00407097 0.0473755 -0.0128594 -0.083408 -0.0404111 -0.0820809 -0.0101759 0.122169 0.105059 0.0955519 0.0478391 0.112708 0.141079 0.0701067 0.055422 0.125483 0.0345609 -0.122049 -0.0706238 0.102207 0.109066 0.127562 0.164278 -0.0101547 0.241884 0.132058 0.0853257 0.0685826 0.147844 0.27964 0.214951 0.217274 0.157008 -0.146824 0.0959239 0.046992 0.0422318 0.0224464 -0.111579 -0.0933423 -0.0554835 0.274585 -0.126769 0.0991617 0.155785 0.0810088 0.110635 0.125985 0.158084 0.0657844 0.152583 -0.120365 -0.146208 -0.131096 0.0153612 -0.0904786 0.117634 -0.12923 -0.109407
internal_weight=47136 42182 35573 27058 18099 8854 8959 4623 6609 1923 8515 9245 8646 3334 8019 4812 3207 5536 5312 4274 4954 1612 360 4508 4430 1930 1847 599 233 2445 2427 1757 198 496 804 446 3342 4012 981 2419 1848 4686 3072 1336 496 3318 2500 605 1895 867 1262 822 440 327 1252 1614 2204 264 508 945 4336 2404
internal_count=47136 42182 35573 27058 18099 8854 8959 4623 6609 1923 8515 9245 8646 3334 8019 4812 3207 5536 5312 4274 4954 1612 360 4508 4430 1930 1847 599 233 2445 2427 1757 198 496 804 446 3342 4012 981 2419 1848 4686 3072 1336 496 3318 2500 605 1895 867 1262 822 440 327 1252 1614 2204 264 508 945 4336 2404
is_linear=0
shrinkage=0.05


Tree=26
num_leaves=63
num_cat=0
split_feature=9 7 9 7 9 7 9 7 9 7 7 7 9 7 9 10 9 7 7 11 7 7 9 11 9 9 7 4 11 11 11 9 4 10 7 4 11 2 2 2 7 6 2 4 11 3 3 7 4 4 2 11 7 7 7 2 4 2 7 4 4 4
split_gain=29853.3 27399.6 31104.6 39710 19440.8 23539.9 6370.53 12513.5 5076.77 9569.61 4423.11 4335.01 4456.37 4654.17 3789.73 9343.47 3497.43 3649.96 3131.66 3013.78 2882.76 2288.13 2259.16 2223.96 1701.55 1662.75 1874.02 1634 1929.16 1559.13 1521.02 1404.53 1404.13 4456.69 1313.8 1286.1 1437.18 1226.05 1218.21 1185.41 1179.85 1195.16 1119.03 1638.08 1070.77 1279.78 1063.9 1055.63 1595.85 1007.01 972.992 923.261 958.577 913.681 909.593 905.532 866.943 852.884 851.358 818.003 808.446 799.868
threshold=53.500000000000007 50.500000000000007 20.500000000000004 28.500000000000004 42.500000000000007 16.500000000000004 28.500000000000004 41.500000000000007 6.5000000000000009 59.500000000000007 30.500000000000004 8.5000000000000018 35.500000000000007 20.500000000000004 59.500000000000007 90.168461750897563 13.500000000000002 36.500000000000007 42.500000000000007 2022.5000000000002 16.500000000000004 6.5000000000000009 23.500000000000004 2022.5000000000002 45.500000000000007 7.5000000000000009 39.500000000000007 2.5000000000000004 2022.5000000000002 2023.5000000000002 2022.5000000000002 49.500000000000007 1.5000000000000002 7.7677224736048265 23.500000000000004 2.5000000000000004 2022.5000000000002 870.50000000000011 702.50000000000011 420.50000000000006 35.500000000000007 13.500000000000002 462.50000000000006 2.5000000000000004 2022.5000000000002 1.0000000180025095e-35 1.0000000180025095e-35 5.5000000000000009 2.5000000000000004 2.5000000000000004 240.50000000000003 2022.5000000000002 39.500000000000007 43.500000000000007 64.500000000000014 420.50000000000006 2.5000000000000004 306.50000000000006 25.500000000000004 1.5000000000000002 2.5000000000000004 2.5000000000000004
decision_type=2 2 2 2 2 2 2 2 2 2 2 2 2 2 2 2 2 2 2 2 2 2 2 2 2 2 2 2 2 2 2 2 2 2 2 2 2 2 2 2 2 2 2 2 2 2 2 2 2 2 2 2 2 2 2 2 2 2 2 2 2 2
left_child=1 2 10 4 11 19 7 40 9 46 50 27 20 30 15 55 17 -12 -18 39 35 24 34 38 -21 26 -19 28 -4 49 -14 -23 -28 -34 -22 36 -13 -16 57 47 44 -42 -24 -44 -5 -46 -3 -6 -49 -25 -1 52 -27 -53 -11 -2 -33 -17 -36 -8 -9 -10
right_child=14 8 3 6 5 -7 59 60 61 54 16 12 13 -15 37 23 18 25 -20 21 22 31 42 29 -26 51 32 -29 -30 -31 -32 56 33 -35 58 -37 -38 -39 -40 -41 41 -43 43 -45 45 -47 -48 48 -50 -51 -52 53 -54 -55 -56 -57 -58 -59 -60 -61 -62 -63
leaf_value=0.29723325588388788 -0.15777492595316794 0.18749106376498936 -0.038841700758237174 0.13450782298780325 0.089700816790153445 -0.12181175824900835 -0.046271823013814321 -0.11264218442154106 -0.10465355681254951 -0.043450798391985762 0.28225942077152871 0.048342053196650359 0.15736118741654759 -0.052475685791243287 -0.15873484436739932 0.14161995064710145 0.094390193451175705 0.31297159856763385 -0.021197181680080494 0.19088032293742507 0.31739004503979407 0.025305465574145192 0.10615345921877375 0.0087400224534351211 0.057979010535767685 0.012043905829734823 0.12439129770228877 0.29571671569867097 0.25063296615559244 0.060586007087772613 0.060631682911516639 0.011364595255510389 0.60968281002831648 0.10205080902450443 -0.0067533240753085647 0.27714882620882691 0.22916990391317366 -0.091606529146807447 0.01216485137740771 0.06666311325086173 -0.086629247616636484 0.043159395411766589 0.070024456216857392 -0.11931672226694046 -0.18679810496710114 0.051571827968081324 0.068211821520028235 0.36658180932507262 0.15553518960088242 -0.23666786020710356 0.12403218366390199 0.11176585623120064 0.1771340730086432 0.042263402785943309 -0.13117265259983243 -0.082446326218776469 -0.1237169986931306 0.35535224754031347 0.18770393161132234 -0.12895677939359326 -0.2024593881868415 -0.18612243153947466
leaf_weight=391 1067 249 101 398 243 2850 325 1914 3883 427 382 198 515 889 2382 91 2436 173 771 288 169 1607 3031 83 1459 107 1559 366 132 529 1930 195 63 135 72 358 248 960 71 430 314 405 850 131 58 1244 752 130 294 83 105 945 498 950 970 644 302 100 255 4011 290 328
leaf_count=391 1067 249 101 398 243 2850 325 1914 3883 427 382 198 515 889 2382 91 2436 173 771 288 169 1607 3031 83 1459 107 1559 366 132 529 1930 195 63 135 72 358 248 960 71 430 314 405 850 131 58 1244 752 130 294 83 105 945 498 950 970 644 302 100 255 4011 290 328
internal_value=6.87787e-05 0.015281 0.0331395 0.00597634 0.0507753 -0.00737021 -0.0792417 -0.0383946 -0.0779793 -0.0198934 0.116076 0.099816 0.0907822 0.0454497 -0.104012 -0.0595378 0.107086 0.134046 0.0666021 0.0585573 0.11922 0.0377093 0.103619 0.0655273 0.0799879 0.121204 0.156096 0.229834 0.125501 0.0186274 0.0810642 0.00258071 0.140477 0.265847 0.204257 0.206447 0.149191 -0.139487 0.189374 0.131638 0.0401194 -0.0135562 0.0911284 0.0446395 0.0628186 0.0408142 0.0980452 0.173356 0.220965 -0.114616 0.260901 0.0942138 0.148013 0.0769662 -0.104414 -0.12949 -0.0707907 0.254816 0.144982 -0.122772 -0.124549 -0.111043
internal_weight=47136 41126 34517 26002 17043 7798 8959 4623 6609 2398 8515 9245 8646 3334 6010 2668 8019 4812 3207 4948 5312 3851 4508 957 1747 4430 1930 599 233 695 2445 2104 1757 198 496 804 446 3342 262 1097 2419 719 4012 981 1700 1302 1001 667 424 166 496 2500 605 1895 1397 1711 497 191 327 4336 2204 4211
internal_count=47136 41126 34517 26002 17043 7798 8959 4623 6609 2398 8515 9245 8646 3334 6010 2668 8019 4812 3207 4948 5312 3851 4508 957 1747 4430 1930 599 233 695 2445 2104 1757 198 496 804 446 3342 262 1097 2419 719 4012 981 1700 1302 1001 667 424 166 496 2500 605 1895 1397 1711 497 191 327 4336 2204 4211
is_linear=0
shrinkage=0.05


Tree=27
num_leaves=63
num_cat=0
split_feature=0 0 0 0 0 0 11 0 11 0 0 0 0 9 0 11 0 0 0 11 9 0 7 0 11 7 9 10 6 7 11 9 11 11 10 5 1 7 0 0 0 1 7 7 7 0 7 7 11 10 6 7 6 6 6 1 9 1 5 7 0 7
split_gain=386067 62270.8 44574.8 14458.3 8668.34 7931.66 6564.15 7487.51 4177.85 4660.44 2465.25 3011.96 2692.7 1888.8 2005.42 1880.22 4141.16 1257.68 2499.42 1235.28 799.794 689.355 598.288 597.724 2401.52 483.451 1874.99 427.114 421.572 374.696 323.774 284.961 278.472 277.682 966.95 271.262 261.033 254.224 245.997 478.738 228.464 217.647 207.723 263.09 451.738 202.258 193.771 192.719 190.325 290.323 179.643 179.074 210.212 176.348 176.324 170.148 164.101 158.661 153.98 153.808 145.09 156.854
threshold=91.906897968634112 100.33765204161863 81.702686681457138 73.75223807119589 96.525003405553363 105.21585997946028 2022.5000000000002 83.45996261283635 2023.5000000000002 80.46523122516966 85.395726527799056 82.498256809305289 83.45996261283635 4.5000000000000009 77.543965397965493 2023.5000000000002 101.66509006393967 85.395726527799056 88.279460480606971 2022.5000000000002 59.500000000000007 83.126967932187142 30.500000000000004 110.31862351031204 2023.5000000000002 34.500000000000007 34.500000000000007 62.382075471698123 5.5000000000000009 22.500000000000004 2022.5000000000002 22.500000000000004 2023.5000000000002 2022.5000000000002 5.9411764705882364 1.0000000180025095e-35 7.5000000000000009 39.500000000000007 76.707416796837762 77.543965397965493 77.543965397965493 12.500000000000002 30.500000000000004 8.5000000000000018 14.500000000000002 84.127543646855841 29.500000000000004 21.500000000000004 2023.5000000000002 5.9411764705882364 16.500000000000004 20.500000000000004 26.500000000000004 13.500000000000002 35.500000000000007 2.5000000000000004 43.500000000000007 9.5000000000000018 1.0000000180025095e-35 16.500000000000004 84.127543646855841 5.5000000000000009
decision_type=2 2 2 2 2 2 2 2 2 2 2 2 2 2 2 2 2 2 2 2 2 2 2 2 2 2 2 2 2 2 2 2 2 2 2 2 2 2 2 2 2 2 2 2 2 2 2 2 2 2 2 2 2 2 2 2 2 2 2 2 2 2
left_child=2 4 3 -1 29 15 10 21 9 13 11 31 42 14 -5 16 36 25 35 41 28 -8 30 32 47 45 -27 48 -10 -2 54 -4 -21 34 -31 -19 -3 -26 -32 -40 -24 59 43 -13 -45 -9 -17 -25 -6 -50 -47 52 -18 -12 -15 -23 -30 -29 -34 -7 -14 -62
right_child=1 5 6 8 27 19 7 17 20 -11 53 12 60 22 -16 46 51 18 -20 23 -22 55 40 24 37 26 -28 57 56 33 38 -33 58 -35 -36 -37 -38 -39 39 -41 -42 -43 -44 44 -46 50 -48 -49 49 -51 -52 -53 -54 -55 -56 -57 -58 -59 -60 -61 61 -63
leaf_value=-0.27841795585761603 0.049793001692277745 0.57255875923015453 0.016251514951388837 0.24079268213045799 0.17706993407840127 0.34381812808334189 -0.115400175254326 -0.056364886313908638 0.0053860725442190539 -0.28150963129346535 -0.12252896646371025 0.11856784492656587 -0.020929804785351072 -0.17119476194070909 -0.11523372432589529 0.20149436075726943 0.16409416567662669 -0.080291799298518346 -0.0023611546880304836 0.32414811569119095 -0.15507292152675631 -0.06507049617667994 -0.15827911127514124 0.3401251443804697 0.22877626562083264 -0.01686137112275141 0.25519966435251812 0.10882171610373415 -0.075476075460684411 0.26881857651663393 -0.16359086189212571 -0.10077312972680419 0.40120255930083143 0.064290640202330648 0.082264106348959337 -0.12044288913105189 0.43122153237261585 0.34104708544413248 -0.2449271814028422 -0.17600845516522728 -0.12848248449357633 0.47193180914848087 0.1074894818332582 -0.052937034070875848 0.073304427624256777 -0.062268667101232314 0.22946420673974305 0.40120224134421645 0.25553552535560092 0.14662594011913502 -0.002829402396661644 0.25646090525933118 0.2452357006350229 -0.0735249278265344 -0.12081372504965943 -0.15802402079887065 -0.11179180930550517 0.14214065148735458 0.34961661101695174 0.41138169701054972 0.088456814164439082 -0.00043815529079398153
leaf_weight=3311 2746 53 56 58 1453 185 3577 1124 137 893 372 149 1278 885 119 1469 173 696 883 804 431 53 2036 343 675 1564 65 519 1093 73 414 675 307 2469 1209 1109 222 59 521 524 997 123 552 96 263 180 1267 323 65 1515 428 426 171 378 232 1555 446 1336 546 321 51 1083
leaf_count=3311 2746 53 56 58 1453 185 3577 1124 137 893 372 149 1278 885 119 1469 173 696 883 804 431 53 2036 343 675 1564 65 519 1093 73 414 675 307 2469 1209 1109 222 59 521 524 997 123 552 96 263 180 1267 323 65 1515 428 426 171 378 232 1555 446 1336 546 321 51 1083
internal_value=6.95482e-05 0.175338 -0.116753 -0.189359 0.101729 0.28754 -0.0624842 -0.0836247 -0.155769 -0.175141 -0.0145268 0.000381449 0.0198099 -0.158677 0.00209956 0.236518 0.293826 -0.0458193 -0.0713099 0.339799 -0.094305 -0.127711 -0.163751 0.32632 0.301301 -0.0254164 -0.00585268 0.152027 -0.0785918 0.0638699 -0.181604 -0.0917914 0.347262 0.0741578 0.0930921 -0.105017 0.460455 0.238259 -0.197368 -0.210575 -0.148532 0.404674 0.0861916 0.0628736 0.0394791 -0.0437997 0.214528 0.370311 0.163685 0.151268 -0.0205081 0.23379 0.205037 -0.0979684 -0.160853 -0.155006 -0.0860693 0.132885 0.368637 0.387416 -0.00938435 0.00362977
internal_weight=47136 18852 28284 12097 11385 7467 16187 11234 8786 6679 4953 4203 3472 5786 177 3781 1045 6049 2688 3686 2107 5185 5609 3057 1400 3361 1629 4888 1676 6497 2576 731 1657 3751 1282 1805 275 734 1459 1045 3033 629 1060 508 359 1732 2736 666 3033 1580 608 770 344 750 1117 1608 1539 1855 853 506 2412 1134
internal_count=47136 18852 28284 12097 11385 7467 16187 11234 8786 6679 4953 4203 3472 5786 177 3781 1045 6049 2688 3686 2107 5185 5609 3057 1400 3361 1629 4888 1676 6497 2576 731 1657 3751 1282 1805 275 734 1459 1045 3033 629 1060 508 359 1732 2736 666 3033 1580 608 770 344 750 1117 1608 1539 1855 853 506 2412 1134
is_linear=0
shrinkage=0.05


Tree=28
num_leaves=63
num_cat=0
split_feature=0 0 0 0 0 0 11 0 11 0 0 0 0 9 3 11 0 0 0 11 11 6 0 9 0 11 4 11 0 7 11 10 6 7 1 4 7 1 7 7 0 0 0 1 4 7 7 0 11 7 11 10 7 6 6 1 1 9 6 7 4 4
split_gain=348484 56220.4 40233.3 13047.3 7824.1 7161.4 5924.57 6757.89 3770.67 4206.49 2225.66 2718.8 2430.73 1705.64 1834.67 1700.17 3742.19 1135.34 2255.97 1116.59 841.009 1072.67 1016.4 722.046 622.302 592.632 552.898 630.165 1447.06 550.065 425.031 386.059 380.556 338.29 259.748 1051.23 257.296 237.458 229.083 321.417 203.949 444.005 200.43 200.239 187.92 207.234 446.139 187.615 178.778 176.619 167.748 261.333 161.625 195.061 159.182 153.325 149.836 149.235 144.953 140.601 133.855 131.162
threshold=91.906897968634112 100.33765204161863 81.702686681457138 73.75223807119589 96.525003405553363 105.21585997946028 2022.5000000000002 83.45996261283635 2023.5000000000002 80.46523122516966 85.395726527799056 82.498256809305289 83.45996261283635 4.5000000000000009 1.0000000180025095e-35 2023.5000000000002 101.66509006393967 85.395726527799056 88.279460480606971 2022.5000000000002 2023.5000000000002 5.5000000000000009 84.127543646855841 59.500000000000007 83.126967932187142 2023.5000000000002 1.5000000000000002 2023.5000000000002 110.31862351031204 37.500000000000007 2022.5000000000002 60.82693947144076 5.5000000000000009 22.500000000000004 2.5000000000000004 1.5000000000000002 40.500000000000007 7.5000000000000009 34.500000000000007 42.500000000000007 76.707416796837762 77.543965397965493 77.543965397965493 9.5000000000000018 2.5000000000000004 8.5000000000000018 14.500000000000002 94.418460680367915 2023.5000000000002 24.500000000000004 2023.5000000000002 5.9411764705882364 19.500000000000004 21.500000000000004 13.500000000000002 2.5000000000000004 9.5000000000000018 14.500000000000002 25.500000000000004 40.500000000000007 2.5000000000000004 2.5000000000000004
decision_type=2 2 2 2 2 2 2 2 2 2 2 2 2 2 2 2 2 2 2 2 2 2 2 2 2 2 2 2 2 2 2 2 2 2 2 2 2 2 2 2 2 2 2 2 2 2 2 2 2 2 2 2 2 2 2 2 2 2 2 2 2 2
left_child=2 4 3 -1 33 15 10 24 9 13 11 36 44 14 -5 16 37 20 25 43 21 -9 -22 32 58 -19 -21 -28 -29 30 42 50 -10 -2 35 -35 -4 -3 -23 -40 -32 -42 -15 -7 -13 -46 -47 -36 -49 61 -6 -52 53 -18 59 -26 -33 -34 -8 -12 -11 -17
right_child=1 5 6 8 31 19 7 17 23 60 54 12 -14 29 -16 49 52 18 -20 26 22 38 -24 -25 55 -27 27 28 -30 -31 40 56 57 34 47 -37 -38 -39 39 -41 41 -43 -44 -45 45 46 -48 48 -50 -51 51 -53 -54 -55 -56 -57 -58 -59 -60 -61 -62 -63
leaf_value=-0.26450126266169954 0.047304257858507469 0.54446096764670482 -0.095741926771340649 0.2455904284229985 0.16863839958964644 0.35683353931277106 -0.11613747787483204 0.18514104990367161 0.0051187201335931715 -0.25821714819885616 -0.13254637467436517 0.10463112191617729 -0.0089137382502870229 -0.16262193086810031 -0.10316656430721283 0.17800483977584916 0.14510598148239981 -0.070183634638248088 -0.0022432302709429722 0.34416014792000116 -0.077051490061046488 -0.023672162174391553 -0.010301857910479753 -0.1473372254233497 -0.061877220387536069 -0.12768412018177736 0.32204945467937163 0.33069817546528596 0.21064181631447829 -0.13685027482070927 -0.15829930280447008 0.10421661725365804 -0.050835159855684681 0.035406412275648919 0.059818671901020241 0.27825489229781347 0.015453194782399295 0.40975714016388354 0.13447985378832655 0.0081319360192734762 -0.22560725341498397 -0.16522467368537766 -0.12335854623647871 0.42207126906809922 0.11267897680195359 -0.05031746947427386 0.071953469004424717 0.10048777712048163 0.05758246188173214 0.21637044206758338 0.24295233711525777 0.13954355165404059 0.24295093226432801 0.22613746828503078 -0.069858381578233084 -0.1501278973987642 0.1357493314650515 -0.08971347674372869 -0.093552026557503359 -0.05658244165154979 -0.31829878016522062 0.21392417380327813
leaf_weight=3311 2746 53 675 53 1416 368 2542 82 137 761 292 491 2412 960 124 880 134 878 883 894 1061 545 1233 431 53 927 1135 476 552 2337 524 550 316 118 2495 71 56 222 57 383 654 608 526 261 149 96 324 680 387 1439 65 1473 439 197 378 1555 1384 1223 1035 80 132 417
leaf_count=3311 2746 53 675 53 1416 368 2542 82 137 761 292 491 2412 960 124 880 134 878 883 894 1061 545 1233 431 53 927 1135 476 552 2337 524 550 316 118 2495 71 56 222 57 383 654 608 526 261 149 96 324 680 387 1439 65 1473 439 197 378 1555 1384 1223 1035 80 132 417
internal_value=7.10591e-05 0.16659 -0.11092 -0.179899 0.0966488 0.273202 -0.0593613 -0.0794455 -0.14799 -0.166394 -0.0138001 0.0003651 0.018824 -0.150753 0.00202844 0.22472 0.279216 -0.0435293 -0.0677483 0.322858 -0.024144 0.012518 -0.0411966 -0.0895979 -0.121329 -0.0997715 0.310044 0.295788 0.266504 -0.155574 -0.168901 0.144434 -0.0746677 0.0606801 0.0704556 0.127646 -0.0872073 0.437615 -0.0020208 0.0247789 -0.185513 -0.196674 -0.14882 0.384538 0.0818939 0.0621157 0.0439408 0.0673847 0.0849992 0.203809 0.155903 0.144072 0.222144 0.193884 -0.0930833 -0.147263 0.126843 -0.0817721 -0.109632 -0.116419 -0.26745 0.189713
internal_weight=47136 18852 28284 12097 11385 7467 16187 11234 8786 6679 4953 4203 3472 5786 177 3781 1045 6049 2688 3686 3361 1067 2294 2107 5185 1805 3057 2163 1028 5609 3272 4888 1676 6497 3751 189 731 275 985 440 1786 1262 1486 629 1060 569 420 3562 1067 2736 2954 1538 770 331 750 1608 1934 1539 3577 372 893 1297
internal_count=47136 18852 28284 12097 11385 7467 16187 11234 8786 6679 4953 4203 3472 5786 177 3781 1045 6049 2688 3686 3361 1067 2294 2107 5185 1805 3057 2163 1028 5609 3272 4888 1676 6497 3751 189 731 275 985 440 1786 1262 1486 629 1060 569 420 3562 1067 2736 2954 1538 770 331 750 1608 1934 1539 3577 372 893 1297
is_linear=0
shrinkage=0.05


Tree=29
num_leaves=63
num_cat=0
split_feature=0 0 0 0 0 0 11 0 11 0 0 0 0 9 0 11 0 0 0 11 11 6 0 9 0 11 4 11 0 7 11 10 6 10 7 7 7 1 7 7 0 0 1 0 0 7 7 7 11 7 11 10 7 6 6 7 9 1 6 7 1 0
split_gain=314553 50752.2 36314.7 11773.9 7061.88 6462.83 5347.05 6099.68 3403.37 3798.05 2009.55 2454.13 2194.33 1540.35 1661.79 1537.16 3381.69 1024.99 2036.24 1008.91 759.506 969.232 917.388 651.876 561.722 534.888 498.904 568.381 1306.28 498.173 365.211 350.364 343.521 322.947 1096.04 243.883 216.439 216.003 206.918 290.63 189.834 398.482 188.725 185.444 176.405 170.445 215.4 367.445 163.116 159.802 152.175 238.13 146.624 174.282 143.754 143.64 143.612 138.163 135.083 165.87 133.649 131.929
threshold=91.906897968634112 100.33765204161863 81.702686681457138 73.75223807119589 96.525003405553363 105.21585997946028 2022.5000000000002 83.45996261283635 2023.5000000000002 80.46523122516966 85.395726527799056 82.498256809305289 83.45996261283635 4.5000000000000009 77.543965397965493 2023.5000000000002 101.66509006393967 85.395726527799056 88.279460480606971 2022.5000000000002 2023.5000000000002 5.5000000000000009 84.127543646855841 59.500000000000007 83.126967932187142 2023.5000000000002 1.5000000000000002 2023.5000000000002 110.31862351031204 36.500000000000007 2022.5000000000002 62.880184331797238 5.5000000000000009 5.9411764705882364 49.500000000000007 30.500000000000004 22.500000000000004 7.5000000000000009 34.500000000000007 42.500000000000007 76.707416796837762 77.543965397965493 12.500000000000002 94.418460680367915 77.543965397965493 30.500000000000004 8.5000000000000018 14.500000000000002 2023.5000000000002 29.500000000000004 2023.5000000000002 5.9411764705882364 21.500000000000004 21.500000000000004 13.500000000000002 16.500000000000004 43.500000000000007 2.5000000000000004 10.500000000000002 51.500000000000007 16.500000000000004 77.543965397965493
decision_type=2 2 2 2 2 2 2 2 2 2 2 2 2 2 2 2 2 2 2 2 2 2 2 2 2 2 2 2 2 2 2 2 2 2 2 2 2 2 2 2 2 2 2 2 2 2 2 2 2 2 2 2 2 2 2 2 2 2 2 2 2 2
left_child=2 4 3 -1 33 15 10 24 9 13 11 35 45 14 -5 16 37 20 25 42 21 -9 -22 32 58 -19 -21 -28 -29 30 44 50 -10 34 -2 -4 -35 -3 -23 -40 -32 -42 55 -38 -15 46 -13 -48 -45 -17 -6 -52 53 -18 -12 -7 -34 -26 59 -8 -33 -31
right_child=1 5 6 8 31 19 7 17 23 -11 54 12 -14 29 -16 49 52 18 -20 26 22 38 -24 -25 57 -27 27 28 -30 61 40 60 56 36 -36 -37 43 -39 39 -41 41 -43 -44 48 -46 -47 47 -49 -50 -51 51 -53 -54 -55 -56 -57 -58 -59 -60 -61 -62 -63
leaf_value=-0.25128019075642755 0.25083301115449091 0.51774205247561145 -0.10112238408135782 0.21925014835293008 0.15957514325289765 0.30809704043531938 -0.12942309446241379 0.17599553131778914 0.0048646389707868954 -0.25410992331952853 -0.11062401811444966 0.10708258744937678 -0.0084682360227323842 -0.15518897603789183 -0.10484065631777049 0.18179838919294933 0.14181905343013554 -0.066678444839954651 -0.002131196046706365 0.3269713665866319 -0.073202543082292307 -0.02249072200760046 -0.0097871824789688908 -0.13998741534021167 -0.058840652215122073 -0.12130679383230646 0.30596115702054871 0.31419793038998012 0.20012877153121542 -0.13913409416611613 -0.14994059498628606 0.10844478224069556 -0.067785644582332286 0.044939906071402136 0.027027546643085196 -0.036931819488161377 0.056090939980874305 0.38936115923483816 0.12787178596630211 0.007726398150237704 -0.21532836319515544 -0.15727825094014408 0.42759214405090584 0.095834652827849018 -0.11766123013816088 0.097103541874828656 -0.047827533552634353 0.066025721218726227 0.054836874513855507 0.20719005410603542 0.23098876774988392 0.13235295976287906 0.23225396074731669 0.21562893128508076 -0.066374678202329757 0.37219877693223657 -0.10173908547631889 -0.14262632662842198 -0.09566007827519335 -0.095112235577283183 0.13658991675859408 -0.11390786170157659
leaf_weight=3311 90 53 522 58 1470 185 903 82 137 893 372 149 2412 925 119 1469 146 878 883 894 1061 545 1233 431 53 927 1135 476 552 1616 508 1104 1093 2746 138 209 2453 222 57 383 635 591 123 685 508 552 96 263 385 1267 65 1515 414 210 378 321 446 1555 2064 610 734 826
leaf_count=3311 90 53 522 58 1470 185 903 82 137 893 372 149 2412 925 119 1469 146 878 883 894 1061 545 1233 431 53 927 1135 476 552 1616 508 1104 1093 2746 138 209 2453 222 57 383 635 591 123 685 508 552 96 263 385 1267 65 1515 414 210 378 321 446 1555 2064 610 734 826
internal_value=7.07792e-05 0.158276 -0.105378 -0.170913 0.0918226 0.25957 -0.056395 -0.0754752 -0.1406 -0.158085 -0.0131113 0.000348626 0.0178861 -0.143223 0.00196562 0.213513 0.265331 -0.0413528 -0.0643648 0.306743 -0.0229335 0.0119065 -0.0391388 -0.0851248 -0.115267 -0.0947885 0.294562 0.281019 0.253206 -0.147805 -0.160982 0.137221 -0.0709383 0.0576507 0.116103 -0.082852 0.0555059 0.415908 -0.00191322 0.0235567 -0.176592 -0.1875 0.365374 0.063725 -0.14198 0.0778107 0.0566874 0.0355181 0.0811528 0.19363 0.147702 0.136557 0.211077 0.185855 -0.0884471 0.349426 -0.0776882 -0.139906 -0.104153 -0.115665 0.119755 -0.130654
internal_weight=47136 18852 28284 12097 11385 7467 16187 11234 8786 6679 4953 4203 3472 5786 177 3781 1045 6049 2688 3686 3361 1067 2294 2107 5185 1805 3057 2163 1028 5609 3167 4888 1676 6497 228 731 6269 275 985 440 1734 1226 629 3523 1433 1060 508 359 1070 2736 3050 1580 770 356 750 506 1539 1608 3577 1513 1838 2442
internal_count=47136 18852 28284 12097 11385 7467 16187 11234 8786 6679 4953 4203 3472 5786 177 3781 1045 6049 2688 3686 3361 1067 2294 2107 5185 1805 3057 2163 1028 5609 3167 4888 1676 6497 228 731 6269 275 985 440 1734 1226 629 3523 1433 1060 508 359 1070 2736 3050 1580 770 356 750 506 1539 1608 3577 1513 1838 2442
is_linear=0
shrinkage=0.05


Tree=30
num_leaves=63
num_cat=0
split_feature=9 7 9 7 9 7 9 7 9 7 7 7 9 7 7 9 9 7 7 7 9 1 9 4 1 7 5 4 4 4 7 4 4 7 10 7 3 1 4 1 9 10 6 7 9 1 6 3 6 4 7 7 9 1 1 3 4 7 7 9 4 7
split_gain=20375.3 17898.1 20869.2 25803.7 13066.1 15491 4274.46 8353.21 3258.19 5510.03 2967.77 2839.12 3008.1 3100.52 2686.92 5243.44 2513.01 2771.46 1953.69 1874.92 1556.82 1548.05 1331.37 1525.62 3640.34 1581.47 1230.25 1106.74 1006.82 914.692 892.013 789.572 722.615 921.315 1705.27 717.605 698.078 686.157 1053.63 675.432 640.639 1463.12 656.627 635.992 1772.28 1431.17 714.32 630.413 589.31 589.23 570.946 562.752 1332.15 733.21 655.971 647.128 555.816 1151.1 528.935 1195.98 501.9 489.449
threshold=53.500000000000007 50.500000000000007 20.500000000000004 28.500000000000004 42.500000000000007 16.500000000000004 28.500000000000004 39.500000000000007 5.5000000000000009 60.500000000000007 29.500000000000004 8.5000000000000018 35.500000000000007 20.500000000000004 2.5000000000000004 62.500000000000007 14.500000000000002 37.500000000000007 16.500000000000004 41.500000000000007 23.500000000000004 13.500000000000002 6.5000000000000009 1.5000000000000002 3.5000000000000004 40.500000000000007 1.0000000180025095e-35 3.5000000000000004 2.5000000000000004 2.5000000000000004 23.500000000000004 2.5000000000000004 1.5000000000000002 58.500000000000007 17.799539170506915 6.5000000000000009 1.0000000180025095e-35 21.500000000000004 2.5000000000000004 16.500000000000004 59.500000000000007 90.168461750897563 23.500000000000004 35.500000000000007 36.500000000000007 5.5000000000000009 5.5000000000000009 1.0000000180025095e-35 55.500000000000007 2.5000000000000004 25.500000000000004 12.500000000000002 46.500000000000007 6.5000000000000009 26.500000000000004 1.5000000000000002 2.5000000000000004 32.500000000000007 21.500000000000004 27.500000000000004 3.5000000000000004 54.500000000000007
decision_type=2 2 2 2 2 2 2 2 2 2 2 2 2 2 2 2 2 2 2 2 2 2 2 2 2 2 2 2 2 2 2 2 2 2 2 2 2 2 2 2 2 2 2 2 2 2 2 2 2 2 2 2 2 2 2 2 2 2 2 2 2 2
left_child=1 2 10 4 11 26 7 56 9 47 39 28 18 -14 15 -2 17 -12 31 -18 30 36 23 25 -25 -19 35 40 -4 -24 -20 -13 33 34 -10 -6 -16 58 48 -1 41 -23 -43 44 45 46 -8 61 -39 -9 -32 53 54 -28 55 -53 -5 -58 59 -22 -7 -3
right_child=14 8 3 6 5 60 43 49 32 -11 16 12 13 -15 21 -17 19 22 20 -21 37 27 29 24 -26 -27 51 -29 -30 -31 50 -33 -34 -35 -36 -37 -38 38 -40 -41 -42 42 -44 -45 -46 -47 -48 -49 -50 -51 -52 52 -54 -55 -56 -57 57 -59 -60 -61 -62 -63
leaf_value=0.26427629268130576 0.07502014306178624 0.10954206640878693 0.1044100858409502 0.04918967601327412 0.042863432414432912 -0.090488308145698179 0.23588488682996536 -0.085124207326674403 0.022338480620849307 -0.084581357511189975 0.19836308877475772 0.12409661834450103 0.065651990322803375 -0.043342352604493498 -0.11261634643260113 -0.11403467700417434 0.074554511219131897 0.26355122279189525 0.26111257774689617 -0.018548954299023205 0.2107393987453543 -0.077515406401715184 0.081379499588701387 0.59151212182653656 0.089195659082971127 0.095375532780046859 -0.032178276879158585 -0.14716386000924572 0.23809158948932752 -0.05679683314621449 -0.005205468364340598 0.22442662635512012 -0.11234267216643186 -0.1024878499330239 -0.082117376421088212 -0.034593595366634991 -0.19105133274357833 0.03464244410683795 -0.093924756433716006 0.090333637921533122 -0.096351219763722865 0.18201061898134124 0.007636713656506579 -0.12093349426731902 -0.11678942087684262 -0.05314784097523937 -0.0009723326203723748 0.0601593717029607 0.13254814135047144 -0.16033839088419211 0.15403156058702736 0.20189613696769812 -0.058302060813760229 0.075330237861008995 -0.059456635128765839 0.047145775456032525 0.065754106061559334 -0.14759553381748367 0.07071960543604229 0.084402968123932012 -0.14859323596560844 0.2739887323098687
leaf_weight=306 677 159 233 1946 574 2407 68 2125 587 1056 743 446 2445 889 534 798 2072 159 169 731 247 968 3019 58 94 1139 167 638 366 124 72 358 1614 1320 1165 622 622 649 131 70 1477 70 226 1932 1460 817 59 644 201 298 255 127 301 2950 62 145 141 113 2004 780 443 64
leaf_count=306 677 159 233 1946 574 2407 68 2125 587 1056 743 446 2445 889 534 798 2072 159 169 731 247 968 3019 58 94 1139 167 638 366 124 72 358 1614 1320 1165 622 622 649 131 70 1477 70 226 1932 1460 817 59 644 201 298 255 127 301 2950 62 145 141 113 2004 780 443 64
internal_value=7.05259e-05 0.0126381 0.0270717 0.00482212 0.0409348 -0.00673356 -0.0638725 -0.0304134 -0.0627371 -0.00792552 0.0950056 0.0811391 0.073828 0.0365832 -0.0859151 -0.0272663 0.0886378 0.108776 0.0971919 0.0502741 0.0843492 -0.104979 0.0942426 0.133897 0.283515 0.116167 0.0467481 -0.0878405 0.186361 0.0759101 0.16789 0.169 -0.0852227 -0.0709405 -0.0471243 0.00258117 -0.154952 0.0739806 0.0375705 0.232232 -0.0739819 -0.0477835 0.0493646 -0.0995299 -0.0822834 -0.0288436 0.126662 0.0854249 0.0579287 -0.094439 0.119046 0.0608211 0.0178742 0.0695602 0.0865081 0.119894 0.0401106 -0.0293483 0.085747 0.114968 -0.0995708 0.157772
internal_weight=47136 41126 34517 26002 17043 7798 8959 4623 6609 1923 8515 9245 8646 3334 6010 1475 8139 5336 5312 2803 4508 4535 4593 1450 152 1298 4948 3379 599 3143 496 804 4686 3072 1752 1196 1156 4012 981 376 2741 1264 296 4336 2404 944 127 867 850 2423 327 3752 635 3117 334 272 2200 254 3031 1027 2850 223
internal_count=47136 41126 34517 26002 17043 7798 8959 4623 6609 1923 8515 9245 8646 3334 6010 1475 8139 5336 5312 2803 4508 4535 4593 1450 152 1298 4948 3379 599 3143 496 804 4686 3072 1752 1196 1156 4012 981 376 2741 1264 296 4336 2404 944 127 867 850 2423 327 3752 635 3117 334 272 2200 254 3031 1027 2850 223
is_linear=0
shrinkage=0.05


Tree=31
num_leaves=63
num_cat=0
split_feature=0 0 0 0 0 0 0 0 0 0 10 7 4 0 3 10 4 0 0 9 4 4 7 0 9 4 9 3 7 7 10 0 10 9 10 7 0 5 0 0 0 7 0 2 7 0 4 2 7 7 5 2 7 6 4 7 7 3 4 7 7 10
split_gain=267579 44950.9 30842.3 10352.4 6344.48 5181.53 3045.43 2968.88 2859.52 2040.16 856.521 2238.66 1294.75 714.957 628.061 457.394 455.307 455.167 1080.16 558.248 726.958 886.087 964.455 446.548 436.448 1366.82 2325.49 391.967 808.467 352.042 330.373 320.172 306.406 275.137 274.526 947.053 259.685 242.477 237.721 244.722 230.55 225.649 202.909 198.972 251.852 190.287 334.299 183.079 179.752 175.523 164.393 163.152 158.804 159.515 149.867 308.965 269.703 211.384 182.348 225.765 149.51 327.246
threshold=91.906897968634112 100.33765204161863 81.702686681457138 73.75223807119589 96.525003405553363 105.21585997946028 83.45996261283635 85.395726527799056 83.126967932187142 88.279460480606971 8.3920187793427239 65.500000000000014 1.5000000000000002 82.498256809305289 1.5000000000000002 5.6470900876959886 1.5000000000000002 77.543965397965493 80.46523122516966 58.500000000000007 3.5000000000000004 1.5000000000000002 51.500000000000007 101.66509006393967 39.500000000000007 2.5000000000000004 36.500000000000007 1.5000000000000002 36.500000000000007 29.500000000000004 69.669913419913442 76.707416796837762 60.82693947144076 56.500000000000007 5.9411764705882364 49.500000000000007 84.127543646855841 1.0000000180025095e-35 77.543965397965493 80.46523122516966 101.2598164799824 44.500000000000007 84.127543646855841 30.500000000000004 11.500000000000002 101.2598164799824 2.5000000000000004 306.50000000000006 22.500000000000004 14.500000000000002 1.0000000180025095e-35 182.50000000000003 22.500000000000004 18.500000000000004 3.5000000000000004 9.5000000000000018 15.500000000000002 1.0000000180025095e-35 2.5000000000000004 30.500000000000004 53.500000000000007 5.9411764705882364
decision_type=2 2 2 2 2 2 2 2 2 2 2 2 2 2 2 2 2 2 2 2 2 2 2 2 2 2 2 2 2 2 2 2 2 2 2 2 2 2 2 2 2 2 2 2 2 2 2 2 2 2 2 2 2 2 2 2 2 2 2 2 2 2
left_child=2 4 3 -1 34 23 8 24 13 37 11 -5 38 49 54 -14 50 29 30 20 21 22 -20 27 25 36 -27 28 45 31 -19 -12 60 -33 35 -2 41 -9 -13 -40 -30 -8 -26 -18 -45 46 51 -44 -36 -4 -7 -3 53 -25 56 -56 57 -15 59 -58 61 -6
right_child=1 5 6 10 32 16 7 9 -10 -11 17 12 15 14 -16 -17 43 18 19 -21 -22 -23 -24 52 42 26 -28 -29 40 -31 -32 33 -34 -35 48 -37 -38 -39 39 -41 -42 -43 47 44 -46 -47 -48 -49 -50 -51 -52 -53 -54 -55 55 -57 58 -59 -60 -61 -62 -63
leaf_value=-0.23294166943301328 0.23017576032676376 0.31084906318913341 -0.1094641611419204 0.21082309027818533 0.23494784480164191 0.35766014956011638 -0.045350309300435598 -0.06952260269603934 -0.13544988536411948 -0.004409481154432641 -0.13970973522535751 -0.25650920244513964 0.14392731682590718 -0.12182022939313134 -0.08216024111169444 -0.064909409598733953 0.24218516479147245 -0.093787778338172881 -0.086346218150897255 -0.28473959293710183 -0.0656538824224632 -0.21227160564600026 -0.22192000019228139 0.12832191846844171 -0.037764709004462618 0.40715791496922349 -0.013902635045304168 0.1902996042010725 0.16446043269703356 -0.13218067590312196 -0.12703422055563382 -0.20587132229844235 0.11080784207868369 -0.14309573103888676 0.03945162022701186 0.022162167877645616 0.011444794243055181 -0.1030008051159582 -0.093748628651817989 -0.21028988718986508 0.22990772678600099 -0.0064405828527553197 -0.029154507589927339 0.25756017932453007 0.29445336406760741 0.20025375230367792 0.38029820853608776 0.013210447684848251 0.05656847921370689 -0.074808818554271711 0.30146696468218526 0.24230794779614093 0.1950487175281789 0.17874008463208493 0.04230282289813158 -0.058647287859101643 -0.101638044821042 -0.030982008113102484 -0.00063444477505981934 -0.033303960390115746 0.05645170603071651 0.13525971300852921
leaf_weight=3311 90 160 507 64 86 201 532 798 1608 883 746 60 52 158 889 51 516 2048 461 82 218 548 184 247 1570 54 81 926 344 2043 1203 561 1934 272 2746 138 1274 1757 117 76 245 1241 538 890 1259 85 86 483 3523 1388 820 282 887 519 177 131 131 109 386 1492 59 2809
leaf_count=3311 90 160 507 64 86 201 532 798 1608 883 746 60 52 158 889 51 516 2048 461 82 218 548 184 247 1570 54 81 926 344 2043 1203 561 1934 272 2746 138 1274 1757 117 76 245 1241 538 890 1259 85 86 483 3523 1388 820 282 887 519 177 131 131 109 386 1492 59 2809
internal_value=6.96361e-05 0.145984 -0.0971877 -0.157583 0.0834448 0.241314 -0.0520455 -0.033165 -0.0769661 -0.0699424 -0.12916 -0.0592645 -0.108288 -0.0594242 -0.0459186 0.0408448 0.283558 -0.132661 -0.12237 -0.157641 -0.150055 -0.165406 -0.125313 0.200066 -0.0112537 0.00115139 0.15624 0.215435 0.234621 -0.1461 -0.106127 -0.164011 0.126475 -0.185575 0.0510561 0.104941 -0.00576732 -0.0925778 -0.168944 -0.140514 0.192036 -0.0181375 -0.0264849 0.272212 0.279303 0.275151 0.286797 -0.0091149 0.0490791 -0.0841362 0.312874 0.267776 0.180158 0.162678 -0.0334211 -0.000668413 -0.0378489 -0.0850091 -0.0315396 -0.0388818 0.136689 0.138303
internal_weight=47136 18852 28284 12097 11385 7467 16187 9211 6976 3438 8786 420 356 5368 3473 103 3686 8366 4744 1493 1411 1193 645 3781 5773 3182 135 2128 1202 3622 3251 1579 4888 833 6497 228 3047 2555 253 193 589 1773 2591 2665 2149 613 528 1021 6269 1895 1021 442 1653 766 2584 308 2276 267 2009 1623 2954 2895
internal_count=47136 18852 28284 12097 11385 7467 16187 9211 6976 3438 8786 420 356 5368 3473 103 3686 8366 4744 1493 1411 1193 645 3781 5773 3182 135 2128 1202 3622 3251 1579 4888 833 6497 228 3047 2555 253 193 589 1773 2591 2665 2149 613 528 1021 6269 1895 1021 442 1653 766 2584 308 2276 267 2009 1623 2954 2895
is_linear=0
shrinkage=0.05


Tree=32
num_leaves=63
num_cat=0
split_feature=0 0 0 0 0 11 0 0 11 0 0 0 0 11 0 9 11 0 0 11 11 6 0 0 11 0 9 11 10 0 9 6 10 9 11 6 9 5 9 9 1 6 0 9 5 10 9 0 11 1 4 9 9 1 9 3 6 5 6 9 10 6
split_gain=241527 40579.5 27839.3 9341.49 5726.33 4869.19 5133.38 4675.1 2738.36 3123.93 2083.59 2163.74 1936.01 1294.37 2810.59 1264.84 1483.69 1203.24 1713.47 816.953 701.625 837.357 770.727 564.314 1885.81 557.392 512.995 403.428 353.636 322.034 280.521 279.29 248.27 844.251 232.602 231.018 225.073 211.086 200.685 200.405 189.27 175.27 235.815 171.794 855.353 169.641 407.758 168.892 215.006 163.85 158.509 173.799 340.32 148.383 146.589 144.746 141.46 141.001 136.657 134.46 132.186 130.921
threshold=91.906897968634112 100.33765204161863 81.702686681457138 73.75223807119589 96.525003405553363 2022.5000000000002 83.45996261283635 105.21585997946028 2023.5000000000002 80.46523122516966 85.395726527799056 82.498256809305289 83.45996261283635 2023.5000000000002 101.66509006393967 4.5000000000000009 2022.5000000000002 85.395726527799056 88.279460480606971 2022.5000000000002 2023.5000000000002 5.5000000000000009 84.127543646855841 110.31862351031204 2023.5000000000002 83.126967932187142 61.500000000000007 2022.5000000000002 38.0617035546613 77.543965397965493 17.500000000000004 5.5000000000000009 5.9411764705882364 2.5000000000000004 2023.5000000000002 7.5000000000000009 22.500000000000004 1.0000000180025095e-35 4.5000000000000009 43.500000000000007 11.500000000000002 16.500000000000004 76.707416796837762 36.500000000000007 1.0000000180025095e-35 5.3101503759398501 3.5000000000000004 94.418460680367915 2023.5000000000002 10.500000000000002 2.5000000000000004 57.500000000000007 51.500000000000007 5.5000000000000009 38.500000000000007 1.5000000000000002 25.500000000000004 1.0000000180025095e-35 13.500000000000002 5.5000000000000009 52.985739750445639 21.500000000000004
decision_type=2 2 2 2 2 2 2 2 2 2 2 2 2 2 2 2 2 2 2 2 2 2 2 2 2 2 2 2 2 2 2 2 2 2 2 2 2 2 2 2 2 2 2 2 2 2 2 2 2 2 2 2 2 2 2 2 2 2 2 2 2 2
left_child=2 4 3 -1 32 10 25 13 9 15 11 36 50 14 39 16 -5 20 37 40 21 -8 -22 34 35 56 31 29 -29 -17 45 -10 33 -2 -21 -25 -4 -19 -26 -3 -9 42 -30 44 -23 -6 -47 -34 -49 -32 -13 52 -52 -48 -51 -39 -7 -36 59 -12 -15 -24
right_child=1 7 5 8 30 6 17 19 26 -11 58 12 -14 60 -16 27 -18 18 -20 23 22 43 61 24 38 -27 -28 28 41 -31 49 -33 47 -35 57 -37 -38 55 -40 -41 -42 -43 -44 -45 -46 46 53 48 -50 54 51 -53 -54 -55 -56 -57 -58 -59 -60 -61 -62 -63
leaf_value=-0.22129810317039289 0.018728245718059044 0.46830169309649555 0.023328612177518374 -0.15172950981656252 0.073551410655304794 -0.09950039637460352 0.16960479180496857 0.30363434714219301 0.0058678496785094618 -0.2254769586123343 -0.048114099651115183 0.099208698294095218 -0.0027277784402387362 0.18372005582488904 0.18817719691327925 -0.1276264376873405 0.13747928797590489 -0.067391634062627381 -0.0041892562694378762 0.25784024049924764 -0.063195723474618548 0.21584487970496691 -0.020618177864934108 0.27289991763553451 0.26896727633476253 -0.12868160015501132 -0.12650502596825763 -0.11355127733411841 -0.13906980347538753 -0.091721203419789454 0.098643241299561271 -0.067469097576203188 0.040630232363299032 0.21378434789396428 0.32782164125473473 0.34017038652029907 -0.080547355408955953 -0.081941883998585485 0.17040244210136712 0.34895863395387483 0.37276063267777615 -0.13446763240811008 -0.18472855010769046 -0.014521822895058996 0.0016815569024114956 0.26411564425857209 0.1082179519398646 0.069777466649936268 0.0368989136588967 0.13554245207408552 0.06793484994080097 0.10645717880862454 -0.038875353509925076 0.14653035103350878 0.10764401693706523 -0.11889193731361632 -0.077286361465786824 0.28034984412969138 -0.063341800356633948 -0.12222314957974308 0.16071658074493769 0.011974332642101911
leaf_weight=3311 134 56 56 80 99 2542 82 466 141 893 80 491 2412 1317 770 1938 97 696 883 804 1061 52 645 447 59 1608 369 758 503 945 1398 1597 4100 94 307 219 675 486 675 219 163 744 721 545 388 66 362 1386 783 964 324 149 96 999 1000 623 1035 546 378 292 1419 588
leaf_count=3311 134 56 56 80 99 2542 82 466 141 893 80 491 2412 1317 770 1938 97 696 883 804 1061 52 645 447 59 1608 369 758 503 945 1398 1597 4100 94 307 219 675 486 675 219 163 744 721 545 388 66 362 1386 783 964 324 149 96 999 1000 623 1035 546 378 292 1419 588
internal_value=6.79884e-05 0.138697 -0.0923335 -0.149713 0.0792766 -0.0494453 -0.0676528 0.229273 -0.122713 -0.138396 -0.00814199 0.0055625 0.0220285 0.190092 0.237628 -0.124919 0.0066173 -0.03635 -0.061281 0.2694 -0.0163974 0.0170854 -0.031974 0.258449 0.234434 -0.104157 -0.072955 -0.129071 -0.142957 -0.115895 0.120157 -0.0615166 0.0485061 0.0997503 0.278584 0.295505 -0.0725619 -0.0891895 0.178687 0.374888 0.322119 -0.154217 -0.166098 0.00422413 0.0274352 0.1381 0.14252 0.0466259 0.0579332 0.111972 0.078315 0.0601342 0.0434749 0.136431 0.121402 -0.102792 -0.0930976 0.297805 -0.0848538 -0.106471 0.171854 -0.00507412
internal_weight=47136 18852 28284 12097 11385 16187 11234 7467 8786 6679 4953 4203 3472 3781 1045 5786 177 6049 2688 3686 3361 1067 2294 3057 1400 5185 2107 5609 2726 2883 4888 1738 6497 228 1657 666 731 1805 734 275 629 1968 1224 985 440 1526 1427 6269 2169 3362 1060 569 420 1361 1964 1109 3577 853 750 372 2736 1233
internal_count=47136 18852 28284 12097 11385 16187 11234 7467 8786 6679 4953 4203 3472 3781 1045 5786 177 6049 2688 3686 3361 1067 2294 3057 1400 5185 2107 5609 2726 2883 4888 1738 6497 228 1657 666 731 1805 734 275 629 1968 1224 985 440 1526 1427 6269 2169 3362 1060 569 420 1361 1964 1109 3577 853 750 372 2736 1233
is_linear=0
shrinkage=0.05


Tree=33
num_leaves=63
num_cat=0
split_feature=0 0 0 0 0 11 0 0 11 0 0 0 0 11 0 9 0 0 0 11 11 6 0 0 11 0 9 11 10 0 9 6 10 4 10 10 11 11 6 9 1 5 9 1 6 0 9 5 11 4 9 9 9 11 10 6 6 10 3 5 9 9
split_gain=218013 36633.7 25127.6 8429.98 5169.03 4394.54 4633.33 4221.21 2471.62 2819.64 1881.25 1953.08 1747.77 1169.72 2540.45 1141.57 1363.77 1086.43 1546.68 737.803 633.743 756.596 695.647 508.94 1702.39 503.07 465.635 364.266 319.203 290.586 257.795 251.991 227.848 565.556 2546.88 273.889 274.241 210.115 208.78 203.251 192.05 190.539 181.954 179.068 158.199 212.78 155.251 773.495 149.421 143.025 158.287 404.583 142.892 140.367 205.457 140.454 130.81 135.647 130.621 127.385 124.871 123.49
threshold=91.906897968634112 100.33765204161863 81.702686681457138 73.75223807119589 96.525003405553363 2022.5000000000002 83.45996261283635 105.21585997946028 2023.5000000000002 80.46523122516966 85.395726527799056 82.498256809305289 83.45996261283635 2023.5000000000002 101.66509006393967 4.5000000000000009 77.543965397965493 85.395726527799056 88.279460480606971 2022.5000000000002 2023.5000000000002 5.5000000000000009 84.127543646855841 110.31862351031204 2023.5000000000002 83.126967932187142 63.500000000000007 2022.5000000000002 38.0617035546613 77.543965397965493 37.500000000000007 5.5000000000000009 24.780701754385969 1.5000000000000002 9.9295774647887338 5.9411764705882364 2022.5000000000002 2023.5000000000002 7.5000000000000009 22.500000000000004 7.5000000000000009 1.0000000180025095e-35 4.5000000000000009 8.5000000000000018 16.500000000000004 76.707416796837762 36.500000000000007 1.0000000180025095e-35 2022.5000000000002 2.5000000000000004 56.500000000000007 51.500000000000007 43.500000000000007 2023.5000000000002 5.9411764705882364 21.500000000000004 10.500000000000002 21.498599439775916 1.5000000000000002 1.0000000180025095e-35 46.500000000000007 36.500000000000007
decision_type=2 2 2 2 2 2 2 2 2 2 2 2 2 2 2 2 2 2 2 2 2 2 2 2 2 2 2 2 2 2 2 2 2 2 2 2 2 2 2 2 2 2 2 2 2 2 2 2 2 2 2 2 2 2 2 2 2 2 2 2 2 2
left_child=2 4 3 -1 32 10 25 13 9 15 11 39 49 14 40 16 -5 20 41 43 21 -8 -22 37 38 56 31 29 -29 -17 53 60 33 35 -35 36 -2 -21 -25 -4 -3 -19 -26 -9 45 -30 47 -23 -37 -13 51 -51 -33 -6 -55 -56 57 -7 -43 -39 -10 -16
right_child=1 7 5 8 30 6 17 19 26 -11 -12 12 -14 -15 61 27 -18 18 -20 23 22 46 -24 24 42 -27 -28 28 44 -31 -32 52 -34 34 -36 48 -38 59 -40 -41 -42 58 -44 -45 -46 -47 -48 -49 -50 50 -52 -53 -54 54 55 -57 -58 -59 -60 -61 -62 -63
leaf_value=-0.21023653844483681 -0.094466146709618448 0.45036410018249795 0.022182645349390729 0.20309726375644491 0.13212698232698677 -0.081348143609114076 0.16122672265507731 0.27634464553478016 0.052034279188939506 -0.21421572342815015 -0.080627286985315669 0.094258345598582094 -0.002591445983213236 0.16326809304146042 0.19683701195771044 -0.12124840702818318 -0.090497620382656657 -0.064026886698932861 -0.0039800302506286479 0.24496424284929075 -0.060038912258656409 0.20525626712443554 -0.004820559156561992 0.2592853804677725 0.25574305705229444 -0.12225151901930105 -0.12622193245289776 -0.10788119304346043 -0.13213011042676898 -0.087139991197315081 0.096143829019464139 -0.054398339151993692 0.0406535842362757 0.43569940282730385 0.049377462227548505 0.08575073133477458 0.032083559536422869 0.31148377605072869 0.323239179448648 -0.076525945160575856 0.33189279293265583 -0.077853202904647256 0.16189492383938747 0.33508296732689929 -0.12775327603248943 -0.17550491546948863 -0.013797061602798661 0.0015976953056669654 0.046787150036490893 0.064548558835742564 0.098000374110859059 -0.061682274629703805 -0.085591843527302494 0.1991307520428249 0.098769454234222398 0.13120217186049801 -0.080126043772335634 -0.11227834541857276 -0.1129568669892279 0.26635797852136101 -0.040521680323260006 0.15429671913357343
leaf_weight=3311 58 53 56 58 1687 617 82 316 69 893 750 491 2412 2736 439 1938 119 696 883 804 1061 52 1233 447 59 1608 307 758 503 945 1436 1093 4871 53 205 361 155 307 219 675 222 486 675 313 744 721 545 388 794 324 167 78 563 65 1218 482 2064 896 623 546 75 331
leaf_count=3311 58 53 56 58 1687 617 82 316 69 893 750 491 2412 2736 439 1938 119 696 883 804 1061 52 1233 447 59 1608 307 758 503 945 1436 1093 4871 53 205 361 155 307 219 675 222 486 675 313 744 721 545 388 794 324 167 78 563 65 1218 482 2064 896 623 546 75 331
internal_value=6.83254e-05 0.131777 -0.0877201 -0.142233 0.0753188 -0.0469741 -0.0642715 0.217836 -0.116585 -0.131485 -0.00773553 0.00528646 0.0209304 0.180606 0.225795 -0.11868 0.00628103 -0.0345324 -0.0582223 0.255966 -0.0155729 0.0162488 -0.0303769 0.245559 0.22275 -0.0989519 -0.0693118 -0.122625 -0.13582 -0.110104 0.114159 -0.0595379 0.0460839 0.0623132 0.130133 0.0494332 -0.00263303 0.264681 0.280776 -0.0689373 0.356293 -0.0847377 0.169783 0.306067 -0.146518 -0.157807 0.00402322 0.0260886 0.0590333 0.0744105 0.0571394 0.0399513 -0.0650516 0.121621 0.111508 0.10804 -0.0884453 -0.0997304 -0.0976618 0.282951 0.00384656 0.178781
internal_weight=47136 18852 28284 12097 11385 16187 11234 7467 8786 6679 4953 4203 3472 3781 1045 5786 177 6049 2688 3686 3361 1067 2294 3057 1400 5185 2107 5609 2726 2883 4888 1800 6497 1626 258 1368 213 1657 666 731 275 1805 734 629 1968 1224 985 440 1155 1060 569 402 1656 3452 1765 1700 3577 1513 1109 853 144 770
internal_count=47136 18852 28284 12097 11385 16187 11234 7467 8786 6679 4953 4203 3472 3781 1045 5786 177 6049 2688 3686 3361 1067 2294 3057 1400 5185 2107 5609 2726 2883 4888 1800 6497 1626 258 1368 213 1657 666 731 275 1805 734 629 1968 1224 985 440 1155 1060 569 402 1656 3452 1765 1700 3577 1513 1109 853 144 770
is_linear=0
shrinkage=0.05


Tree=34
num_leaves=63
num_cat=0
split_feature=9 7 9 7 9 7 9 7 7 7 9 7 9 11 7 10 9 9 7 7 7 9 9 1 10 11 7 4 11 9 7 7 4 7 9 7 11 1 4 4 11 4 11 6 11 4 11 3 11 3 5 7 7 3 11 9 10 6 1 1 1 11
split_gain=13962.3 11752.9 14250.4 17105.5 9813.47 14951 2385.59 4882.62 2014.36 1958.36 1922.46 1872.12 3551.03 1785.38 1723.44 1567.56 1557.87 1544.26 1534.35 1410.37 1386.34 1362.01 1197.4 1139.9 940.889 926.847 846.741 1842.57 797.704 778.027 1331.85 763.359 695.072 643.065 1550.49 633.886 628.53 617.708 600.548 572.599 499.569 495.032 908.76 488.489 487.537 704.406 460.752 790.76 460.52 451.779 448.647 508.305 1065.35 427.989 423.101 410.822 964.72 415.172 410.755 406.833 405.96 536.749
threshold=53.500000000000007 53.500000000000007 17.500000000000004 32.500000000000007 38.500000000000007 17.500000000000004 24.500000000000004 45.500000000000007 34.500000000000007 26.500000000000004 24.500000000000004 2.5000000000000004 62.500000000000007 2022.5000000000002 13.500000000000002 4.1241496598639467 31.500000000000004 9.5000000000000018 46.500000000000007 42.500000000000007 9.5000000000000018 43.500000000000007 47.500000000000007 13.500000000000002 3.102453102453103 2022.5000000000002 46.500000000000007 1.5000000000000002 2022.5000000000002 30.500000000000004 19.500000000000004 6.5000000000000009 3.5000000000000004 59.500000000000007 8.5000000000000018 37.500000000000007 2022.5000000000002 22.500000000000004 1.5000000000000002 3.5000000000000004 2022.5000000000002 2.5000000000000004 2022.5000000000002 2.5000000000000004 2022.5000000000002 1.5000000000000002 2022.5000000000002 1.0000000180025095e-35 2023.5000000000002 1.0000000180025095e-35 1.0000000180025095e-35 35.500000000000007 34.500000000000007 1.5000000000000002 2023.5000000000002 59.500000000000007 90.168461750897563 23.500000000000004 12.500000000000002 17.500000000000004 12.500000000000002 2022.5000000000002
decision_type=2 2 2 2 2 2 2 2 2 2 2 2 2 2 2 2 2 2 2 2 2 2 2 2 2 2 2 2 2 2 2 2 2 2 2 2 2 2 2 2 2 2 2 2 2 2 2 2 2 2 2 2 2 2 2 2 2 2 2 2 2 2
left_child=1 2 8 4 9 13 7 40 60 10 44 12 -2 37 41 24 -11 19 36 28 21 31 58 49 -3 26 -21 -28 35 30 -16 -15 55 34 -17 -10 -19 -6 54 -7 -5 42 -12 -42 45 -4 -31 -48 -24 -13 51 52 -40 -39 -8 56 -25 -58 -22 -23 -1 -62
right_child=11 15 3 6 5 39 38 -9 17 16 14 23 -14 20 29 33 -18 18 -20 25 22 59 48 32 -26 -27 27 -29 -30 46 -32 -33 -34 -35 -36 -37 -38 53 50 -41 43 -43 -44 -45 -46 -47 47 -49 -50 -51 -52 -53 -54 -55 -56 -57 57 -59 -60 -61 61 -63
leaf_value=0.19203780538061105 0.062019365511188675 -0.04700455791374307 -0.045135931313037871 0.077255376867025521 0.11259765144454632 -0.069386153727007668 -0.070682127931229882 -0.085592593071977696 0.21887495378255842 0.05237249904607786 0.00032859958981821592 -0.095815560348410267 -0.093561297511479111 0.19923971075027144 0.16704408827973599 0.032584712516171357 -0.036724848336931591 0.10727088103522842 -0.014477053621492115 0.042931400099251837 -0.011712562662396415 0.0058475971353093787 -0.13983714973281144 -0.064490764355129584 0.09983233237482475 0.061740163257015673 0.12988714486791506 0.44406148446150695 0.19953887528869338 0.081194233060611118 0.064091738625262198 0.078206137657892902 -0.11933806185886056 -0.087766948593121299 -0.072337231572663849 0.050333348815684367 0.052843390695188966 -0.026125474489480261 -0.061471335827083945 -0.12397639729574257 -0.10014914948707342 0.17907595518958963 0.16320773272343947 0.021893170290135291 0.20600171262826558 0.15517261311134531 -0.10453047615087903 0.042121471760213622 -0.036155227386496139 -0.15895924213971724 -0.097511479652324651 -0.079317993669430861 0.18617100585372218 0.074937270899759587 0.015700596154838497 -0.079248503026119618 0.14401240685902222 0.0053561268857626925 0.038206305163915738 0.049441946317302116 0.045177818685636993 0.19465675780044817
leaf_weight=429 677 210 54 407 1035 3697 336 1855 74 2338 142 534 798 200 417 447 620 697 746 215 669 803 156 968 225 2014 482 51 445 749 1277 378 638 2440 1648 222 2238 149 144 554 86 425 215 1425 347 224 95 2186 341 622 3090 554 61 348 244 1477 70 226 1070 1607 139 106
leaf_count=429 677 210 54 407 1035 3697 336 1855 74 2338 142 534 798 200 417 447 620 697 746 215 669 803 156 968 225 2014 482 51 445 749 1277 378 638 2440 1648 222 2238 149 144 554 86 425 215 1425 347 224 95 2186 341 622 3090 554 61 348 244 1477 70 226 1070 1607 139 106
internal_value=6.84925e-05 0.010472 0.0203824 0.00383985 0.0286749 -0.00307576 -0.0570049 -0.0277764 0.0799462 0.0671225 0.0832437 -0.0711107 -0.0221554 0.0431462 0.0737834 -0.0616136 0.0336898 0.0721716 0.0495321 0.0959391 0.029215 0.0514909 -0.000560118 -0.0870238 0.0289889 0.0794503 0.126982 0.160733 0.157203 0.0623755 0.0895213 0.120367 -0.0723187 -0.0703098 -0.0499433 0.0930807 0.0658026 0.0905972 -0.0818913 -0.0765291 0.0281537 0.142524 0.0986169 0.0148821 0.166326 0.116224 0.0471727 0.0359683 -0.0689247 -0.129903 -0.0890403 -0.0544635 0.0127391 0.0446371 -0.0343687 -0.061333 -0.0403485 0.0385378 0.0190038 0.0349271 0.162577 0.110399
internal_weight=47136 41126 36156 28298 20096 11007 8202 3773 7858 9089 6131 6010 1475 6756 5506 4970 2958 7184 3681 3503 5224 2988 2236 4535 435 2762 748 533 741 4724 1694 578 3379 4535 2095 296 2935 1532 4429 4251 1918 782 357 1511 625 278 3030 2281 497 1156 3849 759 205 497 580 2741 1264 296 1739 2410 674 245
internal_count=47136 41126 36156 28298 20096 11007 8202 3773 7858 9089 6131 6010 1475 6756 5506 4970 2958 7184 3681 3503 5224 2988 2236 4535 435 2762 748 533 741 4724 1694 578 3379 4535 2095 296 2935 1532 4429 4251 1918 782 357 1511 625 278 3030 2281 497 1156 3849 759 205 497 580 2741 1264 296 1739 2410 674 245
is_linear=0
shrinkage=0.05


end of trees

feature_importances:
Column_0=495
Column_7=420
Column_9=310
Column_11=268
Column_4=189
Column_10=134
Column_1=97
Column_6=87
Column_3=67
Column_8=46
Column_2=31
Column_5=26

parameters:
[boosting: gbdt]
[objective: regression]
[metric: rmse]
[tree_learner: serial]
[device_type: cpu]
[data_sample_strategy: bagging]
[data: ]
[valid: ]
[num_iterations: 1500]
[learning_rate: 0.05]
[num_leaves: 63]
[num_threads: 12]
[seed: 42]
[deterministic: 0]
[force_col_wise: 0]
[force_row_wise: 0]
[histogram_pool_size: -1]
[max_depth: -1]
[min_data_in_leaf: 50]
[min_sum_hessian_in_leaf: 0.001]
[bagging_fraction: 0.8]
[pos_bagging_fraction: 1]
[neg_bagging_fraction: 1]
[bagging_freq: 0]
[bagging_seed: 400]
[bagging_by_query: 0]
[feature_fraction: 0.8]
[feature_fraction_bynode: 1]
[feature_fraction_seed: 30056]
[extra_trees: 0]
[extra_seed: 12879]
[early_stopping_round: 0]
[early_stopping_min_delta: 0]
[first_metric_only: 0]
[max_delta_step: 0]
[lambda_l1: 0.1]
[lambda_l2: 1]
[linear_lambda: 0]
[min_gain_to_split: 0]
[drop_rate: 0.1]
[max_drop: 50]
[skip_drop: 0.5]
[xgboost_dart_mode: 0]
[uniform_drop: 0]
[drop_seed: 17869]
[top_rate: 0.2]
[other_rate: 0.1]
[min_data_per_group: 100]
[max_cat_threshold: 32]
[cat_l2: 10]
[cat_smooth: 10]
[max_cat_to_onehot: 4]
[top_k: 20]
[monotone_constraints: ]
[monotone_constraints_method: basic]
[monotone_penalty: 0]
[feature_contri: ]
[forcedsplits_filename: ]
[refit_decay_rate: 0.9]
[cegb_tradeoff: 1]
[cegb_penalty_split: 0]
[cegb_penalty_feature_lazy: ]
[cegb_penalty_feature_coupled: ]
[path_smooth: 0]
[interaction_constraints: ]
[verbosity: -1]
[saved_feature_importance_type: 0]
[use_quantized_grad: 0]
[num_grad_quant_bins: 4]
[quant_train_renew_leaf: 0]
[stochastic_rounding: 1]
[linear_tree: 0]
[max_bin: 255]
[max_bin_by_feature: ]
[min_data_in_bin: 3]
[bin_construct_sample_cnt: 200000]
[data_random_seed: 175]
[is_enable_sparse: 1]
[enable_bundle: 1]
[use_missing: 1]
[zero_as_missing: 0]
[feature_pre_filter: 1]
[pre_partition: 0]
[two_round: 0]
[header: 0]
[label_column: ]
[weight_column: ]
[group_column: ]
[ignore_column: ]
[categorical_feature: ]
[forcedbins_filename: ]
[precise_float_parser: 0]
[parser_config_file: ]
[objective_seed: 16083]
[num_class: 1]
[is_unbalance: 0]
[scale_pos_weight: 1]
[sigmoid: 1]
[boost_from_average: 1]
[reg_sqrt: 0]
[alpha: 0.9]
[fair_c: 1]
[poisson_max_delta_step: 0.7]
[tweedie_variance_power: 1.5]
[lambdarank_truncation_level: 30]
[lambdarank_norm: 1]
[label_gain: ]
[lambdarank_position_bias_regularization: 0]
[eval_at: ]
[multi_error_top_k: 1]
[auc_mu_weights: ]
[num_machines: 1]
[local_listen_port: 12400]
[time_out: 120]
[machine_list_filename: ]
[machines: ]
[gpu_platform_id: -1]
[gpu_device_id: -1]
[gpu_device_id_list: ]
[gpu_use_dp: 0]
[num_gpu: 1]

end of parameters

pandas_categorical:null
