Year,GrandPrix,Round,Country,Location,Time,Driver,DriverNumber,LapTime,LapNumber,Stint,PitOutTime,DriverFullName,PitInTime,Sector1Time,Sector2Time,Sector3Time,Sector1SessionTime,Sector2SessionTime,Sector3SessionTime,SpeedI1,SpeedI2,SpeedFL,SpeedST,IsPersonalBest,Compound,TyreLife,FreshTyre,Team,LapStartTime,LapStartDate,TrackStatus,Position,Deleted,DeletedReason,FastF1Generated,IsAccurate,AirTemp,Humidity,Pressure,Rainfall,TrackTemp,WindDirection,WindSpeed,HasGreen,HasYellow,HasSafetyCar,HasRedFlag,HasVSC,HasVSCEnding,GapToLeader,IntervalToPositionAhead,GapToLeaderSeconds,IntervalToPositionAheadSeconds,TimeSeconds,LapTimeSeconds,PitInTimeSeconds,PitOutTimeSeconds,Sector1TimeSeconds,Sector2TimeSeconds,Sector3TimeSeconds,Sector1SessionTimeSeconds,Sector2SessionTimeSeconds,Sector3SessionTimeSeconds,LapStartTimeSeconds
2022,Hungarian Grand Prix,13,Hungary,Budapest,0 days 01:03:42.550000,VER,1,0 days 00:01:36.512000,1.0,1.0,,Max Verstappen,,,0 days 00:00:32.843000,0 days 00:00:26.532000,,0 days 01:03:16.298000,0 days 01:03:42.588000,245.0,227.0,77.0,257.0,False,SOFT,2.0,False,Red Bull Racing,0 days 01:02:05.807000,,126,8.0,False,,False,False,18.4,70.0,985.7,True,26.4,289,5.0,True,True,False,False,True,False,+8.121,+0.972,8.121,0.972,3822.55,96.512,,,,32.843,26.532,,3796.298,3822.588,3725.807
2022,Hungarian Grand Prix,13,Hungary,Budapest,0 days 01:05:37.010000,VER,1,0 days 00:01:54.460000,2.0,1.0,,Max Verstappen,,0 days 00:00:48.472000,0 days 00:00:33.956000,0 days 00:00:32.032000,0 days 01:04:31.037000,0 days 01:05:04.993000,0 days 01:05:37.025000,228.0,198.0,206.0,75.0,True,SOFT,3.0,False,Red Bull Racing,0 days 01:03:42.550000,,6,8.0,False,,False,False,18.4,70.0,985.7,True,26.5,286,4.5,False,False,False,False,True,False,+10.656,+1.026,10.656,1.026,3937.01,114.46,,,48.472,33.956,32.032,3871.037,3904.993,3937.025,3822.55
2022,Hungarian Grand Prix,13,Hungary,Budapest,0 days 01:07:05.201000,VER,1,0 days 00:01:28.191000,3.0,1.0,,Max Verstappen,,0 days 00:00:33.699000,0 days 00:00:30.743000,0 days 00:00:23.749000,0 days 01:06:10.724000,0 days 01:06:41.467000,0 days 01:07:05.216000,280.0,237.0,246.0,251.0,True,SOFT,4.0,False,Red Bull Racing,0 days 01:05:37.010000,,671,8.0,False,,False,False,18.4,70.0,985.5,False,26.7,277,3.9,True,False,False,False,True,True,+8.051,+0.340,8.051,0.34,4025.201,88.191,,,33.699,30.743,23.749,3970.724,4001.467,4025.216,3937.01
2022,Hungarian Grand Prix,13,Hungary,Budapest,0 days 01:08:30.259000,VER,1,0 days 00:01:25.058000,4.0,1.0,,Max Verstappen,,0 days 00:00:30.148000,0 days 00:00:31.114000,0 days 00:00:23.796000,0 days 01:07:35.364000,0 days 01:08:06.478000,0 days 01:08:30.274000,261.0,233.0,247.0,302.0,True,SOFT,5.0,False,Red Bull Racing,0 days 01:07:05.201000,,1,8.0,False,,False,True,18.4,70.0,985.5,False,26.7,299,3.2,True,False,False,False,False,False,+9.387,+0.656,9.387,0.656,4110.259,85.058,,,30.148,31.114,23.796,4055.364,4086.478,4110.274,4025.201
2022,Hungarian Grand Prix,13,Hungary,Budapest,0 days 01:09:54.380000,VER,1,0 days 00:01:24.121000,5.0,1.0,,Max Verstappen,,0 days 00:00:29.811000,0 days 00:00:30.698000,0 days 00:00:23.612000,0 days 01:09:00.085000,0 days 01:09:30.783000,0 days 01:09:54.395000,280.0,235.0,247.0,299.0,True,SOFT,6.0,False,Red Bull Racing,0 days 01:08:30.259000,,1,7.0,False,,False,True,18.6,71.0,985.5,True,26.5,290,3.5,True,False,False,False,False,False,+9.554,+0.694,9.554,0.694,4194.38,84.121,,,29.811,30.698,23.612,4140.085,4170.783,4194.395,4110.259
2022,Hungarian Grand Prix,13,Hungary,Budapest,0 days 01:11:19.184000,VER,1,0 days 00:01:24.804000,6.0,1.0,,Max Verstappen,,0 days 00:00:29.825000,0 days 00:00:31.013000,0 days 00:00:23.966000,0 days 01:10:24.220000,0 days 01:10:55.233000,0 days 01:11:19.199000,278.0,234.0,246.0,297.0,False,SOFT,7.0,False,Red Bull Racing,0 days 01:09:54.380000,,1,7.0,False,,False,True,18.6,70.0,985.5,False,26.7,297,3.5,True,False,False,False,False,False,+10.359,+0.498,10.359,0.498,4279.184,84.804,,,29.825,31.013,23.966,4224.22,4255.233,4279.199,4194.38
2022,Hungarian Grand Prix,13,Hungary,Budapest,0 days 01:12:43.263000,VER,1,0 days 00:01:24.079000,7.0,1.0,,Max Verstappen,,0 days 00:00:29.722000,0 days 00:00:30.642000,0 days 00:00:23.715000,0 days 01:11:48.921000,0 days 01:12:19.563000,0 days 01:12:43.278000,277.0,233.0,239.0,297.0,True,SOFT,8.0,False,Red Bull Racing,0 days 01:11:19.184000,,1,6.0,False,,False,True,18.6,71.0,985.5,False,26.5,281,3.2,True,False,False,False,False,False,+10.369,+2.701,10.369,2.701,4363.263,84.079,,,29.722,30.642,23.715,4308.921,4339.563,4363.278,4279.184
2022,Hungarian Grand Prix,13,Hungary,Budapest,0 days 01:14:07.419000,VER,1,0 days 00:01:24.156000,8.0,1.0,,Max Verstappen,,0 days 00:00:29.928000,0 days 00:00:30.448000,0 days 00:00:23.780000,0 days 01:13:13.206000,0 days 01:13:43.654000,0 days 01:14:07.434000,276.0,233.0,241.0,281.0,False,SOFT,9.0,False,Red Bull Racing,0 days 01:12:43.263000,,1,6.0,False,,False,True,18.5,71.0,985.5,False,26.6,284,3.9,True,False,False,False,False,False,+10.452,+2.077,10.452,2.077,4447.419,84.156,,,29.928,30.448,23.78,4393.206,4423.654,4447.434,4363.263
2022,Hungarian Grand Prix,13,Hungary,Budapest,0 days 01:15:31.516000,VER,1,0 days 00:01:24.097000,9.0,1.0,,Max Verstappen,,0 days 00:00:29.970000,0 days 00:00:30.455000,0 days 00:00:23.672000,0 days 01:14:37.404000,0 days 01:15:07.859000,0 days 01:15:31.531000,276.0,236.0,241.0,282.0,False,SOFT,10.0,False,Red Bull Racing,0 days 01:14:07.419000,,1,6.0,False,,False,True,18.5,71.0,985.5,False,26.5,296,3.2,True,False,False,False,False,False,+10.835,+1.547,10.835,1.547,4531.516,84.097,,,29.97,30.455,23.672,4477.404,4507.859,4531.531,4447.419
2022,Hungarian Grand Prix,13,Hungary,Budapest,0 days 01:16:56.082000,VER,1,0 days 00:01:24.566000,10.0,1.0,,Max Verstappen,,0 days 00:00:30.008000,0 days 00:00:30.715000,0 days 00:00:23.843000,0 days 01:16:01.539000,0 days 01:16:32.254000,0 days 01:16:56.097000,276.0,232.0,246.0,282.0,False,SOFT,11.0,False,Red Bull Racing,0 days 01:15:31.516000,,1,6.0,False,,False,True,18.5,71.0,985.5,False,26.7,280,3.5,True,False,False,False,False,False,+10.887,+0.847,10.887,0.847,4616.082,84.566,,,30.008,30.715,23.843,4561.539,4592.254,4616.097,4531.516
2022,Hungarian Grand Prix,13,Hungary,Budapest,0 days 01:18:21.438000,VER,1,0 days 00:01:25.356000,11.0,1.0,,Max Verstappen,,0 days 00:00:29.826000,0 days 00:00:31.479000,0 days 00:00:24.051000,0 days 01:17:25.923000,0 days 01:17:57.402000,0 days 01:18:21.453000,278.0,233.0,247.0,299.0,False,SOFT,12.0,False,Red Bull Racing,0 days 01:16:56.082000,,1,6.0,False,,False,True,18.5,71.0,985.5,False,26.8,288,3.7,True,False,False,False,False,False,+11.933,+0.492,11.933,0.492,4701.438,85.356,,,29.826,31.479,24.051,4645.923,4677.402,4701.453,4616.082
2022,Hungarian Grand Prix,13,Hungary,Budapest,0 days 01:19:46.043000,VER,1,0 days 00:01:24.605000,12.0,1.0,,Max Verstappen,,0 days 00:00:29.842000,0 days 00:00:31.033000,0 days 00:00:23.730000,0 days 01:18:51.295000,0 days 01:19:22.328000,0 days 01:19:46.058000,276.0,232.0,240.0,299.0,False,SOFT,13.0,False,Red Bull Racing,0 days 01:18:21.438000,,1,5.0,False,,False,True,18.5,71.0,985.5,False,26.9,289,3.9,True,False,False,False,False,False,+12.339,+1.270,12.339,1.27,4786.043,84.605,,,29.842,31.033,23.73,4731.295,4762.328,4786.058,4701.438
2022,Hungarian Grand Prix,13,Hungary,Budapest,0 days 01:21:10.572000,VER,1,0 days 00:01:24.529000,13.0,1.0,,Max Verstappen,,0 days 00:00:30.151000,0 days 00:00:30.513000,0 days 00:00:23.865000,0 days 01:20:16.209000,0 days 01:20:46.722000,0 days 01:21:10.587000,276.0,231.0,240.0,281.0,False,SOFT,14.0,False,Red Bull Racing,0 days 01:19:46.043000,,1,5.0,False,,False,True,18.5,71.0,985.5,False,26.9,282,4.5,True,False,False,False,False,False,+12.333,+1.509,12.333,1.509,4870.572,84.529,,,30.151,30.513,23.865,4816.209,4846.722,4870.587,4786.043
2022,Hungarian Grand Prix,13,Hungary,Budapest,0 days 01:22:35.252000,VER,1,0 days 00:01:24.680000,14.0,1.0,,Max Verstappen,,0 days 00:00:30.068000,0 days 00:00:30.601000,0 days 00:00:24.011000,0 days 01:21:40.655000,0 days 01:22:11.256000,0 days 01:22:35.267000,276.0,232.0,240.0,282.0,False,SOFT,15.0,False,Red Bull Racing,0 days 01:21:10.572000,,1,5.0,False,,False,True,18.4,72.0,985.5,False,26.9,277,3.9,True,False,False,False,False,False,+12.000,+1.523,12.0,1.523,4955.252,84.68,,,30.068,30.601,24.011,4900.655,4931.256,4955.267,4870.572
2022,Hungarian Grand Prix,13,Hungary,Budapest,0 days 01:23:59.899000,VER,1,0 days 00:01:24.647000,15.0,1.0,,Max Verstappen,,0 days 00:00:30.093000,0 days 00:00:30.693000,0 days 00:00:23.861000,0 days 01:23:05.360000,0 days 01:23:36.053000,0 days 01:23:59.914000,276.0,232.0,247.0,282.0,False,SOFT,16.0,False,Red Bull Racing,0 days 01:22:35.252000,,1,5.0,False,,False,True,18.4,71.0,985.5,False,26.9,267,2.5,True,False,False,False,False,False,+11.774,+0.984,11.774,0.984,5039.899,84.647,,,30.093,30.693,23.861,4985.36,5016.053,5039.914,4955.252
2022,Hungarian Grand Prix,13,Hungary,Budapest,0 days 01:25:27.213000,VER,1,0 days 00:01:27.314000,16.0,1.0,,Max Verstappen,0 days 01:25:25.505000,0 days 00:00:30.047000,0 days 00:00:31.112000,0 days 00:00:26.155000,0 days 01:24:29.961000,0 days 01:25:01.073000,0 days 01:25:27.228000,276.0,235.0,,294.0,False,SOFT,17.0,False,Red Bull Racing,0 days 01:23:59.899000,,1,5.0,False,,False,False,18.4,71.0,985.5,False,27.2,282,3.5,True,False,False,False,False,False,+10.634,+1.238,10.634,1.238,5127.213,87.314,5125.505,,30.047,31.112,26.155,5069.961,5101.073,5127.228,5039.899
2022,Hungarian Grand Prix,13,Hungary,Budapest,0 days 01:27:07.385000,VER,1,0 days 00:01:40.172000,17.0,2.0,0 days 01:25:46.853000,Max Verstappen,,0 days 00:00:47.824000,0 days 00:00:29.289000,0 days 00:00:23.059000,0 days 01:26:15.052000,0 days 01:26:44.341000,0 days 01:27:07.400000,272.0,239.0,242.0,294.0,False,MEDIUM,1.0,True,Red Bull Racing,0 days 01:25:27.213000,,1,8.0,False,,False,False,18.4,70.0,985.5,False,27.2,285,4.5,True,False,False,False,False,False,+28.030,+5.893,28.03,5.893,5227.385,100.172,,5146.853,47.824,29.289,23.059,5175.052,5204.341,5227.4,5127.213
2022,Hungarian Grand Prix,13,Hungary,Budapest,0 days 01:28:30.467000,VER,1,0 days 00:01:23.082000,18.0,2.0,,Max Verstappen,,0 days 00:00:29.740000,0 days 00:00:29.957000,0 days 00:00:23.385000,0 days 01:27:37.140000,0 days 01:28:07.097000,0 days 01:28:30.482000,273.0,237.0,241.0,278.0,True,MEDIUM,2.0,True,Red Bull Racing,0 days 01:27:07.385000,,1,8.0,False,,False,True,18.4,71.0,985.5,False,27.6,287,4.5,True,False,False,False,False,False,+27.311,+2.967,27.311,2.967,5310.467,83.082,,,29.74,29.957,23.385,5257.14,5287.097,5310.482,5227.385
2022,Hungarian Grand Prix,13,Hungary,Budapest,0 days 01:29:53.938000,VER,1,0 days 00:01:23.471000,19.0,2.0,,Max Verstappen,,0 days 00:00:29.787000,0 days 00:00:30.251000,0 days 00:00:23.433000,0 days 01:29:00.269000,0 days 01:29:30.520000,0 days 01:29:53.953000,276.0,236.0,247.0,280.0,False,MEDIUM,3.0,True,Red Bull Racing,0 days 01:28:30.467000,,1,7.0,False,,False,True,18.4,70.0,985.7,False,27.6,281,4.4,True,False,False,False,False,False,+26.818,+0.337,26.818,0.337,5393.938,83.471,,,29.787,30.251,23.433,5340.269,5370.52,5393.953,5310.467
2022,Hungarian Grand Prix,13,Hungary,Budapest,0 days 01:31:17.892000,VER,1,0 days 00:01:23.954000,20.0,2.0,,Max Verstappen,,0 days 00:00:29.494000,0 days 00:00:30.838000,0 days 00:00:23.622000,0 days 01:30:23.447000,0 days 01:30:54.285000,0 days 01:31:17.907000,277.0,233.0,249.0,298.0,False,MEDIUM,4.0,True,Red Bull Racing,0 days 01:29:53.938000,,1,5.0,False,,False,True,18.5,70.0,985.7,False,27.3,280,5.3,True,False,False,False,False,False,+26.541,+0.264,26.541,0.264,5477.892,83.954,,,29.494,30.838,23.622,5423.447,5454.285,5477.907,5393.938
2022,Hungarian Grand Prix,13,Hungary,Budapest,0 days 01:32:40.997000,VER,1,0 days 00:01:23.105000,21.0,2.0,,Max Verstappen,,0 days 00:00:29.504000,0 days 00:00:30.151000,0 days 00:00:23.450000,0 days 01:31:47.411000,0 days 01:32:17.562000,0 days 01:32:41.012000,272.0,235.0,241.0,294.0,False,MEDIUM,5.0,True,Red Bull Racing,0 days 01:31:17.892000,,1,4.0,False,,False,True,18.5,70.0,985.5,False,27.5,279,4.0,True,False,False,False,False,False,+7.603,+4.412,7.603,4.412,5560.997,83.105,,,29.504,30.151,23.45,5507.411,5537.562,5561.012,5477.892
2022,Hungarian Grand Prix,13,Hungary,Budapest,0 days 01:34:04.181000,VER,1,0 days 00:01:23.184000,22.0,2.0,,Max Verstappen,,0 days 00:00:29.715000,0 days 00:00:30.047000,0 days 00:00:23.422000,0 days 01:33:10.727000,0 days 01:33:40.774000,0 days 01:34:04.196000,276.0,234.0,242.0,279.0,False,MEDIUM,6.0,True,Red Bull Racing,0 days 01:32:40.997000,,1,4.0,False,,False,True,18.5,70.0,985.5,False,27.6,290,5.0,True,False,False,False,False,False,+7.054,+3.079,7.054,3.079,5644.181,83.184,,,29.715,30.047,23.422,5590.727,5620.774,5644.196,5560.997
2022,Hungarian Grand Prix,13,Hungary,Budapest,0 days 01:35:27.670000,VER,1,0 days 00:01:23.489000,23.0,2.0,,Max Verstappen,,0 days 00:00:29.703000,0 days 00:00:30.369000,0 days 00:00:23.417000,0 days 01:34:33.899000,0 days 01:35:04.268000,0 days 01:35:27.685000,275.0,236.0,242.0,280.0,False,MEDIUM,7.0,True,Red Bull Racing,0 days 01:34:04.181000,,1,4.0,False,,False,True,18.5,70.0,985.5,False,27.7,293,4.4,True,False,False,False,False,False,+6.995,+2.686,6.995,2.686,5727.67,83.489,,,29.703,30.369,23.417,5673.899,5704.268,5727.685,5644.181
2022,Hungarian Grand Prix,13,Hungary,Budapest,0 days 01:36:51.445000,VER,1,0 days 00:01:23.775000,24.0,2.0,,Max Verstappen,,0 days 00:00:29.633000,0 days 00:00:30.261000,0 days 00:00:23.881000,0 days 01:35:57.318000,0 days 01:36:27.579000,0 days 01:36:51.460000,276.0,235.0,242.0,282.0,False,MEDIUM,8.0,True,Red Bull Racing,0 days 01:35:27.670000,,1,4.0,False,,False,True,18.4,70.0,985.5,False,27.8,277,3.2,True,False,False,False,False,False,+6.885,+2.712,6.885,2.712,5811.445,83.775,,,29.633,30.261,23.881,5757.318,5787.579,5811.46,5727.67
2022,Hungarian Grand Prix,13,Hungary,Budapest,0 days 01:38:14.988000,VER,1,0 days 00:01:23.543000,25.0,2.0,,Max Verstappen,,0 days 00:00:29.761000,0 days 00:00:30.142000,0 days 00:00:23.640000,0 days 01:37:21.221000,0 days 01:37:51.363000,0 days 01:38:15.003000,277.0,236.0,242.0,281.0,False,MEDIUM,9.0,True,Red Bull Racing,0 days 01:36:51.445000,,1,4.0,False,,False,True,18.5,70.0,985.5,False,28.0,271,4.6,True,False,False,False,False,False,+6.736,+2.618,6.736,2.618,5894.988,83.543,,,29.761,30.142,23.64,5841.221,5871.363,5895.003,5811.445
2022,Hungarian Grand Prix,13,Hungary,Budapest,0 days 01:39:38.708000,VER,1,0 days 00:01:23.720000,26.0,2.0,,Max Verstappen,,0 days 00:00:29.793000,0 days 00:00:30.437000,0 days 00:00:23.490000,0 days 01:38:44.796000,0 days 01:39:15.233000,0 days 01:39:38.723000,275.0,234.0,243.0,283.0,False,MEDIUM,10.0,True,Red Bull Racing,0 days 01:38:14.988000,,1,4.0,False,,False,True,18.5,70.0,985.5,False,28.2,282,3.5,True,False,False,False,False,False,+6.724,+2.589,6.724,2.589,5978.708,83.72,,,29.793,30.437,23.49,5924.796,5955.233,5978.723,5894.988
2022,Hungarian Grand Prix,13,Hungary,Budapest,0 days 01:41:02.273000,VER,1,0 days 00:01:23.565000,27.0,2.0,,Max Verstappen,,0 days 00:00:29.820000,0 days 00:00:30.200000,0 days 00:00:23.545000,0 days 01:40:08.543000,0 days 01:40:38.743000,0 days 01:41:02.288000,277.0,235.0,242.0,283.0,False,MEDIUM,11.0,True,Red Bull Racing,0 days 01:39:38.708000,,1,4.0,False,,False,True,18.5,70.0,985.5,False,28.3,277,3.4,True,False,False,False,False,False,+6.374,+2.384,6.374,2.384,6062.273,83.565,,,29.82,30.2,23.545,6008.543,6038.743,6062.288,5978.708
2022,Hungarian Grand Prix,13,Hungary,Budapest,0 days 01:42:25.964000,VER,1,0 days 00:01:23.691000,28.0,2.0,,Max Verstappen,,0 days 00:00:29.822000,0 days 00:00:30.271000,0 days 00:00:23.598000,0 days 01:41:32.110000,0 days 01:42:02.381000,0 days 01:42:25.979000,277.0,237.0,242.0,282.0,False,MEDIUM,12.0,True,Red Bull Racing,0 days 01:41:02.273000,,1,4.0,False,,False,True,18.5,70.0,985.5,False,28.5,294,3.5,True,False,False,False,False,False,+5.487,+2.448,5.487,2.448,6145.964,83.691,,,29.822,30.271,23.598,6092.11,6122.381,6145.979,6062.273
2022,Hungarian Grand Prix,13,Hungary,Budapest,0 days 01:43:50.137000,VER,1,0 days 00:01:24.173000,29.0,2.0,,Max Verstappen,,0 days 00:00:30.207000,0 days 00:00:30.343000,0 days 00:00:23.623000,0 days 01:42:56.186000,0 days 01:43:26.529000,0 days 01:43:50.152000,276.0,236.0,244.0,281.0,False,MEDIUM,13.0,True,Red Bull Racing,0 days 01:42:25.964000,,1,4.0,False,,False,True,18.6,70.0,985.5,False,28.5,291,4.0,True,False,False,False,False,False,+5.432,+2.498,5.432,2.498,6230.137,84.173,,,30.207,30.343,23.623,6176.186,6206.529,6230.152,6145.964
2022,Hungarian Grand Prix,13,Hungary,Budapest,0 days 01:45:13.977000,VER,1,0 days 00:01:23.840000,30.0,2.0,,Max Verstappen,,0 days 00:00:29.958000,0 days 00:00:30.191000,0 days 00:00:23.691000,0 days 01:44:20.110000,0 days 01:44:50.301000,0 days 01:45:13.992000,277.0,236.0,243.0,280.0,False,MEDIUM,14.0,True,Red Bull Racing,0 days 01:43:50.137000,,1,4.0,False,,False,True,18.6,69.0,985.4,False,28.5,274,4.8,True,False,False,False,False,False,+5.042,+2.506,5.042,2.506,6313.977,83.84,,,29.958,30.191,23.691,6260.11,6290.301,6313.992,6230.137
2022,Hungarian Grand Prix,13,Hungary,Budapest,0 days 01:46:37.705000,VER,1,0 days 00:01:23.728000,31.0,2.0,,Max Verstappen,,0 days 00:00:29.798000,0 days 00:00:30.373000,0 days 00:00:23.557000,0 days 01:45:43.790000,0 days 01:46:14.163000,0 days 01:46:37.720000,277.0,237.0,243.0,281.0,False,MEDIUM,15.0,True,Red Bull Racing,0 days 01:45:13.977000,,1,4.0,False,,False,True,18.3,70.0,985.5,False,28.0,293,5.3,True,False,False,False,False,False,+5.356,+2.193,5.356,2.193,6397.705,83.728,,,29.798,30.373,23.557,6343.79,6374.163,6397.72,6313.977
2022,Hungarian Grand Prix,13,Hungary,Budapest,0 days 01:48:02.036000,VER,1,0 days 00:01:24.331000,32.0,2.0,,Max Verstappen,,0 days 00:00:29.823000,0 days 00:00:30.762000,0 days 00:00:23.746000,0 days 01:47:07.543000,0 days 01:47:38.305000,0 days 01:48:02.051000,277.0,235.0,244.0,282.0,False,MEDIUM,16.0,True,Red Bull Racing,0 days 01:46:37.705000,,1,4.0,False,,False,True,18.4,70.0,985.5,False,28.0,277,5.0,True,False,False,False,False,False,+5.343,+2.287,5.343,2.287,6482.036,84.331,,,29.823,30.762,23.746,6427.543,6458.305,6482.051,6397.705
2022,Hungarian Grand Prix,13,Hungary,Budapest,0 days 01:49:25.745000,VER,1,0 days 00:01:23.709000,33.0,2.0,,Max Verstappen,,0 days 00:00:29.827000,0 days 00:00:30.276000,0 days 00:00:23.606000,0 days 01:48:31.878000,0 days 01:49:02.154000,0 days 01:49:25.760000,277.0,233.0,244.0,282.0,False,MEDIUM,17.0,True,Red Bull Racing,0 days 01:48:02.036000,,1,4.0,False,,False,True,18.4,71.0,985.5,False,27.7,266,5.8,True,False,False,False,False,False,+5.697,+2.198,5.697,2.198,6565.745,83.709,,,29.827,30.276,23.606,6511.878,6542.154,6565.76,6482.036
2022,Hungarian Grand Prix,13,Hungary,Budapest,0 days 01:50:49.252000,VER,1,0 days 00:01:23.507000,34.0,2.0,,Max Verstappen,,0 days 00:00:29.685000,0 days 00:00:30.275000,0 days 00:00:23.547000,0 days 01:49:55.445000,0 days 01:50:25.720000,0 days 01:50:49.267000,277.0,237.0,249.0,284.0,False,MEDIUM,18.0,True,Red Bull Racing,0 days 01:49:25.745000,,1,4.0,False,,False,True,18.3,71.0,985.5,False,27.6,285,3.9,True,False,False,False,False,False,+5.806,+1.952,5.806,1.952,6649.252,83.507,,,29.685,30.275,23.547,6595.445,6625.72,6649.267,6565.745
2022,Hungarian Grand Prix,13,Hungary,Budapest,0 days 01:52:12.843000,VER,1,0 days 00:01:23.591000,35.0,2.0,,Max Verstappen,,0 days 00:00:29.434000,0 days 00:00:30.382000,0 days 00:00:23.775000,0 days 01:51:18.701000,0 days 01:51:49.083000,0 days 01:52:12.858000,277.0,235.0,243.0,298.0,False,MEDIUM,19.0,True,Red Bull Racing,0 days 01:50:49.252000,,12,4.0,False,,False,True,18.3,70.0,985.5,False,27.3,282,4.4,True,True,False,False,False,False,+5.864,+1.287,5.864,1.287,6732.843,83.591,,,29.434,30.382,23.775,6678.701,6709.083,6732.858,6649.252
2022,Hungarian Grand Prix,13,Hungary,Budapest,0 days 01:53:36.620000,VER,1,0 days 00:01:23.777000,36.0,2.0,,Max Verstappen,,0 days 00:00:29.884000,0 days 00:00:30.294000,0 days 00:00:23.599000,0 days 01:52:42.742000,0 days 01:53:13.036000,0 days 01:53:36.635000,278.0,233.0,245.0,286.0,False,MEDIUM,20.0,True,Red Bull Racing,0 days 01:52:12.843000,,1,4.0,False,,False,True,18.2,71.0,985.5,False,26.8,279,3.4,True,False,False,False,False,False,+6.503,+1.042,6.503,1.042,6816.62,83.777,,,29.884,30.294,23.599,6762.742,6793.036,6816.635,6732.843
2022,Hungarian Grand Prix,13,Hungary,Budapest,0 days 01:55:00.732000,VER,1,0 days 00:01:24.112000,37.0,2.0,,Max Verstappen,,0 days 00:00:29.920000,0 days 00:00:30.489000,0 days 00:00:23.703000,0 days 01:54:06.555000,0 days 01:54:37.044000,0 days 01:55:00.747000,277.0,236.0,246.0,287.0,False,MEDIUM,21.0,True,Red Bull Racing,0 days 01:53:36.620000,,1,4.0,False,,False,True,18.2,71.0,985.7,False,26.9,282,3.9,True,False,False,False,False,False,+7.191,+1.057,7.191,1.057,6900.732,84.112,,,29.92,30.489,23.703,6846.555,6877.044,6900.747,6816.62
2022,Hungarian Grand Prix,13,Hungary,Budapest,0 days 01:56:27.095000,VER,1,0 days 00:01:26.363000,38.0,2.0,,Max Verstappen,0 days 01:56:25.456000,0 days 00:00:29.903000,0 days 00:00:30.662000,0 days 00:00:25.798000,0 days 01:55:30.650000,0 days 01:56:01.312000,0 days 01:56:27.110000,278.0,234.0,,297.0,False,MEDIUM,22.0,True,Red Bull Racing,0 days 01:55:00.732000,,1,4.0,False,,False,False,18.2,71.0,985.7,False,26.7,287,4.1,True,False,False,False,False,False,+7.644,+0.910,7.644,0.91,6987.095,86.363,6985.456,,29.903,30.662,25.798,6930.65,6961.312,6987.11,6900.732
2022,Hungarian Grand Prix,13,Hungary,Budapest,0 days 01:58:06.550000,VER,1,0 days 00:01:39.455000,39.0,3.0,0 days 01:56:46.641000,Max Verstappen,,0 days 00:00:47.453000,0 days 00:00:29.088000,0 days 00:00:22.914000,0 days 01:57:14.563000,0 days 01:57:43.651000,0 days 01:58:06.565000,276.0,239.0,246.0,297.0,False,MEDIUM,1.0,True,Red Bull Racing,0 days 01:56:27.095000,,1,6.0,False,,False,False,18.0,71.0,985.7,False,26.4,270,5.5,True,False,False,False,False,False,+17.965,+2.409,17.965,2.409,7086.55,99.455,,7006.641,47.453,29.088,22.914,7034.563,7063.651,7086.565,6987.095
2022,Hungarian Grand Prix,13,Hungary,Budapest,0 days 01:59:29.339000,VER,1,0 days 00:01:22.789000,40.0,3.0,,Max Verstappen,,0 days 00:00:29.426000,0 days 00:00:30.099000,0 days 00:00:23.264000,0 days 01:58:35.991000,0 days 01:59:06.090000,0 days 01:59:29.354000,278.0,229.0,251.0,284.0,True,MEDIUM,2.0,True,Red Bull Racing,0 days 01:58:06.550000,,1,4.0,False,,False,True,18.1,71.0,985.7,False,26.5,284,5.0,True,False,False,False,False,False,+16.675,+0.413,16.675,0.413,7169.339,82.789,,,29.426,30.099,23.264,7115.991,7146.09,7169.354,7086.55
2022,Hungarian Grand Prix,13,Hungary,Budapest,0 days 02:00:56.213000,VER,1,0 days 00:01:26.874000,41.0,3.0,,Max Verstappen,,0 days 00:00:29.689000,0 days 00:00:29.737000,0 days 00:00:27.448000,0 days 01:59:59.043000,0 days 02:00:28.780000,0 days 02:00:56.228000,277.0,238.0,244.0,295.0,False,MEDIUM,3.0,True,Red Bull Racing,0 days 01:59:29.339000,,12,4.0,False,,False,True,18.0,72.0,985.7,False,26.5,286,3.7,True,True,False,False,False,False,+19.576,+1.463,19.576,1.463,7256.213,86.874,,,29.689,29.737,27.448,7199.043,7228.78,7256.228,7169.339
2022,Hungarian Grand Prix,13,Hungary,Budapest,0 days 02:02:19.244000,VER,1,0 days 00:01:23.031000,42.0,3.0,,Max Verstappen,,0 days 00:00:30.091000,0 days 00:00:29.902000,0 days 00:00:23.038000,0 days 02:01:26.319000,0 days 02:01:56.221000,0 days 02:02:19.259000,278.0,241.0,245.0,282.0,False,MEDIUM,4.0,True,Red Bull Racing,0 days 02:00:56.213000,,1,4.0,False,,False,True,18.0,71.0,985.7,False,26.4,289,5.1,True,False,False,False,False,False,+18.115,+1.032,18.115,1.032,7339.244,83.031,,,30.091,29.902,23.038,7286.319,7316.221,7339.259,7256.213
2022,Hungarian Grand Prix,13,Hungary,Budapest,0 days 02:03:41.372000,VER,1,0 days 00:01:22.128000,43.0,3.0,,Max Verstappen,,0 days 00:00:29.481000,0 days 00:00:29.660000,0 days 00:00:22.987000,0 days 02:02:48.740000,0 days 02:03:18.400000,0 days 02:03:41.387000,278.0,241.0,251.0,283.0,True,MEDIUM,5.0,True,Red Bull Racing,0 days 02:02:19.244000,,1,4.0,False,,False,True,18.0,71.0,985.7,False,26.1,287,4.8,True,False,False,False,False,False,+16.622,+0.704,16.622,0.704,7421.372,82.128,,,29.481,29.66,22.987,7368.74,7398.4,7421.387,7339.244
2022,Hungarian Grand Prix,13,Hungary,Budapest,0 days 02:05:04.022000,VER,1,0 days 00:01:22.650000,44.0,3.0,,Max Verstappen,,0 days 00:00:29.323000,0 days 00:00:30.127000,0 days 00:00:23.200000,0 days 02:04:10.710000,0 days 02:04:40.837000,0 days 02:05:04.037000,279.0,240.0,251.0,299.0,False,MEDIUM,6.0,True,Red Bull Racing,0 days 02:03:41.372000,,1,4.0,False,,False,True,17.9,71.0,985.7,False,26.2,284,4.5,True,False,False,False,False,False,+15.088,+0.515,15.088,0.515,7504.022,82.65,,,29.323,30.127,23.2,7450.71,7480.837,7504.037,7421.372
2022,Hungarian Grand Prix,13,Hungary,Budapest,0 days 02:06:26.148000,VER,1,0 days 00:01:22.126000,45.0,3.0,,Max Verstappen,,0 days 00:00:29.234000,0 days 00:00:29.620000,0 days 00:00:23.272000,0 days 02:05:33.271000,0 days 02:06:02.891000,0 days 02:06:26.163000,276.0,239.0,243.0,300.0,True,MEDIUM,7.0,True,Red Bull Racing,0 days 02:05:04.022000,,1,3.0,False,,False,True,18.0,71.0,985.7,False,26.0,275,4.6,True,False,False,False,False,False,+13.021,+10.298,13.021,10.298,7586.148,82.126,,,29.234,29.62,23.272,7533.271,7562.891,7586.163,7504.022
2022,Hungarian Grand Prix,13,Hungary,Budapest,0 days 02:07:48.902000,VER,1,0 days 00:01:22.754000,46.0,3.0,,Max Verstappen,,0 days 00:00:29.829000,0 days 00:00:29.759000,0 days 00:00:23.166000,0 days 02:06:55.992000,0 days 02:07:25.751000,0 days 02:07:48.917000,277.0,238.0,245.0,280.0,False,MEDIUM,8.0,True,Red Bull Racing,0 days 02:06:26.148000,,1,3.0,False,,False,True,18.0,71.0,985.7,False,26.1,285,3.7,True,False,False,False,False,False,+11.435,+9.110,11.435,9.11,7668.902,82.754,,,29.829,29.759,23.166,7615.992,7645.751,7668.917,7586.148
2022,Hungarian Grand Prix,13,Hungary,Budapest,0 days 02:09:11.548000,VER,1,0 days 00:01:22.646000,47.0,3.0,,Max Verstappen,,0 days 00:00:29.602000,0 days 00:00:29.833000,0 days 00:00:23.211000,0 days 02:08:18.519000,0 days 02:08:48.352000,0 days 02:09:11.563000,277.0,237.0,244.0,282.0,False,MEDIUM,9.0,True,Red Bull Racing,0 days 02:07:48.902000,,1,3.0,False,,False,True,18.0,72.0,985.7,False,26.1,292,3.5,True,False,False,False,False,False,+7.997,+7.449,7.997,7.449,7751.548,82.646,,,29.602,29.833,23.211,7698.519,7728.352,7751.563,7668.902
2022,Hungarian Grand Prix,13,Hungary,Budapest,0 days 02:10:34.725000,VER,1,0 days 00:01:23.177000,48.0,3.0,,Max Verstappen,,0 days 00:00:29.819000,0 days 00:00:29.903000,0 days 00:00:23.455000,0 days 02:09:41.382000,0 days 02:10:11.285000,0 days 02:10:34.740000,279.0,238.0,244.0,281.0,False,MEDIUM,10.0,True,Red Bull Racing,0 days 02:09:11.548000,,12,2.0,False,,False,True,18.1,70.0,985.7,True,26.1,289,4.6,True,True,False,False,False,False,+6.399,+6.399,6.399,6.399,7834.725,83.177,,,29.819,29.903,23.455,7781.382,7811.285,7834.74,7751.548
2022,Hungarian Grand Prix,13,Hungary,Budapest,0 days 02:11:58.098000,VER,1,0 days 00:01:23.373000,49.0,3.0,,Max Verstappen,,0 days 00:00:29.562000,0 days 00:00:30.140000,0 days 00:00:23.671000,0 days 02:11:04.302000,0 days 02:11:34.442000,0 days 02:11:58.113000,279.0,237.0,247.0,284.0,False,MEDIUM,11.0,True,Red Bull Racing,0 days 02:10:34.725000,,1,2.0,False,,False,True,18.1,71.0,985.7,False,26.1,291,4.3,True,False,False,False,False,False,+5.103,+5.103,5.103,5.103,7918.098,83.373,,,29.562,30.14,23.671,7864.302,7894.442,7918.113,7834.725
2022,Hungarian Grand Prix,13,Hungary,Budapest,0 days 02:13:21.196000,VER,1,0 days 00:01:23.098000,50.0,3.0,,Max Verstappen,,0 days 00:00:29.642000,0 days 00:00:29.983000,0 days 00:00:23.473000,0 days 02:12:27.755000,0 days 02:12:57.738000,0 days 02:13:21.211000,278.0,239.0,244.0,287.0,False,MEDIUM,12.0,True,Red Bull Racing,0 days 02:11:58.098000,,1,2.0,False,,False,True,18.1,71.0,985.7,False,25.7,290,4.1,True,False,False,False,False,False,+3.435,+3.435,3.435,3.435,8001.196,83.098,,,29.642,29.983,23.473,7947.755,7977.738,8001.211,7918.098
2022,Hungarian Grand Prix,13,Hungary,Budapest,0 days 02:14:44.042000,VER,1,0 days 00:01:22.846000,51.0,3.0,,Max Verstappen,,0 days 00:00:29.670000,0 days 00:00:29.876000,0 days 00:00:23.300000,0 days 02:13:50.881000,0 days 02:14:20.757000,0 days 02:14:44.057000,279.0,239.0,244.0,283.0,False,MEDIUM,13.0,True,Red Bull Racing,0 days 02:13:21.196000,,1,1.0,False,,False,True,18.1,70.0,985.7,True,25.8,289,3.7,True,False,False,False,False,False,LAP 51,LAP 51,,,8084.042,82.846,,,29.67,29.876,23.3,8030.881,8060.757,8084.057,8001.196
2022,Hungarian Grand Prix,13,Hungary,Budapest,0 days 02:16:06.628000,VER,1,0 days 00:01:22.586000,52.0,3.0,,Max Verstappen,,0 days 00:00:29.548000,0 days 00:00:29.781000,0 days 00:00:23.257000,0 days 02:15:13.605000,0 days 02:15:43.386000,0 days 02:16:06.643000,278.0,239.0,244.0,282.0,False,MEDIUM,14.0,True,Red Bull Racing,0 days 02:14:44.042000,,1,1.0,False,,False,True,18.2,70.0,985.7,True,25.9,286,4.5,True,False,False,False,False,False,LAP 52,LAP 52,,,8166.628,82.586,,,29.548,29.781,23.257,8113.605,8143.386,8166.643,8084.042
2022,Hungarian Grand Prix,13,Hungary,Budapest,0 days 02:17:29.336000,VER,1,0 days 00:01:22.708000,53.0,3.0,,Max Verstappen,,0 days 00:00:29.630000,0 days 00:00:29.817000,0 days 00:00:23.261000,0 days 02:16:36.273000,0 days 02:17:06.090000,0 days 02:17:29.351000,278.0,239.0,245.0,283.0,False,MEDIUM,15.0,True,Red Bull Racing,0 days 02:16:06.628000,,1,1.0,False,,False,True,18.1,70.0,985.9,False,25.6,291,5.0,True,False,False,False,False,False,LAP 53,LAP 53,,,8249.336,82.708,,,29.63,29.817,23.261,8196.273,8226.09,8249.351,8166.628
2022,Hungarian Grand Prix,13,Hungary,Budapest,0 days 02:18:52.113000,VER,1,0 days 00:01:22.777000,54.0,3.0,,Max Verstappen,,0 days 00:00:29.467000,0 days 00:00:29.917000,0 days 00:00:23.393000,0 days 02:17:58.818000,0 days 02:18:28.735000,0 days 02:18:52.128000,279.0,238.0,245.0,282.0,False,MEDIUM,16.0,True,Red Bull Racing,0 days 02:17:29.336000,,1,1.0,False,,False,True,18.1,70.0,985.7,False,25.5,280,4.5,True,False,False,False,False,False,LAP 54,LAP 54,,,8332.113,82.777,,,29.467,29.917,23.393,8278.818,8308.735,8332.128,8249.336
2022,Hungarian Grand Prix,13,Hungary,Budapest,0 days 02:20:15.123000,VER,1,0 days 00:01:23.010000,55.0,3.0,,Max Verstappen,,0 days 00:00:29.613000,0 days 00:00:30.075000,0 days 00:00:23.322000,0 days 02:19:21.741000,0 days 02:19:51.816000,0 days 02:20:15.138000,277.0,238.0,245.0,282.0,False,MEDIUM,17.0,True,Red Bull Racing,0 days 02:18:52.113000,,1,1.0,False,,False,True,18.1,70.0,985.7,False,25.5,283,5.4,True,False,False,False,False,False,LAP 55,LAP 55,,,8415.123,83.01,,,29.613,30.075,23.322,8361.741,8391.816,8415.138,8332.113
2022,Hungarian Grand Prix,13,Hungary,Budapest,0 days 02:21:38.136000,VER,1,0 days 00:01:23.013000,56.0,3.0,,Max Verstappen,,0 days 00:00:29.536000,0 days 00:00:30.092000,0 days 00:00:23.385000,0 days 02:20:44.674000,0 days 02:21:14.766000,0 days 02:21:38.151000,280.0,240.0,245.0,282.0,False,MEDIUM,18.0,True,Red Bull Racing,0 days 02:20:15.123000,,1,1.0,False,,False,True,18.0,70.0,985.9,True,25.2,288,4.1,True,False,False,False,False,False,LAP 56,LAP 56,,,8498.136,83.013,,,29.536,30.092,23.385,8444.674,8474.766,8498.151,8415.123
2022,Hungarian Grand Prix,13,Hungary,Budapest,0 days 02:23:00.963000,VER,1,0 days 00:01:22.827000,57.0,3.0,,Max Verstappen,,0 days 00:00:29.637000,0 days 00:00:29.949000,0 days 00:00:23.241000,0 days 02:22:07.788000,0 days 02:22:37.737000,0 days 02:23:00.978000,280.0,240.0,246.0,285.0,False,MEDIUM,19.0,True,Red Bull Racing,0 days 02:21:38.136000,,1,1.0,False,,False,True,18.0,69.0,985.9,True,25.2,294,5.6,True,False,False,False,False,False,LAP 57,LAP 57,,,8580.963,82.827,,,29.637,29.949,23.241,8527.788,8557.737,8580.978,8498.136
2022,Hungarian Grand Prix,13,Hungary,Budapest,0 days 02:24:23.831000,VER,1,0 days 00:01:22.868000,58.0,3.0,,Max Verstappen,,0 days 00:00:29.526000,0 days 00:00:29.945000,0 days 00:00:23.397000,0 days 02:23:30.504000,0 days 02:24:00.449000,0 days 02:24:23.846000,281.0,239.0,243.0,283.0,False,MEDIUM,20.0,True,Red Bull Racing,0 days 02:23:00.963000,,1,1.0,False,,False,True,18.0,70.0,985.9,True,25.1,279,4.4,True,False,False,False,False,False,LAP 58,LAP 58,,,8663.831,82.868,,,29.526,29.945,23.397,8610.504,8640.449,8663.846,8580.963
2022,Hungarian Grand Prix,13,Hungary,Budapest,0 days 02:25:46.905000,VER,1,0 days 00:01:23.074000,59.0,3.0,,Max Verstappen,,0 days 00:00:29.698000,0 days 00:00:30.141000,0 days 00:00:23.235000,0 days 02:24:53.544000,0 days 02:25:23.685000,0 days 02:25:46.920000,279.0,238.0,244.0,283.0,False,MEDIUM,21.0,True,Red Bull Racing,0 days 02:24:23.831000,,1,1.0,False,,False,True,18.1,69.0,985.7,True,24.8,288,4.1,True,False,False,False,False,False,LAP 59,LAP 59,,,8746.905,83.074,,,29.698,30.141,23.235,8693.544,8723.685,8746.92,8663.831
2022,Hungarian Grand Prix,13,Hungary,Budapest,0 days 02:27:09.637000,VER,1,0 days 00:01:22.732000,60.0,3.0,,Max Verstappen,,0 days 00:00:29.637000,0 days 00:00:29.727000,0 days 00:00:23.368000,0 days 02:26:16.557000,0 days 02:26:46.284000,0 days 02:27:09.652000,276.0,240.0,244.0,280.0,False,MEDIUM,22.0,True,Red Bull Racing,0 days 02:25:46.905000,,1,1.0,False,,False,True,18.1,70.0,986.0,True,24.8,283,4.5,True,False,False,False,False,False,LAP 60,LAP 60,,,8829.637,82.732,,,29.637,29.727,23.368,8776.557,8806.284,8829.652,8746.905
2022,Hungarian Grand Prix,13,Hungary,Budapest,0 days 02:28:32.468000,VER,1,0 days 00:01:22.831000,61.0,3.0,,Max Verstappen,,0 days 00:00:29.589000,0 days 00:00:29.927000,0 days 00:00:23.315000,0 days 02:27:39.241000,0 days 02:28:09.168000,0 days 02:28:32.483000,275.0,238.0,244.0,281.0,False,MEDIUM,23.0,True,Red Bull Racing,0 days 02:27:09.637000,,1,1.0,False,,False,True,18.0,70.0,985.9,True,24.8,282,4.8,True,False,False,False,False,False,LAP 62,LAP 62,,,8912.468,82.831,,,29.589,29.927,23.315,8859.241,8889.168,8912.483,8829.637
2022,Hungarian Grand Prix,13,Hungary,Budapest,0 days 02:29:55.922000,VER,1,0 days 00:01:23.454000,62.0,3.0,,Max Verstappen,,0 days 00:00:29.688000,0 days 00:00:30.183000,0 days 00:00:23.583000,0 days 02:29:02.171000,0 days 02:29:32.354000,0 days 02:29:55.937000,277.0,239.0,246.0,282.0,False,MEDIUM,24.0,True,Red Bull Racing,0 days 02:28:32.468000,,1,1.0,False,,False,True,18.0,70.0,986.0,True,24.7,287,5.0,True,False,False,False,False,False,LAP 62,LAP 62,,,8995.922,83.454,,,29.688,30.183,23.583,8942.171,8972.354,8995.937,8912.468
2022,Hungarian Grand Prix,13,Hungary,Budapest,0 days 02:31:18.932000,VER,1,0 days 00:01:23.010000,63.0,3.0,,Max Verstappen,,0 days 00:00:29.575000,0 days 00:00:29.977000,0 days 00:00:23.458000,0 days 02:30:25.512000,0 days 02:30:55.489000,0 days 02:31:18.947000,275.0,241.0,244.0,285.0,False,MEDIUM,25.0,True,Red Bull Racing,0 days 02:29:55.922000,,1,1.0,False,,False,True,18.0,70.0,985.9,True,24.6,285,5.0,True,False,False,False,False,False,LAP 63,LAP 63,,,9078.932,83.01,,,29.575,29.977,23.458,9025.512,9055.489,9078.947,8995.922
2022,Hungarian Grand Prix,13,Hungary,Budapest,0 days 02:32:41.910000,VER,1,0 days 00:01:22.978000,64.0,3.0,,Max Verstappen,,0 days 00:00:29.573000,0 days 00:00:29.944000,0 days 00:00:23.461000,0 days 02:31:48.520000,0 days 02:32:18.464000,0 days 02:32:41.925000,276.0,239.0,244.0,281.0,False,MEDIUM,26.0,True,Red Bull Racing,0 days 02:31:18.932000,,1,1.0,False,,False,True,18.0,70.0,986.0,True,24.6,304,3.7,True,False,False,False,False,False,LAP 64,LAP 64,,,9161.91,82.978,,,29.573,29.944,23.461,9108.52,9138.464,9161.925,9078.932
2022,Hungarian Grand Prix,13,Hungary,Budapest,0 days 02:34:04.577000,VER,1,0 days 00:01:22.667000,65.0,3.0,,Max Verstappen,,0 days 00:00:29.559000,0 days 00:00:29.749000,0 days 00:00:23.359000,0 days 02:33:11.484000,0 days 02:33:41.233000,0 days 02:34:04.592000,276.0,242.0,246.0,284.0,False,MEDIUM,27.0,True,Red Bull Racing,0 days 02:32:41.910000,,1,1.0,False,,False,True,18.1,70.0,986.0,True,24.7,287,3.4,True,False,False,False,False,False,LAP 65,LAP 65,,,9244.577,82.667,,,29.559,29.749,23.359,9191.484,9221.233,9244.592,9161.91
2022,Hungarian Grand Prix,13,Hungary,Budapest,0 days 02:35:27.674000,VER,1,0 days 00:01:23.097000,66.0,3.0,,Max Verstappen,,0 days 00:00:29.571000,0 days 00:00:29.989000,0 days 00:00:23.537000,0 days 02:34:34.163000,0 days 02:35:04.152000,0 days 02:35:27.689000,278.0,238.0,244.0,284.0,False,MEDIUM,28.0,True,Red Bull Racing,0 days 02:34:04.577000,,1,1.0,False,,False,True,18.1,69.0,986.0,True,24.7,274,3.7,True,False,False,False,False,False,LAP 66,LAP 66,,,9327.674,83.097,,,29.571,29.989,23.537,9274.163,9304.152,9327.689,9244.577
2022,Hungarian Grand Prix,13,Hungary,Budapest,0 days 02:36:50.961000,VER,1,0 days 00:01:23.287000,67.0,3.0,,Max Verstappen,,0 days 00:00:29.763000,0 days 00:00:29.962000,0 days 00:00:23.562000,0 days 02:35:57.452000,0 days 02:36:27.414000,0 days 02:36:50.976000,275.0,238.0,244.0,281.0,False,MEDIUM,29.0,True,Red Bull Racing,0 days 02:35:27.674000,,1,1.0,False,,False,True,18.1,70.0,986.0,True,24.7,281,2.5,True,False,False,False,False,False,LAP 67,LAP 67,,,9410.961,83.287,,,29.763,29.962,23.562,9357.452,9387.414,9410.976,9327.674
2022,Hungarian Grand Prix,13,Hungary,Budapest,0 days 02:38:28.128000,VER,1,0 days 00:01:37.167000,68.0,3.0,,Max Verstappen,,0 days 00:00:29.914000,0 days 00:00:37.500000,0 days 00:00:29.753000,0 days 02:37:20.890000,0 days 02:37:58.390000,0 days 02:38:28.143000,276.0,179.0,75.0,280.0,False,MEDIUM,30.0,True,Red Bull Racing,0 days 02:36:50.961000,,126,1.0,False,,False,False,18.1,69.0,986.2,False,24.7,272,4.5,True,True,False,False,True,False,LAP 68,LAP 68,,,9508.128,97.167,,,29.914,37.5,29.753,9440.89,9478.39,9508.143,9410.961
2022,Hungarian Grand Prix,13,Hungary,Budapest,0 days 02:40:13.706000,VER,1,0 days 00:01:45.578000,69.0,3.0,,Max Verstappen,,0 days 00:00:42.151000,0 days 00:00:37.876000,0 days 00:00:25.551000,0 days 02:39:10.294000,0 days 02:39:48.170000,0 days 02:40:13.721000,201.0,224.0,241.0,228.0,False,MEDIUM,31.0,True,Red Bull Racing,0 days 02:38:28.128000,,671,1.0,False,,False,False,18.1,70.0,986.0,True,24.3,286,4.9,True,False,False,False,True,True,LAP 69,LAP 69,,,9613.706,105.578,,,42.151,37.876,25.551,9550.294,9588.17,9613.721,9508.128
2022,Hungarian Grand Prix,13,Hungary,Budapest,0 days 02:41:41.950000,VER,1,0 days 00:01:28.244000,70.0,3.0,,Max Verstappen,,0 days 00:00:31.180000,0 days 00:00:31.977000,0 days 00:00:25.087000,0 days 02:40:44.901000,0 days 02:41:16.878000,0 days 02:41:41.965000,274.0,230.0,238.0,281.0,False,MEDIUM,32.0,True,Red Bull Racing,0 days 02:40:13.706000,,1,1.0,False,,False,True,18.0,70.0,986.0,True,23.9,283,4.5,True,False,False,False,False,False,LAP 70,LAP 70,,,9701.95,88.244,,,31.18,31.977,25.087,9644.901,9676.878,9701.965,9613.706
2022,Hungarian Grand Prix,13,Hungary,Budapest,0 days 01:03:58.470000,GAS,10,0 days 00:01:52.432000,1.0,1.0,0 days 01:02:16.277000,Pierre Gasly,,,0 days 00:00:33.698000,0 days 00:00:36.952000,,0 days 01:03:21.579000,0 days 01:03:58.553000,268.0,223.0,87.0,,False,SOFT,1.0,True,AlphaTauri,0 days 01:02:05.807000,,126,20.0,False,,False,False,18.4,70.0,985.7,True,26.4,289,5.0,True,True,False,False,True,False,+24.041,+1.793,24.041,1.793,3838.47,112.432,,3736.277,,33.698,36.952,,3801.579,3838.553,3725.807
2022,Hungarian Grand Prix,13,Hungary,Budapest,0 days 01:05:48.339000,GAS,10,0 days 00:01:49.869000,2.0,1.0,,Pierre Gasly,,0 days 00:00:46.231000,0 days 00:00:34.367000,0 days 00:00:29.271000,0 days 01:04:44.724000,0 days 01:05:19.091000,0 days 01:05:48.362000,254.0,215.0,191.0,123.0,True,SOFT,2.0,True,AlphaTauri,0 days 01:03:58.470000,,67,20.0,False,,False,False,18.4,70.0,985.7,True,26.5,286,4.5,False,False,False,False,True,True,+21.782,+0.546,21.782,0.546,3948.339,109.869,,,46.231,34.367,29.271,3884.724,3919.091,3948.362,3838.47
2022,Hungarian Grand Prix,13,Hungary,Budapest,0 days 01:07:15.909000,GAS,10,0 days 00:01:27.570000,3.0,1.0,,Pierre Gasly,,0 days 00:00:31.769000,0 days 00:00:31.588000,0 days 00:00:24.213000,0 days 01:06:20.131000,0 days 01:06:51.719000,0 days 01:07:15.932000,276.0,230.0,245.0,269.0,True,SOFT,3.0,True,AlphaTauri,0 days 01:05:48.339000,,71,19.0,False,,False,False,18.4,70.0,985.5,False,26.7,277,3.9,True,False,False,False,False,True,+18.617,+0.395,18.617,0.395,4035.909,87.57,,,31.769,31.588,24.213,3980.131,4011.719,4035.932,3948.339
2022,Hungarian Grand Prix,13,Hungary,Budapest,0 days 01:08:41.933000,GAS,10,0 days 00:01:26.024000,4.0,1.0,,Pierre Gasly,,0 days 00:00:30.397000,0 days 00:00:31.694000,0 days 00:00:23.933000,0 days 01:07:46.329000,0 days 01:08:18.023000,0 days 01:08:41.956000,275.0,224.0,250.0,299.0,True,SOFT,4.0,True,AlphaTauri,0 days 01:07:15.909000,,1,19.0,False,,False,True,18.4,70.0,985.5,True,26.5,284,4.0,True,False,False,False,False,False,+21.119,+0.594,21.119,0.594,4121.933,86.024,,,30.397,31.694,23.933,4066.329,4098.023,4121.956,4035.909
2022,Hungarian Grand Prix,13,Hungary,Budapest,0 days 01:10:07.839000,GAS,10,0 days 00:01:25.906000,5.0,1.0,,Pierre Gasly,,0 days 00:00:30.456000,0 days 00:00:31.362000,0 days 00:00:24.088000,0 days 01:09:12.412000,0 days 01:09:43.774000,0 days 01:10:07.862000,276.0,228.0,250.0,301.0,True,SOFT,5.0,True,AlphaTauri,0 days 01:08:41.933000,,1,19.0,False,,False,True,18.6,71.0,985.5,True,26.5,290,3.5,True,False,False,False,False,False,+23.013,+0.503,23.013,0.503,4207.839,85.906,,,30.456,31.362,24.088,4152.412,4183.774,4207.862,4121.933
2022,Hungarian Grand Prix,13,Hungary,Budapest,0 days 01:11:33.401000,GAS,10,0 days 00:01:25.562000,6.0,1.0,,Pierre Gasly,,0 days 00:00:30.317000,0 days 00:00:31.163000,0 days 00:00:24.082000,0 days 01:10:38.179000,0 days 01:11:09.342000,0 days 01:11:33.424000,270.0,230.0,248.0,300.0,True,SOFT,6.0,True,AlphaTauri,0 days 01:10:07.839000,,1,19.0,False,,False,True,18.6,71.0,985.5,False,26.5,291,4.4,True,False,False,False,False,False,+24.606,+0.568,24.606,0.568,4293.401,85.562,,,30.317,31.163,24.082,4238.179,4269.342,4293.424,4207.839
2022,Hungarian Grand Prix,13,Hungary,Budapest,0 days 01:12:59.158000,GAS,10,0 days 00:01:25.757000,7.0,1.0,,Pierre Gasly,,0 days 00:00:30.502000,0 days 00:00:31.292000,0 days 00:00:23.963000,0 days 01:12:03.926000,0 days 01:12:35.218000,0 days 01:12:59.181000,268.0,230.0,248.0,298.0,False,SOFT,7.0,True,AlphaTauri,0 days 01:11:33.401000,,1,18.0,False,,False,True,18.6,71.0,985.5,False,26.5,281,3.2,True,False,False,False,False,False,+26.330,+0.612,26.33,0.612,4379.158,85.757,,,30.502,31.292,23.963,4323.926,4355.218,4379.181,4293.401
2022,Hungarian Grand Prix,13,Hungary,Budapest,0 days 01:14:24.720000,GAS,10,0 days 00:01:25.562000,8.0,1.0,,Pierre Gasly,,0 days 00:00:30.205000,0 days 00:00:31.291000,0 days 00:00:24.066000,0 days 01:13:29.386000,0 days 01:14:00.677000,0 days 01:14:24.743000,276.0,224.0,248.0,298.0,False,SOFT,8.0,True,AlphaTauri,0 days 01:12:59.158000,,1,18.0,False,,False,True,18.5,71.0,985.5,False,26.6,284,3.9,True,False,False,False,False,False,+27.760,+0.407,27.76,0.407,4464.72,85.562,,,30.205,31.291,24.066,4409.386,4440.677,4464.743,4379.158
2022,Hungarian Grand Prix,13,Hungary,Budapest,0 days 01:15:49.764000,GAS,10,0 days 00:01:25.044000,9.0,1.0,,Pierre Gasly,,0 days 00:00:30.311000,0 days 00:00:30.800000,0 days 00:00:23.933000,0 days 01:14:55.054000,0 days 01:15:25.854000,0 days 01:15:49.787000,274.0,233.0,241.0,301.0,True,SOFT,9.0,True,AlphaTauri,0 days 01:14:24.720000,,1,17.0,False,,False,True,18.5,71.0,985.5,False,26.5,296,3.2,True,False,False,False,False,False,+29.035,+2.044,29.035,2.044,4549.764,85.044,,,30.311,30.8,23.933,4495.054,4525.854,4549.787,4464.72
2022,Hungarian Grand Prix,13,Hungary,Budapest,0 days 01:17:15.093000,GAS,10,0 days 00:01:25.329000,10.0,1.0,,Pierre Gasly,,0 days 00:00:30.450000,0 days 00:00:30.907000,0 days 00:00:23.972000,0 days 01:16:20.237000,0 days 01:16:51.144000,0 days 01:17:15.116000,275.0,232.0,242.0,279.0,False,SOFT,10.0,True,AlphaTauri,0 days 01:15:49.764000,,1,17.0,False,,False,True,18.5,71.0,985.5,False,26.7,280,3.5,True,False,False,False,False,False,+29.898,+1.651,29.898,1.651,4635.093,85.329,,,30.45,30.907,23.972,4580.237,4611.144,4635.116,4549.764
2022,Hungarian Grand Prix,13,Hungary,Budapest,0 days 01:18:41.096000,GAS,10,0 days 00:01:26.003000,11.0,1.0,,Pierre Gasly,,0 days 00:00:30.412000,0 days 00:00:31.403000,0 days 00:00:24.188000,0 days 01:17:45.528000,0 days 01:18:16.931000,0 days 01:18:41.119000,277.0,230.0,243.0,283.0,False,SOFT,11.0,True,AlphaTauri,0 days 01:17:15.093000,,1,17.0,False,,False,True,18.5,71.0,985.5,False,26.8,285,4.1,True,False,False,False,False,False,+31.591,+1.832,31.591,1.832,4721.096,86.003,,,30.412,31.403,24.188,4665.528,4696.931,4721.119,4635.093
2022,Hungarian Grand Prix,13,Hungary,Budapest,0 days 01:20:07.179000,GAS,10,0 days 00:01:26.083000,12.0,1.0,,Pierre Gasly,,0 days 00:00:30.479000,0 days 00:00:31.256000,0 days 00:00:24.348000,0 days 01:19:11.598000,0 days 01:19:42.854000,0 days 01:20:07.202000,276.0,231.0,240.0,283.0,False,SOFT,12.0,True,AlphaTauri,0 days 01:18:41.096000,,1,17.0,False,,False,True,18.5,71.0,985.5,False,26.9,289,3.9,True,False,False,False,False,False,+33.475,+1.382,33.475,1.382,4807.179,86.083,,,30.479,31.256,24.348,4751.598,4782.854,4807.202,4721.096
2022,Hungarian Grand Prix,13,Hungary,Budapest,0 days 01:21:34.118000,GAS,10,0 days 00:01:26.939000,13.0,1.0,,Pierre Gasly,,0 days 00:00:30.515000,0 days 00:00:31.918000,0 days 00:00:24.506000,0 days 01:20:37.717000,0 days 01:21:09.635000,0 days 01:21:34.141000,278.0,221.0,247.0,283.0,False,SOFT,13.0,True,AlphaTauri,0 days 01:20:07.179000,,1,16.0,False,,False,True,18.5,71.0,985.5,False,26.9,282,4.4,True,False,False,False,False,False,+35.876,+0.636,35.876,0.636,4894.118,86.939,,,30.515,31.918,24.506,4837.717,4869.635,4894.141,4807.179
2022,Hungarian Grand Prix,13,Hungary,Budapest,0 days 01:23:00.684000,GAS,10,0 days 00:01:26.566000,14.0,1.0,,Pierre Gasly,,0 days 00:00:30.359000,0 days 00:00:31.715000,0 days 00:00:24.492000,0 days 01:22:04.500000,0 days 01:22:36.215000,0 days 01:23:00.707000,273.0,224.0,243.0,296.0,False,SOFT,14.0,True,AlphaTauri,0 days 01:21:34.118000,,1,16.0,False,,False,True,18.4,72.0,985.5,False,26.9,277,3.9,True,False,False,False,False,False,+37.473,+3.038,37.473,3.038,4980.684,86.566,,,30.359,31.715,24.492,4924.5,4956.215,4980.707,4894.118
2022,Hungarian Grand Prix,13,Hungary,Budapest,0 days 01:24:27.486000,GAS,10,0 days 00:01:26.802000,15.0,1.0,,Pierre Gasly,,0 days 00:00:30.544000,0 days 00:00:31.803000,0 days 00:00:24.455000,0 days 01:23:31.251000,0 days 01:24:03.054000,0 days 01:24:27.509000,274.0,227.0,241.0,281.0,False,SOFT,15.0,True,AlphaTauri,0 days 01:23:00.684000,,1,14.0,False,,False,True,18.4,71.0,985.5,False,26.9,267,2.5,True,False,False,False,False,False,+39.361,+2.472,39.361,2.472,5067.486,86.802,,,30.544,31.803,24.455,5011.251,5043.054,5067.509,4980.684
2022,Hungarian Grand Prix,13,Hungary,Budapest,0 days 01:25:56.889000,GAS,10,0 days 00:01:29.403000,16.0,1.0,,Pierre Gasly,0 days 01:25:55.182000,0 days 00:00:30.665000,0 days 00:00:31.735000,0 days 00:00:27.003000,0 days 01:24:58.174000,0 days 01:25:29.909000,0 days 01:25:56.912000,274.0,227.0,,278.0,False,SOFT,16.0,True,AlphaTauri,0 days 01:24:27.486000,,1,13.0,False,,False,False,18.4,70.0,985.5,False,27.2,291,3.2,True,False,False,False,False,False,+39.808,+5.590,39.808,5.59,5156.889,89.403,5155.182,,30.665,31.735,27.003,5098.174,5129.909,5156.912,5067.486
2022,Hungarian Grand Prix,13,Hungary,Budapest,0 days 01:27:42.373000,GAS,10,0 days 00:01:45.484000,17.0,2.0,0 days 01:26:16.873000,Pierre Gasly,,0 days 00:00:49.800000,0 days 00:00:31.700000,0 days 00:00:23.984000,0 days 01:26:46.712000,0 days 01:27:18.412000,0 days 01:27:42.396000,272.0,225.0,240.0,278.0,False,MEDIUM,1.0,True,AlphaTauri,0 days 01:25:56.889000,,1,20.0,False,,False,False,18.4,70.0,985.5,False,27.2,285,4.5,True,False,False,False,False,False,+62.956,+2.000,62.956,2.0,5262.373,105.484,,5176.873,49.8,31.7,23.984,5206.712,5238.412,5262.396,5156.889
2022,Hungarian Grand Prix,13,Hungary,Budapest,0 days 01:29:07.409000,GAS,10,0 days 00:01:25.036000,18.0,2.0,,Pierre Gasly,,0 days 00:00:30.435000,0 days 00:00:30.977000,0 days 00:00:23.624000,0 days 01:28:12.831000,0 days 01:28:43.808000,0 days 01:29:07.432000,276.0,230.0,242.0,279.0,True,MEDIUM,2.0,True,AlphaTauri,0 days 01:27:42.373000,,1,20.0,False,,False,True,18.4,71.0,985.5,False,27.6,287,4.5,True,False,False,False,False,False,+64.211,+1.009,64.211,1.009,5347.409,85.036,,,30.435,30.977,23.624,5292.831,5323.808,5347.432,5262.373
2022,Hungarian Grand Prix,13,Hungary,Budapest,0 days 01:30:32.926000,GAS,10,0 days 00:01:25.517000,19.0,2.0,,Pierre Gasly,,0 days 00:00:30.205000,0 days 00:00:31.381000,0 days 00:00:23.931000,0 days 01:29:37.637000,0 days 01:30:09.018000,0 days 01:30:32.949000,276.0,229.0,248.0,281.0,False,MEDIUM,3.0,True,AlphaTauri,0 days 01:29:07.409000,,1,19.0,False,,False,True,18.5,70.0,985.7,False,27.3,280,5.3,True,False,False,False,False,False,+65.826,+0.384,65.826,0.384,5432.926,85.517,,,30.205,31.381,23.931,5377.637,5409.018,5432.949,5347.409
2022,Hungarian Grand Prix,13,Hungary,Budapest,0 days 01:31:57.773000,GAS,10,0 days 00:01:24.847000,20.0,2.0,,Pierre Gasly,,0 days 00:00:29.864000,0 days 00:00:30.818000,0 days 00:00:24.165000,0 days 01:31:02.813000,0 days 01:31:33.631000,0 days 01:31:57.796000,275.0,232.0,241.0,300.0,True,MEDIUM,4.0,True,AlphaTauri,0 days 01:30:32.926000,,1,18.0,False,,False,True,18.5,70.0,985.5,False,27.5,283,4.3,True,False,False,False,False,False,+66.325,+2.983,66.325,2.983,5517.773,84.847,,,29.864,30.818,24.165,5462.813,5493.631,5517.796,5432.926
2022,Hungarian Grand Prix,13,Hungary,Budapest,0 days 01:33:22.977000,GAS,10,0 days 00:01:25.204000,21.0,2.0,,Pierre Gasly,,0 days 00:00:30.354000,0 days 00:00:30.919000,0 days 00:00:23.931000,0 days 01:32:28.150000,0 days 01:32:59.069000,0 days 01:33:23,274.0,231.0,247.0,281.0,False,MEDIUM,5.0,True,AlphaTauri,0 days 01:31:57.773000,,1,17.0,False,,False,True,18.5,70.0,985.5,False,27.5,279,4.0,True,False,False,False,False,False,+49.589,+0.654,49.589,0.654,5602.977,85.204,,,30.354,30.919,23.931,5548.15,5579.069,5603.0,5517.773
2022,Hungarian Grand Prix,13,Hungary,Budapest,0 days 01:34:48.001000,GAS,10,0 days 00:01:25.024000,22.0,2.0,,Pierre Gasly,,0 days 00:00:29.860000,0 days 00:00:31.076000,0 days 00:00:24.088000,0 days 01:33:52.860000,0 days 01:34:23.936000,0 days 01:34:48.024000,275.0,228.0,243.0,295.0,False,MEDIUM,6.0,True,AlphaTauri,0 days 01:33:22.977000,,1,17.0,False,,False,True,18.5,70.0,985.5,False,27.7,293,4.4,True,False,False,False,False,False,+50.892,+1.382,50.892,1.382,5688.001,85.024,,,29.86,31.076,24.088,5632.86,5663.936,5688.024,5602.977
2022,Hungarian Grand Prix,13,Hungary,Budapest,0 days 01:36:14.129000,GAS,10,0 days 00:01:26.128000,23.0,2.0,,Pierre Gasly,,0 days 00:00:30.396000,0 days 00:00:31.566000,0 days 00:00:24.166000,0 days 01:35:18.420000,0 days 01:35:49.986000,0 days 01:36:14.152000,279.0,230.0,249.0,281.0,False,MEDIUM,7.0,True,AlphaTauri,0 days 01:34:48.001000,,1,17.0,False,,False,True,18.5,70.0,985.5,False,27.8,291,3.5,True,False,False,False,False,False,+53.454,+0.447,53.454,0.447,5774.129,86.128,,,30.396,31.566,24.166,5718.42,5749.986,5774.152,5688.001
2022,Hungarian Grand Prix,13,Hungary,Budapest,0 days 01:37:38.651000,GAS,10,0 days 00:01:24.522000,24.0,2.0,,Pierre Gasly,,0 days 00:00:29.857000,0 days 00:00:30.721000,0 days 00:00:23.944000,0 days 01:36:44.009000,0 days 01:37:14.730000,0 days 01:37:38.674000,276.0,233.0,244.0,300.0,True,MEDIUM,8.0,True,AlphaTauri,0 days 01:36:14.129000,,1,16.0,False,,False,True,18.5,70.0,985.5,False,28.0,271,4.6,True,False,False,False,False,False,+54.146,+1.363,54.146,1.363,5858.651,84.522,,,29.857,30.721,23.944,5804.009,5834.73,5858.674,5774.129
2022,Hungarian Grand Prix,13,Hungary,Budapest,0 days 01:39:03.394000,GAS,10,0 days 00:01:24.743000,25.0,2.0,,Pierre Gasly,,0 days 00:00:30.026000,0 days 00:00:30.822000,0 days 00:00:23.895000,0 days 01:38:08.700000,0 days 01:38:39.522000,0 days 01:39:03.417000,277.0,232.0,249.0,285.0,False,MEDIUM,9.0,True,AlphaTauri,0 days 01:37:38.651000,,1,16.0,False,,False,True,18.5,70.0,985.5,False,28.1,285,4.1,True,False,False,False,False,False,+55.194,+0.897,55.194,0.897,5943.394,84.743,,,30.026,30.822,23.895,5888.7,5919.522,5943.417,5858.651
2022,Hungarian Grand Prix,13,Hungary,Budapest,0 days 01:40:28.278000,GAS,10,0 days 00:01:24.884000,26.0,2.0,,Pierre Gasly,,0 days 00:00:30.012000,0 days 00:00:31.072000,0 days 00:00:23.800000,0 days 01:39:33.429000,0 days 01:40:04.501000,0 days 01:40:28.301000,275.0,230.0,242.0,297.0,False,MEDIUM,10.0,True,AlphaTauri,0 days 01:39:03.394000,,1,15.0,False,,False,True,18.5,70.0,985.5,False,28.2,282,3.5,True,False,False,False,False,False,+56.254,+8.131,56.254,8.131,6028.278,84.884,,,30.012,31.072,23.8,5973.429,6004.501,6028.301,5943.394
2022,Hungarian Grand Prix,13,Hungary,Budapest,0 days 01:41:53.415000,GAS,10,0 days 00:01:25.137000,27.0,2.0,,Pierre Gasly,,0 days 00:00:30.352000,0 days 00:00:31.035000,0 days 00:00:23.750000,0 days 01:40:58.653000,0 days 01:41:29.688000,0 days 01:41:53.438000,274.0,230.0,243.0,281.0,False,MEDIUM,11.0,True,AlphaTauri,0 days 01:40:28.278000,,1,14.0,False,,False,True,18.5,70.0,985.5,False,28.5,294,3.5,True,False,False,False,False,False,+57.544,+8.588,57.544,8.588,6113.415,85.137,,,30.352,31.035,23.75,6058.653,6089.688,6113.438,6028.278
2022,Hungarian Grand Prix,13,Hungary,Budapest,0 days 01:43:18.356000,GAS,10,0 days 00:01:24.941000,28.0,2.0,,Pierre Gasly,,0 days 00:00:30.160000,0 days 00:00:31.004000,0 days 00:00:23.777000,0 days 01:42:23.598000,0 days 01:42:54.602000,0 days 01:43:18.379000,276.0,232.0,244.0,279.0,False,MEDIUM,12.0,True,AlphaTauri,0 days 01:41:53.415000,,1,13.0,False,,False,True,18.6,70.0,985.5,False,28.5,285,3.7,True,False,False,False,False,False,+57.961,+8.527,57.961,8.527,6198.356,84.941,,,30.16,31.004,23.777,6143.598,6174.602,6198.379,6113.415
2022,Hungarian Grand Prix,13,Hungary,Budapest,0 days 01:44:43.166000,GAS,10,0 days 00:01:24.810000,29.0,2.0,,Pierre Gasly,,0 days 00:00:30.280000,0 days 00:00:30.824000,0 days 00:00:23.706000,0 days 01:43:48.659000,0 days 01:44:19.483000,0 days 01:44:43.189000,275.0,233.0,242.0,280.0,False,MEDIUM,13.0,True,AlphaTauri,0 days 01:43:18.356000,,1,13.0,False,,False,True,18.6,69.0,985.4,False,28.5,274,4.8,True,False,False,False,False,False,+58.470,+8.464,58.47,8.464,6283.166,84.81,,,30.28,30.824,23.706,6228.659,6259.483,6283.189,6198.356
2022,Hungarian Grand Prix,13,Hungary,Budapest,0 days 01:46:08.219000,GAS,10,0 days 00:01:25.053000,30.0,2.0,,Pierre Gasly,,0 days 00:00:30.167000,0 days 00:00:30.786000,0 days 00:00:24.100000,0 days 01:45:13.356000,0 days 01:45:44.142000,0 days 01:46:08.242000,277.0,231.0,242.0,280.0,False,MEDIUM,14.0,True,AlphaTauri,0 days 01:44:43.166000,,1,13.0,False,,False,True,18.4,70.0,985.5,False,28.5,290,3.9,True,False,False,False,False,False,+58.742,+7.942,58.742,7.942,6368.219,85.053,,,30.167,30.786,24.1,6313.356,6344.142,6368.242,6283.166
2022,Hungarian Grand Prix,13,Hungary,Budapest,0 days 01:47:32.853000,GAS,10,0 days 00:01:24.634000,31.0,2.0,,Pierre Gasly,,0 days 00:00:30.222000,0 days 00:00:30.645000,0 days 00:00:23.767000,0 days 01:46:38.464000,0 days 01:47:09.109000,0 days 01:47:32.876000,275.0,231.0,245.0,281.0,False,MEDIUM,15.0,True,AlphaTauri,0 days 01:46:08.219000,,1,13.0,False,,False,True,18.4,70.0,985.5,False,28.0,277,5.0,True,False,False,False,False,False,+60.530,+6.313,60.53,6.313,6452.853,84.634,,,30.222,30.645,23.767,6398.464,6429.109,6452.876,6368.219
2022,Hungarian Grand Prix,13,Hungary,Budapest,0 days 01:48:57.727000,GAS,10,0 days 00:01:24.874000,32.0,2.0,,Pierre Gasly,,0 days 00:00:30.083000,0 days 00:00:30.756000,0 days 00:00:24.035000,0 days 01:48:02.959000,0 days 01:48:33.715000,0 days 01:48:57.750000,275.0,232.0,243.0,281.0,False,MEDIUM,16.0,True,AlphaTauri,0 days 01:47:32.853000,,1,13.0,False,,False,True,18.4,71.0,985.5,False,27.7,266,5.8,True,False,False,False,False,False,+61.082,+5.843,61.082,5.843,6537.727,84.874,,,30.083,30.756,24.035,6482.959,6513.715,6537.75,6452.853
2022,Hungarian Grand Prix,13,Hungary,Budapest,0 days 01:50:22.719000,GAS,10,0 days 00:01:24.992000,33.0,2.0,,Pierre Gasly,,0 days 00:00:30.128000,0 days 00:00:30.955000,0 days 00:00:23.909000,0 days 01:49:27.878000,0 days 01:49:58.833000,0 days 01:50:22.742000,275.0,232.0,245.0,281.0,False,MEDIUM,17.0,True,AlphaTauri,0 days 01:48:57.727000,,1,13.0,False,,False,True,18.4,71.0,985.7,False,27.6,294,4.0,True,False,False,False,False,False,+62.661,+6.002,62.661,6.002,6622.719,84.992,,,30.128,30.955,23.909,6567.878,6598.833,6622.742,6537.727
2022,Hungarian Grand Prix,13,Hungary,Budapest,0 days 01:51:47.389000,GAS,10,0 days 00:01:24.670000,34.0,2.0,,Pierre Gasly,,0 days 00:00:30.035000,0 days 00:00:30.843000,0 days 00:00:23.792000,0 days 01:50:52.777000,0 days 01:51:23.620000,0 days 01:51:47.412000,275.0,233.0,243.0,281.0,False,MEDIUM,18.0,True,AlphaTauri,0 days 01:50:22.719000,,12,13.0,False,,False,True,18.3,70.0,985.5,False,27.3,282,4.4,True,True,False,False,False,False,+63.944,+5.798,63.944,5.798,6707.389,84.67,,,30.035,30.843,23.792,6652.777,6683.62,6707.412,6622.719
2022,Hungarian Grand Prix,13,Hungary,Budapest,0 days 01:53:12.216000,GAS,10,0 days 00:01:24.827000,35.0,2.0,,Pierre Gasly,,0 days 00:00:29.997000,0 days 00:00:31.025000,0 days 00:00:23.805000,0 days 01:52:17.409000,0 days 01:52:48.434000,0 days 01:53:12.239000,275.0,230.0,244.0,282.0,False,MEDIUM,19.0,True,AlphaTauri,0 days 01:51:47.389000,,21,13.0,False,,False,True,18.3,71.0,985.7,False,26.8,276,4.5,True,True,False,False,False,False,+65.315,+4.921,65.315,4.921,6792.216,84.827,,,29.997,31.025,23.805,6737.409,6768.434,6792.239,6707.389
2022,Hungarian Grand Prix,13,Hungary,Budapest,0 days 01:54:36.881000,GAS,10,0 days 00:01:24.665000,36.0,2.0,,Pierre Gasly,,0 days 00:00:30.097000,0 days 00:00:30.895000,0 days 00:00:23.673000,0 days 01:53:42.336000,0 days 01:54:13.231000,0 days 01:54:36.904000,276.0,234.0,245.0,281.0,False,MEDIUM,20.0,True,AlphaTauri,0 days 01:53:12.216000,,1,13.0,False,,False,True,18.2,71.0,985.7,False,26.9,282,3.9,True,False,False,False,False,False,+66.827,+3.777,66.827,3.777,6876.881,84.665,,,30.097,30.895,23.673,6822.336,6853.231,6876.904,6792.216
2022,Hungarian Grand Prix,13,Hungary,Budapest,0 days 01:56:01.750000,GAS,10,0 days 00:01:24.869000,37.0,2.0,,Pierre Gasly,,0 days 00:00:30.374000,0 days 00:00:30.804000,0 days 00:00:23.691000,0 days 01:55:07.278000,0 days 01:55:38.082000,0 days 01:56:01.773000,276.0,233.0,244.0,281.0,False,MEDIUM,21.0,True,AlphaTauri,0 days 01:54:36.881000,,1,13.0,False,,False,True,18.2,71.0,985.7,False,26.7,287,4.1,True,False,False,False,False,False,+68.281,+3.581,68.281,3.581,6961.75,84.869,,,30.374,30.804,23.691,6907.278,6938.082,6961.773,6876.881
2022,Hungarian Grand Prix,13,Hungary,Budapest,0 days 01:57:26.944000,GAS,10,0 days 00:01:25.194000,38.0,2.0,,Pierre Gasly,,0 days 00:00:30.278000,0 days 00:00:31.109000,0 days 00:00:23.807000,0 days 01:56:32.051000,0 days 01:57:03.160000,0 days 01:57:26.967000,275.0,224.0,243.0,281.0,False,MEDIUM,22.0,True,AlphaTauri,0 days 01:56:01.750000,,1,13.0,False,,False,True,18.1,72.0,985.7,False,26.8,290,2.7,True,False,False,False,False,False,+69.696,+3.442,69.696,3.442,7046.944,85.194,,,30.278,31.109,23.807,6992.051,7023.16,7046.967,6961.75
2022,Hungarian Grand Prix,13,Hungary,Budapest,0 days 01:58:51.820000,GAS,10,0 days 00:01:24.876000,39.0,2.0,,Pierre Gasly,,0 days 00:00:30.234000,0 days 00:00:30.881000,0 days 00:00:23.761000,0 days 01:57:57.201000,0 days 01:58:28.082000,0 days 01:58:51.843000,276.0,232.0,246.0,281.0,False,MEDIUM,23.0,True,AlphaTauri,0 days 01:57:26.944000,,1,13.0,False,,False,True,18.0,72.0,985.7,False,26.5,293,3.4,True,False,False,False,False,False,+63.191,+3.809,63.191,3.809,7131.82,84.876,,,30.234,30.881,23.761,7077.201,7108.082,7131.843,7046.944
2022,Hungarian Grand Prix,13,Hungary,Budapest,0 days 02:00:16.590000,GAS,10,0 days 00:01:24.770000,40.0,2.0,,Pierre Gasly,,0 days 00:00:30.033000,0 days 00:00:30.886000,0 days 00:00:23.851000,0 days 01:59:21.876000,0 days 01:59:52.762000,0 days 02:00:16.613000,277.0,229.0,244.0,279.0,False,MEDIUM,24.0,True,AlphaTauri,0 days 01:58:51.820000,,1,13.0,False,,False,True,18.1,71.0,985.7,False,26.5,284,5.0,True,False,False,False,False,False,+63.898,+3.835,63.898,3.835,7216.59,84.77,,,30.033,30.886,23.851,7161.876,7192.762,7216.613,7131.82
2022,Hungarian Grand Prix,13,Hungary,Budapest,0 days 02:01:41.654000,GAS,10,0 days 00:01:25.064000,41.0,2.0,,Pierre Gasly,,0 days 00:00:30.252000,0 days 00:00:31.096000,0 days 00:00:23.716000,0 days 02:00:46.865000,0 days 02:01:17.961000,0 days 02:01:41.677000,276.0,233.0,244.0,281.0,False,MEDIUM,25.0,True,AlphaTauri,0 days 02:00:16.590000,,12,13.0,False,,False,True,18.0,71.0,985.7,False,26.4,289,5.1,True,True,False,False,False,False,+65.049,+3.239,65.049,3.239,7301.654,85.064,,,30.252,31.096,23.716,7246.865,7277.961,7301.677,7216.59
2022,Hungarian Grand Prix,13,Hungary,Budapest,0 days 02:03:06.746000,GAS,10,0 days 00:01:25.092000,42.0,2.0,,Pierre Gasly,,0 days 00:00:30.151000,0 days 00:00:31.042000,0 days 00:00:23.899000,0 days 02:02:11.828000,0 days 02:02:42.870000,0 days 02:03:06.769000,276.0,232.0,242.0,280.0,False,MEDIUM,26.0,True,AlphaTauri,0 days 02:01:41.654000,,1,13.0,False,,False,True,17.9,71.0,985.5,False,26.4,288,4.5,True,False,False,False,False,False,+65.617,+3.074,65.617,3.074,7386.746,85.092,,,30.151,31.042,23.899,7331.828,7362.87,7386.769,7301.654
2022,Hungarian Grand Prix,13,Hungary,Budapest,0 days 02:04:31.659000,GAS,10,0 days 00:01:24.913000,43.0,2.0,,Pierre Gasly,,0 days 00:00:30.249000,0 days 00:00:30.852000,0 days 00:00:23.812000,0 days 02:03:37.018000,0 days 02:04:07.870000,0 days 02:04:31.682000,276.0,233.0,245.0,279.0,False,MEDIUM,27.0,True,AlphaTauri,0 days 02:03:06.746000,,1,13.0,False,,False,True,17.9,71.0,985.7,False,26.2,284,4.5,True,False,False,False,False,False,+66.939,+3.159,66.939,3.159,7471.659,84.913,,,30.249,30.852,23.812,7417.018,7447.87,7471.682,7386.746
2022,Hungarian Grand Prix,13,Hungary,Budapest,0 days 02:05:56.688000,GAS,10,0 days 00:01:25.029000,44.0,2.0,,Pierre Gasly,,0 days 00:00:30.037000,0 days 00:00:31.051000,0 days 00:00:23.941000,0 days 02:05:01.719000,0 days 02:05:32.770000,0 days 02:05:56.711000,277.0,228.0,244.0,284.0,False,MEDIUM,28.0,True,AlphaTauri,0 days 02:04:31.659000,,1,13.0,False,,False,True,18.0,71.0,985.7,False,26.0,275,4.6,True,False,False,False,False,False,+67.739,+2.999,67.739,2.999,7556.688,85.029,,,30.037,31.051,23.941,7501.719,7532.77,7556.711,7471.659
2022,Hungarian Grand Prix,13,Hungary,Budapest,0 days 02:07:22.161000,GAS,10,0 days 00:01:25.473000,45.0,2.0,,Pierre Gasly,,0 days 00:00:30.269000,0 days 00:00:31.214000,0 days 00:00:23.990000,0 days 02:06:26.980000,0 days 02:06:58.194000,0 days 02:07:22.184000,276.0,230.0,243.0,280.0,False,MEDIUM,29.0,True,AlphaTauri,0 days 02:05:56.688000,,1,13.0,False,,False,True,18.0,72.0,985.7,False,26.1,286,3.9,True,False,False,False,False,False,+68.989,+3.482,68.989,3.482,7642.161,85.473,,,30.269,31.214,23.99,7586.98,7618.194,7642.184,7556.688
2022,Hungarian Grand Prix,13,Hungary,Budapest,0 days 02:08:49.727000,GAS,10,0 days 00:01:27.566000,46.0,2.0,,Pierre Gasly,0 days 02:08:48.066000,0 days 00:00:30.164000,0 days 00:00:31.098000,0 days 00:00:26.304000,0 days 02:07:52.348000,0 days 02:08:23.446000,0 days 02:08:49.750000,277.0,231.0,,282.0,False,MEDIUM,30.0,True,AlphaTauri,0 days 02:07:22.161000,,1,14.0,False,,False,False,18.0,72.0,985.7,False,26.1,292,3.5,True,False,False,False,False,False,+69.746,+3.357,69.746,3.357,7729.727,87.566,7728.066,,30.164,31.098,26.304,7672.348,7703.446,7729.75,7642.161
2022,Hungarian Grand Prix,13,Hungary,Budapest,0 days 02:10:32.808000,GAS,10,0 days 00:01:43.081000,47.0,3.0,0 days 02:09:09.503000,Pierre Gasly,,0 days 00:00:48.579000,0 days 00:00:30.981000,0 days 00:00:23.521000,0 days 02:09:38.329000,0 days 02:10:09.310000,0 days 02:10:32.831000,274.0,232.0,246.0,282.0,False,SOFT,1.0,True,AlphaTauri,0 days 02:08:49.727000,,12,15.0,False,,False,False,18.1,71.0,985.7,False,26.1,296,3.7,True,True,False,False,False,False,1 L,+1.925,,1.925,7832.808,103.081,,7749.503,48.579,30.981,23.521,7778.329,7809.31,7832.831,7729.727
2022,Hungarian Grand Prix,13,Hungary,Budapest,0 days 02:11:58.624000,GAS,10,0 days 00:01:25.816000,48.0,3.0,,Pierre Gasly,,0 days 00:00:29.952000,0 days 00:00:30.674000,0 days 00:00:25.190000,0 days 02:11:02.783000,0 days 02:11:33.457000,0 days 02:11:58.647000,278.0,232.0,253.0,283.0,False,SOFT,2.0,True,AlphaTauri,0 days 02:10:32.808000,,1,15.0,False,,False,True,18.1,71.0,985.7,False,26.1,291,4.3,True,False,False,False,False,False,1 L,+1.437,,1.437,7918.624,85.816,,,29.952,30.674,25.19,7862.783,7893.457,7918.647,7832.808
2022,Hungarian Grand Prix,13,Hungary,Budapest,0 days 02:13:26.349000,GAS,10,0 days 00:01:27.725000,49.0,3.0,,Pierre Gasly,,0 days 00:00:30.378000,0 days 00:00:31.711000,0 days 00:00:25.636000,0 days 02:12:29.025000,0 days 02:13:00.736000,0 days 02:13:26.372000,275.0,233.0,251.0,301.0,False,SOFT,3.0,True,AlphaTauri,0 days 02:11:58.624000,,1,15.0,False,,False,True,18.1,71.0,985.7,False,25.7,290,4.1,True,False,False,False,False,False,1 L,+2.344,,2.344,8006.349,87.725,,,30.378,31.711,25.636,7949.025,7980.736,8006.372,7918.624
2022,Hungarian Grand Prix,13,Hungary,Budapest,0 days 02:14:52.197000,GAS,10,0 days 00:01:25.848000,50.0,3.0,,Pierre Gasly,,0 days 00:00:29.963000,0 days 00:00:31.960000,0 days 00:00:23.925000,0 days 02:13:56.335000,0 days 02:14:28.295000,0 days 02:14:52.220000,280.0,233.0,250.0,302.0,False,SOFT,4.0,True,AlphaTauri,0 days 02:13:26.349000,,1,15.0,False,,False,True,18.1,70.0,985.7,True,25.8,289,3.7,True,False,False,False,False,False,1 L,+0.371,,0.371,8092.197,85.848,,,29.963,31.96,23.925,8036.335,8068.295,8092.22,8006.349
2022,Hungarian Grand Prix,13,Hungary,Budapest,0 days 02:16:15.685000,GAS,10,0 days 00:01:23.488000,51.0,3.0,,Pierre Gasly,,0 days 00:00:29.740000,0 days 00:00:30.337000,0 days 00:00:23.411000,0 days 02:15:21.960000,0 days 02:15:52.297000,0 days 02:16:15.708000,277.0,237.0,244.0,301.0,True,SOFT,5.0,True,AlphaTauri,0 days 02:14:52.197000,,1,14.0,False,,False,True,18.2,70.0,985.7,True,25.9,286,4.5,True,False,False,False,False,False,1 L,+4.741,,4.741,8175.685,83.488,,,29.74,30.337,23.411,8121.96,8152.297,8175.708,8092.197
2022,Hungarian Grand Prix,13,Hungary,Budapest,0 days 02:17:40.955000,GAS,10,0 days 00:01:25.270000,52.0,3.0,,Pierre Gasly,,0 days 00:00:29.866000,0 days 00:00:30.856000,0 days 00:00:24.548000,0 days 02:16:45.574000,0 days 02:17:16.430000,0 days 02:17:40.978000,280.0,203.0,252.0,283.0,False,SOFT,6.0,True,AlphaTauri,0 days 02:16:15.685000,,1,14.0,False,,False,True,18.1,70.0,985.9,False,25.6,291,5.0,True,False,False,False,False,False,1 L,+5.841,,5.841,8260.955,85.27,,,29.866,30.856,24.548,8205.574,8236.43,8260.978,8175.685
2022,Hungarian Grand Prix,13,Hungary,Budapest,0 days 02:19:04.601000,GAS,10,0 days 00:01:23.646000,53.0,3.0,,Pierre Gasly,,0 days 00:00:29.588000,0 days 00:00:30.343000,0 days 00:00:23.715000,0 days 02:18:10.566000,0 days 02:18:40.909000,0 days 02:19:04.624000,278.0,236.0,245.0,300.0,False,SOFT,7.0,True,AlphaTauri,0 days 02:17:40.955000,,1,14.0,False,,False,True,18.1,70.0,985.7,False,25.5,280,4.5,True,False,False,False,False,False,1 L,+3.749,,3.749,8344.601,83.646,,,29.588,30.343,23.715,8290.566,8320.909,8344.624,8260.955
2022,Hungarian Grand Prix,13,Hungary,Budapest,0 days 02:20:28.064000,GAS,10,0 days 00:01:23.463000,54.0,3.0,,Pierre Gasly,,0 days 00:00:29.836000,0 days 00:00:30.250000,0 days 00:00:23.377000,0 days 02:19:34.460000,0 days 02:20:04.710000,0 days 02:20:28.087000,278.0,235.0,252.0,285.0,True,SOFT,8.0,True,AlphaTauri,0 days 02:19:04.601000,,1,14.0,False,,False,True,18.1,70.0,985.7,False,25.5,283,5.4,True,False,False,False,False,False,1 L,+0.551,,0.551,8428.064,83.463,,,29.836,30.25,23.377,8374.46,8404.71,8428.087,8344.601
2022,Hungarian Grand Prix,13,Hungary,Budapest,0 days 02:21:51.602000,GAS,10,0 days 00:01:23.538000,55.0,3.0,,Pierre Gasly,,0 days 00:00:29.784000,0 days 00:00:30.305000,0 days 00:00:23.449000,0 days 02:20:57.871000,0 days 02:21:28.176000,0 days 02:21:51.625000,277.0,237.0,247.0,301.0,False,SOFT,9.0,True,AlphaTauri,0 days 02:20:28.064000,,1,13.0,False,,False,True,18.0,70.0,985.9,True,25.2,288,4.1,True,False,False,False,False,False,1 L,+10.148,,10.148,8511.602,83.538,,,29.784,30.305,23.449,8457.871,8488.176,8511.625,8428.064
2022,Hungarian Grand Prix,13,Hungary,Budapest,0 days 02:23:14.845000,GAS,10,0 days 00:01:23.243000,56.0,3.0,,Pierre Gasly,,0 days 00:00:29.644000,0 days 00:00:30.214000,0 days 00:00:23.385000,0 days 02:22:21.269000,0 days 02:22:51.483000,0 days 02:23:14.868000,278.0,236.0,247.0,286.0,True,SOFT,10.0,True,AlphaTauri,0 days 02:21:51.602000,,1,13.0,False,,False,True,18.0,69.0,985.9,True,25.2,294,5.6,True,False,False,False,False,False,1 L,+10.513,,10.513,8594.845,83.243,,,29.644,30.214,23.385,8541.269,8571.483,8594.868,8511.602
2022,Hungarian Grand Prix,13,Hungary,Budapest,0 days 02:24:40.448000,GAS,10,0 days 00:01:25.603000,57.0,3.0,,Pierre Gasly,,0 days 00:00:29.943000,0 days 00:00:31.972000,0 days 00:00:23.688000,0 days 02:23:44.811000,0 days 02:24:16.783000,0 days 02:24:40.471000,276.0,234.0,245.0,282.0,False,SOFT,11.0,True,AlphaTauri,0 days 02:23:14.845000,,1,13.0,False,,False,True,18.0,70.0,985.9,True,25.1,284,3.5,True,False,False,False,False,False,1 L,+12.722,,12.722,8680.448,85.603,,,29.943,31.972,23.688,8624.811,8656.783,8680.471,8594.845
2022,Hungarian Grand Prix,13,Hungary,Budapest,0 days 02:26:03.647000,GAS,10,0 days 00:01:23.199000,58.0,3.0,,Pierre Gasly,,0 days 00:00:29.615000,0 days 00:00:30.141000,0 days 00:00:23.443000,0 days 02:25:10.086000,0 days 02:25:40.227000,0 days 02:26:03.670000,280.0,236.0,247.0,284.0,True,SOFT,12.0,True,AlphaTauri,0 days 02:24:40.448000,,1,13.0,False,,False,True,18.1,69.0,985.7,True,24.8,288,4.1,True,False,False,False,False,False,1 L,+12.697,,12.697,8763.647,83.199,,,29.615,30.141,23.443,8710.086,8740.227,8763.67,8680.448
2022,Hungarian Grand Prix,13,Hungary,Budapest,0 days 02:27:26.900000,GAS,10,0 days 00:01:23.253000,59.0,3.0,,Pierre Gasly,,0 days 00:00:29.655000,0 days 00:00:30.048000,0 days 00:00:23.550000,0 days 02:26:33.325000,0 days 02:27:03.373000,0 days 02:27:26.923000,279.0,235.0,245.0,283.0,False,SOFT,13.0,True,AlphaTauri,0 days 02:26:03.647000,,1,13.0,False,,False,True,18.1,70.0,986.0,True,24.8,283,4.5,True,False,False,False,False,False,1 L,+12.560,,12.56,8846.9,83.253,,,29.655,30.048,23.55,8793.325,8823.373,8846.923,8763.647
2022,Hungarian Grand Prix,13,Hungary,Budapest,0 days 02:28:50.325000,GAS,10,0 days 00:01:23.425000,60.0,3.0,,Pierre Gasly,,0 days 00:00:29.652000,0 days 00:00:30.341000,0 days 00:00:23.432000,0 days 02:27:56.575000,0 days 02:28:26.916000,0 days 02:28:50.348000,277.0,235.0,246.0,281.0,False,SOFT,14.0,True,AlphaTauri,0 days 02:27:26.900000,,1,13.0,False,,False,True,18.0,70.0,985.9,True,24.8,282,4.8,True,False,False,False,False,False,1 L,+12.492,,12.492,8930.325,83.425,,,29.652,30.341,23.432,8876.575,8906.916,8930.348,8846.9
2022,Hungarian Grand Prix,13,Hungary,Budapest,0 days 02:30:14.042000,GAS,10,0 days 00:01:23.717000,61.0,3.0,,Pierre Gasly,,0 days 00:00:29.688000,0 days 00:00:30.321000,0 days 00:00:23.708000,0 days 02:29:20.036000,0 days 02:29:50.357000,0 days 02:30:14.065000,278.0,236.0,245.0,283.0,False,SOFT,15.0,True,AlphaTauri,0 days 02:28:50.325000,,1,13.0,False,,False,True,18.0,70.0,986.0,True,24.7,287,5.0,True,False,False,False,False,False,1 L,+11.751,,11.751,9014.042,83.717,,,29.688,30.321,23.708,8960.036,8990.357,9014.065,8930.325
2022,Hungarian Grand Prix,13,Hungary,Budapest,0 days 02:31:37.997000,GAS,10,0 days 00:01:23.955000,62.0,3.0,,Pierre Gasly,,0 days 00:00:29.874000,0 days 00:00:30.374000,0 days 00:00:23.707000,0 days 02:30:43.939000,0 days 02:31:14.313000,0 days 02:31:38.020000,277.0,235.0,247.0,286.0,False,SOFT,16.0,True,AlphaTauri,0 days 02:30:14.042000,,1,13.0,False,,False,True,18.0,70.0,986.0,True,24.6,281,4.8,True,False,False,False,False,False,1 L,+10.203,,10.203,9097.997,83.955,,,29.874,30.374,23.707,9043.939,9074.313,9098.02,9014.042
2022,Hungarian Grand Prix,13,Hungary,Budapest,0 days 02:33:01.961000,GAS,10,0 days 00:01:23.964000,63.0,3.0,,Pierre Gasly,,0 days 00:00:29.823000,0 days 00:00:30.346000,0 days 00:00:23.795000,0 days 02:32:07.843000,0 days 02:32:38.189000,0 days 02:33:01.984000,277.0,236.0,247.0,284.0,False,SOFT,17.0,True,AlphaTauri,0 days 02:31:37.997000,,1,13.0,False,,False,True,18.0,70.0,986.0,True,24.6,304,3.7,True,False,False,False,False,False,1 L,+4.771,,4.771,9181.961,83.964,,,29.823,30.346,23.795,9127.843,9158.189,9181.984,9097.997
2022,Hungarian Grand Prix,13,Hungary,Budapest,0 days 02:34:28.550000,GAS,10,0 days 00:01:26.589000,64.0,3.0,,Pierre Gasly,,0 days 00:00:30.799000,0 days 00:00:31.802000,0 days 00:00:23.988000,0 days 02:33:32.783000,0 days 02:34:04.585000,0 days 02:34:28.573000,257.0,235.0,245.0,285.0,False,SOFT,18.0,True,AlphaTauri,0 days 02:33:01.961000,,1,13.0,False,,False,True,18.1,70.0,986.0,True,24.7,287,3.4,True,False,False,False,False,False,1 L,+6.356,,6.356,9268.55,86.589,,,30.799,31.802,23.988,9212.783,9244.585,9268.573,9181.961
2022,Hungarian Grand Prix,13,Hungary,Budapest,0 days 02:35:54.539000,GAS,10,0 days 00:01:25.989000,65.0,3.0,,Pierre Gasly,,0 days 00:00:30.721000,0 days 00:00:31.224000,0 days 00:00:24.044000,0 days 02:34:59.294000,0 days 02:35:30.518000,0 days 02:35:54.562000,278.0,231.0,244.0,275.0,False,SOFT,19.0,True,AlphaTauri,0 days 02:34:28.550000,,1,13.0,False,,False,True,18.1,70.0,986.0,True,24.7,289,3.2,True,False,False,False,False,False,1 L,+7.258,,7.258,9354.539,85.989,,,30.721,31.224,24.044,9299.294,9330.518,9354.562,9268.55
2022,Hungarian Grand Prix,13,Hungary,Budapest,0 days 02:37:19.726000,GAS,10,0 days 00:01:25.187000,66.0,3.0,,Pierre Gasly,,0 days 00:00:29.775000,0 days 00:00:31.264000,0 days 00:00:24.148000,0 days 02:36:24.337000,0 days 02:36:55.601000,0 days 02:37:19.749000,278.0,230.0,245.0,284.0,False,SOFT,20.0,True,AlphaTauri,0 days 02:35:54.539000,,12,12.0,False,,False,True,18.1,70.0,986.0,True,24.7,281,2.5,True,True,False,False,False,False,1 L,+10.682,,10.682,9439.726,85.187,,,29.775,31.264,24.148,9384.337,9415.601,9439.749,9354.539
2022,Hungarian Grand Prix,13,Hungary,Budapest,0 days 02:39:07.081000,GAS,10,0 days 00:01:47.355000,67.0,3.0,,Pierre Gasly,,0 days 00:00:35.150000,0 days 00:00:39.803000,0 days 00:00:32.402000,0 days 02:37:54.899000,0 days 02:38:34.702000,0 days 02:39:07.104000,249.0,193.0,102.0,281.0,False,SOFT,21.0,True,AlphaTauri,0 days 02:37:19.726000,,26,12.0,False,,False,False,18.1,69.0,986.2,True,24.4,278,4.5,False,True,False,False,True,False,1 L,+12.103,,12.103,9547.081,107.355,,,35.15,39.803,32.402,9474.899,9514.702,9547.104,9439.726
2022,Hungarian Grand Prix,13,Hungary,Budapest,0 days 02:40:44.668000,GAS,10,0 days 00:01:37.587000,68.0,3.0,,Pierre Gasly,,0 days 00:00:39.486000,0 days 00:00:33.100000,0 days 00:00:25.001000,0 days 02:39:46.590000,0 days 02:40:19.690000,0 days 02:40:44.691000,265.0,226.0,245.0,234.0,False,SOFT,22.0,True,AlphaTauri,0 days 02:39:07.081000,,671,12.0,False,,False,False,18.1,70.0,986.0,True,24.2,284,4.5,True,False,False,False,True,True,1 L,+13.130,,13.13,9644.668,97.587,,,39.486,33.1,25.001,9586.59,9619.69,9644.691,9547.081
2022,Hungarian Grand Prix,13,Hungary,Budapest,0 days 02:42:13.740000,GAS,10,0 days 00:01:29.072000,69.0,3.0,,Pierre Gasly,,0 days 00:00:30.797000,0 days 00:00:32.843000,0 days 00:00:25.432000,0 days 02:41:15.488000,0 days 02:41:48.331000,0 days 02:42:13.763000,276.0,217.0,242.0,281.0,False,SOFT,23.0,True,AlphaTauri,0 days 02:40:44.668000,,1,12.0,False,,False,True,18.0,70.0,986.0,True,23.9,283,4.5,True,False,False,False,False,False,1 L,+12.834,,12.834,9733.74,89.072,,,30.797,32.843,25.432,9675.488,9708.331,9733.763,9644.668
2022,Hungarian Grand Prix,13,Hungary,Budapest,0 days 01:03:44.729000,PER,11,0 days 00:01:38.691000,1.0,1.0,,Sergio Perez,,,0 days 00:00:33.526000,0 days 00:00:28.125000,,0 days 01:03:16.762000,0 days 01:03:44.839000,260.0,225.0,65.0,265.0,False,SOFT,1.0,True,Red Bull Racing,0 days 01:02:05.807000,,126,9.0,False,,False,False,18.4,70.0,985.7,True,26.4,289,5.0,True,True,False,False,True,False,+10.300,+2.179,10.3,2.179,3824.729,98.691,,,,33.526,28.125,,3796.762,3824.839,3725.807
2022,Hungarian Grand Prix,13,Hungary,Budapest,0 days 01:05:39.718000,PER,11,0 days 00:01:54.989000,2.0,1.0,,Sergio Perez,,0 days 00:00:47.554000,0 days 00:00:35.382000,0 days 00:00:32.053000,0 days 01:04:32.283000,0 days 01:05:07.665000,0 days 01:05:39.718000,252.0,197.0,201.0,84.0,True,SOFT,2.0,True,Red Bull Racing,0 days 01:03:44.729000,,6,9.0,False,,False,False,18.4,70.0,985.7,True,26.5,286,4.5,False,False,False,False,True,False,+12.956,+2.300,12.956,2.3,3939.718,114.989,,,47.554,35.382,32.053,3872.283,3907.665,3939.718,3824.729
2022,Hungarian Grand Prix,13,Hungary,Budapest,0 days 01:07:06.237000,PER,11,0 days 00:01:26.519000,3.0,1.0,,Sergio Perez,,0 days 00:00:32.229000,0 days 00:00:30.700000,0 days 00:00:23.590000,0 days 01:06:11.947000,0 days 01:06:42.647000,0 days 01:07:06.237000,277.0,233.0,247.0,248.0,True,SOFT,3.0,True,Red Bull Racing,0 days 01:05:39.718000,,671,9.0,False,,False,False,18.4,70.0,985.5,False,26.7,277,3.9,True,False,False,False,True,True,+9.087,+1.036,9.087,1.036,4026.237,86.519,,,32.229,30.7,23.59,3971.947,4002.647,4026.237,3939.718
2022,Hungarian Grand Prix,13,Hungary,Budapest,0 days 01:08:30.926000,PER,11,0 days 00:01:24.689000,4.0,1.0,,Sergio Perez,,0 days 00:00:29.887000,0 days 00:00:30.923000,0 days 00:00:23.879000,0 days 01:07:36.124000,0 days 01:08:07.047000,0 days 01:08:30.926000,280.0,231.0,248.0,296.0,True,SOFT,4.0,True,Red Bull Racing,0 days 01:07:06.237000,,1,9.0,False,,False,True,18.4,70.0,985.5,True,26.5,284,4.0,True,False,False,False,False,False,+10.054,+0.667,10.054,0.667,4110.926,84.689,,,29.887,30.923,23.879,4056.124,4087.047,4110.926,4026.237
2022,Hungarian Grand Prix,13,Hungary,Budapest,0 days 01:09:55.965000,PER,11,0 days 00:01:25.039000,5.0,1.0,,Sergio Perez,,0 days 00:00:30.046000,0 days 00:00:31.166000,0 days 00:00:23.827000,0 days 01:09:00.972000,0 days 01:09:32.138000,0 days 01:09:55.965000,277.0,233.0,250.0,301.0,False,SOFT,5.0,True,Red Bull Racing,0 days 01:08:30.926000,,1,9.0,False,,False,True,18.6,71.0,985.5,True,26.5,290,3.5,True,False,False,False,False,False,+11.139,+0.464,11.139,0.464,4195.965,85.039,,,30.046,31.166,23.827,4140.972,4172.138,4195.965,4110.926
2022,Hungarian Grand Prix,13,Hungary,Budapest,0 days 01:11:20.977000,PER,11,0 days 00:01:25.012000,6.0,1.0,,Sergio Perez,,0 days 00:00:29.885000,0 days 00:00:31.302000,0 days 00:00:23.825000,0 days 01:10:25.850000,0 days 01:10:57.152000,0 days 01:11:20.977000,270.0,233.0,247.0,303.0,False,SOFT,6.0,True,Red Bull Racing,0 days 01:09:55.965000,,1,9.0,False,,False,True,18.6,70.0,985.5,False,26.7,297,3.5,True,False,False,False,False,False,+12.152,+0.588,12.152,0.588,4280.977,85.012,,,29.885,31.302,23.825,4225.85,4257.152,4280.977,4195.965
2022,Hungarian Grand Prix,13,Hungary,Budapest,0 days 01:12:45.840000,PER,11,0 days 00:01:24.863000,7.0,1.0,,Sergio Perez,,0 days 00:00:30.320000,0 days 00:00:30.790000,0 days 00:00:23.753000,0 days 01:11:51.297000,0 days 01:12:22.087000,0 days 01:12:45.840000,274.0,232.0,245.0,299.0,False,SOFT,7.0,True,Red Bull Racing,0 days 01:11:20.977000,,1,8.0,False,,False,True,18.6,71.0,985.5,False,26.5,281,3.2,True,False,False,False,False,False,+12.946,+0.869,12.946,0.869,4365.84,84.863,,,30.32,30.79,23.753,4311.297,4342.087,4365.84,4280.977
2022,Hungarian Grand Prix,13,Hungary,Budapest,0 days 01:14:10.856000,PER,11,0 days 00:01:25.016000,8.0,1.0,,Sergio Perez,,0 days 00:00:29.916000,0 days 00:00:31.094000,0 days 00:00:24.006000,0 days 01:13:15.756000,0 days 01:13:46.850000,0 days 01:14:10.856000,279.0,228.0,248.0,297.0,False,SOFT,8.0,True,Red Bull Racing,0 days 01:12:45.840000,,1,8.0,False,,False,True,18.5,71.0,985.5,False,26.6,284,3.9,True,False,False,False,False,False,+13.889,+0.549,13.889,0.549,4450.856,85.016,,,29.916,31.094,24.006,4395.756,4426.85,4450.856,4365.84
2022,Hungarian Grand Prix,13,Hungary,Budapest,0 days 01:15:34.881000,PER,11,0 days 00:01:24.025000,9.0,1.0,,Sergio Perez,,0 days 00:00:29.923000,0 days 00:00:30.383000,0 days 00:00:23.719000,0 days 01:14:40.779000,0 days 01:15:11.162000,0 days 01:15:34.881000,276.0,231.0,242.0,301.0,True,SOFT,9.0,True,Red Bull Racing,0 days 01:14:10.856000,,1,7.0,False,,False,True,18.5,71.0,985.5,False,26.5,296,3.2,True,False,False,False,False,False,+14.200,+3.365,14.2,3.365,4534.881,84.025,,,29.923,30.383,23.719,4480.779,4511.162,4534.881,4450.856
2022,Hungarian Grand Prix,13,Hungary,Budapest,0 days 01:16:59.536000,PER,11,0 days 00:01:24.655000,10.0,1.0,,Sergio Perez,,0 days 00:00:30.260000,0 days 00:00:30.713000,0 days 00:00:23.682000,0 days 01:16:05.141000,0 days 01:16:35.854000,0 days 01:16:59.536000,276.0,232.0,242.0,280.0,False,SOFT,10.0,True,Red Bull Racing,0 days 01:15:34.881000,,1,7.0,False,,False,True,18.5,71.0,985.5,False,26.7,280,3.5,True,False,False,False,False,False,+14.341,+3.454,14.341,3.454,4619.536,84.655,,,30.26,30.713,23.682,4565.141,4595.854,4619.536,4534.881
2022,Hungarian Grand Prix,13,Hungary,Budapest,0 days 01:18:23.631000,PER,11,0 days 00:01:24.095000,11.0,1.0,,Sergio Perez,,0 days 00:00:29.926000,0 days 00:00:30.548000,0 days 00:00:23.621000,0 days 01:17:29.462000,0 days 01:18:00.010000,0 days 01:18:23.631000,277.0,231.0,241.0,282.0,False,SOFT,11.0,True,Red Bull Racing,0 days 01:16:59.536000,,1,7.0,False,,False,True,18.5,71.0,985.5,False,26.8,288,3.7,True,False,False,False,False,False,+14.088,+2.162,14.088,2.162,4703.631,84.095,,,29.926,30.548,23.621,4649.462,4680.01,4703.631,4619.536
2022,Hungarian Grand Prix,13,Hungary,Budapest,0 days 01:19:48.415000,PER,11,0 days 00:01:24.784000,12.0,1.0,,Sergio Perez,,0 days 00:00:30.165000,0 days 00:00:30.592000,0 days 00:00:24.027000,0 days 01:18:53.796000,0 days 01:19:24.388000,0 days 01:19:48.415000,278.0,229.0,250.0,283.0,False,SOFT,12.0,True,Red Bull Racing,0 days 01:18:23.631000,,1,7.0,False,,False,True,18.5,71.0,985.5,False,26.9,289,3.9,True,False,False,False,False,False,+14.711,+0.165,14.711,0.165,4788.415,84.784,,,30.165,30.592,24.027,4733.796,4764.388,4788.415,4703.631
2022,Hungarian Grand Prix,13,Hungary,Budapest,0 days 01:21:12.909000,PER,11,0 days 00:01:24.494000,13.0,1.0,,Sergio Perez,,0 days 00:00:29.793000,0 days 00:00:30.737000,0 days 00:00:23.964000,0 days 01:20:18.208000,0 days 01:20:48.945000,0 days 01:21:12.909000,278.0,229.0,242.0,296.0,False,SOFT,13.0,True,Red Bull Racing,0 days 01:19:48.415000,,1,6.0,False,,False,True,18.5,71.0,985.5,False,26.9,282,4.5,True,False,False,False,False,False,+14.669,+2.377,14.669,2.377,4872.909,84.494,,,29.793,30.737,23.964,4818.208,4848.945,4872.909,4788.415
2022,Hungarian Grand Prix,13,Hungary,Budapest,0 days 01:22:38.352000,PER,11,0 days 00:01:25.443000,14.0,1.0,,Sergio Perez,,0 days 00:00:30.377000,0 days 00:00:30.962000,0 days 00:00:24.104000,0 days 01:21:43.286000,0 days 01:22:14.248000,0 days 01:22:38.352000,276.0,228.0,240.0,282.0,False,SOFT,14.0,True,Red Bull Racing,0 days 01:21:12.909000,,1,6.0,False,,False,True,18.4,72.0,985.5,False,26.9,277,3.9,True,False,False,False,False,False,+15.100,+3.100,15.1,3.1,4958.352,85.443,,,30.377,30.962,24.104,4903.286,4934.248,4958.352,4872.909
2022,Hungarian Grand Prix,13,Hungary,Budapest,0 days 01:24:03.350000,PER,11,0 days 00:01:24.998000,15.0,1.0,,Sergio Perez,,0 days 00:00:30.073000,0 days 00:00:30.839000,0 days 00:00:24.086000,0 days 01:23:08.425000,0 days 01:23:39.264000,0 days 01:24:03.350000,276.0,231.0,239.0,282.0,False,SOFT,15.0,True,Red Bull Racing,0 days 01:22:38.352000,,1,6.0,False,,False,True,18.4,71.0,985.5,False,26.9,267,2.5,True,False,False,False,False,False,+15.225,+3.451,15.225,3.451,5043.35,84.998,,,30.073,30.839,24.086,4988.425,5019.264,5043.35,4958.352
2022,Hungarian Grand Prix,13,Hungary,Budapest,0 days 01:25:28.672000,PER,11,0 days 00:01:25.322000,16.0,1.0,,Sergio Perez,,0 days 00:00:30.232000,0 days 00:00:31.040000,0 days 00:00:24.050000,0 days 01:24:33.582000,0 days 01:25:04.622000,0 days 01:25:28.672000,276.0,230.0,239.0,279.0,False,SOFT,16.0,True,Red Bull Racing,0 days 01:24:03.350000,,1,6.0,False,,False,True,18.4,71.0,985.5,False,27.2,282,3.5,True,False,False,False,False,False,+14.252,+1.459,14.252,1.459,5128.672,85.322,,,30.232,31.04,24.05,5073.582,5104.622,5128.672,5043.35
2022,Hungarian Grand Prix,13,Hungary,Budapest,0 days 01:26:54.252000,PER,11,0 days 00:01:25.580000,17.0,1.0,,Sergio Perez,,0 days 00:00:30.348000,0 days 00:00:31.257000,0 days 00:00:23.975000,0 days 01:25:59.020000,0 days 01:26:30.277000,0 days 01:26:54.252000,276.0,229.0,239.0,278.0,False,SOFT,17.0,True,Red Bull Racing,0 days 01:25:28.672000,,1,4.0,False,,False,True,18.4,70.0,985.5,False,27.2,285,4.5,True,False,False,False,False,False,+14.803,+5.551,14.803,5.551,5214.252,85.58,,,30.348,31.257,23.975,5159.02,5190.277,5214.252,5128.672
2022,Hungarian Grand Prix,13,Hungary,Budapest,0 days 01:28:22.282000,PER,11,0 days 00:01:28.030000,18.0,1.0,,Sergio Perez,0 days 01:28:20.585000,0 days 00:00:30.368000,0 days 00:00:31.211000,0 days 00:00:26.451000,0 days 01:27:24.620000,0 days 01:27:55.831000,0 days 01:28:22.282000,277.0,229.0,,278.0,False,SOFT,18.0,True,Red Bull Racing,0 days 01:26:54.252000,,1,3.0,False,,False,False,18.4,70.0,985.7,False,27.6,292,4.8,True,False,False,False,False,False,+16.507,+5.753,16.507,5.753,5302.282,88.03,5300.585,,30.368,31.211,26.451,5244.62,5275.831,5302.282,5214.252
2022,Hungarian Grand Prix,13,Hungary,Budapest,0 days 01:30:05.379000,PER,11,0 days 00:01:43.097000,19.0,2.0,0 days 01:28:41.705000,Sergio Perez,,0 days 00:00:47.948000,0 days 00:00:31.332000,0 days 00:00:23.817000,0 days 01:29:10.230000,0 days 01:29:41.562000,0 days 01:30:05.379000,275.0,230.0,249.0,278.0,False,MEDIUM,1.0,True,Red Bull Racing,0 days 01:28:22.282000,,1,10.0,False,,False,False,18.4,70.0,985.7,False,27.6,281,4.4,True,False,False,False,False,False,+38.259,+0.331,38.259,0.331,5405.379,103.097,,5321.705,47.948,31.332,23.817,5350.23,5381.562,5405.379,5302.282
2022,Hungarian Grand Prix,13,Hungary,Budapest,0 days 01:31:30.926000,PER,11,0 days 00:01:25.547000,20.0,2.0,,Sergio Perez,,0 days 00:00:30.154000,0 days 00:00:31.183000,0 days 00:00:24.210000,0 days 01:30:35.533000,0 days 01:31:06.716000,0 days 01:31:30.926000,277.0,228.0,249.0,304.0,False,MEDIUM,2.0,True,Red Bull Racing,0 days 01:30:05.379000,,1,9.0,False,,False,True,18.5,70.0,985.7,False,27.3,280,5.3,True,False,False,False,False,False,+39.637,+0.404,39.637,0.404,5490.926,85.547,,,30.154,31.183,24.21,5435.533,5466.716,5490.926,5405.379
2022,Hungarian Grand Prix,13,Hungary,Budapest,0 days 01:32:55.165000,PER,11,0 days 00:01:24.239000,21.0,2.0,,Sergio Perez,,0 days 00:00:30.032000,0 days 00:00:30.617000,0 days 00:00:23.590000,0 days 01:32:00.958000,0 days 01:32:31.575000,0 days 01:32:55.165000,276.0,232.0,242.0,297.0,False,MEDIUM,3.0,True,Red Bull Racing,0 days 01:31:30.926000,,1,8.0,False,,False,True,18.5,70.0,985.5,False,27.5,279,4.0,True,False,False,False,False,False,+37.302,+7.194,37.302,7.194,5575.165,84.239,,,30.032,30.617,23.59,5520.958,5551.575,5575.165,5490.926
2022,Hungarian Grand Prix,13,Hungary,Budapest,0 days 01:34:19.163000,PER,11,0 days 00:01:23.998000,22.0,2.0,,Sergio Perez,,0 days 00:00:30.273000,0 days 00:00:30.293000,0 days 00:00:23.432000,0 days 01:33:25.438000,0 days 01:33:55.731000,0 days 01:34:19.163000,276.0,231.0,245.0,279.0,True,MEDIUM,4.0,True,Red Bull Racing,0 days 01:32:55.165000,,1,7.0,False,,False,True,18.5,70.0,985.5,False,27.6,290,5.0,True,False,False,False,False,False,+22.054,+7.828,22.054,7.828,5659.163,83.998,,,30.273,30.293,23.432,5605.438,5635.731,5659.163,5575.165
2022,Hungarian Grand Prix,13,Hungary,Budapest,0 days 01:35:42.581000,PER,11,0 days 00:01:23.418000,23.0,2.0,,Sergio Perez,,0 days 00:00:29.893000,0 days 00:00:30.142000,0 days 00:00:23.383000,0 days 01:34:49.056000,0 days 01:35:19.198000,0 days 01:35:42.581000,277.0,232.0,244.0,279.0,True,MEDIUM,5.0,True,Red Bull Racing,0 days 01:34:19.163000,,1,7.0,False,,False,True,18.5,70.0,985.5,False,27.8,291,3.5,True,False,False,False,False,False,+21.993,+7.988,21.993,7.988,5742.581,83.418,,,29.893,30.142,23.383,5689.056,5719.198,5742.581,5659.163
2022,Hungarian Grand Prix,13,Hungary,Budapest,0 days 01:37:05.972000,PER,11,0 days 00:01:23.391000,24.0,2.0,,Sergio Perez,,0 days 00:00:29.759000,0 days 00:00:30.081000,0 days 00:00:23.551000,0 days 01:36:12.340000,0 days 01:36:42.421000,0 days 01:37:05.972000,277.0,235.0,243.0,282.0,True,MEDIUM,6.0,True,Red Bull Racing,0 days 01:35:42.581000,,1,6.0,False,,False,True,18.4,70.0,985.5,False,27.8,277,3.2,True,False,False,False,False,False,+21.396,+7.324,21.396,7.324,5825.972,83.391,,,29.759,30.081,23.551,5772.34,5802.421,5825.972,5742.581
2022,Hungarian Grand Prix,13,Hungary,Budapest,0 days 01:38:29.523000,PER,11,0 days 00:01:23.551000,25.0,2.0,,Sergio Perez,,0 days 00:00:29.876000,0 days 00:00:30.187000,0 days 00:00:23.488000,0 days 01:37:35.848000,0 days 01:38:06.035000,0 days 01:38:29.523000,277.0,229.0,244.0,280.0,False,MEDIUM,7.0,True,Red Bull Racing,0 days 01:37:05.972000,,1,6.0,False,,False,True,18.5,70.0,985.5,False,28.1,285,4.1,True,False,False,False,False,False,+21.320,+6.894,21.32,6.894,5909.523,83.551,,,29.876,30.187,23.488,5855.848,5886.035,5909.523,5825.972
2022,Hungarian Grand Prix,13,Hungary,Budapest,0 days 01:39:52.895000,PER,11,0 days 00:01:23.372000,26.0,2.0,,Sergio Perez,,0 days 00:00:29.753000,0 days 00:00:30.186000,0 days 00:00:23.433000,0 days 01:38:59.276000,0 days 01:39:29.462000,0 days 01:39:52.895000,278.0,233.0,243.0,283.0,True,MEDIUM,8.0,True,Red Bull Racing,0 days 01:38:29.523000,,1,6.0,False,,False,True,18.5,70.0,985.5,False,28.2,282,3.5,True,False,False,False,False,False,+20.906,+6.767,20.906,6.767,5992.895,83.372,,,29.753,30.186,23.433,5939.276,5969.462,5992.895,5909.523
2022,Hungarian Grand Prix,13,Hungary,Budapest,0 days 01:41:16.748000,PER,11,0 days 00:01:23.853000,27.0,2.0,,Sergio Perez,,0 days 00:00:29.827000,0 days 00:00:30.414000,0 days 00:00:23.612000,0 days 01:40:22.722000,0 days 01:40:53.136000,0 days 01:41:16.748000,277.0,234.0,242.0,281.0,False,MEDIUM,9.0,True,Red Bull Racing,0 days 01:39:52.895000,,1,6.0,False,,False,True,18.5,70.0,985.5,False,28.3,277,3.4,True,False,False,False,False,False,+20.814,+6.939,20.814,6.939,6076.748,83.853,,,29.827,30.414,23.612,6022.722,6053.136,6076.748,5992.895
2022,Hungarian Grand Prix,13,Hungary,Budapest,0 days 01:42:40.201000,PER,11,0 days 00:01:23.453000,28.0,2.0,,Sergio Perez,,0 days 00:00:29.931000,0 days 00:00:30.092000,0 days 00:00:23.430000,0 days 01:41:46.679000,0 days 01:42:16.771000,0 days 01:42:40.201000,278.0,233.0,243.0,280.0,False,MEDIUM,10.0,True,Red Bull Racing,0 days 01:41:16.748000,,1,6.0,False,,False,True,18.6,70.0,985.5,False,28.5,285,3.7,True,False,False,False,False,False,+19.770,+7.240,19.77,7.24,6160.201,83.453,,,29.931,30.092,23.43,6106.679,6136.771,6160.201,6076.748
2022,Hungarian Grand Prix,13,Hungary,Budapest,0 days 01:44:04.410000,PER,11,0 days 00:01:24.209000,29.0,2.0,,Sergio Perez,,0 days 00:00:30.183000,0 days 00:00:30.584000,0 days 00:00:23.442000,0 days 01:43:10.384000,0 days 01:43:40.968000,0 days 01:44:04.410000,276.0,233.0,242.0,280.0,False,MEDIUM,11.0,True,Red Bull Racing,0 days 01:42:40.201000,,1,6.0,False,,False,True,18.6,70.0,985.5,False,28.5,291,4.0,True,False,False,False,False,False,+19.707,+7.728,19.707,7.728,6244.41,84.209,,,30.183,30.584,23.442,6190.384,6220.968,6244.41,6160.201
2022,Hungarian Grand Prix,13,Hungary,Budapest,0 days 01:45:28.220000,PER,11,0 days 00:01:23.810000,30.0,2.0,,Sergio Perez,,0 days 00:00:29.911000,0 days 00:00:30.247000,0 days 00:00:23.652000,0 days 01:44:34.321000,0 days 01:45:04.568000,0 days 01:45:28.220000,277.0,227.0,240.0,278.0,False,MEDIUM,12.0,True,Red Bull Racing,0 days 01:44:04.410000,,1,6.0,False,,False,True,18.6,69.0,985.4,False,28.5,274,4.8,True,False,False,False,False,False,+19.321,+7.946,19.321,7.946,6328.22,83.81,,,29.911,30.247,23.652,6274.321,6304.568,6328.22,6244.41
2022,Hungarian Grand Prix,13,Hungary,Budapest,0 days 01:46:52.015000,PER,11,0 days 00:01:23.795000,31.0,2.0,,Sergio Perez,,0 days 00:00:29.919000,0 days 00:00:30.222000,0 days 00:00:23.654000,0 days 01:45:58.139000,0 days 01:46:28.361000,0 days 01:46:52.015000,277.0,234.0,241.0,280.0,False,MEDIUM,13.0,True,Red Bull Racing,0 days 01:45:28.220000,,1,6.0,False,,False,True,18.3,70.0,985.5,False,28.0,293,5.3,True,False,False,False,False,False,+19.605,+8.075,19.605,8.075,6412.015,83.795,,,29.919,30.222,23.654,6358.139,6388.361,6412.015,6328.22
2022,Hungarian Grand Prix,13,Hungary,Budapest,0 days 01:48:16.214000,PER,11,0 days 00:01:24.199000,32.0,2.0,,Sergio Perez,,0 days 00:00:29.722000,0 days 00:00:30.597000,0 days 00:00:23.880000,0 days 01:47:21.737000,0 days 01:47:52.334000,0 days 01:48:16.214000,278.0,231.0,243.0,280.0,False,MEDIUM,14.0,True,Red Bull Racing,0 days 01:46:52.015000,,1,6.0,False,,False,True,18.4,70.0,985.5,False,28.0,277,5.0,True,False,False,False,False,False,+19.591,+8.890,19.591,8.89,6496.214,84.199,,,29.722,30.597,23.88,6441.737,6472.334,6496.214,6412.015
2022,Hungarian Grand Prix,13,Hungary,Budapest,0 days 01:49:40.209000,PER,11,0 days 00:01:23.995000,33.0,2.0,,Sergio Perez,,0 days 00:00:30.043000,0 days 00:00:30.535000,0 days 00:00:23.417000,0 days 01:48:46.257000,0 days 01:49:16.792000,0 days 01:49:40.209000,276.0,233.0,243.0,281.0,False,MEDIUM,15.0,True,Red Bull Racing,0 days 01:48:16.214000,,1,6.0,False,,False,True,18.4,71.0,985.7,False,27.6,294,4.0,True,False,False,False,False,False,+20.151,+9.489,20.151,9.489,6580.209,83.995,,,30.043,30.535,23.417,6526.257,6556.792,6580.209,6496.214
2022,Hungarian Grand Prix,13,Hungary,Budapest,0 days 01:51:03.904000,PER,11,0 days 00:01:23.695000,34.0,2.0,,Sergio Perez,,0 days 00:00:29.845000,0 days 00:00:30.203000,0 days 00:00:23.647000,0 days 01:50:10.054000,0 days 01:50:40.257000,0 days 01:51:03.904000,277.0,234.0,243.0,280.0,False,MEDIUM,16.0,True,Red Bull Racing,0 days 01:49:40.209000,,1,6.0,False,,False,True,18.3,71.0,985.5,False,27.6,285,3.9,True,False,False,False,False,False,+20.458,+9.738,20.458,9.738,6663.904,83.695,,,29.845,30.203,23.647,6610.054,6640.257,6663.904,6580.209
2022,Hungarian Grand Prix,13,Hungary,Budapest,0 days 01:52:27.804000,PER,11,0 days 00:01:23.900000,35.0,2.0,,Sergio Perez,,0 days 00:00:29.824000,0 days 00:00:30.493000,0 days 00:00:23.583000,0 days 01:51:33.728000,0 days 01:52:04.221000,0 days 01:52:27.804000,277.0,234.0,244.0,282.0,False,MEDIUM,17.0,True,Red Bull Racing,0 days 01:51:03.904000,,12,6.0,False,,False,True,18.3,70.0,985.5,False,27.3,282,4.4,True,True,False,False,False,False,+20.860,+9.878,20.86,9.878,6747.804,83.9,,,29.824,30.493,23.583,6693.728,6724.221,6747.804,6663.904
2022,Hungarian Grand Prix,13,Hungary,Budapest,0 days 01:53:51.658000,PER,11,0 days 00:01:23.854000,36.0,2.0,,Sergio Perez,,0 days 00:00:29.897000,0 days 00:00:30.376000,0 days 00:00:23.581000,0 days 01:52:57.701000,0 days 01:53:28.077000,0 days 01:53:51.658000,277.0,231.0,243.0,281.0,False,MEDIUM,18.0,True,Red Bull Racing,0 days 01:52:27.804000,,1,6.0,False,,False,True,18.2,71.0,985.5,False,26.8,279,3.4,True,False,False,False,False,False,+21.545,+9.806,21.545,9.806,6831.658,83.854,,,29.897,30.376,23.581,6777.701,6808.077,6831.658,6747.804
2022,Hungarian Grand Prix,13,Hungary,Budapest,0 days 01:55:15.754000,PER,11,0 days 00:01:24.096000,37.0,2.0,,Sergio Perez,,0 days 00:00:30.045000,0 days 00:00:30.552000,0 days 00:00:23.499000,0 days 01:54:21.703000,0 days 01:54:52.255000,0 days 01:55:15.754000,275.0,232.0,240.0,281.0,False,MEDIUM,19.0,True,Red Bull Racing,0 days 01:53:51.658000,,1,6.0,False,,False,True,18.2,71.0,985.7,False,26.9,282,3.9,True,False,False,False,False,False,+22.213,+9.559,22.213,9.559,6915.754,84.096,,,30.045,30.552,23.499,6861.703,6892.255,6915.754,6831.658
2022,Hungarian Grand Prix,13,Hungary,Budapest,0 days 01:56:39.780000,PER,11,0 days 00:01:24.026000,38.0,2.0,,Sergio Perez,,0 days 00:00:29.926000,0 days 00:00:30.591000,0 days 00:00:23.509000,0 days 01:55:45.680000,0 days 01:56:16.271000,0 days 01:56:39.780000,277.0,234.0,241.0,281.0,False,MEDIUM,20.0,True,Red Bull Racing,0 days 01:55:15.754000,,1,6.0,False,,False,True,18.1,72.0,985.7,False,26.8,290,2.7,True,False,False,False,False,False,+22.454,+9.489,22.454,9.489,6999.78,84.026,,,29.926,30.591,23.509,6945.68,6976.271,6999.78,6915.754
2022,Hungarian Grand Prix,13,Hungary,Budapest,0 days 01:58:04.265000,PER,11,0 days 00:01:24.485000,39.0,2.0,,Sergio Perez,,0 days 00:00:30.041000,0 days 00:00:30.656000,0 days 00:00:23.788000,0 days 01:57:09.821000,0 days 01:57:40.477000,0 days 01:58:04.265000,277.0,230.0,242.0,277.0,False,MEDIUM,21.0,True,Red Bull Racing,0 days 01:56:39.780000,,1,5.0,False,,False,True,18.0,71.0,985.7,False,26.4,270,5.5,True,False,False,False,False,False,+20.595,+10.197,20.595,10.197,7084.265,84.485,,,30.041,30.656,23.788,7029.821,7060.477,7084.265,6999.78
2022,Hungarian Grand Prix,13,Hungary,Budapest,0 days 01:59:30.981000,PER,11,0 days 00:01:26.716000,40.0,2.0,,Sergio Perez,,0 days 00:00:30.135000,0 days 00:00:31.381000,0 days 00:00:25.200000,0 days 01:58:34.400000,0 days 01:59:05.781000,0 days 01:59:30.981000,280.0,227.0,242.0,280.0,False,MEDIUM,22.0,True,Red Bull Racing,0 days 01:58:04.265000,,1,5.0,False,,False,True,18.0,72.0,985.7,False,26.5,293,3.4,True,False,False,False,False,False,+18.239,+1.642,18.239,1.642,7170.981,86.716,,,30.135,31.381,25.2,7114.4,7145.781,7170.981,7084.265
2022,Hungarian Grand Prix,13,Hungary,Budapest,0 days 02:00:56.617000,PER,11,0 days 00:01:25.636000,41.0,2.0,,Sergio Perez,,0 days 00:00:30.590000,0 days 00:00:30.764000,0 days 00:00:24.282000,0 days 02:00:01.571000,0 days 02:00:32.335000,0 days 02:00:56.617000,279.0,233.0,250.0,279.0,False,MEDIUM,23.0,True,Red Bull Racing,0 days 01:59:30.981000,,12,5.0,False,,False,True,18.0,72.0,985.7,False,26.5,286,3.7,True,True,False,False,False,False,+19.991,+0.371,19.991,0.371,7256.617,85.636,,,30.59,30.764,24.282,7201.571,7232.335,7256.617,7170.981
2022,Hungarian Grand Prix,13,Hungary,Budapest,0 days 02:02:25.418000,PER,11,0 days 00:01:28.801000,42.0,2.0,,Sergio Perez,0 days 02:02:23.725000,0 days 00:00:30.777000,0 days 00:00:31.769000,0 days 00:00:26.255000,0 days 02:01:27.394000,0 days 02:01:59.163000,0 days 02:02:25.418000,280.0,232.0,,293.0,False,MEDIUM,24.0,True,Red Bull Racing,0 days 02:00:56.617000,,1,6.0,False,,False,False,18.0,71.0,985.7,False,26.4,289,5.1,True,False,False,False,False,False,+21.654,+1.984,21.654,1.984,7345.418,88.801,7343.725,,30.777,31.769,26.255,7287.394,7319.163,7345.418,7256.617
2022,Hungarian Grand Prix,13,Hungary,Budapest,0 days 02:04:07.972000,PER,11,0 days 00:01:42.554000,43.0,3.0,0 days 02:02:44.882000,Sergio Perez,,0 days 00:00:48.463000,0 days 00:00:31.001000,0 days 00:00:23.090000,0 days 02:03:13.881000,0 days 02:03:44.882000,0 days 02:04:07.972000,275.0,232.0,243.0,293.0,False,MEDIUM,1.0,True,Red Bull Racing,0 days 02:02:25.418000,,1,6.0,False,,False,False,18.0,71.0,985.7,False,26.1,287,4.8,True,False,False,False,False,False,+43.251,+24.385,43.251,24.385,7447.972,102.554,,7364.882,48.463,31.001,23.09,7393.881,7424.882,7447.972,7345.418
2022,Hungarian Grand Prix,13,Hungary,Budapest,0 days 02:05:29.912000,PER,11,0 days 00:01:21.940000,44.0,3.0,,Sergio Perez,,0 days 00:00:29.543000,0 days 00:00:29.554000,0 days 00:00:22.843000,0 days 02:04:37.515000,0 days 02:05:07.069000,0 days 02:05:29.912000,278.0,236.0,244.0,282.0,True,MEDIUM,2.0,True,Red Bull Racing,0 days 02:04:07.972000,,1,6.0,False,,False,True,18.0,71.0,985.7,False,26.0,275,4.6,True,False,False,False,False,False,+40.992,+23.402,40.992,23.402,7529.912,81.94,,,29.543,29.554,22.843,7477.515,7507.069,7529.912,7447.972
2022,Hungarian Grand Prix,13,Hungary,Budapest,0 days 02:06:52.467000,PER,11,0 days 00:01:22.555000,45.0,3.0,,Sergio Perez,,0 days 00:00:29.632000,0 days 00:00:29.855000,0 days 00:00:23.068000,0 days 02:05:59.544000,0 days 02:06:29.399000,0 days 02:06:52.467000,277.0,236.0,244.0,280.0,False,MEDIUM,3.0,True,Red Bull Racing,0 days 02:05:29.912000,,1,6.0,False,,False,True,18.0,72.0,985.7,False,26.1,286,3.9,True,False,False,False,False,False,+39.364,+22.950,39.364,22.95,7612.467,82.555,,,29.632,29.855,23.068,7559.544,7589.399,7612.467,7529.912
2022,Hungarian Grand Prix,13,Hungary,Budapest,0 days 02:08:15.209000,PER,11,0 days 00:01:22.742000,46.0,3.0,,Sergio Perez,,0 days 00:00:29.567000,0 days 00:00:29.933000,0 days 00:00:23.242000,0 days 02:07:22.034000,0 days 02:07:51.967000,0 days 02:08:15.209000,279.0,237.0,244.0,280.0,False,MEDIUM,4.0,True,Red Bull Racing,0 days 02:06:52.467000,,1,6.0,False,,False,True,18.0,71.0,985.7,False,26.1,285,3.7,True,False,False,False,False,False,+37.781,+22.602,37.781,22.602,7695.209,82.742,,,29.567,29.933,23.242,7642.034,7671.967,7695.209,7612.467
2022,Hungarian Grand Prix,13,Hungary,Budapest,0 days 02:09:38.179000,PER,11,0 days 00:01:22.970000,47.0,3.0,,Sergio Perez,,0 days 00:00:29.762000,0 days 00:00:30.007000,0 days 00:00:23.201000,0 days 02:08:44.971000,0 days 02:09:14.978000,0 days 02:09:38.179000,280.0,237.0,244.0,281.0,False,MEDIUM,5.0,True,Red Bull Racing,0 days 02:08:15.209000,,12,6.0,False,,False,True,18.1,71.0,985.7,False,26.1,296,3.7,True,True,False,False,False,False,+34.620,+36.422,34.62,36.422,7778.179,82.97,,,29.762,30.007,23.201,7724.971,7754.978,7778.179,7695.209
2022,Hungarian Grand Prix,13,Hungary,Budapest,0 days 02:11:01.018000,PER,11,0 days 00:01:22.839000,48.0,3.0,,Sergio Perez,,0 days 00:00:29.526000,0 days 00:00:30.001000,0 days 00:00:23.312000,0 days 02:10:07.705000,0 days 02:10:37.706000,0 days 02:11:01.018000,281.0,236.0,243.0,283.0,False,MEDIUM,6.0,True,Red Bull Racing,0 days 02:09:38.179000,,1,6.0,False,,False,True,18.1,70.0,985.7,True,26.1,289,4.6,True,False,False,False,False,False,+32.705,+13.720,32.705,13.72,7861.018,82.839,,,29.526,30.001,23.312,7807.705,7837.706,7861.018,7778.179
2022,Hungarian Grand Prix,13,Hungary,Budapest,0 days 02:12:23.697000,PER,11,0 days 00:01:22.679000,49.0,3.0,,Sergio Perez,,0 days 00:00:29.664000,0 days 00:00:29.805000,0 days 00:00:23.210000,0 days 02:11:30.682000,0 days 02:12:00.487000,0 days 02:12:23.697000,279.0,232.0,244.0,283.0,False,MEDIUM,7.0,True,Red Bull Racing,0 days 02:11:01.018000,,1,6.0,False,,False,True,18.1,71.0,985.7,False,26.1,291,4.3,True,False,False,False,False,False,+30.738,+13.431,30.738,13.431,7943.697,82.679,,,29.664,29.805,23.21,7890.682,7920.487,7943.697,7861.018
2022,Hungarian Grand Prix,13,Hungary,Budapest,0 days 02:13:46.688000,PER,11,0 days 00:01:22.991000,50.0,3.0,,Sergio Perez,,0 days 00:00:29.630000,0 days 00:00:29.862000,0 days 00:00:23.499000,0 days 02:12:53.327000,0 days 02:13:23.189000,0 days 02:13:46.688000,279.0,235.0,242.0,283.0,False,MEDIUM,8.0,True,Red Bull Racing,0 days 02:12:23.697000,,1,6.0,False,,False,True,18.1,71.0,985.7,False,25.8,281,3.9,True,False,False,False,False,False,+28.930,+14.029,28.93,14.029,8026.688,82.991,,,29.63,29.862,23.499,7973.327,8003.189,8026.688,7943.697
2022,Hungarian Grand Prix,13,Hungary,Budapest,0 days 02:15:09.703000,PER,11,0 days 00:01:23.015000,51.0,3.0,,Sergio Perez,,0 days 00:00:29.787000,0 days 00:00:29.996000,0 days 00:00:23.232000,0 days 02:14:16.475000,0 days 02:14:46.471000,0 days 02:15:09.703000,279.0,238.0,244.0,282.0,False,MEDIUM,9.0,True,Red Bull Racing,0 days 02:13:46.688000,,1,6.0,False,,False,True,18.1,70.0,985.7,True,25.8,289,3.7,True,False,False,False,False,False,+25.609,+27.605,25.609,27.605,8109.703,83.015,,,29.787,29.996,23.232,8056.475,8086.471,8109.703,8026.688
2022,Hungarian Grand Prix,13,Hungary,Budapest,0 days 02:16:32.541000,PER,11,0 days 00:01:22.838000,52.0,3.0,,Sergio Perez,,0 days 00:00:29.732000,0 days 00:00:29.971000,0 days 00:00:23.135000,0 days 02:15:39.435000,0 days 02:16:09.406000,0 days 02:16:32.541000,278.0,235.0,245.0,283.0,False,MEDIUM,10.0,True,Red Bull Racing,0 days 02:15:09.703000,,1,6.0,False,,False,True,18.1,70.0,985.7,False,25.8,293,5.0,True,False,False,False,False,False,+25.913,+5.205,25.913,5.205,8192.541,82.838,,,29.732,29.971,23.135,8139.435,8169.406,8192.541,8109.703
2022,Hungarian Grand Prix,13,Hungary,Budapest,0 days 02:17:55.751000,PER,11,0 days 00:01:23.210000,53.0,3.0,,Sergio Perez,,0 days 00:00:29.510000,0 days 00:00:30.058000,0 days 00:00:23.642000,0 days 02:17:02.051000,0 days 02:17:32.109000,0 days 02:17:55.751000,280.0,234.0,244.0,282.0,False,MEDIUM,11.0,True,Red Bull Racing,0 days 02:16:32.541000,,1,6.0,False,,False,True,18.1,70.0,985.9,False,25.6,291,5.0,True,False,False,False,False,False,+26.375,+5.872,26.375,5.872,8275.751,83.21,,,29.51,30.058,23.642,8222.051,8252.109,8275.751,8192.541
2022,Hungarian Grand Prix,13,Hungary,Budapest,0 days 02:19:18.122000,PER,11,0 days 00:01:22.371000,54.0,3.0,,Sergio Perez,,0 days 00:00:29.524000,0 days 00:00:29.596000,0 days 00:00:23.251000,0 days 02:18:25.275000,0 days 02:18:54.871000,0 days 02:19:18.122000,279.0,238.0,245.0,282.0,False,MEDIUM,12.0,True,Red Bull Racing,0 days 02:17:55.751000,,1,6.0,False,,False,True,18.1,70.0,985.7,False,25.5,280,4.5,True,False,False,False,False,False,+26.020,+6.590,26.02,6.59,8358.122,82.371,,,29.524,29.596,23.251,8305.275,8334.871,8358.122,8275.751
2022,Hungarian Grand Prix,13,Hungary,Budapest,0 days 02:20:40.986000,PER,11,0 days 00:01:22.864000,55.0,3.0,,Sergio Perez,,0 days 00:00:29.546000,0 days 00:00:30.191000,0 days 00:00:23.127000,0 days 02:19:47.668000,0 days 02:20:17.859000,0 days 02:20:40.986000,281.0,236.0,244.0,284.0,False,MEDIUM,13.0,True,Red Bull Racing,0 days 02:19:18.122000,,1,5.0,False,,False,True,18.0,69.0,985.7,False,25.5,283,4.8,True,False,False,False,False,False,+25.889,+7.709,25.889,7.709,8440.986,82.864,,,29.546,30.191,23.127,8387.668,8417.859,8440.986,8358.122
2022,Hungarian Grand Prix,13,Hungary,Budapest,0 days 02:22:03.766000,PER,11,0 days 00:01:22.780000,56.0,3.0,,Sergio Perez,,0 days 00:00:29.699000,0 days 00:00:29.758000,0 days 00:00:23.323000,0 days 02:21:10.685000,0 days 02:21:40.443000,0 days 02:22:03.766000,279.0,236.0,245.0,282.0,False,MEDIUM,14.0,True,Red Bull Racing,0 days 02:20:40.986000,,1,5.0,False,,False,True,18.0,70.0,985.9,True,25.2,288,4.1,True,False,False,False,False,False,+25.630,+8.887,25.63,8.887,8523.766,82.78,,,29.699,29.758,23.323,8470.685,8500.443,8523.766,8440.986
2022,Hungarian Grand Prix,13,Hungary,Budapest,0 days 02:23:26.159000,PER,11,0 days 00:01:22.393000,57.0,3.0,,Sergio Perez,,0 days 00:00:29.588000,0 days 00:00:29.634000,0 days 00:00:23.171000,0 days 02:22:33.354000,0 days 02:23:02.988000,0 days 02:23:26.159000,280.0,237.0,245.0,283.0,False,MEDIUM,15.0,True,Red Bull Racing,0 days 02:22:03.766000,,1,5.0,False,,False,True,18.0,69.0,985.9,True,25.2,294,5.6,True,False,False,False,False,False,+25.161,+9.897,25.161,9.897,8606.159,82.393,,,29.588,29.634,23.171,8553.354,8582.988,8606.159,8523.766
2022,Hungarian Grand Prix,13,Hungary,Budapest,0 days 02:24:48.817000,PER,11,0 days 00:01:22.658000,58.0,3.0,,Sergio Perez,,0 days 00:00:29.624000,0 days 00:00:29.791000,0 days 00:00:23.243000,0 days 02:23:55.783000,0 days 02:24:25.574000,0 days 02:24:48.817000,281.0,238.0,246.0,283.0,False,MEDIUM,16.0,True,Red Bull Racing,0 days 02:23:26.159000,,1,5.0,False,,False,True,18.0,70.0,985.9,True,25.1,284,3.5,True,False,False,False,False,False,+25.099,+10.602,25.099,10.602,8688.817,82.658,,,29.624,29.791,23.243,8635.783,8665.574,8688.817,8606.159
2022,Hungarian Grand Prix,13,Hungary,Budapest,0 days 02:26:11.161000,PER,11,0 days 00:01:22.344000,59.0,3.0,,Sergio Perez,,0 days 00:00:29.558000,0 days 00:00:29.620000,0 days 00:00:23.166000,0 days 02:25:18.375000,0 days 02:25:47.995000,0 days 02:26:11.161000,280.0,238.0,245.0,284.0,False,MEDIUM,17.0,True,Red Bull Racing,0 days 02:24:48.817000,,1,5.0,False,,False,True,18.1,69.0,985.7,True,24.8,288,4.1,True,False,False,False,False,False,+24.201,+11.085,24.201,11.085,8771.161,82.344,,,29.558,29.62,23.166,8718.375,8747.995,8771.161,8688.817
2022,Hungarian Grand Prix,13,Hungary,Budapest,0 days 02:27:33.481000,PER,11,0 days 00:01:22.320000,60.0,3.0,,Sergio Perez,,0 days 00:00:29.436000,0 days 00:00:29.631000,0 days 00:00:23.253000,0 days 02:26:40.597000,0 days 02:27:10.228000,0 days 02:27:33.481000,280.0,239.0,244.0,284.0,False,MEDIUM,18.0,True,Red Bull Racing,0 days 02:26:11.161000,,1,5.0,False,,False,True,18.1,70.0,985.9,True,24.8,291,5.4,True,False,False,False,False,False,+23.844,+11.638,23.844,11.638,8853.481,82.32,,,29.436,29.631,23.253,8800.597,8830.228,8853.481,8771.161
2022,Hungarian Grand Prix,13,Hungary,Budapest,0 days 02:28:55.894000,PER,11,0 days 00:01:22.413000,61.0,3.0,,Sergio Perez,,0 days 00:00:29.528000,0 days 00:00:29.603000,0 days 00:00:23.282000,0 days 02:28:03.009000,0 days 02:28:32.612000,0 days 02:28:55.894000,280.0,236.0,245.0,282.0,False,MEDIUM,19.0,True,Red Bull Racing,0 days 02:27:33.481000,,1,5.0,False,,False,True,18.0,70.0,985.9,True,24.8,282,4.8,True,False,False,False,False,False,+23.426,+11.611,23.426,11.611,8935.894,82.413,,,29.528,29.603,23.282,8883.009,8912.612,8935.894,8853.481
2022,Hungarian Grand Prix,13,Hungary,Budapest,0 days 02:30:18.449000,PER,11,0 days 00:01:22.555000,62.0,3.0,,Sergio Perez,,0 days 00:00:29.546000,0 days 00:00:29.651000,0 days 00:00:23.358000,0 days 02:29:25.440000,0 days 02:29:55.091000,0 days 02:30:18.449000,278.0,234.0,246.0,286.0,False,MEDIUM,20.0,True,Red Bull Racing,0 days 02:28:55.894000,,1,5.0,False,,False,True,18.0,70.0,986.0,True,24.7,287,5.0,True,False,False,False,False,False,+22.547,+10.649,22.547,10.649,9018.449,82.555,,,29.546,29.651,23.358,8965.44,8995.091,9018.449,8935.894
2022,Hungarian Grand Prix,13,Hungary,Budapest,0 days 02:31:40.684000,PER,11,0 days 00:01:22.235000,63.0,3.0,,Sergio Perez,,0 days 00:00:29.386000,0 days 00:00:29.586000,0 days 00:00:23.263000,0 days 02:30:47.835000,0 days 02:31:17.421000,0 days 02:31:40.684000,279.0,237.0,246.0,286.0,False,MEDIUM,21.0,True,Red Bull Racing,0 days 02:30:18.449000,,1,5.0,False,,False,True,18.0,70.0,986.0,True,24.6,281,4.8,True,False,False,False,False,False,+21.752,+8.665,21.752,8.665,9100.684,82.235,,,29.386,29.586,23.263,9047.835,9077.421,9100.684,9018.449
2022,Hungarian Grand Prix,13,Hungary,Budapest,0 days 02:33:03.074000,PER,11,0 days 00:01:22.390000,64.0,3.0,,Sergio Perez,,0 days 00:00:29.492000,0 days 00:00:29.601000,0 days 00:00:23.297000,0 days 02:32:10.176000,0 days 02:32:39.777000,0 days 02:33:03.074000,279.0,237.0,247.0,285.0,False,MEDIUM,22.0,True,Red Bull Racing,0 days 02:31:40.684000,,1,5.0,False,,False,True,18.0,70.0,986.0,True,24.6,304,3.7,True,False,False,False,False,False,+21.164,+7.417,21.164,7.417,9183.074,82.39,,,29.492,29.601,23.297,9130.176,9159.777,9183.074,9100.684
2022,Hungarian Grand Prix,13,Hungary,Budapest,0 days 02:34:25.101000,PER,11,0 days 00:01:22.027000,65.0,3.0,,Sergio Perez,,0 days 00:00:29.449000,0 days 00:00:29.476000,0 days 00:00:23.102000,0 days 02:33:32.523000,0 days 02:34:01.999000,0 days 02:34:25.101000,279.0,241.0,246.0,287.0,False,MEDIUM,23.0,True,Red Bull Racing,0 days 02:33:03.074000,,1,5.0,False,,False,True,18.1,70.0,986.0,True,24.7,287,3.4,True,False,False,False,False,False,+20.510,+5.861,20.51,5.861,9265.101,82.027,,,29.449,29.476,23.102,9212.523,9241.999,9265.101,9183.074
2022,Hungarian Grand Prix,13,Hungary,Budapest,0 days 02:35:48.029000,PER,11,0 days 00:01:22.928000,66.0,3.0,,Sergio Perez,,0 days 00:00:29.654000,0 days 00:00:29.963000,0 days 00:00:23.311000,0 days 02:34:54.755000,0 days 02:35:24.718000,0 days 02:35:48.029000,279.0,235.0,251.0,284.0,False,MEDIUM,24.0,True,Red Bull Racing,0 days 02:34:25.101000,,1,5.0,False,,False,True,18.1,70.0,986.0,True,24.7,289,3.2,True,False,False,False,False,False,+20.378,+4.901,20.378,4.901,9348.029,82.928,,,29.654,29.963,23.311,9294.755,9324.718,9348.029,9265.101
2022,Hungarian Grand Prix,13,Hungary,Budapest,0 days 02:37:10.466000,PER,11,0 days 00:01:22.437000,67.0,3.0,,Sergio Perez,,0 days 00:00:29.176000,0 days 00:00:29.813000,0 days 00:00:23.448000,0 days 02:36:17.205000,0 days 02:36:47.018000,0 days 02:37:10.466000,278.0,239.0,245.0,300.0,False,MEDIUM,25.0,True,Red Bull Racing,0 days 02:35:48.029000,,12,5.0,False,,False,True,18.1,70.0,986.0,True,24.7,281,2.5,True,True,False,False,False,False,+19.516,+2.635,19.516,2.635,9430.466,82.437,,,29.176,29.813,23.448,9377.205,9407.018,9430.466,9348.029
2022,Hungarian Grand Prix,13,Hungary,Budapest,0 days 02:38:58.284000,PER,11,0 days 00:01:47.818000,68.0,3.0,,Sergio Perez,,0 days 00:00:30.974000,0 days 00:00:45.271000,0 days 00:00:31.573000,0 days 02:37:41.440000,0 days 02:38:26.711000,0 days 02:38:58.284000,137.0,133.0,182.0,284.0,False,MEDIUM,26.0,True,Red Bull Racing,0 days 02:37:10.466000,,26,5.0,False,,False,False,18.1,69.0,986.2,True,24.4,278,4.5,False,True,False,False,True,False,+28.666,+3.133,28.666,3.133,9538.284,107.818,,,30.974,45.271,31.573,9461.44,9506.711,9538.284,9430.466
2022,Hungarian Grand Prix,13,Hungary,Budapest,0 days 02:40:32.525000,PER,11,0 days 00:01:34.241000,69.0,3.0,,Sergio Perez,,0 days 00:00:38.576000,0 days 00:00:31.467000,0 days 00:00:24.198000,0 days 02:39:36.860000,0 days 02:40:08.327000,0 days 02:40:32.525000,263.0,231.0,246.0,242.0,False,MEDIUM,27.0,True,Red Bull Racing,0 days 02:38:58.284000,,671,5.0,False,,False,False,18.1,70.0,986.0,True,24.3,286,4.9,True,False,False,False,True,True,+18.819,+2.858,18.819,2.858,9632.525,94.241,,,38.576,31.467,24.198,9576.86,9608.327,9632.525,9538.284
2022,Hungarian Grand Prix,13,Hungary,Budapest,0 days 02:41:57.638000,PER,11,0 days 00:01:25.113000,70.0,3.0,,Sergio Perez,,0 days 00:00:30.483000,0 days 00:00:30.673000,0 days 00:00:23.957000,0 days 02:41:03.008000,0 days 02:41:33.681000,0 days 02:41:57.638000,279.0,234.0,244.0,288.0,False,MEDIUM,28.0,True,Red Bull Racing,0 days 02:40:32.525000,,1,5.0,False,,False,True,18.0,70.0,986.0,True,23.9,283,4.5,True,False,False,False,False,False,+15.915,+1.118,15.915,1.118,9717.638,85.113,,,30.483,30.673,23.957,9663.008,9693.681,9717.638,9632.525
2022,Hungarian Grand Prix,13,Hungary,Budapest,0 days 01:03:41.578000,ALO,14,0 days 00:01:35.540000,1.0,1.0,,Fernando Alonso,,,0 days 00:00:32.711000,0 days 00:00:26.020000,,0 days 01:03:15.690000,0 days 01:03:41.737000,265.0,228.0,94.0,241.0,False,MEDIUM,1.0,True,Alpine,0 days 01:02:05.807000,,126,7.0,False,,False,False,18.4,70.0,985.7,True,26.4,289,5.0,True,True,False,False,True,False,+5.397,+0.957,5.397,0.957,3821.578,95.54,,,,32.711,26.02,,3795.69,3821.737,3725.807
2022,Hungarian Grand Prix,13,Hungary,Budapest,0 days 01:05:35.811000,ALO,14,0 days 00:01:54.233000,2.0,1.0,,Fernando Alonso,,0 days 00:00:46.064000,0 days 00:00:36.857000,0 days 00:00:31.312000,0 days 01:04:27.685000,0 days 01:05:04.542000,0 days 01:05:35.854000,219.0,195.0,218.0,101.0,True,MEDIUM,2.0,True,Alpine,0 days 01:03:41.578000,,6,7.0,False,,False,False,18.4,70.0,985.7,True,26.5,286,4.5,False,False,False,False,True,False,+9.630,+1.139,9.63,1.139,3935.811,114.233,,,46.064,36.857,31.312,3867.685,3904.542,3935.854,3821.578
2022,Hungarian Grand Prix,13,Hungary,Budapest,0 days 01:07:04.861000,ALO,14,0 days 00:01:29.050000,3.0,1.0,,Fernando Alonso,,0 days 00:00:34.505000,0 days 00:00:30.873000,0 days 00:00:23.672000,0 days 01:06:10.359000,0 days 01:06:41.232000,0 days 01:07:04.904000,270.0,234.0,245.0,230.0,True,MEDIUM,3.0,True,Alpine,0 days 01:05:35.811000,,671,7.0,False,,False,False,18.4,70.0,985.5,False,26.7,277,3.9,True,False,False,False,True,True,+7.660,+0.751,7.66,0.751,4024.861,89.05,,,34.505,30.873,23.672,3970.359,4001.232,4024.904,3935.811
2022,Hungarian Grand Prix,13,Hungary,Budapest,0 days 01:08:29.603000,ALO,14,0 days 00:01:24.742000,4.0,1.0,,Fernando Alonso,,0 days 00:00:30.348000,0 days 00:00:30.613000,0 days 00:00:23.781000,0 days 01:07:35.252000,0 days 01:08:05.865000,0 days 01:08:29.646000,271.0,234.0,245.0,295.0,True,MEDIUM,4.0,True,Alpine,0 days 01:07:04.861000,,1,7.0,False,,False,True,18.4,70.0,985.5,False,26.7,299,3.2,True,False,False,False,False,False,+8.696,+0.924,8.696,0.924,4109.603,84.742,,,30.348,30.613,23.781,4055.252,4085.865,4109.646,4024.861
2022,Hungarian Grand Prix,13,Hungary,Budapest,0 days 01:09:55.501000,ALO,14,0 days 00:01:25.898000,5.0,1.0,,Fernando Alonso,,0 days 00:00:30.698000,0 days 00:00:31.418000,0 days 00:00:23.782000,0 days 01:09:00.344000,0 days 01:09:31.762000,0 days 01:09:55.544000,244.0,234.0,246.0,295.0,False,MEDIUM,5.0,True,Alpine,0 days 01:08:29.603000,,1,8.0,False,,False,True,18.6,71.0,985.5,True,26.5,290,3.5,True,False,False,False,False,False,+10.678,+1.086,10.678,1.086,4195.501,85.898,,,30.698,31.418,23.782,4140.344,4171.762,4195.544,4109.603
2022,Hungarian Grand Prix,13,Hungary,Budapest,0 days 01:11:20.389000,ALO,14,0 days 00:01:24.888000,6.0,1.0,,Fernando Alonso,,0 days 00:00:30.170000,0 days 00:00:30.905000,0 days 00:00:23.813000,0 days 01:10:25.714000,0 days 01:10:56.619000,0 days 01:11:20.432000,270.0,234.0,241.0,294.0,False,MEDIUM,6.0,True,Alpine,0 days 01:09:55.501000,,1,8.0,False,,False,True,18.6,70.0,985.5,False,26.7,297,3.5,True,False,False,False,False,False,+11.567,+1.205,11.567,1.205,4280.389,84.888,,,30.17,30.905,23.813,4225.714,4256.619,4280.432,4195.501
2022,Hungarian Grand Prix,13,Hungary,Budapest,0 days 01:12:47.349000,ALO,14,0 days 00:01:26.960000,7.0,1.0,,Fernando Alonso,,0 days 00:00:31.219000,0 days 00:00:31.572000,0 days 00:00:24.169000,0 days 01:11:51.651000,0 days 01:12:23.223000,0 days 01:12:47.392000,267.0,234.0,240.0,281.0,False,MEDIUM,7.0,True,Alpine,0 days 01:11:20.389000,,1,9.0,False,,False,True,18.6,71.0,985.5,False,26.5,281,3.2,True,False,False,False,False,False,+14.455,+1.509,14.455,1.509,4367.349,86.96,,,31.219,31.572,24.169,4311.651,4343.223,4367.392,4280.389
2022,Hungarian Grand Prix,13,Hungary,Budapest,0 days 01:14:12.730000,ALO,14,0 days 00:01:25.381000,8.0,1.0,,Fernando Alonso,,0 days 00:00:30.555000,0 days 00:00:30.858000,0 days 00:00:23.968000,0 days 01:13:17.947000,0 days 01:13:48.805000,0 days 01:14:12.773000,267.0,231.0,241.0,281.0,False,MEDIUM,8.0,True,Alpine,0 days 01:12:47.349000,,1,9.0,False,,False,True,18.5,71.0,985.5,False,26.6,284,3.9,True,False,False,False,False,False,+15.763,+1.874,15.763,1.874,4452.73,85.381,,,30.555,30.858,23.968,4397.947,4428.805,4452.773,4367.349
2022,Hungarian Grand Prix,13,Hungary,Budapest,0 days 01:15:38.171000,ALO,14,0 days 00:01:25.441000,9.0,1.0,,Fernando Alonso,,0 days 00:00:30.657000,0 days 00:00:30.810000,0 days 00:00:23.974000,0 days 01:14:43.430000,0 days 01:15:14.240000,0 days 01:15:38.214000,265.0,233.0,241.0,281.0,False,MEDIUM,9.0,True,Alpine,0 days 01:14:12.730000,,1,9.0,False,,False,True,18.5,71.0,985.5,False,26.5,296,3.2,True,False,False,False,False,False,+17.479,+1.878,17.479,1.878,4538.171,85.441,,,30.657,30.81,23.974,4483.43,4514.24,4538.214,4452.73
2022,Hungarian Grand Prix,13,Hungary,Budapest,0 days 01:17:03.533000,ALO,14,0 days 00:01:25.362000,10.0,1.0,,Fernando Alonso,,0 days 00:00:30.649000,0 days 00:00:30.982000,0 days 00:00:23.731000,0 days 01:16:08.863000,0 days 01:16:39.845000,0 days 01:17:03.576000,265.0,233.0,242.0,278.0,False,MEDIUM,10.0,True,Alpine,0 days 01:15:38.171000,,1,9.0,False,,False,True,18.5,71.0,985.5,False,26.7,280,3.5,True,False,False,False,False,False,+18.338,+1.782,18.338,1.782,4623.533,85.362,,,30.649,30.982,23.731,4568.863,4599.845,4623.576,4538.171
2022,Hungarian Grand Prix,13,Hungary,Budapest,0 days 01:18:28.865000,ALO,14,0 days 00:01:25.332000,11.0,1.0,,Fernando Alonso,,0 days 00:00:30.458000,0 days 00:00:30.998000,0 days 00:00:23.876000,0 days 01:17:34.034000,0 days 01:18:05.032000,0 days 01:18:28.908000,266.0,235.0,240.0,281.0,False,MEDIUM,11.0,True,Alpine,0 days 01:17:03.533000,,1,9.0,False,,False,True,18.5,71.0,985.5,False,26.8,288,3.7,True,False,False,False,False,False,+19.310,+1.868,19.31,1.868,4708.865,85.332,,,30.458,30.998,23.876,4654.034,4685.032,4708.908,4623.533
2022,Hungarian Grand Prix,13,Hungary,Budapest,0 days 01:19:53.845000,ALO,14,0 days 00:01:24.980000,12.0,1.0,,Fernando Alonso,,0 days 00:00:30.475000,0 days 00:00:30.625000,0 days 00:00:23.880000,0 days 01:18:59.383000,0 days 01:19:30.008000,0 days 01:19:53.888000,267.0,234.0,241.0,280.0,False,MEDIUM,12.0,True,Alpine,0 days 01:18:28.865000,,1,9.0,False,,False,True,18.5,71.0,985.5,False,26.9,289,3.9,True,False,False,False,False,False,+20.141,+1.493,20.141,1.493,4793.845,84.98,,,30.475,30.625,23.88,4739.383,4770.008,4793.888,4708.865
2022,Hungarian Grand Prix,13,Hungary,Budapest,0 days 01:21:18.619000,ALO,14,0 days 00:01:24.774000,13.0,1.0,,Fernando Alonso,,0 days 00:00:30.319000,0 days 00:00:30.457000,0 days 00:00:23.998000,0 days 01:20:24.207000,0 days 01:20:54.664000,0 days 01:21:18.662000,269.0,235.0,241.0,280.0,False,MEDIUM,13.0,True,Alpine,0 days 01:19:53.845000,,1,9.0,False,,False,True,18.5,71.0,985.5,False,26.9,282,4.5,True,False,False,False,False,False,+20.355,+1.074,20.355,1.074,4878.619,84.774,,,30.319,30.457,23.998,4824.207,4854.664,4878.662,4793.845
2022,Hungarian Grand Prix,13,Hungary,Budapest,0 days 01:22:44.050000,ALO,14,0 days 00:01:25.431000,14.0,1.0,,Fernando Alonso,,0 days 00:00:30.426000,0 days 00:00:30.741000,0 days 00:00:24.264000,0 days 01:21:49.088000,0 days 01:22:19.829000,0 days 01:22:44.093000,270.0,232.0,245.0,282.0,False,MEDIUM,14.0,True,Alpine,0 days 01:21:18.619000,,1,8.0,False,,False,True,18.4,72.0,985.5,False,26.9,277,3.9,True,False,False,False,False,False,+20.812,+0.695,20.812,0.695,4964.05,85.431,,,30.426,30.741,24.264,4909.088,4939.829,4964.093,4878.619
2022,Hungarian Grand Prix,13,Hungary,Budapest,0 days 01:24:08.970000,ALO,14,0 days 00:01:24.920000,15.0,1.0,,Fernando Alonso,,0 days 00:00:30.088000,0 days 00:00:30.795000,0 days 00:00:24.037000,0 days 01:23:14.181000,0 days 01:23:44.976000,0 days 01:24:09.013000,270.0,233.0,245.0,296.0,False,MEDIUM,15.0,True,Alpine,0 days 01:22:44.050000,,1,8.0,False,,False,True,18.4,71.0,985.5,False,26.9,267,2.5,True,False,False,False,False,False,+20.808,+0.944,20.808,0.944,5048.97,84.92,,,30.088,30.795,24.037,4994.181,5024.976,5049.013,4964.05
2022,Hungarian Grand Prix,13,Hungary,Budapest,0 days 01:25:34.890000,ALO,14,0 days 00:01:25.920000,16.0,1.0,,Fernando Alonso,,0 days 00:00:30.358000,0 days 00:00:31.376000,0 days 00:00:24.186000,0 days 01:24:39.371000,0 days 01:25:10.747000,0 days 01:25:34.933000,267.0,233.0,241.0,291.0,False,MEDIUM,16.0,True,Alpine,0 days 01:24:08.970000,,1,8.0,False,,False,True,18.4,70.0,985.5,False,27.2,291,3.2,True,False,False,False,False,False,+20.470,+1.610,20.47,1.61,5134.89,85.92,,,30.358,31.376,24.186,5079.371,5110.747,5134.933,5048.97
2022,Hungarian Grand Prix,13,Hungary,Budapest,0 days 01:27:01.536000,ALO,14,0 days 00:01:26.646000,17.0,1.0,,Fernando Alonso,,0 days 00:00:31.105000,0 days 00:00:31.450000,0 days 00:00:24.091000,0 days 01:26:06.038000,0 days 01:26:37.488000,0 days 01:27:01.579000,267.0,231.0,241.0,278.0,False,MEDIUM,17.0,True,Alpine,0 days 01:25:34.890000,,1,7.0,False,,False,True,18.4,70.0,985.5,False,27.2,285,4.5,True,False,False,False,False,False,+22.119,+2.380,22.119,2.38,5221.536,86.646,,,31.105,31.45,24.091,5166.038,5197.488,5221.579,5134.89
2022,Hungarian Grand Prix,13,Hungary,Budapest,0 days 01:28:27.560000,ALO,14,0 days 00:01:26.024000,18.0,1.0,,Fernando Alonso,,0 days 00:00:30.552000,0 days 00:00:31.266000,0 days 00:00:24.206000,0 days 01:27:32.131000,0 days 01:28:03.397000,0 days 01:28:27.603000,271.0,231.0,240.0,279.0,False,MEDIUM,18.0,True,Alpine,0 days 01:27:01.536000,,1,7.0,False,,False,True,18.4,70.0,985.7,False,27.6,292,4.8,True,False,False,False,False,False,+24.351,+1.816,24.351,1.816,5307.56,86.024,,,30.552,31.266,24.206,5252.131,5283.397,5307.603,5221.536
2022,Hungarian Grand Prix,13,Hungary,Budapest,0 days 01:29:53.601000,ALO,14,0 days 00:01:26.041000,19.0,1.0,,Fernando Alonso,,0 days 00:00:30.484000,0 days 00:00:31.219000,0 days 00:00:24.338000,0 days 01:28:58.087000,0 days 01:29:29.306000,0 days 01:29:53.644000,266.0,234.0,239.0,279.0,False,MEDIUM,19.0,True,Alpine,0 days 01:28:27.560000,,1,6.0,False,,False,True,18.4,70.0,985.7,False,27.6,281,4.4,True,False,False,False,False,False,+26.481,+1.692,26.481,1.692,5393.601,86.041,,,30.484,31.219,24.338,5338.087,5369.306,5393.644,5307.56
2022,Hungarian Grand Prix,13,Hungary,Budapest,0 days 01:31:19.815000,ALO,14,0 days 00:01:26.214000,20.0,1.0,,Fernando Alonso,,0 days 00:00:30.989000,0 days 00:00:31.290000,0 days 00:00:23.935000,0 days 01:30:24.633000,0 days 01:30:55.923000,0 days 01:31:19.858000,271.0,233.0,240.0,277.0,False,MEDIUM,20.0,True,Alpine,0 days 01:29:53.601000,,1,6.0,False,,False,True,18.5,70.0,985.7,False,27.3,280,5.3,True,False,False,False,False,False,+28.418,+1.877,28.418,1.877,5479.815,86.214,,,30.989,31.29,23.935,5424.633,5455.923,5479.858,5393.601
2022,Hungarian Grand Prix,13,Hungary,Budapest,0 days 01:32:47.597000,ALO,14,0 days 00:01:27.782000,21.0,1.0,,Fernando Alonso,0 days 01:32:45.896000,0 days 00:00:30.470000,0 days 00:00:30.945000,0 days 00:00:26.367000,0 days 01:31:50.328000,0 days 01:32:21.273000,0 days 01:32:47.640000,271.0,231.0,,279.0,False,MEDIUM,21.0,True,Alpine,0 days 01:31:19.815000,,1,6.0,False,,False,False,18.5,70.0,985.5,False,27.5,279,4.0,True,False,False,False,False,False,+11.570,+1.563,11.57,1.563,5567.597,87.782,5565.896,,30.47,30.945,26.367,5510.328,5541.273,5567.64,5479.815
2022,Hungarian Grand Prix,13,Hungary,Budapest,0 days 01:34:32.665000,ALO,14,0 days 00:01:45.068000,22.0,2.0,0 days 01:33:07.965000,Fernando Alonso,,0 days 00:00:50.204000,0 days 00:00:30.776000,0 days 00:00:24.088000,0 days 01:33:37.844000,0 days 01:34:08.620000,0 days 01:34:32.708000,263.0,234.0,241.0,279.0,False,HARD,1.0,True,Alpine,0 days 01:32:47.597000,,1,11.0,False,,False,False,18.5,70.0,985.5,False,27.6,290,5.0,True,False,False,False,False,False,+35.518,+6.759,35.518,6.759,5672.665,105.068,,5587.965,50.204,30.776,24.088,5617.844,5648.62,5672.708,5567.597
2022,Hungarian Grand Prix,13,Hungary,Budapest,0 days 01:35:57.253000,ALO,14,0 days 00:01:24.588000,23.0,2.0,,Fernando Alonso,,0 days 00:00:30.322000,0 days 00:00:30.562000,0 days 00:00:23.704000,0 days 01:35:03.030000,0 days 01:35:33.592000,0 days 01:35:57.296000,269.0,237.0,242.0,276.0,True,HARD,2.0,True,Alpine,0 days 01:34:32.665000,,1,11.0,False,,False,True,18.5,70.0,985.5,False,27.8,291,3.5,True,False,False,False,False,False,+36.603,+5.790,36.603,5.79,5757.253,84.588,,,30.322,30.562,23.704,5703.03,5733.592,5757.296,5672.665
2022,Hungarian Grand Prix,13,Hungary,Budapest,0 days 01:37:25.295000,ALO,14,0 days 00:01:28.042000,24.0,2.0,,Fernando Alonso,,0 days 00:00:31.405000,0 days 00:00:32.028000,0 days 00:00:24.609000,0 days 01:36:28.701000,0 days 01:37:00.729000,0 days 01:37:25.338000,248.0,233.0,247.0,278.0,False,HARD,3.0,True,Alpine,0 days 01:35:57.253000,,1,12.0,False,,False,True,18.4,70.0,985.5,False,27.8,277,3.2,True,False,False,False,False,False,+40.719,+0.801,40.719,0.801,5845.295,88.042,,,31.405,32.028,24.609,5788.701,5820.729,5845.338,5757.253
2022,Hungarian Grand Prix,13,Hungary,Budapest,0 days 01:38:50.665000,ALO,14,0 days 00:01:25.370000,25.0,2.0,,Fernando Alonso,,0 days 00:00:30.187000,0 days 00:00:31.100000,0 days 00:00:24.083000,0 days 01:37:55.525000,0 days 01:38:26.625000,0 days 01:38:50.708000,271.0,236.0,248.0,297.0,False,HARD,4.0,True,Alpine,0 days 01:37:25.295000,,1,12.0,False,,False,True,18.5,70.0,985.5,False,28.1,285,4.1,True,False,False,False,False,False,+42.514,+1.004,42.514,1.004,5930.665,85.37,,,30.187,31.1,24.083,5875.525,5906.625,5930.708,5845.295
2022,Hungarian Grand Prix,13,Hungary,Budapest,0 days 01:40:16.700000,ALO,14,0 days 00:01:26.035000,26.0,2.0,,Fernando Alonso,,0 days 00:00:30.421000,0 days 00:00:31.462000,0 days 00:00:24.152000,0 days 01:39:21.129000,0 days 01:39:52.591000,0 days 01:40:16.743000,269.0,233.0,243.0,296.0,False,HARD,5.0,True,Alpine,0 days 01:38:50.665000,,1,12.0,False,,False,True,18.5,70.0,985.5,False,28.2,282,3.5,True,False,False,False,False,False,+44.722,+1.695,44.722,1.695,6016.7,86.035,,,30.421,31.462,24.152,5961.129,5992.591,6016.743,5930.665
2022,Hungarian Grand Prix,13,Hungary,Budapest,0 days 01:41:43.241000,ALO,14,0 days 00:01:26.541000,27.0,2.0,,Fernando Alonso,,0 days 00:00:31.029000,0 days 00:00:31.443000,0 days 00:00:24.069000,0 days 01:40:47.772000,0 days 01:41:19.215000,0 days 01:41:43.284000,272.0,235.0,242.0,282.0,False,HARD,6.0,True,Alpine,0 days 01:40:16.700000,,1,12.0,False,,False,True,18.5,70.0,985.5,False,28.5,294,3.5,True,False,False,False,False,False,+47.337,+1.485,47.337,1.485,6103.241,86.541,,,31.029,31.443,24.069,6047.772,6079.215,6103.284,6016.7
2022,Hungarian Grand Prix,13,Hungary,Budapest,0 days 01:43:08.435000,ALO,14,0 days 00:01:25.194000,28.0,2.0,,Fernando Alonso,,0 days 00:00:30.388000,0 days 00:00:30.822000,0 days 00:00:23.984000,0 days 01:42:13.672000,0 days 01:42:44.494000,0 days 01:43:08.478000,271.0,234.0,241.0,279.0,False,HARD,7.0,True,Alpine,0 days 01:41:43.241000,,1,11.0,False,,False,True,18.6,70.0,985.5,False,28.5,285,3.7,True,False,False,False,False,False,+47.920,+1.829,47.92,1.829,6188.435,85.194,,,30.388,30.822,23.984,6133.672,6164.494,6188.478,6103.241
2022,Hungarian Grand Prix,13,Hungary,Budapest,0 days 01:44:34.175000,ALO,14,0 days 00:01:25.740000,29.0,2.0,,Fernando Alonso,,0 days 00:00:30.572000,0 days 00:00:31.023000,0 days 00:00:24.145000,0 days 01:43:39.050000,0 days 01:44:10.073000,0 days 01:44:34.218000,270.0,235.0,240.0,280.0,False,HARD,8.0,True,Alpine,0 days 01:43:08.435000,,1,11.0,False,,False,True,18.6,69.0,985.4,False,28.5,274,4.8,True,False,False,False,False,False,+49.424,+1.922,49.424,1.922,6274.175,85.74,,,30.572,31.023,24.145,6219.05,6250.073,6274.218,6188.435
2022,Hungarian Grand Prix,13,Hungary,Budapest,0 days 01:45:59.720000,ALO,14,0 days 00:01:25.545000,30.0,2.0,,Fernando Alonso,,0 days 00:00:30.368000,0 days 00:00:30.885000,0 days 00:00:24.292000,0 days 01:45:04.586000,0 days 01:45:35.471000,0 days 01:45:59.763000,272.0,233.0,243.0,279.0,False,HARD,9.0,True,Alpine,0 days 01:44:34.175000,,1,11.0,False,,False,True,18.4,70.0,985.5,False,28.5,290,3.9,True,False,False,False,False,False,+50.287,+1.896,50.287,1.896,6359.72,85.545,,,30.368,30.885,24.292,6304.586,6335.471,6359.763,6274.175
2022,Hungarian Grand Prix,13,Hungary,Budapest,0 days 01:47:26.555000,ALO,14,0 days 00:01:26.835000,31.0,2.0,,Fernando Alonso,,0 days 00:00:31.426000,0 days 00:00:31.223000,0 days 00:00:24.186000,0 days 01:46:31.189000,0 days 01:47:02.412000,0 days 01:47:26.598000,272.0,233.0,244.0,280.0,False,HARD,10.0,True,Alpine,0 days 01:45:59.720000,,1,12.0,False,,False,True,18.3,70.0,985.5,False,28.0,293,5.3,True,False,False,False,False,False,+54.217,+1.504,54.217,1.504,6446.555,86.835,,,31.426,31.223,24.186,6391.189,6422.412,6446.598,6359.72
2022,Hungarian Grand Prix,13,Hungary,Budapest,0 days 01:48:51.927000,ALO,14,0 days 00:01:25.372000,32.0,2.0,,Fernando Alonso,,0 days 00:00:30.368000,0 days 00:00:30.983000,0 days 00:00:24.021000,0 days 01:47:56.966000,0 days 01:48:27.949000,0 days 01:48:51.970000,269.0,230.0,241.0,282.0,False,HARD,11.0,True,Alpine,0 days 01:47:26.555000,,1,12.0,False,,False,True,18.4,71.0,985.5,False,27.7,266,5.8,True,False,False,False,False,False,+55.239,+1.504,55.239,1.504,6531.927,85.372,,,30.368,30.983,24.021,6476.966,6507.949,6531.97,6446.555
2022,Hungarian Grand Prix,13,Hungary,Budapest,0 days 01:50:16.717000,ALO,14,0 days 00:01:24.790000,33.0,2.0,,Fernando Alonso,,0 days 00:00:30.301000,0 days 00:00:30.553000,0 days 00:00:23.936000,0 days 01:49:22.271000,0 days 01:49:52.824000,0 days 01:50:16.760000,270.0,236.0,243.0,280.0,False,HARD,12.0,True,Alpine,0 days 01:48:51.927000,,1,12.0,False,,False,True,18.4,71.0,985.7,False,27.6,294,4.0,True,False,False,False,False,False,+56.659,+1.253,56.659,1.253,6616.717,84.79,,,30.301,30.553,23.936,6562.271,6592.824,6616.76,6531.927
2022,Hungarian Grand Prix,13,Hungary,Budapest,0 days 01:51:41.632000,ALO,14,0 days 00:01:24.915000,34.0,2.0,,Fernando Alonso,,0 days 00:00:30.241000,0 days 00:00:30.673000,0 days 00:00:24.001000,0 days 01:50:47.001000,0 days 01:51:17.674000,0 days 01:51:41.675000,273.0,237.0,242.0,282.0,False,HARD,13.0,True,Alpine,0 days 01:50:16.717000,,12,12.0,False,,False,True,18.3,70.0,985.5,False,27.3,282,4.4,True,True,False,False,False,False,+58.146,+1.397,58.146,1.397,6701.632,84.915,,,30.241,30.673,24.001,6647.001,6677.674,6701.675,6616.717
2022,Hungarian Grand Prix,13,Hungary,Budapest,0 days 01:53:07.420000,ALO,14,0 days 00:01:25.788000,35.0,2.0,,Fernando Alonso,,0 days 00:00:30.301000,0 days 00:00:31.079000,0 days 00:00:24.408000,0 days 01:52:11.976000,0 days 01:52:43.055000,0 days 01:53:07.463000,272.0,231.0,241.0,282.0,False,HARD,14.0,True,Alpine,0 days 01:51:41.632000,,21,12.0,False,,False,True,18.3,71.0,985.7,False,26.8,276,4.5,True,True,False,False,False,False,+60.394,+1.298,60.394,1.298,6787.42,85.788,,,30.301,31.079,24.408,6731.976,6763.055,6787.463,6701.632
2022,Hungarian Grand Prix,13,Hungary,Budapest,0 days 01:54:33.173000,ALO,14,0 days 00:01:25.753000,36.0,2.0,,Fernando Alonso,,0 days 00:00:30.847000,0 days 00:00:30.987000,0 days 00:00:23.919000,0 days 01:53:38.310000,0 days 01:54:09.297000,0 days 01:54:33.216000,273.0,235.0,243.0,281.0,False,HARD,15.0,True,Alpine,0 days 01:53:07.420000,,1,12.0,False,,False,True,18.2,71.0,985.7,False,26.9,282,3.9,True,False,False,False,False,False,+63.050,+2.497,63.05,2.497,6873.173,85.753,,,30.847,30.987,23.919,6818.31,6849.297,6873.216,6787.42
2022,Hungarian Grand Prix,13,Hungary,Budapest,0 days 01:55:58.233000,ALO,14,0 days 00:01:25.060000,37.0,2.0,,Fernando Alonso,,0 days 00:00:30.512000,0 days 00:00:30.789000,0 days 00:00:23.759000,0 days 01:55:03.728000,0 days 01:55:34.517000,0 days 01:55:58.276000,271.0,236.0,242.0,280.0,False,HARD,16.0,True,Alpine,0 days 01:54:33.173000,,1,12.0,False,,False,True,18.2,71.0,985.7,False,26.7,287,4.1,True,False,False,False,False,False,+64.700,+2.847,64.7,2.847,6958.233,85.06,,,30.512,30.789,23.759,6903.728,6934.517,6958.276,6873.173
2022,Hungarian Grand Prix,13,Hungary,Budapest,0 days 01:57:23.537000,ALO,14,0 days 00:01:25.304000,38.0,2.0,,Fernando Alonso,,0 days 00:00:30.527000,0 days 00:00:30.895000,0 days 00:00:23.882000,0 days 01:56:28.803000,0 days 01:56:59.698000,0 days 01:57:23.580000,270.0,236.0,242.0,280.0,False,HARD,17.0,True,Alpine,0 days 01:55:58.233000,,1,12.0,False,,False,True,18.1,72.0,985.7,False,26.8,290,2.7,True,False,False,False,False,False,+66.254,+1.956,66.254,1.956,7043.537,85.304,,,30.527,30.895,23.882,6988.803,7019.698,7043.58,6958.233
2022,Hungarian Grand Prix,13,Hungary,Budapest,0 days 01:58:48.003000,ALO,14,0 days 00:01:24.466000,39.0,2.0,,Fernando Alonso,,0 days 00:00:30.254000,0 days 00:00:30.443000,0 days 00:00:23.769000,0 days 01:57:53.834000,0 days 01:58:24.277000,0 days 01:58:48.046000,273.0,234.0,249.0,280.0,True,HARD,18.0,True,Alpine,0 days 01:57:23.537000,,1,12.0,False,,False,True,18.0,72.0,985.7,False,26.5,293,3.4,True,False,False,False,False,False,+59.382,+0.959,59.382,0.959,7128.003,84.466,,,30.254,30.443,23.769,7073.834,7104.277,7128.046,7043.537
2022,Hungarian Grand Prix,13,Hungary,Budapest,0 days 02:00:12.839000,ALO,14,0 days 00:01:24.836000,40.0,2.0,,Fernando Alonso,,0 days 00:00:29.882000,0 days 00:00:30.880000,0 days 00:00:24.074000,0 days 01:59:17.928000,0 days 01:59:48.808000,0 days 02:00:12.882000,276.0,235.0,246.0,294.0,False,HARD,19.0,True,Alpine,0 days 01:58:48.003000,,1,12.0,False,,False,True,18.1,71.0,985.7,False,26.5,284,5.0,True,False,False,False,False,False,+60.063,+0.707,60.063,0.707,7212.839,84.836,,,29.882,30.88,24.074,7157.928,7188.808,7212.882,7128.003
2022,Hungarian Grand Prix,13,Hungary,Budapest,0 days 02:01:37.174000,ALO,14,0 days 00:01:24.335000,41.0,2.0,,Fernando Alonso,,0 days 00:00:30.127000,0 days 00:00:30.504000,0 days 00:00:23.704000,0 days 02:00:43.009000,0 days 02:01:13.513000,0 days 02:01:37.217000,273.0,237.0,244.0,294.0,True,HARD,20.0,True,Alpine,0 days 02:00:12.839000,,12,11.0,False,,False,True,18.0,71.0,985.7,False,26.4,289,5.1,True,True,False,False,False,False,+60.596,+1.890,60.596,1.89,7297.174,84.335,,,30.127,30.504,23.704,7243.009,7273.513,7297.217,7212.839
2022,Hungarian Grand Prix,13,Hungary,Budapest,0 days 02:03:01.810000,ALO,14,0 days 00:01:24.636000,42.0,2.0,,Fernando Alonso,,0 days 00:00:30.084000,0 days 00:00:30.691000,0 days 00:00:23.861000,0 days 02:02:07.301000,0 days 02:02:37.992000,0 days 02:03:01.853000,274.0,236.0,242.0,279.0,False,HARD,21.0,True,Alpine,0 days 02:01:37.174000,,1,11.0,False,,False,True,17.9,71.0,985.5,False,26.4,288,4.5,True,False,False,False,False,False,+60.639,+1.185,60.639,1.185,7381.81,84.636,,,30.084,30.691,23.861,7327.301,7357.992,7381.853,7297.174
2022,Hungarian Grand Prix,13,Hungary,Budapest,0 days 02:04:26.921000,ALO,14,0 days 00:01:25.111000,43.0,2.0,,Fernando Alonso,,0 days 00:00:30.235000,0 days 00:00:30.802000,0 days 00:00:24.074000,0 days 02:03:32.088000,0 days 02:04:02.890000,0 days 02:04:26.964000,275.0,235.0,247.0,280.0,False,HARD,22.0,True,Alpine,0 days 02:03:01.810000,,1,11.0,False,,False,True,18.0,71.0,985.7,False,26.1,287,4.8,True,False,False,False,False,False,+62.171,+0.788,62.171,0.788,7466.921,85.111,,,30.235,30.802,24.074,7412.088,7442.89,7466.964,7381.81
2022,Hungarian Grand Prix,13,Hungary,Budapest,0 days 02:05:52.272000,ALO,14,0 days 00:01:25.351000,44.0,2.0,,Fernando Alonso,,0 days 00:00:30.086000,0 days 00:00:31.197000,0 days 00:00:24.068000,0 days 02:04:57.050000,0 days 02:05:28.247000,0 days 02:05:52.315000,276.0,231.0,241.0,298.0,False,HARD,23.0,True,Alpine,0 days 02:04:26.921000,,1,11.0,False,,False,True,18.0,71.0,985.7,False,26.0,275,4.6,True,False,False,False,False,False,+63.253,+0.869,63.253,0.869,7552.272,85.351,,,30.086,31.197,24.068,7497.05,7528.247,7552.315,7466.921
2022,Hungarian Grand Prix,13,Hungary,Budapest,0 days 02:07:17.377000,ALO,14,0 days 00:01:25.105000,45.0,2.0,,Fernando Alonso,,0 days 00:00:30.229000,0 days 00:00:30.966000,0 days 00:00:23.910000,0 days 02:06:22.544000,0 days 02:06:53.510000,0 days 02:07:17.420000,277.0,235.0,247.0,281.0,False,HARD,24.0,True,Alpine,0 days 02:05:52.272000,,1,11.0,False,,False,True,18.0,72.0,985.7,False,26.1,286,3.9,True,False,False,False,False,False,+64.156,+0.551,64.156,0.551,7637.377,85.105,,,30.229,30.966,23.91,7582.544,7613.51,7637.42,7552.272
2022,Hungarian Grand Prix,13,Hungary,Budapest,0 days 02:08:42.706000,ALO,14,0 days 00:01:25.329000,46.0,2.0,,Fernando Alonso,,0 days 00:00:30.386000,0 days 00:00:30.937000,0 days 00:00:24.006000,0 days 02:07:47.806000,0 days 02:08:18.743000,0 days 02:08:42.749000,275.0,235.0,246.0,297.0,False,HARD,25.0,True,Alpine,0 days 02:07:17.377000,,1,10.0,False,,False,True,18.0,72.0,985.7,False,26.1,292,3.5,True,False,False,False,False,False,+65.276,+0.630,65.276,0.63,7722.706,85.329,,,30.386,30.937,24.006,7667.806,7698.743,7722.749,7637.377
2022,Hungarian Grand Prix,13,Hungary,Budapest,0 days 02:10:06.685000,ALO,14,0 days 00:01:23.979000,47.0,2.0,,Fernando Alonso,,0 days 00:00:29.886000,0 days 00:00:30.286000,0 days 00:00:23.807000,0 days 02:09:12.635000,0 days 02:09:42.921000,0 days 02:10:06.728000,270.0,238.0,243.0,292.0,True,HARD,26.0,True,Alpine,0 days 02:08:42.706000,,12,8.0,False,,False,True,18.1,71.0,985.7,False,26.1,296,3.7,True,True,False,False,False,False,+63.197,+6.783,63.197,6.783,7806.685,83.979,,,29.886,30.286,23.807,7752.635,7782.921,7806.728,7722.706
2022,Hungarian Grand Prix,13,Hungary,Budapest,0 days 02:11:31.218000,ALO,14,0 days 00:01:24.533000,48.0,2.0,,Fernando Alonso,,0 days 00:00:30.100000,0 days 00:00:30.490000,0 days 00:00:23.943000,0 days 02:10:36.828000,0 days 02:11:07.318000,0 days 02:11:31.261000,272.0,234.0,243.0,277.0,False,HARD,27.0,True,Alpine,0 days 02:10:06.685000,,1,8.0,False,,False,True,18.1,71.0,985.7,False,26.1,291,4.3,True,False,False,False,False,False,+62.947,+8.024,62.947,8.024,7891.218,84.533,,,30.1,30.49,23.943,7836.828,7867.318,7891.261,7806.685
2022,Hungarian Grand Prix,13,Hungary,Budapest,0 days 02:12:55.427000,ALO,14,0 days 00:01:24.209000,49.0,2.0,,Fernando Alonso,,0 days 00:00:30.126000,0 days 00:00:30.059000,0 days 00:00:24.024000,0 days 02:12:01.387000,0 days 02:12:31.446000,0 days 02:12:55.470000,271.0,234.0,242.0,278.0,False,HARD,28.0,True,Alpine,0 days 02:11:31.218000,,1,8.0,False,,False,True,18.1,71.0,985.7,False,25.7,290,4.1,True,False,False,False,False,False,+62.468,+8.557,62.468,8.557,7975.427,84.209,,,30.126,30.059,24.024,7921.387,7951.446,7975.47,7891.218
2022,Hungarian Grand Prix,13,Hungary,Budapest,0 days 02:14:20.054000,ALO,14,0 days 00:01:24.627000,50.0,2.0,,Fernando Alonso,,0 days 00:00:30.425000,0 days 00:00:30.471000,0 days 00:00:23.731000,0 days 02:13:25.895000,0 days 02:13:56.366000,0 days 02:14:20.097000,272.0,234.0,242.0,276.0,False,HARD,29.0,True,Alpine,0 days 02:12:55.427000,,1,8.0,False,,False,True,18.1,71.0,985.7,False,25.8,281,3.9,True,False,False,False,False,False,+62.382,+9.532,62.382,9.532,8060.054,84.627,,,30.425,30.471,23.731,8005.895,8036.366,8060.097,7975.427
2022,Hungarian Grand Prix,13,Hungary,Budapest,0 days 02:15:44.314000,ALO,14,0 days 00:01:24.260000,51.0,2.0,,Fernando Alonso,,0 days 00:00:30.203000,0 days 00:00:30.158000,0 days 00:00:23.899000,0 days 02:14:50.300000,0 days 02:15:20.458000,0 days 02:15:44.357000,272.0,238.0,242.0,276.0,False,HARD,30.0,True,Alpine,0 days 02:14:20.054000,,1,8.0,False,,False,True,18.2,70.0,985.7,True,25.9,286,4.5,True,False,False,False,False,False,+60.244,+10.368,60.244,10.368,8144.314,84.26,,,30.203,30.158,23.899,8090.3,8120.458,8144.357,8060.054
2022,Hungarian Grand Prix,13,Hungary,Budapest,0 days 02:17:08.328000,ALO,14,0 days 00:01:24.014000,52.0,2.0,,Fernando Alonso,,0 days 00:00:30.198000,0 days 00:00:30.223000,0 days 00:00:23.593000,0 days 02:16:14.555000,0 days 02:16:44.778000,0 days 02:17:08.371000,271.0,238.0,244.0,277.0,False,HARD,31.0,True,Alpine,0 days 02:15:44.314000,,1,8.0,False,,False,True,18.1,70.0,985.7,False,25.8,293,5.0,True,False,False,False,False,False,+61.741,+10.648,61.741,10.648,8228.328,84.014,,,30.198,30.223,23.593,8174.555,8204.778,8228.371,8144.314
2022,Hungarian Grand Prix,13,Hungary,Budapest,0 days 02:18:32.977000,ALO,14,0 days 00:01:24.649000,53.0,2.0,,Fernando Alonso,,0 days 00:00:30.485000,0 days 00:00:30.382000,0 days 00:00:23.782000,0 days 02:17:38.856000,0 days 02:18:09.238000,0 days 02:18:33.020000,273.0,237.0,242.0,276.0,False,HARD,32.0,True,Alpine,0 days 02:17:08.328000,,1,8.0,False,,False,True,18.1,70.0,985.7,False,25.5,280,4.5,True,False,False,False,False,False,+63.665,+11.366,63.665,11.366,8312.977,84.649,,,30.485,30.382,23.782,8258.856,8289.238,8313.02,8228.328
2022,Hungarian Grand Prix,13,Hungary,Budapest,0 days 02:19:57.377000,ALO,14,0 days 00:01:24.400000,54.0,2.0,,Fernando Alonso,,0 days 00:00:30.105000,0 days 00:00:30.588000,0 days 00:00:23.707000,0 days 02:19:03.125000,0 days 02:19:33.713000,0 days 02:19:57.420000,273.0,236.0,241.0,277.0,False,HARD,33.0,True,Alpine,0 days 02:18:32.977000,,1,8.0,False,,False,True,18.1,70.0,985.7,False,25.5,283,5.4,True,False,False,False,False,False,+65.275,+11.866,65.275,11.866,8397.377,84.4,,,30.105,30.588,23.707,8343.125,8373.713,8397.42,8312.977
2022,Hungarian Grand Prix,13,Hungary,Budapest,0 days 02:21:21.809000,ALO,14,0 days 00:01:24.432000,55.0,2.0,,Fernando Alonso,,0 days 00:00:30.355000,0 days 00:00:30.421000,0 days 00:00:23.656000,0 days 02:20:27.775000,0 days 02:20:58.196000,0 days 02:21:21.852000,271.0,238.0,243.0,275.0,False,HARD,34.0,True,Alpine,0 days 02:19:57.377000,,1,8.0,False,,False,True,18.0,69.0,985.7,False,25.5,283,4.8,True,False,False,False,False,False,+66.685,+12.183,66.685,12.183,8481.809,84.432,,,30.355,30.421,23.656,8427.775,8458.196,8481.852,8397.377
2022,Hungarian Grand Prix,13,Hungary,Budapest,0 days 02:22:46.131000,ALO,14,0 days 00:01:24.322000,56.0,2.0,,Fernando Alonso,,0 days 00:00:30.263000,0 days 00:00:30.425000,0 days 00:00:23.634000,0 days 02:21:52.115000,0 days 02:22:22.540000,0 days 02:22:46.174000,271.0,237.0,244.0,280.0,False,HARD,35.0,True,Alpine,0 days 02:21:21.809000,,1,8.0,False,,False,True,18.0,69.0,985.9,True,25.2,294,5.6,True,False,False,False,False,False,+68.010,+12.455,68.01,12.455,8566.131,84.322,,,30.263,30.425,23.634,8512.115,8542.54,8566.174,8481.809
2022,Hungarian Grand Prix,13,Hungary,Budapest,0 days 02:24:11.029000,ALO,14,0 days 00:01:24.898000,57.0,2.0,,Fernando Alonso,,0 days 00:00:30.485000,0 days 00:00:30.563000,0 days 00:00:23.850000,0 days 02:23:16.659000,0 days 02:23:47.222000,0 days 02:24:11.072000,271.0,236.0,243.0,277.0,False,HARD,36.0,True,Alpine,0 days 02:22:46.131000,,1,8.0,False,,False,True,18.0,70.0,985.9,True,25.1,279,4.4,True,False,False,False,False,False,+70.038,+13.348,70.038,13.348,8651.029,84.898,,,30.485,30.563,23.85,8596.659,8627.222,8651.072,8566.131
2022,Hungarian Grand Prix,13,Hungary,Budapest,0 days 02:25:35.862000,ALO,14,0 days 00:01:24.833000,58.0,2.0,,Fernando Alonso,,0 days 00:00:30.288000,0 days 00:00:30.920000,0 days 00:00:23.625000,0 days 02:24:41.360000,0 days 02:25:12.280000,0 days 02:25:35.905000,275.0,238.0,244.0,278.0,False,HARD,37.0,True,Alpine,0 days 02:24:11.029000,,1,8.0,False,,False,True,18.1,69.0,985.7,True,24.8,288,4.1,True,False,False,False,False,False,+72.173,+13.975,72.173,13.975,8735.862,84.833,,,30.288,30.92,23.625,8681.36,8712.28,8735.905,8651.029
2022,Hungarian Grand Prix,13,Hungary,Budapest,0 days 02:27:00.239000,ALO,14,0 days 00:01:24.377000,59.0,2.0,,Fernando Alonso,,0 days 00:00:30.468000,0 days 00:00:30.167000,0 days 00:00:23.742000,0 days 02:26:06.373000,0 days 02:26:36.540000,0 days 02:27:00.282000,273.0,240.0,243.0,276.0,False,HARD,38.0,True,Alpine,0 days 02:25:35.862000,,1,8.0,False,,False,True,18.1,70.0,986.0,True,24.8,283,4.5,True,False,False,False,False,False,+73.327,+14.667,73.327,14.667,8820.239,84.377,,,30.468,30.167,23.742,8766.373,8796.54,8820.282,8735.862
2022,Hungarian Grand Prix,13,Hungary,Budapest,0 days 02:28:24.625000,ALO,14,0 days 00:01:24.386000,60.0,2.0,,Fernando Alonso,,0 days 00:00:30.581000,0 days 00:00:30.141000,0 days 00:00:23.664000,0 days 02:27:30.863000,0 days 02:28:01.004000,0 days 02:28:24.668000,272.0,239.0,243.0,277.0,False,HARD,39.0,True,Alpine,0 days 02:27:00.239000,,1,8.0,False,,False,True,18.1,70.0,985.9,True,24.8,291,5.4,True,False,False,False,False,False,+75.021,+15.478,75.021,15.478,8904.625,84.386,,,30.581,30.141,23.664,8850.863,8881.004,8904.668,8820.239
2022,Hungarian Grand Prix,13,Hungary,Budapest,0 days 02:29:49.718000,ALO,14,0 days 00:01:25.093000,61.0,2.0,,Fernando Alonso,,0 days 00:00:30.646000,0 days 00:00:30.576000,0 days 00:00:23.871000,0 days 02:28:55.314000,0 days 02:29:25.890000,0 days 02:29:49.761000,274.0,237.0,245.0,277.0,False,HARD,40.0,True,Alpine,0 days 02:28:24.625000,,1,8.0,False,,False,True,18.0,70.0,986.0,True,24.7,287,5.0,True,False,False,False,False,False,+77.291,+17.245,77.291,17.245,8989.718,85.093,,,30.646,30.576,23.871,8935.314,8965.89,8989.761,8904.625
2022,Hungarian Grand Prix,13,Hungary,Budapest,0 days 02:31:14.444000,ALO,14,0 days 00:01:24.726000,62.0,2.0,,Fernando Alonso,,0 days 00:00:30.184000,0 days 00:00:30.688000,0 days 00:00:23.854000,0 days 02:30:19.945000,0 days 02:30:50.633000,0 days 02:31:14.487000,273.0,240.0,245.0,281.0,False,HARD,41.0,True,Alpine,0 days 02:29:49.718000,,1,8.0,False,,False,True,18.0,70.0,985.9,True,24.6,285,5.0,True,False,False,False,False,False,+78.549,+18.305,78.549,18.305,9074.444,84.726,,,30.184,30.688,23.854,9019.945,9050.633,9074.487,8989.718
2022,Hungarian Grand Prix,13,Hungary,Budapest,0 days 02:32:38.801000,ALO,14,0 days 00:01:24.357000,63.0,2.0,,Fernando Alonso,,0 days 00:00:30.299000,0 days 00:00:30.304000,0 days 00:00:23.754000,0 days 02:31:44.786000,0 days 02:32:15.090000,0 days 02:32:38.844000,271.0,240.0,244.0,279.0,False,HARD,42.0,True,Alpine,0 days 02:31:14.444000,,1,8.0,False,,False,True,18.0,70.0,986.0,True,24.6,304,3.7,True,False,False,False,False,False,+79.870,+18.264,79.87,18.264,9158.801,84.357,,,30.299,30.304,23.754,9104.786,9135.09,9158.844,9074.444
2022,Hungarian Grand Prix,13,Hungary,Budapest,0 days 02:34:03.008000,ALO,14,0 days 00:01:24.207000,64.0,2.0,,Fernando Alonso,,0 days 00:00:30.265000,0 days 00:00:30.147000,0 days 00:00:23.795000,0 days 02:33:09.109000,0 days 02:33:39.256000,0 days 02:34:03.051000,272.0,239.0,244.0,280.0,False,HARD,43.0,True,Alpine,0 days 02:32:38.801000,,1,8.0,False,,False,True,18.1,70.0,986.0,True,24.7,287,3.4,True,False,False,False,False,False,+81.139,+18.525,81.139,18.525,9243.008,84.207,,,30.265,30.147,23.795,9189.109,9219.256,9243.051,9158.801
2022,Hungarian Grand Prix,13,Hungary,Budapest,0 days 02:35:29.250000,ALO,14,0 days 00:01:26.242000,65.0,2.0,,Fernando Alonso,,0 days 00:00:30.307000,0 days 00:00:31.979000,0 days 00:00:23.956000,0 days 02:34:33.358000,0 days 02:35:05.337000,0 days 02:35:29.293000,273.0,235.0,244.0,278.0,False,HARD,44.0,True,Alpine,0 days 02:34:03.008000,,1,8.0,False,,False,True,18.1,69.0,986.0,True,24.7,274,3.7,True,False,False,False,False,False,1 L,+21.009,,21.009,9329.25,86.242,,,30.307,31.979,23.956,9273.358,9305.337,9329.293,9243.008
2022,Hungarian Grand Prix,13,Hungary,Budapest,0 days 02:36:53.578000,ALO,14,0 days 00:01:24.328000,66.0,2.0,,Fernando Alonso,,0 days 00:00:30.216000,0 days 00:00:30.241000,0 days 00:00:23.871000,0 days 02:35:59.509000,0 days 02:36:29.750000,0 days 02:36:53.621000,275.0,240.0,245.0,280.0,False,HARD,45.0,True,Alpine,0 days 02:35:29.250000,,1,8.0,False,,False,True,18.1,70.0,986.0,True,24.7,281,2.5,True,False,False,False,False,False,1 L,+21.119,,21.119,9413.578,84.328,,,30.216,30.241,23.871,9359.509,9389.75,9413.621,9329.25
2022,Hungarian Grand Prix,13,Hungary,Budapest,0 days 02:38:34.363000,ALO,14,0 days 00:01:40.785000,67.0,2.0,,Fernando Alonso,,0 days 00:00:30.494000,0 days 00:00:39.054000,0 days 00:00:31.237000,0 days 02:37:24.115000,0 days 02:38:03.169000,0 days 02:38:34.406000,273.0,192.0,111.0,279.0,False,HARD,46.0,True,Alpine,0 days 02:36:53.578000,,126,8.0,False,,False,False,18.1,69.0,986.2,False,24.7,272,4.5,True,True,False,False,True,False,1 L,+28.753,,28.753,9514.363,100.785,,,30.494,39.054,31.237,9444.115,9483.169,9514.406,9413.578
2022,Hungarian Grand Prix,13,Hungary,Budapest,0 days 02:40:18.374000,ALO,14,0 days 00:01:44.011000,68.0,2.0,,Fernando Alonso,,0 days 00:00:40.267000,0 days 00:00:36.844000,0 days 00:00:26.900000,0 days 02:39:14.673000,0 days 02:39:51.517000,0 days 02:40:18.417000,169.0,219.0,241.0,248.0,False,HARD,47.0,True,Alpine,0 days 02:38:34.363000,,671,8.0,False,,False,False,18.1,70.0,986.0,True,24.3,286,4.9,True,False,False,False,True,True,1 L,+22.916,,22.916,9618.374,104.011,,,40.267,36.844,26.9,9554.673,9591.517,9618.417,9514.363
2022,Hungarian Grand Prix,13,Hungary,Budapest,0 days 02:41:50.164000,ALO,14,0 days 00:01:31.790000,69.0,2.0,,Fernando Alonso,,0 days 00:00:32.091000,0 days 00:00:33.367000,0 days 00:00:26.332000,0 days 02:40:50.508000,0 days 02:41:23.875000,0 days 02:41:50.207000,265.0,228.0,241.0,279.0,False,HARD,48.0,True,Alpine,0 days 02:40:18.374000,,1,8.0,False,,False,True,18.0,70.0,986.0,True,23.9,283,4.5,True,False,False,False,False,False,1 L,+22.940,,22.94,9710.164,91.79,,,32.091,33.367,26.332,9650.508,9683.875,9710.207,9618.374
2022,Hungarian Grand Prix,13,Hungary,Budapest,0 days 01:03:37.022000,LEC,16,0 days 00:01:30.984000,1.0,1.0,,Charles Leclerc,,,0 days 00:00:31.842000,0 days 00:00:24.069000,,0 days 01:03:13.072000,0 days 01:03:37.151000,263.0,229.0,239.0,246.0,False,MEDIUM,1.0,True,Ferrari,0 days 01:02:05.807000,,126,3.0,False,,False,False,18.4,70.0,985.7,True,26.4,289,5.0,True,True,False,False,True,False,+2.487,+0.925,2.487,0.925,3817.022,90.984,,,,31.842,24.069,,3793.072,3817.151,3725.807
2022,Hungarian Grand Prix,13,Hungary,Budapest,0 days 01:05:31.877000,LEC,16,0 days 00:01:54.855000,2.0,1.0,,Charles Leclerc,,0 days 00:00:44.341000,0 days 00:00:38.223000,0 days 00:00:32.291000,0 days 01:04:21.411000,0 days 01:04:59.634000,0 days 01:05:31.925000,209.0,201.0,209.0,86.0,True,MEDIUM,2.0,True,Ferrari,0 days 01:03:37.022000,,6,3.0,False,,False,False,18.4,70.0,985.7,True,26.5,286,4.5,False,False,False,False,True,False,+6.285,+1.295,6.285,1.295,3931.877,114.855,,,44.341,38.223,32.291,3861.411,3899.634,3931.925,3817.022
2022,Hungarian Grand Prix,13,Hungary,Budapest,0 days 01:07:00.703000,LEC,16,0 days 00:01:28.826000,3.0,1.0,,Charles Leclerc,,0 days 00:00:34.827000,0 days 00:00:30.463000,0 days 00:00:23.536000,0 days 01:06:06.752000,0 days 01:06:37.215000,0 days 01:07:00.751000,268.0,232.0,245.0,239.0,True,MEDIUM,3.0,True,Ferrari,0 days 01:05:31.877000,,671,3.0,False,,False,False,18.4,70.0,985.5,False,26.7,277,3.9,True,False,False,False,True,True,+3.504,+0.994,3.504,0.994,4020.703,88.826,,,34.827,30.463,23.536,3966.752,3997.215,4020.751,3931.877
2022,Hungarian Grand Prix,13,Hungary,Budapest,0 days 01:08:24.276000,LEC,16,0 days 00:01:23.573000,4.0,1.0,,Charles Leclerc,,0 days 00:00:29.841000,0 days 00:00:30.268000,0 days 00:00:23.464000,0 days 01:07:30.592000,0 days 01:08:00.860000,0 days 01:08:24.324000,277.0,232.0,241.0,293.0,True,MEDIUM,4.0,True,Ferrari,0 days 01:07:00.703000,,1,3.0,False,,False,True,18.4,70.0,985.5,False,26.7,299,3.2,True,False,False,False,False,False,+3.335,+1.204,3.335,1.204,4104.276,83.573,,,29.841,30.268,23.464,4050.592,4080.86,4104.324,4020.703
2022,Hungarian Grand Prix,13,Hungary,Budapest,0 days 01:09:48.591000,LEC,16,0 days 00:01:24.315000,5.0,1.0,,Charles Leclerc,,0 days 00:00:30.187000,0 days 00:00:30.568000,0 days 00:00:23.560000,0 days 01:08:54.511000,0 days 01:09:25.079000,0 days 01:09:48.639000,275.0,233.0,243.0,280.0,False,MEDIUM,5.0,True,Ferrari,0 days 01:08:24.276000,,1,3.0,False,,False,True,18.6,71.0,985.5,True,26.5,290,3.5,True,False,False,False,False,False,+3.750,+1.604,3.75,1.604,4188.591,84.315,,,30.187,30.568,23.56,4134.511,4165.079,4188.639,4104.276
2022,Hungarian Grand Prix,13,Hungary,Budapest,0 days 01:11:12.778000,LEC,16,0 days 00:01:24.187000,6.0,1.0,,Charles Leclerc,,0 days 00:00:30.066000,0 days 00:00:30.419000,0 days 00:00:23.702000,0 days 01:10:18.705000,0 days 01:10:49.124000,0 days 01:11:12.826000,273.0,231.0,240.0,282.0,False,MEDIUM,6.0,True,Ferrari,0 days 01:09:48.591000,,1,3.0,False,,False,True,18.6,70.0,985.5,False,26.7,297,3.5,True,False,False,False,False,False,+3.928,+1.860,3.928,1.86,4272.778,84.187,,,30.066,30.419,23.702,4218.705,4249.124,4272.826,4188.591
2022,Hungarian Grand Prix,13,Hungary,Budapest,0 days 01:12:36.881000,LEC,16,0 days 00:01:24.103000,7.0,1.0,,Charles Leclerc,,0 days 00:00:30.098000,0 days 00:00:30.339000,0 days 00:00:23.666000,0 days 01:11:42.924000,0 days 01:12:13.263000,0 days 01:12:36.929000,274.0,234.0,240.0,278.0,False,MEDIUM,7.0,True,Ferrari,0 days 01:11:12.778000,,1,3.0,False,,False,True,18.6,71.0,985.5,False,26.5,281,3.2,True,False,False,False,False,False,+3.980,+2.017,3.98,2.017,4356.881,84.103,,,30.098,30.339,23.666,4302.924,4333.263,4356.929,4272.778
2022,Hungarian Grand Prix,13,Hungary,Budapest,0 days 01:14:01.022000,LEC,16,0 days 00:01:24.141000,8.0,1.0,,Charles Leclerc,,0 days 00:00:30.041000,0 days 00:00:30.396000,0 days 00:00:23.704000,0 days 01:13:06.970000,0 days 01:13:37.366000,0 days 01:14:01.070000,276.0,232.0,242.0,280.0,False,MEDIUM,8.0,True,Ferrari,0 days 01:12:36.881000,,1,3.0,False,,False,True,18.5,71.0,985.5,False,26.6,284,3.9,True,False,False,False,False,False,+4.014,+1.641,4.014,1.641,4441.022,84.141,,,30.041,30.396,23.704,4386.97,4417.366,4441.07,4356.881
2022,Hungarian Grand Prix,13,Hungary,Budapest,0 days 01:15:24.840000,LEC,16,0 days 00:01:23.818000,9.0,1.0,,Charles Leclerc,,0 days 00:00:29.975000,0 days 00:00:30.296000,0 days 00:00:23.547000,0 days 01:14:31.045000,0 days 01:15:01.341000,0 days 01:15:24.888000,274.0,234.0,241.0,282.0,False,MEDIUM,9.0,True,Ferrari,0 days 01:14:01.022000,,1,3.0,False,,False,True,18.5,71.0,985.5,False,26.6,312,4.4,True,False,False,False,False,False,+4.144,+1.585,4.144,1.585,4524.84,83.818,,,29.975,30.296,23.547,4471.045,4501.341,4524.888,4441.022
2022,Hungarian Grand Prix,13,Hungary,Budapest,0 days 01:16:48.964000,LEC,16,0 days 00:01:24.124000,10.0,1.0,,Charles Leclerc,,0 days 00:00:30.084000,0 days 00:00:30.517000,0 days 00:00:23.523000,0 days 01:15:54.972000,0 days 01:16:25.489000,0 days 01:16:49.012000,275.0,234.0,242.0,280.0,False,MEDIUM,10.0,True,Ferrari,0 days 01:15:24.840000,,1,3.0,False,,False,True,18.5,71.0,985.5,False,26.7,280,3.5,True,False,False,False,False,False,+3.748,+1.088,3.748,1.088,4608.964,84.124,,,30.084,30.517,23.523,4554.972,4585.489,4609.012,4524.84
2022,Hungarian Grand Prix,13,Hungary,Budapest,0 days 01:18:13.112000,LEC,16,0 days 00:01:24.148000,11.0,1.0,,Charles Leclerc,,0 days 00:00:29.923000,0 days 00:00:30.488000,0 days 00:00:23.737000,0 days 01:17:18.935000,0 days 01:17:49.423000,0 days 01:18:13.160000,276.0,231.0,240.0,282.0,False,MEDIUM,11.0,True,Ferrari,0 days 01:16:48.964000,,1,3.0,False,,False,True,18.5,71.0,985.5,False,26.8,288,3.7,True,False,False,False,False,False,+3.502,+1.236,3.502,1.236,4693.112,84.148,,,29.923,30.488,23.737,4638.935,4669.423,4693.16,4608.964
2022,Hungarian Grand Prix,13,Hungary,Budapest,0 days 01:19:37.189000,LEC,16,0 days 00:01:24.077000,12.0,1.0,,Charles Leclerc,,0 days 00:00:29.961000,0 days 00:00:30.428000,0 days 00:00:23.688000,0 days 01:18:43.121000,0 days 01:19:13.549000,0 days 01:19:37.237000,276.0,233.0,240.0,280.0,False,MEDIUM,12.0,True,Ferrari,0 days 01:18:13.112000,,1,3.0,False,,False,True,18.5,71.0,985.5,False,26.9,289,3.9,True,False,False,False,False,False,+3.400,+1.001,3.4,1.001,4777.189,84.077,,,29.961,30.428,23.688,4723.121,4753.549,4777.237,4693.112
2022,Hungarian Grand Prix,13,Hungary,Budapest,0 days 01:21:01.294000,LEC,16,0 days 00:01:24.105000,13.0,1.0,,Charles Leclerc,,0 days 00:00:30.077000,0 days 00:00:30.326000,0 days 00:00:23.702000,0 days 01:20:07.314000,0 days 01:20:37.640000,0 days 01:21:01.342000,274.0,234.0,241.0,281.0,False,MEDIUM,13.0,True,Ferrari,0 days 01:19:37.189000,,1,3.0,False,,False,True,18.5,71.0,985.5,False,26.9,282,4.5,True,False,False,False,False,False,+3.009,+1.059,3.009,1.059,4861.294,84.105,,,30.077,30.326,23.702,4807.314,4837.64,4861.342,4777.189
2022,Hungarian Grand Prix,13,Hungary,Budapest,0 days 01:22:25.620000,LEC,16,0 days 00:01:24.326000,14.0,1.0,,Charles Leclerc,,0 days 00:00:30.067000,0 days 00:00:30.299000,0 days 00:00:23.960000,0 days 01:21:31.409000,0 days 01:22:01.708000,0 days 01:22:25.668000,274.0,235.0,246.0,282.0,False,MEDIUM,14.0,True,Ferrari,0 days 01:21:01.294000,,1,3.0,False,,False,True,18.5,71.0,985.5,False,26.9,282,4.4,True,False,False,False,False,False,+2.379,+0.988,2.379,0.988,4945.62,84.326,,,30.067,30.299,23.96,4891.409,4921.708,4945.668,4861.294
2022,Hungarian Grand Prix,13,Hungary,Budapest,0 days 01:23:50.027000,LEC,16,0 days 00:01:24.407000,15.0,1.0,,Charles Leclerc,,0 days 00:00:29.969000,0 days 00:00:30.591000,0 days 00:00:23.847000,0 days 01:22:55.637000,0 days 01:23:26.228000,0 days 01:23:50.075000,277.0,234.0,248.0,294.0,False,MEDIUM,15.0,True,Ferrari,0 days 01:22:25.620000,,1,3.0,False,,False,True,18.4,71.0,985.5,False,26.9,267,2.5,True,False,False,False,False,False,+1.904,+0.722,1.904,0.722,5030.027,84.407,,,29.969,30.591,23.847,4975.637,5006.228,5030.075,4945.62
2022,Hungarian Grand Prix,13,Hungary,Budapest,0 days 01:25:15.032000,LEC,16,0 days 00:01:25.005000,16.0,1.0,,Charles Leclerc,,0 days 00:00:30.060000,0 days 00:00:30.876000,0 days 00:00:24.069000,0 days 01:24:20.135000,0 days 01:24:51.011000,0 days 01:25:15.080000,275.0,234.0,244.0,295.0,False,MEDIUM,16.0,True,Ferrari,0 days 01:23:50.027000,,1,2.0,False,,False,True,18.4,71.0,985.5,False,27.2,282,3.5,True,False,False,False,False,False,+1.296,+0.590,1.296,0.59,5115.032,85.005,,,30.06,30.876,24.069,5060.135,5091.011,5115.08,5030.027
2022,Hungarian Grand Prix,13,Hungary,Budapest,0 days 01:26:39.417000,LEC,16,0 days 00:01:24.385000,17.0,1.0,,Charles Leclerc,,0 days 00:00:29.961000,0 days 00:00:30.673000,0 days 00:00:23.751000,0 days 01:25:45.041000,0 days 01:26:15.714000,0 days 01:26:39.465000,275.0,233.0,245.0,295.0,False,MEDIUM,17.0,True,Ferrari,0 days 01:25:15.032000,,1,1.0,False,,False,True,18.4,70.0,985.5,False,27.2,285,4.5,True,False,False,False,False,False,+0.558,+0.558,0.558,0.558,5199.417,84.385,,,29.961,30.673,23.751,5145.041,5175.714,5199.465,5115.032
2022,Hungarian Grand Prix,13,Hungary,Budapest,0 days 01:28:03.209000,LEC,16,0 days 00:01:23.792000,18.0,1.0,,Charles Leclerc,,0 days 00:00:29.646000,0 days 00:00:30.367000,0 days 00:00:23.779000,0 days 01:27:09.111000,0 days 01:27:39.478000,0 days 01:28:03.257000,274.0,233.0,240.0,289.0,False,MEDIUM,18.0,True,Ferrari,0 days 01:26:39.417000,,1,1.0,False,,False,True,18.4,70.0,985.7,False,27.6,292,4.8,True,False,False,False,False,False,LAP 18,LAP 18,,,5283.209,83.792,,,29.646,30.367,23.779,5229.111,5259.478,5283.257,5199.417
2022,Hungarian Grand Prix,13,Hungary,Budapest,0 days 01:29:27.120000,LEC,16,0 days 00:01:23.911000,19.0,1.0,,Charles Leclerc,,0 days 00:00:30.012000,0 days 00:00:30.371000,0 days 00:00:23.528000,0 days 01:28:33.269000,0 days 01:29:03.640000,0 days 01:29:27.168000,274.0,235.0,242.0,276.0,False,MEDIUM,19.0,True,Ferrari,0 days 01:28:03.209000,,1,1.0,False,,False,True,18.4,71.0,985.5,False,27.6,287,4.5,True,False,False,False,False,False,LAP 19,LAP 19,,,5367.12,83.911,,,30.012,30.371,23.528,5313.269,5343.64,5367.168,5283.209
2022,Hungarian Grand Prix,13,Hungary,Budapest,0 days 01:30:51.382000,LEC,16,0 days 00:01:24.262000,20.0,1.0,,Charles Leclerc,,0 days 00:00:30.103000,0 days 00:00:30.494000,0 days 00:00:23.665000,0 days 01:29:57.271000,0 days 01:30:27.765000,0 days 01:30:51.430000,274.0,235.0,241.0,276.0,False,MEDIUM,20.0,True,Ferrari,0 days 01:29:27.120000,,1,1.0,False,,False,True,18.5,70.0,985.7,False,27.3,280,5.3,True,False,False,False,False,False,LAP 20,LAP 20,,,5451.382,84.262,,,30.103,30.494,23.665,5397.271,5427.765,5451.43,5367.12
2022,Hungarian Grand Prix,13,Hungary,Budapest,0 days 01:32:17.863000,LEC,16,0 days 00:01:26.481000,21.0,1.0,,Charles Leclerc,0 days 01:32:16.167000,0 days 00:00:30.110000,0 days 00:00:30.355000,0 days 00:00:26.016000,0 days 01:31:21.540000,0 days 01:31:51.895000,0 days 01:32:17.911000,274.0,234.0,,275.0,False,MEDIUM,21.0,True,Ferrari,0 days 01:30:51.382000,,1,1.0,False,,False,False,18.5,70.0,985.5,False,27.5,283,4.3,True,False,False,False,False,False,LAP 21,LAP 21,,,5537.863,86.481,5536.167,,30.11,30.355,26.016,5481.54,5511.895,5537.911,5451.382
2022,Hungarian Grand Prix,13,Hungary,Budapest,0 days 01:33:59.600000,LEC,16,0 days 00:01:41.737000,22.0,2.0,0 days 01:32:37.929000,Charles Leclerc,,0 days 00:00:48.484000,0 days 00:00:29.916000,0 days 00:00:23.337000,0 days 01:33:06.395000,0 days 01:33:36.311000,0 days 01:33:59.648000,271.0,236.0,243.0,275.0,False,MEDIUM,1.0,True,Ferrari,0 days 01:32:17.863000,,1,2.0,False,,False,False,18.5,70.0,985.5,False,27.6,290,5.0,True,False,False,False,False,False,+2.469,+2.469,2.469,2.469,5639.6,101.737,,5557.929,48.484,29.916,23.337,5586.395,5616.311,5639.648,5537.863
2022,Hungarian Grand Prix,13,Hungary,Budapest,0 days 01:35:22.595000,LEC,16,0 days 00:01:22.995000,23.0,2.0,,Charles Leclerc,,0 days 00:00:29.767000,0 days 00:00:29.834000,0 days 00:00:23.394000,0 days 01:34:29.415000,0 days 01:34:59.249000,0 days 01:35:22.643000,272.0,235.0,240.0,278.0,True,MEDIUM,2.0,True,Ferrari,0 days 01:33:59.600000,,1,2.0,False,,False,True,18.5,70.0,985.5,False,27.7,293,4.4,True,False,False,False,False,False,+1.863,+1.863,1.863,1.863,5722.595,82.995,,,29.767,29.834,23.394,5669.415,5699.249,5722.643,5639.6
2022,Hungarian Grand Prix,13,Hungary,Budapest,0 days 01:36:46.191000,LEC,16,0 days 00:01:23.596000,24.0,2.0,,Charles Leclerc,,0 days 00:00:30.059000,0 days 00:00:30.003000,0 days 00:00:23.534000,0 days 01:35:52.702000,0 days 01:36:22.705000,0 days 01:36:46.239000,275.0,235.0,242.0,280.0,False,MEDIUM,3.0,True,Ferrari,0 days 01:35:22.595000,,1,2.0,False,,False,True,18.4,70.0,985.5,False,27.8,277,3.2,True,False,False,False,False,False,+1.630,+1.630,1.63,1.63,5806.191,83.596,,,30.059,30.003,23.534,5752.702,5782.705,5806.239,5722.595
2022,Hungarian Grand Prix,13,Hungary,Budapest,0 days 01:38:09.638000,LEC,16,0 days 00:01:23.447000,25.0,2.0,,Charles Leclerc,,0 days 00:00:29.852000,0 days 00:00:30.069000,0 days 00:00:23.526000,0 days 01:37:16.091000,0 days 01:37:46.160000,0 days 01:38:09.686000,276.0,236.0,243.0,280.0,False,MEDIUM,4.0,True,Ferrari,0 days 01:36:46.191000,,1,2.0,False,,False,True,18.5,70.0,985.5,False,28.0,271,4.6,True,False,False,False,False,False,+1.425,+1.425,1.425,1.425,5889.638,83.447,,,29.852,30.069,23.526,5836.091,5866.16,5889.686,5806.191
2022,Hungarian Grand Prix,13,Hungary,Budapest,0 days 01:39:32.916000,LEC,16,0 days 00:01:23.278000,26.0,2.0,,Charles Leclerc,,0 days 00:00:29.713000,0 days 00:00:30.224000,0 days 00:00:23.341000,0 days 01:38:39.399000,0 days 01:39:09.623000,0 days 01:39:32.964000,276.0,236.0,247.0,282.0,False,MEDIUM,5.0,True,Ferrari,0 days 01:38:09.638000,,1,2.0,False,,False,True,18.5,70.0,985.5,False,28.2,282,3.5,True,False,False,False,False,False,+0.885,+0.885,0.885,0.885,5972.916,83.278,,,29.713,30.224,23.341,5919.399,5949.623,5972.964,5889.638
2022,Hungarian Grand Prix,13,Hungary,Budapest,0 days 01:40:56.518000,LEC,16,0 days 00:01:23.602000,27.0,2.0,,Charles Leclerc,,0 days 00:00:29.753000,0 days 00:00:30.342000,0 days 00:00:23.507000,0 days 01:40:02.717000,0 days 01:40:33.059000,0 days 01:40:56.566000,277.0,234.0,249.0,295.0,False,MEDIUM,6.0,True,Ferrari,0 days 01:39:32.916000,,1,2.0,False,,False,True,18.5,70.0,985.5,False,28.3,277,3.4,True,False,False,False,False,False,+0.664,+0.664,0.664,0.664,6056.518,83.602,,,29.753,30.342,23.507,6002.717,6033.059,6056.566,5972.916
2022,Hungarian Grand Prix,13,Hungary,Budapest,0 days 01:42:21.078000,LEC,16,0 days 00:01:24.560000,28.0,2.0,,Charles Leclerc,,0 days 00:00:30.247000,0 days 00:00:30.717000,0 days 00:00:23.596000,0 days 01:41:26.813000,0 days 01:41:57.530000,0 days 01:42:21.126000,272.0,236.0,248.0,299.0,False,MEDIUM,7.0,True,Ferrari,0 days 01:40:56.518000,,1,2.0,False,,False,True,18.5,70.0,985.5,False,28.5,294,3.5,True,False,False,False,False,False,+0.655,+0.655,0.655,0.655,6141.078,84.56,,,30.247,30.717,23.596,6086.813,6117.53,6141.126,6056.518
2022,Hungarian Grand Prix,13,Hungary,Budapest,0 days 01:43:45.356000,LEC,16,0 days 00:01:24.278000,29.0,2.0,,Charles Leclerc,,0 days 00:00:30.094000,0 days 00:00:30.641000,0 days 00:00:23.543000,0 days 01:42:51.220000,0 days 01:43:21.861000,0 days 01:43:45.404000,274.0,238.0,250.0,296.0,False,MEDIUM,8.0,True,Ferrari,0 days 01:42:21.078000,,1,2.0,False,,False,True,18.6,70.0,985.5,False,28.5,291,4.0,True,False,False,False,False,False,+0.637,+0.637,0.637,0.637,6225.356,84.278,,,30.094,30.641,23.543,6171.22,6201.861,6225.404,6141.078
2022,Hungarian Grand Prix,13,Hungary,Budapest,0 days 01:45:09.412000,LEC,16,0 days 00:01:24.056000,30.0,2.0,,Charles Leclerc,,0 days 00:00:29.645000,0 days 00:00:30.960000,0 days 00:00:23.451000,0 days 01:44:15.049000,0 days 01:44:46.009000,0 days 01:45:09.460000,259.0,238.0,250.0,296.0,False,MEDIUM,9.0,True,Ferrari,0 days 01:43:45.356000,,1,2.0,False,,False,True,18.6,69.0,985.4,False,28.5,274,4.8,True,False,False,False,False,False,+0.513,+0.513,0.513,0.513,6309.412,84.056,,,29.645,30.96,23.451,6255.049,6286.009,6309.46,6225.356
2022,Hungarian Grand Prix,13,Hungary,Budapest,0 days 01:46:32.415000,LEC,16,0 days 00:01:23.003000,31.0,2.0,,Charles Leclerc,,0 days 00:00:29.430000,0 days 00:00:30.067000,0 days 00:00:23.506000,0 days 01:45:38.890000,0 days 01:46:08.957000,0 days 01:46:32.463000,271.0,236.0,241.0,298.0,False,MEDIUM,10.0,True,Ferrari,0 days 01:45:09.412000,,1,1.0,False,,False,True,18.3,70.0,985.5,False,28.0,293,5.3,True,False,False,False,False,False,LAP 31,LAP 31,,,6392.415,83.003,,,29.43,30.067,23.506,6338.89,6368.957,6392.463,6309.412
2022,Hungarian Grand Prix,13,Hungary,Budapest,0 days 01:47:56.693000,LEC,16,0 days 00:01:24.278000,32.0,2.0,,Charles Leclerc,,0 days 00:00:29.806000,0 days 00:00:30.854000,0 days 00:00:23.618000,0 days 01:47:02.269000,0 days 01:47:33.123000,0 days 01:47:56.741000,272.0,238.0,242.0,280.0,False,MEDIUM,11.0,True,Ferrari,0 days 01:46:32.415000,,1,1.0,False,,False,True,18.4,70.0,985.5,False,28.0,277,5.0,True,False,False,False,False,False,LAP 32,LAP 32,,,6476.693,84.278,,,29.806,30.854,23.618,6422.269,6453.123,6476.741,6392.415
2022,Hungarian Grand Prix,13,Hungary,Budapest,0 days 01:49:20.058000,LEC,16,0 days 00:01:23.365000,33.0,2.0,,Charles Leclerc,,0 days 00:00:29.843000,0 days 00:00:30.045000,0 days 00:00:23.477000,0 days 01:48:26.584000,0 days 01:48:56.629000,0 days 01:49:20.106000,277.0,236.0,245.0,280.0,False,MEDIUM,12.0,True,Ferrari,0 days 01:47:56.693000,,1,1.0,False,,False,True,18.4,71.0,985.5,False,27.7,266,5.8,True,False,False,False,False,False,LAP 33,LAP 33,,,6560.058,83.365,,,29.843,30.045,23.477,6506.584,6536.629,6560.106,6476.693
2022,Hungarian Grand Prix,13,Hungary,Budapest,0 days 01:50:43.446000,LEC,16,0 days 00:01:23.388000,34.0,2.0,,Charles Leclerc,,0 days 00:00:29.846000,0 days 00:00:30.173000,0 days 00:00:23.369000,0 days 01:49:49.952000,0 days 01:50:20.125000,0 days 01:50:43.494000,276.0,239.0,244.0,283.0,False,MEDIUM,13.0,True,Ferrari,0 days 01:49:20.058000,,1,1.0,False,,False,True,18.3,71.0,985.5,False,27.6,285,3.9,True,False,False,False,False,False,LAP 34,LAP 34,,,6643.446,83.388,,,29.846,30.173,23.369,6589.952,6620.125,6643.494,6560.058
2022,Hungarian Grand Prix,13,Hungary,Budapest,0 days 01:52:06.944000,LEC,16,0 days 00:01:23.498000,35.0,2.0,,Charles Leclerc,,0 days 00:00:29.772000,0 days 00:00:30.214000,0 days 00:00:23.512000,0 days 01:51:13.266000,0 days 01:51:43.480000,0 days 01:52:06.992000,275.0,235.0,244.0,281.0,False,MEDIUM,14.0,True,Ferrari,0 days 01:50:43.446000,,12,1.0,False,,False,True,18.3,70.0,985.5,False,27.3,282,4.4,True,True,False,False,False,False,LAP 35,LAP 35,,,6726.944,83.498,,,29.772,30.214,23.512,6673.266,6703.48,6726.992,6643.446
2022,Hungarian Grand Prix,13,Hungary,Budapest,0 days 01:53:30.088000,LEC,16,0 days 00:01:23.144000,36.0,2.0,,Charles Leclerc,,0 days 00:00:29.753000,0 days 00:00:29.987000,0 days 00:00:23.404000,0 days 01:52:36.745000,0 days 01:53:06.732000,0 days 01:53:30.136000,275.0,236.0,244.0,284.0,False,MEDIUM,15.0,True,Ferrari,0 days 01:52:06.944000,,1,1.0,False,,False,True,18.2,71.0,985.5,False,26.8,279,3.4,True,False,False,False,False,False,LAP 36,LAP 36,,,6810.088,83.144,,,29.753,29.987,23.404,6756.745,6786.732,6810.136,6726.944
2022,Hungarian Grand Prix,13,Hungary,Budapest,0 days 01:54:53.541000,LEC,16,0 days 00:01:23.453000,37.0,2.0,,Charles Leclerc,,0 days 00:00:29.704000,0 days 00:00:30.312000,0 days 00:00:23.437000,0 days 01:53:59.840000,0 days 01:54:30.152000,0 days 01:54:53.589000,276.0,236.0,243.0,282.0,False,MEDIUM,16.0,True,Ferrari,0 days 01:53:30.088000,,1,1.0,False,,False,True,18.2,71.0,985.7,False,26.9,282,3.9,True,False,False,False,False,False,LAP 37,LAP 37,,,6893.541,83.453,,,29.704,30.312,23.437,6839.84,6870.152,6893.589,6810.088
2022,Hungarian Grand Prix,13,Hungary,Budapest,0 days 01:56:17.346000,LEC,16,0 days 00:01:23.805000,38.0,2.0,,Charles Leclerc,,0 days 00:00:30.057000,0 days 00:00:30.293000,0 days 00:00:23.455000,0 days 01:55:23.646000,0 days 01:55:53.939000,0 days 01:56:17.394000,276.0,236.0,241.0,281.0,False,MEDIUM,17.0,True,Ferrari,0 days 01:54:53.541000,,1,1.0,False,,False,True,18.2,71.0,985.7,False,26.7,287,4.1,True,False,False,False,False,False,LAP 38,LAP 38,,,6977.346,83.805,,,30.057,30.293,23.455,6923.646,6953.939,6977.394,6893.541
2022,Hungarian Grand Prix,13,Hungary,Budapest,0 days 01:57:43.670000,LEC,16,0 days 00:01:26.324000,39.0,2.0,,Charles Leclerc,0 days 01:57:41.965000,0 days 00:00:29.995000,0 days 00:00:30.356000,0 days 00:00:25.973000,0 days 01:56:47.389000,0 days 01:57:17.745000,0 days 01:57:43.718000,277.0,238.0,,279.0,False,MEDIUM,18.0,True,Ferrari,0 days 01:56:17.346000,,1,1.0,False,,False,False,18.0,71.0,985.7,False,26.4,270,5.5,True,False,False,False,False,False,LAP 40,LAP 40,,,7063.67,86.324,7061.965,,29.995,30.356,25.973,7007.389,7037.745,7063.718,6977.346
2022,Hungarian Grand Prix,13,Hungary,Budapest,0 days 01:59:28.995000,LEC,16,0 days 00:01:45.325000,40.0,3.0,0 days 01:58:03.943000,Charles Leclerc,,0 days 00:00:49.892000,0 days 00:00:31.517000,0 days 00:00:23.916000,0 days 01:58:33.610000,0 days 01:59:05.127000,0 days 01:59:29.043000,266.0,230.0,244.0,279.0,False,HARD,1.0,True,Ferrari,0 days 01:57:43.670000,,1,3.0,False,,False,False,18.0,72.0,985.7,False,26.5,293,3.4,True,False,False,False,False,False,+16.262,+11.222,16.262,11.222,7168.995,105.325,,7083.943,49.892,31.517,23.916,7113.61,7145.127,7169.043,7063.67
2022,Hungarian Grand Prix,13,Hungary,Budapest,0 days 02:00:54.750000,LEC,16,0 days 00:01:25.755000,41.0,3.0,,Charles Leclerc,,0 days 00:00:31.035000,0 days 00:00:30.412000,0 days 00:00:24.308000,0 days 02:00:00.078000,0 days 02:00:30.490000,0 days 02:00:54.798000,275.0,232.0,241.0,277.0,False,HARD,2.0,True,Ferrari,0 days 01:59:28.995000,,12,3.0,False,,False,True,18.0,72.0,985.7,False,26.5,286,3.7,True,True,False,False,False,False,+18.110,+13.305,18.11,13.305,7254.75,85.755,,,31.035,30.412,24.308,7200.078,7230.49,7254.798,7168.995
2022,Hungarian Grand Prix,13,Hungary,Budapest,0 days 02:02:18.212000,LEC,16,0 days 00:01:23.462000,42.0,3.0,,Charles Leclerc,,0 days 00:00:30.107000,0 days 00:00:30.118000,0 days 00:00:23.237000,0 days 02:01:24.905000,0 days 02:01:55.023000,0 days 02:02:18.260000,273.0,238.0,242.0,277.0,False,HARD,3.0,True,Ferrari,0 days 02:00:54.750000,,1,3.0,False,,False,True,18.0,71.0,985.7,False,26.4,289,5.1,True,False,False,False,False,False,+17.088,+12.953,17.088,12.953,7338.212,83.462,,,30.107,30.118,23.237,7284.905,7315.023,7338.26,7254.75
2022,Hungarian Grand Prix,13,Hungary,Budapest,0 days 02:03:40.668000,LEC,16,0 days 00:01:22.456000,43.0,3.0,,Charles Leclerc,,0 days 00:00:29.764000,0 days 00:00:29.543000,0 days 00:00:23.149000,0 days 02:02:48.024000,0 days 02:03:17.567000,0 days 02:03:40.716000,275.0,238.0,244.0,277.0,True,HARD,4.0,True,Ferrari,0 days 02:02:18.212000,,1,3.0,False,,False,True,18.0,71.0,985.7,False,26.1,287,4.8,True,False,False,False,False,False,+15.965,+11.910,15.965,11.91,7420.668,82.456,,,29.764,29.543,23.149,7368.024,7397.567,7420.716,7338.212
2022,Hungarian Grand Prix,13,Hungary,Budapest,0 days 02:05:03.507000,LEC,16,0 days 00:01:22.839000,44.0,3.0,,Charles Leclerc,,0 days 00:00:29.741000,0 days 00:00:29.699000,0 days 00:00:23.399000,0 days 02:04:10.457000,0 days 02:04:40.156000,0 days 02:05:03.555000,273.0,239.0,245.0,280.0,False,HARD,5.0,True,Ferrari,0 days 02:03:40.668000,,1,3.0,False,,False,True,17.9,71.0,985.7,False,26.2,284,4.5,True,False,False,False,False,False,+14.575,+11.248,14.575,11.248,7503.507,82.839,,,29.741,29.699,23.399,7450.457,7480.156,7503.555,7420.668
2022,Hungarian Grand Prix,13,Hungary,Budapest,0 days 02:06:27.807000,LEC,16,0 days 00:01:24.300000,45.0,3.0,,Charles Leclerc,,0 days 00:00:30.376000,0 days 00:00:30.359000,0 days 00:00:23.565000,0 days 02:05:33.931000,0 days 02:06:04.290000,0 days 02:06:27.855000,276.0,238.0,243.0,281.0,False,HARD,6.0,True,Ferrari,0 days 02:05:03.507000,,1,4.0,False,,False,True,18.0,71.0,985.7,False,26.0,275,4.6,True,False,False,False,False,False,+14.648,+1.627,14.648,1.627,7587.807,84.3,,,30.376,30.359,23.565,7533.931,7564.29,7587.855,7503.507
2022,Hungarian Grand Prix,13,Hungary,Budapest,0 days 02:07:51.142000,LEC,16,0 days 00:01:23.335000,46.0,3.0,,Charles Leclerc,,0 days 00:00:29.859000,0 days 00:00:30.162000,0 days 00:00:23.314000,0 days 02:06:57.714000,0 days 02:07:27.876000,0 days 02:07:51.190000,276.0,238.0,245.0,281.0,False,HARD,7.0,True,Ferrari,0 days 02:06:27.807000,,1,4.0,False,,False,True,18.0,71.0,985.7,False,26.1,285,3.7,True,False,False,False,False,False,+13.716,+2.212,13.716,2.212,7671.142,83.335,,,29.859,30.162,23.314,7617.714,7647.876,7671.19,7587.807
2022,Hungarian Grand Prix,13,Hungary,Budapest,0 days 02:09:14.300000,LEC,16,0 days 00:01:23.158000,47.0,3.0,,Charles Leclerc,,0 days 00:00:29.663000,0 days 00:00:29.989000,0 days 00:00:23.506000,0 days 02:08:20.853000,0 days 02:08:50.842000,0 days 02:09:14.348000,278.0,237.0,243.0,281.0,False,HARD,8.0,True,Ferrari,0 days 02:07:51.142000,,1,4.0,False,,False,True,18.0,72.0,985.7,False,26.1,292,3.5,True,False,False,False,False,False,+10.760,+2.659,10.76,2.659,7754.3,83.158,,,29.663,29.989,23.506,7700.853,7730.842,7754.348,7671.142
2022,Hungarian Grand Prix,13,Hungary,Budapest,0 days 02:10:37.463000,LEC,16,0 days 00:01:23.163000,48.0,3.0,,Charles Leclerc,,0 days 00:00:29.739000,0 days 00:00:30.023000,0 days 00:00:23.401000,0 days 02:09:44.087000,0 days 02:10:14.110000,0 days 02:10:37.511000,276.0,236.0,244.0,280.0,False,HARD,9.0,True,Ferrari,0 days 02:09:14.300000,,12,3.0,False,,False,True,18.1,70.0,985.7,True,26.1,289,4.6,True,True,False,False,False,False,+9.181,+2.782,9.181,2.782,7837.463,83.163,,,29.739,30.023,23.401,7784.087,7814.11,7837.511,7754.3
2022,Hungarian Grand Prix,13,Hungary,Budapest,0 days 02:12:00.972000,LEC,16,0 days 00:01:23.509000,49.0,3.0,,Charles Leclerc,,0 days 00:00:29.694000,0 days 00:00:30.273000,0 days 00:00:23.542000,0 days 02:11:07.205000,0 days 02:11:37.478000,0 days 02:12:01.020000,276.0,235.0,246.0,282.0,False,HARD,10.0,True,Ferrari,0 days 02:10:37.463000,,1,3.0,False,,False,True,18.1,71.0,985.7,False,26.1,291,4.3,True,False,False,False,False,False,+8.031,+2.839,8.031,2.839,7920.972,83.509,,,29.694,30.273,23.542,7867.205,7897.478,7921.02,7837.463
2022,Hungarian Grand Prix,13,Hungary,Budapest,0 days 02:13:25.306000,LEC,16,0 days 00:01:24.334000,50.0,3.0,,Charles Leclerc,,0 days 00:00:29.814000,0 days 00:00:30.644000,0 days 00:00:23.876000,0 days 02:12:30.834000,0 days 02:13:01.478000,0 days 02:13:25.354000,277.0,234.0,247.0,283.0,False,HARD,11.0,True,Ferrari,0 days 02:12:00.972000,,1,3.0,False,,False,True,18.1,71.0,985.7,False,25.7,290,4.1,True,False,False,False,False,False,+7.638,+4.090,7.638,4.09,8005.306,84.334,,,29.814,30.644,23.876,7950.834,7981.478,8005.354,7920.972
2022,Hungarian Grand Prix,13,Hungary,Budapest,0 days 02:14:49.458000,LEC,16,0 days 00:01:24.152000,51.0,3.0,,Charles Leclerc,,0 days 00:00:30.139000,0 days 00:00:30.515000,0 days 00:00:23.498000,0 days 02:13:55.493000,0 days 02:14:26.008000,0 days 02:14:49.506000,280.0,236.0,245.0,286.0,False,HARD,12.0,True,Ferrari,0 days 02:13:25.306000,,1,3.0,False,,False,True,18.1,70.0,985.7,True,25.8,289,3.7,True,False,False,False,False,False,+5.369,+5.395,5.369,5.395,8089.458,84.152,,,30.139,30.515,23.498,8035.493,8066.008,8089.506,8005.306
2022,Hungarian Grand Prix,13,Hungary,Budapest,0 days 02:16:13.002000,LEC,16,0 days 00:01:23.544000,52.0,3.0,,Charles Leclerc,,0 days 00:00:29.942000,0 days 00:00:30.134000,0 days 00:00:23.468000,0 days 02:15:19.448000,0 days 02:15:49.582000,0 days 02:16:13.050000,276.0,237.0,243.0,284.0,False,HARD,13.0,True,Ferrari,0 days 02:14:49.458000,,1,2.0,False,,False,True,18.2,70.0,985.7,True,25.9,286,4.5,True,False,False,False,False,False,+6.315,+6.315,6.315,6.315,8173.002,83.544,,,29.942,30.134,23.468,8119.448,8149.582,8173.05,8089.458
2022,Hungarian Grand Prix,13,Hungary,Budapest,0 days 02:17:37.156000,LEC,16,0 days 00:01:24.154000,53.0,3.0,,Charles Leclerc,,0 days 00:00:30.069000,0 days 00:00:30.252000,0 days 00:00:23.833000,0 days 02:16:43.119000,0 days 02:17:13.371000,0 days 02:17:37.204000,276.0,237.0,247.0,283.0,False,HARD,14.0,True,Ferrari,0 days 02:16:13.002000,,1,2.0,False,,False,True,18.1,70.0,985.9,False,25.6,291,5.0,True,False,False,False,False,False,+7.867,+7.867,7.867,7.867,8257.156,84.154,,,30.069,30.252,23.833,8203.119,8233.371,8257.204,8173.002
2022,Hungarian Grand Prix,13,Hungary,Budapest,0 days 02:19:04.734000,LEC,16,0 days 00:01:27.578000,54.0,3.0,,Charles Leclerc,0 days 02:19:03.011000,0 days 00:00:30.416000,0 days 00:00:30.894000,0 days 00:00:26.268000,0 days 02:18:07.620000,0 days 02:18:38.514000,0 days 02:19:04.782000,278.0,236.0,,283.0,False,HARD,15.0,True,Ferrari,0 days 02:17:37.156000,,1,4.0,False,,False,False,18.1,70.0,985.7,False,25.5,280,4.5,True,False,False,False,False,False,+10.250,+2.041,10.25,2.041,8344.734,87.578,8343.011,,30.416,30.894,26.268,8287.62,8318.514,8344.782,8257.156
2022,Hungarian Grand Prix,13,Hungary,Budapest,0 days 02:20:48.189000,LEC,16,0 days 00:01:43.455000,55.0,4.0,0 days 02:19:24.574000,Charles Leclerc,,0 days 00:00:48.949000,0 days 00:00:30.774000,0 days 00:00:23.732000,0 days 02:19:53.731000,0 days 02:20:24.505000,0 days 02:20:48.237000,271.0,236.0,243.0,283.0,False,SOFT,4.0,False,Ferrari,0 days 02:19:04.734000,,1,6.0,False,,False,False,18.1,70.0,985.7,False,25.5,283,5.4,True,False,False,False,False,False,+33.031,+7.142,33.031,7.142,8448.189,103.455,,8364.574,48.949,30.774,23.732,8393.731,8424.505,8448.237,8344.734
2022,Hungarian Grand Prix,13,Hungary,Budapest,0 days 02:22:10.876000,LEC,16,0 days 00:01:22.687000,56.0,4.0,,Charles Leclerc,,0 days 00:00:29.669000,0 days 00:00:29.961000,0 days 00:00:23.057000,0 days 02:21:17.906000,0 days 02:21:47.867000,0 days 02:22:10.924000,275.0,239.0,245.0,279.0,False,SOFT,5.0,False,Ferrari,0 days 02:20:48.189000,,1,6.0,False,,False,True,18.0,70.0,985.9,True,25.2,288,4.1,True,False,False,False,False,False,+32.729,+7.131,32.729,7.131,8530.876,82.687,,,29.669,29.961,23.057,8477.906,8507.867,8530.924,8448.189
2022,Hungarian Grand Prix,13,Hungary,Budapest,0 days 02:23:32.498000,LEC,16,0 days 00:01:21.622000,57.0,4.0,,Charles Leclerc,,0 days 00:00:29.353000,0 days 00:00:29.275000,0 days 00:00:22.994000,0 days 02:22:40.277000,0 days 02:23:09.552000,0 days 02:23:32.546000,276.0,242.0,244.0,280.0,True,SOFT,6.0,False,Ferrari,0 days 02:22:10.876000,,1,6.0,False,,False,True,18.0,70.0,985.9,True,25.1,279,4.4,True,False,False,False,False,False,+31.477,+6.316,31.477,6.316,8612.498,81.622,,,29.353,29.275,22.994,8560.277,8589.552,8612.546,8530.876
2022,Hungarian Grand Prix,13,Hungary,Budapest,0 days 02:24:54.486000,LEC,16,0 days 00:01:21.988000,58.0,4.0,,Charles Leclerc,,0 days 00:00:29.437000,0 days 00:00:29.642000,0 days 00:00:22.909000,0 days 02:24:01.983000,0 days 02:24:31.625000,0 days 02:24:54.534000,279.0,242.0,246.0,282.0,False,SOFT,7.0,False,Ferrari,0 days 02:23:32.498000,,1,6.0,False,,False,True,18.0,70.0,985.9,True,25.1,284,3.5,True,False,False,False,False,False,+30.798,+5.699,30.798,5.699,8694.486,81.988,,,29.437,29.642,22.909,8641.983,8671.625,8694.534,8612.498
2022,Hungarian Grand Prix,13,Hungary,Budapest,0 days 02:26:16.248000,LEC,16,0 days 00:01:21.762000,59.0,4.0,,Charles Leclerc,,0 days 00:00:29.406000,0 days 00:00:29.435000,0 days 00:00:22.921000,0 days 02:25:23.940000,0 days 02:25:53.375000,0 days 02:26:16.296000,276.0,243.0,245.0,280.0,False,SOFT,8.0,False,Ferrari,0 days 02:24:54.486000,,1,6.0,False,,False,True,18.1,69.0,985.7,True,24.8,288,4.1,True,False,False,False,False,False,+29.343,+5.142,29.343,5.142,8776.248,81.762,,,29.406,29.435,22.921,8723.94,8753.375,8776.296,8694.486
2022,Hungarian Grand Prix,13,Hungary,Budapest,0 days 02:27:38.138000,LEC,16,0 days 00:01:21.890000,60.0,4.0,,Charles Leclerc,,0 days 00:00:29.487000,0 days 00:00:29.311000,0 days 00:00:23.092000,0 days 02:26:45.783000,0 days 02:27:15.094000,0 days 02:27:38.186000,275.0,240.0,245.0,280.0,False,SOFT,9.0,False,Ferrari,0 days 02:26:16.248000,,1,6.0,False,,False,True,18.1,70.0,985.9,True,24.8,291,5.4,True,False,False,False,False,False,+28.546,+4.702,28.546,4.702,8858.138,81.89,,,29.487,29.311,23.092,8805.783,8835.094,8858.186,8776.248
2022,Hungarian Grand Prix,13,Hungary,Budapest,0 days 02:29:00.228000,LEC,16,0 days 00:01:22.090000,61.0,4.0,,Charles Leclerc,,0 days 00:00:29.443000,0 days 00:00:29.435000,0 days 00:00:23.212000,0 days 02:28:07.629000,0 days 02:28:37.064000,0 days 02:29:00.276000,278.0,243.0,246.0,281.0,False,SOFT,10.0,False,Ferrari,0 days 02:27:38.138000,,1,6.0,False,,False,True,18.0,70.0,985.9,True,24.8,282,4.8,True,False,False,False,False,False,+27.837,+4.425,27.837,4.425,8940.228,82.09,,,29.443,29.435,23.212,8887.629,8917.064,8940.276,8858.138
2022,Hungarian Grand Prix,13,Hungary,Budapest,0 days 02:30:22.125000,LEC,16,0 days 00:01:21.897000,62.0,4.0,,Charles Leclerc,,0 days 00:00:29.336000,0 days 00:00:29.393000,0 days 00:00:23.168000,0 days 02:29:29.612000,0 days 02:29:59.005000,0 days 02:30:22.173000,276.0,242.0,246.0,283.0,False,SOFT,11.0,False,Ferrari,0 days 02:29:00.228000,,1,6.0,False,,False,True,18.0,70.0,986.0,True,24.7,287,5.0,True,False,False,False,False,False,+26.164,+3.617,26.164,3.617,9022.125,81.897,,,29.336,29.393,23.168,8969.612,8999.005,9022.173,8940.228
2022,Hungarian Grand Prix,13,Hungary,Budapest,0 days 02:31:44.517000,LEC,16,0 days 00:01:22.392000,63.0,4.0,,Charles Leclerc,,0 days 00:00:29.489000,0 days 00:00:29.644000,0 days 00:00:23.259000,0 days 02:30:51.662000,0 days 02:31:21.306000,0 days 02:31:44.565000,278.0,240.0,246.0,286.0,False,SOFT,12.0,False,Ferrari,0 days 02:30:22.125000,,1,6.0,False,,False,True,18.0,70.0,986.0,True,24.6,281,4.8,True,False,False,False,False,False,+25.636,+3.851,25.636,3.851,9104.517,82.392,,,29.489,29.644,23.259,9051.662,9081.306,9104.565,9022.125
2022,Hungarian Grand Prix,13,Hungary,Budapest,0 days 02:33:06.498000,LEC,16,0 days 00:01:21.981000,64.0,4.0,,Charles Leclerc,,0 days 00:00:29.423000,0 days 00:00:29.408000,0 days 00:00:23.150000,0 days 02:32:13.988000,0 days 02:32:43.396000,0 days 02:33:06.546000,275.0,240.0,246.0,282.0,False,SOFT,13.0,False,Ferrari,0 days 02:31:44.517000,,1,6.0,False,,False,True,18.0,70.0,986.0,True,24.6,304,3.7,True,False,False,False,False,False,+24.623,+3.393,24.623,3.393,9186.498,81.981,,,29.423,29.408,23.15,9133.988,9163.396,9186.546,9104.517
2022,Hungarian Grand Prix,13,Hungary,Budapest,0 days 02:34:28.823000,LEC,16,0 days 00:01:22.325000,65.0,4.0,,Charles Leclerc,,0 days 00:00:29.409000,0 days 00:00:29.639000,0 days 00:00:23.277000,0 days 02:33:35.955000,0 days 02:34:05.594000,0 days 02:34:28.871000,276.0,242.0,253.0,283.0,False,SOFT,14.0,False,Ferrari,0 days 02:33:06.498000,,1,6.0,False,,False,True,18.1,69.0,986.0,True,24.7,274,3.7,True,False,False,False,False,False,+24.270,+3.760,24.27,3.76,9268.823,82.325,,,29.409,29.639,23.277,9215.955,9245.594,9268.871,9186.498
2022,Hungarian Grand Prix,13,Hungary,Budapest,0 days 02:35:51.053000,LEC,16,0 days 00:01:22.230000,66.0,4.0,,Charles Leclerc,,0 days 00:00:29.288000,0 days 00:00:29.655000,0 days 00:00:23.287000,0 days 02:34:58.159000,0 days 02:35:27.814000,0 days 02:35:51.101000,275.0,241.0,245.0,299.0,False,SOFT,15.0,False,Ferrari,0 days 02:34:28.823000,,1,6.0,False,,False,True,18.1,70.0,986.0,True,24.7,289,3.2,True,False,False,False,False,False,+23.393,+3.015,23.393,3.015,9351.053,82.23,,,29.288,29.655,23.287,9298.159,9327.814,9351.101,9268.823
2022,Hungarian Grand Prix,13,Hungary,Budapest,0 days 02:37:13.889000,LEC,16,0 days 00:01:22.836000,67.0,4.0,,Charles Leclerc,,0 days 00:00:29.493000,0 days 00:00:29.897000,0 days 00:00:23.446000,0 days 02:36:20.594000,0 days 02:36:50.491000,0 days 02:37:13.937000,279.0,240.0,243.0,284.0,False,SOFT,16.0,False,Ferrari,0 days 02:35:51.053000,,12,6.0,False,,False,True,18.1,70.0,986.0,True,24.7,281,2.5,True,True,False,False,False,False,+22.956,+3.440,22.956,3.44,9433.889,82.836,,,29.493,29.897,23.446,9380.594,9410.491,9433.937,9351.053
2022,Hungarian Grand Prix,13,Hungary,Budapest,0 days 02:38:59.378000,LEC,16,0 days 00:01:45.489000,68.0,4.0,,Charles Leclerc,,0 days 00:00:34.191000,0 days 00:00:41.611000,0 days 00:00:29.687000,0 days 02:37:48.128000,0 days 02:38:29.739000,0 days 02:38:59.426000,131.0,116.0,166.0,280.0,False,SOFT,17.0,False,Ferrari,0 days 02:37:13.889000,,26,6.0,False,,False,False,18.1,69.0,986.2,True,24.4,278,4.5,False,True,False,False,True,False,+30.431,+1.765,30.431,1.765,9539.378,105.489,,,34.191,41.611,29.687,9468.128,9509.739,9539.426,9433.889
2022,Hungarian Grand Prix,13,Hungary,Budapest,0 days 02:40:33.693000,LEC,16,0 days 00:01:34.315000,69.0,4.0,,Charles Leclerc,,0 days 00:00:39.576000,0 days 00:00:31.230000,0 days 00:00:23.509000,0 days 02:39:39.002000,0 days 02:40:10.232000,0 days 02:40:33.741000,265.0,235.0,247.0,209.0,False,SOFT,18.0,False,Ferrari,0 days 02:38:59.378000,,671,6.0,False,,False,False,18.1,70.0,986.0,True,24.3,286,4.9,True,False,False,False,True,True,+20.169,+1.225,20.169,1.225,9633.693,94.315,,,39.576,31.23,23.509,9579.002,9610.232,9633.741,9539.378
2022,Hungarian Grand Prix,13,Hungary,Budapest,0 days 02:41:57.997000,LEC,16,0 days 00:01:24.304000,70.0,4.0,,Charles Leclerc,,0 days 00:00:30.111000,0 days 00:00:30.525000,0 days 00:00:23.668000,0 days 02:41:03.852000,0 days 02:41:34.377000,0 days 02:41:58.045000,280.0,240.0,247.0,285.0,False,SOFT,19.0,False,Ferrari,0 days 02:40:33.693000,,1,6.0,False,,False,True,18.0,70.0,986.0,True,23.9,283,4.5,True,False,False,False,False,False,+16.274,+0.359,16.274,0.359,9717.997,84.304,,,30.111,30.525,23.668,9663.852,9694.377,9718.045,9633.693
2022,Hungarian Grand Prix,13,Hungary,Budapest,0 days 01:03:50.938000,STR,18,0 days 00:01:44.900000,1.0,1.0,,Lance Stroll,,,0 days 00:00:33.700000,0 days 00:00:32.382000,,0 days 01:03:18.700000,0 days 01:03:51.034000,256.0,225.0,79.0,259.0,False,SOFT,4.0,False,Aston Martin,0 days 01:02:05.807000,,126,14.0,False,,False,False,18.4,70.0,985.7,True,26.4,289,5.0,True,True,False,False,True,False,+16.509,+1.353,16.509,1.353,3830.938,104.9,,,,33.7,32.382,,3798.7,3831.034,3725.807
2022,Hungarian Grand Prix,13,Hungary,Budapest,0 days 01:05:43.699000,STR,18,0 days 00:01:52.761000,2.0,1.0,,Lance Stroll,,0 days 00:00:47.545000,0 days 00:00:34.359000,0 days 00:00:30.857000,0 days 01:04:38.511000,0 days 01:05:12.870000,0 days 01:05:43.727000,213.0,216.0,193.0,109.0,True,SOFT,5.0,False,Aston Martin,0 days 01:03:50.938000,,67,15.0,False,,False,False,18.4,70.0,985.7,True,26.5,286,4.5,False,False,False,False,True,True,+16.278,+0.758,16.278,0.758,3943.699,112.761,,,47.545,34.359,30.857,3878.511,3912.87,3943.727,3830.938
2022,Hungarian Grand Prix,13,Hungary,Budapest,0 days 01:07:11.195000,STR,18,0 days 00:01:27.496000,3.0,1.0,,Lance Stroll,,0 days 00:00:32.270000,0 days 00:00:31.267000,0 days 00:00:23.959000,0 days 01:06:15.997000,0 days 01:06:47.264000,0 days 01:07:11.223000,275.0,228.0,245.0,244.0,True,SOFT,6.0,False,Aston Martin,0 days 01:05:43.699000,,71,14.0,False,,False,False,18.4,70.0,985.5,False,26.7,277,3.9,True,False,False,False,False,True,+13.940,+0.747,13.94,0.747,4031.195,87.496,,,32.27,31.267,23.959,3975.997,4007.264,4031.223,3943.699
2022,Hungarian Grand Prix,13,Hungary,Budapest,0 days 01:08:36.373000,STR,18,0 days 00:01:25.178000,4.0,1.0,,Lance Stroll,,0 days 00:00:30.189000,0 days 00:00:30.999000,0 days 00:00:23.990000,0 days 01:07:41.412000,0 days 01:08:12.411000,0 days 01:08:36.401000,277.0,230.0,245.0,297.0,True,SOFT,7.0,False,Aston Martin,0 days 01:07:11.195000,,1,14.0,False,,False,True,18.4,70.0,985.5,True,26.5,284,4.0,True,False,False,False,False,False,+15.409,+0.834,15.409,0.834,4116.373,85.178,,,30.189,30.999,23.99,4061.412,4092.411,4116.401,4031.195
2022,Hungarian Grand Prix,13,Hungary,Budapest,0 days 01:10:01.522000,STR,18,0 days 00:01:25.149000,5.0,1.0,,Lance Stroll,,0 days 00:00:30.182000,0 days 00:00:31.107000,0 days 00:00:23.860000,0 days 01:09:06.583000,0 days 01:09:37.690000,0 days 01:10:01.550000,277.0,228.0,247.0,296.0,True,SOFT,8.0,False,Aston Martin,0 days 01:08:36.373000,,1,14.0,False,,False,True,18.6,71.0,985.5,True,26.5,290,3.5,True,False,False,False,False,False,+16.696,+0.676,16.696,0.676,4201.522,85.149,,,30.182,31.107,23.86,4146.583,4177.69,4201.55,4116.373
2022,Hungarian Grand Prix,13,Hungary,Budapest,0 days 01:11:27.286000,STR,18,0 days 00:01:25.764000,6.0,1.0,,Lance Stroll,,0 days 00:00:29.990000,0 days 00:00:31.458000,0 days 00:00:24.316000,0 days 01:10:31.540000,0 days 01:11:02.998000,0 days 01:11:27.314000,280.0,227.0,246.0,296.0,False,SOFT,9.0,False,Aston Martin,0 days 01:10:01.522000,,1,14.0,False,,False,True,18.6,70.0,985.5,False,26.7,297,3.5,True,False,False,False,False,False,+18.461,+0.616,18.461,0.616,4287.286,85.764,,,29.99,31.458,24.316,4231.54,4262.998,4287.314,4201.522
2022,Hungarian Grand Prix,13,Hungary,Budapest,0 days 01:12:52.704000,STR,18,0 days 00:01:25.418000,7.0,1.0,,Lance Stroll,,0 days 00:00:30.188000,0 days 00:00:31.216000,0 days 00:00:24.014000,0 days 01:11:57.502000,0 days 01:12:28.718000,0 days 01:12:52.732000,278.0,229.0,246.0,297.0,False,SOFT,10.0,False,Aston Martin,0 days 01:11:27.286000,,1,13.0,False,,False,True,18.6,71.0,985.5,False,26.5,281,3.2,True,False,False,False,False,False,+19.769,+0.497,19.769,0.497,4372.704,85.418,,,30.188,31.216,24.014,4317.502,4348.718,4372.732,4287.286
2022,Hungarian Grand Prix,13,Hungary,Budapest,0 days 01:14:18.839000,STR,18,0 days 00:01:26.135000,8.0,1.0,,Lance Stroll,,0 days 00:00:30.202000,0 days 00:00:31.669000,0 days 00:00:24.264000,0 days 01:13:22.934000,0 days 01:13:54.603000,0 days 01:14:18.867000,278.0,222.0,245.0,296.0,False,SOFT,11.0,False,Aston Martin,0 days 01:12:52.704000,,1,13.0,False,,False,True,18.5,71.0,985.5,False,26.6,284,3.9,True,False,False,False,False,False,+21.803,+0.933,21.803,0.933,4458.839,86.135,,,30.202,31.669,24.264,4402.934,4434.603,4458.867,4372.704
2022,Hungarian Grand Prix,13,Hungary,Budapest,0 days 01:15:44.415000,STR,18,0 days 00:01:25.576000,9.0,1.0,,Lance Stroll,,0 days 00:00:30.185000,0 days 00:00:31.280000,0 days 00:00:24.111000,0 days 01:14:49.052000,0 days 01:15:20.332000,0 days 01:15:44.443000,276.0,228.0,243.0,296.0,False,SOFT,12.0,False,Aston Martin,0 days 01:14:18.839000,,1,13.0,False,,False,True,18.5,71.0,985.5,False,26.5,296,3.2,True,False,False,False,False,False,+23.619,+0.797,23.619,0.797,4544.415,85.576,,,30.185,31.28,24.111,4489.052,4520.332,4544.443,4458.839
2022,Hungarian Grand Prix,13,Hungary,Budapest,0 days 01:17:10.470000,STR,18,0 days 00:01:26.055000,10.0,1.0,,Lance Stroll,,0 days 00:00:30.301000,0 days 00:00:31.662000,0 days 00:00:24.092000,0 days 01:16:14.744000,0 days 01:16:46.406000,0 days 01:17:10.498000,277.0,229.0,244.0,293.0,False,SOFT,13.0,False,Aston Martin,0 days 01:15:44.415000,,1,13.0,False,,False,True,18.5,71.0,985.5,False,26.7,280,3.5,True,False,False,False,False,False,+25.197,+0.743,25.197,0.743,4630.47,86.055,,,30.301,31.662,24.092,4574.744,4606.406,4630.498,4544.415
2022,Hungarian Grand Prix,13,Hungary,Budapest,0 days 01:18:36.360000,STR,18,0 days 00:01:25.890000,11.0,1.0,,Lance Stroll,,0 days 00:00:30.178000,0 days 00:00:31.424000,0 days 00:00:24.288000,0 days 01:17:40.676000,0 days 01:18:12.100000,0 days 01:18:36.388000,278.0,228.0,244.0,295.0,False,SOFT,14.0,False,Aston Martin,0 days 01:17:10.470000,,1,13.0,False,,False,True,18.5,71.0,985.5,False,26.8,285,4.1,True,False,False,False,False,False,+26.722,+1.006,26.722,1.006,4716.36,85.89,,,30.178,31.424,24.288,4660.676,4692.1,4716.388,4630.47
2022,Hungarian Grand Prix,13,Hungary,Budapest,0 days 01:20:02.682000,STR,18,0 days 00:01:26.322000,12.0,1.0,,Lance Stroll,,0 days 00:00:30.320000,0 days 00:00:31.793000,0 days 00:00:24.209000,0 days 01:19:06.708000,0 days 01:19:38.501000,0 days 01:20:02.710000,276.0,230.0,245.0,295.0,False,SOFT,15.0,False,Aston Martin,0 days 01:18:36.360000,,1,13.0,False,,False,True,18.5,71.0,985.5,False,26.9,289,3.9,True,False,False,False,False,False,+28.910,+1.049,28.91,1.049,4802.682,86.322,,,30.32,31.793,24.209,4746.708,4778.501,4802.71,4716.36
2022,Hungarian Grand Prix,13,Hungary,Budapest,0 days 01:21:29.276000,STR,18,0 days 00:01:26.594000,13.0,1.0,,Lance Stroll,,0 days 00:00:30.308000,0 days 00:00:31.626000,0 days 00:00:24.660000,0 days 01:20:33.018000,0 days 01:21:04.644000,0 days 01:21:29.304000,276.0,227.0,245.0,293.0,False,SOFT,16.0,False,Aston Martin,0 days 01:20:02.682000,,1,13.0,False,,False,True,18.5,71.0,985.5,False,26.9,282,4.5,True,False,False,False,False,False,+31.037,+1.130,31.037,1.13,4889.276,86.594,,,30.308,31.626,24.66,4833.018,4864.644,4889.304,4802.682
2022,Hungarian Grand Prix,13,Hungary,Budapest,0 days 01:22:58.114000,STR,18,0 days 00:01:28.838000,14.0,1.0,,Lance Stroll,0 days 01:22:56.439000,0 days 00:00:30.403000,0 days 00:00:31.628000,0 days 00:00:26.807000,0 days 01:21:59.707000,0 days 01:22:31.335000,0 days 01:22:58.142000,274.0,226.0,,292.0,False,SOFT,17.0,False,Aston Martin,0 days 01:21:29.276000,,1,15.0,False,,False,False,18.4,72.0,985.5,False,26.9,277,3.9,True,False,False,False,False,False,+32.482,+1.635,32.482,1.635,4978.114,88.838,4976.439,,30.403,31.628,26.807,4919.707,4951.335,4978.142,4889.276
2022,Hungarian Grand Prix,13,Hungary,Budapest,0 days 01:24:42.218000,STR,18,0 days 00:01:44.104000,15.0,2.0,0 days 01:23:18.197000,Lance Stroll,,0 days 00:00:48.865000,0 days 00:00:31.233000,0 days 00:00:24.006000,0 days 01:23:47.007000,0 days 01:24:18.240000,0 days 01:24:42.246000,272.0,228.0,239.0,292.0,False,MEDIUM,2.0,False,Aston Martin,0 days 01:22:58.114000,,1,18.0,False,,False,False,18.4,71.0,985.5,False,26.9,267,2.5,True,False,False,False,False,False,+54.093,+2.302,54.093,2.302,5082.218,104.104,,4998.197,48.865,31.233,24.006,5027.007,5058.24,5082.246,4978.114
2022,Hungarian Grand Prix,13,Hungary,Budapest,0 days 01:26:07.259000,STR,18,0 days 00:01:25.041000,16.0,2.0,,Lance Stroll,,0 days 00:00:30.423000,0 days 00:00:30.874000,0 days 00:00:23.744000,0 days 01:25:12.669000,0 days 01:25:43.543000,0 days 01:26:07.287000,271.0,233.0,241.0,278.0,True,MEDIUM,3.0,False,Aston Martin,0 days 01:24:42.218000,,1,17.0,False,,False,True,18.4,70.0,985.5,False,27.2,291,3.2,True,False,False,False,False,False,+52.811,+1.055,52.811,1.055,5167.259,85.041,,,30.423,30.874,23.744,5112.669,5143.543,5167.287,5082.218
2022,Hungarian Grand Prix,13,Hungary,Budapest,0 days 01:27:33.098000,STR,18,0 days 00:01:25.839000,17.0,2.0,,Lance Stroll,,0 days 00:00:30.419000,0 days 00:00:30.957000,0 days 00:00:24.463000,0 days 01:26:37.706000,0 days 01:27:08.663000,0 days 01:27:33.126000,276.0,231.0,244.0,276.0,False,MEDIUM,4.0,False,Aston Martin,0 days 01:26:07.259000,,1,16.0,False,,False,True,18.4,70.0,985.7,False,27.6,292,4.8,True,False,False,False,False,False,+53.554,+0.280,53.554,0.28,5253.098,85.839,,,30.419,30.957,24.463,5197.706,5228.663,5253.126,5167.259
2022,Hungarian Grand Prix,13,Hungary,Budapest,0 days 01:28:57.601000,STR,18,0 days 00:01:24.503000,18.0,2.0,,Lance Stroll,,0 days 00:00:30.143000,0 days 00:00:30.675000,0 days 00:00:23.685000,0 days 01:28:03.269000,0 days 01:28:33.944000,0 days 01:28:57.629000,272.0,231.0,239.0,294.0,True,MEDIUM,5.0,False,Aston Martin,0 days 01:27:33.098000,,1,15.0,False,,False,True,18.4,71.0,985.5,False,27.6,287,4.5,True,False,False,False,False,False,+54.333,+2.437,54.333,2.437,5337.601,84.503,,,30.143,30.675,23.685,5283.269,5313.944,5337.629,5253.098
2022,Hungarian Grand Prix,13,Hungary,Budapest,0 days 01:30:22.418000,STR,18,0 days 00:01:24.817000,19.0,2.0,,Lance Stroll,,0 days 00:00:30.277000,0 days 00:00:30.784000,0 days 00:00:23.756000,0 days 01:29:27.906000,0 days 01:29:58.690000,0 days 01:30:22.446000,273.0,232.0,241.0,277.0,False,MEDIUM,6.0,False,Aston Martin,0 days 01:28:57.601000,,1,14.0,False,,False,True,18.4,70.0,985.7,False,27.6,281,4.4,True,False,False,False,False,False,+55.279,+2.757,55.279,2.757,5422.418,84.817,,,30.277,30.784,23.756,5367.906,5398.69,5422.446,5337.601
2022,Hungarian Grand Prix,13,Hungary,Budapest,0 days 01:31:47.178000,STR,18,0 days 00:01:24.760000,20.0,2.0,,Lance Stroll,,0 days 00:00:30.320000,0 days 00:00:30.650000,0 days 00:00:23.790000,0 days 01:30:52.766000,0 days 01:31:23.416000,0 days 01:31:47.206000,275.0,230.0,240.0,278.0,False,MEDIUM,7.0,False,Aston Martin,0 days 01:30:22.418000,,1,14.0,False,,False,True,18.5,70.0,985.5,False,27.5,283,4.3,True,False,False,False,False,False,+55.733,+2.849,55.733,2.849,5507.178,84.76,,,30.32,30.65,23.79,5452.766,5483.416,5507.206,5422.418
2022,Hungarian Grand Prix,13,Hungary,Budapest,0 days 01:33:11.558000,STR,18,0 days 00:01:24.380000,21.0,2.0,,Lance Stroll,,0 days 00:00:30.171000,0 days 00:00:30.542000,0 days 00:00:23.667000,0 days 01:32:17.377000,0 days 01:32:47.919000,0 days 01:33:11.586000,274.0,233.0,242.0,277.0,True,MEDIUM,8.0,False,Aston Martin,0 days 01:31:47.178000,,1,14.0,False,,False,True,18.5,70.0,985.5,False,27.5,279,4.0,True,False,False,False,False,False,+53.695,+2.892,53.695,2.892,5591.558,84.38,,,30.171,30.542,23.667,5537.377,5567.919,5591.586,5507.178
2022,Hungarian Grand Prix,13,Hungary,Budapest,0 days 01:34:36.196000,STR,18,0 days 00:01:24.638000,22.0,2.0,,Lance Stroll,,0 days 00:00:30.162000,0 days 00:00:30.677000,0 days 00:00:23.799000,0 days 01:33:41.748000,0 days 01:34:12.425000,0 days 01:34:36.224000,275.0,233.0,242.0,279.0,False,MEDIUM,9.0,False,Aston Martin,0 days 01:33:11.558000,,1,13.0,False,,False,True,18.5,70.0,985.5,False,27.7,293,4.4,True,False,False,False,False,False,+39.018,+2.698,39.018,2.698,5676.196,84.638,,,30.162,30.677,23.799,5621.748,5652.425,5676.224,5591.558
2022,Hungarian Grand Prix,13,Hungary,Budapest,0 days 01:36:00.545000,STR,18,0 days 00:01:24.349000,23.0,2.0,,Lance Stroll,,0 days 00:00:30.046000,0 days 00:00:30.679000,0 days 00:00:23.624000,0 days 01:35:06.270000,0 days 01:35:36.949000,0 days 01:36:00.573000,275.0,235.0,242.0,278.0,True,MEDIUM,10.0,False,Aston Martin,0 days 01:34:36.196000,,1,13.0,False,,False,True,18.5,70.0,985.5,False,27.8,291,3.5,True,False,False,False,False,False,+39.870,+2.517,39.87,2.517,5760.545,84.349,,,30.046,30.679,23.624,5706.27,5736.949,5760.573,5676.196
2022,Hungarian Grand Prix,13,Hungary,Budapest,0 days 01:37:25.999000,STR,18,0 days 00:01:25.454000,24.0,2.0,,Lance Stroll,,0 days 00:00:29.877000,0 days 00:00:31.273000,0 days 00:00:24.304000,0 days 01:36:30.450000,0 days 01:37:01.723000,0 days 01:37:26.027000,276.0,229.0,247.0,281.0,False,MEDIUM,11.0,False,Aston Martin,0 days 01:36:00.545000,,1,13.0,False,,False,True,18.4,70.0,985.5,False,27.8,277,3.2,True,False,False,False,False,False,+41.362,+0.641,41.362,0.641,5845.999,85.454,,,29.877,31.273,24.304,5790.45,5821.723,5846.027,5760.545
2022,Hungarian Grand Prix,13,Hungary,Budapest,0 days 01:38:51.522000,STR,18,0 days 00:01:25.523000,25.0,2.0,,Lance Stroll,,0 days 00:00:29.996000,0 days 00:00:31.378000,0 days 00:00:24.149000,0 days 01:37:56.023000,0 days 01:38:27.401000,0 days 01:38:51.550000,277.0,230.0,248.0,299.0,False,MEDIUM,12.0,False,Aston Martin,0 days 01:37:25.999000,,1,13.0,False,,False,True,18.5,70.0,985.5,False,28.1,285,4.1,True,False,False,False,False,False,+43.292,+0.857,43.292,0.857,5931.522,85.523,,,29.996,31.378,24.149,5876.023,5907.401,5931.55,5845.999
2022,Hungarian Grand Prix,13,Hungary,Budapest,0 days 01:40:17.105000,STR,18,0 days 00:01:25.583000,26.0,2.0,,Lance Stroll,,0 days 00:00:30.050000,0 days 00:00:31.450000,0 days 00:00:24.083000,0 days 01:39:21.600000,0 days 01:39:53.050000,0 days 01:40:17.133000,277.0,230.0,248.0,297.0,False,MEDIUM,13.0,False,Aston Martin,0 days 01:38:51.522000,,1,13.0,False,,False,True,18.5,70.0,985.5,False,28.2,282,3.5,True,False,False,False,False,False,+45.041,+0.319,45.041,0.319,6017.105,85.583,,,30.05,31.45,24.083,5961.6,5993.05,6017.133,5931.522
2022,Hungarian Grand Prix,13,Hungary,Budapest,0 days 01:41:41.813000,STR,18,0 days 00:01:24.708000,27.0,2.0,,Lance Stroll,,0 days 00:00:29.845000,0 days 00:00:31.004000,0 days 00:00:23.859000,0 days 01:40:46.978000,0 days 01:41:17.982000,0 days 01:41:41.841000,275.0,231.0,241.0,301.0,False,MEDIUM,14.0,False,Aston Martin,0 days 01:40:17.105000,,1,11.0,False,,False,True,18.5,70.0,985.5,False,28.5,294,3.5,True,False,False,False,False,False,+45.942,+1.060,45.942,1.06,6101.813,84.708,,,29.845,31.004,23.859,6046.978,6077.982,6101.841,6017.105
2022,Hungarian Grand Prix,13,Hungary,Budapest,0 days 01:43:06.562000,STR,18,0 days 00:01:24.749000,28.0,2.0,,Lance Stroll,,0 days 00:00:30.207000,0 days 00:00:30.821000,0 days 00:00:23.721000,0 days 01:42:12.048000,0 days 01:42:42.869000,0 days 01:43:06.590000,278.0,234.0,247.0,278.0,False,MEDIUM,15.0,False,Aston Martin,0 days 01:41:41.813000,,1,10.0,False,,False,True,18.6,70.0,985.5,False,28.5,285,3.7,True,False,False,False,False,False,+46.125,+0.604,46.125,0.604,6186.562,84.749,,,30.207,30.821,23.721,6132.048,6162.869,6186.59,6101.813
2022,Hungarian Grand Prix,13,Hungary,Budapest,0 days 01:44:30.623000,STR,18,0 days 00:01:24.061000,29.0,2.0,,Lance Stroll,,0 days 00:00:29.896000,0 days 00:00:30.510000,0 days 00:00:23.655000,0 days 01:43:36.486000,0 days 01:44:06.996000,0 days 01:44:30.651000,273.0,234.0,240.0,297.0,True,MEDIUM,16.0,False,Aston Martin,0 days 01:43:06.562000,,1,9.0,False,,False,True,18.6,69.0,985.4,False,28.5,274,4.8,True,False,False,False,False,False,+45.841,+4.156,45.841,4.156,6270.623,84.061,,,29.896,30.51,23.655,6216.486,6246.996,6270.651,6186.562
2022,Hungarian Grand Prix,13,Hungary,Budapest,0 days 01:45:55.722000,STR,18,0 days 00:01:25.099000,30.0,2.0,,Lance Stroll,,0 days 00:00:30.375000,0 days 00:00:30.705000,0 days 00:00:24.019000,0 days 01:45:01.026000,0 days 01:45:31.731000,0 days 01:45:55.750000,273.0,231.0,240.0,276.0,False,MEDIUM,17.0,False,Aston Martin,0 days 01:44:30.623000,,1,9.0,False,,False,True,18.4,70.0,985.5,False,28.5,290,3.9,True,False,False,False,False,False,+46.133,+4.138,46.133,4.138,6355.722,85.099,,,30.375,30.705,24.019,6301.026,6331.731,6355.75,6270.623
2022,Hungarian Grand Prix,13,Hungary,Budapest,0 days 01:47:20.363000,STR,18,0 days 00:01:24.641000,31.0,2.0,,Lance Stroll,,0 days 00:00:30.179000,0 days 00:00:30.562000,0 days 00:00:23.900000,0 days 01:46:25.929000,0 days 01:46:56.491000,0 days 01:47:20.391000,274.0,232.0,241.0,277.0,False,MEDIUM,18.0,False,Aston Martin,0 days 01:45:55.722000,,1,9.0,False,,False,True,18.3,70.0,985.5,False,28.0,293,5.3,True,False,False,False,False,False,+47.927,+3.714,47.927,3.714,6440.363,84.641,,,30.179,30.562,23.9,6385.929,6416.491,6440.391,6355.722
2022,Hungarian Grand Prix,13,Hungary,Budapest,0 days 01:48:45.593000,STR,18,0 days 00:01:25.230000,32.0,2.0,,Lance Stroll,,0 days 00:00:30.289000,0 days 00:00:30.927000,0 days 00:00:24.014000,0 days 01:47:50.680000,0 days 01:48:21.607000,0 days 01:48:45.621000,266.0,226.0,242.0,277.0,False,MEDIUM,19.0,False,Aston Martin,0 days 01:47:20.363000,,1,9.0,False,,False,True,18.4,71.0,985.5,False,27.7,266,5.8,True,False,False,False,False,False,+48.900,+3.459,48.9,3.459,6525.593,85.23,,,30.289,30.927,24.014,6470.68,6501.607,6525.621,6440.363
2022,Hungarian Grand Prix,13,Hungary,Budapest,0 days 01:50:10.291000,STR,18,0 days 00:01:24.698000,33.0,2.0,,Lance Stroll,,0 days 00:00:30.234000,0 days 00:00:30.595000,0 days 00:00:23.869000,0 days 01:49:15.855000,0 days 01:49:46.450000,0 days 01:50:10.319000,271.0,233.0,241.0,272.0,False,MEDIUM,20.0,False,Aston Martin,0 days 01:48:45.593000,,1,9.0,False,,False,True,18.4,71.0,985.7,False,27.6,294,4.0,True,False,False,False,False,False,+50.132,+2.958,50.132,2.958,6610.291,84.698,,,30.234,30.595,23.869,6555.855,6586.45,6610.319,6525.593
2022,Hungarian Grand Prix,13,Hungary,Budapest,0 days 01:51:34.829000,STR,18,0 days 00:01:24.538000,34.0,2.0,,Lance Stroll,,0 days 00:00:30.138000,0 days 00:00:30.500000,0 days 00:00:23.900000,0 days 01:50:40.457000,0 days 01:51:10.957000,0 days 01:51:34.857000,269.0,232.0,242.0,278.0,False,MEDIUM,21.0,False,Aston Martin,0 days 01:50:10.291000,,1,9.0,False,,False,True,18.3,70.0,985.5,False,27.3,282,4.4,True,False,False,False,False,False,+51.320,+2.478,51.32,2.478,6694.829,84.538,,,30.138,30.5,23.9,6640.457,6670.957,6694.857,6610.291
2022,Hungarian Grand Prix,13,Hungary,Budapest,0 days 01:52:59.448000,STR,18,0 days 00:01:24.619000,35.0,2.0,,Lance Stroll,,0 days 00:00:30.092000,0 days 00:00:30.797000,0 days 00:00:23.730000,0 days 01:52:04.949000,0 days 01:52:35.746000,0 days 01:52:59.476000,271.0,233.0,242.0,279.0,False,MEDIUM,22.0,False,Aston Martin,0 days 01:51:34.829000,,12,9.0,False,,False,True,18.3,71.0,985.7,False,26.8,276,4.5,True,True,False,False,False,False,+52.456,+2.012,52.456,2.012,6779.448,84.619,,,30.092,30.797,23.73,6724.949,6755.746,6779.476,6694.829
2022,Hungarian Grand Prix,13,Hungary,Budapest,0 days 01:54:24.272000,STR,18,0 days 00:01:24.824000,36.0,2.0,,Lance Stroll,,0 days 00:00:30.120000,0 days 00:00:30.717000,0 days 00:00:23.987000,0 days 01:53:29.596000,0 days 01:54:00.313000,0 days 01:54:24.300000,273.0,234.0,243.0,280.0,False,MEDIUM,23.0,False,Aston Martin,0 days 01:52:59.448000,,1,9.0,False,,False,True,18.2,71.0,985.5,False,26.8,279,3.4,True,False,False,False,False,False,+54.184,+1.820,54.184,1.82,6864.272,84.824,,,30.12,30.717,23.987,6809.596,6840.313,6864.3,6779.448
2022,Hungarian Grand Prix,13,Hungary,Budapest,0 days 01:55:48.932000,STR,18,0 days 00:01:24.660000,37.0,2.0,,Lance Stroll,,0 days 00:00:30.338000,0 days 00:00:30.731000,0 days 00:00:23.591000,0 days 01:54:54.638000,0 days 01:55:25.369000,0 days 01:55:48.960000,270.0,235.0,243.0,277.0,False,MEDIUM,24.0,False,Aston Martin,0 days 01:54:24.272000,,1,9.0,False,,False,True,18.2,71.0,985.7,False,26.7,287,4.1,True,False,False,False,False,False,+55.401,+0.968,55.401,0.968,6948.932,84.66,,,30.338,30.731,23.591,6894.638,6925.369,6948.96,6864.272
2022,Hungarian Grand Prix,13,Hungary,Budapest,0 days 01:57:14.358000,STR,18,0 days 00:01:25.426000,38.0,2.0,,Lance Stroll,,0 days 00:00:30.437000,0 days 00:00:31.143000,0 days 00:00:23.846000,0 days 01:56:19.397000,0 days 01:56:50.540000,0 days 01:57:14.386000,272.0,229.0,246.0,279.0,False,MEDIUM,25.0,False,Aston Martin,0 days 01:55:48.932000,,1,9.0,False,,False,True,18.1,72.0,985.7,False,26.8,290,2.7,True,False,False,False,False,False,+57.012,+0.744,57.012,0.744,7034.358,85.426,,,30.437,31.143,23.846,6979.397,7010.54,7034.386,6948.932
2022,Hungarian Grand Prix,13,Hungary,Budapest,0 days 01:58:39.885000,STR,18,0 days 00:01:25.527000,39.0,2.0,,Lance Stroll,,0 days 00:00:30.155000,0 days 00:00:31.267000,0 days 00:00:24.105000,0 days 01:57:44.541000,0 days 01:58:15.808000,0 days 01:58:39.913000,272.0,236.0,249.0,293.0,False,MEDIUM,26.0,False,Aston Martin,0 days 01:57:14.358000,,1,9.0,False,,False,True,18.0,72.0,985.7,False,26.5,293,3.4,True,False,False,False,False,False,+51.162,+0.627,51.162,0.627,7119.885,85.527,,,30.155,31.267,24.105,7064.541,7095.808,7119.913,7034.358
2022,Hungarian Grand Prix,13,Hungary,Budapest,0 days 02:00:05.566000,STR,18,0 days 00:01:25.681000,40.0,2.0,,Lance Stroll,,0 days 00:00:30.236000,0 days 00:00:31.221000,0 days 00:00:24.224000,0 days 01:59:10.149000,0 days 01:59:41.370000,0 days 02:00:05.594000,271.0,233.0,246.0,295.0,False,MEDIUM,27.0,False,Aston Martin,0 days 01:58:39.885000,,1,9.0,False,,False,True,18.1,71.0,985.7,False,26.5,284,5.0,True,False,False,False,False,False,+52.774,+1.015,52.774,1.015,7205.566,85.681,,,30.236,31.221,24.224,7150.149,7181.37,7205.594,7119.885
2022,Hungarian Grand Prix,13,Hungary,Budapest,0 days 02:01:30.585000,STR,18,0 days 00:01:25.019000,41.0,2.0,,Lance Stroll,,0 days 00:00:29.966000,0 days 00:00:31.123000,0 days 00:00:23.930000,0 days 02:00:35.560000,0 days 02:01:06.683000,0 days 02:01:30.613000,278.0,236.0,249.0,293.0,False,MEDIUM,28.0,False,Aston Martin,0 days 02:00:05.566000,,12,9.0,False,,False,True,18.0,72.0,985.7,False,26.5,286,3.7,True,True,False,False,False,False,+53.962,+0.914,53.962,0.914,7290.585,85.019,,,29.966,31.123,23.93,7235.56,7266.683,7290.613,7205.566
2022,Hungarian Grand Prix,13,Hungary,Budapest,0 days 02:02:55.654000,STR,18,0 days 00:01:25.069000,42.0,2.0,,Lance Stroll,,0 days 00:00:30.055000,0 days 00:00:31.112000,0 days 00:00:23.902000,0 days 02:02:00.668000,0 days 02:02:31.780000,0 days 02:02:55.682000,277.0,235.0,246.0,293.0,False,MEDIUM,29.0,False,Aston Martin,0 days 02:01:30.585000,,1,9.0,False,,False,True,17.9,71.0,985.5,False,26.4,288,4.5,True,False,False,False,False,False,+54.446,+0.863,54.446,0.863,7375.654,85.069,,,30.055,31.112,23.902,7320.668,7351.78,7375.682,7290.585
2022,Hungarian Grand Prix,13,Hungary,Budapest,0 days 02:04:20.868000,STR,18,0 days 00:01:25.214000,43.0,2.0,,Lance Stroll,,0 days 00:00:30.119000,0 days 00:00:31.141000,0 days 00:00:23.954000,0 days 02:03:25.801000,0 days 02:03:56.942000,0 days 02:04:20.896000,279.0,231.0,247.0,292.0,False,MEDIUM,30.0,False,Aston Martin,0 days 02:02:55.654000,,1,8.0,False,,False,True,18.0,71.0,985.7,False,26.1,287,4.8,True,False,False,False,False,False,+56.055,+0.938,56.055,0.938,7460.868,85.214,,,30.119,31.141,23.954,7405.801,7436.942,7460.896,7375.654
2022,Hungarian Grand Prix,13,Hungary,Budapest,0 days 02:05:46.027000,STR,18,0 days 00:01:25.159000,44.0,2.0,,Lance Stroll,,0 days 00:00:29.949000,0 days 00:00:31.186000,0 days 00:00:24.024000,0 days 02:04:50.845000,0 days 02:05:22.031000,0 days 02:05:46.055000,276.0,230.0,241.0,296.0,False,MEDIUM,31.0,False,Aston Martin,0 days 02:04:20.868000,,1,8.0,False,,False,True,18.0,71.0,985.7,False,26.0,275,4.6,True,False,False,False,False,False,+56.981,+1.124,56.981,1.124,7546.027,85.159,,,29.949,31.186,24.024,7490.845,7522.031,7546.055,7460.868
2022,Hungarian Grand Prix,13,Hungary,Budapest,0 days 02:07:11.078000,STR,18,0 days 00:01:25.051000,45.0,2.0,,Lance Stroll,,0 days 00:00:30.268000,0 days 00:00:30.912000,0 days 00:00:23.871000,0 days 02:06:16.323000,0 days 02:06:47.235000,0 days 02:07:11.106000,277.0,229.0,242.0,279.0,False,MEDIUM,32.0,False,Aston Martin,0 days 02:05:46.027000,,1,8.0,False,,False,True,18.0,72.0,985.7,False,26.1,286,3.9,True,False,False,False,False,False,+57.876,+1.192,57.876,1.192,7631.078,85.051,,,30.268,30.912,23.871,7576.323,7607.235,7631.106,7546.027
2022,Hungarian Grand Prix,13,Hungary,Budapest,0 days 02:08:38.679000,STR,18,0 days 00:01:27.601000,46.0,2.0,,Lance Stroll,0 days 02:08:36.941000,0 days 00:00:30.205000,0 days 00:00:31.013000,0 days 00:00:26.383000,0 days 02:07:41.311000,0 days 02:08:12.324000,0 days 02:08:38.707000,278.0,232.0,,280.0,False,MEDIUM,33.0,False,Aston Martin,0 days 02:07:11.078000,,1,9.0,False,,False,False,18.0,72.0,985.7,False,26.1,292,3.5,True,False,False,False,False,False,+58.744,+1.060,58.744,1.06,7718.679,87.601,7716.941,,30.205,31.013,26.383,7661.311,7692.324,7718.707,7631.078
2022,Hungarian Grand Prix,13,Hungary,Budapest,0 days 02:10:29.610000,STR,18,0 days 00:01:50.931000,47.0,3.0,0 days 02:08:58.595000,Lance Stroll,,0 days 00:00:54.825000,0 days 00:00:31.957000,0 days 00:00:24.149000,0 days 02:09:33.532000,0 days 02:10:05.489000,0 days 02:10:29.638000,274.0,234.0,249.0,280.0,False,SOFT,1.0,False,Aston Martin,0 days 02:08:38.679000,,12,13.0,False,,False,False,18.1,71.0,985.7,False,26.1,296,3.7,True,True,False,False,False,False,1 L,+0.617,,0.617,7829.61,110.931,,7738.595,54.825,31.957,24.149,7773.532,7805.489,7829.638,7718.679
2022,Hungarian Grand Prix,13,Hungary,Budapest,0 days 02:11:55.545000,STR,18,0 days 00:01:25.935000,48.0,3.0,,Lance Stroll,,0 days 00:00:30.009000,0 days 00:00:31.856000,0 days 00:00:24.070000,0 days 02:10:59.647000,0 days 02:11:31.503000,0 days 02:11:55.573000,268.0,234.0,251.0,299.0,False,SOFT,2.0,False,Aston Martin,0 days 02:10:29.610000,,1,12.0,False,,False,True,18.1,71.0,985.7,False,26.1,291,4.3,True,False,False,False,False,False,1 L,+0.269,,0.269,7915.545,85.935,,,30.009,31.856,24.07,7859.647,7891.503,7915.573,7829.61
2022,Hungarian Grand Prix,13,Hungary,Budapest,0 days 02:13:18.562000,STR,18,0 days 00:01:23.017000,49.0,3.0,,Lance Stroll,,0 days 00:00:29.388000,0 days 00:00:30.168000,0 days 00:00:23.461000,0 days 02:12:24.961000,0 days 02:12:55.129000,0 days 02:13:18.590000,272.0,234.0,247.0,301.0,True,SOFT,3.0,False,Aston Martin,0 days 02:11:55.545000,,1,11.0,False,,False,True,18.1,71.0,985.7,False,25.7,290,4.1,True,False,False,False,False,False,1 L,+15.071,,15.071,7998.562,83.017,,,29.388,30.168,23.461,7944.961,7975.129,7998.59,7915.545
2022,Hungarian Grand Prix,13,Hungary,Budapest,0 days 02:14:42.261000,STR,18,0 days 00:01:23.699000,50.0,3.0,,Lance Stroll,,0 days 00:00:29.899000,0 days 00:00:30.655000,0 days 00:00:23.145000,0 days 02:13:48.489000,0 days 02:14:19.144000,0 days 02:14:42.289000,248.0,235.0,249.0,292.0,False,SOFT,4.0,False,Aston Martin,0 days 02:13:18.562000,,1,11.0,False,,False,True,18.1,70.0,985.7,True,25.8,289,3.7,True,False,False,False,False,False,+84.619,+14.055,84.619,14.055,8082.261,83.699,,,29.899,30.655,23.145,8028.489,8059.144,8082.289,7998.562
2022,Hungarian Grand Prix,13,Hungary,Budapest,0 days 02:16:04.698000,STR,18,0 days 00:01:22.437000,51.0,3.0,,Lance Stroll,,0 days 00:00:29.434000,0 days 00:00:29.772000,0 days 00:00:23.231000,0 days 02:15:11.723000,0 days 02:15:41.495000,0 days 02:16:04.726000,271.0,235.0,242.0,291.0,True,SOFT,5.0,False,Aston Martin,0 days 02:14:42.261000,,1,11.0,False,,False,True,18.2,70.0,985.7,True,25.9,286,4.5,True,False,False,False,False,False,+80.643,+11.719,80.643,11.719,8164.698,82.437,,,29.434,29.772,23.231,8111.723,8141.495,8164.726,8082.261
2022,Hungarian Grand Prix,13,Hungary,Budapest,0 days 02:17:27.465000,STR,18,0 days 00:01:22.767000,52.0,3.0,,Lance Stroll,,0 days 00:00:29.867000,0 days 00:00:29.810000,0 days 00:00:23.090000,0 days 02:16:34.593000,0 days 02:17:04.403000,0 days 02:17:27.493000,275.0,237.0,243.0,276.0,False,SOFT,6.0,False,Aston Martin,0 days 02:16:04.698000,,1,11.0,False,,False,True,18.1,70.0,985.7,False,25.8,293,5.0,True,False,False,False,False,False,+80.831,+9.715,80.831,9.715,8247.465,82.767,,,29.867,29.81,23.09,8194.593,8224.403,8247.493,8164.698
2022,Hungarian Grand Prix,13,Hungary,Budapest,0 days 02:18:50.305000,STR,18,0 days 00:01:22.840000,53.0,3.0,,Lance Stroll,,0 days 00:00:29.865000,0 days 00:00:29.888000,0 days 00:00:23.087000,0 days 02:17:57.358000,0 days 02:18:27.246000,0 days 02:18:50.333000,275.0,237.0,242.0,276.0,False,SOFT,7.0,False,Aston Martin,0 days 02:17:27.465000,,1,11.0,False,,False,True,18.1,70.0,985.7,False,25.5,280,4.5,True,False,False,False,False,False,+80.902,+7.719,80.902,7.719,8330.305,82.84,,,29.865,29.888,23.087,8277.358,8307.246,8330.333,8247.465
2022,Hungarian Grand Prix,13,Hungary,Budapest,0 days 02:20:13.209000,STR,18,0 days 00:01:22.904000,54.0,3.0,,Lance Stroll,,0 days 00:00:29.817000,0 days 00:00:29.973000,0 days 00:00:23.114000,0 days 02:19:20.150000,0 days 02:19:50.123000,0 days 02:20:13.237000,274.0,237.0,242.0,277.0,False,SOFT,8.0,False,Aston Martin,0 days 02:18:50.305000,,1,11.0,False,,False,True,18.1,70.0,985.7,False,25.5,283,5.4,True,False,False,False,False,False,+81.096,+5.846,81.096,5.846,8413.209,82.904,,,29.817,29.973,23.114,8360.15,8390.123,8413.237,8330.305
2022,Hungarian Grand Prix,13,Hungary,Budapest,0 days 02:21:36.331000,STR,18,0 days 00:01:23.122000,55.0,3.0,,Lance Stroll,,0 days 00:00:29.863000,0 days 00:00:30.099000,0 days 00:00:23.160000,0 days 02:20:43.100000,0 days 02:21:13.199000,0 days 02:21:36.359000,276.0,237.0,244.0,276.0,False,SOFT,9.0,False,Aston Martin,0 days 02:20:13.209000,,1,11.0,False,,False,True,18.0,70.0,985.9,True,25.2,288,4.1,True,False,False,False,False,False,+81.159,+4.102,81.159,4.102,8496.331,83.122,,,29.863,30.099,23.16,8443.1,8473.199,8496.359,8413.209
2022,Hungarian Grand Prix,13,Hungary,Budapest,0 days 02:23:01.859000,STR,18,0 days 00:01:25.528000,56.0,3.0,,Lance Stroll,,0 days 00:00:29.961000,0 days 00:00:30.738000,0 days 00:00:24.829000,0 days 02:22:06.320000,0 days 02:22:37.058000,0 days 02:23:01.887000,276.0,218.0,249.0,281.0,False,SOFT,10.0,False,Aston Martin,0 days 02:21:36.331000,,1,11.0,False,,False,True,18.0,69.0,985.9,True,25.2,294,5.6,True,False,False,False,False,False,1 L,+4.693,,4.693,8581.859,85.528,,,29.961,30.738,24.829,8526.32,8557.058,8581.887,8496.331
2022,Hungarian Grand Prix,13,Hungary,Budapest,0 days 02:24:25.778000,STR,18,0 days 00:01:23.919000,57.0,3.0,,Lance Stroll,,0 days 00:00:29.743000,0 days 00:00:30.725000,0 days 00:00:23.451000,0 days 02:23:31.630000,0 days 02:24:02.355000,0 days 02:24:25.806000,279.0,234.0,243.0,295.0,False,SOFT,11.0,False,Aston Martin,0 days 02:23:01.859000,,1,11.0,False,,False,True,18.0,70.0,985.9,True,25.1,279,4.4,True,False,False,False,False,False,1 L,+3.886,,3.886,8665.778,83.919,,,29.743,30.725,23.451,8611.63,8642.355,8665.806,8581.859
2022,Hungarian Grand Prix,13,Hungary,Budapest,0 days 02:25:50.083000,STR,18,0 days 00:01:24.305000,58.0,3.0,,Lance Stroll,,0 days 00:00:29.987000,0 days 00:00:30.678000,0 days 00:00:23.640000,0 days 02:24:55.793000,0 days 02:25:26.471000,0 days 02:25:50.111000,277.0,234.0,245.0,281.0,False,SOFT,12.0,False,Aston Martin,0 days 02:24:25.778000,,1,11.0,False,,False,True,18.1,69.0,985.7,True,24.8,288,4.1,True,False,False,False,False,False,1 L,+1.906,,1.906,8750.083,84.305,,,29.987,30.678,23.64,8695.793,8726.471,8750.111,8665.778
2022,Hungarian Grand Prix,13,Hungary,Budapest,0 days 02:27:13.411000,STR,18,0 days 00:01:23.328000,59.0,3.0,,Lance Stroll,,0 days 00:00:29.746000,0 days 00:00:30.074000,0 days 00:00:23.508000,0 days 02:26:19.857000,0 days 02:26:49.931000,0 days 02:27:13.439000,276.0,238.0,244.0,282.0,False,SOFT,13.0,False,Aston Martin,0 days 02:25:50.083000,,1,11.0,False,,False,True,18.1,70.0,986.0,True,24.8,283,4.5,True,False,False,False,False,False,1 L,+1.054,,1.054,8833.411,83.328,,,29.746,30.074,23.508,8779.857,8809.931,8833.439,8750.083
2022,Hungarian Grand Prix,13,Hungary,Budapest,0 days 02:28:37.116000,STR,18,0 days 00:01:23.705000,60.0,3.0,,Lance Stroll,,0 days 00:00:29.867000,0 days 00:00:30.383000,0 days 00:00:23.455000,0 days 02:27:43.306000,0 days 02:28:13.689000,0 days 02:28:37.144000,279.0,238.0,250.0,281.0,False,SOFT,14.0,False,Aston Martin,0 days 02:27:13.411000,,1,11.0,False,,False,True,18.0,70.0,985.9,True,24.8,282,4.8,True,False,False,False,False,False,1 L,+0.723,,0.723,8917.116,83.705,,,29.867,30.383,23.455,8863.306,8893.689,8917.144,8833.411
2022,Hungarian Grand Prix,13,Hungary,Budapest,0 days 02:30:01.830000,STR,18,0 days 00:01:24.714000,61.0,3.0,,Lance Stroll,,0 days 00:00:29.895000,0 days 00:00:30.816000,0 days 00:00:24.003000,0 days 02:29:07.039000,0 days 02:29:37.855000,0 days 02:30:01.858000,279.0,235.0,251.0,296.0,False,SOFT,15.0,False,Aston Martin,0 days 02:28:37.116000,,1,11.0,False,,False,True,18.0,70.0,986.0,True,24.7,287,5.0,True,False,False,False,False,False,1 L,+0.457,,0.457,9001.83,84.714,,,29.895,30.816,24.003,8947.039,8977.855,9001.858,8917.116
2022,Hungarian Grand Prix,13,Hungary,Budapest,0 days 02:31:25.114000,STR,18,0 days 00:01:23.284000,62.0,3.0,,Lance Stroll,,0 days 00:00:29.544000,0 days 00:00:30.252000,0 days 00:00:23.488000,0 days 02:30:31.402000,0 days 02:31:01.654000,0 days 02:31:25.142000,276.0,240.0,244.0,300.0,False,SOFT,16.0,False,Aston Martin,0 days 02:30:01.830000,,1,10.0,False,,False,True,18.0,70.0,985.9,True,24.6,285,5.0,True,False,False,False,False,False,1 L,+5.216,,5.216,9085.114,83.284,,,29.544,30.252,23.488,9031.402,9061.654,9085.142,9001.83
2022,Hungarian Grand Prix,13,Hungary,Budapest,0 days 02:32:50.274000,STR,18,0 days 00:01:25.160000,63.0,3.0,,Lance Stroll,,0 days 00:00:30.864000,0 days 00:00:30.725000,0 days 00:00:23.571000,0 days 02:31:56.006000,0 days 02:32:26.731000,0 days 02:32:50.302000,276.0,237.0,243.0,279.0,False,SOFT,17.0,False,Aston Martin,0 days 02:31:25.114000,,1,10.0,False,,False,True,18.0,70.0,986.0,True,24.6,304,3.7,True,False,False,False,False,False,1 L,+5.909,,5.909,9170.274,85.16,,,30.864,30.725,23.571,9116.006,9146.731,9170.302,9085.114
2022,Hungarian Grand Prix,13,Hungary,Budapest,0 days 02:34:13.737000,STR,18,0 days 00:01:23.463000,64.0,3.0,,Lance Stroll,,0 days 00:00:30.010000,0 days 00:00:29.996000,0 days 00:00:23.457000,0 days 02:33:20.312000,0 days 02:33:50.308000,0 days 02:34:13.765000,276.0,235.0,244.0,279.0,False,SOFT,18.0,False,Aston Martin,0 days 02:32:50.274000,,1,10.0,False,,False,True,18.1,70.0,986.0,True,24.7,287,3.4,True,False,False,False,False,False,1 L,+4.809,,4.809,9253.737,83.463,,,30.01,29.996,23.457,9200.312,9230.308,9253.765,9170.274
2022,Hungarian Grand Prix,13,Hungary,Budapest,0 days 02:35:40.836000,STR,18,0 days 00:01:27.099000,65.0,3.0,,Lance Stroll,,0 days 00:00:29.893000,0 days 00:00:30.604000,0 days 00:00:26.602000,0 days 02:34:43.658000,0 days 02:35:14.262000,0 days 02:35:40.864000,276.0,224.0,247.0,278.0,False,SOFT,19.0,False,Aston Martin,0 days 02:34:13.737000,,1,11.0,False,,False,True,18.1,70.0,986.0,True,24.7,289,3.2,True,False,False,False,False,False,1 L,+0.747,,0.747,9340.836,87.099,,,29.893,30.604,26.602,9283.658,9314.262,9340.864,9253.737
2022,Hungarian Grand Prix,13,Hungary,Budapest,0 days 02:37:09.135000,STR,18,0 days 00:01:28.299000,66.0,3.0,,Lance Stroll,,0 days 00:00:31.230000,0 days 00:00:32.917000,0 days 00:00:24.152000,0 days 02:36:12.094000,0 days 02:36:45.011000,0 days 02:37:09.163000,278.0,233.0,243.0,296.0,False,SOFT,20.0,False,Aston Martin,0 days 02:35:40.836000,,12,11.0,False,,False,True,18.1,70.0,986.0,True,24.7,281,2.5,True,True,False,False,False,False,1 L,+5.845,,5.845,9429.135,88.299,,,31.23,32.917,24.152,9372.094,9405.011,9429.163,9340.836
2022,Hungarian Grand Prix,13,Hungary,Budapest,0 days 02:38:54.626000,STR,18,0 days 00:01:45.491000,67.0,3.0,,Lance Stroll,,0 days 00:00:31.841000,0 days 00:00:42.445000,0 days 00:00:31.205000,0 days 02:37:41.004000,0 days 02:38:23.449000,0 days 02:38:54.654000,152.0,132.0,193.0,279.0,False,SOFT,21.0,False,Aston Martin,0 days 02:37:09.135000,,26,11.0,False,,False,False,18.1,69.0,986.2,True,24.4,278,4.5,False,True,False,False,True,False,1 L,+10.122,,10.122,9534.626,105.491,,,31.841,42.445,31.205,9461.004,9503.449,9534.654,9429.135
2022,Hungarian Grand Prix,13,Hungary,Budapest,0 days 02:40:31.622000,STR,18,0 days 00:01:36.996000,68.0,3.0,,Lance Stroll,,0 days 00:00:39.864000,0 days 00:00:32.524000,0 days 00:00:24.608000,0 days 02:39:34.518000,0 days 02:40:07.042000,0 days 02:40:31.650000,244.0,228.0,242.0,210.0,False,SOFT,22.0,False,Aston Martin,0 days 02:38:54.626000,,671,11.0,False,,False,False,18.1,70.0,986.0,True,24.3,286,4.9,True,False,False,False,True,True,1 L,+7.475,,7.475,9631.622,96.996,,,39.864,32.524,24.608,9574.518,9607.042,9631.65,9534.626
2022,Hungarian Grand Prix,13,Hungary,Budapest,0 days 02:42:00.792000,STR,18,0 days 00:01:29.170000,69.0,3.0,,Lance Stroll,,0 days 00:00:32.990000,0 days 00:00:31.821000,0 days 00:00:24.359000,0 days 02:41:04.640000,0 days 02:41:36.461000,0 days 02:42:00.820000,276.0,216.0,244.0,282.0,False,SOFT,23.0,False,Aston Martin,0 days 02:40:31.622000,,1,11.0,False,,False,True,18.0,70.0,986.0,True,23.9,283,4.5,True,False,False,False,False,False,1 L,+7.604,,7.604,9720.792,89.17,,,32.99,31.821,24.359,9664.64,9696.461,9720.82,9631.622
2022,Hungarian Grand Prix,13,Hungary,Budapest,0 days 01:03:46.920000,MAG,20,0 days 00:01:40.882000,1.0,1.0,,Kevin Magnussen,,,0 days 00:00:33.216000,0 days 00:00:29.975000,,0 days 01:03:17.079000,0 days 01:03:47.103000,261.0,221.0,73.0,264.0,False,MEDIUM,1.0,True,Haas F1 Team,0 days 01:02:05.807000,,126,10.0,False,,False,False,18.4,70.0,985.7,True,26.4,289,5.0,True,True,False,False,True,False,+7.140,+0.526,7.14,0.526,3826.92,100.882,,,,33.216,29.975,,3797.079,3827.103,3725.807
2022,Hungarian Grand Prix,13,Hungary,Budapest,0 days 01:05:40.715000,MAG,20,0 days 00:01:53.795000,2.0,1.0,,Kevin Magnussen,,0 days 00:00:46.146000,0 days 00:00:35.340000,0 days 00:00:32.309000,0 days 01:04:33.107000,0 days 01:05:08.447000,0 days 01:05:40.756000,259.0,198.0,196.0,126.0,True,MEDIUM,2.0,True,Haas F1 Team,0 days 01:03:46.920000,,6,10.0,False,,False,False,18.4,70.0,985.7,True,26.5,286,4.5,False,False,False,False,True,False,+13.647,+0.691,13.647,0.691,3940.715,113.795,,,46.146,35.34,32.309,3873.107,3908.447,3940.756,3826.92
2022,Hungarian Grand Prix,13,Hungary,Budapest,0 days 01:07:07.925000,MAG,20,0 days 00:01:27.210000,3.0,1.0,,Kevin Magnussen,,0 days 00:00:32.321000,0 days 00:00:31.046000,0 days 00:00:23.843000,0 days 01:06:13.077000,0 days 01:06:44.123000,0 days 01:07:07.966000,269.0,230.0,242.0,231.0,True,MEDIUM,3.0,True,Haas F1 Team,0 days 01:05:40.715000,,671,10.0,False,,False,False,18.4,70.0,985.5,False,26.7,277,3.9,True,False,False,False,True,True,+10.740,+1.650,10.74,1.65,4027.925,87.21,,,32.321,31.046,23.843,3973.077,4004.123,4027.966,3940.715
2022,Hungarian Grand Prix,13,Hungary,Budapest,0 days 01:08:33.103000,MAG,20,0 days 00:01:25.178000,4.0,1.0,,Kevin Magnussen,,0 days 00:00:30.255000,0 days 00:00:31.152000,0 days 00:00:23.771000,0 days 01:07:38.221000,0 days 01:08:09.373000,0 days 01:08:33.144000,275.0,231.0,244.0,283.0,False,MEDIUM,4.0,True,Haas F1 Team,0 days 01:07:07.925000,,1,10.0,True,TRACK LIMITS AT TURN 4 LAP 4 ,False,True,18.4,70.0,985.5,True,26.5,284,4.0,True,False,False,False,False,False,+12.211,+2.130,12.211,2.13,4113.103,85.178,,,30.255,31.152,23.771,4058.221,4089.373,4113.144,4027.925
2022,Hungarian Grand Prix,13,Hungary,Budapest,0 days 01:09:58.514000,MAG,20,0 days 00:01:25.411000,5.0,1.0,,Kevin Magnussen,,0 days 00:00:30.453000,0 days 00:00:31.075000,0 days 00:00:23.883000,0 days 01:09:03.597000,0 days 01:09:34.672000,0 days 01:09:58.555000,273.0,230.0,244.0,283.0,True,MEDIUM,5.0,True,Haas F1 Team,0 days 01:08:33.103000,,1,10.0,False,,False,True,18.6,71.0,985.5,True,26.5,290,3.5,True,False,False,False,False,False,+13.709,+2.481,13.709,2.481,4198.514,85.411,,,30.453,31.075,23.883,4143.597,4174.672,4198.555,4113.103
2022,Hungarian Grand Prix,13,Hungary,Budapest,0 days 01:11:26.595000,MAG,20,0 days 00:01:28.081000,6.0,1.0,,Kevin Magnussen,0 days 01:11:24.881000,0 days 00:00:30.678000,0 days 00:00:31.030000,0 days 00:00:26.373000,0 days 01:10:29.233000,0 days 01:11:00.263000,0 days 01:11:26.636000,270.0,231.0,,282.0,False,MEDIUM,6.0,True,Haas F1 Team,0 days 01:09:58.514000,,1,12.0,False,,False,False,18.6,70.0,985.5,False,26.7,297,3.5,True,False,False,False,False,False,+15.305,+3.287,15.305,3.287,4286.595,88.081,4284.881,,30.678,31.03,26.373,4229.233,4260.263,4286.636,4198.514
2022,Hungarian Grand Prix,13,Hungary,Budapest,0 days 01:13:20.470000,MAG,20,0 days 00:01:53.875000,7.0,2.0,0 days 01:11:54.516000,Kevin Magnussen,,0 days 00:00:57.448000,0 days 00:00:31.988000,0 days 00:00:24.439000,0 days 01:12:24.084000,0 days 01:12:56.072000,0 days 01:13:20.511000,263.0,227.0,239.0,282.0,False,HARD,1.0,True,Haas F1 Team,0 days 01:11:26.595000,,1,20.0,False,,False,False,18.6,71.0,985.5,False,26.5,281,3.2,True,False,False,False,False,False,+47.479,+4.782,47.479,4.782,4400.47,113.875,,4314.516,57.448,31.988,24.439,4344.084,4376.072,4400.511,4286.595
2022,Hungarian Grand Prix,13,Hungary,Budapest,0 days 01:14:46.310000,MAG,20,0 days 00:01:25.840000,8.0,2.0,,Kevin Magnussen,,0 days 00:00:30.704000,0 days 00:00:30.994000,0 days 00:00:24.142000,0 days 01:13:51.215000,0 days 01:14:22.209000,0 days 01:14:46.351000,270.0,231.0,241.0,278.0,False,HARD,2.0,True,Haas F1 Team,0 days 01:13:20.470000,,1,20.0,False,,False,True,18.5,71.0,985.5,False,26.6,312,4.4,True,False,False,False,False,False,+49.343,+5.403,49.343,5.403,4486.31,85.84,,,30.704,30.994,24.142,4431.215,4462.209,4486.351,4400.47
2022,Hungarian Grand Prix,13,Hungary,Budapest,0 days 01:16:11.995000,MAG,20,0 days 00:01:25.685000,9.0,2.0,,Kevin Magnussen,,0 days 00:00:30.627000,0 days 00:00:31.130000,0 days 00:00:23.928000,0 days 01:15:16.978000,0 days 01:15:48.108000,0 days 01:16:12.036000,270.0,229.0,241.0,277.0,False,HARD,3.0,True,Haas F1 Team,0 days 01:14:46.310000,,1,20.0,False,,False,True,18.5,71.0,985.5,False,26.5,296,3.2,True,False,False,False,False,False,+51.314,+5.728,51.314,5.728,4571.995,85.685,,,30.627,31.13,23.928,4516.978,4548.108,4572.036,4486.31
2022,Hungarian Grand Prix,13,Hungary,Budapest,0 days 01:17:37.616000,MAG,20,0 days 00:01:25.621000,10.0,2.0,,Kevin Magnussen,,0 days 00:00:30.557000,0 days 00:00:31.022000,0 days 00:00:24.042000,0 days 01:16:42.593000,0 days 01:17:13.615000,0 days 01:17:37.657000,271.0,228.0,242.0,277.0,False,HARD,4.0,True,Haas F1 Team,0 days 01:16:11.995000,,1,20.0,False,,False,True,18.5,71.0,985.5,False,26.8,288,3.7,True,False,False,False,False,False,+52.400,+5.726,52.4,5.726,4657.616,85.621,,,30.557,31.022,24.042,4602.593,4633.615,4657.657,4571.995
2022,Hungarian Grand Prix,13,Hungary,Budapest,0 days 01:19:02.985000,MAG,20,0 days 00:01:25.369000,11.0,2.0,,Kevin Magnussen,,0 days 00:00:30.539000,0 days 00:00:30.903000,0 days 00:00:23.927000,0 days 01:18:08.196000,0 days 01:18:39.099000,0 days 01:19:03.026000,270.0,231.0,242.0,276.0,True,HARD,5.0,True,Haas F1 Team,0 days 01:17:37.616000,,1,20.0,False,,False,True,18.5,71.0,985.5,False,26.8,285,4.1,True,False,False,False,False,False,+53.480,+5.420,53.48,5.42,4742.985,85.369,,,30.539,30.903,23.927,4688.196,4719.099,4743.026,4657.616
2022,Hungarian Grand Prix,13,Hungary,Budapest,0 days 01:20:28.334000,MAG,20,0 days 00:01:25.349000,12.0,2.0,,Kevin Magnussen,,0 days 00:00:30.497000,0 days 00:00:30.875000,0 days 00:00:23.977000,0 days 01:19:33.523000,0 days 01:20:04.398000,0 days 01:20:28.375000,271.0,229.0,241.0,279.0,True,HARD,6.0,True,Haas F1 Team,0 days 01:19:02.985000,,1,20.0,False,,False,True,18.5,71.0,985.5,False,26.9,289,3.9,True,False,False,False,False,False,+54.565,+5.367,54.565,5.367,4828.334,85.349,,,30.497,30.875,23.977,4773.523,4804.398,4828.375,4742.985
2022,Hungarian Grand Prix,13,Hungary,Budapest,0 days 01:21:53.995000,MAG,20,0 days 00:01:25.661000,13.0,2.0,,Kevin Magnussen,,0 days 00:00:30.553000,0 days 00:00:30.964000,0 days 00:00:24.144000,0 days 01:20:58.928000,0 days 01:21:29.892000,0 days 01:21:54.036000,271.0,232.0,243.0,280.0,False,HARD,7.0,True,Haas F1 Team,0 days 01:20:28.334000,,1,20.0,False,,False,True,18.5,71.0,985.5,False,26.9,282,4.4,True,False,False,False,False,False,+55.756,+5.620,55.756,5.62,4913.995,85.661,,,30.553,30.964,24.144,4858.928,4889.892,4914.036,4828.334
2022,Hungarian Grand Prix,13,Hungary,Budapest,0 days 01:23:20.646000,MAG,20,0 days 00:01:26.651000,14.0,2.0,,Kevin Magnussen,,0 days 00:00:30.846000,0 days 00:00:31.472000,0 days 00:00:24.333000,0 days 01:22:24.882000,0 days 01:22:56.354000,0 days 01:23:20.687000,268.0,229.0,239.0,279.0,False,HARD,8.0,True,Haas F1 Team,0 days 01:21:53.995000,,1,19.0,False,,False,True,18.4,72.0,985.5,False,26.9,277,3.9,True,False,False,False,False,False,+57.431,+6.543,57.431,6.543,5000.646,86.651,,,30.846,31.472,24.333,4944.882,4976.354,5000.687,4913.995
2022,Hungarian Grand Prix,13,Hungary,Budapest,0 days 01:24:47.990000,MAG,20,0 days 00:01:27.344000,15.0,2.0,,Kevin Magnussen,,0 days 00:00:31.211000,0 days 00:00:31.714000,0 days 00:00:24.419000,0 days 01:23:51.898000,0 days 01:24:23.612000,0 days 01:24:48.031000,274.0,230.0,242.0,278.0,False,HARD,9.0,True,Haas F1 Team,0 days 01:23:20.646000,,1,20.0,False,,False,True,18.4,71.0,985.5,False,27.2,282,3.5,True,False,False,False,False,False,+59.865,+1.377,59.865,1.377,5087.99,87.344,,,31.211,31.714,24.419,5031.898,5063.612,5088.031,5000.646
2022,Hungarian Grand Prix,13,Hungary,Budapest,0 days 01:26:14.166000,MAG,20,0 days 00:01:26.176000,16.0,2.0,,Kevin Magnussen,,0 days 00:00:30.837000,0 days 00:00:31.155000,0 days 00:00:24.184000,0 days 01:25:18.868000,0 days 01:25:50.023000,0 days 01:26:14.207000,272.0,231.0,243.0,280.0,False,HARD,10.0,True,Haas F1 Team,0 days 01:24:47.990000,,1,20.0,False,,False,True,18.4,70.0,985.5,False,27.2,291,3.2,True,False,False,False,False,False,+59.788,+2.432,59.788,2.432,5174.166,86.176,,,30.837,31.155,24.184,5118.868,5150.023,5174.207,5087.99
2022,Hungarian Grand Prix,13,Hungary,Budapest,0 days 01:27:40.373000,MAG,20,0 days 00:01:26.207000,17.0,2.0,,Kevin Magnussen,,0 days 00:00:30.534000,0 days 00:00:31.458000,0 days 00:00:24.215000,0 days 01:26:44.741000,0 days 01:27:16.199000,0 days 01:27:40.414000,271.0,229.0,241.0,282.0,False,HARD,11.0,True,Haas F1 Team,0 days 01:26:14.166000,,1,19.0,False,,False,True,18.4,70.0,985.7,False,27.6,292,4.8,True,False,False,False,False,False,+60.944,+3.451,60.944,3.451,5260.373,86.207,,,30.534,31.458,24.215,5204.741,5236.199,5260.414,5174.166
2022,Hungarian Grand Prix,13,Hungary,Budapest,0 days 01:29:06.388000,MAG,20,0 days 00:01:26.015000,18.0,2.0,,Kevin Magnussen,,0 days 00:00:30.410000,0 days 00:00:31.350000,0 days 00:00:24.255000,0 days 01:28:10.824000,0 days 01:28:42.174000,0 days 01:29:06.429000,273.0,228.0,243.0,278.0,False,HARD,12.0,True,Haas F1 Team,0 days 01:27:40.373000,,1,19.0,False,,False,True,18.4,71.0,985.5,False,27.6,287,4.5,True,False,False,False,False,False,+63.179,+3.878,63.179,3.878,5346.388,86.015,,,30.41,31.35,24.255,5290.824,5322.174,5346.429,5260.373
2022,Hungarian Grand Prix,13,Hungary,Budapest,0 days 01:30:32.546000,MAG,20,0 days 00:01:26.158000,19.0,2.0,,Kevin Magnussen,,0 days 00:00:30.612000,0 days 00:00:31.285000,0 days 00:00:24.261000,0 days 01:29:37.041000,0 days 01:30:08.326000,0 days 01:30:32.587000,271.0,231.0,242.0,278.0,False,HARD,13.0,True,Haas F1 Team,0 days 01:29:06.388000,,1,18.0,False,,False,True,18.5,70.0,985.7,False,27.3,280,5.3,True,False,False,False,False,False,+65.442,+4.455,65.442,4.455,5432.546,86.158,,,30.612,31.285,24.261,5377.041,5408.326,5432.587,5346.388
2022,Hungarian Grand Prix,13,Hungary,Budapest,0 days 01:31:59.748000,MAG,20,0 days 00:01:27.202000,20.0,2.0,,Kevin Magnussen,,0 days 00:00:31.240000,0 days 00:00:31.634000,0 days 00:00:24.328000,0 days 01:31:03.827000,0 days 01:31:35.461000,0 days 01:31:59.789000,273.0,230.0,243.0,279.0,False,HARD,14.0,True,Haas F1 Team,0 days 01:30:32.546000,,1,19.0,False,,False,True,18.5,70.0,985.5,False,27.5,283,4.3,True,False,False,False,False,False,+68.387,+2.062,68.387,2.062,5519.748,87.202,,,31.24,31.634,24.328,5463.827,5495.461,5519.789,5432.546
2022,Hungarian Grand Prix,13,Hungary,Budapest,0 days 01:33:26.351000,MAG,20,0 days 00:01:26.603000,21.0,2.0,,Kevin Magnussen,,0 days 00:00:30.551000,0 days 00:00:31.701000,0 days 00:00:24.351000,0 days 01:32:30.340000,0 days 01:33:02.041000,0 days 01:33:26.392000,270.0,230.0,242.0,280.0,False,HARD,15.0,True,Haas F1 Team,0 days 01:31:59.748000,,1,19.0,False,,False,True,18.5,70.0,985.5,False,27.5,279,4.0,True,False,False,False,False,False,+52.892,+3.303,52.892,3.303,5606.351,86.603,,,30.551,31.701,24.351,5550.34,5582.041,5606.392,5519.748
2022,Hungarian Grand Prix,13,Hungary,Budapest,0 days 01:34:52.507000,MAG,20,0 days 00:01:26.156000,22.0,2.0,,Kevin Magnussen,,0 days 00:00:30.462000,0 days 00:00:31.265000,0 days 00:00:24.429000,0 days 01:33:56.854000,0 days 01:34:28.119000,0 days 01:34:52.548000,272.0,232.0,244.0,281.0,False,HARD,16.0,True,Haas F1 Team,0 days 01:33:26.351000,,1,18.0,False,,False,True,18.5,70.0,985.5,False,27.7,293,4.4,True,False,False,False,False,False,+55.391,+4.575,55.391,4.575,5692.507,86.156,,,30.462,31.265,24.429,5636.854,5668.119,5692.548,5606.351
2022,Hungarian Grand Prix,13,Hungary,Budapest,0 days 01:36:18.578000,MAG,20,0 days 00:01:26.071000,23.0,2.0,,Kevin Magnussen,,0 days 00:00:30.479000,0 days 00:00:31.305000,0 days 00:00:24.287000,0 days 01:35:23.027000,0 days 01:35:54.332000,0 days 01:36:18.619000,271.0,226.0,243.0,280.0,False,HARD,17.0,True,Haas F1 Team,0 days 01:34:52.507000,,1,18.0,False,,False,True,18.5,70.0,985.5,False,27.8,291,3.5,True,False,False,False,False,False,+57.883,+4.414,57.883,4.414,5778.578,86.071,,,30.479,31.305,24.287,5723.027,5754.332,5778.619,5692.507
2022,Hungarian Grand Prix,13,Hungary,Budapest,0 days 01:37:44.414000,MAG,20,0 days 00:01:25.836000,24.0,2.0,,Kevin Magnussen,,0 days 00:00:30.390000,0 days 00:00:31.033000,0 days 00:00:24.413000,0 days 01:36:49.009000,0 days 01:37:20.042000,0 days 01:37:44.455000,271.0,232.0,243.0,281.0,False,HARD,18.0,True,Haas F1 Team,0 days 01:36:18.578000,,1,18.0,False,,False,True,18.5,70.0,985.5,False,28.0,271,4.6,True,False,False,False,False,False,+59.838,+3.699,59.838,3.699,5864.414,85.836,,,30.39,31.033,24.413,5809.009,5840.042,5864.455,5778.578
2022,Hungarian Grand Prix,13,Hungary,Budapest,0 days 01:39:10.487000,MAG,20,0 days 00:01:26.073000,25.0,2.0,,Kevin Magnussen,,0 days 00:00:30.432000,0 days 00:00:31.275000,0 days 00:00:24.366000,0 days 01:38:14.887000,0 days 01:38:46.162000,0 days 01:39:10.528000,271.0,232.0,243.0,282.0,False,HARD,19.0,True,Haas F1 Team,0 days 01:37:44.414000,,1,18.0,False,,False,True,18.5,70.0,985.5,False,28.1,285,4.1,True,False,False,False,False,False,+62.260,+4.065,62.26,4.065,5950.487,86.073,,,30.432,31.275,24.366,5894.887,5926.162,5950.528,5864.414
2022,Hungarian Grand Prix,13,Hungary,Budapest,0 days 01:40:36.364000,MAG,20,0 days 00:01:25.877000,26.0,2.0,,Kevin Magnussen,,0 days 00:00:30.368000,0 days 00:00:31.397000,0 days 00:00:24.112000,0 days 01:39:40.896000,0 days 01:40:12.293000,0 days 01:40:36.405000,272.0,231.0,243.0,280.0,False,HARD,20.0,True,Haas F1 Team,0 days 01:39:10.487000,,1,18.0,False,,False,True,18.5,70.0,985.5,False,28.3,277,3.4,True,False,False,False,False,False,+64.301,+4.468,64.301,4.468,6036.364,85.877,,,30.368,31.397,24.112,5980.896,6012.293,6036.405,5950.487
2022,Hungarian Grand Prix,13,Hungary,Budapest,0 days 01:42:02.134000,MAG,20,0 days 00:01:25.770000,27.0,2.0,,Kevin Magnussen,,0 days 00:00:30.438000,0 days 00:00:31.125000,0 days 00:00:24.207000,0 days 01:41:06.843000,0 days 01:41:37.968000,0 days 01:42:02.175000,273.0,228.0,242.0,282.0,False,HARD,21.0,True,Haas F1 Team,0 days 01:40:36.364000,,1,18.0,False,,False,True,18.5,70.0,985.5,False,28.5,294,3.5,True,False,False,False,False,False,+66.170,+4.801,66.17,4.801,6122.134,85.77,,,30.438,31.125,24.207,6066.843,6097.968,6122.175,6036.364
2022,Hungarian Grand Prix,13,Hungary,Budapest,0 days 01:43:30.180000,MAG,20,0 days 00:01:28.046000,28.0,2.0,,Kevin Magnussen,,0 days 00:00:31.365000,0 days 00:00:32.175000,0 days 00:00:24.506000,0 days 01:42:33.540000,0 days 01:43:05.715000,0 days 01:43:30.221000,271.0,230.0,242.0,278.0,False,HARD,22.0,True,Haas F1 Team,0 days 01:42:02.134000,,1,19.0,False,,False,True,18.6,70.0,985.5,False,28.5,285,3.7,True,False,False,False,False,False,+69.743,+1.106,69.743,1.106,6210.18,88.046,,,31.365,32.175,24.506,6153.54,6185.715,6210.221,6122.134
2022,Hungarian Grand Prix,13,Hungary,Budapest,0 days 01:44:56.740000,MAG,20,0 days 00:01:26.560000,29.0,2.0,,Kevin Magnussen,,0 days 00:00:30.713000,0 days 00:00:31.512000,0 days 00:00:24.335000,0 days 01:44:00.934000,0 days 01:44:32.446000,0 days 01:44:56.781000,272.0,229.0,243.0,280.0,False,HARD,23.0,True,Haas F1 Team,0 days 01:43:30.180000,,1,19.0,False,,False,True,18.6,69.0,985.4,False,28.5,274,4.8,True,False,False,False,False,False,+71.979,+1.694,71.979,1.694,6296.74,86.56,,,30.713,31.512,24.335,6240.934,6272.446,6296.781,6210.18
2022,Hungarian Grand Prix,13,Hungary,Budapest,0 days 01:46:22.714000,MAG,20,0 days 00:01:25.974000,30.0,2.0,,Kevin Magnussen,,0 days 00:00:30.311000,0 days 00:00:31.259000,0 days 00:00:24.404000,0 days 01:45:27.092000,0 days 01:45:58.351000,0 days 01:46:22.755000,274.0,230.0,242.0,282.0,False,HARD,24.0,True,Haas F1 Team,0 days 01:44:56.740000,,1,19.0,False,,False,True,18.4,70.0,985.5,False,28.5,290,3.9,True,False,False,False,False,False,+73.170,+2.038,73.17,2.038,6382.714,85.974,,,30.311,31.259,24.404,6327.092,6358.351,6382.755,6296.74
2022,Hungarian Grand Prix,13,Hungary,Budapest,0 days 01:47:48.627000,MAG,20,0 days 00:01:25.913000,31.0,2.0,,Kevin Magnussen,,0 days 00:00:30.337000,0 days 00:00:31.236000,0 days 00:00:24.340000,0 days 01:46:53.092000,0 days 01:47:24.328000,0 days 01:47:48.668000,272.0,231.0,243.0,282.0,False,HARD,25.0,True,Haas F1 Team,0 days 01:46:22.714000,,1,19.0,False,,False,True,18.4,70.0,985.5,False,28.0,277,5.0,True,False,False,False,False,False,+76.209,+2.447,76.209,2.447,6468.627,85.913,,,30.337,31.236,24.34,6413.092,6444.328,6468.668,6382.714
2022,Hungarian Grand Prix,13,Hungary,Budapest,0 days 01:49:14.444000,MAG,20,0 days 00:01:25.817000,32.0,2.0,,Kevin Magnussen,,0 days 00:00:30.406000,0 days 00:00:31.216000,0 days 00:00:24.195000,0 days 01:48:19.074000,0 days 01:48:50.290000,0 days 01:49:14.485000,273.0,232.0,242.0,280.0,False,HARD,26.0,True,Haas F1 Team,0 days 01:47:48.627000,,1,19.0,False,,False,True,18.4,71.0,985.5,False,27.7,266,5.8,True,False,False,False,False,False,+77.727,+2.999,77.727,2.999,6554.444,85.817,,,30.406,31.216,24.195,6499.074,6530.29,6554.485,6468.627
2022,Hungarian Grand Prix,13,Hungary,Budapest,0 days 01:50:40.146000,MAG,20,0 days 00:01:25.702000,33.0,2.0,,Kevin Magnussen,,0 days 00:00:30.351000,0 days 00:00:31.143000,0 days 00:00:24.208000,0 days 01:49:44.836000,0 days 01:50:15.979000,0 days 01:50:40.187000,272.0,234.0,244.0,280.0,False,HARD,27.0,True,Haas F1 Team,0 days 01:49:14.444000,,1,19.0,False,,False,True,18.3,71.0,985.5,False,27.6,285,3.9,True,False,False,False,False,False,+80.042,+3.859,80.042,3.859,6640.146,85.702,,,30.351,31.143,24.208,6584.836,6615.979,6640.187,6554.444
2022,Hungarian Grand Prix,13,Hungary,Budapest,0 days 01:52:05.896000,MAG,20,0 days 00:01:25.750000,34.0,2.0,,Kevin Magnussen,,0 days 00:00:30.364000,0 days 00:00:31.129000,0 days 00:00:24.257000,0 days 01:51:10.551000,0 days 01:51:41.680000,0 days 01:52:05.937000,272.0,229.0,244.0,282.0,False,HARD,28.0,True,Haas F1 Team,0 days 01:50:40.146000,,12,18.0,False,,False,True,18.3,70.0,985.5,False,27.3,282,4.4,True,True,False,False,False,False,+82.450,+4.627,82.45,4.627,6725.896,85.75,,,30.364,31.129,24.257,6670.551,6701.68,6725.937,6640.146
2022,Hungarian Grand Prix,13,Hungary,Budapest,0 days 01:53:36.358000,MAG,20,0 days 00:01:30.462000,35.0,2.0,,Kevin Magnussen,0 days 01:53:34.622000,0 days 00:00:32.261000,0 days 00:00:31.577000,0 days 00:00:26.624000,0 days 01:52:38.198000,0 days 01:53:09.775000,0 days 01:53:36.399000,273.0,221.0,,257.0,False,HARD,29.0,True,Haas F1 Team,0 days 01:52:05.896000,,1,18.0,False,,False,False,18.2,71.0,985.5,False,26.8,279,3.4,True,False,False,False,False,False,1 L,+7.793,,7.793,6816.358,90.462,6814.622,,32.261,31.577,26.624,6758.198,6789.775,6816.399,6725.896
2022,Hungarian Grand Prix,13,Hungary,Budapest,0 days 01:55:20.865000,MAG,20,0 days 00:01:44.507000,36.0,3.0,0 days 01:53:57.851000,Kevin Magnussen,,0 days 00:00:50.209000,0 days 00:00:30.712000,0 days 00:00:23.586000,0 days 01:54:26.608000,0 days 01:54:57.320000,0 days 01:55:20.906000,268.0,235.0,241.0,257.0,False,MEDIUM,1.0,True,Haas F1 Team,0 days 01:53:36.358000,,1,19.0,False,,False,False,18.2,71.0,985.7,False,26.9,282,3.9,True,False,False,False,False,False,1 L,+12.466,,12.466,6920.865,104.507,,6837.851,50.209,30.712,23.586,6866.608,6897.32,6920.906,6816.358
2022,Hungarian Grand Prix,13,Hungary,Budapest,0 days 01:56:44.376000,MAG,20,0 days 00:01:23.511000,37.0,3.0,,Kevin Magnussen,,0 days 00:00:29.885000,0 days 00:00:30.301000,0 days 00:00:23.325000,0 days 01:55:50.791000,0 days 01:56:21.092000,0 days 01:56:44.417000,273.0,234.0,243.0,278.0,True,MEDIUM,2.0,True,Haas F1 Team,0 days 01:55:20.865000,,1,19.0,False,,False,True,18.1,72.0,985.7,False,26.8,290,2.7,True,False,False,False,False,False,1 L,+10.538,,10.538,7004.376,83.511,,,29.885,30.301,23.325,6950.791,6981.092,7004.417,6920.865
2022,Hungarian Grand Prix,13,Hungary,Budapest,0 days 01:58:08.968000,MAG,20,0 days 00:01:24.592000,38.0,3.0,,Kevin Magnussen,,0 days 00:00:30.734000,0 days 00:00:30.317000,0 days 00:00:23.541000,0 days 01:57:15.151000,0 days 01:57:45.468000,0 days 01:58:09.009000,277.0,234.0,244.0,277.0,False,MEDIUM,3.0,True,Haas F1 Team,0 days 01:56:44.376000,,1,19.0,False,,False,True,18.0,71.0,985.7,False,26.4,270,5.5,True,False,False,False,False,False,1 L,+10.036,,10.036,7088.968,84.592,,,30.734,30.317,23.541,7035.151,7065.468,7089.009,7004.376
2022,Hungarian Grand Prix,13,Hungary,Budapest,0 days 01:59:32.822000,MAG,20,0 days 00:01:23.854000,39.0,3.0,,Kevin Magnussen,,0 days 00:00:29.687000,0 days 00:00:30.517000,0 days 00:00:23.650000,0 days 01:58:38.696000,0 days 01:59:09.213000,0 days 01:59:32.863000,278.0,236.0,244.0,281.0,False,MEDIUM,4.0,True,Haas F1 Team,0 days 01:58:08.968000,,1,19.0,False,,False,True,18.1,71.0,985.7,False,26.5,284,5.0,True,False,False,False,False,False,1 L,+9.038,,9.038,7172.822,83.854,,,29.687,30.517,23.65,7118.696,7149.213,7172.863,7088.968
2022,Hungarian Grand Prix,13,Hungary,Budapest,0 days 02:00:57.414000,MAG,20,0 days 00:01:24.592000,40.0,3.0,,Kevin Magnussen,,0 days 00:00:30.331000,0 days 00:00:30.514000,0 days 00:00:23.747000,0 days 02:00:03.194000,0 days 02:00:33.708000,0 days 02:00:57.455000,274.0,234.0,250.0,282.0,False,MEDIUM,5.0,True,Haas F1 Team,0 days 01:59:32.822000,,12,18.0,False,,False,True,18.0,72.0,985.7,False,26.5,286,3.7,True,True,False,False,False,False,1 L,+8.727,,8.727,7257.414,84.592,,,30.331,30.514,23.747,7203.194,7233.708,7257.455,7172.822
2022,Hungarian Grand Prix,13,Hungary,Budapest,0 days 02:02:23.298000,MAG,20,0 days 00:01:25.884000,41.0,3.0,,Kevin Magnussen,,0 days 00:00:30.351000,0 days 00:00:31.701000,0 days 00:00:23.832000,0 days 02:01:27.806000,0 days 02:01:59.507000,0 days 02:02:23.339000,277.0,231.0,251.0,300.0,False,MEDIUM,6.0,True,Haas F1 Team,0 days 02:00:57.414000,,1,17.0,False,,False,True,18.0,71.0,985.7,False,26.4,289,5.1,True,False,False,False,False,False,1 L,+22.914,,22.914,7343.298,85.884,,,30.351,31.701,23.832,7287.806,7319.507,7343.339,7257.414
2022,Hungarian Grand Prix,13,Hungary,Budapest,0 days 02:03:48.484000,MAG,20,0 days 00:01:25.186000,42.0,3.0,,Kevin Magnussen,,0 days 00:00:30.047000,0 days 00:00:31.441000,0 days 00:00:23.698000,0 days 02:02:53.386000,0 days 02:03:24.827000,0 days 02:03:48.525000,252.0,234.0,251.0,297.0,False,MEDIUM,7.0,True,Haas F1 Team,0 days 02:02:23.298000,,1,17.0,False,,False,True,18.0,71.0,985.7,False,26.1,287,4.8,True,False,False,False,False,False,1 L,+0.824,,0.824,7428.484,85.186,,,30.047,31.441,23.698,7373.386,7404.827,7428.525,7343.298
2022,Hungarian Grand Prix,13,Hungary,Budapest,0 days 02:05:12.372000,MAG,20,0 days 00:01:23.888000,43.0,3.0,,Kevin Magnussen,,0 days 00:00:29.917000,0 days 00:00:30.293000,0 days 00:00:23.678000,0 days 02:04:18.442000,0 days 02:04:48.735000,0 days 02:05:12.413000,277.0,235.0,251.0,300.0,False,MEDIUM,8.0,True,Haas F1 Team,0 days 02:03:48.484000,,1,17.0,False,,False,True,17.9,71.0,985.7,False,26.2,284,4.5,True,False,False,False,False,False,1 L,+0.949,,0.949,7512.372,83.888,,,29.917,30.293,23.678,7458.442,7488.735,7512.413,7428.484
2022,Hungarian Grand Prix,13,Hungary,Budapest,0 days 02:06:36.230000,MAG,20,0 days 00:01:23.858000,44.0,3.0,,Kevin Magnussen,,0 days 00:00:29.745000,0 days 00:00:30.414000,0 days 00:00:23.699000,0 days 02:05:42.158000,0 days 02:06:12.572000,0 days 02:06:36.271000,276.0,238.0,244.0,298.0,False,MEDIUM,9.0,True,Haas F1 Team,0 days 02:05:12.372000,,1,17.0,False,,False,True,18.0,72.0,985.7,False,26.1,286,3.9,True,False,False,False,False,False,1 L,+1.053,,1.053,7596.23,83.858,,,29.745,30.414,23.699,7542.158,7572.572,7596.271,7512.372
2022,Hungarian Grand Prix,13,Hungary,Budapest,0 days 02:07:59.858000,MAG,20,0 days 00:01:23.628000,45.0,3.0,,Kevin Magnussen,,0 days 00:00:29.808000,0 days 00:00:30.163000,0 days 00:00:23.657000,0 days 02:07:06.079000,0 days 02:07:36.242000,0 days 02:07:59.899000,276.0,238.0,245.0,282.0,False,MEDIUM,10.0,True,Haas F1 Team,0 days 02:06:36.230000,,1,17.0,False,,False,True,18.0,71.0,985.7,False,26.1,285,3.7,True,False,False,False,False,False,1 L,+1.184,,1.184,7679.858,83.628,,,29.808,30.163,23.657,7626.079,7656.242,7679.899,7596.23
2022,Hungarian Grand Prix,13,Hungary,Budapest,0 days 02:09:23.432000,MAG,20,0 days 00:01:23.574000,46.0,3.0,,Kevin Magnussen,,0 days 00:00:29.829000,0 days 00:00:30.125000,0 days 00:00:23.620000,0 days 02:08:29.728000,0 days 02:08:59.853000,0 days 02:09:23.473000,275.0,236.0,243.0,283.0,False,MEDIUM,11.0,True,Haas F1 Team,0 days 02:07:59.858000,,12,17.0,False,,False,True,18.0,72.0,985.7,False,26.1,292,3.5,True,True,False,False,False,False,1 L,+1.423,,1.423,7763.432,83.574,,,29.829,30.125,23.62,7709.728,7739.853,7763.473,7679.858
2022,Hungarian Grand Prix,13,Hungary,Budapest,0 days 02:10:48.807000,MAG,20,0 days 00:01:25.375000,47.0,3.0,,Kevin Magnussen,,0 days 00:00:31.117000,0 days 00:00:30.598000,0 days 00:00:23.660000,0 days 02:09:54.590000,0 days 02:10:25.188000,0 days 02:10:48.848000,276.0,236.0,246.0,282.0,False,MEDIUM,12.0,True,Haas F1 Team,0 days 02:09:23.432000,,12,17.0,False,,False,True,18.1,70.0,985.7,True,26.1,289,4.6,True,True,False,False,False,False,1 L,+2.966,,2.966,7848.807,85.375,,,31.117,30.598,23.66,7794.59,7825.188,7848.848,7763.432
2022,Hungarian Grand Prix,13,Hungary,Budapest,0 days 02:12:12.648000,MAG,20,0 days 00:01:23.841000,48.0,3.0,,Kevin Magnussen,,0 days 00:00:29.823000,0 days 00:00:30.341000,0 days 00:00:23.677000,0 days 02:11:18.671000,0 days 02:11:49.012000,0 days 02:12:12.689000,276.0,238.0,254.0,285.0,False,MEDIUM,13.0,True,Haas F1 Team,0 days 02:10:48.807000,,1,17.0,False,,False,True,18.1,71.0,985.7,False,26.1,291,4.3,True,False,False,False,False,False,1 L,+0.883,,0.883,7932.648,83.841,,,29.823,30.341,23.677,7878.671,7909.012,7932.689,7848.807
2022,Hungarian Grand Prix,13,Hungary,Budapest,0 days 02:13:36.657000,MAG,20,0 days 00:01:24.009000,49.0,3.0,,Kevin Magnussen,,0 days 00:00:29.966000,0 days 00:00:30.324000,0 days 00:00:23.719000,0 days 02:12:42.655000,0 days 02:13:12.979000,0 days 02:13:36.698000,276.0,239.0,242.0,302.0,False,MEDIUM,14.0,True,Haas F1 Team,0 days 02:12:12.648000,,1,17.0,False,,False,True,18.1,71.0,985.7,False,25.8,281,3.9,True,False,False,False,False,False,1 L,+1.138,,1.138,8016.657,84.009,,,29.966,30.324,23.719,7962.655,7992.979,8016.698,7932.648
2022,Hungarian Grand Prix,13,Hungary,Budapest,0 days 02:15:00.383000,MAG,20,0 days 00:01:23.726000,50.0,3.0,,Kevin Magnussen,,0 days 00:00:29.956000,0 days 00:00:30.212000,0 days 00:00:23.558000,0 days 02:14:06.654000,0 days 02:14:36.866000,0 days 02:15:00.424000,276.0,237.0,244.0,282.0,False,MEDIUM,15.0,True,Haas F1 Team,0 days 02:13:36.657000,,1,17.0,False,,False,True,18.1,70.0,985.7,True,25.8,289,3.7,True,False,False,False,False,False,1 L,+1.731,,1.731,8100.383,83.726,,,29.956,30.212,23.558,8046.654,8076.866,8100.424,8016.657
2022,Hungarian Grand Prix,13,Hungary,Budapest,0 days 02:16:24.228000,MAG,20,0 days 00:01:23.845000,51.0,3.0,,Kevin Magnussen,,0 days 00:00:29.889000,0 days 00:00:30.373000,0 days 00:00:23.583000,0 days 02:15:30.313000,0 days 02:16:00.686000,0 days 02:16:24.269000,275.0,239.0,245.0,282.0,False,MEDIUM,16.0,True,Haas F1 Team,0 days 02:15:00.383000,,1,17.0,False,,False,True,18.2,70.0,985.7,True,25.9,286,4.5,True,False,False,False,False,False,1 L,+2.041,,2.041,8184.228,83.845,,,29.889,30.373,23.583,8130.313,8160.686,8184.269,8100.383
2022,Hungarian Grand Prix,13,Hungary,Budapest,0 days 02:17:52.082000,MAG,20,0 days 00:01:27.854000,52.0,3.0,,Kevin Magnussen,,0 days 00:00:29.775000,0 days 00:00:33.961000,0 days 00:00:24.118000,0 days 02:16:54.044000,0 days 02:17:28.005000,0 days 02:17:52.123000,276.0,226.0,245.0,282.0,False,MEDIUM,17.0,True,Haas F1 Team,0 days 02:16:24.228000,,1,16.0,True,TRACK LIMITS AT TURN 4 LAP 52 ,False,True,18.1,70.0,985.9,False,25.6,291,5.0,True,False,False,False,False,False,1 L,+6.481,,6.481,8272.082,87.854,,,29.775,33.961,24.118,8214.044,8248.005,8272.123,8184.228
2022,Hungarian Grand Prix,13,Hungary,Budapest,0 days 02:19:16.268000,MAG,20,0 days 00:01:24.186000,53.0,3.0,,Kevin Magnussen,,0 days 00:00:29.968000,0 days 00:00:30.554000,0 days 00:00:23.664000,0 days 02:18:22.091000,0 days 02:18:52.645000,0 days 02:19:16.309000,276.0,235.0,246.0,282.0,False,MEDIUM,18.0,True,Haas F1 Team,0 days 02:17:52.082000,,1,16.0,False,,False,True,18.1,70.0,985.7,False,25.5,280,4.5,True,False,False,False,False,False,1 L,+7.042,,7.042,8356.268,84.186,,,29.968,30.554,23.664,8302.091,8332.645,8356.309,8272.082
2022,Hungarian Grand Prix,13,Hungary,Budapest,0 days 02:20:42.671000,MAG,20,0 days 00:01:26.403000,54.0,3.0,,Kevin Magnussen,,0 days 00:00:30.203000,0 days 00:00:32.370000,0 days 00:00:23.830000,0 days 02:19:46.512000,0 days 02:20:18.882000,0 days 02:20:42.712000,273.0,236.0,244.0,281.0,False,MEDIUM,19.0,True,Haas F1 Team,0 days 02:19:16.268000,,1,16.0,False,,False,True,18.0,69.0,985.7,False,25.5,283,4.8,True,False,False,False,False,False,1 L,+8.043,,8.043,8442.671,86.403,,,30.203,32.37,23.83,8386.512,8418.882,8442.712,8356.268
2022,Hungarian Grand Prix,13,Hungary,Budapest,0 days 02:22:07.051000,MAG,20,0 days 00:01:24.380000,55.0,3.0,,Kevin Magnussen,,0 days 00:00:29.991000,0 days 00:00:30.311000,0 days 00:00:24.078000,0 days 02:21:12.703000,0 days 02:21:43.014000,0 days 02:22:07.092000,276.0,238.0,247.0,281.0,False,MEDIUM,20.0,True,Haas F1 Team,0 days 02:20:42.671000,,1,16.0,True,TRACK LIMITS AT TURN 12 LAP 55 ,False,True,18.0,70.0,985.9,True,25.2,288,4.1,True,False,False,False,False,False,1 L,+8.621,,8.621,8527.051,84.38,,,29.991,30.311,24.078,8472.703,8503.014,8527.092,8442.671
2022,Hungarian Grand Prix,13,Hungary,Budapest,0 days 02:23:31.117000,MAG,20,0 days 00:01:24.066000,56.0,3.0,,Kevin Magnussen,,0 days 00:00:29.964000,0 days 00:00:30.433000,0 days 00:00:23.669000,0 days 02:22:37.056000,0 days 02:23:07.489000,0 days 02:23:31.158000,274.0,236.0,243.0,282.0,False,MEDIUM,21.0,True,Haas F1 Team,0 days 02:22:07.051000,,1,16.0,False,,False,True,18.0,70.0,985.9,True,25.1,279,4.4,True,False,False,False,False,False,1 L,+9.139,,9.139,8611.117,84.066,,,29.964,30.433,23.669,8557.056,8587.489,8611.158,8527.051
2022,Hungarian Grand Prix,13,Hungary,Budapest,0 days 02:24:57.017000,MAG,20,0 days 00:01:25.900000,57.0,3.0,,Kevin Magnussen,,0 days 00:00:30.059000,0 days 00:00:32.059000,0 days 00:00:23.782000,0 days 02:24:01.217000,0 days 02:24:33.276000,0 days 02:24:57.058000,275.0,237.0,246.0,280.0,False,MEDIUM,22.0,True,Haas F1 Team,0 days 02:23:31.117000,,1,16.0,False,,False,True,18.0,70.0,985.9,True,25.1,284,3.5,True,False,False,False,False,False,1 L,+11.220,,11.22,8697.017,85.9,,,30.059,32.059,23.782,8641.217,8673.276,8697.058,8611.117
2022,Hungarian Grand Prix,13,Hungary,Budapest,0 days 02:26:21.443000,MAG,20,0 days 00:01:24.426000,58.0,3.0,,Kevin Magnussen,,0 days 00:00:30.072000,0 days 00:00:30.617000,0 days 00:00:23.737000,0 days 02:25:27.130000,0 days 02:25:57.747000,0 days 02:26:21.484000,275.0,238.0,247.0,280.0,False,MEDIUM,23.0,True,Haas F1 Team,0 days 02:24:57.017000,,1,16.0,False,,False,True,18.1,69.0,985.7,True,24.8,288,4.1,True,False,False,False,False,False,1 L,+12.117,,12.117,8781.443,84.426,,,30.072,30.617,23.737,8727.13,8757.747,8781.484,8697.017
2022,Hungarian Grand Prix,13,Hungary,Budapest,0 days 02:27:45.719000,MAG,20,0 days 00:01:24.276000,59.0,3.0,,Kevin Magnussen,,0 days 00:00:29.920000,0 days 00:00:30.449000,0 days 00:00:23.907000,0 days 02:26:51.404000,0 days 02:27:21.853000,0 days 02:27:45.760000,273.0,237.0,244.0,280.0,False,MEDIUM,24.0,True,Haas F1 Team,0 days 02:26:21.443000,,1,16.0,False,,False,True,18.1,70.0,985.9,True,24.8,291,5.4,True,False,False,False,False,False,1 L,+10.052,,10.052,8865.719,84.276,,,29.92,30.449,23.907,8811.404,8841.853,8865.76,8781.443
2022,Hungarian Grand Prix,13,Hungary,Budapest,0 days 02:29:10.065000,MAG,20,0 days 00:01:24.346000,60.0,3.0,,Kevin Magnussen,,0 days 00:00:29.996000,0 days 00:00:30.563000,0 days 00:00:23.787000,0 days 02:28:15.756000,0 days 02:28:46.319000,0 days 02:29:10.106000,275.0,237.0,245.0,278.0,False,MEDIUM,25.0,True,Haas F1 Team,0 days 02:27:45.719000,,1,16.0,False,,False,True,18.0,70.0,985.9,True,24.8,282,4.8,True,False,False,False,False,False,1 L,+9.099,,9.099,8950.065,84.346,,,29.996,30.563,23.787,8895.756,8926.319,8950.106,8865.719
2022,Hungarian Grand Prix,13,Hungary,Budapest,0 days 02:30:34.997000,MAG,20,0 days 00:01:24.932000,61.0,3.0,,Kevin Magnussen,,0 days 00:00:30.107000,0 days 00:00:30.798000,0 days 00:00:24.027000,0 days 02:29:40.213000,0 days 02:30:11.011000,0 days 02:30:35.038000,273.0,234.0,244.0,280.0,False,MEDIUM,26.0,True,Haas F1 Team,0 days 02:29:10.065000,,1,16.0,False,,False,True,18.0,70.0,985.9,True,24.6,285,5.0,True,False,False,False,False,False,1 L,+9.486,,9.486,9034.997,84.932,,,30.107,30.798,24.027,8980.213,9011.011,9035.038,8950.065
2022,Hungarian Grand Prix,13,Hungary,Budapest,0 days 02:32:00.913000,MAG,20,0 days 00:01:25.916000,62.0,3.0,,Kevin Magnussen,,0 days 00:00:30.402000,0 days 00:00:31.489000,0 days 00:00:24.025000,0 days 02:31:05.440000,0 days 02:31:36.929000,0 days 02:32:00.954000,278.0,234.0,246.0,283.0,False,MEDIUM,27.0,True,Haas F1 Team,0 days 02:30:34.997000,,1,17.0,False,,False,True,18.0,70.0,986.0,True,24.6,281,4.8,True,False,False,False,False,False,1 L,+3.397,,3.397,9120.913,85.916,,,30.402,31.489,24.025,9065.44,9096.929,9120.954,9034.997
2022,Hungarian Grand Prix,13,Hungary,Budapest,0 days 02:33:25.710000,MAG,20,0 days 00:01:24.797000,63.0,3.0,,Kevin Magnussen,,0 days 00:00:30.171000,0 days 00:00:30.624000,0 days 00:00:24.002000,0 days 02:32:31.125000,0 days 02:33:01.749000,0 days 02:33:25.751000,274.0,238.0,244.0,281.0,False,MEDIUM,28.0,True,Haas F1 Team,0 days 02:32:00.913000,,1,17.0,False,,False,True,18.0,70.0,986.0,True,24.6,304,3.7,True,False,False,False,False,False,1 L,+5.712,,5.712,9205.71,84.797,,,30.171,30.624,24.002,9151.125,9181.749,9205.751,9120.913
2022,Hungarian Grand Prix,13,Hungary,Budapest,0 days 02:34:50.028000,MAG,20,0 days 00:01:24.318000,64.0,3.0,,Kevin Magnussen,,0 days 00:00:30.034000,0 days 00:00:30.430000,0 days 00:00:23.854000,0 days 02:33:55.785000,0 days 02:34:26.215000,0 days 02:34:50.069000,274.0,240.0,245.0,282.0,False,MEDIUM,29.0,True,Haas F1 Team,0 days 02:33:25.710000,,1,17.0,False,,False,True,18.1,69.0,986.0,True,24.7,274,3.7,True,False,False,False,False,False,1 L,+7.822,,7.822,9290.028,84.318,,,30.034,30.43,23.854,9235.785,9266.215,9290.069,9205.71
2022,Hungarian Grand Prix,13,Hungary,Budapest,0 days 02:36:15.075000,MAG,20,0 days 00:01:25.047000,65.0,3.0,,Kevin Magnussen,,0 days 00:00:30.097000,0 days 00:00:30.822000,0 days 00:00:24.128000,0 days 02:35:20.166000,0 days 02:35:50.988000,0 days 02:36:15.116000,274.0,238.0,242.0,278.0,False,MEDIUM,30.0,True,Haas F1 Team,0 days 02:34:50.028000,,1,17.0,False,,False,True,18.1,70.0,986.0,True,24.7,289,3.2,True,False,False,False,False,False,1 L,+9.928,,9.928,9375.075,85.047,,,30.097,30.822,24.128,9320.166,9350.988,9375.116,9290.028
2022,Hungarian Grand Prix,13,Hungary,Budapest,0 days 02:37:42.914000,MAG,20,0 days 00:01:27.839000,66.0,3.0,,Kevin Magnussen,,0 days 00:00:30.279000,0 days 00:00:31.197000,0 days 00:00:26.363000,0 days 02:36:45.395000,0 days 02:37:16.592000,0 days 02:37:42.955000,274.0,225.0,82.0,281.0,False,MEDIUM,31.0,True,Haas F1 Team,0 days 02:36:15.075000,,126,16.0,False,,False,False,18.1,69.0,986.2,False,24.7,272,4.5,True,True,False,False,True,False,1 L,+12.173,,12.173,9462.914,87.839,,,30.279,31.197,26.363,9405.395,9436.592,9462.955,9375.075
2022,Hungarian Grand Prix,13,Hungary,Budapest,0 days 02:39:36.798000,MAG,20,0 days 00:01:53.884000,67.0,3.0,,Kevin Magnussen,0 days 02:39:35.125000,0 days 00:00:41.398000,0 days 00:00:40.475000,0 days 00:00:32.011000,0 days 02:38:24.353000,0 days 02:39:04.828000,0 days 02:39:36.839000,242.0,189.0,,234.0,False,MEDIUM,32.0,True,Haas F1 Team,0 days 02:37:42.914000,,67,16.0,False,,False,False,18.1,69.0,986.2,True,24.4,278,4.5,False,False,False,False,True,True,1 L,+18.071,,18.071,9576.798,113.884,9575.125,,41.398,40.475,32.011,9504.353,9544.828,9576.839,9462.914
2022,Hungarian Grand Prix,13,Hungary,Budapest,0 days 02:41:21.420000,MAG,20,0 days 00:01:44.622000,68.0,4.0,0 days 02:39:58.225000,Kevin Magnussen,,0 days 00:00:49.778000,0 days 00:00:30.964000,0 days 00:00:23.880000,0 days 02:40:26.617000,0 days 02:40:57.581000,0 days 02:41:21.461000,274.0,235.0,248.0,234.0,False,SOFT,1.0,True,Haas F1 Team,0 days 02:39:36.798000,,71,17.0,False,,False,False,18.1,70.0,986.0,True,24.2,284,4.5,True,False,False,False,False,True,1 L,+1.155,,1.155,9681.42,104.622,,9598.225,49.778,30.964,23.88,9626.617,9657.581,9681.461,9576.798
2022,Hungarian Grand Prix,13,Hungary,Budapest,0 days 02:42:47.974000,MAG,20,0 days 00:01:26.554000,69.0,4.0,,Kevin Magnussen,,0 days 00:00:30.377000,0 days 00:00:31.584000,0 days 00:00:24.593000,0 days 02:41:51.838000,0 days 02:42:23.422000,0 days 02:42:48.015000,277.0,233.0,243.0,283.0,False,SOFT,2.0,True,Haas F1 Team,0 days 02:41:21.420000,,1,16.0,False,,False,True,18.0,70.0,986.0,True,23.7,253,4.8,True,False,False,False,False,False,1 L,+1.081,,1.081,9767.974,86.554,,,30.377,31.584,24.593,9711.838,9743.422,9768.015,9681.42
2022,Hungarian Grand Prix,13,Hungary,Budapest,0 days 01:03:54.110000,TSU,22,0 days 00:01:48.072000,1.0,1.0,,Yuki Tsunoda,,,0 days 00:00:34.300000,0 days 00:00:34.286000,,0 days 01:03:19.991000,0 days 01:03:54.230000,226.0,223.0,72.0,265.0,False,SOFT,1.0,True,AlphaTauri,0 days 01:02:05.807000,,126,16.0,False,,False,False,18.4,70.0,985.7,True,26.4,289,5.0,True,True,False,False,True,False,+19.681,+2.191,19.681,2.191,3834.11,108.072,,,,34.3,34.286,,3799.991,3834.23,3725.807
2022,Hungarian Grand Prix,13,Hungary,Budapest,0 days 01:05:45.300000,TSU,22,0 days 00:01:51.190000,2.0,1.0,,Yuki Tsunoda,,0 days 00:00:46.124000,0 days 00:00:34.757000,0 days 00:00:30.309000,0 days 01:04:40.244000,0 days 01:05:15.001000,0 days 01:05:45.310000,219.0,217.0,180.0,112.0,True,SOFT,2.0,True,AlphaTauri,0 days 01:03:54.110000,,67,16.0,False,,False,False,18.4,70.0,985.7,True,26.5,286,4.5,False,False,False,False,True,True,+17.081,+1.314,17.081,1.314,3945.3,111.19,,,46.124,34.757,30.309,3880.244,3915.001,3945.31,3834.11
2022,Hungarian Grand Prix,13,Hungary,Budapest,0 days 01:07:13.398000,TSU,22,0 days 00:01:28.098000,3.0,1.0,,Yuki Tsunoda,,0 days 00:00:32.873000,0 days 00:00:31.269000,0 days 00:00:23.956000,0 days 01:06:18.183000,0 days 01:06:49.452000,0 days 01:07:13.408000,274.0,230.0,242.0,244.0,True,SOFT,3.0,True,AlphaTauri,0 days 01:05:45.300000,,71,15.0,False,,False,False,18.4,70.0,985.5,False,26.7,277,3.9,True,False,False,False,False,True,+16.248,+2.203,16.248,2.203,4033.398,88.098,,,32.873,31.269,23.956,3978.183,4009.452,4033.408,3945.3
2022,Hungarian Grand Prix,13,Hungary,Budapest,0 days 01:08:38.767000,TSU,22,0 days 00:01:25.369000,4.0,1.0,,Yuki Tsunoda,,0 days 00:00:30.859000,0 days 00:00:30.715000,0 days 00:00:23.795000,0 days 01:07:44.267000,0 days 01:08:14.982000,0 days 01:08:38.777000,274.0,230.0,243.0,283.0,True,SOFT,4.0,True,AlphaTauri,0 days 01:07:13.398000,,1,15.0,False,,False,True,18.4,70.0,985.5,True,26.5,284,4.0,True,False,False,False,False,False,+17.895,+2.394,17.895,2.394,4118.767,85.369,,,30.859,30.715,23.795,4064.267,4094.982,4118.777,4033.398
2022,Hungarian Grand Prix,13,Hungary,Budapest,0 days 01:10:03.926000,TSU,22,0 days 00:01:25.159000,5.0,1.0,,Yuki Tsunoda,,0 days 00:00:30.495000,0 days 00:00:30.867000,0 days 00:00:23.797000,0 days 01:09:09.272000,0 days 01:09:40.139000,0 days 01:10:03.936000,275.0,231.0,244.0,282.0,True,SOFT,5.0,True,AlphaTauri,0 days 01:08:38.767000,,1,15.0,False,,False,True,18.6,71.0,985.5,True,26.5,290,3.5,True,False,False,False,False,False,+19.152,+2.483,19.152,2.483,4203.926,85.159,,,30.495,30.867,23.797,4149.272,4180.139,4203.936,4118.767
2022,Hungarian Grand Prix,13,Hungary,Budapest,0 days 01:11:29.121000,TSU,22,0 days 00:01:25.195000,6.0,1.0,,Yuki Tsunoda,,0 days 00:00:30.307000,0 days 00:00:30.975000,0 days 00:00:23.913000,0 days 01:10:34.243000,0 days 01:11:05.218000,0 days 01:11:29.131000,274.0,232.0,244.0,282.0,False,SOFT,6.0,True,AlphaTauri,0 days 01:10:03.926000,,1,15.0,False,,False,True,18.6,70.0,985.5,False,26.7,297,3.5,True,False,False,False,False,False,+20.296,+1.835,20.296,1.835,4289.121,85.195,,,30.307,30.975,23.913,4234.243,4265.218,4289.131,4203.926
2022,Hungarian Grand Prix,13,Hungary,Budapest,0 days 01:12:54.555000,TSU,22,0 days 00:01:25.434000,7.0,1.0,,Yuki Tsunoda,,0 days 00:00:30.425000,0 days 00:00:31.015000,0 days 00:00:23.994000,0 days 01:11:59.556000,0 days 01:12:30.571000,0 days 01:12:54.565000,275.0,231.0,241.0,282.0,False,SOFT,7.0,True,AlphaTauri,0 days 01:11:29.121000,,1,14.0,False,,False,True,18.6,71.0,985.5,False,26.5,281,3.2,True,False,False,False,False,False,+21.665,+1.896,21.665,1.896,4374.555,85.434,,,30.425,31.015,23.994,4319.556,4350.571,4374.565,4289.121
2022,Hungarian Grand Prix,13,Hungary,Budapest,0 days 01:14:20.343000,TSU,22,0 days 00:01:25.788000,8.0,1.0,,Yuki Tsunoda,,0 days 00:00:30.320000,0 days 00:00:31.194000,0 days 00:00:24.274000,0 days 01:13:24.885000,0 days 01:13:56.079000,0 days 01:14:20.353000,278.0,228.0,242.0,283.0,False,SOFT,8.0,True,AlphaTauri,0 days 01:12:54.555000,,1,14.0,False,,False,True,18.5,71.0,985.5,False,26.6,284,3.9,True,False,False,False,False,False,+23.376,+1.504,23.376,1.504,4460.343,85.788,,,30.32,31.194,24.274,4404.885,4436.079,4460.353,4374.555
2022,Hungarian Grand Prix,13,Hungary,Budapest,0 days 01:15:45.856000,TSU,22,0 days 00:01:25.513000,9.0,1.0,,Yuki Tsunoda,,0 days 00:00:30.426000,0 days 00:00:31.092000,0 days 00:00:23.995000,0 days 01:14:50.779000,0 days 01:15:21.871000,0 days 01:15:45.866000,277.0,231.0,242.0,283.0,False,SOFT,9.0,True,AlphaTauri,0 days 01:14:20.343000,,1,14.0,False,,False,True,18.5,71.0,985.5,False,26.5,296,3.2,True,False,False,False,False,False,+25.175,+1.441,25.175,1.441,4545.856,85.513,,,30.426,31.092,23.995,4490.779,4521.871,4545.866,4460.343
2022,Hungarian Grand Prix,13,Hungary,Budapest,0 days 01:17:12.849000,TSU,22,0 days 00:01:26.993000,10.0,1.0,,Yuki Tsunoda,,0 days 00:00:31.050000,0 days 00:00:31.805000,0 days 00:00:24.138000,0 days 01:16:16.916000,0 days 01:16:48.721000,0 days 01:17:12.859000,278.0,230.0,242.0,281.0,False,SOFT,10.0,True,AlphaTauri,0 days 01:15:45.856000,,1,15.0,False,,False,True,18.5,71.0,985.5,False,26.7,280,3.5,True,False,False,False,False,False,+27.654,+1.002,27.654,1.002,4632.849,86.993,,,31.05,31.805,24.138,4576.916,4608.721,4632.859,4545.856
2022,Hungarian Grand Prix,13,Hungary,Budapest,0 days 01:18:38.846000,TSU,22,0 days 00:01:25.997000,11.0,1.0,,Yuki Tsunoda,,0 days 00:00:30.453000,0 days 00:00:31.339000,0 days 00:00:24.205000,0 days 01:17:43.312000,0 days 01:18:14.651000,0 days 01:18:38.856000,279.0,228.0,243.0,284.0,False,SOFT,11.0,True,AlphaTauri,0 days 01:17:12.849000,,1,15.0,False,,False,True,18.5,71.0,985.5,False,26.8,285,4.1,True,False,False,False,False,False,+29.308,+1.049,29.308,1.049,4718.846,85.997,,,30.453,31.339,24.205,4663.312,4694.651,4718.856,4632.849
2022,Hungarian Grand Prix,13,Hungary,Budapest,0 days 01:20:05.475000,TSU,22,0 days 00:01:26.629000,12.0,1.0,,Yuki Tsunoda,,0 days 00:00:30.883000,0 days 00:00:31.524000,0 days 00:00:24.222000,0 days 01:19:09.739000,0 days 01:19:41.263000,0 days 01:20:05.485000,277.0,229.0,242.0,284.0,False,SOFT,12.0,True,AlphaTauri,0 days 01:18:38.846000,,1,15.0,False,,False,True,18.5,71.0,985.5,False,26.9,289,3.9,True,False,False,False,False,False,+31.771,+1.597,31.771,1.597,4805.475,86.629,,,30.883,31.524,24.222,4749.739,4781.263,4805.485,4718.846
2022,Hungarian Grand Prix,13,Hungary,Budapest,0 days 01:21:35.614000,TSU,22,0 days 00:01:30.139000,13.0,1.0,,Yuki Tsunoda,0 days 01:21:33.919000,0 days 00:00:31.291000,0 days 00:00:32.003000,0 days 00:00:26.845000,0 days 01:20:36.776000,0 days 01:21:08.779000,0 days 01:21:35.624000,278.0,226.0,,283.0,False,SOFT,13.0,True,AlphaTauri,0 days 01:20:05.475000,,1,17.0,False,,False,False,18.5,71.0,985.5,False,26.9,282,4.5,True,False,False,False,False,False,+34.965,+1.750,34.965,1.75,4895.614,90.139,4893.919,,31.291,32.003,26.845,4836.776,4868.779,4895.624,4805.475
2022,Hungarian Grand Prix,13,Hungary,Budapest,0 days 01:23:20.813000,TSU,22,0 days 00:01:45.199000,14.0,2.0,0 days 01:21:55.509000,Yuki Tsunoda,,0 days 00:00:49.601000,0 days 00:00:31.653000,0 days 00:00:23.945000,0 days 01:22:25.225000,0 days 01:22:56.878000,0 days 01:23:20.823000,263.0,229.0,251.0,283.0,False,MEDIUM,1.0,True,AlphaTauri,0 days 01:21:35.614000,,1,20.0,False,,False,False,18.4,72.0,985.5,False,26.9,277,3.9,True,False,False,False,False,False,+57.561,+0.167,57.561,0.167,5000.813,105.199,,4915.509,49.601,31.653,23.945,4945.225,4976.878,5000.823,4895.614
2022,Hungarian Grand Prix,13,Hungary,Budapest,0 days 01:24:46.613000,TSU,22,0 days 00:01:25.800000,15.0,2.0,,Yuki Tsunoda,,0 days 00:00:30.312000,0 days 00:00:31.248000,0 days 00:00:24.240000,0 days 01:23:51.135000,0 days 01:24:22.383000,0 days 01:24:46.623000,275.0,229.0,240.0,292.0,False,MEDIUM,2.0,True,AlphaTauri,0 days 01:23:20.813000,,1,19.0,False,,False,True,18.4,71.0,985.5,False,27.2,282,3.5,True,False,False,False,False,False,+58.488,+4.395,58.488,4.395,5086.613,85.8,,,30.312,31.248,24.24,5031.135,5062.383,5086.623,5000.813
2022,Hungarian Grand Prix,13,Hungary,Budapest,0 days 01:26:11.679000,TSU,22,0 days 00:01:25.066000,16.0,2.0,,Yuki Tsunoda,,0 days 00:00:30.590000,0 days 00:00:30.749000,0 days 00:00:23.727000,0 days 01:25:17.213000,0 days 01:25:47.962000,0 days 01:26:11.689000,275.0,232.0,243.0,278.0,True,MEDIUM,3.0,True,AlphaTauri,0 days 01:24:46.613000,,1,19.0,False,,False,True,18.4,70.0,985.5,False,27.2,291,3.2,True,False,False,False,False,False,+57.356,+3.176,57.356,3.176,5171.679,85.066,,,30.59,30.749,23.727,5117.213,5147.962,5171.689,5086.613
2022,Hungarian Grand Prix,13,Hungary,Budapest,0 days 01:27:36.823000,TSU,22,0 days 00:01:25.144000,17.0,2.0,,Yuki Tsunoda,,0 days 00:00:30.284000,0 days 00:00:30.857000,0 days 00:00:24.003000,0 days 01:26:41.973000,0 days 01:27:12.830000,0 days 01:27:36.833000,274.0,231.0,243.0,281.0,False,MEDIUM,4.0,True,AlphaTauri,0 days 01:26:11.679000,,1,18.0,False,,False,True,18.4,70.0,985.7,False,27.6,292,4.8,True,False,False,False,False,False,+57.493,+2.774,57.493,2.774,5256.823,85.144,,,30.284,30.857,24.003,5201.973,5232.83,5256.833,5171.679
2022,Hungarian Grand Prix,13,Hungary,Budapest,0 days 01:29:02.510000,TSU,22,0 days 00:01:25.687000,18.0,2.0,,Yuki Tsunoda,,0 days 00:00:30.434000,0 days 00:00:31.120000,0 days 00:00:24.133000,0 days 01:28:07.267000,0 days 01:28:38.387000,0 days 01:29:02.520000,277.0,231.0,243.0,279.0,False,MEDIUM,5.0,True,AlphaTauri,0 days 01:27:36.823000,,1,18.0,False,,False,True,18.4,71.0,985.5,False,27.6,287,4.5,True,False,False,False,False,False,+59.391,+2.090,59.391,2.09,5342.51,85.687,,,30.434,31.12,24.133,5287.267,5318.387,5342.52,5256.823
2022,Hungarian Grand Prix,13,Hungary,Budapest,0 days 01:30:28.011000,TSU,22,0 days 00:01:25.501000,19.0,2.0,,Yuki Tsunoda,,0 days 00:00:30.384000,0 days 00:00:31.098000,0 days 00:00:24.019000,0 days 01:29:32.904000,0 days 01:30:04.002000,0 days 01:30:28.021000,277.0,232.0,250.0,280.0,False,MEDIUM,6.0,True,AlphaTauri,0 days 01:29:02.510000,,1,17.0,False,,False,True,18.4,70.0,985.7,False,27.6,281,4.4,True,False,False,False,False,False,+60.891,+0.491,60.891,0.491,5428.011,85.501,,,30.384,31.098,24.019,5372.904,5404.002,5428.021,5342.51
2022,Hungarian Grand Prix,13,Hungary,Budapest,0 days 01:31:54.624000,TSU,22,0 days 00:01:26.613000,20.0,2.0,,Yuki Tsunoda,,0 days 00:00:30.611000,0 days 00:00:31.795000,0 days 00:00:24.207000,0 days 01:30:58.632000,0 days 01:31:30.427000,0 days 01:31:54.634000,268.0,230.0,250.0,300.0,False,MEDIUM,7.0,True,AlphaTauri,0 days 01:30:28.011000,,1,17.0,False,,False,True,18.5,70.0,985.5,False,27.5,283,4.3,True,False,False,False,False,False,+63.242,+0.441,63.242,0.441,5514.624,86.613,,,30.611,31.795,24.207,5458.632,5490.427,5514.634,5428.011
2022,Hungarian Grand Prix,13,Hungary,Budapest,0 days 01:33:20.117000,TSU,22,0 days 00:01:25.493000,21.0,2.0,,Yuki Tsunoda,,0 days 00:00:30.319000,0 days 00:00:31.107000,0 days 00:00:24.067000,0 days 01:32:24.953000,0 days 01:32:56.060000,0 days 01:33:20.127000,273.0,230.0,243.0,299.0,False,MEDIUM,8.0,True,AlphaTauri,0 days 01:31:54.624000,,1,16.0,False,,False,True,18.5,70.0,985.5,False,27.5,279,4.0,True,False,False,False,False,False,+46.772,+4.621,46.772,4.621,5600.117,85.493,,,30.319,31.107,24.067,5544.953,5576.06,5600.127,5514.624
2022,Hungarian Grand Prix,13,Hungary,Budapest,0 days 01:34:46.619000,TSU,22,0 days 00:01:26.502000,22.0,2.0,,Yuki Tsunoda,,0 days 00:00:30.639000,0 days 00:00:31.695000,0 days 00:00:24.168000,0 days 01:33:50.766000,0 days 01:34:22.461000,0 days 01:34:46.629000,266.0,231.0,251.0,280.0,False,MEDIUM,9.0,True,AlphaTauri,0 days 01:33:20.117000,,1,16.0,False,,False,True,18.5,70.0,985.5,False,27.7,293,4.4,True,False,False,False,False,False,+49.510,+0.247,49.51,0.247,5686.619,86.502,,,30.639,31.695,24.168,5630.766,5662.461,5686.629,5600.117
2022,Hungarian Grand Prix,13,Hungary,Budapest,0 days 01:36:12.034000,TSU,22,0 days 00:01:25.415000,23.0,2.0,,Yuki Tsunoda,,0 days 00:00:30.015000,0 days 00:00:31.172000,0 days 00:00:24.228000,0 days 01:35:16.644000,0 days 01:35:47.816000,0 days 01:36:12.044000,276.0,230.0,243.0,297.0,False,MEDIUM,10.0,True,AlphaTauri,0 days 01:34:46.619000,,1,15.0,False,,False,True,18.5,70.0,985.5,False,27.8,291,3.5,True,False,False,False,False,False,+51.359,+6.749,51.359,6.749,5772.034,85.415,,,30.015,31.172,24.228,5716.644,5747.816,5772.044,5686.619
2022,Hungarian Grand Prix,13,Hungary,Budapest,0 days 01:37:37.364000,TSU,22,0 days 00:01:25.330000,24.0,2.0,,Yuki Tsunoda,,0 days 00:00:30.236000,0 days 00:00:30.938000,0 days 00:00:24.156000,0 days 01:36:42.280000,0 days 01:37:13.218000,0 days 01:37:37.374000,272.0,231.0,242.0,279.0,False,MEDIUM,11.0,True,AlphaTauri,0 days 01:36:12.034000,,1,15.0,False,,False,True,18.5,70.0,985.5,False,28.0,271,4.6,True,False,False,False,False,False,+52.788,+7.396,52.788,7.396,5857.364,85.33,,,30.236,30.938,24.156,5802.28,5833.218,5857.374,5772.034
2022,Hungarian Grand Prix,13,Hungary,Budapest,0 days 01:39:02.482000,TSU,22,0 days 00:01:25.118000,25.0,2.0,,Yuki Tsunoda,,0 days 00:00:30.110000,0 days 00:00:30.925000,0 days 00:00:24.083000,0 days 01:38:07.484000,0 days 01:38:38.409000,0 days 01:39:02.492000,271.0,231.0,243.0,281.0,False,MEDIUM,12.0,True,AlphaTauri,0 days 01:37:37.364000,,1,15.0,False,,False,True,18.5,70.0,985.5,False,28.1,285,4.1,True,False,False,False,False,False,+54.297,+7.388,54.297,7.388,5942.482,85.118,,,30.11,30.925,24.083,5887.484,5918.409,5942.492,5857.364
2022,Hungarian Grand Prix,13,Hungary,Budapest,0 days 01:40:29.857000,TSU,22,0 days 00:01:27.375000,26.0,2.0,,Yuki Tsunoda,,0 days 00:00:31.446000,0 days 00:00:31.787000,0 days 00:00:24.142000,0 days 01:39:33.938000,0 days 01:40:05.725000,0 days 01:40:29.867000,278.0,230.0,243.0,279.0,False,MEDIUM,13.0,True,AlphaTauri,0 days 01:39:02.482000,,1,16.0,False,,False,True,18.5,70.0,985.5,False,28.2,282,3.5,True,False,False,False,False,False,+57.864,+1.579,57.864,1.579,6029.857,87.375,,,31.446,31.787,24.142,5973.938,6005.725,6029.867,5942.482
2022,Hungarian Grand Prix,13,Hungary,Budapest,0 days 01:41:56.006000,TSU,22,0 days 00:01:26.149000,27.0,2.0,,Yuki Tsunoda,,0 days 00:00:30.379000,0 days 00:00:31.602000,0 days 00:00:24.168000,0 days 01:41:00.246000,0 days 01:41:31.848000,0 days 01:41:56.016000,280.0,227.0,249.0,282.0,False,MEDIUM,14.0,True,AlphaTauri,0 days 01:40:29.857000,,1,16.0,False,,False,True,18.5,70.0,985.5,False,28.5,294,3.5,True,False,False,False,False,False,+60.163,+1.069,60.163,1.069,6116.006,86.149,,,30.379,31.602,24.168,6060.246,6091.848,6116.016,6029.857
2022,Hungarian Grand Prix,13,Hungary,Budapest,0 days 01:43:21.815000,TSU,22,0 days 00:01:25.809000,28.0,2.0,,Yuki Tsunoda,,0 days 00:00:30.315000,0 days 00:00:31.329000,0 days 00:00:24.165000,0 days 01:42:26.331000,0 days 01:42:57.660000,0 days 01:43:21.825000,279.0,231.0,244.0,296.0,False,MEDIUM,15.0,True,AlphaTauri,0 days 01:41:56.006000,,1,15.0,False,,False,True,18.6,70.0,985.5,False,28.5,285,3.7,True,False,False,False,False,False,+61.378,+1.450,61.378,1.45,6201.815,85.809,,,30.315,31.329,24.165,6146.331,6177.66,6201.825,6116.006
2022,Hungarian Grand Prix,13,Hungary,Budapest,0 days 01:44:47.397000,TSU,22,0 days 00:01:25.582000,29.0,2.0,,Yuki Tsunoda,,0 days 00:00:30.340000,0 days 00:00:31.204000,0 days 00:00:24.038000,0 days 01:43:52.165000,0 days 01:44:23.369000,0 days 01:44:47.407000,278.0,229.0,244.0,281.0,False,MEDIUM,16.0,True,AlphaTauri,0 days 01:43:21.815000,,1,15.0,False,,False,True,18.6,69.0,985.4,False,28.5,274,4.8,True,False,False,False,False,False,+62.694,+1.883,62.694,1.883,6287.397,85.582,,,30.34,31.204,24.038,6232.165,6263.369,6287.407,6201.815
2022,Hungarian Grand Prix,13,Hungary,Budapest,0 days 01:46:12.871000,TSU,22,0 days 00:01:25.474000,30.0,2.0,,Yuki Tsunoda,,0 days 00:00:30.326000,0 days 00:00:31.040000,0 days 00:00:24.108000,0 days 01:45:17.733000,0 days 01:45:48.773000,0 days 01:46:12.881000,276.0,226.0,244.0,281.0,False,MEDIUM,17.0,True,AlphaTauri,0 days 01:44:47.397000,,1,15.0,False,,False,True,18.4,70.0,985.5,False,28.5,290,3.9,True,False,False,False,False,False,+63.972,+2.223,63.972,2.223,6372.871,85.474,,,30.326,31.04,24.108,6317.733,6348.773,6372.881,6287.397
2022,Hungarian Grand Prix,13,Hungary,Budapest,0 days 01:47:38.522000,TSU,22,0 days 00:01:25.651000,31.0,2.0,,Yuki Tsunoda,,0 days 00:00:30.415000,0 days 00:00:31.087000,0 days 00:00:24.149000,0 days 01:46:43.296000,0 days 01:47:14.383000,0 days 01:47:38.532000,277.0,228.0,244.0,281.0,False,MEDIUM,18.0,True,AlphaTauri,0 days 01:46:12.871000,,1,15.0,False,,False,True,18.4,70.0,985.5,False,28.0,277,5.0,True,False,False,False,False,False,+66.180,+2.725,66.18,2.725,6458.522,85.651,,,30.415,31.087,24.149,6403.296,6434.383,6458.532,6372.871
2022,Hungarian Grand Prix,13,Hungary,Budapest,0 days 01:49:04.121000,TSU,22,0 days 00:01:25.599000,32.0,2.0,,Yuki Tsunoda,,0 days 00:00:30.345000,0 days 00:00:31.104000,0 days 00:00:24.150000,0 days 01:48:08.877000,0 days 01:48:39.981000,0 days 01:49:04.131000,277.0,230.0,244.0,281.0,False,MEDIUM,19.0,True,AlphaTauri,0 days 01:47:38.522000,,1,15.0,False,,False,True,18.4,71.0,985.5,False,27.7,266,5.8,True,False,False,False,False,False,+67.500,+3.286,67.5,3.286,6544.121,85.599,,,30.345,31.104,24.15,6488.877,6519.981,6544.131,6458.522
2022,Hungarian Grand Prix,13,Hungary,Budapest,0 days 01:50:32.351000,TSU,22,0 days 00:01:28.230000,33.0,2.0,,Yuki Tsunoda,0 days 01:50:30.612000,0 days 00:00:30.273000,0 days 00:00:31.406000,0 days 00:00:26.551000,0 days 01:49:34.404000,0 days 01:50:05.810000,0 days 01:50:32.361000,276.0,228.0,,280.0,False,MEDIUM,20.0,True,AlphaTauri,0 days 01:49:04.121000,,1,17.0,False,,False,False,18.4,71.0,985.7,False,27.6,294,4.0,True,False,False,False,False,False,+69.830,+4.049,69.83,4.049,6632.351,88.23,6630.612,,30.273,31.406,26.551,6574.404,6605.81,6632.361,6544.121
2022,Hungarian Grand Prix,13,Hungary,Budapest,0 days 01:52:35.927000,TSU,22,0 days 00:02:03.576000,34.0,3.0,0 days 01:50:52.649000,Yuki Tsunoda,,0 days 00:00:50.124000,0 days 00:00:47.470000,0 days 00:00:25.982000,0 days 01:51:22.485000,0 days 01:52:09.955000,0 days 01:52:35.937000,273.0,211.0,241.0,280.0,False,SOFT,1.0,True,AlphaTauri,0 days 01:50:32.351000,,12,20.0,False,,False,False,18.3,70.0,985.5,False,27.3,282,4.4,True,True,False,False,False,False,1 L,+20.319,,20.319,6755.927,123.576,,6652.649,50.124,47.47,25.982,6682.485,6729.955,6755.937,6632.351
2022,Hungarian Grand Prix,13,Hungary,Budapest,0 days 01:54:00.876000,TSU,22,0 days 00:01:24.949000,35.0,3.0,,Yuki Tsunoda,,0 days 00:00:30.633000,0 days 00:00:30.842000,0 days 00:00:23.474000,0 days 01:53:06.570000,0 days 01:53:37.412000,0 days 01:54:00.886000,274.0,232.0,245.0,278.0,True,SOFT,2.0,True,AlphaTauri,0 days 01:52:35.927000,,1,20.0,False,,False,True,18.2,71.0,985.5,False,26.8,279,3.4,True,False,False,False,False,False,1 L,+26.773,,26.773,6840.876,84.949,,,30.633,30.842,23.474,6786.57,6817.412,6840.886,6755.927
2022,Hungarian Grand Prix,13,Hungary,Budapest,0 days 01:55:27.255000,TSU,22,0 days 00:01:26.379000,36.0,3.0,,Yuki Tsunoda,,0 days 00:00:31.462000,0 days 00:00:31.260000,0 days 00:00:23.657000,0 days 01:54:32.348000,0 days 01:55:03.608000,0 days 01:55:27.265000,271.0,235.0,243.0,279.0,False,SOFT,3.0,True,AlphaTauri,0 days 01:54:00.876000,,1,20.0,False,,False,True,18.2,71.0,985.7,False,26.9,282,3.9,True,False,False,False,False,False,1 L,+6.390,,6.39,6927.255,86.379,,,31.462,31.26,23.657,6872.348,6903.608,6927.265,6840.876
2022,Hungarian Grand Prix,13,Hungary,Budapest,0 days 01:56:51.720000,TSU,22,0 days 00:01:24.465000,37.0,3.0,,Yuki Tsunoda,,0 days 00:00:30.355000,0 days 00:00:30.520000,0 days 00:00:23.590000,0 days 01:55:57.620000,0 days 01:56:28.140000,0 days 01:56:51.730000,276.0,231.0,244.0,278.0,True,SOFT,4.0,True,AlphaTauri,0 days 01:55:27.255000,,1,20.0,False,,False,True,18.1,72.0,985.7,False,26.8,290,2.7,True,False,False,False,False,False,1 L,+7.416,,7.416,7011.72,84.465,,,30.355,30.52,23.59,6957.62,6988.14,7011.73,6927.255
2022,Hungarian Grand Prix,13,Hungary,Budapest,0 days 01:58:16.149000,TSU,22,0 days 00:01:24.429000,38.0,3.0,,Yuki Tsunoda,,0 days 00:00:30.226000,0 days 00:00:30.529000,0 days 00:00:23.674000,0 days 01:57:21.956000,0 days 01:57:52.485000,0 days 01:58:16.159000,276.0,232.0,244.0,277.0,True,SOFT,5.0,True,AlphaTauri,0 days 01:56:51.720000,,1,20.0,False,,False,True,18.0,71.0,985.7,False,26.4,270,5.5,True,False,False,False,False,False,1 L,+7.235,,7.235,7096.149,84.429,,,30.226,30.529,23.674,7041.956,7072.485,7096.159,7011.72
2022,Hungarian Grand Prix,13,Hungary,Budapest,0 days 01:59:40.571000,TSU,22,0 days 00:01:24.422000,39.0,3.0,,Yuki Tsunoda,,0 days 00:00:30.044000,0 days 00:00:30.586000,0 days 00:00:23.792000,0 days 01:58:46.203000,0 days 01:59:16.789000,0 days 01:59:40.581000,276.0,234.0,243.0,279.0,True,SOFT,6.0,True,AlphaTauri,0 days 01:58:16.149000,,1,20.0,False,,False,True,18.1,71.0,985.7,False,26.5,284,5.0,True,False,False,False,False,False,1 L,+7.833,,7.833,7180.571,84.422,,,30.044,30.586,23.792,7126.203,7156.789,7180.581,7096.149
2022,Hungarian Grand Prix,13,Hungary,Budapest,0 days 02:01:06.096000,TSU,22,0 days 00:01:25.525000,40.0,3.0,,Yuki Tsunoda,,0 days 00:00:30.466000,0 days 00:00:31.158000,0 days 00:00:23.901000,0 days 02:00:11.047000,0 days 02:00:42.205000,0 days 02:01:06.106000,276.0,232.0,243.0,278.0,False,SOFT,7.0,True,AlphaTauri,0 days 01:59:40.571000,,12,20.0,False,,False,True,18.0,72.0,985.7,False,26.5,286,3.7,True,True,False,False,False,False,1 L,+6.614,,6.614,7266.096,85.525,,,30.466,31.158,23.901,7211.047,7242.205,7266.106,7180.571
2022,Hungarian Grand Prix,13,Hungary,Budapest,0 days 02:02:31.173000,TSU,22,0 days 00:01:25.077000,41.0,3.0,,Yuki Tsunoda,,0 days 00:00:30.408000,0 days 00:00:30.921000,0 days 00:00:23.748000,0 days 02:01:36.514000,0 days 02:02:07.435000,0 days 02:02:31.183000,276.0,232.0,244.0,278.0,False,SOFT,8.0,True,AlphaTauri,0 days 02:01:06.096000,,1,19.0,False,,False,True,17.9,71.0,985.5,False,26.4,288,4.5,True,False,False,False,False,False,1 L,+6.344,,6.344,7351.173,85.077,,,30.408,30.921,23.748,7296.514,7327.435,7351.183,7266.096
2022,Hungarian Grand Prix,13,Hungary,Budapest,0 days 02:03:55.947000,TSU,22,0 days 00:01:24.774000,42.0,3.0,,Yuki Tsunoda,,0 days 00:00:30.285000,0 days 00:00:30.674000,0 days 00:00:23.815000,0 days 02:03:01.468000,0 days 02:03:32.142000,0 days 02:03:55.957000,276.0,234.0,243.0,278.0,False,SOFT,9.0,True,AlphaTauri,0 days 02:02:31.173000,,1,19.0,False,,False,True,18.0,71.0,985.7,False,26.1,287,4.8,True,False,False,False,False,False,1 L,+7.010,,7.01,7435.947,84.774,,,30.285,30.674,23.815,7381.468,7412.142,7435.957,7351.173
2022,Hungarian Grand Prix,13,Hungary,Budapest,0 days 02:05:20.487000,TSU,22,0 days 00:01:24.540000,43.0,3.0,,Yuki Tsunoda,,0 days 00:00:30.241000,0 days 00:00:30.624000,0 days 00:00:23.675000,0 days 02:04:26.198000,0 days 02:04:56.822000,0 days 02:05:20.497000,275.0,234.0,243.0,281.0,False,SOFT,10.0,True,AlphaTauri,0 days 02:03:55.947000,,1,19.0,False,,False,True,17.9,71.0,985.7,False,26.2,284,4.5,True,False,False,False,False,False,1 L,+6.917,,6.917,7520.487,84.54,,,30.241,30.624,23.675,7466.198,7496.822,7520.497,7435.947
2022,Hungarian Grand Prix,13,Hungary,Budapest,0 days 02:06:45.036000,TSU,22,0 days 00:01:24.549000,44.0,3.0,,Yuki Tsunoda,,0 days 00:00:30.245000,0 days 00:00:30.678000,0 days 00:00:23.626000,0 days 02:05:50.742000,0 days 02:06:21.420000,0 days 02:06:45.046000,276.0,234.0,246.0,278.0,False,SOFT,11.0,True,AlphaTauri,0 days 02:05:20.487000,,1,19.0,False,,False,True,18.0,72.0,985.7,False,26.1,286,3.9,True,False,False,False,False,False,1 L,+6.570,,6.57,7605.036,84.549,,,30.245,30.678,23.626,7550.742,7581.42,7605.046,7520.487
2022,Hungarian Grand Prix,13,Hungary,Budapest,0 days 02:08:11.282000,TSU,22,0 days 00:01:26.246000,45.0,3.0,,Yuki Tsunoda,,0 days 00:00:30.226000,0 days 00:00:31.947000,0 days 00:00:24.073000,0 days 02:07:15.272000,0 days 02:07:47.219000,0 days 02:08:11.292000,275.0,231.0,244.0,279.0,False,SOFT,12.0,True,AlphaTauri,0 days 02:06:45.036000,,1,20.0,False,,False,True,18.0,71.0,985.7,False,26.1,285,3.7,True,False,False,False,False,False,1 L,+1.885,,1.885,7691.282,86.246,,,30.226,31.947,24.073,7635.272,7667.219,7691.292,7605.036
2022,Hungarian Grand Prix,13,Hungary,Budapest,0 days 02:09:36.185000,TSU,22,0 days 00:01:24.903000,46.0,3.0,,Yuki Tsunoda,,0 days 00:00:30.306000,0 days 00:00:30.766000,0 days 00:00:23.831000,0 days 02:08:41.598000,0 days 02:09:12.364000,0 days 02:09:36.195000,277.0,233.0,245.0,279.0,False,SOFT,13.0,True,AlphaTauri,0 days 02:08:11.282000,,12,20.0,False,,False,True,18.1,71.0,985.7,False,26.1,296,3.7,True,True,False,False,False,False,1 L,+2.919,,2.919,7776.185,84.903,,,30.306,30.766,23.831,7721.598,7752.364,7776.195,7691.282
2022,Hungarian Grand Prix,13,Hungary,Budapest,0 days 02:11:02.709000,TSU,22,0 days 00:01:26.524000,47.0,3.0,,Yuki Tsunoda,,0 days 00:00:30.188000,0 days 00:00:32.248000,0 days 00:00:24.088000,0 days 02:10:06.383000,0 days 02:10:38.631000,0 days 02:11:02.719000,277.0,228.0,245.0,280.0,False,SOFT,14.0,True,AlphaTauri,0 days 02:09:36.185000,,1,20.0,False,,False,True,18.1,70.0,985.7,True,26.1,289,4.6,True,False,False,False,False,False,1 L,+5.555,,5.555,7862.709,86.524,,,30.188,32.248,24.088,7806.383,7838.631,7862.719,7776.185
2022,Hungarian Grand Prix,13,Hungary,Budapest,0 days 02:12:27.847000,TSU,22,0 days 00:01:25.138000,48.0,3.0,,Yuki Tsunoda,,0 days 00:00:30.198000,0 days 00:00:30.968000,0 days 00:00:23.972000,0 days 02:11:32.917000,0 days 02:12:03.885000,0 days 02:12:27.857000,278.0,231.0,243.0,283.0,False,SOFT,15.0,True,AlphaTauri,0 days 02:11:02.709000,,1,20.0,False,,False,True,18.1,71.0,985.7,False,26.1,291,4.3,True,False,False,False,False,False,1 L,+6.836,,6.836,7947.847,85.138,,,30.198,30.968,23.972,7892.917,7923.885,7947.857,7862.709
2022,Hungarian Grand Prix,13,Hungary,Budapest,0 days 02:13:53.561000,TSU,22,0 days 00:01:25.714000,49.0,3.0,,Yuki Tsunoda,,0 days 00:00:30.429000,0 days 00:00:31.004000,0 days 00:00:24.281000,0 days 02:12:58.286000,0 days 02:13:29.290000,0 days 02:13:53.571000,277.0,227.0,243.0,279.0,False,SOFT,16.0,True,AlphaTauri,0 days 02:12:27.847000,,1,20.0,False,,False,True,18.1,71.0,985.7,False,25.8,281,3.9,True,False,False,False,False,False,1 L,+8.471,,8.471,8033.561,85.714,,,30.429,31.004,24.281,7978.286,8009.29,8033.571,7947.847
2022,Hungarian Grand Prix,13,Hungary,Budapest,0 days 02:15:19.146000,TSU,22,0 days 00:01:25.585000,50.0,3.0,,Yuki Tsunoda,,0 days 00:00:30.514000,0 days 00:00:30.928000,0 days 00:00:24.143000,0 days 02:14:24.085000,0 days 02:14:55.013000,0 days 02:15:19.156000,276.0,231.0,243.0,280.0,False,SOFT,17.0,True,AlphaTauri,0 days 02:13:53.561000,,1,20.0,False,,False,True,18.1,70.0,985.7,True,25.8,289,3.7,True,False,False,False,False,False,1 L,+10.422,,10.422,8119.146,85.585,,,30.514,30.928,24.143,8064.085,8095.013,8119.156,8033.561
2022,Hungarian Grand Prix,13,Hungary,Budapest,0 days 02:16:47.929000,TSU,22,0 days 00:01:28.783000,51.0,3.0,,Yuki Tsunoda,0 days 02:16:46.235000,0 days 00:00:30.529000,0 days 00:00:31.617000,0 days 00:00:26.637000,0 days 02:15:49.685000,0 days 02:16:21.302000,0 days 02:16:47.939000,275.0,231.0,,278.0,False,SOFT,18.0,True,AlphaTauri,0 days 02:15:19.146000,,1,20.0,False,,False,False,18.1,70.0,985.7,False,25.8,293,5.0,True,False,False,False,False,False,1 L,+10.736,,10.736,8207.929,88.783,8206.235,,30.529,31.617,26.637,8149.685,8181.302,8207.939,8119.146
2022,Hungarian Grand Prix,13,Hungary,Budapest,0 days 02:18:38.935000,TSU,22,0 days 00:01:51.006000,52.0,4.0,0 days 02:17:08.340000,Yuki Tsunoda,,0 days 00:00:51.319000,0 days 00:00:33.762000,0 days 00:00:25.925000,0 days 02:17:39.258000,0 days 02:18:13.020000,0 days 02:18:38.945000,239.0,182.0,243.0,278.0,False,SOFT,4.0,False,AlphaTauri,0 days 02:16:47.929000,,1,20.0,True,TRACK LIMITS AT TURN 7 LAP 52 ,False,False,18.1,70.0,985.9,False,25.6,291,5.0,True,False,False,False,False,False,1 L,+27.003,,27.003,8318.935,111.006,,8228.34,51.319,33.762,25.925,8259.258,8293.02,8318.945,8207.929
2022,Hungarian Grand Prix,13,Hungary,Budapest,0 days 02:20:04.891000,TSU,22,0 days 00:01:25.956000,53.0,4.0,,Yuki Tsunoda,,0 days 00:00:30.674000,0 days 00:00:31.177000,0 days 00:00:24.105000,0 days 02:19:09.619000,0 days 02:19:40.796000,0 days 02:20:04.901000,276.0,233.0,244.0,280.0,False,SOFT,5.0,False,AlphaTauri,0 days 02:18:38.935000,,1,20.0,False,,False,True,18.1,70.0,985.7,False,25.5,283,5.4,True,False,False,False,False,False,1 L,+29.997,,29.997,8404.891,85.956,,,30.674,31.177,24.105,8349.619,8380.796,8404.901,8318.935
2022,Hungarian Grand Prix,13,Hungary,Budapest,0 days 02:21:29.616000,TSU,22,0 days 00:01:24.725000,54.0,4.0,,Yuki Tsunoda,,0 days 00:00:30.247000,0 days 00:00:30.693000,0 days 00:00:23.785000,0 days 02:20:35.148000,0 days 02:21:05.841000,0 days 02:21:29.626000,278.0,236.0,246.0,278.0,False,SOFT,6.0,False,AlphaTauri,0 days 02:20:04.891000,,1,20.0,False,,False,True,18.0,69.0,985.7,False,25.5,283,4.8,True,False,False,False,False,False,1 L,+31.864,,31.864,8489.616,84.725,,,30.247,30.693,23.785,8435.148,8465.841,8489.626,8404.891
2022,Hungarian Grand Prix,13,Hungary,Budapest,0 days 02:22:58.944000,TSU,22,0 days 00:01:29.328000,55.0,4.0,,Yuki Tsunoda,,0 days 00:00:31.416000,0 days 00:00:33.328000,0 days 00:00:24.584000,0 days 02:22:01.042000,0 days 02:22:34.370000,0 days 02:22:58.954000,272.0,227.0,246.0,282.0,False,SOFT,7.0,False,AlphaTauri,0 days 02:21:29.616000,,1,20.0,False,,False,True,18.0,69.0,985.9,True,25.2,294,5.6,True,False,False,False,False,False,1 L,+38.914,,38.914,8578.944,89.328,,,31.416,33.328,24.584,8521.042,8554.37,8578.954,8489.616
2022,Hungarian Grand Prix,13,Hungary,Budapest,0 days 02:24:28.780000,TSU,22,0 days 00:01:29.836000,56.0,4.0,,Yuki Tsunoda,,0 days 00:00:30.301000,0 days 00:00:33.913000,0 days 00:00:25.622000,0 days 02:23:29.255000,0 days 02:24:03.168000,0 days 02:24:28.790000,279.0,230.0,240.0,280.0,False,SOFT,8.0,False,AlphaTauri,0 days 02:22:58.944000,,1,20.0,False,,False,True,18.0,70.0,985.9,True,25.1,279,4.4,True,False,False,False,False,False,2 L,+46.701,,46.701,8668.78,89.836,,,30.301,33.913,25.622,8609.255,8643.168,8668.79,8578.944
2022,Hungarian Grand Prix,13,Hungary,Budapest,0 days 02:25:53.460000,TSU,22,0 days 00:01:24.680000,57.0,4.0,,Yuki Tsunoda,,0 days 00:00:30.589000,0 days 00:00:30.480000,0 days 00:00:23.611000,0 days 02:24:59.379000,0 days 02:25:29.859000,0 days 02:25:53.470000,279.0,235.0,246.0,282.0,False,SOFT,9.0,False,AlphaTauri,0 days 02:24:28.780000,,1,20.0,False,,False,True,18.1,69.0,985.7,True,24.8,288,4.1,True,False,False,False,False,False,2 L,+16.310,,16.31,8753.46,84.68,,,30.589,30.48,23.611,8699.379,8729.859,8753.47,8668.78
2022,Hungarian Grand Prix,13,Hungary,Budapest,0 days 02:27:16.998000,TSU,22,0 days 00:01:23.538000,58.0,4.0,,Yuki Tsunoda,,0 days 00:00:29.889000,0 days 00:00:30.127000,0 days 00:00:23.522000,0 days 02:26:23.359000,0 days 02:26:53.486000,0 days 02:27:17.008000,279.0,238.0,246.0,280.0,True,SOFT,10.0,False,AlphaTauri,0 days 02:25:53.460000,,1,20.0,False,,False,True,18.1,70.0,986.0,True,24.8,283,4.5,True,False,False,False,False,False,2 L,+15.489,,15.489,8836.998,83.538,,,29.889,30.127,23.522,8783.359,8813.486,8837.008,8753.46
2022,Hungarian Grand Prix,13,Hungary,Budapest,0 days 02:28:40.673000,TSU,22,0 days 00:01:23.675000,59.0,4.0,,Yuki Tsunoda,,0 days 00:00:29.804000,0 days 00:00:30.301000,0 days 00:00:23.570000,0 days 02:27:46.812000,0 days 02:28:17.113000,0 days 02:28:40.683000,278.0,237.0,245.0,281.0,False,SOFT,11.0,False,AlphaTauri,0 days 02:27:16.998000,,1,20.0,False,,False,True,18.0,70.0,985.9,True,24.8,282,4.8,True,False,False,False,False,False,2 L,+15.741,,15.741,8920.673,83.675,,,29.804,30.301,23.57,8866.812,8897.113,8920.683,8836.998
2022,Hungarian Grand Prix,13,Hungary,Budapest,0 days 02:30:09.376000,TSU,22,0 days 00:01:28.703000,60.0,4.0,,Yuki Tsunoda,,0 days 00:00:30.002000,0 days 00:00:32.365000,0 days 00:00:26.336000,0 days 02:29:10.685000,0 days 02:29:43.050000,0 days 02:30:09.386000,280.0,230.0,251.0,282.0,False,SOFT,12.0,False,AlphaTauri,0 days 02:28:40.673000,,1,20.0,False,,False,True,18.0,70.0,986.0,True,24.7,287,5.0,True,False,False,False,False,False,2 L,+21.992,,21.992,9009.376,88.703,,,30.002,32.365,26.336,8950.685,8983.05,9009.386,8920.673
2022,Hungarian Grand Prix,13,Hungary,Budapest,0 days 02:31:33.985000,TSU,22,0 days 00:01:24.609000,61.0,4.0,,Yuki Tsunoda,,0 days 00:00:30.092000,0 days 00:00:30.802000,0 days 00:00:23.715000,0 days 02:30:39.478000,0 days 02:31:10.280000,0 days 02:31:33.995000,279.0,235.0,247.0,300.0,False,SOFT,13.0,False,AlphaTauri,0 days 02:30:09.376000,,1,20.0,False,,False,True,18.0,70.0,986.0,True,24.6,281,4.8,True,False,False,False,False,False,2 L,+23.668,,23.668,9093.985,84.609,,,30.092,30.802,23.715,9039.478,9070.28,9093.995,9009.376
2022,Hungarian Grand Prix,13,Hungary,Budapest,0 days 02:32:58.162000,TSU,22,0 days 00:01:24.177000,62.0,4.0,,Yuki Tsunoda,,0 days 00:00:29.926000,0 days 00:00:30.513000,0 days 00:00:23.738000,0 days 02:32:03.921000,0 days 02:32:34.434000,0 days 02:32:58.172000,280.0,237.0,251.0,283.0,False,SOFT,14.0,False,AlphaTauri,0 days 02:31:33.985000,,1,20.0,False,,False,True,18.0,70.0,986.0,True,24.6,304,3.7,True,False,False,False,False,False,2 L,+23.789,,23.789,9178.162,84.177,,,29.926,30.513,23.738,9123.921,9154.434,9178.172,9093.985
2022,Hungarian Grand Prix,13,Hungary,Budapest,0 days 02:34:23.174000,TSU,22,0 days 00:01:25.012000,63.0,4.0,,Yuki Tsunoda,,0 days 00:00:30.365000,0 days 00:00:30.883000,0 days 00:00:23.764000,0 days 02:33:28.537000,0 days 02:33:59.420000,0 days 02:34:23.184000,278.0,237.0,252.0,302.0,False,SOFT,15.0,False,AlphaTauri,0 days 02:32:58.162000,,1,20.0,False,,False,True,18.1,70.0,986.0,True,24.7,287,3.4,True,False,False,False,False,False,2 L,+25.832,,25.832,9263.174,85.012,,,30.365,30.883,23.764,9208.537,9239.42,9263.184,9178.162
2022,Hungarian Grand Prix,13,Hungary,Budapest,0 days 02:35:49.721000,TSU,22,0 days 00:01:26.547000,64.0,4.0,,Yuki Tsunoda,,0 days 00:00:29.937000,0 days 00:00:32.600000,0 days 00:00:24.010000,0 days 02:34:53.121000,0 days 02:35:25.721000,0 days 02:35:49.731000,281.0,231.0,247.0,300.0,False,SOFT,16.0,False,AlphaTauri,0 days 02:34:23.174000,,1,20.0,False,,False,True,18.1,70.0,986.0,True,24.7,289,3.2,True,False,False,False,False,False,2 L,+29.552,,29.552,9349.721,86.547,,,29.937,32.6,24.01,9293.121,9325.721,9349.731,9263.174
2022,Hungarian Grand Prix,13,Hungary,Budapest,0 days 02:37:21.782000,TSU,22,0 days 00:01:32.061000,65.0,4.0,,Yuki Tsunoda,,0 days 00:00:31.045000,0 days 00:00:34.393000,0 days 00:00:26.623000,0 days 02:36:20.776000,0 days 02:36:55.169000,0 days 02:37:21.792000,245.0,222.0,241.0,285.0,False,SOFT,17.0,False,AlphaTauri,0 days 02:35:49.721000,,12,20.0,False,,False,True,18.1,70.0,986.0,True,24.7,281,2.5,True,True,False,False,False,False,2 L,+37.704,,37.704,9441.782,92.061,,,31.045,34.393,26.623,9380.776,9415.169,9441.792,9349.721
2022,Hungarian Grand Prix,13,Hungary,Budapest,0 days 02:39:12.692000,TSU,22,0 days 00:01:50.910000,66.0,4.0,,Yuki Tsunoda,,0 days 00:00:40.883000,0 days 00:00:39.478000,0 days 00:00:30.549000,0 days 02:38:02.675000,0 days 02:38:42.153000,0 days 02:39:12.702000,175.0,200.0,135.0,270.0,False,SOFT,18.0,False,AlphaTauri,0 days 02:37:21.782000,,26,19.0,False,,False,False,18.1,69.0,986.2,True,24.4,278,4.5,False,True,False,False,True,False,2 L,+51.819,,51.819,9552.692,110.91,,,40.883,39.478,30.549,9482.675,9522.153,9552.702,9441.782
2022,Hungarian Grand Prix,13,Hungary,Budapest,0 days 02:40:57.372000,TSU,22,0 days 00:01:44.680000,67.0,4.0,,Yuki Tsunoda,,0 days 00:00:40.552000,0 days 00:00:37.244000,0 days 00:00:26.884000,0 days 02:39:53.254000,0 days 02:40:30.498000,0 days 02:40:57.382000,236.0,217.0,240.0,202.0,False,SOFT,19.0,False,AlphaTauri,0 days 02:39:12.692000,,671,19.0,False,,False,False,18.1,70.0,986.0,True,24.2,284,4.5,True,False,False,False,True,True,2 L,+50.814,,50.814,9657.372,104.68,,,40.552,37.244,26.884,9593.254,9630.498,9657.382,9552.692
2022,Hungarian Grand Prix,13,Hungary,Budapest,0 days 02:42:34.779000,TSU,22,0 days 00:01:37.407000,68.0,4.0,,Yuki Tsunoda,,0 days 00:00:35.282000,0 days 00:00:35.140000,0 days 00:00:26.985000,0 days 02:41:32.664000,0 days 02:42:07.804000,0 days 02:42:34.789000,214.0,220.0,232.0,280.0,False,SOFT,20.0,False,AlphaTauri,0 days 02:40:57.372000,,1,19.0,False,,False,True,18.0,70.0,986.0,True,23.9,283,4.5,True,False,False,False,False,False,2 L,+50.968,,50.968,9754.779,97.407,,,35.282,35.14,26.985,9692.664,9727.804,9754.789,9657.372
2022,Hungarian Grand Prix,13,Hungary,Budapest,0 days 01:03:51.919000,ALB,23,0 days 00:01:45.881000,1.0,1.0,,Alexander Albon,,,0 days 00:00:33.802000,0 days 00:00:32.815000,,0 days 01:03:19.244000,0 days 01:03:52.046000,249.0,228.0,77.0,265.0,False,SOFT,1.0,True,Williams,0 days 01:02:05.807000,,126,15.0,False,,False,False,18.4,70.0,985.7,True,26.4,289,5.0,True,True,False,False,True,False,+11.349,+1.256,11.349,1.256,3831.919,105.881,,,,33.802,32.815,,3799.244,3832.046,3725.807
2022,Hungarian Grand Prix,13,Hungary,Budapest,0 days 01:05:41.759000,ALB,23,0 days 00:01:49.840000,2.0,1.0,,Alexander Albon,0 days 01:05:40.038000,0 days 00:00:47.412000,0 days 00:00:34.553000,0 days 00:00:27.875000,0 days 01:04:39.333000,0 days 01:05:13.886000,0 days 01:05:41.761000,215.0,215.0,,122.0,False,SOFT,2.0,True,Williams,0 days 01:03:51.919000,,6,12.0,False,,False,False,18.4,70.0,985.7,True,26.5,286,4.5,False,False,False,False,True,False,+14.947,+0.264,14.947,0.264,3941.759,109.84,3940.038,,47.412,34.553,27.875,3879.333,3913.886,3941.761,3831.919
2022,Hungarian Grand Prix,13,Hungary,Budapest,0 days 01:07:35.710000,ALB,23,0 days 00:01:53.951000,3.0,2.0,0 days 01:06:11.283000,Alexander Albon,,0 days 00:00:58.728000,0 days 00:00:31.299000,0 days 00:00:23.924000,0 days 01:06:40.489000,0 days 01:07:11.788000,0 days 01:07:35.712000,267.0,231.0,241.0,122.0,False,MEDIUM,1.0,True,Williams,0 days 01:05:41.759000,,671,20.0,False,,False,False,18.4,70.0,985.5,False,26.7,277,3.9,True,False,False,False,True,True,+38.504,+19.887,38.504,19.887,4055.71,113.951,,3971.283,58.728,31.299,23.924,4000.489,4031.788,4055.712,3941.759
2022,Hungarian Grand Prix,13,Hungary,Budapest,0 days 01:09:00.758000,ALB,23,0 days 00:01:25.048000,4.0,2.0,,Alexander Albon,,0 days 00:00:30.539000,0 days 00:00:30.777000,0 days 00:00:23.732000,0 days 01:08:06.251000,0 days 01:08:37.028000,0 days 01:09:00.760000,274.0,231.0,242.0,281.0,True,MEDIUM,2.0,True,Williams,0 days 01:07:35.710000,,1,20.0,False,,False,True,18.4,70.0,985.5,True,26.5,284,4.0,True,False,False,False,False,False,+39.886,+18.825,39.886,18.825,4140.758,85.048,,,30.539,30.777,23.732,4086.251,4117.028,4140.76,4055.71
2022,Hungarian Grand Prix,13,Hungary,Budapest,0 days 01:10:25.477000,ALB,23,0 days 00:01:24.719000,5.0,2.0,,Alexander Albon,,0 days 00:00:30.356000,0 days 00:00:30.618000,0 days 00:00:23.745000,0 days 01:09:31.116000,0 days 01:10:01.734000,0 days 01:10:25.479000,275.0,231.0,242.0,280.0,True,MEDIUM,3.0,True,Williams,0 days 01:09:00.758000,,1,20.0,False,,False,True,18.6,71.0,985.5,True,26.5,290,3.5,True,False,False,False,False,False,+40.639,+17.552,40.639,17.552,4225.477,84.719,,,30.356,30.618,23.745,4171.116,4201.734,4225.479,4140.758
2022,Hungarian Grand Prix,13,Hungary,Budapest,0 days 01:11:50.401000,ALB,23,0 days 00:01:24.924000,6.0,2.0,,Alexander Albon,,0 days 00:00:30.399000,0 days 00:00:30.801000,0 days 00:00:23.724000,0 days 01:10:55.878000,0 days 01:11:26.679000,0 days 01:11:50.403000,276.0,230.0,244.0,281.0,False,MEDIUM,4.0,True,Williams,0 days 01:10:25.477000,,1,20.0,False,,False,True,18.6,71.0,985.5,False,26.5,291,4.4,True,False,False,False,False,False,+41.576,+17.000,41.576,17.0,4310.401,84.924,,,30.399,30.801,23.724,4255.878,4286.679,4310.403,4225.477
2022,Hungarian Grand Prix,13,Hungary,Budapest,0 days 01:13:15.578000,ALB,23,0 days 00:01:25.177000,7.0,2.0,,Alexander Albon,,0 days 00:00:30.338000,0 days 00:00:30.803000,0 days 00:00:24.036000,0 days 01:12:20.741000,0 days 01:12:51.544000,0 days 01:13:15.580000,276.0,232.0,242.0,283.0,False,MEDIUM,5.0,True,Williams,0 days 01:11:50.401000,,1,19.0,False,,False,True,18.6,71.0,985.5,False,26.5,281,3.2,True,False,False,False,False,False,+42.697,+16.367,42.697,16.367,4395.578,85.177,,,30.338,30.803,24.036,4340.741,4371.544,4395.58,4310.401
2022,Hungarian Grand Prix,13,Hungary,Budapest,0 days 01:14:40.907000,ALB,23,0 days 00:01:25.329000,8.0,2.0,,Alexander Albon,,0 days 00:00:30.221000,0 days 00:00:30.936000,0 days 00:00:24.172000,0 days 01:13:45.801000,0 days 01:14:16.737000,0 days 01:14:40.909000,274.0,227.0,242.0,282.0,False,MEDIUM,6.0,True,Williams,0 days 01:13:15.578000,,1,19.0,False,,False,True,18.5,71.0,985.5,False,26.6,312,4.4,True,False,False,False,False,False,+43.940,+16.187,43.94,16.187,4480.907,85.329,,,30.221,30.936,24.172,4425.801,4456.737,4480.909,4395.578
2022,Hungarian Grand Prix,13,Hungary,Budapest,0 days 01:16:06.267000,ALB,23,0 days 00:01:25.360000,9.0,2.0,,Alexander Albon,,0 days 00:00:30.450000,0 days 00:00:30.925000,0 days 00:00:23.985000,0 days 01:15:11.359000,0 days 01:15:42.284000,0 days 01:16:06.269000,276.0,230.0,242.0,282.0,False,MEDIUM,7.0,True,Williams,0 days 01:14:40.907000,,1,19.0,False,,False,True,18.5,71.0,985.5,False,26.5,296,3.2,True,False,False,False,False,False,+45.586,+15.177,45.586,15.177,4566.267,85.36,,,30.45,30.925,23.985,4511.359,4542.284,4566.269,4480.907
2022,Hungarian Grand Prix,13,Hungary,Budapest,0 days 01:17:31.852000,ALB,23,0 days 00:01:25.585000,10.0,2.0,,Alexander Albon,,0 days 00:00:30.454000,0 days 00:00:31.109000,0 days 00:00:24.022000,0 days 01:16:36.723000,0 days 01:17:07.832000,0 days 01:17:31.854000,271.0,228.0,242.0,281.0,False,MEDIUM,8.0,True,Williams,0 days 01:16:06.267000,,1,19.0,False,,False,True,18.5,71.0,985.5,False,26.8,288,3.7,True,False,False,False,False,False,+46.657,+14.356,46.657,14.356,4651.852,85.585,,,30.454,31.109,24.022,4596.723,4627.832,4651.854,4566.267
2022,Hungarian Grand Prix,13,Hungary,Budapest,0 days 01:18:57.565000,ALB,23,0 days 00:01:25.713000,11.0,2.0,,Alexander Albon,,0 days 00:00:30.483000,0 days 00:00:31.135000,0 days 00:00:24.095000,0 days 01:18:02.337000,0 days 01:18:33.472000,0 days 01:18:57.567000,275.0,229.0,242.0,280.0,False,MEDIUM,9.0,True,Williams,0 days 01:17:31.852000,,1,19.0,False,,False,True,18.5,71.0,985.5,False,26.8,285,4.1,True,False,False,False,False,False,+48.060,+13.771,48.06,13.771,4737.565,85.713,,,30.483,31.135,24.095,4682.337,4713.472,4737.567,4651.852
2022,Hungarian Grand Prix,13,Hungary,Budapest,0 days 01:20:22.865000,ALB,23,0 days 00:01:25.300000,12.0,2.0,,Alexander Albon,,0 days 00:00:30.372000,0 days 00:00:30.968000,0 days 00:00:23.960000,0 days 01:19:27.939000,0 days 01:19:58.907000,0 days 01:20:22.867000,271.0,230.0,244.0,282.0,False,MEDIUM,10.0,True,Williams,0 days 01:18:57.565000,,1,19.0,False,,False,True,18.5,71.0,985.5,False,26.9,289,3.9,True,False,False,False,False,False,+49.198,+12.826,49.198,12.826,4822.865,85.3,,,30.372,30.968,23.96,4767.939,4798.907,4822.867,4737.565
2022,Hungarian Grand Prix,13,Hungary,Budapest,0 days 01:21:48.375000,ALB,23,0 days 00:01:25.510000,13.0,2.0,,Alexander Albon,,0 days 00:00:30.433000,0 days 00:00:30.960000,0 days 00:00:24.117000,0 days 01:20:53.300000,0 days 01:21:24.260000,0 days 01:21:48.377000,272.0,230.0,243.0,284.0,False,MEDIUM,11.0,True,Williams,0 days 01:20:22.865000,,1,19.0,False,,False,True,18.5,71.0,985.5,False,26.9,282,4.4,True,False,False,False,False,False,+50.136,+11.554,50.136,11.554,4908.375,85.51,,,30.433,30.96,24.117,4853.3,4884.26,4908.377,4822.865
2022,Hungarian Grand Prix,13,Hungary,Budapest,0 days 01:23:14.054000,ALB,23,0 days 00:01:25.679000,14.0,2.0,,Alexander Albon,,0 days 00:00:30.460000,0 days 00:00:31.011000,0 days 00:00:24.208000,0 days 01:22:18.837000,0 days 01:22:49.848000,0 days 01:23:14.056000,273.0,231.0,243.0,282.0,False,MEDIUM,12.0,True,Williams,0 days 01:21:48.375000,,1,18.0,False,,False,True,18.4,72.0,985.5,False,26.9,277,3.9,True,False,False,False,False,False,+50.802,+10.651,50.802,10.651,4994.054,85.679,,,30.46,31.011,24.208,4938.837,4969.848,4994.056,4908.375
2022,Hungarian Grand Prix,13,Hungary,Budapest,0 days 01:24:39.916000,ALB,23,0 days 00:01:25.862000,15.0,2.0,,Alexander Albon,,0 days 00:00:30.534000,0 days 00:00:31.123000,0 days 00:00:24.205000,0 days 01:23:44.590000,0 days 01:24:15.713000,0 days 01:24:39.918000,273.0,226.0,242.0,283.0,False,MEDIUM,13.0,True,Williams,0 days 01:23:14.054000,,1,17.0,False,,False,True,18.4,71.0,985.5,False,27.2,282,3.5,True,False,False,False,False,False,+51.772,+9.348,51.772,9.348,5079.916,85.862,,,30.534,31.123,24.205,5024.59,5055.713,5079.918,4994.054
2022,Hungarian Grand Prix,13,Hungary,Budapest,0 days 01:26:05.776000,ALB,23,0 days 00:01:25.860000,16.0,2.0,,Alexander Albon,,0 days 00:00:30.576000,0 days 00:00:31.186000,0 days 00:00:24.098000,0 days 01:25:10.494000,0 days 01:25:41.680000,0 days 01:26:05.778000,272.0,228.0,242.0,283.0,False,MEDIUM,14.0,True,Williams,0 days 01:24:39.916000,,1,15.0,False,,False,True,18.4,70.0,985.5,False,27.2,291,3.2,True,False,False,False,False,False,+51.356,+8.716,51.356,8.716,5165.776,85.86,,,30.576,31.186,24.098,5110.494,5141.68,5165.778,5079.916
2022,Hungarian Grand Prix,13,Hungary,Budapest,0 days 01:27:32.717000,ALB,23,0 days 00:01:26.941000,17.0,2.0,,Alexander Albon,,0 days 00:00:30.823000,0 days 00:00:31.653000,0 days 00:00:24.465000,0 days 01:26:36.601000,0 days 01:27:08.254000,0 days 01:27:32.719000,275.0,230.0,242.0,280.0,False,MEDIUM,15.0,True,Williams,0 days 01:26:05.776000,,1,15.0,False,,False,True,18.4,70.0,985.7,False,27.6,292,4.8,True,False,False,False,False,False,+53.300,+2.193,53.3,2.193,5252.717,86.941,,,30.823,31.653,24.465,5196.601,5228.254,5252.719,5165.776
2022,Hungarian Grand Prix,13,Hungary,Budapest,0 days 01:29:00.053000,ALB,23,0 days 00:01:27.336000,18.0,2.0,,Alexander Albon,,0 days 00:00:30.849000,0 days 00:00:32.064000,0 days 00:00:24.423000,0 days 01:28:03.568000,0 days 01:28:35.632000,0 days 01:29:00.055000,277.0,227.0,242.0,282.0,False,MEDIUM,16.0,True,Williams,0 days 01:27:32.717000,,1,16.0,False,,False,True,18.4,71.0,985.5,False,27.6,287,4.5,True,False,False,False,False,False,+56.844,+2.452,56.844,2.452,5340.053,87.336,,,30.849,32.064,24.423,5283.568,5315.632,5340.055,5252.717
2022,Hungarian Grand Prix,13,Hungary,Budapest,0 days 01:30:27.520000,ALB,23,0 days 00:01:27.467000,19.0,2.0,,Alexander Albon,,0 days 00:00:31.098000,0 days 00:00:32.002000,0 days 00:00:24.367000,0 days 01:29:31.153000,0 days 01:30:03.155000,0 days 01:30:27.522000,277.0,230.0,243.0,282.0,False,MEDIUM,17.0,True,Williams,0 days 01:29:00.053000,,1,16.0,False,,False,True,18.4,70.0,985.7,False,27.6,281,4.4,True,False,False,False,False,False,+60.400,+2.171,60.4,2.171,5427.52,87.467,,,31.098,32.002,24.367,5371.153,5403.155,5427.522,5340.053
2022,Hungarian Grand Prix,13,Hungary,Budapest,0 days 01:31:54.183000,ALB,23,0 days 00:01:26.663000,20.0,2.0,,Alexander Albon,,0 days 00:00:30.682000,0 days 00:00:31.671000,0 days 00:00:24.310000,0 days 01:30:58.204000,0 days 01:31:29.875000,0 days 01:31:54.185000,276.0,229.0,244.0,284.0,False,MEDIUM,18.0,True,Williams,0 days 01:30:27.520000,,1,16.0,False,,False,True,18.5,70.0,985.5,False,27.5,283,4.3,True,False,False,False,False,False,+62.852,+3.891,62.852,3.891,5514.183,86.663,,,30.682,31.671,24.31,5458.204,5489.875,5514.185,5427.52
2022,Hungarian Grand Prix,13,Hungary,Budapest,0 days 01:33:24.524000,ALB,23,0 days 00:01:30.341000,21.0,2.0,,Alexander Albon,0 days 01:33:22.639000,0 days 00:00:30.969000,0 days 00:00:32.690000,0 days 00:00:26.682000,0 days 01:32:25.154000,0 days 01:32:57.844000,0 days 01:33:24.526000,272.0,225.0,,285.0,False,MEDIUM,19.0,True,Williams,0 days 01:31:54.183000,,1,18.0,False,,False,False,18.5,70.0,985.5,False,27.5,279,4.0,True,False,False,False,False,False,+48.520,+2.087,48.52,2.087,5604.524,90.341,5602.639,,30.969,32.69,26.682,5545.154,5577.844,5604.526,5514.183
2022,Hungarian Grand Prix,13,Hungary,Budapest,0 days 01:35:09.057000,ALB,23,0 days 00:01:44.533000,22.0,3.0,0 days 01:33:44.426000,Alexander Albon,,0 days 00:00:49.163000,0 days 00:00:31.419000,0 days 00:00:23.951000,0 days 01:34:13.689000,0 days 01:34:45.108000,0 days 01:35:09.059000,269.0,230.0,242.0,285.0,False,MEDIUM,1.0,True,Williams,0 days 01:33:24.524000,,1,20.0,False,,False,False,18.5,70.0,985.5,False,27.7,293,4.4,True,False,False,False,False,False,+71.948,+13.953,71.948,13.953,5709.057,104.533,,5624.426,49.163,31.419,23.951,5653.689,5685.108,5709.059,5604.524
2022,Hungarian Grand Prix,13,Hungary,Budapest,0 days 01:36:34.259000,ALB,23,0 days 00:01:25.202000,23.0,3.0,,Alexander Albon,,0 days 00:00:30.132000,0 days 00:00:31.170000,0 days 00:00:23.900000,0 days 01:35:39.191000,0 days 01:36:10.361000,0 days 01:36:34.261000,272.0,230.0,243.0,280.0,False,MEDIUM,2.0,True,Williams,0 days 01:35:09.057000,,1,20.0,False,,False,True,18.4,70.0,985.5,False,27.8,277,3.2,True,False,False,False,False,False,+73.595,+13.638,73.595,13.638,5794.259,85.202,,,30.132,31.17,23.9,5739.191,5770.361,5794.261,5709.057
2022,Hungarian Grand Prix,13,Hungary,Budapest,0 days 01:37:59.064000,ALB,23,0 days 00:01:24.805000,24.0,3.0,,Alexander Albon,,0 days 00:00:30.138000,0 days 00:00:30.817000,0 days 00:00:23.850000,0 days 01:37:04.399000,0 days 01:37:35.216000,0 days 01:37:59.066000,275.0,231.0,245.0,281.0,False,MEDIUM,3.0,True,Williams,0 days 01:36:34.259000,,1,20.0,False,,False,True,18.5,70.0,985.5,False,28.0,271,4.6,True,False,False,False,False,False,+74.565,+12.927,74.565,12.927,5879.064,84.805,,,30.138,30.817,23.85,5824.399,5855.216,5879.066,5794.259
2022,Hungarian Grand Prix,13,Hungary,Budapest,0 days 01:39:23.842000,ALB,23,0 days 00:01:24.778000,25.0,3.0,,Alexander Albon,,0 days 00:00:30.095000,0 days 00:00:31.023000,0 days 00:00:23.660000,0 days 01:38:29.161000,0 days 01:39:00.184000,0 days 01:39:23.844000,274.0,231.0,245.0,283.0,False,MEDIUM,4.0,True,Williams,0 days 01:37:59.064000,,1,20.0,False,,False,True,18.5,70.0,985.5,False,28.1,285,4.1,True,False,False,False,False,False,+75.612,+12.142,75.612,12.142,5963.842,84.778,,,30.095,31.023,23.66,5909.161,5940.184,5963.844,5879.064
2022,Hungarian Grand Prix,13,Hungary,Budapest,0 days 01:40:48.519000,ALB,23,0 days 00:01:24.677000,26.0,3.0,,Alexander Albon,,0 days 00:00:30.090000,0 days 00:00:30.837000,0 days 00:00:23.750000,0 days 01:39:53.934000,0 days 01:40:24.771000,0 days 01:40:48.521000,272.0,231.0,244.0,283.0,True,MEDIUM,5.0,True,Williams,0 days 01:39:23.842000,,1,20.0,False,,False,True,18.5,70.0,985.5,False,28.3,277,3.4,True,False,False,False,False,False,+76.512,+11.375,76.512,11.375,6048.519,84.677,,,30.09,30.837,23.75,5993.934,6024.771,6048.521,5963.842
2022,Hungarian Grand Prix,13,Hungary,Budapest,0 days 01:42:13.778000,ALB,23,0 days 00:01:25.259000,27.0,3.0,,Alexander Albon,,0 days 00:00:30.180000,0 days 00:00:31.064000,0 days 00:00:24.015000,0 days 01:41:18.701000,0 days 01:41:49.765000,0 days 01:42:13.780000,274.0,229.0,245.0,283.0,False,MEDIUM,6.0,True,Williams,0 days 01:40:48.519000,,1,20.0,False,,False,True,18.5,70.0,985.5,False,28.5,294,3.5,True,False,False,False,False,False,+77.907,+11.131,77.907,11.131,6133.778,85.259,,,30.18,31.064,24.015,6078.701,6109.765,6133.78,6048.519
2022,Hungarian Grand Prix,13,Hungary,Budapest,0 days 01:43:38.891000,ALB,23,0 days 00:01:25.113000,28.0,3.0,,Alexander Albon,,0 days 00:00:30.267000,0 days 00:00:31.059000,0 days 00:00:23.787000,0 days 01:42:44.047000,0 days 01:43:15.106000,0 days 01:43:38.893000,273.0,233.0,244.0,282.0,False,MEDIUM,7.0,True,Williams,0 days 01:42:13.778000,,1,20.0,False,,False,True,18.6,70.0,985.5,False,28.5,291,4.0,True,False,False,False,False,False,+78.454,+8.711,78.454,8.711,6218.891,85.113,,,30.267,31.059,23.787,6164.047,6195.106,6218.893,6133.778
2022,Hungarian Grand Prix,13,Hungary,Budapest,0 days 01:45:03.641000,ALB,23,0 days 00:01:24.750000,29.0,3.0,,Alexander Albon,,0 days 00:00:30.099000,0 days 00:00:30.865000,0 days 00:00:23.786000,0 days 01:44:08.992000,0 days 01:44:39.857000,0 days 01:45:03.643000,272.0,231.0,244.0,281.0,False,MEDIUM,8.0,True,Williams,0 days 01:43:38.891000,,1,20.0,False,,False,True,18.6,69.0,985.4,False,28.5,274,4.8,True,False,False,False,False,False,+78.938,+6.901,78.938,6.901,6303.641,84.75,,,30.099,30.865,23.786,6248.992,6279.857,6303.643,6218.891
2022,Hungarian Grand Prix,13,Hungary,Budapest,0 days 01:46:28.641000,ALB,23,0 days 00:01:25,30.0,3.0,,Alexander Albon,,0 days 00:00:30.188000,0 days 00:00:30.721000,0 days 00:00:24.091000,0 days 01:45:33.831000,0 days 01:46:04.552000,0 days 01:46:28.643000,274.0,232.0,243.0,282.0,False,MEDIUM,9.0,True,Williams,0 days 01:45:03.641000,,1,20.0,False,,False,True,18.4,70.0,985.5,False,28.5,290,3.9,True,False,False,False,False,False,+79.182,+6.012,79.182,6.012,6388.641,85.0,,,30.188,30.721,24.091,6333.831,6364.552,6388.643,6303.641
2022,Hungarian Grand Prix,13,Hungary,Budapest,0 days 01:47:53.931000,ALB,23,0 days 00:01:25.290000,31.0,3.0,,Alexander Albon,,0 days 00:00:30.108000,0 days 00:00:31.324000,0 days 00:00:23.858000,0 days 01:46:58.751000,0 days 01:47:30.075000,0 days 01:47:53.933000,275.0,232.0,246.0,283.0,False,MEDIUM,10.0,True,Williams,0 days 01:46:28.641000,,1,20.0,False,,False,True,18.4,70.0,985.5,False,28.0,277,5.0,True,False,False,False,False,False,+81.516,+5.304,81.516,5.304,6473.931,85.29,,,30.108,31.324,23.858,6418.751,6450.075,6473.933,6388.641
2022,Hungarian Grand Prix,13,Hungary,Budapest,0 days 01:49:18.422000,ALB,23,0 days 00:01:24.491000,32.0,3.0,,Alexander Albon,,0 days 00:00:29.987000,0 days 00:00:30.771000,0 days 00:00:23.733000,0 days 01:48:23.920000,0 days 01:48:54.691000,0 days 01:49:18.424000,277.0,235.0,246.0,283.0,True,MEDIUM,11.0,True,Williams,0 days 01:47:53.931000,,1,20.0,False,,False,True,18.4,71.0,985.5,False,27.7,266,5.8,True,False,False,False,False,False,+81.729,+3.978,81.729,3.978,6558.422,84.491,,,29.987,30.771,23.733,6503.92,6534.691,6558.424,6473.931
2022,Hungarian Grand Prix,13,Hungary,Budapest,0 days 01:50:48.625000,ALB,23,0 days 00:01:30.203000,33.0,3.0,,Alexander Albon,,0 days 00:00:30.023000,0 days 00:00:33.127000,0 days 00:00:27.053000,0 days 01:49:48.447000,0 days 01:50:21.574000,0 days 01:50:48.627000,275.0,229.0,231.0,284.0,False,MEDIUM,12.0,True,Williams,0 days 01:49:18.422000,,1,20.0,False,,False,True,18.3,71.0,985.5,False,27.6,285,3.9,True,False,False,False,False,False,1 L,+8.401,,8.401,6648.625,90.203,,,30.023,33.127,27.053,6588.447,6621.574,6648.627,6558.422
2022,Hungarian Grand Prix,13,Hungary,Budapest,0 days 01:52:15.512000,ALB,23,0 days 00:01:26.887000,34.0,3.0,,Alexander Albon,,0 days 00:00:31.396000,0 days 00:00:31.292000,0 days 00:00:24.199000,0 days 01:51:20.023000,0 days 01:51:51.315000,0 days 01:52:15.514000,274.0,229.0,245.0,268.0,False,MEDIUM,13.0,True,Williams,0 days 01:50:48.625000,,12,19.0,False,,False,True,18.3,70.0,985.5,False,27.3,282,4.4,True,True,False,False,False,False,1 L,+9.616,,9.616,6735.512,86.887,,,31.396,31.292,24.199,6680.023,6711.315,6735.514,6648.625
2022,Hungarian Grand Prix,13,Hungary,Budapest,0 days 01:53:42.475000,ALB,23,0 days 00:01:26.963000,35.0,3.0,,Alexander Albon,,0 days 00:00:30.263000,0 days 00:00:31.129000,0 days 00:00:25.571000,0 days 01:52:45.777000,0 days 01:53:16.906000,0 days 01:53:42.477000,275.0,229.0,249.0,286.0,False,MEDIUM,14.0,True,Williams,0 days 01:52:15.512000,,1,19.0,False,,False,True,18.2,71.0,985.5,False,26.8,279,3.4,True,False,False,False,False,False,1 L,+7.895,,7.895,6822.475,86.963,,,30.263,31.129,25.571,6765.777,6796.906,6822.477,6735.512
2022,Hungarian Grand Prix,13,Hungary,Budapest,0 days 01:55:08.405000,ALB,23,0 days 00:01:25.930000,36.0,3.0,,Alexander Albon,,0 days 00:00:30.283000,0 days 00:00:31.473000,0 days 00:00:24.174000,0 days 01:54:12.760000,0 days 01:54:44.233000,0 days 01:55:08.407000,274.0,230.0,243.0,303.0,False,MEDIUM,15.0,True,Williams,0 days 01:53:42.475000,,1,18.0,False,,False,True,18.2,71.0,985.7,False,26.9,282,3.9,True,False,False,False,False,False,1 L,+16.345,,16.345,6908.405,85.93,,,30.283,31.473,24.174,6852.76,6884.233,6908.407,6822.475
2022,Hungarian Grand Prix,13,Hungary,Budapest,0 days 01:56:33.813000,ALB,23,0 days 00:01:25.408000,37.0,3.0,,Alexander Albon,,0 days 00:00:30.349000,0 days 00:00:31.176000,0 days 00:00:23.883000,0 days 01:55:38.756000,0 days 01:56:09.932000,0 days 01:56:33.815000,275.0,232.0,245.0,285.0,False,MEDIUM,16.0,True,Williams,0 days 01:55:08.405000,,1,18.0,False,,False,True,18.1,72.0,985.7,False,26.8,290,2.7,True,False,False,False,False,False,1 L,+14.253,,14.253,6993.813,85.408,,,30.349,31.176,23.883,6938.756,6969.932,6993.815,6908.405
2022,Hungarian Grand Prix,13,Hungary,Budapest,0 days 01:57:58.908000,ALB,23,0 days 00:01:25.095000,38.0,3.0,,Alexander Albon,,0 days 00:00:30.120000,0 days 00:00:30.956000,0 days 00:00:24.019000,0 days 01:57:03.935000,0 days 01:57:34.891000,0 days 01:57:58.910000,276.0,229.0,245.0,281.0,False,MEDIUM,17.0,True,Williams,0 days 01:56:33.813000,,1,18.0,False,,False,True,18.0,71.0,985.7,False,26.4,270,5.5,True,False,False,False,False,False,1 L,+13.376,,13.376,7078.908,85.095,,,30.12,30.956,24.019,7023.935,7054.891,7078.91,6993.813
2022,Hungarian Grand Prix,13,Hungary,Budapest,0 days 01:59:23.828000,ALB,23,0 days 00:01:24.920000,39.0,3.0,,Alexander Albon,,0 days 00:00:30.095000,0 days 00:00:30.982000,0 days 00:00:23.843000,0 days 01:58:29.005000,0 days 01:58:59.987000,0 days 01:59:23.830000,278.0,228.0,244.0,284.0,False,MEDIUM,18.0,True,Williams,0 days 01:57:58.908000,,1,18.0,False,,False,True,18.0,72.0,985.7,False,26.5,293,3.4,True,False,False,False,False,False,1 L,+12.884,,12.884,7163.828,84.92,,,30.095,30.982,23.843,7109.005,7139.987,7163.83,7078.908
2022,Hungarian Grand Prix,13,Hungary,Budapest,0 days 02:00:51.101000,ALB,23,0 days 00:01:27.273000,40.0,3.0,,Alexander Albon,0 days 02:00:49.411000,0 days 00:00:30.182000,0 days 00:00:30.731000,0 days 00:00:26.360000,0 days 01:59:54.012000,0 days 02:00:24.743000,0 days 02:00:51.103000,278.0,232.0,,281.0,False,MEDIUM,19.0,True,Williams,0 days 01:59:23.828000,,12,17.0,False,,False,False,18.0,72.0,985.7,False,26.5,286,3.7,True,True,False,False,False,False,1 L,+15.258,,15.258,7251.101,87.273,7249.411,,30.182,30.731,26.36,7194.012,7224.743,7251.103,7163.828
2022,Hungarian Grand Prix,13,Hungary,Budapest,0 days 02:02:35.972000,ALB,23,0 days 00:01:44.871000,41.0,4.0,0 days 02:01:13.683000,Alexander Albon,,0 days 00:00:50.999000,0 days 00:00:30.437000,0 days 00:00:23.435000,0 days 02:01:42.102000,0 days 02:02:12.539000,0 days 02:02:35.974000,273.0,236.0,244.0,281.0,False,SOFT,1.0,True,Williams,0 days 02:00:51.101000,,1,20.0,False,,False,False,18.0,71.0,985.7,False,26.4,289,5.1,True,False,False,False,False,False,1 L,+4.779,,4.779,7355.972,104.871,,7273.683,50.999,30.437,23.435,7302.102,7332.539,7355.974,7251.101
2022,Hungarian Grand Prix,13,Hungary,Budapest,0 days 02:03:59.329000,ALB,23,0 days 00:01:23.357000,42.0,4.0,,Alexander Albon,,0 days 00:00:29.751000,0 days 00:00:30.270000,0 days 00:00:23.336000,0 days 02:03:05.725000,0 days 02:03:35.995000,0 days 02:03:59.331000,272.0,232.0,246.0,281.0,True,SOFT,2.0,True,Williams,0 days 02:02:35.972000,,1,20.0,False,,False,True,18.0,71.0,985.7,False,26.1,287,4.8,True,False,False,False,False,False,1 L,+3.407,,3.407,7439.329,83.357,,,29.751,30.27,23.336,7385.725,7415.995,7439.331,7355.972
2022,Hungarian Grand Prix,13,Hungary,Budapest,0 days 02:05:22.376000,ALB,23,0 days 00:01:23.047000,43.0,4.0,,Alexander Albon,,0 days 00:00:29.608000,0 days 00:00:30.172000,0 days 00:00:23.267000,0 days 02:04:28.939000,0 days 02:04:59.111000,0 days 02:05:22.378000,276.0,237.0,246.0,286.0,True,SOFT,3.0,True,Williams,0 days 02:03:59.329000,,1,20.0,False,,False,True,17.9,71.0,985.7,False,26.2,284,4.5,True,False,False,False,False,False,1 L,+1.901,,1.901,7522.376,83.047,,,29.608,30.172,23.267,7468.939,7499.111,7522.378,7439.329
2022,Hungarian Grand Prix,13,Hungary,Budapest,0 days 02:06:45.806000,ALB,23,0 days 00:01:23.430000,44.0,4.0,,Alexander Albon,,0 days 00:00:29.553000,0 days 00:00:30.654000,0 days 00:00:23.223000,0 days 02:05:51.931000,0 days 02:06:22.585000,0 days 02:06:45.808000,277.0,234.0,252.0,284.0,False,SOFT,4.0,True,Williams,0 days 02:05:22.376000,,1,20.0,False,,False,True,18.0,72.0,985.7,False,26.1,286,3.9,True,False,False,False,False,False,1 L,+0.770,,0.77,7605.806,83.43,,,29.553,30.654,23.223,7551.931,7582.585,7605.808,7522.376
2022,Hungarian Grand Prix,13,Hungary,Budapest,0 days 02:08:09.397000,ALB,23,0 days 00:01:23.591000,45.0,4.0,,Alexander Albon,,0 days 00:00:29.451000,0 days 00:00:30.424000,0 days 00:00:23.716000,0 days 02:07:15.259000,0 days 02:07:45.683000,0 days 02:08:09.399000,289.0,235.0,245.0,303.0,False,SOFT,5.0,True,Williams,0 days 02:06:45.806000,,1,19.0,False,,False,True,18.0,71.0,985.7,False,26.1,285,3.7,True,False,False,False,False,False,1 L,+6.119,,6.119,7689.397,83.591,,,29.451,30.424,23.716,7635.259,7665.683,7689.399,7605.806
2022,Hungarian Grand Prix,13,Hungary,Budapest,0 days 02:09:33.263000,ALB,23,0 days 00:01:23.866000,46.0,4.0,,Alexander Albon,,0 days 00:00:29.711000,0 days 00:00:30.607000,0 days 00:00:23.548000,0 days 02:08:39.110000,0 days 02:09:09.717000,0 days 02:09:33.265000,271.0,232.0,246.0,283.0,False,SOFT,6.0,True,Williams,0 days 02:08:09.397000,,12,19.0,False,,False,True,18.1,71.0,985.7,False,26.1,296,3.7,True,True,False,False,False,False,1 L,+6.156,,6.156,7773.263,83.866,,,29.711,30.607,23.548,7719.11,7749.717,7773.265,7689.397
2022,Hungarian Grand Prix,13,Hungary,Budapest,0 days 02:10:57.154000,ALB,23,0 days 00:01:23.891000,47.0,4.0,,Alexander Albon,,0 days 00:00:29.648000,0 days 00:00:30.766000,0 days 00:00:23.477000,0 days 02:10:02.913000,0 days 02:10:33.679000,0 days 02:10:57.156000,272.0,232.0,246.0,284.0,False,SOFT,7.0,True,Williams,0 days 02:09:33.263000,,1,19.0,False,,False,True,18.1,70.0,985.7,True,26.1,289,4.6,True,False,False,False,False,False,1 L,+5.559,,5.559,7857.154,83.891,,,29.648,30.766,23.477,7802.913,7833.679,7857.156,7773.263
2022,Hungarian Grand Prix,13,Hungary,Budapest,0 days 02:12:21.011000,ALB,23,0 days 00:01:23.857000,48.0,4.0,,Alexander Albon,,0 days 00:00:29.797000,0 days 00:00:30.437000,0 days 00:00:23.623000,0 days 02:11:26.953000,0 days 02:11:57.390000,0 days 02:12:21.013000,276.0,234.0,246.0,285.0,False,SOFT,8.0,True,Williams,0 days 02:10:57.154000,,1,19.0,False,,False,True,18.1,71.0,985.7,False,26.1,291,4.3,True,False,False,False,False,False,1 L,+4.724,,4.724,7941.011,83.857,,,29.797,30.437,23.623,7886.953,7917.39,7941.013,7857.154
2022,Hungarian Grand Prix,13,Hungary,Budapest,0 days 02:13:45.003000,ALB,23,0 days 00:01:23.992000,49.0,4.0,,Alexander Albon,,0 days 00:00:29.840000,0 days 00:00:30.428000,0 days 00:00:23.724000,0 days 02:12:50.853000,0 days 02:13:21.281000,0 days 02:13:45.005000,273.0,234.0,246.0,285.0,False,SOFT,9.0,True,Williams,0 days 02:12:21.011000,,1,19.0,False,,False,True,18.1,71.0,985.7,False,25.8,281,3.9,True,False,False,False,False,False,1 L,+4.397,,4.397,8025.003,83.992,,,29.84,30.428,23.724,7970.853,8001.281,8025.005,7941.011
2022,Hungarian Grand Prix,13,Hungary,Budapest,0 days 02:15:08.640000,ALB,23,0 days 00:01:23.637000,50.0,4.0,,Alexander Albon,,0 days 00:00:29.838000,0 days 00:00:30.363000,0 days 00:00:23.436000,0 days 02:14:14.843000,0 days 02:14:45.206000,0 days 02:15:08.642000,276.0,236.0,247.0,284.0,False,SOFT,10.0,True,Williams,0 days 02:13:45.003000,,1,19.0,False,,False,True,18.1,70.0,985.7,True,25.8,289,3.7,True,False,False,False,False,False,1 L,+3.717,,3.717,8108.64,83.637,,,29.838,30.363,23.436,8054.843,8085.206,8108.642,8025.003
2022,Hungarian Grand Prix,13,Hungary,Budapest,0 days 02:16:34.696000,ALB,23,0 days 00:01:26.056000,51.0,4.0,,Alexander Albon,,0 days 00:00:31.304000,0 days 00:00:31.035000,0 days 00:00:23.717000,0 days 02:15:39.946000,0 days 02:16:10.981000,0 days 02:16:34.698000,274.0,234.0,248.0,283.0,False,SOFT,11.0,True,Williams,0 days 02:15:08.640000,,1,19.0,False,,False,True,18.1,70.0,985.7,False,25.8,293,5.0,True,False,False,False,False,False,1 L,+4.877,,4.877,8194.696,86.056,,,31.304,31.035,23.717,8139.946,8170.981,8194.698,8108.64
2022,Hungarian Grand Prix,13,Hungary,Budapest,0 days 02:17:58.779000,ALB,23,0 days 00:01:24.083000,52.0,4.0,,Alexander Albon,,0 days 00:00:29.738000,0 days 00:00:30.555000,0 days 00:00:23.790000,0 days 02:17:04.436000,0 days 02:17:34.991000,0 days 02:17:58.781000,276.0,233.0,246.0,285.0,False,SOFT,12.0,True,Williams,0 days 02:16:34.696000,,1,18.0,False,,False,True,18.1,70.0,985.9,False,25.6,291,5.0,True,False,False,False,False,False,1 L,+2.144,,2.144,8278.779,84.083,,,29.738,30.555,23.79,8224.436,8254.991,8278.781,8194.696
2022,Hungarian Grand Prix,13,Hungary,Budapest,0 days 02:19:23.400000,ALB,23,0 days 00:01:24.621000,53.0,4.0,,Alexander Albon,,0 days 00:00:29.913000,0 days 00:00:30.985000,0 days 00:00:23.723000,0 days 02:18:28.694000,0 days 02:18:59.679000,0 days 02:19:23.402000,274.0,234.0,248.0,287.0,False,SOFT,13.0,True,Williams,0 days 02:17:58.779000,,1,18.0,False,,False,True,18.1,70.0,985.7,False,25.5,280,4.5,True,False,False,False,False,False,1 L,+1.617,,1.617,8363.4,84.621,,,29.913,30.985,23.723,8308.694,8339.679,8363.402,8278.779
2022,Hungarian Grand Prix,13,Hungary,Budapest,0 days 02:20:49.327000,ALB,23,0 days 00:01:25.927000,54.0,4.0,,Alexander Albon,,0 days 00:00:30.525000,0 days 00:00:31.547000,0 days 00:00:23.855000,0 days 02:19:53.927000,0 days 02:20:25.474000,0 days 02:20:49.329000,267.0,234.0,253.0,287.0,False,SOFT,14.0,True,Williams,0 days 02:19:23.400000,,1,18.0,False,,False,True,18.0,69.0,985.7,False,25.5,283,4.8,True,False,False,False,False,False,1 L,+0.329,,0.329,8449.327,85.927,,,30.525,31.547,23.855,8393.927,8425.474,8449.329,8363.4
2022,Hungarian Grand Prix,13,Hungary,Budapest,0 days 02:22:14.871000,ALB,23,0 days 00:01:25.544000,55.0,4.0,,Alexander Albon,,0 days 00:00:30.008000,0 days 00:00:31.535000,0 days 00:00:24.001000,0 days 02:21:19.337000,0 days 02:21:50.872000,0 days 02:22:14.873000,265.0,232.0,253.0,310.0,False,SOFT,15.0,True,Williams,0 days 02:20:49.327000,,1,18.0,False,,False,True,18.0,70.0,985.9,True,25.2,288,4.1,True,False,False,False,False,False,1 L,+0.296,,0.296,8534.871,85.544,,,30.008,31.535,24.001,8479.337,8510.872,8534.873,8449.327
2022,Hungarian Grand Prix,13,Hungary,Budapest,0 days 02:23:39.385000,ALB,23,0 days 00:01:24.514000,56.0,4.0,,Alexander Albon,,0 days 00:00:29.738000,0 days 00:00:31.030000,0 days 00:00:23.746000,0 days 02:22:44.611000,0 days 02:23:15.641000,0 days 02:23:39.387000,271.0,232.0,245.0,303.0,False,SOFT,16.0,True,Williams,0 days 02:22:14.871000,,1,17.0,False,,False,True,18.0,70.0,985.9,True,25.1,279,4.4,True,False,False,False,False,False,1 L,+8.273,,8.273,8619.385,84.514,,,29.738,31.03,23.746,8564.611,8595.641,8619.387,8534.871
2022,Hungarian Grand Prix,13,Hungary,Budapest,0 days 02:25:04.551000,ALB,23,0 days 00:01:25.166000,57.0,4.0,,Alexander Albon,,0 days 00:00:30.072000,0 days 00:00:31.231000,0 days 00:00:23.863000,0 days 02:24:09.459000,0 days 02:24:40.690000,0 days 02:25:04.553000,278.0,233.0,247.0,283.0,False,SOFT,17.0,True,Williams,0 days 02:23:39.385000,,1,17.0,True,TRACK LIMITS AT TURN 7 LAP 57 ,False,True,18.0,70.0,985.9,True,25.1,284,3.5,True,False,False,False,False,False,1 L,+7.570,,7.57,8704.551,85.166,,,30.072,31.231,23.863,8649.459,8680.69,8704.553,8619.385
2022,Hungarian Grand Prix,13,Hungary,Budapest,0 days 02:26:29.799000,ALB,23,0 days 00:01:25.248000,58.0,4.0,,Alexander Albon,,0 days 00:00:30.320000,0 days 00:00:31.047000,0 days 00:00:23.881000,0 days 02:25:34.873000,0 days 02:26:05.920000,0 days 02:26:29.801000,278.0,233.0,245.0,281.0,False,SOFT,18.0,True,Williams,0 days 02:25:04.551000,,1,18.0,False,,False,True,18.1,69.0,985.7,True,24.8,288,4.1,True,False,False,False,False,False,1 L,+2.830,,2.83,8789.799,85.248,,,30.32,31.047,23.881,8734.873,8765.92,8789.801,8704.551
2022,Hungarian Grand Prix,13,Hungary,Budapest,0 days 02:27:54.936000,ALB,23,0 days 00:01:25.137000,59.0,4.0,,Alexander Albon,,0 days 00:00:30.100000,0 days 00:00:31.069000,0 days 00:00:23.968000,0 days 02:26:59.901000,0 days 02:27:30.970000,0 days 02:27:54.938000,277.0,233.0,245.0,284.0,False,SOFT,19.0,True,Williams,0 days 02:26:29.799000,,1,18.0,False,,False,True,18.1,70.0,985.9,True,24.8,291,5.4,True,False,False,False,False,False,1 L,+5.486,,5.486,8874.936,85.137,,,30.1,31.069,23.968,8819.901,8850.97,8874.938,8789.799
2022,Hungarian Grand Prix,13,Hungary,Budapest,0 days 02:29:19.998000,ALB,23,0 days 00:01:25.062000,60.0,4.0,,Alexander Albon,,0 days 00:00:30.170000,0 days 00:00:30.891000,0 days 00:00:24.001000,0 days 02:28:25.108000,0 days 02:28:55.999000,0 days 02:29:20,279.0,231.0,246.0,282.0,False,SOFT,20.0,True,Williams,0 days 02:27:54.936000,,1,18.0,False,,False,True,18.0,70.0,985.9,True,24.8,282,4.8,True,False,False,False,False,False,1 L,+8.047,,8.047,8959.998,85.062,,,30.17,30.891,24.001,8905.108,8935.999,8960.0,8874.936
2022,Hungarian Grand Prix,13,Hungary,Budapest,0 days 02:30:45.084000,ALB,23,0 days 00:01:25.086000,61.0,4.0,,Alexander Albon,,0 days 00:00:29.967000,0 days 00:00:31.068000,0 days 00:00:24.051000,0 days 02:29:49.967000,0 days 02:30:21.035000,0 days 02:30:45.086000,279.0,233.0,247.0,284.0,False,SOFT,21.0,True,Williams,0 days 02:29:19.998000,,1,18.0,False,,False,True,18.0,70.0,985.9,True,24.6,285,5.0,True,False,False,False,False,False,1 L,+9.791,,9.791,9045.084,85.086,,,29.967,31.068,24.051,8989.967,9021.035,9045.086,8959.998
2022,Hungarian Grand Prix,13,Hungary,Budapest,0 days 02:32:10.424000,ALB,23,0 days 00:01:25.340000,62.0,4.0,,Alexander Albon,,0 days 00:00:29.975000,0 days 00:00:31.229000,0 days 00:00:24.136000,0 days 02:31:15.061000,0 days 02:31:46.290000,0 days 02:32:10.426000,278.0,234.0,244.0,285.0,False,SOFT,22.0,True,Williams,0 days 02:30:45.084000,,1,18.0,False,,False,True,18.0,70.0,986.0,True,24.6,281,4.8,True,False,False,False,False,False,1 L,+9.511,,9.511,9130.424,85.34,,,29.975,31.229,24.136,9075.061,9106.29,9130.426,9045.084
2022,Hungarian Grand Prix,13,Hungary,Budapest,0 days 02:33:35.884000,ALB,23,0 days 00:01:25.460000,63.0,4.0,,Alexander Albon,,0 days 00:00:30.071000,0 days 00:00:31.127000,0 days 00:00:24.262000,0 days 02:32:40.497000,0 days 02:33:11.624000,0 days 02:33:35.886000,279.0,233.0,245.0,283.0,False,SOFT,23.0,True,Williams,0 days 02:32:10.424000,,1,18.0,False,,False,True,18.1,70.0,986.0,True,24.7,287,3.4,True,False,False,False,False,False,1 L,+10.174,,10.174,9215.884,85.46,,,30.071,31.127,24.262,9160.497,9191.624,9215.886,9130.424
2022,Hungarian Grand Prix,13,Hungary,Budapest,0 days 02:35:01.669000,ALB,23,0 days 00:01:25.785000,64.0,4.0,,Alexander Albon,,0 days 00:00:30.102000,0 days 00:00:31.252000,0 days 00:00:24.431000,0 days 02:34:05.988000,0 days 02:34:37.240000,0 days 02:35:01.671000,278.0,234.0,244.0,284.0,False,SOFT,24.0,True,Williams,0 days 02:33:35.884000,,1,18.0,False,,False,True,18.1,69.0,986.0,True,24.7,274,3.7,True,False,False,False,False,False,1 L,+11.578,,11.578,9301.669,85.785,,,30.102,31.252,24.431,9245.988,9277.24,9301.671,9215.884
2022,Hungarian Grand Prix,13,Hungary,Budapest,0 days 02:36:28.046000,ALB,23,0 days 00:01:26.377000,65.0,4.0,,Alexander Albon,,0 days 00:00:30.362000,0 days 00:00:31.720000,0 days 00:00:24.295000,0 days 02:35:32.033000,0 days 02:36:03.753000,0 days 02:36:28.048000,277.0,234.0,245.0,281.0,False,SOFT,25.0,True,Williams,0 days 02:35:01.669000,,1,18.0,False,,False,True,18.1,70.0,986.0,True,24.7,289,3.2,True,False,False,False,False,False,1 L,+13.073,,13.073,9388.046,86.377,,,30.362,31.72,24.295,9332.033,9363.753,9388.048,9301.669
2022,Hungarian Grand Prix,13,Hungary,Budapest,0 days 02:38:02.173000,ALB,23,0 days 00:01:34.127000,66.0,4.0,,Alexander Albon,,0 days 00:00:30.609000,0 days 00:00:32.326000,0 days 00:00:31.192000,0 days 02:36:58.657000,0 days 02:37:30.983000,0 days 02:38:02.175000,278.0,230.0,172.0,283.0,False,SOFT,26.0,True,Williams,0 days 02:36:28.046000,,126,17.0,False,,False,False,18.1,69.0,986.2,False,24.7,272,4.5,True,True,False,False,True,False,1 L,+19.259,,19.259,9482.173,94.127,,,30.609,32.326,31.192,9418.657,9450.983,9482.175,9388.046
2022,Hungarian Grand Prix,13,Hungary,Budapest,0 days 02:39:51.718000,ALB,23,0 days 00:01:49.545000,67.0,4.0,,Alexander Albon,,0 days 00:00:41.060000,0 days 00:00:39.569000,0 days 00:00:28.916000,0 days 02:38:43.235000,0 days 02:39:22.804000,0 days 02:39:51.720000,241.0,200.0,244.0,216.0,False,SOFT,27.0,True,Williams,0 days 02:38:02.173000,,671,17.0,False,,False,False,18.1,69.0,986.2,True,24.4,278,4.5,True,False,False,False,True,True,1 L,+14.920,,14.92,9591.718,109.545,,,41.06,39.569,28.916,9523.235,9562.804,9591.72,9482.173
2022,Hungarian Grand Prix,13,Hungary,Budapest,0 days 02:41:20.339000,ALB,23,0 days 00:01:28.621000,68.0,4.0,,Alexander Albon,,0 days 00:00:31.409000,0 days 00:00:32.473000,0 days 00:00:24.739000,0 days 02:40:23.129000,0 days 02:40:55.602000,0 days 02:41:20.341000,272.0,229.0,247.0,283.0,False,SOFT,28.0,True,Williams,0 days 02:39:51.718000,,1,16.0,False,,False,True,18.1,70.0,986.0,True,24.2,284,4.5,True,False,False,False,False,False,1 L,+29.161,,29.161,9680.339,88.621,,,31.409,32.473,24.739,9623.129,9655.602,9680.341,9591.718
2022,Hungarian Grand Prix,13,Hungary,Budapest,0 days 02:42:48.824000,ALB,23,0 days 00:01:28.485000,69.0,4.0,,Alexander Albon,,0 days 00:00:30.848000,0 days 00:00:32.007000,0 days 00:00:25.630000,0 days 02:41:51.189000,0 days 02:42:23.196000,0 days 02:42:48.826000,277.0,231.0,243.0,285.0,False,SOFT,29.0,True,Williams,0 days 02:41:20.339000,,1,17.0,False,,False,True,18.0,70.0,986.0,True,23.7,253,4.8,True,False,False,False,False,False,1 L,+26.944,,26.944,9768.824,88.485,,,30.848,32.007,25.63,9711.189,9743.196,9768.826,9680.339
2022,Hungarian Grand Prix,13,Hungary,Budapest,0 days 01:03:55.122000,ZHO,24,0 days 00:01:49.084000,1.0,1.0,,Guanyu Zhou,,,0 days 00:00:34.524000,0 days 00:00:34.950000,,0 days 01:03:20.331000,0 days 01:03:55.308000,220.0,227.0,69.0,259.0,False,MEDIUM,1.0,True,Alfa Romeo,0 days 01:02:05.807000,,126,17.0,False,,False,False,18.4,70.0,985.7,True,26.4,289,5.0,True,True,False,False,True,False,+13.505,+0.789,13.505,0.789,3835.122,109.084,,,,34.524,34.95,,3800.331,3835.308,3725.807
2022,Hungarian Grand Prix,13,Hungary,Budapest,0 days 01:05:45.932000,ZHO,24,0 days 00:01:50.810000,2.0,1.0,,Guanyu Zhou,,0 days 00:00:46.205000,0 days 00:00:34.983000,0 days 00:00:29.622000,0 days 01:04:41.354000,0 days 01:05:16.337000,0 days 01:05:45.959000,232.0,204.0,171.0,107.0,True,MEDIUM,2.0,True,Alfa Romeo,0 days 01:03:55.122000,,67,17.0,False,,False,False,18.4,70.0,985.7,True,26.5,286,4.5,False,False,False,False,True,True,+17.938,+0.857,17.938,0.857,3945.932,110.81,,,46.205,34.983,29.622,3881.354,3916.337,3945.959,3835.122
2022,Hungarian Grand Prix,13,Hungary,Budapest,0 days 01:07:14.689000,ZHO,24,0 days 00:01:28.757000,3.0,1.0,,Guanyu Zhou,,0 days 00:00:33.158000,0 days 00:00:31.528000,0 days 00:00:24.071000,0 days 01:06:19.117000,0 days 01:06:50.645000,0 days 01:07:14.716000,267.0,231.0,245.0,249.0,True,MEDIUM,3.0,True,Alfa Romeo,0 days 01:05:45.932000,,71,17.0,False,,False,False,18.4,70.0,985.5,False,26.7,277,3.9,True,False,False,False,False,True,+17.458,+0.749,17.458,0.749,4034.689,88.757,,,33.158,31.528,24.071,3979.117,4010.645,4034.716,3945.932
2022,Hungarian Grand Prix,13,Hungary,Budapest,0 days 01:08:40.094000,ZHO,24,0 days 00:01:25.405000,4.0,1.0,,Guanyu Zhou,,0 days 00:00:30.251000,0 days 00:00:31.344000,0 days 00:00:23.810000,0 days 01:07:44.967000,0 days 01:08:16.311000,0 days 01:08:40.121000,259.0,231.0,249.0,296.0,True,MEDIUM,4.0,True,Alfa Romeo,0 days 01:07:14.689000,,1,17.0,False,,False,True,18.4,70.0,985.5,True,26.5,284,4.0,True,False,False,False,False,False,+19.305,+0.801,19.305,0.801,4120.094,85.405,,,30.251,31.344,23.81,4064.967,4096.311,4120.121,4034.689
2022,Hungarian Grand Prix,13,Hungary,Budapest,0 days 01:10:05.425000,ZHO,24,0 days 00:01:25.331000,5.0,1.0,,Guanyu Zhou,,0 days 00:00:30.253000,0 days 00:00:31.163000,0 days 00:00:23.915000,0 days 01:09:10.374000,0 days 01:09:41.537000,0 days 01:10:05.452000,266.0,233.0,247.0,298.0,True,MEDIUM,5.0,True,Alfa Romeo,0 days 01:08:40.094000,,1,17.0,False,,False,True,18.6,71.0,985.5,True,26.5,290,3.5,True,False,False,False,False,False,+20.614,+0.857,20.614,0.857,4205.425,85.331,,,30.253,31.163,23.915,4150.374,4181.537,4205.452,4120.094
2022,Hungarian Grand Prix,13,Hungary,Budapest,0 days 01:11:30.825000,ZHO,24,0 days 00:01:25.400000,6.0,1.0,,Guanyu Zhou,,0 days 00:00:30.121000,0 days 00:00:31.105000,0 days 00:00:24.174000,0 days 01:10:35.573000,0 days 01:11:06.678000,0 days 01:11:30.852000,270.0,230.0,245.0,296.0,False,MEDIUM,6.0,True,Alfa Romeo,0 days 01:10:05.425000,,1,17.0,False,,False,True,18.6,70.0,985.5,False,26.7,297,3.5,True,False,False,False,False,False,+21.925,+0.883,21.925,0.883,4290.825,85.4,,,30.121,31.105,24.174,4235.573,4266.678,4290.852,4205.425
2022,Hungarian Grand Prix,13,Hungary,Budapest,0 days 01:12:56.242000,ZHO,24,0 days 00:01:25.417000,7.0,1.0,,Guanyu Zhou,,0 days 00:00:30.293000,0 days 00:00:31.038000,0 days 00:00:24.086000,0 days 01:12:01.145000,0 days 01:12:32.183000,0 days 01:12:56.269000,272.0,233.0,246.0,295.0,False,MEDIUM,7.0,True,Alfa Romeo,0 days 01:11:30.825000,,1,16.0,False,,False,True,18.6,71.0,985.5,False,26.5,281,3.2,True,False,False,False,False,False,+23.394,+0.968,23.394,0.968,4376.242,85.417,,,30.293,31.038,24.086,4321.145,4352.183,4376.269,4290.825
2022,Hungarian Grand Prix,13,Hungary,Budapest,0 days 01:14:21.963000,ZHO,24,0 days 00:01:25.721000,8.0,1.0,,Guanyu Zhou,,0 days 00:00:30.294000,0 days 00:00:31.265000,0 days 00:00:24.162000,0 days 01:13:26.563000,0 days 01:13:57.828000,0 days 01:14:21.990000,271.0,229.0,241.0,297.0,False,MEDIUM,8.0,True,Alfa Romeo,0 days 01:12:56.242000,,1,16.0,False,,False,True,18.5,71.0,985.5,False,26.6,284,3.9,True,False,False,False,False,False,+24.946,+1.111,24.946,1.111,4461.963,85.721,,,30.294,31.265,24.162,4406.563,4437.828,4461.99,4376.242
2022,Hungarian Grand Prix,13,Hungary,Budapest,0 days 01:15:47.743000,ZHO,24,0 days 00:01:25.780000,9.0,1.0,,Guanyu Zhou,,0 days 00:00:30.644000,0 days 00:00:31.120000,0 days 00:00:24.016000,0 days 01:14:52.634000,0 days 01:15:23.754000,0 days 01:15:47.770000,268.0,229.0,240.0,282.0,False,MEDIUM,9.0,True,Alfa Romeo,0 days 01:14:21.963000,,1,16.0,False,,False,True,18.5,71.0,985.5,False,26.5,296,3.2,True,False,False,False,False,False,+26.991,+1.367,26.991,1.367,4547.743,85.78,,,30.644,31.12,24.016,4492.634,4523.754,4547.77,4461.963
2022,Hungarian Grand Prix,13,Hungary,Budapest,0 days 01:17:13.442000,ZHO,24,0 days 00:01:25.699000,10.0,1.0,,Guanyu Zhou,,0 days 00:00:30.562000,0 days 00:00:31.125000,0 days 00:00:24.012000,0 days 01:16:18.332000,0 days 01:16:49.457000,0 days 01:17:13.469000,269.0,233.0,248.0,277.0,False,MEDIUM,10.0,True,Alfa Romeo,0 days 01:15:47.743000,,1,16.0,False,,False,True,18.5,71.0,985.5,False,26.7,280,3.5,True,False,False,False,False,False,+28.333,+0.681,28.333,0.681,4633.442,85.699,,,30.562,31.125,24.012,4578.332,4609.457,4633.469,4547.743
2022,Hungarian Grand Prix,13,Hungary,Budapest,0 days 01:18:39.264000,ZHO,24,0 days 00:01:25.822000,11.0,1.0,,Guanyu Zhou,,0 days 00:00:30.344000,0 days 00:00:31.332000,0 days 00:00:24.146000,0 days 01:17:43.813000,0 days 01:18:15.145000,0 days 01:18:39.291000,271.0,233.0,247.0,298.0,False,MEDIUM,11.0,True,Alfa Romeo,0 days 01:17:13.442000,,1,16.0,False,,False,True,18.5,71.0,985.5,False,26.8,285,4.1,True,False,False,False,False,False,+29.706,+0.398,29.706,0.398,4719.264,85.822,,,30.344,31.332,24.146,4663.813,4695.145,4719.291,4633.442
2022,Hungarian Grand Prix,13,Hungary,Budapest,0 days 01:20:05.797000,ZHO,24,0 days 00:01:26.533000,12.0,1.0,,Guanyu Zhou,,0 days 00:00:30.799000,0 days 00:00:31.543000,0 days 00:00:24.191000,0 days 01:19:10.090000,0 days 01:19:41.633000,0 days 01:20:05.824000,267.0,231.0,248.0,301.0,False,MEDIUM,12.0,True,Alfa Romeo,0 days 01:18:39.264000,,1,16.0,False,,False,True,18.5,71.0,985.5,False,26.9,289,3.9,True,False,False,False,False,False,+32.093,+0.322,32.093,0.322,4805.797,86.533,,,30.799,31.543,24.191,4750.09,4781.633,4805.824,4719.264
2022,Hungarian Grand Prix,13,Hungary,Budapest,0 days 01:21:31.708000,ZHO,24,0 days 00:01:25.911000,13.0,1.0,,Guanyu Zhou,,0 days 00:00:30.506000,0 days 00:00:31.109000,0 days 00:00:24.296000,0 days 01:20:36.330000,0 days 01:21:07.439000,0 days 01:21:31.735000,265.0,230.0,241.0,302.0,False,MEDIUM,13.0,True,Alfa Romeo,0 days 01:20:05.797000,,1,15.0,False,,False,True,18.5,71.0,985.5,False,26.9,282,4.4,True,False,False,False,False,False,+33.401,+1.730,33.401,1.73,4891.708,85.911,,,30.506,31.109,24.296,4836.33,4867.439,4891.735,4805.797
2022,Hungarian Grand Prix,13,Hungary,Budapest,0 days 01:22:57.641000,ZHO,24,0 days 00:01:25.933000,14.0,1.0,,Guanyu Zhou,,0 days 00:00:30.674000,0 days 00:00:31.010000,0 days 00:00:24.249000,0 days 01:22:02.409000,0 days 01:22:33.419000,0 days 01:22:57.668000,265.0,231.0,242.0,281.0,False,MEDIUM,14.0,True,Alfa Romeo,0 days 01:21:31.708000,,1,14.0,False,,False,True,18.4,72.0,985.5,False,26.9,277,3.9,True,False,False,False,False,False,+34.435,+1.060,34.435,1.06,4977.641,85.933,,,30.674,31.01,24.249,4922.409,4953.419,4977.668,4891.708
2022,Hungarian Grand Prix,13,Hungary,Budapest,0 days 01:24:23.303000,ZHO,24,0 days 00:01:25.662000,15.0,1.0,,Guanyu Zhou,,0 days 00:00:30.450000,0 days 00:00:31.125000,0 days 00:00:24.087000,0 days 01:23:28.118000,0 days 01:23:59.243000,0 days 01:24:23.330000,271.0,233.0,247.0,280.0,False,MEDIUM,15.0,True,Alfa Romeo,0 days 01:22:57.641000,,1,12.0,False,,False,True,18.4,71.0,985.5,False,26.9,267,2.5,True,False,False,False,False,False,+35.182,+0.794,35.182,0.794,5063.303,85.662,,,30.45,31.125,24.087,5008.118,5039.243,5063.33,4977.641
2022,Hungarian Grand Prix,13,Hungary,Budapest,0 days 01:25:48.548000,ZHO,24,0 days 00:01:25.245000,16.0,1.0,,Guanyu Zhou,,0 days 00:00:30.086000,0 days 00:00:31.202000,0 days 00:00:23.957000,0 days 01:24:53.416000,0 days 01:25:24.618000,0 days 01:25:48.575000,268.0,231.0,240.0,291.0,True,MEDIUM,16.0,True,Alfa Romeo,0 days 01:24:23.303000,,1,11.0,False,,False,True,18.4,70.0,985.5,False,27.2,291,3.2,True,False,False,False,False,False,+34.125,+1.474,34.125,1.474,5148.548,85.245,,,30.086,31.202,23.957,5093.416,5124.618,5148.575,5063.303
2022,Hungarian Grand Prix,13,Hungary,Budapest,0 days 01:27:14.005000,ZHO,24,0 days 00:01:25.457000,17.0,1.0,,Guanyu Zhou,,0 days 00:00:30.474000,0 days 00:00:31.045000,0 days 00:00:23.938000,0 days 01:26:19.049000,0 days 01:26:50.094000,0 days 01:27:14.032000,271.0,234.0,240.0,277.0,False,MEDIUM,17.0,True,Alfa Romeo,0 days 01:25:48.548000,,1,11.0,False,,False,True,18.4,70.0,985.5,False,27.2,285,4.5,True,False,False,False,False,False,+34.558,+1.249,34.558,1.249,5234.005,85.457,,,30.474,31.045,23.938,5179.049,5210.094,5234.032,5148.548
2022,Hungarian Grand Prix,13,Hungary,Budapest,0 days 01:28:39.930000,ZHO,24,0 days 00:01:25.925000,18.0,1.0,,Guanyu Zhou,,0 days 00:00:30.606000,0 days 00:00:31.214000,0 days 00:00:24.105000,0 days 01:27:44.638000,0 days 01:28:15.852000,0 days 01:28:39.957000,270.0,232.0,240.0,277.0,False,MEDIUM,18.0,True,Alfa Romeo,0 days 01:27:14.005000,,1,11.0,False,,False,True,18.4,71.0,985.5,False,27.6,287,4.5,True,False,False,False,False,False,+36.721,+1.229,36.721,1.229,5319.93,85.925,,,30.606,31.214,24.105,5264.638,5295.852,5319.957,5234.005
2022,Hungarian Grand Prix,13,Hungary,Budapest,0 days 01:30:06.634000,ZHO,24,0 days 00:01:26.704000,19.0,1.0,,Guanyu Zhou,,0 days 00:00:30.693000,0 days 00:00:31.758000,0 days 00:00:24.253000,0 days 01:29:10.650000,0 days 01:29:42.408000,0 days 01:30:06.661000,270.0,231.0,240.0,278.0,False,MEDIUM,19.0,True,Alfa Romeo,0 days 01:28:39.930000,,1,11.0,False,,False,True,18.4,70.0,985.7,False,27.6,281,4.4,True,False,False,False,False,False,+39.514,+1.255,39.514,1.255,5406.634,86.704,,,30.693,31.758,24.253,5350.65,5382.408,5406.661,5319.93
2022,Hungarian Grand Prix,13,Hungary,Budapest,0 days 01:31:33.354000,ZHO,24,0 days 00:01:26.720000,20.0,1.0,,Guanyu Zhou,,0 days 00:00:31.110000,0 days 00:00:31.419000,0 days 00:00:24.191000,0 days 01:30:37.771000,0 days 01:31:09.190000,0 days 01:31:33.381000,272.0,230.0,243.0,280.0,False,MEDIUM,20.0,True,Alfa Romeo,0 days 01:30:06.634000,,1,12.0,False,,False,True,18.5,70.0,985.5,False,27.5,283,4.3,True,False,False,False,False,False,+41.967,+0.942,41.967,0.942,5493.354,86.72,,,31.11,31.419,24.191,5437.771,5469.19,5493.381,5406.634
2022,Hungarian Grand Prix,13,Hungary,Budapest,0 days 01:33:00.084000,ZHO,24,0 days 00:01:26.730000,21.0,1.0,,Guanyu Zhou,,0 days 00:00:30.848000,0 days 00:00:31.516000,0 days 00:00:24.366000,0 days 01:32:04.229000,0 days 01:32:35.745000,0 days 01:33:00.111000,269.0,232.0,246.0,284.0,False,MEDIUM,21.0,True,Alfa Romeo,0 days 01:31:33.354000,,1,11.0,False,,False,True,18.5,70.0,985.5,False,27.5,279,4.0,True,False,False,False,False,False,+26.628,+0.713,26.628,0.713,5580.084,86.73,,,30.848,31.516,24.366,5524.229,5555.745,5580.111,5493.354
2022,Hungarian Grand Prix,13,Hungary,Budapest,0 days 01:34:25.922000,ZHO,24,0 days 00:01:25.838000,22.0,1.0,,Guanyu Zhou,,0 days 00:00:30.472000,0 days 00:00:31.185000,0 days 00:00:24.181000,0 days 01:33:30.583000,0 days 01:34:01.768000,0 days 01:34:25.949000,272.0,232.0,242.0,296.0,False,MEDIUM,22.0,True,Alfa Romeo,0 days 01:33:00.084000,,1,10.0,False,,False,True,18.5,70.0,985.5,False,27.6,290,5.0,True,False,False,False,False,False,+28.759,+1.115,28.759,1.115,5665.922,85.838,,,30.472,31.185,24.181,5610.583,5641.768,5665.949,5580.084
2022,Hungarian Grand Prix,13,Hungary,Budapest,0 days 01:35:51.534000,ZHO,24,0 days 00:01:25.612000,23.0,1.0,,Guanyu Zhou,,0 days 00:00:30.556000,0 days 00:00:31.056000,0 days 00:00:24,0 days 01:34:56.505000,0 days 01:35:27.561000,0 days 01:35:51.561000,270.0,233.0,240.0,278.0,False,MEDIUM,23.0,True,Alfa Romeo,0 days 01:34:25.922000,,1,10.0,False,,False,True,18.5,70.0,985.5,False,27.8,291,3.5,True,False,False,False,False,False,+30.859,+1.283,30.859,1.283,5751.534,85.612,,,30.556,31.056,24.0,5696.505,5727.561,5751.561,5665.922
2022,Hungarian Grand Prix,13,Hungary,Budapest,0 days 01:37:17.500000,ZHO,24,0 days 00:01:25.966000,24.0,1.0,,Guanyu Zhou,,0 days 00:00:30.484000,0 days 00:00:31.015000,0 days 00:00:24.467000,0 days 01:36:22.045000,0 days 01:36:53.060000,0 days 01:37:17.527000,271.0,233.0,241.0,280.0,False,MEDIUM,24.0,True,Alfa Romeo,0 days 01:35:51.534000,,1,9.0,False,,False,True,18.4,70.0,985.5,False,27.8,277,3.2,True,False,False,False,False,False,+32.873,+1.556,32.873,1.556,5837.5,85.966,,,30.484,31.015,24.467,5782.045,5813.06,5837.527,5751.534
2022,Hungarian Grand Prix,13,Hungary,Budapest,0 days 01:38:43.584000,ZHO,24,0 days 00:01:26.084000,25.0,1.0,,Guanyu Zhou,,0 days 00:00:30.491000,0 days 00:00:31.215000,0 days 00:00:24.378000,0 days 01:37:48.018000,0 days 01:38:19.233000,0 days 01:38:43.611000,269.0,232.0,240.0,278.0,False,MEDIUM,25.0,True,Alfa Romeo,0 days 01:37:17.500000,,1,9.0,False,,False,True,18.5,70.0,985.5,False,28.1,285,4.1,True,False,False,False,False,False,+35.281,+1.618,35.281,1.618,5923.584,86.084,,,30.491,31.215,24.378,5868.018,5899.233,5923.611,5837.5
2022,Hungarian Grand Prix,13,Hungary,Budapest,0 days 01:40:09.845000,ZHO,24,0 days 00:01:26.261000,26.0,1.0,,Guanyu Zhou,,0 days 00:00:30.497000,0 days 00:00:31.346000,0 days 00:00:24.418000,0 days 01:39:14.108000,0 days 01:39:45.454000,0 days 01:40:09.872000,272.0,230.0,238.0,279.0,False,MEDIUM,26.0,True,Alfa Romeo,0 days 01:38:43.584000,,1,8.0,False,,False,True,18.5,70.0,985.5,False,28.2,282,3.5,True,False,False,False,False,False,+37.852,+11.934,37.852,11.934,6009.845,86.261,,,30.497,31.346,24.418,5954.108,5985.454,6009.872,5923.584
2022,Hungarian Grand Prix,13,Hungary,Budapest,0 days 01:41:38.413000,ZHO,24,0 days 00:01:28.568000,27.0,1.0,,Guanyu Zhou,0 days 01:41:36.777000,0 days 00:00:30.480000,0 days 00:00:31.311000,0 days 00:00:26.777000,0 days 01:40:40.352000,0 days 01:41:11.663000,0 days 01:41:38.440000,269.0,231.0,,276.0,False,MEDIUM,27.0,True,Alfa Romeo,0 days 01:40:09.845000,,1,9.0,False,,False,False,18.5,70.0,985.5,False,28.5,294,3.5,True,False,False,False,False,False,+39.573,+13.266,39.573,13.266,6098.413,88.568,6096.777,,30.48,31.311,26.777,6040.352,6071.663,6098.44,6009.845
2022,Hungarian Grand Prix,13,Hungary,Budapest,0 days 01:43:25.985000,ZHO,24,0 days 00:01:47.572000,28.0,2.0,0 days 01:41:59.027000,Guanyu Zhou,,0 days 00:00:50.996000,0 days 00:00:32.040000,0 days 00:00:24.536000,0 days 01:42:29.436000,0 days 01:43:01.476000,0 days 01:43:26.012000,263.0,228.0,235.0,276.0,False,HARD,1.0,True,Alfa Romeo,0 days 01:41:38.413000,,1,17.0,False,,False,False,18.6,70.0,985.5,False,28.5,285,3.7,True,False,False,False,False,False,+65.338,+2.784,65.338,2.784,6205.985,107.572,,6119.027,50.996,32.04,24.536,6149.436,6181.476,6206.012,6098.413
2022,Hungarian Grand Prix,13,Hungary,Budapest,0 days 01:44:51.570000,ZHO,24,0 days 00:01:25.585000,29.0,2.0,,Guanyu Zhou,,0 days 00:00:30.841000,0 days 00:00:30.988000,0 days 00:00:23.756000,0 days 01:43:56.853000,0 days 01:44:27.841000,0 days 01:44:51.597000,265.0,234.0,241.0,275.0,False,HARD,2.0,True,Alfa Romeo,0 days 01:43:25.985000,,1,17.0,False,,False,True,18.6,69.0,985.4,False,28.5,274,4.8,True,False,False,False,False,False,+66.793,+2.498,66.793,2.498,6291.57,85.585,,,30.841,30.988,23.756,6236.853,6267.841,6291.597,6205.985
2022,Hungarian Grand Prix,13,Hungary,Budapest,0 days 01:46:16.453000,ZHO,24,0 days 00:01:24.883000,30.0,2.0,,Guanyu Zhou,,0 days 00:00:30.283000,0 days 00:00:30.647000,0 days 00:00:23.953000,0 days 01:45:21.880000,0 days 01:45:52.527000,0 days 01:46:16.480000,272.0,234.0,243.0,277.0,True,HARD,3.0,True,Alfa Romeo,0 days 01:44:51.570000,,1,17.0,False,,False,True,18.4,70.0,985.5,False,28.5,290,3.9,True,False,False,False,False,False,+66.980,+1.472,66.98,1.472,6376.453,84.883,,,30.283,30.647,23.953,6321.88,6352.527,6376.48,6291.57
2022,Hungarian Grand Prix,13,Hungary,Budapest,0 days 01:47:41.640000,ZHO,24,0 days 00:01:25.187000,31.0,2.0,,Guanyu Zhou,,0 days 00:00:30.443000,0 days 00:00:30.951000,0 days 00:00:23.793000,0 days 01:46:46.923000,0 days 01:47:17.874000,0 days 01:47:41.667000,271.0,235.0,243.0,280.0,False,HARD,4.0,True,Alfa Romeo,0 days 01:46:16.453000,,1,17.0,False,,False,True,18.4,70.0,985.5,False,28.0,277,5.0,True,False,False,False,False,False,+69.278,+0.973,69.278,0.973,6461.64,85.187,,,30.443,30.951,23.793,6406.923,6437.874,6461.667,6376.453
2022,Hungarian Grand Prix,13,Hungary,Budapest,0 days 01:49:06.643000,ZHO,24,0 days 00:01:25.003000,32.0,2.0,,Guanyu Zhou,,0 days 00:00:30.363000,0 days 00:00:30.748000,0 days 00:00:23.892000,0 days 01:48:12.030000,0 days 01:48:42.778000,0 days 01:49:06.670000,272.0,235.0,249.0,280.0,False,HARD,5.0,True,Alfa Romeo,0 days 01:47:41.640000,,1,17.0,False,,False,True,18.4,71.0,985.5,False,27.7,266,5.8,True,False,False,False,False,False,+69.988,+0.730,69.988,0.73,6546.643,85.003,,,30.363,30.748,23.892,6492.03,6522.778,6546.67,6461.64
2022,Hungarian Grand Prix,13,Hungary,Budapest,0 days 01:50:32.123000,ZHO,24,0 days 00:01:25.480000,33.0,2.0,,Guanyu Zhou,,0 days 00:00:30.311000,0 days 00:00:31.159000,0 days 00:00:24.010000,0 days 01:49:36.981000,0 days 01:50:08.140000,0 days 01:50:32.150000,270.0,235.0,249.0,296.0,False,HARD,6.0,True,Alfa Romeo,0 days 01:49:06.643000,,1,16.0,False,,False,True,18.3,71.0,985.5,False,27.6,285,3.9,True,False,False,False,False,False,+72.044,+0.537,72.044,0.537,6632.123,85.48,,,30.311,31.159,24.01,6576.981,6608.14,6632.15,6546.643
2022,Hungarian Grand Prix,13,Hungary,Budapest,0 days 01:51:57.645000,ZHO,24,0 days 00:01:25.522000,34.0,2.0,,Guanyu Zhou,,0 days 00:00:30.435000,0 days 00:00:31.052000,0 days 00:00:24.035000,0 days 01:51:02.585000,0 days 01:51:33.637000,0 days 01:51:57.672000,268.0,236.0,246.0,298.0,False,HARD,7.0,True,Alfa Romeo,0 days 01:50:32.123000,,12,16.0,False,,False,True,18.3,70.0,985.5,False,27.3,282,4.4,True,True,False,False,False,False,+74.148,+0.722,74.148,0.722,6717.645,85.522,,,30.435,31.052,24.035,6662.585,6693.637,6717.672,6632.123
2022,Hungarian Grand Prix,13,Hungary,Budapest,0 days 01:53:23.273000,ZHO,24,0 days 00:01:25.628000,35.0,2.0,,Guanyu Zhou,,0 days 00:00:30.154000,0 days 00:00:31.346000,0 days 00:00:24.128000,0 days 01:52:27.826000,0 days 01:52:59.172000,0 days 01:53:23.300000,270.0,235.0,247.0,294.0,False,HARD,8.0,True,Alfa Romeo,0 days 01:51:57.645000,,1,16.0,False,,False,True,18.3,71.0,985.7,False,26.8,276,4.5,True,False,False,False,False,False,+76.329,+0.753,76.329,0.753,6803.273,85.628,,,30.154,31.346,24.128,6747.826,6779.172,6803.3,6717.645
2022,Hungarian Grand Prix,13,Hungary,Budapest,0 days 01:54:48.386000,ZHO,24,0 days 00:01:25.113000,36.0,2.0,,Guanyu Zhou,,0 days 00:00:30.095000,0 days 00:00:31.142000,0 days 00:00:23.876000,0 days 01:53:53.395000,0 days 01:54:24.537000,0 days 01:54:48.413000,272.0,235.0,246.0,296.0,False,HARD,9.0,True,Alfa Romeo,0 days 01:53:23.273000,,1,16.0,False,,False,True,18.2,71.0,985.7,False,26.9,282,3.9,True,False,False,False,False,False,+78.202,+0.599,78.202,0.599,6888.386,85.113,,,30.095,31.142,23.876,6833.395,6864.537,6888.413,6803.273
2022,Hungarian Grand Prix,13,Hungary,Budapest,0 days 01:56:13.880000,ZHO,24,0 days 00:01:25.494000,37.0,2.0,,Guanyu Zhou,,0 days 00:00:30.425000,0 days 00:00:31.267000,0 days 00:00:23.802000,0 days 01:55:18.838000,0 days 01:55:50.105000,0 days 01:56:13.907000,272.0,236.0,248.0,296.0,False,HARD,10.0,True,Alfa Romeo,0 days 01:54:48.386000,,1,16.0,False,,False,True,18.2,71.0,985.7,False,26.7,287,4.1,True,False,False,False,False,False,+80.316,+0.295,80.316,0.295,6973.88,85.494,,,30.425,31.267,23.802,6918.838,6950.105,6973.907,6888.386
2022,Hungarian Grand Prix,13,Hungary,Budapest,0 days 01:57:39.206000,ZHO,24,0 days 00:01:25.326000,38.0,2.0,,Guanyu Zhou,,0 days 00:00:30.222000,0 days 00:00:31.089000,0 days 00:00:24.015000,0 days 01:56:44.129000,0 days 01:57:15.218000,0 days 01:57:39.233000,266.0,233.0,239.0,299.0,False,HARD,11.0,True,Alfa Romeo,0 days 01:56:13.880000,,1,15.0,False,,False,True,18.0,71.0,985.7,False,26.4,270,5.5,True,False,False,False,False,False,+81.855,+9.195,81.855,9.195,7059.206,85.326,,,30.222,31.089,24.015,7004.129,7035.218,7059.233,6973.88
2022,Hungarian Grand Prix,13,Hungary,Budapest,0 days 01:59:04.207000,ZHO,24,0 days 00:01:25.001000,39.0,2.0,,Guanyu Zhou,,0 days 00:00:30.373000,0 days 00:00:30.896000,0 days 00:00:23.732000,0 days 01:58:09.606000,0 days 01:58:40.502000,0 days 01:59:04.234000,266.0,234.0,240.0,275.0,False,HARD,12.0,True,Alfa Romeo,0 days 01:57:39.206000,,1,15.0,False,,False,True,18.0,72.0,985.7,False,26.5,293,3.4,True,False,False,False,False,False,+75.481,+9.345,75.481,9.345,7144.207,85.001,,,30.373,30.896,23.732,7089.606,7120.502,7144.234,7059.206
2022,Hungarian Grand Prix,13,Hungary,Budapest,0 days 02:00:29.017000,ZHO,24,0 days 00:01:24.810000,40.0,2.0,,Guanyu Zhou,,0 days 00:00:30.299000,0 days 00:00:30.750000,0 days 00:00:23.761000,0 days 01:59:34.533000,0 days 02:00:05.283000,0 days 02:00:29.044000,270.0,232.0,240.0,274.0,True,HARD,13.0,True,Alfa Romeo,0 days 01:59:04.207000,,1,15.0,False,,False,True,18.1,71.0,985.7,False,26.5,284,5.0,True,False,False,False,False,False,+76.213,+9.478,76.213,9.478,7229.017,84.81,,,30.299,30.75,23.761,7174.533,7205.283,7229.044,7144.207
2022,Hungarian Grand Prix,13,Hungary,Budapest,0 days 02:01:54.108000,ZHO,24,0 days 00:01:25.091000,41.0,2.0,,Guanyu Zhou,,0 days 00:00:30.382000,0 days 00:00:30.843000,0 days 00:00:23.866000,0 days 02:00:59.426000,0 days 02:01:30.269000,0 days 02:01:54.135000,269.0,234.0,239.0,275.0,False,HARD,14.0,True,Alfa Romeo,0 days 02:00:29.017000,,12,15.0,False,,False,True,18.0,71.0,985.7,False,26.4,289,5.1,True,True,False,False,False,False,+77.422,+9.558,77.422,9.558,7314.108,85.091,,,30.382,30.843,23.866,7259.426,7290.269,7314.135,7229.017
2022,Hungarian Grand Prix,13,Hungary,Budapest,0 days 02:03:19.234000,ZHO,24,0 days 00:01:25.126000,42.0,2.0,,Guanyu Zhou,,0 days 00:00:30.313000,0 days 00:00:31.023000,0 days 00:00:23.790000,0 days 02:02:24.448000,0 days 02:02:55.471000,0 days 02:03:19.261000,269.0,235.0,240.0,274.0,False,HARD,15.0,True,Alfa Romeo,0 days 02:01:54.108000,,1,15.0,False,,False,True,17.9,71.0,985.5,False,26.4,288,4.5,True,False,False,False,False,False,+78.053,+9.665,78.053,9.665,7399.234,85.126,,,30.313,31.023,23.79,7344.448,7375.471,7399.261,7314.108
2022,Hungarian Grand Prix,13,Hungary,Budapest,0 days 02:04:44.287000,ZHO,24,0 days 00:01:25.053000,43.0,2.0,,Guanyu Zhou,,0 days 00:00:30.363000,0 days 00:00:30.841000,0 days 00:00:23.849000,0 days 02:03:49.624000,0 days 02:04:20.465000,0 days 02:04:44.314000,269.0,235.0,241.0,274.0,False,HARD,16.0,True,Alfa Romeo,0 days 02:03:19.234000,,1,15.0,False,,False,True,17.9,71.0,985.7,False,26.2,284,4.5,True,False,False,False,False,False,+79.486,+9.963,79.486,9.963,7484.287,85.053,,,30.363,30.841,23.849,7429.624,7460.465,7484.314,7399.234
2022,Hungarian Grand Prix,13,Hungary,Budapest,0 days 02:06:09.436000,ZHO,24,0 days 00:01:25.149000,44.0,2.0,,Guanyu Zhou,,0 days 00:00:30.319000,0 days 00:00:30.781000,0 days 00:00:24.049000,0 days 02:05:14.633000,0 days 02:05:45.414000,0 days 02:06:09.463000,269.0,236.0,241.0,277.0,False,HARD,17.0,True,Alfa Romeo,0 days 02:04:44.287000,,1,15.0,False,,False,True,18.0,71.0,985.7,False,26.0,275,4.6,True,False,False,False,False,False,+80.435,+10.088,80.435,10.088,7569.436,85.149,,,30.319,30.781,24.049,7514.633,7545.414,7569.463,7484.287
2022,Hungarian Grand Prix,13,Hungary,Budapest,0 days 02:07:34.713000,ZHO,24,0 days 00:01:25.277000,45.0,2.0,,Guanyu Zhou,,0 days 00:00:30.363000,0 days 00:00:31.171000,0 days 00:00:23.743000,0 days 02:06:39.826000,0 days 02:07:10.997000,0 days 02:07:34.740000,268.0,235.0,240.0,276.0,False,HARD,18.0,True,Alfa Romeo,0 days 02:06:09.436000,,1,15.0,False,,False,True,18.0,71.0,985.7,False,26.1,285,3.7,True,False,False,False,False,False,+81.483,+10.424,81.483,10.424,7654.713,85.277,,,30.363,31.171,23.743,7599.826,7630.997,7654.74,7569.436
2022,Hungarian Grand Prix,13,Hungary,Budapest,0 days 02:08:59.980000,ZHO,24,0 days 00:01:25.267000,46.0,2.0,,Guanyu Zhou,,0 days 00:00:30.397000,0 days 00:00:31.040000,0 days 00:00:23.830000,0 days 02:08:05.137000,0 days 02:08:36.177000,0 days 02:09:00.007000,270.0,233.0,241.0,276.0,False,HARD,19.0,True,Alfa Romeo,0 days 02:07:34.713000,,1,15.0,False,,False,True,18.0,72.0,985.7,False,26.1,292,3.5,True,False,False,False,False,False,+82.474,+12.688,82.474,12.688,7739.98,85.267,,,30.397,31.04,23.83,7685.137,7716.177,7740.007,7654.713
2022,Hungarian Grand Prix,13,Hungary,Budapest,0 days 02:10:29.081000,ZHO,24,0 days 00:01:29.101000,47.0,2.0,,Guanyu Zhou,,0 days 00:00:30.566000,0 days 00:00:32.511000,0 days 00:00:26.024000,0 days 02:09:30.573000,0 days 02:10:03.084000,0 days 02:10:29.108000,271.0,227.0,246.0,275.0,False,HARD,20.0,True,Alfa Romeo,0 days 02:08:59.980000,,12,12.0,False,,False,True,18.1,71.0,985.7,False,26.1,296,3.7,True,True,False,False,False,False,1 L,+1.729,,1.729,7829.081,89.101,,,30.566,32.511,26.024,7770.573,7803.084,7829.108,7739.98
2022,Hungarian Grand Prix,13,Hungary,Budapest,0 days 02:11:56.888000,ZHO,24,0 days 00:01:27.807000,48.0,2.0,,Guanyu Zhou,,0 days 00:00:31.119000,0 days 00:00:32.502000,0 days 00:00:24.186000,0 days 02:11:00.227000,0 days 02:11:32.729000,0 days 02:11:56.915000,274.0,231.0,243.0,297.0,False,HARD,21.0,True,Alfa Romeo,0 days 02:10:29.081000,,1,13.0,False,,False,True,18.1,71.0,985.7,False,26.1,291,4.3,True,False,False,False,False,False,1 L,+1.299,,1.299,7916.888,87.807,,,31.119,32.502,24.186,7860.227,7892.729,7916.915,7829.081
2022,Hungarian Grand Prix,13,Hungary,Budapest,0 days 02:13:24.109000,ZHO,24,0 days 00:01:27.221000,49.0,2.0,,Guanyu Zhou,,0 days 00:00:31.937000,0 days 00:00:31.149000,0 days 00:00:24.135000,0 days 02:12:28.852000,0 days 02:13:00.001000,0 days 02:13:24.136000,270.0,235.0,241.0,281.0,False,HARD,22.0,True,Alfa Romeo,0 days 02:11:56.888000,,1,14.0,False,,False,True,18.1,71.0,985.7,False,25.7,290,4.1,True,False,False,False,False,False,1 L,+1.637,,1.637,8004.109,87.221,,,31.937,31.149,24.135,7948.852,7980.001,8004.136,7916.888
2022,Hungarian Grand Prix,13,Hungary,Budapest,0 days 02:14:51.859000,ZHO,24,0 days 00:01:27.750000,50.0,2.0,,Guanyu Zhou,,0 days 00:00:30.587000,0 days 00:00:33.156000,0 days 00:00:24.007000,0 days 02:13:54.723000,0 days 02:14:27.879000,0 days 02:14:51.886000,272.0,234.0,242.0,278.0,False,HARD,23.0,True,Alfa Romeo,0 days 02:13:24.109000,,1,14.0,False,,False,True,18.1,70.0,985.7,True,25.8,289,3.7,True,False,False,False,False,False,1 L,+5.282,,5.282,8091.859,87.75,,,30.587,33.156,24.007,8034.723,8067.879,8091.886,8004.109
2022,Hungarian Grand Prix,13,Hungary,Budapest,0 days 02:16:22.100000,ZHO,24,0 days 00:01:30.241000,51.0,2.0,,Guanyu Zhou,0 days 02:16:20.389000,0 days 00:00:30.970000,0 days 00:00:32.680000,0 days 00:00:26.591000,0 days 02:15:22.856000,0 days 02:15:55.536000,0 days 02:16:22.127000,274.0,232.0,,277.0,False,HARD,24.0,True,Alfa Romeo,0 days 02:14:51.859000,,1,15.0,False,,False,False,18.2,70.0,985.7,True,25.9,286,4.5,True,False,False,False,False,False,1 L,+3.851,,3.851,8182.1,90.241,8180.389,,30.97,32.68,26.591,8122.856,8155.536,8182.127,8091.859
2022,Hungarian Grand Prix,13,Hungary,Budapest,0 days 02:18:11.932000,ZHO,24,0 days 00:01:49.832000,52.0,3.0,0 days 02:16:48.647000,Guanyu Zhou,,0 days 00:00:55.709000,0 days 00:00:30.747000,0 days 00:00:23.376000,0 days 02:17:17.836000,0 days 02:17:48.583000,0 days 02:18:11.959000,265.0,237.0,242.0,277.0,False,SOFT,1.0,True,Alfa Romeo,0 days 02:16:22.100000,,1,19.0,False,,False,False,18.1,70.0,985.9,False,25.6,291,5.0,True,False,False,False,False,False,1 L,+13.172,,13.172,8291.932,109.832,,8208.647,55.709,30.747,23.376,8237.836,8268.583,8291.959,8182.1
2022,Hungarian Grand Prix,13,Hungary,Budapest,0 days 02:19:34.883000,ZHO,24,0 days 00:01:22.951000,53.0,3.0,,Guanyu Zhou,,0 days 00:00:29.849000,0 days 00:00:30.015000,0 days 00:00:23.087000,0 days 02:18:41.808000,0 days 02:19:11.823000,0 days 02:19:34.910000,267.0,238.0,243.0,276.0,True,SOFT,2.0,True,Alfa Romeo,0 days 02:18:11.932000,,1,19.0,False,,False,True,18.1,70.0,985.7,False,25.5,283,5.4,True,False,False,False,False,False,1 L,+11.502,,11.502,8374.883,82.951,,,29.849,30.015,23.087,8321.808,8351.823,8374.91,8291.932
2022,Hungarian Grand Prix,13,Hungary,Budapest,0 days 02:20:57.752000,ZHO,24,0 days 00:01:22.869000,54.0,3.0,,Guanyu Zhou,,0 days 00:00:29.924000,0 days 00:00:29.788000,0 days 00:00:23.157000,0 days 02:20:04.834000,0 days 02:20:34.622000,0 days 02:20:57.779000,268.0,239.0,242.0,276.0,True,SOFT,3.0,True,Alfa Romeo,0 days 02:19:34.883000,,1,19.0,False,,False,True,18.0,69.0,985.7,False,25.5,283,4.8,True,False,False,False,False,False,1 L,+8.420,,8.42,8457.752,82.869,,,29.924,29.788,23.157,8404.834,8434.622,8457.779,8374.883
2022,Hungarian Grand Prix,13,Hungary,Budapest,0 days 02:22:20.030000,ZHO,24,0 days 00:01:22.278000,55.0,3.0,,Guanyu Zhou,,0 days 00:00:29.658000,0 days 00:00:29.708000,0 days 00:00:22.912000,0 days 02:21:27.437000,0 days 02:21:57.145000,0 days 02:22:20.057000,269.0,239.0,245.0,278.0,True,SOFT,4.0,True,Alfa Romeo,0 days 02:20:57.752000,,1,19.0,False,,False,True,18.0,70.0,985.9,True,25.2,288,4.1,True,False,False,False,False,False,1 L,+5.196,,5.196,8540.03,82.278,,,29.658,29.708,22.912,8487.437,8517.145,8540.057,8457.752
2022,Hungarian Grand Prix,13,Hungary,Budapest,0 days 02:23:42.521000,ZHO,24,0 days 00:01:22.491000,56.0,3.0,,Guanyu Zhou,,0 days 00:00:29.692000,0 days 00:00:29.717000,0 days 00:00:23.082000,0 days 02:22:49.749000,0 days 02:23:19.466000,0 days 02:23:42.548000,269.0,239.0,243.0,278.0,False,SOFT,5.0,True,Alfa Romeo,0 days 02:22:20.030000,,1,18.0,False,,False,True,18.0,70.0,985.9,True,25.1,279,4.4,True,False,False,False,False,False,1 L,+1.314,,1.314,8622.521,82.491,,,29.692,29.717,23.082,8569.749,8599.466,8622.548,8540.03
2022,Hungarian Grand Prix,13,Hungary,Budapest,0 days 02:25:04.879000,ZHO,24,0 days 00:01:22.358000,57.0,3.0,,Guanyu Zhou,,0 days 00:00:29.594000,0 days 00:00:29.674000,0 days 00:00:23.090000,0 days 02:24:12.142000,0 days 02:24:41.816000,0 days 02:25:04.906000,269.0,241.0,252.0,278.0,False,SOFT,6.0,True,Alfa Romeo,0 days 02:23:42.521000,,1,18.0,False,,False,True,18.0,70.0,985.9,True,25.1,284,3.5,True,False,False,False,False,False,1 L,+0.362,,0.362,8704.879,82.358,,,29.594,29.674,23.09,8652.142,8681.816,8704.906,8622.521
2022,Hungarian Grand Prix,13,Hungary,Budapest,0 days 02:26:26.908000,ZHO,24,0 days 00:01:22.029000,58.0,3.0,,Guanyu Zhou,,0 days 00:00:29.424000,0 days 00:00:29.618000,0 days 00:00:22.987000,0 days 02:25:34.330000,0 days 02:26:03.948000,0 days 02:26:26.935000,267.0,243.0,242.0,299.0,True,SOFT,7.0,True,Alfa Romeo,0 days 02:25:04.879000,,1,17.0,False,,False,True,18.1,69.0,985.7,True,24.8,288,4.1,True,False,False,False,False,False,1 L,+5.419,,5.419,8786.908,82.029,,,29.424,29.618,22.987,8734.33,8763.948,8786.935,8704.879
2022,Hungarian Grand Prix,13,Hungary,Budapest,0 days 02:27:49.374000,ZHO,24,0 days 00:01:22.466000,59.0,3.0,,Guanyu Zhou,,0 days 00:00:29.766000,0 days 00:00:29.439000,0 days 00:00:23.261000,0 days 02:26:56.701000,0 days 02:27:26.140000,0 days 02:27:49.401000,268.0,242.0,243.0,277.0,False,SOFT,8.0,True,Alfa Romeo,0 days 02:26:26.908000,,1,17.0,False,,False,True,18.1,70.0,985.9,True,24.8,291,5.4,True,False,False,False,False,False,1 L,+3.661,,3.661,8869.374,82.466,,,29.766,29.439,23.261,8816.701,8846.14,8869.401,8786.908
2022,Hungarian Grand Prix,13,Hungary,Budapest,0 days 02:29:11.951000,ZHO,24,0 days 00:01:22.577000,60.0,3.0,,Guanyu Zhou,,0 days 00:00:29.793000,0 days 00:00:29.573000,0 days 00:00:23.211000,0 days 02:28:19.194000,0 days 02:28:48.767000,0 days 02:29:11.978000,271.0,244.0,244.0,277.0,False,SOFT,9.0,True,Alfa Romeo,0 days 02:27:49.374000,,1,17.0,False,,False,True,18.0,70.0,985.9,True,24.8,282,4.8,True,False,False,False,False,False,1 L,+1.898,,1.898,8951.951,82.577,,,29.793,29.573,23.211,8899.194,8928.767,8951.978,8869.374
2022,Hungarian Grand Prix,13,Hungary,Budapest,0 days 02:30:35.241000,ZHO,24,0 days 00:01:23.290000,61.0,3.0,,Guanyu Zhou,,0 days 00:00:29.789000,0 days 00:00:29.861000,0 days 00:00:23.640000,0 days 02:29:41.767000,0 days 02:30:11.628000,0 days 02:30:35.268000,273.0,241.0,252.0,280.0,False,SOFT,10.0,True,Alfa Romeo,0 days 02:29:11.951000,,1,17.0,False,,False,True,18.0,70.0,985.9,True,24.6,285,5.0,True,False,False,False,False,False,1 L,+0.337,,0.337,9035.241,83.29,,,29.789,29.861,23.64,8981.767,9011.628,9035.268,8951.951
2022,Hungarian Grand Prix,13,Hungary,Budapest,0 days 02:31:57.440000,ZHO,24,0 days 00:01:22.199000,62.0,3.0,,Guanyu Zhou,,0 days 00:00:29.422000,0 days 00:00:29.706000,0 days 00:00:23.071000,0 days 02:31:04.690000,0 days 02:31:34.396000,0 days 02:31:57.467000,270.0,243.0,244.0,300.0,False,SOFT,11.0,True,Alfa Romeo,0 days 02:30:35.241000,,1,16.0,False,,False,True,18.0,70.0,986.0,True,24.6,281,4.8,True,False,False,False,False,False,1 L,+7.987,,7.987,9117.44,82.199,,,29.422,29.706,23.071,9064.69,9094.396,9117.467,9035.241
2022,Hungarian Grand Prix,13,Hungary,Budapest,0 days 02:33:19.905000,ZHO,24,0 days 00:01:22.465000,63.0,3.0,,Guanyu Zhou,,0 days 00:00:29.701000,0 days 00:00:29.576000,0 days 00:00:23.188000,0 days 02:32:27.168000,0 days 02:32:56.744000,0 days 02:33:19.932000,268.0,242.0,245.0,277.0,False,SOFT,12.0,True,Alfa Romeo,0 days 02:31:57.440000,,1,16.0,False,,False,True,18.0,70.0,986.0,True,24.6,304,3.7,True,False,False,False,False,False,1 L,+6.316,,6.316,9199.905,82.465,,,29.701,29.576,23.188,9147.168,9176.744,9199.932,9117.44
2022,Hungarian Grand Prix,13,Hungary,Budapest,0 days 02:34:42.176000,ZHO,24,0 days 00:01:22.271000,64.0,3.0,,Guanyu Zhou,,0 days 00:00:29.656000,0 days 00:00:29.401000,0 days 00:00:23.214000,0 days 02:33:49.588000,0 days 02:34:18.989000,0 days 02:34:42.203000,270.0,244.0,244.0,280.0,False,SOFT,13.0,True,Alfa Romeo,0 days 02:33:19.905000,,1,16.0,False,,False,True,18.1,69.0,986.0,True,24.7,274,3.7,True,False,False,False,False,False,1 L,+4.767,,4.767,9282.176,82.271,,,29.656,29.401,23.214,9229.588,9258.989,9282.203,9199.905
2022,Hungarian Grand Prix,13,Hungary,Budapest,0 days 02:36:05.008000,ZHO,24,0 days 00:01:22.832000,65.0,3.0,,Guanyu Zhou,,0 days 00:00:29.676000,0 days 00:00:29.717000,0 days 00:00:23.439000,0 days 02:35:11.879000,0 days 02:35:41.596000,0 days 02:36:05.035000,272.0,240.0,245.0,278.0,False,SOFT,14.0,True,Alfa Romeo,0 days 02:34:42.176000,,1,16.0,True,TRACK LIMITS AT TURN 4 LAP 65 ,False,True,18.1,70.0,986.0,True,24.7,289,3.2,True,False,False,False,False,False,1 L,+3.232,,3.232,9365.008,82.832,,,29.676,29.717,23.439,9311.879,9341.596,9365.035,9282.176
2022,Hungarian Grand Prix,13,Hungary,Budapest,0 days 02:37:28.648000,ZHO,24,0 days 00:01:23.640000,66.0,3.0,,Guanyu Zhou,,0 days 00:00:29.659000,0 days 00:00:30.325000,0 days 00:00:23.656000,0 days 02:36:34.694000,0 days 02:37:05.019000,0 days 02:37:28.675000,274.0,233.0,243.0,281.0,False,SOFT,15.0,True,Alfa Romeo,0 days 02:36:05.008000,,12,15.0,False,,False,True,18.1,70.0,986.0,True,24.7,281,2.5,True,True,False,False,False,False,1 L,+1.665,,1.665,9448.648,83.64,,,29.659,30.325,23.656,9394.694,9425.019,9448.675,9365.008
2022,Hungarian Grand Prix,13,Hungary,Budapest,0 days 02:39:18.007000,ZHO,24,0 days 00:01:49.359000,67.0,3.0,,Guanyu Zhou,,0 days 00:00:38.822000,0 days 00:00:39.343000,0 days 00:00:31.194000,0 days 02:38:07.497000,0 days 02:38:46.840000,0 days 02:39:18.034000,167.0,199.0,163.0,280.0,False,SOFT,16.0,True,Alfa Romeo,0 days 02:37:28.648000,,26,15.0,False,,False,False,18.1,69.0,986.2,True,24.4,278,4.5,False,True,False,False,True,False,1 L,+1.383,,1.383,9558.007,109.359,,,38.822,39.343,31.194,9487.497,9526.84,9558.034,9448.648
2022,Hungarian Grand Prix,13,Hungary,Budapest,0 days 02:40:51.198000,ZHO,24,0 days 00:01:33.191000,68.0,3.0,,Guanyu Zhou,,0 days 00:00:36.945000,0 days 00:00:31.956000,0 days 00:00:24.290000,0 days 02:39:54.979000,0 days 02:40:26.935000,0 days 02:40:51.225000,270.0,236.0,246.0,161.0,False,SOFT,17.0,True,Alfa Romeo,0 days 02:39:18.007000,,671,15.0,False,,False,False,18.1,70.0,986.0,True,24.2,284,4.5,True,False,False,False,True,True,1 L,+0.395,,0.395,9651.198,93.191,,,36.945,31.956,24.29,9594.979,9626.935,9651.225,9558.007
2022,Hungarian Grand Prix,13,Hungary,Budapest,0 days 02:42:19.165000,ZHO,24,0 days 00:01:27.967000,69.0,3.0,,Guanyu Zhou,,0 days 00:00:30.875000,0 days 00:00:31.774000,0 days 00:00:25.318000,0 days 02:41:22.100000,0 days 02:41:53.874000,0 days 02:42:19.192000,264.0,226.0,242.0,285.0,False,SOFT,18.0,True,Alfa Romeo,0 days 02:40:51.198000,,1,14.0,True,TRACK LIMITS AT TURN 13 LAP 69 ,False,True,18.0,70.0,986.0,True,23.9,283,4.5,True,False,False,False,False,False,1 L,+0.778,,0.778,9739.165,87.967,,,30.875,31.774,25.318,9682.1,9713.874,9739.192,9651.198
2022,Hungarian Grand Prix,13,Hungary,Budapest,0 days 01:03:47.927000,RIC,3,0 days 00:01:41.889000,1.0,1.0,,Daniel Ricciardo,,,0 days 00:00:33.375000,0 days 00:00:30.519000,,0 days 01:03:17.562000,0 days 01:03:48.075000,235.0,226.0,80.0,257.0,False,SOFT,3.0,False,McLaren,0 days 01:02:05.807000,,126,11.0,False,,False,False,18.4,70.0,985.7,True,26.4,289,5.0,True,True,False,False,True,False,+7.850,+0.710,7.85,0.71,3827.927,101.889,,,,33.375,30.519,,3797.562,3828.075,3725.807
2022,Hungarian Grand Prix,13,Hungary,Budapest,0 days 01:05:41.454000,RIC,3,0 days 00:01:53.527000,2.0,1.0,,Daniel Ricciardo,,0 days 00:00:47.947000,0 days 00:00:33.555000,0 days 00:00:32.025000,0 days 01:04:35.901000,0 days 01:05:09.456000,0 days 01:05:41.481000,241.0,214.0,201.0,119.0,True,SOFT,4.0,False,McLaren,0 days 01:03:47.927000,,6,11.0,False,,False,False,18.4,70.0,985.7,True,26.5,286,4.5,False,False,False,False,True,False,+14.897,+0.739,14.897,0.739,3941.454,113.527,,,47.947,33.555,32.025,3875.901,3909.456,3941.481,3827.927
2022,Hungarian Grand Prix,13,Hungary,Budapest,0 days 01:07:08.787000,RIC,3,0 days 00:01:27.333000,3.0,1.0,,Daniel Ricciardo,,0 days 00:00:32.215000,0 days 00:00:31.163000,0 days 00:00:23.955000,0 days 01:06:13.696000,0 days 01:06:44.859000,0 days 01:07:08.814000,276.0,233.0,250.0,256.0,True,SOFT,5.0,False,McLaren,0 days 01:05:41.454000,,671,11.0,False,,False,False,18.4,70.0,985.5,False,26.7,277,3.9,True,False,False,False,True,True,+11.637,+0.862,11.637,0.862,4028.787,87.333,,,32.215,31.163,23.955,3973.696,4004.859,4028.814,3941.454
2022,Hungarian Grand Prix,13,Hungary,Budapest,0 days 01:08:33.697000,RIC,3,0 days 00:01:24.910000,4.0,1.0,,Daniel Ricciardo,,0 days 00:00:30.116000,0 days 00:00:31.071000,0 days 00:00:23.723000,0 days 01:07:38.930000,0 days 01:08:10.001000,0 days 01:08:33.724000,277.0,233.0,248.0,298.0,True,SOFT,6.0,False,McLaren,0 days 01:07:08.787000,,1,11.0,False,,False,True,18.4,70.0,985.5,True,26.5,284,4.0,True,False,False,False,False,False,+12.829,+0.618,12.829,0.618,4113.697,84.91,,,30.116,31.071,23.723,4058.93,4090.001,4113.724,4028.787
2022,Hungarian Grand Prix,13,Hungary,Budapest,0 days 01:09:58.924000,RIC,3,0 days 00:01:25.227000,5.0,1.0,,Daniel Ricciardo,,0 days 00:00:30.246000,0 days 00:00:31.230000,0 days 00:00:23.751000,0 days 01:09:03.970000,0 days 01:09:35.200000,0 days 01:09:58.951000,273.0,234.0,250.0,299.0,False,SOFT,7.0,False,McLaren,0 days 01:08:33.697000,,1,11.0,False,,False,True,18.6,71.0,985.5,True,26.5,290,3.5,True,False,False,False,False,False,+14.098,+0.410,14.098,0.41,4198.924,85.227,,,30.246,31.23,23.751,4143.97,4175.2,4198.951,4113.697
2022,Hungarian Grand Prix,13,Hungary,Budapest,0 days 01:11:24.538000,RIC,3,0 days 00:01:25.614000,6.0,1.0,,Daniel Ricciardo,,0 days 00:00:30.707000,0 days 00:00:31.164000,0 days 00:00:23.743000,0 days 01:10:29.658000,0 days 01:11:00.822000,0 days 01:11:24.565000,265.0,234.0,248.0,300.0,False,SOFT,8.0,False,McLaren,0 days 01:09:58.924000,,1,10.0,False,,False,True,18.6,70.0,985.5,False,26.7,297,3.5,True,False,False,False,False,False,+15.770,+0.269,15.77,0.269,4284.538,85.614,,,30.707,31.164,23.743,4229.658,4260.822,4284.565,4198.924
2022,Hungarian Grand Prix,13,Hungary,Budapest,0 days 01:12:49.590000,RIC,3,0 days 00:01:25.052000,7.0,1.0,,Daniel Ricciardo,,0 days 00:00:29.890000,0 days 00:00:31.171000,0 days 00:00:23.991000,0 days 01:11:54.455000,0 days 01:12:25.626000,0 days 01:12:49.617000,275.0,230.0,241.0,295.0,False,SOFT,9.0,False,McLaren,0 days 01:11:24.538000,,1,10.0,False,,False,True,18.6,71.0,985.5,False,26.5,281,3.2,True,False,False,False,False,False,+16.677,+2.230,16.677,2.23,4369.59,85.052,,,29.89,31.171,23.991,4314.455,4345.626,4369.617,4284.538
2022,Hungarian Grand Prix,13,Hungary,Budapest,0 days 01:14:15.111000,RIC,3,0 days 00:01:25.521000,8.0,1.0,,Daniel Ricciardo,,0 days 00:00:30.409000,0 days 00:00:31.080000,0 days 00:00:24.032000,0 days 01:13:20.026000,0 days 01:13:51.106000,0 days 01:14:15.138000,275.0,227.0,241.0,281.0,False,SOFT,10.0,False,McLaren,0 days 01:12:49.590000,,1,10.0,False,,False,True,18.5,71.0,985.5,False,26.6,284,3.9,True,False,False,False,False,False,+18.144,+2.381,18.144,2.381,4455.111,85.521,,,30.409,31.08,24.032,4400.026,4431.106,4455.138,4369.59
2022,Hungarian Grand Prix,13,Hungary,Budapest,0 days 01:15:40.627000,RIC,3,0 days 00:01:25.516000,9.0,1.0,,Daniel Ricciardo,,0 days 00:00:30.463000,0 days 00:00:31.026000,0 days 00:00:24.027000,0 days 01:14:45.601000,0 days 01:15:16.627000,0 days 01:15:40.654000,275.0,230.0,241.0,282.0,False,SOFT,11.0,False,McLaren,0 days 01:14:15.111000,,1,10.0,False,,False,True,18.5,71.0,985.5,False,26.5,296,3.2,True,False,False,False,False,False,+19.946,+2.456,19.946,2.456,4540.627,85.516,,,30.463,31.026,24.027,4485.601,4516.627,4540.654,4455.111
2022,Hungarian Grand Prix,13,Hungary,Budapest,0 days 01:17:06.301000,RIC,3,0 days 00:01:25.674000,10.0,1.0,,Daniel Ricciardo,,0 days 00:00:30.387000,0 days 00:00:31.321000,0 days 00:00:23.966000,0 days 01:16:11.041000,0 days 01:16:42.362000,0 days 01:17:06.328000,275.0,232.0,243.0,279.0,False,SOFT,12.0,False,McLaren,0 days 01:15:40.627000,,1,10.0,False,,False,True,18.5,71.0,985.5,False,26.7,280,3.5,True,False,False,False,False,False,+21.158,+2.760,21.158,2.76,4626.301,85.674,,,30.387,31.321,23.966,4571.041,4602.362,4626.328,4540.627
2022,Hungarian Grand Prix,13,Hungary,Budapest,0 days 01:18:32.107000,RIC,3,0 days 00:01:25.806000,11.0,1.0,,Daniel Ricciardo,,0 days 00:00:30.318000,0 days 00:00:31.315000,0 days 00:00:24.173000,0 days 01:17:36.646000,0 days 01:18:07.961000,0 days 01:18:32.134000,275.0,229.0,242.0,281.0,False,SOFT,13.0,False,McLaren,0 days 01:17:06.301000,,1,10.0,False,,False,True,18.5,71.0,985.5,False,26.8,285,4.1,True,False,False,False,False,False,+22.602,+3.242,22.602,3.242,4712.107,85.806,,,30.318,31.315,24.173,4656.646,4687.961,4712.134,4626.301
2022,Hungarian Grand Prix,13,Hungary,Budapest,0 days 01:19:57.932000,RIC,3,0 days 00:01:25.825000,12.0,1.0,,Daniel Ricciardo,,0 days 00:00:30.444000,0 days 00:00:31.294000,0 days 00:00:24.087000,0 days 01:19:02.578000,0 days 01:19:33.872000,0 days 01:19:57.959000,274.0,230.0,242.0,280.0,False,SOFT,14.0,False,McLaren,0 days 01:18:32.107000,,1,10.0,False,,False,True,18.5,71.0,985.5,False,26.9,289,3.9,True,False,False,False,False,False,+24.228,+4.087,24.228,4.087,4797.932,85.825,,,30.444,31.294,24.087,4742.578,4773.872,4797.959,4712.107
2022,Hungarian Grand Prix,13,Hungary,Budapest,0 days 01:21:24.368000,RIC,3,0 days 00:01:26.436000,13.0,1.0,,Daniel Ricciardo,,0 days 00:00:30.399000,0 days 00:00:31.502000,0 days 00:00:24.535000,0 days 01:20:28.358000,0 days 01:20:59.860000,0 days 01:21:24.395000,275.0,227.0,241.0,280.0,False,SOFT,15.0,False,McLaren,0 days 01:19:57.932000,,1,10.0,False,,False,True,18.5,71.0,985.5,False,26.9,282,4.5,True,False,False,False,False,False,+26.048,+5.693,26.048,5.693,4884.368,86.436,,,30.399,31.502,24.535,4828.358,4859.86,4884.395,4797.932
2022,Hungarian Grand Prix,13,Hungary,Budapest,0 days 01:22:52.175000,RIC,3,0 days 00:01:27.807000,14.0,1.0,,Daniel Ricciardo,,0 days 00:00:30.663000,0 days 00:00:32.047000,0 days 00:00:25.097000,0 days 01:21:55.058000,0 days 01:22:27.105000,0 days 01:22:52.202000,273.0,227.0,238.0,280.0,False,SOFT,16.0,False,McLaren,0 days 01:21:24.368000,,1,10.0,False,,False,True,18.4,72.0,985.5,False,26.9,277,3.9,True,False,False,False,False,False,+28.923,+6.976,28.923,6.976,4972.175,87.807,,,30.663,32.047,25.097,4915.058,4947.105,4972.202,4884.368
2022,Hungarian Grand Prix,13,Hungary,Budapest,0 days 01:24:22.404000,RIC,3,0 days 00:01:30.229000,15.0,1.0,,Daniel Ricciardo,0 days 01:24:20.694000,0 days 00:00:30.759000,0 days 00:00:32.014000,0 days 00:00:27.456000,0 days 01:23:22.961000,0 days 01:23:54.975000,0 days 01:24:22.431000,273.0,228.0,,277.0,False,SOFT,17.0,False,McLaren,0 days 01:22:52.175000,,1,11.0,False,,False,False,18.4,71.0,985.5,False,26.9,267,2.5,True,False,False,False,False,False,+31.239,+10.506,31.239,10.506,5062.404,90.229,5060.694,,30.759,32.014,27.456,5002.961,5034.975,5062.431,4972.175
2022,Hungarian Grand Prix,13,Hungary,Budapest,0 days 01:26:06.087000,RIC,3,0 days 00:01:43.683000,16.0,2.0,0 days 01:24:42.246000,Daniel Ricciardo,,0 days 00:00:49.048000,0 days 00:00:31.038000,0 days 00:00:23.597000,0 days 01:25:11.479000,0 days 01:25:42.517000,0 days 01:26:06.114000,274.0,232.0,248.0,277.0,False,MEDIUM,1.0,True,McLaren,0 days 01:24:22.404000,,1,16.0,False,,False,False,18.4,70.0,985.5,False,27.2,291,3.2,True,False,False,False,False,False,+51.667,+0.311,51.667,0.311,5166.087,103.683,,5082.246,49.048,31.038,23.597,5111.479,5142.517,5166.114,5062.404
2022,Hungarian Grand Prix,13,Hungary,Budapest,0 days 01:27:30.524000,RIC,3,0 days 00:01:24.437000,17.0,2.0,,Daniel Ricciardo,,0 days 00:00:29.963000,0 days 00:00:30.735000,0 days 00:00:23.739000,0 days 01:26:36.077000,0 days 01:27:06.812000,0 days 01:27:30.551000,269.0,232.0,241.0,295.0,True,MEDIUM,2.0,True,McLaren,0 days 01:26:06.087000,,1,14.0,False,,False,True,18.4,70.0,985.7,False,27.6,292,4.8,True,False,False,False,False,False,+51.151,+6.786,51.151,6.786,5250.524,84.437,,,29.963,30.735,23.739,5196.077,5226.812,5250.551,5166.087
2022,Hungarian Grand Prix,13,Hungary,Budapest,0 days 01:28:55.053000,RIC,3,0 days 00:01:24.529000,18.0,2.0,,Daniel Ricciardo,,0 days 00:00:30.181000,0 days 00:00:30.609000,0 days 00:00:23.739000,0 days 01:28:00.732000,0 days 01:28:31.341000,0 days 01:28:55.080000,275.0,234.0,241.0,274.0,False,MEDIUM,3.0,True,McLaren,0 days 01:27:30.524000,,1,14.0,False,,False,True,18.4,71.0,985.5,False,27.6,287,4.5,True,False,False,False,False,False,+51.896,+4.593,51.896,4.593,5335.053,84.529,,,30.181,30.609,23.739,5280.732,5311.341,5335.08,5250.524
2022,Hungarian Grand Prix,13,Hungary,Budapest,0 days 01:30:19.583000,RIC,3,0 days 00:01:24.530000,19.0,2.0,,Daniel Ricciardo,,0 days 00:00:30.113000,0 days 00:00:30.665000,0 days 00:00:23.752000,0 days 01:29:25.193000,0 days 01:29:55.858000,0 days 01:30:19.610000,275.0,234.0,243.0,276.0,False,MEDIUM,4.0,True,McLaren,0 days 01:28:55.053000,,1,13.0,False,,False,True,18.4,70.0,985.7,False,27.6,281,4.4,True,False,False,False,False,False,+52.522,+13.048,52.522,13.048,5419.583,84.53,,,30.113,30.665,23.752,5365.193,5395.858,5419.61,5335.053
2022,Hungarian Grand Prix,13,Hungary,Budapest,0 days 01:31:44.216000,RIC,3,0 days 00:01:24.633000,20.0,2.0,,Daniel Ricciardo,,0 days 00:00:30.218000,0 days 00:00:30.689000,0 days 00:00:23.726000,0 days 01:30:49.828000,0 days 01:31:20.517000,0 days 01:31:44.243000,274.0,234.0,242.0,278.0,False,MEDIUM,5.0,True,McLaren,0 days 01:30:19.583000,,1,13.0,False,,False,True,18.5,70.0,985.5,False,27.5,283,4.3,True,False,False,False,False,False,+52.834,+10.862,52.834,10.862,5504.216,84.633,,,30.218,30.689,23.726,5449.828,5480.517,5504.243,5419.583
2022,Hungarian Grand Prix,13,Hungary,Budapest,0 days 01:33:08.666000,RIC,3,0 days 00:01:24.450000,21.0,2.0,,Daniel Ricciardo,,0 days 00:00:30.247000,0 days 00:00:30.580000,0 days 00:00:23.623000,0 days 01:32:14.490000,0 days 01:32:45.070000,0 days 01:33:08.693000,275.0,235.0,242.0,278.0,False,MEDIUM,6.0,True,McLaren,0 days 01:31:44.216000,,1,13.0,False,,False,True,18.5,70.0,985.5,False,27.5,279,4.0,True,False,False,False,False,False,+50.803,+8.484,50.803,8.484,5588.666,84.45,,,30.247,30.58,23.623,5534.49,5565.07,5588.693,5504.216
2022,Hungarian Grand Prix,13,Hungary,Budapest,0 days 01:34:33.408000,RIC,3,0 days 00:01:24.742000,22.0,2.0,,Daniel Ricciardo,,0 days 00:00:30.131000,0 days 00:00:30.768000,0 days 00:00:23.843000,0 days 01:33:38.824000,0 days 01:34:09.592000,0 days 01:34:33.435000,278.0,235.0,250.0,279.0,False,MEDIUM,7.0,True,McLaren,0 days 01:33:08.666000,,1,12.0,False,,False,True,18.5,70.0,985.5,False,27.7,293,4.4,True,False,False,False,False,False,+36.299,+0.743,36.299,0.743,5673.408,84.742,,,30.131,30.768,23.843,5618.824,5649.592,5673.435,5588.666
2022,Hungarian Grand Prix,13,Hungary,Budapest,0 days 01:35:58.028000,RIC,3,0 days 00:01:24.620000,23.0,2.0,,Daniel Ricciardo,,0 days 00:00:29.932000,0 days 00:00:30.987000,0 days 00:00:23.701000,0 days 01:35:03.367000,0 days 01:35:34.354000,0 days 01:35:58.055000,273.0,235.0,249.0,298.0,False,MEDIUM,8.0,True,McLaren,0 days 01:34:33.408000,,1,12.0,False,,False,True,18.5,70.0,985.5,False,27.8,291,3.5,True,False,False,False,False,False,+37.380,+0.777,37.38,0.777,5758.028,84.62,,,29.932,30.987,23.701,5703.367,5734.354,5758.055,5673.408
2022,Hungarian Grand Prix,13,Hungary,Budapest,0 days 01:37:22.776000,RIC,3,0 days 00:01:24.748000,24.0,2.0,,Daniel Ricciardo,,0 days 00:00:30.083000,0 days 00:00:30.507000,0 days 00:00:24.158000,0 days 01:36:28.138000,0 days 01:36:58.645000,0 days 01:37:22.803000,269.0,237.0,243.0,300.0,False,MEDIUM,9.0,True,McLaren,0 days 01:35:58.028000,,1,10.0,False,,False,True,18.4,70.0,985.5,False,27.8,277,3.2,True,False,False,False,False,False,+38.223,+5.350,38.223,5.35,5842.776,84.748,,,30.083,30.507,24.158,5788.138,5818.645,5842.803,5758.028
2022,Hungarian Grand Prix,13,Hungary,Budapest,0 days 01:38:47.559000,RIC,3,0 days 00:01:24.783000,25.0,2.0,,Daniel Ricciardo,,0 days 00:00:30.228000,0 days 00:00:30.692000,0 days 00:00:23.863000,0 days 01:37:53.031000,0 days 01:38:23.723000,0 days 01:38:47.586000,275.0,238.0,244.0,281.0,False,MEDIUM,10.0,True,McLaren,0 days 01:37:22.776000,,1,10.0,False,,False,True,18.5,70.0,985.5,False,28.1,285,4.1,True,False,False,False,False,False,+39.353,+4.072,39.353,4.072,5927.559,84.783,,,30.228,30.692,23.863,5873.031,5903.723,5927.586,5842.776
2022,Hungarian Grand Prix,13,Hungary,Budapest,0 days 01:40:12.272000,RIC,3,0 days 00:01:24.713000,26.0,2.0,,Daniel Ricciardo,,0 days 00:00:30.184000,0 days 00:00:30.703000,0 days 00:00:23.826000,0 days 01:39:17.770000,0 days 01:39:48.473000,0 days 01:40:12.299000,276.0,233.0,242.0,281.0,False,MEDIUM,11.0,True,McLaren,0 days 01:38:47.559000,,1,10.0,False,,False,True,18.5,70.0,985.5,False,28.2,282,3.5,True,False,False,False,False,False,+40.279,+2.236,40.279,2.236,6012.272,84.713,,,30.184,30.703,23.826,5957.77,5988.473,6012.299,5927.559
2022,Hungarian Grand Prix,13,Hungary,Budapest,0 days 01:41:37.096000,RIC,3,0 days 00:01:24.824000,27.0,2.0,,Daniel Ricciardo,,0 days 00:00:30.301000,0 days 00:00:30.775000,0 days 00:00:23.748000,0 days 01:40:42.600000,0 days 01:41:13.375000,0 days 01:41:37.123000,277.0,235.0,242.0,281.0,False,MEDIUM,12.0,True,McLaren,0 days 01:40:12.272000,,1,8.0,False,,False,True,18.5,70.0,985.5,False,28.5,294,3.5,True,False,False,False,False,False,+41.225,+14.782,41.225,14.782,6097.096,84.824,,,30.301,30.775,23.748,6042.6,6073.375,6097.123,6012.272
2022,Hungarian Grand Prix,13,Hungary,Budapest,0 days 01:43:01.837000,RIC,3,0 days 00:01:24.741000,28.0,2.0,,Daniel Ricciardo,,0 days 00:00:30.177000,0 days 00:00:30.702000,0 days 00:00:23.862000,0 days 01:42:07.300000,0 days 01:42:38.002000,0 days 01:43:01.864000,275.0,235.0,243.0,277.0,False,MEDIUM,13.0,True,McLaren,0 days 01:41:37.096000,,1,8.0,False,,False,True,18.6,70.0,985.5,False,28.5,285,3.7,True,False,False,False,False,False,+41.400,+15.072,41.4,15.072,6181.837,84.741,,,30.177,30.702,23.862,6127.3,6158.002,6181.864,6097.096
2022,Hungarian Grand Prix,13,Hungary,Budapest,0 days 01:44:26.431000,RIC,3,0 days 00:01:24.594000,29.0,2.0,,Daniel Ricciardo,,0 days 00:00:30.315000,0 days 00:00:30.523000,0 days 00:00:23.756000,0 days 01:43:32.179000,0 days 01:44:02.702000,0 days 01:44:26.458000,275.0,237.0,241.0,278.0,False,MEDIUM,14.0,True,McLaren,0 days 01:43:01.837000,,1,8.0,False,,False,True,18.6,70.0,985.5,False,28.5,291,4.0,True,False,False,False,False,False,+41.728,+15.180,41.728,15.18,6266.431,84.594,,,30.315,30.523,23.756,6212.179,6242.702,6266.458,6181.837
2022,Hungarian Grand Prix,13,Hungary,Budapest,0 days 01:45:51.501000,RIC,3,0 days 00:01:25.070000,30.0,2.0,,Daniel Ricciardo,,0 days 00:00:30.291000,0 days 00:00:30.759000,0 days 00:00:24.020000,0 days 01:44:56.749000,0 days 01:45:27.508000,0 days 01:45:51.528000,275.0,232.0,241.0,276.0,False,MEDIUM,15.0,True,McLaren,0 days 01:44:26.431000,,1,8.0,False,,False,True,18.4,70.0,985.5,False,28.5,290,3.9,True,False,False,False,False,False,+41.995,+15.221,41.995,15.221,6351.501,85.07,,,30.291,30.759,24.02,6296.749,6327.508,6351.528,6266.431
2022,Hungarian Grand Prix,13,Hungary,Budapest,0 days 01:47:16.606000,RIC,3,0 days 00:01:25.105000,31.0,2.0,,Daniel Ricciardo,,0 days 00:00:30.270000,0 days 00:00:30.844000,0 days 00:00:23.991000,0 days 01:46:21.798000,0 days 01:46:52.642000,0 days 01:47:16.633000,275.0,231.0,242.0,277.0,False,MEDIUM,16.0,True,McLaren,0 days 01:45:51.501000,,1,8.0,False,,False,True,18.3,70.0,985.5,False,28.0,293,5.3,True,False,False,False,False,False,+44.213,+15.712,44.213,15.712,6436.606,85.105,,,30.27,30.844,23.991,6381.798,6412.642,6436.633,6351.501
2022,Hungarian Grand Prix,13,Hungary,Budapest,0 days 01:48:42.134000,RIC,3,0 days 00:01:25.528000,32.0,2.0,,Daniel Ricciardo,,0 days 00:00:30.458000,0 days 00:00:30.950000,0 days 00:00:24.120000,0 days 01:47:47.091000,0 days 01:48:18.041000,0 days 01:48:42.161000,266.0,231.0,242.0,276.0,False,MEDIUM,17.0,True,McLaren,0 days 01:47:16.606000,,1,8.0,False,,False,True,18.4,71.0,985.5,False,27.7,266,5.8,True,False,False,False,False,False,+45.441,+16.273,45.441,16.273,6522.134,85.528,,,30.458,30.95,24.12,6467.091,6498.041,6522.161,6436.606
2022,Hungarian Grand Prix,13,Hungary,Budapest,0 days 01:50:07.245000,RIC,3,0 days 00:01:25.111000,33.0,2.0,,Daniel Ricciardo,,0 days 00:00:30.373000,0 days 00:00:30.778000,0 days 00:00:23.960000,0 days 01:49:12.534000,0 days 01:49:43.312000,0 days 01:50:07.272000,269.0,236.0,243.0,275.0,False,MEDIUM,18.0,True,McLaren,0 days 01:48:42.134000,,1,8.0,False,,False,True,18.4,71.0,985.7,False,27.6,294,4.0,True,False,False,False,False,False,+47.187,+16.614,47.187,16.614,6607.245,85.111,,,30.373,30.778,23.96,6552.534,6583.312,6607.272,6522.134
2022,Hungarian Grand Prix,13,Hungary,Budapest,0 days 01:51:32.277000,RIC,3,0 days 00:01:25.032000,34.0,2.0,,Daniel Ricciardo,,0 days 00:00:30.450000,0 days 00:00:30.632000,0 days 00:00:23.950000,0 days 01:50:37.722000,0 days 01:51:08.354000,0 days 01:51:32.304000,270.0,235.0,244.0,273.0,False,MEDIUM,19.0,True,McLaren,0 days 01:50:07.245000,,1,8.0,False,,False,True,18.3,70.0,985.5,False,27.3,282,4.4,True,False,False,False,False,False,+48.831,+16.954,48.831,16.954,6692.277,85.032,,,30.45,30.632,23.95,6637.722,6668.354,6692.304,6607.245
2022,Hungarian Grand Prix,13,Hungary,Budapest,0 days 01:52:57.390000,RIC,3,0 days 00:01:25.113000,35.0,2.0,,Daniel Ricciardo,,0 days 00:00:30.371000,0 days 00:00:30.916000,0 days 00:00:23.826000,0 days 01:52:02.675000,0 days 01:52:33.591000,0 days 01:52:57.417000,268.0,235.0,243.0,277.0,False,MEDIUM,20.0,True,McLaren,0 days 01:51:32.277000,,12,8.0,False,,False,True,18.3,71.0,985.7,False,26.8,276,4.5,True,True,False,False,False,False,+50.444,+16.626,50.444,16.626,6777.39,85.113,,,30.371,30.916,23.826,6722.675,6753.591,6777.417,6692.277
2022,Hungarian Grand Prix,13,Hungary,Budapest,0 days 01:54:22.452000,RIC,3,0 days 00:01:25.062000,36.0,2.0,,Daniel Ricciardo,,0 days 00:00:30.216000,0 days 00:00:30.844000,0 days 00:00:24.002000,0 days 01:53:27.633000,0 days 01:53:58.477000,0 days 01:54:22.479000,270.0,236.0,243.0,277.0,False,MEDIUM,21.0,True,McLaren,0 days 01:52:57.390000,,1,8.0,False,,False,True,18.2,71.0,985.5,False,26.8,279,3.4,True,False,False,False,False,False,+52.364,+16.110,52.364,16.11,6862.452,85.062,,,30.216,30.844,24.002,6807.633,6838.477,6862.479,6777.39
2022,Hungarian Grand Prix,13,Hungary,Budapest,0 days 01:55:48.021000,RIC,3,0 days 00:01:25.569000,37.0,2.0,,Daniel Ricciardo,,0 days 00:00:30.515000,0 days 00:00:31.003000,0 days 00:00:24.051000,0 days 01:54:52.994000,0 days 01:55:23.997000,0 days 01:55:48.048000,269.0,235.0,241.0,272.0,False,MEDIUM,22.0,True,McLaren,0 days 01:54:22.452000,,1,8.0,False,,False,True,18.2,71.0,985.7,False,26.7,287,4.1,True,False,False,False,False,False,+54.480,+16.755,54.48,16.755,6948.021,85.569,,,30.515,31.003,24.051,6892.994,6923.997,6948.048,6862.452
2022,Hungarian Grand Prix,13,Hungary,Budapest,0 days 01:57:13.614000,RIC,3,0 days 00:01:25.593000,38.0,2.0,,Daniel Ricciardo,,0 days 00:00:30.424000,0 days 00:00:31.234000,0 days 00:00:23.935000,0 days 01:56:18.472000,0 days 01:56:49.706000,0 days 01:57:13.641000,269.0,234.0,241.0,276.0,False,MEDIUM,23.0,True,McLaren,0 days 01:55:48.021000,,1,8.0,False,,False,True,18.1,72.0,985.7,False,26.8,290,2.7,True,False,False,False,False,False,+56.268,+17.217,56.268,17.217,7033.614,85.593,,,30.424,31.234,23.935,6978.472,7009.706,7033.641,6948.021
2022,Hungarian Grand Prix,13,Hungary,Budapest,0 days 01:58:39.238000,RIC,3,0 days 00:01:25.624000,39.0,2.0,,Daniel Ricciardo,,0 days 00:00:30.383000,0 days 00:00:31.117000,0 days 00:00:24.124000,0 days 01:57:44.024000,0 days 01:58:15.141000,0 days 01:58:39.265000,267.0,235.0,244.0,278.0,False,MEDIUM,24.0,True,McLaren,0 days 01:57:13.614000,,1,8.0,False,,False,True,18.0,72.0,985.7,False,26.5,293,3.4,True,False,False,False,False,False,+55.568,+17.367,55.568,17.367,7119.238,85.624,,,30.383,31.117,24.124,7064.024,7095.141,7119.265,7033.614
2022,Hungarian Grand Prix,13,Hungary,Budapest,0 days 02:00:04.528000,RIC,3,0 days 00:01:25.290000,40.0,2.0,,Daniel Ricciardo,,0 days 00:00:30.351000,0 days 00:00:30.972000,0 days 00:00:23.967000,0 days 01:59:09.616000,0 days 01:59:40.588000,0 days 02:00:04.555000,272.0,237.0,241.0,278.0,False,MEDIUM,25.0,True,McLaren,0 days 01:58:39.238000,,1,8.0,False,,False,True,18.1,71.0,985.7,False,26.5,284,5.0,True,False,False,False,False,False,+51.759,+17.611,51.759,17.611,7204.528,85.29,,,30.351,30.972,23.967,7149.616,7180.588,7204.555,7119.238
2022,Hungarian Grand Prix,13,Hungary,Budapest,0 days 02:01:29.657000,RIC,3,0 days 00:01:25.129000,41.0,2.0,,Daniel Ricciardo,,0 days 00:00:30.489000,0 days 00:00:30.806000,0 days 00:00:23.834000,0 days 02:00:35.044000,0 days 02:01:05.850000,0 days 02:01:29.684000,275.0,235.0,243.0,276.0,False,MEDIUM,26.0,True,McLaren,0 days 02:00:04.528000,,12,8.0,False,,False,True,18.0,72.0,985.7,False,26.5,286,3.7,True,True,False,False,False,False,+53.048,+17.515,53.048,17.515,7289.657,85.129,,,30.489,30.806,23.834,7235.044,7265.85,7289.684,7204.528
2022,Hungarian Grand Prix,13,Hungary,Budapest,0 days 02:02:54.736000,RIC,3,0 days 00:01:25.079000,42.0,2.0,,Daniel Ricciardo,,0 days 00:00:30.354000,0 days 00:00:30.948000,0 days 00:00:23.777000,0 days 02:02:00.038000,0 days 02:02:30.986000,0 days 02:02:54.763000,275.0,236.0,242.0,277.0,False,MEDIUM,27.0,True,McLaren,0 days 02:01:29.657000,,1,8.0,False,,False,True,17.9,71.0,985.5,False,26.4,288,4.5,True,False,False,False,False,False,+53.607,+14.000,53.607,14.0,7374.736,85.079,,,30.354,30.948,23.777,7320.038,7350.986,7374.763,7289.657
2022,Hungarian Grand Prix,13,Hungary,Budapest,0 days 02:04:19.897000,RIC,3,0 days 00:01:25.161000,43.0,2.0,,Daniel Ricciardo,,0 days 00:00:30.359000,0 days 00:00:30.922000,0 days 00:00:23.880000,0 days 02:03:25.122000,0 days 02:03:56.044000,0 days 02:04:19.924000,276.0,236.0,243.0,277.0,False,MEDIUM,28.0,True,McLaren,0 days 02:02:54.736000,,1,7.0,False,,False,True,18.0,71.0,985.7,False,26.1,287,4.8,True,False,False,False,False,False,+55.117,+11.866,55.117,11.866,7459.897,85.161,,,30.359,30.922,23.88,7405.122,7436.044,7459.924,7374.736
2022,Hungarian Grand Prix,13,Hungary,Budapest,0 days 02:05:44.821000,RIC,3,0 days 00:01:24.924000,44.0,2.0,,Daniel Ricciardo,,0 days 00:00:30.217000,0 days 00:00:30.828000,0 days 00:00:23.879000,0 days 02:04:50.141000,0 days 02:05:20.969000,0 days 02:05:44.848000,274.0,237.0,243.0,281.0,False,MEDIUM,29.0,True,McLaren,0 days 02:04:19.897000,,1,7.0,False,,False,True,18.0,71.0,985.7,False,26.0,275,4.6,True,False,False,False,False,False,+55.857,+14.865,55.857,14.865,7544.821,84.924,,,30.217,30.828,23.879,7490.141,7520.969,7544.848,7459.897
2022,Hungarian Grand Prix,13,Hungary,Budapest,0 days 02:07:09.863000,RIC,3,0 days 00:01:25.042000,45.0,2.0,,Daniel Ricciardo,,0 days 00:00:30.310000,0 days 00:00:30.889000,0 days 00:00:23.843000,0 days 02:06:15.158000,0 days 02:06:46.047000,0 days 02:07:09.890000,276.0,237.0,242.0,277.0,False,MEDIUM,30.0,True,McLaren,0 days 02:05:44.821000,,1,7.0,False,,False,True,18.0,72.0,985.7,False,26.1,286,3.9,True,False,False,False,False,False,+56.684,+17.320,56.684,17.32,7629.863,85.042,,,30.31,30.889,23.843,7575.158,7606.047,7629.89,7544.821
2022,Hungarian Grand Prix,13,Hungary,Budapest,0 days 02:08:37.623000,RIC,3,0 days 00:01:27.760000,46.0,2.0,,Daniel Ricciardo,0 days 02:08:35.898000,0 days 00:00:30.261000,0 days 00:00:31.059000,0 days 00:00:26.440000,0 days 02:07:40.151000,0 days 02:08:11.210000,0 days 02:08:37.650000,276.0,236.0,,279.0,False,MEDIUM,31.0,True,McLaren,0 days 02:07:09.863000,,1,8.0,False,,False,False,18.0,72.0,985.7,False,26.1,292,3.5,True,False,False,False,False,False,+57.684,+19.952,57.684,19.952,7717.623,87.76,7715.898,,30.261,31.059,26.44,7660.151,7691.21,7717.65,7629.863
2022,Hungarian Grand Prix,13,Hungary,Budapest,0 days 02:10:27.294000,RIC,3,0 days 00:01:49.671000,47.0,3.0,0 days 02:08:57.433000,Daniel Ricciardo,,0 days 00:00:52.071000,0 days 00:00:33.084000,0 days 00:00:24.516000,0 days 02:09:29.721000,0 days 02:10:02.805000,0 days 02:10:27.321000,265.0,227.0,241.0,279.0,False,HARD,1.0,True,McLaren,0 days 02:08:37.623000,,12,11.0,False,,False,False,18.1,71.0,985.7,False,26.1,296,3.7,True,True,False,False,False,False,+83.711,+13.256,83.711,13.256,7827.294,109.671,,7737.433,52.071,33.084,24.516,7769.721,7802.805,7827.321,7717.623
2022,Hungarian Grand Prix,13,Hungary,Budapest,0 days 02:11:55.246000,RIC,3,0 days 00:01:27.952000,48.0,3.0,,Daniel Ricciardo,,0 days 00:00:32.175000,0 days 00:00:31.666000,0 days 00:00:24.111000,0 days 02:10:59.496000,0 days 02:11:31.162000,0 days 02:11:55.273000,275.0,233.0,245.0,271.0,False,HARD,2.0,True,McLaren,0 days 02:10:27.294000,,1,11.0,False,,False,True,18.1,71.0,985.7,False,26.1,291,4.3,True,False,False,False,False,False,1 L,+16.376,,16.376,7915.246,87.952,,,32.175,31.666,24.111,7859.496,7891.162,7915.273,7827.294
2022,Hungarian Grand Prix,13,Hungary,Budapest,0 days 02:13:21.657000,RIC,3,0 days 00:01:26.411000,49.0,3.0,,Daniel Ricciardo,,0 days 00:00:30.763000,0 days 00:00:30.666000,0 days 00:00:24.982000,0 days 02:12:26.036000,0 days 02:12:56.702000,0 days 02:13:21.684000,273.0,236.0,249.0,281.0,False,HARD,3.0,True,McLaren,0 days 02:11:55.246000,,1,12.0,False,,False,True,18.1,71.0,985.7,False,25.7,290,4.1,True,False,False,False,False,False,1 L,+3.083,,3.083,8001.657,86.411,,,30.763,30.666,24.982,7946.036,7976.702,8001.684,7915.246
2022,Hungarian Grand Prix,13,Hungary,Budapest,0 days 02:14:46.076000,RIC,3,0 days 00:01:24.419000,50.0,3.0,,Daniel Ricciardo,,0 days 00:00:30.424000,0 days 00:00:30.528000,0 days 00:00:23.467000,0 days 02:13:52.108000,0 days 02:14:22.636000,0 days 02:14:46.103000,281.0,240.0,245.0,294.0,True,HARD,4.0,True,McLaren,0 days 02:13:21.657000,,1,12.0,False,,False,True,18.1,70.0,985.7,True,25.8,289,3.7,True,False,False,False,False,False,+88.370,+3.751,88.37,3.751,8086.076,84.419,,,30.424,30.528,23.467,8032.108,8062.636,8086.103,8001.657
2022,Hungarian Grand Prix,13,Hungary,Budapest,0 days 02:16:10.899000,RIC,3,0 days 00:01:24.823000,51.0,3.0,,Daniel Ricciardo,,0 days 00:00:30.770000,0 days 00:00:30.489000,0 days 00:00:23.564000,0 days 02:15:16.873000,0 days 02:15:47.362000,0 days 02:16:10.926000,279.0,238.0,245.0,282.0,False,HARD,5.0,True,McLaren,0 days 02:14:46.076000,,1,13.0,False,,False,True,18.2,70.0,985.7,True,25.9,286,4.5,True,False,False,False,False,False,1 L,+1.555,,1.555,8170.899,84.823,,,30.77,30.489,23.564,8116.873,8147.362,8170.926,8086.076
2022,Hungarian Grand Prix,13,Hungary,Budapest,0 days 02:17:35.162000,RIC,3,0 days 00:01:24.263000,52.0,3.0,,Daniel Ricciardo,,0 days 00:00:30.110000,0 days 00:00:30.411000,0 days 00:00:23.742000,0 days 02:16:41.036000,0 days 02:17:11.447000,0 days 02:17:35.189000,282.0,239.0,245.0,282.0,True,HARD,6.0,True,McLaren,0 days 02:16:10.899000,,1,13.0,False,,False,True,18.1,70.0,985.9,False,25.6,291,5.0,True,False,False,False,False,False,1 L,+2.572,,2.572,8255.162,84.263,,,30.11,30.411,23.742,8201.036,8231.447,8255.189,8170.899
2022,Hungarian Grand Prix,13,Hungary,Budapest,0 days 02:19:00.924000,RIC,3,0 days 00:01:25.762000,53.0,3.0,,Daniel Ricciardo,,0 days 00:00:30.060000,0 days 00:00:30.422000,0 days 00:00:25.280000,0 days 02:18:05.249000,0 days 02:18:35.671000,0 days 02:19:00.951000,280.0,239.0,249.0,281.0,False,HARD,7.0,True,McLaren,0 days 02:17:35.162000,,1,13.0,False,,False,True,18.1,70.0,985.7,False,25.5,280,4.5,True,False,False,False,False,False,1 L,+5.366,,5.366,8340.924,85.762,,,30.06,30.422,25.28,8285.249,8315.671,8340.951,8255.162
2022,Hungarian Grand Prix,13,Hungary,Budapest,0 days 02:20:27.513000,RIC,3,0 days 00:01:26.589000,54.0,3.0,,Daniel Ricciardo,,0 days 00:00:30.363000,0 days 00:00:32.361000,0 days 00:00:23.865000,0 days 02:19:31.314000,0 days 02:20:03.675000,0 days 02:20:27.540000,281.0,235.0,245.0,289.0,False,HARD,8.0,True,McLaren,0 days 02:19:00.924000,,1,13.0,False,,False,True,18.1,70.0,985.7,False,25.5,283,5.4,True,False,False,False,False,False,1 L,+8.947,,8.947,8427.513,86.589,,,30.363,32.361,23.865,8371.314,8403.675,8427.54,8340.924
2022,Hungarian Grand Prix,13,Hungary,Budapest,0 days 02:21:52.991000,RIC,3,0 days 00:01:25.478000,55.0,3.0,,Daniel Ricciardo,,0 days 00:00:30.678000,0 days 00:00:31.103000,0 days 00:00:23.697000,0 days 02:20:58.218000,0 days 02:21:29.321000,0 days 02:21:53.018000,275.0,239.0,246.0,282.0,False,HARD,9.0,True,McLaren,0 days 02:20:27.513000,,1,14.0,False,,False,True,18.0,70.0,985.9,True,25.2,288,4.1,True,False,False,False,False,False,1 L,+1.288,,1.288,8512.991,85.478,,,30.678,31.103,23.697,8458.218,8489.321,8513.018,8427.513
2022,Hungarian Grand Prix,13,Hungary,Budapest,0 days 02:23:18.634000,RIC,3,0 days 00:01:25.643000,56.0,3.0,,Daniel Ricciardo,,0 days 00:00:30.069000,0 days 00:00:32.063000,0 days 00:00:23.511000,0 days 02:22:23.087000,0 days 02:22:55.150000,0 days 02:23:18.661000,280.0,238.0,246.0,284.0,False,HARD,10.0,True,McLaren,0 days 02:21:52.991000,,1,14.0,False,,False,True,18.0,69.0,985.9,True,25.2,294,5.6,True,False,False,False,False,False,1 L,+3.748,,3.748,8598.634,85.643,,,30.069,32.063,23.511,8543.087,8575.15,8598.661,8512.991
2022,Hungarian Grand Prix,13,Hungary,Budapest,0 days 02:24:42.885000,RIC,3,0 days 00:01:24.251000,57.0,3.0,,Daniel Ricciardo,,0 days 00:00:30.024000,0 days 00:00:30.536000,0 days 00:00:23.691000,0 days 02:23:48.685000,0 days 02:24:19.221000,0 days 02:24:42.912000,277.0,239.0,247.0,281.0,True,HARD,11.0,True,McLaren,0 days 02:23:18.634000,,1,14.0,False,,False,True,18.0,70.0,985.9,True,25.1,284,3.5,True,False,False,False,False,False,1 L,+2.454,,2.454,8682.885,84.251,,,30.024,30.536,23.691,8628.685,8659.221,8682.912,8598.634
2022,Hungarian Grand Prix,13,Hungary,Budapest,0 days 02:26:06.630000,RIC,3,0 days 00:01:23.745000,58.0,3.0,,Daniel Ricciardo,,0 days 00:00:29.868000,0 days 00:00:30.237000,0 days 00:00:23.640000,0 days 02:25:12.780000,0 days 02:25:43.017000,0 days 02:26:06.657000,280.0,239.0,245.0,283.0,True,HARD,12.0,True,McLaren,0 days 02:24:42.885000,,1,14.0,False,,False,True,18.1,69.0,985.7,True,24.8,288,4.1,True,False,False,False,False,False,1 L,+2.983,,2.983,8766.63,83.745,,,29.868,30.237,23.64,8712.78,8743.017,8766.657,8682.885
2022,Hungarian Grand Prix,13,Hungary,Budapest,0 days 02:27:30.807000,RIC,3,0 days 00:01:24.177000,59.0,3.0,,Daniel Ricciardo,,0 days 00:00:30.199000,0 days 00:00:30.234000,0 days 00:00:23.744000,0 days 02:26:36.856000,0 days 02:27:07.090000,0 days 02:27:30.834000,280.0,239.0,245.0,283.0,False,HARD,13.0,True,McLaren,0 days 02:26:06.630000,,1,14.0,False,,False,True,18.1,70.0,985.9,True,24.8,291,5.4,True,False,False,False,False,False,1 L,+3.879,,3.879,8850.807,84.177,,,30.199,30.234,23.744,8796.856,8827.09,8850.834,8766.63
2022,Hungarian Grand Prix,13,Hungary,Budapest,0 days 02:28:54.616000,RIC,3,0 days 00:01:23.809000,60.0,3.0,,Daniel Ricciardo,,0 days 00:00:30.004000,0 days 00:00:30.113000,0 days 00:00:23.692000,0 days 02:28:00.838000,0 days 02:28:30.951000,0 days 02:28:54.643000,279.0,241.0,244.0,280.0,False,HARD,14.0,True,McLaren,0 days 02:27:30.807000,,1,14.0,False,,False,True,18.0,70.0,985.9,True,24.8,282,4.8,True,False,False,False,False,False,1 L,+4.291,,4.291,8934.616,83.809,,,30.004,30.113,23.692,8880.838,8910.951,8934.643,8850.807
2022,Hungarian Grand Prix,13,Hungary,Budapest,0 days 02:30:20.728000,RIC,3,0 days 00:01:26.112000,61.0,3.0,,Daniel Ricciardo,,0 days 00:00:31.659000,0 days 00:00:30.543000,0 days 00:00:23.910000,0 days 02:29:26.302000,0 days 02:29:56.845000,0 days 02:30:20.755000,282.0,238.0,247.0,282.0,False,HARD,15.0,True,McLaren,0 days 02:28:54.616000,,1,14.0,False,,False,True,18.0,70.0,986.0,True,24.7,287,5.0,True,False,False,False,False,False,1 L,+6.730,,6.73,9020.728,86.112,,,31.659,30.543,23.91,8966.302,8996.845,9020.755,8934.616
2022,Hungarian Grand Prix,13,Hungary,Budapest,0 days 02:31:46.544000,RIC,3,0 days 00:01:25.816000,62.0,3.0,,Daniel Ricciardo,,0 days 00:00:29.939000,0 days 00:00:32.015000,0 days 00:00:23.862000,0 days 02:30:50.694000,0 days 02:31:22.709000,0 days 02:31:46.571000,280.0,236.0,247.0,287.0,False,HARD,16.0,True,McLaren,0 days 02:30:20.728000,,1,14.0,False,,False,True,18.0,70.0,986.0,True,24.6,281,4.8,True,False,False,False,False,False,1 L,+8.510,,8.51,9106.544,85.816,,,29.939,32.015,23.862,9050.694,9082.709,9106.571,9020.728
2022,Hungarian Grand Prix,13,Hungary,Budapest,0 days 02:33:10.198000,RIC,3,0 days 00:01:23.654000,63.0,3.0,,Daniel Ricciardo,,0 days 00:00:29.964000,0 days 00:00:30.204000,0 days 00:00:23.486000,0 days 02:32:16.535000,0 days 02:32:46.739000,0 days 02:33:10.225000,279.0,240.0,247.0,283.0,True,HARD,17.0,True,McLaren,0 days 02:31:46.544000,,1,14.0,False,,False,True,18.0,70.0,986.0,True,24.6,304,3.7,True,False,False,False,False,False,1 L,+8.237,,8.237,9190.198,83.654,,,29.964,30.204,23.486,9136.535,9166.739,9190.225,9106.544
2022,Hungarian Grand Prix,13,Hungary,Budapest,0 days 02:34:33.788000,RIC,3,0 days 00:01:23.590000,64.0,3.0,,Daniel Ricciardo,,0 days 00:00:29.847000,0 days 00:00:30.147000,0 days 00:00:23.596000,0 days 02:33:40.072000,0 days 02:34:10.219000,0 days 02:34:33.815000,280.0,241.0,245.0,284.0,False,HARD,18.0,True,McLaren,0 days 02:33:10.198000,,1,14.0,True,TRACK LIMITS AT TURN 4 LAP 64 ,False,True,18.1,69.0,986.0,True,24.7,274,3.7,True,False,False,False,False,False,1 L,+5.263,,5.263,9273.788,83.59,,,29.847,30.147,23.596,9220.072,9250.219,9273.815,9190.198
2022,Hungarian Grand Prix,13,Hungary,Budapest,0 days 02:35:57.708000,RIC,3,0 days 00:01:23.920000,65.0,3.0,,Daniel Ricciardo,,0 days 00:00:29.950000,0 days 00:00:30.315000,0 days 00:00:23.655000,0 days 02:35:03.765000,0 days 02:35:34.080000,0 days 02:35:57.735000,279.0,239.0,246.0,282.0,False,HARD,19.0,True,McLaren,0 days 02:34:33.788000,,1,14.0,False,,False,True,18.1,70.0,986.0,True,24.7,289,3.2,True,False,False,False,False,False,1 L,+3.218,,3.218,9357.708,83.92,,,29.95,30.315,23.655,9303.765,9334.08,9357.735,9273.788
2022,Hungarian Grand Prix,13,Hungary,Budapest,0 days 02:37:22.604000,RIC,3,0 days 00:01:24.896000,66.0,3.0,,Daniel Ricciardo,,0 days 00:00:29.913000,0 days 00:00:30.862000,0 days 00:00:24.121000,0 days 02:36:27.648000,0 days 02:36:58.510000,0 days 02:37:22.631000,281.0,228.0,245.0,285.0,False,HARD,20.0,True,McLaren,0 days 02:35:57.708000,,12,13.0,False,,False,True,18.1,70.0,986.0,True,24.7,281,2.5,True,True,False,False,False,False,1 L,+2.878,,2.878,9442.604,84.896,,,29.913,30.862,24.121,9387.648,9418.51,9442.631,9357.708
2022,Hungarian Grand Prix,13,Hungary,Budapest,0 days 02:39:10.028000,RIC,3,0 days 00:01:47.424000,67.0,3.0,,Daniel Ricciardo,,0 days 00:00:36.332000,0 days 00:00:40.325000,0 days 00:00:30.767000,0 days 02:37:58.963000,0 days 02:38:39.288000,0 days 02:39:10.055000,240.0,198.0,191.0,285.0,False,HARD,21.0,True,McLaren,0 days 02:37:22.604000,,26,13.0,False,,False,False,18.1,69.0,986.2,True,24.4,278,4.5,False,True,False,False,True,False,1 L,+2.947,,2.947,9550.028,107.424,,,36.332,40.325,30.767,9478.963,9519.288,9550.055,9442.604
2022,Hungarian Grand Prix,13,Hungary,Budapest,0 days 02:40:48.395000,RIC,3,0 days 00:01:38.367000,68.0,3.0,,Daniel Ricciardo,,0 days 00:00:39.419000,0 days 00:00:33.538000,0 days 00:00:25.410000,0 days 02:39:49.474000,0 days 02:40:23.012000,0 days 02:40:48.422000,268.0,225.0,241.0,212.0,False,HARD,22.0,True,McLaren,0 days 02:39:10.028000,,671,13.0,False,,False,False,18.1,70.0,986.0,True,24.2,284,4.5,True,False,False,False,True,True,1 L,+3.540,,3.54,9648.395,98.367,,,39.419,33.538,25.41,9589.474,9623.012,9648.422,9550.028
2022,Hungarian Grand Prix,13,Hungary,Budapest,0 days 02:42:18.387000,RIC,3,0 days 00:01:29.992000,69.0,3.0,,Daniel Ricciardo,,0 days 00:00:31.874000,0 days 00:00:32.836000,0 days 00:00:25.282000,0 days 02:41:20.296000,0 days 02:41:53.132000,0 days 02:42:18.414000,262.0,228.0,240.0,281.0,False,HARD,23.0,True,McLaren,0 days 02:40:48.395000,,1,13.0,False,,False,True,18.0,70.0,986.0,True,23.9,283,4.5,True,False,False,False,False,False,1 L,+4.549,,4.549,9738.387,89.992,,,31.874,32.836,25.282,9680.296,9713.132,9738.414,9648.395
2022,Hungarian Grand Prix,13,Hungary,Budapest,0 days 01:03:39.925000,OCO,31,0 days 00:01:33.887000,1.0,1.0,,Esteban Ocon,,,0 days 00:00:32.554000,0 days 00:00:25.027000,,0 days 01:03:15.007000,0 days 01:03:40.029000,247.0,233.0,107.0,244.0,False,MEDIUM,1.0,True,Alpine,0 days 01:02:05.807000,,126,6.0,False,,False,False,18.4,70.0,985.7,True,26.4,289,5.0,True,True,False,False,True,False,+5.496,+1.351,5.496,1.351,3819.925,93.887,,,,32.554,25.027,,3795.007,3820.029,3725.807
2022,Hungarian Grand Prix,13,Hungary,Budapest,0 days 01:05:34.772000,OCO,31,0 days 00:01:54.847000,2.0,1.0,,Esteban Ocon,,0 days 00:00:46.551000,0 days 00:00:36.731000,0 days 00:00:31.565000,0 days 01:04:26.518000,0 days 01:05:03.249000,0 days 01:05:34.814000,204.0,204.0,202.0,103.0,True,MEDIUM,2.0,True,Alpine,0 days 01:03:39.925000,,6,6.0,False,,False,False,18.4,70.0,985.7,True,26.5,286,4.5,False,False,False,False,True,False,+8.491,+1.050,8.491,1.05,3934.772,114.847,,,46.551,36.731,31.565,3866.518,3903.249,3934.814,3819.925
2022,Hungarian Grand Prix,13,Hungary,Budapest,0 days 01:07:04.112000,OCO,31,0 days 00:01:29.340000,3.0,1.0,,Esteban Ocon,,0 days 00:00:34.531000,0 days 00:00:31.086000,0 days 00:00:23.723000,0 days 01:06:09.345000,0 days 01:06:40.431000,0 days 01:07:04.154000,274.0,231.0,240.0,220.0,True,MEDIUM,3.0,True,Alpine,0 days 01:05:34.772000,,671,6.0,False,,False,False,18.4,70.0,985.5,False,26.7,277,3.9,True,False,False,False,True,True,+6.909,+1.178,6.909,1.178,4024.112,89.34,,,34.531,31.086,23.723,3969.345,4000.431,4024.154,3934.772
2022,Hungarian Grand Prix,13,Hungary,Budapest,0 days 01:08:28.695000,OCO,31,0 days 00:01:24.583000,4.0,1.0,,Esteban Ocon,,0 days 00:00:30.330000,0 days 00:00:30.588000,0 days 00:00:23.665000,0 days 01:07:34.484000,0 days 01:08:05.072000,0 days 01:08:28.737000,271.0,232.0,241.0,282.0,True,MEDIUM,4.0,True,Alpine,0 days 01:07:04.112000,,1,6.0,False,,False,True,18.4,70.0,985.5,False,26.7,299,3.2,True,False,False,False,False,False,+7.772,+1.458,7.772,1.458,4108.695,84.583,,,30.33,30.588,23.665,4054.484,4085.072,4108.737,4024.112
2022,Hungarian Grand Prix,13,Hungary,Budapest,0 days 01:09:53.686000,OCO,31,0 days 00:01:24.991000,5.0,1.0,,Esteban Ocon,,0 days 00:00:30.355000,0 days 00:00:30.934000,0 days 00:00:23.702000,0 days 01:08:59.092000,0 days 01:09:30.026000,0 days 01:09:53.728000,269.0,233.0,240.0,281.0,False,MEDIUM,5.0,True,Alpine,0 days 01:08:28.695000,,1,6.0,False,,False,True,18.6,71.0,985.5,True,26.5,290,3.5,True,False,False,False,False,False,+8.834,+2.114,8.834,2.114,4193.686,84.991,,,30.355,30.934,23.702,4139.092,4170.026,4193.728,4108.695
2022,Hungarian Grand Prix,13,Hungary,Budapest,0 days 01:11:18.686000,OCO,31,0 days 00:01:25,6.0,1.0,,Esteban Ocon,,0 days 00:00:30.248000,0 days 00:00:30.840000,0 days 00:00:23.912000,0 days 01:10:23.976000,0 days 01:10:54.816000,0 days 01:11:18.728000,270.0,232.0,239.0,280.0,False,MEDIUM,6.0,True,Alpine,0 days 01:09:53.686000,,1,6.0,False,,False,True,18.6,70.0,985.5,False,26.7,297,3.5,True,False,False,False,False,False,+9.795,+2.460,9.795,2.46,4278.686,85.0,,,30.248,30.84,23.912,4223.976,4254.816,4278.728,4193.686
2022,Hungarian Grand Prix,13,Hungary,Budapest,0 days 01:12:44.971000,OCO,31,0 days 00:01:26.285000,7.0,1.0,,Esteban Ocon,,0 days 00:00:30.958000,0 days 00:00:31.239000,0 days 00:00:24.088000,0 days 01:11:49.686000,0 days 01:12:20.925000,0 days 01:12:45.013000,274.0,230.0,239.0,278.0,False,MEDIUM,7.0,True,Alpine,0 days 01:11:18.686000,,1,7.0,False,,False,True,18.6,71.0,985.5,False,26.5,281,3.2,True,False,False,False,False,False,+12.077,+1.708,12.077,1.708,4364.971,86.285,,,30.958,31.239,24.088,4309.686,4340.925,4365.013,4278.686
2022,Hungarian Grand Prix,13,Hungary,Budapest,0 days 01:14:10.307000,OCO,31,0 days 00:01:25.336000,8.0,1.0,,Esteban Ocon,,0 days 00:00:30.410000,0 days 00:00:30.853000,0 days 00:00:24.073000,0 days 01:13:15.423000,0 days 01:13:46.276000,0 days 01:14:10.349000,271.0,232.0,240.0,281.0,False,MEDIUM,8.0,True,Alpine,0 days 01:12:44.971000,,1,7.0,False,,False,True,18.5,71.0,985.5,False,26.6,284,3.9,True,False,False,False,False,False,+13.291,+2.861,13.291,2.861,4450.307,85.336,,,30.41,30.853,24.073,4395.423,4426.276,4450.349,4364.971
2022,Hungarian Grand Prix,13,Hungary,Budapest,0 days 01:15:36.355000,OCO,31,0 days 00:01:26.048000,9.0,1.0,,Esteban Ocon,,0 days 00:00:30.900000,0 days 00:00:31.066000,0 days 00:00:24.082000,0 days 01:14:41.249000,0 days 01:15:12.315000,0 days 01:15:36.397000,274.0,232.0,240.0,280.0,False,MEDIUM,9.0,True,Alpine,0 days 01:14:10.307000,,1,8.0,False,,False,True,18.5,71.0,985.5,False,26.5,296,3.2,True,False,False,False,False,False,+15.601,+1.416,15.601,1.416,4536.355,86.048,,,30.9,31.066,24.082,4481.249,4512.315,4536.397,4450.307
2022,Hungarian Grand Prix,13,Hungary,Budapest,0 days 01:17:01.751000,OCO,31,0 days 00:01:25.396000,10.0,1.0,,Esteban Ocon,,0 days 00:00:30.502000,0 days 00:00:31.033000,0 days 00:00:23.861000,0 days 01:16:06.899000,0 days 01:16:37.932000,0 days 01:17:01.793000,270.0,234.0,241.0,279.0,False,MEDIUM,10.0,True,Alpine,0 days 01:15:36.355000,,1,8.0,False,,False,True,18.5,71.0,985.5,False,26.7,280,3.5,True,False,False,False,False,False,+16.553,+2.155,16.553,2.155,4621.751,85.396,,,30.502,31.033,23.861,4566.899,4597.932,4621.793,4536.355
2022,Hungarian Grand Prix,13,Hungary,Budapest,0 days 01:18:27.017000,OCO,31,0 days 00:01:25.266000,11.0,1.0,,Esteban Ocon,,0 days 00:00:30.370000,0 days 00:00:31.049000,0 days 00:00:23.847000,0 days 01:17:32.163000,0 days 01:18:03.212000,0 days 01:18:27.059000,270.0,231.0,240.0,280.0,False,MEDIUM,11.0,True,Alpine,0 days 01:17:01.751000,,1,8.0,False,,False,True,18.5,71.0,985.5,False,26.8,288,3.7,True,False,False,False,False,False,+17.442,+3.354,17.442,3.354,4707.017,85.266,,,30.37,31.049,23.847,4652.163,4683.212,4707.059,4621.751
2022,Hungarian Grand Prix,13,Hungary,Budapest,0 days 01:19:52.352000,OCO,31,0 days 00:01:25.335000,12.0,1.0,,Esteban Ocon,,0 days 00:00:30.494000,0 days 00:00:30.891000,0 days 00:00:23.950000,0 days 01:18:57.553000,0 days 01:19:28.444000,0 days 01:19:52.394000,269.0,232.0,241.0,279.0,False,MEDIUM,12.0,True,Alpine,0 days 01:18:27.017000,,1,8.0,False,,False,True,18.5,71.0,985.5,False,26.9,289,3.9,True,False,False,False,False,False,+18.659,+3.845,18.659,3.845,4792.352,85.335,,,30.494,30.891,23.95,4737.553,4768.444,4792.394,4707.017
2022,Hungarian Grand Prix,13,Hungary,Budapest,0 days 01:21:17.577000,OCO,31,0 days 00:01:25.225000,13.0,1.0,,Esteban Ocon,,0 days 00:00:30.290000,0 days 00:00:30.806000,0 days 00:00:24.129000,0 days 01:20:22.684000,0 days 01:20:53.490000,0 days 01:21:17.619000,271.0,231.0,240.0,278.0,False,MEDIUM,13.0,True,Alpine,0 days 01:19:52.352000,,1,8.0,False,,False,True,18.5,71.0,985.5,False,26.9,282,4.5,True,False,False,False,False,False,+19.281,+2.064,19.281,2.064,4877.577,85.225,,,30.29,30.806,24.129,4822.684,4853.49,4877.619,4792.352
2022,Hungarian Grand Prix,13,Hungary,Budapest,0 days 01:22:43.351000,OCO,31,0 days 00:01:25.774000,14.0,1.0,,Esteban Ocon,,0 days 00:00:30.464000,0 days 00:00:30.939000,0 days 00:00:24.371000,0 days 01:21:48.083000,0 days 01:22:19.022000,0 days 01:22:43.393000,272.0,231.0,244.0,279.0,False,MEDIUM,14.0,True,Alpine,0 days 01:21:17.577000,,1,7.0,False,,False,True,18.4,72.0,985.5,False,26.9,277,3.9,True,False,False,False,False,False,+20.117,+0.718,20.117,0.718,4963.351,85.774,,,30.464,30.939,24.371,4908.083,4939.022,4963.393,4877.577
2022,Hungarian Grand Prix,13,Hungary,Budapest,0 days 01:24:08.055000,OCO,31,0 days 00:01:24.704000,15.0,1.0,,Esteban Ocon,,0 days 00:00:29.978000,0 days 00:00:30.741000,0 days 00:00:23.985000,0 days 01:23:13.371000,0 days 01:23:44.112000,0 days 01:24:08.097000,270.0,234.0,240.0,291.0,False,MEDIUM,15.0,True,Alpine,0 days 01:22:43.351000,,1,7.0,False,,False,True,18.4,71.0,985.5,False,26.9,267,2.5,True,False,False,False,False,False,+19.864,+4.745,19.864,4.745,5048.055,84.704,,,29.978,30.741,23.985,4993.371,5024.112,5048.097,4963.351
2022,Hungarian Grand Prix,13,Hungary,Budapest,0 days 01:25:33.280000,OCO,31,0 days 00:01:25.225000,16.0,1.0,,Esteban Ocon,,0 days 00:00:30.445000,0 days 00:00:30.752000,0 days 00:00:24.028000,0 days 01:24:38.542000,0 days 01:25:09.294000,0 days 01:25:33.322000,270.0,234.0,240.0,276.0,False,MEDIUM,16.0,True,Alpine,0 days 01:24:08.055000,,1,7.0,False,,False,True,18.4,70.0,985.5,False,27.2,291,3.2,True,False,False,False,False,False,+18.862,+4.638,18.862,4.638,5133.28,85.225,,,30.445,30.752,24.028,5078.542,5109.294,5133.322,5048.055
2022,Hungarian Grand Prix,13,Hungary,Budapest,0 days 01:26:59.026000,OCO,31,0 days 00:01:25.746000,17.0,1.0,,Esteban Ocon,,0 days 00:00:30.639000,0 days 00:00:30.962000,0 days 00:00:24.145000,0 days 01:26:03.961000,0 days 01:26:34.923000,0 days 01:26:59.068000,268.0,231.0,238.0,276.0,False,MEDIUM,17.0,True,Alpine,0 days 01:25:33.280000,,1,5.0,False,,False,True,18.4,70.0,985.5,False,27.2,285,4.5,True,False,False,False,False,False,+19.541,+4.738,19.541,4.738,5219.026,85.746,,,30.639,30.962,24.145,5163.961,5194.923,5219.068,5133.28
2022,Hungarian Grand Prix,13,Hungary,Budapest,0 days 01:28:25.429000,OCO,31,0 days 00:01:26.403000,18.0,1.0,,Esteban Ocon,,0 days 00:00:31.039000,0 days 00:00:31.264000,0 days 00:00:24.100000,0 days 01:27:30.107000,0 days 01:28:01.371000,0 days 01:28:25.471000,271.0,231.0,239.0,274.0,False,MEDIUM,18.0,True,Alpine,0 days 01:26:59.026000,,1,5.0,False,,False,True,18.4,70.0,985.7,False,27.6,292,4.8,True,False,False,False,False,False,+22.248,+2.978,22.248,2.978,5305.429,86.403,,,31.039,31.264,24.1,5250.107,5281.371,5305.471,5219.026
2022,Hungarian Grand Prix,13,Hungary,Budapest,0 days 01:29:51.932000,OCO,31,0 days 00:01:26.503000,19.0,1.0,,Esteban Ocon,,0 days 00:00:30.988000,0 days 00:00:31.367000,0 days 00:00:24.148000,0 days 01:28:56.459000,0 days 01:29:27.826000,0 days 01:29:51.974000,273.0,229.0,239.0,277.0,False,MEDIUM,19.0,True,Alpine,0 days 01:28:25.429000,,1,5.0,False,,False,True,18.4,70.0,985.7,False,27.6,281,4.4,True,False,False,False,False,False,+24.812,+2.706,24.812,2.706,5391.932,86.503,,,30.988,31.367,24.148,5336.459,5367.826,5391.974,5305.429
2022,Hungarian Grand Prix,13,Hungary,Budapest,0 days 01:31:17.678000,OCO,31,0 days 00:01:25.746000,20.0,1.0,,Esteban Ocon,,0 days 00:00:30.480000,0 days 00:00:31.342000,0 days 00:00:23.924000,0 days 01:30:22.454000,0 days 01:30:53.796000,0 days 01:31:17.720000,271.0,231.0,240.0,277.0,False,MEDIUM,20.0,True,Alpine,0 days 01:29:51.932000,,1,4.0,False,,False,True,18.5,70.0,985.7,False,27.3,280,5.3,True,False,False,False,False,False,+26.277,+4.671,26.277,4.671,5477.678,85.746,,,30.48,31.342,23.924,5422.454,5453.796,5477.72,5391.932
2022,Hungarian Grand Prix,13,Hungary,Budapest,0 days 01:32:43.869000,OCO,31,0 days 00:01:26.191000,21.0,1.0,,Esteban Ocon,,0 days 00:00:30.825000,0 days 00:00:31.192000,0 days 00:00:24.174000,0 days 01:31:48.545000,0 days 01:32:19.737000,0 days 01:32:43.911000,274.0,229.0,239.0,275.0,False,MEDIUM,21.0,True,Alpine,0 days 01:31:17.678000,,1,5.0,False,,False,True,18.5,70.0,985.5,False,27.5,279,4.0,True,False,False,False,False,False,+26.006,+2.872,26.006,2.872,5563.869,86.191,,,30.825,31.192,24.174,5508.545,5539.737,5563.911,5477.678
2022,Hungarian Grand Prix,13,Hungary,Budapest,0 days 01:34:09.348000,OCO,31,0 days 00:01:25.479000,22.0,1.0,,Esteban Ocon,,0 days 00:00:30.393000,0 days 00:00:30.979000,0 days 00:00:24.107000,0 days 01:33:14.304000,0 days 01:33:45.283000,0 days 01:34:09.390000,271.0,229.0,240.0,277.0,False,MEDIUM,22.0,True,Alpine,0 days 01:32:43.869000,,1,5.0,False,,False,True,18.5,70.0,985.5,False,27.6,290,5.0,True,False,False,False,False,False,+12.165,+5.111,12.165,5.111,5649.348,85.479,,,30.393,30.979,24.107,5594.304,5625.283,5649.39,5563.869
2022,Hungarian Grand Prix,13,Hungary,Budapest,0 days 01:35:37.061000,OCO,31,0 days 00:01:27.713000,23.0,1.0,,Esteban Ocon,0 days 01:35:35.352000,0 days 00:00:30.345000,0 days 00:00:31.034000,0 days 00:00:26.334000,0 days 01:34:39.735000,0 days 01:35:10.769000,0 days 01:35:37.103000,271.0,231.0,,276.0,False,MEDIUM,23.0,True,Alpine,0 days 01:34:09.348000,,1,6.0,False,,False,False,18.5,70.0,985.5,False,27.8,291,3.5,True,False,False,False,False,False,+13.917,+6.890,13.917,6.89,5737.061,87.713,5735.352,,30.345,31.034,26.334,5679.735,5710.769,5737.103,5649.348
2022,Hungarian Grand Prix,13,Hungary,Budapest,0 days 01:37:24.494000,OCO,31,0 days 00:01:47.433000,24.0,2.0,0 days 01:35:58.958000,Esteban Ocon,,0 days 00:00:51.527000,0 days 00:00:31.564000,0 days 00:00:24.342000,0 days 01:36:28.630000,0 days 01:37:00.194000,0 days 01:37:24.536000,270.0,231.0,242.0,276.0,False,HARD,1.0,True,Alpine,0 days 01:35:37.061000,,1,11.0,False,,False,False,18.4,70.0,985.5,False,27.8,277,3.2,True,False,False,False,False,False,+39.910,+1.687,39.91,1.687,5844.494,107.433,,5758.958,51.527,31.564,24.342,5788.63,5820.194,5844.536,5737.061
2022,Hungarian Grand Prix,13,Hungary,Budapest,0 days 01:38:49.781000,OCO,31,0 days 00:01:25.287000,25.0,2.0,,Esteban Ocon,,0 days 00:00:30.387000,0 days 00:00:30.933000,0 days 00:00:23.967000,0 days 01:37:54.923000,0 days 01:38:25.856000,0 days 01:38:49.823000,272.0,235.0,241.0,282.0,False,HARD,2.0,True,Alpine,0 days 01:37:24.494000,,1,11.0,False,,False,True,18.5,70.0,985.5,False,28.1,285,4.1,True,False,False,False,False,False,+41.510,+2.157,41.51,2.157,5929.781,85.287,,,30.387,30.933,23.967,5874.923,5905.856,5929.823,5844.494
2022,Hungarian Grand Prix,13,Hungary,Budapest,0 days 01:40:15.111000,OCO,31,0 days 00:01:25.330000,26.0,2.0,,Esteban Ocon,,0 days 00:00:30.371000,0 days 00:00:30.994000,0 days 00:00:23.965000,0 days 01:39:20.194000,0 days 01:39:51.188000,0 days 01:40:15.153000,270.0,233.0,241.0,281.0,False,HARD,3.0,True,Alpine,0 days 01:38:49.781000,,1,11.0,False,,False,True,18.5,70.0,985.5,False,28.2,282,3.5,True,False,False,False,False,False,+43.027,+2.797,43.027,2.797,6015.111,85.33,,,30.371,30.994,23.965,5960.194,5991.188,6015.153,5929.781
2022,Hungarian Grand Prix,13,Hungary,Budapest,0 days 01:41:40.753000,OCO,31,0 days 00:01:25.642000,27.0,2.0,,Esteban Ocon,,0 days 00:00:30.374000,0 days 00:00:31.089000,0 days 00:00:24.179000,0 days 01:40:45.527000,0 days 01:41:16.616000,0 days 01:41:40.795000,272.0,233.0,240.0,281.0,False,HARD,4.0,True,Alpine,0 days 01:40:15.111000,,1,10.0,False,,False,True,18.5,70.0,985.5,False,28.5,294,3.5,True,False,False,False,False,False,+44.800,+3.610,44.8,3.61,6100.753,85.642,,,30.374,31.089,24.179,6045.527,6076.616,6100.795,6015.111
2022,Hungarian Grand Prix,13,Hungary,Budapest,0 days 01:43:05.958000,OCO,31,0 days 00:01:25.205000,28.0,2.0,,Esteban Ocon,,0 days 00:00:30.383000,0 days 00:00:30.789000,0 days 00:00:24.033000,0 days 01:42:11.178000,0 days 01:42:41.967000,0 days 01:43:06,274.0,231.0,240.0,276.0,False,HARD,5.0,True,Alpine,0 days 01:41:40.753000,,1,9.0,False,,False,True,18.6,70.0,985.5,False,28.5,285,3.7,True,False,False,False,False,False,+45.469,+4.069,45.469,4.069,6185.958,85.205,,,30.383,30.789,24.033,6131.178,6161.967,6186.0,6100.753
2022,Hungarian Grand Prix,13,Hungary,Budapest,0 days 01:44:32.360000,OCO,31,0 days 00:01:26.402000,29.0,2.0,,Esteban Ocon,,0 days 00:00:30.952000,0 days 00:00:31.335000,0 days 00:00:24.115000,0 days 01:43:36.952000,0 days 01:44:08.287000,0 days 01:44:32.402000,276.0,234.0,238.0,278.0,False,HARD,6.0,True,Alpine,0 days 01:43:05.958000,,1,10.0,False,,False,True,18.6,69.0,985.4,False,28.5,274,4.8,True,False,False,False,False,False,+47.502,+1.661,47.502,1.661,6272.36,86.402,,,30.952,31.335,24.115,6216.952,6248.287,6272.402,6185.958
2022,Hungarian Grand Prix,13,Hungary,Budapest,0 days 01:45:57.940000,OCO,31,0 days 00:01:25.580000,30.0,2.0,,Esteban Ocon,,0 days 00:00:30.396000,0 days 00:00:30.896000,0 days 00:00:24.288000,0 days 01:45:02.798000,0 days 01:45:33.694000,0 days 01:45:57.982000,274.0,232.0,241.0,278.0,False,HARD,7.0,True,Alpine,0 days 01:44:32.360000,,1,10.0,False,,False,True,18.4,70.0,985.5,False,28.5,290,3.9,True,False,False,False,False,False,+49.041,+2.218,49.041,2.218,6357.94,85.58,,,30.396,30.896,24.288,6302.798,6333.694,6357.982,6272.36
2022,Hungarian Grand Prix,13,Hungary,Budapest,0 days 01:47:23.410000,OCO,31,0 days 00:01:25.470000,31.0,2.0,,Esteban Ocon,,0 days 00:00:30.364000,0 days 00:00:30.855000,0 days 00:00:24.251000,0 days 01:46:28.346000,0 days 01:46:59.201000,0 days 01:47:23.452000,272.0,231.0,242.0,278.0,False,HARD,8.0,True,Alpine,0 days 01:45:57.940000,,1,10.0,False,,False,True,18.3,70.0,985.5,False,28.0,293,5.3,True,False,False,False,False,False,+51.024,+3.097,51.024,3.097,6443.41,85.47,,,30.364,30.855,24.251,6388.346,6419.201,6443.452,6357.94
2022,Hungarian Grand Prix,13,Hungary,Budapest,0 days 01:48:49.169000,OCO,31,0 days 00:01:25.759000,32.0,2.0,,Esteban Ocon,,0 days 00:00:30.297000,0 days 00:00:31.329000,0 days 00:00:24.133000,0 days 01:47:53.749000,0 days 01:48:25.078000,0 days 01:48:49.211000,273.0,226.0,241.0,280.0,False,HARD,9.0,True,Alpine,0 days 01:47:23.410000,,1,10.0,False,,False,True,18.4,71.0,985.5,False,27.7,266,5.8,True,False,False,False,False,False,+52.471,+3.573,52.471,3.573,6529.169,85.759,,,30.297,31.329,24.133,6473.749,6505.078,6529.211,6443.41
2022,Hungarian Grand Prix,13,Hungary,Budapest,0 days 01:50:14.384000,OCO,31,0 days 00:01:25.215000,33.0,2.0,,Esteban Ocon,,0 days 00:00:30.418000,0 days 00:00:30.843000,0 days 00:00:23.954000,0 days 01:49:19.629000,0 days 01:49:50.472000,0 days 01:50:14.426000,273.0,234.0,242.0,279.0,False,HARD,10.0,True,Alpine,0 days 01:48:49.169000,,1,10.0,False,,False,True,18.4,71.0,985.7,False,27.6,294,4.0,True,False,False,False,False,False,+54.322,+4.190,54.322,4.19,6614.384,85.215,,,30.418,30.843,23.954,6559.629,6590.472,6614.426,6529.169
2022,Hungarian Grand Prix,13,Hungary,Budapest,0 days 01:51:39.710000,OCO,31,0 days 00:01:25.326000,34.0,2.0,,Esteban Ocon,,0 days 00:00:30.369000,0 days 00:00:30.961000,0 days 00:00:23.996000,0 days 01:50:44.795000,0 days 01:51:15.756000,0 days 01:51:39.752000,272.0,232.0,241.0,279.0,False,HARD,11.0,True,Alpine,0 days 01:50:14.384000,,1,10.0,False,,False,True,18.3,70.0,985.5,False,27.3,282,4.4,True,False,False,False,False,False,+56.201,+4.881,56.201,4.881,6699.71,85.326,,,30.369,30.961,23.996,6644.795,6675.756,6699.752,6614.384
2022,Hungarian Grand Prix,13,Hungary,Budapest,0 days 01:53:04.965000,OCO,31,0 days 00:01:25.255000,35.0,2.0,,Esteban Ocon,,0 days 00:00:30.330000,0 days 00:00:30.919000,0 days 00:00:24.006000,0 days 01:52:10.082000,0 days 01:52:41.001000,0 days 01:53:05.007000,272.0,231.0,241.0,279.0,False,HARD,12.0,True,Alpine,0 days 01:51:39.710000,,12,10.0,False,,False,True,18.3,71.0,985.7,False,26.8,276,4.5,True,True,False,False,False,False,+57.978,+5.522,57.978,5.522,6784.965,85.255,,,30.33,30.919,24.006,6730.082,6761.001,6785.007,6699.71
2022,Hungarian Grand Prix,13,Hungary,Budapest,0 days 01:54:30.025000,OCO,31,0 days 00:01:25.060000,36.0,2.0,,Esteban Ocon,,0 days 00:00:30.195000,0 days 00:00:31.014000,0 days 00:00:23.851000,0 days 01:53:35.202000,0 days 01:54:06.216000,0 days 01:54:30.067000,273.0,233.0,241.0,279.0,False,HARD,13.0,True,Alpine,0 days 01:53:04.965000,,1,10.0,False,,False,True,18.2,71.0,985.5,False,26.8,279,3.4,True,False,False,False,False,False,+59.824,+5.719,59.824,5.719,6870.025,85.06,,,30.195,31.014,23.851,6815.202,6846.216,6870.067,6784.965
2022,Hungarian Grand Prix,13,Hungary,Budapest,0 days 01:55:54.823000,OCO,31,0 days 00:01:24.798000,37.0,2.0,,Esteban Ocon,,0 days 00:00:30.282000,0 days 00:00:30.748000,0 days 00:00:23.768000,0 days 01:55:00.349000,0 days 01:55:31.097000,0 days 01:55:54.865000,273.0,233.0,242.0,277.0,False,HARD,14.0,True,Alpine,0 days 01:54:30.025000,,1,10.0,False,,False,True,18.2,71.0,985.7,False,26.7,287,4.1,True,False,False,False,False,False,+61.277,+5.876,61.277,5.876,6954.823,84.798,,,30.282,30.748,23.768,6900.349,6931.097,6954.865,6870.025
2022,Hungarian Grand Prix,13,Hungary,Budapest,0 days 01:57:21.675000,OCO,31,0 days 00:01:26.852000,38.0,2.0,,Esteban Ocon,,0 days 00:00:31.174000,0 days 00:00:31.607000,0 days 00:00:24.071000,0 days 01:56:26.039000,0 days 01:56:57.646000,0 days 01:57:21.717000,276.0,230.0,240.0,279.0,False,HARD,15.0,True,Alpine,0 days 01:55:54.823000,,1,11.0,False,,False,True,18.1,72.0,985.7,False,26.8,290,2.7,True,False,False,False,False,False,+64.298,+1.440,64.298,1.44,7041.675,86.852,,,31.174,31.607,24.071,6986.039,7017.646,7041.717,6954.823
2022,Hungarian Grand Prix,13,Hungary,Budapest,0 days 01:58:47.141000,OCO,31,0 days 00:01:25.466000,39.0,2.0,,Esteban Ocon,,0 days 00:00:30.477000,0 days 00:00:30.910000,0 days 00:00:24.079000,0 days 01:57:52.194000,0 days 01:58:23.104000,0 days 01:58:47.183000,273.0,233.0,242.0,280.0,False,HARD,16.0,True,Alpine,0 days 01:57:21.675000,,1,11.0,False,,False,True,18.0,72.0,985.7,False,26.5,293,3.4,True,False,False,False,False,False,+58.423,+2.169,58.423,2.169,7127.141,85.466,,,30.477,30.91,24.079,7072.194,7103.104,7127.183,7041.675
2022,Hungarian Grand Prix,13,Hungary,Budapest,0 days 02:00:12.168000,OCO,31,0 days 00:01:25.027000,40.0,2.0,,Esteban Ocon,,0 days 00:00:30.218000,0 days 00:00:30.768000,0 days 00:00:24.041000,0 days 01:59:17.401000,0 days 01:59:48.169000,0 days 02:00:12.210000,273.0,236.0,241.0,278.0,False,HARD,17.0,True,Alpine,0 days 01:58:47.141000,,1,11.0,False,,False,True,18.1,71.0,985.7,False,26.5,284,5.0,True,False,False,False,False,False,+59.356,+2.299,59.356,2.299,7212.168,85.027,,,30.218,30.768,24.041,7157.401,7188.169,7212.21,7127.141
2022,Hungarian Grand Prix,13,Hungary,Budapest,0 days 02:01:38.476000,OCO,31,0 days 00:01:26.308000,41.0,2.0,,Esteban Ocon,,0 days 00:00:31.398000,0 days 00:00:31.003000,0 days 00:00:23.907000,0 days 02:00:43.608000,0 days 02:01:14.611000,0 days 02:01:38.518000,277.0,236.0,241.0,279.0,False,HARD,18.0,True,Alpine,0 days 02:00:12.168000,,12,12.0,False,,False,True,18.0,71.0,985.7,False,26.4,289,5.1,True,True,False,False,False,False,+61.810,+1.214,61.81,1.214,7298.476,86.308,,,31.398,31.003,23.907,7243.608,7274.611,7298.518,7212.168
2022,Hungarian Grand Prix,13,Hungary,Budapest,0 days 02:03:03.672000,OCO,31,0 days 00:01:25.196000,42.0,2.0,,Esteban Ocon,,0 days 00:00:30.472000,0 days 00:00:30.776000,0 days 00:00:23.948000,0 days 02:02:08.990000,0 days 02:02:39.766000,0 days 02:03:03.714000,272.0,237.0,240.0,280.0,False,HARD,19.0,True,Alpine,0 days 02:01:38.476000,,1,12.0,False,,False,True,17.9,71.0,985.5,False,26.4,288,4.5,True,False,False,False,False,False,+62.471,+1.832,62.471,1.832,7383.672,85.196,,,30.472,30.776,23.948,7328.99,7359.766,7383.714,7298.476
2022,Hungarian Grand Prix,13,Hungary,Budapest,0 days 02:04:28.663000,OCO,31,0 days 00:01:24.991000,43.0,2.0,,Esteban Ocon,,0 days 00:00:30.304000,0 days 00:00:30.637000,0 days 00:00:24.050000,0 days 02:03:34.018000,0 days 02:04:04.655000,0 days 02:04:28.705000,274.0,237.0,241.0,279.0,False,HARD,20.0,True,Alpine,0 days 02:03:03.672000,,1,12.0,False,,False,True,18.0,71.0,985.7,False,26.1,287,4.8,True,False,False,False,False,False,+63.780,+1.659,63.78,1.659,7468.663,84.991,,,30.304,30.637,24.05,7414.018,7444.655,7468.705,7383.672
2022,Hungarian Grand Prix,13,Hungary,Budapest,0 days 02:05:53.747000,OCO,31,0 days 00:01:25.084000,44.0,2.0,,Esteban Ocon,,0 days 00:00:30.190000,0 days 00:00:30.820000,0 days 00:00:24.074000,0 days 02:04:58.895000,0 days 02:05:29.715000,0 days 02:05:53.789000,274.0,232.0,242.0,283.0,False,HARD,21.0,True,Alpine,0 days 02:04:28.663000,,1,12.0,False,,False,True,18.0,71.0,985.7,False,26.0,275,4.6,True,False,False,False,False,False,+64.740,+1.487,64.74,1.487,7553.747,85.084,,,30.19,30.82,24.074,7498.895,7529.715,7553.789,7468.663
2022,Hungarian Grand Prix,13,Hungary,Budapest,0 days 02:07:18.800000,OCO,31,0 days 00:01:25.053000,45.0,2.0,,Esteban Ocon,,0 days 00:00:30.294000,0 days 00:00:30.821000,0 days 00:00:23.938000,0 days 02:06:24.083000,0 days 02:06:54.904000,0 days 02:07:18.842000,274.0,236.0,241.0,280.0,False,HARD,22.0,True,Alpine,0 days 02:05:53.747000,,1,12.0,False,,False,True,18.0,72.0,985.7,False,26.1,286,3.9,True,False,False,False,False,False,+65.507,+1.351,65.507,1.351,7638.8,85.053,,,30.294,30.821,23.938,7584.083,7614.904,7638.842,7553.747
2022,Hungarian Grand Prix,13,Hungary,Budapest,0 days 02:08:44.100000,OCO,31,0 days 00:01:25.300000,46.0,2.0,,Esteban Ocon,,0 days 00:00:30.398000,0 days 00:00:30.812000,0 days 00:00:24.090000,0 days 02:07:49.240000,0 days 02:08:20.052000,0 days 02:08:44.142000,275.0,235.0,240.0,282.0,False,HARD,23.0,True,Alpine,0 days 02:07:18.800000,,1,11.0,False,,False,True,18.0,72.0,985.7,False,26.1,292,3.5,True,False,False,False,False,False,+66.530,+1.254,66.53,1.254,7724.1,85.3,,,30.398,30.812,24.09,7669.24,7700.052,7724.142,7638.8
2022,Hungarian Grand Prix,13,Hungary,Budapest,0 days 02:10:08.858000,OCO,31,0 days 00:01:24.758000,47.0,2.0,,Esteban Ocon,,0 days 00:00:30.245000,0 days 00:00:30.665000,0 days 00:00:23.848000,0 days 02:09:14.387000,0 days 02:09:45.052000,0 days 02:10:08.900000,274.0,238.0,242.0,281.0,False,HARD,24.0,True,Alpine,0 days 02:08:44.100000,,12,9.0,False,,False,True,18.1,71.0,985.7,False,26.1,296,3.7,True,True,False,False,False,False,+65.307,+2.173,65.307,2.173,7808.858,84.758,,,30.245,30.665,23.848,7754.387,7785.052,7808.9,7724.1
2022,Hungarian Grand Prix,13,Hungary,Budapest,0 days 02:11:33.576000,OCO,31,0 days 00:01:24.718000,48.0,2.0,,Esteban Ocon,,0 days 00:00:30.242000,0 days 00:00:30.568000,0 days 00:00:23.908000,0 days 02:10:39.142000,0 days 02:11:09.710000,0 days 02:11:33.618000,275.0,237.0,243.0,279.0,False,HARD,25.0,True,Alpine,0 days 02:10:08.858000,,1,9.0,False,,False,True,18.1,71.0,985.7,False,26.1,291,4.3,True,False,False,False,False,False,+65.202,+2.255,65.202,2.255,7893.576,84.718,,,30.242,30.568,23.908,7839.142,7869.71,7893.618,7808.858
2022,Hungarian Grand Prix,13,Hungary,Budapest,0 days 02:12:58.295000,OCO,31,0 days 00:01:24.719000,49.0,2.0,,Esteban Ocon,,0 days 00:00:30.180000,0 days 00:00:30.471000,0 days 00:00:24.068000,0 days 02:12:03.798000,0 days 02:12:34.269000,0 days 02:12:58.337000,274.0,235.0,242.0,280.0,False,HARD,26.0,True,Alpine,0 days 02:11:33.576000,,1,9.0,False,,False,True,18.1,71.0,985.7,False,25.7,290,4.1,True,False,False,False,False,False,+65.241,+2.773,65.241,2.773,7978.295,84.719,,,30.18,30.471,24.068,7923.798,7954.269,7978.337,7893.576
2022,Hungarian Grand Prix,13,Hungary,Budapest,0 days 02:14:22.956000,OCO,31,0 days 00:01:24.661000,50.0,2.0,,Esteban Ocon,,0 days 00:00:30.216000,0 days 00:00:30.595000,0 days 00:00:23.850000,0 days 02:13:28.553000,0 days 02:13:59.148000,0 days 02:14:22.998000,275.0,230.0,241.0,278.0,False,HARD,27.0,True,Alpine,0 days 02:12:58.295000,,1,9.0,False,,False,True,18.1,71.0,985.7,False,25.8,281,3.9,True,False,False,False,False,False,+65.191,+2.809,65.191,2.809,8062.956,84.661,,,30.216,30.595,23.85,8008.553,8039.148,8062.998,7978.295
2022,Hungarian Grand Prix,13,Hungary,Budapest,0 days 02:15:47.509000,OCO,31,0 days 00:01:24.553000,51.0,2.0,,Esteban Ocon,,0 days 00:00:30.166000,0 days 00:00:30.553000,0 days 00:00:23.834000,0 days 02:14:53.164000,0 days 02:15:23.717000,0 days 02:15:47.551000,275.0,235.0,242.0,278.0,True,HARD,28.0,True,Alpine,0 days 02:14:22.956000,,1,9.0,False,,False,True,18.2,70.0,985.7,True,25.9,286,4.5,True,False,False,False,False,False,+63.425,+3.181,63.425,3.181,8147.509,84.553,,,30.166,30.553,23.834,8093.164,8123.717,8147.551,8062.956
2022,Hungarian Grand Prix,13,Hungary,Budapest,0 days 02:17:12.176000,OCO,31,0 days 00:01:24.667000,52.0,2.0,,Esteban Ocon,,0 days 00:00:30.216000,0 days 00:00:30.640000,0 days 00:00:23.811000,0 days 02:16:17.767000,0 days 02:16:48.407000,0 days 02:17:12.218000,273.0,237.0,243.0,280.0,False,HARD,29.0,True,Alpine,0 days 02:15:47.509000,,1,9.0,False,,False,True,18.1,70.0,985.7,False,25.8,293,5.0,True,False,False,False,False,False,+65.503,+3.762,65.503,3.762,8232.176,84.667,,,30.216,30.64,23.811,8177.767,8208.407,8232.218,8147.509
2022,Hungarian Grand Prix,13,Hungary,Budapest,0 days 02:18:37.272000,OCO,31,0 days 00:01:25.096000,53.0,2.0,,Esteban Ocon,,0 days 00:00:30.192000,0 days 00:00:30.907000,0 days 00:00:23.997000,0 days 02:17:42.410000,0 days 02:18:13.317000,0 days 02:18:37.314000,276.0,235.0,242.0,278.0,False,HARD,30.0,True,Alpine,0 days 02:17:12.176000,,1,9.0,False,,False,True,18.1,70.0,985.7,False,25.5,280,4.5,True,False,False,False,False,False,+67.892,+4.227,67.892,4.227,8317.272,85.096,,,30.192,30.907,23.997,8262.41,8293.317,8317.314,8232.176
2022,Hungarian Grand Prix,13,Hungary,Budapest,0 days 02:20:01.884000,OCO,31,0 days 00:01:24.612000,54.0,2.0,,Esteban Ocon,,0 days 00:00:30.128000,0 days 00:00:30.637000,0 days 00:00:23.847000,0 days 02:19:07.442000,0 days 02:19:38.079000,0 days 02:20:01.926000,274.0,235.0,241.0,279.0,False,HARD,31.0,True,Alpine,0 days 02:18:37.272000,,1,9.0,False,,False,True,18.1,70.0,985.7,False,25.5,283,5.4,True,False,False,False,False,False,+69.771,+4.507,69.771,4.507,8401.884,84.612,,,30.128,30.637,23.847,8347.442,8378.079,8401.926,8317.272
2022,Hungarian Grand Prix,13,Hungary,Budapest,0 days 02:21:26.815000,OCO,31,0 days 00:01:24.931000,55.0,2.0,,Esteban Ocon,,0 days 00:00:30.428000,0 days 00:00:30.591000,0 days 00:00:23.912000,0 days 02:20:32.354000,0 days 02:21:02.945000,0 days 02:21:26.857000,274.0,234.0,242.0,277.0,False,HARD,32.0,True,Alpine,0 days 02:20:01.884000,,1,9.0,False,,False,True,18.0,69.0,985.7,False,25.5,283,4.8,True,False,False,False,False,False,+71.579,+4.894,71.579,4.894,8486.815,84.931,,,30.428,30.591,23.912,8432.354,8462.945,8486.857,8401.884
2022,Hungarian Grand Prix,13,Hungary,Budapest,0 days 02:22:51.307000,OCO,31,0 days 00:01:24.492000,56.0,2.0,,Esteban Ocon,,0 days 00:00:30.257000,0 days 00:00:30.472000,0 days 00:00:23.763000,0 days 02:21:57.114000,0 days 02:22:27.586000,0 days 02:22:51.349000,275.0,235.0,242.0,280.0,True,HARD,33.0,True,Alpine,0 days 02:21:26.815000,,1,9.0,False,,False,True,18.0,69.0,985.9,True,25.2,294,5.6,True,False,False,False,False,False,+73.074,+5.064,73.074,5.064,8571.307,84.492,,,30.257,30.472,23.763,8517.114,8547.586,8571.349,8486.815
2022,Hungarian Grand Prix,13,Hungary,Budapest,0 days 02:24:16.087000,OCO,31,0 days 00:01:24.780000,57.0,2.0,,Esteban Ocon,,0 days 00:00:30.271000,0 days 00:00:30.666000,0 days 00:00:23.843000,0 days 02:23:21.620000,0 days 02:23:52.286000,0 days 02:24:16.129000,274.0,236.0,243.0,277.0,False,HARD,34.0,True,Alpine,0 days 02:22:51.307000,,1,9.0,False,,False,True,18.0,70.0,985.9,True,25.1,279,4.4,True,False,False,False,False,False,+75.025,+4.987,75.025,4.987,8656.087,84.78,,,30.271,30.666,23.843,8601.62,8632.286,8656.129,8571.307
2022,Hungarian Grand Prix,13,Hungary,Budapest,0 days 02:25:40.813000,OCO,31,0 days 00:01:24.726000,58.0,2.0,,Esteban Ocon,,0 days 00:00:30.137000,0 days 00:00:30.770000,0 days 00:00:23.819000,0 days 02:24:46.266000,0 days 02:25:17.036000,0 days 02:25:40.855000,275.0,236.0,242.0,279.0,False,HARD,35.0,True,Alpine,0 days 02:24:16.087000,,1,9.0,False,,False,True,18.1,69.0,985.7,True,24.8,288,4.1,True,False,False,False,False,False,+76.988,+4.815,76.988,4.815,8740.813,84.726,,,30.137,30.77,23.819,8686.266,8717.036,8740.855,8656.087
2022,Hungarian Grand Prix,13,Hungary,Budapest,0 days 02:27:05.297000,OCO,31,0 days 00:01:24.484000,59.0,2.0,,Esteban Ocon,,0 days 00:00:30.208000,0 days 00:00:30.373000,0 days 00:00:23.903000,0 days 02:26:11.063000,0 days 02:26:41.436000,0 days 02:27:05.339000,275.0,236.0,242.0,278.0,True,HARD,36.0,True,Alpine,0 days 02:25:40.813000,,1,9.0,False,,False,True,18.1,70.0,986.0,True,24.8,283,4.5,True,False,False,False,False,False,+78.293,+4.966,78.293,4.966,8825.297,84.484,,,30.208,30.373,23.903,8771.063,8801.436,8825.339,8740.813
2022,Hungarian Grand Prix,13,Hungary,Budapest,0 days 02:28:29.446000,OCO,31,0 days 00:01:24.149000,60.0,2.0,,Esteban Ocon,,0 days 00:00:30.192000,0 days 00:00:30.306000,0 days 00:00:23.651000,0 days 02:27:35.531000,0 days 02:28:05.837000,0 days 02:28:29.488000,276.0,238.0,243.0,278.0,True,HARD,37.0,True,Alpine,0 days 02:27:05.297000,,1,9.0,False,,False,True,18.1,70.0,985.9,True,24.8,291,5.4,True,False,False,False,False,False,+79.792,+4.771,79.792,4.771,8909.446,84.149,,,30.192,30.306,23.651,8855.531,8885.837,8909.488,8825.297
2022,Hungarian Grand Prix,13,Hungary,Budapest,0 days 02:29:53.996000,OCO,31,0 days 00:01:24.550000,61.0,2.0,,Esteban Ocon,,0 days 00:00:30.206000,0 days 00:00:30.491000,0 days 00:00:23.853000,0 days 02:28:59.694000,0 days 02:29:30.185000,0 days 02:29:54.038000,276.0,237.0,243.0,277.0,False,HARD,38.0,True,Alpine,0 days 02:28:29.446000,,1,9.0,False,,False,True,18.0,70.0,986.0,True,24.7,287,5.0,True,False,False,False,False,False,+81.455,+4.164,81.455,4.164,8993.996,84.55,,,30.206,30.491,23.853,8939.694,8970.185,8994.038,8909.446
2022,Hungarian Grand Prix,13,Hungary,Budapest,0 days 02:31:19.961000,OCO,31,0 days 00:01:25.965000,62.0,2.0,,Esteban Ocon,,0 days 00:00:30.072000,0 days 00:00:30.593000,0 days 00:00:25.300000,0 days 02:30:24.110000,0 days 02:30:54.703000,0 days 02:31:20.003000,275.0,237.0,249.0,281.0,False,HARD,39.0,True,Alpine,0 days 02:29:53.996000,,1,9.0,False,,False,True,18.0,70.0,985.9,True,24.6,285,5.0,True,False,False,False,False,False,1 L,+5.443,,5.443,9079.961,85.965,,,30.072,30.593,25.3,9024.11,9054.703,9080.003,8993.996
2022,Hungarian Grand Prix,13,Hungary,Budapest,0 days 02:32:44.374000,OCO,31,0 days 00:01:24.413000,63.0,2.0,,Esteban Ocon,,0 days 00:00:29.960000,0 days 00:00:30.591000,0 days 00:00:23.862000,0 days 02:31:49.963000,0 days 02:32:20.554000,0 days 02:32:44.416000,278.0,238.0,244.0,295.0,False,HARD,40.0,True,Alpine,0 days 02:31:19.961000,,1,9.0,False,,False,True,18.0,70.0,986.0,True,24.6,304,3.7,True,False,False,False,False,False,1 L,+5.538,,5.538,9164.374,84.413,,,29.96,30.591,23.862,9109.963,9140.554,9164.416,9079.961
2022,Hungarian Grand Prix,13,Hungary,Budapest,0 days 02:34:08.882000,OCO,31,0 days 00:01:24.508000,64.0,2.0,,Esteban Ocon,,0 days 00:00:30.248000,0 days 00:00:30.342000,0 days 00:00:23.918000,0 days 02:33:14.664000,0 days 02:33:45.006000,0 days 02:34:08.924000,275.0,237.0,244.0,282.0,False,HARD,41.0,True,Alpine,0 days 02:32:44.374000,,1,9.0,False,,False,True,18.1,70.0,986.0,True,24.7,287,3.4,True,False,False,False,False,False,1 L,+5.851,,5.851,9248.882,84.508,,,30.248,30.342,23.918,9194.664,9225.006,9248.924,9164.374
2022,Hungarian Grand Prix,13,Hungary,Budapest,0 days 02:35:33.450000,OCO,31,0 days 00:01:24.568000,65.0,2.0,,Esteban Ocon,,0 days 00:00:30.158000,0 days 00:00:30.499000,0 days 00:00:23.911000,0 days 02:34:39.082000,0 days 02:35:09.581000,0 days 02:35:33.492000,275.0,235.0,243.0,279.0,False,HARD,42.0,True,Alpine,0 days 02:34:08.882000,,1,9.0,False,,False,True,18.1,70.0,986.0,True,24.7,289,3.2,True,False,False,False,False,False,1 L,+4.168,,4.168,9333.45,84.568,,,30.158,30.499,23.911,9279.082,9309.581,9333.492,9248.882
2022,Hungarian Grand Prix,13,Hungary,Budapest,0 days 02:36:58.105000,OCO,31,0 days 00:01:24.655000,66.0,2.0,,Esteban Ocon,,0 days 00:00:30.143000,0 days 00:00:30.503000,0 days 00:00:24.009000,0 days 02:36:03.635000,0 days 02:36:34.138000,0 days 02:36:58.147000,275.0,238.0,242.0,280.0,False,HARD,43.0,True,Alpine,0 days 02:35:33.450000,,1,9.0,False,,False,True,18.1,70.0,986.0,True,24.7,281,2.5,True,False,False,False,False,False,1 L,+4.380,,4.38,9418.105,84.655,,,30.143,30.503,24.009,9363.635,9394.138,9418.147,9333.45
2022,Hungarian Grand Prix,13,Hungary,Budapest,0 days 02:38:39.447000,OCO,31,0 days 00:01:41.342000,67.0,2.0,,Esteban Ocon,,0 days 00:00:30.674000,0 days 00:00:38.155000,0 days 00:00:32.513000,0 days 02:37:28.821000,0 days 02:38:06.976000,0 days 02:38:39.489000,275.0,190.0,172.0,278.0,False,HARD,44.0,True,Alpine,0 days 02:36:58.105000,,126,9.0,False,,False,False,18.1,69.0,986.2,False,24.7,272,4.5,True,True,False,False,True,False,1 L,+7.515,,7.515,9519.447,101.342,,,30.674,38.155,32.513,9448.821,9486.976,9519.489,9418.105
2022,Hungarian Grand Prix,13,Hungary,Budapest,0 days 02:40:22.764000,OCO,31,0 days 00:01:43.317000,68.0,2.0,,Esteban Ocon,,0 days 00:00:40.810000,0 days 00:00:36.332000,0 days 00:00:26.175000,0 days 02:39:20.299000,0 days 02:39:56.631000,0 days 02:40:22.806000,157.0,217.0,234.0,226.0,False,HARD,45.0,True,Alpine,0 days 02:38:39.447000,,671,9.0,False,,False,False,18.1,70.0,986.0,True,24.3,286,4.9,True,False,False,False,True,True,1 L,+4.222,,4.222,9622.764,103.317,,,40.81,36.332,26.175,9560.299,9596.631,9622.806,9519.447
2022,Hungarian Grand Prix,13,Hungary,Budapest,0 days 02:41:53.038000,OCO,31,0 days 00:01:30.274000,69.0,2.0,,Esteban Ocon,,0 days 00:00:32.024000,0 days 00:00:32.663000,0 days 00:00:25.587000,0 days 02:40:54.830000,0 days 02:41:27.493000,0 days 02:41:53.080000,274.0,229.0,242.0,267.0,False,HARD,46.0,True,Alpine,0 days 02:40:22.764000,,1,9.0,False,,False,True,18.0,70.0,986.0,True,23.9,283,4.5,True,False,False,False,False,False,1 L,+2.937,,2.937,9713.038,90.274,,,32.024,32.663,25.587,9654.83,9687.493,9713.08,9622.764
2022,Hungarian Grand Prix,13,Hungary,Budapest,0 days 01:03:37.656000,NOR,4,0 days 00:01:31.618000,1.0,1.0,,Lando Norris,,,0 days 00:00:31.971000,0 days 00:00:23.832000,,0 days 01:03:13.981000,0 days 01:03:37.777000,266.0,230.0,240.0,241.0,False,SOFT,4.0,False,McLaren,0 days 01:02:05.807000,,126,4.0,False,,False,False,18.4,70.0,985.7,True,26.4,289,5.0,True,True,False,False,True,False,+3.227,+0.634,3.227,0.634,3817.656,91.618,,,,31.971,23.832,,3793.981,3817.777,3725.807
2022,Hungarian Grand Prix,13,Hungary,Budapest,0 days 01:05:32.735000,NOR,4,0 days 00:01:55.079000,2.0,1.0,,Lando Norris,,0 days 00:00:46.258000,0 days 00:00:36.853000,0 days 00:00:31.968000,0 days 01:04:23.957000,0 days 01:05:00.810000,0 days 01:05:32.778000,244.0,212.0,218.0,61.0,True,SOFT,5.0,False,McLaren,0 days 01:03:37.656000,,6,4.0,False,,False,False,18.4,70.0,985.7,True,26.5,286,4.5,False,False,False,False,True,False,+6.178,+0.858,6.178,0.858,3932.735,115.079,,,46.258,36.853,31.968,3863.957,3900.81,3932.778,3817.656
2022,Hungarian Grand Prix,13,Hungary,Budapest,0 days 01:07:02.194000,NOR,4,0 days 00:01:29.459000,3.0,1.0,,Lando Norris,,0 days 00:00:35.337000,0 days 00:00:30.684000,0 days 00:00:23.438000,0 days 01:06:08.115000,0 days 01:06:38.799000,0 days 01:07:02.237000,273.0,231.0,241.0,238.0,True,SOFT,6.0,False,McLaren,0 days 01:05:32.735000,,671,4.0,False,,False,False,18.4,70.0,985.5,False,26.7,277,3.9,True,False,False,False,True,True,+5.044,+1.491,5.044,1.491,4022.194,89.459,,,35.337,30.684,23.438,3968.115,3998.799,4022.237,3932.735
2022,Hungarian Grand Prix,13,Hungary,Budapest,0 days 01:08:26.284000,NOR,4,0 days 00:01:24.090000,4.0,1.0,,Lando Norris,,0 days 00:00:30.417000,0 days 00:00:30.225000,0 days 00:00:23.448000,0 days 01:07:32.654000,0 days 01:08:02.879000,0 days 01:08:26.327000,270.0,235.0,241.0,279.0,True,SOFT,7.0,False,McLaren,0 days 01:07:02.194000,,1,4.0,False,,False,True,18.4,70.0,985.5,False,26.7,299,3.2,True,False,False,False,False,False,+5.382,+2.047,5.382,2.047,4106.284,84.09,,,30.417,30.225,23.448,4052.654,4082.879,4106.327,4022.194
2022,Hungarian Grand Prix,13,Hungary,Budapest,0 days 01:09:50.466000,NOR,4,0 days 00:01:24.182000,5.0,1.0,,Lando Norris,,0 days 00:00:30.505000,0 days 00:00:30.255000,0 days 00:00:23.422000,0 days 01:08:56.832000,0 days 01:09:27.087000,0 days 01:09:50.509000,274.0,235.0,242.0,277.0,False,SOFT,8.0,False,McLaren,0 days 01:08:26.284000,,1,4.0,False,,False,True,18.6,71.0,985.5,True,26.5,290,3.5,True,False,False,False,False,False,+5.651,+1.901,5.651,1.901,4190.466,84.182,,,30.505,30.255,23.422,4136.832,4167.087,4190.509,4106.284
2022,Hungarian Grand Prix,13,Hungary,Budapest,0 days 01:11:14.978000,NOR,4,0 days 00:01:24.512000,6.0,1.0,,Lando Norris,,0 days 00:00:30.345000,0 days 00:00:30.598000,0 days 00:00:23.569000,0 days 01:10:20.854000,0 days 01:10:51.452000,0 days 01:11:15.021000,271.0,233.0,241.0,279.0,False,SOFT,9.0,False,McLaren,0 days 01:09:50.466000,,1,4.0,False,,False,True,18.6,70.0,985.5,False,26.7,297,3.5,True,False,False,False,False,False,+6.127,+2.199,6.127,2.199,4274.978,84.512,,,30.345,30.598,23.569,4220.854,4251.452,4275.021,4190.466
2022,Hungarian Grand Prix,13,Hungary,Budapest,0 days 01:12:39.511000,NOR,4,0 days 00:01:24.533000,7.0,1.0,,Lando Norris,,0 days 00:00:30.508000,0 days 00:00:30.402000,0 days 00:00:23.623000,0 days 01:11:45.529000,0 days 01:12:15.931000,0 days 01:12:39.554000,272.0,235.0,240.0,277.0,False,SOFT,10.0,False,McLaren,0 days 01:11:14.978000,,1,4.0,False,,False,True,18.6,71.0,985.5,False,26.5,281,3.2,True,False,False,False,False,False,+6.610,+2.630,6.61,2.63,4359.511,84.533,,,30.508,30.402,23.623,4305.529,4335.931,4359.554,4274.978
2022,Hungarian Grand Prix,13,Hungary,Budapest,0 days 01:14:04.368000,NOR,4,0 days 00:01:24.857000,8.0,1.0,,Lando Norris,,0 days 00:00:30.415000,0 days 00:00:30.670000,0 days 00:00:23.772000,0 days 01:13:09.969000,0 days 01:13:40.639000,0 days 01:14:04.411000,270.0,232.0,241.0,278.0,False,SOFT,11.0,False,McLaren,0 days 01:12:39.511000,,1,4.0,False,,False,True,18.5,71.0,985.5,False,26.6,284,3.9,True,False,False,False,False,False,+7.401,+3.346,7.401,3.346,4444.368,84.857,,,30.415,30.67,23.772,4389.969,4420.639,4444.411,4359.511
2022,Hungarian Grand Prix,13,Hungary,Budapest,0 days 01:15:29.200000,NOR,4,0 days 00:01:24.832000,9.0,1.0,,Lando Norris,,0 days 00:00:30.445000,0 days 00:00:30.484000,0 days 00:00:23.903000,0 days 01:14:34.856000,0 days 01:15:05.340000,0 days 01:15:29.243000,270.0,234.0,240.0,279.0,False,SOFT,12.0,False,McLaren,0 days 01:14:04.368000,,1,4.0,False,,False,True,18.5,71.0,985.5,False,26.6,312,4.4,True,False,False,False,False,False,+8.519,+4.360,8.519,4.36,4529.2,84.832,,,30.445,30.484,23.903,4474.856,4505.34,4529.243,4444.368
2022,Hungarian Grand Prix,13,Hungary,Budapest,0 days 01:16:54.661000,NOR,4,0 days 00:01:25.461000,10.0,1.0,,Lando Norris,,0 days 00:00:30.666000,0 days 00:00:31.011000,0 days 00:00:23.784000,0 days 01:15:59.909000,0 days 01:16:30.920000,0 days 01:16:54.704000,271.0,231.0,240.0,276.0,False,SOFT,13.0,False,McLaren,0 days 01:15:29.200000,,1,4.0,False,,False,True,18.5,71.0,985.5,False,26.7,280,3.5,True,False,False,False,False,False,+9.466,+5.697,9.466,5.697,4614.661,85.461,,,30.666,31.011,23.784,4559.909,4590.92,4614.704,4529.2
2022,Hungarian Grand Prix,13,Hungary,Budapest,0 days 01:18:20.462000,NOR,4,0 days 00:01:25.801000,11.0,1.0,,Lando Norris,,0 days 00:00:30.587000,0 days 00:00:31.209000,0 days 00:00:24.005000,0 days 01:17:25.291000,0 days 01:17:56.500000,0 days 01:18:20.505000,273.0,231.0,240.0,278.0,False,SOFT,14.0,False,McLaren,0 days 01:16:54.661000,,1,4.0,False,,False,True,18.5,71.0,985.5,False,26.8,288,3.7,True,False,False,False,False,False,+10.957,+7.350,10.957,7.35,4700.462,85.801,,,30.587,31.209,24.005,4645.291,4676.5,4700.505,4614.661
2022,Hungarian Grand Prix,13,Hungary,Budapest,0 days 01:19:48.250000,NOR,4,0 days 00:01:27.788000,12.0,1.0,,Lando Norris,,0 days 00:00:31.363000,0 days 00:00:31.884000,0 days 00:00:24.541000,0 days 01:18:51.868000,0 days 01:19:23.752000,0 days 01:19:48.293000,276.0,228.0,235.0,276.0,False,SOFT,15.0,False,McLaren,0 days 01:18:20.462000,,1,6.0,False,,False,True,18.5,71.0,985.5,False,26.9,289,3.9,True,False,False,False,False,False,+14.546,+2.207,14.546,2.207,4788.25,87.788,,,31.363,31.884,24.541,4731.868,4763.752,4788.293,4700.462
2022,Hungarian Grand Prix,13,Hungary,Budapest,0 days 01:21:15.546000,NOR,4,0 days 00:01:27.296000,13.0,1.0,,Lando Norris,,0 days 00:00:31.113000,0 days 00:00:31.630000,0 days 00:00:24.553000,0 days 01:20:19.406000,0 days 01:20:51.036000,0 days 01:21:15.589000,276.0,226.0,240.0,277.0,False,SOFT,16.0,False,McLaren,0 days 01:19:48.250000,,1,7.0,False,,False,True,18.5,71.0,985.5,False,26.9,282,4.5,True,False,False,False,False,False,+17.307,+2.637,17.307,2.637,4875.546,87.296,,,31.113,31.63,24.553,4819.406,4851.036,4875.589,4788.25
2022,Hungarian Grand Prix,13,Hungary,Budapest,0 days 01:22:45.199000,NOR,4,0 days 00:01:29.653000,14.0,1.0,,Lando Norris,0 days 01:22:43.465000,0 days 00:00:30.763000,0 days 00:00:31.667000,0 days 00:00:27.223000,0 days 01:21:46.352000,0 days 01:22:18.019000,0 days 01:22:45.242000,273.0,227.0,,279.0,False,SOFT,17.0,False,McLaren,0 days 01:21:15.546000,,1,9.0,False,,False,False,18.4,72.0,985.5,False,26.9,277,3.9,True,False,False,False,False,False,+19.308,+4.271,19.308,4.271,4965.199,89.653,4963.465,,30.763,31.667,27.223,4906.352,4938.019,4965.242,4875.546
2022,Hungarian Grand Prix,13,Hungary,Budapest,0 days 01:24:30.256000,NOR,4,0 days 00:01:45.057000,15.0,2.0,0 days 01:23:07.104000,Lando Norris,,0 days 00:00:50.840000,0 days 00:00:30.659000,0 days 00:00:23.558000,0 days 01:23:36.082000,0 days 01:24:06.741000,0 days 01:24:30.299000,273.0,234.0,248.0,279.0,False,MEDIUM,1.0,True,McLaren,0 days 01:22:45.199000,,1,16.0,False,,False,False,18.4,71.0,985.5,False,26.9,267,2.5,True,False,False,False,False,False,+42.131,+0.179,42.131,0.179,5070.256,105.057,,4987.104,50.84,30.659,23.558,5016.082,5046.741,5070.299,4965.199
2022,Hungarian Grand Prix,13,Hungary,Budapest,0 days 01:25:54.170000,NOR,4,0 days 00:01:23.914000,16.0,2.0,,Lando Norris,,0 days 00:00:29.951000,0 days 00:00:30.438000,0 days 00:00:23.525000,0 days 01:25:00.250000,0 days 01:25:30.688000,0 days 01:25:54.213000,271.0,232.0,247.0,292.0,True,MEDIUM,2.0,True,McLaren,0 days 01:24:30.256000,,1,12.0,False,,False,True,18.4,70.0,985.5,False,27.2,291,3.2,True,False,False,False,False,False,+39.870,+0.252,39.87,0.252,5154.17,83.914,,,29.951,30.438,23.525,5100.25,5130.688,5154.213,5070.256
2022,Hungarian Grand Prix,13,Hungary,Budapest,0 days 01:27:17.856000,NOR,4,0 days 00:01:23.686000,17.0,2.0,,Lando Norris,,0 days 00:00:29.949000,0 days 00:00:30.299000,0 days 00:00:23.438000,0 days 01:26:24.162000,0 days 01:26:54.461000,0 days 01:27:17.899000,270.0,235.0,242.0,291.0,True,MEDIUM,3.0,True,McLaren,0 days 01:25:54.170000,,1,12.0,False,,False,True,18.4,70.0,985.5,False,27.2,285,4.5,True,False,False,False,False,False,+38.501,+3.943,38.501,3.943,5237.856,83.686,,,29.949,30.299,23.438,5184.162,5214.461,5237.899,5154.17
2022,Hungarian Grand Prix,13,Hungary,Budapest,0 days 01:28:41.997000,NOR,4,0 days 00:01:24.141000,18.0,2.0,,Lando Norris,,0 days 00:00:30.277000,0 days 00:00:30.384000,0 days 00:00:23.480000,0 days 01:27:48.176000,0 days 01:28:18.560000,0 days 01:28:42.040000,270.0,234.0,243.0,275.0,False,MEDIUM,4.0,True,McLaren,0 days 01:27:17.856000,,1,12.0,False,,False,True,18.4,71.0,985.5,False,27.6,287,4.5,True,False,False,False,False,False,+38.842,+2.162,38.842,2.162,5321.997,84.141,,,30.277,30.384,23.48,5268.176,5298.56,5322.04,5237.856
2022,Hungarian Grand Prix,13,Hungary,Budapest,0 days 01:30:06.777000,NOR,4,0 days 00:01:24.780000,19.0,2.0,,Lando Norris,,0 days 00:00:30.245000,0 days 00:00:30.786000,0 days 00:00:23.749000,0 days 01:29:12.285000,0 days 01:29:43.071000,0 days 01:30:06.820000,276.0,234.0,250.0,279.0,False,MEDIUM,5.0,True,McLaren,0 days 01:28:41.997000,,1,12.0,False,,False,True,18.4,70.0,985.7,False,27.6,281,4.4,True,False,False,False,False,False,+39.708,+0.234,39.708,0.234,5406.777,84.78,,,30.245,30.786,23.749,5352.285,5383.071,5406.82,5321.997
2022,Hungarian Grand Prix,13,Hungary,Budapest,0 days 01:31:32.343000,NOR,4,0 days 00:01:25.566000,20.0,2.0,,Lando Norris,,0 days 00:00:30.034000,0 days 00:00:31.250000,0 days 00:00:24.282000,0 days 01:30:36.854000,0 days 01:31:08.104000,0 days 01:31:32.386000,278.0,230.0,250.0,295.0,False,MEDIUM,6.0,True,McLaren,0 days 01:30:06.777000,,1,11.0,False,,False,True,18.5,70.0,985.5,False,27.5,283,4.3,True,False,False,False,False,False,+41.025,+0.210,41.025,0.21,5492.343,85.566,,,30.034,31.25,24.282,5436.854,5468.104,5492.386,5406.777
2022,Hungarian Grand Prix,13,Hungary,Budapest,0 days 01:32:57.791000,NOR,4,0 days 00:01:25.448000,21.0,2.0,,Lando Norris,,0 days 00:00:30.158000,0 days 00:00:31.123000,0 days 00:00:24.167000,0 days 01:32:02.544000,0 days 01:32:33.667000,0 days 01:32:57.834000,278.0,231.0,249.0,294.0,False,MEDIUM,7.0,True,McLaren,0 days 01:31:32.343000,,1,9.0,False,,False,True,18.5,70.0,985.5,False,27.5,279,4.0,True,False,False,False,False,False,+24.428,+0.267,24.428,0.267,5577.791,85.448,,,30.158,31.123,24.167,5522.544,5553.667,5577.834,5492.343
2022,Hungarian Grand Prix,13,Hungary,Budapest,0 days 01:34:21.359000,NOR,4,0 days 00:01:23.568000,22.0,2.0,,Lando Norris,,0 days 00:00:29.888000,0 days 00:00:30.066000,0 days 00:00:23.614000,0 days 01:33:27.722000,0 days 01:33:57.788000,0 days 01:34:21.402000,273.0,236.0,243.0,294.0,True,MEDIUM,8.0,True,McLaren,0 days 01:32:57.791000,,1,8.0,False,,False,True,18.5,70.0,985.5,False,27.6,290,5.0,True,False,False,False,False,False,+24.237,+2.114,24.237,2.114,5661.359,83.568,,,29.888,30.066,23.614,5607.722,5637.788,5661.402,5577.791
2022,Hungarian Grand Prix,13,Hungary,Budapest,0 days 01:35:45.238000,NOR,4,0 days 00:01:23.879000,23.0,2.0,,Lando Norris,,0 days 00:00:30.207000,0 days 00:00:30.146000,0 days 00:00:23.526000,0 days 01:34:51.609000,0 days 01:35:21.755000,0 days 01:35:45.281000,274.0,238.0,243.0,278.0,False,MEDIUM,9.0,True,McLaren,0 days 01:34:21.359000,,1,8.0,False,,False,True,18.5,70.0,985.5,False,27.8,291,3.5,True,False,False,False,False,False,+24.563,+2.657,24.563,2.657,5745.238,83.879,,,30.207,30.146,23.526,5691.609,5721.755,5745.281,5661.359
2022,Hungarian Grand Prix,13,Hungary,Budapest,0 days 01:37:09.250000,NOR,4,0 days 00:01:24.012000,24.0,2.0,,Lando Norris,,0 days 00:00:30.157000,0 days 00:00:30.057000,0 days 00:00:23.798000,0 days 01:36:15.438000,0 days 01:36:45.495000,0 days 01:37:09.293000,274.0,237.0,243.0,281.0,False,MEDIUM,10.0,True,McLaren,0 days 01:35:45.238000,,1,7.0,False,,False,True,18.4,70.0,985.5,False,27.8,277,3.2,True,False,False,False,False,False,+24.694,+3.263,24.694,3.263,5829.25,84.012,,,30.157,30.057,23.798,5775.438,5805.495,5829.293,5745.238
2022,Hungarian Grand Prix,13,Hungary,Budapest,0 days 01:38:33.475000,NOR,4,0 days 00:01:24.225000,25.0,2.0,,Lando Norris,,0 days 00:00:30.256000,0 days 00:00:30.225000,0 days 00:00:23.744000,0 days 01:37:39.549000,0 days 01:38:09.774000,0 days 01:38:33.518000,273.0,236.0,243.0,279.0,False,MEDIUM,11.0,True,McLaren,0 days 01:37:09.250000,,1,7.0,False,,False,True,18.5,70.0,985.5,False,28.1,285,4.1,True,False,False,False,False,False,+25.253,+3.933,25.253,3.933,5913.475,84.225,,,30.256,30.225,23.744,5859.549,5889.774,5913.518,5829.25
2022,Hungarian Grand Prix,13,Hungary,Budapest,0 days 01:39:57.911000,NOR,4,0 days 00:01:24.436000,26.0,2.0,,Lando Norris,,0 days 00:00:30.196000,0 days 00:00:30.583000,0 days 00:00:23.657000,0 days 01:39:03.714000,0 days 01:39:34.297000,0 days 01:39:57.954000,273.0,235.0,241.0,281.0,False,MEDIUM,12.0,True,McLaren,0 days 01:38:33.475000,,1,7.0,False,,False,True,18.5,70.0,985.5,False,28.2,282,3.5,True,False,False,False,False,False,+25.858,+4.952,25.858,4.952,5997.911,84.436,,,30.196,30.583,23.657,5943.714,5974.297,5997.954,5913.475
2022,Hungarian Grand Prix,13,Hungary,Budapest,0 days 01:41:22.314000,NOR,4,0 days 00:01:24.403000,27.0,2.0,,Lando Norris,,0 days 00:00:30.150000,0 days 00:00:30.493000,0 days 00:00:23.760000,0 days 01:40:28.104000,0 days 01:40:58.597000,0 days 01:41:22.357000,274.0,236.0,242.0,279.0,False,MEDIUM,13.0,True,McLaren,0 days 01:39:57.911000,,1,7.0,False,,False,True,18.5,70.0,985.5,False,28.3,277,3.4,True,False,False,False,False,False,+26.382,+5.568,26.382,5.568,6082.314,84.403,,,30.15,30.493,23.76,6028.104,6058.597,6082.357,5997.911
2022,Hungarian Grand Prix,13,Hungary,Budapest,0 days 01:42:46.765000,NOR,4,0 days 00:01:24.451000,28.0,2.0,,Lando Norris,,0 days 00:00:30.384000,0 days 00:00:30.344000,0 days 00:00:23.723000,0 days 01:41:52.741000,0 days 01:42:23.085000,0 days 01:42:46.808000,274.0,236.0,240.0,277.0,False,MEDIUM,14.0,True,McLaren,0 days 01:41:22.314000,,1,7.0,False,,False,True,18.6,70.0,985.5,False,28.5,285,3.7,True,False,False,False,False,False,+26.328,+6.564,26.328,6.564,6166.765,84.451,,,30.384,30.344,23.723,6112.741,6143.085,6166.808,6082.314
2022,Hungarian Grand Prix,13,Hungary,Budapest,0 days 01:44:11.251000,NOR,4,0 days 00:01:24.486000,29.0,2.0,,Lando Norris,,0 days 00:00:30.284000,0 days 00:00:30.583000,0 days 00:00:23.619000,0 days 01:43:17.092000,0 days 01:43:47.675000,0 days 01:44:11.294000,273.0,235.0,241.0,277.0,False,MEDIUM,15.0,True,McLaren,0 days 01:42:46.765000,,1,7.0,False,,False,True,18.6,70.0,985.5,False,28.5,291,4.0,True,False,False,False,False,False,+26.480,+6.812,26.48,6.812,6251.251,84.486,,,30.284,30.583,23.619,6197.092,6227.675,6251.294,6166.765
2022,Hungarian Grand Prix,13,Hungary,Budapest,0 days 01:45:36.267000,NOR,4,0 days 00:01:25.016000,30.0,2.0,,Lando Norris,,0 days 00:00:30.346000,0 days 00:00:30.565000,0 days 00:00:24.105000,0 days 01:44:41.640000,0 days 01:45:12.205000,0 days 01:45:36.310000,273.0,235.0,241.0,275.0,False,MEDIUM,16.0,True,McLaren,0 days 01:44:11.251000,,1,7.0,False,,False,True,18.4,70.0,985.5,False,28.5,290,3.9,True,False,False,False,False,False,+27.368,+8.047,27.368,8.047,6336.267,85.016,,,30.346,30.565,24.105,6281.64,6312.205,6336.31,6251.251
2022,Hungarian Grand Prix,13,Hungary,Budapest,0 days 01:47:00.912000,NOR,4,0 days 00:01:24.645000,31.0,2.0,,Lando Norris,,0 days 00:00:30.313000,0 days 00:00:30.566000,0 days 00:00:23.766000,0 days 01:46:06.623000,0 days 01:46:37.189000,0 days 01:47:00.955000,273.0,234.0,242.0,278.0,False,MEDIUM,17.0,True,McLaren,0 days 01:45:36.267000,,1,7.0,False,,False,True,18.3,70.0,985.5,False,28.0,293,5.3,True,False,False,False,False,False,+28.497,+8.897,28.497,8.897,6420.912,84.645,,,30.313,30.566,23.766,6366.623,6397.189,6420.955,6336.267
2022,Hungarian Grand Prix,13,Hungary,Budapest,0 days 01:48:25.861000,NOR,4,0 days 00:01:24.949000,32.0,2.0,,Lando Norris,,0 days 00:00:30.367000,0 days 00:00:30.583000,0 days 00:00:23.999000,0 days 01:47:31.322000,0 days 01:48:01.905000,0 days 01:48:25.904000,265.0,233.0,242.0,276.0,False,MEDIUM,18.0,True,McLaren,0 days 01:47:00.912000,,1,7.0,False,,False,True,18.4,70.0,985.5,False,28.0,277,5.0,True,False,False,False,False,False,+29.168,+9.647,29.168,9.647,6505.861,84.949,,,30.367,30.583,23.999,6451.322,6481.905,6505.904,6420.912
2022,Hungarian Grand Prix,13,Hungary,Budapest,0 days 01:49:50.631000,NOR,4,0 days 00:01:24.770000,33.0,2.0,,Lando Norris,,0 days 00:00:30.427000,0 days 00:00:30.488000,0 days 00:00:23.855000,0 days 01:48:56.331000,0 days 01:49:26.819000,0 days 01:49:50.674000,267.0,236.0,242.0,273.0,False,MEDIUM,19.0,True,McLaren,0 days 01:48:25.861000,,1,7.0,False,,False,True,18.4,71.0,985.7,False,27.6,294,4.0,True,False,False,False,False,False,+30.573,+10.422,30.573,10.422,6590.631,84.77,,,30.427,30.488,23.855,6536.331,6566.819,6590.674,6505.861
2022,Hungarian Grand Prix,13,Hungary,Budapest,0 days 01:51:15.323000,NOR,4,0 days 00:01:24.692000,34.0,2.0,,Lando Norris,,0 days 00:00:30.284000,0 days 00:00:30.436000,0 days 00:00:23.972000,0 days 01:50:20.958000,0 days 01:50:51.394000,0 days 01:51:15.366000,268.0,237.0,243.0,275.0,False,MEDIUM,20.0,True,McLaren,0 days 01:49:50.631000,,1,7.0,False,,False,True,18.3,71.0,985.5,False,27.6,285,3.9,True,False,False,False,False,False,+31.823,+11.362,31.823,11.362,6675.323,84.692,,,30.284,30.436,23.972,6620.958,6651.394,6675.366,6590.631
2022,Hungarian Grand Prix,13,Hungary,Budapest,0 days 01:52:40.795000,NOR,4,0 days 00:01:25.472000,35.0,2.0,,Lando Norris,,0 days 00:00:30.326000,0 days 00:00:31.216000,0 days 00:00:23.930000,0 days 01:51:45.692000,0 days 01:52:16.908000,0 days 01:52:40.838000,268.0,237.0,242.0,275.0,False,MEDIUM,21.0,True,McLaren,0 days 01:51:15.323000,,12,7.0,False,,False,True,18.3,71.0,985.7,False,26.8,276,4.5,True,True,False,False,False,False,+33.851,+12.991,33.851,12.991,6760.795,85.472,,,30.326,31.216,23.93,6705.692,6736.908,6760.838,6675.323
2022,Hungarian Grand Prix,13,Hungary,Budapest,0 days 01:54:06.342000,NOR,4,0 days 00:01:25.547000,36.0,2.0,,Lando Norris,,0 days 00:00:30.310000,0 days 00:00:31.256000,0 days 00:00:23.981000,0 days 01:53:11.148000,0 days 01:53:42.404000,0 days 01:54:06.385000,269.0,231.0,242.0,277.0,False,MEDIUM,22.0,True,McLaren,0 days 01:52:40.795000,,1,7.0,False,,False,True,18.2,71.0,985.5,False,26.8,279,3.4,True,False,False,False,False,False,+36.254,+14.684,36.254,14.684,6846.342,85.547,,,30.31,31.256,23.981,6791.148,6822.404,6846.385,6760.795
2022,Hungarian Grand Prix,13,Hungary,Budapest,0 days 01:55:31.266000,NOR,4,0 days 00:01:24.924000,37.0,2.0,,Lando Norris,,0 days 00:00:30.473000,0 days 00:00:30.686000,0 days 00:00:23.765000,0 days 01:54:36.858000,0 days 01:55:07.544000,0 days 01:55:31.309000,274.0,232.0,242.0,277.0,False,MEDIUM,23.0,True,McLaren,0 days 01:54:06.342000,,1,7.0,False,,False,True,18.2,71.0,985.7,False,26.7,287,4.1,True,False,False,False,False,False,+37.698,+15.508,37.698,15.508,6931.266,84.924,,,30.473,30.686,23.765,6876.858,6907.544,6931.309,6846.342
2022,Hungarian Grand Prix,13,Hungary,Budapest,0 days 01:56:56.397000,NOR,4,0 days 00:01:25.131000,38.0,2.0,,Lando Norris,,0 days 00:00:30.352000,0 days 00:00:30.924000,0 days 00:00:23.855000,0 days 01:56:01.661000,0 days 01:56:32.585000,0 days 01:56:56.440000,274.0,231.0,242.0,278.0,False,MEDIUM,24.0,True,McLaren,0 days 01:55:31.266000,,1,7.0,False,,False,True,18.1,72.0,985.7,False,26.8,290,2.7,True,False,False,False,False,False,+39.051,+16.617,39.051,16.617,7016.397,85.131,,,30.352,30.924,23.855,6961.661,6992.585,7016.44,6931.266
2022,Hungarian Grand Prix,13,Hungary,Budapest,0 days 01:58:21.871000,NOR,4,0 days 00:01:25.474000,39.0,2.0,,Lando Norris,,0 days 00:00:30.500000,0 days 00:00:31.012000,0 days 00:00:23.962000,0 days 01:57:26.940000,0 days 01:57:57.952000,0 days 01:58:21.914000,276.0,235.0,242.0,276.0,False,MEDIUM,25.0,True,McLaren,0 days 01:56:56.397000,,1,7.0,False,,False,True,18.0,71.0,985.7,False,26.4,270,5.5,True,False,False,False,False,False,+38.201,+15.321,38.201,15.321,7101.871,85.474,,,30.5,31.012,23.962,7046.94,7077.952,7101.914,7016.397
2022,Hungarian Grand Prix,13,Hungary,Budapest,0 days 01:59:46.936000,NOR,4,0 days 00:01:25.065000,40.0,2.0,,Lando Norris,,0 days 00:00:30.327000,0 days 00:00:30.666000,0 days 00:00:24.072000,0 days 01:58:52.241000,0 days 01:59:22.907000,0 days 01:59:46.979000,273.0,234.0,242.0,277.0,False,MEDIUM,26.0,True,McLaren,0 days 01:58:21.871000,,1,7.0,False,,False,True,18.1,71.0,985.7,False,26.5,284,5.0,True,False,False,False,False,False,+34.148,+15.239,34.148,15.239,7186.936,85.065,,,30.327,30.666,24.072,7132.241,7162.907,7186.979,7101.871
2022,Hungarian Grand Prix,13,Hungary,Budapest,0 days 02:01:12.240000,NOR,4,0 days 00:01:25.304000,41.0,2.0,,Lando Norris,,0 days 00:00:30.436000,0 days 00:00:30.714000,0 days 00:00:24.154000,0 days 02:00:17.415000,0 days 02:00:48.129000,0 days 02:01:12.283000,274.0,236.0,241.0,276.0,False,MEDIUM,27.0,True,McLaren,0 days 01:59:46.936000,,12,7.0,False,,False,True,18.0,72.0,985.7,False,26.5,286,3.7,True,True,False,False,False,False,+35.603,+15.502,35.603,15.502,7272.24,85.304,,,30.436,30.714,24.154,7217.415,7248.129,7272.283,7186.936
2022,Hungarian Grand Prix,13,Hungary,Budapest,0 days 02:02:40.736000,NOR,4,0 days 00:01:28.496000,42.0,2.0,,Lando Norris,0 days 02:02:39.022000,0 days 00:00:30.632000,0 days 00:00:31.312000,0 days 00:00:26.552000,0 days 02:01:42.915000,0 days 02:02:14.227000,0 days 02:02:40.779000,277.0,234.0,,276.0,False,MEDIUM,28.0,True,McLaren,0 days 02:01:12.240000,,1,7.0,False,,False,False,17.9,71.0,985.5,False,26.4,288,4.5,True,False,False,False,False,False,+36.977,+15.323,36.977,15.323,7360.736,88.496,7359.022,,30.632,31.312,26.552,7302.915,7334.227,7360.779,7272.24
2022,Hungarian Grand Prix,13,Hungary,Budapest,0 days 02:04:24.643000,NOR,4,0 days 00:01:43.907000,43.0,3.0,0 days 02:03:00.890000,Lando Norris,,0 days 00:00:49.504000,0 days 00:00:30.791000,0 days 00:00:23.612000,0 days 02:03:30.283000,0 days 02:04:01.074000,0 days 02:04:24.686000,272.0,236.0,243.0,276.0,False,HARD,1.0,True,McLaren,0 days 02:02:40.736000,,1,9.0,False,,False,False,18.0,71.0,985.7,False,26.1,287,4.8,True,False,False,False,False,False,+59.893,+3.775,59.893,3.775,7464.643,103.907,,7380.89,49.504,30.791,23.612,7410.283,7441.074,7464.686,7360.736
2022,Hungarian Grand Prix,13,Hungary,Budapest,0 days 02:05:48.908000,NOR,4,0 days 00:01:24.265000,44.0,3.0,,Lando Norris,,0 days 00:00:30.286000,0 days 00:00:30.472000,0 days 00:00:23.507000,0 days 02:04:54.972000,0 days 02:05:25.444000,0 days 02:05:48.951000,276.0,236.0,243.0,281.0,False,HARD,2.0,True,McLaren,0 days 02:04:24.643000,,1,9.0,False,,False,True,18.0,71.0,985.7,False,26.0,275,4.6,True,False,False,False,False,False,+59.935,+2.954,59.935,2.954,7548.908,84.265,,,30.286,30.472,23.507,7494.972,7525.444,7548.951,7464.643
2022,Hungarian Grand Prix,13,Hungary,Budapest,0 days 02:07:12.621000,NOR,4,0 days 00:01:23.713000,45.0,3.0,,Lando Norris,,0 days 00:00:30.160000,0 days 00:00:30.265000,0 days 00:00:23.288000,0 days 02:06:19.111000,0 days 02:06:49.376000,0 days 02:07:12.664000,276.0,240.0,243.0,279.0,False,HARD,3.0,True,McLaren,0 days 02:05:48.908000,,1,9.0,False,,False,True,18.0,72.0,985.7,False,26.1,286,3.9,True,False,False,False,False,False,+59.485,+1.609,59.485,1.609,7632.621,83.713,,,30.16,30.265,23.288,7579.111,7609.376,7632.664,7548.908
2022,Hungarian Grand Prix,13,Hungary,Budapest,0 days 02:08:36.892000,NOR,4,0 days 00:01:24.271000,46.0,3.0,,Lando Norris,,0 days 00:00:30.082000,0 days 00:00:30.434000,0 days 00:00:23.755000,0 days 02:07:42.746000,0 days 02:08:13.180000,0 days 02:08:36.935000,278.0,239.0,247.0,281.0,False,HARD,4.0,True,McLaren,0 days 02:07:12.621000,,1,7.0,False,,False,True,18.0,72.0,985.7,False,26.1,292,3.5,True,False,False,False,False,False,+59.454,+0.686,59.454,0.686,7716.892,84.271,,,30.082,30.434,23.755,7662.746,7693.18,7716.935,7632.621
2022,Hungarian Grand Prix,13,Hungary,Budapest,0 days 02:09:59.935000,NOR,4,0 days 00:01:23.043000,47.0,3.0,,Lando Norris,,0 days 00:00:29.771000,0 days 00:00:29.930000,0 days 00:00:23.342000,0 days 02:09:06.706000,0 days 02:09:36.636000,0 days 02:09:59.978000,274.0,239.0,243.0,292.0,True,HARD,5.0,True,McLaren,0 days 02:08:36.892000,,12,7.0,False,,False,True,18.1,71.0,985.7,False,26.1,296,3.7,True,True,False,False,False,False,+56.414,+21.794,56.414,21.794,7799.935,83.043,,,29.771,29.93,23.342,7746.706,7776.636,7799.978,7716.892
2022,Hungarian Grand Prix,13,Hungary,Budapest,0 days 02:11:23.245000,NOR,4,0 days 00:01:23.310000,48.0,3.0,,Lando Norris,,0 days 00:00:30.020000,0 days 00:00:29.943000,0 days 00:00:23.347000,0 days 02:10:29.998000,0 days 02:10:59.941000,0 days 02:11:23.288000,273.0,239.0,244.0,277.0,False,HARD,6.0,True,McLaren,0 days 02:09:59.935000,,1,7.0,False,,False,True,18.1,70.0,985.7,True,26.1,289,4.6,True,False,False,False,False,False,+54.923,+22.218,54.923,22.218,7883.245,83.31,,,30.02,29.943,23.347,7829.998,7859.941,7883.288,7799.935
2022,Hungarian Grand Prix,13,Hungary,Budapest,0 days 02:12:46.871000,NOR,4,0 days 00:01:23.626000,49.0,3.0,,Lando Norris,,0 days 00:00:30.056000,0 days 00:00:29.945000,0 days 00:00:23.625000,0 days 02:11:53.344000,0 days 02:12:23.289000,0 days 02:12:46.914000,275.0,227.0,243.0,278.0,False,HARD,7.0,True,McLaren,0 days 02:11:23.245000,,1,7.0,False,,False,True,18.1,71.0,985.7,False,25.7,290,4.1,True,False,False,False,False,False,+53.911,+23.173,53.911,23.173,7966.871,83.626,,,30.056,29.945,23.625,7913.344,7943.289,7966.914,7883.245
2022,Hungarian Grand Prix,13,Hungary,Budapest,0 days 02:14:10.543000,NOR,4,0 days 00:01:23.672000,50.0,3.0,,Lando Norris,,0 days 00:00:30.107000,0 days 00:00:30.111000,0 days 00:00:23.454000,0 days 02:13:17.021000,0 days 02:13:47.132000,0 days 02:14:10.586000,275.0,235.0,243.0,277.0,False,HARD,8.0,True,McLaren,0 days 02:12:46.871000,,1,7.0,False,,False,True,18.1,71.0,985.7,False,25.8,281,3.9,True,False,False,False,False,False,+52.782,+23.855,52.782,23.855,8050.543,83.672,,,30.107,30.111,23.454,7997.021,8027.132,8050.586,7966.871
2022,Hungarian Grand Prix,13,Hungary,Budapest,0 days 02:15:33.940000,NOR,4,0 days 00:01:23.397000,51.0,3.0,,Lando Norris,,0 days 00:00:30.024000,0 days 00:00:30.037000,0 days 00:00:23.336000,0 days 02:14:40.610000,0 days 02:15:10.647000,0 days 02:15:33.983000,274.0,239.0,243.0,277.0,False,HARD,9.0,True,McLaren,0 days 02:14:10.543000,,1,7.0,False,,False,True,18.2,70.0,985.7,True,25.9,286,4.5,True,False,False,False,False,False,+49.898,+24.237,49.898,24.237,8133.94,83.397,,,30.024,30.037,23.336,8080.61,8110.647,8133.983,8050.543
2022,Hungarian Grand Prix,13,Hungary,Budapest,0 days 02:16:57.738000,NOR,4,0 days 00:01:23.798000,52.0,3.0,,Lando Norris,,0 days 00:00:30.230000,0 days 00:00:30.129000,0 days 00:00:23.439000,0 days 02:16:04.213000,0 days 02:16:34.342000,0 days 02:16:57.781000,275.0,238.0,244.0,277.0,False,HARD,10.0,True,McLaren,0 days 02:15:33.940000,,1,7.0,False,,False,True,18.1,70.0,985.7,False,25.8,293,5.0,True,False,False,False,False,False,+51.110,+25.197,51.11,25.197,8217.738,83.798,,,30.23,30.129,23.439,8164.213,8194.342,8217.781,8133.94
2022,Hungarian Grand Prix,13,Hungary,Budapest,0 days 02:18:21.660000,NOR,4,0 days 00:01:23.922000,53.0,3.0,,Lando Norris,,0 days 00:00:30.008000,0 days 00:00:30.277000,0 days 00:00:23.637000,0 days 02:17:27.789000,0 days 02:17:58.066000,0 days 02:18:21.703000,275.0,239.0,244.0,276.0,False,HARD,11.0,True,McLaren,0 days 02:16:57.738000,,1,7.0,False,,False,True,18.1,70.0,985.9,False,25.6,291,5.0,True,False,False,False,False,False,+52.324,+25.909,52.324,25.909,8301.66,83.922,,,30.008,30.277,23.637,8247.789,8278.066,8301.703,8217.738
2022,Hungarian Grand Prix,13,Hungary,Budapest,0 days 02:19:45.526000,NOR,4,0 days 00:01:23.866000,54.0,3.0,,Lando Norris,,0 days 00:00:29.980000,0 days 00:00:30.336000,0 days 00:00:23.550000,0 days 02:18:51.683000,0 days 02:19:22.019000,0 days 02:19:45.569000,276.0,241.0,243.0,279.0,False,HARD,12.0,True,McLaren,0 days 02:18:21.660000,,1,7.0,False,,False,True,18.1,70.0,985.7,False,25.5,283,5.4,True,False,False,False,False,False,+53.413,+27.404,53.413,27.404,8385.526,83.866,,,29.98,30.336,23.55,8331.683,8362.019,8385.569,8301.66
2022,Hungarian Grand Prix,13,Hungary,Budapest,0 days 02:21:09.655000,NOR,4,0 days 00:01:24.129000,55.0,3.0,,Lando Norris,,0 days 00:00:30.192000,0 days 00:00:30.398000,0 days 00:00:23.539000,0 days 02:20:15.761000,0 days 02:20:46.159000,0 days 02:21:09.698000,276.0,240.0,244.0,276.0,False,HARD,13.0,True,McLaren,0 days 02:19:45.526000,,1,7.0,False,,False,True,18.0,69.0,985.7,False,25.5,283,4.8,True,False,False,False,False,False,+54.532,+21.466,54.532,21.466,8469.655,84.129,,,30.192,30.398,23.539,8415.761,8446.159,8469.698,8385.526
2022,Hungarian Grand Prix,13,Hungary,Budapest,0 days 02:22:33.693000,NOR,4,0 days 00:01:24.038000,56.0,3.0,,Lando Norris,,0 days 00:00:30.158000,0 days 00:00:30.268000,0 days 00:00:23.612000,0 days 02:21:39.856000,0 days 02:22:10.124000,0 days 02:22:33.736000,276.0,240.0,244.0,280.0,False,HARD,14.0,True,McLaren,0 days 02:21:09.655000,,1,7.0,False,,False,True,18.0,69.0,985.9,True,25.2,294,5.6,True,False,False,False,False,False,+55.555,+22.826,55.555,22.826,8553.693,84.038,,,30.158,30.268,23.612,8499.856,8530.124,8553.736,8469.655
2022,Hungarian Grand Prix,13,Hungary,Budapest,0 days 02:23:57.701000,NOR,4,0 days 00:01:24.008000,57.0,3.0,,Lando Norris,,0 days 00:00:30.383000,0 days 00:00:30.107000,0 days 00:00:23.518000,0 days 02:23:04.119000,0 days 02:23:34.226000,0 days 02:23:57.744000,275.0,241.0,244.0,278.0,False,HARD,15.0,True,McLaren,0 days 02:22:33.693000,,1,7.0,False,,False,True,18.0,70.0,985.9,True,25.1,279,4.4,True,False,False,False,False,False,+56.690,+25.213,56.69,25.213,8637.701,84.008,,,30.383,30.107,23.518,8584.119,8614.226,8637.744,8553.693
2022,Hungarian Grand Prix,13,Hungary,Budapest,0 days 02:25:21.969000,NOR,4,0 days 00:01:24.268000,58.0,3.0,,Lando Norris,,0 days 00:00:30.298000,0 days 00:00:30.530000,0 days 00:00:23.440000,0 days 02:24:28.042000,0 days 02:24:58.572000,0 days 02:25:22.012000,276.0,239.0,243.0,278.0,False,HARD,16.0,True,McLaren,0 days 02:23:57.701000,,1,7.0,False,,False,True,18.0,70.0,985.9,True,25.1,284,3.5,True,False,False,False,False,False,+58.198,+27.400,58.198,27.4,8721.969,84.268,,,30.298,30.53,23.44,8668.042,8698.572,8722.012,8637.701
2022,Hungarian Grand Prix,13,Hungary,Budapest,0 days 02:26:45.625000,NOR,4,0 days 00:01:23.656000,59.0,3.0,,Lando Norris,,0 days 00:00:30.072000,0 days 00:00:30.159000,0 days 00:00:23.425000,0 days 02:25:52.084000,0 days 02:26:22.243000,0 days 02:26:45.668000,276.0,241.0,244.0,277.0,False,HARD,17.0,True,McLaren,0 days 02:25:21.969000,,1,7.0,False,,False,True,18.1,70.0,986.0,True,24.8,283,4.5,True,False,False,False,False,False,+58.660,+29.317,58.66,29.317,8805.625,83.656,,,30.072,30.159,23.425,8752.084,8782.243,8805.668,8721.969
2022,Hungarian Grand Prix,13,Hungary,Budapest,0 days 02:28:09.218000,NOR,4,0 days 00:01:23.593000,60.0,3.0,,Lando Norris,,0 days 00:00:30.164000,0 days 00:00:29.874000,0 days 00:00:23.555000,0 days 02:27:15.832000,0 days 02:27:45.706000,0 days 02:28:09.261000,276.0,241.0,243.0,279.0,False,HARD,18.0,True,McLaren,0 days 02:26:45.625000,,1,7.0,False,,False,True,18.1,70.0,985.9,True,24.8,291,5.4,True,False,False,False,False,False,+59.543,+30.997,59.543,30.997,8889.218,83.593,,,30.164,29.874,23.555,8835.832,8865.706,8889.261,8805.625
2022,Hungarian Grand Prix,13,Hungary,Budapest,0 days 02:29:32.532000,NOR,4,0 days 00:01:23.314000,61.0,3.0,,Lando Norris,,0 days 00:00:30.040000,0 days 00:00:29.948000,0 days 00:00:23.326000,0 days 02:28:39.301000,0 days 02:29:09.249000,0 days 02:29:32.575000,276.0,243.0,245.0,278.0,False,HARD,19.0,True,McLaren,0 days 02:28:09.218000,,1,7.0,False,,False,True,18.0,70.0,986.0,True,24.7,287,5.0,True,False,False,False,False,False,+60.046,+32.209,60.046,32.209,8972.532,83.314,,,30.04,29.948,23.326,8919.301,8949.249,8972.575,8889.218
2022,Hungarian Grand Prix,13,Hungary,Budapest,0 days 02:30:56.192000,NOR,4,0 days 00:01:23.660000,62.0,3.0,,Lando Norris,,0 days 00:00:30.057000,0 days 00:00:30.125000,0 days 00:00:23.478000,0 days 02:30:02.632000,0 days 02:30:32.757000,0 days 02:30:56.235000,276.0,240.0,245.0,279.0,False,HARD,20.0,True,McLaren,0 days 02:29:32.532000,,1,7.0,False,,False,True,18.0,70.0,985.9,True,24.6,285,5.0,True,False,False,False,False,False,+60.244,+34.080,60.244,34.08,9056.192,83.66,,,30.057,30.125,23.478,9002.632,9032.757,9056.235,8972.532
2022,Hungarian Grand Prix,13,Hungary,Budapest,0 days 02:32:20.604000,NOR,4,0 days 00:01:24.412000,63.0,3.0,,Lando Norris,,0 days 00:00:30.323000,0 days 00:00:30.409000,0 days 00:00:23.680000,0 days 02:31:26.558000,0 days 02:31:56.967000,0 days 02:32:20.647000,265.0,237.0,242.0,278.0,False,HARD,21.0,True,McLaren,0 days 02:30:56.192000,,1,7.0,False,,False,True,18.0,70.0,986.0,True,24.6,281,4.8,True,False,False,False,False,False,+61.606,+35.970,61.606,35.97,9140.604,84.412,,,30.323,30.409,23.68,9086.558,9116.967,9140.647,9056.192
2022,Hungarian Grand Prix,13,Hungary,Budapest,0 days 02:33:44.505000,NOR,4,0 days 00:01:23.901000,64.0,3.0,,Lando Norris,,0 days 00:00:30.378000,0 days 00:00:30.034000,0 days 00:00:23.489000,0 days 02:32:51.025000,0 days 02:33:21.059000,0 days 02:33:44.548000,268.0,241.0,245.0,276.0,False,HARD,22.0,True,McLaren,0 days 02:32:20.604000,,1,7.0,False,,False,True,18.1,70.0,986.0,True,24.7,287,3.4,True,False,False,False,False,False,+62.614,+37.991,62.614,37.991,9224.505,83.901,,,30.378,30.034,23.489,9171.025,9201.059,9224.548,9140.604
2022,Hungarian Grand Prix,13,Hungary,Budapest,0 days 02:35:08.264000,NOR,4,0 days 00:01:23.759000,65.0,3.0,,Lando Norris,,0 days 00:00:30.121000,0 days 00:00:30.035000,0 days 00:00:23.603000,0 days 02:34:14.669000,0 days 02:34:44.704000,0 days 02:35:08.307000,270.0,240.0,244.0,276.0,False,HARD,23.0,True,McLaren,0 days 02:33:44.505000,,1,7.0,False,,False,True,18.1,69.0,986.0,True,24.7,274,3.7,True,False,False,False,False,False,+63.687,+39.441,63.687,39.441,9308.264,83.759,,,30.121,30.035,23.603,9254.669,9284.704,9308.307,9224.505
2022,Hungarian Grand Prix,13,Hungary,Budapest,0 days 02:36:32.538000,NOR,4,0 days 00:01:24.274000,66.0,3.0,,Lando Norris,,0 days 00:00:30.338000,0 days 00:00:30.299000,0 days 00:00:23.637000,0 days 02:35:38.645000,0 days 02:36:08.944000,0 days 02:36:32.581000,272.0,240.0,244.0,279.0,False,HARD,24.0,True,McLaren,0 days 02:35:08.264000,,1,7.0,False,,False,True,18.1,70.0,986.0,True,24.7,281,2.5,True,False,False,False,False,False,+64.840,+41.447,64.84,41.447,9392.538,84.274,,,30.338,30.299,23.637,9338.645,9368.944,9392.581,9308.264
2022,Hungarian Grand Prix,13,Hungary,Budapest,0 days 02:38:05.610000,NOR,4,0 days 00:01:33.072000,67.0,3.0,,Lando Norris,,0 days 00:00:30.161000,0 days 00:00:31.907000,0 days 00:00:31.004000,0 days 02:37:02.742000,0 days 02:37:34.649000,0 days 02:38:05.653000,270.0,225.0,207.0,280.0,False,HARD,25.0,True,McLaren,0 days 02:36:32.538000,,126,7.0,False,,False,False,18.1,69.0,986.2,False,24.7,272,4.5,True,True,False,False,True,False,+74.649,+51.721,74.649,51.721,9485.61,93.072,,,30.161,31.907,31.004,9422.742,9454.649,9485.653,9392.538
2022,Hungarian Grand Prix,13,Hungary,Budapest,0 days 02:39:55.458000,NOR,4,0 days 00:01:49.848000,68.0,3.0,,Lando Norris,,0 days 00:00:41.219000,0 days 00:00:39.654000,0 days 00:00:28.975000,0 days 02:38:46.872000,0 days 02:39:26.526000,0 days 02:39:55.501000,225.0,194.0,235.0,180.0,False,HARD,26.0,True,McLaren,0 days 02:38:05.610000,,671,7.0,False,,False,False,18.1,69.0,986.2,True,24.4,278,4.5,True,False,False,False,True,True,+89.170,+58.739,89.17,58.739,9595.458,109.848,,,41.219,39.654,28.975,9526.872,9566.526,9595.501,9485.61
2022,Hungarian Grand Prix,13,Hungary,Budapest,0 days 02:41:27.196000,NOR,4,0 days 00:01:31.738000,69.0,3.0,,Lando Norris,,0 days 00:00:32.505000,0 days 00:00:33.657000,0 days 00:00:25.576000,0 days 02:40:28.006000,0 days 02:41:01.663000,0 days 02:41:27.239000,270.0,221.0,241.0,277.0,False,HARD,27.0,True,McLaren,0 days 02:39:55.458000,,1,7.0,False,,False,True,18.1,70.0,986.0,True,24.2,284,4.5,True,False,False,False,False,False,+73.490,+53.503,73.49,53.503,9687.196,91.738,,,32.505,33.657,25.576,9628.006,9661.663,9687.239,9595.458
2022,Hungarian Grand Prix,13,Hungary,Budapest,0 days 02:43:00.250000,NOR,4,0 days 00:01:33.054000,70.0,3.0,,Lando Norris,,0 days 00:00:32.483000,0 days 00:00:34.122000,0 days 00:00:26.449000,0 days 02:41:59.722000,0 days 02:42:33.844000,0 days 02:43:00.293000,265.0,217.0,232.0,278.0,False,HARD,28.0,True,McLaren,0 days 02:41:27.196000,,1,7.0,False,,False,True,18.0,70.0,986.0,True,23.7,253,4.8,True,False,False,False,False,False,+78.300,+62.253,78.3,62.253,9780.25,93.054,,,32.483,34.122,26.449,9719.722,9753.844,9780.293,9687.196
2022,Hungarian Grand Prix,13,Hungary,Budapest,0 days 01:03:38.574000,HAM,44,0 days 00:01:32.536000,1.0,1.0,,Lewis Hamilton,,,0 days 00:00:32.362000,0 days 00:00:24.092000,,0 days 01:03:14.633000,0 days 01:03:38.668000,270.0,231.0,193.0,251.0,False,MEDIUM,1.0,True,Mercedes,0 days 01:02:05.807000,,126,5.0,False,,False,False,18.4,70.0,985.7,True,26.4,289,5.0,True,True,False,False,True,False,+4.145,+0.918,4.145,0.918,3818.574,92.536,,,,32.362,24.092,,3794.633,3818.668,3725.807
2022,Hungarian Grand Prix,13,Hungary,Budapest,0 days 01:05:33.401000,HAM,44,0 days 00:01:54.827000,2.0,1.0,,Lewis Hamilton,,0 days 00:00:46.398000,0 days 00:00:36.815000,0 days 00:00:31.614000,0 days 01:04:25.012000,0 days 01:05:01.827000,0 days 01:05:33.441000,230.0,213.0,201.0,85.0,True,MEDIUM,2.0,True,Mercedes,0 days 01:03:38.574000,,6,5.0,False,,False,False,18.4,70.0,985.7,True,26.5,286,4.5,False,False,False,False,True,False,+6.844,+0.666,6.844,0.666,3933.401,114.827,,,46.398,36.815,31.614,3865.012,3901.827,3933.441,3818.574
2022,Hungarian Grand Prix,13,Hungary,Budapest,0 days 01:07:02.929000,HAM,44,0 days 00:01:29.528000,3.0,1.0,,Lewis Hamilton,,0 days 00:00:35.129000,0 days 00:00:30.948000,0 days 00:00:23.451000,0 days 01:06:08.570000,0 days 01:06:39.518000,0 days 01:07:02.969000,279.0,230.0,245.0,251.0,True,MEDIUM,3.0,True,Mercedes,0 days 01:05:33.401000,,671,5.0,False,,False,False,18.4,70.0,985.5,False,26.7,277,3.9,True,False,False,False,True,True,+5.731,+0.726,5.731,0.726,4022.929,89.528,,,35.129,30.948,23.451,3968.57,3999.518,4022.969,3933.401
2022,Hungarian Grand Prix,13,Hungary,Budapest,0 days 01:08:27.194000,HAM,44,0 days 00:01:24.265000,4.0,1.0,,Lewis Hamilton,,0 days 00:00:30.068000,0 days 00:00:30.747000,0 days 00:00:23.450000,0 days 01:07:33.037000,0 days 01:08:03.784000,0 days 01:08:27.234000,271.0,234.0,246.0,296.0,True,MEDIUM,4.0,True,Mercedes,0 days 01:07:02.929000,,1,5.0,False,,False,True,18.4,70.0,985.5,False,26.7,299,3.2,True,False,False,False,False,False,+6.322,+0.910,6.322,0.91,4107.194,84.265,,,30.068,30.747,23.45,4053.037,4083.784,4107.234,4022.929
2022,Hungarian Grand Prix,13,Hungary,Budapest,0 days 01:09:51.542000,HAM,44,0 days 00:01:24.348000,5.0,1.0,,Lewis Hamilton,,0 days 00:00:30.031000,0 days 00:00:30.798000,0 days 00:00:23.519000,0 days 01:08:57.265000,0 days 01:09:28.063000,0 days 01:09:51.582000,270.0,234.0,242.0,292.0,False,MEDIUM,5.0,True,Mercedes,0 days 01:08:27.194000,,1,5.0,False,,False,True,18.6,71.0,985.5,True,26.5,290,3.5,True,False,False,False,False,False,+6.720,+1.069,6.72,1.069,4191.542,84.348,,,30.031,30.798,23.519,4137.265,4168.063,4191.582,4107.194
2022,Hungarian Grand Prix,13,Hungary,Budapest,0 days 01:11:16.170000,HAM,44,0 days 00:01:24.628000,6.0,1.0,,Lewis Hamilton,,0 days 00:00:30.111000,0 days 00:00:30.950000,0 days 00:00:23.567000,0 days 01:10:21.693000,0 days 01:10:52.643000,0 days 01:11:16.210000,276.0,233.0,241.0,280.0,False,MEDIUM,6.0,True,Mercedes,0 days 01:09:51.542000,,1,5.0,False,,False,True,18.6,70.0,985.5,False,26.7,297,3.5,True,False,False,False,False,False,+7.335,+1.208,7.335,1.208,4276.17,84.628,,,30.111,30.95,23.567,4221.693,4252.643,4276.21,4191.542
2022,Hungarian Grand Prix,13,Hungary,Budapest,0 days 01:12:40.562000,HAM,44,0 days 00:01:24.392000,7.0,1.0,,Lewis Hamilton,,0 days 00:00:30.252000,0 days 00:00:30.514000,0 days 00:00:23.626000,0 days 01:11:46.462000,0 days 01:12:16.976000,0 days 01:12:40.602000,278.0,235.0,241.0,278.0,False,MEDIUM,7.0,True,Mercedes,0 days 01:11:16.170000,,1,5.0,False,,False,True,18.6,71.0,985.5,False,26.5,281,3.2,True,False,False,False,False,False,+7.668,+1.051,7.668,1.051,4360.562,84.392,,,30.252,30.514,23.626,4306.462,4336.976,4360.602,4276.17
2022,Hungarian Grand Prix,13,Hungary,Budapest,0 days 01:14:05.342000,HAM,44,0 days 00:01:24.780000,8.0,1.0,,Lewis Hamilton,,0 days 00:00:30.054000,0 days 00:00:30.877000,0 days 00:00:23.849000,0 days 01:13:10.656000,0 days 01:13:41.533000,0 days 01:14:05.382000,276.0,233.0,242.0,281.0,False,MEDIUM,8.0,True,Mercedes,0 days 01:12:40.562000,,1,5.0,False,,False,True,18.5,71.0,985.5,False,26.6,284,3.9,True,False,False,False,False,False,+8.358,+1.016,8.358,1.016,4445.342,84.78,,,30.054,30.877,23.849,4390.656,4421.533,4445.382,4360.562
2022,Hungarian Grand Prix,13,Hungary,Budapest,0 days 01:15:29.969000,HAM,44,0 days 00:01:24.627000,9.0,1.0,,Lewis Hamilton,,0 days 00:00:30.151000,0 days 00:00:30.650000,0 days 00:00:23.826000,0 days 01:14:35.533000,0 days 01:15:06.183000,0 days 01:15:30.009000,275.0,232.0,249.0,282.0,False,MEDIUM,9.0,True,Mercedes,0 days 01:14:05.342000,,1,5.0,False,,False,True,18.5,71.0,985.5,False,26.6,312,4.4,True,False,False,False,False,False,+9.288,+0.769,9.288,0.769,4529.969,84.627,,,30.151,30.65,23.826,4475.533,4506.183,4530.009,4445.342
2022,Hungarian Grand Prix,13,Hungary,Budapest,0 days 01:16:55.235000,HAM,44,0 days 00:01:25.266000,10.0,1.0,,Lewis Hamilton,,0 days 00:00:30.240000,0 days 00:00:31.252000,0 days 00:00:23.774000,0 days 01:16:00.249000,0 days 01:16:31.501000,0 days 01:16:55.275000,277.0,233.0,247.0,295.0,False,MEDIUM,10.0,True,Mercedes,0 days 01:15:29.969000,,1,5.0,False,,False,True,18.5,71.0,985.5,False,26.7,280,3.5,True,False,False,False,False,False,+10.040,+0.574,10.04,0.574,4615.235,85.266,,,30.24,31.252,23.774,4560.249,4591.501,4615.275,4529.969
2022,Hungarian Grand Prix,13,Hungary,Budapest,0 days 01:18:20.946000,HAM,44,0 days 00:01:25.711000,11.0,1.0,,Lewis Hamilton,,0 days 00:00:30.394000,0 days 00:00:31.240000,0 days 00:00:24.077000,0 days 01:17:25.669000,0 days 01:17:56.909000,0 days 01:18:20.986000,270.0,232.0,248.0,299.0,False,MEDIUM,11.0,True,Mercedes,0 days 01:16:55.235000,,1,5.0,False,,False,True,18.5,71.0,985.5,False,26.8,288,3.7,True,False,False,False,False,False,+11.441,+0.484,11.441,0.484,4700.946,85.711,,,30.394,31.24,24.077,4645.669,4676.909,4700.986,4615.235
2022,Hungarian Grand Prix,13,Hungary,Budapest,0 days 01:19:44.773000,HAM,44,0 days 00:01:23.827000,12.0,1.0,,Lewis Hamilton,,0 days 00:00:29.921000,0 days 00:00:30.397000,0 days 00:00:23.509000,0 days 01:18:50.907000,0 days 01:19:21.304000,0 days 01:19:44.813000,270.0,235.0,238.0,298.0,True,MEDIUM,12.0,True,Mercedes,0 days 01:18:20.946000,,1,4.0,False,,False,True,18.5,71.0,985.5,False,26.9,289,3.9,True,False,False,False,False,False,+11.021,+7.621,11.021,7.621,4784.773,83.827,,,29.921,30.397,23.509,4730.907,4761.304,4784.813,4700.946
2022,Hungarian Grand Prix,13,Hungary,Budapest,0 days 01:21:09.063000,HAM,44,0 days 00:01:24.290000,13.0,1.0,,Lewis Hamilton,,0 days 00:00:30.330000,0 days 00:00:30.271000,0 days 00:00:23.689000,0 days 01:20:15.143000,0 days 01:20:45.414000,0 days 01:21:09.103000,273.0,234.0,240.0,275.0,False,MEDIUM,13.0,True,Mercedes,0 days 01:19:44.773000,,1,4.0,False,,False,True,18.5,71.0,985.5,False,26.9,282,4.5,True,False,False,False,False,False,+10.824,+7.769,10.824,7.769,4869.063,84.29,,,30.33,30.271,23.689,4815.143,4845.414,4869.103,4784.773
2022,Hungarian Grand Prix,13,Hungary,Budapest,0 days 01:22:33.729000,HAM,44,0 days 00:01:24.666000,14.0,1.0,,Lewis Hamilton,,0 days 00:00:30.241000,0 days 00:00:30.585000,0 days 00:00:23.840000,0 days 01:21:39.344000,0 days 01:22:09.929000,0 days 01:22:33.769000,273.0,234.0,239.0,277.0,False,MEDIUM,14.0,True,Mercedes,0 days 01:21:09.063000,,1,4.0,False,,False,True,18.4,72.0,985.5,False,26.9,277,3.9,True,False,False,False,False,False,+10.438,+8.059,10.438,8.059,4953.729,84.666,,,30.241,30.585,23.84,4899.344,4929.929,4953.769,4869.063
2022,Hungarian Grand Prix,13,Hungary,Budapest,0 days 01:23:58.915000,HAM,44,0 days 00:01:25.186000,15.0,1.0,,Lewis Hamilton,,0 days 00:00:30.313000,0 days 00:00:30.467000,0 days 00:00:24.406000,0 days 01:23:04.082000,0 days 01:23:34.549000,0 days 01:23:58.955000,273.0,235.0,240.0,277.0,False,MEDIUM,15.0,True,Mercedes,0 days 01:22:33.729000,,1,4.0,True,TRACK LIMITS AT TURN 12 LAP 15 ,False,True,18.4,71.0,985.5,False,26.9,267,2.5,True,False,False,False,False,False,+10.790,+8.888,10.79,8.888,5038.915,85.186,,,30.313,30.467,24.406,4984.082,5014.549,5038.955,4953.729
2022,Hungarian Grand Prix,13,Hungary,Budapest,0 days 01:25:23.740000,HAM,44,0 days 00:01:24.825000,16.0,1.0,,Lewis Hamilton,,0 days 00:00:30.473000,0 days 00:00:30.653000,0 days 00:00:23.699000,0 days 01:24:29.428000,0 days 01:25:00.081000,0 days 01:25:23.780000,273.0,237.0,239.0,274.0,False,MEDIUM,16.0,True,Mercedes,0 days 01:23:58.915000,,1,4.0,False,,False,True,18.4,71.0,985.5,False,27.2,282,3.5,True,False,False,False,False,False,+9.311,+10.165,9.311,10.165,5123.74,84.825,,,30.473,30.653,23.699,5069.428,5100.081,5123.78,5038.915
2022,Hungarian Grand Prix,13,Hungary,Budapest,0 days 01:26:48.712000,HAM,44,0 days 00:01:24.972000,17.0,1.0,,Lewis Hamilton,,0 days 00:00:30.222000,0 days 00:00:30.930000,0 days 00:00:23.820000,0 days 01:25:54.002000,0 days 01:26:24.932000,0 days 01:26:48.752000,273.0,234.0,238.0,275.0,False,MEDIUM,17.0,True,Mercedes,0 days 01:25:23.740000,,1,3.0,False,,False,True,18.4,70.0,985.5,False,27.2,285,4.5,True,False,False,False,False,False,+9.252,+9.687,9.252,9.687,5208.712,84.972,,,30.222,30.93,23.82,5154.002,5184.932,5208.752,5123.74
2022,Hungarian Grand Prix,13,Hungary,Budapest,0 days 01:28:13.913000,HAM,44,0 days 00:01:25.201000,18.0,1.0,,Lewis Hamilton,,0 days 00:00:30.673000,0 days 00:00:30.845000,0 days 00:00:23.683000,0 days 01:27:19.425000,0 days 01:27:50.270000,0 days 01:28:13.953000,274.0,232.0,239.0,274.0,False,MEDIUM,18.0,True,Mercedes,0 days 01:26:48.712000,,1,2.0,False,,False,True,18.4,70.0,985.7,False,27.6,292,4.8,True,False,False,False,False,False,+10.709,+10.709,10.709,10.709,5293.913,85.201,,,30.673,30.845,23.683,5239.425,5270.27,5293.953,5208.712
2022,Hungarian Grand Prix,13,Hungary,Budapest,0 days 01:29:41.301000,HAM,44,0 days 00:01:27.388000,19.0,1.0,,Lewis Hamilton,0 days 01:29:39.610000,0 days 00:00:30.336000,0 days 00:00:30.848000,0 days 00:00:26.204000,0 days 01:28:44.289000,0 days 01:29:15.137000,0 days 01:29:41.341000,273.0,233.0,,274.0,False,MEDIUM,19.0,True,Mercedes,0 days 01:28:13.913000,,1,2.0,False,,False,False,18.4,70.0,985.7,False,27.6,281,4.4,True,False,False,False,False,False,+11.788,+11.788,11.788,11.788,5381.301,87.388,5379.61,,30.336,30.848,26.204,5324.289,5355.137,5381.341,5293.913
2022,Hungarian Grand Prix,13,Hungary,Budapest,0 days 01:31:24.476000,HAM,44,0 days 00:01:43.175000,20.0,2.0,0 days 01:30:01.289000,Lewis Hamilton,,0 days 00:00:48.542000,0 days 00:00:31.321000,0 days 00:00:23.312000,0 days 01:30:29.883000,0 days 01:31:01.204000,0 days 01:31:24.516000,273.0,233.0,243.0,274.0,False,MEDIUM,1.0,True,Mercedes,0 days 01:29:41.301000,,1,7.0,False,,False,False,18.5,70.0,985.7,False,27.3,280,5.3,True,False,False,False,False,False,+33.165,+4.747,33.165,4.747,5484.476,103.175,,5401.289,48.542,31.321,23.312,5429.883,5461.204,5484.516,5381.301
2022,Hungarian Grand Prix,13,Hungary,Budapest,0 days 01:32:47.971000,HAM,44,0 days 00:01:23.495000,21.0,2.0,,Lewis Hamilton,,0 days 00:00:29.926000,0 days 00:00:30.266000,0 days 00:00:23.303000,0 days 01:31:54.442000,0 days 01:32:24.708000,0 days 01:32:48.011000,275.0,235.0,242.0,277.0,True,MEDIUM,2.0,True,Mercedes,0 days 01:31:24.476000,,1,7.0,False,,False,True,18.5,70.0,985.5,False,27.5,279,4.0,True,False,False,False,False,False,+30.108,+0.374,30.108,0.374,5567.971,83.495,,,29.926,30.266,23.303,5514.442,5544.708,5568.011,5484.476
2022,Hungarian Grand Prix,13,Hungary,Budapest,0 days 01:34:11.335000,HAM,44,0 days 00:01:23.364000,22.0,2.0,,Lewis Hamilton,,0 days 00:00:29.970000,0 days 00:00:30.062000,0 days 00:00:23.332000,0 days 01:33:17.981000,0 days 01:33:48.043000,0 days 01:34:11.375000,267.0,234.0,243.0,272.0,True,MEDIUM,3.0,True,Mercedes,0 days 01:32:47.971000,,1,6.0,False,,False,True,18.5,70.0,985.5,False,27.6,290,5.0,True,False,False,False,False,False,+14.200,+2.035,14.2,2.035,5651.335,83.364,,,29.97,30.062,23.332,5597.981,5628.043,5651.375,5567.971
2022,Hungarian Grand Prix,13,Hungary,Budapest,0 days 01:35:34.817000,HAM,44,0 days 00:01:23.482000,23.0,2.0,,Lewis Hamilton,,0 days 00:00:29.752000,0 days 00:00:30.266000,0 days 00:00:23.464000,0 days 01:34:41.127000,0 days 01:35:11.393000,0 days 01:35:34.857000,273.0,235.0,248.0,278.0,False,MEDIUM,4.0,True,Mercedes,0 days 01:34:11.335000,,1,5.0,False,,False,True,18.5,70.0,985.5,False,27.8,291,3.5,True,False,False,False,False,False,+14.217,+0.324,14.217,0.324,5734.817,83.482,,,29.752,30.266,23.464,5681.127,5711.393,5734.857,5651.335
2022,Hungarian Grand Prix,13,Hungary,Budapest,0 days 01:36:58.648000,HAM,44,0 days 00:01:23.831000,24.0,2.0,,Lewis Hamilton,,0 days 00:00:29.417000,0 days 00:00:30.006000,0 days 00:00:24.408000,0 days 01:36:04.274000,0 days 01:36:34.280000,0 days 01:36:58.688000,268.0,236.0,241.0,294.0,False,MEDIUM,5.0,True,Mercedes,0 days 01:35:34.817000,,1,5.0,True,TRACK LIMITS AT TURN 12 LAP 24 ,False,True,18.4,70.0,985.5,False,27.8,277,3.2,True,False,False,False,False,False,+14.082,+7.197,14.082,7.197,5818.648,83.831,,,29.417,30.006,24.408,5764.274,5794.28,5818.688,5734.817
2022,Hungarian Grand Prix,13,Hungary,Budapest,0 days 01:38:22.668000,HAM,44,0 days 00:01:24.020000,25.0,2.0,,Lewis Hamilton,,0 days 00:00:30.044000,0 days 00:00:30.401000,0 days 00:00:23.575000,0 days 01:37:28.732000,0 days 01:37:59.133000,0 days 01:38:22.708000,269.0,234.0,243.0,277.0,False,MEDIUM,6.0,True,Mercedes,0 days 01:36:58.648000,,1,5.0,False,,False,True,18.5,70.0,985.5,False,28.0,271,4.6,True,False,False,False,False,False,+14.426,+7.690,14.426,7.69,5902.668,84.02,,,30.044,30.401,23.575,5848.732,5879.133,5902.708,5818.648
2022,Hungarian Grand Prix,13,Hungary,Budapest,0 days 01:39:46.153000,HAM,44,0 days 00:01:23.485000,26.0,2.0,,Lewis Hamilton,,0 days 00:00:29.868000,0 days 00:00:30.293000,0 days 00:00:23.324000,0 days 01:38:52.576000,0 days 01:39:22.869000,0 days 01:39:46.193000,270.0,236.0,242.0,279.0,False,MEDIUM,7.0,True,Mercedes,0 days 01:38:22.668000,,1,5.0,False,,False,True,18.5,70.0,985.5,False,28.2,282,3.5,True,False,False,False,False,False,+14.139,+7.415,14.139,7.415,5986.153,83.485,,,29.868,30.293,23.324,5932.576,5962.869,5986.193,5902.668
2022,Hungarian Grand Prix,13,Hungary,Budapest,0 days 01:41:09.746000,HAM,44,0 days 00:01:23.593000,27.0,2.0,,Lewis Hamilton,,0 days 00:00:29.917000,0 days 00:00:30.271000,0 days 00:00:23.405000,0 days 01:40:16.110000,0 days 01:40:46.381000,0 days 01:41:09.786000,272.0,237.0,243.0,278.0,False,MEDIUM,8.0,True,Mercedes,0 days 01:39:46.153000,,1,5.0,False,,False,True,18.5,70.0,985.5,False,28.3,277,3.4,True,False,False,False,False,False,+13.875,+7.501,13.875,7.501,6069.746,83.593,,,29.917,30.271,23.405,6016.11,6046.381,6069.786,5986.153
2022,Hungarian Grand Prix,13,Hungary,Budapest,0 days 01:42:32.985000,HAM,44,0 days 00:01:23.239000,28.0,2.0,,Lewis Hamilton,,0 days 00:00:29.876000,0 days 00:00:30.047000,0 days 00:00:23.316000,0 days 01:41:39.662000,0 days 01:42:09.709000,0 days 01:42:33.025000,271.0,237.0,241.0,277.0,True,MEDIUM,9.0,True,Mercedes,0 days 01:41:09.746000,,1,5.0,False,,False,True,18.6,70.0,985.5,False,28.5,285,3.7,True,False,False,False,False,False,+12.548,+7.021,12.548,7.021,6152.985,83.239,,,29.876,30.047,23.316,6099.662,6129.709,6153.025,6069.746
2022,Hungarian Grand Prix,13,Hungary,Budapest,0 days 01:43:56.682000,HAM,44,0 days 00:01:23.697000,29.0,2.0,,Lewis Hamilton,,0 days 00:00:30.188000,0 days 00:00:30.071000,0 days 00:00:23.438000,0 days 01:43:03.213000,0 days 01:43:33.284000,0 days 01:43:56.722000,271.0,238.0,241.0,277.0,False,MEDIUM,10.0,True,Mercedes,0 days 01:42:32.985000,,1,5.0,False,,False,True,18.6,70.0,985.5,False,28.5,291,4.0,True,False,False,False,False,False,+11.944,+6.512,11.944,6.512,6236.682,83.697,,,30.188,30.071,23.438,6183.213,6213.284,6236.722,6152.985
2022,Hungarian Grand Prix,13,Hungary,Budapest,0 days 01:45:20.274000,HAM,44,0 days 00:01:23.592000,30.0,2.0,,Lewis Hamilton,,0 days 00:00:30.067000,0 days 00:00:30.200000,0 days 00:00:23.325000,0 days 01:44:26.789000,0 days 01:44:56.989000,0 days 01:45:20.314000,271.0,236.0,242.0,274.0,False,MEDIUM,11.0,True,Mercedes,0 days 01:43:56.682000,,1,5.0,False,,False,True,18.6,69.0,985.4,False,28.5,274,4.8,True,False,False,False,False,False,+11.375,+6.297,11.375,6.297,6320.274,83.592,,,30.067,30.2,23.325,6266.789,6296.989,6320.314,6236.682
2022,Hungarian Grand Prix,13,Hungary,Budapest,0 days 01:46:43.885000,HAM,44,0 days 00:01:23.611000,31.0,2.0,,Lewis Hamilton,,0 days 00:00:30.103000,0 days 00:00:30.192000,0 days 00:00:23.316000,0 days 01:45:50.417000,0 days 01:46:20.609000,0 days 01:46:43.925000,271.0,237.0,242.0,278.0,False,MEDIUM,12.0,True,Mercedes,0 days 01:45:20.274000,,1,5.0,False,,False,True,18.3,70.0,985.5,False,28.0,293,5.3,True,False,False,False,False,False,+11.530,+6.174,11.53,6.174,6403.885,83.611,,,30.103,30.192,23.316,6350.417,6380.609,6403.925,6320.274
2022,Hungarian Grand Prix,13,Hungary,Budapest,0 days 01:48:07.344000,HAM,44,0 days 00:01:23.459000,32.0,2.0,,Lewis Hamilton,,0 days 00:00:29.855000,0 days 00:00:30.071000,0 days 00:00:23.533000,0 days 01:47:13.780000,0 days 01:47:43.851000,0 days 01:48:07.384000,270.0,237.0,243.0,277.0,False,MEDIUM,13.0,True,Mercedes,0 days 01:46:43.885000,,1,5.0,False,,False,True,18.4,70.0,985.5,False,28.0,277,5.0,True,False,False,False,False,False,+10.701,+5.306,10.701,5.306,6487.344,83.459,,,29.855,30.071,23.533,6433.78,6463.851,6487.384,6403.885
2022,Hungarian Grand Prix,13,Hungary,Budapest,0 days 01:49:30.720000,HAM,44,0 days 00:01:23.376000,33.0,2.0,,Lewis Hamilton,,0 days 00:00:29.879000,0 days 00:00:30.153000,0 days 00:00:23.344000,0 days 01:48:37.263000,0 days 01:49:07.416000,0 days 01:49:30.760000,271.0,237.0,243.0,278.0,False,MEDIUM,14.0,True,Mercedes,0 days 01:48:07.344000,,1,5.0,False,,False,True,18.4,71.0,985.7,False,27.6,294,4.0,True,False,False,False,False,False,+10.683,+4.986,10.683,4.986,6570.72,83.376,,,29.879,30.153,23.344,6517.263,6547.416,6570.76,6487.344
2022,Hungarian Grand Prix,13,Hungary,Budapest,0 days 01:50:54.166000,HAM,44,0 days 00:01:23.446000,34.0,2.0,,Lewis Hamilton,,0 days 00:00:29.826000,0 days 00:00:30.132000,0 days 00:00:23.488000,0 days 01:50:00.586000,0 days 01:50:30.718000,0 days 01:50:54.206000,271.0,237.0,244.0,280.0,False,MEDIUM,15.0,True,Mercedes,0 days 01:49:30.720000,,1,5.0,False,,False,True,18.3,71.0,985.5,False,27.6,285,3.9,True,False,False,False,False,False,+10.727,+4.887,10.727,4.887,6654.166,83.446,,,29.826,30.132,23.488,6600.586,6630.718,6654.206,6570.72
2022,Hungarian Grand Prix,13,Hungary,Budapest,0 days 01:52:17.926000,HAM,44,0 days 00:01:23.760000,35.0,2.0,,Lewis Hamilton,,0 days 00:00:29.843000,0 days 00:00:30.385000,0 days 00:00:23.532000,0 days 01:51:24.049000,0 days 01:51:54.434000,0 days 01:52:17.966000,273.0,238.0,243.0,281.0,False,MEDIUM,16.0,True,Mercedes,0 days 01:50:54.166000,,12,5.0,False,,False,True,18.3,70.0,985.5,False,27.3,282,4.4,True,True,False,False,False,False,+10.982,+5.083,10.982,5.083,6737.926,83.76,,,29.843,30.385,23.532,6684.049,6714.434,6737.966,6654.166
2022,Hungarian Grand Prix,13,Hungary,Budapest,0 days 01:53:41.835000,HAM,44,0 days 00:01:23.909000,36.0,2.0,,Lewis Hamilton,,0 days 00:00:29.827000,0 days 00:00:30.308000,0 days 00:00:23.774000,0 days 01:52:47.793000,0 days 01:53:18.101000,0 days 01:53:41.875000,272.0,234.0,244.0,282.0,False,MEDIUM,17.0,True,Mercedes,0 days 01:52:17.926000,,1,5.0,False,,False,True,18.2,71.0,985.5,False,26.8,279,3.4,True,False,False,False,False,False,+11.739,+5.236,11.739,5.236,6821.835,83.909,,,29.827,30.308,23.774,6767.793,6798.101,6821.875,6737.926
2022,Hungarian Grand Prix,13,Hungary,Budapest,0 days 01:55:06.195000,HAM,44,0 days 00:01:24.360000,37.0,2.0,,Lewis Hamilton,,0 days 00:00:30.145000,0 days 00:00:30.644000,0 days 00:00:23.571000,0 days 01:54:12.020000,0 days 01:54:42.664000,0 days 01:55:06.235000,271.0,236.0,240.0,281.0,False,MEDIUM,18.0,True,Mercedes,0 days 01:53:41.835000,,1,5.0,False,,False,True,18.2,71.0,985.7,False,26.9,282,3.9,True,False,False,False,False,False,+12.654,+5.463,12.654,5.463,6906.195,84.36,,,30.145,30.644,23.571,6852.02,6882.664,6906.235,6821.835
2022,Hungarian Grand Prix,13,Hungary,Budapest,0 days 01:56:30.074000,HAM,44,0 days 00:01:23.879000,38.0,2.0,,Lewis Hamilton,,0 days 00:00:30.150000,0 days 00:00:30.350000,0 days 00:00:23.379000,0 days 01:55:36.385000,0 days 01:56:06.735000,0 days 01:56:30.114000,270.0,237.0,242.0,278.0,False,MEDIUM,19.0,True,Mercedes,0 days 01:55:06.195000,,1,5.0,False,,False,True,18.1,72.0,985.7,False,26.8,290,2.7,True,False,False,False,False,False,+12.790,+5.177,12.79,5.177,6990.074,83.879,,,30.15,30.35,23.379,6936.385,6966.735,6990.114,6906.195
2022,Hungarian Grand Prix,13,Hungary,Budapest,0 days 01:57:54.068000,HAM,44,0 days 00:01:23.994000,39.0,2.0,,Lewis Hamilton,,0 days 00:00:30.215000,0 days 00:00:30.174000,0 days 00:00:23.605000,0 days 01:57:00.329000,0 days 01:57:30.503000,0 days 01:57:54.108000,270.0,237.0,242.0,276.0,False,MEDIUM,20.0,True,Mercedes,0 days 01:56:30.074000,,1,4.0,False,,False,True,18.0,71.0,985.7,False,26.4,270,5.5,True,False,False,False,False,False,+10.398,+4.696,10.398,4.696,7074.068,83.994,,,30.215,30.174,23.605,7020.329,7050.503,7074.108,6990.074
2022,Hungarian Grand Prix,13,Hungary,Budapest,0 days 01:59:17.800000,HAM,44,0 days 00:01:23.732000,40.0,2.0,,Lewis Hamilton,,0 days 00:00:30.158000,0 days 00:00:30.193000,0 days 00:00:23.381000,0 days 01:58:24.266000,0 days 01:58:54.459000,0 days 01:59:17.840000,270.0,235.0,242.0,278.0,False,MEDIUM,21.0,True,Mercedes,0 days 01:57:54.068000,,1,2.0,False,,False,True,18.0,72.0,985.7,False,26.5,293,3.4,True,False,False,False,False,False,+5.040,+5.040,5.04,5.04,7157.8,83.732,,,30.158,30.193,23.381,7104.266,7134.459,7157.84,7074.068
2022,Hungarian Grand Prix,13,Hungary,Budapest,0 days 02:00:41.469000,HAM,44,0 days 00:01:23.669000,41.0,2.0,,Lewis Hamilton,,0 days 00:00:29.995000,0 days 00:00:30.037000,0 days 00:00:23.637000,0 days 01:59:47.835000,0 days 02:00:17.872000,0 days 02:00:41.509000,271.0,239.0,241.0,276.0,False,MEDIUM,22.0,True,Mercedes,0 days 01:59:17.800000,,1,2.0,False,,False,True,18.0,72.0,985.7,False,26.5,286,3.7,True,False,False,False,False,False,+4.805,+4.805,4.805,4.805,7241.469,83.669,,,29.995,30.037,23.637,7187.835,7217.872,7241.509,7157.8
2022,Hungarian Grand Prix,13,Hungary,Budapest,0 days 02:02:05.283000,HAM,44,0 days 00:01:23.814000,42.0,2.0,,Lewis Hamilton,,0 days 00:00:30.030000,0 days 00:00:30.441000,0 days 00:00:23.343000,0 days 02:01:11.539000,0 days 02:01:41.980000,0 days 02:02:05.323000,271.0,238.0,243.0,277.0,False,MEDIUM,23.0,True,Mercedes,0 days 02:00:41.469000,,12,2.0,False,,False,True,18.0,71.0,985.7,False,26.4,289,5.1,True,True,False,False,False,False,+4.154,+4.154,4.154,4.154,7325.283,83.814,,,30.03,30.441,23.343,7271.539,7301.98,7325.323,7241.469
2022,Hungarian Grand Prix,13,Hungary,Budapest,0 days 02:03:28.808000,HAM,44,0 days 00:01:23.525000,43.0,2.0,,Lewis Hamilton,,0 days 00:00:29.976000,0 days 00:00:30.057000,0 days 00:00:23.492000,0 days 02:02:35.299000,0 days 02:03:05.356000,0 days 02:03:28.848000,271.0,237.0,241.0,277.0,False,MEDIUM,24.0,True,Mercedes,0 days 02:02:05.283000,,1,2.0,False,,False,True,17.9,71.0,985.5,False,26.4,288,4.5,True,False,False,False,False,False,+4.055,+4.055,4.055,4.055,7408.808,83.525,,,29.976,30.057,23.492,7355.299,7385.356,7408.848,7325.283
2022,Hungarian Grand Prix,13,Hungary,Budapest,0 days 02:04:52.316000,HAM,44,0 days 00:01:23.508000,44.0,2.0,,Lewis Hamilton,,0 days 00:00:29.933000,0 days 00:00:30.200000,0 days 00:00:23.375000,0 days 02:03:58.781000,0 days 02:04:28.981000,0 days 02:04:52.356000,270.0,236.0,244.0,276.0,False,MEDIUM,25.0,True,Mercedes,0 days 02:03:28.808000,,1,2.0,False,,False,True,17.9,71.0,985.7,False,26.2,284,4.5,True,False,False,False,False,False,+3.327,+3.327,3.327,3.327,7492.316,83.508,,,29.933,30.2,23.375,7438.781,7468.981,7492.356,7408.808
2022,Hungarian Grand Prix,13,Hungary,Budapest,0 days 02:06:15.918000,HAM,44,0 days 00:01:23.602000,45.0,2.0,,Lewis Hamilton,,0 days 00:00:29.936000,0 days 00:00:30.151000,0 days 00:00:23.515000,0 days 02:05:22.292000,0 days 02:05:52.443000,0 days 02:06:15.958000,271.0,236.0,243.0,281.0,False,MEDIUM,26.0,True,Mercedes,0 days 02:04:52.316000,,1,2.0,False,,False,True,18.0,71.0,985.7,False,26.0,275,4.6,True,False,False,False,False,False,+2.740,+2.740,2.74,2.74,7575.918,83.602,,,29.936,30.151,23.515,7522.292,7552.443,7575.958,7492.316
2022,Hungarian Grand Prix,13,Hungary,Budapest,0 days 02:07:39.792000,HAM,44,0 days 00:01:23.874000,46.0,2.0,,Lewis Hamilton,,0 days 00:00:30.035000,0 days 00:00:30.393000,0 days 00:00:23.446000,0 days 02:06:45.993000,0 days 02:07:16.386000,0 days 02:07:39.832000,273.0,236.0,244.0,279.0,False,MEDIUM,27.0,True,Mercedes,0 days 02:06:15.918000,,1,2.0,False,,False,True,18.0,71.0,985.7,False,26.1,285,3.7,True,False,False,False,False,False,+2.332,+2.332,2.332,2.332,7659.792,83.874,,,30.035,30.393,23.446,7605.993,7636.386,7659.832,7575.918
2022,Hungarian Grand Prix,13,Hungary,Budapest,0 days 02:09:03.551000,HAM,44,0 days 00:01:23.759000,47.0,2.0,,Lewis Hamilton,,0 days 00:00:29.864000,0 days 00:00:30.424000,0 days 00:00:23.471000,0 days 02:08:09.696000,0 days 02:08:40.120000,0 days 02:09:03.591000,272.0,234.0,243.0,279.0,False,MEDIUM,28.0,True,Mercedes,0 days 02:07:39.792000,,1,1.0,False,,False,True,18.0,72.0,985.7,False,26.1,292,3.5,True,False,False,False,False,False,LAP 47,LAP 47,,,7743.551,83.759,,,29.864,30.424,23.471,7689.696,7720.12,7743.591,7659.792
2022,Hungarian Grand Prix,13,Hungary,Budapest,0 days 02:10:28.414000,HAM,44,0 days 00:01:24.863000,48.0,2.0,,Lewis Hamilton,,0 days 00:00:30.215000,0 days 00:00:30.845000,0 days 00:00:23.803000,0 days 02:09:33.806000,0 days 02:10:04.651000,0 days 02:10:28.454000,276.0,237.0,242.0,278.0,False,MEDIUM,29.0,True,Mercedes,0 days 02:09:03.551000,,12,1.0,False,,False,True,18.1,71.0,985.7,False,26.1,296,3.7,True,True,False,False,False,False,LAP 48,LAP 48,,,7828.414,84.863,,,30.215,30.845,23.803,7773.806,7804.651,7828.454,7743.551
2022,Hungarian Grand Prix,13,Hungary,Budapest,0 days 02:11:52.995000,HAM,44,0 days 00:01:24.581000,49.0,2.0,,Lewis Hamilton,,0 days 00:00:30.142000,0 days 00:00:30.594000,0 days 00:00:23.845000,0 days 02:10:58.596000,0 days 02:11:29.190000,0 days 02:11:53.035000,268.0,236.0,243.0,280.0,False,MEDIUM,30.0,True,Mercedes,0 days 02:10:28.414000,,1,1.0,False,,False,True,18.1,71.0,985.7,False,26.1,291,4.3,True,False,False,False,False,False,LAP 49,LAP 49,,,7912.995,84.581,,,30.142,30.594,23.845,7858.596,7889.19,7913.035,7828.414
2022,Hungarian Grand Prix,13,Hungary,Budapest,0 days 02:13:17.761000,HAM,44,0 days 00:01:24.766000,50.0,2.0,,Lewis Hamilton,,0 days 00:00:30.097000,0 days 00:00:31.055000,0 days 00:00:23.614000,0 days 02:12:23.132000,0 days 02:12:54.187000,0 days 02:13:17.801000,269.0,237.0,241.0,277.0,False,MEDIUM,31.0,True,Mercedes,0 days 02:11:52.995000,,1,1.0,False,,False,True,18.1,71.0,985.7,False,25.7,290,4.1,True,False,False,False,False,False,LAP 50,LAP 50,,,7997.761,84.766,,,30.097,31.055,23.614,7943.132,7974.187,7997.801,7912.995
2022,Hungarian Grand Prix,13,Hungary,Budapest,0 days 02:14:44.556000,HAM,44,0 days 00:01:26.795000,51.0,2.0,,Lewis Hamilton,0 days 02:14:42.904000,0 days 00:00:30.542000,0 days 00:00:30.179000,0 days 00:00:26.074000,0 days 02:13:48.343000,0 days 02:14:18.522000,0 days 02:14:44.596000,271.0,238.0,,274.0,False,MEDIUM,32.0,True,Mercedes,0 days 02:13:17.761000,,1,2.0,False,,False,False,18.1,70.0,985.7,True,25.8,289,3.7,True,False,False,False,False,False,LAP 51,LAP 51,,,8084.556,86.795,8082.904,,30.542,30.179,26.074,8028.343,8058.522,8084.596,7997.761
2022,Hungarian Grand Prix,13,Hungary,Budapest,0 days 02:16:27.279000,HAM,44,0 days 00:01:42.723000,52.0,3.0,0 days 02:15:04.947000,Lewis Hamilton,,0 days 00:00:49.319000,0 days 00:00:30.475000,0 days 00:00:22.929000,0 days 02:15:33.915000,0 days 02:16:04.390000,0 days 02:16:27.319000,267.0,234.0,245.0,274.0,False,SOFT,3.0,False,Mercedes,0 days 02:14:44.556000,,1,5.0,False,,False,False,18.2,70.0,985.7,True,25.9,286,4.5,True,False,False,False,False,False,+20.651,+10.220,20.651,10.22,8187.279,102.723,,8104.947,49.319,30.475,22.929,8133.915,8164.39,8187.319,8084.556
2022,Hungarian Grand Prix,13,Hungary,Budapest,0 days 02:17:49.786000,HAM,44,0 days 00:01:22.507000,53.0,3.0,,Lewis Hamilton,,0 days 00:00:29.365000,0 days 00:00:30.127000,0 days 00:00:23.015000,0 days 02:16:56.684000,0 days 02:17:26.811000,0 days 02:17:49.826000,273.0,239.0,246.0,278.0,True,SOFT,4.0,False,Mercedes,0 days 02:16:27.279000,,1,5.0,False,,False,True,18.1,70.0,985.9,False,25.6,291,5.0,True,False,False,False,False,False,+20.503,+9.817,20.503,9.817,8269.786,82.507,,,29.365,30.127,23.015,8216.684,8246.811,8269.826,8187.279
2022,Hungarian Grand Prix,13,Hungary,Budapest,0 days 02:19:11.471000,HAM,44,0 days 00:01:21.685000,54.0,3.0,,Lewis Hamilton,,0 days 00:00:29.445000,0 days 00:00:29.338000,0 days 00:00:22.902000,0 days 02:18:19.271000,0 days 02:18:48.609000,0 days 02:19:11.511000,271.0,237.0,246.0,278.0,True,SOFT,5.0,False,Mercedes,0 days 02:17:49.786000,,1,5.0,False,,False,True,18.1,70.0,985.7,False,25.5,280,4.5,True,False,False,False,False,False,+19.430,+9.380,19.43,9.38,8351.471,81.685,,,29.445,29.338,22.902,8299.271,8328.609,8351.511,8269.786
2022,Hungarian Grand Prix,13,Hungary,Budapest,0 days 02:20:33.319000,HAM,44,0 days 00:01:21.848000,55.0,3.0,,Lewis Hamilton,,0 days 00:00:29.379000,0 days 00:00:29.502000,0 days 00:00:22.967000,0 days 02:19:40.890000,0 days 02:20:10.392000,0 days 02:20:33.359000,275.0,239.0,242.0,281.0,False,SOFT,6.0,False,Mercedes,0 days 02:19:11.471000,,1,4.0,False,,False,True,18.0,69.0,985.7,False,25.5,283,4.8,True,False,False,False,False,False,+18.180,+7.463,18.18,7.463,8433.319,81.848,,,29.379,29.502,22.967,8380.89,8410.392,8433.359,8351.471
2022,Hungarian Grand Prix,13,Hungary,Budapest,0 days 02:21:54.879000,HAM,44,0 days 00:01:21.560000,56.0,3.0,,Lewis Hamilton,,0 days 00:00:29.424000,0 days 00:00:29.308000,0 days 00:00:22.828000,0 days 02:21:02.783000,0 days 02:21:32.091000,0 days 02:21:54.919000,272.0,240.0,247.0,278.0,True,SOFT,7.0,False,Mercedes,0 days 02:20:33.319000,,1,4.0,False,,False,True,18.0,70.0,985.9,True,25.2,288,4.1,True,False,False,False,False,False,+16.788,+6.125,16.788,6.125,8514.879,81.56,,,29.424,29.308,22.828,8462.783,8492.091,8514.919,8433.319
2022,Hungarian Grand Prix,13,Hungary,Budapest,0 days 02:23:16.265000,HAM,44,0 days 00:01:21.386000,57.0,3.0,,Lewis Hamilton,,0 days 00:00:29.277000,0 days 00:00:29.402000,0 days 00:00:22.707000,0 days 02:22:24.196000,0 days 02:22:53.598000,0 days 02:23:16.305000,276.0,240.0,244.0,283.0,True,SOFT,8.0,False,Mercedes,0 days 02:21:54.879000,,1,4.0,False,,False,True,18.0,69.0,985.9,True,25.2,294,5.6,True,False,False,False,False,False,+15.264,+4.776,15.264,4.776,8596.265,81.386,,,29.277,29.402,22.707,8544.196,8573.598,8596.305,8514.879
2022,Hungarian Grand Prix,13,Hungary,Budapest,0 days 02:24:38.207000,HAM,44,0 days 00:01:21.942000,58.0,3.0,,Lewis Hamilton,,0 days 00:00:29.456000,0 days 00:00:29.746000,0 days 00:00:22.740000,0 days 02:23:45.761000,0 days 02:24:15.507000,0 days 02:24:38.247000,278.0,241.0,244.0,280.0,False,SOFT,9.0,False,Mercedes,0 days 02:23:16.265000,,1,4.0,False,,False,True,18.0,70.0,985.9,True,25.1,284,3.5,True,False,False,False,False,False,+14.376,+3.828,14.376,3.828,8678.207,81.942,,,29.456,29.746,22.74,8625.761,8655.507,8678.247,8596.265
2022,Hungarian Grand Prix,13,Hungary,Budapest,0 days 02:26:00.038000,HAM,44,0 days 00:01:21.831000,59.0,3.0,,Lewis Hamilton,,0 days 00:00:29.362000,0 days 00:00:29.443000,0 days 00:00:23.026000,0 days 02:25:07.609000,0 days 02:25:37.052000,0 days 02:26:00.078000,273.0,238.0,245.0,280.0,False,SOFT,10.0,False,Mercedes,0 days 02:24:38.207000,,1,4.0,False,,False,True,18.1,69.0,985.7,True,24.8,288,4.1,True,False,False,False,False,False,+13.116,+2.776,13.116,2.776,8760.038,81.831,,,29.362,29.443,23.026,8707.609,8737.052,8760.078,8678.207
2022,Hungarian Grand Prix,13,Hungary,Budapest,0 days 02:27:21.843000,HAM,44,0 days 00:01:21.805000,60.0,3.0,,Lewis Hamilton,,0 days 00:00:29.460000,0 days 00:00:29.341000,0 days 00:00:23.004000,0 days 02:26:29.538000,0 days 02:26:58.879000,0 days 02:27:21.883000,275.0,241.0,244.0,279.0,False,SOFT,11.0,False,Mercedes,0 days 02:26:00.038000,,1,4.0,False,,False,True,18.1,70.0,986.0,True,24.8,283,4.5,True,False,False,False,False,False,+12.202,+1.310,12.202,1.31,8841.843,81.805,,,29.46,29.341,23.004,8789.538,8818.879,8841.883,8760.038
2022,Hungarian Grand Prix,13,Hungary,Budapest,0 days 02:28:44.283000,HAM,44,0 days 00:01:22.440000,61.0,3.0,,Lewis Hamilton,,0 days 00:00:29.643000,0 days 00:00:29.674000,0 days 00:00:23.123000,0 days 02:27:51.526000,0 days 02:28:21.200000,0 days 02:28:44.323000,275.0,239.0,249.0,281.0,False,SOFT,12.0,False,Mercedes,0 days 02:27:21.843000,,1,4.0,False,,False,True,18.0,70.0,985.9,True,24.8,282,4.8,True,False,False,False,False,False,+11.766,+0.639,11.766,0.639,8924.283,82.44,,,29.643,29.674,23.123,8871.526,8901.2,8924.323,8841.843
2022,Hungarian Grand Prix,13,Hungary,Budapest,0 days 02:30:07.949000,HAM,44,0 days 00:01:23.666000,62.0,3.0,,Lewis Hamilton,,0 days 00:00:29.429000,0 days 00:00:30.541000,0 days 00:00:23.696000,0 days 02:29:13.752000,0 days 02:29:44.293000,0 days 02:30:07.989000,278.0,237.0,255.0,302.0,False,SOFT,13.0,False,Mercedes,0 days 02:28:44.283000,,1,4.0,False,,False,True,18.0,70.0,986.0,True,24.7,287,5.0,True,False,False,False,False,False,+12.087,+0.189,12.087,0.189,9007.949,83.666,,,29.429,30.541,23.696,8953.752,8984.293,9007.989,8924.283
2022,Hungarian Grand Prix,13,Hungary,Budapest,0 days 02:31:29.739000,HAM,44,0 days 00:01:21.790000,63.0,3.0,,Lewis Hamilton,,0 days 00:00:28.987000,0 days 00:00:29.589000,0 days 00:00:23.214000,0 days 02:30:36.976000,0 days 02:31:06.565000,0 days 02:31:29.779000,271.0,239.0,251.0,304.0,False,SOFT,14.0,False,Mercedes,0 days 02:30:07.949000,,1,3.0,False,,False,True,18.0,70.0,986.0,True,24.6,281,4.8,True,False,False,False,False,False,+10.826,+0.721,10.826,0.721,9089.739,81.79,,,28.987,29.589,23.214,9036.976,9066.565,9089.779,9007.949
2022,Hungarian Grand Prix,13,Hungary,Budapest,0 days 02:32:53.133000,HAM,44,0 days 00:01:23.394000,64.0,3.0,,Lewis Hamilton,,0 days 00:00:29.457000,0 days 00:00:30.462000,0 days 00:00:23.475000,0 days 02:31:59.236000,0 days 02:32:29.698000,0 days 02:32:53.173000,279.0,240.0,252.0,302.0,False,SOFT,15.0,False,Mercedes,0 days 02:31:29.739000,,1,3.0,False,,False,True,18.0,70.0,986.0,True,24.6,304,3.7,True,False,False,False,False,False,+11.237,+0.449,11.237,0.449,9173.133,83.394,,,29.457,30.462,23.475,9119.236,9149.698,9173.173,9089.739
2022,Hungarian Grand Prix,13,Hungary,Budapest,0 days 02:34:15.571000,HAM,44,0 days 00:01:22.438000,65.0,3.0,,Lewis Hamilton,,0 days 00:00:29.270000,0 days 00:00:29.862000,0 days 00:00:23.306000,0 days 02:33:22.443000,0 days 02:33:52.305000,0 days 02:34:15.611000,273.0,239.0,250.0,305.0,False,SOFT,16.0,False,Mercedes,0 days 02:32:53.133000,,1,2.0,False,,False,True,18.1,70.0,986.0,True,24.7,287,3.4,True,False,False,False,False,False,+10.962,+10.962,10.962,10.962,9255.571,82.438,,,29.27,29.862,23.306,9202.443,9232.305,9255.611,9173.133
2022,Hungarian Grand Prix,13,Hungary,Budapest,0 days 02:35:38.301000,HAM,44,0 days 00:01:22.730000,66.0,3.0,,Lewis Hamilton,,0 days 00:00:29.418000,0 days 00:00:30.104000,0 days 00:00:23.208000,0 days 02:34:45.029000,0 days 02:35:15.133000,0 days 02:35:38.341000,273.0,238.0,245.0,298.0,False,SOFT,17.0,False,Mercedes,0 days 02:34:15.571000,,1,2.0,False,,False,True,18.1,70.0,986.0,True,24.7,289,3.2,True,False,False,False,False,False,+10.675,+10.675,10.675,10.675,9338.301,82.73,,,29.418,30.104,23.208,9285.029,9315.133,9338.341,9255.571
2022,Hungarian Grand Prix,13,Hungary,Budapest,0 days 02:37:01.360000,HAM,44,0 days 00:01:23.059000,67.0,3.0,,Lewis Hamilton,,0 days 00:00:29.808000,0 days 00:00:29.957000,0 days 00:00:23.294000,0 days 02:36:08.149000,0 days 02:36:38.106000,0 days 02:37:01.400000,270.0,237.0,244.0,274.0,False,SOFT,18.0,False,Mercedes,0 days 02:35:38.301000,,12,2.0,False,,False,True,18.1,70.0,986.0,True,24.7,281,2.5,True,True,False,False,False,False,+10.403,+10.403,10.403,10.403,9421.36,83.059,,,29.808,29.957,23.294,9368.149,9398.106,9421.4,9338.301
2022,Hungarian Grand Prix,13,Hungary,Budapest,0 days 02:38:41.346000,HAM,44,0 days 00:01:39.986000,68.0,3.0,,Lewis Hamilton,,0 days 00:00:29.785000,0 days 00:00:38.156000,0 days 00:00:32.045000,0 days 02:37:31.185000,0 days 02:38:09.341000,0 days 02:38:41.386000,277.0,197.0,100.0,277.0,False,SOFT,19.0,False,Mercedes,0 days 02:37:01.360000,,26,2.0,False,,False,False,18.1,69.0,986.2,False,24.7,272,4.5,False,True,False,False,True,False,+13.963,+13.963,13.963,13.963,9521.346,99.986,,,29.785,38.156,32.045,9451.185,9489.341,9521.386,9421.36
2022,Hungarian Grand Prix,13,Hungary,Budapest,0 days 02:40:22.946000,HAM,44,0 days 00:01:41.600000,69.0,3.0,,Lewis Hamilton,,0 days 00:00:40.885000,0 days 00:00:35.695000,0 days 00:00:25.020000,0 days 02:39:22.271000,0 days 02:39:57.966000,0 days 02:40:22.986000,232.0,230.0,241.0,212.0,False,SOFT,20.0,False,Mercedes,0 days 02:38:41.346000,,671,2.0,False,,False,False,18.1,70.0,986.0,True,24.3,286,4.9,True,False,False,False,True,True,+9.309,+9.309,9.309,9.309,9622.946,101.6,,,40.885,35.695,25.02,9562.271,9597.966,9622.986,9521.346
2022,Hungarian Grand Prix,13,Hungary,Budapest,0 days 02:41:49.784000,HAM,44,0 days 00:01:26.838000,70.0,3.0,,Lewis Hamilton,,0 days 00:00:30.690000,0 days 00:00:31.283000,0 days 00:00:24.865000,0 days 02:40:53.676000,0 days 02:41:24.959000,0 days 02:41:49.824000,275.0,233.0,232.0,278.0,False,SOFT,21.0,False,Mercedes,0 days 02:40:22.946000,,1,2.0,False,,False,True,18.0,70.0,986.0,True,23.9,283,4.5,True,False,False,False,False,False,+7.966,+7.966,7.966,7.966,9709.784,86.838,,,30.69,31.283,24.865,9653.676,9684.959,9709.824,9622.946
2022,Hungarian Grand Prix,13,Hungary,Budapest,0 days 01:03:48.876000,MSC,47,0 days 00:01:42.838000,1.0,1.0,,Mick Schumacher,,,0 days 00:00:33.486000,0 days 00:00:31.111000,,0 days 01:03:17.869000,0 days 01:03:49.001000,239.0,225.0,89.0,264.0,False,MEDIUM,1.0,True,Haas F1 Team,0 days 01:02:05.807000,,126,12.0,False,,False,False,18.4,70.0,985.7,True,26.4,289,5.0,True,True,False,False,True,False,+14.447,+0.949,14.447,0.949,3828.876,102.838,,,,33.486,31.111,,3797.869,3829.001,3725.807
2022,Hungarian Grand Prix,13,Hungary,Budapest,0 days 01:05:42.351000,MSC,47,0 days 00:01:53.475000,2.0,1.0,,Mick Schumacher,,0 days 00:00:47.660000,0 days 00:00:33.762000,0 days 00:00:32.053000,0 days 01:04:36.583000,0 days 01:05:10.345000,0 days 01:05:42.398000,231.0,208.0,177.0,108.0,True,MEDIUM,2.0,True,Haas F1 Team,0 days 01:03:48.876000,,6,13.0,False,,False,False,18.4,70.0,985.7,True,26.5,286,4.5,False,False,False,False,True,False,+15.794,+0.592,15.794,0.592,3942.351,113.475,,,47.66,33.762,32.053,3876.583,3910.345,3942.398,3828.876
2022,Hungarian Grand Prix,13,Hungary,Budapest,0 days 01:07:09.717000,MSC,47,0 days 00:01:27.366000,3.0,1.0,,Mick Schumacher,,0 days 00:00:32.251000,0 days 00:00:31.098000,0 days 00:00:24.017000,0 days 01:06:14.649000,0 days 01:06:45.747000,0 days 01:07:09.764000,269.0,229.0,245.0,248.0,True,MEDIUM,3.0,True,Haas F1 Team,0 days 01:05:42.351000,,671,12.0,False,,False,False,18.4,70.0,985.5,False,26.7,277,3.9,True,False,False,False,True,True,+12.478,+0.753,12.478,0.753,4029.717,87.366,,,32.251,31.098,24.017,3974.649,4005.747,4029.764,3942.351
2022,Hungarian Grand Prix,13,Hungary,Budapest,0 days 01:08:34.790000,MSC,47,0 days 00:01:25.073000,4.0,1.0,,Mick Schumacher,,0 days 00:00:30.201000,0 days 00:00:30.890000,0 days 00:00:23.982000,0 days 01:07:39.965000,0 days 01:08:10.855000,0 days 01:08:34.837000,275.0,230.0,245.0,300.0,True,MEDIUM,4.0,True,Haas F1 Team,0 days 01:07:09.717000,,1,12.0,False,,False,True,18.4,70.0,985.5,True,26.5,284,4.0,True,False,False,False,False,False,+13.787,+0.958,13.787,0.958,4114.79,85.073,,,30.201,30.89,23.982,4059.965,4090.855,4114.837,4029.717
2022,Hungarian Grand Prix,13,Hungary,Budapest,0 days 01:09:59.898000,MSC,47,0 days 00:01:25.108000,5.0,1.0,,Mick Schumacher,,0 days 00:00:30.177000,0 days 00:00:31.030000,0 days 00:00:23.901000,0 days 01:09:05.014000,0 days 01:09:36.044000,0 days 01:09:59.945000,272.0,230.0,246.0,299.0,False,MEDIUM,5.0,True,Haas F1 Team,0 days 01:08:34.790000,,1,12.0,False,,False,True,18.6,71.0,985.5,True,26.5,290,3.5,True,False,False,False,False,False,+15.024,+0.838,15.024,0.838,4199.898,85.108,,,30.177,31.03,23.901,4145.014,4176.044,4199.945,4114.79
2022,Hungarian Grand Prix,13,Hungary,Budapest,0 days 01:11:25.789000,MSC,47,0 days 00:01:25.891000,6.0,1.0,,Mick Schumacher,,0 days 00:00:30.408000,0 days 00:00:31.432000,0 days 00:00:24.051000,0 days 01:10:30.353000,0 days 01:11:01.785000,0 days 01:11:25.836000,271.0,230.0,242.0,298.0,False,MEDIUM,6.0,True,Haas F1 Team,0 days 01:09:59.898000,,1,11.0,False,,False,True,18.6,70.0,985.5,False,26.7,297,3.5,True,False,False,False,False,False,+16.952,+1.182,16.952,1.182,4285.789,85.891,,,30.408,31.432,24.051,4230.353,4261.785,4285.836,4199.898
2022,Hungarian Grand Prix,13,Hungary,Budapest,0 days 01:12:51.336000,MSC,47,0 days 00:01:25.547000,7.0,1.0,,Mick Schumacher,,0 days 00:00:30.350000,0 days 00:00:31.156000,0 days 00:00:24.041000,0 days 01:11:56.186000,0 days 01:12:27.342000,0 days 01:12:51.383000,275.0,228.0,239.0,284.0,False,MEDIUM,7.0,True,Haas F1 Team,0 days 01:11:25.789000,,1,11.0,False,,False,True,18.6,71.0,985.5,False,26.5,281,3.2,True,False,False,False,False,False,+18.364,+1.687,18.364,1.687,4371.336,85.547,,,30.35,31.156,24.041,4316.186,4347.342,4371.383,4285.789
2022,Hungarian Grand Prix,13,Hungary,Budapest,0 days 01:14:17.309000,MSC,47,0 days 00:01:25.973000,8.0,1.0,,Mick Schumacher,,0 days 00:00:30.495000,0 days 00:00:31.289000,0 days 00:00:24.189000,0 days 01:13:21.878000,0 days 01:13:53.167000,0 days 01:14:17.356000,270.0,229.0,240.0,283.0,False,MEDIUM,8.0,True,Haas F1 Team,0 days 01:12:51.336000,,1,11.0,False,,False,True,18.5,71.0,985.5,False,26.6,284,3.9,True,False,False,False,False,False,+20.250,+2.195,20.25,2.195,4457.309,85.973,,,30.495,31.289,24.189,4401.878,4433.167,4457.356,4371.336
2022,Hungarian Grand Prix,13,Hungary,Budapest,0 days 01:15:43.066000,MSC,47,0 days 00:01:25.757000,9.0,1.0,,Mick Schumacher,,0 days 00:00:30.644000,0 days 00:00:31,0 days 00:00:24.113000,0 days 01:14:48,0 days 01:15:19,0 days 01:15:43.113000,270.0,230.0,241.0,282.0,False,MEDIUM,9.0,True,Haas F1 Team,0 days 01:14:17.309000,,1,11.0,False,,False,True,18.5,71.0,985.5,False,26.5,296,3.2,True,False,False,False,False,False,+22.385,+2.439,22.385,2.439,4543.066,85.757,,,30.644,31.0,24.113,4488.0,4519.0,4543.113,4457.309
2022,Hungarian Grand Prix,13,Hungary,Budapest,0 days 01:17:09.073000,MSC,47,0 days 00:01:26.007000,10.0,1.0,,Mick Schumacher,,0 days 00:00:30.871000,0 days 00:00:31.250000,0 days 00:00:23.886000,0 days 01:16:13.984000,0 days 01:16:45.234000,0 days 01:17:09.120000,270.0,232.0,243.0,279.0,False,MEDIUM,10.0,True,Haas F1 Team,0 days 01:15:43.066000,,1,11.0,False,,False,True,18.5,71.0,985.5,False,26.7,280,3.5,True,False,False,False,False,False,+23.898,+2.740,23.898,2.74,4629.073,86.007,,,30.871,31.25,23.886,4573.984,4605.234,4629.12,4543.066
2022,Hungarian Grand Prix,13,Hungary,Budapest,0 days 01:18:34.914000,MSC,47,0 days 00:01:25.841000,11.0,1.0,,Mick Schumacher,,0 days 00:00:30.466000,0 days 00:00:31.258000,0 days 00:00:24.117000,0 days 01:17:39.586000,0 days 01:18:10.844000,0 days 01:18:34.961000,271.0,228.0,242.0,282.0,False,MEDIUM,11.0,True,Haas F1 Team,0 days 01:17:09.073000,,1,11.0,False,,False,True,18.5,71.0,985.5,False,26.8,285,4.1,True,False,False,False,False,False,+25.350,+2.799,25.35,2.799,4714.914,85.841,,,30.466,31.258,24.117,4659.586,4690.844,4714.961,4629.073
2022,Hungarian Grand Prix,13,Hungary,Budapest,0 days 01:20:01.151000,MSC,47,0 days 00:01:26.237000,12.0,1.0,,Mick Schumacher,,0 days 00:00:30.969000,0 days 00:00:31.298000,0 days 00:00:23.970000,0 days 01:19:05.930000,0 days 01:19:37.228000,0 days 01:20:01.198000,272.0,231.0,243.0,283.0,False,MEDIUM,12.0,True,Haas F1 Team,0 days 01:18:34.914000,,1,11.0,False,,False,True,18.5,71.0,985.5,False,26.9,289,3.9,True,False,False,False,False,False,+27.473,+3.283,27.473,3.283,4801.151,86.237,,,30.969,31.298,23.97,4745.93,4777.228,4801.198,4714.914
2022,Hungarian Grand Prix,13,Hungary,Budapest,0 days 01:21:27.565000,MSC,47,0 days 00:01:26.414000,13.0,1.0,,Mick Schumacher,,0 days 00:00:30.944000,0 days 00:00:31.232000,0 days 00:00:24.238000,0 days 01:20:32.142000,0 days 01:21:03.374000,0 days 01:21:27.612000,270.0,229.0,241.0,283.0,False,MEDIUM,13.0,True,Haas F1 Team,0 days 01:20:01.151000,,1,11.0,False,,False,True,18.5,71.0,985.5,False,26.9,282,4.5,True,False,False,False,False,False,+29.267,+3.219,29.267,3.219,4887.565,86.414,,,30.944,31.232,24.238,4832.142,4863.374,4887.612,4801.151
2022,Hungarian Grand Prix,13,Hungary,Budapest,0 days 01:22:53.650000,MSC,47,0 days 00:01:26.085000,14.0,1.0,,Mick Schumacher,,0 days 00:00:30.508000,0 days 00:00:31.303000,0 days 00:00:24.274000,0 days 01:21:58.120000,0 days 01:22:29.423000,0 days 01:22:53.697000,270.0,228.0,242.0,283.0,False,MEDIUM,14.0,True,Haas F1 Team,0 days 01:21:27.565000,,1,11.0,False,,False,True,18.4,72.0,985.5,False,26.9,277,3.9,True,False,False,False,False,False,+30.425,+1.603,30.425,1.603,4973.65,86.085,,,30.508,31.303,24.274,4918.12,4949.423,4973.697,4887.565
2022,Hungarian Grand Prix,13,Hungary,Budapest,0 days 01:24:20.145000,MSC,47,0 days 00:01:26.495000,15.0,1.0,,Mick Schumacher,,0 days 00:00:30.495000,0 days 00:00:31.396000,0 days 00:00:24.604000,0 days 01:23:24.192000,0 days 01:23:55.588000,0 days 01:24:20.192000,273.0,228.0,245.0,284.0,False,MEDIUM,15.0,True,Haas F1 Team,0 days 01:22:53.650000,,1,9.0,False,,False,True,18.4,71.0,985.5,False,26.9,267,2.5,True,False,False,False,False,False,+31.998,+0.447,31.998,0.447,5060.145,86.495,,,30.495,31.396,24.604,5004.192,5035.588,5060.192,4973.65
2022,Hungarian Grand Prix,13,Hungary,Budapest,0 days 01:25:45.762000,MSC,47,0 days 00:01:25.617000,16.0,1.0,,Mick Schumacher,,0 days 00:00:30.071000,0 days 00:00:31.409000,0 days 00:00:24.137000,0 days 01:24:50.263000,0 days 01:25:21.672000,0 days 01:25:45.809000,268.0,231.0,240.0,293.0,False,MEDIUM,16.0,True,Haas F1 Team,0 days 01:24:20.145000,,1,9.0,False,,False,True,18.4,70.0,985.5,False,27.2,291,3.2,True,False,False,False,False,False,+31.275,+10.953,31.275,10.953,5145.762,85.617,,,30.071,31.409,24.137,5090.263,5121.672,5145.809,5060.145
2022,Hungarian Grand Prix,13,Hungary,Budapest,0 days 01:27:11.541000,MSC,47,0 days 00:01:25.779000,17.0,1.0,,Mick Schumacher,,0 days 00:00:30.615000,0 days 00:00:31.074000,0 days 00:00:24.090000,0 days 01:26:16.424000,0 days 01:26:47.498000,0 days 01:27:11.588000,272.0,233.0,239.0,278.0,False,MEDIUM,17.0,True,Haas F1 Team,0 days 01:25:45.762000,,1,9.0,False,,False,True,18.4,70.0,985.5,False,27.2,285,4.5,True,False,False,False,False,False,+32.038,+4.008,32.038,4.008,5231.541,85.779,,,30.615,31.074,24.09,5176.424,5207.498,5231.588,5145.762
2022,Hungarian Grand Prix,13,Hungary,Budapest,0 days 01:28:37.974000,MSC,47,0 days 00:01:26.433000,18.0,1.0,,Mick Schumacher,,0 days 00:00:30.864000,0 days 00:00:31.391000,0 days 00:00:24.178000,0 days 01:27:42.452000,0 days 01:28:13.843000,0 days 01:28:38.021000,267.0,229.0,240.0,277.0,False,MEDIUM,18.0,True,Haas F1 Team,0 days 01:27:11.541000,,1,9.0,False,,False,True,18.4,71.0,985.5,False,27.6,287,4.5,True,False,False,False,False,False,+34.767,+7.456,34.767,7.456,5317.974,86.433,,,30.864,31.391,24.178,5262.452,5293.843,5318.021,5231.541
2022,Hungarian Grand Prix,13,Hungary,Budapest,0 days 01:30:04.184000,MSC,47,0 days 00:01:26.210000,19.0,1.0,,Mick Schumacher,,0 days 00:00:30.515000,0 days 00:00:31.405000,0 days 00:00:24.290000,0 days 01:29:08.536000,0 days 01:29:39.941000,0 days 01:30:04.231000,272.0,229.0,238.0,278.0,False,MEDIUM,19.0,True,Haas F1 Team,0 days 01:28:37.974000,,1,8.0,False,,False,True,18.4,70.0,985.7,False,27.6,281,4.4,True,False,False,False,False,False,+36.962,+9.854,36.962,9.854,5404.184,86.21,,,30.515,31.405,24.29,5348.536,5379.941,5404.231,5317.974
2022,Hungarian Grand Prix,13,Hungary,Budapest,0 days 01:31:30.619000,MSC,47,0 days 00:01:26.435000,20.0,1.0,,Mick Schumacher,,0 days 00:00:30.725000,0 days 00:00:31.463000,0 days 00:00:24.247000,0 days 01:30:34.956000,0 days 01:31:06.419000,0 days 01:31:30.666000,272.0,226.0,241.0,278.0,False,MEDIUM,20.0,True,Haas F1 Team,0 days 01:30:04.184000,,1,8.0,False,,False,True,18.5,70.0,985.7,False,27.3,280,5.3,True,False,False,False,False,False,+39.233,+6.068,39.233,6.068,5490.619,86.435,,,30.725,31.463,24.247,5434.956,5466.419,5490.666,5404.184
2022,Hungarian Grand Prix,13,Hungary,Budapest,0 days 01:33:00.182000,MSC,47,0 days 00:01:29.563000,21.0,1.0,,Mick Schumacher,0 days 01:32:58.463000,0 days 00:00:31.097000,0 days 00:00:31.705000,0 days 00:00:26.761000,0 days 01:32:01.763000,0 days 01:32:33.468000,0 days 01:33:00.229000,274.0,229.0,,279.0,False,MEDIUM,21.0,True,Haas F1 Team,0 days 01:31:30.619000,,1,12.0,False,,False,False,18.5,70.0,985.5,False,27.5,279,4.0,True,False,False,False,False,False,+23.873,+2.348,23.873,2.348,5580.182,89.563,5578.463,,31.097,31.705,26.761,5521.763,5553.468,5580.229,5490.619
2022,Hungarian Grand Prix,13,Hungary,Budapest,0 days 01:34:46.372000,MSC,47,0 days 00:01:46.190000,22.0,2.0,0 days 01:33:21.421000,Mick Schumacher,,0 days 00:00:50.234000,0 days 00:00:31.578000,0 days 00:00:24.378000,0 days 01:33:50.463000,0 days 01:34:22.041000,0 days 01:34:46.419000,266.0,230.0,240.0,279.0,False,HARD,1.0,True,Haas F1 Team,0 days 01:33:00.182000,,1,15.0,False,,False,False,18.5,70.0,985.5,False,27.6,290,5.0,True,False,False,False,False,False,+49.195,+5.777,49.195,5.777,5686.372,106.19,,5601.421,50.234,31.578,24.378,5630.463,5662.041,5686.419,5580.182
2022,Hungarian Grand Prix,13,Hungary,Budapest,0 days 01:36:13.682000,MSC,47,0 days 00:01:27.310000,23.0,2.0,,Mick Schumacher,,0 days 00:00:31.250000,0 days 00:00:31.916000,0 days 00:00:24.144000,0 days 01:35:17.669000,0 days 01:35:49.585000,0 days 01:36:13.729000,268.0,228.0,242.0,276.0,False,HARD,2.0,True,Haas F1 Team,0 days 01:34:46.372000,,1,16.0,False,,False,True,18.5,70.0,985.5,False,27.8,291,3.5,True,False,False,False,False,False,+52.981,+1.588,52.981,1.588,5773.682,87.31,,,31.25,31.916,24.144,5717.669,5749.585,5773.729,5686.372
2022,Hungarian Grand Prix,13,Hungary,Budapest,0 days 01:37:40.715000,MSC,47,0 days 00:01:27.033000,24.0,2.0,,Mick Schumacher,,0 days 00:00:31.007000,0 days 00:00:31.394000,0 days 00:00:24.632000,0 days 01:36:44.736000,0 days 01:37:16.130000,0 days 01:37:40.762000,274.0,230.0,241.0,281.0,False,HARD,3.0,True,Haas F1 Team,0 days 01:36:13.682000,,1,17.0,False,,False,True,18.5,70.0,985.5,False,28.0,271,4.6,True,False,False,False,False,False,+56.088,+1.942,56.088,1.942,5860.715,87.033,,,31.007,31.394,24.632,5804.736,5836.13,5860.762,5773.682
2022,Hungarian Grand Prix,13,Hungary,Budapest,0 days 01:39:06.427000,MSC,47,0 days 00:01:25.712000,25.0,2.0,,Mick Schumacher,,0 days 00:00:30.486000,0 days 00:00:31.233000,0 days 00:00:23.993000,0 days 01:38:11.248000,0 days 01:38:42.481000,0 days 01:39:06.474000,273.0,229.0,243.0,282.0,False,HARD,4.0,True,Haas F1 Team,0 days 01:37:40.715000,,1,17.0,False,,False,True,18.5,70.0,985.5,False,28.1,285,4.1,True,False,False,False,False,False,+58.195,+3.001,58.195,3.001,5946.427,85.712,,,30.486,31.233,23.993,5891.248,5922.481,5946.474,5860.715
2022,Hungarian Grand Prix,13,Hungary,Budapest,0 days 01:40:31.928000,MSC,47,0 days 00:01:25.501000,26.0,2.0,,Mick Schumacher,,0 days 00:00:30.526000,0 days 00:00:31.042000,0 days 00:00:23.933000,0 days 01:39:37,0 days 01:40:08.042000,0 days 01:40:31.975000,273.0,232.0,242.0,280.0,False,HARD,5.0,True,Haas F1 Team,0 days 01:39:06.427000,,1,17.0,False,,False,True,18.5,70.0,985.5,False,28.3,277,3.4,True,False,False,False,False,False,+59.833,+1.968,59.833,1.968,6031.928,85.501,,,30.526,31.042,23.933,5977.0,6008.042,6031.975,5946.427
2022,Hungarian Grand Prix,13,Hungary,Budapest,0 days 01:41:57.296000,MSC,47,0 days 00:01:25.368000,27.0,2.0,,Mick Schumacher,,0 days 00:00:30.496000,0 days 00:00:30.923000,0 days 00:00:23.949000,0 days 01:41:02.471000,0 days 01:41:33.394000,0 days 01:41:57.343000,273.0,229.0,243.0,283.0,False,HARD,6.0,True,Haas F1 Team,0 days 01:40:31.928000,,1,17.0,False,,False,True,18.5,70.0,985.5,False,28.5,294,3.5,True,False,False,False,False,False,+61.369,+1.206,61.369,1.206,6117.296,85.368,,,30.496,30.923,23.949,6062.471,6093.394,6117.343,6031.928
2022,Hungarian Grand Prix,13,Hungary,Budapest,0 days 01:43:23.011000,MSC,47,0 days 00:01:25.715000,28.0,2.0,,Mick Schumacher,,0 days 00:00:30.671000,0 days 00:00:30.953000,0 days 00:00:24.091000,0 days 01:42:28.014000,0 days 01:42:58.967000,0 days 01:43:23.058000,274.0,232.0,243.0,282.0,False,HARD,7.0,True,Haas F1 Team,0 days 01:41:57.296000,,1,16.0,False,,False,True,18.6,70.0,985.5,False,28.5,285,3.7,True,False,False,False,False,False,+62.554,+1.155,62.554,1.155,6203.011,85.715,,,30.671,30.953,24.091,6148.014,6178.967,6203.058,6117.296
2022,Hungarian Grand Prix,13,Hungary,Budapest,0 days 01:44:49.114000,MSC,47,0 days 00:01:26.103000,29.0,2.0,,Mick Schumacher,,0 days 00:00:30.707000,0 days 00:00:31.078000,0 days 00:00:24.318000,0 days 01:43:53.765000,0 days 01:44:24.843000,0 days 01:44:49.161000,274.0,229.0,241.0,282.0,False,HARD,8.0,True,Haas F1 Team,0 days 01:43:23.011000,,1,16.0,False,,False,True,18.6,69.0,985.4,False,28.5,274,4.8,True,False,False,False,False,False,+64.295,+1.596,64.295,1.596,6289.114,86.103,,,30.707,31.078,24.318,6233.765,6264.843,6289.161,6203.011
2022,Hungarian Grand Prix,13,Hungary,Budapest,0 days 01:46:15.067000,MSC,47,0 days 00:01:25.953000,30.0,2.0,,Mick Schumacher,,0 days 00:00:30.473000,0 days 00:00:31.074000,0 days 00:00:24.406000,0 days 01:45:19.634000,0 days 01:45:50.708000,0 days 01:46:15.114000,272.0,230.0,240.0,280.0,False,HARD,9.0,True,Haas F1 Team,0 days 01:44:49.114000,,1,16.0,False,,False,True,18.4,70.0,985.5,False,28.5,290,3.9,True,False,False,False,False,False,+65.508,+2.079,65.508,2.079,6375.067,85.953,,,30.473,31.074,24.406,6319.634,6350.708,6375.114,6289.114
2022,Hungarian Grand Prix,13,Hungary,Budapest,0 days 01:47:40.794000,MSC,47,0 days 00:01:25.727000,31.0,2.0,,Mick Schumacher,,0 days 00:00:30.494000,0 days 00:00:31.074000,0 days 00:00:24.159000,0 days 01:46:45.608000,0 days 01:47:16.682000,0 days 01:47:40.841000,274.0,225.0,239.0,281.0,False,HARD,10.0,True,Haas F1 Team,0 days 01:46:15.067000,,1,16.0,False,,False,True,18.4,70.0,985.5,False,28.0,277,5.0,True,False,False,False,False,False,+68.305,+2.125,68.305,2.125,6460.794,85.727,,,30.494,31.074,24.159,6405.608,6436.682,6460.841,6375.067
2022,Hungarian Grand Prix,13,Hungary,Budapest,0 days 01:49:05.977000,MSC,47,0 days 00:01:25.183000,32.0,2.0,,Mick Schumacher,,0 days 00:00:30.307000,0 days 00:00:30.908000,0 days 00:00:23.968000,0 days 01:48:11.148000,0 days 01:48:42.056000,0 days 01:49:06.024000,274.0,231.0,243.0,280.0,False,HARD,11.0,True,Haas F1 Team,0 days 01:47:40.794000,,1,16.0,False,,False,True,18.4,71.0,985.5,False,27.7,266,5.8,True,False,False,False,False,False,+69.258,+1.758,69.258,1.758,6545.977,85.183,,,30.307,30.908,23.968,6491.148,6522.056,6546.024,6460.794
2022,Hungarian Grand Prix,13,Hungary,Budapest,0 days 01:50:31.591000,MSC,47,0 days 00:01:25.614000,33.0,2.0,,Mick Schumacher,,0 days 00:00:30.365000,0 days 00:00:31.116000,0 days 00:00:24.133000,0 days 01:49:36.389000,0 days 01:50:07.505000,0 days 01:50:31.638000,274.0,229.0,243.0,282.0,False,HARD,12.0,True,Haas F1 Team,0 days 01:49:05.977000,,1,15.0,False,,False,True,18.3,71.0,985.5,False,27.6,285,3.9,True,False,False,False,False,False,+71.507,+1.446,71.507,1.446,6631.591,85.614,,,30.365,31.116,24.133,6576.389,6607.505,6631.638,6545.977
2022,Hungarian Grand Prix,13,Hungary,Budapest,0 days 01:51:56.894000,MSC,47,0 days 00:01:25.303000,34.0,2.0,,Mick Schumacher,,0 days 00:00:30.361000,0 days 00:00:30.897000,0 days 00:00:24.045000,0 days 01:51:01.999000,0 days 01:51:32.896000,0 days 01:51:56.941000,269.0,233.0,243.0,281.0,False,HARD,13.0,True,Haas F1 Team,0 days 01:50:31.591000,,12,15.0,False,,False,True,18.3,70.0,985.5,False,27.3,282,4.4,True,True,False,False,False,False,+73.426,+5.841,73.426,5.841,6716.894,85.303,,,30.361,30.897,24.045,6661.999,6692.896,6716.941,6631.591
2022,Hungarian Grand Prix,13,Hungary,Budapest,0 days 01:53:22.520000,MSC,47,0 days 00:01:25.626000,35.0,2.0,,Mick Schumacher,,0 days 00:00:30.393000,0 days 00:00:31.166000,0 days 00:00:24.067000,0 days 01:52:27.334000,0 days 01:52:58.500000,0 days 01:53:22.567000,272.0,220.0,241.0,282.0,False,HARD,14.0,True,Haas F1 Team,0 days 01:51:56.894000,,1,15.0,False,,False,True,18.3,71.0,985.7,False,26.8,276,4.5,True,False,False,False,False,False,+75.491,+6.746,75.491,6.746,6802.52,85.626,,,30.393,31.166,24.067,6747.334,6778.5,6802.567,6716.894
2022,Hungarian Grand Prix,13,Hungary,Budapest,0 days 01:54:47.826000,MSC,47,0 days 00:01:25.306000,36.0,2.0,,Mick Schumacher,,0 days 00:00:30.393000,0 days 00:00:30.957000,0 days 00:00:23.956000,,0 days 01:54:23.917000,0 days 01:54:47.873000,273.0,232.0,240.0,281.0,False,HARD,15.0,True,Haas F1 Team,0 days 01:53:22.520000,,1,15.0,False,,False,True,18.2,71.0,985.7,False,26.9,282,3.9,True,False,False,False,False,False,+77.603,+7.350,77.603,7.35,6887.826,85.306,,,30.393,30.957,23.956,,6863.917,6887.873,6802.52
2022,Hungarian Grand Prix,13,Hungary,Budapest,0 days 01:56:13.599000,MSC,47,0 days 00:01:25.773000,37.0,2.0,,Mick Schumacher,,0 days 00:00:30.672000,0 days 00:00:31.010000,0 days 00:00:24.091000,0 days 01:55:18.545000,0 days 01:55:49.555000,0 days 01:56:13.646000,270.0,232.0,241.0,280.0,False,HARD,16.0,True,Haas F1 Team,0 days 01:54:47.826000,,1,15.0,False,,False,True,18.2,71.0,985.7,False,26.7,287,4.1,True,False,False,False,False,False,+80.021,+8.571,80.021,8.571,6973.599,85.773,,,30.672,31.01,24.091,6918.545,6949.555,6973.646,6887.826
2022,Hungarian Grand Prix,13,Hungary,Budapest,0 days 01:57:42.386000,MSC,47,0 days 00:01:28.787000,38.0,2.0,,Mick Schumacher,,0 days 00:00:31.467000,0 days 00:00:31.772000,0 days 00:00:25.548000,0 days 01:56:45.113000,0 days 01:57:16.885000,0 days 01:57:42.433000,273.0,229.0,248.0,280.0,False,HARD,17.0,True,Haas F1 Team,0 days 01:56:13.599000,,1,16.0,False,,False,True,18.0,71.0,985.7,False,26.4,270,5.5,True,False,False,False,False,False,+85.082,+3.227,85.082,3.227,7062.386,88.787,,,31.467,31.772,25.548,7005.113,7036.885,7062.433,6973.599
2022,Hungarian Grand Prix,13,Hungary,Budapest,0 days 01:59:07.931000,MSC,47,0 days 00:01:25.545000,39.0,2.0,,Mick Schumacher,,0 days 00:00:30.167000,0 days 00:00:31.198000,0 days 00:00:24.180000,0 days 01:58:12.600000,0 days 01:58:43.798000,0 days 01:59:07.978000,274.0,231.0,242.0,298.0,False,HARD,18.0,True,Haas F1 Team,0 days 01:57:42.386000,,1,16.0,False,,False,True,18.0,72.0,985.7,False,26.5,293,3.4,True,False,False,False,False,False,+79.196,+3.715,79.196,3.715,7147.931,85.545,,,30.167,31.198,24.18,7092.6,7123.798,7147.978,7062.386
2022,Hungarian Grand Prix,13,Hungary,Budapest,0 days 02:00:33.598000,MSC,47,0 days 00:01:25.667000,40.0,2.0,,Mick Schumacher,,0 days 00:00:30.646000,0 days 00:00:30.961000,0 days 00:00:24.060000,0 days 01:59:38.624000,0 days 02:00:09.585000,0 days 02:00:33.645000,272.0,233.0,238.0,279.0,False,HARD,19.0,True,Haas F1 Team,0 days 01:59:07.931000,,1,16.0,False,,False,True,18.0,72.0,985.7,False,26.5,286,3.7,True,False,False,False,False,False,+80.708,+4.495,80.708,4.495,7233.598,85.667,,,30.646,30.961,24.06,7178.624,7209.585,7233.645,7147.931
2022,Hungarian Grand Prix,13,Hungary,Budapest,0 days 02:02:03.404000,MSC,47,0 days 00:01:29.806000,41.0,2.0,,Mick Schumacher,0 days 02:02:01.712000,0 days 00:00:30.758000,0 days 00:00:31.888000,0 days 00:00:27.160000,0 days 02:01:04.403000,0 days 02:01:36.291000,0 days 02:02:03.451000,272.0,232.0,,279.0,False,HARD,20.0,True,Haas F1 Team,0 days 02:00:33.598000,,12,16.0,False,,False,False,18.0,71.0,985.7,False,26.4,289,5.1,True,True,False,False,False,False,+83.847,+6.489,83.847,6.489,7323.404,89.806,7321.712,,30.758,31.888,27.16,7264.403,7296.291,7323.451,7233.598
2022,Hungarian Grand Prix,13,Hungary,Budapest,0 days 02:03:47.811000,MSC,47,0 days 00:01:44.407000,42.0,3.0,0 days 02:02:24.291000,Mick Schumacher,,0 days 00:00:49.801000,0 days 00:00:30.895000,0 days 00:00:23.711000,0 days 02:02:53.252000,0 days 02:03:24.147000,0 days 02:03:47.858000,276.0,234.0,240.0,279.0,False,MEDIUM,1.0,True,Haas F1 Team,0 days 02:02:03.404000,,1,16.0,False,,False,False,17.9,71.0,985.5,False,26.4,288,4.5,True,False,False,False,False,False,1 L,+28.531,,28.531,7427.811,104.407,,7344.291,49.801,30.895,23.711,7373.252,7404.147,7427.858,7323.404
2022,Hungarian Grand Prix,13,Hungary,Budapest,0 days 02:05:11.454000,MSC,47,0 days 00:01:23.643000,43.0,3.0,,Mick Schumacher,,0 days 00:00:30.072000,0 days 00:00:29.848000,0 days 00:00:23.723000,0 days 02:04:17.930000,0 days 02:04:47.778000,0 days 02:05:11.501000,274.0,233.0,243.0,280.0,True,MEDIUM,2.0,True,Haas F1 Team,0 days 02:03:47.811000,,1,16.0,False,,False,True,17.9,71.0,985.7,False,26.2,284,4.5,True,False,False,False,False,False,1 L,+27.221,,27.221,7511.454,83.643,,,30.072,29.848,23.723,7457.93,7487.778,7511.501,7427.811
2022,Hungarian Grand Prix,13,Hungary,Budapest,0 days 02:06:35.142000,MSC,47,0 days 00:01:23.688000,44.0,3.0,,Mick Schumacher,,0 days 00:00:30.044000,0 days 00:00:30.062000,0 days 00:00:23.582000,0 days 02:05:41.545000,0 days 02:06:11.607000,0 days 02:06:35.189000,276.0,236.0,244.0,278.0,False,MEDIUM,3.0,True,Haas F1 Team,0 days 02:05:11.454000,,1,16.0,False,,False,True,18.0,72.0,985.7,False,26.1,286,3.9,True,False,False,False,False,False,1 L,+25.747,,25.747,7595.142,83.688,,,30.044,30.062,23.582,7541.545,7571.607,7595.189,7511.454
2022,Hungarian Grand Prix,13,Hungary,Budapest,0 days 02:07:58.674000,MSC,47,0 days 00:01:23.532000,45.0,3.0,,Mick Schumacher,,0 days 00:00:30.081000,0 days 00:00:29.998000,0 days 00:00:23.453000,0 days 02:07:05.270000,0 days 02:07:35.268000,0 days 02:07:58.721000,272.0,236.0,242.0,280.0,True,MEDIUM,4.0,True,Haas F1 Team,0 days 02:06:35.142000,,1,16.0,False,,False,True,18.0,71.0,985.7,False,26.1,285,3.7,True,False,False,False,False,False,1 L,+24.033,,24.033,7678.674,83.532,,,30.081,29.998,23.453,7625.27,7655.268,7678.721,7595.142
2022,Hungarian Grand Prix,13,Hungary,Budapest,0 days 02:09:22.037000,MSC,47,0 days 00:01:23.363000,46.0,3.0,,Mick Schumacher,,0 days 00:00:29.854000,0 days 00:00:30.073000,0 days 00:00:23.436000,0 days 02:08:28.575000,0 days 02:08:58.648000,0 days 02:09:22.084000,274.0,235.0,241.0,280.0,True,MEDIUM,5.0,True,Haas F1 Team,0 days 02:07:58.674000,,12,16.0,False,,False,True,18.0,72.0,985.7,False,26.1,292,3.5,True,True,False,False,False,False,1 L,+34.755,,34.755,7762.037,83.363,,,29.854,30.073,23.436,7708.575,7738.648,7762.084,7678.674
2022,Hungarian Grand Prix,13,Hungary,Budapest,0 days 02:10:45.854000,MSC,47,0 days 00:01:23.817000,47.0,3.0,,Mick Schumacher,,0 days 00:00:29.909000,0 days 00:00:30.366000,0 days 00:00:23.542000,0 days 02:09:51.993000,0 days 02:10:22.359000,0 days 02:10:45.901000,275.0,234.0,244.0,279.0,False,MEDIUM,6.0,True,Haas F1 Team,0 days 02:09:22.037000,,12,16.0,False,,False,True,18.1,70.0,985.7,True,26.1,289,4.6,True,True,False,False,False,False,1 L,+12.969,,12.969,7845.854,83.817,,,29.909,30.366,23.542,7791.993,7822.359,7845.901,7762.037
2022,Hungarian Grand Prix,13,Hungary,Budapest,0 days 02:12:11.941000,MSC,47,0 days 00:01:26.087000,48.0,3.0,,Mick Schumacher,,0 days 00:00:29.961000,0 days 00:00:32.166000,0 days 00:00:23.960000,0 days 02:11:15.862000,0 days 02:11:48.028000,0 days 02:12:11.988000,272.0,236.0,242.0,281.0,False,MEDIUM,7.0,True,Haas F1 Team,0 days 02:10:45.854000,,1,16.0,False,,False,True,18.1,71.0,985.7,False,26.1,291,4.3,True,False,False,False,False,False,1 L,+13.150,,13.15,7931.941,86.087,,,29.961,32.166,23.96,7875.862,7908.028,7931.988,7845.854
2022,Hungarian Grand Prix,13,Hungary,Budapest,0 days 02:13:35.506000,MSC,47,0 days 00:01:23.565000,49.0,3.0,,Mick Schumacher,,0 days 00:00:30.210000,0 days 00:00:29.891000,0 days 00:00:23.464000,0 days 02:12:42.198000,0 days 02:13:12.089000,0 days 02:13:35.553000,276.0,238.0,242.0,283.0,False,MEDIUM,8.0,True,Haas F1 Team,0 days 02:12:11.941000,,1,16.0,False,,False,True,18.1,71.0,985.7,False,25.8,281,3.9,True,False,False,False,False,False,1 L,+9.137,,9.137,8015.506,83.565,,,30.21,29.891,23.464,7962.198,7992.089,8015.553,7931.941
2022,Hungarian Grand Prix,13,Hungary,Budapest,0 days 02:14:58.657000,MSC,47,0 days 00:01:23.151000,50.0,3.0,,Mick Schumacher,,0 days 00:00:29.961000,0 days 00:00:29.849000,0 days 00:00:23.341000,0 days 02:14:05.514000,0 days 02:14:35.363000,0 days 02:14:58.704000,272.0,238.0,244.0,281.0,True,MEDIUM,9.0,True,Haas F1 Team,0 days 02:13:35.506000,,1,16.0,False,,False,True,18.1,70.0,985.7,True,25.8,289,3.7,True,False,False,False,False,False,1 L,+6.466,,6.466,8098.657,83.151,,,29.961,29.849,23.341,8045.514,8075.363,8098.704,8015.506
2022,Hungarian Grand Prix,13,Hungary,Budapest,0 days 02:16:22.211000,MSC,47,0 days 00:01:23.554000,51.0,3.0,,Mick Schumacher,,0 days 00:00:29.880000,0 days 00:00:30.164000,0 days 00:00:23.510000,0 days 02:15:28.584000,0 days 02:15:58.748000,0 days 02:16:22.258000,274.0,238.0,243.0,282.0,False,MEDIUM,10.0,True,Haas F1 Team,0 days 02:14:58.657000,,1,16.0,False,,False,True,18.2,70.0,985.7,True,25.9,286,4.5,True,False,False,False,False,False,1 L,+2.645,,2.645,8182.211,83.554,,,29.88,30.164,23.51,8128.584,8158.748,8182.258,8098.657
2022,Hungarian Grand Prix,13,Hungary,Budapest,0 days 02:17:45.561000,MSC,47,0 days 00:01:23.350000,52.0,3.0,,Mick Schumacher,,0 days 00:00:29.782000,0 days 00:00:30.253000,0 days 00:00:23.315000,0 days 02:16:52.040000,0 days 02:17:22.293000,0 days 02:17:45.608000,276.0,235.0,246.0,281.0,False,MEDIUM,11.0,True,Haas F1 Team,0 days 02:16:22.211000,,1,15.0,False,,False,True,18.1,70.0,985.9,False,25.6,291,5.0,True,False,False,False,False,False,1 L,+4.551,,4.551,8265.561,83.35,,,29.782,30.253,23.315,8212.04,8242.293,8265.608,8182.211
2022,Hungarian Grand Prix,13,Hungary,Budapest,0 days 02:19:09.226000,MSC,47,0 days 00:01:23.665000,53.0,3.0,,Mick Schumacher,,0 days 00:00:29.876000,0 days 00:00:30.168000,0 days 00:00:23.621000,0 days 02:18:15.484000,0 days 02:18:45.652000,0 days 02:19:09.273000,272.0,235.0,242.0,282.0,False,MEDIUM,12.0,True,Haas F1 Team,0 days 02:17:45.561000,,1,15.0,False,,False,True,18.1,70.0,985.7,False,25.5,280,4.5,True,False,False,False,False,False,1 L,+4.535,,4.535,8349.226,83.665,,,29.876,30.168,23.621,8295.484,8325.652,8349.273,8265.561
2022,Hungarian Grand Prix,13,Hungary,Budapest,0 days 02:20:34.659000,MSC,47,0 days 00:01:25.433000,54.0,3.0,,Mick Schumacher,,0 days 00:00:29.959000,0 days 00:00:30.340000,0 days 00:00:25.134000,0 days 02:19:39.232000,0 days 02:20:09.572000,0 days 02:20:34.706000,276.0,230.0,249.0,281.0,False,MEDIUM,13.0,True,Haas F1 Team,0 days 02:19:09.226000,,1,15.0,False,,False,True,18.0,69.0,985.7,False,25.5,283,4.8,True,False,False,False,False,False,1 L,+6.496,,6.496,8434.659,85.433,,,29.959,30.34,25.134,8379.232,8409.572,8434.706,8349.226
2022,Hungarian Grand Prix,13,Hungary,Budapest,0 days 02:21:58.468000,MSC,47,0 days 00:01:23.809000,55.0,3.0,,Mick Schumacher,,0 days 00:00:29.912000,0 days 00:00:30.310000,0 days 00:00:23.587000,0 days 02:21:04.618000,0 days 02:21:34.928000,0 days 02:21:58.515000,276.0,237.0,244.0,299.0,False,MEDIUM,14.0,True,Haas F1 Team,0 days 02:20:34.659000,,1,15.0,False,,False,True,18.0,70.0,985.9,True,25.2,288,4.1,True,False,False,False,False,False,1 L,+5.445,,5.445,8518.468,83.809,,,29.912,30.31,23.587,8464.618,8494.928,8518.515,8434.659
2022,Hungarian Grand Prix,13,Hungary,Budapest,0 days 02:23:22.015000,MSC,47,0 days 00:01:23.547000,56.0,3.0,,Mick Schumacher,,0 days 00:00:29.822000,0 days 00:00:30.174000,0 days 00:00:23.551000,0 days 02:22:28.337000,0 days 02:22:58.511000,0 days 02:23:22.062000,275.0,233.0,244.0,282.0,False,MEDIUM,15.0,True,Haas F1 Team,0 days 02:21:58.468000,,1,15.0,False,,False,True,18.0,69.0,985.9,True,25.2,294,5.6,True,False,False,False,False,False,1 L,+3.302,,3.302,8602.015,83.547,,,29.822,30.174,23.551,8548.337,8578.511,8602.062,8518.468
2022,Hungarian Grand Prix,13,Hungary,Budapest,0 days 02:24:45.821000,MSC,47,0 days 00:01:23.806000,57.0,3.0,,Mick Schumacher,,0 days 00:00:29.891000,0 days 00:00:30.251000,0 days 00:00:23.664000,0 days 02:23:51.953000,0 days 02:24:22.204000,0 days 02:24:45.868000,275.0,234.0,243.0,282.0,False,MEDIUM,16.0,True,Haas F1 Team,0 days 02:23:22.015000,,1,15.0,False,,False,True,18.0,70.0,985.9,True,25.1,284,3.5,True,False,False,False,False,False,1 L,+2.856,,2.856,8685.821,83.806,,,29.891,30.251,23.664,8631.953,8662.204,8685.868,8602.015
2022,Hungarian Grand Prix,13,Hungary,Budapest,0 days 02:26:09.458000,MSC,47,0 days 00:01:23.637000,58.0,3.0,,Mick Schumacher,,0 days 00:00:29.949000,0 days 00:00:30.079000,0 days 00:00:23.609000,0 days 02:25:15.817000,0 days 02:25:45.896000,0 days 02:26:09.505000,276.0,232.0,244.0,282.0,False,MEDIUM,17.0,True,Haas F1 Team,0 days 02:24:45.821000,,1,15.0,False,,False,True,18.1,69.0,985.7,True,24.8,288,4.1,True,False,False,False,False,False,1 L,+2.771,,2.771,8769.458,83.637,,,29.949,30.079,23.609,8715.817,8745.896,8769.505,8685.821
2022,Hungarian Grand Prix,13,Hungary,Budapest,0 days 02:27:35.747000,MSC,47,0 days 00:01:26.289000,59.0,3.0,,Mick Schumacher,,0 days 00:00:29.948000,0 days 00:00:32.451000,0 days 00:00:23.890000,0 days 02:26:39.453000,0 days 02:27:11.904000,0 days 02:27:35.794000,273.0,236.0,242.0,282.0,False,MEDIUM,18.0,True,Haas F1 Team,0 days 02:26:09.458000,,1,15.0,False,,False,True,18.1,70.0,985.9,True,24.8,291,5.4,True,False,False,False,False,False,1 L,+4.862,,4.862,8855.747,86.289,,,29.948,32.451,23.89,8799.453,8831.904,8855.794,8769.458
2022,Hungarian Grand Prix,13,Hungary,Budapest,0 days 02:29:00.993000,MSC,47,0 days 00:01:25.246000,60.0,3.0,,Mick Schumacher,,0 days 00:00:29.982000,0 days 00:00:30.058000,0 days 00:00:25.206000,0 days 02:28:05.776000,0 days 02:28:35.834000,0 days 02:29:01.040000,275.0,236.0,251.0,281.0,False,MEDIUM,19.0,True,Haas F1 Team,0 days 02:27:35.747000,,1,15.0,False,,False,True,18.0,70.0,985.9,True,24.8,282,4.8,True,False,False,False,False,False,1 L,+6.388,,6.388,8940.993,85.246,,,29.982,30.058,25.206,8885.776,8915.834,8941.04,8855.747
2022,Hungarian Grand Prix,13,Hungary,Budapest,0 days 02:30:25.528000,MSC,47,0 days 00:01:24.535000,61.0,3.0,,Mick Schumacher,,0 days 00:00:29.816000,0 days 00:00:30.621000,0 days 00:00:24.098000,0 days 02:29:30.856000,0 days 02:30:01.477000,0 days 02:30:25.575000,276.0,227.0,244.0,301.0,False,MEDIUM,20.0,True,Haas F1 Team,0 days 02:29:00.993000,,1,15.0,False,,False,True,18.0,70.0,986.0,True,24.7,287,5.0,True,False,False,False,False,False,1 L,+4.714,,4.714,9025.528,84.535,,,29.816,30.621,24.098,8970.856,9001.477,9025.575,8940.993
2022,Hungarian Grand Prix,13,Hungary,Budapest,0 days 02:31:49.517000,MSC,47,0 days 00:01:23.989000,62.0,3.0,,Mick Schumacher,,0 days 00:00:29.939000,0 days 00:00:30.477000,0 days 00:00:23.573000,0 days 02:30:55.514000,0 days 02:31:25.991000,0 days 02:31:49.564000,274.0,237.0,246.0,284.0,False,MEDIUM,21.0,True,Haas F1 Team,0 days 02:30:25.528000,,1,15.0,False,,False,True,18.0,70.0,986.0,True,24.6,281,4.8,True,False,False,False,False,False,1 L,+2.930,,2.93,9109.517,83.989,,,29.939,30.477,23.573,9055.514,9085.991,9109.564,9025.528
2022,Hungarian Grand Prix,13,Hungary,Budapest,0 days 02:33:13.683000,MSC,47,0 days 00:01:24.166000,63.0,3.0,,Mick Schumacher,,0 days 00:00:30.048000,0 days 00:00:30.397000,0 days 00:00:23.721000,0 days 02:32:19.612000,0 days 02:32:50.009000,0 days 02:33:13.730000,274.0,237.0,245.0,282.0,False,MEDIUM,22.0,True,Haas F1 Team,0 days 02:31:49.517000,,1,15.0,False,,False,True,18.0,70.0,986.0,True,24.6,304,3.7,True,False,False,False,False,False,1 L,+3.401,,3.401,9193.683,84.166,,,30.048,30.397,23.721,9139.612,9170.009,9193.73,9109.517
2022,Hungarian Grand Prix,13,Hungary,Budapest,0 days 02:34:37.481000,MSC,47,0 days 00:01:23.798000,64.0,3.0,,Mick Schumacher,,0 days 00:00:29.908000,0 days 00:00:30.300000,0 days 00:00:23.590000,0 days 02:33:43.638000,0 days 02:34:13.938000,0 days 02:34:37.528000,275.0,236.0,246.0,284.0,False,MEDIUM,23.0,True,Haas F1 Team,0 days 02:33:13.683000,,1,15.0,False,,False,True,18.1,69.0,986.0,True,24.7,274,3.7,True,False,False,False,False,False,1 L,+3.693,,3.693,9277.481,83.798,,,29.908,30.3,23.59,9223.638,9253.938,9277.528,9193.683
2022,Hungarian Grand Prix,13,Hungary,Budapest,0 days 02:36:01.856000,MSC,47,0 days 00:01:24.375000,65.0,3.0,,Mick Schumacher,,0 days 00:00:29.921000,0 days 00:00:30.668000,0 days 00:00:23.786000,0 days 02:35:07.449000,0 days 02:35:38.117000,0 days 02:36:01.903000,273.0,232.0,243.0,281.0,False,MEDIUM,24.0,True,Haas F1 Team,0 days 02:34:37.481000,,1,15.0,False,,False,True,18.1,70.0,986.0,True,24.7,289,3.2,True,False,False,False,False,False,1 L,+4.077,,4.077,9361.856,84.375,,,29.921,30.668,23.786,9307.449,9338.117,9361.903,9277.481
2022,Hungarian Grand Prix,13,Hungary,Budapest,0 days 02:37:26.976000,MSC,47,0 days 00:01:25.120000,66.0,3.0,,Mick Schumacher,,0 days 00:00:29.899000,0 days 00:00:31.035000,0 days 00:00:24.186000,0 days 02:36:31.802000,0 days 02:37:02.837000,0 days 02:37:27.023000,275.0,233.0,244.0,283.0,False,MEDIUM,25.0,True,Haas F1 Team,0 days 02:36:01.856000,,12,14.0,False,,False,True,18.1,70.0,986.0,True,24.7,281,2.5,True,True,False,False,False,False,1 L,+4.400,,4.4,9446.976,85.12,,,29.899,31.035,24.186,9391.802,9422.837,9447.023,9361.856
2022,Hungarian Grand Prix,13,Hungary,Budapest,0 days 02:39:16.541000,MSC,47,0 days 00:01:49.565000,67.0,3.0,,Mick Schumacher,,0 days 00:00:38.974000,0 days 00:00:39.560000,0 days 00:00:31.031000,0 days 02:38:05.997000,0 days 02:38:45.557000,0 days 02:39:16.588000,179.0,205.0,173.0,282.0,False,MEDIUM,26.0,True,Haas F1 Team,0 days 02:37:26.976000,,26,14.0,False,,False,False,18.1,69.0,986.2,True,24.4,278,4.5,False,True,False,False,True,False,1 L,+6.761,,6.761,9556.541,109.565,,,38.974,39.56,31.031,9485.997,9525.557,9556.588,9446.976
2022,Hungarian Grand Prix,13,Hungary,Budapest,0 days 02:40:50.844000,MSC,47,0 days 00:01:34.303000,68.0,3.0,,Mick Schumacher,,0 days 00:00:37.276000,0 days 00:00:32.558000,0 days 00:00:24.469000,0 days 02:39:53.864000,0 days 02:40:26.422000,0 days 02:40:50.891000,269.0,233.0,244.0,180.0,False,MEDIUM,27.0,True,Haas F1 Team,0 days 02:39:16.541000,,671,14.0,False,,False,False,18.1,70.0,986.0,True,24.2,284,4.5,True,False,False,False,True,True,1 L,+2.609,,2.609,9650.844,94.303,,,37.276,32.558,24.469,9593.864,9626.422,9650.891,9556.541
2022,Hungarian Grand Prix,13,Hungary,Budapest,0 days 02:42:19.452000,MSC,47,0 days 00:01:28.608000,69.0,3.0,,Mick Schumacher,,0 days 00:00:31.068000,0 days 00:00:31.835000,0 days 00:00:25.705000,0 days 02:41:21.959000,0 days 02:41:53.794000,0 days 02:42:19.499000,276.0,221.0,245.0,281.0,False,MEDIUM,28.0,True,Haas F1 Team,0 days 02:40:50.844000,,1,15.0,False,,False,True,18.0,70.0,986.0,True,23.9,283,4.5,True,False,False,False,False,False,1 L,+1.154,,1.154,9739.452,88.608,,,31.068,31.835,25.705,9681.959,9713.794,9739.499,9650.844
2022,Hungarian Grand Prix,13,Hungary,Budapest,0 days 01:03:55.555000,VET,5,0 days 00:01:49.517000,1.0,1.0,,Sebastian Vettel,,,0 days 00:00:34.660000,0 days 00:00:35,,0 days 01:03:20.678000,0 days 01:03:55.759000,231.0,225.0,74.0,266.0,False,SOFT,1.0,True,Aston Martin,0 days 01:02:05.807000,,126,18.0,False,,False,False,18.4,70.0,985.7,True,26.4,289,5.0,True,True,False,False,True,False,+14.292,+0.787,14.292,0.787,3835.555,109.517,,,,34.66,35.0,,3800.678,3835.759,3725.807
2022,Hungarian Grand Prix,13,Hungary,Budapest,0 days 01:05:46.426000,VET,5,0 days 00:01:50.871000,2.0,1.0,,Sebastian Vettel,,0 days 00:00:46.928000,0 days 00:00:34.659000,0 days 00:00:29.284000,0 days 01:04:42.501000,0 days 01:05:17.160000,0 days 01:05:46.444000,189.0,221.0,167.0,99.0,True,SOFT,2.0,True,Aston Martin,0 days 01:03:55.555000,,67,18.0,False,,False,False,18.4,70.0,985.7,True,26.5,286,4.5,False,False,False,False,True,True,+18.500,+0.562,18.5,0.562,3946.426,110.871,,,46.928,34.659,29.284,3882.501,3917.16,3946.444,3835.555
2022,Hungarian Grand Prix,13,Hungary,Budapest,0 days 01:07:13.910000,VET,5,0 days 00:01:27.484000,3.0,1.0,,Sebastian Vettel,,0 days 00:00:32.291000,0 days 00:00:31.255000,0 days 00:00:23.938000,0 days 01:06:18.735000,0 days 01:06:49.990000,0 days 01:07:13.928000,270.0,232.0,246.0,260.0,True,SOFT,3.0,True,Aston Martin,0 days 01:05:46.426000,,71,16.0,False,,False,False,18.4,70.0,985.5,False,26.7,277,3.9,True,False,False,False,False,True,+16.709,+0.488,16.709,0.488,4033.91,87.484,,,32.291,31.255,23.938,3978.735,4009.99,4033.928,3946.426
2022,Hungarian Grand Prix,13,Hungary,Budapest,0 days 01:08:39.407000,VET,5,0 days 00:01:25.497000,4.0,1.0,,Sebastian Vettel,,0 days 00:00:30.637000,0 days 00:00:31.103000,0 days 00:00:23.757000,0 days 01:07:44.565000,0 days 01:08:15.668000,0 days 01:08:39.425000,259.0,232.0,246.0,297.0,True,SOFT,4.0,True,Aston Martin,0 days 01:07:13.910000,,1,16.0,False,,False,True,18.4,70.0,985.5,True,26.5,284,4.0,True,False,False,False,False,False,+18.535,+0.640,18.535,0.64,4119.407,85.497,,,30.637,31.103,23.757,4064.565,4095.668,4119.425,4033.91
2022,Hungarian Grand Prix,13,Hungary,Budapest,0 days 01:10:04.553000,VET,5,0 days 00:01:25.146000,5.0,1.0,,Sebastian Vettel,,0 days 00:00:30.302000,0 days 00:00:31.055000,0 days 00:00:23.789000,0 days 01:09:09.727000,0 days 01:09:40.782000,0 days 01:10:04.571000,274.0,230.0,248.0,296.0,True,SOFT,5.0,True,Aston Martin,0 days 01:08:39.407000,,1,16.0,False,,False,True,18.6,71.0,985.5,True,26.5,290,3.5,True,False,False,False,False,False,+19.757,+0.605,19.757,0.605,4204.553,85.146,,,30.302,31.055,23.789,4149.727,4180.782,4204.571,4119.407
2022,Hungarian Grand Prix,13,Hungary,Budapest,0 days 01:11:29.876000,VET,5,0 days 00:01:25.323000,6.0,1.0,,Sebastian Vettel,,0 days 00:00:30.292000,0 days 00:00:31.083000,0 days 00:00:23.948000,0 days 01:10:34.863000,0 days 01:11:05.946000,0 days 01:11:29.894000,274.0,233.0,246.0,296.0,False,SOFT,6.0,True,Aston Martin,0 days 01:10:04.553000,,1,16.0,False,,False,True,18.6,70.0,985.5,False,26.7,297,3.5,True,False,False,False,False,False,+21.051,+0.755,21.051,0.755,4289.876,85.323,,,30.292,31.083,23.948,4234.863,4265.946,4289.894,4204.553
2022,Hungarian Grand Prix,13,Hungary,Budapest,0 days 01:12:55.380000,VET,5,0 days 00:01:25.504000,7.0,1.0,,Sebastian Vettel,,0 days 00:00:30.224000,0 days 00:00:31.215000,0 days 00:00:24.065000,0 days 01:12:00.118000,0 days 01:12:31.333000,0 days 01:12:55.398000,276.0,231.0,244.0,295.0,False,SOFT,7.0,True,Aston Martin,0 days 01:11:29.876000,,1,15.0,False,,False,True,18.6,71.0,985.5,False,26.5,281,3.2,True,False,False,False,False,False,+22.426,+0.761,22.426,0.761,4375.38,85.504,,,30.224,31.215,24.065,4320.118,4351.333,4375.398,4289.876
2022,Hungarian Grand Prix,13,Hungary,Budapest,0 days 01:14:20.856000,VET,5,0 days 00:01:25.476000,8.0,1.0,,Sebastian Vettel,,0 days 00:00:30.164000,0 days 00:00:31.261000,0 days 00:00:24.051000,0 days 01:13:25.562000,0 days 01:13:56.823000,0 days 01:14:20.874000,274.0,232.0,246.0,295.0,False,SOFT,8.0,True,Aston Martin,0 days 01:12:55.380000,,1,15.0,False,,False,True,18.5,71.0,985.5,False,26.6,284,3.9,True,False,False,False,False,False,+23.835,+0.482,23.835,0.482,4460.856,85.476,,,30.164,31.261,24.051,4405.562,4436.823,4460.874,4375.38
2022,Hungarian Grand Prix,13,Hungary,Budapest,0 days 01:15:46.337000,VET,5,0 days 00:01:25.481000,9.0,1.0,,Sebastian Vettel,,0 days 00:00:30.433000,0 days 00:00:31.159000,0 days 00:00:23.889000,0 days 01:14:51.307000,0 days 01:15:22.466000,0 days 01:15:46.355000,273.0,233.0,247.0,298.0,False,SOFT,9.0,True,Aston Martin,0 days 01:14:20.856000,,1,15.0,False,,False,True,18.5,71.0,985.5,False,26.5,296,3.2,True,False,False,False,False,False,+25.656,+0.481,25.656,0.481,4546.337,85.481,,,30.433,31.159,23.889,4491.307,4522.466,4546.355,4460.856
2022,Hungarian Grand Prix,13,Hungary,Budapest,0 days 01:17:11.847000,VET,5,0 days 00:01:25.510000,10.0,1.0,,Sebastian Vettel,,0 days 00:00:30.166000,0 days 00:00:31.267000,0 days 00:00:24.077000,0 days 01:16:16.521000,0 days 01:16:47.788000,0 days 01:17:11.865000,269.0,232.0,241.0,298.0,False,SOFT,10.0,True,Aston Martin,0 days 01:15:46.337000,,1,14.0,False,,False,True,18.5,71.0,985.5,False,26.7,280,3.5,True,False,False,False,False,False,+26.639,+1.442,26.639,1.442,4631.847,85.51,,,30.166,31.267,24.077,4576.521,4607.788,4631.865,4546.337
2022,Hungarian Grand Prix,13,Hungary,Budapest,0 days 01:18:37.795000,VET,5,0 days 00:01:25.948000,11.0,1.0,,Sebastian Vettel,,0 days 00:00:30.447000,0 days 00:00:31.300000,0 days 00:00:24.201000,0 days 01:17:42.312000,0 days 01:18:13.612000,0 days 01:18:37.813000,274.0,231.0,242.0,282.0,False,SOFT,11.0,True,Aston Martin,0 days 01:17:11.847000,,1,14.0,False,,False,True,18.5,71.0,985.5,False,26.8,285,4.1,True,False,False,False,False,False,+28.290,+1.435,28.29,1.435,4717.795,85.948,,,30.447,31.3,24.201,4662.312,4693.612,4717.813,4631.847
2022,Hungarian Grand Prix,13,Hungary,Budapest,0 days 01:20:03.878000,VET,5,0 days 00:01:26.083000,12.0,1.0,,Sebastian Vettel,,0 days 00:00:30.526000,0 days 00:00:31.320000,0 days 00:00:24.237000,0 days 01:19:08.339000,0 days 01:19:39.659000,0 days 01:20:03.896000,273.0,231.0,240.0,283.0,False,SOFT,12.0,True,Aston Martin,0 days 01:18:37.795000,,1,14.0,False,,False,True,18.5,71.0,985.5,False,26.9,289,3.9,True,False,False,False,False,False,+30.071,+1.161,30.071,1.161,4803.878,86.083,,,30.526,31.32,24.237,4748.339,4779.659,4803.896,4717.795
2022,Hungarian Grand Prix,13,Hungary,Budapest,0 days 01:21:29.944000,VET,5,0 days 00:01:26.066000,13.0,1.0,,Sebastian Vettel,,0 days 00:00:30.451000,0 days 00:00:31.371000,0 days 00:00:24.244000,0 days 01:20:34.347000,0 days 01:21:05.718000,0 days 01:21:29.962000,276.0,229.0,246.0,283.0,False,SOFT,13.0,True,Aston Martin,0 days 01:20:03.878000,,1,14.0,False,,False,True,18.5,71.0,985.5,False,26.9,282,4.5,True,False,False,False,False,False,+31.671,+0.700,31.671,0.7,4889.944,86.066,,,30.451,31.371,24.244,4834.347,4865.718,4889.962,4803.878
2022,Hungarian Grand Prix,13,Hungary,Budapest,0 days 01:22:56.554000,VET,5,0 days 00:01:26.610000,14.0,1.0,,Sebastian Vettel,,0 days 00:00:30.338000,0 days 00:00:31.749000,0 days 00:00:24.523000,0 days 01:22:00.300000,0 days 01:22:32.049000,0 days 01:22:56.572000,278.0,230.0,246.0,298.0,False,SOFT,14.0,True,Aston Martin,0 days 01:21:29.944000,,1,13.0,False,,False,True,18.4,72.0,985.5,False,26.9,277,3.9,True,False,False,False,False,False,+33.375,+0.665,33.375,0.665,4976.554,86.61,,,30.338,31.749,24.523,4920.3,4952.049,4976.572,4889.944
2022,Hungarian Grand Prix,13,Hungary,Budapest,0 days 01:24:25.014000,VET,5,0 days 00:01:28.460000,15.0,1.0,,Sebastian Vettel,0 days 01:24:23.402000,0 days 00:00:30.184000,0 days 00:00:31.490000,0 days 00:00:26.786000,0 days 01:23:26.756000,0 days 01:23:58.246000,0 days 01:24:25.032000,273.0,231.0,,291.0,False,SOFT,15.0,True,Aston Martin,0 days 01:22:56.554000,,1,13.0,False,,False,False,18.4,71.0,985.5,False,26.9,267,2.5,True,False,False,False,False,False,+34.218,+1.499,34.218,1.499,5065.014,88.46,5063.402,,30.184,31.49,26.786,5006.756,5038.246,5065.032,4976.554
2022,Hungarian Grand Prix,13,Hungary,Budapest,0 days 01:26:08.547000,VET,5,0 days 00:01:43.533000,16.0,2.0,0 days 01:24:44.758000,Sebastian Vettel,,0 days 00:00:48.155000,0 days 00:00:31.377000,0 days 00:00:24.001000,0 days 01:25:13.187000,0 days 01:25:44.564000,0 days 01:26:08.565000,277.0,231.0,243.0,291.0,False,MEDIUM,2.0,False,Aston Martin,0 days 01:24:25.014000,,1,18.0,False,,False,False,18.4,70.0,985.5,False,27.2,291,3.2,True,False,False,False,False,False,+54.180,+1.369,54.18,1.369,5168.547,103.533,,5084.758,48.155,31.377,24.001,5113.187,5144.564,5168.565,5065.014
2022,Hungarian Grand Prix,13,Hungary,Budapest,0 days 01:27:34.227000,VET,5,0 days 00:01:25.680000,17.0,2.0,,Sebastian Vettel,,0 days 00:00:30.298000,0 days 00:00:31.058000,0 days 00:00:24.324000,0 days 01:26:38.863000,0 days 01:27:09.921000,0 days 01:27:34.245000,275.0,231.0,240.0,280.0,False,MEDIUM,3.0,False,Aston Martin,0 days 01:26:08.547000,,1,17.0,False,,False,True,18.4,70.0,985.7,False,27.6,292,4.8,True,False,False,False,False,False,+54.810,+1.129,54.81,1.129,5254.227,85.68,,,30.298,31.058,24.324,5198.863,5229.921,5254.245,5168.547
2022,Hungarian Grand Prix,13,Hungary,Budapest,0 days 01:29:00.425000,VET,5,0 days 00:01:26.198000,18.0,2.0,,Sebastian Vettel,,0 days 00:00:30.349000,0 days 00:00:31.407000,0 days 00:00:24.442000,0 days 01:28:04.594000,0 days 01:28:36.001000,0 days 01:29:00.443000,278.0,231.0,249.0,279.0,False,MEDIUM,4.0,False,Aston Martin,0 days 01:27:34.227000,,1,17.0,False,,False,True,18.4,71.0,985.5,False,27.6,287,4.5,True,False,False,False,False,False,+57.301,+0.449,57.301,0.449,5340.425,86.198,,,30.349,31.407,24.442,5284.594,5316.001,5340.443,5254.227
2022,Hungarian Grand Prix,13,Hungary,Budapest,0 days 01:30:25.349000,VET,5,0 days 00:01:24.924000,19.0,2.0,,Sebastian Vettel,,0 days 00:00:29.930000,0 days 00:00:31.140000,0 days 00:00:23.854000,0 days 01:29:30.373000,0 days 01:30:01.513000,0 days 01:30:25.367000,273.0,232.0,243.0,299.0,True,MEDIUM,5.0,False,Aston Martin,0 days 01:29:00.425000,,1,15.0,False,,False,True,18.4,70.0,985.7,False,27.6,281,4.4,True,False,False,False,False,False,+58.296,+3.017,58.296,3.017,5425.349,84.924,,,29.93,31.14,23.854,5370.373,5401.513,5425.367,5340.425
2022,Hungarian Grand Prix,13,Hungary,Budapest,0 days 01:31:50.323000,VET,5,0 days 00:01:24.974000,20.0,2.0,,Sebastian Vettel,,0 days 00:00:30.227000,0 days 00:00:30.914000,0 days 00:00:23.833000,0 days 01:30:55.594000,0 days 01:31:26.508000,0 days 01:31:50.341000,276.0,233.0,242.0,280.0,False,MEDIUM,6.0,False,Aston Martin,0 days 01:30:25.349000,,1,15.0,False,,False,True,18.5,70.0,985.5,False,27.5,283,4.3,True,False,False,False,False,False,+58.961,+3.228,58.961,3.228,5510.323,84.974,,,30.227,30.914,23.833,5455.594,5486.508,5510.341,5425.349
2022,Hungarian Grand Prix,13,Hungary,Budapest,0 days 01:33:15.556000,VET,5,0 days 00:01:25.233000,21.0,2.0,,Sebastian Vettel,,0 days 00:00:30.432000,0 days 00:00:30.954000,0 days 00:00:23.847000,0 days 01:32:20.773000,0 days 01:32:51.727000,0 days 01:33:15.574000,274.0,231.0,242.0,278.0,False,MEDIUM,7.0,False,Aston Martin,0 days 01:31:50.323000,,1,15.0,False,,False,True,18.5,70.0,985.5,False,27.5,279,4.0,True,False,False,False,False,False,+42.151,+4.062,42.151,4.062,5595.556,85.233,,,30.432,30.954,23.847,5540.773,5571.727,5595.574,5510.323
2022,Hungarian Grand Prix,13,Hungary,Budapest,0 days 01:34:40.525000,VET,5,0 days 00:01:24.969000,22.0,2.0,,Sebastian Vettel,,0 days 00:00:30.197000,0 days 00:00:30.900000,0 days 00:00:23.872000,0 days 01:33:45.771000,0 days 01:34:16.671000,0 days 01:34:40.543000,275.0,233.0,243.0,280.0,False,MEDIUM,8.0,False,Aston Martin,0 days 01:33:15.556000,,1,14.0,False,,False,True,18.5,70.0,985.5,False,27.7,293,4.4,True,False,False,False,False,False,+43.416,+4.329,43.416,4.329,5680.525,84.969,,,30.197,30.9,23.872,5625.771,5656.671,5680.543,5595.556
2022,Hungarian Grand Prix,13,Hungary,Budapest,0 days 01:36:05.285000,VET,5,0 days 00:01:24.760000,23.0,2.0,,Sebastian Vettel,,0 days 00:00:30.118000,0 days 00:00:30.776000,0 days 00:00:23.866000,0 days 01:35:10.661000,0 days 01:35:41.437000,0 days 01:36:05.303000,275.0,234.0,242.0,278.0,True,MEDIUM,9.0,False,Aston Martin,0 days 01:34:40.525000,,1,14.0,False,,False,True,18.5,70.0,985.5,False,27.8,291,3.5,True,False,False,False,False,False,+44.612,+4.795,44.612,4.795,5765.285,84.76,,,30.118,30.776,23.866,5710.661,5741.437,5765.303,5680.525
2022,Hungarian Grand Prix,13,Hungary,Budapest,0 days 01:37:29.968000,VET,5,0 days 00:01:24.683000,24.0,2.0,,Sebastian Vettel,,0 days 00:00:30.036000,0 days 00:00:30.611000,0 days 00:00:24.036000,0 days 01:36:35.339000,0 days 01:37:05.950000,0 days 01:37:29.986000,275.0,236.0,242.0,279.0,True,MEDIUM,10.0,False,Aston Martin,0 days 01:36:05.285000,,1,14.0,False,,False,True,18.4,70.0,985.5,False,27.8,277,3.2,True,False,False,False,False,False,+45.392,+3.969,45.392,3.969,5849.968,84.683,,,30.036,30.611,24.036,5795.339,5825.95,5849.986,5765.285
2022,Hungarian Grand Prix,13,Hungary,Budapest,0 days 01:38:55.168000,VET,5,0 days 00:01:25.200000,25.0,2.0,,Sebastian Vettel,,0 days 00:00:30.144000,0 days 00:00:31.007000,0 days 00:00:24.049000,0 days 01:38:00.130000,0 days 01:38:31.137000,0 days 01:38:55.186000,275.0,234.0,241.0,281.0,False,MEDIUM,11.0,False,Aston Martin,0 days 01:37:29.968000,,1,14.0,False,,False,True,18.5,70.0,985.5,False,28.1,285,4.1,True,False,False,False,False,False,+46.909,+3.609,46.909,3.609,5935.168,85.2,,,30.144,31.007,24.049,5880.13,5911.137,5935.186,5849.968
2022,Hungarian Grand Prix,13,Hungary,Budapest,0 days 01:40:20.073000,VET,5,0 days 00:01:24.905000,26.0,2.0,,Sebastian Vettel,,0 days 00:00:30.236000,0 days 00:00:30.888000,0 days 00:00:23.781000,0 days 01:39:25.422000,0 days 01:39:56.310000,0 days 01:40:20.091000,275.0,234.0,241.0,280.0,False,MEDIUM,12.0,False,Aston Martin,0 days 01:38:55.168000,,1,14.0,False,,False,True,18.5,70.0,985.5,False,28.2,282,3.5,True,False,False,False,False,False,+48.080,+2.968,48.08,2.968,6020.073,84.905,,,30.236,30.888,23.781,5965.422,5996.31,6020.091,5935.168
2022,Hungarian Grand Prix,13,Hungary,Budapest,0 days 01:41:44.827000,VET,5,0 days 00:01:24.754000,27.0,2.0,,Sebastian Vettel,,0 days 00:00:30.038000,0 days 00:00:30.851000,0 days 00:00:23.865000,0 days 01:40:50.129000,0 days 01:41:20.980000,0 days 01:41:44.845000,277.0,230.0,241.0,281.0,False,MEDIUM,13.0,False,Aston Martin,0 days 01:40:20.073000,,1,13.0,False,,False,True,18.5,70.0,985.5,False,28.5,294,3.5,True,False,False,False,False,False,+48.956,+1.586,48.956,1.586,6104.827,84.754,,,30.038,30.851,23.865,6050.129,6080.98,6104.845,6020.073
2022,Hungarian Grand Prix,13,Hungary,Budapest,0 days 01:43:09.924000,VET,5,0 days 00:01:25.097000,28.0,2.0,,Sebastian Vettel,,0 days 00:00:30.307000,0 days 00:00:30.955000,0 days 00:00:23.835000,0 days 01:42:15.152000,0 days 01:42:46.107000,0 days 01:43:09.942000,277.0,235.0,241.0,278.0,False,MEDIUM,14.0,False,Aston Martin,0 days 01:41:44.827000,,1,12.0,False,,False,True,18.6,70.0,985.5,False,28.5,285,3.7,True,False,False,False,False,False,+49.434,+1.514,49.434,1.514,6189.924,85.097,,,30.307,30.955,23.835,6135.152,6166.107,6189.942,6104.827
2022,Hungarian Grand Prix,13,Hungary,Budapest,0 days 01:44:34.835000,VET,5,0 days 00:01:24.911000,29.0,2.0,,Sebastian Vettel,,0 days 00:00:30.229000,0 days 00:00:30.835000,0 days 00:00:23.847000,0 days 01:43:40.171000,0 days 01:44:11.006000,0 days 01:44:34.853000,277.0,237.0,245.0,281.0,False,MEDIUM,15.0,False,Aston Martin,0 days 01:43:09.924000,,1,12.0,False,,False,True,18.6,69.0,985.4,False,28.5,274,4.8,True,False,False,False,False,False,+50.006,+0.582,50.006,0.582,6274.835,84.911,,,30.229,30.835,23.847,6220.171,6251.006,6274.853,6189.924
2022,Hungarian Grand Prix,13,Hungary,Budapest,0 days 01:46:00.267000,VET,5,0 days 00:01:25.432000,30.0,2.0,,Sebastian Vettel,,0 days 00:00:30.178000,0 days 00:00:31.164000,0 days 00:00:24.090000,0 days 01:45:05.031000,0 days 01:45:36.195000,0 days 01:46:00.285000,280.0,235.0,249.0,295.0,False,MEDIUM,16.0,False,Aston Martin,0 days 01:44:34.835000,,1,12.0,False,,False,True,18.4,70.0,985.5,False,28.5,290,3.9,True,False,False,False,False,False,+50.800,+0.513,50.8,0.513,6360.267,85.432,,,30.178,31.164,24.09,6305.031,6336.195,6360.285,6274.835
2022,Hungarian Grand Prix,13,Hungary,Budapest,0 days 01:47:25.134000,VET,5,0 days 00:01:24.867000,31.0,2.0,,Sebastian Vettel,,0 days 00:00:30.092000,0 days 00:00:30.762000,0 days 00:00:24.013000,0 days 01:46:30.377000,0 days 01:47:01.139000,0 days 01:47:25.152000,273.0,232.0,242.0,299.0,False,MEDIUM,17.0,False,Aston Martin,0 days 01:46:00.267000,,1,11.0,False,,False,True,18.3,70.0,985.5,False,28.0,293,5.3,True,False,False,False,False,False,+52.713,+1.689,52.713,1.689,6445.134,84.867,,,30.092,30.762,24.013,6390.377,6421.139,6445.152,6360.267
2022,Hungarian Grand Prix,13,Hungary,Budapest,0 days 01:48:50.403000,VET,5,0 days 00:01:25.269000,32.0,2.0,,Sebastian Vettel,,0 days 00:00:30.202000,0 days 00:00:31.039000,0 days 00:00:24.028000,0 days 01:47:55.354000,0 days 01:48:26.393000,0 days 01:48:50.421000,275.0,229.0,243.0,281.0,False,MEDIUM,18.0,False,Aston Martin,0 days 01:47:25.134000,,1,11.0,False,,False,True,18.4,71.0,985.5,False,27.7,266,5.8,True,False,False,False,False,False,+53.735,+1.264,53.735,1.264,6530.403,85.269,,,30.202,31.039,24.028,6475.354,6506.393,6530.421,6445.134
2022,Hungarian Grand Prix,13,Hungary,Budapest,0 days 01:50:15.464000,VET,5,0 days 00:01:25.061000,33.0,2.0,,Sebastian Vettel,,0 days 00:00:30.307000,0 days 00:00:30.750000,0 days 00:00:24.004000,0 days 01:49:20.728000,0 days 01:49:51.478000,0 days 01:50:15.482000,276.0,233.0,242.0,281.0,False,MEDIUM,19.0,False,Aston Martin,0 days 01:48:50.403000,,1,11.0,False,,False,True,18.4,71.0,985.7,False,27.6,294,4.0,True,False,False,False,False,False,+55.355,+1.033,55.355,1.033,6615.464,85.061,,,30.307,30.75,24.004,6560.728,6591.478,6615.482,6530.403
2022,Hungarian Grand Prix,13,Hungary,Budapest,0 days 01:51:40.378000,VET,5,0 days 00:01:24.914000,34.0,2.0,,Sebastian Vettel,,0 days 00:00:30.110000,0 days 00:00:30.846000,0 days 00:00:23.958000,0 days 01:50:45.592000,0 days 01:51:16.438000,0 days 01:51:40.396000,277.0,234.0,243.0,282.0,False,MEDIUM,20.0,False,Aston Martin,0 days 01:50:15.464000,,1,11.0,False,,False,True,18.3,70.0,985.5,False,27.3,282,4.4,True,False,False,False,False,False,+56.932,+0.668,56.932,0.668,6700.378,84.914,,,30.11,30.846,23.958,6645.592,6676.438,6700.396,6615.464
2022,Hungarian Grand Prix,13,Hungary,Budapest,0 days 01:53:06.017000,VET,5,0 days 00:01:25.639000,35.0,2.0,,Sebastian Vettel,,0 days 00:00:30.043000,0 days 00:00:31.566000,0 days 00:00:24.030000,0 days 01:52:10.439000,0 days 01:52:42.005000,0 days 01:53:06.035000,279.0,232.0,248.0,295.0,False,MEDIUM,21.0,False,Aston Martin,0 days 01:51:40.378000,,12,11.0,True,TRACK LIMITS AT TURN 7 LAP 35 ,False,True,18.3,71.0,985.7,False,26.8,276,4.5,True,True,False,False,False,False,+59.073,+1.052,59.073,1.052,6786.017,85.639,,,30.043,31.566,24.03,6730.439,6762.005,6786.035,6700.378
2022,Hungarian Grand Prix,13,Hungary,Budapest,0 days 01:54:30.691000,VET,5,0 days 00:01:24.674000,36.0,2.0,,Sebastian Vettel,,0 days 00:00:29.843000,0 days 00:00:30.977000,0 days 00:00:23.854000,0 days 01:53:35.878000,0 days 01:54:06.855000,0 days 01:54:30.709000,278.0,234.0,248.0,296.0,True,MEDIUM,22.0,False,Aston Martin,0 days 01:53:06.017000,,1,11.0,False,,False,True,18.2,71.0,985.7,False,26.9,282,3.9,True,False,False,False,False,False,+60.553,+0.729,60.553,0.729,6870.691,84.674,,,29.843,30.977,23.854,6815.878,6846.855,6870.709,6786.017
2022,Hungarian Grand Prix,13,Hungary,Budapest,0 days 01:55:55.374000,VET,5,0 days 00:01:24.683000,37.0,2.0,,Sebastian Vettel,,0 days 00:00:30.019000,0 days 00:00:30.971000,0 days 00:00:23.693000,0 days 01:55:00.728000,0 days 01:55:31.699000,0 days 01:55:55.392000,279.0,236.0,249.0,295.0,False,MEDIUM,23.0,False,Aston Martin,0 days 01:54:30.691000,,1,11.0,False,,False,True,18.2,71.0,985.7,False,26.7,287,4.1,True,False,False,False,False,False,+61.853,+0.576,61.853,0.576,6955.374,84.683,,,30.019,30.971,23.693,6900.728,6931.699,6955.392,6870.691
2022,Hungarian Grand Prix,13,Hungary,Budapest,0 days 01:57:20.191000,VET,5,0 days 00:01:24.817000,38.0,2.0,,Sebastian Vettel,,0 days 00:00:30.046000,0 days 00:00:30.876000,0 days 00:00:23.895000,0 days 01:56:25.438000,0 days 01:56:56.314000,0 days 01:57:20.209000,273.0,230.0,240.0,298.0,False,MEDIUM,24.0,False,Aston Martin,0 days 01:55:55.374000,,1,10.0,False,,False,True,18.1,72.0,985.7,False,26.8,290,2.7,True,False,False,False,False,False,+62.845,+5.833,62.845,5.833,7040.191,84.817,,,30.046,30.876,23.895,6985.438,7016.314,7040.209,6955.374
2022,Hungarian Grand Prix,13,Hungary,Budapest,0 days 01:58:44.904000,VET,5,0 days 00:01:24.713000,39.0,2.0,,Sebastian Vettel,,0 days 00:00:30.160000,0 days 00:00:30.737000,0 days 00:00:23.816000,0 days 01:57:50.369000,0 days 01:58:21.106000,0 days 01:58:44.922000,276.0,235.0,244.0,278.0,False,MEDIUM,25.0,False,Aston Martin,0 days 01:57:20.191000,,1,10.0,False,,False,True,18.0,72.0,985.7,False,26.5,293,3.4,True,False,False,False,False,False,+61.234,+5.019,61.234,5.019,7124.904,84.713,,,30.16,30.737,23.816,7070.369,7101.106,7124.922,7040.191
2022,Hungarian Grand Prix,13,Hungary,Budapest,0 days 02:00:09.844000,VET,5,0 days 00:01:24.940000,40.0,2.0,,Sebastian Vettel,,0 days 00:00:30.227000,0 days 00:00:30.691000,0 days 00:00:24.022000,0 days 01:59:15.149000,0 days 01:59:45.840000,0 days 02:00:09.862000,276.0,236.0,241.0,277.0,False,MEDIUM,26.0,False,Aston Martin,0 days 01:58:44.904000,,1,10.0,False,,False,True,18.1,71.0,985.7,False,26.5,284,5.0,True,False,False,False,False,False,+57.057,+4.283,57.057,4.283,7209.844,84.94,,,30.227,30.691,24.022,7155.149,7185.84,7209.862,7124.904
2022,Hungarian Grand Prix,13,Hungary,Budapest,0 days 02:01:35.337000,VET,5,0 days 00:01:25.493000,41.0,2.0,,Sebastian Vettel,,0 days 00:00:30.557000,0 days 00:00:30.990000,0 days 00:00:23.946000,0 days 02:00:40.419000,0 days 02:01:11.409000,0 days 02:01:35.355000,268.0,233.0,243.0,271.0,False,MEDIUM,27.0,False,Aston Martin,0 days 02:00:09.844000,,12,10.0,False,,False,True,18.0,71.0,985.7,False,26.4,289,5.1,True,True,False,False,False,False,+58.706,+4.744,58.706,4.744,7295.337,85.493,,,30.557,30.99,23.946,7240.419,7271.409,7295.355,7209.844
2022,Hungarian Grand Prix,13,Hungary,Budapest,0 days 02:03:00.596000,VET,5,0 days 00:01:25.259000,42.0,2.0,,Sebastian Vettel,,0 days 00:00:30.386000,0 days 00:00:30.950000,0 days 00:00:23.923000,0 days 02:02:05.741000,0 days 02:02:36.691000,0 days 02:03:00.614000,270.0,235.0,241.0,273.0,False,MEDIUM,28.0,False,Aston Martin,0 days 02:01:35.337000,,1,10.0,False,,False,True,17.9,71.0,985.5,False,26.4,288,4.5,True,False,False,False,False,False,+59.454,+5.008,59.454,5.008,7380.596,85.259,,,30.386,30.95,23.923,7325.741,7356.691,7380.614,7295.337
2022,Hungarian Grand Prix,13,Hungary,Budapest,0 days 02:04:26.133000,VET,5,0 days 00:01:25.537000,43.0,2.0,,Sebastian Vettel,,0 days 00:00:30.529000,0 days 00:00:31.082000,0 days 00:00:23.926000,0 days 02:03:31.143000,0 days 02:04:02.225000,0 days 02:04:26.151000,273.0,235.0,244.0,275.0,False,MEDIUM,29.0,False,Aston Martin,0 days 02:03:00.596000,,1,10.0,False,,False,True,18.0,71.0,985.7,False,26.1,287,4.8,True,False,False,False,False,False,+61.401,+1.477,61.401,1.477,7466.133,85.537,,,30.529,31.082,23.926,7411.143,7442.225,7466.151,7380.596
2022,Hungarian Grand Prix,13,Hungary,Budapest,0 days 02:05:51.335000,VET,5,0 days 00:01:25.202000,44.0,2.0,,Sebastian Vettel,,0 days 00:00:30.174000,0 days 00:00:30.990000,0 days 00:00:24.038000,0 days 02:04:56.325000,0 days 02:05:27.315000,0 days 02:05:51.353000,269.0,232.0,244.0,285.0,False,MEDIUM,30.0,False,Aston Martin,0 days 02:04:26.133000,,1,10.0,False,,False,True,18.0,71.0,985.7,False,26.0,275,4.6,True,False,False,False,False,False,+62.384,+2.449,62.384,2.449,7551.335,85.202,,,30.174,30.99,24.038,7496.325,7527.315,7551.353,7466.133
2022,Hungarian Grand Prix,13,Hungary,Budapest,0 days 02:07:16.759000,VET,5,0 days 00:01:25.424000,45.0,2.0,,Sebastian Vettel,,0 days 00:00:30.482000,0 days 00:00:31.101000,0 days 00:00:23.841000,0 days 02:06:21.835000,0 days 02:06:52.936000,0 days 02:07:16.777000,269.0,234.0,244.0,273.0,False,MEDIUM,31.0,False,Aston Martin,0 days 02:05:51.335000,,1,10.0,False,,False,True,18.0,72.0,985.7,False,26.1,286,3.9,True,False,False,False,False,False,+63.605,+4.120,63.605,4.12,7636.759,85.424,,,30.482,31.101,23.841,7581.835,7612.936,7636.777,7551.335
2022,Hungarian Grand Prix,13,Hungary,Budapest,0 days 02:08:44.347000,VET,5,0 days 00:01:27.588000,46.0,2.0,,Sebastian Vettel,0 days 02:08:42.643000,0 days 00:00:30.325000,0 days 00:00:30.993000,0 days 00:00:26.270000,0 days 02:07:47.102000,0 days 02:08:18.095000,0 days 02:08:44.365000,269.0,233.0,,282.0,False,MEDIUM,32.0,False,Aston Martin,0 days 02:07:16.759000,,1,12.0,False,,False,False,18.0,72.0,985.7,False,26.1,292,3.5,True,False,False,False,False,False,+64.468,+5.038,64.468,5.038,7724.347,87.588,7722.643,,30.325,30.993,26.27,7667.102,7698.095,7724.365,7636.759
2022,Hungarian Grand Prix,13,Hungary,Budapest,0 days 02:10:30.906000,VET,5,0 days 00:01:46.559000,47.0,3.0,0 days 02:09:07.670000,Sebastian Vettel,,0 days 00:00:52.079000,0 days 00:00:30.909000,0 days 00:00:23.571000,0 days 02:09:36.444000,0 days 02:10:07.353000,0 days 02:10:30.924000,267.0,234.0,246.0,282.0,False,MEDIUM,1.0,True,Aston Martin,0 days 02:08:44.347000,,12,14.0,False,,False,False,18.1,71.0,985.7,False,26.1,296,3.7,True,True,False,False,False,False,1 L,+1.359,,1.359,7830.906,106.559,,7747.67,52.079,30.909,23.571,7776.444,7807.353,7830.924,7724.347
2022,Hungarian Grand Prix,13,Hungary,Budapest,0 days 02:11:57.207000,VET,5,0 days 00:01:26.301000,48.0,3.0,,Sebastian Vettel,,0 days 00:00:29.988000,0 days 00:00:32.155000,0 days 00:00:24.158000,0 days 02:11:00.912000,0 days 02:11:33.067000,0 days 02:11:57.225000,276.0,235.0,252.0,283.0,False,MEDIUM,2.0,True,Aston Martin,0 days 02:10:30.906000,,1,14.0,False,,False,True,18.1,71.0,985.7,False,26.1,291,4.3,True,False,False,False,False,False,1 L,+0.319,,0.319,7917.207,86.301,,,29.988,32.155,24.158,7860.912,7893.067,7917.225,7830.906
2022,Hungarian Grand Prix,13,Hungary,Budapest,0 days 02:13:22.386000,VET,5,0 days 00:01:25.179000,49.0,3.0,,Sebastian Vettel,,0 days 00:00:29.523000,0 days 00:00:32,0 days 00:00:23.656000,0 days 02:12:26.748000,0 days 02:12:58.748000,0 days 02:13:22.404000,268.0,232.0,244.0,302.0,False,MEDIUM,3.0,True,Aston Martin,0 days 02:11:57.207000,,1,13.0,False,,False,True,18.1,71.0,985.7,False,25.7,290,4.1,True,False,False,False,False,False,1 L,+0.741,,0.741,8002.386,85.179,,,29.523,32.0,23.656,7946.748,7978.748,8002.404,7917.207
2022,Hungarian Grand Prix,13,Hungary,Budapest,0 days 02:14:46.520000,VET,5,0 days 00:01:24.134000,50.0,3.0,,Sebastian Vettel,,0 days 00:00:30.037000,0 days 00:00:30.623000,0 days 00:00:23.474000,0 days 02:13:52.441000,0 days 02:14:23.064000,0 days 02:14:46.538000,276.0,239.0,251.0,286.0,True,MEDIUM,4.0,True,Aston Martin,0 days 02:13:22.386000,,1,13.0,False,,False,True,18.1,70.0,985.7,True,25.8,289,3.7,True,False,False,False,False,False,+88.798,+0.428,88.798,0.428,8086.52,84.134,,,30.037,30.623,23.474,8032.441,8063.064,8086.538,8002.386
2022,Hungarian Grand Prix,13,Hungary,Budapest,0 days 02:16:09.344000,VET,5,0 days 00:01:22.824000,51.0,3.0,,Sebastian Vettel,,0 days 00:00:29.587000,0 days 00:00:29.899000,0 days 00:00:23.338000,0 days 02:15:16.125000,0 days 02:15:46.024000,0 days 02:16:09.362000,275.0,239.0,244.0,301.0,True,MEDIUM,5.0,True,Aston Martin,0 days 02:14:46.520000,,1,12.0,False,,False,True,18.2,70.0,985.7,True,25.9,286,4.5,True,False,False,False,False,False,1 L,+4.675,,4.675,8169.344,82.824,,,29.587,29.899,23.338,8116.125,8146.024,8169.362,8086.52
2022,Hungarian Grand Prix,13,Hungary,Budapest,0 days 02:17:32.590000,VET,5,0 days 00:01:23.246000,52.0,3.0,,Sebastian Vettel,,0 days 00:00:29.789000,0 days 00:00:30.073000,0 days 00:00:23.384000,0 days 02:16:39.151000,0 days 02:17:09.224000,0 days 02:17:32.608000,277.0,237.0,244.0,280.0,False,MEDIUM,6.0,True,Aston Martin,0 days 02:16:09.344000,,1,12.0,False,,False,True,18.1,70.0,985.9,False,25.6,291,5.0,True,False,False,False,False,False,1 L,+5.106,,5.106,8252.59,83.246,,,29.789,30.073,23.384,8199.151,8229.224,8252.608,8169.344
2022,Hungarian Grand Prix,13,Hungary,Budapest,0 days 02:18:55.558000,VET,5,0 days 00:01:22.968000,53.0,3.0,,Sebastian Vettel,,0 days 00:00:29.662000,0 days 00:00:29.929000,0 days 00:00:23.377000,0 days 02:18:02.270000,0 days 02:18:32.199000,0 days 02:18:55.576000,277.0,238.0,245.0,280.0,False,MEDIUM,7.0,True,Aston Martin,0 days 02:17:32.590000,,1,12.0,False,,False,True,18.1,70.0,985.7,False,25.5,280,4.5,True,False,False,False,False,False,1 L,+5.350,,5.35,8335.558,82.968,,,29.662,29.929,23.377,8282.27,8312.199,8335.576,8252.59
2022,Hungarian Grand Prix,13,Hungary,Budapest,0 days 02:20:18.547000,VET,5,0 days 00:01:22.989000,54.0,3.0,,Sebastian Vettel,,0 days 00:00:29.685000,0 days 00:00:29.999000,0 days 00:00:23.305000,0 days 02:19:25.261000,0 days 02:19:55.260000,0 days 02:20:18.565000,279.0,236.0,244.0,280.0,False,MEDIUM,8.0,True,Aston Martin,0 days 02:18:55.558000,,1,12.0,False,,False,True,18.1,70.0,985.7,False,25.5,283,5.4,True,False,False,False,False,False,1 L,+5.424,,5.424,8418.547,82.989,,,29.685,29.999,23.305,8365.261,8395.26,8418.565,8335.558
2022,Hungarian Grand Prix,13,Hungary,Budapest,0 days 02:21:41.454000,VET,5,0 days 00:01:22.907000,55.0,3.0,,Sebastian Vettel,,0 days 00:00:29.755000,0 days 00:00:29.802000,0 days 00:00:23.350000,0 days 02:20:48.320000,0 days 02:21:18.122000,0 days 02:21:41.472000,279.0,239.0,245.0,279.0,False,MEDIUM,9.0,True,Aston Martin,0 days 02:20:18.547000,,1,12.0,False,,False,True,18.0,70.0,985.9,True,25.2,288,4.1,True,False,False,False,False,False,1 L,+5.175,,5.175,8501.454,82.907,,,29.755,29.802,23.35,8448.32,8478.122,8501.472,8418.547
2022,Hungarian Grand Prix,13,Hungary,Budapest,0 days 02:23:04.332000,VET,5,0 days 00:01:22.878000,56.0,3.0,,Sebastian Vettel,,0 days 00:00:29.665000,0 days 00:00:29.947000,0 days 00:00:23.266000,0 days 02:22:11.137000,0 days 02:22:41.084000,0 days 02:23:04.350000,277.0,239.0,246.0,282.0,False,MEDIUM,10.0,True,Aston Martin,0 days 02:21:41.454000,,1,12.0,False,,False,True,18.0,69.0,985.9,True,25.2,294,5.6,True,False,False,False,False,False,1 L,+2.538,,2.538,8584.332,82.878,,,29.665,29.947,23.266,8531.137,8561.084,8584.35,8501.454
2022,Hungarian Grand Prix,13,Hungary,Budapest,0 days 02:24:27.702000,VET,5,0 days 00:01:23.370000,57.0,3.0,,Sebastian Vettel,,0 days 00:00:29.745000,0 days 00:00:29.919000,0 days 00:00:23.706000,0 days 02:23:34.095000,0 days 02:24:04.014000,0 days 02:24:27.720000,277.0,239.0,245.0,280.0,False,MEDIUM,11.0,True,Aston Martin,0 days 02:23:04.332000,,1,12.0,False,,False,True,18.0,70.0,985.9,True,25.1,279,4.4,True,False,False,False,False,False,1 L,+2.016,,2.016,8667.702,83.37,,,29.745,29.919,23.706,8614.095,8644.014,8667.72,8584.332
2022,Hungarian Grand Prix,13,Hungary,Budapest,0 days 02:25:50.965000,VET,5,0 days 00:01:23.263000,58.0,3.0,,Sebastian Vettel,,0 days 00:00:29.695000,0 days 00:00:30.137000,0 days 00:00:23.431000,0 days 02:24:57.415000,0 days 02:25:27.552000,0 days 02:25:50.983000,279.0,240.0,251.0,283.0,False,MEDIUM,12.0,True,Aston Martin,0 days 02:24:27.702000,,1,12.0,False,,False,True,18.1,69.0,985.7,True,24.8,288,4.1,True,False,False,False,False,False,1 L,+0.945,,0.945,8750.965,83.263,,,29.695,30.137,23.431,8697.415,8727.552,8750.983,8667.702
2022,Hungarian Grand Prix,13,Hungary,Budapest,0 days 02:27:14.381000,VET,5,0 days 00:01:23.416000,59.0,3.0,,Sebastian Vettel,,0 days 00:00:29.602000,0 days 00:00:30.172000,0 days 00:00:23.642000,0 days 02:26:20.585000,0 days 02:26:50.757000,0 days 02:27:14.399000,282.0,238.0,249.0,297.0,False,MEDIUM,13.0,True,Aston Martin,0 days 02:25:50.965000,,1,12.0,False,,False,True,18.1,70.0,986.0,True,24.8,283,4.5,True,False,False,False,False,False,1 L,+0.956,,0.956,8834.381,83.416,,,29.602,30.172,23.642,8780.585,8810.757,8834.399,8750.965
2022,Hungarian Grand Prix,13,Hungary,Budapest,0 days 02:28:37.875000,VET,5,0 days 00:01:23.494000,60.0,3.0,,Sebastian Vettel,,0 days 00:00:29.581000,0 days 00:00:30.389000,0 days 00:00:23.524000,0 days 02:27:43.980000,0 days 02:28:14.369000,0 days 02:28:37.893000,281.0,239.0,251.0,297.0,False,MEDIUM,14.0,True,Aston Martin,0 days 02:27:14.381000,,1,12.0,False,,False,True,18.0,70.0,985.9,True,24.8,282,4.8,True,False,False,False,False,False,1 L,+0.759,,0.759,8917.875,83.494,,,29.581,30.389,23.524,8863.98,8894.369,8917.893,8834.381
2022,Hungarian Grand Prix,13,Hungary,Budapest,0 days 02:30:02.159000,VET,5,0 days 00:01:24.284000,61.0,3.0,,Sebastian Vettel,,0 days 00:00:29.645000,0 days 00:00:30.760000,0 days 00:00:23.879000,0 days 02:29:07.538000,0 days 02:29:38.298000,0 days 02:30:02.177000,282.0,238.0,255.0,299.0,False,MEDIUM,15.0,True,Aston Martin,0 days 02:28:37.875000,,1,12.0,False,,False,True,18.0,70.0,986.0,True,24.7,287,5.0,True,False,False,False,False,False,1 L,+0.428,,0.428,9002.159,84.284,,,29.645,30.76,23.879,8947.538,8978.298,9002.177,8917.875
2022,Hungarian Grand Prix,13,Hungary,Budapest,0 days 02:31:25.584000,VET,5,0 days 00:01:23.425000,62.0,3.0,,Sebastian Vettel,,0 days 00:00:29.713000,0 days 00:00:30.313000,0 days 00:00:23.399000,0 days 02:30:31.890000,0 days 02:31:02.203000,0 days 02:31:25.602000,281.0,239.0,253.0,305.0,False,MEDIUM,16.0,True,Aston Martin,0 days 02:30:02.159000,,1,11.0,False,,False,True,18.0,70.0,985.9,True,24.6,285,5.0,True,False,False,False,False,False,1 L,+0.470,,0.47,9085.584,83.425,,,29.713,30.313,23.399,9031.89,9062.203,9085.602,9002.159
2022,Hungarian Grand Prix,13,Hungary,Budapest,0 days 02:32:51.050000,VET,5,0 days 00:01:25.466000,63.0,3.0,,Sebastian Vettel,,0 days 00:00:30.540000,0 days 00:00:31.242000,0 days 00:00:23.684000,0 days 02:31:56.142000,0 days 02:32:27.384000,0 days 02:32:51.068000,265.0,237.0,251.0,301.0,False,MEDIUM,17.0,True,Aston Martin,0 days 02:31:25.584000,,1,11.0,False,,False,True,18.0,70.0,986.0,True,24.6,304,3.7,True,False,False,False,False,False,1 L,+0.845,,0.845,9171.05,85.466,,,30.54,31.242,23.684,9116.142,9147.384,9171.068,9085.584
2022,Hungarian Grand Prix,13,Hungary,Budapest,0 days 02:34:14.678000,VET,5,0 days 00:01:23.628000,64.0,3.0,,Sebastian Vettel,,0 days 00:00:29.741000,0 days 00:00:30.270000,0 days 00:00:23.617000,0 days 02:33:20.809000,0 days 02:33:51.079000,0 days 02:34:14.696000,280.0,234.0,250.0,299.0,False,MEDIUM,18.0,True,Aston Martin,0 days 02:32:51.050000,,1,11.0,False,,False,True,18.1,70.0,986.0,True,24.7,287,3.4,True,False,False,False,False,False,1 L,+0.990,,0.99,9254.678,83.628,,,29.741,30.27,23.617,9200.809,9231.079,9254.696,9171.05
2022,Hungarian Grand Prix,13,Hungary,Budapest,0 days 02:35:39.958000,VET,5,0 days 00:01:25.280000,65.0,3.0,,Sebastian Vettel,,0 days 00:00:30.389000,0 days 00:00:31.126000,0 days 00:00:23.765000,0 days 02:34:45.085000,0 days 02:35:16.211000,0 days 02:35:39.976000,223.0,237.0,246.0,297.0,False,MEDIUM,19.0,True,Aston Martin,0 days 02:34:14.678000,,1,10.0,False,,False,True,18.1,70.0,986.0,True,24.7,289,3.2,True,False,False,False,False,False,1 L,+6.543,,6.543,9339.958,85.28,,,30.389,31.126,23.765,9285.085,9316.211,9339.976,9254.678
2022,Hungarian Grand Prix,13,Hungary,Budapest,0 days 02:37:03.140000,VET,5,0 days 00:01:23.182000,66.0,3.0,,Sebastian Vettel,,0 days 00:00:29.674000,0 days 00:00:30.051000,0 days 00:00:23.457000,0 days 02:36:09.650000,0 days 02:36:39.701000,0 days 02:37:03.158000,278.0,241.0,247.0,282.0,False,MEDIUM,20.0,True,Aston Martin,0 days 02:35:39.958000,,12,10.0,False,,False,True,18.1,70.0,986.0,True,24.7,281,2.5,True,True,False,False,False,False,1 L,+5.221,,5.221,9423.14,83.182,,,29.674,30.051,23.457,9369.65,9399.701,9423.158,9339.958
2022,Hungarian Grand Prix,13,Hungary,Budapest,0 days 02:38:43.702000,VET,5,0 days 00:01:40.562000,67.0,3.0,,Sebastian Vettel,,0 days 00:00:29.801000,0 days 00:00:38.593000,0 days 00:00:32.168000,0 days 02:37:32.959000,0 days 02:38:11.552000,0 days 02:38:43.720000,280.0,209.0,125.0,281.0,False,MEDIUM,21.0,True,Aston Martin,0 days 02:37:03.140000,,26,10.0,False,,False,False,18.1,69.0,986.2,False,24.7,272,4.5,False,True,False,False,True,False,1 L,+4.255,,4.255,9523.702,100.562,,,29.801,38.593,32.168,9452.959,9491.552,9523.72,9423.14
2022,Hungarian Grand Prix,13,Hungary,Budapest,0 days 02:40:24.025000,VET,5,0 days 00:01:40.323000,68.0,3.0,,Sebastian Vettel,,0 days 00:00:42.129000,0 days 00:00:33.664000,0 days 00:00:24.530000,0 days 02:39:25.849000,0 days 02:39:59.513000,0 days 02:40:24.043000,198.0,230.0,244.0,202.0,False,MEDIUM,22.0,True,Aston Martin,0 days 02:38:43.702000,,671,10.0,False,,False,False,18.1,70.0,986.0,True,24.3,286,4.9,True,False,False,False,True,True,1 L,+1.552,,1.552,9624.025,100.323,,,42.129,33.664,24.53,9565.849,9599.513,9624.043,9523.702
2022,Hungarian Grand Prix,13,Hungary,Budapest,0 days 02:41:53.181000,VET,5,0 days 00:01:29.156000,69.0,3.0,,Sebastian Vettel,,0 days 00:00:31.073000,0 days 00:00:32.739000,0 days 00:00:25.344000,0 days 02:40:55.116000,0 days 02:41:27.855000,0 days 02:41:53.199000,275.0,229.0,250.0,284.0,False,MEDIUM,23.0,True,Aston Martin,0 days 02:40:24.025000,,1,10.0,False,,False,True,18.0,70.0,986.0,True,23.9,283,4.5,True,False,False,False,False,False,1 L,+0.274,,0.274,9713.181,89.156,,,31.073,32.739,25.344,9655.116,9687.855,9713.199,9624.025
2022,Hungarian Grand Prix,13,Hungary,Budapest,0 days 01:03:36.084000,SAI,55,0 days 00:01:30.046000,1.0,1.0,,Carlos Sainz,,,0 days 00:00:31.279000,0 days 00:00:23.933000,,0 days 01:03:12.277000,0 days 01:03:36.234000,262.0,233.0,238.0,244.0,False,MEDIUM,1.0,True,Ferrari,0 days 01:02:05.807000,,126,2.0,False,,False,False,18.4,70.0,985.7,True,26.4,289,5.0,True,True,False,False,True,False,+1.562,+1.562,1.562,1.562,3816.084,90.046,,,,31.279,23.933,,3792.277,3816.234,3725.807
2022,Hungarian Grand Prix,13,Hungary,Budapest,0 days 01:05:30.727000,SAI,55,0 days 00:01:54.643000,2.0,1.0,,Carlos Sainz,,0 days 00:00:43.453000,0 days 00:00:37.857000,0 days 00:00:33.333000,0 days 01:04:19.592000,0 days 01:04:57.449000,0 days 01:05:30.782000,168.0,205.0,222.0,98.0,True,MEDIUM,2.0,True,Ferrari,0 days 01:03:36.084000,,6,2.0,False,,False,False,18.4,70.0,985.7,True,26.5,286,4.5,False,False,False,False,True,False,+4.990,+4.990,4.99,4.99,3930.727,114.643,,,43.453,37.857,33.333,3859.592,3897.449,3930.782,3816.084
2022,Hungarian Grand Prix,13,Hungary,Budapest,0 days 01:06:59.632000,SAI,55,0 days 00:01:28.905000,3.0,1.0,,Carlos Sainz,,0 days 00:00:35.368000,0 days 00:00:30.326000,0 days 00:00:23.211000,0 days 01:06:06.150000,0 days 01:06:36.476000,0 days 01:06:59.687000,269.0,234.0,241.0,241.0,True,MEDIUM,3.0,True,Ferrari,0 days 01:05:30.727000,,671,2.0,False,,False,False,18.4,70.0,985.5,False,26.7,277,3.9,True,False,False,False,True,True,+2.510,+2.510,2.51,2.51,4019.632,88.905,,,35.368,30.326,23.211,3966.15,3996.476,4019.687,3930.727
2022,Hungarian Grand Prix,13,Hungary,Budapest,0 days 01:08:22.986000,SAI,55,0 days 00:01:23.354000,4.0,1.0,,Carlos Sainz,,0 days 00:00:30.071000,0 days 00:00:29.948000,0 days 00:00:23.335000,0 days 01:07:29.758000,0 days 01:07:59.706000,0 days 01:08:23.041000,274.0,235.0,242.0,278.0,True,MEDIUM,4.0,True,Ferrari,0 days 01:06:59.632000,,1,2.0,False,,False,True,18.4,70.0,985.5,False,26.7,299,3.2,True,False,False,False,False,False,+2.131,+2.131,2.131,2.131,4102.986,83.354,,,30.071,29.948,23.335,4049.758,4079.706,4103.041,4019.632
2022,Hungarian Grand Prix,13,Hungary,Budapest,0 days 01:09:46.918000,SAI,55,0 days 00:01:23.932000,5.0,1.0,,Carlos Sainz,,0 days 00:00:30.152000,0 days 00:00:30.284000,0 days 00:00:23.496000,0 days 01:08:53.193000,0 days 01:09:23.477000,0 days 01:09:46.973000,272.0,237.0,241.0,278.0,False,MEDIUM,5.0,True,Ferrari,0 days 01:08:22.986000,,1,2.0,False,,False,True,18.6,71.0,985.5,True,26.5,290,3.5,True,False,False,False,False,False,+2.146,+2.146,2.146,2.146,4186.918,83.932,,,30.152,30.284,23.496,4133.193,4163.477,4186.973,4102.986
2022,Hungarian Grand Prix,13,Hungary,Budapest,0 days 01:11:10.856000,SAI,55,0 days 00:01:23.938000,6.0,1.0,,Carlos Sainz,,0 days 00:00:30.038000,0 days 00:00:30.327000,0 days 00:00:23.573000,0 days 01:10:17.011000,0 days 01:10:47.338000,0 days 01:11:10.911000,274.0,234.0,243.0,279.0,False,MEDIUM,6.0,True,Ferrari,0 days 01:09:46.918000,,1,2.0,False,,False,True,18.6,70.0,985.5,False,26.7,297,3.5,True,False,False,False,False,False,+2.031,+2.031,2.031,2.031,4270.856,83.938,,,30.038,30.327,23.573,4217.011,4247.338,4270.911,4186.918
2022,Hungarian Grand Prix,13,Hungary,Budapest,0 days 01:12:34.921000,SAI,55,0 days 00:01:24.065000,7.0,1.0,,Carlos Sainz,,0 days 00:00:30.114000,0 days 00:00:30.303000,0 days 00:00:23.648000,0 days 01:11:41.025000,0 days 01:12:11.328000,0 days 01:12:34.976000,272.0,237.0,239.0,279.0,False,MEDIUM,7.0,True,Ferrari,0 days 01:11:10.856000,,1,2.0,False,,False,True,18.6,71.0,985.5,False,26.5,281,3.2,True,False,False,False,False,False,+1.963,+1.963,1.963,1.963,4354.921,84.065,,,30.114,30.303,23.648,4301.025,4331.328,4354.976,4270.856
2022,Hungarian Grand Prix,13,Hungary,Budapest,0 days 01:13:59.360000,SAI,55,0 days 00:01:24.439000,8.0,1.0,,Carlos Sainz,,0 days 00:00:30.212000,0 days 00:00:30.500000,0 days 00:00:23.727000,0 days 01:13:05.188000,0 days 01:13:35.688000,0 days 01:13:59.415000,273.0,235.0,241.0,279.0,False,MEDIUM,8.0,True,Ferrari,0 days 01:12:34.921000,,1,2.0,False,,False,True,18.5,71.0,985.5,False,26.6,284,3.9,True,False,False,False,False,False,+2.373,+2.373,2.373,2.373,4439.36,84.439,,,30.212,30.5,23.727,4385.188,4415.688,4439.415,4354.921
2022,Hungarian Grand Prix,13,Hungary,Budapest,0 days 01:15:23.220000,SAI,55,0 days 00:01:23.860000,9.0,1.0,,Carlos Sainz,,0 days 00:00:30.065000,0 days 00:00:30.184000,0 days 00:00:23.611000,0 days 01:14:29.480000,0 days 01:14:59.664000,0 days 01:15:23.275000,273.0,235.0,242.0,280.0,False,MEDIUM,9.0,True,Ferrari,0 days 01:13:59.360000,,1,2.0,False,,False,True,18.5,71.0,985.5,False,26.6,312,4.4,True,False,False,False,False,False,+2.559,+2.559,2.559,2.559,4523.22,83.86,,,30.065,30.184,23.611,4469.48,4499.664,4523.275,4439.36
2022,Hungarian Grand Prix,13,Hungary,Budapest,0 days 01:16:47.868000,SAI,55,0 days 00:01:24.648000,10.0,1.0,,Carlos Sainz,,0 days 00:00:30.216000,0 days 00:00:30.645000,0 days 00:00:23.787000,0 days 01:15:53.491000,0 days 01:16:24.136000,0 days 01:16:47.923000,272.0,235.0,240.0,278.0,False,MEDIUM,10.0,True,Ferrari,0 days 01:15:23.220000,,1,2.0,False,,False,True,18.5,71.0,985.5,False,26.7,280,3.5,True,False,False,False,False,False,+2.660,+2.660,2.66,2.66,4607.868,84.648,,,30.216,30.645,23.787,4553.491,4584.136,4607.923,4523.22
2022,Hungarian Grand Prix,13,Hungary,Budapest,0 days 01:18:11.769000,SAI,55,0 days 00:01:23.901000,11.0,1.0,,Carlos Sainz,,0 days 00:00:29.986000,0 days 00:00:30.295000,0 days 00:00:23.620000,0 days 01:17:17.909000,0 days 01:17:48.204000,0 days 01:18:11.824000,275.0,236.0,242.0,279.0,False,MEDIUM,11.0,True,Ferrari,0 days 01:16:47.868000,,1,2.0,False,,False,True,18.5,71.0,985.5,False,26.8,288,3.7,True,False,False,False,False,False,+2.266,+2.266,2.266,2.266,4691.769,83.901,,,29.986,30.295,23.62,4637.909,4668.204,4691.824,4607.868
2022,Hungarian Grand Prix,13,Hungary,Budapest,0 days 01:19:36.079000,SAI,55,0 days 00:01:24.310000,12.0,1.0,,Carlos Sainz,,0 days 00:00:30.055000,0 days 00:00:30.478000,0 days 00:00:23.777000,0 days 01:18:41.879000,0 days 01:19:12.357000,0 days 01:19:36.134000,272.0,234.0,241.0,279.0,False,MEDIUM,12.0,True,Ferrari,0 days 01:18:11.769000,,1,2.0,False,,False,True,18.5,71.0,985.5,False,26.9,289,3.9,True,False,False,False,False,False,+2.399,+2.399,2.399,2.399,4776.079,84.31,,,30.055,30.478,23.777,4721.879,4752.357,4776.134,4691.769
2022,Hungarian Grand Prix,13,Hungary,Budapest,0 days 01:21:00.186000,SAI,55,0 days 00:01:24.107000,13.0,1.0,,Carlos Sainz,,0 days 00:00:29.989000,0 days 00:00:30.358000,0 days 00:00:23.760000,0 days 01:20:06.123000,0 days 01:20:36.481000,0 days 01:21:00.241000,274.0,234.0,241.0,279.0,False,MEDIUM,13.0,True,Ferrari,0 days 01:19:36.079000,,1,2.0,False,,False,True,18.5,71.0,985.5,False,26.9,282,4.5,True,False,False,False,False,False,+1.950,+1.950,1.95,1.95,4860.186,84.107,,,29.989,30.358,23.76,4806.123,4836.481,4860.241,4776.079
2022,Hungarian Grand Prix,13,Hungary,Budapest,0 days 01:22:24.640000,SAI,55,0 days 00:01:24.454000,14.0,1.0,,Carlos Sainz,,0 days 00:00:29.983000,0 days 00:00:30.284000,0 days 00:00:24.187000,0 days 01:21:30.224000,0 days 01:22:00.508000,0 days 01:22:24.695000,274.0,236.0,242.0,280.0,False,MEDIUM,14.0,True,Ferrari,0 days 01:21:00.186000,,1,2.0,False,,False,True,18.5,71.0,985.5,False,26.9,282,4.4,True,False,False,False,False,False,+1.391,+1.391,1.391,1.391,4944.64,84.454,,,29.983,30.284,24.187,4890.224,4920.508,4944.695,4860.186
2022,Hungarian Grand Prix,13,Hungary,Budapest,0 days 01:23:49.307000,SAI,55,0 days 00:01:24.667000,15.0,1.0,,Carlos Sainz,,0 days 00:00:30.211000,0 days 00:00:30.570000,0 days 00:00:23.886000,0 days 01:22:54.906000,0 days 01:23:25.476000,0 days 01:23:49.362000,273.0,236.0,242.0,280.0,False,MEDIUM,15.0,True,Ferrari,0 days 01:22:24.640000,,1,2.0,False,,False,True,18.4,71.0,985.5,False,26.9,267,2.5,True,False,False,False,False,False,+1.182,+1.182,1.182,1.182,5029.307,84.667,,,30.211,30.57,23.886,4974.906,5005.476,5029.362,4944.64
2022,Hungarian Grand Prix,13,Hungary,Budapest,0 days 01:25:14.420000,SAI,55,0 days 00:01:25.113000,16.0,1.0,,Carlos Sainz,,0 days 00:00:30.236000,0 days 00:00:30.837000,0 days 00:00:24.040000,0 days 01:24:19.598000,0 days 01:24:50.435000,0 days 01:25:14.475000,275.0,235.0,244.0,279.0,False,MEDIUM,16.0,True,Ferrari,0 days 01:23:49.307000,,1,1.0,False,,False,True,18.4,71.0,985.5,False,27.2,282,3.5,True,False,False,False,False,False,+0.769,+0.769,0.769,0.769,5114.42,85.113,,,30.236,30.837,24.04,5059.598,5090.435,5114.475,5029.307
2022,Hungarian Grand Prix,13,Hungary,Budapest,0 days 01:26:41.389000,SAI,55,0 days 00:01:26.969000,17.0,1.0,,Carlos Sainz,0 days 01:26:39.690000,0 days 00:00:29.947000,0 days 00:00:30.711000,0 days 00:00:26.311000,0 days 01:25:44.422000,0 days 01:26:15.133000,0 days 01:26:41.444000,271.0,234.0,,290.0,False,MEDIUM,17.0,True,Ferrari,0 days 01:25:14.420000,,1,2.0,False,,False,False,18.4,70.0,985.5,False,27.2,285,4.5,True,False,False,False,False,False,LAP 17,LAP 17,,,5201.389,86.969,5199.69,,29.947,30.711,26.311,5144.422,5175.133,5201.444,5114.42
2022,Hungarian Grand Prix,13,Hungary,Budapest,0 days 01:28:25.744000,SAI,55,0 days 00:01:44.355000,18.0,2.0,0 days 01:27:02.513000,Carlos Sainz,,0 days 00:00:49.940000,0 days 00:00:30.645000,0 days 00:00:23.770000,0 days 01:27:31.384000,0 days 01:28:02.029000,0 days 01:28:25.799000,271.0,232.0,248.0,290.0,False,MEDIUM,1.0,True,Ferrari,0 days 01:26:41.389000,,1,6.0,False,,False,False,18.4,70.0,985.7,False,27.6,292,4.8,True,False,False,False,False,False,+22.576,+0.328,22.576,0.328,5305.744,104.355,,5222.513,49.94,30.645,23.77,5251.384,5282.029,5305.799,5201.389
2022,Hungarian Grand Prix,13,Hungary,Budapest,0 days 01:29:49.226000,SAI,55,0 days 00:01:23.482000,19.0,2.0,,Carlos Sainz,,0 days 00:00:29.739000,0 days 00:00:30.230000,0 days 00:00:23.513000,0 days 01:28:55.538000,0 days 01:29:25.768000,0 days 01:29:49.281000,275.0,236.0,242.0,297.0,False,MEDIUM,2.0,True,Ferrari,0 days 01:28:25.744000,,1,4.0,False,,False,True,18.4,70.0,985.7,False,27.6,281,4.4,True,False,False,False,False,False,+22.196,+3.358,22.196,3.358,5389.226,83.482,,,29.739,30.23,23.513,5335.538,5365.768,5389.281,5305.744
2022,Hungarian Grand Prix,13,Hungary,Budapest,0 days 01:31:12.956000,SAI,55,0 days 00:01:23.730000,20.0,2.0,,Carlos Sainz,,0 days 00:00:30.037000,0 days 00:00:30.301000,0 days 00:00:23.392000,0 days 01:30:19.318000,0 days 01:30:49.619000,0 days 01:31:13.011000,272.0,237.0,241.0,277.0,False,MEDIUM,3.0,True,Ferrari,0 days 01:29:49.226000,,1,3.0,False,,False,True,18.5,70.0,985.7,False,27.3,280,5.3,True,False,False,False,False,False,+21.606,+3.398,21.606,3.398,5472.956,83.73,,,30.037,30.301,23.392,5419.318,5449.619,5473.011,5389.226
2022,Hungarian Grand Prix,13,Hungary,Budapest,0 days 01:32:36.545000,SAI,55,0 days 00:01:23.589000,21.0,2.0,,Carlos Sainz,,0 days 00:00:29.932000,0 days 00:00:30.102000,0 days 00:00:23.555000,0 days 01:31:42.943000,0 days 01:32:13.045000,0 days 01:32:36.600000,276.0,235.0,243.0,277.0,False,MEDIUM,4.0,True,Ferrari,0 days 01:31:12.956000,,1,3.0,False,,False,True,18.5,70.0,985.5,False,27.5,279,4.0,True,False,False,False,False,False,+21.140,+3.191,21.14,3.191,5556.545,83.589,,,29.932,30.102,23.555,5502.943,5533.045,5556.6,5472.956
2022,Hungarian Grand Prix,13,Hungary,Budapest,0 days 01:34:01.066000,SAI,55,0 days 00:01:24.521000,22.0,2.0,,Carlos Sainz,,0 days 00:00:30.396000,0 days 00:00:30.452000,0 days 00:00:23.673000,0 days 01:33:06.996000,0 days 01:33:37.448000,0 days 01:34:01.121000,272.0,236.0,244.0,278.0,False,MEDIUM,5.0,True,Ferrari,0 days 01:32:36.545000,,1,3.0,False,,False,True,18.5,70.0,985.5,False,27.6,290,5.0,True,False,False,False,False,False,+3.975,+1.506,3.975,1.506,5641.066,84.521,,,30.396,30.452,23.673,5586.996,5617.448,5641.121,5556.545
2022,Hungarian Grand Prix,13,Hungary,Budapest,0 days 01:35:24.984000,SAI,55,0 days 00:01:23.918000,23.0,2.0,,Carlos Sainz,,0 days 00:00:30.140000,0 days 00:00:30.212000,0 days 00:00:23.566000,0 days 01:34:31.261000,0 days 01:35:01.473000,0 days 01:35:25.039000,275.0,237.0,243.0,280.0,False,MEDIUM,6.0,True,Ferrari,0 days 01:34:01.066000,,1,3.0,False,,False,True,18.5,70.0,985.5,False,27.7,293,4.4,True,False,False,False,False,False,+4.374,+2.511,4.374,2.511,5724.984,83.918,,,30.14,30.212,23.566,5671.261,5701.473,5725.039,5641.066
2022,Hungarian Grand Prix,13,Hungary,Budapest,0 days 01:36:48.725000,SAI,55,0 days 00:01:23.741000,24.0,2.0,,Carlos Sainz,,0 days 00:00:29.806000,0 days 00:00:30.152000,0 days 00:00:23.783000,0 days 01:35:54.845000,0 days 01:36:24.997000,0 days 01:36:48.780000,274.0,236.0,242.0,281.0,False,MEDIUM,7.0,True,Ferrari,0 days 01:35:24.984000,,1,3.0,False,,False,True,18.4,70.0,985.5,False,27.8,277,3.2,True,False,False,False,False,False,+4.173,+2.543,4.173,2.543,5808.725,83.741,,,29.806,30.152,23.783,5754.845,5784.997,5808.78,5724.984
2022,Hungarian Grand Prix,13,Hungary,Budapest,0 days 01:38:12.302000,SAI,55,0 days 00:01:23.577000,25.0,2.0,,Carlos Sainz,,0 days 00:00:29.850000,0 days 00:00:30.023000,0 days 00:00:23.704000,0 days 01:37:18.630000,0 days 01:37:48.653000,0 days 01:38:12.357000,276.0,238.0,244.0,280.0,False,MEDIUM,8.0,True,Ferrari,0 days 01:36:48.725000,,1,3.0,False,,False,True,18.5,70.0,985.5,False,28.0,271,4.6,True,False,False,False,False,False,+4.072,+2.664,4.072,2.664,5892.302,83.577,,,29.85,30.023,23.704,5838.63,5868.653,5892.357,5808.725
2022,Hungarian Grand Prix,13,Hungary,Budapest,0 days 01:39:36.106000,SAI,55,0 days 00:01:23.804000,26.0,2.0,,Carlos Sainz,,0 days 00:00:29.806000,0 days 00:00:30.382000,0 days 00:00:23.616000,0 days 01:38:42.163000,0 days 01:39:12.545000,0 days 01:39:36.161000,274.0,237.0,244.0,282.0,False,MEDIUM,9.0,True,Ferrari,0 days 01:38:12.302000,,1,3.0,False,,False,True,18.5,70.0,985.5,False,28.2,282,3.5,True,False,False,False,False,False,+4.135,+3.250,4.135,3.25,5976.106,83.804,,,29.806,30.382,23.616,5922.163,5952.545,5976.161,5892.302
2022,Hungarian Grand Prix,13,Hungary,Budapest,0 days 01:40:59.837000,SAI,55,0 days 00:01:23.731000,27.0,2.0,,Carlos Sainz,,0 days 00:00:30.064000,0 days 00:00:30.102000,0 days 00:00:23.565000,0 days 01:40:06.225000,0 days 01:40:36.327000,0 days 01:40:59.892000,275.0,238.0,243.0,281.0,False,MEDIUM,10.0,True,Ferrari,0 days 01:39:36.106000,,1,3.0,False,,False,True,18.5,70.0,985.5,False,28.3,277,3.4,True,False,False,False,False,False,+3.990,+3.326,3.99,3.326,6059.837,83.731,,,30.064,30.102,23.565,6006.225,6036.327,6059.892,5976.106
2022,Hungarian Grand Prix,13,Hungary,Budapest,0 days 01:42:23.485000,SAI,55,0 days 00:01:23.648000,28.0,2.0,,Carlos Sainz,,0 days 00:00:29.900000,0 days 00:00:30.328000,0 days 00:00:23.420000,0 days 01:41:29.792000,0 days 01:42:00.120000,0 days 01:42:23.540000,275.0,236.0,243.0,281.0,False,MEDIUM,11.0,True,Ferrari,0 days 01:40:59.837000,,1,3.0,False,,False,True,18.5,70.0,985.5,False,28.5,294,3.5,True,False,False,False,False,False,+3.039,+2.384,3.039,2.384,6143.485,83.648,,,29.9,30.328,23.42,6089.792,6120.12,6143.54,6059.837
2022,Hungarian Grand Prix,13,Hungary,Budapest,0 days 01:43:47.657000,SAI,55,0 days 00:01:24.172000,29.0,2.0,,Carlos Sainz,,0 days 00:00:30.253000,0 days 00:00:30.427000,0 days 00:00:23.492000,0 days 01:42:53.793000,0 days 01:43:24.220000,0 days 01:43:47.712000,275.0,238.0,244.0,280.0,False,MEDIUM,12.0,True,Ferrari,0 days 01:42:23.485000,,1,3.0,False,,False,True,18.6,70.0,985.5,False,28.5,291,4.0,True,False,False,False,False,False,+2.934,+2.297,2.934,2.297,6227.657,84.172,,,30.253,30.427,23.492,6173.793,6204.22,6227.712,6143.485
2022,Hungarian Grand Prix,13,Hungary,Budapest,0 days 01:45:11.437000,SAI,55,0 days 00:01:23.780000,30.0,2.0,,Carlos Sainz,,0 days 00:00:30.016000,0 days 00:00:30.180000,0 days 00:00:23.584000,0 days 01:44:17.728000,0 days 01:44:47.908000,0 days 01:45:11.492000,277.0,239.0,244.0,278.0,False,MEDIUM,13.0,True,Ferrari,0 days 01:43:47.657000,,1,3.0,False,,False,True,18.6,69.0,985.4,False,28.5,274,4.8,True,False,False,False,False,False,+2.536,+2.023,2.536,2.023,6311.437,83.78,,,30.016,30.18,23.584,6257.728,6287.908,6311.492,6227.657
2022,Hungarian Grand Prix,13,Hungary,Budapest,0 days 01:46:35.479000,SAI,55,0 days 00:01:24.042000,31.0,2.0,,Carlos Sainz,,0 days 00:00:29.838000,0 days 00:00:30.436000,0 days 00:00:23.768000,0 days 01:45:41.330000,0 days 01:46:11.766000,0 days 01:46:35.534000,276.0,237.0,244.0,281.0,False,MEDIUM,14.0,True,Ferrari,0 days 01:45:11.437000,,1,3.0,False,,False,True,18.3,70.0,985.5,False,28.0,293,5.3,True,False,False,False,False,False,+3.163,+1.527,3.163,1.527,6395.479,84.042,,,29.838,30.436,23.768,6341.33,6371.766,6395.534,6311.437
2022,Hungarian Grand Prix,13,Hungary,Budapest,0 days 01:47:59.749000,SAI,55,0 days 00:01:24.270000,32.0,2.0,,Carlos Sainz,,0 days 00:00:29.843000,0 days 00:00:30.657000,0 days 00:00:23.770000,0 days 01:47:05.377000,0 days 01:47:36.034000,0 days 01:47:59.804000,277.0,240.0,244.0,282.0,False,MEDIUM,15.0,True,Ferrari,0 days 01:46:35.479000,,1,3.0,False,,False,True,18.4,70.0,985.5,False,28.0,277,5.0,True,False,False,False,False,False,+3.107,+1.131,3.107,1.131,6479.749,84.27,,,29.843,30.657,23.77,6425.377,6456.034,6479.804,6395.479
2022,Hungarian Grand Prix,13,Hungary,Budapest,0 days 01:49:23.545000,SAI,55,0 days 00:01:23.796000,33.0,2.0,,Carlos Sainz,,0 days 00:00:29.908000,0 days 00:00:30.318000,0 days 00:00:23.570000,0 days 01:48:29.712000,0 days 01:49:00.030000,0 days 01:49:23.600000,275.0,238.0,248.0,283.0,False,MEDIUM,16.0,True,Ferrari,0 days 01:47:59.749000,,1,3.0,False,,False,True,18.4,71.0,985.5,False,27.7,266,5.8,True,False,False,False,False,False,+3.499,+0.959,3.499,0.959,6563.545,83.796,,,29.908,30.318,23.57,6509.712,6540.03,6563.6,6479.749
2022,Hungarian Grand Prix,13,Hungary,Budapest,0 days 01:50:47.300000,SAI,55,0 days 00:01:23.755000,34.0,2.0,,Carlos Sainz,,0 days 00:00:29.663000,0 days 00:00:30.396000,0 days 00:00:23.696000,0 days 01:49:53.263000,0 days 01:50:23.659000,0 days 01:50:47.355000,277.0,239.0,250.0,297.0,False,MEDIUM,17.0,True,Ferrari,0 days 01:49:23.545000,,1,3.0,False,,False,True,18.3,71.0,985.5,False,27.6,285,3.9,True,False,False,False,False,False,+3.881,+0.734,3.881,0.734,6647.3,83.755,,,29.663,30.396,23.696,6593.263,6623.659,6647.355,6563.545
2022,Hungarian Grand Prix,13,Hungary,Budapest,0 days 01:52:11.503000,SAI,55,0 days 00:01:24.203000,35.0,2.0,,Carlos Sainz,,0 days 00:00:29.885000,0 days 00:00:30.528000,0 days 00:00:23.790000,0 days 01:51:17.240000,0 days 01:51:47.768000,0 days 01:52:11.558000,268.0,239.0,244.0,297.0,False,MEDIUM,18.0,True,Ferrari,0 days 01:50:47.300000,,12,3.0,False,,False,True,18.3,70.0,985.5,False,27.3,282,4.4,True,True,False,False,False,False,+4.577,+1.097,4.577,1.097,6731.503,84.203,,,29.885,30.528,23.79,6677.24,6707.768,6731.558,6647.3
2022,Hungarian Grand Prix,13,Hungary,Budapest,0 days 01:53:35.599000,SAI,55,0 days 00:01:24.096000,36.0,2.0,,Carlos Sainz,,0 days 00:00:29.805000,0 days 00:00:30.389000,0 days 00:00:23.902000,0 days 01:52:41.363000,0 days 01:53:11.752000,0 days 01:53:35.654000,277.0,235.0,245.0,285.0,False,MEDIUM,19.0,True,Ferrari,0 days 01:52:11.503000,,1,3.0,False,,False,True,18.2,71.0,985.5,False,26.8,279,3.4,True,False,False,False,False,False,+5.461,+0.974,5.461,0.974,6815.599,84.096,,,29.805,30.389,23.902,6761.363,6791.752,6815.654,6731.503
2022,Hungarian Grand Prix,13,Hungary,Budapest,0 days 01:54:59.675000,SAI,55,0 days 00:01:24.076000,37.0,2.0,,Carlos Sainz,,0 days 00:00:29.900000,0 days 00:00:30.373000,0 days 00:00:23.803000,0 days 01:54:05.554000,0 days 01:54:35.927000,0 days 01:54:59.730000,275.0,239.0,242.0,286.0,False,MEDIUM,20.0,True,Ferrari,0 days 01:53:35.599000,,1,3.0,False,,False,True,18.2,71.0,985.7,False,26.9,282,3.9,True,False,False,False,False,False,+6.150,+1.211,6.15,1.211,6899.675,84.076,,,29.9,30.373,23.803,6845.554,6875.927,6899.73,6815.599
2022,Hungarian Grand Prix,13,Hungary,Budapest,0 days 01:56:24.029000,SAI,55,0 days 00:01:24.354000,38.0,2.0,,Carlos Sainz,,0 days 00:00:30.190000,0 days 00:00:30.523000,0 days 00:00:23.641000,0 days 01:55:29.920000,0 days 01:56:00.443000,0 days 01:56:24.084000,275.0,238.0,242.0,283.0,False,MEDIUM,21.0,True,Ferrari,0 days 01:54:59.675000,,1,3.0,False,,False,True,18.2,71.0,985.7,False,26.7,287,4.1,True,False,False,False,False,False,+6.729,+1.285,6.729,1.285,6984.029,84.354,,,30.19,30.523,23.641,6929.92,6960.443,6984.084,6899.675
2022,Hungarian Grand Prix,13,Hungary,Budapest,0 days 01:57:48.652000,SAI,55,0 days 00:01:24.623000,39.0,2.0,,Carlos Sainz,,0 days 00:00:30.151000,0 days 00:00:30.620000,0 days 00:00:23.852000,0 days 01:56:54.235000,0 days 01:57:24.855000,0 days 01:57:48.707000,277.0,233.0,245.0,281.0,False,MEDIUM,22.0,True,Ferrari,0 days 01:56:24.029000,,1,2.0,False,,False,True,18.0,71.0,985.7,False,26.4,270,5.5,True,False,False,False,False,False,+7.227,+1.408,7.227,1.408,7068.652,84.623,,,30.151,30.62,23.852,7014.235,7044.855,7068.707,6984.029
2022,Hungarian Grand Prix,13,Hungary,Budapest,0 days 01:59:12.742000,SAI,55,0 days 00:01:24.090000,40.0,2.0,,Carlos Sainz,,0 days 00:00:29.955000,0 days 00:00:30.400000,0 days 00:00:23.735000,0 days 01:58:18.662000,0 days 01:58:49.062000,0 days 01:59:12.797000,275.0,235.0,242.0,281.0,False,MEDIUM,23.0,True,Ferrari,0 days 01:57:48.652000,,1,1.0,False,,False,True,18.0,72.0,985.7,False,26.5,293,3.4,True,False,False,False,False,False,LAP 40,LAP 40,,,7152.742,84.09,,,29.955,30.4,23.735,7098.662,7129.062,7152.797,7068.652
2022,Hungarian Grand Prix,13,Hungary,Budapest,0 days 02:00:36.637000,SAI,55,0 days 00:01:23.895000,41.0,2.0,,Carlos Sainz,,0 days 00:00:29.992000,0 days 00:00:30.229000,0 days 00:00:23.674000,0 days 01:59:42.789000,0 days 02:00:13.018000,0 days 02:00:36.692000,276.0,238.0,243.0,277.0,False,MEDIUM,24.0,True,Ferrari,0 days 01:59:12.742000,,1,1.0,False,,False,True,18.0,72.0,985.7,False,26.5,286,3.7,True,False,False,False,False,False,LAP 41,LAP 41,,,7236.637,83.895,,,29.992,30.229,23.674,7182.789,7213.018,7236.692,7152.742
2022,Hungarian Grand Prix,13,Hungary,Budapest,0 days 02:02:01.129000,SAI,55,0 days 00:01:24.492000,42.0,2.0,,Carlos Sainz,,0 days 00:00:30.174000,0 days 00:00:30.541000,0 days 00:00:23.777000,0 days 02:01:06.866000,0 days 02:01:37.407000,0 days 02:02:01.184000,276.0,239.0,247.0,280.0,False,MEDIUM,25.0,True,Ferrari,0 days 02:00:36.637000,,12,1.0,False,,False,True,18.0,71.0,985.7,False,26.4,289,5.1,True,True,False,False,False,False,LAP 42,LAP 42,,,7321.129,84.492,,,30.174,30.541,23.777,7266.866,7297.407,7321.184,7236.637
2022,Hungarian Grand Prix,13,Hungary,Budapest,0 days 02:03:24.750000,SAI,55,0 days 00:01:23.621000,43.0,2.0,,Carlos Sainz,,0 days 00:00:29.641000,0 days 00:00:30.265000,0 days 00:00:23.715000,0 days 02:02:30.825000,0 days 02:03:01.090000,0 days 02:03:24.805000,274.0,236.0,241.0,291.0,False,MEDIUM,26.0,True,Ferrari,0 days 02:02:01.129000,,1,1.0,False,,False,True,17.9,71.0,985.5,False,26.4,288,4.5,True,False,False,False,False,False,LAP 43,LAP 43,,,7404.75,83.621,,,29.641,30.265,23.715,7350.825,7381.09,7404.805,7321.129
2022,Hungarian Grand Prix,13,Hungary,Budapest,0 days 02:04:48.934000,SAI,55,0 days 00:01:24.184000,44.0,2.0,,Carlos Sainz,,0 days 00:00:30.037000,0 days 00:00:30.344000,0 days 00:00:23.803000,0 days 02:03:54.842000,0 days 02:04:25.186000,0 days 02:04:48.989000,275.0,238.0,245.0,277.0,False,MEDIUM,27.0,True,Ferrari,0 days 02:03:24.750000,,1,1.0,False,,False,True,17.9,71.0,985.7,False,26.2,284,4.5,True,False,False,False,False,False,LAP 44,LAP 44,,,7488.934,84.184,,,30.037,30.344,23.803,7434.842,7465.186,7488.989,7404.75
2022,Hungarian Grand Prix,13,Hungary,Budapest,0 days 02:06:13.178000,SAI,55,0 days 00:01:24.244000,45.0,2.0,,Carlos Sainz,,0 days 00:00:30.057000,0 days 00:00:30.454000,0 days 00:00:23.733000,0 days 02:05:19.046000,0 days 02:05:49.500000,0 days 02:06:13.233000,272.0,233.0,242.0,281.0,False,MEDIUM,28.0,True,Ferrari,0 days 02:04:48.934000,,1,1.0,False,,False,True,18.0,71.0,985.7,False,26.0,275,4.6,True,False,False,False,False,False,LAP 45,LAP 45,,,7573.178,84.244,,,30.057,30.454,23.733,7519.046,7549.5,7573.233,7488.934
2022,Hungarian Grand Prix,13,Hungary,Budapest,0 days 02:07:37.467000,SAI,55,0 days 00:01:24.289000,46.0,2.0,,Carlos Sainz,,0 days 00:00:30.089000,0 days 00:00:30.570000,0 days 00:00:23.630000,0 days 02:06:43.322000,0 days 02:07:13.892000,0 days 02:07:37.522000,275.0,235.0,243.0,279.0,False,MEDIUM,29.0,True,Ferrari,0 days 02:06:13.178000,,1,1.0,False,,False,True,18.0,71.0,985.7,False,26.1,285,3.7,True,False,False,False,False,False,LAP 46,LAP 46,,,7657.467,84.289,,,30.089,30.57,23.63,7603.322,7633.892,7657.522,7573.178
2022,Hungarian Grand Prix,13,Hungary,Budapest,0 days 02:09:04.099000,SAI,55,0 days 00:01:26.632000,47.0,2.0,,Carlos Sainz,0 days 02:09:02.420000,0 days 00:00:29.977000,0 days 00:00:30.571000,0 days 00:00:26.084000,0 days 02:08:07.499000,0 days 02:08:38.070000,0 days 02:09:04.154000,276.0,233.0,,280.0,False,MEDIUM,30.0,True,Ferrari,0 days 02:07:37.467000,,1,2.0,False,,False,False,18.0,72.0,985.7,False,26.1,292,3.5,True,False,False,False,False,False,LAP 47,LAP 47,,,7744.099,86.632,7742.42,,29.977,30.571,26.084,7687.499,7718.07,7744.154,7657.467
2022,Hungarian Grand Prix,13,Hungary,Budapest,0 days 02:10:47.235000,SAI,55,0 days 00:01:43.136000,48.0,3.0,0 days 02:09:25.863000,Carlos Sainz,,0 days 00:00:49.865000,0 days 00:00:29.934000,0 days 00:00:23.337000,0 days 02:09:54.019000,0 days 02:10:23.953000,0 days 02:10:47.290000,274.0,240.0,245.0,280.0,False,SOFT,4.0,False,Ferrari,0 days 02:09:04.099000,,12,5.0,False,,False,False,18.1,71.0,985.7,False,26.1,296,3.7,True,True,False,False,False,False,+18.985,+8.327,18.985,8.327,7847.235,103.136,,7765.863,49.865,29.934,23.337,7794.019,7823.953,7847.29,7744.099
2022,Hungarian Grand Prix,13,Hungary,Budapest,0 days 02:12:10.179000,SAI,55,0 days 00:01:22.944000,49.0,3.0,,Carlos Sainz,,0 days 00:00:29.852000,0 days 00:00:29.876000,0 days 00:00:23.216000,0 days 02:11:17.142000,0 days 02:11:47.018000,0 days 02:12:10.234000,273.0,240.0,246.0,281.0,True,SOFT,5.0,False,Ferrari,0 days 02:10:47.235000,,1,5.0,False,,False,True,18.1,71.0,985.7,False,26.1,291,4.3,True,False,False,False,False,False,+17.307,+7.859,17.307,7.859,7930.179,82.944,,,29.852,29.876,23.216,7877.142,7907.018,7930.234,7847.235
2022,Hungarian Grand Prix,13,Hungary,Budapest,0 days 02:13:32.568000,SAI,55,0 days 00:01:22.389000,50.0,3.0,,Carlos Sainz,,0 days 00:00:29.649000,0 days 00:00:29.597000,0 days 00:00:23.143000,0 days 02:12:39.883000,0 days 02:13:09.480000,0 days 02:13:32.623000,274.0,240.0,243.0,280.0,True,SOFT,6.0,False,Ferrari,0 days 02:12:10.179000,,1,5.0,False,,False,True,18.1,71.0,985.7,False,25.8,281,3.9,True,False,False,False,False,False,+14.901,+6.726,14.901,6.726,8012.568,82.389,,,29.649,29.597,23.143,7959.883,7989.48,8012.623,7930.179
2022,Hungarian Grand Prix,13,Hungary,Budapest,0 days 02:14:54.568000,SAI,55,0 days 00:01:22,51.0,3.0,,Carlos Sainz,,0 days 00:00:29.547000,0 days 00:00:29.454000,0 days 00:00:22.999000,0 days 02:14:02.170000,0 days 02:14:31.624000,0 days 02:14:54.623000,277.0,242.0,246.0,280.0,True,SOFT,7.0,False,Ferrari,0 days 02:13:32.568000,,1,5.0,False,,False,True,18.1,70.0,985.7,True,25.8,289,3.7,True,False,False,False,False,False,+10.581,+4.552,10.581,4.552,8094.568,82.0,,,29.547,29.454,22.999,8042.17,8071.624,8094.623,8012.568
2022,Hungarian Grand Prix,13,Hungary,Budapest,0 days 02:16:17.059000,SAI,55,0 days 00:01:22.491000,52.0,3.0,,Carlos Sainz,,0 days 00:00:29.636000,0 days 00:00:29.676000,0 days 00:00:23.179000,0 days 02:15:24.259000,0 days 02:15:53.935000,0 days 02:16:17.114000,276.0,240.0,244.0,283.0,False,SOFT,8.0,False,Ferrari,0 days 02:14:54.568000,,1,4.0,False,,False,True,18.2,70.0,985.7,True,25.9,286,4.5,True,False,False,False,False,False,+10.396,+3.455,10.396,3.455,8177.059,82.491,,,29.636,29.676,23.179,8124.259,8153.935,8177.114,8094.568
2022,Hungarian Grand Prix,13,Hungary,Budapest,0 days 02:17:39.947000,SAI,55,0 days 00:01:22.888000,53.0,3.0,,Carlos Sainz,,0 days 00:00:29.551000,0 days 00:00:30.048000,0 days 00:00:23.289000,0 days 02:16:46.665000,0 days 02:17:16.713000,0 days 02:17:40.002000,280.0,236.0,247.0,282.0,False,SOFT,9.0,False,Ferrari,0 days 02:16:17.059000,,1,4.0,False,,False,True,18.1,70.0,985.9,False,25.6,291,5.0,True,False,False,False,False,False,+10.686,+2.563,10.686,2.563,8259.947,82.888,,,29.551,30.048,23.289,8206.665,8236.713,8260.002,8177.059
2022,Hungarian Grand Prix,13,Hungary,Budapest,0 days 02:19:02.931000,SAI,55,0 days 00:01:22.984000,54.0,3.0,,Carlos Sainz,,0 days 00:00:29.607000,0 days 00:00:29.825000,0 days 00:00:23.552000,0 days 02:18:09.609000,0 days 02:18:39.434000,0 days 02:19:02.986000,273.0,242.0,250.0,283.0,False,SOFT,10.0,False,Ferrari,0 days 02:17:39.947000,,1,3.0,False,,False,True,18.1,70.0,985.7,False,25.5,280,4.5,True,False,False,False,False,False,+10.880,+0.650,10.88,0.65,8342.931,82.984,,,29.607,29.825,23.552,8289.609,8319.434,8342.986,8259.947
2022,Hungarian Grand Prix,13,Hungary,Budapest,0 days 02:20:25.797000,SAI,55,0 days 00:01:22.866000,55.0,3.0,,Carlos Sainz,,0 days 00:00:29.347000,0 days 00:00:30.003000,0 days 00:00:23.516000,0 days 02:19:32.333000,0 days 02:20:02.336000,0 days 02:20:25.852000,279.0,238.0,245.0,296.0,False,SOFT,11.0,False,Ferrari,0 days 02:19:02.931000,,1,3.0,False,,False,True,18.1,70.0,985.7,False,25.5,283,5.4,True,False,False,False,False,False,+10.717,+2.099,10.717,2.099,8425.797,82.866,,,29.347,30.003,23.516,8372.333,8402.336,8425.852,8342.931
2022,Hungarian Grand Prix,13,Hungary,Budapest,0 days 02:21:48.780000,SAI,55,0 days 00:01:22.983000,56.0,3.0,,Carlos Sainz,,0 days 00:00:29.886000,0 days 00:00:29.811000,0 days 00:00:23.286000,0 days 02:20:55.738000,0 days 02:21:25.549000,0 days 02:21:48.835000,274.0,241.0,246.0,280.0,False,SOFT,12.0,False,Ferrari,0 days 02:20:25.797000,,1,3.0,False,,False,True,18.0,70.0,985.9,True,25.2,288,4.1,True,False,False,False,False,False,+10.663,+2.234,10.663,2.234,8508.78,82.983,,,29.886,29.811,23.286,8455.738,8485.549,8508.835,8425.797
2022,Hungarian Grand Prix,13,Hungary,Budapest,0 days 02:23:11.453000,SAI,55,0 days 00:01:22.673000,57.0,3.0,,Carlos Sainz,,0 days 00:00:29.682000,0 days 00:00:29.692000,0 days 00:00:23.299000,0 days 02:22:18.517000,0 days 02:22:48.209000,0 days 02:23:11.508000,278.0,238.0,247.0,283.0,False,SOFT,13.0,False,Ferrari,0 days 02:21:48.780000,,1,3.0,False,,False,True,18.0,69.0,985.9,True,25.2,294,5.6,True,False,False,False,False,False,+10.488,+2.138,10.488,2.138,8591.453,82.673,,,29.682,29.692,23.299,8538.517,8568.209,8591.508,8508.78
2022,Hungarian Grand Prix,13,Hungary,Budapest,0 days 02:24:34.379000,SAI,55,0 days 00:01:22.926000,58.0,3.0,,Carlos Sainz,,0 days 00:00:29.728000,0 days 00:00:29.757000,0 days 00:00:23.441000,0 days 02:23:41.236000,0 days 02:24:10.993000,0 days 02:24:34.434000,275.0,239.0,244.0,282.0,False,SOFT,14.0,False,Ferrari,0 days 02:23:11.453000,,1,3.0,False,,False,True,18.0,70.0,985.9,True,25.1,284,3.5,True,False,False,False,False,False,+10.628,+1.991,10.628,1.991,8674.379,82.926,,,29.728,29.757,23.441,8621.236,8650.993,8674.434,8591.453
2022,Hungarian Grand Prix,13,Hungary,Budapest,0 days 02:25:57.272000,SAI,55,0 days 00:01:22.893000,59.0,3.0,,Carlos Sainz,,0 days 00:00:29.575000,0 days 00:00:29.711000,0 days 00:00:23.607000,0 days 02:25:04.009000,0 days 02:25:33.720000,0 days 02:25:57.327000,276.0,243.0,245.0,282.0,False,SOFT,15.0,False,Ferrari,0 days 02:24:34.379000,,1,3.0,False,,False,True,18.1,69.0,985.7,True,24.8,288,4.1,True,False,False,False,False,False,+10.340,+1.778,10.34,1.778,8757.272,82.893,,,29.575,29.711,23.607,8704.009,8733.72,8757.327,8674.379
2022,Hungarian Grand Prix,13,Hungary,Budapest,0 days 02:27:20.509000,SAI,55,0 days 00:01:23.237000,60.0,3.0,,Carlos Sainz,,0 days 00:00:29.685000,0 days 00:00:29.842000,0 days 00:00:23.710000,0 days 02:26:27.012000,0 days 02:26:56.854000,0 days 02:27:20.564000,278.0,240.0,245.0,280.0,False,SOFT,16.0,False,Ferrari,0 days 02:25:57.272000,,1,3.0,False,,False,True,18.1,70.0,986.0,True,24.8,283,4.5,True,False,False,False,False,False,+10.892,+1.441,10.892,1.441,8840.509,83.237,,,29.685,29.842,23.71,8787.012,8816.854,8840.564,8757.272
2022,Hungarian Grand Prix,13,Hungary,Budapest,0 days 02:28:43.633000,SAI,55,0 days 00:01:23.124000,61.0,3.0,,Carlos Sainz,,0 days 00:00:29.829000,0 days 00:00:29.879000,0 days 00:00:23.416000,0 days 02:27:50.393000,0 days 02:28:20.272000,0 days 02:28:43.688000,278.0,240.0,245.0,281.0,False,SOFT,17.0,False,Ferrari,0 days 02:27:20.509000,,1,3.0,False,,False,True,18.0,70.0,985.9,True,24.8,282,4.8,True,False,False,False,False,False,+11.127,+1.510,11.127,1.51,8923.633,83.124,,,29.829,29.879,23.416,8870.393,8900.272,8923.688,8840.509
2022,Hungarian Grand Prix,13,Hungary,Budapest,0 days 02:30:07.783000,SAI,55,0 days 00:01:24.150000,62.0,3.0,,Carlos Sainz,,0 days 00:00:29.826000,0 days 00:00:30.233000,0 days 00:00:24.091000,0 days 02:29:13.514000,0 days 02:29:43.747000,0 days 02:30:07.838000,280.0,240.0,247.0,285.0,False,SOFT,18.0,False,Ferrari,0 days 02:28:43.633000,,1,3.0,False,,False,True,18.0,70.0,986.0,True,24.7,287,5.0,True,False,False,False,False,False,+11.898,+2.036,11.898,2.036,9007.783,84.15,,,29.826,30.233,24.091,8953.514,8983.747,9007.838,8923.633
2022,Hungarian Grand Prix,13,Hungary,Budapest,0 days 02:31:32.019000,SAI,55,0 days 00:01:24.236000,63.0,3.0,,Carlos Sainz,,0 days 00:00:30.185000,0 days 00:00:30.263000,0 days 00:00:23.788000,0 days 02:30:38.023000,0 days 02:31:08.286000,0 days 02:31:32.074000,277.0,240.0,246.0,284.0,False,SOFT,19.0,False,Ferrari,0 days 02:30:07.783000,,1,4.0,False,,False,True,18.0,70.0,986.0,True,24.6,281,4.8,True,False,False,False,False,False,+13.133,+2.307,13.133,2.307,9092.019,84.236,,,30.185,30.263,23.788,9038.023,9068.286,9092.074,9007.783
2022,Hungarian Grand Prix,13,Hungary,Budapest,0 days 02:32:55.657000,SAI,55,0 days 00:01:23.638000,64.0,3.0,,Carlos Sainz,,0 days 00:00:29.780000,0 days 00:00:30.229000,0 days 00:00:23.629000,0 days 02:32:01.854000,0 days 02:32:32.083000,0 days 02:32:55.712000,276.0,240.0,247.0,283.0,False,SOFT,20.0,False,Ferrari,0 days 02:31:32.019000,,1,4.0,False,,False,True,18.0,70.0,986.0,True,24.6,304,3.7,True,False,False,False,False,False,+13.802,+2.565,13.802,2.565,9175.657,83.638,,,29.78,30.229,23.629,9121.854,9152.083,9175.712,9092.019
2022,Hungarian Grand Prix,13,Hungary,Budapest,0 days 02:34:19.203000,SAI,55,0 days 00:01:23.546000,65.0,3.0,,Carlos Sainz,,0 days 00:00:29.806000,0 days 00:00:30.127000,0 days 00:00:23.613000,0 days 02:33:25.518000,0 days 02:33:55.645000,0 days 02:34:19.258000,277.0,240.0,246.0,284.0,False,SOFT,21.0,False,Ferrari,0 days 02:32:55.657000,,1,4.0,False,,False,True,18.1,70.0,986.0,True,24.7,287,3.4,True,False,False,False,False,False,+14.649,+2.120,14.649,2.12,9259.203,83.546,,,29.806,30.127,23.613,9205.518,9235.645,9259.258,9175.657
2022,Hungarian Grand Prix,13,Hungary,Budapest,0 days 02:35:43.191000,SAI,55,0 days 00:01:23.988000,66.0,3.0,,Carlos Sainz,,0 days 00:00:29.813000,0 days 00:00:30.385000,0 days 00:00:23.790000,0 days 02:34:49.071000,0 days 02:35:19.456000,0 days 02:35:43.246000,277.0,236.0,245.0,283.0,False,SOFT,22.0,False,Ferrari,0 days 02:34:19.203000,,1,4.0,False,,False,True,18.1,70.0,986.0,True,24.7,289,3.2,True,False,False,False,False,False,+15.477,+1.713,15.477,1.713,9343.191,83.988,,,29.813,30.385,23.79,9289.071,9319.456,9343.246,9259.203
2022,Hungarian Grand Prix,13,Hungary,Budapest,0 days 02:37:07.791000,SAI,55,0 days 00:01:24.600000,67.0,3.0,,Carlos Sainz,,0 days 00:00:29.796000,0 days 00:00:30.860000,0 days 00:00:23.944000,0 days 02:36:13.042000,0 days 02:36:43.902000,0 days 02:37:07.846000,282.0,239.0,245.0,285.0,False,SOFT,23.0,False,Ferrari,0 days 02:35:43.191000,,12,4.0,False,,False,True,18.1,70.0,986.0,True,24.7,281,2.5,True,True,False,False,False,False,+16.881,+2.672,16.881,2.672,9427.791,84.6,,,29.796,30.86,23.944,9373.042,9403.902,9427.846,9343.191
2022,Hungarian Grand Prix,13,Hungary,Budapest,0 days 02:38:53.098000,SAI,55,0 days 00:01:45.307000,68.0,3.0,,Carlos Sainz,,0 days 00:00:30.041000,0 days 00:00:44.304000,0 days 00:00:30.962000,0 days 02:37:37.887000,0 days 02:38:22.191000,0 days 02:38:53.153000,274.0,133.0,211.0,280.0,False,SOFT,24.0,False,Ferrari,0 days 02:37:07.791000,,26,4.0,False,,False,False,18.1,69.0,986.2,True,24.4,278,4.5,False,True,False,False,True,False,+25.533,+6.075,25.533,6.075,9533.098,105.307,,,30.041,44.304,30.962,9457.887,9502.191,9533.153,9427.791
2022,Hungarian Grand Prix,13,Hungary,Budapest,0 days 02:40:29.667000,SAI,55,0 days 00:01:36.569000,69.0,3.0,,Carlos Sainz,,0 days 00:00:40.184000,0 days 00:00:31.822000,0 days 00:00:24.563000,0 days 02:39:33.337000,0 days 02:40:05.159000,0 days 02:40:29.722000,246.0,231.0,246.0,221.0,False,SOFT,25.0,False,Ferrari,0 days 02:38:53.098000,,671,4.0,False,,False,False,18.1,70.0,986.0,True,24.3,286,4.9,True,False,False,False,True,True,+16.169,+2.906,16.169,2.906,9629.667,96.569,,,40.184,31.822,24.563,9573.337,9605.159,9629.722,9533.098
2022,Hungarian Grand Prix,13,Hungary,Budapest,0 days 02:41:56.529000,SAI,55,0 days 00:01:26.862000,70.0,3.0,,Carlos Sainz,,0 days 00:00:30.407000,0 days 00:00:31.704000,0 days 00:00:24.751000,0 days 02:41:00.129000,0 days 02:41:31.833000,0 days 02:41:56.584000,278.0,232.0,244.0,283.0,False,SOFT,26.0,False,Ferrari,0 days 02:40:29.667000,,1,4.0,False,,False,True,18.0,70.0,986.0,True,23.9,283,4.5,True,False,False,False,False,False,+14.797,+2.329,14.797,2.329,9716.529,86.862,,,30.407,31.704,24.751,9660.129,9691.833,9716.584,9629.667
2022,Hungarian Grand Prix,13,Hungary,Budapest,0 days 01:03:56.677000,LAT,6,0 days 00:01:50.639000,1.0,1.0,,Nicholas Latifi,,,0 days 00:00:34.906000,0 days 00:00:35.640000,,0 days 01:03:21.184000,0 days 01:03:56.833000,221.0,227.0,80.0,278.0,False,MEDIUM,1.0,True,Williams,0 days 01:02:05.807000,,126,19.0,False,,False,False,18.4,70.0,985.7,True,26.4,289,5.0,True,True,False,False,True,False,+15.507,+1.215,15.507,1.215,3836.677,110.639,,,,34.906,35.64,,3801.184,3836.833,3725.807
2022,Hungarian Grand Prix,13,Hungary,Budapest,0 days 01:05:47.793000,LAT,6,0 days 00:01:51.116000,2.0,1.0,,Nicholas Latifi,,0 days 00:00:46.845000,0 days 00:00:34.763000,0 days 00:00:29.508000,0 days 01:04:43.545000,0 days 01:05:18.308000,0 days 01:05:47.816000,230.0,220.0,176.0,118.0,True,MEDIUM,2.0,True,Williams,0 days 01:03:56.677000,,67,19.0,False,,False,False,18.4,70.0,985.7,True,26.5,286,4.5,False,False,False,False,True,True,+19.537,+1.037,19.537,1.037,3947.793,111.116,,,46.845,34.763,29.508,3883.545,3918.308,3947.816,3836.677
2022,Hungarian Grand Prix,13,Hungary,Budapest,0 days 01:07:15.394000,LAT,6,0 days 00:01:27.601000,3.0,1.0,,Nicholas Latifi,,0 days 00:00:31.602000,0 days 00:00:31.863000,0 days 00:00:24.136000,0 days 01:06:19.418000,0 days 01:06:51.281000,0 days 01:07:15.417000,261.0,232.0,248.0,269.0,True,MEDIUM,3.0,True,Williams,0 days 01:05:47.793000,,71,18.0,False,,False,False,18.4,70.0,985.5,False,26.7,277,3.9,True,False,False,False,False,True,+18.222,+0.764,18.222,0.764,4035.394,87.601,,,31.602,31.863,24.136,3979.418,4011.281,4035.417,3947.793
2022,Hungarian Grand Prix,13,Hungary,Budapest,0 days 01:08:41.401000,LAT,6,0 days 00:01:26.007000,4.0,1.0,,Nicholas Latifi,,0 days 00:00:30.493000,0 days 00:00:31.513000,0 days 00:00:24.001000,0 days 01:07:45.910000,0 days 01:08:17.423000,0 days 01:08:41.424000,276.0,234.0,244.0,303.0,True,MEDIUM,4.0,True,Williams,0 days 01:07:15.394000,,1,18.0,False,,False,True,18.4,70.0,985.5,True,26.5,284,4.0,True,False,False,False,False,False,+20.529,+1.307,20.529,1.307,4121.401,86.007,,,30.493,31.513,24.001,4065.91,4097.423,4121.424,4035.394
2022,Hungarian Grand Prix,13,Hungary,Budapest,0 days 01:10:07.336000,LAT,6,0 days 00:01:25.935000,5.0,1.0,,Nicholas Latifi,,0 days 00:00:30.535000,0 days 00:00:31.318000,0 days 00:00:24.082000,0 days 01:09:11.959000,0 days 01:09:43.277000,0 days 01:10:07.359000,276.0,234.0,244.0,288.0,True,MEDIUM,5.0,True,Williams,0 days 01:08:41.401000,,1,18.0,False,,False,True,18.6,71.0,985.5,True,26.5,290,3.5,True,False,False,False,False,False,+22.510,+1.911,22.51,1.911,4207.336,85.935,,,30.535,31.318,24.082,4151.959,4183.277,4207.359,4121.401
2022,Hungarian Grand Prix,13,Hungary,Budapest,0 days 01:11:32.903000,LAT,6,0 days 00:01:25.567000,6.0,1.0,,Nicholas Latifi,,0 days 00:00:30.305000,0 days 00:00:31.200000,0 days 00:00:24.062000,0 days 01:10:37.664000,0 days 01:11:08.864000,0 days 01:11:32.926000,278.0,231.0,243.0,287.0,True,MEDIUM,6.0,True,Williams,0 days 01:10:07.336000,,1,18.0,False,,False,True,18.6,71.0,985.5,False,26.5,291,4.4,True,False,False,False,False,False,+24.038,+2.113,24.038,2.113,4292.903,85.567,,,30.305,31.2,24.062,4237.664,4268.864,4292.926,4207.336
2022,Hungarian Grand Prix,13,Hungary,Budapest,0 days 01:12:58.580000,LAT,6,0 days 00:01:25.677000,7.0,1.0,,Nicholas Latifi,,0 days 00:00:30.434000,0 days 00:00:31.271000,0 days 00:00:23.972000,0 days 01:12:03.360000,0 days 01:12:34.631000,0 days 01:12:58.603000,277.0,233.0,244.0,287.0,False,MEDIUM,7.0,True,Williams,0 days 01:11:32.903000,,1,17.0,False,,False,True,18.6,71.0,985.5,False,26.5,281,3.2,True,False,False,False,False,False,+25.718,+2.324,25.718,2.324,4378.58,85.677,,,30.434,31.271,23.972,4323.36,4354.631,4378.603,4292.903
2022,Hungarian Grand Prix,13,Hungary,Budapest,0 days 01:14:24.352000,LAT,6,0 days 00:01:25.772000,8.0,1.0,,Nicholas Latifi,,0 days 00:00:30.210000,0 days 00:00:31.283000,0 days 00:00:24.279000,0 days 01:13:28.813000,0 days 01:14:00.096000,0 days 01:14:24.375000,278.0,231.0,244.0,288.0,False,MEDIUM,8.0,True,Williams,0 days 01:12:58.580000,,1,17.0,False,,False,True,18.5,71.0,985.5,False,26.6,284,3.9,True,False,False,False,False,False,+27.353,+2.407,27.353,2.407,4464.352,85.772,,,30.21,31.283,24.279,4408.813,4440.096,4464.375,4378.58
2022,Hungarian Grand Prix,13,Hungary,Budapest,0 days 01:15:51.090000,LAT,6,0 days 00:01:26.738000,9.0,1.0,,Nicholas Latifi,,0 days 00:00:31.086000,0 days 00:00:31.485000,0 days 00:00:24.167000,0 days 01:14:55.461000,0 days 01:15:26.946000,0 days 01:15:51.113000,275.0,233.0,243.0,288.0,False,MEDIUM,9.0,True,Williams,0 days 01:14:24.352000,,1,18.0,False,,False,True,18.5,71.0,985.5,False,26.5,296,3.2,True,False,False,False,False,False,+30.409,+1.326,30.409,1.326,4551.09,86.738,,,31.086,31.485,24.167,4495.461,4526.946,4551.113,4464.352
2022,Hungarian Grand Prix,13,Hungary,Budapest,0 days 01:17:17.496000,LAT,6,0 days 00:01:26.406000,10.0,1.0,,Nicholas Latifi,,0 days 00:00:30.517000,0 days 00:00:31.584000,0 days 00:00:24.305000,0 days 01:16:21.630000,0 days 01:16:53.214000,0 days 01:17:17.519000,279.0,233.0,243.0,283.0,False,MEDIUM,10.0,True,Williams,0 days 01:15:51.090000,,1,18.0,False,,False,True,18.5,71.0,985.5,False,26.7,280,3.5,True,False,False,False,False,False,+32.307,+2.408,32.307,2.408,4637.496,86.406,,,30.517,31.584,24.305,4581.63,4613.214,4637.519,4551.09
2022,Hungarian Grand Prix,13,Hungary,Budapest,0 days 01:18:43.794000,LAT,6,0 days 00:01:26.298000,11.0,1.0,,Nicholas Latifi,,0 days 00:00:30.500000,0 days 00:00:31.566000,0 days 00:00:24.232000,0 days 01:17:48.019000,0 days 01:18:19.585000,0 days 01:18:43.817000,278.0,232.0,243.0,285.0,False,MEDIUM,11.0,True,Williams,0 days 01:17:17.496000,,1,18.0,False,,False,True,18.5,71.0,985.5,False,26.8,285,4.1,True,False,False,False,False,False,+34.289,+2.698,34.289,2.698,4723.794,86.298,,,30.5,31.566,24.232,4668.019,4699.585,4723.817,4637.496
2022,Hungarian Grand Prix,13,Hungary,Budapest,0 days 01:20:10.115000,LAT,6,0 days 00:01:26.321000,12.0,1.0,,Nicholas Latifi,,0 days 00:00:30.720000,0 days 00:00:31.313000,0 days 00:00:24.288000,0 days 01:19:14.537000,0 days 01:19:45.850000,0 days 01:20:10.138000,275.0,233.0,242.0,286.0,False,MEDIUM,12.0,True,Williams,0 days 01:18:43.794000,,1,18.0,False,,False,True,18.5,71.0,985.5,False,26.9,289,3.9,True,False,False,False,False,False,+36.411,+2.936,36.411,2.936,4810.115,86.321,,,30.72,31.313,24.288,4754.537,4785.85,4810.138,4723.794
2022,Hungarian Grand Prix,13,Hungary,Budapest,0 days 01:21:36.821000,LAT,6,0 days 00:01:26.706000,13.0,1.0,,Nicholas Latifi,,0 days 00:00:30.648000,0 days 00:00:31.621000,0 days 00:00:24.437000,0 days 01:20:40.786000,0 days 01:21:12.407000,0 days 01:21:36.844000,276.0,230.0,244.0,287.0,False,MEDIUM,13.0,True,Williams,0 days 01:20:10.115000,,1,18.0,False,,False,True,18.5,71.0,985.5,False,26.9,282,4.4,True,False,False,False,False,False,+38.579,+2.703,38.579,2.703,4896.821,86.706,,,30.648,31.621,24.437,4840.786,4872.407,4896.844,4810.115
2022,Hungarian Grand Prix,13,Hungary,Budapest,0 days 01:23:03.403000,LAT,6,0 days 00:01:26.582000,14.0,1.0,,Nicholas Latifi,,0 days 00:00:30.546000,0 days 00:00:31.543000,0 days 00:00:24.493000,0 days 01:22:07.390000,0 days 01:22:38.933000,0 days 01:23:03.426000,276.0,229.0,243.0,286.0,False,MEDIUM,14.0,True,Williams,0 days 01:21:36.821000,,1,17.0,False,,False,True,18.4,72.0,985.5,False,26.9,277,3.9,True,False,False,False,False,False,+40.151,+2.719,40.151,2.719,4983.403,86.582,,,30.546,31.543,24.493,4927.39,4958.933,4983.426,4896.821
2022,Hungarian Grand Prix,13,Hungary,Budapest,0 days 01:24:30.077000,LAT,6,0 days 00:01:26.674000,15.0,1.0,,Nicholas Latifi,,0 days 00:00:30.470000,0 days 00:00:31.677000,0 days 00:00:24.527000,0 days 01:23:33.896000,0 days 01:24:05.573000,0 days 01:24:30.100000,277.0,229.0,241.0,284.0,False,MEDIUM,15.0,True,Williams,0 days 01:23:03.403000,,1,15.0,False,,False,True,18.4,71.0,985.5,False,26.9,267,2.5,True,False,False,False,False,False,+41.850,+2.513,41.85,2.513,5070.077,86.674,,,30.47,31.677,24.527,5013.896,5045.573,5070.1,4983.403
2022,Hungarian Grand Prix,13,Hungary,Budapest,0 days 01:25:57.060000,LAT,6,0 days 00:01:26.983000,16.0,1.0,,Nicholas Latifi,,0 days 00:00:31.024000,0 days 00:00:31.520000,0 days 00:00:24.439000,0 days 01:25:01.124000,0 days 01:25:32.644000,0 days 01:25:57.083000,274.0,230.0,242.0,281.0,False,MEDIUM,16.0,True,Williams,0 days 01:24:30.077000,,1,14.0,False,,False,True,18.4,70.0,985.5,False,27.2,291,3.2,True,False,False,False,False,False,+42.640,+0.171,42.64,0.171,5157.06,86.983,,,31.024,31.52,24.439,5101.124,5132.644,5157.083,5070.077
2022,Hungarian Grand Prix,13,Hungary,Budapest,0 days 01:27:23.861000,LAT,6,0 days 00:01:26.801000,17.0,1.0,,Nicholas Latifi,,0 days 00:00:30.607000,0 days 00:00:31.665000,0 days 00:00:24.529000,0 days 01:26:27.690000,0 days 01:26:59.355000,0 days 01:27:23.884000,277.0,229.0,240.0,284.0,False,MEDIUM,17.0,True,Williams,0 days 01:25:57.060000,,1,13.0,False,,False,True,18.4,70.0,985.5,False,27.2,285,4.5,True,False,False,False,False,False,+44.444,+6.005,44.444,6.005,5243.861,86.801,,,30.607,31.665,24.529,5187.69,5219.355,5243.884,5157.06
2022,Hungarian Grand Prix,13,Hungary,Budapest,0 days 01:28:53.058000,LAT,6,0 days 00:01:29.197000,18.0,1.0,,Nicholas Latifi,0 days 01:28:51.363000,0 days 00:00:30.644000,0 days 00:00:31.589000,0 days 00:00:26.964000,0 days 01:27:54.528000,0 days 01:28:26.117000,0 days 01:28:53.081000,277.0,226.0,,279.0,False,MEDIUM,18.0,True,Williams,0 days 01:27:23.861000,,1,13.0,False,,False,False,18.4,71.0,985.5,False,27.6,287,4.5,True,False,False,False,False,False,+47.327,+8.337,47.327,8.337,5333.058,89.197,5331.363,,30.644,31.589,26.964,5274.528,5306.117,5333.081,5243.861
2022,Hungarian Grand Prix,13,Hungary,Budapest,0 days 01:30:38.422000,LAT,6,0 days 00:01:45.364000,19.0,2.0,0 days 01:29:13.198000,Nicholas Latifi,,0 days 00:00:49.488000,0 days 00:00:31.651000,0 days 00:00:24.225000,0 days 01:29:42.569000,0 days 01:30:14.220000,0 days 01:30:38.445000,274.0,232.0,242.0,279.0,False,MEDIUM,1.0,True,Williams,0 days 01:28:53.058000,,1,20.0,False,,False,False,18.4,70.0,985.7,False,27.6,281,4.4,True,False,False,False,False,False,+71.239,+5.413,71.239,5.413,5438.422,105.364,,5353.198,49.488,31.651,24.225,5382.569,5414.22,5438.445,5333.058
2022,Hungarian Grand Prix,13,Hungary,Budapest,0 days 01:32:03.806000,LAT,6,0 days 00:01:25.384000,20.0,2.0,,Nicholas Latifi,,0 days 00:00:30.179000,0 days 00:00:31.291000,0 days 00:00:23.914000,0 days 01:31:08.624000,0 days 01:31:39.915000,0 days 01:32:03.829000,276.0,236.0,243.0,282.0,True,MEDIUM,2.0,True,Williams,0 days 01:30:38.422000,,1,20.0,False,,False,True,18.5,70.0,985.5,False,27.5,283,4.3,True,False,False,False,False,False,+72.422,+4.035,72.422,4.035,5523.806,85.384,,,30.179,31.291,23.914,5468.624,5499.915,5523.829,5438.422
2022,Hungarian Grand Prix,13,Hungary,Budapest,0 days 01:33:29.567000,LAT,6,0 days 00:01:25.761000,21.0,2.0,,Nicholas Latifi,,0 days 00:00:30.254000,0 days 00:00:31.351000,0 days 00:00:24.156000,0 days 01:32:34.083000,0 days 01:33:05.434000,0 days 01:33:29.590000,277.0,231.0,244.0,283.0,False,MEDIUM,3.0,True,Williams,0 days 01:32:03.806000,,1,20.0,False,,False,True,18.5,70.0,985.5,False,27.5,279,4.0,True,False,False,False,False,False,+71.704,+3.216,71.704,3.216,5609.567,85.761,,,30.254,31.351,24.156,5554.083,5585.434,5609.59,5523.806
2022,Hungarian Grand Prix,13,Hungary,Budapest,0 days 01:34:55.104000,LAT,6,0 days 00:01:25.537000,22.0,2.0,,Nicholas Latifi,,0 days 00:00:29.990000,0 days 00:00:31.371000,0 days 00:00:24.176000,0 days 01:33:59.580000,0 days 01:34:30.951000,0 days 01:34:55.127000,279.0,233.0,244.0,285.0,False,MEDIUM,4.0,True,Williams,0 days 01:33:29.567000,,1,19.0,False,,False,True,18.5,70.0,985.5,False,27.7,293,4.4,True,False,False,False,False,False,+57.995,+2.597,57.995,2.597,5695.104,85.537,,,29.99,31.371,24.176,5639.58,5670.951,5695.127,5609.567
2022,Hungarian Grand Prix,13,Hungary,Budapest,0 days 01:36:20.598000,LAT,6,0 days 00:01:25.494000,23.0,2.0,,Nicholas Latifi,,0 days 00:00:30.063000,0 days 00:00:31.224000,0 days 00:00:24.207000,0 days 01:35:25.190000,0 days 01:35:56.414000,0 days 01:36:20.621000,279.0,232.0,245.0,284.0,False,MEDIUM,5.0,True,Williams,0 days 01:34:55.104000,,1,19.0,False,,False,True,18.5,70.0,985.5,False,27.8,291,3.5,True,False,False,False,False,False,+59.957,+2.074,59.957,2.074,5780.598,85.494,,,30.063,31.224,24.207,5725.19,5756.414,5780.621,5695.104
2022,Hungarian Grand Prix,13,Hungary,Budapest,0 days 01:37:46.246000,LAT,6,0 days 00:01:25.648000,24.0,2.0,,Nicholas Latifi,,0 days 00:00:30.150000,0 days 00:00:31.200000,0 days 00:00:24.298000,0 days 01:36:50.771000,0 days 01:37:21.971000,0 days 01:37:46.269000,280.0,231.0,243.0,286.0,False,MEDIUM,6.0,True,Williams,0 days 01:36:20.598000,,1,19.0,False,,False,True,18.5,70.0,985.5,False,28.0,271,4.6,True,False,False,False,False,False,+61.670,+1.832,61.67,1.832,5866.246,85.648,,,30.15,31.2,24.298,5810.771,5841.971,5866.269,5780.598
2022,Hungarian Grand Prix,13,Hungary,Budapest,0 days 01:39:11.700000,LAT,6,0 days 00:01:25.454000,25.0,2.0,,Nicholas Latifi,,0 days 00:00:30.067000,0 days 00:00:31.183000,0 days 00:00:24.204000,0 days 01:38:16.336000,0 days 01:38:47.519000,0 days 01:39:11.723000,278.0,234.0,245.0,286.0,False,MEDIUM,7.0,True,Williams,0 days 01:37:46.246000,,1,19.0,False,,False,True,18.5,70.0,985.5,False,28.1,285,4.1,True,False,False,False,False,False,+63.479,+1.219,63.479,1.219,5951.7,85.454,,,30.067,31.183,24.204,5896.336,5927.519,5951.723,5866.246
2022,Hungarian Grand Prix,13,Hungary,Budapest,0 days 01:40:37.157000,LAT,6,0 days 00:01:25.457000,26.0,2.0,,Nicholas Latifi,,0 days 00:00:30.196000,0 days 00:00:31.245000,0 days 00:00:24.016000,0 days 01:39:41.919000,0 days 01:40:13.164000,0 days 01:40:37.180000,276.0,236.0,249.0,287.0,False,MEDIUM,8.0,True,Williams,0 days 01:39:11.700000,,1,19.0,False,,False,True,18.5,70.0,985.5,False,28.3,277,3.4,True,False,False,False,False,False,+65.164,+0.793,65.164,0.793,6037.157,85.457,,,30.196,31.245,24.016,5981.919,6013.164,6037.18,5951.7
2022,Hungarian Grand Prix,13,Hungary,Budapest,0 days 01:42:02.647000,LAT,6,0 days 00:01:25.490000,27.0,2.0,,Nicholas Latifi,,0 days 00:00:29.988000,0 days 00:00:31.363000,0 days 00:00:24.139000,0 days 01:41:07.168000,0 days 01:41:38.531000,0 days 01:42:02.670000,278.0,233.0,250.0,302.0,False,MEDIUM,9.0,True,Williams,0 days 01:40:37.157000,,1,19.0,False,,False,True,18.5,70.0,985.5,False,28.5,294,3.5,True,False,False,False,False,False,+66.776,+0.513,66.776,0.513,6122.647,85.49,,,29.988,31.363,24.139,6067.168,6098.531,6122.67,6037.157
2022,Hungarian Grand Prix,13,Hungary,Budapest,0 days 01:43:29.074000,LAT,6,0 days 00:01:26.427000,28.0,2.0,,Nicholas Latifi,,0 days 00:00:30.527000,0 days 00:00:31.386000,0 days 00:00:24.514000,0 days 01:42:33.197000,0 days 01:43:04.583000,0 days 01:43:29.097000,272.0,231.0,241.0,303.0,False,MEDIUM,10.0,True,Williams,0 days 01:42:02.647000,,1,18.0,False,,False,True,18.6,70.0,985.5,False,28.5,285,3.7,True,False,False,False,False,False,+68.498,+3.160,68.498,3.16,6209.074,86.427,,,30.527,31.386,24.514,6153.197,6184.583,6209.097,6122.647
2022,Hungarian Grand Prix,13,Hungary,Budapest,0 days 01:44:55.063000,LAT,6,0 days 00:01:25.989000,29.0,2.0,,Nicholas Latifi,,0 days 00:00:30.499000,0 days 00:00:31.415000,0 days 00:00:24.075000,0 days 01:43:59.596000,0 days 01:44:31.011000,0 days 01:44:55.086000,276.0,232.0,243.0,283.0,False,MEDIUM,11.0,True,Williams,0 days 01:43:29.074000,,1,18.0,False,,False,True,18.6,69.0,985.4,False,28.5,274,4.8,True,False,False,False,False,False,+70.285,+3.492,70.285,3.492,6295.063,85.989,,,30.499,31.415,24.075,6239.596,6271.011,6295.086,6209.074
2022,Hungarian Grand Prix,13,Hungary,Budapest,0 days 01:46:20.671000,LAT,6,0 days 00:01:25.608000,30.0,2.0,,Nicholas Latifi,,0 days 00:00:30.197000,0 days 00:00:31.122000,0 days 00:00:24.289000,0 days 01:45:25.283000,0 days 01:45:56.405000,0 days 01:46:20.694000,278.0,230.0,242.0,284.0,False,MEDIUM,12.0,True,Williams,0 days 01:44:55.063000,,1,18.0,False,,False,True,18.4,70.0,985.5,False,28.5,290,3.9,True,False,False,False,False,False,+71.132,+4.152,71.132,4.152,6380.671,85.608,,,30.197,31.122,24.289,6325.283,6356.405,6380.694,6295.063
2022,Hungarian Grand Prix,13,Hungary,Budapest,0 days 01:47:46.147000,LAT,6,0 days 00:01:25.476000,31.0,2.0,,Nicholas Latifi,,0 days 00:00:30.210000,0 days 00:00:31.210000,0 days 00:00:24.056000,0 days 01:46:50.904000,0 days 01:47:22.114000,0 days 01:47:46.170000,278.0,231.0,244.0,285.0,False,MEDIUM,13.0,True,Williams,0 days 01:46:20.671000,,1,18.0,False,,False,True,18.4,70.0,985.5,False,28.0,277,5.0,True,False,False,False,False,False,+73.762,+4.484,73.762,4.484,6466.147,85.476,,,30.21,31.21,24.056,6410.904,6442.114,6466.17,6380.671
2022,Hungarian Grand Prix,13,Hungary,Budapest,0 days 01:49:11.327000,LAT,6,0 days 00:01:25.180000,32.0,2.0,,Nicholas Latifi,,0 days 00:00:30.162000,0 days 00:00:31.134000,0 days 00:00:23.884000,0 days 01:48:16.332000,0 days 01:48:47.466000,0 days 01:49:11.350000,277.0,235.0,246.0,284.0,True,MEDIUM,14.0,True,Williams,0 days 01:47:46.147000,,1,18.0,False,,False,True,18.4,71.0,985.5,False,27.7,266,5.8,True,False,False,False,False,False,+74.728,+4.740,74.728,4.74,6551.327,85.18,,,30.162,31.134,23.884,6496.332,6527.466,6551.35,6466.147
2022,Hungarian Grand Prix,13,Hungary,Budapest,0 days 01:50:36.256000,LAT,6,0 days 00:01:24.929000,33.0,2.0,,Nicholas Latifi,,0 days 00:00:30.003000,0 days 00:00:30.969000,0 days 00:00:23.957000,0 days 01:49:41.353000,0 days 01:50:12.322000,0 days 01:50:36.279000,279.0,233.0,245.0,285.0,True,MEDIUM,15.0,True,Williams,0 days 01:49:11.327000,,1,18.0,False,,False,True,18.3,71.0,985.5,False,27.6,285,3.9,True,False,False,False,False,False,+76.183,+4.115,76.183,4.115,6636.256,84.929,,,30.003,30.969,23.957,6581.353,6612.322,6636.279,6551.327
2022,Hungarian Grand Prix,13,Hungary,Budapest,0 days 01:52:01.269000,LAT,6,0 days 00:01:25.013000,34.0,2.0,,Nicholas Latifi,,0 days 00:00:29.986000,0 days 00:00:31.016000,0 days 00:00:24.011000,0 days 01:51:06.265000,0 days 01:51:37.281000,0 days 01:52:01.292000,278.0,233.0,244.0,285.0,False,MEDIUM,16.0,True,Williams,0 days 01:50:36.256000,,12,17.0,False,,False,True,18.3,70.0,985.5,False,27.3,282,4.4,True,True,False,False,False,False,+77.823,+3.624,77.823,3.624,6721.269,85.013,,,29.986,31.016,24.011,6666.265,6697.281,6721.292,6636.256
2022,Hungarian Grand Prix,13,Hungary,Budapest,0 days 01:53:26.471000,LAT,6,0 days 00:01:25.202000,35.0,2.0,,Nicholas Latifi,,0 days 00:00:29.963000,0 days 00:00:31.213000,0 days 00:00:24.026000,0 days 01:52:31.255000,0 days 01:53:02.468000,0 days 01:53:26.494000,278.0,229.0,245.0,287.0,False,MEDIUM,17.0,True,Williams,0 days 01:52:01.269000,,1,17.0,False,,False,True,18.3,71.0,985.7,False,26.8,276,4.5,True,False,False,False,False,False,+79.527,+3.198,79.527,3.198,6806.471,85.202,,,29.963,31.213,24.026,6751.255,6782.468,6806.494,6721.269
2022,Hungarian Grand Prix,13,Hungary,Budapest,0 days 01:54:52.060000,LAT,6,0 days 00:01:25.589000,36.0,2.0,,Nicholas Latifi,,0 days 00:00:30.066000,0 days 00:00:31.344000,0 days 00:00:24.179000,0 days 01:53:56.560000,0 days 01:54:27.904000,0 days 01:54:52.083000,279.0,232.0,243.0,286.0,False,MEDIUM,18.0,True,Williams,0 days 01:53:26.471000,,1,17.0,False,,False,True,18.2,71.0,985.7,False,26.9,282,3.9,True,False,False,False,False,False,+81.972,+3.674,81.972,3.674,6892.06,85.589,,,30.066,31.344,24.179,6836.56,6867.904,6892.083,6806.471
2022,Hungarian Grand Prix,13,Hungary,Budapest,0 days 01:56:19.560000,LAT,6,0 days 00:01:27.500000,37.0,2.0,,Nicholas Latifi,,0 days 00:00:30.369000,0 days 00:00:33.057000,0 days 00:00:24.074000,0 days 01:55:22.452000,0 days 01:55:55.509000,0 days 01:56:19.583000,280.0,231.0,243.0,284.0,False,MEDIUM,19.0,True,Williams,0 days 01:54:52.060000,,1,17.0,False,,False,True,18.2,71.0,985.7,False,26.7,287,4.1,True,False,False,False,False,False,1 L,+5.690,,5.69,6979.56,87.5,,,30.369,33.057,24.074,6922.452,6955.509,6979.583,6892.06
2022,Hungarian Grand Prix,13,Hungary,Budapest,0 days 01:57:45.587000,LAT,6,0 days 00:01:26.027000,38.0,2.0,,Nicholas Latifi,,0 days 00:00:30.522000,0 days 00:00:31.393000,0 days 00:00:24.112000,0 days 01:56:50.105000,0 days 01:57:21.498000,0 days 01:57:45.610000,279.0,232.0,244.0,285.0,False,MEDIUM,20.0,True,Williams,0 days 01:56:19.560000,,1,17.0,False,,False,True,18.0,71.0,985.7,False,26.4,270,5.5,True,False,False,False,False,False,+88.258,+3.176,88.258,3.176,7065.587,86.027,,,30.522,31.393,24.112,7010.105,7041.498,7065.61,6979.56
2022,Hungarian Grand Prix,13,Hungary,Budapest,0 days 01:59:13.103000,LAT,6,0 days 00:01:27.516000,39.0,2.0,,Nicholas Latifi,0 days 01:59:11.380000,0 days 00:00:30.225000,0 days 00:00:31.206000,0 days 00:00:26.085000,0 days 01:58:15.835000,0 days 01:58:47.041000,0 days 01:59:13.126000,279.0,233.0,,285.0,False,MEDIUM,21.0,True,Williams,0 days 01:57:45.587000,,1,17.0,False,,False,False,18.0,72.0,985.7,False,26.5,293,3.4,True,False,False,False,False,False,+82.284,+3.154,82.284,3.154,7153.103,87.516,7151.38,,30.225,31.206,26.085,7095.835,7127.041,7153.126,7065.587
2022,Hungarian Grand Prix,13,Hungary,Budapest,0 days 02:00:59.512000,LAT,6,0 days 00:01:46.409000,40.0,3.0,0 days 01:59:33.861000,Nicholas Latifi,,0 days 00:00:50.922000,0 days 00:00:31.442000,0 days 00:00:24.045000,0 days 02:00:04.048000,0 days 02:00:35.490000,0 days 02:00:59.535000,272.0,231.0,245.0,285.0,False,SOFT,1.0,True,Williams,0 days 01:59:13.103000,,12,19.0,False,,False,False,18.0,72.0,985.7,False,26.5,286,3.7,True,True,False,False,False,False,1 L,+2.058,,2.058,7259.512,106.409,,7173.861,50.922,31.442,24.045,7204.048,7235.49,7259.535,7153.103
2022,Hungarian Grand Prix,13,Hungary,Budapest,0 days 02:02:24.922000,LAT,6,0 days 00:01:25.410000,41.0,3.0,,Nicholas Latifi,,0 days 00:00:30.049000,0 days 00:00:31.284000,0 days 00:00:24.077000,0 days 02:01:29.584000,0 days 02:02:00.868000,0 days 02:02:24.945000,279.0,234.0,244.0,286.0,False,SOFT,2.0,True,Williams,0 days 02:00:59.512000,,1,18.0,False,,False,True,18.0,71.0,985.7,False,26.4,289,5.1,True,False,False,False,False,False,1 L,+1.516,,1.516,7344.922,85.41,,,30.049,31.284,24.077,7289.584,7320.868,7344.945,7259.512
2022,Hungarian Grand Prix,13,Hungary,Budapest,0 days 02:03:48.937000,LAT,6,0 days 00:01:24.015000,42.0,3.0,,Nicholas Latifi,,0 days 00:00:29.833000,0 days 00:00:30.763000,0 days 00:00:23.419000,0 days 02:02:54.778000,0 days 02:03:25.541000,0 days 02:03:48.960000,283.0,237.0,254.0,285.0,True,SOFT,3.0,True,Williams,0 days 02:02:24.922000,,1,18.0,False,,False,True,18.0,71.0,985.7,False,26.1,287,4.8,True,False,False,False,False,False,1 L,+0.469,,0.469,7428.937,84.015,,,29.833,30.763,23.419,7374.778,7405.541,7428.96,7344.922
2022,Hungarian Grand Prix,13,Hungary,Budapest,0 days 02:05:13.570000,LAT,6,0 days 00:01:24.633000,43.0,3.0,,Nicholas Latifi,,0 days 00:00:29.789000,0 days 00:00:30.882000,0 days 00:00:23.962000,0 days 02:04:18.749000,0 days 02:04:49.631000,0 days 02:05:13.593000,271.0,233.0,245.0,308.0,False,SOFT,4.0,True,Williams,0 days 02:03:48.937000,,1,18.0,False,,False,True,17.9,71.0,985.7,False,26.2,284,4.5,True,False,False,False,False,False,1 L,+1.156,,1.156,7513.57,84.633,,,29.789,30.882,23.962,7458.749,7489.631,7513.593,7428.937
2022,Hungarian Grand Prix,13,Hungary,Budapest,0 days 02:06:38.534000,LAT,6,0 days 00:01:24.964000,44.0,3.0,,Nicholas Latifi,,0 days 00:00:30.031000,0 days 00:00:31.135000,0 days 00:00:23.798000,0 days 02:05:43.624000,0 days 02:06:14.759000,0 days 02:06:38.557000,282.0,234.0,246.0,286.0,False,SOFT,5.0,True,Williams,0 days 02:05:13.570000,,1,18.0,False,,False,True,18.0,72.0,985.7,False,26.1,286,3.9,True,False,False,False,False,False,1 L,+2.333,,2.333,7598.534,84.964,,,30.031,31.135,23.798,7543.624,7574.759,7598.557,7513.57
2022,Hungarian Grand Prix,13,Hungary,Budapest,0 days 02:08:03.257000,LAT,6,0 days 00:01:24.723000,45.0,3.0,,Nicholas Latifi,,0 days 00:00:30.009000,0 days 00:00:30.983000,0 days 00:00:23.731000,0 days 02:07:08.566000,0 days 02:07:39.549000,0 days 02:08:03.280000,280.0,233.0,246.0,286.0,False,SOFT,6.0,True,Williams,0 days 02:06:38.534000,,1,18.0,False,,False,True,18.0,71.0,985.7,False,26.1,285,3.7,True,False,False,False,False,False,1 L,+3.438,,3.438,7683.257,84.723,,,30.009,30.983,23.731,7628.566,7659.549,7683.28,7598.534
2022,Hungarian Grand Prix,13,Hungary,Budapest,0 days 02:09:27.141000,LAT,6,0 days 00:01:23.884000,46.0,3.0,,Nicholas Latifi,,0 days 00:00:29.790000,0 days 00:00:30.507000,0 days 00:00:23.587000,0 days 02:08:33.070000,0 days 02:09:03.577000,0 days 02:09:27.164000,281.0,233.0,245.0,284.0,True,SOFT,7.0,True,Williams,0 days 02:08:03.257000,,12,18.0,False,,False,True,18.0,72.0,985.7,False,26.1,292,3.5,True,True,False,False,False,False,1 L,+3.736,,3.736,7767.141,83.884,,,29.79,30.507,23.587,7713.07,7743.577,7767.164,7683.257
2022,Hungarian Grand Prix,13,Hungary,Budapest,0 days 02:10:51.646000,LAT,6,0 days 00:01:24.505000,47.0,3.0,,Nicholas Latifi,,0 days 00:00:29.896000,0 days 00:00:30.819000,0 days 00:00:23.790000,0 days 02:09:57.060000,0 days 02:10:27.879000,0 days 02:10:51.669000,280.0,233.0,245.0,285.0,False,SOFT,8.0,True,Williams,0 days 02:09:27.141000,,21,18.0,False,,False,True,18.1,70.0,985.7,True,26.1,289,4.6,True,True,False,False,False,False,1 L,+2.839,,2.839,7851.646,84.505,,,29.896,30.819,23.79,7797.06,7827.879,7851.669,7767.141
2022,Hungarian Grand Prix,13,Hungary,Budapest,0 days 02:12:16.287000,LAT,6,0 days 00:01:24.641000,48.0,3.0,,Nicholas Latifi,,0 days 00:00:29.867000,0 days 00:00:30.830000,0 days 00:00:23.944000,0 days 02:11:21.536000,0 days 02:11:52.366000,0 days 02:12:16.310000,278.0,235.0,246.0,286.0,False,SOFT,9.0,True,Williams,0 days 02:10:51.646000,,1,18.0,False,,False,True,18.1,71.0,985.7,False,26.1,291,4.3,True,False,False,False,False,False,1 L,+3.571,,3.571,7936.287,84.641,,,29.867,30.83,23.944,7881.536,7912.366,7936.31,7851.646
2022,Hungarian Grand Prix,13,Hungary,Budapest,0 days 02:13:40.606000,LAT,6,0 days 00:01:24.319000,49.0,3.0,,Nicholas Latifi,,0 days 00:00:29.771000,0 days 00:00:30.659000,0 days 00:00:23.889000,0 days 02:12:46.081000,0 days 02:13:16.740000,0 days 02:13:40.629000,281.0,236.0,244.0,286.0,False,SOFT,10.0,True,Williams,0 days 02:12:16.287000,,1,18.0,False,,False,True,18.1,71.0,985.7,False,25.8,281,3.9,True,False,False,False,False,False,1 L,+3.949,,3.949,8020.606,84.319,,,29.771,30.659,23.889,7966.081,7996.74,8020.629,7936.287
2022,Hungarian Grand Prix,13,Hungary,Budapest,0 days 02:15:05.011000,LAT,6,0 days 00:01:24.405000,50.0,3.0,,Nicholas Latifi,,0 days 00:00:29.896000,0 days 00:00:30.567000,0 days 00:00:23.942000,0 days 02:14:10.525000,0 days 02:14:41.092000,0 days 02:15:05.034000,280.0,236.0,245.0,284.0,False,SOFT,11.0,True,Williams,0 days 02:13:40.606000,,1,18.0,False,,False,True,18.1,70.0,985.7,True,25.8,289,3.7,True,False,False,False,False,False,1 L,+4.628,,4.628,8105.011,84.405,,,29.896,30.567,23.942,8050.525,8081.092,8105.034,8020.606
2022,Hungarian Grand Prix,13,Hungary,Budapest,0 days 02:16:29.867000,LAT,6,0 days 00:01:24.856000,51.0,3.0,,Nicholas Latifi,,0 days 00:00:30.047000,0 days 00:00:30.770000,0 days 00:00:24.039000,0 days 02:15:35.081000,0 days 02:16:05.851000,0 days 02:16:29.890000,279.0,236.0,246.0,283.0,False,SOFT,12.0,True,Williams,0 days 02:15:05.011000,,1,18.0,False,,False,True,18.2,70.0,985.7,True,25.9,286,4.5,True,False,False,False,False,False,1 L,+5.639,,5.639,8189.867,84.856,,,30.047,30.77,24.039,8135.081,8165.851,8189.89,8105.011
2022,Hungarian Grand Prix,13,Hungary,Budapest,0 days 02:17:56.653000,LAT,6,0 days 00:01:26.786000,52.0,3.0,,Nicholas Latifi,,0 days 00:00:29.915000,0 days 00:00:31.142000,0 days 00:00:25.729000,0 days 02:16:59.805000,0 days 02:17:30.947000,0 days 02:17:56.676000,281.0,201.0,250.0,285.0,False,SOFT,13.0,True,Williams,0 days 02:16:29.867000,,1,17.0,True,TRACK LIMITS AT TURN 11 LAP 52 ,False,True,18.1,70.0,985.9,False,25.6,291,5.0,True,False,False,False,False,False,1 L,+4.571,,4.571,8276.653,86.786,,,29.915,31.142,25.729,8219.805,8250.947,8276.676,8189.867
2022,Hungarian Grand Prix,13,Hungary,Budapest,0 days 02:19:21.868000,LAT,6,0 days 00:01:25.215000,53.0,3.0,,Nicholas Latifi,,0 days 00:00:30.061000,0 days 00:00:31.047000,0 days 00:00:24.107000,0 days 02:18:26.737000,0 days 02:18:57.784000,0 days 02:19:21.891000,281.0,236.0,245.0,302.0,False,SOFT,14.0,True,Williams,0 days 02:17:56.653000,,1,17.0,False,,False,True,18.1,70.0,985.7,False,25.5,280,4.5,True,False,False,False,False,False,1 L,+5.536,,5.536,8361.868,85.215,,,30.061,31.047,24.107,8306.737,8337.784,8361.891,8276.653
2022,Hungarian Grand Prix,13,Hungary,Budapest,0 days 02:20:48.998000,LAT,6,0 days 00:01:27.130000,54.0,3.0,,Nicholas Latifi,,0 days 00:00:30.283000,0 days 00:00:31.461000,0 days 00:00:25.386000,0 days 02:19:52.174000,0 days 02:20:23.635000,0 days 02:20:49.021000,282.0,235.0,251.0,285.0,False,SOFT,15.0,True,Williams,0 days 02:19:21.868000,,1,17.0,False,,False,True,18.0,69.0,985.7,False,25.5,283,4.8,True,False,False,False,False,False,1 L,+6.327,,6.327,8448.998,87.13,,,30.283,31.461,25.386,8392.174,8423.635,8449.021,8361.868
2022,Hungarian Grand Prix,13,Hungary,Budapest,0 days 02:22:14.641000,LAT,6,0 days 00:01:25.643000,55.0,3.0,,Nicholas Latifi,,0 days 00:00:30.082000,0 days 00:00:31.227000,0 days 00:00:24.334000,0 days 02:21:19.103000,0 days 02:21:50.330000,0 days 02:22:14.664000,283.0,236.0,246.0,302.0,False,SOFT,16.0,True,Williams,0 days 02:20:48.998000,,1,17.0,False,,False,True,18.0,70.0,985.9,True,25.2,288,4.1,True,False,False,False,False,False,1 L,+7.546,,7.546,8534.641,85.643,,,30.082,31.227,24.334,8479.103,8510.33,8534.664,8448.998
2022,Hungarian Grand Prix,13,Hungary,Budapest,0 days 02:23:43.962000,LAT,6,0 days 00:01:29.321000,56.0,3.0,,Nicholas Latifi,0 days 02:23:42.245000,0 days 00:00:30.663000,0 days 00:00:31.829000,0 days 00:00:26.829000,0 days 02:22:45.327000,0 days 02:23:17.156000,0 days 02:23:43.985000,282.0,227.0,,285.0,False,SOFT,17.0,True,Williams,0 days 02:22:14.641000,,1,19.0,False,,False,False,18.0,70.0,985.9,True,25.1,279,4.4,True,False,False,False,False,False,1 L,+2.140,,2.14,8623.962,89.321,8622.245,,30.663,31.829,26.829,8565.327,8597.156,8623.985,8534.641
2022,Hungarian Grand Prix,13,Hungary,Budapest,0 days 02:25:37.206000,LAT,6,0 days 00:01:53.244000,57.0,4.0,0 days 02:24:11.022000,Nicholas Latifi,,0 days 00:00:56.016000,0 days 00:00:33.503000,0 days 00:00:23.725000,0 days 02:24:40.001000,0 days 02:25:13.504000,0 days 02:25:37.229000,276.0,234.0,246.0,285.0,False,SOFT,1.0,True,Williams,0 days 02:23:43.962000,,1,19.0,False,,False,False,18.0,70.0,985.9,True,25.1,284,3.5,True,False,False,False,False,False,1 L,+32.649,,32.649,8737.206,113.244,,8651.022,56.016,33.503,23.725,8680.001,8713.504,8737.229,8623.962
2022,Hungarian Grand Prix,13,Hungary,Budapest,0 days 02:27:01.536000,LAT,6,0 days 00:01:24.330000,58.0,4.0,,Nicholas Latifi,,0 days 00:00:29.909000,0 days 00:00:30.146000,0 days 00:00:24.275000,0 days 02:26:07.138000,0 days 02:26:37.284000,0 days 02:27:01.559000,283.0,240.0,246.0,283.0,False,SOFT,2.0,True,Williams,0 days 02:25:37.206000,,1,19.0,True,TRACK LIMITS AT TURN 13 LAP 58 ,False,True,18.1,70.0,986.0,True,24.8,283,4.5,True,False,False,False,False,False,1 L,+31.818,,31.818,8821.536,84.33,,,29.909,30.146,24.275,8767.138,8797.284,8821.559,8737.206
2022,Hungarian Grand Prix,13,Hungary,Budapest,0 days 02:28:24.906000,LAT,6,0 days 00:01:23.370000,59.0,4.0,,Nicholas Latifi,,0 days 00:00:29.875000,0 days 00:00:30.171000,0 days 00:00:23.324000,0 days 02:27:31.434000,0 days 02:28:01.605000,0 days 02:28:24.929000,283.0,239.0,253.0,284.0,True,SOFT,3.0,True,Williams,0 days 02:27:01.536000,,1,19.0,False,,False,True,18.1,70.0,985.9,True,24.8,291,5.4,True,False,False,False,False,False,1 L,+30.067,,30.067,8904.906,83.37,,,29.875,30.171,23.324,8851.434,8881.605,8904.929,8821.536
2022,Hungarian Grand Prix,13,Hungary,Budapest,0 days 02:29:47.384000,LAT,6,0 days 00:01:22.478000,60.0,4.0,,Nicholas Latifi,,0 days 00:00:29.414000,0 days 00:00:29.780000,0 days 00:00:23.284000,0 days 02:28:54.343000,0 days 02:29:24.123000,0 days 02:29:47.407000,280.0,241.0,246.0,303.0,True,SOFT,4.0,True,Williams,0 days 02:28:24.906000,,1,19.0,False,,False,True,18.0,70.0,986.0,True,24.7,287,5.0,True,False,False,False,False,False,1 L,+27.386,,27.386,8987.384,82.478,,,29.414,29.78,23.284,8934.343,8964.123,8987.407,8904.906
2022,Hungarian Grand Prix,13,Hungary,Budapest,0 days 02:31:10.361000,LAT,6,0 days 00:01:22.977000,61.0,4.0,,Nicholas Latifi,,0 days 00:00:29.571000,0 days 00:00:29.942000,0 days 00:00:23.464000,0 days 02:30:16.978000,0 days 02:30:46.920000,0 days 02:31:10.384000,282.0,240.0,246.0,284.0,False,SOFT,5.0,True,Williams,0 days 02:29:47.384000,,1,19.0,False,,False,True,18.0,70.0,985.9,True,24.6,285,5.0,True,False,False,False,False,False,1 L,+25.302,,25.302,9070.361,82.977,,,29.571,29.942,23.464,9016.978,9046.92,9070.384,8987.384
2022,Hungarian Grand Prix,13,Hungary,Budapest,0 days 02:32:34.409000,LAT,6,0 days 00:01:24.048000,62.0,4.0,,Nicholas Latifi,,0 days 00:00:29.772000,0 days 00:00:30.596000,0 days 00:00:23.680000,0 days 02:31:40.156000,0 days 02:32:10.752000,0 days 02:32:34.432000,280.0,237.0,246.0,283.0,False,SOFT,6.0,True,Williams,0 days 02:31:10.361000,,1,19.0,True,TRACK LIMITS AT TURN 4 LAP 62 ,False,True,18.0,70.0,986.0,True,24.6,304,3.7,True,False,False,False,False,False,1 L,+24.078,,24.078,9154.409,84.048,,,29.772,30.596,23.68,9100.156,9130.752,9154.432,9070.361
2022,Hungarian Grand Prix,13,Hungary,Budapest,0 days 02:33:57.322000,LAT,6,0 days 00:01:22.913000,63.0,4.0,,Nicholas Latifi,,0 days 00:00:29.648000,0 days 00:00:29.901000,0 days 00:00:23.364000,0 days 02:33:04.080000,0 days 02:33:33.981000,0 days 02:33:57.345000,280.0,242.0,248.0,283.0,False,SOFT,7.0,True,Williams,0 days 02:32:34.409000,,1,19.0,False,,False,True,18.1,70.0,986.0,True,24.7,287,3.4,True,False,False,False,False,False,1 L,+21.509,,21.509,9237.322,82.913,,,29.648,29.901,23.364,9184.08,9213.981,9237.345,9154.409
2022,Hungarian Grand Prix,13,Hungary,Budapest,0 days 02:35:20.124000,LAT,6,0 days 00:01:22.802000,64.0,4.0,,Nicholas Latifi,,0 days 00:00:29.562000,0 days 00:00:29.855000,0 days 00:00:23.385000,0 days 02:34:26.907000,0 days 02:34:56.762000,0 days 02:35:20.147000,279.0,240.0,246.0,284.0,False,SOFT,8.0,True,Williams,0 days 02:33:57.322000,,1,19.0,False,,False,True,18.1,69.0,986.0,True,24.7,274,3.7,True,False,False,False,False,False,1 L,+18.560,,18.56,9320.124,82.802,,,29.562,29.855,23.385,9266.907,9296.762,9320.147,9237.322
2022,Hungarian Grand Prix,13,Hungary,Budapest,0 days 02:36:43.923000,LAT,6,0 days 00:01:23.799000,65.0,4.0,,Nicholas Latifi,,0 days 00:00:29.711000,0 days 00:00:30.430000,0 days 00:00:23.658000,0 days 02:35:49.858000,0 days 02:36:20.288000,0 days 02:36:43.946000,279.0,241.0,246.0,283.0,False,SOFT,9.0,True,Williams,0 days 02:35:20.124000,,1,19.0,False,,False,True,18.1,70.0,986.0,True,24.7,281,2.5,True,False,False,False,False,False,1 L,+15.905,,15.905,9403.923,83.799,,,29.711,30.43,23.658,9349.858,9380.288,9403.946,9320.124
2022,Hungarian Grand Prix,13,Hungary,Budapest,0 days 02:38:19.876000,LAT,6,0 days 00:01:35.953000,66.0,4.0,,Nicholas Latifi,,0 days 00:00:29.959000,0 days 00:00:36.491000,0 days 00:00:29.503000,0 days 02:37:13.905000,0 days 02:37:50.396000,0 days 02:38:19.899000,280.0,154.0,128.0,284.0,False,SOFT,10.0,True,Williams,0 days 02:36:43.923000,,126,18.0,False,,False,False,18.1,69.0,986.2,False,24.7,272,4.5,True,True,False,False,True,False,1 L,+16.996,,16.996,9499.876,95.953,,,29.959,36.491,29.503,9433.905,9470.396,9499.899,9403.923
2022,Hungarian Grand Prix,13,Hungary,Budapest,0 days 02:40:06.404000,LAT,6,0 days 00:01:46.528000,67.0,4.0,,Nicholas Latifi,,0 days 00:00:40.275000,0 days 00:00:40.231000,0 days 00:00:26.022000,0 days 02:39:00.174000,0 days 02:39:40.405000,0 days 02:40:06.427000,222.0,208.0,243.0,234.0,False,SOFT,11.0,True,Williams,0 days 02:38:19.876000,,671,18.0,False,,False,False,18.1,70.0,986.0,True,24.3,286,4.9,True,False,False,False,True,True,1 L,+32.122,,32.122,9606.404,106.528,,,40.275,40.231,26.022,9540.174,9580.405,9606.427,9499.876
2022,Hungarian Grand Prix,13,Hungary,Budapest,0 days 02:41:33.874000,LAT,6,0 days 00:01:27.470000,68.0,4.0,,Nicholas Latifi,,0 days 00:00:31.023000,0 days 00:00:32.001000,0 days 00:00:24.446000,0 days 02:40:37.450000,0 days 02:41:09.451000,0 days 02:41:33.897000,274.0,233.0,247.0,283.0,False,SOFT,12.0,True,Williams,0 days 02:40:06.404000,,1,18.0,False,,False,True,18.0,70.0,986.0,True,23.9,283,4.5,True,False,False,False,False,False,1 L,+12.354,,12.354,9693.874,87.47,,,31.023,32.001,24.446,9637.45,9669.451,9693.897,9606.404
2022,Hungarian Grand Prix,13,Hungary,Budapest,0 days 02:43:00.947000,LAT,6,0 days 00:01:27.073000,69.0,4.0,,Nicholas Latifi,,0 days 00:00:31.036000,0 days 00:00:31.505000,0 days 00:00:24.532000,0 days 02:42:04.933000,0 days 02:42:36.438000,0 days 02:43:00.970000,279.0,231.0,245.0,285.0,False,SOFT,13.0,True,Williams,0 days 02:41:33.874000,,1,18.0,False,,False,True,18.0,70.0,986.0,True,23.7,253,4.8,True,False,False,False,False,False,1 L,+12.454,,12.454,9780.947,87.073,,,31.036,31.505,24.532,9724.933,9756.438,9780.97,9693.874
2022,Hungarian Grand Prix,13,Hungary,Budapest,0 days 01:03:34.429000,RUS,63,0 days 00:01:28.391000,1.0,1.0,,George Russell,,,0 days 00:00:30.398000,0 days 00:00:23.455000,,0 days 01:03:11.034000,0 days 01:03:34.540000,269.0,233.0,239.0,236.0,False,SOFT,4.0,False,Mercedes,0 days 01:02:05.807000,,12,1.0,False,,False,False,18.4,70.0,985.7,True,26.4,289,5.0,True,True,False,False,False,False,LAP 2,LAP 2,,,3814.429,88.391,,,,30.398,23.455,,3791.034,3814.54,3725.807
2022,Hungarian Grand Prix,13,Hungary,Budapest,0 days 01:05:26.557000,RUS,63,0 days 00:01:52.128000,2.0,1.0,,George Russell,,0 days 00:00:42.354000,0 days 00:00:37.908000,0 days 00:00:31.866000,0 days 01:04:16.799000,0 days 01:04:54.707000,0 days 01:05:26.573000,201.0,219.0,145.0,201.0,True,SOFT,5.0,False,Mercedes,0 days 01:03:34.429000,,16,1.0,False,,False,False,18.4,70.0,985.7,True,26.5,286,4.5,True,False,False,False,True,False,LAP 3,LAP 3,,,3926.557,112.128,,,42.354,37.908,31.866,3856.799,3894.707,3926.573,3814.429
2022,Hungarian Grand Prix,13,Hungary,Budapest,0 days 01:06:57.150000,RUS,63,0 days 00:01:30.593000,3.0,1.0,,George Russell,,0 days 00:00:36.952000,0 days 00:00:30.215000,0 days 00:00:23.426000,0 days 01:06:03.525000,0 days 01:06:33.740000,0 days 01:06:57.166000,270.0,234.0,239.0,237.0,True,SOFT,6.0,False,Mercedes,0 days 01:05:26.557000,,671,1.0,False,,False,False,18.4,70.0,985.5,False,26.7,277,3.9,True,False,False,False,True,True,LAP 3,LAP 3,,,4017.15,90.593,,,36.952,30.215,23.426,3963.525,3993.74,4017.166,3926.557
2022,Hungarian Grand Prix,13,Hungary,Budapest,0 days 01:08:20.872000,RUS,63,0 days 00:01:23.722000,4.0,1.0,,George Russell,,0 days 00:00:30.181000,0 days 00:00:30.083000,0 days 00:00:23.458000,0 days 01:07:27.347000,0 days 01:07:57.430000,0 days 01:08:20.888000,272.0,233.0,239.0,273.0,True,SOFT,7.0,False,Mercedes,0 days 01:06:57.150000,,1,1.0,False,,False,True,18.4,70.0,985.5,False,26.7,299,3.2,True,False,False,False,False,False,LAP 4,LAP 4,,,4100.872,83.722,,,30.181,30.083,23.458,4047.347,4077.43,4100.888,4017.15
2022,Hungarian Grand Prix,13,Hungary,Budapest,0 days 01:09:44.826000,RUS,63,0 days 00:01:23.954000,5.0,1.0,,George Russell,,0 days 00:00:30.180000,0 days 00:00:30.199000,0 days 00:00:23.575000,0 days 01:08:51.068000,0 days 01:09:21.267000,0 days 01:09:44.842000,270.0,234.0,239.0,273.0,False,SOFT,8.0,False,Mercedes,0 days 01:08:20.872000,,1,1.0,False,,False,True,18.6,71.0,985.5,True,26.5,290,3.5,True,False,False,False,False,False,LAP 5,LAP 5,,,4184.826,83.954,,,30.18,30.199,23.575,4131.068,4161.267,4184.842,4100.872
2022,Hungarian Grand Prix,13,Hungary,Budapest,0 days 01:11:08.825000,RUS,63,0 days 00:01:23.999000,6.0,1.0,,George Russell,,0 days 00:00:30.226000,0 days 00:00:30.269000,0 days 00:00:23.504000,0 days 01:10:15.068000,0 days 01:10:45.337000,0 days 01:11:08.841000,271.0,232.0,239.0,275.0,False,SOFT,9.0,False,Mercedes,0 days 01:09:44.826000,,1,1.0,False,,False,True,18.6,70.0,985.5,False,26.7,297,3.5,True,False,False,False,False,False,LAP 6,LAP 6,,,4268.825,83.999,,,30.226,30.269,23.504,4215.068,4245.337,4268.841,4184.826
2022,Hungarian Grand Prix,13,Hungary,Budapest,0 days 01:12:32.894000,RUS,63,0 days 00:01:24.069000,7.0,1.0,,George Russell,,0 days 00:00:30.310000,0 days 00:00:30.191000,0 days 00:00:23.568000,0 days 01:11:39.151000,0 days 01:12:09.342000,0 days 01:12:32.910000,270.0,234.0,239.0,274.0,False,SOFT,10.0,False,Mercedes,0 days 01:11:08.825000,,1,1.0,False,,False,True,18.6,71.0,985.5,False,26.5,281,3.2,True,False,False,False,False,False,LAP 8,LAP 8,,,4352.894,84.069,,,30.31,30.191,23.568,4299.151,4329.342,4352.91,4268.825
2022,Hungarian Grand Prix,13,Hungary,Budapest,0 days 01:13:56.967000,RUS,63,0 days 00:01:24.073000,8.0,1.0,,George Russell,,0 days 00:00:30.247000,0 days 00:00:30.261000,0 days 00:00:23.565000,0 days 01:13:03.157000,0 days 01:13:33.418000,0 days 01:13:56.983000,270.0,235.0,240.0,274.0,False,SOFT,11.0,False,Mercedes,0 days 01:12:32.894000,,1,1.0,False,,False,True,18.5,71.0,985.5,False,26.6,284,3.9,True,False,False,False,False,False,LAP 9,LAP 9,,,4436.967,84.073,,,30.247,30.261,23.565,4383.157,4413.418,4436.983,4352.894
2022,Hungarian Grand Prix,13,Hungary,Budapest,0 days 01:15:20.681000,RUS,63,0 days 00:01:23.714000,9.0,1.0,,George Russell,,0 days 00:00:30.157000,0 days 00:00:30.018000,0 days 00:00:23.539000,0 days 01:14:27.140000,0 days 01:14:57.158000,0 days 01:15:20.697000,269.0,234.0,240.0,276.0,True,SOFT,12.0,False,Mercedes,0 days 01:13:56.967000,,1,1.0,False,,False,True,18.5,71.0,985.5,False,26.6,312,4.4,True,False,False,False,False,False,LAP 9,LAP 9,,,4520.681,83.714,,,30.157,30.018,23.539,4467.14,4497.158,4520.697,4436.967
2022,Hungarian Grand Prix,13,Hungary,Budapest,0 days 01:16:45.195000,RUS,63,0 days 00:01:24.514000,10.0,1.0,,George Russell,,0 days 00:00:30.384000,0 days 00:00:30.290000,0 days 00:00:23.840000,0 days 01:15:51.081000,0 days 01:16:21.371000,0 days 01:16:45.211000,271.0,234.0,239.0,273.0,False,SOFT,13.0,False,Mercedes,0 days 01:15:20.681000,,1,1.0,False,,False,True,18.5,71.0,985.5,False,26.7,280,3.5,True,False,False,False,False,False,LAP 11,LAP 11,,,4605.195,84.514,,,30.384,30.29,23.84,4551.081,4581.371,4605.211,4520.681
2022,Hungarian Grand Prix,13,Hungary,Budapest,0 days 01:18:09.505000,RUS,63,0 days 00:01:24.310000,11.0,1.0,,George Russell,,0 days 00:00:30.235000,0 days 00:00:30.345000,0 days 00:00:23.730000,0 days 01:17:15.446000,0 days 01:17:45.791000,0 days 01:18:09.521000,272.0,234.0,239.0,275.0,False,SOFT,14.0,False,Mercedes,0 days 01:16:45.195000,,1,1.0,False,,False,True,18.5,71.0,985.5,False,26.8,288,3.7,True,False,False,False,False,False,LAP 12,LAP 12,,,4689.505,84.31,,,30.235,30.345,23.73,4635.446,4665.791,4689.521,4605.195
2022,Hungarian Grand Prix,13,Hungary,Budapest,0 days 01:19:33.704000,RUS,63,0 days 00:01:24.199000,12.0,1.0,,George Russell,,0 days 00:00:30.280000,0 days 00:00:30.253000,0 days 00:00:23.666000,0 days 01:18:39.801000,0 days 01:19:10.054000,0 days 01:19:33.720000,271.0,233.0,239.0,274.0,False,SOFT,15.0,False,Mercedes,0 days 01:18:09.505000,,1,1.0,False,,False,True,18.5,71.0,985.5,False,26.9,289,3.9,True,False,False,False,False,False,LAP 13,LAP 13,,,4773.704,84.199,,,30.28,30.253,23.666,4719.801,4750.054,4773.72,4689.505
2022,Hungarian Grand Prix,13,Hungary,Budapest,0 days 01:20:58.239000,RUS,63,0 days 00:01:24.535000,13.0,1.0,,George Russell,,0 days 00:00:30.215000,0 days 00:00:30.373000,0 days 00:00:23.947000,0 days 01:20:03.935000,0 days 01:20:34.308000,0 days 01:20:58.255000,271.0,230.0,240.0,274.0,False,SOFT,16.0,False,Mercedes,0 days 01:19:33.704000,,1,1.0,False,,False,True,18.5,71.0,985.5,False,26.9,282,4.5,True,False,False,False,False,False,LAP 13,LAP 13,,,4858.239,84.535,,,30.215,30.373,23.947,4803.935,4834.308,4858.255,4773.704
2022,Hungarian Grand Prix,13,Hungary,Budapest,0 days 01:22:23.252000,RUS,63,0 days 00:01:25.013000,14.0,1.0,,George Russell,,0 days 00:00:30.255000,0 days 00:00:30.562000,0 days 00:00:24.196000,0 days 01:21:28.510000,0 days 01:21:59.072000,0 days 01:22:23.268000,271.0,232.0,239.0,275.0,False,SOFT,17.0,False,Mercedes,0 days 01:20:58.239000,,1,1.0,False,,False,True,18.5,71.0,985.5,False,26.9,282,4.4,True,False,False,False,False,False,LAP 15,LAP 15,,,4943.252,85.013,,,30.255,30.562,24.196,4888.51,4919.072,4943.268,4858.239
2022,Hungarian Grand Prix,13,Hungary,Budapest,0 days 01:23:48.125000,RUS,63,0 days 00:01:24.873000,15.0,1.0,,George Russell,,0 days 00:00:30.350000,0 days 00:00:30.614000,0 days 00:00:23.909000,0 days 01:22:53.618000,0 days 01:23:24.232000,0 days 01:23:48.141000,270.0,231.0,241.0,274.0,False,SOFT,18.0,False,Mercedes,0 days 01:22:23.252000,,1,1.0,False,,False,True,18.4,71.0,985.5,False,26.9,267,2.5,True,False,False,False,False,False,LAP 15,LAP 15,,,5028.125,84.873,,,30.35,30.614,23.909,4973.618,5004.232,5028.141,4943.252
2022,Hungarian Grand Prix,13,Hungary,Budapest,0 days 01:25:15.780000,RUS,63,0 days 00:01:27.655000,16.0,1.0,,George Russell,0 days 01:25:14.057000,0 days 00:00:30.473000,0 days 00:00:30.891000,0 days 00:00:26.291000,0 days 01:24:18.614000,0 days 01:24:49.505000,0 days 01:25:15.796000,268.0,231.0,,275.0,False,SOFT,19.0,False,Mercedes,0 days 01:23:48.125000,,1,3.0,False,,False,False,18.4,71.0,985.5,False,27.2,282,3.5,True,False,False,False,False,False,LAP 16,LAP 16,,,5115.78,87.655,5114.057,,30.473,30.891,26.291,5058.614,5089.505,5115.796,5028.125
2022,Hungarian Grand Prix,13,Hungary,Budapest,0 days 01:26:59.156000,RUS,63,0 days 00:01:43.376000,17.0,2.0,0 days 01:25:36.838000,George Russell,,0 days 00:00:49.935000,0 days 00:00:29.990000,0 days 00:00:23.451000,0 days 01:26:05.731000,0 days 01:26:35.721000,0 days 01:26:59.172000,273.0,232.0,251.0,275.0,False,MEDIUM,1.0,True,Mercedes,0 days 01:25:15.780000,,1,6.0,False,,False,False,18.4,70.0,985.5,False,27.2,285,4.5,True,False,False,False,False,False,+19.839,+0.298,19.839,0.298,5219.156,103.376,,5136.838,49.935,29.99,23.451,5165.731,5195.721,5219.172,5115.78
2022,Hungarian Grand Prix,13,Hungary,Budapest,0 days 01:28:22.428000,RUS,63,0 days 00:01:23.272000,18.0,2.0,,George Russell,,0 days 00:00:29.793000,0 days 00:00:30.077000,0 days 00:00:23.402000,0 days 01:27:28.965000,0 days 01:27:59.042000,0 days 01:28:22.444000,271.0,234.0,240.0,292.0,True,MEDIUM,2.0,True,Mercedes,0 days 01:26:59.156000,,1,4.0,False,,False,True,18.4,70.0,985.7,False,27.6,292,4.8,True,False,False,False,False,False,+19.270,+2.901,19.27,2.901,5302.428,83.272,,,29.793,30.077,23.402,5248.965,5279.042,5302.444,5219.156
2022,Hungarian Grand Prix,13,Hungary,Budapest,0 days 01:29:45.894000,RUS,63,0 days 00:01:23.466000,19.0,2.0,,George Russell,,0 days 00:00:30.023000,0 days 00:00:30.089000,0 days 00:00:23.354000,0 days 01:28:52.467000,0 days 01:29:22.556000,0 days 01:29:45.910000,272.0,232.0,240.0,274.0,False,MEDIUM,3.0,True,Mercedes,0 days 01:28:22.428000,,1,3.0,False,,False,True,18.4,70.0,985.7,False,27.6,281,4.4,True,False,False,False,False,False,+18.838,+7.166,18.838,7.166,5385.894,83.466,,,30.023,30.089,23.354,5332.467,5362.556,5385.91,5302.428
2022,Hungarian Grand Prix,13,Hungary,Budapest,0 days 01:31:09.530000,RUS,63,0 days 00:01:23.636000,20.0,2.0,,George Russell,,0 days 00:00:30.028000,0 days 00:00:30.227000,0 days 00:00:23.381000,0 days 01:30:15.938000,0 days 01:30:46.165000,0 days 01:31:09.546000,272.0,233.0,241.0,274.0,False,MEDIUM,4.0,True,Mercedes,0 days 01:29:45.894000,,1,2.0,False,,False,True,18.5,70.0,985.7,False,27.3,280,5.3,True,False,False,False,False,False,+18.208,+18.208,18.208,18.208,5469.53,83.636,,,30.028,30.227,23.381,5415.938,5446.165,5469.546,5385.894
2022,Hungarian Grand Prix,13,Hungary,Budapest,0 days 01:32:33.453000,RUS,63,0 days 00:01:23.923000,21.0,2.0,,George Russell,,0 days 00:00:30.064000,0 days 00:00:30.327000,0 days 00:00:23.532000,0 days 01:31:39.610000,0 days 01:32:09.937000,0 days 01:32:33.469000,267.0,233.0,240.0,270.0,False,MEDIUM,5.0,True,Mercedes,0 days 01:31:09.530000,,1,2.0,False,,False,True,18.5,70.0,985.5,False,27.5,279,4.0,True,False,False,False,False,False,+18.114,+18.114,18.114,18.114,5553.453,83.923,,,30.064,30.327,23.532,5499.61,5529.937,5553.469,5469.53
2022,Hungarian Grand Prix,13,Hungary,Budapest,0 days 01:33:57.109000,RUS,63,0 days 00:01:23.656000,22.0,2.0,,George Russell,,0 days 00:00:29.969000,0 days 00:00:30.239000,0 days 00:00:23.448000,0 days 01:33:03.438000,0 days 01:33:33.677000,0 days 01:33:57.125000,267.0,236.0,243.0,273.0,False,MEDIUM,6.0,True,Mercedes,0 days 01:32:33.453000,,1,1.0,False,,False,True,18.5,70.0,985.5,False,27.6,290,5.0,True,False,False,False,False,False,LAP 23,LAP 23,,,5637.109,83.656,,,29.969,30.239,23.448,5583.438,5613.677,5637.125,5553.453
2022,Hungarian Grand Prix,13,Hungary,Budapest,0 days 01:35:20.675000,RUS,63,0 days 00:01:23.566000,23.0,2.0,,George Russell,,0 days 00:00:29.903000,0 days 00:00:30.184000,0 days 00:00:23.479000,0 days 01:34:27.028000,0 days 01:34:57.212000,0 days 01:35:20.691000,270.0,238.0,240.0,273.0,False,MEDIUM,7.0,True,Mercedes,0 days 01:33:57.109000,,1,1.0,False,,False,True,18.5,70.0,985.5,False,27.7,293,4.4,True,False,False,False,False,False,LAP 23,LAP 23,,,5720.675,83.566,,,29.903,30.184,23.479,5667.028,5697.212,5720.691,5637.109
2022,Hungarian Grand Prix,13,Hungary,Budapest,0 days 01:36:44.576000,RUS,63,0 days 00:01:23.901000,24.0,2.0,,George Russell,,0 days 00:00:29.917000,0 days 00:00:30.217000,0 days 00:00:23.767000,0 days 01:35:50.608000,0 days 01:36:20.825000,0 days 01:36:44.592000,268.0,234.0,241.0,276.0,False,MEDIUM,8.0,True,Mercedes,0 days 01:35:20.675000,,1,1.0,False,,False,True,18.4,70.0,985.5,False,27.8,277,3.2,True,False,False,False,False,False,LAP 24,LAP 24,,,5804.576,83.901,,,29.917,30.217,23.767,5750.608,5780.825,5804.592,5720.675
2022,Hungarian Grand Prix,13,Hungary,Budapest,0 days 01:38:08.230000,RUS,63,0 days 00:01:23.654000,25.0,2.0,,George Russell,,0 days 00:00:29.955000,0 days 00:00:30.033000,0 days 00:00:23.666000,0 days 01:37:14.547000,0 days 01:37:44.580000,0 days 01:38:08.246000,269.0,235.0,242.0,272.0,False,MEDIUM,9.0,True,Mercedes,0 days 01:36:44.576000,,1,1.0,False,,False,True,18.5,70.0,985.5,False,28.0,271,4.6,True,False,False,False,False,False,LAP 25,LAP 25,,,5888.23,83.654,,,29.955,30.033,23.666,5834.547,5864.58,5888.246,5804.576
2022,Hungarian Grand Prix,13,Hungary,Budapest,0 days 01:39:31.993000,RUS,63,0 days 00:01:23.763000,26.0,2.0,,George Russell,,0 days 00:00:29.978000,0 days 00:00:30.326000,0 days 00:00:23.459000,0 days 01:38:38.224000,0 days 01:39:08.550000,0 days 01:39:32.009000,269.0,235.0,243.0,277.0,False,MEDIUM,10.0,True,Mercedes,0 days 01:38:08.230000,,1,1.0,False,,False,True,18.5,70.0,985.5,False,28.2,282,3.5,True,False,False,False,False,False,LAP 26,LAP 26,,,5971.993,83.763,,,29.978,30.326,23.459,5918.224,5948.55,5972.009,5888.23
2022,Hungarian Grand Prix,13,Hungary,Budapest,0 days 01:40:55.871000,RUS,63,0 days 00:01:23.878000,27.0,2.0,,George Russell,,0 days 00:00:30.036000,0 days 00:00:30.282000,0 days 00:00:23.560000,0 days 01:40:02.045000,0 days 01:40:32.327000,0 days 01:40:55.887000,266.0,235.0,242.0,277.0,False,MEDIUM,11.0,True,Mercedes,0 days 01:39:31.993000,,1,1.0,False,,False,True,18.5,70.0,985.5,False,28.3,277,3.4,True,False,False,False,False,False,LAP 27,LAP 27,,,6055.871,83.878,,,30.036,30.282,23.56,6002.045,6032.327,6055.887,5971.993
2022,Hungarian Grand Prix,13,Hungary,Budapest,0 days 01:42:20.437000,RUS,63,0 days 00:01:24.566000,28.0,2.0,,George Russell,,0 days 00:00:30.606000,0 days 00:00:30.400000,0 days 00:00:23.560000,0 days 01:41:26.493000,0 days 01:41:56.893000,0 days 01:42:20.453000,264.0,234.0,242.0,278.0,False,MEDIUM,12.0,True,Mercedes,0 days 01:40:55.871000,,1,1.0,False,,False,True,18.5,70.0,985.5,False,28.5,294,3.5,True,False,False,False,False,False,LAP 28,LAP 28,,,6140.437,84.566,,,30.606,30.4,23.56,6086.493,6116.893,6140.453,6055.871
2022,Hungarian Grand Prix,13,Hungary,Budapest,0 days 01:43:44.703000,RUS,63,0 days 00:01:24.266000,29.0,2.0,,George Russell,,0 days 00:00:30.324000,0 days 00:00:30.376000,0 days 00:00:23.566000,0 days 01:42:50.777000,0 days 01:43:21.153000,0 days 01:43:44.719000,265.0,237.0,243.0,277.0,False,MEDIUM,13.0,True,Mercedes,0 days 01:42:20.437000,,1,1.0,False,,False,True,18.6,70.0,985.5,False,28.5,291,4.0,True,False,False,False,False,False,LAP 29,LAP 29,,,6224.703,84.266,,,30.324,30.376,23.566,6170.777,6201.153,6224.719,6140.437
2022,Hungarian Grand Prix,13,Hungary,Budapest,0 days 01:45:08.899000,RUS,63,0 days 00:01:24.196000,30.0,2.0,,George Russell,,0 days 00:00:30.210000,0 days 00:00:30.481000,0 days 00:00:23.505000,0 days 01:44:14.929000,0 days 01:44:45.410000,0 days 01:45:08.915000,275.0,235.0,242.0,275.0,False,MEDIUM,14.0,True,Mercedes,0 days 01:43:44.703000,,1,1.0,False,,False,True,18.6,69.0,985.4,False,28.5,274,4.8,True,False,False,False,False,False,LAP 30,LAP 30,,,6308.899,84.196,,,30.21,30.481,23.505,6254.929,6285.41,6308.915,6224.703
2022,Hungarian Grand Prix,13,Hungary,Budapest,0 days 01:46:34.022000,RUS,63,0 days 00:01:25.123000,31.0,2.0,,George Russell,,0 days 00:00:30.550000,0 days 00:00:30.773000,0 days 00:00:23.800000,0 days 01:45:39.465000,0 days 01:46:10.238000,0 days 01:46:34.038000,271.0,234.0,242.0,277.0,False,MEDIUM,15.0,True,Mercedes,0 days 01:45:08.899000,,1,2.0,False,,False,True,18.3,70.0,985.5,False,28.0,293,5.3,True,False,False,False,False,False,+1.636,+1.636,1.636,1.636,6394.022,85.123,,,30.55,30.773,23.8,6339.465,6370.238,6394.038,6308.899
2022,Hungarian Grand Prix,13,Hungary,Budapest,0 days 01:47:58.610000,RUS,63,0 days 00:01:24.588000,32.0,2.0,,George Russell,,0 days 00:00:30.034000,0 days 00:00:30.712000,0 days 00:00:23.842000,0 days 01:47:04.072000,0 days 01:47:34.784000,0 days 01:47:58.626000,273.0,236.0,244.0,280.0,False,MEDIUM,16.0,True,Mercedes,0 days 01:46:34.022000,,1,2.0,False,,False,True,18.4,70.0,985.5,False,28.0,277,5.0,True,False,False,False,False,False,+1.917,+1.917,1.917,1.917,6478.61,84.588,,,30.034,30.712,23.842,6424.072,6454.784,6478.626,6394.022
2022,Hungarian Grand Prix,13,Hungary,Budapest,0 days 01:49:22.549000,RUS,63,0 days 00:01:23.939000,33.0,2.0,,George Russell,,0 days 00:00:30.011000,0 days 00:00:30.469000,0 days 00:00:23.459000,0 days 01:48:28.637000,0 days 01:48:59.106000,0 days 01:49:22.565000,275.0,234.0,244.0,279.0,False,MEDIUM,17.0,True,Mercedes,0 days 01:47:58.610000,,1,2.0,False,,False,True,18.4,71.0,985.5,False,27.7,266,5.8,True,False,False,False,False,False,+2.491,+2.491,2.491,2.491,6562.549,83.939,,,30.011,30.469,23.459,6508.637,6539.106,6562.565,6478.61
2022,Hungarian Grand Prix,13,Hungary,Budapest,0 days 01:50:46.546000,RUS,63,0 days 00:01:23.997000,34.0,2.0,,George Russell,,0 days 00:00:29.962000,0 days 00:00:30.189000,0 days 00:00:23.846000,0 days 01:49:52.527000,0 days 01:50:22.716000,0 days 01:50:46.562000,273.0,235.0,246.0,281.0,False,MEDIUM,18.0,True,Mercedes,0 days 01:49:22.549000,,1,2.0,False,,False,True,18.3,71.0,985.5,False,27.6,285,3.9,True,False,False,False,False,False,+3.100,+3.100,3.1,3.1,6646.546,83.997,,,29.962,30.189,23.846,6592.527,6622.716,6646.562,6562.549
2022,Hungarian Grand Prix,13,Hungary,Budapest,0 days 01:52:10.408000,RUS,63,0 days 00:01:23.862000,35.0,2.0,,George Russell,,0 days 00:00:30.060000,0 days 00:00:30.130000,0 days 00:00:23.672000,0 days 01:51:16.622000,0 days 01:51:46.752000,0 days 01:52:10.424000,271.0,235.0,243.0,279.0,False,MEDIUM,19.0,True,Mercedes,0 days 01:50:46.546000,,12,2.0,False,,False,True,18.3,70.0,985.5,False,27.3,282,4.4,True,True,False,False,False,False,+3.480,+3.480,3.48,3.48,6730.408,83.862,,,30.06,30.13,23.672,6676.622,6706.752,6730.424,6646.546
2022,Hungarian Grand Prix,13,Hungary,Budapest,0 days 01:53:34.568000,RUS,63,0 days 00:01:24.160000,36.0,2.0,,George Russell,,0 days 00:00:29.916000,0 days 00:00:30.394000,0 days 00:00:23.850000,0 days 01:52:40.340000,0 days 01:53:10.734000,0 days 01:53:34.584000,273.0,232.0,248.0,281.0,False,MEDIUM,20.0,True,Mercedes,0 days 01:52:10.408000,,1,2.0,False,,False,True,18.2,71.0,985.5,False,26.8,279,3.4,True,False,False,False,False,False,+4.487,+4.487,4.487,4.487,6814.568,84.16,,,29.916,30.394,23.85,6760.34,6790.734,6814.584,6730.408
2022,Hungarian Grand Prix,13,Hungary,Budapest,0 days 01:54:58.468000,RUS,63,0 days 00:01:23.900000,37.0,2.0,,George Russell,,0 days 00:00:29.834000,0 days 00:00:30.367000,0 days 00:00:23.699000,0 days 01:54:04.418000,0 days 01:54:34.785000,0 days 01:54:58.484000,274.0,235.0,240.0,296.0,False,MEDIUM,21.0,True,Mercedes,0 days 01:53:34.568000,,1,2.0,False,,False,True,18.2,71.0,985.7,False,26.9,282,3.9,True,False,False,False,False,False,+4.939,+4.939,4.939,4.939,6898.468,83.9,,,29.834,30.367,23.699,6844.418,6874.785,6898.484,6814.568
2022,Hungarian Grand Prix,13,Hungary,Budapest,0 days 01:56:22.735000,RUS,63,0 days 00:01:24.267000,38.0,2.0,,George Russell,,0 days 00:00:30.232000,0 days 00:00:30.387000,0 days 00:00:23.648000,0 days 01:55:28.716000,0 days 01:55:59.103000,0 days 01:56:22.751000,274.0,234.0,242.0,277.0,False,MEDIUM,22.0,True,Mercedes,0 days 01:54:58.468000,,1,2.0,False,,False,True,18.2,71.0,985.7,False,26.7,287,4.1,True,False,False,False,False,False,+5.389,+5.389,5.389,5.389,6982.735,84.267,,,30.232,30.387,23.648,6928.716,6959.103,6982.751,6898.468
2022,Hungarian Grand Prix,13,Hungary,Budapest,0 days 01:57:49.372000,RUS,63,0 days 00:01:26.637000,39.0,2.0,,George Russell,0 days 01:57:47.698000,0 days 00:00:30.189000,0 days 00:00:30.459000,0 days 00:00:25.989000,0 days 01:56:52.940000,0 days 01:57:23.399000,0 days 01:57:49.388000,275.0,234.0,,277.0,False,MEDIUM,23.0,True,Mercedes,0 days 01:56:22.735000,,1,3.0,False,,False,False,18.0,71.0,985.7,False,26.4,270,5.5,True,False,False,False,False,False,+5.819,+5.819,5.819,5.819,7069.372,86.637,7067.698,,30.189,30.459,25.989,7012.94,7043.399,7069.388,6982.735
2022,Hungarian Grand Prix,13,Hungary,Budapest,0 days 01:59:31.630000,RUS,63,0 days 00:01:42.258000,40.0,3.0,0 days 01:58:09.409000,George Russell,,0 days 00:00:48.742000,0 days 00:00:30.107000,0 days 00:00:23.409000,0 days 01:58:38.130000,0 days 01:59:08.237000,0 days 01:59:31.646000,275.0,231.0,243.0,277.0,False,MEDIUM,1.0,True,Mercedes,0 days 01:57:49.372000,,1,6.0,False,,False,False,18.0,72.0,985.7,False,26.5,293,3.4,True,False,False,False,False,False,+18.909,+0.751,18.909,0.751,7171.63,102.258,,7089.409,48.742,30.107,23.409,7118.13,7148.237,7171.646,7069.372
2022,Hungarian Grand Prix,13,Hungary,Budapest,0 days 02:00:56.738000,RUS,63,0 days 00:01:25.108000,41.0,3.0,,George Russell,,0 days 00:00:30.262000,0 days 00:00:30.769000,0 days 00:00:24.077000,0 days 02:00:01.908000,0 days 02:00:32.677000,0 days 02:00:56.754000,274.0,234.0,250.0,281.0,False,MEDIUM,2.0,True,Mercedes,0 days 01:59:31.630000,,12,6.0,False,,False,True,18.0,72.0,985.7,False,26.5,286,3.7,True,True,False,False,False,False,+20.116,+0.125,20.116,0.125,7256.738,85.108,,,30.262,30.769,24.077,7201.908,7232.677,7256.754,7171.63
2022,Hungarian Grand Prix,13,Hungary,Budapest,0 days 02:02:20.669000,RUS,63,0 days 00:01:23.931000,42.0,3.0,,George Russell,,0 days 00:00:30.316000,0 days 00:00:30.443000,0 days 00:00:23.172000,0 days 02:01:27.070000,0 days 02:01:57.513000,0 days 02:02:20.685000,269.0,239.0,243.0,304.0,False,MEDIUM,3.0,True,Mercedes,0 days 02:00:56.738000,,1,5.0,False,,False,True,18.0,71.0,985.7,False,26.4,289,5.1,True,False,False,False,False,False,+19.535,+1.396,19.535,1.396,7340.669,83.931,,,30.316,30.443,23.172,7287.07,7317.513,7340.685,7256.738
2022,Hungarian Grand Prix,13,Hungary,Budapest,0 days 02:03:43.636000,RUS,63,0 days 00:01:22.967000,43.0,3.0,,George Russell,,0 days 00:00:29.909000,0 days 00:00:29.808000,0 days 00:00:23.250000,0 days 02:02:50.594000,0 days 02:03:20.402000,0 days 02:03:43.652000,276.0,238.0,242.0,280.0,True,MEDIUM,4.0,True,Mercedes,0 days 02:02:20.669000,,1,5.0,False,,False,True,18.0,71.0,985.7,False,26.1,287,4.8,True,False,False,False,False,False,+18.866,+2.178,18.866,2.178,7423.636,82.967,,,29.909,29.808,23.25,7370.594,7400.402,7423.652,7340.669
2022,Hungarian Grand Prix,13,Hungary,Budapest,0 days 02:05:06.543000,RUS,63,0 days 00:01:22.907000,44.0,3.0,,George Russell,,0 days 00:00:29.753000,0 days 00:00:29.858000,0 days 00:00:23.296000,0 days 02:04:13.405000,0 days 02:04:43.263000,0 days 02:05:06.559000,277.0,237.0,245.0,279.0,True,MEDIUM,5.0,True,Mercedes,0 days 02:03:43.636000,,1,5.0,False,,False,True,17.9,71.0,985.7,False,26.2,284,4.5,True,False,False,False,False,False,+17.590,+2.479,17.59,2.479,7506.543,82.907,,,29.753,29.858,23.296,7453.405,7483.263,7506.559,7423.636
2022,Hungarian Grand Prix,13,Hungary,Budapest,0 days 02:06:29.583000,RUS,63,0 days 00:01:23.040000,45.0,3.0,,George Russell,,0 days 00:00:29.715000,0 days 00:00:29.907000,0 days 00:00:23.418000,0 days 02:05:36.274000,0 days 02:06:06.181000,0 days 02:06:29.599000,276.0,236.0,244.0,279.0,False,MEDIUM,6.0,True,Mercedes,0 days 02:05:06.543000,,1,5.0,False,,False,True,18.0,72.0,985.7,False,26.1,286,3.9,True,False,False,False,False,False,+16.414,+1.766,16.414,1.766,7589.583,83.04,,,29.715,29.907,23.418,7536.274,7566.181,7589.599,7506.543
2022,Hungarian Grand Prix,13,Hungary,Budapest,0 days 02:07:52.610000,RUS,63,0 days 00:01:23.027000,46.0,3.0,,George Russell,,0 days 00:00:29.771000,0 days 00:00:30.020000,0 days 00:00:23.236000,0 days 02:06:59.370000,0 days 02:07:29.390000,0 days 02:07:52.626000,277.0,238.0,245.0,279.0,False,MEDIUM,7.0,True,Mercedes,0 days 02:06:29.583000,,1,5.0,False,,False,True,18.0,71.0,985.7,False,26.1,285,3.7,True,False,False,False,False,False,+15.179,+1.463,15.179,1.463,7672.61,83.027,,,29.771,30.02,23.236,7619.37,7649.39,7672.626,7589.583
2022,Hungarian Grand Prix,13,Hungary,Budapest,0 days 02:09:15.833000,RUS,63,0 days 00:01:23.223000,47.0,3.0,,George Russell,,0 days 00:00:29.826000,0 days 00:00:30.017000,0 days 00:00:23.380000,0 days 02:08:22.452000,0 days 02:08:52.469000,0 days 02:09:15.849000,276.0,236.0,243.0,281.0,False,MEDIUM,8.0,True,Mercedes,0 days 02:07:52.610000,,1,5.0,False,,False,True,18.0,72.0,985.7,False,26.1,292,3.5,True,False,False,False,False,False,+12.314,+1.554,12.314,1.554,7755.833,83.223,,,29.826,30.017,23.38,7702.452,7732.469,7755.849,7672.61
2022,Hungarian Grand Prix,13,Hungary,Budapest,0 days 02:10:38.961000,RUS,63,0 days 00:01:23.128000,48.0,3.0,,George Russell,,0 days 00:00:29.828000,0 days 00:00:29.860000,0 days 00:00:23.440000,0 days 02:09:45.677000,0 days 02:10:15.537000,0 days 02:10:38.977000,277.0,234.0,244.0,280.0,False,MEDIUM,9.0,True,Mercedes,0 days 02:09:15.833000,,12,4.0,False,,False,True,18.1,70.0,985.7,True,26.1,289,4.6,True,True,False,False,False,False,+10.547,+1.498,10.547,1.498,7838.961,83.128,,,29.828,29.86,23.44,7785.677,7815.537,7838.977,7755.833
2022,Hungarian Grand Prix,13,Hungary,Budapest,0 days 02:12:02.355000,RUS,63,0 days 00:01:23.394000,49.0,3.0,,George Russell,,0 days 00:00:29.723000,0 days 00:00:30.173000,0 days 00:00:23.498000,0 days 02:11:08.700000,0 days 02:11:38.873000,0 days 02:12:02.371000,276.0,237.0,247.0,282.0,False,MEDIUM,10.0,True,Mercedes,0 days 02:10:38.961000,,1,4.0,False,,False,True,18.1,71.0,985.7,False,26.1,291,4.3,True,False,False,False,False,False,+9.360,+1.383,9.36,1.383,7922.355,83.394,,,29.723,30.173,23.498,7868.7,7898.873,7922.371,7838.961
2022,Hungarian Grand Prix,13,Hungary,Budapest,0 days 02:13:25.863000,RUS,63,0 days 00:01:23.508000,50.0,3.0,,George Russell,,0 days 00:00:29.824000,0 days 00:00:29.941000,0 days 00:00:23.743000,0 days 02:12:32.195000,0 days 02:13:02.136000,0 days 02:13:25.879000,276.0,237.0,252.0,283.0,False,MEDIUM,11.0,True,Mercedes,0 days 02:12:02.355000,,1,4.0,False,,False,True,18.1,71.0,985.7,False,25.7,290,4.1,True,False,False,False,False,False,+8.175,+0.537,8.175,0.537,8005.863,83.508,,,29.824,29.941,23.743,7952.195,7982.136,8005.879,7922.355
2022,Hungarian Grand Prix,13,Hungary,Budapest,0 days 02:14:50.033000,RUS,63,0 days 00:01:24.170000,51.0,3.0,,George Russell,,0 days 00:00:29.731000,0 days 00:00:30.783000,0 days 00:00:23.656000,0 days 02:13:55.610000,0 days 02:14:26.393000,0 days 02:14:50.049000,280.0,239.0,252.0,302.0,False,MEDIUM,12.0,True,Mercedes,0 days 02:13:25.863000,,1,4.0,False,,False,True,18.1,70.0,985.7,True,25.8,289,3.7,True,False,False,False,False,False,+5.991,+0.575,5.991,0.575,8090.033,84.17,,,29.731,30.783,23.656,8035.61,8066.393,8090.049,8005.863
2022,Hungarian Grand Prix,13,Hungary,Budapest,0 days 02:16:13.566000,RUS,63,0 days 00:01:23.533000,52.0,3.0,,George Russell,,0 days 00:00:29.515000,0 days 00:00:30.516000,0 days 00:00:23.502000,0 days 02:15:19.564000,0 days 02:15:50.080000,0 days 02:16:13.582000,270.0,237.0,251.0,302.0,False,MEDIUM,13.0,True,Mercedes,0 days 02:14:50.033000,,1,3.0,False,,False,True,18.2,70.0,985.7,True,25.9,286,4.5,True,False,False,False,False,False,+6.941,+0.626,6.941,0.626,8173.566,83.533,,,29.515,30.516,23.502,8119.564,8150.08,8173.582,8090.033
2022,Hungarian Grand Prix,13,Hungary,Budapest,0 days 02:17:37.420000,RUS,63,0 days 00:01:23.854000,53.0,3.0,,George Russell,,0 days 00:00:30.059000,0 days 00:00:30.263000,0 days 00:00:23.532000,0 days 02:16:43.641000,0 days 02:17:13.904000,0 days 02:17:37.436000,270.0,238.0,254.0,302.0,False,MEDIUM,14.0,True,Mercedes,0 days 02:16:13.566000,,1,3.0,False,,False,True,18.1,70.0,985.9,False,25.6,291,5.0,True,False,False,False,False,False,+8.123,+0.256,8.123,0.256,8257.42,83.854,,,30.059,30.263,23.532,8203.641,8233.904,8257.436,8173.566
2022,Hungarian Grand Prix,13,Hungary,Budapest,0 days 02:19:00.427000,RUS,63,0 days 00:01:23.007000,54.0,3.0,,George Russell,,0 days 00:00:29.381000,0 days 00:00:29.986000,0 days 00:00:23.640000,0 days 02:18:06.817000,0 days 02:18:36.803000,0 days 02:19:00.443000,274.0,238.0,242.0,302.0,False,MEDIUM,15.0,True,Mercedes,0 days 02:17:37.420000,,1,2.0,False,,False,True,18.1,70.0,985.7,False,25.5,280,4.5,True,False,False,False,False,False,+8.284,+8.284,8.284,8.284,8340.427,83.007,,,29.381,29.986,23.64,8286.817,8316.803,8340.443,8257.42
2022,Hungarian Grand Prix,13,Hungary,Budapest,0 days 02:20:23.757000,RUS,63,0 days 00:01:23.330000,55.0,3.0,,George Russell,,0 days 00:00:29.893000,0 days 00:00:29.927000,0 days 00:00:23.510000,0 days 02:19:30.336000,0 days 02:20:00.263000,0 days 02:20:23.773000,272.0,238.0,243.0,278.0,False,MEDIUM,16.0,True,Mercedes,0 days 02:19:00.427000,,1,2.0,False,,False,True,18.1,70.0,985.7,False,25.5,283,5.4,True,False,False,False,False,False,+8.634,+8.634,8.634,8.634,8423.757,83.33,,,29.893,29.927,23.51,8370.336,8400.263,8423.773,8340.427
2022,Hungarian Grand Prix,13,Hungary,Budapest,0 days 02:21:46.548000,RUS,63,0 days 00:01:22.791000,56.0,3.0,,George Russell,,0 days 00:00:29.896000,0 days 00:00:29.695000,0 days 00:00:23.200000,0 days 02:20:53.669000,0 days 02:21:23.364000,0 days 02:21:46.564000,273.0,239.0,245.0,276.0,True,MEDIUM,17.0,True,Mercedes,0 days 02:20:23.757000,,1,2.0,False,,False,True,18.0,70.0,985.9,True,25.2,288,4.1,True,False,False,False,False,False,+8.412,+8.412,8.412,8.412,8506.548,82.791,,,29.896,29.695,23.2,8453.669,8483.364,8506.564,8423.757
2022,Hungarian Grand Prix,13,Hungary,Budapest,0 days 02:23:09.314000,RUS,63,0 days 00:01:22.766000,57.0,3.0,,George Russell,,0 days 00:00:29.881000,0 days 00:00:29.707000,0 days 00:00:23.178000,0 days 02:22:16.445000,0 days 02:22:46.152000,0 days 02:23:09.330000,275.0,237.0,245.0,280.0,True,MEDIUM,18.0,True,Mercedes,0 days 02:21:46.548000,,1,2.0,False,,False,True,18.0,69.0,985.9,True,25.2,294,5.6,True,False,False,False,False,False,+8.351,+8.351,8.351,8.351,8589.314,82.766,,,29.881,29.707,23.178,8536.445,8566.152,8589.33,8506.548
2022,Hungarian Grand Prix,13,Hungary,Budapest,0 days 02:24:32.371000,RUS,63,0 days 00:01:23.057000,58.0,3.0,,George Russell,,0 days 00:00:29.975000,0 days 00:00:29.778000,0 days 00:00:23.304000,0 days 02:23:39.305000,0 days 02:24:09.083000,0 days 02:24:32.387000,276.0,237.0,244.0,278.0,False,MEDIUM,19.0,True,Mercedes,0 days 02:23:09.314000,,1,2.0,False,,False,True,18.0,70.0,985.9,True,25.1,284,3.5,True,False,False,False,False,False,+8.637,+8.637,8.637,8.637,8672.371,83.057,,,29.975,29.778,23.304,8619.305,8649.083,8672.387,8589.314
2022,Hungarian Grand Prix,13,Hungary,Budapest,0 days 02:25:55.525000,RUS,63,0 days 00:01:23.154000,59.0,3.0,,George Russell,,0 days 00:00:29.691000,0 days 00:00:29.898000,0 days 00:00:23.565000,0 days 02:25:02.078000,0 days 02:25:31.976000,0 days 02:25:55.541000,276.0,238.0,244.0,280.0,False,MEDIUM,20.0,True,Mercedes,0 days 02:24:32.371000,,1,2.0,False,,False,True,18.1,69.0,985.7,True,24.8,288,4.1,True,False,False,False,False,False,+8.562,+8.562,8.562,8.562,8755.525,83.154,,,29.691,29.898,23.565,8702.078,8731.976,8755.541,8672.371
2022,Hungarian Grand Prix,13,Hungary,Budapest,0 days 02:27:19.101000,RUS,63,0 days 00:01:23.576000,60.0,3.0,,George Russell,,0 days 00:00:29.878000,0 days 00:00:29.972000,0 days 00:00:23.726000,0 days 02:26:25.419000,0 days 02:26:55.391000,0 days 02:27:19.117000,277.0,237.0,243.0,278.0,False,MEDIUM,21.0,True,Mercedes,0 days 02:25:55.525000,,1,2.0,False,,False,True,18.1,70.0,986.0,True,24.8,283,4.5,True,False,False,False,False,False,+9.451,+9.451,9.451,9.451,8839.101,83.576,,,29.878,29.972,23.726,8785.419,8815.391,8839.117,8755.525
2022,Hungarian Grand Prix,13,Hungary,Budapest,0 days 02:28:42.054000,RUS,63,0 days 00:01:22.953000,61.0,3.0,,George Russell,,0 days 00:00:29.816000,0 days 00:00:29.752000,0 days 00:00:23.385000,0 days 02:27:48.933000,0 days 02:28:18.685000,0 days 02:28:42.070000,277.0,239.0,245.0,279.0,False,MEDIUM,22.0,True,Mercedes,0 days 02:27:19.101000,,1,2.0,False,,False,True,18.0,70.0,985.9,True,24.8,282,4.8,True,False,False,False,False,False,+9.617,+9.617,9.617,9.617,8922.054,82.953,,,29.816,29.752,23.385,8868.933,8898.685,8922.07,8839.101
2022,Hungarian Grand Prix,13,Hungary,Budapest,0 days 02:30:05.796000,RUS,63,0 days 00:01:23.742000,62.0,3.0,,George Russell,,0 days 00:00:29.917000,0 days 00:00:30.078000,0 days 00:00:23.747000,0 days 02:29:11.987000,0 days 02:29:42.065000,0 days 02:30:05.812000,277.0,237.0,245.0,282.0,False,MEDIUM,23.0,True,Mercedes,0 days 02:28:42.054000,,1,2.0,False,,False,True,18.0,70.0,986.0,True,24.7,287,5.0,True,False,False,False,False,False,+9.862,+9.862,9.862,9.862,9005.796,83.742,,,29.917,30.078,23.747,8951.987,8982.065,9005.812,8922.054
2022,Hungarian Grand Prix,13,Hungary,Budapest,0 days 02:31:29.031000,RUS,63,0 days 00:01:23.235000,63.0,3.0,,George Russell,,0 days 00:00:29.818000,0 days 00:00:29.841000,0 days 00:00:23.576000,0 days 02:30:35.630000,0 days 02:31:05.471000,0 days 02:31:29.047000,276.0,239.0,245.0,282.0,False,MEDIUM,24.0,True,Mercedes,0 days 02:30:05.796000,,1,2.0,False,,False,True,18.0,70.0,986.0,True,24.6,281,4.8,True,False,False,False,False,False,+10.105,+10.105,10.105,10.105,9089.031,83.235,,,29.818,29.841,23.576,9035.63,9065.471,9089.047,9005.796
2022,Hungarian Grand Prix,13,Hungary,Budapest,0 days 02:32:52.662000,RUS,63,0 days 00:01:23.631000,64.0,3.0,,George Russell,,0 days 00:00:29.959000,0 days 00:00:30.140000,0 days 00:00:23.532000,0 days 02:31:59.006000,0 days 02:32:29.146000,0 days 02:32:52.678000,271.0,240.0,247.0,283.0,False,MEDIUM,25.0,True,Mercedes,0 days 02:31:29.031000,,1,2.0,False,,False,True,18.0,70.0,986.0,True,24.6,304,3.7,True,False,False,False,False,False,+10.788,+10.788,10.788,10.788,9172.662,83.631,,,29.959,30.14,23.532,9119.006,9149.146,9172.678,9089.031
2022,Hungarian Grand Prix,13,Hungary,Budapest,0 days 02:34:17.093000,RUS,63,0 days 00:01:24.431000,65.0,3.0,,George Russell,,0 days 00:00:30.443000,0 days 00:00:30.389000,0 days 00:00:23.599000,0 days 02:33:23.121000,0 days 02:33:53.510000,0 days 02:34:17.109000,279.0,239.0,247.0,285.0,False,MEDIUM,26.0,True,Mercedes,0 days 02:32:52.662000,,1,3.0,False,,False,True,18.1,70.0,986.0,True,24.7,287,3.4,True,False,False,False,False,False,+12.516,+1.522,12.516,1.522,9257.093,84.431,,,30.443,30.389,23.599,9203.121,9233.51,9257.109,9172.662
2022,Hungarian Grand Prix,13,Hungary,Budapest,0 days 02:35:41.480000,RUS,63,0 days 00:01:24.387000,66.0,3.0,,George Russell,,0 days 00:00:30.034000,0 days 00:00:30.412000,0 days 00:00:23.941000,0 days 02:34:47.143000,0 days 02:35:17.555000,0 days 02:35:41.496000,275.0,236.0,250.0,284.0,False,MEDIUM,27.0,True,Mercedes,0 days 02:34:17.093000,,1,3.0,False,,False,True,18.1,70.0,986.0,True,24.7,289,3.2,True,False,False,False,False,False,+13.764,+3.089,13.764,3.089,9341.48,84.387,,,30.034,30.412,23.941,9287.143,9317.555,9341.496,9257.093
2022,Hungarian Grand Prix,13,Hungary,Budapest,0 days 02:37:05.155000,RUS,63,0 days 00:01:23.675000,67.0,3.0,,George Russell,,0 days 00:00:29.812000,0 days 00:00:30.218000,0 days 00:00:23.645000,0 days 02:36:11.308000,0 days 02:36:41.526000,0 days 02:37:05.171000,277.0,239.0,244.0,300.0,False,MEDIUM,28.0,True,Mercedes,0 days 02:35:41.480000,,12,3.0,False,,False,True,18.1,70.0,986.0,True,24.7,281,2.5,True,True,False,False,False,False,+14.209,+3.806,14.209,3.806,9425.155,83.675,,,29.812,30.218,23.645,9371.308,9401.526,9425.171,9341.48
2022,Hungarian Grand Prix,13,Hungary,Budapest,0 days 02:38:46.507000,RUS,63,0 days 00:01:41.352000,68.0,3.0,,George Russell,,0 days 00:00:30.083000,0 days 00:00:39.788000,0 days 00:00:31.481000,0 days 02:37:35.254000,0 days 02:38:15.042000,0 days 02:38:46.523000,276.0,208.0,213.0,278.0,False,MEDIUM,29.0,True,Mercedes,0 days 02:37:05.155000,,26,3.0,False,,False,False,18.1,69.0,986.2,False,24.7,272,4.5,False,True,False,False,True,False,+19.458,+5.495,19.458,5.495,9526.507,101.352,,,30.083,39.788,31.481,9455.254,9495.042,9526.523,9425.155
2022,Hungarian Grand Prix,13,Hungary,Budapest,0 days 02:40:26.888000,RUS,63,0 days 00:01:40.381000,69.0,3.0,,George Russell,,0 days 00:00:40.574000,0 days 00:00:35.259000,0 days 00:00:24.548000,0 days 02:39:27.097000,0 days 02:40:02.356000,0 days 02:40:26.904000,183.0,230.0,244.0,160.0,False,MEDIUM,30.0,True,Mercedes,0 days 02:38:46.507000,,671,3.0,False,,False,False,18.1,70.0,986.0,True,24.3,286,4.9,True,False,False,False,True,True,+13.182,+3.942,13.182,3.942,9626.888,100.381,,,40.574,35.259,24.548,9567.097,9602.356,9626.904,9526.507
2022,Hungarian Grand Prix,13,Hungary,Budapest,0 days 02:41:54.287000,RUS,63,0 days 00:01:27.399000,70.0,3.0,,George Russell,,0 days 00:00:30.825000,0 days 00:00:31.529000,0 days 00:00:25.045000,0 days 02:40:57.729000,0 days 02:41:29.258000,0 days 02:41:54.303000,274.0,231.0,242.0,281.0,False,MEDIUM,31.0,True,Mercedes,0 days 02:40:26.888000,,1,3.0,False,,False,True,18.0,70.0,986.0,True,23.9,283,4.5,True,False,False,False,False,False,+12.468,+4.502,12.468,4.502,9714.287,87.399,,,30.825,31.529,25.045,9657.729,9689.258,9714.303,9626.888
2022,Hungarian Grand Prix,13,Hungary,Budapest,0 days 01:03:49.585000,BOT,77,0 days 00:01:43.547000,1.0,1.0,,Valtteri Bottas,,,0 days 00:00:33.641000,0 days 00:00:31.497000,,0 days 01:03:18.174000,0 days 01:03:49.760000,233.0,225.0,84.0,250.0,False,MEDIUM,1.0,True,Alfa Romeo,0 days 01:02:05.807000,,126,13.0,False,,False,False,18.4,70.0,985.7,True,26.4,289,5.0,True,True,False,False,True,False,+9.265,+0.393,9.265,0.393,3829.585,103.547,,,,33.641,31.497,,3798.174,3829.76,3725.807
2022,Hungarian Grand Prix,13,Hungary,Budapest,0 days 01:05:42.958000,BOT,77,0 days 00:01:53.373000,2.0,1.0,,Valtteri Bottas,,0 days 00:00:47.627000,0 days 00:00:34.126000,0 days 00:00:31.620000,0 days 01:04:37.233000,0 days 01:05:11.359000,0 days 01:05:42.979000,212.0,213.0,179.0,106.0,True,MEDIUM,2.0,True,Alfa Romeo,0 days 01:03:49.585000,,67,14.0,False,,False,False,18.4,70.0,985.7,True,26.5,286,4.5,False,False,False,False,True,True,+16.401,+0.607,16.401,0.607,3942.958,113.373,,,47.627,34.126,31.62,3877.233,3911.359,3942.979,3829.585
2022,Hungarian Grand Prix,13,Hungary,Budapest,0 days 01:07:10.366000,BOT,77,0 days 00:01:27.408000,3.0,1.0,,Valtteri Bottas,,0 days 00:00:32.530000,0 days 00:00:30.931000,0 days 00:00:23.947000,0 days 01:06:15.509000,0 days 01:06:46.440000,0 days 01:07:10.387000,269.0,230.0,247.0,229.0,True,MEDIUM,3.0,True,Alfa Romeo,0 days 01:05:42.958000,,71,13.0,False,,False,False,18.4,70.0,985.5,False,26.7,277,3.9,True,False,False,False,False,True,+13.193,+0.715,13.193,0.715,4030.366,87.408,,,32.53,30.931,23.947,3975.509,4006.44,4030.387,3942.958
2022,Hungarian Grand Prix,13,Hungary,Budapest,0 days 01:08:35.494000,BOT,77,0 days 00:01:25.128000,4.0,1.0,,Valtteri Bottas,,0 days 00:00:30.156000,0 days 00:00:31.019000,0 days 00:00:23.953000,0 days 01:07:40.543000,0 days 01:08:11.562000,0 days 01:08:35.515000,273.0,230.0,247.0,299.0,True,MEDIUM,4.0,True,Alfa Romeo,0 days 01:07:10.366000,,1,13.0,False,,False,True,18.4,70.0,985.5,True,26.5,284,4.0,True,False,False,False,False,False,+14.622,+0.704,14.622,0.704,4115.494,85.128,,,30.156,31.019,23.953,4060.543,4091.562,4115.515,4030.366
2022,Hungarian Grand Prix,13,Hungary,Budapest,0 days 01:10:00.846000,BOT,77,0 days 00:01:25.352000,5.0,1.0,,Valtteri Bottas,,0 days 00:00:30.316000,0 days 00:00:30.957000,0 days 00:00:24.079000,0 days 01:09:05.831000,0 days 01:09:36.788000,0 days 01:10:00.867000,273.0,231.0,249.0,299.0,False,MEDIUM,5.0,True,Alfa Romeo,0 days 01:08:35.494000,,1,13.0,False,,False,True,18.6,71.0,985.5,True,26.5,290,3.5,True,False,False,False,False,False,+16.119,+1.095,16.119,1.095,4200.846,85.352,,,30.316,30.957,24.079,4145.831,4176.788,4200.867,4115.494
2022,Hungarian Grand Prix,13,Hungary,Budapest,0 days 01:11:26.670000,BOT,77,0 days 00:01:25.824000,6.0,1.0,,Valtteri Bottas,,0 days 00:00:30.170000,0 days 00:00:31.377000,0 days 00:00:24.277000,0 days 01:10:31.037000,0 days 01:11:02.414000,0 days 01:11:26.691000,271.0,229.0,247.0,297.0,False,MEDIUM,6.0,True,Alfa Romeo,0 days 01:10:00.846000,,1,13.0,False,,False,True,18.6,70.0,985.5,False,26.7,297,3.5,True,False,False,False,False,False,+17.845,+0.075,17.845,0.075,4286.67,85.824,,,30.17,31.377,24.277,4231.037,4262.414,4286.691,4200.846
2022,Hungarian Grand Prix,13,Hungary,Budapest,0 days 01:12:52.101000,BOT,77,0 days 00:01:25.431000,7.0,1.0,,Valtteri Bottas,,0 days 00:00:30.298000,0 days 00:00:30.986000,0 days 00:00:24.147000,0 days 01:11:56.989000,0 days 01:12:27.975000,0 days 01:12:52.122000,272.0,232.0,246.0,296.0,False,MEDIUM,7.0,True,Alfa Romeo,0 days 01:11:26.670000,,1,12.0,False,,False,True,18.6,71.0,985.5,False,26.5,281,3.2,True,False,False,False,False,False,+19.207,+0.765,19.207,0.765,4372.101,85.431,,,30.298,30.986,24.147,4316.989,4347.975,4372.122,4286.67
2022,Hungarian Grand Prix,13,Hungary,Budapest,0 days 01:14:17.833000,BOT,77,0 days 00:01:25.732000,8.0,1.0,,Valtteri Bottas,,0 days 00:00:30.274000,0 days 00:00:31.312000,0 days 00:00:24.146000,0 days 01:13:22.396000,0 days 01:13:53.708000,0 days 01:14:17.854000,274.0,229.0,248.0,296.0,False,MEDIUM,8.0,True,Alfa Romeo,0 days 01:12:52.101000,,1,12.0,False,,False,True,18.5,71.0,985.5,False,26.6,284,3.9,True,False,False,False,False,False,+20.866,+0.524,20.866,0.524,4457.833,85.732,,,30.274,31.312,24.146,4402.396,4433.708,4457.854,4372.101
2022,Hungarian Grand Prix,13,Hungary,Budapest,0 days 01:15:43.517000,BOT,77,0 days 00:01:25.684000,9.0,1.0,,Valtteri Bottas,,0 days 00:00:30.546000,0 days 00:00:31.064000,0 days 00:00:24.074000,0 days 01:14:48.400000,0 days 01:15:19.464000,0 days 01:15:43.538000,272.0,231.0,247.0,299.0,False,MEDIUM,9.0,True,Alfa Romeo,0 days 01:14:17.833000,,1,12.0,False,,False,True,18.5,71.0,985.5,False,26.5,296,3.2,True,False,False,False,False,False,+22.836,+0.451,22.836,0.451,4543.517,85.684,,,30.546,31.064,24.074,4488.4,4519.464,4543.538,4457.833
2022,Hungarian Grand Prix,13,Hungary,Budapest,0 days 01:17:09.627000,BOT,77,0 days 00:01:26.110000,10.0,1.0,,Valtteri Bottas,,0 days 00:00:30.732000,0 days 00:00:31.400000,0 days 00:00:23.978000,0 days 01:16:14.270000,0 days 01:16:45.670000,0 days 01:17:09.648000,268.0,233.0,247.0,296.0,False,MEDIUM,10.0,True,Alfa Romeo,0 days 01:15:43.517000,,1,12.0,False,,False,True,18.5,71.0,985.5,False,26.7,280,3.5,True,False,False,False,False,False,+24.454,+0.556,24.454,0.556,4629.627,86.11,,,30.732,31.4,23.978,4574.27,4605.67,4629.648,4543.517
2022,Hungarian Grand Prix,13,Hungary,Budapest,0 days 01:18:35.215000,BOT,77,0 days 00:01:25.588000,11.0,1.0,,Valtteri Bottas,,0 days 00:00:30.373000,0 days 00:00:31.163000,0 days 00:00:24.052000,0 days 01:17:40.021000,0 days 01:18:11.184000,0 days 01:18:35.236000,273.0,232.0,248.0,296.0,False,MEDIUM,11.0,True,Alfa Romeo,0 days 01:17:09.627000,,1,12.0,False,,False,True,18.5,71.0,985.5,False,26.8,285,4.1,True,False,False,False,False,False,+25.710,+0.301,25.71,0.301,4715.215,85.588,,,30.373,31.163,24.052,4660.021,4691.184,4715.236,4629.627
2022,Hungarian Grand Prix,13,Hungary,Budapest,0 days 01:20:01.585000,BOT,77,0 days 00:01:26.370000,12.0,1.0,,Valtteri Bottas,,0 days 00:00:31.049000,0 days 00:00:31.354000,0 days 00:00:23.967000,0 days 01:19:06.285000,0 days 01:19:37.639000,0 days 01:20:01.606000,272.0,235.0,247.0,299.0,False,MEDIUM,12.0,True,Alfa Romeo,0 days 01:18:35.215000,,1,12.0,False,,False,True,18.5,71.0,985.5,False,26.9,289,3.9,True,False,False,False,False,False,+27.881,+0.434,27.881,0.434,4801.585,86.37,,,31.049,31.354,23.967,4746.285,4777.639,4801.606,4715.215
2022,Hungarian Grand Prix,13,Hungary,Budapest,0 days 01:21:28.146000,BOT,77,0 days 00:01:26.561000,13.0,1.0,,Valtteri Bottas,,0 days 00:00:30.834000,0 days 00:00:31.387000,0 days 00:00:24.340000,0 days 01:20:32.440000,0 days 01:21:03.827000,0 days 01:21:28.167000,272.0,229.0,246.0,299.0,False,MEDIUM,13.0,True,Alfa Romeo,0 days 01:20:01.585000,,1,12.0,False,,False,True,18.5,71.0,985.5,False,26.9,282,4.5,True,False,False,False,False,False,+29.907,+0.581,29.907,0.581,4888.146,86.561,,,30.834,31.387,24.34,4832.44,4863.827,4888.167,4801.585
2022,Hungarian Grand Prix,13,Hungary,Budapest,0 days 01:22:54.192000,BOT,77,0 days 00:01:26.046000,14.0,1.0,,Valtteri Bottas,,0 days 00:00:30.342000,0 days 00:00:31.298000,0 days 00:00:24.406000,0 days 01:21:58.509000,0 days 01:22:29.807000,0 days 01:22:54.213000,272.0,232.0,248.0,296.0,False,MEDIUM,14.0,True,Alfa Romeo,0 days 01:21:28.146000,,1,12.0,False,,False,True,18.4,72.0,985.5,False,26.9,277,3.9,True,False,False,False,False,False,+30.940,+0.542,30.94,0.542,4974.192,86.046,,,30.342,31.298,24.406,4918.509,4949.807,4974.213,4888.146
2022,Hungarian Grand Prix,13,Hungary,Budapest,0 days 01:24:21.156000,BOT,77,0 days 00:01:26.964000,15.0,1.0,,Valtteri Bottas,,0 days 00:00:30.608000,0 days 00:00:31.773000,0 days 00:00:24.583000,0 days 01:23:24.821000,0 days 01:23:56.594000,0 days 01:24:21.177000,274.0,227.0,241.0,296.0,False,MEDIUM,15.0,True,Alfa Romeo,0 days 01:22:54.192000,,1,10.0,False,,False,True,18.4,71.0,985.5,False,26.9,267,2.5,True,False,False,False,False,False,+33.031,+1.011,33.031,1.011,5061.156,86.964,,,30.608,31.773,24.583,5004.821,5036.594,5061.177,4974.192
2022,Hungarian Grand Prix,13,Hungary,Budapest,0 days 01:25:47.099000,BOT,77,0 days 00:01:25.943000,16.0,1.0,,Valtteri Bottas,,0 days 00:00:30.709000,0 days 00:00:31.266000,0 days 00:00:23.968000,0 days 01:24:51.886000,0 days 01:25:23.152000,0 days 01:25:47.120000,269.0,231.0,239.0,277.0,False,MEDIUM,16.0,True,Alfa Romeo,0 days 01:24:21.156000,,1,10.0,False,,False,True,18.4,70.0,985.5,False,27.2,291,3.2,True,False,False,False,False,False,+32.679,+1.337,32.679,1.337,5147.099,85.943,,,30.709,31.266,23.968,5091.886,5123.152,5147.12,5061.156
2022,Hungarian Grand Prix,13,Hungary,Budapest,0 days 01:27:12.752000,BOT,77,0 days 00:01:25.653000,17.0,1.0,,Valtteri Bottas,,0 days 00:00:30.719000,0 days 00:00:30.963000,0 days 00:00:23.971000,0 days 01:26:17.839000,0 days 01:26:48.802000,0 days 01:27:12.773000,270.0,233.0,240.0,276.0,False,MEDIUM,17.0,True,Alfa Romeo,0 days 01:25:47.099000,,1,10.0,False,,False,True,18.4,70.0,985.5,False,27.2,285,4.5,True,False,False,False,False,False,+33.309,+1.271,33.309,1.271,5232.752,85.653,,,30.719,30.963,23.971,5177.839,5208.802,5232.773,5147.099
2022,Hungarian Grand Prix,13,Hungary,Budapest,0 days 01:28:38.701000,BOT,77,0 days 00:01:25.949000,18.0,1.0,,Valtteri Bottas,,0 days 00:00:30.647000,0 days 00:00:31.070000,0 days 00:00:24.232000,0 days 01:27:43.420000,0 days 01:28:14.490000,0 days 01:28:38.722000,271.0,231.0,247.0,276.0,False,MEDIUM,18.0,True,Alfa Romeo,0 days 01:27:12.752000,,1,10.0,False,,False,True,18.4,71.0,985.5,False,27.6,287,4.5,True,False,False,False,False,False,+35.492,+0.727,35.492,0.727,5318.701,85.949,,,30.647,31.07,24.232,5263.42,5294.49,5318.722,5232.752
2022,Hungarian Grand Prix,13,Hungary,Budapest,0 days 01:30:05.048000,BOT,77,0 days 00:01:26.347000,19.0,1.0,,Valtteri Bottas,,0 days 00:00:30.368000,0 days 00:00:31.655000,0 days 00:00:24.324000,0 days 01:29:09.090000,0 days 01:29:40.745000,0 days 01:30:05.069000,270.0,231.0,244.0,294.0,False,MEDIUM,19.0,True,Alfa Romeo,0 days 01:28:38.701000,,1,9.0,False,,False,True,18.4,70.0,985.7,False,27.6,281,4.4,True,False,False,False,False,False,+37.928,+0.864,37.928,0.864,5405.048,86.347,,,30.368,31.655,24.324,5349.09,5380.745,5405.069,5318.701
2022,Hungarian Grand Prix,13,Hungary,Budapest,0 days 01:31:32.241000,BOT,77,0 days 00:01:27.193000,20.0,1.0,,Valtteri Bottas,,0 days 00:00:30.674000,0 days 00:00:32.022000,0 days 00:00:24.497000,0 days 01:30:35.743000,0 days 01:31:07.765000,0 days 01:31:32.262000,273.0,229.0,239.0,293.0,False,MEDIUM,20.0,True,Alfa Romeo,0 days 01:30:05.048000,,1,10.0,False,,False,True,18.5,70.0,985.7,False,27.3,280,5.3,True,False,False,False,False,False,+40.815,+1.178,40.815,1.178,5492.241,87.193,,,30.674,32.022,24.497,5435.743,5467.765,5492.262,5405.048
2022,Hungarian Grand Prix,13,Hungary,Budapest,0 days 01:32:59.354000,BOT,77,0 days 00:01:27.113000,21.0,1.0,,Valtteri Bottas,,0 days 00:00:31.169000,0 days 00:00:31.479000,0 days 00:00:24.465000,0 days 01:32:03.431000,0 days 01:32:34.910000,0 days 01:32:59.375000,274.0,232.0,242.0,279.0,False,MEDIUM,21.0,True,Alfa Romeo,0 days 01:31:32.241000,,1,10.0,False,,False,True,18.5,70.0,985.5,False,27.5,279,4.0,True,False,False,False,False,False,+25.915,+1.487,25.915,1.487,5579.354,87.113,,,31.169,31.479,24.465,5523.431,5554.91,5579.375,5492.241
2022,Hungarian Grand Prix,13,Hungary,Budapest,0 days 01:34:24.778000,BOT,77,0 days 00:01:25.424000,22.0,1.0,,Valtteri Bottas,,0 days 00:00:30.569000,0 days 00:00:30.853000,0 days 00:00:24.002000,0 days 01:33:29.944000,0 days 01:34:00.797000,0 days 01:34:24.799000,269.0,230.0,241.0,281.0,False,MEDIUM,22.0,True,Alfa Romeo,0 days 01:32:59.354000,,1,9.0,False,,False,True,18.5,70.0,985.5,False,27.6,290,5.0,True,False,False,False,False,False,+27.669,+3.419,27.669,3.419,5664.778,85.424,,,30.569,30.853,24.002,5609.944,5640.797,5664.799,5579.354
2022,Hungarian Grand Prix,13,Hungary,Budapest,0 days 01:35:50.251000,BOT,77,0 days 00:01:25.473000,23.0,1.0,,Valtteri Bottas,,0 days 00:00:30.632000,0 days 00:00:30.805000,0 days 00:00:24.036000,0 days 01:34:55.431000,0 days 01:35:26.236000,0 days 01:35:50.272000,267.0,232.0,240.0,275.0,False,MEDIUM,23.0,True,Alfa Romeo,0 days 01:34:24.778000,,1,9.0,False,,False,True,18.5,70.0,985.5,False,27.8,291,3.5,True,False,False,False,False,False,+29.576,+5.013,29.576,5.013,5750.251,85.473,,,30.632,30.805,24.036,5695.431,5726.236,5750.272,5664.778
2022,Hungarian Grand Prix,13,Hungary,Budapest,0 days 01:37:15.900000,BOT,77,0 days 00:01:25.649000,24.0,1.0,,Valtteri Bottas,,0 days 00:00:30.547000,0 days 00:00:30.846000,0 days 00:00:24.256000,0 days 01:36:20.819000,0 days 01:36:51.665000,0 days 01:37:15.921000,269.0,233.0,241.0,278.0,False,MEDIUM,24.0,True,Alfa Romeo,0 days 01:35:50.251000,,1,8.0,False,,False,True,18.4,70.0,985.5,False,27.8,277,3.2,True,False,False,False,False,False,+31.324,+6.650,31.324,6.65,5835.9,85.649,,,30.547,30.846,24.256,5780.819,5811.665,5835.921,5750.251
2022,Hungarian Grand Prix,13,Hungary,Budapest,0 days 01:38:41.923000,BOT,77,0 days 00:01:26.023000,25.0,1.0,,Valtteri Bottas,,0 days 00:00:30.645000,0 days 00:00:31.150000,0 days 00:00:24.228000,0 days 01:37:46.566000,0 days 01:38:17.716000,0 days 01:38:41.944000,269.0,233.0,240.0,276.0,False,MEDIUM,25.0,True,Alfa Romeo,0 days 01:37:15.900000,,1,8.0,False,,False,True,18.5,70.0,985.5,False,28.1,285,4.1,True,False,False,False,False,False,+33.663,+8.410,33.663,8.41,5921.923,86.023,,,30.645,31.15,24.228,5866.566,5897.716,5921.944,5835.9
2022,Hungarian Grand Prix,13,Hungary,Budapest,0 days 01:40:10.036000,BOT,77,0 days 00:01:28.113000,26.0,1.0,,Valtteri Bottas,0 days 01:40:08.300000,0 days 00:00:30.467000,0 days 00:00:31.160000,0 days 00:00:26.486000,0 days 01:39:12.411000,0 days 01:39:43.571000,0 days 01:40:10.057000,271.0,227.0,,277.0,False,MEDIUM,26.0,True,Alfa Romeo,0 days 01:38:41.923000,,1,9.0,False,,False,False,18.5,70.0,985.5,False,28.2,282,3.5,True,False,False,False,False,False,+35.552,+9.738,35.552,9.738,6010.036,88.113,6008.3,,30.467,31.16,26.486,5952.411,5983.571,6010.057,5921.923
2022,Hungarian Grand Prix,13,Hungary,Budapest,0 days 01:41:54.991000,BOT,77,0 days 00:01:44.955000,27.0,2.0,0 days 01:40:30.581000,Valtteri Bottas,,0 days 00:00:49.738000,0 days 00:00:31.244000,0 days 00:00:23.973000,0 days 01:40:59.795000,0 days 01:41:31.039000,0 days 01:41:55.012000,269.0,233.0,242.0,277.0,False,HARD,1.0,True,Alfa Romeo,0 days 01:40:10.036000,,1,15.0,False,,False,False,18.5,70.0,985.5,False,28.5,294,3.5,True,False,False,False,False,False,+59.120,+1.576,59.12,1.576,6114.991,104.955,,6030.581,49.738,31.244,23.973,6059.795,6091.039,6115.012,6010.036
2022,Hungarian Grand Prix,13,Hungary,Budapest,0 days 01:43:20.365000,BOT,77,0 days 00:01:25.374000,28.0,2.0,,Valtteri Bottas,,0 days 00:00:30.571000,0 days 00:00:30.786000,0 days 00:00:24.017000,0 days 01:42:25.583000,0 days 01:42:56.369000,0 days 01:43:20.386000,269.0,234.0,241.0,277.0,False,HARD,2.0,True,Alfa Romeo,0 days 01:41:54.991000,,1,14.0,False,,False,True,18.6,70.0,985.5,False,28.5,285,3.7,True,False,False,False,False,False,+59.903,+1.942,59.903,1.942,6200.365,85.374,,,30.571,30.786,24.017,6145.583,6176.369,6200.386,6114.991
2022,Hungarian Grand Prix,13,Hungary,Budapest,0 days 01:44:45.514000,BOT,77,0 days 00:01:25.149000,29.0,2.0,,Valtteri Bottas,,0 days 00:00:30.474000,0 days 00:00:30.750000,0 days 00:00:23.925000,0 days 01:43:50.860000,0 days 01:44:21.610000,0 days 01:44:45.535000,268.0,233.0,241.0,276.0,False,HARD,3.0,True,Alfa Romeo,0 days 01:43:20.365000,,1,14.0,False,,False,True,18.6,69.0,985.4,False,28.5,274,4.8,True,False,False,False,False,False,+60.781,+2.311,60.781,2.311,6285.514,85.149,,,30.474,30.75,23.925,6230.86,6261.61,6285.535,6200.365
2022,Hungarian Grand Prix,13,Hungary,Budapest,0 days 01:46:10.648000,BOT,77,0 days 00:01:25.134000,30.0,2.0,,Valtteri Bottas,,0 days 00:00:30.308000,0 days 00:00:30.818000,0 days 00:00:24.008000,0 days 01:45:15.843000,0 days 01:45:46.661000,0 days 01:46:10.669000,270.0,231.0,241.0,276.0,False,HARD,4.0,True,Alfa Romeo,0 days 01:44:45.514000,,1,14.0,False,,False,True,18.4,70.0,985.5,False,28.5,290,3.9,True,False,False,False,False,False,+61.749,+2.429,61.749,2.429,6370.648,85.134,,,30.308,30.818,24.008,6315.843,6346.661,6370.669,6285.514
2022,Hungarian Grand Prix,13,Hungary,Budapest,0 days 01:47:35.809000,BOT,77,0 days 00:01:25.161000,31.0,2.0,,Valtteri Bottas,,0 days 00:00:30.347000,0 days 00:00:30.973000,0 days 00:00:23.841000,0 days 01:46:41.016000,0 days 01:47:11.989000,0 days 01:47:35.830000,270.0,232.0,242.0,278.0,False,HARD,5.0,True,Alfa Romeo,0 days 01:46:10.648000,,1,14.0,False,,False,True,18.4,70.0,985.5,False,28.0,277,5.0,True,False,False,False,False,False,+63.394,+2.956,63.394,2.956,6455.809,85.161,,,30.347,30.973,23.841,6401.016,6431.989,6455.83,6370.648
2022,Hungarian Grand Prix,13,Hungary,Budapest,0 days 01:49:00.856000,BOT,77,0 days 00:01:25.047000,32.0,2.0,,Valtteri Bottas,,0 days 00:00:30.323000,0 days 00:00:30.882000,0 days 00:00:23.842000,0 days 01:48:06.153000,0 days 01:48:37.035000,0 days 01:49:00.877000,271.0,233.0,242.0,278.0,True,HARD,6.0,True,Alfa Romeo,0 days 01:47:35.809000,,1,14.0,False,,False,True,18.4,71.0,985.5,False,27.7,266,5.8,True,False,False,False,False,False,+64.163,+3.129,64.163,3.129,6540.856,85.047,,,30.323,30.882,23.842,6486.153,6517.035,6540.877,6455.809
2022,Hungarian Grand Prix,13,Hungary,Budapest,0 days 01:50:26.082000,BOT,77,0 days 00:01:25.226000,33.0,2.0,,Valtteri Bottas,,0 days 00:00:30.388000,0 days 00:00:30.819000,0 days 00:00:24.019000,0 days 01:49:31.265000,0 days 01:50:02.084000,0 days 01:50:26.103000,268.0,235.0,241.0,277.0,False,HARD,7.0,True,Alfa Romeo,0 days 01:49:00.856000,,1,14.0,False,,False,True,18.4,71.0,985.7,False,27.6,294,4.0,True,False,False,False,False,False,+66.017,+3.276,66.017,3.276,6626.082,85.226,,,30.388,30.819,24.019,6571.265,6602.084,6626.103,6540.856
2022,Hungarian Grand Prix,13,Hungary,Budapest,0 days 01:51:51.037000,BOT,77,0 days 00:01:24.955000,34.0,2.0,,Valtteri Bottas,,0 days 00:00:30.408000,0 days 00:00:30.611000,0 days 00:00:23.936000,0 days 01:50:56.511000,0 days 01:51:27.122000,0 days 01:51:51.058000,271.0,233.0,242.0,277.0,True,HARD,8.0,True,Alfa Romeo,0 days 01:50:26.082000,,12,14.0,False,,False,True,18.3,70.0,985.5,False,27.3,282,4.4,True,True,False,False,False,False,+67.585,+3.641,67.585,3.641,6711.037,84.955,,,30.408,30.611,23.936,6656.511,6687.122,6711.058,6626.082
2022,Hungarian Grand Prix,13,Hungary,Budapest,0 days 01:53:15.676000,BOT,77,0 days 00:01:24.639000,35.0,2.0,,Valtteri Bottas,,0 days 00:00:30.235000,0 days 00:00:30.641000,0 days 00:00:23.763000,0 days 01:52:21.293000,0 days 01:52:51.934000,0 days 01:53:15.697000,269.0,232.0,242.0,278.0,True,HARD,9.0,True,Alfa Romeo,0 days 01:51:51.037000,,21,14.0,False,,False,True,18.3,71.0,985.7,False,26.8,276,4.5,True,True,False,False,False,False,+68.732,+3.460,68.732,3.46,6795.676,84.639,,,30.235,30.641,23.763,6741.293,6771.934,6795.697,6711.037
2022,Hungarian Grand Prix,13,Hungary,Budapest,0 days 01:54:40.369000,BOT,77,0 days 00:01:24.693000,36.0,2.0,,Valtteri Bottas,,0 days 00:00:30.188000,0 days 00:00:30.767000,0 days 00:00:23.738000,0 days 01:53:45.885000,0 days 01:54:16.652000,0 days 01:54:40.390000,272.0,236.0,242.0,278.0,False,HARD,10.0,True,Alfa Romeo,0 days 01:53:15.676000,,1,14.0,False,,False,True,18.2,71.0,985.7,False,26.9,282,3.9,True,False,False,False,False,False,+70.253,+3.426,70.253,3.426,6880.369,84.693,,,30.188,30.767,23.738,6825.885,6856.652,6880.39,6795.676
2022,Hungarian Grand Prix,13,Hungary,Budapest,0 days 01:56:04.968000,BOT,77,0 days 00:01:24.599000,37.0,2.0,,Valtteri Bottas,,0 days 00:00:30.455000,0 days 00:00:30.507000,0 days 00:00:23.637000,0 days 01:55:10.845000,0 days 01:55:41.352000,0 days 01:56:04.989000,271.0,235.0,242.0,278.0,True,HARD,11.0,True,Alfa Romeo,0 days 01:54:40.369000,,1,14.0,False,,False,True,18.2,71.0,985.7,False,26.7,287,4.1,True,False,False,False,False,False,+71.427,+3.218,71.427,3.218,6964.968,84.599,,,30.455,30.507,23.637,6910.845,6941.352,6964.989,6880.369
2022,Hungarian Grand Prix,13,Hungary,Budapest,0 days 01:57:29.994000,BOT,77,0 days 00:01:25.026000,38.0,2.0,,Valtteri Bottas,,0 days 00:00:30.320000,0 days 00:00:30.836000,0 days 00:00:23.870000,0 days 01:56:35.309000,0 days 01:57:06.145000,0 days 01:57:30.015000,271.0,232.0,240.0,277.0,False,HARD,12.0,True,Alfa Romeo,0 days 01:56:04.968000,,1,14.0,False,,False,True,18.1,72.0,985.7,False,26.8,290,2.7,True,False,False,False,False,False,+72.660,+2.964,72.66,2.964,7049.994,85.026,,,30.32,30.836,23.87,6995.309,7026.145,7050.015,6964.968
2022,Hungarian Grand Prix,13,Hungary,Budapest,0 days 01:58:54.807000,BOT,77,0 days 00:01:24.813000,39.0,2.0,,Valtteri Bottas,,0 days 00:00:30.276000,0 days 00:00:30.679000,0 days 00:00:23.858000,0 days 01:58:00.291000,0 days 01:58:30.970000,0 days 01:58:54.828000,271.0,234.0,244.0,277.0,False,HARD,13.0,True,Alfa Romeo,0 days 01:57:29.994000,,1,14.0,False,,False,True,18.0,72.0,985.7,False,26.5,293,3.4,True,False,False,False,False,False,+66.136,+2.945,66.136,2.945,7134.807,84.813,,,30.276,30.679,23.858,7080.291,7110.97,7134.828,7049.994
2022,Hungarian Grand Prix,13,Hungary,Budapest,0 days 02:00:19.547000,BOT,77,0 days 00:01:24.740000,40.0,2.0,,Valtteri Bottas,,0 days 00:00:30.335000,0 days 00:00:30.564000,0 days 00:00:23.841000,0 days 01:59:25.163000,0 days 01:59:55.727000,0 days 02:00:19.568000,271.0,236.0,239.0,276.0,False,HARD,14.0,True,Alfa Romeo,0 days 01:58:54.807000,,1,14.0,False,,False,True,18.1,71.0,985.7,False,26.5,284,5.0,True,False,False,False,False,False,+66.735,+2.837,66.735,2.837,7219.547,84.74,,,30.335,30.564,23.841,7165.163,7195.727,7219.568,7134.807
2022,Hungarian Grand Prix,13,Hungary,Budapest,0 days 02:01:44.554000,BOT,77,0 days 00:01:25.007000,41.0,2.0,,Valtteri Bottas,,0 days 00:00:30.335000,0 days 00:00:30.776000,0 days 00:00:23.896000,,0 days 02:01:20.679000,0 days 02:01:44.575000,273.0,232.0,241.0,276.0,False,HARD,15.0,True,Alfa Romeo,0 days 02:00:19.547000,,12,14.0,False,,False,True,18.0,71.0,985.7,False,26.4,289,5.1,True,True,False,False,False,False,+67.917,+2.900,67.917,2.9,7304.554,85.007,,,30.335,30.776,23.896,,7280.679,7304.575,7219.547
2022,Hungarian Grand Prix,13,Hungary,Budapest,0 days 02:03:09.510000,BOT,77,0 days 00:01:24.956000,42.0,2.0,,Valtteri Bottas,,0 days 00:00:30.480000,0 days 00:00:30.755000,0 days 00:00:23.721000,0 days 02:02:15.055000,0 days 02:02:45.810000,0 days 02:03:09.531000,271.0,232.0,241.0,276.0,False,HARD,16.0,True,Alfa Romeo,0 days 02:01:44.554000,,1,14.0,False,,False,True,17.9,71.0,985.5,False,26.4,288,4.5,True,False,False,False,False,False,+68.381,+2.764,68.381,2.764,7389.51,84.956,,,30.48,30.755,23.721,7335.055,7365.81,7389.531,7304.554
2022,Hungarian Grand Prix,13,Hungary,Budapest,0 days 02:04:34.241000,BOT,77,0 days 00:01:24.731000,43.0,2.0,,Valtteri Bottas,,0 days 00:00:30.336000,0 days 00:00:30.591000,0 days 00:00:23.804000,0 days 02:03:39.867000,0 days 02:04:10.458000,0 days 02:04:34.262000,271.0,234.0,243.0,277.0,False,HARD,17.0,True,Alfa Romeo,0 days 02:03:09.510000,,1,14.0,False,,False,True,17.9,71.0,985.7,False,26.2,284,4.5,True,False,False,False,False,False,+69.491,+2.582,69.491,2.582,7474.241,84.731,,,30.336,30.591,23.804,7419.867,7450.458,7474.262,7389.51
2022,Hungarian Grand Prix,13,Hungary,Budapest,0 days 02:05:59.365000,BOT,77,0 days 00:01:25.124000,44.0,2.0,,Valtteri Bottas,,0 days 00:00:30.166000,0 days 00:00:30.878000,0 days 00:00:24.080000,0 days 02:05:04.428000,0 days 02:05:35.306000,0 days 02:05:59.386000,272.0,232.0,241.0,281.0,False,HARD,18.0,True,Alfa Romeo,0 days 02:04:34.241000,,1,14.0,False,,False,True,18.0,71.0,985.7,False,26.0,275,4.6,True,False,False,False,False,False,+70.431,+2.677,70.431,2.677,7559.365,85.124,,,30.166,30.878,24.08,7504.428,7535.306,7559.386,7474.241
2022,Hungarian Grand Prix,13,Hungary,Budapest,0 days 02:07:24.206000,BOT,77,0 days 00:01:24.841000,45.0,2.0,,Valtteri Bottas,,0 days 00:00:30.262000,0 days 00:00:30.763000,0 days 00:00:23.816000,0 days 02:06:29.648000,0 days 02:07:00.411000,0 days 02:07:24.227000,271.0,235.0,242.0,278.0,False,HARD,19.0,True,Alfa Romeo,0 days 02:05:59.365000,,1,14.0,False,,False,True,18.0,72.0,985.7,False,26.1,286,3.9,True,False,False,False,False,False,+71.059,+2.070,71.059,2.07,7644.206,84.841,,,30.262,30.763,23.816,7589.648,7620.411,7644.227,7559.365
2022,Hungarian Grand Prix,13,Hungary,Budapest,0 days 02:08:49.156000,BOT,77,0 days 00:01:24.950000,46.0,2.0,,Valtteri Bottas,,0 days 00:00:30.325000,0 days 00:00:30.584000,0 days 00:00:24.041000,0 days 02:07:54.552000,0 days 02:08:25.136000,0 days 02:08:49.177000,273.0,234.0,241.0,280.0,False,HARD,20.0,True,Alfa Romeo,0 days 02:07:24.206000,,1,13.0,False,,False,True,18.0,72.0,985.7,False,26.1,292,3.5,True,False,False,False,False,False,+71.666,+1.849,71.666,1.849,7729.156,84.95,,,30.325,30.584,24.041,7674.552,7705.136,7729.177,7644.206
2022,Hungarian Grand Prix,13,Hungary,Budapest,0 days 02:10:13.969000,BOT,77,0 days 00:01:24.813000,47.0,2.0,,Valtteri Bottas,,0 days 00:00:30.304000,0 days 00:00:30.740000,0 days 00:00:23.769000,0 days 02:09:19.481000,0 days 02:09:50.221000,0 days 02:10:13.990000,271.0,236.0,242.0,276.0,False,HARD,21.0,True,Alfa Romeo,0 days 02:08:49.156000,,12,10.0,False,,False,True,18.1,71.0,985.7,False,26.1,296,3.7,True,True,False,False,False,False,+70.455,+5.176,70.455,5.176,7813.969,84.813,,,30.304,30.74,23.769,7759.481,7790.221,7813.99,7729.156
2022,Hungarian Grand Prix,13,Hungary,Budapest,0 days 02:11:38.927000,BOT,77,0 days 00:01:24.958000,48.0,2.0,,Valtteri Bottas,,0 days 00:00:30.401000,0 days 00:00:30.642000,0 days 00:00:23.915000,0 days 02:10:44.391000,0 days 02:11:15.033000,0 days 02:11:38.948000,271.0,235.0,241.0,276.0,False,HARD,22.0,True,Alfa Romeo,0 days 02:10:13.969000,,1,10.0,False,,False,True,18.1,71.0,985.7,False,26.1,291,4.3,True,False,False,False,False,False,+70.552,+5.350,70.552,5.35,7898.927,84.958,,,30.401,30.642,23.915,7844.391,7875.033,7898.948,7813.969
2022,Hungarian Grand Prix,13,Hungary,Budapest,0 days 02:13:03.547000,BOT,77,0 days 00:01:24.620000,49.0,2.0,,Valtteri Bottas,,0 days 00:00:30.290000,0 days 00:00:30.423000,0 days 00:00:23.907000,0 days 02:12:09.238000,0 days 02:12:39.661000,0 days 02:13:03.568000,272.0,235.0,241.0,277.0,False,HARD,23.0,True,Alfa Romeo,0 days 02:11:38.927000,,1,10.0,False,,False,True,18.1,71.0,985.7,False,25.7,290,4.1,True,False,False,False,False,False,+70.552,+5.252,70.552,5.252,7983.547,84.62,,,30.29,30.423,23.907,7929.238,7959.661,7983.568,7898.927
2022,Hungarian Grand Prix,13,Hungary,Budapest,0 days 02:14:28.281000,BOT,77,0 days 00:01:24.734000,50.0,2.0,,Valtteri Bottas,,0 days 00:00:30.242000,0 days 00:00:30.492000,0 days 00:00:24,0 days 02:13:33.810000,0 days 02:14:04.302000,0 days 02:14:28.302000,271.0,232.0,242.0,275.0,False,HARD,24.0,True,Alfa Romeo,0 days 02:13:03.547000,,1,10.0,False,,False,True,18.1,71.0,985.7,False,25.8,281,3.9,True,False,False,False,False,False,+70.564,+5.373,70.564,5.373,8068.281,84.734,,,30.242,30.492,24.0,8013.81,8044.302,8068.302,7983.547
2022,Hungarian Grand Prix,13,Hungary,Budapest,0 days 02:15:53.021000,BOT,77,0 days 00:01:24.740000,51.0,2.0,,Valtteri Bottas,,0 days 00:00:30.264000,0 days 00:00:30.755000,0 days 00:00:23.721000,0 days 02:14:58.566000,0 days 02:15:29.321000,0 days 02:15:53.042000,269.0,233.0,241.0,275.0,False,HARD,25.0,True,Alfa Romeo,0 days 02:14:28.281000,,1,10.0,False,,False,True,18.2,70.0,985.7,True,25.9,286,4.5,True,False,False,False,False,False,+68.924,+5.499,68.924,5.499,8153.021,84.74,,,30.264,30.755,23.721,8098.566,8129.321,8153.042,8068.281
2022,Hungarian Grand Prix,13,Hungary,Budapest,0 days 02:17:17.740000,BOT,77,0 days 00:01:24.719000,52.0,2.0,,Valtteri Bottas,,0 days 00:00:30.353000,0 days 00:00:30.552000,0 days 00:00:23.814000,0 days 02:16:23.395000,0 days 02:16:53.947000,0 days 02:17:17.761000,271.0,237.0,243.0,276.0,False,HARD,26.0,True,Alfa Romeo,0 days 02:15:53.021000,,1,10.0,False,,False,True,18.1,70.0,985.7,False,25.8,293,5.0,True,False,False,False,False,False,+71.116,+5.613,71.116,5.613,8237.74,84.719,,,30.353,30.552,23.814,8183.395,8213.947,8237.761,8153.021
2022,Hungarian Grand Prix,13,Hungary,Budapest,0 days 02:18:42.540000,BOT,77,0 days 00:01:24.800000,53.0,2.0,,Valtteri Bottas,,0 days 00:00:30.255000,0 days 00:00:30.519000,0 days 00:00:24.026000,0 days 02:17:48.016000,0 days 02:18:18.535000,0 days 02:18:42.561000,271.0,233.0,242.0,276.0,False,HARD,27.0,True,Alfa Romeo,0 days 02:17:17.740000,,1,10.0,False,,False,True,18.1,70.0,985.7,False,25.5,280,4.5,True,False,False,False,False,False,+73.204,+5.268,73.204,5.268,8322.54,84.8,,,30.255,30.519,24.026,8268.016,8298.535,8322.561,8237.74
2022,Hungarian Grand Prix,13,Hungary,Budapest,0 days 02:20:07.363000,BOT,77,0 days 00:01:24.823000,54.0,2.0,,Valtteri Bottas,,0 days 00:00:30.413000,0 days 00:00:30.615000,0 days 00:00:23.795000,0 days 02:19:12.974000,0 days 02:19:43.589000,0 days 02:20:07.384000,271.0,235.0,243.0,276.0,False,HARD,28.0,True,Alfa Romeo,0 days 02:18:42.540000,,1,10.0,False,,False,True,18.1,70.0,985.7,False,25.5,283,5.4,True,False,False,False,False,False,+75.269,+5.555,75.269,5.555,8407.363,84.823,,,30.413,30.615,23.795,8352.974,8383.589,8407.384,8322.54
2022,Hungarian Grand Prix,13,Hungary,Budapest,0 days 02:21:32.258000,BOT,77,0 days 00:01:24.895000,55.0,2.0,,Valtteri Bottas,,0 days 00:00:30.332000,0 days 00:00:30.728000,0 days 00:00:23.835000,0 days 02:20:37.716000,0 days 02:21:08.444000,0 days 02:21:32.279000,272.0,235.0,243.0,277.0,False,HARD,29.0,True,Alfa Romeo,0 days 02:20:07.363000,,1,10.0,False,,False,True,18.0,70.0,985.9,True,25.2,288,4.1,True,False,False,False,False,False,+77.135,+5.443,77.135,5.443,8492.258,84.895,,,30.332,30.728,23.835,8437.716,8468.444,8492.279,8407.363
2022,Hungarian Grand Prix,13,Hungary,Budapest,0 days 02:22:57.142000,BOT,77,0 days 00:01:24.884000,56.0,2.0,,Valtteri Bottas,,0 days 00:00:30.375000,0 days 00:00:30.781000,0 days 00:00:23.728000,0 days 02:22:02.654000,0 days 02:22:33.435000,0 days 02:22:57.163000,273.0,235.0,244.0,280.0,False,HARD,30.0,True,Alfa Romeo,0 days 02:21:32.258000,,1,10.0,False,,False,True,18.0,69.0,985.9,True,25.2,294,5.6,True,False,False,False,False,False,+79.006,+5.835,79.006,5.835,8577.142,84.884,,,30.375,30.781,23.728,8522.654,8553.435,8577.163,8492.258
2022,Hungarian Grand Prix,13,Hungary,Budapest,0 days 02:24:21.902000,BOT,77,0 days 00:01:24.760000,57.0,2.0,,Valtteri Bottas,,0 days 00:00:30.398000,0 days 00:00:30.588000,0 days 00:00:23.774000,0 days 02:23:27.561000,0 days 02:23:58.149000,0 days 02:24:21.923000,271.0,237.0,241.0,276.0,False,HARD,31.0,True,Alfa Romeo,0 days 02:22:57.142000,,1,10.0,False,,False,True,18.0,70.0,985.9,True,25.1,279,4.4,True,False,False,False,False,False,+80.807,+5.782,80.807,5.782,8661.902,84.76,,,30.398,30.588,23.774,8607.561,8638.149,8661.923,8577.142
2022,Hungarian Grand Prix,13,Hungary,Budapest,0 days 02:25:48.186000,BOT,77,0 days 00:01:26.284000,58.0,2.0,,Valtteri Bottas,,0 days 00:00:30.327000,0 days 00:00:30.655000,0 days 00:00:25.302000,0 days 02:24:52.250000,0 days 02:25:22.905000,0 days 02:25:48.207000,273.0,230.0,249.0,276.0,False,HARD,32.0,True,Alfa Romeo,0 days 02:24:21.902000,,1,10.0,False,,False,True,18.1,69.0,985.7,True,24.8,288,4.1,True,False,False,False,False,False,1 L,+7.438,,7.438,8748.186,86.284,,,30.327,30.655,25.302,8692.25,8722.905,8748.207,8661.902
2022,Hungarian Grand Prix,13,Hungary,Budapest,0 days 02:27:12.373000,BOT,77,0 days 00:01:24.187000,59.0,2.0,,Valtteri Bottas,,0 days 00:00:29.934000,0 days 00:00:30.374000,0 days 00:00:23.879000,0 days 02:26:18.141000,0 days 02:26:48.515000,0 days 02:27:12.394000,275.0,236.0,243.0,294.0,True,HARD,33.0,True,Alfa Romeo,0 days 02:25:48.186000,,1,10.0,False,,False,True,18.1,70.0,986.0,True,24.8,283,4.5,True,False,False,False,False,False,1 L,+7.076,,7.076,8832.373,84.187,,,29.934,30.374,23.879,8778.141,8808.515,8832.394,8748.186
2022,Hungarian Grand Prix,13,Hungary,Budapest,0 days 02:28:36.375000,BOT,77,0 days 00:01:24.002000,60.0,2.0,,Valtteri Bottas,,0 days 00:00:30.184000,0 days 00:00:30.177000,0 days 00:00:23.641000,0 days 02:27:42.578000,0 days 02:28:12.755000,0 days 02:28:36.396000,272.0,236.0,242.0,277.0,True,HARD,34.0,True,Alfa Romeo,0 days 02:27:12.373000,,1,10.0,False,,False,True,18.0,70.0,985.9,True,24.8,282,4.8,True,False,False,False,False,False,1 L,+6.924,,6.924,8916.375,84.002,,,30.184,30.177,23.641,8862.578,8892.755,8916.396,8832.373
2022,Hungarian Grand Prix,13,Hungary,Budapest,0 days 02:30:01.366000,BOT,77,0 days 00:01:24.991000,61.0,2.0,,Valtteri Bottas,,0 days 00:00:30.333000,0 days 00:00:30.617000,0 days 00:00:24.041000,0 days 02:29:06.729000,0 days 02:29:37.346000,0 days 02:30:01.387000,274.0,236.0,244.0,277.0,False,HARD,35.0,True,Alfa Romeo,0 days 02:28:36.375000,,1,10.0,False,,False,True,18.0,70.0,986.0,True,24.7,287,5.0,True,False,False,False,False,False,1 L,+7.440,,7.44,9001.366,84.991,,,30.333,30.617,24.041,8946.729,8977.346,9001.387,8916.375
2022,Hungarian Grand Prix,13,Hungary,Budapest,0 days 02:31:27.945000,BOT,77,0 days 00:01:26.579000,62.0,2.0,,Valtteri Bottas,,0 days 00:00:31.013000,0 days 00:00:31.377000,0 days 00:00:24.189000,0 days 02:30:32.400000,0 days 02:31:03.777000,0 days 02:31:27.966000,272.0,234.0,241.0,280.0,False,HARD,36.0,True,Alfa Romeo,0 days 02:30:01.366000,,1,12.0,False,,False,True,18.0,70.0,985.9,True,24.6,285,5.0,True,False,False,False,False,False,1 L,+2.361,,2.361,9087.945,86.579,,,31.013,31.377,24.189,9032.4,9063.777,9087.966,9001.366
2022,Hungarian Grand Prix,13,Hungary,Budapest,0 days 02:32:57.330000,BOT,77,0 days 00:01:29.385000,63.0,2.0,,Valtteri Bottas,,0 days 00:00:32.265000,0 days 00:00:33.069000,0 days 00:00:24.051000,0 days 02:32:00.231000,0 days 02:32:33.300000,0 days 02:32:57.351000,272.0,231.0,244.0,279.0,False,HARD,37.0,True,Alfa Romeo,0 days 02:31:27.945000,,1,12.0,False,,False,True,18.0,70.0,986.0,True,24.6,304,3.7,True,False,False,False,False,False,1 L,+6.158,,6.158,9177.33,89.385,,,32.265,33.069,24.051,9120.231,9153.3,9177.351,9087.945
2022,Hungarian Grand Prix,13,Hungary,Budapest,0 days 02:34:22.105000,BOT,77,0 days 00:01:24.775000,64.0,2.0,,Valtteri Bottas,,0 days 00:00:30.256000,0 days 00:00:30.765000,0 days 00:00:23.754000,0 days 02:33:27.607000,0 days 02:33:58.372000,0 days 02:34:22.126000,275.0,236.0,245.0,283.0,False,HARD,38.0,True,Alfa Romeo,0 days 02:32:57.330000,,1,12.0,False,,False,True,18.1,70.0,986.0,True,24.7,287,3.4,True,False,False,False,False,False,1 L,+7.443,,7.443,9262.105,84.775,,,30.256,30.765,23.754,9207.607,9238.372,9262.126,9177.33
2022,Hungarian Grand Prix,13,Hungary,Budapest,0 days 02:35:47.284000,BOT,77,0 days 00:01:25.179000,65.0,2.0,,Valtteri Bottas,,0 days 00:00:30.418000,0 days 00:00:30.853000,0 days 00:00:23.908000,0 days 02:34:52.544000,0 days 02:35:23.397000,0 days 02:35:47.305000,269.0,234.0,242.0,280.0,False,HARD,39.0,True,Alfa Romeo,0 days 02:34:22.105000,,1,12.0,False,,False,True,18.1,70.0,986.0,True,24.7,289,3.2,True,False,False,False,False,False,1 L,+6.516,,6.516,9347.284,85.179,,,30.418,30.853,23.908,9292.544,9323.397,9347.305,9262.105
2022,Hungarian Grand Prix,13,Hungary,Budapest,0 days 02:38:17.284000,BOT,77,,66.0,2.0,,Valtteri Bottas,,,,,,,,,,,,,HARD,40.0,True,Alfa Romeo,0 days 02:35:47.284000,,126,,False,,True,False,18.1,70.0,986.0,True,24.7,281,2.5,True,True,False,False,True,False,1 L,+4.076,,4.076,9497.284,,,,,,,,,,9347.284
